zpid,address,zipcode,city,state,latitude,longitude,price,price_per_sqft,price_change,zestimate,rent_zestimate,bedrooms,bathrooms,sqft,year_built,lot_size_acres,property_type,days_on_market,tax_assessed,tax_year,listing_url,photo_url,fetched_at,listing_type
83996179,3350 Choir St,75237,Dallas,TX,32.652744,-96.86521,315000,214.0,,311100.0,1936.0,3.0,2.0,1472.0,2007.0,7187.4,singleFamily,4,274010.0,2025,https://www.zillow.com,https://photos.zillowstatic.com/fp/fe0764378cbc150babaacb3450fe3fc8-p_c.jpg,2026-09-14 14:42,For Sale
26755175,6031 Lupton Dr,75225,Dallas,TX,32.877293,-96.80259,5900000,842.0,-99000.0,5612500.0,,5.0,7.0,7009.0,2025.0,0.43199999999999994,singleFamily,7,2570190.0,2025,https://www.zillow.com,https://photos.zillowstatic.com/fp/0ecec814f8494c805c5f940886cdfcc1-p_c.jpg,2026-09-14 14:42,For Sale
26719823,3134 W Jefferson Blvd,75211,Dallas,TX,32.743885,-96.872894,279900,220.0,,291100.0,1985.0,3.0,2.0,1272.0,1947.0,8799.12,singleFamily,3,277910.0,2025,https://www.zillow.com,https://photos.zillowstatic.com/fp/836fec59f8972ecf1ee96ebd99a7891c-p_c.jpg,2026-09-14 14:42,For Sale
26756842,5945 Royal Crest Dr,75230,Dallas,TX,32.899727,-96.80551,4475000,736.0,-15000.0,4353500.0,,5.0,7.0,6083.0,2026.0,0.37900000000000006,singleFamily,7,2200000.0,2025,https://www.zillow.com,https://photos.zillowstatic.com/fp/01557ec426853e8cee7552af41f4e726-p_c.jpg,2026-09-14 14:42,For Sale
96503167,1415 Fayette St,75203,Dallas,TX,32.742416,-96.801765,624900,219.0,,,,4.0,4.0,2858.0,2026.0,4748.04,singleFamily,4,65000.0,2025,https://www.zillow.com,https://photos.zillowstatic.com/fp/89230f7be7c7a8e96f83767ca1ca5a03-p_c.jpg,2026-09-14 14:42,For Sale
26804018,11202 Northland Cir,75230,Dallas,TX,32.90122,-96.80873,3999999,677.0,,3871200.0,,5.0,7.0,5908.0,2026.0,0.39599999999999996,singleFamily,3,931770.0,2025,https://www.zillow.com,https://photos.zillowstatic.com/fp/3ae4fec037dcc1daa83b68c0dae3e6e3-p_c.jpg,2026-09-14 14:42,For Sale
26790528,3722 Park Ln,75220,Dallas,TX,32.8746,-96.85506,1650000,374.0,1000.0,1608000.0,7339.0,5.0,6.0,4413.0,2024.0,8015.04,singleFamily,7,1630840.0,2025,https://www.zillow.com,https://photos.zillowstatic.com/fp/b6f97275b6afd2ebae3e8daf45e791fd-p_c.jpg,2026-09-14 14:42,For Sale
26648910,5112 Spyglass Dr,75287,Dallas,TX,32.990593,-96.82006,1577500,383.0,,1076000.0,5709.0,6.0,5.0,4119.0,1991.0,10454.4,singleFamily,4,1102925.0,2025,https://www.zillow.com,https://photos.zillowstatic.com/fp/ff63ff762f1dbeb9aa019486a265555f-p_c.jpg,2026-09-14 14:42,For Sale
60331785,4310 Buena Vista St APT 17,75205,Dallas,TX,32.81992,-96.7932,899000,362.0,,865200.0,5332.0,3.0,4.0,2481.0,2000.0,1.3,condo,2,875000.0,2025,https://www.zillow.com,https://photos.zillowstatic.com/fp/bb9a71deeaf8c8a97c9842e802661e99-p_c.jpg,2026-09-14 14:42,For Sale
96492806,2316 Gooch St,75241,Dallas,TX,32.67048,-96.782,575000,177.0,,,,7.0,5.0,3257.0,2026.0,8537.76,singleFamily,12,65000.0,2025,https://www.zillow.com,https://photos.zillowstatic.com/fp/c71e7a1164d48f1822c39d79ef0234e9-p_c.jpg,2026-09-14 14:42,For Sale
96526869,910 Gallant Fox Dr,75211,Dallas,TX,32.736996,-96.92878,459000,216.0,-20000.0,454700.0,3293.0,3.0,3.0,2125.0,2026.0,9975.24,singleFamily,73,75000.0,2025,https://www.zillow.com,https://photos.zillowstatic.com/fp/9a091fc719d3013e309b938574458848-p_c.jpg,2026-09-14 14:42,For Sale
96500365,7909 Ivory Ln,75216,Dallas,TX,32.714127,-96.7487,399900,133.0,-100.0,398000.0,3753.0,5.0,4.0,3002.0,2023.0,6403.32,singleFamily,76,476130.0,2025,https://www.zillow.com,https://photos.zillowstatic.com/fp/10c7a26806ee7a47a226170c113c9768-p_c.jpg,2026-09-14 14:42,For Sale
26696123,1027 Sarasota Cir,75223,Dallas,TX,32.800632,-96.741905,925000,434.0,,881700.0,2629.0,3.0,2.0,2131.0,1936.0,6011.28,singleFamily,4,690050.0,2025,https://www.zillow.com,https://photos.zillowstatic.com/fp/b7c892e04aee5595c0b8796fc3fc4f62-p_c.jpg,2026-09-14 14:42,For Sale
26692603,4519 Rusk Ave,75204,Dallas,TX,32.807957,-96.78516,865000,322.0,,835000.0,4827.0,3.0,3.0,2684.0,2018.0,3267.0,singleFamily,3,840530.0,2025,https://www.zillow.com,https://photos.zillowstatic.com/fp/dac95e5487a2a38a01b84fd0215941b4-p_c.jpg,2026-09-14 14:42,For Sale
333140267,5547 Walnut Hill Ln,75229,Dallas,TX,32.881863,-96.81202,45000000,3261.0,,,,6.0,10.0,13800.0,2025.0,2.032,singleFamily,13,13685350.0,2025,https://www.zillow.com,https://photos.zillowstatic.com/fp/34ed27b9d2366116857b22bf97609e61-p_c.jpg,2026-09-14 14:42,For Sale
26678416,4915 Junius St,75214,Dallas,TX,32.799946,-96.768005,1050000,353.0,,992400.0,4992.0,3.0,3.0,2972.0,1919.0,0.262,singleFamily,3,775420.0,2025,https://www.zillow.com,https://photos.zillowstatic.com/fp/ed6458a766b33a2d61f5a2961aac8f09-p_c.jpg,2026-09-14 14:42,For Sale
26890007,6542 Clearhaven Cir,75248,Dallas,TX,32.966217,-96.793304,925000,278.0,,,,4.0,4.0,3330.0,1978.0,0.37,singleFamily,9,1041290.0,2025,https://www.zillow.com,https://photos.zillowstatic.com/fp/b0aa065671e6645d6078d92c705c64b8-p_c.jpg,2026-09-14 14:42,For Sale
26740023,8902 San Leandro Dr,75218,Dallas,TX,32.81945,-96.70333,1628000,348.0,,1592700.0,2632.0,4.0,5.0,4676.0,2026.0,9147.6,singleFamily,3,507250.0,2025,https://www.zillow.com,https://photos.zillowstatic.com/fp/a61b555e172373a9cfcd258580ee3872-p_c.jpg,2026-09-14 14:42,For Sale
26687302,2329 Stoneman St,75215,Dallas,TX,32.753746,-96.7612,475000,186.0,,472800.0,4399.0,5.0,4.0,2550.0,2026.0,7318.08,singleFamily,60,73000.0,2025,https://www.zillow.com,https://photos.zillowstatic.com/fp/6b5e89024f1c7b0dc63a97b3c034fbde-p_c.jpg,2026-09-14 14:42,For Sale
26780378,2828 Larkspur Ln,75233,Dallas,TX,32.696636,-96.86709,500000,247.0,,487700.0,2820.0,4.0,3.0,2023.0,1963.0,0.348,singleFamily,9,331420.0,2025,https://www.zillow.com,https://photos.zillowstatic.com/fp/b69b2ed07a3b6b73ac54edebe0b7c677-p_c.jpg,2026-09-14 14:42,For Sale
26877233,6030 Club Oaks Dr,75248,Dallas,TX,32.983055,-96.81675,2400000,437.0,,2262800.0,,4.0,5.0,5497.0,1977.0,0.297,singleFamily,7,2075260.0,2025,https://www.zillow.com,https://photos.zillowstatic.com/fp/c86854958fcddaf5844f550450e1d13a-p_c.jpg,2026-09-14 14:42,For Sale
26768600,818 Lambert St,75203,Dallas,TX,32.73945,-96.79476,440000,144.0,-30000.0,439600.0,4278.0,5.0,4.0,3060.0,2026.0,8624.88,singleFamily,34,100370.0,2025,https://www.zillow.com,https://photos.zillowstatic.com/fp/f56051ae2b68ad5e18d413cf0700ea32-p_c.jpg,2026-09-14 14:42,For Sale
162814509,763 Spanish Oaks Pl,75204,Dallas,TX,32.791077,-96.78695,599000,284.0,,581700.0,3601.0,3.0,4.0,2111.0,2016.0,,singleFamily,2,624500.0,2025,https://www.zillow.com,https://photos.zillowstatic.com/fp/4f493c1488e973454f32c320ed92aace-p_c.jpg,2026-09-14 14:42,For Sale
96517949,6505 Kemrock Dr,75241,Dallas,TX,32.66591,-96.778885,519900,205.0,-9100.0,519000.0,2947.0,4.0,3.0,2535.0,2026.0,0.324,singleFamily,52,74750.0,2025,https://www.zillow.com,https://photos.zillowstatic.com/fp/1fc53a5eef4acfc6c6b23445d8754fdd-p_c.jpg,2026-09-14 14:42,For Sale
26731044,6454 Kenwood Ave,75214,Dallas,TX,32.83242,-96.75061,2250000,446.0,,2185800.0,2983.0,5.0,5.0,5041.0,2025.0,7884.36,singleFamily,10,890100.0,2025,https://www.zillow.com,https://photos.zillowstatic.com/fp/5e32c6374c05316ead2efee0e6974b21-p_c.jpg,2026-09-14 14:42,For Sale
26696399,5223 Colonial Ave,75215,Dallas,TX,32.744267,-96.759224,214999,130.0,-15001.0,214000.0,2611.0,4.0,2.0,1656.0,2024.0,7013.16,singleFamily,150,433110.0,2025,https://www.zillow.com,https://photos.zillowstatic.com/fp/1ffb12a24ca85cf9a7cc33cbfa96e1b2-p_c.jpg,2026-09-14 14:42,For Sale
26733751,5300 Waneta Dr,75209,Dallas,TX,32.838837,-96.821335,2295000,531.0,,2169100.0,6404.0,4.0,4.0,4322.0,1941.0,0.255,singleFamily,2,1761020.0,2025,https://www.zillow.com,https://photos.zillowstatic.com/fp/b57a4f182d407d6d50f15464028a3a42-p_c.jpg,2026-09-14 14:42,For Sale
26824502,921 Medalist Dr,75232,Dallas,TX,32.66794,-96.83693,195000,94.0,,196600.0,2318.0,3.0,2.0,2075.0,1964.0,0.27899999999999997,singleFamily,16,318710.0,2025,https://www.zillow.com,https://photos.zillowstatic.com/fp/18c4071b9fd2f35571dd76da734e1425-p_c.jpg,2026-09-14 14:42,For Sale
26705697,4634 Rockaway Dr,75214,Dallas,TX,32.844315,-96.74114,995000,402.0,,942200.0,4718.0,3.0,2.0,2478.0,1965.0,8407.08,singleFamily,3,710000.0,2025,https://www.zillow.com,https://photos.zillowstatic.com/fp/70ccc0c5a91d51999692c5b619772b39-p_c.jpg,2026-09-14 14:42,For Sale
26716071,1419 Georgia Ave,75216,Dallas,TX,32.724964,-96.80382,165000,91.0,,155800.0,2209.0,3.0,2.0,1812.0,1949.0,7318.08,singleFamily,54,220770.0,2025,https://www.zillow.com,https://photos.zillowstatic.com/fp/d237e43d3a6ba42c240f5f5885ec8d22-p_c.jpg,2026-09-14 14:42,For Sale
26695314,5446 Monticello Ave,75206,Dallas,TX,32.826187,-96.77544,1075000,615.0,,1023100.0,5481.0,2.0,3.0,1748.0,1928.0,7230.96,singleFamily,3,745000.0,2025,https://www.zillow.com,https://photos.zillowstatic.com/fp/c85121329227f28cd7f5ea7808553e69-p_c.jpg,2026-09-14 14:42,For Sale
26789917,3965 Durango Dr,75220,Dallas,TX,32.8674,-96.84618,2295000,439.0,,2218200.0,4948.0,6.0,5.0,5222.0,2026.0,9931.68,singleFamily,20,708960.0,2025,https://www.zillow.com,https://photos.zillowstatic.com/fp/219ed32531cb985ccd40bcc04860db5e-p_c.jpg,2026-09-14 14:42,For Sale
96532855,6306 Kemrock Dr,75241,Dallas,TX,32.669346,-96.77778,515000,161.0,,514300.0,3444.0,5.0,4.0,3200.0,2026.0,0.33299999999999996,singleFamily,17,74750.0,2025,https://www.zillow.com,https://photos.zillowstatic.com/fp/d05f9a324459bac631399d30343d352f-p_c.jpg,2026-09-14 14:42,For Sale
26757825,5619 Walnut Hill Ln,75229,Dallas,TX,32.8825,-96.81111,64000000,2362.0,,,,10.0,17.0,27092.0,1938.0,15.687,singleFamily,564,36042650.0,2025,https://www.zillow.com,https://photos.zillowstatic.com/fp/adeac1290c0448b20476ade24a279451-p_c.jpg,2026-09-14 14:42,For Sale
303984720,2114 Wenge Ln,75219,Dallas,TX,32.809242,-96.82861,589985,305.0,-5.0,581500.0,3835.0,3.0,4.0,1932.0,2021.0,1393.92,townhome,95,635090.0,2025,https://www.zillow.com,https://photos.zillowstatic.com/fp/1f08dc7e754a8716c47dcfb6a1203a10-p_c.jpg,2026-09-14 14:42,For Sale
465041860,2329 Springhill Dr,75228,Dallas,TX,32.81464,-96.6993,599000,342.0,,,,3.0,2.0,1752.0,1960.0,8537.76,singleFamily,5,,,https://www.zillow.com,https://photos.zillowstatic.com/fp/656aa431b98d9cfa96a99fe54a96e2e8-p_c.jpg,2026-09-14 14:42,For Sale
26791133,2219 McCutcheon Ln,75227,Dallas,TX,32.751595,-96.67443,189880,88.0,,250200.0,2363.0,4.0,3.0,2163.0,1959.0,7535.88,singleFamily,3,270910.0,2025,https://www.zillow.com,https://photos.zillowstatic.com/fp/6e7e50e22a7b837895dbfd99deccd0d5-p_c.jpg,2026-09-14 14:42,For Sale
26586626,5931 Buffridge Trl,75252,Dallas,TX,33.00772,-96.8048,685000,273.0,,606400.0,3342.0,4.0,3.0,2510.0,1985.0,0.26,singleFamily,3,627251.0,2025,https://www.zillow.com,https://photos.zillowstatic.com/fp/3b33f1c1cfbb2688c501a0f778c972f2-p_c.jpg,2026-09-14 14:42,For Sale
336883017,4628 Country Creek Dr APT 1205,75236,Dallas,TX,32.696934,-96.90001,98000,137.0,,,,1.0,1.0,714.0,1974.0,714.384,condo,5,94270.0,2025,https://www.zillow.com,https://photos.zillowstatic.com/fp/08f05aa4347c615df6a326a08966cf51-p_c.jpg,2026-09-14 14:42,For Sale
26814280,6625 Speight St,75232,Dallas,TX,32.66712,-96.82705,187900,98.0,-2000.0,187600.0,2643.0,5.0,3.0,1913.0,1949.0,10236.6,singleFamily,39,133220.0,2025,https://www.zillow.com,https://photos.zillowstatic.com/fp/7ad37d6f718ce268a186c1e448abb6ff-p_c.jpg,2026-09-14 14:42,For Sale
26728592,1212 N Oak Cliff Blvd,75208,Dallas,TX,32.760834,-96.854065,1300000,381.0,,1225000.0,5952.0,4.0,5.0,3416.0,1974.0,7666.56,singleFamily,16,803830.0,2025,https://www.zillow.com,https://photos.zillowstatic.com/fp/1a234324a490c30f70abb4347e1feaa3-p_c.jpg,2026-09-14 14:42,For Sale
26706384,6719 Anita St,75214,Dallas,TX,32.83422,-96.7448,2185000,468.0,,2081500.0,,4.0,5.0,4673.0,2007.0,0.28800000000000003,singleFamily,2,2132890.0,2025,https://www.zillow.com,https://photos.zillowstatic.com/fp/c5b5347bfb115b54a923124d799dbe27-p_c.jpg,2026-09-14 14:42,For Sale
26837397,6815 Royal Crest Dr,75230,Dallas,TX,32.90033,-96.789,5175000,758.0,,1272100.0,5216.0,5.0,7.0,6827.0,2026.0,0.367,singleFamily,4,1166050.0,2025,https://www.zillow.com,https://photos.zillowstatic.com/fp/c834e677d21b35c8de51333e4fbb03c4-p_c.jpg,2026-09-14 14:42,For Sale
26833218,1727 Toronto St,75212,Dallas,TX,32.779633,-96.8475,769000,233.0,,759500.0,2119.0,5.0,5.0,3302.0,2026.0,6011.28,singleFamily,11,267470.0,2025,https://www.zillow.com,https://photos.zillowstatic.com/fp/d6a1db220ee01fdd4adfb51c04ee89a3-p_c.jpg,2026-09-14 14:42,For Sale
26586090,4203 Cobblers Ln,75287,Dallas,TX,32.98946,-96.83842,840000,270.0,,808600.0,4936.0,4.0,4.0,3110.0,1981.0,9583.2,singleFamily,13,722168.0,2025,https://www.zillow.com,https://photos.zillowstatic.com/fp/07ca30daa5411c184a7f07bce5824c2f-p_c.jpg,2026-09-14 14:42,For Sale
96526846,1507 Elk Creek Rd,75253,Dallas,TX,32.688972,-96.61076,509000,208.0,-30000.0,,,5.0,4.0,2445.0,2025.0,0.34500000000000003,singleFamily,174,80000.0,2025,https://www.zillow.com,https://photos.zillowstatic.com/fp/cda060923d98fd231e37f90be8f054ef-p_c.jpg,2026-09-14 14:42,For Sale
26800779,8949 Shorelark Dr,75217,Dallas,TX,32.740013,-96.66689,299990,155.0,,296600.0,2168.0,4.0,2.0,1939.0,1971.0,8494.2,singleFamily,5,286350.0,2025,https://www.zillow.com,https://photos.zillowstatic.com/fp/c960178e8eae04fe70542be203a65b8d-p_c.jpg,2026-09-14 14:42,For Sale
26648186,18003 Benchmark Dr,75252,Dallas,TX,32.996544,-96.775345,889000,222.0,,843000.0,4093.0,5.0,4.0,4012.0,1990.0,8450.64,singleFamily,1,1020165.0,2025,https://www.zillow.com,https://photos.zillowstatic.com/fp/875f78d69ac35b152bc5032e3a20828c-p_c.jpg,2026-09-14 14:42,For Sale
162443106,5300 Keller Springs Rd APT 1077,75248,Dallas,TX,32.96763,-96.816536,154900,195.0,,,,1.0,1.0,794.0,1982.0,8.598,condo,9,174680.0,2025,https://www.zillow.com,https://photos.zillowstatic.com/fp/22778f4103a69ac7615bfbd4a44fa908-p_c.jpg,2026-09-14 14:42,For Sale
26790649,3715 Valley Ridge Rd,75220,Dallas,TX,32.87783,-96.85545,549000,461.0,-26000.0,535500.0,2819.0,3.0,2.0,1192.0,1951.0,7927.92,singleFamily,40,505000.0,2025,https://www.zillow.com,https://photos.zillowstatic.com/fp/e6f0b8ce4e0b6e05dd6761d74a4253c8-p_c.jpg,2026-09-14 14:42,For Sale
26739016,7525 Holly Hill Dr APT 10,75231,Dallas,TX,32.88009,-96.75418,150000,140.0,,148100.0,1713.0,2.0,2.0,1069.0,1980.0,2.728,condo,17,187080.0,2025,https://www.zillow.com,https://photos.zillowstatic.com/fp/55e3649c04bb7e0ee99124374678fd8e-p_c.jpg,2026-09-14 14:42,For Sale
26877201,5702 Club Oaks Dr,75248,Dallas,TX,32.982136,-96.818726,1599999,380.0,,1651300.0,6869.0,4.0,4.0,4216.0,1977.0,0.36,singleFamily,4,1872150.0,2025,https://www.zillow.com,https://photos.zillowstatic.com/fp/415d5afe30e23863aee3d4eddbb69f24-p_c.jpg,2026-09-14 14:42,For Sale
26702083,6933 Westlake Ave,75214,Dallas,TX,32.822792,-96.73984,1150000,521.0,,1100800.0,4188.0,3.0,2.0,2207.0,1934.0,8407.08,singleFamily,4,865510.0,2025,https://www.zillow.com,https://photos.zillowstatic.com/fp/dbdd7007fef1c6dee0896bb9426547f4-p_c.jpg,2026-09-14 14:42,For Sale
26795670,1623 Fresno St,75217,Dallas,TX,32.740612,-96.693115,200000,91.0,-35000.0,,2571.0,6.0,2.0,2194.0,1954.0,9888.12,singleFamily,117,338390.0,2025,https://www.zillow.com,https://photos.zillowstatic.com/fp/6438154e2bc5f131cea2c08f8024b641-p_c.jpg,2026-09-14 14:42,For Sale
96516621,10754 Wyatt Cir,75218,Dallas,TX,32.847996,-96.692116,1500000,655.0,,1420000.0,3894.0,3.0,2.0,2289.0,2009.0,0.612,singleFamily,2,768370.0,2025,https://www.zillow.com,https://photos.zillowstatic.com/fp/b308f5666fc6c1406637f124bdb6066b-p_c.jpg,2026-09-14 14:42,For Sale
240200829,5981 Evening Star Pl,75235,Dallas,TX,32.82418,-96.83853,515000,277.0,,,,3.0,4.0,1858.0,2016.0,1524.6,singleFamily,23,514470.0,2025,https://www.zillow.com,https://photos.zillowstatic.com/fp/a63fdc35bc5ccb767a87f4811b0a6d65-p_c.jpg,2026-09-14 14:42,For Sale
26740856,8911 San Fernando Way,75218,Dallas,TX,32.825134,-96.70943,463000,549.0,,441400.0,1682.0,2.0,1.0,844.0,1946.0,6969.6,singleFamily,0,448130.0,2025,https://www.zillow.com,https://photos.zillowstatic.com/fp/007b2f308270d003cdee4c10983191dd-p_c.jpg,2026-09-14 14:42,For Sale
67964626,1505 Elm St APT 1003,75201,Dallas,TX,32.781612,-96.79958,300000,147.0,,295700.0,5235.0,3.0,3.0,2045.0,1957.0,10018.8,condo,58,398780.0,2025,https://www.zillow.com,https://photos.zillowstatic.com/fp/e2a5c5098c238ddaadc3404980133678-p_c.jpg,2026-09-14 14:42,For Sale
26728183,2865 Alden Ave,75211,Dallas,TX,32.74245,-96.868164,625000,323.0,,599100.0,2539.0,3.0,2.0,1932.0,1940.0,0.26899999999999996,singleFamily,3,443390.0,2025,https://www.zillow.com,https://photos.zillowstatic.com/fp/228065e7d4b4a85a6746c3e0c57e16be-p_c.jpg,2026-09-14 14:42,For Sale
26870472,6321 Spring Valley Rd,75254,Dallas,TX,32.939075,-96.79835,1599900,321.0,,1516500.0,7581.0,5.0,5.0,4982.0,1984.0,0.653,singleFamily,2,1367330.0,2025,https://www.zillow.com,https://photos.zillowstatic.com/fp/be1f926c813eae49d60c5227e5ac1141-p_c.jpg,2026-09-14 14:42,For Sale
26842321,2905 Highwood Dr,75228,Dallas,TX,32.83001,-96.66576,325000,247.0,,315600.0,2334.0,3.0,2.0,1318.0,1954.0,9975.24,singleFamily,16,262600.0,2025,https://www.zillow.com,https://photos.zillowstatic.com/fp/be5a3c03b88a24898830213feb9e978e-p_c.jpg,2026-09-14 14:42,For Sale
26696102,608 Monte Vista Dr,75223,Dallas,TX,32.80586,-96.742424,1450000,564.0,,,,3.0,3.0,2570.0,1929.0,0.364,singleFamily,3,1033030.0,2025,https://www.zillow.com,https://photos.zillowstatic.com/fp/94b569d49eced86cec4c8d6a7f5450a6-p_c.jpg,2026-09-14 14:42,For Sale
461476956,9327 Midway Rd,75220,Dallas,TX,32.866207,-96.837944,1995000,445.0,-79000.0,1939800.0,,5.0,5.0,4485.0,2025.0,10240.956,singleFamily,101,,,https://www.zillow.com,https://photos.zillowstatic.com/fp/f4a8fda814668ed611f0366f92690b1e-p_c.jpg,2026-09-14 14:42,For Sale
26908289,2635 Oak Bend Ln,75227,Dallas,TX,32.790703,-96.78664,255000,158.0,-10000.0,,2085.0,3.0,2.0,1611.0,1986.0,3650.328,singleFamily,40,250090.0,2025,https://www.zillow.com,https://photos.zillowstatic.com/fp/4c9761f09bc2a5ef4376a35fab8eba34-p_c.jpg,2026-09-14 14:42,For Sale
26722691,2646 Alabama Ave,75216,Dallas,TX,32.71516,-96.819046,550000,172.0,-25000.0,546000.0,3964.0,5.0,4.0,3200.0,2026.0,7710.12,singleFamily,11,85000.0,2025,https://www.zillow.com,https://photos.zillowstatic.com/fp/b9f78b7239a2a4e0c0c222a25619cae8-p_c.jpg,2026-09-14 14:42,For Sale
26712663,938 N Clinton Ave,75208,Dallas,TX,32.755276,-96.84115,675000,542.0,,644400.0,2893.0,2.0,2.0,1246.0,1910.0,6098.4,singleFamily,6,453540.0,2025,https://www.zillow.com,https://photos.zillowstatic.com/fp/4bc785c6abebcd30ce63b545b1db80f9-p_c.jpg,2026-09-14 14:42,For Sale
26928130,8610 Turtle Creek Blvd APT 212,75225,Dallas,TX,32.866764,-96.78853,299000,227.0,,290100.0,2567.0,2.0,2.0,1315.0,1984.0,0.7272,condo,4,282730.0,2025,https://www.zillow.com,https://photos.zillowstatic.com/fp/3e57d34cb33b44235b9b2e1327dd202f-p_c.jpg,2026-09-14 14:42,For Sale
26844352,8210 Benares Dr,75243,Dallas,TX,32.915688,-96.7618,185000,183.0,,204500.0,1647.0,3.0,1.0,1009.0,1956.0,9408.96,singleFamily,5,208990.0,2025,https://www.zillow.com,https://photos.zillowstatic.com/fp/64b24efb55772a22f5307c0324494b86-p_c.jpg,2026-09-14 14:42,For Sale
26823950,5412 University Hills Blvd,75241,Dallas,TX,32.679962,-96.80546,150000,128.0,-15000.0,,1863.0,3.0,2.0,1169.0,1962.0,9381.0,singleFamily,64,186430.0,2025,https://www.zillow.com,https://photos.zillowstatic.com/fp/15d8dfd5ad8b3ddfcb77e7f85ca2d4e5-p_c.jpg,2026-09-14 14:42,For Sale
26812734,3038 Talisman Dr,75229,Dallas,TX,32.902794,-96.87628,420000,201.0,,403400.0,2872.0,3.0,2.0,2088.0,1959.0,7274.52,singleFamily,5,373270.0,2025,https://www.zillow.com,https://photos.zillowstatic.com/fp/64648209560f1c16cf143b10a90262c4-p_c.jpg,2026-09-14 14:42,For Sale
26690255,5927 Vickery Blvd,75206,Dallas,TX,32.823177,-96.76465,765000,449.0,,,,3.0,2.0,1703.0,1979.0,7013.16,singleFamily,2,660000.0,2025,https://www.zillow.com,https://photos.zillowstatic.com/fp/fe4d077ce87d007bc672becfa603f90a-p_c.jpg,2026-09-14 14:42,For Sale
26914550,5668 Centeridge Dr,75249,Dallas,TX,32.658012,-96.96212,150000,102.0,-70000.0,216100.0,2217.0,3.0,2.0,1476.0,1997.0,5723.784,singleFamily,73,280610.0,2025,https://www.zillow.com,https://photos.zillowstatic.com/fp/06748a8045dbe4dfd50a4f7e180000b2-p_c.jpg,2026-09-14 14:42,For Sale
26868211,9609 Viewside Dr,75231,Dallas,TX,32.89147,-96.73622,1295000,403.0,,1237900.0,5591.0,4.0,3.0,3212.0,1979.0,0.251,singleFamily,3,885990.0,2025,https://www.zillow.com,https://photos.zillowstatic.com/fp/749d20f6014503747fd087a2299853af-p_c.jpg,2026-09-14 14:42,For Sale
26806459,3777 Duchess Trl,75229,Dallas,TX,32.893154,-96.853226,1500000,427.0,,1417700.0,5394.0,4.0,3.0,3509.0,1972.0,0.342,singleFamily,2,790930.0,2025,https://www.zillow.com,https://photos.zillowstatic.com/fp/8be440a0719a3f07d2221645f5b6c9f9-p_c.jpg,2026-09-14 14:42,For Sale
341774501,4029 Ivanhoe Ln,75212,Dallas,TX,32.792294,-96.85557,650000,168.0,-80000.0,648400.0,5063.0,5.0,4.0,3868.0,2023.0,7666.56,singleFamily,352,902480.0,2025,https://www.zillow.com,https://photos.zillowstatic.com/fp/6fa3ac75b3fcee965794e419c9129538-p_c.jpg,2026-09-14 14:42,For Sale
26806834,10322 Best Dr,75229,Dallas,TX,32.88677,-96.84515,2950000,548.0,,2800000.0,7108.0,4.0,6.0,5385.0,2018.0,0.35,singleFamily,2,2563620.0,2025,https://www.zillow.com,https://photos.zillowstatic.com/fp/8960e82ac55d24a9085ea54b75b330bc-p_c.jpg,2026-09-14 14:42,For Sale
26798685,7931 Wes Hodges Rd,75217,Dallas,TX,32.72122,-96.6861,87000,78.0,,161900.0,1438.0,2.0,1.0,1120.0,1950.0,7013.16,singleFamily,4,193660.0,2025,https://www.zillow.com,https://photos.zillowstatic.com/fp/080ee3c436d5596ef4ae63af2a1600d7-p_c.jpg,2026-09-14 14:42,For Sale
26693697,2515 Abrams Rd,75214,Dallas,TX,32.820625,-96.753235,599900,350.0,-25100.0,578900.0,3991.0,3.0,2.0,1714.0,1914.0,7492.32,singleFamily,28,441840.0,2025,https://www.zillow.com,https://photos.zillowstatic.com/fp/02a4298b316d67cd9a36a8be05d32118-p_c.jpg,2026-09-14 14:42,For Sale
26717503,1151 N Winnetka Ave,75208,Dallas,TX,32.75909,-96.84055,899000,361.0,,860000.0,4583.0,4.0,3.0,2489.0,1924.0,7753.68,singleFamily,2,766140.0,2025,https://www.zillow.com,https://photos.zillowstatic.com/fp/8fdcea292c02cb1ba4f00bbd5a9d07ee-p_c.jpg,2026-09-14 14:42,For Sale
26714388,1442 Stella Ave,75216,Dallas,TX,32.727345,-96.802475,499900,161.0,-19100.0,498400.0,4611.0,5.0,4.0,3100.0,2026.0,8058.6,singleFamily,151,180780.0,2025,https://www.zillow.com,https://photos.zillowstatic.com/fp/5e4194e9b3ad3651cb82ccf0e10b6d99-p_c.jpg,2026-09-14 14:42,For Sale
96514266,1815 Kingsley Dr,75216,Dallas,TX,32.688026,-96.79526,20000,,-2500.0,,,,,,,0.622,land,27,112500.0,2025,https://www.zillow.com,https://photos.zillowstatic.com/fp/fec96feb6377826f37e760cc68f5fea7-p_c.jpg,2026-09-14 14:42,For Sale
26839290,7931 Royal Ln APT 216,75230,Dallas,TX,32.899048,-96.77033,152000,138.0,,144100.0,1700.0,2.0,2.0,1100.0,1964.0,2.335,condo,0,197100.0,2025,https://www.zillow.com,https://photos.zillowstatic.com/fp/f7db41a80a408fc0d79df70e24bf01f7-p_c.jpg,2026-09-14 14:42,For Sale
96523086,5719 Bon Air Dr,75241,Dallas,TX,32.67862,-96.7674,405000,214.0,,,,3.0,3.0,1889.0,2026.0,0.27599999999999997,singleFamily,12,62000.0,2025,https://www.zillow.com,https://photos.zillowstatic.com/fp/3d7cf023b26338470407c5fb48a18c7b-p_c.jpg,2026-09-14 14:42,For Sale
26696331,5338 Mercedes Ave,75206,Dallas,TX,32.827965,-96.77797,1599000,403.0,,1536700.0,6724.0,5.0,5.0,3963.0,1925.0,7797.24,singleFamily,2,1348140.0,2025,https://www.zillow.com,https://photos.zillowstatic.com/fp/2a01703a452d6fd2b67dead86d744517-p_c.jpg,2026-09-14 14:42,For Sale
26826282,1729 Boca Chica Dr,75232,Dallas,TX,32.67108,-96.84865,699000,176.0,,673500.0,3586.0,4.0,2.0,3966.0,1958.0,0.393,singleFamily,22,396160.0,2025,https://www.zillow.com,https://photos.zillowstatic.com/fp/cecfa45ce6be5a66867c81389b58e44a-p_c.jpg,2026-09-14 14:42,For Sale
26808027,3207 Grantwood Dr,75229,Dallas,TX,32.88892,-96.872765,630000,277.0,,606800.0,4820.0,4.0,3.0,2276.0,1968.0,0.267,singleFamily,3,536770.0,2025,https://www.zillow.com,https://photos.zillowstatic.com/fp/72e3956323e4f2da128a764eb2d899c6-p_c.jpg,2026-09-14 14:42,For Sale
26866262,9401 Shady Valley Dr,75238,Dallas,TX,32.887913,-96.72267,1350000,377.0,,1288700.0,4140.0,4.0,3.0,3581.0,1976.0,10541.52,singleFamily,2,926050.0,2025,https://www.zillow.com,https://photos.zillowstatic.com/fp/764fbcfc79590b471aabd1781660abfb-p_c.jpg,2026-09-14 14:42,For Sale
26819315,1367 Friendship Dr,75217,Dallas,TX,32.73658,-96.64313,270000,155.0,,91800.0,1438.0,4.0,2.0,1746.0,1940.0,0.274,singleFamily,2,79480.0,2025,https://www.zillow.com,https://photos.zillowstatic.com/fp/0c308482cb77c2b14528987ded251e65-p_c.jpg,2026-09-14 14:42,For Sale
26709942,418 S Willomet Ave,75208,Dallas,TX,32.741753,-96.840164,499999,322.0,,481900.0,2070.0,3.0,2.0,1552.0,1945.0,6490.44,singleFamily,3,537680.0,2025,https://www.zillow.com,https://photos.zillowstatic.com/fp/1ce892c536ba8c56870b11a6b6c76280-p_c.jpg,2026-09-14 14:42,For Sale
26810764,3121 Park Ln #1145,75220,Dallas,TX,32.87637,-96.87357,85000,88.0,-2500.0,,1883.0,2.0,2.0,970.0,1969.0,9.125,townhome,38,135800.0,2025,https://www.zillow.com,https://photos.zillowstatic.com/fp/b7e760e2db8e4b916c2af2247af1b12a-p_c.jpg,2026-09-14 14:42,For Sale
26898686,3944 Buena Vista St #206,75204,Dallas,TX,32.81287,-96.796814,440000,421.0,,,,2.0,2.0,1046.0,1981.0,0.769,condo,3,402710.0,2025,https://www.zillow.com,https://photos.zillowstatic.com/fp/5f44a36fbd1221e4b732d57d661be530-p_c.jpg,2026-09-14 14:42,For Sale
26843039,10870 Cassandra Way,75228,Dallas,TX,32.843555,-96.66246,250000,187.0,,,2172.0,4.0,2.0,1336.0,1955.0,7623.0,singleFamily,1,236200.0,2025,https://www.zillow.com,https://www.zillowstatic.com/static/images/nophoto_p_c.png,2026-09-14 14:42,For Sale
26755593,6522 Meadow Rd,75230,Dallas,TX,32.88597,-96.79222,2795000,511.0,,2444700.0,,6.0,7.0,5465.0,1991.0,0.3443,singleFamily,4,2309940.0,2025,https://www.zillow.com,https://photos.zillowstatic.com/fp/7b1175aed7b240ea59e9acfbd884c57c-p_c.jpg,2026-09-14 14:42,For Sale
26849957,1911 El Capitan Dr,75228,Dallas,TX,32.85424,-96.67696,285000,260.0,,274100.0,1548.0,4.0,2.0,1098.0,1955.0,7361.64,singleFamily,0,214560.0,2025,https://www.zillow.com,https://photos.zillowstatic.com/fp/67cdd483e0c21d1e6f55e76924461304-p_c.jpg,2026-09-14 14:42,For Sale
26787202,346 Classen Dr,75218,Dallas,TX,32.85826,-96.706924,599000,371.0,,584900.0,3954.0,4.0,2.0,1614.0,1952.0,10454.4,singleFamily,1,629120.0,2025,https://www.zillow.com,https://photos.zillowstatic.com/fp/50c1416e28f3eff47345fe786dc96ccd-p_c.jpg,2026-09-14 14:42,For Sale
69677129,1122 Jackson St APT 709,75202,Dallas,TX,32.778316,-96.80129,250000,225.0,-15000.0,255100.0,2185.0,1.0,1.0,1111.0,1925.0,0.984,condo,45,227760.0,2025,https://www.zillow.com,https://photos.zillowstatic.com/fp/d6336e321e903bf146c3c65a9063bead-p_c.jpg,2026-09-14 14:42,For Sale
60346601,13329 Southview Ln,75240,Dallas,TX,32.929558,-96.76768,250000,155.0,-25000.0,,,3.0,2.0,1618.0,1968.0,4878.72,singleFamily,132,242430.0,2025,https://www.zillow.com,https://photos.zillowstatic.com/fp/d3f6a62f58a643135991119e237adf46-p_c.jpg,2026-09-14 14:42,For Sale
53101455,4415 Landpiper Ct,75287,Dallas,TX,33.00184,-96.832085,875000,271.0,,,,4.0,3.0,3223.0,1997.0,8712.0,singleFamily,2,717208.0,2025,https://www.zillow.com,https://photos.zillowstatic.com/fp/0a97fb501923cebfa5bdc4acd09e055a-p_c.jpg,2026-09-14 14:42,For Sale
336886378,8249 Abellia Ct,75252,Dallas,TX,32.984295,-96.75981,840000,311.0,,827600.0,4448.0,4.0,4.0,2703.0,2023.0,5967.72,singleFamily,2,699560.0,2025,https://www.zillow.com,https://photos.zillowstatic.com/fp/37131339111bdcd4f001e0d683333f5a-p_c.jpg,2026-09-14 14:42,For Sale
26851008,10908 Villa Haven Dr,75238,Dallas,TX,32.87491,-96.695885,565000,298.0,,,,3.0,2.0,1895.0,1974.0,6969.6,singleFamily,2,505980.0,2025,https://www.zillow.com,https://photos.zillowstatic.com/fp/b773e75c18eb0c5a3edd24811fa5bb56-p_c.jpg,2026-09-14 14:42,For Sale
338039993,10010 Strait Ln,75229,Dallas,TX,32.880985,-96.823845,24999900,1498.0,,23240100.0,,7.0,11.0,16684.0,2026.0,2.218,singleFamily,196,7052500.0,2025,https://www.zillow.com,https://photos.zillowstatic.com/fp/3896b8ebf7800635ab6f68c5c62ce7b5-p_c.jpg,2026-09-14 14:42,For Sale
26783856,4424 Tacoma St,75216,Dallas,TX,32.70418,-96.7744,170000,162.0,,177600.0,1714.0,3.0,1.0,1048.0,1951.0,8145.72,singleFamily,0,170000.0,2025,https://www.zillow.com,https://photos.zillowstatic.com/fp/5ccd1a2ecd0f41f7fd83c58388de3c13-p_c.jpg,2026-09-14 14:42,For Sale
26650304,4936 Sandestin Dr,75287,Dallas,TX,32.995552,-96.82216,1299900,272.0,,1232100.0,6374.0,4.0,6.0,4781.0,1991.0,0.27999999999999997,singleFamily,3,1197601.0,2025,https://www.zillow.com,https://photos.zillowstatic.com/fp/feeed76f9826643c81ac0128cc07c773-p_c.jpg,2026-09-14 14:42,For Sale
26691893,2007 Euclid Ave,75206,Dallas,TX,32.814865,-96.77387,875000,492.0,,830600.0,3431.0,2.0,2.0,1779.0,1918.0,7492.32,singleFamily,5,607640.0,2025,https://www.zillow.com,https://photos.zillowstatic.com/fp/76070513f7d5e628fa85e7723c7949e2-p_c.jpg,2026-09-14 14:42,For Sale
60346590,11333 Park Central Pl,75230,Dallas,TX,32.904194,-96.77173,499900,271.0,,481400.0,3737.0,3.0,2.0,1846.0,1962.0,6316.2,singleFamily,3,370970.0,2025,https://www.zillow.com,https://photos.zillowstatic.com/fp/bfee804ecd7bb5d73e244ee69a9b8673-p_c.jpg,2026-09-14 14:42,For Sale
26705387,6759 E Mockingbird Ln,75214,Dallas,TX,32.840755,-96.74401,544900,353.0,,522500.0,3787.0,2.0,2.0,1545.0,1956.0,7840.8,singleFamily,3,534000.0,2025,https://www.zillow.com,https://photos.zillowstatic.com/fp/a5dc1a50a3915b14ab75a5af470a8378-p_c.jpg,2026-09-14 14:42,For Sale
26840061,2525 Springhill St,75228,Dallas,TX,32.81461,-96.69627,675000,381.0,,650900.0,2863.0,3.0,2.0,1772.0,1960.0,8973.36,singleFamily,4,539040.0,2025,https://www.zillow.com,https://photos.zillowstatic.com/fp/5ce9cfc3d1faa30aa3157312c420baef-p_c.jpg,2026-09-14 14:42,For Sale
26771995,2521 Anzio Dr,75224,Dallas,TX,32.717148,-96.83358,362000,177.0,,355400.0,2513.0,3.0,2.0,2044.0,1946.0,8799.12,singleFamily,3,258540.0,2025,https://www.zillow.com,https://photos.zillowstatic.com/fp/95b00aa277b1194a6fd3b18cb76e2104-p_c.jpg,2026-09-14 14:42,For Sale
26769792,1710 Western Park Dr,75211,Dallas,TX,32.72682,-96.89775,279900,161.0,-15100.0,,,3.0,2.0,1741.0,1965.0,7579.44,singleFamily,127,340000.0,2025,https://www.zillow.com,https://photos.zillowstatic.com/fp/98a82fabb594fbd29ce4f0a9610184ea-p_c.jpg,2026-09-14 14:42,For Sale
26718903,2612 Idaho Ave,75216,Dallas,TX,32.716183,-96.81179,295000,168.0,,287300.0,2194.0,4.0,2.0,1760.0,1926.0,7492.32,singleFamily,1,291400.0,2025,https://www.zillow.com,https://photos.zillowstatic.com/fp/70064496a7d6c70da15a5217e00d706f-p_c.jpg,2026-09-14 14:42,For Sale
26631632,6029 Buffridge Trl,75252,Dallas,TX,33.00769,-96.802864,925000,282.0,,892700.0,3594.0,6.0,3.0,3280.0,1984.0,6054.84,singleFamily,2,552571.0,2025,https://www.zillow.com,https://photos.zillowstatic.com/fp/392a4b43dc8299b6bfd252daea2bd376-p_c.jpg,2026-09-14 14:42,For Sale
26731144,4722 Cowan Ave,75209,Dallas,TX,32.84572,-96.82915,1790000,451.0,,,,4.0,6.0,3972.0,2026.0,6272.64,singleFamily,2,473020.0,2025,https://www.zillow.com,https://photos.zillowstatic.com/fp/d0e2f61870681e291cc4a493773d304c-p_c.jpg,2026-09-14 14:42,For Sale
26928730,4800 W Lovers Ln APT 315,75209,Dallas,TX,32.85071,-96.82801,217000,258.0,,210600.0,1743.0,2.0,2.0,840.0,1985.0,2.531,condo,0,239400.0,2025,https://www.zillow.com,https://photos.zillowstatic.com/fp/c07cdfca249970c10106fb212dcf6263-p_c.jpg,2026-09-14 14:42,For Sale
26863315,13907 Carillon Dr,75240,Dallas,TX,32.93751,-96.77431,1395000,431.0,,1318300.0,5597.0,5.0,5.0,3240.0,1969.0,0.40499999999999997,singleFamily,2,1019090.0,2025,https://www.zillow.com,https://photos.zillowstatic.com/fp/b26372434c9974bcb50dc302e4709d5b-p_c.jpg,2026-09-14 14:42,For Sale
162404766,8001 Rothington Rd APT 21-27,75227,Dallas,TX,32.782516,-96.68679,515000,104.0,,504100.0,1191.0,8.0,12.0,4960.0,1983.0,10018.8,multiFamily,37,560000.0,2025,https://www.zillow.com,https://photos.zillowstatic.com/fp/f44b6e64a6dc369de45cf339dbb12aa2-p_c.jpg,2026-09-14 14:42,For Sale
26756623,6130 Lavendale Ave,75230,Dallas,TX,32.895622,-96.79995,2995000,510.0,,,,5.0,6.0,5872.0,2006.0,0.365,singleFamily,5,2716010.0,2025,https://www.zillow.com,https://photos.zillowstatic.com/fp/1b2a56018a543369cc871a3617d0dbd2-p_c.jpg,2026-09-14 14:42,For Sale
26808618,3216 Townsend Dr,75229,Dallas,TX,32.89854,-96.870224,599000,327.0,,575600.0,3226.0,3.0,3.0,1834.0,1961.0,10280.16,singleFamily,4,537320.0,2025,https://www.zillow.com,https://photos.zillowstatic.com/fp/809636cb7b2c1ac9929378d96a8c6cb0-p_c.jpg,2026-09-14 14:42,For Sale
336886338,17293 Texas Pistache Dr,75252,Dallas,TX,32.986645,-96.76156,850000,241.0,,834800.0,5092.0,5.0,4.0,3530.0,2022.0,7840.8,singleFamily,2,797880.0,2025,https://www.zillow.com,https://photos.zillowstatic.com/fp/88ed04b2cda26fc518ef912a0bf47c81-p_c.jpg,2026-09-14 14:42,For Sale
2088689395,8560 Park Ln APT 75,75231,Dallas,TX,32.868908,-96.755615,125000,96.0,-10000.0,,1492.0,2.0,3.0,1299.0,1974.0,6.129,condo,102,,,https://www.zillow.com,https://photos.zillowstatic.com/fp/48934a1b8cd003e588a8897d609abaf8-p_c.jpg,2026-09-14 14:42,For Sale
26814711,7014 Brierfield Dr,75232,Dallas,TX,32.663147,-96.82649,149000,97.0,,205700.0,1916.0,4.0,2.0,1542.0,1956.0,8189.28,singleFamily,4,185350.0,2025,https://www.zillow.com,https://photos.zillowstatic.com/fp/18106b686da99e1a691626eb0c491b34-p_c.jpg,2026-09-14 14:42,For Sale
465228821,1311 Madrigall Pkwy,75206,Dallas,TX,32.807636,-96.76953,2596000,367.0,,,,12.0,12.0,7080.0,2026.0,7230.96,multiFamily,0,,,https://www.zillow.com,https://photos.zillowstatic.com/fp/278961269b90aee1d7e5ac4262aaf634-p_c.jpg,2026-09-14 14:42,For Sale
26893028,7131 Nutmeg Ln,75249,Dallas,TX,32.625126,-96.94663,215000,162.0,,211700.0,1979.0,3.0,2.0,1331.0,1977.0,6621.12,singleFamily,12,238400.0,2025,https://www.zillow.com,https://photos.zillowstatic.com/fp/619730b72e91065dd986569756bcea2a-p_c.jpg,2026-09-14 14:42,For Sale
26845423,3111 Andrea Dr,75228,Dallas,TX,32.828045,-96.66216,246000,218.0,-4000.0,240700.0,1939.0,4.0,2.0,1128.0,1954.0,7666.56,singleFamily,26,240580.0,2025,https://www.zillow.com,https://photos.zillowstatic.com/fp/ac5ea52982219214747ef94f33004f92-p_c.jpg,2026-09-14 14:42,For Sale
26767907,1957 E Illinois Ave,75216,Dallas,TX,32.71986,-96.79075,199000,117.0,,204800.0,2001.0,3.0,2.0,1697.0,1952.0,0.31,singleFamily,10,280890.0,2025,https://www.zillow.com,https://photos.zillowstatic.com/fp/9fd67a191c18eaf7d8d0e370b0782f07-p_c.jpg,2026-09-14 14:42,For Sale
26805695,3918 Royal Palms Ct,75244,Dallas,TX,32.912533,-96.84763,850000,298.0,,,,4.0,3.0,2852.0,1961.0,0.287,singleFamily,4,655750.0,2025,https://www.zillow.com,https://photos.zillowstatic.com/fp/b853e495fdea9607a983509b28c06211-p_c.jpg,2026-09-14 14:42,For Sale
26690880,5459 Richmond Ave,75206,Dallas,TX,32.816566,-96.77492,1499000,471.0,,1440600.0,,4.0,4.0,3184.0,2016.0,6926.04,singleFamily,2,1136820.0,2025,https://www.zillow.com,https://photos.zillowstatic.com/fp/675ef5c75ed472a405e59d61cb00111a-p_c.jpg,2026-09-14 14:42,For Sale
96515804,2507 Fatima Ave,75241,Dallas,TX,32.675823,-96.780785,397700,185.0,-2000.0,396700.0,2826.0,4.0,3.0,2147.0,2026.0,5837.04,singleFamily,59,96630.0,2025,https://www.zillow.com,https://photos.zillowstatic.com/fp/fa9850239ea14c72310d640b0a4eab7e-p_c.jpg,2026-09-14 14:42,For Sale
26810609,3247 Darvany Dr,75220,Dallas,TX,32.878372,-96.869026,574900,289.0,,567400.0,3695.0,3.0,3.0,1991.0,2021.0,10062.36,singleFamily,1,641300.0,2025,https://www.zillow.com,https://photos.zillowstatic.com/fp/352c4318e3e9efdd260a8389c094c271-p_c.jpg,2026-09-14 14:42,For Sale
96514370,2418 Merlin St,75215,Dallas,TX,32.77463,-96.77442,299900,180.0,14900.0,299300.0,2457.0,3.0,3.0,1669.0,2025.0,,singleFamily,423,90000.0,2025,https://www.zillow.com,https://photos.zillowstatic.com/fp/91b90021b7264137b0710455580e2b4f-p_c.jpg,2026-09-14 14:42,For Sale
26841634,2328 Globe Ave,75228,Dallas,TX,32.81489,-96.67548,269900,206.0,,262200.0,1989.0,3.0,2.0,1312.0,1957.0,8973.36,singleFamily,23,269370.0,2025,https://www.zillow.com,https://photos.zillowstatic.com/fp/2e2c50ebfdc21a4c7e2da2d7a1bb8d18-p_c.jpg,2026-09-14 14:42,For Sale
463300917,3529 Cleveland St,75215,Dallas,TX,32.75582,-96.77514,245000,133.0,,244400.0,3348.0,4.0,4.0,1846.0,2026.0,8363.52,singleFamily,89,,,https://www.zillow.com,https://photos.zillowstatic.com/fp/a61363b7bd78a0e95ffd19ba195f164b-p_c.jpg,2026-09-14 14:42,For Sale
96535551,10011 Lennox Ln,75229,Dallas,TX,32.88064,-96.827805,12895000,1125.0,,11844000.0,,6.0,9.0,11460.0,2026.0,1.515,singleFamily,12,5576710.0,2025,https://www.zillow.com,https://photos.zillowstatic.com/fp/32c2e17721ed5a04e2e6503e44321de3-p_c.jpg,2026-09-14 14:42,For Sale
26901772,5750 Phoenix Dr APT 22,75231,Dallas,TX,32.875942,-96.75966,70000,116.0,-5000.0,,1132.0,1.0,1.0,605.0,1981.0,2.007,condo,147,108410.0,2025,https://www.zillow.com,https://photos.zillowstatic.com/fp/08a5036a5eef13d238f3fc173a3f58db-p_c.jpg,2026-09-14 14:42,For Sale
339912156,3636 Silver Maple Ln,75253,Dallas,TX,32.657536,-96.65548,250000,124.0,-20000.0,248800.0,2575.0,4.0,3.0,2014.0,2023.0,,singleFamily,74,321990.0,2025,https://www.zillow.com,https://photos.zillowstatic.com/fp/1a00a054c9fab14038259ee4866d2d48-p_c.jpg,2026-09-14 14:42,For Sale
26867873,7221 Pleasant View Dr,75231,Dallas,TX,32.881367,-96.73662,800000,287.0,,,,3.0,3.0,2785.0,1979.0,9191.16,singleFamily,5,849380.0,2025,https://www.zillow.com,https://photos.zillowstatic.com/fp/0e609318d4db334163a6fa9a6b50fb9d-p_c.jpg,2026-09-14 14:42,For Sale
26912414,714 Jalisco Plz,75211,Dallas,TX,32.718307,-96.902885,224995,147.0,-10005.0,221300.0,2176.0,4.0,3.0,1526.0,2001.0,3005.64,singleFamily,141,245910.0,2025,https://www.zillow.com,https://photos.zillowstatic.com/fp/265e49fc37732c5dcee3a45d074e31bb-p_c.jpg,2026-09-14 14:42,For Sale
465209543,7126 Holly Hill Dr,75231,Dallas,TX,32.87452,-96.759186,475000,734.0,,,,9.0,9.0,647.0,1983.0,0.918,multiFamily,2,,,https://www.zillow.com,https://photos.zillowstatic.com/fp/a38a4b217e3a89cd38d507cff6f9d083-p_c.jpg,2026-09-14 14:42,For Sale
26833627,1810 Bickers St,75212,Dallas,TX,32.786808,-96.84838,550000,229.0,-19000.0,546100.0,4717.0,4.0,4.0,2400.0,2026.0,5401.44,singleFamily,73,255620.0,2025,https://www.zillow.com,https://photos.zillowstatic.com/fp/7c93197a3e4fa4d75bf7bc66024c6dca-p_c.jpg,2026-09-14 14:42,For Sale
26759632,5205 Park Ln,75220,Dallas,TX,32.87472,-96.819115,17750000,1566.0,,,,4.0,7.0,11331.0,2000.0,2.3,singleFamily,27,10831260.0,2025,https://www.zillow.com,https://photos.zillowstatic.com/fp/5e79b72d9c8618b14d84ba9fdb4f9ec2-p_c.jpg,2026-09-14 14:42,For Sale
26912454,2001 Waleska Plz,75211,Dallas,TX,32.717857,-96.90234,200000,155.0,,194100.0,1923.0,3.0,3.0,1288.0,2001.0,1698.84,singleFamily,3,232190.0,2025,https://www.zillow.com,https://photos.zillowstatic.com/fp/b86cd9724a892f08ced190755b48718e-p_c.jpg,2026-09-14 14:42,For Sale
26804228,4745 Crooked Ln,75229,Dallas,TX,32.901352,-96.82594,7950000,1148.0,,4908700.0,5275.0,5.0,7.0,6928.0,2018.0,0.8340000000000001,singleFamily,5,5437450.0,2025,https://www.zillow.com,https://photos.zillowstatic.com/fp/301a0e9bfaca3c881068d5bcd9449c34-p_c.jpg,2026-09-14 14:42,For Sale
26812625,2909 Silverton Dr,75229,Dallas,TX,32.89979,-96.8809,355000,239.0,-19000.0,348200.0,2606.0,3.0,2.0,1488.0,1959.0,8102.16,singleFamily,82,365700.0,2025,https://www.zillow.com,https://photos.zillowstatic.com/fp/ff6e0f9f4ea0b0f4d588e2e04d790d58-p_c.jpg,2026-09-14 14:42,For Sale
26731526,7407 Morton St,75209,Dallas,TX,32.84665,-96.82403,1849000,405.0,-76000.0,1783900.0,7446.0,4.0,4.0,4563.0,2020.0,7492.32,singleFamily,20,1533850.0,2025,https://www.zillow.com,https://photos.zillowstatic.com/fp/d6adb3263eb1575db0be1a9c4040b108-p_c.jpg,2026-09-14 14:42,For Sale
26902285,133 W Greenbriar Ln,75208,Dallas,TX,32.763824,-96.824005,1600000,381.0,,1571300.0,7882.0,4.0,4.0,4200.0,1985.0,0.74,singleFamily,0,1718080.0,2025,https://www.zillow.com,https://photos.zillowstatic.com/fp/4e7b88ff8205cb1bc239ac6eed599e96-p_c.jpg,2026-09-14 14:42,For Sale
80221287,3303 Blackburn St APT 306,75204,Dallas,TX,32.81048,-96.7983,675000,324.0,,650500.0,4394.0,2.0,3.0,2083.0,2001.0,,condo,4,676980.0,2025,https://www.zillow.com,https://photos.zillowstatic.com/fp/b215a70fd106bab3412bceb97b827dda-p_c.jpg,2026-09-14 14:42,For Sale
26888089,9707 Smokefeather Ln,75243,Dallas,TX,32.920444,-96.73845,349000,161.0,,344300.0,2691.0,4.0,3.0,2171.0,1977.0,3267.0,townhome,4,299250.0,2025,https://www.zillow.com,https://photos.zillowstatic.com/fp/fa0f086e8bd1a5a10748c186f8f941a4-p_c.jpg,2026-09-14 14:42,For Sale
26695598,5142 Ridgedale Ave,75206,Dallas,TX,32.825203,-96.782814,990000,359.0,,950800.0,5573.0,4.0,4.0,2756.0,1926.0,7230.96,singleFamily,3,903000.0,2025,https://www.zillow.com,https://photos.zillowstatic.com/fp/29857360bdcb84f30d34a3972dfb833e-p_c.jpg,2026-09-14 14:42,For Sale
26648930,5144 Bellerive Dr,75287,Dallas,TX,32.993107,-96.818954,1125000,257.0,,1076600.0,6458.0,4.0,5.0,4369.0,1990.0,0.25,singleFamily,1,1103501.0,2025,https://www.zillow.com,https://photos.zillowstatic.com/fp/96fd1caa1951a582ef99a012c3729867-p_c.jpg,2026-09-14 14:42,For Sale
26805464,4108 Myerwood Ln,75244,Dallas,TX,32.912834,-96.84075,899000,285.0,,854000.0,5355.0,3.0,4.0,3149.0,1967.0,0.298,singleFamily,1,744560.0,2025,https://www.zillow.com,https://photos.zillowstatic.com/fp/fe1fb85f5a7d632bb5667e24bcf9a3e6-p_c.jpg,2026-09-14 14:42,For Sale
26750994,6396 Abrams Ct,75231,Dallas,TX,32.86111,-96.74454,369000,249.0,-10000.0,364700.0,2263.0,2.0,2.0,1480.0,1980.0,4094.64,singleFamily,148,376000.0,2025,https://www.zillow.com,https://photos.zillowstatic.com/fp/6579eefe10fe52f79b6704876798de9f-p_c.jpg,2026-09-14 14:42,For Sale
26933809,9696 Walnut St APT 505,75243,Dallas,TX,32.922676,-96.72171,69000,76.0,4000.0,,1302.0,2.0,2.0,903.0,1981.0,8.304,condo,27,94820.0,2025,https://www.zillow.com,https://photos.zillowstatic.com/fp/2a2e6b7899d3eaf9a9f5e995225119e1-p_c.jpg,2026-09-14 14:42,For Sale
26728652,1535 Junior Dr,75208,Dallas,TX,32.763325,-96.82843,1675000,592.0,,1589200.0,7752.0,3.0,4.0,2830.0,1958.0,0.374,singleFamily,31,1734340.0,2025,https://www.zillow.com,https://photos.zillowstatic.com/fp/247834586942f434266d435cf2817ada-p_c.jpg,2026-09-14 14:42,For Sale
26755565,6811 Aberdeen Ave,75230,Dallas,TX,32.882484,-96.788025,3250000,582.0,,3036900.0,,4.0,6.0,5582.0,2005.0,0.265,singleFamily,1,2373320.0,2025,https://www.zillow.com,https://photos.zillowstatic.com/fp/c26edcf0a46380374b5d7be00fbc4382-p_c.jpg,2026-09-14 14:42,For Sale
26729168,619 N Oak Cliff Blvd,75208,Dallas,TX,32.75027,-96.854935,635000,432.0,,604400.0,2745.0,2.0,2.0,1471.0,1940.0,8232.84,singleFamily,3,475110.0,2025,https://www.zillow.com,https://photos.zillowstatic.com/fp/9446d7cfd27847ec6934361a691f48b7-p_c.jpg,2026-09-14 14:42,For Sale
26891340,9519 County View Rd,75249,Dallas,TX,32.635117,-96.95368,257000,183.0,,253800.0,2325.0,5.0,2.0,1408.0,1981.0,7056.72,singleFamily,65,281740.0,2025,https://www.zillow.com,https://photos.zillowstatic.com/fp/261335cf707d937767ad18a25c19432e-p_c.jpg,2026-09-14 14:42,For Sale
26797532,6620 Atha Dr,75217,Dallas,TX,32.715034,-96.70654,178999,150.0,,175600.0,1797.0,3.0,2.0,1197.0,1963.0,7579.44,singleFamily,20,212930.0,2025,https://www.zillow.com,https://photos.zillowstatic.com/fp/a73db11fa18342b74325669cf139f7a2-p_c.jpg,2026-09-14 14:42,For Sale
26879909,3883 Antigua Cir,75244,Dallas,TX,32.92041,-96.84846,799900,249.0,-25100.0,,,4.0,3.0,3216.0,1968.0,0.36,singleFamily,72,435070.0,2025,https://www.zillow.com,https://photos.zillowstatic.com/fp/e20f154d8b4fdbec735e37ae07002d0c-p_c.jpg,2026-09-14 14:42,For Sale
26682810,5416 Worth St,75214,Dallas,TX,32.802494,-96.76172,650000,403.0,,666300.0,3248.0,2.0,2.0,1612.0,1920.0,6272.64,singleFamily,3,567660.0,2025,https://www.zillow.com,https://photos.zillowstatic.com/fp/0e7b0a115df0cd4e99d0e6301a77cf5b-p_c.jpg,2026-09-14 14:42,For Sale
26821684,3250 Highland Woods Cir,75241,Dallas,TX,32.682358,-96.765076,156000,139.0,-39000.0,190500.0,1642.0,3.0,2.0,1123.0,1963.0,9844.56,singleFamily,48,257610.0,2025,https://www.zillow.com,https://photos.zillowstatic.com/fp/9389845dbb120d43948417d06faea61c-p_c.jpg,2026-09-14 14:42,For Sale
26727671,2510 W Jefferson Blvd,75211,Dallas,TX,32.74756,-96.85934,290000,199.0,,291200.0,2346.0,3.0,2.0,1456.0,1939.0,6577.56,singleFamily,16,291640.0,2025,https://www.zillow.com,https://photos.zillowstatic.com/fp/bb4ab789b450903bedb995ab5721aa1b-p_c.jpg,2026-09-14 14:42,For Sale
26854212,10619 Longmeadow Dr,75238,Dallas,TX,32.876125,-96.70247,599000,356.0,,,,3.0,2.0,1681.0,1958.0,7710.12,singleFamily,3,513760.0,2025,https://www.zillow.com,https://photos.zillowstatic.com/fp/7bad9fa7a17c5da1a199566a6f211e3c-p_c.jpg,2026-09-14 14:42,For Sale
26751231,7314 Walling Ln,75231,Dallas,TX,32.8585,-96.73386,865000,316.0,-14000.0,841100.0,4442.0,3.0,3.0,2741.0,1981.0,8624.88,singleFamily,41,678560.0,2025,https://www.zillow.com,https://photos.zillowstatic.com/fp/3717a786c833e565ca30b9cef41627fd-p_c.jpg,2026-09-14 14:42,For Sale
26850712,707 Bondstone Dr,75218,Dallas,TX,32.85229,-96.70435,775000,311.0,-50000.0,754700.0,4702.0,3.0,2.0,2488.0,1962.0,0.302,singleFamily,23,875000.0,2025,https://www.zillow.com,https://photos.zillowstatic.com/fp/39b3d6cf62597d382262141b7dff9981-p_c.jpg,2026-09-14 14:42,For Sale
26701927,6939 Pasadena Ave,75214,Dallas,TX,32.81835,-96.73759,2299000,595.0,,2191300.0,,4.0,4.0,3863.0,2009.0,7623.0,singleFamily,2,1628010.0,2025,https://www.zillow.com,https://photos.zillowstatic.com/fp/1e1f66df424b4275362afc09498efdda-p_c.jpg,2026-09-14 14:42,For Sale
69677337,4130 Newton Ave APT F,75219,Dallas,TX,32.81827,-96.80567,199999,166.0,-29001.0,194500.0,2574.0,1.0,2.0,1208.0,1974.0,9191.16,condo,120,320120.0,2025,https://www.zillow.com,https://photos.zillowstatic.com/fp/c40a6de5799a1cafea5a255068e0d553-p_c.jpg,2026-09-14 14:42,For Sale
26832072,8559 S Mediterranean Cir,75238,Dallas,TX,32.865665,-96.69831,815000,393.0,,784100.0,3695.0,4.0,3.0,2073.0,1966.0,0.513,singleFamily,2,809260.0,2025,https://www.zillow.com,https://photos.zillowstatic.com/fp/5a850676918ff61f5e34b03eeccad737-p_c.jpg,2026-09-14 14:42,For Sale
26698597,4523 Metropolitan Ave,75210,Dallas,TX,32.778656,-96.745995,259900,184.0,,259300.0,1819.0,3.0,2.0,1415.0,2026.0,5967.72,singleFamily,38,42450.0,2025,https://www.zillow.com,https://photos.zillowstatic.com/fp/a8fe76d9dd50a73d7c8fa0581b165d53-p_c.jpg,2026-09-14 14:42,For Sale
26869989,9223 Seagrove Dr,75243,Dallas,TX,32.89893,-96.743,739000,310.0,,,,4.0,3.0,2381.0,1972.0,8712.0,singleFamily,9,626080.0,2025,https://www.zillow.com,https://photos.zillowstatic.com/fp/bfcb0134b9dce2ef2d1cc991dc2965c5-p_c.jpg,2026-09-14 14:42,For Sale
96509635,406 Bobbie St,75203,Dallas,TX,32.753376,-96.808304,297500,165.0,5000.0,297300.0,2932.0,3.0,3.0,1802.0,2026.0,3963.96,singleFamily,29,76000.0,2025,https://www.zillow.com,https://photos.zillowstatic.com/fp/fc949ea0238e29c14b572e47c43a0297-p_c.jpg,2026-09-14 14:42,For Sale
26922749,4040 Avondale Ave APT 105,75219,Dallas,TX,32.81725,-96.80738,375000,276.0,,363200.0,2683.0,2.0,3.0,1360.0,1985.0,1.45,condo,2,339000.0,2025,https://www.zillow.com,https://photos.zillowstatic.com/fp/1786adc8e20e159faf00ee110b275802-p_c.jpg,2026-09-14 14:42,For Sale
26727631,311 N Tennant St,75208,Dallas,TX,32.746452,-96.85607,379900,280.0,-10100.0,372600.0,2703.0,3.0,2.0,1359.0,1949.0,6490.44,singleFamily,52,350280.0,2025,https://www.zillow.com,https://photos.zillowstatic.com/fp/632cf1cfd668d84c9312e8f5762e5373-p_c.jpg,2026-09-14 14:42,For Sale
26766682,2606 Fordham Rd,75216,Dallas,TX,32.7058,-96.783295,325000,173.0,-4000.0,324500.0,2350.0,4.0,3.0,1880.0,2022.0,8842.68,singleFamily,86,336650.0,2025,https://www.zillow.com,https://photos.zillowstatic.com/fp/2701c5dd8615133ba6969349c7485302-p_c.jpg,2026-09-14 14:42,For Sale
67957487,6940 Chapelridge Dr,75249,Dallas,TX,32.657593,-96.94592,399999,127.0,-20001.0,397100.0,3590.0,4.0,3.0,3141.0,2003.0,5706.36,singleFamily,46,468610.0,2025,https://www.zillow.com,https://photos.zillowstatic.com/fp/18ff73fe65953a00d14194d18502daa1-p_c.jpg,2026-09-14 14:42,For Sale
26883994,5915 Canterview Dr,75228,Dallas,TX,32.797726,-96.69918,549000,310.0,,530100.0,2575.0,3.0,2.0,1773.0,1964.0,8276.4,singleFamily,0,419970.0,2025,https://www.zillow.com,https://photos.zillowstatic.com/fp/c89fcce8f8f4fb78925e0a6d0fada0e1-p_c.jpg,2026-09-14 14:42,For Sale
96535061,272 W Lawson Rd Trailer 231,75253,Dallas,TX,32.697445,-96.574326,109999,70.0,-24996.0,,,3.0,2.0,1568.0,2021.0,6500.0,manufactured,275,4940.0,2020,https://www.zillow.com,https://photos.zillowstatic.com/fp/f57312f0cebc99483a2e0e7e75d0cb0f-p_c.jpg,2026-09-14 14:42,For Sale
26873262,7441 Alto Caro Dr,75248,Dallas,TX,32.966415,-96.77902,799000,353.0,,777000.0,4755.0,4.0,3.0,2261.0,1970.0,8668.44,singleFamily,4,543100.0,2025,https://www.zillow.com,https://photos.zillowstatic.com/fp/d82aae44633bc04223e06a582c05789a-p_c.jpg,2026-09-14 14:42,For Sale
96503850,1011 S Waverly Dr,75208,Dallas,TX,32.735634,-96.84955,465000,133.0,-10000.0,458600.0,5950.0,5.0,4.0,3506.0,2022.0,7274.52,singleFamily,130,833230.0,2025,https://www.zillow.com,https://photos.zillowstatic.com/fp/18191b0fb386ba9516d4de76b213efe3-p_c.jpg,2026-09-14 14:42,For Sale
26702043,6905 Wabash Cir,75214,Dallas,TX,32.824696,-96.74096,1499000,439.0,-151000.0,1470500.0,6875.0,5.0,3.0,3411.0,1967.0,0.294,singleFamily,108,1453030.0,2025,https://www.zillow.com,https://photos.zillowstatic.com/fp/c1cc4ccc08d3472c675cc0d1a34d9fb9-p_c.jpg,2026-09-14 14:42,For Sale
26833782,1954 Nomas St,75212,Dallas,TX,32.780846,-96.84435,749990,247.0,,740300.0,2510.0,5.0,4.0,3034.0,2026.0,6011.28,singleFamily,1,202930.0,2025,https://www.zillow.com,https://photos.zillowstatic.com/fp/b00ad99621e0c2c1a8ffdce5b7badf3b-p_c.jpg,2026-09-14 14:42,For Sale
26825051,809 Wood River Rd,75232,Dallas,TX,32.676613,-96.83612,357500,152.0,,350500.0,2733.0,4.0,3.0,2357.0,1962.0,0.324,singleFamily,22,427240.0,2025,https://www.zillow.com,https://photos.zillowstatic.com/fp/51e14f029f7364ed189576028abd8427-p_c.jpg,2026-09-14 14:42,For Sale
26681499,2604 Birmingham Ave,75215,Dallas,TX,32.76509,-96.767845,250000,209.0,-20000.0,248400.0,1535.0,3.0,2.0,1196.0,1998.0,6969.6,singleFamily,157,264010.0,2025,https://www.zillow.com,https://photos.zillowstatic.com/fp/3e0477dc8b27d5fe64af0541c6421f17-p_c.jpg,2026-09-14 14:42,For Sale
26783741,2543 E Ann Arbor Ave,75216,Dallas,TX,32.70048,-96.78051,219900,183.0,,217300.0,1823.0,3.0,2.0,1202.0,1940.0,6751.8,singleFamily,5,230170.0,2025,https://www.zillow.com,https://photos.zillowstatic.com/fp/b6dee5365a4ea9e8e41fade0293a1ab6-p_c.jpg,2026-09-14 14:42,For Sale
26870431,14109 Rocksprings Ct,75254,Dallas,TX,32.939625,-96.80179,2350000,461.0,,2194000.0,6952.0,5.0,6.0,5100.0,1980.0,0.646,singleFamily,25,955000.0,2025,https://www.zillow.com,https://photos.zillowstatic.com/fp/56ec86f729d6c94224aaff0f2ecf7e6a-p_c.jpg,2026-09-14 14:42,For Sale
26752796,7142 Lakehurst Ave,75230,Dallas,TX,32.88415,-96.7803,1497000,455.0,,,,5.0,4.0,3290.0,1964.0,0.283,singleFamily,4,1177720.0,2025,https://www.zillow.com,https://photos.zillowstatic.com/fp/38497791253e6aa09682a818db348598-p_c.jpg,2026-09-14 14:42,For Sale
26811255,3111 Rotan Ln,75229,Dallas,TX,32.89156,-96.8752,385000,264.0,,376700.0,2381.0,3.0,2.0,1456.0,1956.0,10018.8,singleFamily,33,332170.0,2025,https://www.zillow.com,https://photos.zillowstatic.com/fp/ce074f2fb582213ad9c1e82178196a35-p_c.jpg,2026-09-14 14:42,For Sale
67964454,4121 McKinney Ave APT 32,75204,Dallas,TX,32.815117,-96.79201,485000,258.0,,467500.0,3621.0,2.0,3.0,1880.0,2003.0,1.98,condo,5,535800.0,2025,https://www.zillow.com,https://photos.zillowstatic.com/fp/843692472709da4f6738a234588d4d4b-p_c.jpg,2026-09-14 14:42,For Sale
26892486,7334 Oakmore Dr,75249,Dallas,TX,32.63114,-96.95059,299897,144.0,-9102.0,,3134.0,4.0,2.0,2083.0,1979.0,6664.68,singleFamily,74,300810.0,2025,https://www.zillow.com,https://photos.zillowstatic.com/fp/df5bdf5606e9132163a16a7f3accc1e3-p_c.jpg,2026-09-14 14:42,For Sale
26863298,5454 Ranchero Ln,75236,Dallas,TX,32.679493,-96.916954,349000,154.0,,352500.0,2742.0,4.0,3.0,2270.0,1967.0,0.941,singleFamily,3,368310.0,2025,https://www.zillow.com,https://photos.zillowstatic.com/fp/a94a2a5bc24ffde4b37d0639cbbaafc0-p_c.jpg,2026-09-14 14:42,For Sale
26752578,7 Queensview Ct,75225,Dallas,TX,32.879448,-96.7782,1325000,328.0,,1293100.0,5903.0,4.0,4.0,4037.0,1980.0,5619.24,singleFamily,1,1472330.0,2025,https://www.zillow.com,https://photos.zillowstatic.com/fp/f1550b52ae6a2e66ea8ada99d0ea9f58-p_c.jpg,2026-09-14 14:42,For Sale
26839451,10578 High Hollows Dr APT 266,75230,Dallas,TX,32.88935,-96.773544,175000,153.0,-5000.0,149900.0,1781.0,2.0,2.0,1141.0,1970.0,10.396,singleFamily,8,216790.0,2025,https://www.zillow.com,https://photos.zillowstatic.com/fp/9ef287cbc240e2652f474ada7aa1e64b-p_c.jpg,2026-09-14 14:42,For Sale
26788501,4105 Dunhaven Rd,75220,Dallas,TX,32.872047,-96.84162,2695000,526.0,,2595800.0,2799.0,5.0,6.0,5119.0,2026.0,9060.48,singleFamily,3,639110.0,2025,https://www.zillow.com,https://photos.zillowstatic.com/fp/2a709dc366ffe2182bacea3ea42e7af2-p_c.jpg,2026-09-14 14:42,For Sale
26887371,16916 Old Pond Dr,75248,Dallas,TX,32.980904,-96.78294,850000,323.0,,820900.0,4150.0,4.0,3.0,2634.0,1977.0,0.309,singleFamily,3,853270.0,2025,https://www.zillow.com,https://photos.zillowstatic.com/fp/81b00eb5b4e086345f0efc924dd8bf78-p_c.jpg,2026-09-14 14:42,For Sale
96514968,1721 Avenue B,75203,Dallas,TX,32.74578,-96.79752,590000,229.0,,581600.0,3914.0,4.0,4.0,2574.0,2026.0,8494.2,singleFamily,57,75000.0,2025,https://www.zillow.com,https://photos.zillowstatic.com/fp/970899856c795b8d4003760d857b86c7-p_c.jpg,2026-09-14 14:42,For Sale
444076160,1535 Caldwell St,75223,Dallas,TX,32.78229,-96.75088,300000,226.0,,294700.0,2221.0,3.0,2.0,1330.0,2024.0,4007.52,singleFamily,8,,,https://www.zillow.com,https://photos.zillowstatic.com/fp/06f3b86da23350cf42271306a738e663-p_c.jpg,2026-09-14 14:42,For Sale
26718307,2739 Kingston St,75211,Dallas,TX,32.734173,-96.86537,274750,208.0,,271600.0,2433.0,3.0,2.0,1320.0,1926.0,6272.64,singleFamily,25,198260.0,2025,https://www.zillow.com,https://photos.zillowstatic.com/fp/7db6fadd91df51bb1d02ef8bce285cc8-p_c.jpg,2026-09-14 14:42,For Sale
333140526,5531 Walnut Hill Ln,75229,Dallas,TX,32.88134,-96.81123,14997000,1250.0,-998000.0,13881100.0,,5.0,9.0,11997.0,2025.0,1.935,singleFamily,188,9628680.0,2025,https://www.zillow.com,https://photos.zillowstatic.com/fp/b66ba1ba3e875d4f7420766b86704a95-p_c.jpg,2026-09-14 14:42,For Sale
26630685,18803 Park Grove Ln,75287,Dallas,TX,33.005474,-96.84118,500000,232.0,,,,3.0,3.0,2158.0,1993.0,5662.8,singleFamily,0,448280.0,2025,https://www.zillow.com,https://photos.zillowstatic.com/fp/65fa096a14e2218b48b51028ac963619-p_c.jpg,2026-09-14 14:42,For Sale
26758303,10748 Saint Lazare Dr,75229,Dallas,TX,32.89435,-96.83415,1575000,505.0,,,,4.0,3.0,3118.0,1961.0,0.37900000000000006,singleFamily,4,1350270.0,2025,https://www.zillow.com,https://photos.zillowstatic.com/fp/212a6b60f1bb53c2f2aacdf5f2e9edd8-p_c.jpg,2026-09-14 14:42,For Sale
26904817,6218 Everglade Rd,75227,Dallas,TX,32.78552,-96.69694,355000,163.0,-5000.0,354100.0,2720.0,4.0,3.0,2180.0,1998.0,6751.8,singleFamily,69,355880.0,2025,https://www.zillow.com,https://photos.zillowstatic.com/fp/fd92f91e0cfcf83e7ff7a635b6b2468b-p_c.jpg,2026-09-14 14:42,For Sale
162813576,6527 Arborist Ln,75214,Dallas,TX,32.853184,-96.74714,625000,285.0,,608300.0,4077.0,3.0,3.0,2191.0,2015.0,3746.16,singleFamily,3,650310.0,2025,https://www.zillow.com,https://photos.zillowstatic.com/fp/9d7f6709e728391469ac55fdb1f58d4e-p_c.jpg,2026-09-14 14:42,For Sale
26754705,6034 Park Ln,75225,Dallas,TX,32.87305,-96.80267,4449000,693.0,,2864800.0,,5.0,7.0,6422.0,2001.0,0.4429981634527089,singleFamily,2,2800000.0,2025,https://www.zillow.com,https://photos.zillowstatic.com/fp/1523129ecb8497fc39a79704780031d1-p_c.jpg,2026-09-14 14:42,For Sale
67965717,5934 Sandhurst Ln APT 208,75206,Dallas,TX,32.843716,-96.764015,285000,264.0,,329400.0,1850.0,2.0,2.0,1080.0,1967.0,4.675,condo,3,351000.0,2025,https://www.zillow.com,https://photos.zillowstatic.com/fp/5fb1ac60e7757dc407d9586d200f869b-p_c.jpg,2026-09-14 14:42,For Sale
67951348,4129 Easter Ave,75216,Dallas,TX,32.700993,-96.791275,239500,200.0,,238600.0,1837.0,3.0,2.0,1198.0,2004.0,6969.6,singleFamily,3,215920.0,2025,https://www.zillow.com,https://photos.zillowstatic.com/fp/75afeff84b1b562d8c2631a6863fb835-p_c.jpg,2026-09-14 14:42,For Sale
96491853,2503 Lawrence St,75215,Dallas,TX,32.752163,-96.75668,335000,172.0,,,,3.0,3.0,1950.0,2025.0,6664.68,singleFamily,10,50000.0,2025,https://www.zillow.com,https://photos.zillowstatic.com/fp/f0a8f8f11d26518a831e1a2890aee426-p_c.jpg,2026-09-14 14:42,For Sale
300036720,1527 Hickory St,75215,Dallas,TX,32.76908,-96.7874,293664,207.0,-205336.0,292500.0,2178.0,2.0,3.0,1418.0,2021.0,2352.0,singleFamily,121,463230.0,2025,https://www.zillow.com,https://photos.zillowstatic.com/fp/6040d22a17c122b1448e87b0ecea2eff-p_c.jpg,2026-09-14 14:42,For Sale
460665073,2925 Spruce Valley Ln #402,75233,Dallas,TX,32.712906,-96.87679,289000,196.0,-58000.0,,,3.0,2.0,1477.0,2026.0,1.7148,townhome,109,,,https://www.zillow.com,https://photos.zillowstatic.com/fp/043fb56795a5bef76217cd67ccab7072-p_c.jpg,2026-09-14 14:42,For Sale
96515601,4211 Rawlins St Unit 347,75219,Dallas,TX,32.81473,-96.81203,549999,338.0,,533300.0,2986.0,2.0,3.0,1628.0,2006.0,2.531,condo,2,420840.0,2025,https://www.zillow.com,https://photos.zillowstatic.com/fp/45091c9e4b99b28ae1614840c61b5f71-p_c.jpg,2026-09-14 14:42,For Sale
26866605,9553 Estate Ln,75238,Dallas,TX,32.884174,-96.722694,890000,380.0,,854500.0,2891.0,3.0,3.0,2342.0,1965.0,10236.6,singleFamily,3,789320.0,2025,https://www.zillow.com,https://photos.zillowstatic.com/fp/bd7e219cdc21eb30706bf3f18e00d571-p_c.jpg,2026-09-14 14:42,For Sale
302787562,2515 Old Mill Rd,75287,Carrollton,TX,32.98999,-96.869675,400000,231.0,-19900.0,392200.0,2917.0,3.0,2.0,1730.0,1982.0,7840.8,singleFamily,135,402838.0,2025,https://www.zillow.com,https://photos.zillowstatic.com/fp/e10ea22e6301f5f94b3426ecf508abe0-p_c.jpg,2026-09-14 14:42,For Sale
26873071,15745 Havenrock Cir,75248,Dallas,TX,32.9643,-96.78187,669000,273.0,-6000.0,657400.0,4940.0,4.0,3.0,2447.0,1970.0,7361.64,singleFamily,81,487960.0,2025,https://www.zillow.com,https://photos.zillowstatic.com/fp/55445e4a9bd873c12a893424317c1985-p_c.jpg,2026-09-14 14:42,For Sale
248745541,7575 Saddleridge Dr,75249,Dallas,TX,32.647964,-96.956184,449990,163.0,,443800.0,3438.0,4.0,2.0,2756.0,2017.0,0.261,singleFamily,2,459150.0,2025,https://www.zillow.com,https://photos.zillowstatic.com/fp/bad18c78d1a3ae440cf9e49aa2990121-p_c.jpg,2026-09-14 14:42,For Sale
26825034,5427 Longleaf Ln,75232,Dallas,TX,32.679256,-96.835014,265800,129.0,,351700.0,3162.0,4.0,3.0,2064.0,1962.0,0.26899999999999996,singleFamily,1,313330.0,2025,https://www.zillow.com,https://photos.zillowstatic.com/fp/815cc874ece6ec66e64f8b867e06ceaf-p_c.jpg,2026-09-14 14:42,For Sale
26738498,3802 Poinsettia Dr,75211,Dallas,TX,32.724174,-96.88216,255000,238.0,,,,3.0,1.0,1072.0,1950.0,7858.224,singleFamily,5,208370.0,2025,https://www.zillow.com,https://photos.zillowstatic.com/fp/9ca2696a9bb17868cd071bf79c75273d-p_c.jpg,2026-09-14 14:42,For Sale
83998286,1910 McBroom St,75212,Dallas,TX,32.782375,-96.85081,329000,287.0,-10900.0,323100.0,2507.0,4.0,2.0,1145.0,2007.0,5749.92,singleFamily,20,324950.0,2025,https://www.zillow.com,https://photos.zillowstatic.com/fp/a5c12cbb9efa80a0f810eb7e4ca81017-p_c.jpg,2026-09-14 14:42,For Sale
26831068,2640 Lakeland Dr,75228,Dallas,TX,32.807304,-96.696335,325900,181.0,,,,3.0,2.0,1803.0,1964.0,8450.64,singleFamily,1,427620.0,2025,https://www.zillow.com,https://photos.zillowstatic.com/fp/a4ba17aa10dfae16846043242bfeae09-p_c.jpg,2026-09-14 14:42,For Sale
26754258,6811 Del Norte Ln,75225,Dallas,TX,32.868965,-96.78791,1499000,396.0,,,,4.0,5.0,3789.0,2015.0,4791.6,singleFamily,3,1492580.0,2025,https://www.zillow.com,https://photos.zillowstatic.com/fp/8a2b2b3e3d00a00ff08c6ab8e2106ff1-p_c.jpg,2026-09-14 14:42,For Sale
26851667,13127 Flagstone Ln,75240,Dallas,TX,32.92713,-96.77451,375000,240.0,,360000.0,2375.0,4.0,2.0,1564.0,1960.0,9060.0,singleFamily,2,368190.0,2025,https://www.zillow.com,https://photos.zillowstatic.com/fp/1017150d56711b8b3aa91f39f4b3df7d-p_c.jpg,2026-09-14 14:42,For Sale
26717497,1119 N Winnetka Ave,75208,Dallas,TX,32.757988,-96.840576,1050000,303.0,-95000.0,1022300.0,6619.0,4.0,4.0,3468.0,1925.0,7753.68,singleFamily,108,900000.0,2025,https://www.zillow.com,https://photos.zillowstatic.com/fp/fc13bb38a5559bfb942e01a1d28b5682-p_c.jpg,2026-09-14 14:42,For Sale
26800255,8540 Foxwood Ln,75217,Dallas,TX,32.7439,-96.67169,232000,143.0,,,,3.0,2.0,1620.0,1962.0,7548.948,singleFamily,4,254890.0,2025,https://www.zillow.com,https://photos.zillowstatic.com/fp/52b387b5eee05d8957bac01ed953a00c-p_c.jpg,2026-09-14 14:42,For Sale
26847744,9745 Ash Creek Dr,75228,Dallas,TX,32.826153,-96.68978,427800,262.0,,,,3.0,2.0,1632.0,1955.0,7405.2,singleFamily,3,419150.0,2025,https://www.zillow.com,https://photos.zillowstatic.com/fp/b57be51a429ba4820abe6fdeadd9e0fe-p_c.jpg,2026-09-14 14:42,For Sale
26845807,3130 Hillglenn Rd,75228,Dallas,TX,32.82828,-96.68337,298000,263.0,,,2121.0,3.0,2.0,1135.0,1955.0,7865.0,singleFamily,57,266380.0,2025,https://www.zillow.com,https://photos.zillowstatic.com/fp/a9ff53e2a8d4dff3f1024deb3d6d4a57-p_c.jpg,2026-09-14 14:42,For Sale
465085974,2206 Dyson St,75215,Dallas,TX,32.741863,-96.75671,309990,188.0,,,,3.0,3.0,1650.0,2026.0,5401.44,singleFamily,7,,,https://www.zillow.com,https://photos.zillowstatic.com/fp/73d4b360f729d296d5f88949a39d58c0-p_c.jpg,2026-09-14 14:42,For Sale
26766886,2130 Kathleen Ave,75216,Dallas,TX,32.7037,-96.7933,379000,180.0,,376000.0,2911.0,5.0,3.0,2100.0,2025.0,7143.84,singleFamily,31,70000.0,2025,https://www.zillow.com,https://photos.zillowstatic.com/fp/83a5a5cbb202ac44d304eba5ea82939e-p_c.jpg,2026-09-14 14:42,For Sale
26749726,7432 E Northwest Hwy #112,75231,Dallas,TX,32.853424,-96.73328,267500,201.0,,,2249.0,2.0,3.0,1331.0,1973.0,4.541000918273646,condo,52,295000.0,2025,https://www.zillow.com,https://photos.zillowstatic.com/fp/820349d310d4d5b0b11deea27e6cc638-p_c.jpg,2026-09-14 14:42,For Sale
67962082,3164 Saint Dominic Cir,75233,Dallas,TX,32.709225,-96.87288,284900,145.0,-10000.0,,,4.0,3.0,1960.0,2004.0,8058.6,singleFamily,89,298530.0,2025,https://www.zillow.com,https://photos.zillowstatic.com/fp/108cfe79fb06d993b35985bd04a6d586-p_c.jpg,2026-09-14 14:42,For Sale
26913413,13234 Woodbend Ln,75243,Dallas,TX,32.918724,-96.730934,250000,164.0,,242400.0,1990.0,3.0,3.0,1528.0,1982.0,2221.56,townhome,4,310600.0,2025,https://www.zillow.com,https://photos.zillowstatic.com/fp/89e9155b2f03e5bea3628d31d766d2ae-p_c.jpg,2026-09-14 14:42,For Sale
96521600,6641 Happy Trails Dr,75241,Dallas,TX,32.65712,-96.76531,275000,193.0,,272800.0,2019.0,3.0,2.0,1424.0,2010.0,6534.0,singleFamily,1,249580.0,2025,https://www.zillow.com,https://photos.zillowstatic.com/fp/8eac2140b166a8a8c90a26e169cb68cd-p_c.jpg,2026-09-14 14:42,For Sale
26784142,3207 Fordham Rd,75216,Dallas,TX,32.713108,-96.76982,169000,144.0,,,1720.0,3.0,1.0,1176.0,1953.0,0.3721303948576676,singleFamily,32,189870.0,2025,https://www.zillow.com,https://photos.zillowstatic.com/fp/3432d17dd35642aea039d4668dc9a4ce-p_c.jpg,2026-09-14 14:42,For Sale
26739916,1806 Lakeland Dr,75218,Dallas,TX,32.817528,-96.70729,550000,430.0,,523300.0,4619.0,2.0,1.0,1279.0,1950.0,8668.44,singleFamily,3,530000.0,2025,https://www.zillow.com,https://photos.zillowstatic.com/fp/ebf97797363d7d0efe6d78bb940b2cba-p_c.jpg,2026-09-14 14:42,For Sale
26926324,2220 Canton St APT 409,75201,Dallas,TX,32.780212,-96.7885,469000,283.0,,445000.0,3995.0,1.0,2.0,1657.0,1925.0,0.9590000000000001,condo,3,505390.0,2025,https://www.zillow.com,https://photos.zillowstatic.com/fp/0c80870012dcfabb654c3368455da183-p_c.jpg,2026-09-14 14:42,For Sale
26704305,5552 Longview St,75206,Dallas,TX,32.830616,-96.77247,1250000,394.0,,,,4.0,5.0,3169.0,2023.0,3659.04,singleFamily,2,1035470.0,2025,https://www.zillow.com,https://photos.zillowstatic.com/fp/8414300cea436a3cc3743cf9595a9136-p_c.jpg,2026-09-14 14:42,For Sale
96513896,10617 Bridge Hollow Ct,75229,Dallas,TX,32.891712,-96.821815,11500000,785.0,,,,6.0,10.0,14653.0,2018.0,1.442,singleFamily,30,13054400.0,2025,https://www.zillow.com,https://photos.zillowstatic.com/fp/1cad1d90350deecefe93978d5081628a-p_c.jpg,2026-09-14 14:42,For Sale
26915218,5916 Wisdom Creek Dr,75249,Dallas,TX,32.651264,-96.97505,424999,177.0,-5000.0,420800.0,3428.0,4.0,3.0,2403.0,1999.0,7884.36,singleFamily,46,353010.0,2025,https://www.zillow.com,https://photos.zillowstatic.com/fp/73f8a6fddeda351b18c9a5e1ca2f4fb5-p_c.jpg,2026-09-14 14:42,For Sale
26806689,10127 Coppedge Ln,75229,Dallas,TX,32.884056,-96.851234,1175000,514.0,,1122200.0,4005.0,3.0,3.0,2286.0,1955.0,0.361,singleFamily,5,925000.0,2025,https://www.zillow.com,https://photos.zillowstatic.com/fp/1210d4f2a6614e1d8d94dac25c9740fa-p_c.jpg,2026-09-14 14:42,For Sale
26694940,5834 Monticello Ave,75206,Dallas,TX,32.826736,-96.766426,1299900,474.0,,1253500.0,4726.0,4.0,3.0,2740.0,1926.0,7100.28,singleFamily,9,989000.0,2025,https://www.zillow.com,https://photos.zillowstatic.com/fp/caf11f65f07a71ac337df234ee1afa63-p_c.jpg,2026-09-14 14:42,For Sale
26909067,9419 Culberson St,75227,Dallas,TX,32.765427,-96.65991,135000,103.0,,153600.0,1517.0,3.0,2.0,1306.0,1983.0,3397.68,singleFamily,4,159570.0,2025,https://www.zillow.com,https://photos.zillowstatic.com/fp/b71be0e5a34f4fc3f37cee6a432bba3b-p_c.jpg,2026-09-14 14:42,For Sale
26787728,3618 Marsh Lane Pl,75220,Dallas,TX,32.87916,-96.85715,298430,108.0,,654900.0,5941.0,4.0,4.0,2776.0,1953.0,7535.88,singleFamily,5,409250.0,2025,https://www.zillow.com,https://photos.zillowstatic.com/fp/b181333ad4f52eb63ccdc931770f1990-p_c.jpg,2026-09-14 14:42,For Sale
26913015,16618 Cleary Cir,75248,Dallas,TX,32.983387,-96.77139,450000,229.0,,444100.0,2260.0,3.0,2.0,1969.0,1984.0,5227.2,singleFamily,9,435000.0,2025,https://www.zillow.com,https://photos.zillowstatic.com/fp/e3b88382945e9c995642eaa41e93b712-p_c.jpg,2026-09-14 14:42,For Sale
26887031,9639 Vista Oaks Dr,75243,Dallas,TX,32.895653,-96.73368,749000,231.0,,721400.0,5987.0,4.0,3.0,3248.0,1976.0,9713.88,singleFamily,2,793190.0,2025,https://www.zillow.com,https://photos.zillowstatic.com/fp/3beb99016d9b4a084d7d793b8830c904-p_c.jpg,2026-09-14 14:42,For Sale
162180688,5211 Goodwin Ave,75206,Dallas,TX,32.82377,-96.781876,899900,588.0,,,,2.0,2.0,1531.0,1925.0,8015.04,singleFamily,3,817540.0,2025,https://www.zillow.com,https://photos.zillowstatic.com/fp/299ad50f03a776e84d1d665ab7c9e6c2-p_c.jpg,2026-09-14 14:42,For Sale
26686239,1716 Marburg St,75215,Dallas,TX,32.75034,-96.763245,400000,221.0,,364300.0,2828.0,4.0,2.0,1807.0,2026.0,7501.032,singleFamily,13,67500.0,2025,https://www.zillow.com,https://photos.zillowstatic.com/fp/dc9cd92f8155ceeec3399b89fb47db03-p_c.jpg,2026-09-14 14:42,For Sale
26772122,917 De Witt Cir,75224,Dallas,TX,32.720097,-96.83782,275000,183.0,-10000.0,,,3.0,2.0,1503.0,1953.0,0.252,singleFamily,60,160260.0,2020,https://www.zillow.com,https://photos.zillowstatic.com/fp/74ab85ef3ad816b9f0fbbe3b047a3bb3-p_c.jpg,2026-09-14 14:42,For Sale
26883793,8036 Woodhue Cir,75228,Dallas,TX,32.796597,-96.705666,284900,114.0,-10000.0,286500.0,5890.0,4.0,2.0,2490.0,1963.0,10541.52,singleFamily,338,501050.0,2025,https://www.zillow.com,https://photos.zillowstatic.com/fp/fffe6c74b1eeb4948f64c09c4b5f2472-p_c.jpg,2026-09-14 14:42,For Sale
26680077,4129 Bowser Ave,75219,Dallas,TX,32.816257,-96.80915,680000,172.0,-28000.0,,,3.0,3.0,3956.0,1927.0,6141.96,singleFamily,108,1039410.0,2025,https://www.zillow.com,https://photos.zillowstatic.com/fp/58aaeebd5318249c8317fa1e5fe51600-p_c.jpg,2026-09-14 14:42,For Sale
2070604054,4223 Delano Pl #103,75204,Dallas,TX,32.802887,-96.78494,449500,253.0,,,,2.0,3.0,1780.0,2021.0,6751.8,townhome,10,,,https://www.zillow.com,https://photos.zillowstatic.com/fp/1dbc9f0b18dc02139fb11d50e182cd89-p_c.jpg,2026-09-14 14:42,For Sale
26739325,8522 Park Ln APT 15,75231,Dallas,TX,32.87035,-96.75758,215000,101.0,-5000.0,206700.0,2124.0,3.0,3.0,2120.0,1979.0,1.235,condo,100,275600.0,2025,https://www.zillow.com,https://photos.zillowstatic.com/fp/93074ac32cf753c068a038fb0c32d087-p_c.jpg,2026-09-14 14:42,For Sale
26891176,7410 Boisenberry Ln,75249,Dallas,TX,32.645645,-96.95113,290000,119.0,5000.0,288200.0,3029.0,4.0,3.0,2435.0,1981.0,7710.12,singleFamily,44,318010.0,2025,https://www.zillow.com,https://photos.zillowstatic.com/fp/05e84fc718b2ffe22589eac2626dda3b-p_c.jpg,2026-09-14 14:42,For Sale
26681914,3883 Turtle Creek Blvd APT 909,75219,Dallas,TX,32.815575,-96.79938,285000,362.0,,272300.0,1825.0,1.0,1.0,787.0,1963.0,3.159,condo,2,251840.0,2025,https://www.zillow.com,https://photos.zillowstatic.com/fp/779ffd75dd7e0143466a6cc8246133d4-p_c.jpg,2026-09-14 14:42,For Sale
26815643,451 Southport Dr,75232,Dallas,TX,32.657856,-96.828186,219845,157.0,-20152.0,217300.0,1962.0,4.0,2.0,1404.0,1956.0,8363.52,singleFamily,49,216240.0,2025,https://www.zillow.com,https://photos.zillowstatic.com/fp/21b5ba1d349f9a3bd391c693f88f33c0-p_c.jpg,2026-09-14 14:42,For Sale
96533947,3803 Kenilworth St,75210,Dallas,TX,32.765114,-96.74373,94900,141.0,-10000.0,,,3.0,1.0,672.0,2020.0,4573.8,singleFamily,48,130130.0,2025,https://www.zillow.com,https://photos.zillowstatic.com/fp/4b64e6369e2d03c5bf6628fa60db0eba-p_c.jpg,2026-09-14 14:42,For Sale
84003823,206 River Rock Dr,75217,Dallas,TX,32.71476,-96.71218,225000,146.0,-29799.0,224400.0,1804.0,3.0,3.0,1545.0,2007.0,4225.32,singleFamily,69,217880.0,2025,https://www.zillow.com,https://photos.zillowstatic.com/fp/788b209fceac37d92b4123562f166ba0-p_c.jpg,2026-09-14 14:42,For Sale
26688585,2662 Sutton St,75210,Dallas,TX,32.769844,-96.74801,249900,156.0,,249100.0,2121.0,3.0,3.0,1604.0,2025.0,4007.52,singleFamily,25,221190.0,2025,https://www.zillow.com,https://photos.zillowstatic.com/fp/39f6f892bf7158f2c01a96ac0cfac8e0-p_c.jpg,2026-09-14 14:42,For Sale
26754784,6635 Park Ln,75225,Dallas,TX,32.87375,-96.79011,2995000,537.0,,,,5.0,5.0,5582.0,2014.0,9713.88,singleFamily,4,2554000.0,2025,https://www.zillow.com,https://photos.zillowstatic.com/fp/1a00ee90d94cdcc4314d78d457385ebd-p_c.jpg,2026-09-14 14:42,For Sale
26875160,16212 Spring Creek Rd,75248,Dallas,TX,32.9742,-96.77387,1124000,345.0,-25000.0,1079600.0,5375.0,4.0,4.0,3255.0,1975.0,0.258,singleFamily,11,939570.0,2025,https://www.zillow.com,https://photos.zillowstatic.com/fp/cb674fba53ceb16efed894628bd03317-p_c.jpg,2026-09-14 14:42,For Sale
26715382,818 E Woodin Blvd,75216,Dallas,TX,32.72244,-96.81238,235000,180.0,,228300.0,1927.0,3.0,2.0,1304.0,1917.0,8015.04,singleFamily,4,259520.0,2025,https://www.zillow.com,https://photos.zillowstatic.com/fp/4b27c08c642954a63b1f940b6a9ae8e0-p_c.jpg,2026-09-14 14:42,For Sale
96525453,4505 Crown Knoll Cir,75232,Dallas,TX,32.688984,-96.83224,699000,231.0,,687700.0,4433.0,4.0,4.0,3028.0,2026.0,0.569,singleFamily,7,108500.0,2025,https://www.zillow.com,https://photos.zillowstatic.com/fp/516ab593fba78715ad522e762a80a7dd-p_c.jpg,2026-09-14 14:42,For Sale
26689073,5610 Gaston Ave,75214,Dallas,TX,32.806328,-96.76127,1150000,395.0,,1088300.0,5271.0,4.0,3.0,2915.0,1923.0,0.301,singleFamily,6,650000.0,2025,https://www.zillow.com,https://photos.zillowstatic.com/fp/e2e548ade28fdf58f24825c6e79b2efc-p_c.jpg,2026-09-14 14:42,For Sale
26929927,6248 Oram St APT 14,75214,Dallas,TX,32.81354,-96.75685,120000,175.0,,130700.0,1761.0,1.0,1.0,685.0,1983.0,0.308,condo,2,147280.0,2025,https://www.zillow.com,https://photos.zillowstatic.com/fp/fb3cdabd1d657f36f67c2206f9c358d7-p_c.jpg,2026-09-14 14:42,For Sale
26848568,13216 Hillcrest Rd,75240,Dallas,TX,32.92971,-96.785706,1100000,249.0,-70000.0,1053600.0,7156.0,7.0,7.0,4425.0,1981.0,0.5670000000000001,singleFamily,137,955730.0,2025,https://www.zillow.com,https://photos.zillowstatic.com/fp/6b569e1e7e422c4c74e18510d6847dc6-p_c.jpg,2026-09-14 14:42,For Sale
26797484,233 Creek Cove Dr,75217,Dallas,TX,32.715996,-96.71027,120000,120.0,-5000.0,117600.0,1702.0,3.0,2.0,996.0,1972.0,3659.04,townhome,166,159860.0,2025,https://www.zillow.com,https://photos.zillowstatic.com/fp/0f02eda6c1f4e43c0ffc70463bf1bdcd-p_c.jpg,2026-09-14 14:42,For Sale
464436049,820 Lambert St,75203,Dallas,TX,32.739807,-96.794914,440000,144.0,-30000.0,439800.0,4312.0,5.0,4.0,3060.0,2026.0,8624.88,singleFamily,34,,,https://www.zillow.com,https://photos.zillowstatic.com/fp/f56051ae2b68ad5e18d413cf0700ea32-p_c.jpg,2026-09-14 14:42,For Sale
26871627,7429 Tangleglen Dr,75248,Dallas,TX,32.951626,-96.77923,795000,319.0,,790400.0,3971.0,4.0,4.0,2491.0,1968.0,0.278,singleFamily,5,844580.0,2025,https://www.zillow.com,https://photos.zillowstatic.com/fp/88bcd609b7cfa138157177c2711fba31-p_c.jpg,2026-09-14 14:42,For Sale
26902553,4025 Wellingshire Ln,75220,Dallas,TX,32.864536,-96.84393,1175000,398.0,,1126700.0,6686.0,3.0,3.0,2949.0,1996.0,6446.88,singleFamily,3,950500.0,2025,https://www.zillow.com,https://photos.zillowstatic.com/fp/ade254fa6faf89a9c5bdec952e6b3e6c-p_c.jpg,2026-09-14 14:42,For Sale
26852244,13545 Flagstone Ln,75240,Dallas,TX,32.932228,-96.76995,349000,166.0,-20000.0,340600.0,2906.0,4.0,2.0,2100.0,1956.0,9844.56,singleFamily,38,280580.0,2025,https://www.zillow.com,https://photos.zillowstatic.com/fp/a6a326c33bfb073c33a69c13745063e6-p_c.jpg,2026-09-14 14:42,For Sale
26588508,4212 Joshua Ln,75287,Dallas,TX,32.99952,-96.83774,545000,214.0,-20000.0,538500.0,3677.0,4.0,3.0,2551.0,1981.0,8712.0,singleFamily,108,491420.0,2025,https://www.zillow.com,https://photos.zillowstatic.com/fp/1ebfeb6a5ff5587357fb8301d0bdd990-p_c.jpg,2026-09-14 14:42,For Sale
26850845,8923 Rolling Rock Ln,75238,Dallas,TX,32.870514,-96.694145,520000,308.0,,502100.0,3140.0,3.0,2.0,1688.0,1956.0,0.254,singleFamily,53,534000.0,2025,https://www.zillow.com,https://photos.zillowstatic.com/fp/3982c902399270ee091885c4a858b59f-p_c.jpg,2026-09-14 14:42,For Sale
26691618,5202 Miller Ave,75206,Dallas,TX,32.820984,-96.7822,1350000,468.0,,1287300.0,5774.0,3.0,3.0,2882.0,2009.0,7230.96,singleFamily,2,1179350.0,2025,https://www.zillow.com,https://photos.zillowstatic.com/fp/9b576c2ae9b90d419ed0db8e23687ff6-p_c.jpg,2026-09-14 14:42,For Sale
26835510,3030 Weisenberger Dr,75212,Dallas,TX,32.77963,-96.8966,585000,140.0,,578300.0,5614.0,5.0,4.0,4180.0,2013.0,0.355,singleFamily,56,624970.0,2025,https://www.zillow.com,https://photos.zillowstatic.com/fp/5edf0602732760192774a21536006c4f-p_c.jpg,2026-09-14 14:42,For Sale
26732724,6402 Vanderbilt Ave,75214,Dallas,TX,32.824703,-96.75266,774500,456.0,,752200.0,4101.0,3.0,2.0,1700.0,1949.0,7405.2,singleFamily,3,620000.0,2025,https://www.zillow.com,https://photos.zillowstatic.com/fp/305c83a3e57b5cf30005a006cd687ce2-p_c.jpg,2026-09-14 14:42,For Sale
162224616,4120 Cochran Chapel Rd,75209,Dallas,TX,32.86009,-96.84106,7995000,994.0,,6339500.0,,5.0,7.0,8044.0,2006.0,3.0,singleFamily,10,5042930.0,2025,https://www.zillow.com,https://photos.zillowstatic.com/fp/98cf9ff1d937ab81a32f09c2a84ad12b-p_c.jpg,2026-09-14 14:42,For Sale
26689170,5643 Swiss Ave,75214,Dallas,TX,32.808784,-96.76255,2995000,582.0,,,,5.0,5.0,5145.0,1929.0,0.401,singleFamily,17,2330000.0,2025,https://www.zillow.com,https://photos.zillowstatic.com/fp/08ad965f59c7ed0fec3acfa191301d3a-p_c.jpg,2026-09-14 14:42,For Sale
67957256,7739 Buford Dr,75241,Dallas,TX,32.654243,-96.814156,259999,206.0,,257900.0,1903.0,3.0,2.0,1260.0,2003.0,5749.92,singleFamily,13,239830.0,2025,https://www.zillow.com,https://photos.zillowstatic.com/fp/04ef5a2834584d82ef00868fd44b5d14-p_c.jpg,2026-09-14 14:42,For Sale
26903209,1 Cavendish Ct,75225,Dallas,TX,32.872147,-96.78203,1375000,419.0,,1092400.0,5270.0,3.0,3.0,3278.0,1983.0,7436.0,singleFamily,0,947230.0,2025,https://www.zillow.com,https://photos.zillowstatic.com/fp/bdf90720a75610182c3c72b91f0be177-p_c.jpg,2026-09-14 14:42,For Sale
402161874,1114 E Woodin Blvd,75216,Dallas,TX,32.7224,-96.808624,389000,185.0,-6000.0,,,4.0,3.0,2099.0,2024.0,10105.92,singleFamily,38,422810.0,2025,https://www.zillow.com,https://photos.zillowstatic.com/fp/1ff6f1f9beb47a8dbb7abc21eb4cd460-p_c.jpg,2026-09-14 14:42,For Sale
26803661,5835 Del Roy Dr,75230,Dallas,TX,32.905796,-96.80646,1825000,619.0,,1727000.0,5178.0,3.0,3.0,2949.0,1953.0,0.369,singleFamily,2,1216390.0,2025,https://www.zillow.com,https://photos.zillowstatic.com/fp/affcc9c60a3c125075d7512955b9990e-p_c.jpg,2026-09-14 14:42,For Sale
96511232,3023 Mallory Dr,75216,Dallas,TX,32.706535,-96.76601,449999,195.0,,446900.0,3027.0,4.0,4.0,2305.0,2026.0,0.32,singleFamily,15,65000.0,2025,https://www.zillow.com,https://photos.zillowstatic.com/fp/ad271ffefc2e146a1a5cec53d2a9b1b3-p_c.jpg,2026-09-14 14:42,For Sale
26690629,5326 Vickery Blvd,75206,Dallas,TX,32.82209,-96.77877,1135000,485.0,,,,3.0,3.0,2340.0,1920.0,8494.2,singleFamily,4,865540.0,2025,https://www.zillow.com,https://photos.zillowstatic.com/fp/bd22a7e7427eaac55b54c5b9584a29db-p_c.jpg,2026-09-14 14:42,For Sale
26736935,4319 Glenhaven Blvd,75211,Dallas,TX,32.72941,-96.89064,258000,235.0,,251900.0,1869.0,3.0,2.0,1096.0,1944.0,6446.88,singleFamily,41,242000.0,2025,https://www.zillow.com,https://photos.zillowstatic.com/fp/87db82da9fa44175b8404b83002e66c1-p_c.jpg,2026-09-14 14:42,For Sale
26872825,6015 Blue Bay Dr,75248,Dallas,TX,32.97433,-96.80337,535000,209.0,,518800.0,4449.0,3.0,3.0,2559.0,1978.0,7535.88,singleFamily,17,557330.0,2025,https://www.zillow.com,https://photos.zillowstatic.com/fp/4ecb3b3c6466b2a9e8542559183f1902-p_c.jpg,2026-09-14 14:42,For Sale
26586072,4208 Bretton Bay Cir,75287,Dallas,TX,32.99047,-96.83813,699995,188.0,-8005.0,683200.0,5799.0,5.0,5.0,3731.0,1978.0,0.29,singleFamily,144,854163.0,2025,https://www.zillow.com,https://photos.zillowstatic.com/fp/0d1b05968138dd2efb376093cef5f2a7-p_c.jpg,2026-09-14 14:42,For Sale
26751082,7336 Edgerton Dr,75231,Dallas,TX,32.85737,-96.73452,500000,373.0,,487000.0,2286.0,2.0,2.0,1342.0,1954.0,7710.12,singleFamily,3,536060.0,2025,https://www.zillow.com,https://photos.zillowstatic.com/fp/98397fb1d91b95431590ecdbb1491b13-p_c.jpg,2026-09-14 14:42,For Sale
26911681,3024 Encino Dr,75228,Dallas,TX,32.84708,-96.66352,369999,135.0,,,,4.0,3.0,2747.0,1991.0,10062.36,singleFamily,11,378110.0,2025,https://www.zillow.com,https://photos.zillowstatic.com/fp/2246b31cdd13f01b291b1c1e771bd1bd-p_c.jpg,2026-09-14 14:42,For Sale
26758759,4625 Walnut Hill Ln,75229,Dallas,TX,32.880646,-96.82968,6695000,565.0,445000.0,6399500.0,,5.0,8.0,11858.0,2024.0,0.96,singleFamily,11,8023830.0,2025,https://www.zillow.com,https://photos.zillowstatic.com/fp/75a480674df140b8453ed6fbbd3ec065-p_c.jpg,2026-09-14 14:42,For Sale
67964681,4104 N Hall St #334,75219,Dallas,TX,32.813534,-96.811104,282000,244.0,-6000.0,275200.0,2064.0,2.0,2.0,1154.0,1985.0,0.753,condo,32,351970.0,2025,https://www.zillow.com,https://photos.zillowstatic.com/fp/bdc5a1c20a57f209db2f4a829d493844-p_c.jpg,2026-09-14 14:42,For Sale
333139324,4820 Dinsmore Ct,75204,Dallas,TX,32.80701,-96.77862,650000,299.0,,642500.0,4276.0,3.0,4.0,2176.0,2020.0,1568.16,singleFamily,4,779910.0,2025,https://www.zillow.com,https://photos.zillowstatic.com/fp/453d83fd003cd7ab544e925529f664ae-p_c.jpg,2026-09-14 14:42,For Sale
26881292,4452 Sugar Mill Rd,75244,Dallas,TX,32.918533,-96.83193,1399000,409.0,-96000.0,1347400.0,6831.0,5.0,5.0,3422.0,1966.0,0.37900000000000006,singleFamily,130,1527000.0,2025,https://www.zillow.com,https://photos.zillowstatic.com/fp/86a97f63a4aeca2864caa3d02fb619bf-p_c.jpg,2026-09-14 14:42,For Sale
26785776,5323 Blaney Way,75227,Dallas,TX,32.79028,-96.7088,375000,142.0,-10000.0,,2884.0,3.0,3.0,2634.0,1967.0,8929.8,singleFamily,220,395350.0,2025,https://www.zillow.com,https://photos.zillowstatic.com/fp/849de2793b2fc55ea9c564032e92e7e6-p_c.jpg,2026-09-14 14:42,For Sale
26846390,2304 Babalos Ln,75228,Dallas,TX,32.80822,-96.676125,399999,211.0,-10000.0,,,3.0,3.0,1892.0,1968.0,8433.216,singleFamily,82,361940.0,2025,https://www.zillow.com,https://photos.zillowstatic.com/fp/829ca234a8ff634af94febd0aac544b5-p_c.jpg,2026-09-14 14:42,For Sale
26756970,10920 Strait Ln,75229,Dallas,TX,32.898327,-96.82428,9750000,870.0,-249999.0,9085400.0,,6.0,10.0,11211.0,2025.0,0.721,singleFamily,137,9362840.0,2025,https://www.zillow.com,https://photos.zillowstatic.com/fp/20d0cf0eb60450b125fba124e6413651-p_c.jpg,2026-09-14 14:42,For Sale
26686383,2501 Lenway St,75215,Dallas,TX,32.762943,-96.76789,399786,157.0,,,,5.0,4.0,2550.0,2022.0,3702.6,singleFamily,2,478430.0,2025,https://www.zillow.com,https://photos.zillowstatic.com/fp/e02240d40b74e22ca584982aa0950ca9-p_c.jpg,2026-09-14 14:42,For Sale
26685915,5736 Tremont St,75214,Dallas,TX,32.805252,-96.756294,549900,288.0,,539200.0,3224.0,4.0,2.0,1912.0,1922.0,9234.72,singleFamily,4,569910.0,2025,https://www.zillow.com,https://photos.zillowstatic.com/fp/88bfe4d96fdcf6251bd807ec6e8d9518-p_c.jpg,2026-09-14 14:42,For Sale
26852528,3207 Truxillo Dr,75228,Dallas,TX,32.847755,-96.66204,299999,122.0,,300100.0,3150.0,4.0,2.0,2466.0,1972.0,0.358,singleFamily,16,381270.0,2025,https://www.zillow.com,https://photos.zillowstatic.com/fp/e3edb561fa3a50d991ed7791545a8e7d-p_c.jpg,2026-09-14 14:42,For Sale
26880391,4016 Willow Ridge Dr,75244,Dallas,TX,32.913692,-96.84266,2795000,497.0,,2678800.0,,5.0,7.0,5629.0,2027.0,0.271,singleFamily,17,680000.0,2025,https://www.zillow.com,https://photos.zillowstatic.com/fp/510324ea71f923bc464299c433a073b0-p_c.jpg,2026-09-14 14:42,For Sale
26838618,10732 Pagewood Dr #48,75230,Dallas,TX,32.893303,-96.777245,345000,285.0,,331600.0,2097.0,2.0,2.0,1210.0,1972.0,3092.76,townhome,4,313440.0,2025,https://www.zillow.com,https://photos.zillowstatic.com/fp/e6c7a9678f659869132b8c1a4b8f45a6-p_c.jpg,2026-09-14 14:42,For Sale
26679130,4738 Victor St,75246,Dallas,TX,32.79579,-96.76703,995000,338.0,,,3838.0,3.0,3.0,2943.0,1906.0,0.34900000000000003,singleFamily,5,848150.0,2025,https://www.zillow.com,https://photos.zillowstatic.com/fp/b2b28693856c94e3fb45e3dd738ddc36-p_c.jpg,2026-09-14 14:42,For Sale
26871446,7992 Fallmeadow Ln,75248,Dallas,TX,32.95837,-96.7695,675000,268.0,-24000.0,668300.0,4944.0,4.0,3.0,2516.0,1966.0,0.271,singleFamily,200,600000.0,2025,https://www.zillow.com,https://photos.zillowstatic.com/fp/b0d80eaf461e0939690c5ff6d017b6da-p_c.jpg,2026-09-14 14:42,For Sale
26658025,18728 Flatstone Ct,75252,Dallas,TX,33.005592,-96.79838,450000,195.0,,,,3.0,4.0,2302.0,1994.0,3920.4,singleFamily,3,475032.0,2025,https://www.zillow.com,https://photos.zillowstatic.com/fp/c553f243e3de887e9a9b45243ad2c1b4-p_c.jpg,2026-09-14 14:42,For Sale
27330636,2324 Harbinger Ln,75287,Dallas,TX,32.992004,-96.87208,329900,232.0,-18099.0,,,4.0,3.0,1425.0,1982.0,7993.26,singleFamily,19,360245.0,2025,https://www.zillow.com,https://photos.zillowstatic.com/fp/3a55666f5862b29af1b0a8313b59d54c-p_c.jpg,2026-09-14 14:42,For Sale
26759625,5444 Northbrook Dr,75220,Dallas,TX,32.866047,-96.81663,12589000,1000.0,-2411000.0,,,7.0,9.0,12589.0,1950.0,1.621,singleFamily,79,2423400.0,2025,https://www.zillow.com,https://photos.zillowstatic.com/fp/e0a35e71e87a0546dd13a3c40fedef37-p_c.jpg,2026-09-14 14:42,For Sale
27340541,2905 Courtland Dr,75287,Dallas,TX,32.99398,-96.86513,309000,244.0,-6000.0,,,3.0,2.0,1268.0,1984.0,3833.28,singleFamily,24,308081.0,2025,https://www.zillow.com,https://photos.zillowstatic.com/fp/7e59ee12fc8fdb7877b0a7328967fc60-p_c.jpg,2026-09-14 14:42,For Sale
55827273,2902 State St APT 22,75204,Dallas,TX,32.797253,-96.79766,449000,368.0,,,,2.0,3.0,1221.0,1994.0,0.688,condo,23,433460.0,2025,https://www.zillow.com,https://photos.zillowstatic.com/fp/1a4163385722d000b6bd106a0aafc3d8-p_c.jpg,2026-09-14 14:42,For Sale
26751075,7048 Arboreal Dr,75231,Dallas,TX,32.859203,-96.7364,849900,309.0,-25000.0,,,3.0,3.0,2753.0,1960.0,0.254,singleFamily,93,643770.0,2025,https://www.zillow.com,https://photos.zillowstatic.com/fp/c991c1947bd4a04e9220e18e5d6e134e-p_c.jpg,2026-09-14 14:42,For Sale
26922772,4040 Avondale Ave APT 309,75219,Dallas,TX,32.81725,-96.80738,350000,251.0,,339100.0,2765.0,2.0,3.0,1396.0,1985.0,1.447,condo,3,301580.0,2025,https://www.zillow.com,https://photos.zillowstatic.com/fp/b037e9a1372c1d124f412c10894a7e19-p_c.jpg,2026-09-14 14:42,For Sale
26903486,6103 Aberdeen Ave,75230,Dallas,TX,32.882557,-96.801414,5124000,899.0,-571000.0,4873600.0,7915.0,4.0,7.0,5700.0,2026.0,0.35600000000000004,singleFamily,103,2502990.0,2025,https://www.zillow.com,https://photos.zillowstatic.com/fp/f443d8511227421be0ce17b8c72caabf-p_c.jpg,2026-09-14 14:42,For Sale
26767111,2319 Kathleen Ave,75216,Dallas,TX,32.705616,-96.790436,105000,116.0,-5000.0,,1580.0,3.0,1.0,904.0,1948.0,5924.16,singleFamily,142,167190.0,2025,https://www.zillow.com,https://photos.zillowstatic.com/fp/1ed857364c42c34f4a417389badd9ba8-p_c.jpg,2026-09-14 14:42,For Sale
26758617,4254 Ridge Rd,75229,Dallas,TX,32.883205,-96.836266,2495000,414.0,,2368400.0,,5.0,8.0,6030.0,2007.0,0.403,singleFamily,2,2737000.0,2025,https://www.zillow.com,https://photos.zillowstatic.com/fp/4bb21130f742865b3b0601c34458be9f-p_c.jpg,2026-09-14 14:42,For Sale
26681366,2633 Peabody Ave,75215,Dallas,TX,32.767338,-96.76894,455000,186.0,-10000.0,,,4.0,4.0,2448.0,2026.0,4791.6,singleFamily,46,48000.0,2025,https://www.zillow.com,https://photos.zillowstatic.com/fp/01a13cebd060ed05c788687ce20229da-p_c.jpg,2026-09-14 14:42,For Sale
26684844,713 Wayne St,75223,Dallas,TX,32.797443,-96.75052,699000,223.0,,688200.0,6255.0,4.0,5.0,3130.0,2023.0,7492.32,singleFamily,3,774800.0,2025,https://www.zillow.com,https://photos.zillowstatic.com/fp/e3d0a293c0a71d27798f1febd430b437-p_c.jpg,2026-09-14 14:42,For Sale
26707895,708 Blaylock Dr,75203,Dallas,TX,32.756466,-96.81656,450000,361.0,,,,3.0,2.0,1246.0,1948.0,3876.84,singleFamily,17,458000.0,2025,https://www.zillow.com,https://photos.zillowstatic.com/fp/47d047afe3a0fb162c89f5d5ecff5d6e-p_c.jpg,2026-09-14 14:42,For Sale
26755603,6607 Glendora Ave,75230,Dallas,TX,32.885513,-96.79124,2999999,464.0,,2895600.0,,5.0,6.0,6471.0,1999.0,0.344,singleFamily,25,2528900.0,2025,https://www.zillow.com,https://photos.zillowstatic.com/fp/f9584340ece8485f6d17613f179f8bba-p_c.jpg,2026-09-14 14:42,For Sale
26757450,12 Royal Way,75229,Dallas,TX,32.89329,-96.80995,2095000,392.0,,,,4.0,5.0,5343.0,1978.0,7840.8,singleFamily,7,1350000.0,2025,https://www.zillow.com,https://photos.zillowstatic.com/fp/b585a62d65449d44c8b4ca6e12e02376-p_c.jpg,2026-09-14 14:42,For Sale
26931894,9837 Walnut St #207,75243,Dallas,TX,32.922836,-96.71392,115000,112.0,-10000.0,111100.0,1559.0,2.0,2.0,1031.0,1984.0,8.814,condo,79,123720.0,2025,https://www.zillow.com,https://photos.zillowstatic.com/fp/e8c0329742b664bdf9ca86bb92306687-p_c.jpg,2026-09-14 14:42,For Sale
53390345,509 Elm St APT 503,75202,Dallas,TX,32.779938,-96.807526,239000,283.0,-6000.0,229900.0,1998.0,1.0,1.0,845.0,1930.0,10018.8,condo,130,251840.0,2025,https://www.zillow.com,https://photos.zillowstatic.com/fp/cf35cb8ff9ebd3fc421096ba71feeb82-p_c.jpg,2026-09-14 14:42,For Sale
26801105,8752 Woodcastle Dr,75217,Dallas,TX,32.73479,-96.66835,159500,135.0,-9500.0,165100.0,1752.0,3.0,2.0,1182.0,1949.0,8755.56,singleFamily,127,225730.0,2025,https://www.zillow.com,https://photos.zillowstatic.com/fp/71eea6337ea22bfac07a52c816c5b3d2-p_c.jpg,2026-09-14 14:42,For Sale
26789121,3938 Lively Ln,75220,Dallas,TX,32.873238,-96.84868,1399000,523.0,,1349600.0,,3.0,4.0,2674.0,2014.0,8886.24,singleFamily,5,1205160.0,2025,https://www.zillow.com,https://photos.zillowstatic.com/fp/39d281b402eea356766fca5113c99b96-p_c.jpg,2026-09-14 14:42,For Sale
26831356,10166 San Lorenzo Ave,75228,Dallas,TX,32.831818,-96.680725,284900,165.0,-100.0,276000.0,2020.0,4.0,2.0,1728.0,1955.0,0.26599999999999996,singleFamily,17,335070.0,2025,https://www.zillow.com,https://photos.zillowstatic.com/fp/0c171ff7bba4c67de244bd1f6fd107ae-p_c.jpg,2026-09-14 14:42,For Sale
26740048,1906 Lakeland Dr,75218,Dallas,TX,32.816803,-96.706406,475000,451.0,,,,2.0,1.0,1053.0,1950.0,7753.68,singleFamily,4,464460.0,2025,https://www.zillow.com,https://photos.zillowstatic.com/fp/14800ec99a740f2d8cce5e77070302c2-p_c.jpg,2026-09-14 14:42,For Sale
96495087,1323 Hudspeth Ave,75216,Dallas,TX,32.699375,-96.80564,280000,178.0,-24900.0,,2088.0,4.0,2.0,1575.0,2013.0,8404.0,singleFamily,34,265000.0,2025,https://www.zillow.com,https://photos.zillowstatic.com/fp/ecfa286aefb2003eeb32bda27dd6342c-p_c.jpg,2026-09-14 14:42,For Sale
26732943,6716 Oriole Dr,75209,Dallas,TX,32.8397,-96.823975,2795000,592.0,,,,4.0,5.0,4718.0,2020.0,9801.0,singleFamily,4,2195900.0,2025,https://www.zillow.com,https://photos.zillowstatic.com/fp/2890713732986fbd8d10150effd89376-p_c.jpg,2026-09-14 14:42,For Sale
26853359,9324 Clearwater Dr,75243,Dallas,TX,32.903706,-96.75082,460000,247.0,,448100.0,2538.0,3.0,2.0,1863.0,1960.0,10018.8,singleFamily,3,404260.0,2025,https://www.zillow.com,https://photos.zillowstatic.com/fp/d2176261f3cd7c85cb54f15d0a5e8070-p_c.jpg,2026-09-14 14:42,For Sale
26702307,7233 Meadow Lake Ave,75214,Dallas,TX,32.826195,-96.73427,999900,480.0,-200100.0,,,3.0,2.0,2081.0,1951.0,7405.2,singleFamily,15,868080.0,2025,https://www.zillow.com,https://photos.zillowstatic.com/fp/6d8545a9b60d249f4c9ef32df0997a59-p_c.jpg,2026-09-14 14:42,For Sale
96530878,5335 Meaders Ln,75229,Dallas,TX,32.88578,-96.81619,10900000,878.0,,10330500.0,,5.0,9.0,12421.0,2009.0,1.1,singleFamily,26,10863240.0,2025,https://www.zillow.com,https://photos.zillowstatic.com/fp/31b5660190da20778a3cc161bff64703-p_c.jpg,2026-09-14 14:42,For Sale
26834604,4107 Vineyard Dr,75212,Dallas,TX,32.79156,-96.87639,449500,211.0,-400.0,,,4.0,2.0,2130.0,2026.0,7230.96,singleFamily,17,145000.0,2025,https://www.zillow.com,https://photos.zillowstatic.com/fp/5c32ea3295f422bd335a45677b223ea9-p_c.jpg,2026-09-14 14:42,For Sale
26840526,10035 Woodgrove Dr,75218,Dallas,TX,32.86355,-96.71222,810000,298.0,,788500.0,3166.0,3.0,3.0,2716.0,1955.0,0.353,singleFamily,2,861940.0,2025,https://www.zillow.com,https://photos.zillowstatic.com/fp/294fab8df2f08c2101b20e3d2ba2e539-p_c.jpg,2026-09-14 14:42,For Sale
462787428,3193 & 3195 Stag Rd,75241,Dallas,TX,32.69554,-96.76238,666000,194.0,-3000.0,662700.0,2763.0,6.0,6.0,3440.0,2026.0,6882.48,multiFamily,107,,,https://www.zillow.com,https://photos.zillowstatic.com/fp/9c6a2122c5adca5037f39bbcd556103b-p_c.jpg,2026-09-14 14:42,For Sale
26727058,605 S Ravinia Dr,75211,Dallas,TX,32.740177,-96.869385,425000,308.0,,408300.0,2144.0,2.0,2.0,1379.0,1959.0,0.425,singleFamily,3,414060.0,2025,https://www.zillow.com,https://photos.zillowstatic.com/fp/8313a458322a0d0aa5137e3b7018646e-p_c.jpg,2026-09-14 14:42,For Sale
26751017,6837 Arboreal Dr,75231,Dallas,TX,32.856148,-96.74095,845000,345.0,-5000.0,820200.0,5267.0,3.0,3.0,2448.0,1970.0,9191.16,singleFamily,24,605080.0,2025,https://www.zillow.com,https://photos.zillowstatic.com/fp/4161908e511e415eb377a0a487e8474d-p_c.jpg,2026-09-14 14:42,For Sale
26889934,16106 Shadybank Dr,75248,Dallas,TX,32.972324,-96.79664,995000,327.0,,,,4.0,3.0,3040.0,1981.0,9060.48,singleFamily,22,1038910.0,2025,https://www.zillow.com,https://photos.zillowstatic.com/fp/03a92cda74687feef18225a97a306487-p_c.jpg,2026-09-14 14:42,For Sale
26844596,2506 Gross Rd,75228,Dallas,TX,32.813946,-96.673035,499900,172.0,-60100.0,496600.0,4026.0,5.0,4.0,2900.0,2026.0,9757.44,singleFamily,101,229740.0,2025,https://www.zillow.com,https://photos.zillowstatic.com/fp/4daa8d36c980689eb1f33c910e84db1a-p_c.jpg,2026-09-14 14:42,For Sale
26806617,10230 Marsh Ln,75229,Dallas,TX,32.885693,-96.85548,3595000,445.0,100000.0,3431400.0,,5.0,7.0,8087.0,2024.0,1.2,singleFamily,27,2656190.0,2025,https://www.zillow.com,https://photos.zillowstatic.com/fp/94b12cffa646afc6958b1ea14de27c1d-p_c.jpg,2026-09-14 14:42,For Sale
26767220,2402 E Overton Rd,75216,Dallas,TX,32.708187,-96.79084,269990,138.0,-10010.0,265100.0,2534.0,4.0,4.0,1956.0,1950.0,8407.08,singleFamily,100,191430.0,2025,https://www.zillow.com,https://photos.zillowstatic.com/fp/c1e22b23d5e025f72c0ac557ce5aab48-p_c.jpg,2026-09-14 14:42,For Sale
26840055,9020 Westbriar Dr,75228,Dallas,TX,32.815426,-96.696594,489000,290.0,-6000.0,,,3.0,2.0,1688.0,1960.0,7797.24,singleFamily,131,490420.0,2025,https://www.zillow.com,https://photos.zillowstatic.com/fp/9067f3a1f738e6d4d7bed1f2642bd10d-p_c.jpg,2026-09-14 14:42,For Sale
26760997,5335 Emerson Ave,75209,Dallas,TX,32.84661,-96.81987,2399000,563.0,,,,4.0,5.0,4261.0,2013.0,8189.28,singleFamily,4,2107130.0,2025,https://www.zillow.com,https://photos.zillowstatic.com/fp/225610fc4ad982d0b8e1f4e236e1ca39-p_c.jpg,2026-09-14 14:42,For Sale
26883134,10115 Laingtree Dr,75243,Dallas,TX,32.920753,-96.70953,465000,192.0,-10000.0,453000.0,2744.0,4.0,3.0,2420.0,1976.0,9147.6,singleFamily,24,459530.0,2025,https://www.zillow.com,https://photos.zillowstatic.com/fp/07636254056523bbee9a27620dc2170c-p_c.jpg,2026-09-14 14:42,For Sale
26738126,1807 S Vernon Ave,75224,Dallas,TX,32.727768,-96.83711,475000,233.0,-25000.0,467600.0,2989.0,4.0,2.0,2037.0,1950.0,7884.36,singleFamily,31,340000.0,2025,https://www.zillow.com,https://photos.zillowstatic.com/fp/3ffa48580b50c0d5a59def39cf8bb180-p_c.jpg,2026-09-14 14:42,For Sale
26753770,6146 Averill Way #106E,75225,Dallas,TX,32.866077,-96.80135,425000,261.0,,404100.0,,2.0,2.0,1629.0,1964.0,2.312,condo,2,415530.0,2025,https://www.zillow.com,https://photos.zillowstatic.com/fp/9eae886ab0240517e635116fa6256163-p_c.jpg,2026-09-14 14:42,For Sale
26913257,5719 Hagen Ct,75252,Dallas,TX,32.986492,-96.80858,1295000,392.0,,1238400.0,4510.0,3.0,3.0,3300.0,1996.0,6141.96,singleFamily,3,1057800.0,2025,https://www.zillow.com,https://photos.zillowstatic.com/fp/fd4dddcd2f5ead0cf6258dac74866e4a-p_c.jpg,2026-09-14 14:42,For Sale
26873482,7406 La Manga Dr,75248,Dallas,TX,32.970215,-96.780365,689000,312.0,-10000.0,670800.0,4553.0,4.0,3.0,2210.0,1972.0,8624.88,singleFamily,25,498020.0,2025,https://www.zillow.com,https://photos.zillowstatic.com/fp/997575db0d093fd4b7fb1e6498c64f81-p_c.jpg,2026-09-14 14:42,For Sale
26778007,3275 S Edgefield Ave,75224,Dallas,TX,32.70868,-96.84406,235000,99.0,,218300.0,3016.0,4.0,3.0,2370.0,1954.0,0.257,singleFamily,52,282510.0,2025,https://www.zillow.com,https://photos.zillowstatic.com/fp/2ec335359c7a72542eab68c491f017b2-p_c.jpg,2026-09-14 14:42,For Sale
303984242,1918 Olive St Unit 4202,75201,Dallas,TX,32.789368,-96.80018,9995000,2137.0,,9188000.0,,2.0,4.0,4678.0,2020.0,,condo,5,8899990.0,2025,https://www.zillow.com,https://photos.zillowstatic.com/fp/0c4e51be1165e45d8d9e4e004a2d1400-p_c.jpg,2026-09-14 14:42,For Sale
26769106,1657 Nob Hill Rd,75208,Dallas,TX,32.765514,-96.837776,995000,427.0,,,,4.0,2.0,2330.0,1954.0,0.3,singleFamily,2,800000.0,2025,https://www.zillow.com,https://photos.zillowstatic.com/fp/e050e0aa6629b10a99b43861ef88dd3c-p_c.jpg,2026-09-14 14:42,For Sale
26836118,4023 Abilene St,75212,Dallas,TX,32.79081,-96.90063,499999,203.0,,495600.0,3266.0,4.0,3.0,2462.0,2022.0,7405.2,singleFamily,18,464740.0,2025,https://www.zillow.com,https://photos.zillowstatic.com/fp/1cb8e2e7eb8fcf12cf292f8b03ca84cf-p_c.jpg,2026-09-14 14:42,For Sale
26889846,16239 Shadybank Dr,75248,Dallas,TX,32.970066,-96.79382,1100000,362.0,,,,4.0,3.0,3041.0,1980.0,8973.36,singleFamily,10,795660.0,2025,https://www.zillow.com,https://photos.zillowstatic.com/fp/19a7a58e10a74e976213ca10ed1e6449-p_c.jpg,2026-09-14 14:42,For Sale
26729090,2409 W Amherst Ave,75235,Dallas,TX,32.83943,-96.85991,250000,208.0,60100.0,,,3.0,2.0,1200.0,1940.0,7623.0,singleFamily,19,307200.0,2025,https://www.zillow.com,https://photos.zillowstatic.com/fp/5cfe27856c37bce65f9b2ae519de1485-p_c.jpg,2026-09-14 14:42,For Sale
26875627,6728 Saint Anne St,75248,Dallas,TX,32.97677,-96.79134,799000,341.0,-20000.0,781300.0,4951.0,4.0,2.0,2340.0,1974.0,8494.2,singleFamily,11,617660.0,2025,https://www.zillow.com,https://photos.zillowstatic.com/fp/1ebaf01f70fa795e3b51b6681a22aa49-p_c.jpg,2026-09-14 14:42,For Sale
465180307,5514 Winton St,75206,Dallas,TX,32.835346,-96.77306,1135000,400.0,,,,3.0,3.0,2840.0,2024.0,3898.62,singleFamily,3,,,https://www.zillow.com,https://photos.zillowstatic.com/fp/ee786e163f694c99bba87b045bfc3b46-p_c.jpg,2026-09-14 14:42,For Sale
26684338,2318 Poplar St,75215,Dallas,TX,32.755436,-96.762955,260000,213.0,,,,3.0,3.0,1219.0,1930.0,7448.76,singleFamily,9,155820.0,2025,https://www.zillow.com,https://photos.zillowstatic.com/fp/2dc9adb87f0aca307a61a4cd1e7a6305-p_c.jpg,2026-09-14 14:42,For Sale
26717988,1022 N Montclair Ave,75208,Dallas,TX,32.757385,-96.84629,2500000,536.0,,2362800.0,6798.0,5.0,5.0,4665.0,1935.0,0.328,singleFamily,37,1159220.0,2025,https://www.zillow.com,https://photos.zillowstatic.com/fp/d79663b30037fe2a9fd1b404f3cd1f86-p_c.jpg,2026-09-14 14:42,For Sale
26691115,2515 Southland St,75215,Dallas,TX,32.753834,-96.75776,515500,255.0,,509100.0,3348.0,4.0,3.0,2020.0,2025.0,7666.56,singleFamily,136,76500.0,2025,https://www.zillow.com,https://photos.zillowstatic.com/fp/7b912645228619ef708d18e38ba0642e-p_c.jpg,2026-09-14 14:42,For Sale
26729363,1414 Doyle Ave,75203,Dallas,TX,32.7429,-96.8018,549500,225.0,,,4042.0,4.0,3.0,2440.0,2026.0,5000.688,singleFamily,24,75000.0,2025,https://www.zillow.com,https://photos.zillowstatic.com/fp/668fc20e5857b9eabf759bce32186366-p_c.jpg,2026-09-14 14:42,For Sale
26653330,17919 Castle Bend Dr,75287,Dallas,TX,32.99514,-96.831825,1100000,261.0,,1052400.0,5656.0,4.0,4.0,4209.0,1993.0,0.25,singleFamily,69,944840.0,2025,https://www.zillow.com,https://photos.zillowstatic.com/fp/d847ccb2e53242968ff4bf1d24b80730-p_c.jpg,2026-09-14 14:42,For Sale
26742100,10633 Cayuga Dr,75228,Dallas,TX,32.840736,-96.68464,219900,201.0,-10000.0,223200.0,1765.0,3.0,1.0,1096.0,1950.0,7405.2,singleFamily,49,287120.0,2025,https://www.zillow.com,https://photos.zillowstatic.com/fp/b3fe4ef0de6dc0ee9046a5175e60ee07-p_c.jpg,2026-09-14 14:42,For Sale
55827076,37 Kennington Ct,75248,Dallas,TX,32.969707,-96.81471,1875000,504.0,,1792500.0,4393.0,3.0,3.0,3717.0,2001.0,4965.84,singleFamily,20,1592580.0,2025,https://www.zillow.com,https://photos.zillowstatic.com/fp/fb96b20a27ed88a59605077fd4c431aa-p_c.jpg,2026-09-14 14:42,For Sale
303984691,1137 Manderly Ct,75204,Dallas,TX,32.795513,-96.77838,575000,305.0,,557800.0,3494.0,2.0,3.0,1887.0,2018.0,1437.48,singleFamily,0,501380.0,2025,https://www.zillow.com,https://photos.zillowstatic.com/fp/2e6b262f6a3ee85bc168347cf4ea3ef2-p_c.jpg,2026-09-14 14:42,For Sale
26701979,6941 Gaston Ave,75214,Dallas,TX,32.815536,-96.737885,5800000,765.0,,5522200.0,,6.0,6.0,7577.0,2025.0,0.987,singleFamily,23,3603590.0,2025,https://www.zillow.com,https://photos.zillowstatic.com/fp/be41f7ccb60682a84cf94f7ceb36d8fd-p_c.jpg,2026-09-14 14:42,For Sale
26789836,3813 Durango Dr,75220,Dallas,TX,32.86744,-96.85239,1695000,344.0,,,1978.0,5.0,6.0,4927.0,2026.0,8276.4,singleFamily,4,414880.0,2025,https://www.zillow.com,https://photos.zillowstatic.com/fp/364f9c307c0facf3210520f9191ec98e-p_c.jpg,2026-09-14 14:42,For Sale
125235561,8615 Thorbrush Pl,75238,Dallas,TX,32.86643,-96.70114,709000,269.0,,692100.0,4672.0,3.0,3.0,2635.0,2016.0,5967.72,singleFamily,2,666910.0,2025,https://www.zillow.com,https://photos.zillowstatic.com/fp/5148e4ac4fe2ed5a87235af371a5021c-p_c.jpg,2026-09-14 14:42,For Sale
26809826,3193 Northaven Rd,75229,Dallas,TX,32.903557,-96.8707,950000,331.0,-50000.0,907100.0,5126.0,4.0,5.0,2874.0,1960.0,0.29,singleFamily,41,501650.0,2025,https://www.zillow.com,https://photos.zillowstatic.com/fp/9dfd6e6a79cfc4c0f41aa7428dd93206-p_c.jpg,2026-09-14 14:42,For Sale
26851448,11616 Wander Ln,75230,Dallas,TX,32.907223,-96.78774,12975000,1377.0,,11770000.0,,5.0,7.0,9420.0,2011.0,2.4,singleFamily,40,11029010.0,2025,https://www.zillow.com,https://photos.zillowstatic.com/fp/47f174fd46f0e4d6cefdf901b43f419b-p_c.jpg,2026-09-14 14:42,For Sale
26874865,7862 La Verdura Dr,75248,Dallas,TX,32.96714,-96.76928,599950,261.0,,677600.0,4845.0,4.0,3.0,2302.0,1969.0,0.2795,singleFamily,12,545340.0,2025,https://www.zillow.com,https://photos.zillowstatic.com/fp/fb89ede1cb9ad125b404534961e9ae93-p_c.jpg,2026-09-14 14:42,For Sale
26715672,2514 Michigan Ave,75216,Dallas,TX,32.717327,-96.81664,175000,163.0,,140600.0,1723.0,3.0,2.0,1073.0,1948.0,7710.12,singleFamily,5,207690.0,2025,https://www.zillow.com,https://photos.zillowstatic.com/fp/028960a4e7b3b696e556f0a1f135cb51-p_c.jpg,2026-09-14 14:42,For Sale
26786164,4704 Ashbrook Rd,75227,Dallas,TX,32.78273,-96.71294,366000,190.0,,363800.0,2591.0,4.0,3.0,1928.0,1973.0,8886.24,singleFamily,3,302160.0,2025,https://www.zillow.com,https://photos.zillowstatic.com/fp/cdd2b59bcf271ce8f5ea859340ffcbc0-p_c.jpg,2026-09-14 14:42,For Sale
26890250,11901 Woodbridge Dr,75243,Dallas,TX,32.91062,-96.71476,579000,211.0,-6000.0,,,4.0,3.0,2742.0,1980.0,0.25,singleFamily,40,471240.0,2025,https://www.zillow.com,https://photos.zillowstatic.com/fp/9343800107cb5e909e0072cbbf325c1b-p_c.jpg,2026-09-14 14:42,For Sale
26899394,9233 Church Rd APT 103,75231,Dallas,TX,32.886517,-96.73183,310000,225.0,-5000.0,306200.0,1838.0,3.0,2.0,1377.0,1981.0,1.477,condo,78,289170.0,2025,https://www.zillow.com,https://photos.zillowstatic.com/fp/2830840fa2653750433c99484460cc05-p_c.jpg,2026-09-14 14:42,For Sale
26748807,6221 Town Hill Ln,75214,Dallas,TX,32.852325,-96.75645,774900,440.0,,742500.0,3089.0,3.0,2.0,1762.0,1956.0,9496.08,singleFamily,2,739000.0,2025,https://www.zillow.com,https://photos.zillowstatic.com/fp/3bf42a75c58e5df6b5e9e145cca47561-p_c.jpg,2026-09-14 14:42,For Sale
26703680,6055 Ellsworth Ave,75206,Dallas,TX,32.834328,-96.7619,1975000,419.0,,1940200.0,,4.0,5.0,4714.0,2026.0,6708.24,singleFamily,9,705000.0,2025,https://www.zillow.com,https://photos.zillowstatic.com/fp/6da0155f55aa932a0f72b80ac1625d5b-p_c.jpg,2026-09-14 14:42,For Sale
26910950,5615 En Core Dr,75240,Dallas,TX,32.936874,-96.80474,649900,255.0,,638800.0,3404.0,3.0,3.0,2545.0,1983.0,5924.16,singleFamily,4,507030.0,2025,https://www.zillow.com,https://photos.zillowstatic.com/fp/743fd2482b1ece8658bd824542830f9d-p_c.jpg,2026-09-14 14:42,For Sale
26721264,3722 Sonora Ave,75216,Dallas,TX,32.704124,-96.79629,379900,208.0,,,,4.0,2.0,1826.0,2026.0,5183.64,singleFamily,3,72000.0,2025,https://www.zillow.com,https://photos.zillowstatic.com/fp/3650ce2f697768e18cce601bbeecc43f-p_c.jpg,2026-09-14 14:42,For Sale
444242369,8181 Douglas Ave #Penthouse 9-12,75225,Dallas,TX,32.86198,-96.80891,17500000,1228.0,,,,5.0,13.0,14250.0,1982.0,0.4255,condo,134,,,https://www.zillow.com,https://photos.zillowstatic.com/fp/740a8ec79973c1a2fb3483c4cdf6d421-p_c.jpg,2026-09-14 14:42,For Sale
444241539,13247 Pandora Dr,75238,Dallas,TX,32.874275,-96.69024,150000,174.0,,,1731.0,2.0,1.0,860.0,1985.0,5052.96,singleFamily,21,,,https://www.zillow.com,https://photos.zillowstatic.com/fp/52b07e4fe9db8eb05917d5f5ef378089-p_c.jpg,2026-09-14 14:42,For Sale
124267812,6421 Blanch Cir,75214,Dallas,TX,32.824013,-96.7506,3250000,900.0,,3065800.0,,4.0,5.0,3611.0,2014.0,0.49899999999999994,singleFamily,4,2623470.0,2025,https://www.zillow.com,https://photos.zillowstatic.com/fp/5d69cea182013e5e7320b83790f6392c-p_c.jpg,2026-09-14 14:42,For Sale
26748935,6124 Summer Creek Cir,75231,Dallas,TX,32.862965,-96.75722,450000,313.0,,,,2.0,2.0,1440.0,1980.0,3.414,singleFamily,51,461840.0,2025,https://www.zillow.com,https://photos.zillowstatic.com/fp/a3322c806e2be0ca8692900ab0a74af6-p_c.jpg,2026-09-14 14:42,For Sale
26838549,10626 Northboro St #9,75230,Dallas,TX,32.89255,-96.77575,325000,224.0,-15000.0,317700.0,2381.0,3.0,2.0,1450.0,1971.0,3615.48,townhome,52,351560.0,2025,https://www.zillow.com,https://photos.zillowstatic.com/fp/f2f02b86e501c2e5f8573afb0e6cda6d-p_c.jpg,2026-09-14 14:42,For Sale
26707640,7114 Bob O Link Dr,75214,Dallas,TX,32.834183,-96.736626,2550000,460.0,,2444900.0,3844.0,5.0,7.0,5538.0,2026.0,7230.96,singleFamily,3,718000.0,2025,https://www.zillow.com,https://photos.zillowstatic.com/fp/f05f3e864e180fe480fb448a6d5fd498-p_c.jpg,2026-09-14 14:42,For Sale
26643556,4428 Hollow Oak Dr,75287,Dallas,TX,32.99667,-96.833244,725000,201.0,,,,4.0,4.0,3605.0,1988.0,10018.8,singleFamily,11,830592.0,2025,https://www.zillow.com,https://photos.zillowstatic.com/fp/17cd4d3b6e5396aa05ee6df4ff725985-p_c.jpg,2026-09-14 14:42,For Sale
26826103,1917 Shady Glen Ln,75232,Dallas,TX,32.678864,-96.851944,269000,143.0,,262600.0,2308.0,3.0,2.0,1884.0,1968.0,7971.48,singleFamily,36,298740.0,2025,https://www.zillow.com,https://photos.zillowstatic.com/fp/8ed75df5063a4bd6a513e76c96cba273-p_c.jpg,2026-09-14 14:42,For Sale
26683230,4023 Travis St,75204,Dallas,TX,32.81378,-96.795815,1025000,452.0,-24000.0,,,2.0,3.0,2268.0,1971.0,3746.16,townhome,10,935600.0,2025,https://www.zillow.com,https://photos.zillowstatic.com/fp/8b46bbe481e992a6fba85e217872aef2-p_c.jpg,2026-09-14 14:42,For Sale
26703556,6000 Revere Pl,75206,Dallas,TX,32.83058,-96.76403,699000,542.0,-28000.0,681400.0,2626.0,3.0,1.0,1289.0,1935.0,7884.36,singleFamily,17,662520.0,2025,https://www.zillow.com,https://photos.zillowstatic.com/fp/ffd9fee72d0f46e8ae97519a94a18fe3-p_c.jpg,2026-09-14 14:42,For Sale
26888826,6226 La Cosa Dr,75248,Dallas,TX,32.959396,-96.79859,624900,237.0,-25000.0,610500.0,3616.0,4.0,3.0,2636.0,1979.0,8058.6,singleFamily,37,610420.0,2025,https://www.zillow.com,https://photos.zillowstatic.com/fp/f79c2ba8dfeb7d3615874afae631d72c-p_c.jpg,2026-09-14 14:42,For Sale
162224612,4130 Cochran Chapel Rd,75209,Dallas,TX,32.860207,-96.84044,9200000,1024.0,,,,5.0,8.0,8984.0,2002.0,3.38,singleFamily,6,6872000.0,2025,https://www.zillow.com,https://photos.zillowstatic.com/fp/14aa804843ac3e4d111e7a69c300bcc0-p_c.jpg,2026-09-14 14:42,For Sale
96514471,4001 Abilene St,75212,Dallas,TX,32.790123,-96.90062,485000,211.0,,480700.0,3179.0,4.0,3.0,2295.0,2019.0,8973.36,singleFamily,3,414960.0,2025,https://www.zillow.com,https://photos.zillowstatic.com/fp/04395bfb49d7767bf827c4e2104994db-p_c.jpg,2026-09-14 14:42,For Sale
26706213,6625 Bob O Link Dr,75214,Dallas,TX,32.831596,-96.745895,2799000,683.0,-76000.0,,,4.0,3.0,4098.0,1949.0,0.335,singleFamily,67,1900230.0,2025,https://www.zillow.com,https://photos.zillowstatic.com/fp/5df7519a31cdb0116a65f83fc6d1f5c8-p_c.jpg,2026-09-14 14:42,For Sale
26850629,10344 Country Club Dr,75218,Dallas,TX,32.85791,-96.70436,1349000,314.0,,1317500.0,6814.0,4.0,5.0,4298.0,2026.0,7753.68,singleFamily,79,200000.0,2025,https://www.zillow.com,https://photos.zillowstatic.com/fp/24de9c20ffcd6fc4f01dfd8a99d8d67e-p_c.jpg,2026-09-14 14:42,For Sale
53390352,509 Elm St #604,75202,Dallas,TX,32.779938,-96.807526,700000,278.0,,675500.0,4472.0,4.0,3.0,2522.0,1930.0,10018.8,condo,17,614410.0,2025,https://www.zillow.com,https://photos.zillowstatic.com/fp/be457e6bdb39de14af239a7e7cf6042b-p_c.jpg,2026-09-14 14:42,For Sale
26887487,11711 Kilkirk Ln,75228,Dallas,TX,32.850937,-96.66278,360000,167.0,,347300.0,2848.0,4.0,2.0,2151.0,1979.0,7579.44,singleFamily,18,319200.0,2025,https://www.zillow.com,https://photos.zillowstatic.com/fp/dbdc51e488d09057947309f51639921b-p_c.jpg,2026-09-14 14:42,For Sale
26773046,1017 Hoke Smith Dr,75224,Dallas,TX,32.70809,-96.838936,250000,175.0,-10000.0,247900.0,2073.0,3.0,2.0,1425.0,1952.0,7230.96,singleFamily,30,238000.0,2025,https://www.zillow.com,https://photos.zillowstatic.com/fp/b0f7d92c107480ce7a7e90f2f60c6177-p_c.jpg,2026-09-14 14:42,For Sale
26630864,4055 Briarbend Rd,75287,Dallas,TX,33.00674,-96.8412,405000,228.0,-10000.0,398500.0,2724.0,3.0,3.0,1774.0,1995.0,5662.8,singleFamily,40,410235.0,2025,https://www.zillow.com,https://photos.zillowstatic.com/fp/d8eda834d1027ee9ee0dff7c6fb28dbb-p_c.jpg,2026-09-14 14:42,For Sale
26692821,4650 Christopher Pl,75204,Dallas,TX,32.81829,-96.79816,1550000,600.0,,1458000.0,4426.0,2.0,3.0,2585.0,1969.0,3018.708,townhome,12,1013860.0,2025,https://www.zillow.com,https://photos.zillowstatic.com/fp/de9578c2ea3f75a1e0c5959c7d4b6f80-p_c.jpg,2026-09-14 14:42,For Sale
26732706,6454 Sondra Dr,75214,Dallas,TX,32.82639,-96.7507,3950000,629.0,-145000.0,3832700.0,,5.0,7.0,6283.0,2026.0,0.312,singleFamily,44,1089290.0,2025,https://www.zillow.com,https://photos.zillowstatic.com/fp/971beb516a2c3e579bedbe9fa7054d5b-p_c.jpg,2026-09-14 14:42,For Sale
54012950,3639 White River Dr,75287,Dallas,TX,33.003273,-96.85102,599000,238.0,,,,4.0,3.0,2519.0,1998.0,6882.48,singleFamily,19,541438.0,2025,https://www.zillow.com,https://photos.zillowstatic.com/fp/f1fb52d2b6613c1a4b0512c018dd6b74-p_c.jpg,2026-09-14 14:42,For Sale
26739989,9030 San Benito Way,75218,Dallas,TX,32.822,-96.702095,575000,292.0,-24000.0,,,3.0,2.0,1967.0,1938.0,9583.2,singleFamily,94,597980.0,2025,https://www.zillow.com,https://photos.zillowstatic.com/fp/532ee25b6bab765058a72fa12ca9d3b6-p_c.jpg,2026-09-14 14:42,For Sale
26864418,10310 Mosscrest Dr,75238,Dallas,TX,32.88998,-96.71171,1300000,317.0,,1226600.0,5154.0,4.0,4.0,4101.0,1968.0,9016.92,singleFamily,10,558000.0,2025,https://www.zillow.com,https://photos.zillowstatic.com/fp/89069007ec602295e84d0ba81ebff1fb-p_c.jpg,2026-09-14 14:42,For Sale
26719822,3102 W Jefferson Blvd,75211,Dallas,TX,32.744076,-96.871544,379000,279.0,-21000.0,369900.0,1980.0,3.0,2.0,1360.0,1926.0,9757.44,singleFamily,43,222400.0,2025,https://www.zillow.com,https://photos.zillowstatic.com/fp/bd163ecf84ec1a7aed97eef15a1d5536-p_c.jpg,2026-09-14 14:42,For Sale
248827968,2350 Dunloe Dr,75228,Dallas,TX,32.836567,-96.674034,350000,211.0,-19000.0,345100.0,1858.0,4.0,2.0,1661.0,1953.0,8799.12,multiFamily,5,336580.0,2025,https://www.zillow.com,https://photos.zillowstatic.com/fp/6d84b66b041c2d361e41535ff33858a0-p_c.jpg,2026-09-14 14:42,For Sale
26751198,7111 Wild Valley Dr,75231,Dallas,TX,32.855892,-96.73963,789000,371.0,,772700.0,3507.0,3.0,2.0,2126.0,1956.0,7492.32,singleFamily,5,673000.0,2025,https://www.zillow.com,https://photos.zillowstatic.com/fp/6b010809c5dc3fd7835cf8f880d3d806-p_c.jpg,2026-09-14 14:42,For Sale
26698802,5322 W Mockingbird Ln,75209,Dallas,TX,32.8364,-96.820786,939000,408.0,-11000.0,916200.0,4592.0,3.0,3.0,2303.0,1979.0,7927.92,singleFamily,37,1062700.0,2025,https://www.zillow.com,https://photos.zillowstatic.com/fp/af725d360b753671b71abd28ba6622e4-p_c.jpg,2026-09-14 14:42,For Sale
26805653,11864 Cold Harbor Ln,75244,Dallas,TX,32.91157,-96.84852,800000,339.0,-25000.0,,,3.0,3.0,2361.0,1963.0,0.33699999999999997,singleFamily,38,517000.0,2025,https://www.zillow.com,https://photos.zillowstatic.com/fp/f830f50d08d27e5dc0fd9f695b4a0d23-p_c.jpg,2026-09-14 14:42,For Sale
344555563,2404 Colony Ct #2406,75235,Dallas,TX,32.835716,-96.85545,340000,219.0,5000.0,,2150.0,4.0,2.0,1552.0,1947.0,6072.264,multiFamily,102,,,https://www.zillow.com,https://photos.zillowstatic.com/fp/d4569230752917f565989118ae61927c-p_c.jpg,2026-09-14 14:42,For Sale
96503267,310 S Justin Ave,75211,Dallas,TX,32.74358,-96.91107,274900,158.0,,,,5.0,5.0,1742.0,2017.0,8712.0,singleFamily,60,373620.0,2025,https://www.zillow.com,https://photos.zillowstatic.com/fp/1169b0bd2f3a2e5b7bf6bae55b3b223b-p_c.jpg,2026-09-14 14:42,For Sale
26741548,1334 El Patio Dr,75218,Dallas,TX,32.83498,-96.69312,990000,295.0,-9000.0,970100.0,5407.0,4.0,4.0,3358.0,2004.0,0.527,singleFamily,129,844000.0,2025,https://www.zillow.com,https://photos.zillowstatic.com/fp/59b463058d8e80e702dc6ee961c72212-p_c.jpg,2026-09-14 14:42,For Sale
26787039,566 Hambrick Rd,75218,Dallas,TX,32.85345,-96.70637,1199000,348.0,,1161200.0,5604.0,4.0,4.0,3449.0,2018.0,7797.24,singleFamily,2,1284530.0,2025,https://www.zillow.com,https://photos.zillowstatic.com/fp/b591290d140ce069cce6648abee58953-p_c.jpg,2026-09-14 14:42,For Sale
26873515,7205 La Manga Dr,75248,Dallas,TX,32.97079,-96.78318,754996,280.0,-74004.0,728100.0,4821.0,4.0,3.0,2701.0,1972.0,0.253,singleFamily,10,569250.0,2025,https://www.zillow.com,https://photos.zillowstatic.com/fp/a3bec67fff88c57088fb3e6c0fa8edf4-p_c.jpg,2026-09-14 14:42,For Sale
26690698,5459 Willis Ave,75206,Dallas,TX,32.82054,-96.77494,1599000,454.0,,,,4.0,4.0,3522.0,2005.0,8580.0,singleFamily,4,950000.0,2025,https://www.zillow.com,https://photos.zillowstatic.com/fp/f14aba52a702803339d6efad5ff98749-p_c.jpg,2026-09-14 14:42,For Sale
96523839,2823 Curvilinear Ct,75227,Dallas,TX,32.761116,-96.66785,350000,184.0,-20000.0,349100.0,2690.0,4.0,3.0,1899.0,2026.0,5880.6,singleFamily,95,80000.0,2025,https://www.zillow.com,https://photos.zillowstatic.com/fp/e44672a1fe83431716ab4381a28cce94-p_c.jpg,2026-09-14 14:42,For Sale
26736758,1255 Olden St,75211,Dallas,TX,32.73209,-96.88388,245000,179.0,,239100.0,1801.0,4.0,2.0,1368.0,1959.0,0.27299999999999996,singleFamily,37,267260.0,2025,https://www.zillow.com,https://photos.zillowstatic.com/fp/4d9ef53d862be3239d061b65f44db66d-p_c.jpg,2026-09-14 14:42,For Sale
26812472,2945 Allister St,75229,Dallas,TX,32.908005,-96.87669,276500,227.0,,265500.0,2166.0,2.0,2.0,1218.0,1983.0,4486.68,singleFamily,31,267000.0,2025,https://www.zillow.com,https://photos.zillowstatic.com/fp/f2340e39145c614a8449c4c81f0e644e-p_c.jpg,2026-09-14 14:42,For Sale
26892307,7105 Pineberry Rd,75249,Dallas,TX,32.636818,-96.9457,185000,151.0,-14000.0,183400.0,1551.0,2.0,2.0,1227.0,1981.0,5140.08,singleFamily,121,210150.0,2025,https://www.zillow.com,https://photos.zillowstatic.com/fp/75724265ff120ff4fd9b8f455d307231-p_c.jpg,2026-09-14 14:42,For Sale
26817444,9618 Tamalpais Dr,75217,Dallas,TX,32.725376,-96.656265,236000,170.0,,,,3.0,2.0,1387.0,1961.0,7797.24,singleFamily,2,239510.0,2025,https://www.zillow.com,https://photos.zillowstatic.com/fp/dc7c3177eb6c47e8c3d65c15a3094bcd-p_c.jpg,2026-09-14 14:42,For Sale
26875895,6362 Southpoint Dr,75248,Dallas,TX,32.97798,-96.79762,479900,216.0,,466900.0,2674.0,3.0,2.0,2220.0,1973.0,2831.4,townhome,40,344360.0,2025,https://www.zillow.com,https://photos.zillowstatic.com/fp/33b436311b90721171f60f3346894cbe-p_c.jpg,2026-09-14 14:42,For Sale
26809208,3542 Jubilee Trl,75229,Dallas,TX,32.900166,-96.8588,785000,292.0,-15000.0,760800.0,4336.0,4.0,2.0,2689.0,1962.0,0.319,singleFamily,60,955390.0,2025,https://www.zillow.com,https://photos.zillowstatic.com/fp/f6238c55248120c7a6e02207e3d73720-p_c.jpg,2026-09-14 14:42,For Sale
26903034,7984 Caruth Ct,75225,Dallas,TX,32.85792,-96.77235,1325000,444.0,,1276700.0,4916.0,3.0,3.0,2984.0,1994.0,3833.28,singleFamily,3,1136150.0,2025,https://www.zillow.com,https://photos.zillowstatic.com/fp/814da5109c81e1184a6a34b3e4ea4136-p_c.jpg,2026-09-14 14:42,For Sale
459652990,6047 Velasco Ave,75206,Dallas,TX,32.82126,-96.76174,900000,344.0,-25000.0,893800.0,6776.0,3.0,4.0,2620.0,2025.0,7971.48,singleFamily,248,,,https://www.zillow.com,https://photos.zillowstatic.com/fp/bdfecfcd103e65111b3f2701a4756864-p_c.jpg,2026-09-14 14:42,For Sale
26599158,6710 Windrock Rd,75252,Dallas,TX,32.993553,-96.78871,699900,224.0,-50100.0,676100.0,5657.0,5.0,4.0,3120.0,1993.0,0.33999999999999997,singleFamily,47,814925.0,2025,https://www.zillow.com,https://photos.zillowstatic.com/fp/64342561b071fba481af819be96c95e3-p_c.jpg,2026-09-14 14:42,For Sale
26698911,3739 N Versailles Ave,75209,Dallas,TX,32.83079,-96.8217,3295000,629.0,,3062400.0,,5.0,6.0,5242.0,1992.0,8886.24,singleFamily,58,1870470.0,2025,https://www.zillow.com,https://photos.zillowstatic.com/fp/a499cb6ba881eb0d543f2fa183a89704-p_c.jpg,2026-09-14 14:42,For Sale
26797128,538 Pemberton Hill Rd,75217,Dallas,TX,32.721176,-96.7174,330000,157.0,-10000.0,327800.0,2144.0,4.0,2.0,2100.0,1958.0,7187.4,singleFamily,29,205660.0,2025,https://www.zillow.com,https://photos.zillowstatic.com/fp/1fe077742266be4e9fc8e21c4eb9a2f6-p_c.jpg,2026-09-14 14:42,For Sale
465175737,2376 Longhorn St #A-b,75228,C D Dallas,TX,32.798935,-96.712715,1900000,177.0,,,,12.0,16.0,10712.0,2026.0,0.27599999999999997,multiFamily,3,,,https://www.zillow.com,https://photos.zillowstatic.com/fp/7a8d32aacfcfd2b7e7ea3379007ce84d-p_c.jpg,2026-09-14 14:42,For Sale
462801301,3050 River Birch Dr,75253,Dallas,TX,32.657684,-96.65399,299900,187.0,-24000.0,299300.0,2230.0,4.0,2.0,1607.0,2026.0,10001.376,singleFamily,38,,,https://www.zillow.com,https://photos.zillowstatic.com/fp/f2daa2ba8d0152de695b389153754a6b-p_c.jpg,2026-09-14 14:42,For Sale
26864424,9827 Vistadale Dr,75238,Dallas,TX,32.8887,-96.71662,784999,320.0,,758300.0,4275.0,4.0,3.0,2456.0,1966.0,8799.12,singleFamily,24,765280.0,2025,https://www.zillow.com,https://photos.zillowstatic.com/fp/970645e34c3c546c178d5f958fd1e0e7-p_c.jpg,2026-09-14 14:42,For Sale
304022162,8241 Blumelia Dr,75252,Dallas,TX,32.98824,-96.75965,719000,330.0,,699800.0,3446.0,4.0,3.0,2178.0,2019.0,6011.28,singleFamily,5,644852.0,2025,https://www.zillow.com,https://photos.zillowstatic.com/fp/b9131a072a10c24fb0bc8eb87887f548-p_c.jpg,2026-09-14 14:42,For Sale
26683908,4310 Bowser Ave APT 109,75219,Dallas,TX,32.81813,-96.810425,495000,272.0,,474100.0,3512.0,2.0,3.0,1822.0,1974.0,0.918,townhome,5,433610.0,2025,https://www.zillow.com,https://photos.zillowstatic.com/fp/11623c783484f6a02fc3f90a7ec3e69e-p_c.jpg,2026-09-14 14:42,For Sale
162365206,9034 Gunnison Dr,75231,Dallas,TX,32.882767,-96.73803,1030000,414.0,55000.0,988800.0,4131.0,4.0,2.0,2489.0,1978.0,9147.6,singleFamily,6,673470.0,2025,https://www.zillow.com,https://photos.zillowstatic.com/fp/e735efd07ee6d6790a281ac99be28035-p_c.jpg,2026-09-14 14:42,For Sale
26687222,4317 Myrtle St,75215,Dallas,TX,32.756977,-96.757286,425000,212.0,,347000.0,3199.0,4.0,3.0,2002.0,2026.0,5039.892,singleFamily,12,50400.0,2025,https://www.zillow.com,https://photos.zillowstatic.com/fp/f2f97de49c9e8ca8c681c4ce4a96b322-p_c.jpg,2026-09-14 14:42,For Sale
26591203,7001 Rocky Top Cir,75252,Dallas,TX,32.98959,-96.7814,800000,238.0,-80000.0,,,4.0,4.0,3356.0,1981.0,9583.2,singleFamily,16,905192.0,2025,https://www.zillow.com,https://photos.zillowstatic.com/fp/647e7a7ef792193dbf0a22e381de0921-p_c.jpg,2026-09-14 14:42,For Sale
26697311,5318 Denton Dr,75235,Dallas,TX,32.82033,-96.82966,879900,372.0,-15100.0,856300.0,4517.0,3.0,3.0,2365.0,1999.0,7579.44,singleFamily,65,678430.0,2025,https://www.zillow.com,https://photos.zillowstatic.com/fp/faa6e75cd60a651cb7b705c31d943b16-p_c.jpg,2026-09-14 14:42,For Sale
89375494,1001 Belleview St #308,75215,Dallas,TX,32.76905,-96.79501,429000,332.0,,423300.0,2179.0,2.0,2.0,1293.0,2007.0,0.9430000000000001,condo,9,459020.0,2025,https://www.zillow.com,https://photos.zillowstatic.com/fp/e25b93e129cd1c1d8640d16b1254663c-p_c.jpg,2026-09-14 14:42,For Sale
26691864,2215 Madera St,75206,Dallas,TX,32.814247,-96.77663,1445000,528.0,-50000.0,1395300.0,,3.0,3.0,2738.0,2016.0,7501.032,singleFamily,37,1124380.0,2025,https://www.zillow.com,https://photos.zillowstatic.com/fp/d4c371a21c492c14f11933cb564d4b76-p_c.jpg,2026-09-14 14:42,For Sale
442925159,7207 Gaston Ave #902,75206,Dallas,TX,32.813904,-96.731186,449000,331.0,,443800.0,3492.0,2.0,3.0,1357.0,2024.0,1.1,condo,29,437370.0,2025,https://www.zillow.com,https://photos.zillowstatic.com/fp/21c36fbd5f75030769bf4b4af83a36a6-p_c.jpg,2026-09-14 14:42,For Sale
26756212,6815 Pemberton Dr,75230,Dallas,TX,32.891823,-96.78806,4450000,634.0,,,,5.0,7.0,7021.0,2024.0,0.38199999999999995,singleFamily,18,3364430.0,2025,https://www.zillow.com,https://photos.zillowstatic.com/fp/034d9a6c402c25772e1248d5e0542a3f-p_c.jpg,2026-09-14 14:42,For Sale
26752893,7210 Meadow Rd,75230,Dallas,TX,32.88698,-96.78103,995000,295.0,-50000.0,969500.0,6214.0,4.0,4.0,3377.0,1969.0,0.298,singleFamily,60,895000.0,2025,https://www.zillow.com,https://photos.zillowstatic.com/fp/c4a6281b0c3a3823c911eac380a69e04-p_c.jpg,2026-09-14 14:42,For Sale
26886903,8721 Flint Falls Dr,75243,Dallas,TX,32.897724,-96.73853,609990,279.0,,593700.0,3214.0,4.0,3.0,2189.0,1976.0,9060.48,singleFamily,27,658060.0,2025,https://www.zillow.com,https://photos.zillowstatic.com/fp/453834f99af160e00f176f71fe02cd72-p_c.jpg,2026-09-14 14:42,For Sale
26848537,7029 Spring Valley Rd,75254,Dallas,TX,32.940746,-96.784096,875000,252.0,-60000.0,842300.0,6029.0,5.0,4.0,3479.0,1961.0,0.574,singleFamily,23,756460.0,2025,https://www.zillow.com,https://photos.zillowstatic.com/fp/8a05e1b6e6d042218d723e87836904ed-p_c.jpg,2026-09-14 14:42,For Sale
464797912,1650/1652 Hudspeth Ave,75216,Dallas,TX,32.701553,-96.79983,675000,164.0,,,,10.0,8.0,4112.0,2024.0,8973.36,multiFamily,20,,,https://www.zillow.com,https://photos.zillowstatic.com/fp/d7c91be5b635889a94a8ad86247287ae-p_c.jpg,2026-09-14 14:42,For Sale
303984958,1126 Clifftop Ln,75208,Dallas,TX,32.771908,-96.83946,525000,288.0,,512900.0,3758.0,3.0,3.0,1825.0,2018.0,5488.56,singleFamily,1,560360.0,2025,https://www.zillow.com,https://photos.zillowstatic.com/fp/453456e93468e32a61753807c7ecb846-p_c.jpg,2026-09-14 14:42,For Sale
26866661,9812 Ravensway Dr,75238,Dallas,TX,32.88173,-96.72063,695000,306.0,,,,4.0,3.0,2268.0,1965.0,10018.8,singleFamily,20,627310.0,2025,https://www.zillow.com,https://photos.zillowstatic.com/fp/549d01c2b80c18d461fb2f32591f306c-p_c.jpg,2026-09-14 14:42,For Sale
26751076,7054 Arboreal Dr,75231,Dallas,TX,32.859337,-96.73624,699999,313.0,,,,3.0,3.0,2236.0,1963.0,0.253,singleFamily,2,708840.0,2025,https://www.zillow.com,https://photos.zillowstatic.com/fp/ad5aea9763c07b1d0f4c2691bf52a2aa-p_c.jpg,2026-09-14 14:42,For Sale
26884154,8324 Moorcroft Dr,75228,Dallas,TX,32.801414,-96.698456,480000,194.0,,467000.0,3757.0,4.0,2.0,2480.0,1964.0,9757.44,singleFamily,37,500000.0,2025,https://www.zillow.com,https://photos.zillowstatic.com/fp/1d6f77e0a09e758295b95c0323c47d5b-p_c.jpg,2026-09-14 14:42,For Sale
26877804,3976 Avocado Dr,75241,Dallas,TX,32.66602,-96.74746,124900,111.0,,,1888.0,3.0,2.0,1125.0,1971.0,7013.16,singleFamily,32,185010.0,2025,https://www.zillow.com,https://photos.zillowstatic.com/fp/c183f68745740d50c5036ea7cd2c4692-p_c.jpg,2026-09-14 14:42,For Sale
333140681,3710 Redleaf Ln,75209,Dallas,TX,32.828075,-96.81944,829500,319.0,-19500.0,,,3.0,4.0,2598.0,2022.0,2352.24,singleFamily,41,854750.0,2025,https://www.zillow.com,https://photos.zillowstatic.com/fp/7aa598cddd8aa689ea63d21a6fbd65e4-p_c.jpg,2026-09-14 14:42,For Sale
60346559,6644 Fisher Rd,75214,Dallas,TX,32.84901,-96.74503,499000,376.0,,491800.0,3030.0,3.0,2.0,1328.0,1955.0,7666.56,singleFamily,5,389090.0,2025,https://www.zillow.com,https://photos.zillowstatic.com/fp/ec93b0e3c7f2152780f26065871c32a0-p_c.jpg,2026-09-14 14:42,For Sale
26685793,5231 Beeman Ave,75223,Dallas,TX,32.788246,-96.74468,227500,210.0,,,,3.0,2.0,1084.0,1927.0,7666.56,singleFamily,7,119840.0,2025,https://www.zillow.com,https://photos.zillowstatic.com/fp/5acbfc61ba3eaa408d5d076b174b85da-p_c.jpg,2026-09-14 14:42,For Sale
26828913,5723 Meletio Ln,75230,Dallas,TX,32.916756,-96.8106,3599999,629.0,-199001.0,3466600.0,,5.0,7.0,5725.0,2026.0,0.37,singleFamily,72,1957530.0,2025,https://www.zillow.com,https://photos.zillowstatic.com/fp/3fea3e014e0ce150c7d9ee4720752620-p_c.jpg,2026-09-14 14:42,For Sale
26754534,6526 Woodland Dr,75225,Dallas,TX,32.872223,-96.792435,4195000,743.0,,,,5.0,7.0,5649.0,2026.0,9844.56,singleFamily,4,1274940.0,2025,https://www.zillow.com,https://photos.zillowstatic.com/fp/6fbbe83d0c0d9f2cd8d483eb204e98b8-p_c.jpg,2026-09-14 14:42,For Sale
26883717,8434 Bellingham Dr,75228,Dallas,TX,32.798855,-96.69426,499890,209.0,-10.0,492000.0,3897.0,5.0,3.0,2395.0,1964.0,8929.8,singleFamily,66,509210.0,2025,https://www.zillow.com,https://photos.zillowstatic.com/fp/f91210c98897f4d43046c38a3b47740b-p_c.jpg,2026-09-14 14:42,For Sale
26813003,3057 Dothan Ln,75229,Dallas,TX,32.898098,-96.87576,409000,204.0,-11000.0,,,4.0,3.0,2008.0,1959.0,7797.24,singleFamily,80,331800.0,2025,https://www.zillow.com,https://photos.zillowstatic.com/fp/b27d416d4bf62acb25c113eab68930f8-p_c.jpg,2026-09-14 14:42,For Sale
26736375,3819 Wemdon Dr,75220,Dallas,TX,32.86563,-96.85217,1300000,267.0,,1262800.0,5966.0,6.0,8.0,4870.0,2024.0,9321.84,singleFamily,59,1605800.0,2025,https://www.zillow.com,https://photos.zillowstatic.com/fp/7a5f48f0b4fe34073f43f01f11cc250f-p_c.jpg,2026-09-14 14:42,For Sale
26752176,6902 Deloache Ave,75225,Dallas,TX,32.870697,-96.78647,1349000,446.0,,1317700.0,7990.0,4.0,3.0,3028.0,1979.0,8973.36,singleFamily,66,1325000.0,2025,https://www.zillow.com,https://photos.zillowstatic.com/fp/8ddfa7c3c65b2331b57c7dd5887386aa-p_c.jpg,2026-09-14 14:42,For Sale
26696007,603 Clermont Ave,75223,Dallas,TX,32.805023,-96.74385,757000,434.0,,726100.0,2973.0,2.0,2.0,1744.0,1945.0,8450.64,singleFamily,2,685000.0,2025,https://www.zillow.com,https://photos.zillowstatic.com/fp/ad6bc487095f22fa1f672090500e5f2f-p_c.jpg,2026-09-14 14:42,For Sale
26831313,10243 San Juan Ave,75228,Dallas,TX,32.833233,-96.678345,250000,217.0,,246900.0,1819.0,3.0,1.0,1152.0,1954.0,7535.88,singleFamily,22,210000.0,2025,https://www.zillow.com,https://photos.zillowstatic.com/fp/e5e0972df1761f401e32606bdc48a8d4-p_c.jpg,2026-09-14 14:42,For Sale
162362971,9606 Glenacre Ln,75243,Dallas,TX,32.895626,-96.724464,400000,191.0,,387600.0,2265.0,3.0,3.0,2094.0,1978.0,3876.84,singleFamily,41,388170.0,2025,https://www.zillow.com,https://photos.zillowstatic.com/fp/f9bb32518915707a161650cef96c81c4-p_c.jpg,2026-09-14 14:42,For Sale
26809013,10923 Marsh Ln,75229,Dallas,TX,32.897175,-96.85655,1399000,368.0,,1361100.0,,4.0,4.0,3801.0,2024.0,0.371,singleFamily,40,1514900.0,2025,https://www.zillow.com,https://photos.zillowstatic.com/fp/1e6e58af65ac3627734ea93eab94bd4b-p_c.jpg,2026-09-14 14:42,For Sale
26785636,5320 Elkridge Dr,75227,Dallas,TX,32.790108,-96.705605,385000,173.0,-10000.0,383800.0,4553.0,3.0,3.0,2226.0,1966.0,8581.32,singleFamily,156,374960.0,2025,https://www.zillow.com,https://photos.zillowstatic.com/fp/255ad6ddea9b011366c20de836a8b447-p_c.jpg,2026-09-14 14:42,For Sale
442933076,6615 Meadow Rd,75230,Dallas,TX,32.88651,-96.79076,2950000,459.0,-49999.0,2752900.0,,5.0,7.0,6421.0,1999.0,0.344,singleFamily,180,2455880.0,2025,https://www.zillow.com,https://photos.zillowstatic.com/fp/0985eac8b18a987f661fc3f3080f6764-p_c.jpg,2026-09-14 14:42,For Sale
26872780,6626 Harvest Glen Dr,75248,Dallas,TX,32.950302,-96.79587,1029500,320.0,,991300.0,5542.0,4.0,4.0,3222.0,1977.0,0.344,singleFamily,52,1054580.0,2025,https://www.zillow.com,https://photos.zillowstatic.com/fp/d49af7d1c31fbfa37e071a50dd143b0f-p_c.jpg,2026-09-14 14:42,For Sale
26903405,9022 Villa Park Cir,75225,Dallas,TX,32.872677,-96.77756,497000,296.0,,,,3.0,2.0,1678.0,1966.0,5183.64,singleFamily,73,361360.0,2025,https://www.zillow.com,https://photos.zillowstatic.com/fp/c4674fb1f5ba550a9cf9cd5d43af343f-p_c.jpg,2026-09-14 14:42,For Sale
162174971,5817 Richmond Ave,75206,Dallas,TX,32.81639,-96.7672,1749000,505.0,,,,4.0,5.0,3466.0,2021.0,9321.84,singleFamily,9,1455990.0,2025,https://www.zillow.com,https://photos.zillowstatic.com/fp/dd1b85be4e5b892c1a4c700ae5c763fe-p_c.jpg,2026-09-14 14:42,For Sale
26759576,5036 Radbrook Pl,75220,Dallas,TX,32.867332,-96.82502,5995000,708.0,,5561000.0,,6.0,6.0,8462.0,2015.0,1.08,singleFamily,86,5077000.0,2025,https://www.zillow.com,https://photos.zillowstatic.com/fp/e79327d8aad385ed588ac32212b12973-p_c.jpg,2026-09-14 14:42,For Sale
26591139,6822 Blue Mesa Dr,75252,Dallas,TX,32.99064,-96.78251,1099000,237.0,-151000.0,1031100.0,6114.0,6.0,5.0,4629.0,1981.0,0.3,singleFamily,11,1204367.0,2025,https://www.zillow.com,https://photos.zillowstatic.com/fp/ef98fafe35213002c806db86f039e15c-p_c.jpg,2026-09-14 14:42,For Sale
26738173,4214 Falls Dr,75211,Dallas,TX,32.7262,-96.88897,295000,193.0,,286800.0,1603.0,4.0,2.0,1530.0,1953.0,8189.28,singleFamily,2,210000.0,2025,https://www.zillow.com,https://photos.zillowstatic.com/fp/86b5e6f031ea7a6c8c7b3fa0f3557c20-p_c.jpg,2026-09-14 14:42,For Sale
26703598,6054 Penrose Ave,75206,Dallas,TX,32.83223,-96.76191,1795000,426.0,,1758300.0,2894.0,4.0,5.0,4216.0,2026.0,6621.12,singleFamily,11,548230.0,2025,https://www.zillow.com,https://photos.zillowstatic.com/fp/f9d5b82d3d7a19e3abcc8a637f06d74c-p_c.jpg,2026-09-14 14:42,For Sale
26681896,3883 Turtle Creek Blvd APT 808,75219,Dallas,TX,32.815575,-96.79938,199000,258.0,,203200.0,1393.0,1.0,1.0,772.0,1963.0,3.159,condo,4,220790.0,2025,https://www.zillow.com,https://photos.zillowstatic.com/fp/61e63cd9900d592220ec9cba49b42e78-p_c.jpg,2026-09-14 14:42,For Sale
26871596,7308 Tangleglen Dr,75248,Dallas,TX,32.951824,-96.781136,2399999,499.0,,2328400.0,7714.0,5.0,6.0,4807.0,2026.0,0.344,singleFamily,59,707610.0,2025,https://www.zillow.com,https://photos.zillowstatic.com/fp/720ae454b0941e3b8421d61085a0e95a-p_c.jpg,2026-09-14 14:42,For Sale
26858919,12022 Dixfield Dr,75218,Dallas,TX,32.86001,-96.69651,650000,274.0,-25000.0,624000.0,4044.0,4.0,3.0,2374.0,1968.0,9321.84,singleFamily,58,585810.0,2025,https://www.zillow.com,https://photos.zillowstatic.com/fp/aaafe1e96bee441763be20a71573468f-p_c.jpg,2026-09-14 14:42,For Sale
464324863,4004 & 4006 S Denley Dr,75216,Dallas,TX,32.760754,-96.771545,720000,209.0,,713400.0,2601.0,6.0,8.0,3442.0,2026.0,0.2795,multiFamily,40,,,https://www.zillow.com,https://photos.zillowstatic.com/fp/7cb9726c7151d4ea574a15d168cc17fa-p_c.jpg,2026-09-14 14:42,For Sale
26710960,915 Harlandale Ave,75216,Dallas,TX,32.738586,-96.81062,160000,238.0,,131900.0,1386.0,4.0,3.0,672.0,1925.0,9713.88,singleFamily,3,158760.0,2025,https://www.zillow.com,https://photos.zillowstatic.com/fp/f3db78e6b9fe46b1bf16cadbe166dfdc-p_c.jpg,2026-09-14 14:42,For Sale
26756519,6429 Royal Ln,75230,Dallas,TX,32.895134,-96.79531,2395000,410.0,,,,6.0,8.0,5839.0,2026.0,0.326,singleFamily,6,691720.0,2025,https://www.zillow.com,https://photos.zillowstatic.com/fp/0bf0a3d82937b38737f491817a45cc71-p_c.jpg,2026-09-14 14:42,For Sale
26870526,14015 Highmark Sq,75254,Dallas,TX,32.939445,-96.80321,549000,213.0,-36000.0,541000.0,4467.0,3.0,3.0,2575.0,1980.0,6795.36,singleFamily,123,673310.0,2025,https://www.zillow.com,https://photos.zillowstatic.com/fp/4090b396b0eb06e646074b386208bb45-p_c.jpg,2026-09-14 14:42,For Sale
26689227,6122 Bryan Pkwy,75206,Dallas,TX,32.810043,-96.761925,1250000,346.0,,1201400.0,6783.0,4.0,3.0,3617.0,1999.0,6621.12,singleFamily,66,975090.0,2025,https://www.zillow.com,https://photos.zillowstatic.com/fp/a777eccb9d98f34337980c2f7ea3d3dc-p_c.jpg,2026-09-14 14:42,For Sale
26739646,8619 San Fernando Way,75218,Dallas,TX,32.82239,-96.712776,1850000,464.0,,,,4.0,4.0,3988.0,2023.0,7492.32,singleFamily,3,1526890.0,2025,https://www.zillow.com,https://photos.zillowstatic.com/fp/03e29860830396d0da142730d9aaebe9-p_c.jpg,2026-09-14 14:42,For Sale
26705799,7103 Westbrook Ln,75214,Dallas,TX,32.846027,-96.73876,1300000,513.0,,1230500.0,4700.0,4.0,3.0,2535.0,1954.0,10759.32,singleFamily,53,869160.0,2025,https://www.zillow.com,https://photos.zillowstatic.com/fp/0e7faeb8e39de143144061f9dd594631-p_c.jpg,2026-09-14 14:42,For Sale
53071477,17663 Sunmeadow Dr,75252,Dallas,TX,32.993668,-96.802086,435999,239.0,,420400.0,2470.0,2.0,2.0,1823.0,1983.0,7405.2,singleFamily,9,416192.0,2025,https://www.zillow.com,https://photos.zillowstatic.com/fp/1aa7fda4258fa4d33ff1ea99d2a60cbc-p_c.jpg,2026-09-14 14:42,For Sale
96533225,3807 Alsbury St,75216,Dallas,TX,32.718002,-96.76512,235000,159.0,,232700.0,2104.0,3.0,2.0,1481.0,2019.0,7230.96,singleFamily,16,288860.0,2025,https://www.zillow.com,https://photos.zillowstatic.com/fp/25a38858cdf9961dec4fb3c99ab4464b-p_c.jpg,2026-09-14 14:42,For Sale
26755002,6452 Walnut Hill Ln,75230,Dallas,TX,32.87963,-96.79444,2990000,477.0,-205000.0,2903700.0,,5.0,7.0,6266.0,2026.0,0.362,singleFamily,44,630200.0,2025,https://www.zillow.com,https://photos.zillowstatic.com/fp/cecac340b004806117a8141114469e87-p_c.jpg,2026-09-14 14:42,For Sale
26714628,1327 E Waco Ave,75216,Dallas,TX,32.735672,-96.80432,415000,193.0,,,,4.0,4.0,2154.0,2026.0,6969.6,singleFamily,24,67440.0,2019,https://www.zillow.com,https://photos.zillowstatic.com/fp/ff5733ae224145320bc67b68d13ad849-p_c.jpg,2026-09-14 14:42,For Sale
26839550,10650 Steppington Dr #219,75230,Dallas,TX,32.8936,-96.77055,195000,182.0,,189300.0,1839.0,2.0,2.0,1074.0,1979.0,4.784,condo,52,192690.0,2025,https://www.zillow.com,https://photos.zillowstatic.com/fp/08ffc661a94cb709ddb76b446fb80925-p_c.jpg,2026-09-14 14:42,For Sale
26757013,11219 Leachman Cir,75229,Dallas,TX,32.900352,-96.82221,4995000,913.0,-255000.0,4628300.0,,5.0,6.0,5470.0,1972.0,0.594,singleFamily,202,4604060.0,2025,https://www.zillow.com,https://photos.zillowstatic.com/fp/2056db3dc523d4f90aca7f3a26c19ee3-p_c.jpg,2026-09-14 14:42,For Sale
53077414,5434 Preston Fairways Cir,75252,Dallas,TX,32.990475,-96.809105,719000,221.0,-16000.0,700100.0,4233.0,4.0,3.0,3249.0,1991.0,6098.4,singleFamily,59,714915.0,2025,https://www.zillow.com,https://photos.zillowstatic.com/fp/726abc526183afad17e099c2d20f4005-p_c.jpg,2026-09-14 14:42,For Sale
26880516,4137 Candlenut Ln,75244,Dallas,TX,32.919964,-96.8388,880999,391.0,,938800.0,3571.0,4.0,3.0,2254.0,1968.0,10018.0,singleFamily,11,756840.0,2025,https://www.zillow.com,https://photos.zillowstatic.com/fp/272aef6877959eef2b5fb6f85b8ce175-p_c.jpg,2026-09-14 14:42,For Sale
26760464,5807 Glen Falls Ln,75209,Dallas,TX,32.86401,-96.81352,9295000,1019.0,-200000.0,8840400.0,,5.0,8.0,9118.0,2026.0,0.514,singleFamily,86,2015100.0,2025,https://www.zillow.com,https://photos.zillowstatic.com/fp/bb7da9088016786ee4b772862254593b-p_c.jpg,2026-09-14 14:42,For Sale
464791780,2005-2007 Jb Jackson Jr Blvd,75210,Dallas,TX,32.76994,-96.75829,259900,149.0,,255600.0,2159.0,,2.0,1744.0,2020.0,0.373,multiFamily,20,,,https://www.zillow.com,https://photos.zillowstatic.com/fp/c6fbde280fbc064791bfc323ab59623c-p_c.jpg,2026-09-14 14:42,For Sale
26899191,3901 Turtle Creek Blvd #7,75219,Dallas,TX,32.816788,-96.79974,8900000,1310.0,,,,3.0,6.0,6792.0,1997.0,7535.88,singleFamily,146,3145000.0,2025,https://www.zillow.com,https://photos.zillowstatic.com/fp/da8210692bd7a70faad4b9c3fc7bf180-p_c.jpg,2026-09-14 14:42,For Sale
26782672,1821 Overhill Ln,75216,Dallas,TX,32.711113,-96.796814,189000,155.0,-20000.0,208000.0,2032.0,4.0,2.0,1220.0,1948.0,7623.0,singleFamily,16,185230.0,2025,https://www.zillow.com,https://photos.zillowstatic.com/fp/66434eb9be33c3533b47dd59221c79c4-p_c.jpg,2026-09-14 14:42,For Sale
26870222,8817 Arborside Dr,75243,Dallas,TX,32.898365,-96.74765,924900,276.0,,901100.0,3588.0,4.0,3.0,3347.0,1974.0,8712.0,singleFamily,3,784490.0,2025,https://www.zillow.com,https://photos.zillowstatic.com/fp/75c649817cb7208da150f970ff415ecb-p_c.jpg,2026-09-14 14:42,For Sale
26784662,3230 Rock Bluff Dr,75227,Dallas,TX,32.765625,-96.69388,275000,153.0,-4900.0,,2389.0,3.0,2.0,1800.0,1958.0,9626.76,singleFamily,87,292430.0,2025,https://www.zillow.com,https://photos.zillowstatic.com/fp/0e11ca6511bd82ff27c6a67897d69e96-p_c.jpg,2026-09-14 14:42,For Sale
26838770,10610 Ravenscroft Dr,75230,Dallas,TX,32.89124,-96.77821,585000,309.0,,,3188.0,3.0,3.0,1894.0,1973.0,4516.0,singleFamily,44,430000.0,2025,https://www.zillow.com,https://www.zillowstatic.com/static/images/nophoto_p_c.png,2026-09-14 14:42,For Sale
26630261,5720 Moss Creek Trl,75252,Dallas,TX,33.008812,-96.81058,925000,254.0,,,,4.0,3.0,3645.0,1987.0,9583.2,singleFamily,24,780870.0,2025,https://www.zillow.com,https://photos.zillowstatic.com/fp/f25ec6f202a70129d72a4a646be79879-p_c.jpg,2026-09-14 14:42,For Sale
26887386,16834 Mossy Oak Dr,75248,Dallas,TX,32.980415,-96.78011,2299000,431.0,,2222200.0,,6.0,8.0,5328.0,2026.0,9147.6,singleFamily,45,675000.0,2025,https://www.zillow.com,https://photos.zillowstatic.com/fp/731009185f3583c9132a0832866e0951-p_c.jpg,2026-09-14 14:42,For Sale
26703265,6120 Kenwood Ave,75214,Dallas,TX,32.833076,-96.76047,1369000,416.0,-10000.0,,,5.0,3.0,3287.0,1940.0,6795.36,singleFamily,59,1092020.0,2025,https://www.zillow.com,https://photos.zillowstatic.com/fp/20a14bf3208975b111ec9fe4bd049a38-p_c.jpg,2026-09-14 14:42,For Sale
26889060,6223 Fox Trl,75248,Dallas,TX,32.95587,-96.79999,575000,309.0,,559200.0,3493.0,3.0,2.0,1860.0,1983.0,7535.88,singleFamily,12,491540.0,2025,https://www.zillow.com,https://photos.zillowstatic.com/fp/50d5cb3141a63437d8c20e1edf847add-p_c.jpg,2026-09-14 14:42,For Sale
26713772,811 Buckalew St,75208,Dallas,TX,32.738026,-96.83914,195000,155.0,-50000.0,,,3.0,1.0,1260.0,1926.0,6969.6,singleFamily,119,304580.0,2025,https://www.zillow.com,https://photos.zillowstatic.com/fp/3de466ad7588d98bc120c7778fc03060-p_c.jpg,2026-09-14 14:42,For Sale
26723982,1319 Lansford Ave,75224,Dallas,TX,32.731472,-96.84375,539000,254.0,,,,3.0,3.0,2124.0,1928.0,8929.8,singleFamily,4,435320.0,2025,https://www.zillow.com,https://photos.zillowstatic.com/fp/da3c93a11002c861d2662e199e84cef9-p_c.jpg,2026-09-14 14:42,For Sale
26787893,3610 Durango Dr,75220,Dallas,TX,32.86711,-96.858284,789999,263.0,-20001.0,781600.0,5076.0,4.0,4.0,3000.0,2026.0,10105.92,singleFamily,93,526820.0,2025,https://www.zillow.com,https://photos.zillowstatic.com/fp/1447424716f5a98590edc3d8f38f8d5e-p_c.jpg,2026-09-14 14:42,For Sale
96533206,1846 Nomas St,75212,Dallas,TX,32.780773,-96.85013,549900,171.0,,,4943.0,5.0,4.0,3212.0,2020.0,7971.48,singleFamily,44,703520.0,2025,https://www.zillow.com,https://photos.zillowstatic.com/fp/06227f5e81aeed76380d61e4e9c8d94a-p_c.jpg,2026-09-14 14:42,For Sale
26750173,6723 Santa Anita Dr,75214,Dallas,TX,32.849342,-96.74358,499000,392.0,-16000.0,489600.0,3267.0,3.0,2.0,1272.0,1954.0,7405.2,singleFamily,114,514190.0,2025,https://www.zillow.com,https://photos.zillowstatic.com/fp/5c077644ceb6450758b5f17179a67a10-p_c.jpg,2026-09-14 14:42,For Sale
26869293,9615 Millridge Dr,75243,Dallas,TX,32.90484,-96.729965,615000,250.0,-20000.0,603000.0,4770.0,4.0,3.0,2460.0,1970.0,8755.56,singleFamily,57,605190.0,2025,https://www.zillow.com,https://photos.zillowstatic.com/fp/3f1b4fd43ed06089462d55278f537f5a-p_c.jpg,2026-09-14 14:42,For Sale
26928082,3030 McKinney Ave APT 1905,75204,Dallas,TX,32.801815,-96.80051,725000,536.0,,688800.0,3176.0,2.0,2.0,1353.0,1981.0,1.506,condo,2,655000.0,2025,https://www.zillow.com,https://photos.zillowstatic.com/fp/7e3f916dab052c7957f0f351e9999f88-p_c.jpg,2026-09-14 14:42,For Sale
26827249,3530 Kiestcrest Dr,75233,Dallas,TX,32.70164,-96.8798,220000,104.0,-29900.0,,2328.0,3.0,2.0,2124.0,1962.0,10018.8,singleFamily,41,341960.0,2025,https://www.zillow.com,https://photos.zillowstatic.com/fp/c23816dd18204487745c194e70cfd286-p_c.jpg,2026-09-14 14:42,For Sale
459248027,3018 Rochester St,75215,Dallas,TX,32.739986,-96.74741,516000,199.0,,510500.0,3341.0,4.0,3.0,2589.0,2026.0,5837.04,singleFamily,33,58580.0,2025,https://www.zillow.com,https://photos.zillowstatic.com/fp/70a376848c00aed57b55e73a31b76812-p_c.jpg,2026-09-14 14:42,For Sale
26740661,8242 San Cristobal Dr,75218,Dallas,TX,32.80999,-96.71344,1099000,397.0,,1024900.0,4333.0,4.0,4.0,2768.0,1969.0,0.256,singleFamily,10,785000.0,2025,https://www.zillow.com,https://photos.zillowstatic.com/fp/2dd53758aa321a80a1d5e61b95d605ba-p_c.jpg,2026-09-14 14:42,For Sale
26891461,7402 Red Osier Rd,75249,Dallas,TX,32.63319,-96.95154,215000,129.0,,212900.0,2109.0,3.0,2.0,1670.0,1982.0,9234.72,singleFamily,24,281960.0,2025,https://www.zillow.com,https://photos.zillowstatic.com/fp/7a4c272653f0424b9af6fc94cc3846a1-p_c.jpg,2026-09-14 14:42,For Sale
26701334,6903 Coronado Ave,75214,Dallas,TX,32.812527,-96.74086,2895000,599.0,,2769800.0,,5.0,5.0,4830.0,2026.0,8015.04,singleFamily,11,736880.0,2025,https://www.zillow.com,https://photos.zillowstatic.com/fp/be9b8c037b530171ae28503ca6a8bd8b-p_c.jpg,2026-09-14 14:42,For Sale
26853250,8938 Angleton Pl,75243,Dallas,TX,32.89959,-96.7515,399000,313.0,-26000.0,384900.0,2527.0,4.0,2.0,1276.0,1958.0,10628.64,singleFamily,30,371650.0,2025,https://www.zillow.com,https://photos.zillowstatic.com/fp/b847a4e258c5c4484cc04ea6a2d0aa7f-p_c.jpg,2026-09-14 14:42,For Sale
26767686,2666 Kellogg Ave,75216,Dallas,TX,32.717056,-96.79431,239900,195.0,-5000.0,236200.0,1828.0,3.0,2.0,1228.0,1983.0,6708.24,singleFamily,24,203240.0,2025,https://www.zillow.com,https://photos.zillowstatic.com/fp/5e4455e39bc9efe499c2b5f00b496ba4-p_c.jpg,2026-09-14 14:42,For Sale
26913325,12919 Woodbend Ln,75243,Dallas,TX,32.918846,-96.73415,299900,185.0,,294000.0,2395.0,3.0,3.0,1620.0,1983.0,2090.88,singleFamily,13,310140.0,2025,https://www.zillow.com,https://photos.zillowstatic.com/fp/a83689c1238c0a640039e4688080d537-p_c.jpg,2026-09-14 14:42,For Sale
26748194,4709 Skillman St #B,75206,Dallas,TX,32.845016,-96.76223,149900,111.0,,197100.0,2416.0,2.0,2.0,1346.0,1966.0,4.112,condo,2,215360.0,2025,https://www.zillow.com,https://photos.zillowstatic.com/fp/947c62316ad5599897ed73ade41b11d3-p_c.jpg,2026-09-14 14:42,For Sale
463650754,1904 McBroom St,75212,Dallas,TX,32.78237,-96.85047,745000,226.0,-14000.0,733700.0,4986.0,4.0,4.0,3300.0,2026.0,6141.96,singleFamily,72,,,https://www.zillow.com,https://photos.zillowstatic.com/fp/0110a4737654b219f2717f2d2973bd9d-p_c.jpg,2026-09-14 14:42,For Sale
26864385,10830 Ferndale Rd,75238,Dallas,TX,32.892693,-96.713356,779000,254.0,,,,4.0,4.0,3066.0,1968.0,9583.2,singleFamily,69,582480.0,2025,https://www.zillow.com,https://photos.zillowstatic.com/fp/ef75db0ffc4af2a86a79299d2017c3a1-p_c.jpg,2026-09-14 14:42,For Sale
96520342,1511 Morrell Ave,75203,Dallas,TX,32.73941,-96.79961,520000,194.0,,516900.0,3825.0,4.0,4.0,2683.0,2026.0,7753.68,singleFamily,12,90000.0,2025,https://www.zillow.com,https://photos.zillowstatic.com/fp/4d7278f053f27ce6c25db04c4fe18af3-p_c.jpg,2026-09-14 14:42,For Sale
54010848,17911 Meadowchase Way,75287,Dallas,TX,32.99258,-96.860535,365000,147.0,-13000.0,,3271.0,4.0,3.0,2481.0,1995.0,5227.2,singleFamily,129,446223.0,2025,https://www.zillow.com,https://photos.zillowstatic.com/fp/2d2bbd8bcc98a3224bb5346b1771b36c-p_c.jpg,2026-09-14 14:42,For Sale
26752745,7149 Blairview Dr,75230,Dallas,TX,32.88282,-96.7807,925000,410.0,,,,4.0,3.0,2256.0,1963.0,0.258,singleFamily,11,935500.0,2025,https://www.zillow.com,https://photos.zillowstatic.com/fp/e0f1f6122538d425e29849f2ec1cfc5e-p_c.jpg,2026-09-14 14:42,For Sale
449335586,4534 Lake Ave #103,75219,Dallas,TX,32.811855,-96.82431,549000,249.0,,541600.0,4080.0,3.0,3.0,2207.0,2025.0,7492.32,townhome,2,,,https://www.zillow.com,https://photos.zillowstatic.com/fp/c2977e98e269574d668dcfa40b63c122-p_c.jpg,2026-09-14 14:42,For Sale
26755935,6039 Waggoner Dr,75230,Dallas,TX,32.887676,-96.80235,6220000,1006.0,,5608900.0,7336.0,3.0,5.0,6184.0,2000.0,0.459,singleFamily,12,2763000.0,2025,https://www.zillow.com,https://photos.zillowstatic.com/fp/a03051057336f1970613755f0326259b-p_c.jpg,2026-09-14 14:42,For Sale
26809754,3145 Longbow Ct,75229,Dallas,TX,32.90782,-96.87027,485000,277.0,-14000.0,,,3.0,2.0,1750.0,1960.0,0.331,singleFamily,45,355740.0,2025,https://www.zillow.com,https://photos.zillowstatic.com/fp/c11b0655db574d4d576a019ccd2772ff-p_c.jpg,2026-09-14 14:42,For Sale
113398980,18333 Roehampton Dr,75252,Dallas,TX,33.001495,-96.8031,160000,217.0,,159000.0,948.0,2.0,1.0,737.0,1985.0,,condo,0,166889.0,2025,https://www.zillow.com,https://photos.zillowstatic.com/fp/82eee3039af8e195e2c0fcc67e1b4470-p_c.jpg,2026-09-14 14:42,For Sale
26757872,5111 Meaders Ln,75229,Dallas,TX,32.885555,-96.820595,5300000,592.0,-300000.0,,,6.0,8.0,8949.0,1953.0,0.9199999999999999,singleFamily,111,3082930.0,2025,https://www.zillow.com,https://photos.zillowstatic.com/fp/41fc0b0e880993420221b15586a5db9e-p_c.jpg,2026-09-14 14:42,For Sale
26929991,3310 Fairmount St APT 9D,75201,Dallas,TX,32.801342,-96.808525,850000,371.0,,,,2.0,2.0,2293.0,1964.0,2.39,condo,5,642040.0,2025,https://www.zillow.com,https://photos.zillowstatic.com/fp/f099e960f7a5e274b033a4fb597ac50f-p_c.jpg,2026-09-14 14:42,For Sale
26815801,238 Glencairn Dr,75232,Dallas,TX,32.656998,-96.826096,194500,117.0,,,2193.0,4.0,3.0,1656.0,1961.0,10062.36,singleFamily,37,285200.0,2025,https://www.zillow.com,https://photos.zillowstatic.com/fp/a0386f03843a54018da9bd47aa3344c6-p_c.jpg,2026-09-14 14:42,For Sale
26792739,4027 Killion Dr,75229,Dallas,TX,32.883762,-96.845245,3525000,527.0,,,,6.0,9.0,6683.0,2026.0,0.37,singleFamily,10,646350.0,2025,https://www.zillow.com,https://photos.zillowstatic.com/fp/ddeeccaf26dd3c39e83044d835793fa6-p_c.jpg,2026-09-14 14:42,For Sale
26810078,3741 Weeburn Dr,75229,Dallas,TX,32.907757,-96.85409,499900,183.0,,483200.0,4249.0,4.0,3.0,2736.0,1970.0,4486.68,townhome,3,451440.0,2025,https://www.zillow.com,https://photos.zillowstatic.com/fp/3b7cc72be819fc4eadf3db7e42849abb-p_c.jpg,2026-09-14 14:42,For Sale
55827293,2011 Cedar Springs Rd APT 305,75201,Dallas,TX,32.791115,-96.80551,950000,412.0,,917100.0,7177.0,2.0,2.0,2306.0,1999.0,0.981,condo,6,1026170.0,2025,https://www.zillow.com,https://photos.zillowstatic.com/fp/b204d114a547bb1decd13e6231a82fce-p_c.jpg,2026-09-14 14:42,For Sale
26725145,2009 Kingsley Dr,75216,Dallas,TX,32.688885,-96.791626,99000,99.0,-999.0,,1578.0,2.0,1.0,1001.0,1943.0,7518.456,singleFamily,27,158490.0,2025,https://www.zillow.com,https://photos.zillowstatic.com/fp/8eca2b217190b5591fcad82643ebb41d-p_c.jpg,2026-09-14 14:42,For Sale
162435831,2220 Canton St APT 407,75201,Dallas,TX,32.780376,-96.78904,649750,283.0,-25250.0,627600.0,4816.0,2.0,3.0,2296.0,1925.0,0.9590000000000001,condo,185,519000.0,2025,https://www.zillow.com,https://photos.zillowstatic.com/fp/365bda110c1e00d0248d5b976045f882-p_c.jpg,2026-09-14 14:42,For Sale
26868878,9123 Windcrest Dr,75243,Dallas,TX,32.902084,-96.73644,825000,294.0,,795400.0,3951.0,3.0,3.0,2804.0,1974.0,9191.16,singleFamily,24,750510.0,2025,https://www.zillow.com,https://photos.zillowstatic.com/fp/68690c5dc816f34bdb76dd37e072f1cd-p_c.jpg,2026-09-14 14:42,For Sale
26803675,5812 Preston Haven Dr,75230,Dallas,TX,32.90626,-96.80687,4145000,625.0,-50000.0,4003700.0,6758.0,6.0,8.0,6630.0,2026.0,0.392,singleFamily,136,1319770.0,2025,https://www.zillow.com,https://photos.zillowstatic.com/fp/e1844053c2558a096480c37c29f5c992-p_c.jpg,2026-09-14 14:42,For Sale
26816324,238 Prairie Vista Dr,75217,Dallas,TX,32.71466,-96.6604,285000,198.0,,280100.0,1881.0,3.0,2.0,1440.0,1979.0,8494.2,singleFamily,13,230830.0,2025,https://www.zillow.com,https://photos.zillowstatic.com/fp/0b92ddd14dec68da0c92c3cf464d0da9-p_c.jpg,2026-09-14 14:42,For Sale
26726630,2607 W Lovers Ln,75235,Dallas,TX,32.839935,-96.85749,468000,223.0,9000.0,449200.0,4322.0,7.0,4.0,2100.0,1937.0,7579.44,singleFamily,25,339530.0,2025,https://www.zillow.com,https://photos.zillowstatic.com/fp/f962e2e1a5e62e8dfc1642dae9aec351-p_c.jpg,2026-09-14 14:42,For Sale
69677198,1122 Jackson St APT 1104,75202,Dallas,TX,32.778316,-96.80129,499000,310.0,,466200.0,3004.0,1.0,2.0,1608.0,1925.0,0.984,condo,2,450240.0,2025,https://www.zillow.com,https://photos.zillowstatic.com/fp/b38c95da1fcecdfcde35e1c9ba77cb64-p_c.jpg,2026-09-14 14:42,For Sale
26829971,8115 Ferguson Rd,75228,Dallas,TX,32.804195,-96.71162,390000,129.0,,375600.0,2028.0,6.0,4.0,3020.0,1969.0,10367.28,multiFamily,10,502370.0,2025,https://www.zillow.com,https://photos.zillowstatic.com/fp/3eab853033ea450ea1bd7a6ac3acfe62-p_c.jpg,2026-09-14 14:42,For Sale
26759674,9525 Alva Ct,75220,Dallas,TX,32.87314,-96.81626,9600000,870.0,-300000.0,8882600.0,,6.0,9.0,11037.0,2002.0,0.844,singleFamily,119,7000000.0,2025,https://www.zillow.com,https://photos.zillowstatic.com/fp/1af6a1b29c22fa9d3cf7f5391b89367d-p_c.jpg,2026-09-14 14:42,For Sale
26686496,3523 Edgewood St,75215,Dallas,TX,32.760727,-96.76876,120000,100.0,,,,4.0,3.0,1200.0,1935.0,5662.8,singleFamily,99,119860.0,2025,https://www.zillow.com,https://photos.zillowstatic.com/fp/366167a2e259473402d82a8317cd91dc-p_c.jpg,2026-09-14 14:42,For Sale
26734877,5107 Stanford Ave,75209,Dallas,TX,32.85347,-96.82376,3265000,662.0,,3129800.0,,4.0,6.0,4931.0,2023.0,7535.88,singleFamily,30,2252000.0,2025,https://www.zillow.com,https://photos.zillowstatic.com/fp/e8b332d8f04687c5018640e2ce0a92ee-p_c.jpg,2026-09-14 14:42,For Sale
26849716,6959 Helsem Way #139,75230,Dallas,TX,32.92001,-96.78387,579000,228.0,-10000.0,561600.0,4715.0,3.0,3.0,2534.0,1974.0,17.424,singleFamily,18,538390.0,2025,https://www.zillow.com,https://photos.zillowstatic.com/fp/82181d6a62a95bc8a3364f82153c18d7-p_c.jpg,2026-09-14 14:42,For Sale
26708692,413 W 9th St,75208,Dallas,TX,32.74662,-96.82898,835000,282.0,,,,4.0,3.0,2960.0,1945.0,5357.88,multiFamily,2,592700.0,2025,https://www.zillow.com,https://photos.zillowstatic.com/fp/11e91680a797b4ec626d9d6c1e8f3a79-p_c.jpg,2026-09-14 14:42,For Sale
26804625,12042 Shirestone Ln,75244,Dallas,TX,32.91352,-96.822,1799000,448.0,-100000.0,1713300.0,,5.0,5.0,4020.0,1975.0,0.369,singleFamily,45,863320.0,2025,https://www.zillow.com,https://photos.zillowstatic.com/fp/467a1c763f93b338ef1840223821a88a-p_c.jpg,2026-09-14 14:42,For Sale
26690351,5645 Vickery Blvd,75206,Dallas,TX,32.822723,-96.77035,1695000,525.0,-5000.0,,,4.0,3.0,3227.0,2014.0,8494.2,singleFamily,109,1543690.0,2025,https://www.zillow.com,https://photos.zillowstatic.com/fp/faa22aa792b686f17f213d793cf6669e-p_c.jpg,2026-09-14 14:42,For Sale
26698558,4427 Frank St,75210,Dallas,TX,32.776363,-96.74493,225000,184.0,,217800.0,1543.0,3.0,2.0,1223.0,1921.0,4443.12,singleFamily,1,85170.0,2025,https://www.zillow.com,https://photos.zillowstatic.com/fp/8f80479ee0abb0985ea84522961f74b7-p_c.jpg,2026-09-14 14:42,For Sale
26808610,3304 Townsend Dr,75229,Dallas,TX,32.89853,-96.868126,1795000,354.0,-100000.0,1750700.0,7524.0,4.0,6.0,5072.0,2026.0,10018.8,singleFamily,69,541670.0,2025,https://www.zillow.com,https://photos.zillowstatic.com/fp/66b1189d4fd75121da4f78b9d2c2238e-p_c.jpg,2026-09-14 14:42,For Sale
26696257,907 Monte Vista Dr,75223,Dallas,TX,32.803738,-96.74064,769000,375.0,-30000.0,,,3.0,2.0,2052.0,1945.0,7666.56,singleFamily,40,820310.0,2025,https://www.zillow.com,https://photos.zillowstatic.com/fp/fe55c7228b152012230ec23ac8f7e278-p_c.jpg,2026-09-14 14:42,For Sale
26832259,3321 Coronet Blvd,75212,Dallas,TX,32.78198,-96.83168,999000,272.0,-30000.0,978100.0,6531.0,5.0,6.0,3675.0,2024.0,5052.96,singleFamily,137,837460.0,2025,https://www.zillow.com,https://photos.zillowstatic.com/fp/a95512fef5aa61c2e68d5a370e641a45-p_c.jpg,2026-09-14 14:42,For Sale
26883459,11926 Leisure Dr,75243,Dallas,TX,32.911163,-96.71145,175000,118.0,-9900.0,167500.0,2019.0,3.0,3.0,1478.0,1974.0,2613.6,townhome,88,237900.0,2025,https://www.zillow.com,https://photos.zillowstatic.com/fp/bb78898cd61d739bace1d102375e5263-p_c.jpg,2026-09-14 14:42,For Sale
26731598,7210 Robin Rd,75209,Dallas,TX,32.845406,-96.822235,1499000,362.0,-51000.0,1470600.0,7950.0,5.0,6.0,4140.0,2023.0,7710.12,singleFamily,66,1570210.0,2025,https://www.zillow.com,https://photos.zillowstatic.com/fp/f0310a2fb22a3efd677d8d282f724ed6-p_c.jpg,2026-09-14 14:42,For Sale
26691070,2730 Marburg St,75215,Dallas,TX,32.756744,-96.754906,360000,218.0,,,,3.0,2.0,1652.0,2026.0,7361.64,singleFamily,5,73500.0,2025,https://www.zillow.com,https://photos.zillowstatic.com/fp/43c676a9c05ec99d2bf9182012b8d56e-p_c.jpg,2026-09-14 14:42,For Sale
248830584,2127 Clark St #103,75204,Dallas,TX,32.79612,-96.79518,839000,378.0,,,,3.0,3.0,2217.0,2015.0,8102.16,townhome,3,676190.0,2025,https://www.zillow.com,https://photos.zillowstatic.com/fp/8d72dd7540258ed7e58da2c65fb89a15-p_c.jpg,2026-09-14 14:42,For Sale
111958118,5642 Ellsworth Ave,75206,Dallas,TX,32.833366,-96.7704,899000,297.0,,,,3.0,3.0,3026.0,2007.0,3659.04,singleFamily,5,800000.0,2025,https://www.zillow.com,https://photos.zillowstatic.com/fp/ae7801f8c991269b324516418d37ff2d-p_c.jpg,2026-09-14 14:42,For Sale
26609878,5831 London Ln,75252,Dallas,TX,32.999863,-96.80588,929000,238.0,-20000.0,902400.0,7634.0,4.0,4.0,3897.0,1984.0,0.32999999999999996,singleFamily,48,1021723.0,2025,https://www.zillow.com,https://photos.zillowstatic.com/fp/a05b02bb0652f0948df61583a600cfcd-p_c.jpg,2026-09-14 14:42,For Sale
26851496,6766 Northaven Rd,75230,Dallas,TX,32.900932,-96.78869,3999000,901.0,-150000.0,3800300.0,,5.0,5.0,4437.0,2019.0,0.942,singleFamily,83,5337960.0,2025,https://www.zillow.com,https://photos.zillowstatic.com/fp/64615944d74097be165d31e4e91973d7-p_c.jpg,2026-09-14 14:42,For Sale
26881179,4408 Forest Bend Rd,75244,Dallas,TX,32.922997,-96.83408,1579000,403.0,,,,5.0,4.0,3920.0,1968.0,0.3644,singleFamily,3,1073000.0,2025,https://www.zillow.com,https://photos.zillowstatic.com/fp/dcd487b5a3e08c3a1b0782b8f9d21447-p_c.jpg,2026-09-14 14:42,For Sale
26790496,3766 Manana Dr,75220,Dallas,TX,32.87363,-96.85329,1350000,392.0,-75000.0,1313900.0,6475.0,3.0,3.0,3440.0,2019.0,10323.72,singleFamily,51,1194880.0,2025,https://www.zillow.com,https://photos.zillowstatic.com/fp/3dcfe837efe132ca924b11fbab79b4b1-p_c.jpg,2026-09-14 14:42,For Sale
80223307,3605 Bowser Ct,75219,Dallas,TX,32.817783,-96.8099,695000,317.0,20000.0,674200.0,4283.0,3.0,4.0,2195.0,2006.0,1698.84,townhome,2,599390.0,2025,https://www.zillow.com,https://photos.zillowstatic.com/fp/23ecd9671665b4a574991328abcfd431-p_c.jpg,2026-09-14 14:42,For Sale
26912448,2306 Balvanera Plz,75211,Dallas,TX,32.717636,-96.90108,235000,156.0,-13000.0,230600.0,2079.0,3.0,3.0,1506.0,2000.0,740.52,singleFamily,123,255430.0,2025,https://www.zillow.com,https://photos.zillowstatic.com/fp/c216ec23116e40e9dec01b99adc05429-p_c.jpg,2026-09-14 14:42,For Sale
80240597,5950 Lindenshire Ln APT 302,75230,Dallas,TX,32.912006,-96.80616,435000,343.0,,416200.0,2318.0,2.0,3.0,1270.0,1990.0,1.7409,townhome,18,400050.0,2025,https://www.zillow.com,https://photos.zillowstatic.com/fp/5a9a3bd6fac5c48a110d0c9da1e168af-p_c.jpg,2026-09-14 14:42,For Sale
55827117,2305 Worthington St APT 108,75204,Dallas,TX,32.79578,-96.79886,435000,336.0,,416900.0,3149.0,2.0,2.0,1295.0,1999.0,1.665,condo,3,492120.0,2025,https://www.zillow.com,https://photos.zillowstatic.com/fp/cf70fd9a77cc7bba61d8ab1fd17cb86e-p_c.jpg,2026-09-14 14:42,For Sale
26891206,7326 Boisenberry Ln,75249,Dallas,TX,32.646145,-96.95055,270000,183.0,,267100.0,2303.0,4.0,3.0,1476.0,1979.0,9487.368,singleFamily,15,246330.0,2025,https://www.zillow.com,https://photos.zillowstatic.com/fp/5565160035419de72101b8b8f51b634c-p_c.jpg,2026-09-14 14:42,For Sale
96498342,4408 Helen St,75223,Dallas,TX,32.780487,-96.74709,85000,,,,,,,,,4312.44,land,0,51950.0,2025,https://www.zillow.com,https://photos.zillowstatic.com/fp/58129dfd264deb3453f511e0f608da66-p_c.jpg,2026-09-14 14:42,For Sale
26687077,2550 Eugene St,75215,Dallas,TX,32.758404,-96.76031,259900,184.0,-5000.0,257500.0,1860.0,3.0,2.0,1416.0,2020.0,5706.36,singleFamily,50,245790.0,2025,https://www.zillow.com,https://photos.zillowstatic.com/fp/7b63e6024f7334fe021a8bb4f33c334e-p_c.jpg,2026-09-14 14:42,For Sale
26694026,6166 Goliad Ave,75214,Dallas,TX,32.817905,-96.75886,1095000,383.0,-50000.0,1055700.0,4860.0,3.0,3.0,2860.0,1997.0,7492.32,singleFamily,27,1121480.0,2025,https://www.zillow.com,https://photos.zillowstatic.com/fp/ddd2436478bc37b9a61b144ab017007a-p_c.jpg,2026-09-14 14:42,For Sale
26804482,12023 Fieldwood Ln,75244,Dallas,TX,32.91254,-96.82496,2375000,521.0,-24000.0,2249100.0,,5.0,6.0,4559.0,1959.0,0.38,singleFamily,30,2117740.0,2025,https://www.zillow.com,https://photos.zillowstatic.com/fp/51ad4a2515f517be7419b1b642b2edc6-p_c.jpg,2026-09-14 14:42,For Sale
26706110,6608 Anita St,75214,Dallas,TX,32.833923,-96.74634,3795000,825.0,,3549300.0,2768.0,4.0,6.0,4598.0,2023.0,7492.32,singleFamily,3,2184070.0,2025,https://www.zillow.com,https://photos.zillowstatic.com/fp/f5c2a7efa0fbf8fd1ee3f2c2ba97685c-p_c.jpg,2026-09-14 14:42,For Sale
26746835,10412 Silverock Dr,75218,Dallas,TX,32.84813,-96.70073,784900,373.0,,,,3.0,3.0,2106.0,1960.0,0.263,singleFamily,11,583340.0,2025,https://www.zillow.com,https://photos.zillowstatic.com/fp/a4b1fa814771ff6d3a29ac96ed4f539d-p_c.jpg,2026-09-14 14:42,For Sale
26759802,5543 Edlen Dr,75220,Dallas,TX,32.879005,-96.812126,6795000,764.0,,6293500.0,,5.0,9.0,8892.0,2005.0,0.622,singleFamily,13,5636160.0,2025,https://www.zillow.com,https://photos.zillowstatic.com/fp/ee3c9f1b37f15ae583b128c7da5ebe34-p_c.jpg,2026-09-14 14:42,For Sale
26723849,1227 Wilbur St,75224,Dallas,TX,32.722607,-96.84315,325000,177.0,-24000.0,322600.0,2702.0,5.0,2.0,1832.0,1937.0,7840.8,singleFamily,51,382770.0,2025,https://www.zillow.com,https://photos.zillowstatic.com/fp/136f635ebce59281e6d3b69cae63684e-p_c.jpg,2026-09-14 14:42,For Sale
442244445,13853 Leinsper Green St,75240,Dallas,TX,32.933575,-96.76636,239000,167.0,,232900.0,1966.0,3.0,2.0,1430.0,1969.0,4486.68,townhome,2,,,https://www.zillow.com,https://photos.zillowstatic.com/fp/06cc8e044e2c07c78272ec8ec861a690-p_c.jpg,2026-09-14 14:42,For Sale
465098433,2305 Worthington St APT 206A,75204,Dallas,TX,32.79578,-96.79886,509000,298.0,,,,3.0,2.0,1706.0,1999.0,1.665,condo,5,,,https://www.zillow.com,https://photos.zillowstatic.com/fp/2434ea66f981b3541cb5e0e3897559b0-p_c.jpg,2026-09-14 14:42,For Sale
26749057,6050 Melody Ln APT 341,75231,Dallas,TX,32.86708,-96.76039,116000,131.0,,111200.0,1302.0,2.0,2.0,885.0,1979.0,0.8084,condo,1,112270.0,2025,https://www.zillow.com,https://photos.zillowstatic.com/fp/0247a5cbff83a272f9c2be0dd51f6e04-p_c.jpg,2026-09-14 14:42,For Sale
26797558,212 N Long Acre Ln,75217,Dallas,TX,32.715088,-96.70842,174900,110.0,-5100.0,170900.0,1887.0,3.0,2.0,1586.0,1962.0,10018.8,singleFamily,35,244950.0,2025,https://www.zillow.com,https://photos.zillowstatic.com/fp/82e5d7ff7981d3369407e620d43cb236-p_c.jpg,2026-09-14 14:42,For Sale
26846122,8617 Baumgarten Dr,75228,Dallas,TX,32.804497,-96.693245,499000,224.0,,492900.0,3388.0,4.0,3.0,2224.0,1975.0,7492.32,singleFamily,5,377150.0,2025,https://www.zillow.com,https://photos.zillowstatic.com/fp/d81066aae9c00ef5f55dde6c381bb972-p_c.jpg,2026-09-14 14:42,For Sale
26773759,811 Tarryall Dr,75224,Dallas,TX,32.693607,-96.83646,394900,170.0,-5000.0,391900.0,2740.0,4.0,2.0,2325.0,1956.0,0.267,singleFamily,67,270320.0,2025,https://www.zillow.com,https://photos.zillowstatic.com/fp/c012001fe95e0a6154cfb0f66e146bbc-p_c.jpg,2026-09-14 14:42,For Sale
26882648,10135 Deermont Trl,75243,Dallas,TX,32.927826,-96.70958,625000,183.0,,601000.0,3980.0,5.0,4.0,3424.0,1976.0,8407.08,singleFamily,10,470450.0,2025,https://www.zillow.com,https://photos.zillowstatic.com/fp/9027988ddaf32689ad35915629774b8b-p_c.jpg,2026-09-14 14:42,For Sale
69677349,4611 Travis St APT 1100,75205,Dallas,TX,32.824383,-96.79024,1000000,1046.0,,952600.0,2422.0,1.0,1.0,956.0,2000.0,0.618,condo,17,500000.0,2025,https://www.zillow.com,https://photos.zillowstatic.com/fp/b9256cc16c062c04d7f216b96630dedf-p_c.jpg,2026-09-14 14:42,For Sale
26697763,4851 Cedar Springs Rd #392,75219,Dallas,TX,32.81927,-96.822525,117500,140.0,-5000.0,118400.0,1550.0,2.0,1.0,841.0,1970.0,6.609,condo,29,186280.0,2025,https://www.zillow.com,https://photos.zillowstatic.com/fp/adb97f15ec04a9c2c5b9fbb2ac002309-p_c.jpg,2026-09-14 14:42,For Sale
26792774,3867 Beutel Ct,75229,Dallas,TX,32.882236,-96.8512,1195000,240.0,,1143200.0,7312.0,6.0,6.0,4989.0,2010.0,0.386,singleFamily,2,1737820.0,2025,https://www.zillow.com,https://photos.zillowstatic.com/fp/fa6824723308ea50247f844733fa7c1b-p_c.jpg,2026-09-14 14:42,For Sale
26860053,8148 Clearsprings Rd,75240,Dallas,TX,32.93642,-96.76551,389000,235.0,,378500.0,2538.0,3.0,2.0,1652.0,1966.0,9321.84,singleFamily,16,373000.0,2025,https://www.zillow.com,https://photos.zillowstatic.com/fp/1a10e4cde04f3d88cf618705bf713450-p_c.jpg,2026-09-14 14:42,For Sale
26888431,12206 Wightman Pl,75243,Dallas,TX,32.91335,-96.73114,306000,184.0,-5000.0,303600.0,2195.0,3.0,3.0,1666.0,1977.0,2744.28,singleFamily,180,352390.0,2025,https://www.zillow.com,https://photos.zillowstatic.com/fp/9d6796f6b180498982242644b76251d6-p_c.jpg,2026-09-14 14:42,For Sale
26754280,6405 Del Norte Ln,75225,Dallas,TX,32.86892,-96.79496,1225000,445.0,,1182700.0,5724.0,3.0,3.0,2755.0,2008.0,3397.68,singleFamily,34,1198160.0,2025,https://www.zillow.com,https://photos.zillowstatic.com/fp/56b1e8d2fe03672eb22b0bf9bf8ea23a-p_c.jpg,2026-09-14 14:42,For Sale
26755451,6739 Walnut Hill Ln,75230,Dallas,TX,32.88025,-96.788605,2150000,450.0,,,,5.0,6.0,4778.0,2026.0,0.263,singleFamily,46,458760.0,2025,https://www.zillow.com,https://photos.zillowstatic.com/fp/85f13eba7e81f8fa944b17831a809c0b-p_c.jpg,2026-09-14 14:42,For Sale
26690676,5311 Willis Ave,75206,Dallas,TX,32.820522,-96.77941,799000,513.0,-16000.0,773000.0,4360.0,3.0,2.0,1556.0,1920.0,7797.24,singleFamily,95,735450.0,2025,https://www.zillow.com,https://photos.zillowstatic.com/fp/d097fe5c35eebc33a3158d8ebe98f525-p_c.jpg,2026-09-14 14:42,For Sale
26830699,2535 Dorrington Dr,75228,Dallas,TX,32.802174,-96.70271,400000,240.0,,,,3.0,2.0,1669.0,1959.0,7971.48,singleFamily,4,414840.0,2025,https://www.zillow.com,https://photos.zillowstatic.com/fp/426d26229de7d307744040db5137561e-p_c.jpg,2026-09-14 14:42,For Sale
26751108,7329 Edgerton Dr,75231,Dallas,TX,32.857544,-96.73505,550000,274.0,-35000.0,544100.0,3741.0,4.0,3.0,2006.0,1960.0,7766.748,singleFamily,178,566090.0,2025,https://www.zillow.com,https://photos.zillowstatic.com/fp/a8746595e435f258fa3ac003af6247c7-p_c.jpg,2026-09-14 14:42,For Sale
244111720,1038 Kings Hwy #1,75208,Dallas,TX,32.750214,-96.84001,425000,270.0,,,,2.0,3.0,1574.0,2015.0,,condo,3,401370.0,2025,https://www.zillow.com,https://photos.zillowstatic.com/fp/4151b3bedb034b1bd92b80bb3d1053ed-p_c.jpg,2026-09-14 14:42,For Sale
69670180,3517 Apple Valley Way,75227,Dallas,TX,32.76629,-96.65234,285000,147.0,,281300.0,2288.0,5.0,3.0,1934.0,2005.0,4181.76,singleFamily,7,318260.0,2025,https://www.zillow.com,https://photos.zillowstatic.com/fp/b0fc5a55f1ffb9154dfb2564a5f75045-p_c.jpg,2026-09-14 14:42,For Sale
26701636,6402 Westlake Ave,75214,Dallas,TX,32.821693,-96.7527,1699000,420.0,-50999.0,1675500.0,,4.0,6.0,4045.0,2026.0,7405.2,singleFamily,40,609450.0,2025,https://www.zillow.com,https://photos.zillowstatic.com/fp/127889541df2a14a846a14a021b0180a-p_c.jpg,2026-09-14 14:42,For Sale
26807764,3240 Chapel Downs Dr,75229,Dallas,TX,32.88448,-96.8677,489000,211.0,-51000.0,478100.0,4124.0,4.0,3.0,2316.0,1962.0,10018.8,singleFamily,52,473420.0,2025,https://www.zillow.com,https://photos.zillowstatic.com/fp/c866ed8415760ed83fd04b15bbb54a0d-p_c.jpg,2026-09-14 14:42,For Sale
26911440,6907 Preston Glen Dr,75230,Dallas,TX,32.91473,-96.78464,1885000,404.0,-100000.0,1785600.0,7215.0,3.0,4.0,4666.0,2000.0,7474.896,singleFamily,133,1650000.0,2025,https://www.zillow.com,https://photos.zillowstatic.com/fp/c6cde910e6ada0514705506cf8c2fe26-p_c.jpg,2026-09-14 14:42,For Sale
26750613,6417 Lontos Dr,75214,Dallas,TX,32.855434,-96.75006,675000,299.0,-14000.0,648000.0,2426.0,4.0,2.0,2260.0,1954.0,9626.76,multiFamily,52,593270.0,2025,https://www.zillow.com,https://photos.zillowstatic.com/fp/2dd6994893320801aa3e9420d3f380dd-p_c.jpg,2026-09-14 14:42,For Sale
26681449,2623 Pennsylvania Ave,75215,Dallas,TX,32.766457,-96.76856,419900,175.0,,416600.0,3271.0,4.0,4.0,2399.0,2021.0,6054.84,singleFamily,18,463280.0,2025,https://www.zillow.com,https://photos.zillowstatic.com/fp/fe89417f78032f64e40f542f3b2532ad-p_c.jpg,2026-09-14 14:42,For Sale
96523561,48 Ash Bluff Ln,75248,Dallas,TX,32.976192,-96.812775,5500000,765.0,-350000.0,,,5.0,6.0,7194.0,2013.0,0.8099999999999999,singleFamily,157,4200000.0,2025,https://www.zillow.com,https://photos.zillowstatic.com/fp/0917223857efba198bb157b8446390cf-p_c.jpg,2026-09-14 14:42,For Sale
249773271,17614 Lily Ct,75252,Dallas,TX,32.99104,-96.76531,850000,242.0,-25000.0,834400.0,4943.0,5.0,4.0,3516.0,2018.0,7361.64,singleFamily,87,846177.0,2025,https://www.zillow.com,https://photos.zillowstatic.com/fp/36265199b59812fba895cc58dc626df7-p_c.jpg,2026-09-14 14:42,For Sale
26814311,6633 Emhouse St,75232,Dallas,TX,32.66675,-96.828224,240000,138.0,-5000.0,236900.0,2197.0,4.0,2.0,1738.0,1949.0,10062.36,singleFamily,83,265760.0,2025,https://www.zillow.com,https://photos.zillowstatic.com/fp/ac3bc145aec85a5e339c8ee0d2272778-p_c.jpg,2026-09-14 14:42,For Sale
26687558,2816 Marburg St,75215,Dallas,TX,32.757366,-96.75367,305000,218.0,,,,3.0,2.0,1400.0,2026.0,5706.36,singleFamily,4,65000.0,2025,https://www.zillow.com,https://photos.zillowstatic.com/fp/7c10ccb76759b8ae92343179b4cb84b3-p_c.jpg,2026-09-14 14:42,For Sale
69677082,1122 Jackson St APT 413,75202,Dallas,TX,32.778316,-96.80129,315000,222.0,,303400.0,2456.0,1.0,1.0,1420.0,1925.0,0.984,condo,53,369200.0,2025,https://www.zillow.com,https://photos.zillowstatic.com/fp/b928ad154616f7c05abae774bbf4d3a7-p_c.jpg,2026-09-14 14:42,For Sale
26803577,5829 Northmoor Dr,75230,Dallas,TX,32.908752,-96.80784,3999000,553.0,-101000.0,,,5.0,7.0,7231.0,2026.0,0.367,singleFamily,46,900000.0,2025,https://www.zillow.com,https://photos.zillowstatic.com/fp/449f764641039140324ebf931d0b4865-p_c.jpg,2026-09-14 14:42,For Sale
26862122,1915 Prairie View Dr,75235,Dallas,TX,32.81595,-96.848076,304900,124.0,-10000.0,,4072.0,5.0,3.0,2465.0,1954.0,6795.36,singleFamily,117,247280.0,2025,https://www.zillow.com,https://photos.zillowstatic.com/fp/0a13e2d6b5ab33c31c473ec9db090432-p_c.jpg,2026-09-14 14:42,For Sale
26738020,1907 S Tyler St,75224,Dallas,TX,32.726833,-96.83821,279990,219.0,-9010.0,272100.0,2136.0,2.0,1.0,1280.0,1950.0,7623.0,singleFamily,45,352570.0,2025,https://www.zillow.com,https://photos.zillowstatic.com/fp/ad248b470deb282c7df54d54765ff25c-p_c.jpg,2026-09-14 14:42,For Sale
26858141,7030 Blackwood Dr,75231,Dallas,TX,32.874187,-96.73518,1395000,339.0,-80000.0,,,4.0,4.0,4121.0,1993.0,0.261,singleFamily,108,1321450.0,2025,https://www.zillow.com,https://photos.zillowstatic.com/fp/f745b3970283195f49d6384965ffa6df-p_c.jpg,2026-09-14 14:42,For Sale
26875371,7606 Dunoon Ave,75248,Dallas,TX,32.979065,-96.77708,1375000,356.0,,,,4.0,4.0,3860.0,1977.0,0.262,singleFamily,53,977490.0,2025,https://www.zillow.com,https://photos.zillowstatic.com/fp/58631262e4136d2e13b23e4d93ba5ae7-p_c.jpg,2026-09-14 14:42,For Sale
26697198,5111 Stoneleigh Ave,75235,Dallas,TX,32.81882,-96.82717,499000,356.0,-29000.0,494600.0,2626.0,3.0,2.0,1402.0,1940.0,7605.576,singleFamily,109,512640.0,2025,https://www.zillow.com,https://photos.zillowstatic.com/fp/48205038fbe34002e1644088300d2d00-p_c.jpg,2026-09-14 14:42,For Sale
111957963,4611 Kelton Dr,75209,Dallas,TX,32.850445,-96.83098,995000,264.0,-305000.0,,,4.0,3.0,3772.0,1880.0,0.461,singleFamily,54,455040.0,2025,https://www.zillow.com,https://photos.zillowstatic.com/fp/46d494d23cd6767d4b2a903fa41861d7-p_c.jpg,2026-09-14 14:42,For Sale
26726058,2702 Lawtherwood Ct,75214,Dallas,TX,32.82001,-96.73198,1200000,375.0,,1157000.0,5729.0,4.0,5.0,3197.0,1994.0,6011.28,singleFamily,45,1143870.0,2025,https://www.zillow.com,https://photos.zillowstatic.com/fp/091831c22edd80a28aba937e0b7fc340-p_c.jpg,2026-09-14 14:42,For Sale
162379155,4984 Thunder Rd,75244,Dallas,TX,32.923786,-96.82209,549000,232.0,-16000.0,538900.0,3595.0,3.0,3.0,2369.0,1974.0,4138.2,singleFamily,58,559610.0,2025,https://www.zillow.com,https://photos.zillowstatic.com/fp/5cfa79f2d5fb01b321b4b1a290a48333-p_c.jpg,2026-09-14 14:42,For Sale
26789448,10815 Pinocchio Dr,75229,Dallas,TX,32.895576,-96.841675,3695000,661.0,,3526400.0,,5.0,7.0,5592.0,2026.0,0.365,singleFamily,30,875000.0,2025,https://www.zillow.com,https://photos.zillowstatic.com/fp/bba7831ecdb27190cbbe6fcefede188e-p_c.jpg,2026-09-14 14:42,For Sale
26774143,3134 Alaska Ave,75216,Dallas,TX,32.706326,-96.81556,438000,147.0,-20000.0,436600.0,3837.0,5.0,3.0,2977.0,2026.0,8272.044,singleFamily,164,176330.0,2025,https://www.zillow.com,https://photos.zillowstatic.com/fp/1c10114969f819915230180e8f3cc673-p_c.jpg,2026-09-14 14:42,For Sale
26851405,11231 Pelican Dr,75238,Dallas,TX,32.871967,-96.68723,360000,301.0,-15000.0,355000.0,1914.0,3.0,2.0,1198.0,1972.0,7797.24,singleFamily,43,385100.0,2025,https://www.zillow.com,https://photos.zillowstatic.com/fp/2a802f20adf4825ae0293aeb75a0ae57-p_c.jpg,2026-09-14 14:42,For Sale
26881106,4316 Rickover Dr,75244,Dallas,TX,32.917934,-96.83574,1695000,501.0,,1649000.0,5878.0,4.0,4.0,3386.0,2024.0,0.302,singleFamily,47,913200.0,2025,https://www.zillow.com,https://photos.zillowstatic.com/fp/7156a0d4b2260de9dfe292be30a3d9b4-p_c.jpg,2026-09-14 14:42,For Sale
26880039,4246 Rosser Sq,75244,Dallas,TX,32.920666,-96.844795,380000,309.0,,372200.0,2396.0,2.0,2.0,1229.0,1981.0,3833.28,singleFamily,37,307740.0,2025,https://www.zillow.com,https://photos.zillowstatic.com/fp/9a75967fcbca97b2460b164fcfd3765d-p_c.jpg,2026-09-14 14:42,For Sale
26751372,7739 Southwestern Blvd,75225,Dallas,TX,32.857388,-96.77351,1799000,560.0,,1800100.0,6119.0,3.0,3.0,3213.0,1978.0,253.9027,singleFamily,16,1848130.0,2025,https://www.zillow.com,https://photos.zillowstatic.com/fp/1d94adb0838e9e9bb753d4df648dc6f4-p_c.jpg,2026-09-14 14:42,For Sale
26744092,10872 Caprock Cir,75218,Dallas,TX,32.855713,-96.69484,969369,309.0,-29631.0,916900.0,5822.0,4.0,4.0,3136.0,1961.0,10367.28,singleFamily,136,644810.0,2025,https://www.zillow.com,https://photos.zillowstatic.com/fp/bee5e4fb314b29ea7c9303aea54eb4a7-p_c.jpg,2026-09-14 14:42,For Sale
26681889,3883 Turtle Creek Blvd APT 801,75219,Dallas,TX,32.815575,-96.79938,249000,289.0,,191700.0,1916.0,1.0,1.0,862.0,1963.0,3.159,condo,2,232740.0,2025,https://www.zillow.com,https://photos.zillowstatic.com/fp/1426607bfa9c512d73de82cd302e202e-p_c.jpg,2026-09-14 14:42,For Sale
26760260,5726 W Hanover Ave,75209,Dallas,TX,32.854946,-96.81413,2299000,634.0,-100000.0,2208600.0,6382.0,4.0,4.0,3629.0,2012.0,7492.32,singleFamily,43,1889000.0,2025,https://www.zillow.com,https://photos.zillowstatic.com/fp/45793b860da0cfe4db5b2c96ee9dd9ed-p_c.jpg,2026-09-14 14:42,For Sale
464889797,822 Duluth St,75212,Dallas,TX,32.776237,-96.83675,568900,278.0,,562800.0,3672.0,3.0,3.0,2046.0,2026.0,5000.688,singleFamily,17,,,https://www.zillow.com,https://photos.zillowstatic.com/fp/927ee6a0387efe88542f71840b8b09d6-p_c.jpg,2026-09-14 14:42,For Sale
26876712,16525 Preston Trail Dr,75248,Dallas,TX,32.976166,-96.80783,4900000,512.0,,4844900.0,,6.0,6.0,9570.0,1996.0,1.248,singleFamily,14,5444020.0,2025,https://www.zillow.com,https://photos.zillowstatic.com/fp/04122a6e6a2660fc3fa1ce2da161eb34-p_c.jpg,2026-09-14 14:42,For Sale
26889684,6502 Riverview Ln,75248,Dallas,TX,32.974606,-96.79891,975000,254.0,,951300.0,5593.0,4.0,3.0,3846.0,1980.0,0.26599999999999996,singleFamily,89,1018610.0,2025,https://www.zillow.com,https://photos.zillowstatic.com/fp/2cc1f7f9dd70de79db086c9f7aa457d8-p_c.jpg,2026-09-14 14:42,For Sale
26752772,7117 Mimosa Ln,75230,Dallas,TX,32.88373,-96.78175,1595000,509.0,,1510300.0,5924.0,4.0,4.0,3132.0,1964.0,0.306,singleFamily,46,1080000.0,2025,https://www.zillow.com,https://photos.zillowstatic.com/fp/7bbb749657d36bf253adb00f852d1a29-p_c.jpg,2026-09-14 14:42,For Sale
80224298,1200 Main St APT 701,75202,Dallas,TX,32.77981,-96.80127,389900,251.0,,384100.0,3886.0,3.0,3.0,1551.0,1974.0,1.033,condo,102,407000.0,2025,https://www.zillow.com,https://photos.zillowstatic.com/fp/0d4641322368a5ef6c9672c06ecb44c3-p_c.jpg,2026-09-14 14:42,For Sale
26701272,7015 Coronado Ave,75214,Dallas,TX,32.811996,-96.73766,950000,396.0,,904800.0,5774.0,3.0,3.0,2396.0,1945.0,7448.76,singleFamily,66,880820.0,2025,https://www.zillow.com,https://photos.zillowstatic.com/fp/e398d18a16cf881b0b0bf7b7563bf5bb-p_c.jpg,2026-09-14 14:42,For Sale
26789287,4186 Brookport Dr,75229,Dallas,TX,32.89332,-96.83887,3495000,628.0,,3314700.0,,4.0,5.0,5565.0,2022.0,0.5997,singleFamily,54,2840340.0,2025,https://www.zillow.com,https://photos.zillowstatic.com/fp/210041e5e6d5bd5a99d5ecd72b981b3f-p_c.jpg,2026-09-14 14:42,For Sale
26752561,3 Royal Terrace Ct,75225,Dallas,TX,32.87795,-96.77805,899000,265.0,,,,3.0,3.0,3397.0,1979.0,5270.76,singleFamily,97,1245000.0,2025,https://www.zillow.com,https://photos.zillowstatic.com/fp/1acb6d0f2467ba03be68156d60d28f02-p_c.jpg,2026-09-14 14:42,For Sale
26787260,9755 Van Dyke Rd,75218,Dallas,TX,32.85455,-96.71484,2195000,734.0,,2054300.0,5428.0,4.0,3.0,2990.0,1956.0,0.544,singleFamily,101,1150000.0,2025,https://www.zillow.com,https://photos.zillowstatic.com/fp/9ded6e32011621fb64f2b8ee8d3871e4-p_c.jpg,2026-09-14 14:42,For Sale
26877194,17020 Club Hill Dr,75248,Dallas,TX,32.981743,-96.81799,2475000,450.0,-220000.0,2324400.0,,5.0,6.0,5506.0,1978.0,0.373,singleFamily,16,2000590.0,2025,https://www.zillow.com,https://photos.zillowstatic.com/fp/9b69ba3cd48ee51c4283bfd0d7201636-p_c.jpg,2026-09-14 14:42,For Sale
83995780,1918 Olive St APT 1002,75201,Dallas,TX,32.789368,-96.80018,2375000,987.0,,2240500.0,6798.0,2.0,2.0,2407.0,2011.0,1.553,condo,2,2394970.0,2025,https://www.zillow.com,https://photos.zillowstatic.com/fp/d0f6b4ba1c4b192b549a9295f77bcbf7-p_c.jpg,2026-09-14 14:42,For Sale
26692909,4138 Prescott Ave,75219,Dallas,TX,32.8214,-96.80532,999000,287.0,-100000.0,980100.0,6583.0,4.0,5.0,3477.0,2006.0,3571.92,singleFamily,156,1298850.0,2025,https://www.zillow.com,https://photos.zillowstatic.com/fp/373422aa47e8b3e8463825266f10e62c-p_c.jpg,2026-09-14 14:42,For Sale
26707648,7015 Lyre Ln,75214,Dallas,TX,32.83533,-96.739006,4095000,744.0,,3879000.0,6392.0,5.0,6.0,5502.0,2026.0,0.363,singleFamily,19,1319420.0,2025,https://www.zillow.com,https://photos.zillowstatic.com/fp/76b93e639d1475a7501d4c006aaf7674-p_c.jpg,2026-09-14 14:42,For Sale
26790118,3957 Gaspar Dr,75220,Dallas,TX,32.86998,-96.84653,2249500,456.0,-45500.0,2167000.0,,6.0,5.0,4932.0,2026.0,9408.96,singleFamily,107,649550.0,2025,https://www.zillow.com,https://photos.zillowstatic.com/fp/ce1eee0302497df51630d5aaef81b66d-p_c.jpg,2026-09-14 14:42,For Sale
26738161,1812 S Cockrell Hill Rd,75211,Dallas,TX,32.72597,-96.891106,139000,66.0,-40000.0,197300.0,2135.0,3.0,1.0,2096.0,1946.0,9931.68,singleFamily,12,291180.0,2025,https://www.zillow.com,https://photos.zillowstatic.com/fp/cf5474e1ff0a7091a05f983f0b8ee9bd-p_c.jpg,2026-09-14 14:42,For Sale
26734267,4405 Wildwood Rd,75209,Dallas,TX,32.855816,-96.83644,6498000,920.0,-202000.0,6173300.0,,6.0,9.0,7061.0,2026.0,0.4234,singleFamily,45,1254260.0,2025,https://www.zillow.com,https://photos.zillowstatic.com/fp/40dd81399133143cc4c573bb2d87afb8-p_c.jpg,2026-09-14 14:42,For Sale
26857430,641 Furlong Dr,75211,Dallas,TX,32.739403,-96.92154,279000,194.0,-7300.0,271800.0,2531.0,4.0,2.0,1440.0,1971.0,7274.52,singleFamily,31,282690.0,2025,https://www.zillow.com,https://photos.zillowstatic.com/fp/1d8cc54599dd501a9e2cb94b20e20dba-p_c.jpg,2026-09-14 14:42,For Sale
26849835,7155 Helsem Bnd,75230,Dallas,TX,32.919395,-96.78057,799000,245.0,-30000.0,783900.0,4626.0,3.0,3.0,3264.0,1984.0,6355.404,singleFamily,162,979450.0,2025,https://www.zillow.com,https://photos.zillowstatic.com/fp/2746263fd6dcf9f3193f070821080de5-p_c.jpg,2026-09-14 14:42,For Sale
96532794,2208 Dyson St,75215,Dallas,TX,32.741863,-96.75671,305990,185.0,,,,3.0,3.0,1650.0,2026.0,2439.36,singleFamily,7,24540.0,2025,https://www.zillow.com,https://photos.zillowstatic.com/fp/d1a634840e32a3cc08a5b1d1bfdb0e7b-p_c.jpg,2026-09-14 14:42,For Sale
53389357,2838 State St,75204,Dallas,TX,32.796867,-96.7982,1249000,374.0,,1191900.0,6021.0,3.0,4.0,3338.0,1999.0,1481.04,townhome,3,845820.0,2025,https://www.zillow.com,https://photos.zillowstatic.com/fp/db0111e16e2fd356908b2c88cea1f2b3-p_c.jpg,2026-09-14 14:42,For Sale
96532519,4212 Balch Dr,75216,Dallas,TX,32.710346,-96.768936,399000,190.0,-11000.0,397400.0,2899.0,5.0,3.0,2100.0,2026.0,0.43,singleFamily,46,355330.0,2025,https://www.zillow.com,https://photos.zillowstatic.com/fp/977931ceda1ffcb5134bd1f31289f50b-p_c.jpg,2026-09-14 14:42,For Sale
26890308,10216 Shadow Way,75243,Dallas,TX,32.914364,-96.710434,489000,190.0,-26000.0,479800.0,2820.0,4.0,3.0,2579.0,1983.0,10349.856,singleFamily,25,490000.0,2025,https://www.zillow.com,https://photos.zillowstatic.com/fp/07b65f205b7e5b77033bb90f0d4568fc-p_c.jpg,2026-09-14 14:42,For Sale
27327604,17628 Medina Dr,75287,Dallas,TX,32.991043,-96.87346,435000,230.0,,426700.0,3146.0,4.0,2.0,1888.0,1982.0,8581.32,singleFamily,27,439481.0,2025,https://www.zillow.com,https://photos.zillowstatic.com/fp/478565ea91a020217038d48a9a60ea53-p_c.jpg,2026-09-14 14:42,For Sale
69674916,1011 Woodlawn Ave,75208,Dallas,TX,32.75519,-96.83065,699000,412.0,,661500.0,2553.0,3.0,2.0,1698.0,1918.0,6795.36,singleFamily,5,509590.0,2025,https://www.zillow.com,https://photos.zillowstatic.com/fp/1a10da3fe58a9581ec90bd2748855ce2-p_c.jpg,2026-09-14 14:42,For Sale
26871800,14909 Hillcrest Rd,75248,Dallas,TX,32.95178,-96.78589,699000,262.0,-75000.0,676300.0,4219.0,4.0,4.0,2673.0,1969.0,0.27599999999999997,singleFamily,17,732310.0,2025,https://www.zillow.com,https://photos.zillowstatic.com/fp/ba416d5e6b51279faf718b354b5b64a4-p_c.jpg,2026-09-14 14:42,For Sale
83997246,2525 N Pearl St APT 1004,75201,Dallas,TX,32.792435,-96.80374,2850000,1201.0,,2662000.0,7904.0,2.0,4.0,2374.0,2007.0,3.4,condo,1,2730100.0,2025,https://www.zillow.com,https://photos.zillowstatic.com/fp/0a212fa49454bd32a7a8df1ef8b26706-p_c.jpg,2026-09-14 14:42,For Sale
26688812,4305 Canal St,75210,Dallas,TX,32.774113,-96.746,125000,78.0,,,1793.0,4.0,2.0,1600.0,1954.0,7753.68,singleFamily,58,161480.0,2025,https://www.zillow.com,https://photos.zillowstatic.com/fp/08d4bc5c3b5325f155327450507f31ab-p_c.jpg,2026-09-14 14:42,For Sale
26679573,3321 Cole Ave APT 116,75204,Dallas,TX,32.806034,-96.80029,330000,316.0,-20000.0,318700.0,2697.0,2.0,2.0,1044.0,1961.0,0.8099999999999999,condo,44,401940.0,2025,https://www.zillow.com,https://photos.zillowstatic.com/fp/485e33fa8c0fd25af10c2ff1ee4aff86-p_c.jpg,2026-09-14 14:42,For Sale
26586160,4215 Bretton Bay Ln,75287,Dallas,TX,32.99126,-96.837105,768900,275.0,-4100.0,,,4.0,3.0,2799.0,1979.0,9583.2,singleFamily,74,731495.0,2025,https://www.zillow.com,https://photos.zillowstatic.com/fp/e5eb441870d9b7bae58f0322491808d8-p_c.jpg,2026-09-14 14:42,For Sale
26681050,5118 Ash Ln,75223,Dallas,TX,32.793842,-96.75688,309900,139.0,-15100.0,,2043.0,4.0,3.0,2234.0,1923.0,7230.96,multiFamily,174,348280.0,2025,https://www.zillow.com,https://photos.zillowstatic.com/fp/0f6e38b7da111eb51e1a48510555c5db-p_c.jpg,2026-09-14 14:42,For Sale
26809360,3307 Whitehall Dr,75229,Dallas,TX,32.901215,-96.86575,2197300,407.0,,2122500.0,,5.0,7.0,5403.0,2026.0,0.25339999999999996,singleFamily,24,471840.0,2025,https://www.zillow.com,https://photos.zillowstatic.com/fp/8e510e9cd5b1a45eda6d050d63401bca-p_c.jpg,2026-09-14 14:42,For Sale
26840682,2332 Hartline Dr,75228,Dallas,TX,32.829712,-96.67714,285000,196.0,,,,3.0,4.0,1451.0,1954.0,7187.4,singleFamily,4,298000.0,2025,https://www.zillow.com,https://photos.zillowstatic.com/fp/77153f5b64da2b7ab9431f42ecbfd19c-p_c.jpg,2026-09-14 14:42,For Sale
26683222,4020 Buena Vista St,75204,Dallas,TX,32.81392,-96.79631,1325000,530.0,,1269300.0,3537.0,2.0,3.0,2500.0,1971.0,3615.48,townhome,12,1007250.0,2025,https://www.zillow.com,https://photos.zillowstatic.com/fp/f6f1df4d7ca856bcef785767b69ce6c0-p_c.jpg,2026-09-14 14:42,For Sale
26913335,12823 Burninglog Ln,75243,Dallas,TX,32.918713,-96.73485,267000,163.0,,261500.0,2381.0,3.0,3.0,1636.0,1983.0,1960.2,townhome,37,271220.0,2025,https://www.zillow.com,https://photos.zillowstatic.com/fp/d503d890f08702fdf27b59189027a650-p_c.jpg,2026-09-14 14:42,For Sale
26645606,4816 Sandestin Dr,75287,Dallas,TX,32.99534,-96.826256,1149000,256.0,,1115000.0,5891.0,5.0,5.0,4488.0,1990.0,0.25,singleFamily,10,1133972.0,2025,https://www.zillow.com,https://photos.zillowstatic.com/fp/5c2a09a16917f380f7fc365b3c0767b6-p_c.jpg,2026-09-14 14:42,For Sale
26588582,4307 Quail Hollow Rd,75287,Dallas,TX,33.001102,-96.83528,600000,239.0,,625600.0,4381.0,4.0,3.0,2512.0,1981.0,9583.2,singleFamily,8,665086.0,2025,https://www.zillow.com,https://photos.zillowstatic.com/fp/78cdef1098a622666855b477ae3e3e74-p_c.jpg,2026-09-14 14:42,For Sale
26840411,2208 Springhill St,75228,Dallas,TX,32.813766,-96.70294,530000,394.0,-5000.0,516300.0,2485.0,3.0,2.0,1344.0,1954.0,7840.8,singleFamily,18,419170.0,2025,https://www.zillow.com,https://photos.zillowstatic.com/fp/18dc5f01f0f9a83aebb79f27a50af37a-p_c.jpg,2026-09-14 14:42,For Sale
26744656,11206 Desdemona Dr,75228,Dallas,TX,32.84815,-96.67711,249900,220.0,,206600.0,1731.0,3.0,2.0,1136.0,1950.0,7579.44,singleFamily,10,261940.0,2025,https://www.zillow.com,https://photos.zillowstatic.com/fp/a07690ea951033e6740d0cb1dff6e76e-p_c.jpg,2026-09-14 14:42,For Sale
54012953,3723 White River Dr,75287,Dallas,TX,33.003235,-96.849625,535900,231.0,-14100.0,524900.0,2808.0,4.0,3.0,2321.0,1997.0,7187.4,singleFamily,16,496905.0,2025,https://www.zillow.com,https://photos.zillowstatic.com/fp/abb2d817352051f32a7d8854c8c57c5d-p_c.jpg,2026-09-14 14:42,For Sale
26912389,301 Ensenada Plz,75211,Dallas,TX,32.718193,-96.90106,245000,174.0,-10000.0,240900.0,2018.0,3.0,3.0,1411.0,2000.0,1785.96,singleFamily,65,233140.0,2025,https://www.zillow.com,https://photos.zillowstatic.com/fp/2582e35c81aaa3522039e5724306768d-p_c.jpg,2026-09-14 14:42,For Sale
26903177,2 Grovenor Ct,75225,Dallas,TX,32.870655,-96.77985,1295000,399.0,,,,3.0,3.0,3247.0,1983.0,5749.92,singleFamily,3,1110860.0,2025,https://www.zillow.com,https://photos.zillowstatic.com/fp/bace6d41d310d5ba6a6347d9499a718f-p_c.jpg,2026-09-14 14:42,For Sale
122301694,4107 Bowser Ave APT 102,75219,Dallas,TX,32.815628,-96.80854,445000,339.0,-20000.0,435600.0,2523.0,2.0,2.0,1314.0,2008.0,0.55,condo,33,398100.0,2025,https://www.zillow.com,https://photos.zillowstatic.com/fp/fb5eb29ca2e5887353203f41bb72e448-p_c.jpg,2026-09-14 14:42,For Sale
248830465,3541 Kalterra Ct,75219,Dallas,TX,32.813084,-96.80554,649999,314.0,-15001.0,637700.0,4796.0,3.0,3.0,2070.0,2018.0,1481.04,townhome,32,625000.0,2025,https://www.zillow.com,https://photos.zillowstatic.com/fp/64535bafc5d8c669a93c89df5e19f45c-p_c.jpg,2026-09-14 14:42,For Sale
96499847,6908 Chantilly Ct,75214,Dallas,TX,32.836292,-96.741035,1335000,412.0,,1273400.0,6650.0,4.0,4.0,3244.0,2016.0,5270.76,singleFamily,38,1240280.0,2025,https://www.zillow.com,https://photos.zillowstatic.com/fp/c69e2b5cdbf3fb211d2d69687f5daa06-p_c.jpg,2026-09-14 14:42,For Sale
26831226,2320 Chart Dr,75228,Dallas,TX,32.809082,-96.703445,485000,262.0,-12000.0,475300.0,2777.0,2.0,2.0,1849.0,1961.0,0.368,singleFamily,66,470000.0,2025,https://www.zillow.com,https://photos.zillowstatic.com/fp/d4658ff78dd9ad068d722c9cc5cb6631-p_c.jpg,2026-09-14 14:42,For Sale
96497916,2900 Maryland Ave,75216,Dallas,TX,32.71125,-96.813,325000,193.0,,,,3.0,2.0,1688.0,2026.0,7927.92,singleFamily,4,85000.0,2025,https://www.zillow.com,https://photos.zillowstatic.com/fp/f6d3a7813784c7200bf49b40cfc92fd1-p_c.jpg,2026-09-14 14:42,For Sale
26888065,9807 Bent Branch Ln,75243,Dallas,TX,32.921227,-96.736374,255000,134.0,,248400.0,2496.0,3.0,3.0,1905.0,1978.0,2613.6,townhome,20,317270.0,2025,https://www.zillow.com,https://photos.zillowstatic.com/fp/d07bc57c1f08a42a93c26d95d1d0f273-p_c.jpg,2026-09-14 14:42,For Sale
26868338,8261 Club Meadows Dr,75243,Dallas,TX,32.89444,-96.74896,650000,262.0,-25000.0,,,4.0,3.0,2482.0,1978.0,6708.24,singleFamily,31,638020.0,2025,https://www.zillow.com,https://photos.zillowstatic.com/fp/35182b9b7b9620f79e9da996bf14c5b2-p_c.jpg,2026-09-14 14:42,For Sale
26808579,3305 Townsend Dr,75229,Dallas,TX,32.898987,-96.86811,2099000,431.0,,2023200.0,,5.0,7.0,4865.0,2026.0,0.275,singleFamily,27,510130.0,2025,https://www.zillow.com,https://photos.zillowstatic.com/fp/0aa237dbb1d8561ddde44535eb840f3e-p_c.jpg,2026-09-14 14:42,For Sale
26909884,9627 Kerrville St,75227,Dallas,TX,32.76468,-96.65585,250000,184.0,,247700.0,1804.0,3.0,2.0,1361.0,1986.0,3702.6,singleFamily,10,220480.0,2025,https://www.zillow.com,https://photos.zillowstatic.com/fp/831bfa020c82d7cde4fba699c4e572d0-p_c.jpg,2026-09-14 14:42,For Sale
26882367,12333 Ferris Creek Ln,75243,Dallas,TX,32.91544,-96.73156,310000,164.0,,,,3.0,2.0,1895.0,1978.0,0.256,singleFamily,15,374840.0,2025,https://www.zillow.com,https://photos.zillowstatic.com/fp/6d6d8cef3dd6a663f9674aa31ecb772f-p_c.jpg,2026-09-14 14:42,For Sale
67965690,5926 Sandhurst Ln APT 224,75206,Dallas,TX,32.843716,-96.764015,255000,244.0,,288200.0,2031.0,2.0,2.0,1046.0,1967.0,4.675,condo,2,339950.0,2025,https://www.zillow.com,https://photos.zillowstatic.com/fp/fda225b201e90ba9826814c764b03ac5-p_c.jpg,2026-09-14 14:42,For Sale
26716267,1239 Cedar Haven Ave,75216,Dallas,TX,32.734127,-96.80755,225000,190.0,-7000.0,,1901.0,3.0,2.0,1184.0,1941.0,7797.24,singleFamily,207,190960.0,2025,https://www.zillow.com,https://photos.zillowstatic.com/fp/85e4f6ba11ac835eba3ddc3dbba0bde8-p_c.jpg,2026-09-14 14:42,For Sale
26694735,6162 Prospect Ave,75214,Dallas,TX,32.814735,-96.75886,2275000,537.0,,2185800.0,,5.0,6.0,4233.0,2026.0,9408.96,singleFamily,103,638060.0,2025,https://www.zillow.com,https://photos.zillowstatic.com/fp/315790d581aa82bf640f828eede88485-p_c.jpg,2026-09-14 14:42,For Sale
26786811,515 Aqua Dr,75218,Dallas,TX,32.85179,-96.7138,1470000,326.0,,1401300.0,5913.0,5.0,6.0,4506.0,1951.0,10280.16,singleFamily,9,1028650.0,2025,https://www.zillow.com,https://photos.zillowstatic.com/fp/cc7f92f68d9ac436e4c33060e0088cba-p_c.jpg,2026-09-14 14:42,For Sale
26678465,5020 Junius St,75214,Dallas,TX,32.80122,-96.76551,699000,271.0,-1000.0,678700.0,4753.0,3.0,3.0,2577.0,1913.0,6664.68,singleFamily,46,765800.0,2025,https://www.zillow.com,https://photos.zillowstatic.com/fp/3c1bfafcff6cf03878aef5ccf8d4620d-p_c.jpg,2026-09-14 14:42,For Sale
26688785,4234 Jamaica St,75210,Dallas,TX,32.774414,-96.74749,350000,186.0,,348500.0,2341.0,3.0,3.0,1882.0,2026.0,6272.64,singleFamily,25,53290.0,2025,https://www.zillow.com,https://photos.zillowstatic.com/fp/31e5b808132f91227599e9d657575dc4-p_c.jpg,2026-09-14 14:42,For Sale
26891098,7233 Bayberry Ln,75249,Dallas,TX,32.644577,-96.94688,349900,145.0,-30000.0,,,4.0,3.0,2420.0,1978.0,7666.56,singleFamily,66,339650.0,2025,https://www.zillow.com,https://photos.zillowstatic.com/fp/3b13d3e9775491dfa659be6af0921821-p_c.jpg,2026-09-14 14:42,For Sale
96536258,3804 De Maggio Ave,75210,Dallas,TX,32.765015,-96.73559,392500,216.0,,,,3.0,2.0,1818.0,2026.0,8494.2,singleFamily,14,50000.0,2025,https://www.zillow.com,https://photos.zillowstatic.com/fp/9d0a3e345829d0d0247cc116c0d88221-p_c.jpg,2026-09-14 14:42,For Sale
442923935,9620 Mav Ln,75238,Dallas,TX,32.877426,-96.72945,749000,331.0,,734300.0,4757.0,3.0,4.0,2266.0,2026.0,3746.16,singleFamily,25,160000.0,2025,https://www.zillow.com,https://photos.zillowstatic.com/fp/40cd244235c5d150f6ac390bbecd5585-p_c.jpg,2026-09-14 14:42,For Sale
26785219,5610 Enchanted Ln,75227,Dallas,TX,32.790222,-96.70444,405000,227.0,-14900.0,403200.0,3042.0,3.0,3.0,1781.0,,7535.88,singleFamily,64,329770.0,2025,https://www.zillow.com,https://photos.zillowstatic.com/fp/f0d430b7cf0f6969f0bfb5f702dddac2-p_c.jpg,2026-09-14 14:42,For Sale
162361676,9946 Vistadale Dr,75238,Dallas,TX,32.888195,-96.71434,725000,317.0,,,,4.0,3.0,2286.0,1966.0,8799.12,singleFamily,2,583000.0,2025,https://www.zillow.com,https://photos.zillowstatic.com/fp/c515e35fc0ce64b7e10ecf808ffe36ed-p_c.jpg,2026-09-14 14:42,For Sale
459229358,2225 Bethurum Ave,75215,Dallas,TX,32.743374,-96.756744,299999,169.0,,297600.0,2288.0,4.0,3.0,1776.0,2024.0,2482.92,singleFamily,18,307650.0,2025,https://www.zillow.com,https://photos.zillowstatic.com/fp/b001886de685a3cf4a81b1194926d0d9-p_c.jpg,2026-09-14 14:42,For Sale
53071135,6515 Genstar Ln,75252,Dallas,TX,33.00276,-96.79092,974900,383.0,-9600.0,948200.0,3891.0,4.0,3.0,2546.0,1983.0,7840.8,singleFamily,26,522016.0,2025,https://www.zillow.com,https://photos.zillowstatic.com/fp/8f4d74fd504e6c0247c64b2772a24f06-p_c.jpg,2026-09-14 14:42,For Sale
26751475,7920 Goforth Rd,75238,Dallas,TX,32.868027,-96.7285,1125000,467.0,-60000.0,1079100.0,3476.0,3.0,3.0,2408.0,1981.0,8407.08,singleFamily,35,878450.0,2025,https://www.zillow.com,https://photos.zillowstatic.com/fp/7a8d0a27dd5e156af82c53fcd98c0ada-p_c.jpg,2026-09-14 14:42,For Sale
26869083,9178 Glen Springs Dr,75243,Dallas,TX,32.90111,-96.72901,719900,184.0,-15100.0,700900.0,7452.0,4.0,4.0,3910.0,1973.0,10149.48,singleFamily,38,819250.0,2025,https://www.zillow.com,https://photos.zillowstatic.com/fp/b63c07c3f761e972c75a210849e80595-p_c.jpg,2026-09-14 14:42,For Sale
26872278,15305 Leavalley Dr,75248,Dallas,TX,32.95766,-96.77966,799000,265.0,,777600.0,4084.0,4.0,3.0,3020.0,1974.0,0.34709999999999996,singleFamily,23,821720.0,2025,https://www.zillow.com,https://photos.zillowstatic.com/fp/c0c295056a03cd39da76ed49cb52c63a-p_c.jpg,2026-09-14 14:42,For Sale
67964546,4108 Office Pkwy APT 124,75204,Dallas,TX,32.80439,-96.7877,265000,307.0,,,,1.0,2.0,864.0,2000.0,0.65,condo,18,211680.0,2025,https://www.zillow.com,https://photos.zillowstatic.com/fp/11053cb217e946bf196e34257a9edbb5-p_c.jpg,2026-09-14 14:42,For Sale
26740599,8222 San Leandro Dr,75218,Dallas,TX,32.81029,-96.71481,3300000,621.0,-100000.0,3156400.0,7618.0,5.0,6.0,5314.0,2026.0,0.3,singleFamily,179,846570.0,2025,https://www.zillow.com,https://photos.zillowstatic.com/fp/a08399bf3955d64af9c50831556fd794-p_c.jpg,2026-09-14 14:42,For Sale
26626524,18095 Whispering Gables Ln,75287,Dallas,TX,32.995853,-96.84044,287000,265.0,-7900.0,,,2.0,2.0,1083.0,1983.0,4356.0,townhome,58,308085.0,2025,https://www.zillow.com,https://photos.zillowstatic.com/fp/d9bcc041579aebbd1347e2e739f356b4-p_c.jpg,2026-09-14 14:42,For Sale
26859880,13899 Brookgreen Dr,75240,Dallas,TX,32.93397,-96.764885,200000,156.0,,190400.0,1862.0,3.0,2.0,1280.0,1969.0,4181.76,townhome,51,274300.0,2025,https://www.zillow.com,https://photos.zillowstatic.com/fp/58b19151f7ffe36390d162d9556a931e-p_c.jpg,2026-09-14 14:42,For Sale
83995110,9131 Cochran Bluff Ln,75220,Dallas,TX,32.863655,-96.84159,749000,210.0,-50000.0,744900.0,6398.0,4.0,4.0,3561.0,2007.0,6089.688,singleFamily,136,1001910.0,2025,https://www.zillow.com,https://photos.zillowstatic.com/fp/f56847586aebb653b9cefaa56e856053-p_c.jpg,2026-09-14 14:42,For Sale
2060458928,1049 Forest Grove Dr,75218,Dallas,TX,32.846146,-96.695045,749000,294.0,,712600.0,3326.0,3.0,3.0,2550.0,1969.0,0.368,singleFamily,30,,,https://www.zillow.com,https://photos.zillowstatic.com/fp/06e9dfb9ff093aa80e09e8f6a0937836-p_c.jpg,2026-09-14 14:42,For Sale
69676388,3110 Thomas Ave APT 111,75204,Dallas,TX,32.798294,-96.79458,699000,326.0,,670400.0,4038.0,4.0,3.0,2142.0,1998.0,1.174,condo,62,578340.0,2025,https://www.zillow.com,https://photos.zillowstatic.com/fp/52670e0ace220e674fd6f73434e5b980-p_c.jpg,2026-09-14 14:42,For Sale
26845080,7552 Baxtershire Dr,75230,Dallas,TX,32.90629,-96.774666,4240000,701.0,-10000.0,3964200.0,,6.0,6.0,6047.0,1984.0,0.367,singleFamily,121,1642670.0,2025,https://www.zillow.com,https://photos.zillowstatic.com/fp/b301c9263d033b61250d7ef7324b20ca-p_c.jpg,2026-09-14 14:42,For Sale
26832762,3219 N Winnetka Ave,75212,Dallas,TX,32.781116,-96.840004,207000,166.0,-23000.0,,,3.0,2.0,1245.0,1941.0,5009.4,singleFamily,90,276050.0,2025,https://www.zillow.com,https://photos.zillowstatic.com/fp/f11a7060b09e723d0e1245686e26f961-p_c.jpg,2026-09-14 14:42,For Sale
26747268,649 Peavy Rd,75218,Dallas,TX,32.848106,-96.71082,539000,411.0,-10000.0,529100.0,2765.0,3.0,2.0,1311.0,1948.0,10367.28,singleFamily,24,503380.0,2025,https://www.zillow.com,https://photos.zillowstatic.com/fp/6dd3266e37bbb745765b296b94a4a3d1-p_c.jpg,2026-09-14 14:42,For Sale
96503054,5824 Plum Dale Rd,75241,Dallas,TX,32.674088,-96.7797,314999,232.0,-1.0,,,3.0,2.0,1356.0,2026.0,7797.24,singleFamily,156,65000.0,2025,https://www.zillow.com,https://photos.zillowstatic.com/fp/c482e7f64ab38b9d852b31fc5ec3c054-p_c.jpg,2026-09-14 14:42,For Sale
26888478,10015 Chimney Hill Ln,75243,Dallas,TX,32.916225,-96.72445,524990,204.0,,512800.0,3768.0,4.0,3.0,2578.0,1979.0,8886.24,singleFamily,107,460000.0,2025,https://www.zillow.com,https://photos.zillowstatic.com/fp/117992e67b8bdbda7a3ebccbf1a20d44-p_c.jpg,2026-09-14 14:42,For Sale
26768168,1603 Bonnie View Rd,75203,Dallas,TX,32.7288,-96.79231,330000,171.0,,,,4.0,3.0,1930.0,1970.0,0.261,singleFamily,156,270030.0,2025,https://www.zillow.com,https://photos.zillowstatic.com/fp/83d46985b6ed79054ddfcc62c1ac51ab-p_c.jpg,2026-09-14 14:42,For Sale
69677073,1122 Jackson St APT 402,75202,Dallas,TX,32.778316,-96.80129,310000,220.0,,309000.0,2602.0,2.0,1.0,1411.0,1925.0,0.984,condo,66,331590.0,2025,https://www.zillow.com,https://photos.zillowstatic.com/fp/ce919da1f067aaf0aeb6d50b3d619ee9-p_c.jpg,2026-09-14 14:42,For Sale
26880193,3917 High Summit Dr,75244,Dallas,TX,32.91895,-96.84955,650000,270.0,-100000.0,620800.0,3538.0,3.0,2.0,2410.0,1968.0,0.271,singleFamily,3,580970.0,2025,https://www.zillow.com,https://photos.zillowstatic.com/fp/23023df5cb35775e1b381e91553759df-p_c.jpg,2026-09-14 14:42,For Sale
26726684,2403 Langdon Ave,75235,Dallas,TX,32.837765,-96.85846,236000,118.0,,,2922.0,4.0,2.0,2008.0,1941.0,7535.88,singleFamily,18,264080.0,2025,https://www.zillow.com,https://photos.zillowstatic.com/fp/d24ba1d672ef0b884f8660e0923c0182-p_c.jpg,2026-09-14 14:42,For Sale
54012951,3609 White River Dr,75287,Dallas,TX,33.0034,-96.85203,575000,199.0,-24000.0,565700.0,4320.0,4.0,3.0,2892.0,1998.0,7927.92,singleFamily,37,556154.0,2025,https://www.zillow.com,https://photos.zillowstatic.com/fp/da9b71ea6ff7cabf715065d39a55ba18-p_c.jpg,2026-09-14 14:42,For Sale
162175878,5457 Bonita Ave,75206,Dallas,TX,32.818462,-96.77495,2075000,487.0,-124995.0,2018900.0,,4.0,5.0,4265.0,2026.0,7753.68,singleFamily,128,606610.0,2025,https://www.zillow.com,https://photos.zillowstatic.com/fp/d4210397d494231283b746598c8fefc0-p_c.jpg,2026-09-14 14:42,For Sale
96504782,2734 Marburg St,75215,Dallas,TX,32.75684,-96.75478,356000,215.0,,353300.0,2590.0,3.0,2.0,1652.0,2026.0,7492.32,singleFamily,34,75000.0,2025,https://www.zillow.com,https://photos.zillowstatic.com/fp/995a4e54b23ce128275adce2f282dbfd-p_c.jpg,2026-09-14 14:42,For Sale
26880344,4039 Fawnhollow Dr,75244,Dallas,TX,32.91497,-96.841644,2469500,471.0,-30500.0,,,5.0,6.0,5244.0,1986.0,0.293,singleFamily,66,821880.0,2025,https://www.zillow.com,https://photos.zillowstatic.com/fp/8f2106bb9b18a76d5cef71ec4f133e56-p_c.jpg,2026-09-14 14:42,For Sale
26693370,4416 N Hall St,75219,Dallas,TX,32.81705,-96.81465,1225000,431.0,-74000.0,1198400.0,4800.0,3.0,3.0,2840.0,1924.0,9234.72,singleFamily,89,1115150.0,2025,https://www.zillow.com,https://photos.zillowstatic.com/fp/0279fa3f572cedcb2544d3af55b5aac6-p_c.jpg,2026-09-14 14:42,For Sale
61870856,609 N Fulton St,75214,Dallas,TX,32.805496,-96.759026,399000,458.0,,394200.0,1684.0,2.0,2.0,872.0,1950.0,1873.08,singleFamily,24,159230.0,2025,https://www.zillow.com,https://photos.zillowstatic.com/fp/a6d4b1b283d4f2819abfdad534fc7569-p_c.jpg,2026-09-14 14:42,For Sale
26852644,8709 Forest Green Dr,75243,Dallas,TX,32.908855,-96.75277,385000,183.0,-15000.0,376000.0,2530.0,3.0,3.0,2103.0,1974.0,8755.56,singleFamily,86,360680.0,2025,https://www.zillow.com,https://photos.zillowstatic.com/fp/cfad2c479fa9378dc17fb3005555f701-p_c.jpg,2026-09-14 14:42,For Sale
96491181,4448 Marcell Ave,75211,Dallas,TX,32.731773,-96.89352,435000,210.0,,429900.0,3243.0,4.0,4.0,2067.0,2024.0,7100.28,singleFamily,6,444090.0,2025,https://www.zillow.com,https://photos.zillowstatic.com/fp/a4949e838068055d93e3b696cc93a600-p_c.jpg,2026-09-14 14:42,For Sale
26662238,18637 Tall Oak Dr,75287,Dallas,TX,33.004852,-96.833336,469000,277.0,,457800.0,2719.0,3.0,2.0,1694.0,1997.0,5227.2,singleFamily,9,475001.0,2025,https://www.zillow.com,https://photos.zillowstatic.com/fp/bd120c500055c5d5d8c51bb50e86e1cd-p_c.jpg,2026-09-14 14:42,For Sale
26719800,2819 Alden Ave,75211,Dallas,TX,32.74237,-96.86631,379900,322.0,,363100.0,1922.0,2.0,1.0,1178.0,1937.0,8886.24,singleFamily,11,269950.0,2025,https://www.zillow.com,https://photos.zillowstatic.com/fp/f748289ace2b0b9c484e41c5e51a2dd1-p_c.jpg,2026-09-14 14:42,For Sale
26810415,3303 Lockmoor Ln,75220,Dallas,TX,32.879272,-96.867966,459000,285.0,,443000.0,2821.0,3.0,2.0,1610.0,1955.0,0.321,singleFamily,10,388480.0,2025,https://www.zillow.com,https://photos.zillowstatic.com/fp/4b8440dd332b66a49d5fb2f524ca9068-p_c.jpg,2026-09-14 14:42,For Sale
26883205,10239 Green Ash Rd,75243,Dallas,TX,32.915726,-96.7071,380727,177.0,,369600.0,2520.0,3.0,2.0,2151.0,1978.0,7579.44,singleFamily,3,350150.0,2025,https://www.zillow.com,https://photos.zillowstatic.com/fp/8a40f6fb3132dbdf91b4637d1dbe509a-p_c.jpg,2026-09-14 14:42,For Sale
26728839,326 Avenue F,75203,Dallas,TX,32.74538,-96.793686,549000,237.0,,542900.0,3557.0,4.0,3.0,2313.0,2026.0,5357.88,singleFamily,10,172860.0,2025,https://www.zillow.com,https://photos.zillowstatic.com/fp/e25df4deb6bb4aa127753edb0515a634-p_c.jpg,2026-09-14 14:42,For Sale
26842160,2939 Hillglenn Rd,75228,Dallas,TX,32.826206,-96.66399,300000,258.0,,292500.0,1914.0,3.0,2.0,1161.0,1955.0,7535.88,singleFamily,3,245550.0,2025,https://www.zillow.com,https://photos.zillowstatic.com/fp/fda7d2d15c7e41412b43a896f1cbb708-p_c.jpg,2026-09-14 14:42,For Sale
2056836283,2724 Hondo Ave,75219,Dallas,TX,32.812157,-96.81847,439999,235.0,-38001.0,,,3.0,3.0,1876.0,2023.0,3005.64,condo,59,560710.0,2025,https://www.zillow.com,https://photos.zillowstatic.com/fp/e50f04aeff195f2716bfedae60970143-p_c.jpg,2026-09-14 14:42,For Sale
26734605,4634 Newmore Ave,75209,Dallas,TX,32.8492,-96.8303,1100000,365.0,,,,4.0,3.0,3016.0,2016.0,7840.8,singleFamily,3,929040.0,2025,https://www.zillow.com,https://photos.zillowstatic.com/fp/cfaaac166b67fe64f6c266db0076c29a-p_c.jpg,2026-09-14 14:42,For Sale
26692778,3624 N Fitzhugh Ave,75204,Dallas,TX,32.818962,-96.797325,3995000,751.0,,,,5.0,7.0,5321.0,2026.0,7200.468,singleFamily,135,2208040.0,2025,https://www.zillow.com,https://photos.zillowstatic.com/fp/0e9003566a5cd25351c84b074191c85b-p_c.jpg,2026-09-14 14:42,For Sale
26910479,3232 Rosebank Dr,75228,Dallas,TX,32.806366,-96.678185,269900,197.0,-5000.0,267500.0,2002.0,3.0,2.0,1373.0,1993.0,3789.72,singleFamily,77,238390.0,2025,https://www.zillow.com,https://photos.zillowstatic.com/fp/fd9572fa2b5c00a7745e7be29f4e1846-p_c.jpg,2026-09-14 14:42,For Sale
303984729,4920 Kelton Dr,75209,Dallas,TX,32.850002,-96.82657,825000,343.0,,804500.0,4776.0,3.0,3.0,2404.0,2017.0,3571.92,singleFamily,2,767920.0,2025,https://www.zillow.com,https://photos.zillowstatic.com/fp/65587173abe88a30855cc88acb222d08-p_c.jpg,2026-09-14 14:42,For Sale
26688370,2725 1st Ave,75210,Dallas,TX,32.767334,-96.750824,258900,144.0,,258200.0,2338.0,3.0,3.0,1800.0,2025.0,5575.68,singleFamily,54,199530.0,2025,https://www.zillow.com,https://photos.zillowstatic.com/fp/eb092f9bc635c7c350acb6986e06ce74-p_c.jpg,2026-09-14 14:42,For Sale
26789780,3723 Cortez Dr,75220,Dallas,TX,32.866554,-96.855064,1300000,339.0,-75000.0,,7098.0,5.0,5.0,3830.0,2025.0,8698.932,singleFamily,47,1280020.0,2025,https://www.zillow.com,https://photos.zillowstatic.com/fp/6420c332169c78c563e50e5349d40709-p_c.jpg,2026-09-14 14:42,For Sale
26712191,1815 W Brooklyn Ave,75208,Dallas,TX,32.739494,-96.84982,285000,245.0,-13500.0,289900.0,1858.0,2.0,2.0,1164.0,1924.0,2395.8,multiFamily,83,292530.0,2025,https://www.zillow.com,https://photos.zillowstatic.com/fp/b10ffe5c909b6ad11ddb4213a923cb60-p_c.jpg,2026-09-14 14:42,For Sale
26748809,6211 Town Hill Ln,75214,Dallas,TX,32.85248,-96.75684,790000,424.0,,754500.0,3212.0,3.0,2.0,1863.0,1956.0,9844.56,singleFamily,6,668000.0,2025,https://www.zillow.com,https://photos.zillowstatic.com/fp/d4836f239c93a86123b08c856ba203ae-p_c.jpg,2026-09-14 14:42,For Sale
26731049,6453 Bob O Link Dr,75214,Dallas,TX,32.831985,-96.75054,2599995,491.0,-75005.0,2529800.0,,5.0,6.0,5293.0,2025.0,7535.88,singleFamily,26,953700.0,2025,https://www.zillow.com,https://photos.zillowstatic.com/fp/c45db860f79c56ad3700b05bb744e6a2-p_c.jpg,2026-09-14 14:42,For Sale
336886774,1747 Leonard St Suite 2601,75201,Dallas,TX,32.78981,-96.79704,17500000,2276.0,,,,4.0,6.0,7688.0,2025.0,0.8300000000000001,condo,530,6334910.0,2025,https://www.zillow.com,https://photos.zillowstatic.com/fp/d7655d47504514c98f614924aa534bc7-p_c.jpg,2026-09-14 14:42,For Sale
26694567,3522 Kenilworth St,75210,Dallas,TX,32.763077,-96.74549,215000,202.0,-10000.0,210200.0,1738.0,3.0,2.0,1064.0,1935.0,6272.64,singleFamily,50,208640.0,2025,https://www.zillow.com,https://photos.zillowstatic.com/fp/9eab59a39e0412a0a748f2c20692ce0e-p_c.jpg,2026-09-14 14:42,For Sale
26810197,3755 Northview Ln,75229,Dallas,TX,32.903606,-96.8534,2150000,431.0,,2061100.0,,6.0,7.0,4986.0,2016.0,0.37,singleFamily,157,1767120.0,2025,https://www.zillow.com,https://photos.zillowstatic.com/fp/215058cdfea357c963d16d15c06ad0ed-p_c.jpg,2026-09-14 14:42,For Sale
26755672,6823 Lakehurst Ave,75230,Dallas,TX,32.884495,-96.78743,2650000,457.0,,2527800.0,,5.0,7.0,5802.0,1999.0,0.344,singleFamily,31,1940730.0,2025,https://www.zillow.com,https://photos.zillowstatic.com/fp/be5e21e5e9d2c1b1bf4facfbe9b2b68c-p_c.jpg,2026-09-14 14:42,For Sale
26761111,4802 W Mockingbird Ln,75209,Dallas,TX,32.836403,-96.82706,480000,273.0,,,,3.0,3.0,1760.0,1949.0,8015.04,singleFamily,5,462530.0,2025,https://www.zillow.com,https://photos.zillowstatic.com/fp/cbd9b2dd2009d9541649d0e02708e03c-p_c.jpg,2026-09-14 14:42,For Sale
26872535,6716 Roundrock Rd,75248,Dallas,TX,32.95641,-96.79385,720000,298.0,-15000.0,,,4.0,3.0,2418.0,1971.0,9888.12,singleFamily,79,668550.0,2025,https://www.zillow.com,https://photos.zillowstatic.com/fp/5faa20029afc3f4095013f8b2d5ba373-p_c.jpg,2026-09-14 14:42,For Sale
26748687,6214 Glennox Ln,75214,Dallas,TX,32.84994,-96.75703,1225000,386.0,,,,4.0,3.0,3177.0,1970.0,7797.24,singleFamily,9,836100.0,2025,https://www.zillow.com,https://photos.zillowstatic.com/fp/81680869b2e781bf08f53ea3790044b3-p_c.jpg,2026-09-14 14:42,For Sale
26743313,10517 Wyatt St,75218,Dallas,TX,32.848763,-96.696304,650000,290.0,-35000.0,633900.0,3720.0,3.0,3.0,2240.0,1962.0,7753.68,singleFamily,82,465360.0,2025,https://www.zillow.com,https://photos.zillowstatic.com/fp/0f1de4559db203e6a14fbad957cff069-p_c.jpg,2026-09-14 14:42,For Sale
26704415,5418 Martel Ave,75206,Dallas,TX,32.831528,-96.77648,842500,336.0,-7500.0,821400.0,5611.0,3.0,3.0,2509.0,2006.0,3397.68,singleFamily,3,801350.0,2025,https://www.zillow.com,https://photos.zillowstatic.com/fp/e92fe1b5710dbdbedbefb2db1c3f059e-p_c.jpg,2026-09-14 14:42,For Sale
2065763326,1505 N Garrett Ave #201,75206,Dallas,TX,32.80658,-96.7727,375999,266.0,-10000.0,,2951.0,2.0,3.0,1416.0,2020.0,,townhome,31,,,https://www.zillow.com,https://photos.zillowstatic.com/fp/1a67b31ac6838757648c3dfa2fa529bb-p_c.jpg,2026-09-14 14:42,For Sale
80234648,1200 Main St APT 508,75202,Dallas,TX,32.77981,-96.80127,329900,211.0,,323900.0,3440.0,2.0,2.0,1563.0,1974.0,1.033,condo,20,461090.0,2025,https://www.zillow.com,https://photos.zillowstatic.com/fp/b553374f7109572fd58950973ba9fd06-p_c.jpg,2026-09-14 14:42,For Sale
464514637,6127 Jeane St,75217,Dallas,TX,32.727203,-96.71708,357900,192.0,,357400.0,2575.0,4.0,2.0,1860.0,2026.0,0.2587,singleFamily,31,,,https://www.zillow.com,https://photos.zillowstatic.com/fp/49b828e0b8b6377e960b6ae296485c4e-p_c.jpg,2026-09-14 14:42,For Sale
26693181,4525 Gilbert Ave APT 207,75219,Dallas,TX,32.821728,-96.81199,245000,252.0,,237300.0,2314.0,2.0,3.0,973.0,1972.0,0.367,condo,4,311950.0,2025,https://www.zillow.com,https://photos.zillowstatic.com/fp/20f353a4ad3bddb84cec80a3788d8118-p_c.jpg,2026-09-14 14:42,For Sale
26890645,6611 Elvedon Dr,75248,Dallas,TX,32.98486,-96.7923,740000,254.0,,717200.0,5432.0,5.0,3.0,2912.0,1976.0,0.258,singleFamily,31,664850.0,2025,https://www.zillow.com,https://photos.zillowstatic.com/fp/6b24f5d15b90908bf65f823ca51929e6-p_c.jpg,2026-09-14 14:42,For Sale
26739624,8610 Angora St,75218,Dallas,TX,32.82252,-96.7134,1400000,427.0,-45000.0,,,4.0,4.0,3277.0,2021.0,7971.48,singleFamily,39,1235000.0,2025,https://www.zillow.com,https://photos.zillowstatic.com/fp/c6668315c4ec2dd12ecf26a26be28b4a-p_c.jpg,2026-09-14 14:42,For Sale
26845533,2719 Oates Dr,75228,Dallas,TX,32.82179,-96.66725,277000,196.0,,272000.0,1910.0,4.0,2.0,1410.0,1954.0,7884.36,singleFamily,7,258060.0,2025,https://www.zillow.com,https://photos.zillowstatic.com/fp/73068e9addd5876426215d072340754d-p_c.jpg,2026-09-14 14:42,For Sale
444082473,10911 Beauty Ln,75229,Dallas,TX,32.896557,-96.86486,2195000,414.0,,2117600.0,,5.0,7.0,5297.0,2026.0,0.267,singleFamily,27,,,https://www.zillow.com,https://photos.zillowstatic.com/fp/c6b25fded10573adca42ff2e6d07cb30-p_c.jpg,2026-09-14 14:42,For Sale
69676236,1852 Summit Ave,75206,Dallas,TX,32.81259,-96.7721,599000,412.0,,523000.0,2772.0,2.0,3.0,1454.0,2005.0,1655.28,townhome,5,530000.0,2025,https://www.zillow.com,https://photos.zillowstatic.com/fp/80ad8ed116df3d18749163bb6bb5f628-p_c.jpg,2026-09-14 14:42,For Sale
26693581,5555 Goodwin Ave,75206,Dallas,TX,32.82378,-96.77247,2400000,474.0,,2331700.0,4783.0,5.0,6.0,5062.0,2026.0,8799.12,singleFamily,12,700000.0,2025,https://www.zillow.com,https://photos.zillowstatic.com/fp/4558635a0731ab2b78aabfee68c6dcce-p_c.jpg,2026-09-14 14:42,For Sale
26739956,8718 San Benito Way,75218,Dallas,TX,32.8194,-96.70518,1559000,390.0,-40999.0,,,5.0,5.0,4000.0,2026.0,8058.6,singleFamily,66,505860.0,2025,https://www.zillow.com,https://photos.zillowstatic.com/fp/155e587c9bb3e39e3f39287da04673cd-p_c.jpg,2026-09-14 14:42,For Sale
26728148,110 N Briscoe Blvd,75211,Dallas,TX,32.745358,-96.865234,449900,316.0,,434100.0,2151.0,3.0,2.0,1424.0,1938.0,6577.56,singleFamily,2,339640.0,2025,https://www.zillow.com,https://photos.zillowstatic.com/fp/6956f64937de32995002ed1004bbd738-p_c.jpg,2026-09-14 14:42,For Sale
26749566,6615 Ridgemont Dr,75214,Dallas,TX,32.848896,-96.74749,799000,452.0,,770500.0,3406.0,3.0,2.0,1766.0,1956.0,0.257,singleFamily,2,778340.0,2025,https://www.zillow.com,https://photos.zillowstatic.com/fp/eec8225a2e2dba6d78837783a88b9cef-p_c.jpg,2026-09-14 14:42,For Sale
26849341,12129 Marbrook Dr,75230,Dallas,TX,32.91435,-96.79447,3595000,537.0,,3446400.0,,6.0,8.0,6700.0,2026.0,0.378,singleFamily,3,1215090.0,2025,https://www.zillow.com,https://photos.zillowstatic.com/fp/f6b35f9c66e4b47b6badaa8fe465df93-p_c.jpg,2026-09-14 14:42,For Sale
26757998,5216 Palomar Ln,75229,Dallas,TX,32.889263,-96.81688,9250000,979.0,-700000.0,8527800.0,,6.0,9.0,9446.0,2022.0,1.13,singleFamily,62,6218000.0,2025,https://www.zillow.com,https://photos.zillowstatic.com/fp/f0ac659860e743efb2feecb2dcf7d9c7-p_c.jpg,2026-09-14 14:42,For Sale
26910840,9107 Sweetwater Dr,75228,Dallas,TX,32.810844,-96.6929,489900,243.0,,482700.0,2936.0,3.0,2.0,2019.0,1982.0,8276.4,singleFamily,5,476530.0,2025,https://www.zillow.com,https://photos.zillowstatic.com/fp/1da53bff467fd578d7d5f0e98e4882a5-p_c.jpg,2026-09-14 14:42,For Sale
26686268,2622 Warren Ave,75215,Dallas,TX,32.76473,-96.76678,99900,102.0,,,1576.0,2.0,1.0,984.0,1925.0,5357.88,singleFamily,22,115800.0,2025,https://www.zillow.com,https://www.zillowstatic.com/static/images/nophoto_p_c.png,2026-09-14 14:42,For Sale
26845328,10216 Plummer Dr,75228,Dallas,TX,32.837864,-96.653984,456400,216.0,,445800.0,3317.0,3.0,3.0,2114.0,1956.0,0.40199999999999997,singleFamily,30,377800.0,2025,https://www.zillow.com,https://photos.zillowstatic.com/fp/603df4b08bc9717464ba2a1cdcea6dc3-p_c.jpg,2026-09-14 14:42,For Sale
80233370,4446 Thunder Rd,75244,Dallas,TX,32.924732,-96.83252,1175000,369.0,-24000.0,,,4.0,4.0,3186.0,1968.0,0.351,singleFamily,17,893510.0,2025,https://www.zillow.com,https://photos.zillowstatic.com/fp/9779f9de8d2786adf0b4dae089ebbe91-p_c.jpg,2026-09-14 14:42,For Sale
26865555,9703 Springtree Ln,75243,Dallas,TX,32.90566,-96.719765,289000,222.0,,280600.0,1749.0,2.0,2.0,1300.0,1982.0,4530.24,singleFamily,5,279970.0,2025,https://www.zillow.com,https://photos.zillowstatic.com/fp/84ff9fc103add2a0843a61fa08c680ab-p_c.jpg,2026-09-14 14:42,For Sale
26751790,7526 W Northwest Hwy APT 5,75225,Dallas,TX,32.864975,-96.77746,435000,286.0,,,,2.0,3.0,1522.0,1964.0,2.378,condo,6,388110.0,2025,https://www.zillow.com,https://photos.zillowstatic.com/fp/c9cc1b4a770987a7275aa7fffef7243d-p_c.jpg,2026-09-14 14:42,For Sale
26711063,826 Cedar Hill Ave,75208,Dallas,TX,32.75321,-96.83125,649900,298.0,-25000.0,626600.0,3583.0,3.0,2.0,2180.0,1925.0,7492.32,singleFamily,37,550000.0,2025,https://www.zillow.com,https://photos.zillowstatic.com/fp/7f2d997ba1e78e68e20160d350152dcd-p_c.jpg,2026-09-14 14:42,For Sale
26933584,4122 Travis St Unit 2,75204,Dallas,TX,32.815693,-96.794174,425000,329.0,-24900.0,,,2.0,3.0,1293.0,1997.0,0.71,condo,268,491340.0,2025,https://www.zillow.com,https://photos.zillowstatic.com/fp/4b470475ff4532bfa2798ed61ceb0293-p_c.jpg,2026-09-14 14:42,For Sale
26762471,4419 Lawnview Ave,75227,Dallas,TX,32.78305,-96.72165,179900,189.0,,,1592.0,2.0,1.0,950.0,1949.0,6403.32,singleFamily,96,201930.0,2025,https://www.zillow.com,https://photos.zillowstatic.com/fp/62db4fc6e9350773f014b7d2a195265d-p_c.jpg,2026-09-14 14:42,For Sale
26867415,9434 Dartridge Dr,75238,Dallas,TX,32.88178,-96.727325,1950000,387.0,,1864700.0,7606.0,5.0,5.0,5039.0,2013.0,10715.76,singleFamily,31,1999900.0,2025,https://www.zillow.com,https://photos.zillowstatic.com/fp/b754c130176770defde9efee9f8c8da2-p_c.jpg,2026-09-14 14:42,For Sale
26844283,12135 Oberlin Dr,75243,Dallas,TX,32.913326,-96.75839,394500,249.0,-4500.0,390000.0,2894.0,4.0,4.0,1583.0,1956.0,7535.88,singleFamily,108,207230.0,2025,https://www.zillow.com,https://photos.zillowstatic.com/fp/59e6f4e25782e28579bc00812387d39e-p_c.jpg,2026-09-14 14:42,For Sale
96497853,6200 Carlton Garrett St,75215,Dallas,TX,32.73986,-96.75487,489900,196.0,-10090.0,485800.0,2748.0,4.0,3.0,2495.0,2026.0,5183.64,singleFamily,41,51770.0,2025,https://www.zillow.com,https://photos.zillowstatic.com/fp/edc81139983f9067e1bbdb80ffdf1505-p_c.jpg,2026-09-14 14:42,For Sale
26718820,2725 Aster St,75211,Dallas,TX,32.736023,-96.864624,255000,158.0,-20000.0,248100.0,2493.0,4.0,2.0,1615.0,1937.0,6054.84,singleFamily,78,266180.0,2025,https://www.zillow.com,https://photos.zillowstatic.com/fp/427868af0c11dea8a666abcd55b06a30-p_c.jpg,2026-09-14 14:42,For Sale
26893382,8903 Maple Glen Dr,75231,Dallas,TX,32.885426,-96.74128,799000,304.0,-31000.0,,,4.0,3.0,2631.0,1978.0,9365.4,singleFamily,128,770960.0,2025,https://www.zillow.com,https://photos.zillowstatic.com/fp/0c090ff957d4ac9f8c1d4438280cef02-p_c.jpg,2026-09-14 14:42,For Sale
26853651,7917 Woodshire Dr,75232,Dallas,TX,32.651474,-96.83966,259900,201.0,,258500.0,1619.0,4.0,2.0,1294.0,1960.0,7710.12,singleFamily,3,186060.0,2025,https://www.zillow.com,https://photos.zillowstatic.com/fp/589af2e495ce0e16f999f605331fbcd4-p_c.jpg,2026-09-14 14:42,For Sale
339377612,3169 Stag Rd,75241,Dallas,TX,32.69527,-96.76295,575000,205.0,,,,6.0,4.0,2800.0,2026.0,6969.6,multiFamily,8,55000.0,2025,https://www.zillow.com,https://photos.zillowstatic.com/fp/51439c1abaa93779a08bfaa159571657-p_c.jpg,2026-09-14 14:42,For Sale
26843040,10866 Cassandra Way,75228,Dallas,TX,32.84344,-96.66232,309000,215.0,,303100.0,2010.0,3.0,2.0,1440.0,1955.0,7666.56,singleFamily,10,313290.0,2025,https://www.zillow.com,https://photos.zillowstatic.com/fp/17e4faf570a90c5df761768b7842ce58-p_c.jpg,2026-09-14 14:42,For Sale
26847939,2203 Healey Dr,75228,Dallas,TX,32.82515,-96.678825,425000,247.0,-25000.0,417100.0,2772.0,4.0,2.0,1718.0,1957.0,0.39599999999999996,singleFamily,74,490230.0,2025,https://www.zillow.com,https://photos.zillowstatic.com/fp/c85938eb2180ea2f89bb9f0fefd60cf5-p_c.jpg,2026-09-14 14:42,For Sale
55826243,3524 Cedarplaza Ln,75209,Dallas,TX,32.82627,-96.82093,500000,234.0,,,,3.0,3.0,2134.0,2000.0,2352.24,townhome,32,430770.0,2025,https://www.zillow.com,https://photos.zillowstatic.com/fp/460541bcbde882359e6c760361d22131-p_c.jpg,2026-09-14 14:42,For Sale
26837022,5304 Chippewa Dr,75212,Dallas,TX,32.768185,-96.90548,799000,245.0,-50000.0,789100.0,4553.0,5.0,3.0,3262.0,2026.0,9844.56,singleFamily,23,101000.0,2025,https://www.zillow.com,https://photos.zillowstatic.com/fp/4c107f1e61ef56a7618be60c86cf616a-p_c.jpg,2026-09-14 14:42,For Sale
26696474,2334 Arroyo Ave,75219,Dallas,TX,32.80885,-96.82396,1699000,236.0,,449900.0,,8.0,16.0,7200.0,2026.0,7853.868,multiFamily,5,416440.0,2025,https://www.zillow.com,https://photos.zillowstatic.com/fp/7f3ed39d751c80af2159dce72277e8dc-p_c.jpg,2026-09-14 14:42,For Sale
26749756,7492 E Northwest Hwy #143,75231,Dallas,TX,32.853424,-96.73328,329900,247.0,-9100.0,320900.0,2251.0,2.0,3.0,1333.0,1973.0,4.541,condo,4,353250.0,2025,https://www.zillow.com,https://photos.zillowstatic.com/fp/3400d4b1e289a188489bd7164038c229-p_c.jpg,2026-09-14 14:42,For Sale
26731677,4217 Delmar Ave,75206,Dallas,TX,32.837242,-96.7658,775000,442.0,-14999.0,758100.0,3348.0,4.0,2.0,1752.0,1942.0,7535.88,singleFamily,30,695000.0,2025,https://www.zillow.com,https://photos.zillowstatic.com/fp/e2a3516b3bfc735889ce9e6f0e62bdbb-p_c.jpg,2026-09-14 14:42,For Sale
26586275,4018 Cobblers Ln,75287,Dallas,TX,32.991554,-96.84342,774900,253.0,-23600.0,760400.0,4732.0,4.0,3.0,3060.0,1984.0,0.25,singleFamily,101,793150.0,2025,https://www.zillow.com,https://photos.zillowstatic.com/fp/bc04881a2f817e84aeb46eccd5bb58c7-p_c.jpg,2026-09-14 14:42,For Sale
26809560,3326 Dartmoor Dr,75229,Dallas,TX,32.905094,-96.86534,750000,321.0,,720800.0,3667.0,5.0,3.0,2333.0,1959.0,0.283,singleFamily,25,715010.0,2025,https://www.zillow.com,https://photos.zillowstatic.com/fp/267dd6ad9d1316208dcb9d9a17c2f063-p_c.jpg,2026-09-14 14:42,For Sale
248827888,6106 Worth St,75214,Dallas,TX,32.809204,-96.753174,565000,341.0,,544200.0,2914.0,3.0,2.0,1657.0,1923.0,6534.0,singleFamily,23,514070.0,2025,https://www.zillow.com,https://photos.zillowstatic.com/fp/eb815c037849aec3664d33e996f81758-p_c.jpg,2026-09-14 14:42,For Sale
26838160,11348 Valley Dale Dr,75230,Dallas,TX,32.904636,-96.77241,2399000,555.0,-51000.0,2277700.0,,5.0,5.0,4325.0,1958.0,0.367,singleFamily,158,2300970.0,2025,https://www.zillow.com,https://photos.zillowstatic.com/fp/b02f984c41f6ca179b3b3ad4153ea402-p_c.jpg,2026-09-14 14:42,For Sale
26806704,3832 Cabana Ln,75229,Dallas,TX,32.885296,-96.852646,3646000,615.0,-49000.0,3486300.0,,5.0,6.0,5924.0,2026.0,0.366,singleFamily,81,858240.0,2025,https://www.zillow.com,https://photos.zillowstatic.com/fp/a18f9d243903cf14fe645fe8539a30f4-p_c.jpg,2026-09-14 14:42,For Sale
26909252,9551 Gonzales Dr,75227,Dallas,TX,32.76709,-96.65757,119999,128.0,-4001.0,,1320.0,2.0,1.0,940.0,1982.0,3310.56,singleFamily,166,151670.0,2025,https://www.zillow.com,https://photos.zillowstatic.com/fp/d1895d0b21508743ee374dd4d68db170-p_c.jpg,2026-09-14 14:42,For Sale
26707558,6910 Huff Trl,75214,Dallas,TX,32.836407,-96.73795,1975000,467.0,-70000.0,1908500.0,,4.0,5.0,4228.0,2012.0,7753.68,singleFamily,115,1728600.0,2025,https://www.zillow.com,https://photos.zillowstatic.com/fp/44ac042ea43b5911ef5806be8d6b7a09-p_c.jpg,2026-09-14 14:42,For Sale
338034466,1969 Education Way,75217,Dallas,TX,32.6743,-96.646904,285000,152.0,,282300.0,2423.0,3.0,3.0,1881.0,2021.0,6229.08,singleFamily,13,318800.0,2025,https://www.zillow.com,https://photos.zillowstatic.com/fp/e9f42650c3ba9f0f55db053f385eefe4-p_c.jpg,2026-09-14 14:42,For Sale
26727548,2226 Carnes St,75208,Dallas,TX,32.7482,-96.855,465000,283.0,-30000.0,453700.0,2699.0,3.0,2.0,1643.0,1940.0,7840.8,singleFamily,90,538290.0,2025,https://www.zillow.com,https://photos.zillowstatic.com/fp/7b85ab301ee89f74dd5a43d9fbd43795-p_c.jpg,2026-09-14 14:42,For Sale
26847404,1560 Mapleton Dr,75228,Dallas,TX,32.818523,-96.68745,385000,219.0,-30000.0,376700.0,2388.0,3.0,2.0,1756.0,1961.0,8712.0,singleFamily,40,412250.0,2025,https://www.zillow.com,https://photos.zillowstatic.com/fp/585b119569060dceb0d5538dc2bd8b1e-p_c.jpg,2026-09-14 14:42,For Sale
125256147,6826 Victoria Ave,75209,Dallas,TX,32.841873,-96.83089,299999,128.0,-50001.0,344600.0,3462.0,4.0,2.0,2352.0,1940.0,5880.6,singleFamily,32,224910.0,2025,https://www.zillow.com,https://photos.zillowstatic.com/fp/8ad728913ee9ed3125983b8f5e498542-p_c.jpg,2026-09-14 14:42,For Sale
26798383,7631 Olusta Dr,75217,Dallas,TX,32.711723,-96.690384,249000,135.0,,243700.0,2410.0,4.0,2.0,1850.0,1950.0,9321.84,singleFamily,12,317940.0,2025,https://www.zillow.com,https://photos.zillowstatic.com/fp/f21e63dad5c4e7135e790c6932c3e69a-p_c.jpg,2026-09-14 14:42,For Sale
96514510,3923 Metropolitan Ave,75210,Dallas,TX,32.77355,-96.75172,155000,128.0,,149900.0,1819.0,3.0,2.0,1210.0,2019.0,6621.12,singleFamily,20,252260.0,2025,https://www.zillow.com,https://photos.zillowstatic.com/fp/980b7e89b82aa35e2b40d7dc34ec2799-p_c.jpg,2026-09-14 14:42,For Sale
26707212,7153 Cornelia Ln,75214,Dallas,TX,32.830696,-96.73574,2699995,534.0,-99005.0,2629300.0,,5.0,5.0,5055.0,2025.0,0.26,singleFamily,108,878030.0,2025,https://www.zillow.com,https://photos.zillowstatic.com/fp/b1ffb95db4bc32cdaf4687656d15de22-p_c.jpg,2026-09-14 14:42,For Sale
96500084,3604 Colonial Ave,75215,Dallas,TX,32.757587,-96.771385,399000,179.0,-15000.0,397300.0,2991.0,4.0,3.0,2229.0,2026.0,7649.136,singleFamily,121,310410.0,2025,https://www.zillow.com,https://photos.zillowstatic.com/fp/de251bfd039b8013234c6a2164e44f9e-p_c.jpg,2026-09-14 14:42,For Sale
26734364,4511 Watauga Rd,75209,Dallas,TX,32.859543,-96.83682,6499000,460.0,,6052600.0,,6.0,9.0,14131.0,2005.0,1.029,singleFamily,34,8693620.0,2025,https://www.zillow.com,https://photos.zillowstatic.com/fp/47ebbd82fcde615b8621897afc8f3010-p_c.jpg,2026-09-14 14:42,For Sale
67965022,10109 Regal Park Ln APT 117,75230,Dallas,TX,32.88492,-96.773415,215000,165.0,-10000.0,207000.0,2483.0,2.0,3.0,1300.0,1964.0,1.822,condo,86,284290.0,2025,https://www.zillow.com,https://photos.zillowstatic.com/fp/3637b160a82fb191d3907268ca4a7206-p_c.jpg,2026-09-14 14:42,For Sale
96504502,2634 Bainbridge Dr,75237,Dallas,TX,32.663048,-96.862625,619000,259.0,,,,5.0,4.0,2391.0,2026.0,0.619,singleFamily,165,85000.0,2025,https://www.zillow.com,https://photos.zillowstatic.com/fp/8ab790a1b46991a2bac06a13167a2a4c-p_c.jpg,2026-09-14 14:42,For Sale
26743385,10520 Lippitt Ave,75218,Dallas,TX,32.85269,-96.700165,655000,363.0,-35000.0,635400.0,3514.0,3.0,2.0,1803.0,1956.0,7679.628,singleFamily,54,517840.0,2025,https://www.zillow.com,https://photos.zillowstatic.com/fp/34f98e39cab75313ffe3aee6b4ef357a-p_c.jpg,2026-09-14 14:42,For Sale
26743999,11367 Lippitt Ave,75218,Dallas,TX,32.856037,-96.68391,399000,257.0,-5000.0,,,3.0,2.0,1551.0,1958.0,9278.28,singleFamily,34,383870.0,2025,https://www.zillow.com,https://photos.zillowstatic.com/fp/4d7afac6690210ce67c3c2261b2aed8a-p_c.jpg,2026-09-14 14:42,For Sale
83996928,2525 N Pearl St APT 1207,75201,Dallas,TX,32.792435,-96.80374,2795000,1159.0,,,,2.0,3.0,2412.0,2005.0,3.348,condo,2,2532600.0,2025,https://www.zillow.com,https://photos.zillowstatic.com/fp/594266593ac617cc0f29560472303927-p_c.jpg,2026-09-14 14:42,For Sale
26847177,1744 Gross Rd,75228,Dallas,TX,32.81449,-96.68626,330000,186.0,-19900.0,316200.0,3042.0,3.0,2.0,1778.0,1964.0,0.261,singleFamily,95,392120.0,2025,https://www.zillow.com,https://photos.zillowstatic.com/fp/45888fa28ba28104ca482befd7439a57-p_c.jpg,2026-09-14 14:42,For Sale
26760097,4425 Caruth Blvd,75225,Dallas,TX,32.85864,-96.81149,6400000,1015.0,,6107300.0,,5.0,7.0,6304.0,2026.0,8363.52,singleFamily,88,1396390.0,2025,https://www.zillow.com,https://photos.zillowstatic.com/fp/ba41962a03f27e6070cb0befd20a465f-p_c.jpg,2026-09-14 14:42,For Sale
26847730,9740 Ash Creek Dr,75228,Dallas,TX,32.82579,-96.68935,449000,335.0,-16000.0,440100.0,2233.0,3.0,2.0,1342.0,1955.0,7666.56,singleFamily,44,439420.0,2025,https://www.zillow.com,https://photos.zillowstatic.com/fp/fa79af3d6e8cfa18b19c325821659e7e-p_c.jpg,2026-09-14 14:42,For Sale
461465069,5705 Live Oak St #C,75206,Dallas,TX,32.810696,-96.763626,465000,314.0,,461300.0,3564.0,2.0,3.0,1483.0,2026.0,5749.92,singleFamily,32,,,https://www.zillow.com,https://photos.zillowstatic.com/fp/a66b74356a5b9e659d2c8f8682c22b35-p_c.jpg,2026-09-14 14:42,For Sale
67961432,3516 Hamilton Ave,75210,Dallas,TX,32.77102,-96.755035,173500,145.0,-8920.0,,1560.0,3.0,2.0,1195.0,1942.0,6098.4,singleFamily,66,184280.0,2025,https://www.zillow.com,https://photos.zillowstatic.com/fp/f522f084ae92acda35e4214051516882-p_c.jpg,2026-09-14 14:42,For Sale
26912572,8686 Coppertowne Ln,75243,Dallas,TX,32.89803,-96.722885,449000,257.0,-10000.0,,2816.0,3.0,2.0,1750.0,1998.0,8000.0,singleFamily,25,345690.0,2025,https://www.zillow.com,https://photos.zillowstatic.com/fp/6eeb579f165f76f37da2b4d1e243a17b-p_c.jpg,2026-09-14 14:42,For Sale
26785621,5125 Ashbrook Rd,75227,Dallas,TX,32.78793,-96.70643,425000,187.0,-25000.0,423000.0,2602.0,3.0,2.0,2274.0,1966.0,9104.04,singleFamily,36,410140.0,2025,https://www.zillow.com,https://photos.zillowstatic.com/fp/f291274298df1c7ceed0af5f89e796c0-p_c.jpg,2026-09-14 14:42,For Sale
26873200,15905 Longvista Dr,75248,Dallas,TX,32.96533,-96.78599,750000,345.0,-25000.0,,,4.0,2.0,2174.0,1972.0,9931.68,singleFamily,37,537870.0,2025,https://www.zillow.com,https://photos.zillowstatic.com/fp/2329465a5215e9a46d15bbaf28b62e77-p_c.jpg,2026-09-14 14:42,For Sale
463098527,2105 S Denley Dr,75216,Dallas,TX,32.722374,-96.8058,10001,,-19999.0,,,,,,,3223.44,land,95,,,https://www.zillow.com,https://photos.zillowstatic.com/fp/e4b19651b3ec0d478d81b180c741338a-p_c.jpg,2026-09-14 14:42,For Sale
26836091,3907 Odessa St,75212,Dallas,TX,32.789024,-96.90168,199995,159.0,-50005.0,,2167.0,3.0,2.0,1260.0,1946.0,7274.52,singleFamily,65,244200.0,2025,https://www.zillow.com,https://photos.zillowstatic.com/fp/a775f5fc24afac01a9b7736ace960407-p_c.jpg,2026-09-14 14:42,For Sale
69675393,1122 Jackson St APT 1103,75202,Dallas,TX,32.778316,-96.80129,374000,361.0,,359000.0,2061.0,1.0,2.0,1035.0,1925.0,0.984,condo,95,336380.0,2025,https://www.zillow.com,https://photos.zillowstatic.com/fp/980e0f1e6521db3797a5c07d780b342e-p_c.jpg,2026-09-14 14:42,For Sale
67972329,2850 S Beltline Rd Suite 108,75253,Dallas,TX,32.661823,-96.61505,30000,28.0,-9500.0,,,2.0,2.0,1056.0,1997.0,1056.0,manufactured,53,2980.0,2025,https://www.zillow.com,https://photos.zillowstatic.com/fp/438050f636f92b0afb9c737f9a9067e2-p_c.jpg,2026-09-14 14:42,For Sale
26745721,2402 Norwood Dr,75228,Dallas,TX,32.83913,-96.67283,255000,209.0,,246700.0,1859.0,3.0,2.0,1221.0,1952.0,9408.96,singleFamily,39,235190.0,2025,https://www.zillow.com,https://photos.zillowstatic.com/fp/d182d68f5529219515a04299aba3a789-p_c.jpg,2026-09-14 14:42,For Sale
26699986,6718 Victoria Ave,75209,Dallas,TX,32.840225,-96.83092,1325000,293.0,,1285600.0,,6.0,6.0,4517.0,2023.0,6490.44,singleFamily,69,1350540.0,2025,https://www.zillow.com,https://photos.zillowstatic.com/fp/ce4e73e6ebd78047d646817790caa445-p_c.jpg,2026-09-14 14:42,For Sale
26857899,459 Hart St,75203,Dallas,TX,32.75319,-96.802605,499000,208.0,,496400.0,,4.0,3.0,2400.0,2025.0,4225.32,singleFamily,5,95000.0,2025,https://www.zillow.com,https://photos.zillowstatic.com/fp/3e4b49c7897b655ec5ed244f66d56673-p_c.jpg,2026-09-14 14:42,For Sale
26758347,4207 Bonham St,75229,Dallas,TX,32.88881,-96.838005,1335000,357.0,-50000.0,1311300.0,7287.0,4.0,4.0,3738.0,2026.0,7130.772,singleFamily,108,1016080.0,2025,https://www.zillow.com,https://photos.zillowstatic.com/fp/9afe2a5640b69e5d4d2ba3ca1bb7770b-p_c.jpg,2026-09-14 14:42,For Sale
26873323,7441 Whispering Pines Dr,75248,Dallas,TX,32.968067,-96.778824,650000,283.0,,629300.0,5377.0,4.0,3.0,2296.0,1971.0,0.304,singleFamily,45,580680.0,2025,https://www.zillow.com,https://photos.zillowstatic.com/fp/093a612a4c4c9ea5fb3b071d222dc7a2-p_c.jpg,2026-09-14 14:42,For Sale
462285750,1621 Bannock Ave,75215,Dallas,TX,32.74878,-96.76409,440000,210.0,-9000.0,437500.0,3169.0,4.0,4.0,2100.0,2026.0,5998.212,singleFamily,129,,,https://www.zillow.com,https://photos.zillowstatic.com/fp/a7867b0886d28d6dafd212024faac89d-p_c.jpg,2026-09-14 14:42,For Sale
2054404729,7539 Edgeware Rd,75228,Dallas,TX,32.791626,-96.7145,380000,241.0,,374400.0,2426.0,3.0,3.0,1580.0,2023.0,1498.464,townhome,93,,,https://www.zillow.com,https://photos.zillowstatic.com/fp/e8eaf06b0549bd8e75c1db00d4d9322d-p_c.jpg,2026-09-14 14:42,For Sale
26803659,5819 Del Roy Dr,75230,Dallas,TX,32.905746,-96.80711,3875000,612.0,-75000.0,3746700.0,7842.0,6.0,8.0,6336.0,2026.0,0.35,singleFamily,3,1183300.0,2025,https://www.zillow.com,https://photos.zillowstatic.com/fp/8b220b8890c22a2bce57b07bf572833e-p_c.jpg,2026-09-14 14:42,For Sale
26701875,6867 Gaston Ave,75214,Dallas,TX,32.816105,-96.74107,1199950,513.0,-50000.0,,,4.0,3.0,2340.0,1937.0,0.29500000000000004,singleFamily,135,768020.0,2025,https://www.zillow.com,https://photos.zillowstatic.com/fp/aae84fe61aee8d595f640aa09875acb5-p_c.jpg,2026-09-14 14:42,For Sale
96498607,1320 Compton St,75203,Dallas,TX,32.742943,-96.80467,489500,207.0,-400.0,,,4.0,3.0,2368.0,2026.0,4138.2,singleFamily,59,393160.0,2025,https://www.zillow.com,https://photos.zillowstatic.com/fp/abda60896a0de775d0bb63dd0933f3e4-p_c.jpg,2026-09-14 14:42,For Sale
26898048,2911 Magnolia Hill Ct,75201,Dallas,TX,32.79339,-96.811455,1800000,755.0,,1652000.0,4999.0,2.0,2.0,2385.0,1996.0,1306.8,townhome,108,1464900.0,2025,https://www.zillow.com,https://photos.zillowstatic.com/fp/9de190efb2845e4365378f57002e4113-p_c.jpg,2026-09-14 14:42,For Sale
26710165,627 S Willomet Ave,75208,Dallas,TX,32.739414,-96.84081,479900,232.0,-10100.0,,,4.0,3.0,2071.0,1925.0,6969.6,singleFamily,87,359820.0,2025,https://www.zillow.com,https://photos.zillowstatic.com/fp/02d62c18041612bef8f50c3e400b6d65-p_c.jpg,2026-09-14 14:42,For Sale
26743818,11214 Sinclair Ave,75218,Dallas,TX,32.852543,-96.68628,450000,305.0,-10000.0,,,3.0,2.0,1476.0,1955.0,7579.44,singleFamily,10,420750.0,2025,https://www.zillow.com,https://photos.zillowstatic.com/fp/02e6c8105cfb664162b1fd5665b0f44f-p_c.jpg,2026-09-14 14:42,For Sale
457482775,917 S Carroll Ave,75223,Dallas,TX,32.78605,-96.76156,575000,197.0,-25000.0,569500.0,4702.0,4.0,5.0,2921.0,2025.0,6708.24,singleFamily,94,,,https://www.zillow.com,https://photos.zillowstatic.com/fp/276d028961830e29374fce886ab0fbfe-p_c.jpg,2026-09-14 14:42,For Sale
26826317,6529 Putting Green Dr,75232,Dallas,TX,32.668655,-96.84173,549000,229.0,,532300.0,3127.0,3.0,3.0,2395.0,1965.0,0.633,singleFamily,11,401530.0,2025,https://www.zillow.com,https://photos.zillowstatic.com/fp/49eb884c423453fd489858ae72d87448-p_c.jpg,2026-09-14 14:42,For Sale
26732872,6923 Robin Rd,75209,Dallas,TX,32.842197,-96.823395,4095000,732.0,-100000.0,3961900.0,,4.0,6.0,5597.0,2026.0,0.367,singleFamily,52,996270.0,2025,https://www.zillow.com,https://photos.zillowstatic.com/fp/60d9a0c295a54070906c5ad1e27502bd-p_c.jpg,2026-09-14 14:42,For Sale
2064281836,11008 Quail Run St,75238,Dallas,TX,32.87046,-96.69358,564900,369.0,-14950.0,555700.0,2977.0,3.0,2.0,1530.0,1956.0,0.281,singleFamily,13,,,https://www.zillow.com,https://photos.zillowstatic.com/fp/091f678055a72a3daa00a7e735007c35-p_c.jpg,2026-09-14 14:42,For Sale
26742258,10511 Desdemona Dr,75228,Dallas,TX,32.840088,-96.680534,290000,218.0,,282300.0,2150.0,3.0,2.0,1332.0,1950.0,8276.4,singleFamily,4,289560.0,2025,https://www.zillow.com,https://photos.zillowstatic.com/fp/ef9c232c0a91513b98b995282aa8750b-p_c.jpg,2026-09-14 14:42,For Sale
26831168,2536 Saint Francis Ave,75228,Dallas,TX,32.805626,-96.69955,420000,252.0,-5000.0,,,3.0,2.0,1668.0,1965.0,7884.36,singleFamily,72,443840.0,2025,https://www.zillow.com,https://photos.zillowstatic.com/fp/1d15e03042961d592b1ffb57ed6acba7-p_c.jpg,2026-09-14 14:42,For Sale
26790475,9816 Mixon Dr,75220,Dallas,TX,32.873436,-96.852104,1899999,452.0,,1819600.0,,5.0,5.0,4208.0,2023.0,0.278,singleFamily,53,1640550.0,2025,https://www.zillow.com,https://photos.zillowstatic.com/fp/3880d4357786fa963514a64900978225-p_c.jpg,2026-09-14 14:42,For Sale
26723699,1143 Newport Ave,75224,Dallas,TX,32.72548,-96.84185,269000,221.0,-3500.0,268000.0,2141.0,3.0,2.0,1217.0,1921.0,7274.52,singleFamily,69,279330.0,2025,https://www.zillow.com,https://photos.zillowstatic.com/fp/7c0388232b914e58f01f9efd217cc0f1-p_c.jpg,2026-09-14 14:42,For Sale
69667834,3324 Navaro St,75212,Dallas,TX,32.782715,-96.84614,459000,205.0,-20000.0,,3476.0,4.0,4.0,2236.0,2005.0,4007.52,singleFamily,121,225120.0,2025,https://www.zillow.com,https://photos.zillowstatic.com/fp/0cfe8a4058e6ed250ce4024074e917ca-p_c.jpg,2026-09-14 14:42,For Sale
26688251,3608 Metropolitan Ave,75210,Dallas,TX,32.77104,-96.75375,279000,195.0,-20990.0,275300.0,1935.0,4.0,3.0,1432.0,1936.0,6098.4,singleFamily,157,109810.0,2025,https://www.zillow.com,https://photos.zillowstatic.com/fp/bf3dd2e413671fb4d7f9f7a8342cac49-p_c.jpg,2026-09-14 14:42,For Sale
26812103,7138 Azalea Ln,75230,Dallas,TX,32.89726,-96.78205,4295000,544.0,,,,6.0,8.0,7888.0,2010.0,0.49000000000000005,singleFamily,32,2670210.0,2025,https://www.zillow.com,https://photos.zillowstatic.com/fp/7078c954090c5c0dfacc3669ace49f2e-p_c.jpg,2026-09-14 14:42,For Sale
26727300,3326 Burlingdell Ave,75211,Dallas,TX,32.736595,-96.875305,310000,284.0,,304400.0,2017.0,2.0,2.0,1092.0,1924.0,7492.32,singleFamily,22,296310.0,2025,https://www.zillow.com,https://photos.zillowstatic.com/fp/b5573faa1f265bdd091e2d61cac224d8-p_c.jpg,2026-09-14 14:42,For Sale
162377119,5405 N Arcadia Dr,75211,Dallas,TX,32.744392,-96.9144,464000,223.0,,447600.0,3335.0,4.0,3.0,2082.0,2021.0,6577.56,singleFamily,3,437550.0,2025,https://www.zillow.com,https://photos.zillowstatic.com/fp/6ebb11db5276967f3fef10b8e4dd629a-p_c.jpg,2026-09-14 14:42,For Sale
26809642,11354 Coral Hills Dr,75229,Dallas,TX,32.90312,-96.86727,1894000,429.0,,,,5.0,6.0,4414.0,2027.0,10105.92,singleFamily,54,225000.0,2025,https://www.zillow.com,https://photos.zillowstatic.com/fp/13e78c56a23acd4927bb6ffd82c27f93-p_c.jpg,2026-09-14 14:42,For Sale
26777780,3153 Shadow Wood Dr,75224,Dallas,TX,32.70887,-96.842255,259000,240.0,,185000.0,1687.0,3.0,1.0,1081.0,1951.0,7710.12,singleFamily,4,211920.0,2025,https://www.zillow.com,https://photos.zillowstatic.com/fp/ab36714c22783e7065367052d89457ca-p_c.jpg,2026-09-14 14:42,For Sale
303984002,5122 Capitol Ave Unit 103,75206,Dallas,TX,32.813595,-96.77947,550000,338.0,,535500.0,3946.0,2.0,3.0,1627.0,2017.0,0.265,condo,4,534000.0,2025,https://www.zillow.com,https://photos.zillowstatic.com/fp/946ea88f8e0ac122045c35aacc20254a-p_c.jpg,2026-09-14 14:42,For Sale
96490154,4503 Jamaica St,75210,Dallas,TX,32.777107,-96.74534,319999,200.0,-10000.0,317700.0,2017.0,3.0,2.0,1600.0,2026.0,4617.36,singleFamily,87,39380.0,2025,https://www.zillow.com,https://photos.zillowstatic.com/fp/bf48ffbd4934345377b58dc349daccfc-p_c.jpg,2026-09-14 14:42,For Sale
26834469,3513 Nomas St,75212,Dallas,TX,32.782005,-96.877556,589000,164.0,-10000.0,586400.0,5886.0,4.0,4.0,3600.0,2025.0,7492.32,singleFamily,33,177600.0,2025,https://www.zillow.com,https://photos.zillowstatic.com/fp/8cb595314a01d98c44919fd0af1a49f0-p_c.jpg,2026-09-14 14:42,For Sale
26912736,9028 Clearhurst Dr,75238,Dallas,TX,32.869553,-96.72991,615000,331.0,,598700.0,2854.0,3.0,2.0,1859.0,1999.0,4007.52,singleFamily,31,579600.0,2025,https://www.zillow.com,https://photos.zillowstatic.com/fp/accbf7bc8b30fe3396dbd15db688f631-p_c.jpg,2026-09-14 14:42,For Sale
96504470,4536 Luzon St,75216,Dallas,TX,32.709538,-96.74524,410000,171.0,,,,4.0,3.0,2400.0,2026.0,7274.52,singleFamily,7,60000.0,2025,https://www.zillow.com,https://photos.zillowstatic.com/fp/053d39c1fcb6bb520ac0f74fe5066378-p_c.jpg,2026-09-14 14:42,For Sale
26685911,5720 Tremont St,75214,Dallas,TX,32.80491,-96.75674,549000,357.0,-16000.0,532800.0,2653.0,2.0,2.0,1538.0,1921.0,9365.4,singleFamily,73,495000.0,2025,https://www.zillow.com,https://photos.zillowstatic.com/fp/b339d27be3280f7b9eeeda1cc787f6bd-p_c.jpg,2026-09-14 14:42,For Sale
26898673,3904 Rawlins St APT 116,75219,Dallas,TX,32.812366,-96.807724,315000,286.0,,306300.0,2294.0,2.0,3.0,1101.0,1981.0,0.582,condo,40,376000.0,2025,https://www.zillow.com,https://photos.zillowstatic.com/fp/f40480c3392cb6b9a051b9fd7ea76417-p_c.jpg,2026-09-14 14:42,For Sale
26672687,4242 N Capistrano Dr APT 177,75287,Dallas,TX,33.006493,-96.83508,268000,173.0,,262200.0,2236.0,2.0,2.0,1551.0,1986.0,914.76,condo,24,292209.0,2025,https://www.zillow.com,https://photos.zillowstatic.com/fp/42986ff19675d6794f3ccd6207f7248c-p_c.jpg,2026-09-14 14:42,For Sale
26833208,1710 Toronto St,75212,Dallas,TX,32.779186,-96.84694,589000,227.0,,583900.0,4101.0,4.0,4.0,2600.0,2026.0,4791.6,singleFamily,31,120000.0,2025,https://www.zillow.com,https://photos.zillowstatic.com/fp/a1253d848b74ca08e4baddfd7c13d27c-p_c.jpg,2026-09-14 14:42,For Sale
462145824,2332 Wycliff Ave,75219,Dallas,TX,32.807407,-96.82228,825000,232.0,,,,4.0,5.0,3550.0,2026.0,3571.92,singleFamily,31,,,https://www.zillow.com,https://photos.zillowstatic.com/fp/48a89e48545c92d10820397229bd66b7-p_c.jpg,2026-09-14 14:42,For Sale
26833738,1926 Nomas St,75212,Dallas,TX,32.78079,-96.85145,799999,234.0,-20001.0,783100.0,5220.0,5.0,4.0,3412.0,2026.0,5758.632,singleFamily,38,201430.0,2025,https://www.zillow.com,https://photos.zillowstatic.com/fp/01178469fb18aacd1dcdf5ea9a3899de-p_c.jpg,2026-09-14 14:42,For Sale
26706589,6520 Sondra Dr,75214,Dallas,TX,32.82633,-96.74906,1725000,442.0,-70000.0,1664600.0,7449.0,4.0,4.0,3903.0,2008.0,7579.44,singleFamily,54,1465990.0,2025,https://www.zillow.com,https://photos.zillowstatic.com/fp/2458789ae336310886e997bde293b60f-p_c.jpg,2026-09-14 14:42,For Sale
26687518,2922 Carpenter Ave,75215,Dallas,TX,32.75944,-96.75332,110000,124.0,,124200.0,1324.0,2.0,1.0,884.0,1921.0,0.442,singleFamily,3,138600.0,2025,https://www.zillow.com,https://photos.zillowstatic.com/fp/e03f75f899daa612fb52af2c18d707a7-p_c.jpg,2026-09-14 14:42,For Sale
26882556,13126 Fall Manor Dr,75243,Dallas,TX,32.92749,-96.71295,525000,213.0,,510100.0,3871.0,3.0,3.0,2468.0,1979.0,9365.4,singleFamily,5,468060.0,2025,https://www.zillow.com,https://photos.zillowstatic.com/fp/4420bb15fcb3b87766cac870cc2022f4-p_c.jpg,2026-09-14 14:42,For Sale
2057196231,4205 Buena Vista St #501,75205,Dallas,TX,32.81798,-96.79491,8799000,1712.0,,,,4.0,5.0,5140.0,2022.0,0.614,condo,6,6206400.0,2025,https://www.zillow.com,https://photos.zillowstatic.com/fp/1aa85beef7bc6b4d5cb4e57bf3933a3a-p_c.jpg,2026-09-14 14:42,For Sale
26699184,5130 Echo Ave,75215,Dallas,TX,32.751698,-96.74873,349999,192.0,-10001.0,348800.0,2357.0,4.0,3.0,1826.0,2026.0,4922.28,singleFamily,80,49350.0,2025,https://www.zillow.com,https://photos.zillowstatic.com/fp/9aa5016a069a76e15675591616049c5e-p_c.jpg,2026-09-14 14:42,For Sale
26693331,4519 Rawlins St,75219,Dallas,TX,32.81825,-96.81566,385000,217.0,,372600.0,3510.0,3.0,3.0,1773.0,1968.0,2.531,townhome,94,416660.0,2025,https://www.zillow.com,https://photos.zillowstatic.com/fp/66940e15c03ef5bd8f008efcd8a3e939-p_c.jpg,2026-09-14 14:42,For Sale
26773680,655 W Pentagon Pkwy,75224,Dallas,TX,32.694656,-96.83374,219000,172.0,,215000.0,2047.0,3.0,2.0,1270.0,1964.0,8712.0,singleFamily,48,235460.0,2025,https://www.zillow.com,https://photos.zillowstatic.com/fp/1bf25421f5e4e685d330abe40a57f9da-p_c.jpg,2026-09-14 14:42,For Sale
336872577,4140 Renee Dr,75227,Dallas,TX,32.775192,-96.66322,268500,213.0,-1500.0,267600.0,1847.0,3.0,2.0,1260.0,2020.0,4225.32,singleFamily,24,280770.0,2025,https://www.zillow.com,https://photos.zillowstatic.com/fp/046af99206ebda9655560b5f32c18803-p_c.jpg,2026-09-14 14:42,For Sale
26869485,9412 Timberleaf Dr,75243,Dallas,TX,32.906826,-96.73613,325000,162.0,-10000.0,321100.0,2155.0,3.0,3.0,2004.0,1971.0,3005.64,townhome,107,367570.0,2025,https://www.zillow.com,https://photos.zillowstatic.com/fp/454ff753424e6ae4fb14b5d899e0fe54-p_c.jpg,2026-09-14 14:42,For Sale
26851381,11335 McCree Rd,75238,Dallas,TX,32.872017,-96.68603,580000,293.0,,562900.0,2517.0,4.0,2.0,1980.0,1972.0,10236.6,singleFamily,4,492380.0,2025,https://www.zillow.com,https://photos.zillowstatic.com/fp/2d82ff0a95d0ada0c0d5ca5290f6b9e9-p_c.jpg,2026-09-14 14:42,For Sale
26712588,406 S Montreal Ave,75208,Dallas,TX,32.742043,-96.85379,459000,225.0,,440400.0,3293.0,3.0,2.0,2042.0,1921.0,7448.76,singleFamily,32,483940.0,2025,https://www.zillow.com,https://photos.zillowstatic.com/fp/84f2aac5833026d414807d41233feb3b-p_c.jpg,2026-09-14 14:42,For Sale
26865492,10647 Chesterton Dr,75238,Dallas,TX,32.881405,-96.700714,549000,283.0,-10900.0,,,4.0,2.0,1937.0,1960.0,9888.12,singleFamily,65,490010.0,2025,https://www.zillow.com,https://photos.zillowstatic.com/fp/934eb114dd9c2ade21e8b3b776ca402a-p_c.jpg,2026-09-14 14:42,For Sale
26867777,7122 Winedale Dr,75231,Dallas,TX,32.878986,-96.73931,854900,398.0,-25000.0,834000.0,3568.0,3.0,3.0,2150.0,1976.0,8886.24,singleFamily,76,786450.0,2025,https://www.zillow.com,https://photos.zillowstatic.com/fp/1b3c25be874047bb9e8deb20c1c5ffd2-p_c.jpg,2026-09-14 14:42,For Sale
26775119,4208 Huckleberry Cir,75216,Dallas,TX,32.69269,-96.82184,220000,116.0,-10000.0,216700.0,2175.0,3.0,2.0,1896.0,1955.0,7884.36,singleFamily,110,254580.0,2025,https://www.zillow.com,https://photos.zillowstatic.com/fp/b68e40d657ad2a57cfbf8e816329f240-p_c.jpg,2026-09-14 14:42,For Sale
26718139,825 Thomasson Dr,75208,Dallas,TX,32.756374,-96.83657,649000,493.0,,,,2.0,2.0,1317.0,1928.0,7492.32,singleFamily,100,680410.0,2025,https://www.zillow.com,https://photos.zillowstatic.com/fp/5690ba415b5379689be015583131c9a8-p_c.jpg,2026-09-14 14:42,For Sale
26677983,2203 Allen St,75204,Dallas,TX,32.795895,-96.79658,2250000,655.0,,2143900.0,7583.0,3.0,4.0,3435.0,2000.0,3049.2,singleFamily,4,1917270.0,2025,https://www.zillow.com,https://photos.zillowstatic.com/fp/c628189c3e7c85914305341e2264f53e-p_c.jpg,2026-09-14 14:42,For Sale
26929064,5200 Martel Ave APT 24B,75206,Dallas,TX,32.8313,-96.778946,269000,277.0,-5000.0,258900.0,2027.0,2.0,2.0,971.0,1983.0,6.009,condo,51,242750.0,2025,https://www.zillow.com,https://photos.zillowstatic.com/fp/1f801ab45fab8d2ba068e55ef771840c-p_c.jpg,2026-09-14 14:42,For Sale
60346909,1923 Nemechek Ln,75217,Dallas,TX,32.745167,-96.70107,247400,156.0,-3800.0,,,3.0,2.0,1586.0,2002.0,7492.32,singleFamily,38,264940.0,2025,https://www.zillow.com,https://photos.zillowstatic.com/fp/3a7b2c0393034b36d49894d0c5ffeaf3-p_c.jpg,2026-09-14 14:42,For Sale
26611057,18240 Midway Rd APT 806,75287,Dallas,TX,32.99956,-96.84251,269900,219.0,,266000.0,2396.0,3.0,3.0,1235.0,1982.0,3920.4,condo,2,271139.0,2025,https://www.zillow.com,https://photos.zillowstatic.com/fp/273ef1cbaa3cab72809e36485f71e4fe-p_c.jpg,2026-09-14 14:42,For Sale
26915432,5210 Cliff Haven Dr,75236,Dallas,TX,32.68334,-96.93062,510000,172.0,-10000.0,,,4.0,3.0,2964.0,1992.0,0.64,singleFamily,108,519980.0,2025,https://www.zillow.com,https://photos.zillowstatic.com/fp/87b31a685542542e90808d1badf86c5f-p_c.jpg,2026-09-14 14:42,For Sale
26910821,3010 Rambling Dr,75228,Dallas,TX,32.80941,-96.69109,434000,200.0,-5000.0,,,3.0,2.0,2168.0,1983.0,8668.44,singleFamily,45,312010.0,2025,https://www.zillow.com,https://photos.zillowstatic.com/fp/48aca520ba1ba165465d8a377877506c-p_c.jpg,2026-09-14 14:42,For Sale
26729241,1518 Oak Knoll St,75208,Dallas,TX,32.762928,-96.83254,1330000,418.0,-15000.0,1282800.0,7271.0,4.0,4.0,3180.0,1948.0,0.29200000000000004,singleFamily,117,1895320.0,2025,https://www.zillow.com,https://photos.zillowstatic.com/fp/fca8bb69f60de8b0346af815b3e86b4c-p_c.jpg,2026-09-14 14:42,For Sale
26848637,6606 Stonebrook Cir,75240,Dallas,TX,32.9274,-96.79087,715000,303.0,-10000.0,699400.0,5027.0,3.0,2.0,2360.0,1959.0,0.39599999999999996,singleFamily,79,576020.0,2025,https://www.zillow.com,https://photos.zillowstatic.com/fp/498e562497f3ac2326fd9c688cbfa5c8-p_c.jpg,2026-09-14 14:42,For Sale
96509994,3142 Harmon St,75215,Dallas,TX,32.767475,-96.75661,334990,130.0,-15000.0,334200.0,4249.0,3.0,4.0,2579.0,2025.0,3223.44,singleFamily,102,337650.0,2025,https://www.zillow.com,https://photos.zillowstatic.com/fp/f6db96303c1dc421b582a62127fbc845-p_c.jpg,2026-09-14 14:42,For Sale
333139155,14373 Wrangler Way,75253,Dallas,TX,32.67319,-96.585754,300000,117.0,-10000.0,299600.0,2782.0,5.0,3.0,2572.0,2019.0,6141.96,singleFamily,139,324670.0,2025,https://www.zillow.com,https://photos.zillowstatic.com/fp/566d2a9b9dfa3b3f657726ac98e0a4c9-p_c.jpg,2026-09-14 14:42,For Sale
26826084,2133 Oak Valley Ln,75232,Dallas,TX,32.67817,-96.85342,449500,204.0,,,,3.0,3.0,2203.0,1967.0,10410.84,singleFamily,12,301990.0,2025,https://www.zillow.com,https://photos.zillowstatic.com/fp/2363878e8234d0c64ae848c4f54e2b8b-p_c.jpg,2026-09-14 14:42,For Sale
26683026,2702 Douglas Ave #121,75219,Dallas,TX,32.81006,-96.81581,175000,181.0,,171300.0,1817.0,2.0,2.0,969.0,1966.0,1.62,condo,5,240340.0,2025,https://www.zillow.com,https://photos.zillowstatic.com/fp/0e45a492ebd84d265d0a4e473853f9e9-p_c.jpg,2026-09-14 14:42,For Sale
26705806,7138 Westbrook Ln,75214,Dallas,TX,32.846874,-96.737465,950000,425.0,,918200.0,4603.0,3.0,2.0,2235.0,1953.0,7927.92,singleFamily,3,961940.0,2025,https://www.zillow.com,https://photos.zillowstatic.com/fp/46c0c314c71ff58dc55e90c1d648f85b-p_c.jpg,2026-09-14 14:42,For Sale
26790574,3743 Matador Dr,75220,Dallas,TX,32.876034,-96.854294,1895000,380.0,,1840900.0,6760.0,4.0,5.0,4981.0,2026.0,8015.04,singleFamily,25,504130.0,2025,https://www.zillow.com,https://photos.zillowstatic.com/fp/6b068f8121d9b1de601b0b2cfef19b69-p_c.jpg,2026-09-14 14:42,For Sale
26694823,5712 Mercedes Ave,75206,Dallas,TX,32.827705,-96.76949,899000,508.0,-16000.0,,,2.0,2.0,1771.0,1940.0,6751.8,singleFamily,59,716840.0,2025,https://www.zillow.com,https://photos.zillowstatic.com/fp/7713d40e3fe42cb59228d7e7d1928b84-p_c.jpg,2026-09-14 14:42,For Sale
26873190,7225 Heathermore Dr,75248,Dallas,TX,32.9656,-96.78316,735000,306.0,,713700.0,5896.0,5.0,3.0,2402.0,1970.0,8450.64,singleFamily,9,641570.0,2025,https://www.zillow.com,https://photos.zillowstatic.com/fp/211c2e25efb0395c9db1d0b4e4cc1eb9-p_c.jpg,2026-09-14 14:42,For Sale
26905973,31 Robledo Dr,75230,Dallas,TX,32.908936,-96.79856,8499000,1062.0,,,,5.0,7.0,8000.0,1993.0,1.02,singleFamily,25,2994600.0,2025,https://www.zillow.com,https://photos.zillowstatic.com/fp/979cc6555133bcf480fa373feac69576-p_c.jpg,2026-09-14 14:42,For Sale
55827313,2011 Cedar Springs Rd APT 606,75201,Dallas,TX,32.791203,-96.80547,2750000,591.0,-100000.0,2579600.0,,2.0,3.0,4655.0,1999.0,0.981,condo,240,2630080.0,2025,https://www.zillow.com,https://photos.zillowstatic.com/fp/4b32446b54d460499210c02631c189bd-p_c.jpg,2026-09-14 14:42,For Sale
26790504,3723 Manana Dr,75220,Dallas,TX,32.87418,-96.85506,1750000,359.0,,,,5.0,6.0,4881.0,2026.0,7971.48,singleFamily,38,516980.0,2025,https://www.zillow.com,https://photos.zillowstatic.com/fp/9a6807ed5d74460abdb6121dba297399-p_c.jpg,2026-09-14 14:42,For Sale
26699060,2640 Lawrence St,75215,Dallas,TX,32.753834,-96.75379,175000,169.0,,162300.0,1628.0,5.0,2.0,1036.0,1929.0,7579.44,singleFamily,32,121940.0,2025,https://www.zillow.com,https://photos.zillowstatic.com/fp/b3678528c13b08fee61a3fd124909d48-p_c.jpg,2026-09-14 14:42,For Sale
96524811,9501 Teagarden Rd,75217,Dallas,TX,32.67672,-96.66075,125000,,,,,,,,,1.01,land,73,105000.0,2025,https://www.zillow.com,https://photos.zillowstatic.com/fp/8c1db859338ebbe63abde0a62c656b1c-p_c.jpg,2026-09-14 14:42,For Sale
26731482,7518 Caillet St,75209,Dallas,TX,32.847927,-96.82453,885000,439.0,-40000.0,1043800.0,3789.0,4.0,3.0,2014.0,1948.0,7492.32,singleFamily,108,650250.0,2025,https://www.zillow.com,https://photos.zillowstatic.com/fp/91e6792c5330b928fd621f84bdc375ef-p_c.jpg,2026-09-14 14:42,For Sale
162407086,202 Creek Cove Dr,75217,Dallas,TX,32.714615,-96.71029,190000,141.0,-10000.0,189500.0,1718.0,3.0,3.0,1347.0,2006.0,2047.32,townhome,93,200000.0,2025,https://www.zillow.com,https://photos.zillowstatic.com/fp/436da76c9f582214dcc90b4c4933eb72-p_c.jpg,2026-09-14 14:42,For Sale
96509247,1942 McBroom St,75212,Dallas,TX,32.782383,-96.85211,499000,242.0,,492900.0,3429.0,4.0,3.0,2058.0,2020.0,5662.8,singleFamily,31,519400.0,2025,https://www.zillow.com,https://photos.zillowstatic.com/fp/290f1ef9eb80e5ba9d8a11a6cc02696c-p_c.jpg,2026-09-14 14:42,For Sale
26751118,7223 Edgerton Dr,75231,Dallas,TX,32.8562,-96.73668,618500,333.0,-21000.0,602800.0,3335.0,3.0,2.0,1855.0,1954.0,7405.2,singleFamily,38,566830.0,2025,https://www.zillow.com,https://photos.zillowstatic.com/fp/908cc73d6bfae43af610fd9a6d6e6c13-p_c.jpg,2026-09-14 14:42,For Sale
26753743,6078 Averill Way APT C,75225,Dallas,TX,32.86631,-96.80294,250000,192.0,,220400.0,3071.0,3.0,2.0,1302.0,1956.0,1.492,condo,10,240220.0,2025,https://www.zillow.com,https://photos.zillowstatic.com/fp/2347efaf8a7b53dff5481595d77e0347-p_c.jpg,2026-09-14 14:42,For Sale
245228971,5914 Lindell Ave Unit 400,75206,Dallas,TX,32.808662,-96.766045,519000,346.0,,505600.0,2991.0,2.0,3.0,1502.0,2015.0,7187.4,condo,4,480640.0,2025,https://www.zillow.com,https://photos.zillowstatic.com/fp/f29c4ad56b36c9bef2b5e77d5e0314c1-p_c.jpg,2026-09-14 14:42,For Sale
26699234,2835 Macon St,75215,Dallas,TX,32.75089,-96.74779,254900,170.0,-5000.0,254400.0,2076.0,3.0,3.0,1500.0,2026.0,2613.6,singleFamily,36,18450.0,2025,https://www.zillow.com,https://photos.zillowstatic.com/fp/8808c4b9605d9dfb589314c4491ef305-p_c.jpg,2026-09-14 14:42,For Sale
26686199,1626 Bannock Ave,75215,Dallas,TX,32.748558,-96.76356,435000,214.0,-10000.0,,3011.0,4.0,3.0,2028.0,2026.0,10049.292,singleFamily,33,90450.0,2025,https://www.zillow.com,https://photos.zillowstatic.com/fp/0c72efc3f13d66b64d1bc34ddd85c1cc-p_c.jpg,2026-09-14 14:42,For Sale
464302789,13845 Leinsper Green St,75240,Dallas,TX,32.933266,-96.766045,165000,141.0,-20000.0,,,3.0,2.0,1170.0,1969.0,3049.2,townhome,41,,,https://www.zillow.com,https://photos.zillowstatic.com/fp/6784009684ee614b01e56db96dee270f-p_c.jpg,2026-09-14 14:42,For Sale
26900027,5006 Cedar Springs Rd APT C,75235,Dallas,TX,32.82116,-96.8226,485000,236.0,-14950.0,478500.0,3055.0,3.0,3.0,2052.0,1999.0,1785.96,townhome,107,482770.0,2025,https://www.zillow.com,https://photos.zillowstatic.com/fp/f0a347ed818dc7e2774aceb10682b66f-p_c.jpg,2026-09-14 14:42,For Sale
26783508,4215 Cicero St,75216,Dallas,TX,32.707077,-96.77577,129999,104.0,,185100.0,1744.0,3.0,1.0,1252.0,1950.0,8407.08,singleFamily,4,192160.0,2025,https://www.zillow.com,https://photos.zillowstatic.com/fp/5f2af19abdcc56955c1ae0f877a9b80a-p_c.jpg,2026-09-14 14:42,For Sale
26933254,4132 Cole Ave APT 102,75204,Dallas,TX,32.81543,-96.792534,373500,346.0,,358500.0,2424.0,2.0,2.0,1080.0,1983.0,1.076,condo,155,331000.0,2025,https://www.zillow.com,https://photos.zillowstatic.com/fp/b5c21198d904ecc021e9551232a7f355-p_c.jpg,2026-09-14 14:42,For Sale
26732366,4974 Dupont Dr,75216,Dallas,TX,32.689037,-96.78727,165000,116.0,-10000.0,,,3.0,1.0,1422.0,1959.0,7710.12,singleFamily,30,209310.0,2025,https://www.zillow.com,https://photos.zillowstatic.com/fp/829e42a8c6cec3b8c66da384ce2ef7dd-p_c.jpg,2026-09-14 14:42,For Sale
26784834,4303 Blackheath Rd,75227,Dallas,TX,32.788654,-96.69583,430000,177.0,-10000.0,428800.0,2717.0,4.0,3.0,2428.0,1972.0,10193.04,singleFamily,93,362810.0,2025,https://www.zillow.com,https://photos.zillowstatic.com/fp/0474949dc537abf6b44497dd73f61bea-p_c.jpg,2026-09-14 14:42,For Sale
162813546,656 Bishop Heights Ln,75208,Dallas,TX,32.753757,-96.8324,599000,333.0,-11000.0,,,3.0,3.0,1798.0,2015.0,3876.84,singleFamily,100,577130.0,2025,https://www.zillow.com,https://photos.zillowstatic.com/fp/db5d95ed1d1b44a0c7118b83d6dad6f3-p_c.jpg,2026-09-14 14:42,For Sale
96501309,3806 Vandervort Dr,75216,Dallas,TX,32.717987,-96.76567,400000,190.0,,395300.0,2838.0,4.0,3.0,2100.0,2024.0,7187.4,singleFamily,93,380740.0,2025,https://www.zillow.com,https://photos.zillowstatic.com/fp/4b32634c259ad62d586ff235646b15cf-p_c.jpg,2026-09-14 14:42,For Sale
26868426,9205 Moss Farm Ln,75243,Dallas,TX,32.896366,-96.74376,699000,279.0,-20900.0,689200.0,6108.0,4.0,3.0,2509.0,1976.0,7056.72,singleFamily,113,497000.0,2025,https://www.zillow.com,https://photos.zillowstatic.com/fp/9f4a7c495ee855a85667d4d5c65ef802-p_c.jpg,2026-09-14 14:42,For Sale
26867809,7230 Claybrook Dr,75231,Dallas,TX,32.882027,-96.73705,1050000,414.0,,1006800.0,4079.0,4.0,3.0,2539.0,1977.0,8537.76,singleFamily,5,723850.0,2025,https://www.zillow.com,https://photos.zillowstatic.com/fp/07861078e8113e46cc71bb287b33e302-p_c.jpg,2026-09-14 14:42,For Sale
26700991,7045 Gaston Pkwy,75214,Dallas,TX,32.81498,-96.73558,899000,466.0,,879100.0,4302.0,3.0,2.0,1928.0,1958.0,9626.76,singleFamily,58,738230.0,2025,https://www.zillow.com,https://photos.zillowstatic.com/fp/f6f2f4d4d4f1463d83badff60aaf7541-p_c.jpg,2026-09-14 14:42,For Sale
27330666,2607 Harbinger Ln,75287,Dallas,TX,32.993263,-96.86858,375000,163.0,-20999.0,372600.0,2579.0,4.0,2.0,2298.0,1983.0,8537.76,singleFamily,143,421000.0,2025,https://www.zillow.com,https://photos.zillowstatic.com/fp/7bd7ba14f95b97038b10751fbad30d29-p_c.jpg,2026-09-14 14:42,For Sale
84002620,6043 Meadow Rd,75230,Dallas,TX,32.88656,-96.80206,3900000,602.0,,3640700.0,,5.0,6.0,6482.0,2008.0,0.336,singleFamily,16,3366990.0,2025,https://www.zillow.com,https://photos.zillowstatic.com/fp/cb8acc98b74942619ba78bfb01662dd1-p_c.jpg,2026-09-14 14:42,For Sale
26888791,6010 La Cosa Dr,75248,Dallas,TX,32.959442,-96.80371,637500,293.0,-10000.0,624600.0,3774.0,3.0,3.0,2174.0,1979.0,8232.84,singleFamily,62,587940.0,2025,https://www.zillow.com,https://photos.zillowstatic.com/fp/c5ef7389868ebbceb3b5de7e3f66a9e0-p_c.jpg,2026-09-14 14:42,For Sale
26806004,3807 Pallos Verdas Dr,75229,Dallas,TX,32.90547,-96.85114,3245000,498.0,,,,6.0,7.0,6510.0,2026.0,0.39,singleFamily,38,925470.0,2025,https://www.zillow.com,https://photos.zillowstatic.com/fp/37bb69dac110711a0f3da51e612fce78-p_c.jpg,2026-09-14 14:42,For Sale
26837294,908 Muncie Ave,75212,Dallas,TX,32.774803,-96.83741,459999,167.0,-15000.0,456700.0,4688.0,3.0,4.0,2747.0,2022.0,2495.988,singleFamily,108,401330.0,2025,https://www.zillow.com,https://photos.zillowstatic.com/fp/ddabf766bf90823c78d216bb71785210-p_c.jpg,2026-09-14 14:42,For Sale
26882458,9706 Trevor Dr,75243,Dallas,TX,32.91961,-96.72135,400000,146.0,-75000.0,388300.0,4028.0,3.0,3.0,2744.0,1978.0,8929.8,singleFamily,54,490130.0,2025,https://www.zillow.com,https://photos.zillowstatic.com/fp/7d9ec41f57e579803c8dac7541ee07af-p_c.jpg,2026-09-14 14:42,For Sale
26852286,13640 Purple Sage Rd,75240,Dallas,TX,32.933308,-96.771194,499990,311.0,,481600.0,2313.0,3.0,2.0,1608.0,1964.0,7884.36,singleFamily,5,219000.0,2025,https://www.zillow.com,https://photos.zillowstatic.com/fp/241f4f634ecd8fcaacc8de524b2b98b8-p_c.jpg,2026-09-14 14:42,For Sale
55827508,14400 Montfort Dr APT 202,75254,Dallas,TX,32.94537,-96.81385,245000,208.0,,242000.0,2103.0,2.0,3.0,1179.0,1983.0,4.561,singleFamily,21,265280.0,2025,https://www.zillow.com,https://photos.zillowstatic.com/fp/4fd5a4f1390658f49e7ef20e223b9068-p_c.jpg,2026-09-14 14:42,For Sale
26812044,6916 Azalea Ln,75230,Dallas,TX,32.897087,-96.7873,5750000,730.0,,5452800.0,,6.0,7.0,7879.0,2026.0,0.375,singleFamily,66,1044470.0,2025,https://www.zillow.com,https://photos.zillowstatic.com/fp/8fdb8a7513f7275fa0d9982c5a61dddf-p_c.jpg,2026-09-14 14:42,For Sale
26751396,7635 Bryn Mawr Dr,75225,Dallas,TX,32.856293,-96.77535,3650000,626.0,,3435000.0,,4.0,7.0,5834.0,2007.0,10715.76,singleFamily,32,2759000.0,2025,https://www.zillow.com,https://photos.zillowstatic.com/fp/db7a57cd9cb39771891ec1d44da957e7-p_c.jpg,2026-09-14 14:42,For Sale
80223695,148 Spelt Ln,75241,Dallas,TX,32.65095,-96.820244,250000,151.0,,248100.0,2110.0,3.0,2.0,1651.0,2006.0,5009.4,singleFamily,6,262820.0,2025,https://www.zillow.com,https://photos.zillowstatic.com/fp/85caf8ab5b9536f28c6436bcadbae2c0-p_c.jpg,2026-09-14 14:42,For Sale
26680538,3500 S Harwood St,75215,Dallas,TX,32.76001,-96.770775,549900,214.0,,542600.0,3275.0,4.0,3.0,2566.0,2026.0,4748.04,singleFamily,41,80360.0,2025,https://www.zillow.com,https://photos.zillowstatic.com/fp/412eb965501883a229d76c56f2b22b93-p_c.jpg,2026-09-14 14:42,For Sale
26851199,8630 Rolling Rock Ln,75238,Dallas,TX,32.866524,-96.692635,699900,336.0,-50100.0,682900.0,3991.0,4.0,4.0,2083.0,1955.0,8058.6,singleFamily,69,661180.0,2025,https://www.zillow.com,https://photos.zillowstatic.com/fp/8fee0696109ab0dfa47d3d6222a8e32d-p_c.jpg,2026-09-14 14:42,For Sale
26691185,2638 Southland St,75215,Dallas,TX,32.75495,-96.75555,348999,218.0,,346400.0,1618.0,3.0,2.0,1600.0,2026.0,7143.84,singleFamily,20,128570.0,2025,https://www.zillow.com,https://photos.zillowstatic.com/fp/bf722d71fc723e2a9657d9bfd8114867-p_c.jpg,2026-09-14 14:42,For Sale
26874347,7707 La Avenida Dr,75248,Dallas,TX,32.96373,-96.775444,649000,317.0,-10000.0,633200.0,4257.0,3.0,2.0,2049.0,1966.0,9583.2,singleFamily,67,480000.0,2025,https://www.zillow.com,https://photos.zillowstatic.com/fp/0d962e3ed96765c2bba094ff933f2c46-p_c.jpg,2026-09-14 14:42,For Sale
26858959,12124 Dixfield Dr,75218,Dallas,TX,32.861023,-96.69584,775000,355.0,-14000.0,749700.0,3280.0,3.0,3.0,2183.0,1969.0,7927.92,singleFamily,38,575450.0,2025,https://www.zillow.com,https://photos.zillowstatic.com/fp/29317a17f38b2376200085abdecfa712-p_c.jpg,2026-09-14 14:42,For Sale
26640306,17704 Cedar Creek Canyon Dr,75252,Dallas,TX,32.992584,-96.81119,1969000,356.0,-30000.0,,,5.0,6.0,5530.0,1988.0,0.413,singleFamily,144,1764319.0,2025,https://www.zillow.com,https://photos.zillowstatic.com/fp/77c8d34ab959d60c8da0740a5904740c-p_c.jpg,2026-09-14 14:42,For Sale
27338485,2711 Van Gogh Pl,75287,Dallas,TX,33.00472,-96.8632,375000,213.0,,,,3.0,3.0,1757.0,1984.0,4486.68,singleFamily,68,357741.0,2025,https://www.zillow.com,https://photos.zillowstatic.com/fp/3cff9371d7ac95072c4d53b288a7f7ee-p_c.jpg,2026-09-14 14:42,For Sale
26698888,5332 Edmondson Ave,75209,Dallas,TX,32.833755,-96.8202,1825000,534.0,,,,3.0,4.0,3419.0,1950.0,9016.92,singleFamily,37,1783760.0,2025,https://www.zillow.com,https://photos.zillowstatic.com/fp/98e08498c470fb450a44cd034a9f306b-p_c.jpg,2026-09-14 14:42,For Sale
248829418,1317 Nolte Dr,75208,Dallas,TX,32.733955,-96.843605,365000,276.0,-10000.0,360000.0,2549.0,3.0,2.0,1323.0,2016.0,6795.36,singleFamily,97,369160.0,2025,https://www.zillow.com,https://photos.zillowstatic.com/fp/96b11cc30dac6ca9d078b06d0dcc29b8-p_c.jpg,2026-09-14 14:42,For Sale
26853433,8605 Hanford Dr,75243,Dallas,TX,32.903305,-96.75562,450000,244.0,,436800.0,3594.0,3.0,2.0,1842.0,1961.0,10062.36,singleFamily,30,440000.0,2025,https://www.zillow.com,https://photos.zillowstatic.com/fp/d480e26bdb070654ae5ba4677561cef2-p_c.jpg,2026-09-14 14:42,For Sale
26752931,7387 Blairview Dr,75230,Dallas,TX,32.881042,-96.77529,2745000,523.0,,2662900.0,,5.0,6.0,5252.0,2026.0,0.2713,singleFamily,68,976900.0,2025,https://www.zillow.com,https://photos.zillowstatic.com/fp/d990598bc4eae63e9775300266fc7f3c-p_c.jpg,2026-09-14 14:42,For Sale
26734603,4622 Newmore Ave,75209,Dallas,TX,32.849197,-96.830666,560000,380.0,,541400.0,2130.0,3.0,2.0,1475.0,1945.0,7187.4,singleFamily,5,488970.0,2025,https://www.zillow.com,https://photos.zillowstatic.com/fp/39dc0a5ed5d7254ed4790c246862b9d0-p_c.jpg,2026-09-14 14:42,For Sale
26754400,6828 Chevy Chase Ave,75225,Dallas,TX,32.871284,-96.78751,2395000,522.0,,,,4.0,5.0,4587.0,2007.0,9626.76,singleFamily,28,2243180.0,2025,https://www.zillow.com,https://photos.zillowstatic.com/fp/21605d514d3f34cf208feecc0f2a828d-p_c.jpg,2026-09-14 14:42,For Sale
26742012,10203 Estacado Dr,75228,Dallas,TX,32.832863,-96.68408,385000,261.0,-14999.0,381100.0,2328.0,4.0,2.0,1474.0,1953.0,8276.4,singleFamily,107,314930.0,2025,https://www.zillow.com,https://photos.zillowstatic.com/fp/9f7ea9b2a651db9b757fb9b466260b2e-p_c.jpg,2026-09-14 14:42,For Sale
26752895,7124 Meadow Rd,75230,Dallas,TX,32.886986,-96.78161,1340000,363.0,-10000.0,,,4.0,4.0,3687.0,1969.0,0.293,singleFamily,54,969820.0,2025,https://www.zillow.com,https://photos.zillowstatic.com/fp/957e98f9204de66de0040230e947e40f-p_c.jpg,2026-09-14 14:42,For Sale
26873284,7240 Whispering Pines Dr,75248,Dallas,TX,32.967693,-96.78254,849990,339.0,,817100.0,5648.0,4.0,3.0,2508.0,1971.0,8799.12,singleFamily,17,560480.0,2025,https://www.zillow.com,https://photos.zillowstatic.com/fp/30c5790a6b2a428a9043eeac81ee7215-p_c.jpg,2026-09-14 14:42,For Sale
26706247,6979 Bob O Link Dr,75214,Dallas,TX,32.833046,-96.740166,3200000,593.0,-50000.0,3057600.0,,5.0,6.0,5399.0,2020.0,9801.0,singleFamily,39,2187880.0,2025,https://www.zillow.com,https://photos.zillowstatic.com/fp/59e3e4ec5b17bfdd05b357a76f1b3faa-p_c.jpg,2026-09-14 14:42,For Sale
26837484,2415 Barnes Bridge Rd,75228,Dallas,TX,32.850895,-96.67141,240000,133.0,-5000.0,,,3.0,2.0,1808.0,1953.0,7413.912,singleFamily,45,302180.0,2025,https://www.zillow.com,https://photos.zillowstatic.com/fp/41a09ac824f5666560e493c0fa79a4c2-p_c.jpg,2026-09-14 14:42,For Sale
53389154,4808 Terry St,75223,Dallas,TX,32.791508,-96.76141,449900,207.0,-15100.0,444200.0,3092.0,4.0,3.0,2174.0,2021.0,7248.384,singleFamily,95,355430.0,2025,https://www.zillow.com,https://photos.zillowstatic.com/fp/dc920f0d959004fbdcac3e60d905b9d7-p_c.jpg,2026-09-14 14:42,For Sale
26785274,5216 Ashbrook Rd,75227,Dallas,TX,32.788296,-96.70542,440000,173.0,-10000.0,435400.0,3023.0,4.0,3.0,2540.0,1965.0,9016.92,singleFamily,18,507430.0,2025,https://www.zillow.com,https://photos.zillowstatic.com/fp/4d1c3d9500ff023cbf2b1c7b12b71e0b-p_c.jpg,2026-09-14 14:42,For Sale
26588470,4304 Country Brook Dr,75287,Dallas,TX,32.99785,-96.83657,469900,216.0,,458200.0,3113.0,3.0,3.0,2180.0,1981.0,8712.0,singleFamily,8,523854.0,2025,https://www.zillow.com,https://photos.zillowstatic.com/fp/afb3a6769a2d440318dab4f381733353-p_c.jpg,2026-09-14 14:42,For Sale
26844494,12241 Oberlin Dr,75243,Dallas,TX,32.914722,-96.75727,324990,189.0,,252200.0,2510.0,4.0,2.0,1718.0,1959.0,7623.0,singleFamily,12,271690.0,2025,https://www.zillow.com,https://photos.zillowstatic.com/fp/7a4d2a27351263db266387898f690860-p_c.jpg,2026-09-14 14:42,For Sale
2055130051,2706 Valentine St,75215,Dallas,TX,32.741688,-96.75182,521000,199.0,,516600.0,2924.0,4.0,4.0,2617.0,2026.0,7492.32,singleFamily,33,75010.0,2025,https://www.zillow.com,https://photos.zillowstatic.com/fp/d23c9c2dba034843d754d0d31c3dac0f-p_c.jpg,2026-09-14 14:42,For Sale
442939119,1606 Old Gate Ln,75218,Dallas,TX,32.823833,-96.70325,1795000,425.0,-100000.0,,,5.0,4.0,4224.0,2024.0,10062.36,singleFamily,80,1614120.0,2025,https://www.zillow.com,https://photos.zillowstatic.com/fp/6d11ce7bb10f00f2e7b10776349416d2-p_c.jpg,2026-09-14 14:42,For Sale
26789968,3974 Cortez Dr,75220,Dallas,TX,32.865974,-96.84583,1189000,306.0,-10000.0,,,5.0,5.0,3890.0,1951.0,0.254,singleFamily,105,1242740.0,2025,https://www.zillow.com,https://photos.zillowstatic.com/fp/0c3230a50c98f0facdc6ed77e8b967a4-p_c.jpg,2026-09-14 14:42,For Sale
26821468,3623 Castle Hills Dr,75241,Dallas,TX,32.678192,-96.762886,180000,106.0,,175500.0,2123.0,3.0,2.0,1695.0,1959.0,0.26,singleFamily,46,222740.0,2025,https://www.zillow.com,https://photos.zillowstatic.com/fp/5bfa6797d4cef5d8e9269ea2a8f7c896-p_c.jpg,2026-09-14 14:42,For Sale
26755876,6124 Lakehurst Ave,75230,Dallas,TX,32.884018,-96.800446,5495000,845.0,,5185700.0,6739.0,5.0,8.0,6502.0,2026.0,0.327,singleFamily,45,1207880.0,2025,https://www.zillow.com,https://photos.zillowstatic.com/fp/fb18013d2a490cde2f6263c82621ffee-p_c.jpg,2026-09-14 14:42,For Sale
249773272,17643 Pinyon Ln,75252,Dallas,TX,32.991222,-96.76497,810000,266.0,,788600.0,4396.0,4.0,4.0,3049.0,2017.0,6011.28,singleFamily,38,742533.0,2025,https://www.zillow.com,https://photos.zillowstatic.com/fp/fbd8ce52aab90accbd86156cdc14940d-p_c.jpg,2026-09-14 14:42,For Sale
26860529,10609 Seagoville Rd,75217,Dallas,TX,32.705402,-96.64214,300000,182.0,,297300.0,2037.0,2.0,2.0,1650.0,1965.0,0.43,singleFamily,4,239800.0,2025,https://www.zillow.com,https://photos.zillowstatic.com/fp/d45524fde248cbf477789be98e8de54a-p_c.jpg,2026-09-14 14:42,For Sale
303985268,8205 Plumbago Way,75252,Dallas,TX,32.98507,-96.7605,819000,263.0,-10000.0,809400.0,4613.0,4.0,4.0,3113.0,2019.0,7187.4,singleFamily,65,788290.0,2025,https://www.zillow.com,https://photos.zillowstatic.com/fp/5a5bd0e1dea216a3c2184c2ef628d28d-p_c.jpg,2026-09-14 14:42,For Sale
26900733,5616 Preston Oaks Rd APT 202,75254,Dallas,TX,32.94263,-96.8128,239900,229.0,,202800.0,1771.0,2.0,2.0,1046.0,1981.0,6.932,condo,2,266000.0,2025,https://www.zillow.com,https://photos.zillowstatic.com/fp/eea43a2b2b35a7d23891a0bcca684f73-p_c.jpg,2026-09-14 14:42,For Sale
26738456,3838 Dutton Dr,75211,Dallas,TX,32.72516,-96.883644,349900,177.0,-25000.0,343800.0,1951.0,4.0,2.0,1976.0,1956.0,7927.92,singleFamily,26,505970.0,2025,https://www.zillow.com,https://photos.zillowstatic.com/fp/27c6731c093e8713cfc3e3b9f7bf57ec-p_c.jpg,2026-09-14 14:42,For Sale
248827881,2617 Birmingham Ave,75215,Dallas,TX,32.76573,-96.76792,349999,180.0,-30000.0,345500.0,2453.0,4.0,3.0,1947.0,2005.0,6446.88,singleFamily,15,255330.0,2025,https://www.zillow.com,https://photos.zillowstatic.com/fp/b593e6007145ebc5b1e2d838263d2b67-p_c.jpg,2026-09-14 14:42,For Sale
26807867,3115 Walnut Hill Ln,75229,Dallas,TX,32.88122,-96.871086,524000,243.0,7000.0,504800.0,4028.0,3.0,3.0,2159.0,1973.0,10323.72,singleFamily,74,520370.0,2025,https://www.zillow.com,https://photos.zillowstatic.com/fp/f696345e0f0b0ae96c3ef1cc99397834-p_c.jpg,2026-09-14 14:42,For Sale
26837932,7530 Yamini Dr,75230,Dallas,TX,32.902946,-96.777054,2225000,459.0,-74999.0,2138000.0,,4.0,5.0,4848.0,2001.0,0.374,singleFamily,170,1761000.0,2025,https://www.zillow.com,https://photos.zillowstatic.com/fp/50dfb3842cf03c52d7e99bf7293f3e35-p_c.jpg,2026-09-14 14:42,For Sale
26867712,8814 Sanshire Ave,75231,Dallas,TX,32.879063,-96.743675,1499000,394.0,-100000.0,,,4.0,4.0,3805.0,1982.0,10454.4,singleFamily,27,790000.0,2025,https://www.zillow.com,https://photos.zillowstatic.com/fp/0bc7114b2db1efdfdb114e2abfa3c412-p_c.jpg,2026-09-14 14:42,For Sale
26736093,9122 Cochran Heights Dr,75220,Dallas,TX,32.86247,-96.84436,798000,251.0,-37000.0,779300.0,4377.0,3.0,3.0,3174.0,1984.0,5575.68,singleFamily,158,605000.0,2025,https://www.zillow.com,https://photos.zillowstatic.com/fp/cd931b17f2e135c8960c7a721d05a2c8-p_c.jpg,2026-09-14 14:42,For Sale
26847933,2103 Healey Dr,75228,Dallas,TX,32.825203,-96.68004,445000,288.0,,433800.0,3230.0,3.0,2.0,1547.0,1957.0,7666.56,singleFamily,53,401670.0,2025,https://www.zillow.com,https://photos.zillowstatic.com/fp/2632a43874b661aa38a2b888aa3b01ab-p_c.jpg,2026-09-14 14:42,For Sale
2056173294,3557 Chestnut Oak Dr,75253,Dallas,TX,32.657486,-96.65832,299000,169.0,-9000.0,297700.0,2415.0,4.0,3.0,1770.0,2023.0,10018.8,singleFamily,242,299990.0,2025,https://www.zillow.com,https://photos.zillowstatic.com/fp/deba536fcc484d22e34aa0fbf1b95ac2-p_c.jpg,2026-09-14 14:42,For Sale
26739829,9027 Daytonia Ave,75218,Dallas,TX,32.823032,-96.7036,1650000,403.0,,1603900.0,,5.0,5.0,4097.0,2026.0,8319.96,singleFamily,51,505820.0,2025,https://www.zillow.com,https://photos.zillowstatic.com/fp/34ad7e1aacbc2e0633f0e9d402191304-p_c.jpg,2026-09-14 14:42,For Sale
26711703,124 E 6th St,75203,Dallas,TX,32.75364,-96.822014,400000,386.0,,,,2.0,1.0,1035.0,1921.0,5052.96,singleFamily,25,384510.0,2025,https://www.zillow.com,https://photos.zillowstatic.com/fp/0cd5b28da846c943a3eb0e6b2d711bb5-p_c.jpg,2026-09-14 14:42,For Sale
26834242,1942 Leath St,75212,Dallas,TX,32.789276,-96.85212,749990,242.0,-10.0,,,5.0,5.0,3100.0,2026.0,5314.32,singleFamily,113,132650.0,2025,https://www.zillow.com,https://photos.zillowstatic.com/fp/73a6504834c524f00f3a63710576e4bc-p_c.jpg,2026-09-14 14:42,For Sale
26637850,6227 Cupertino Trl,75252,Dallas,TX,33.004425,-96.7974,449000,197.0,-25900.0,441600.0,3169.0,3.0,3.0,2284.0,1993.0,4356.0,singleFamily,105,435651.0,2025,https://www.zillow.com,https://photos.zillowstatic.com/fp/9f25f1654903a45c7026fb732c7cc1da-p_c.jpg,2026-09-14 14:42,For Sale
162814398,1011 Gallivant Ln,75218,Dallas,TX,32.82912,-96.71034,625000,375.0,-9500.0,615800.0,2737.0,3.0,3.0,1665.0,2016.0,2461.14,singleFamily,106,563360.0,2025,https://www.zillow.com,https://photos.zillowstatic.com/fp/ec82968615e130e903760d5d6c777fce-p_c.jpg,2026-09-14 14:42,For Sale
26863657,7717 Meadowhaven Dr,75254,Dallas,TX,32.948135,-96.773544,924900,332.0,-25000.0,,,4.0,4.0,2785.0,1968.0,0.302,singleFamily,46,634100.0,2025,https://www.zillow.com,https://photos.zillowstatic.com/fp/595ccd347a9fc6ea432ae15fac2956bd-p_c.jpg,2026-09-14 14:42,For Sale
54021507,18932 Platte River Way,75287,Dallas,TX,33.010117,-96.86224,340000,246.0,-9900.0,,,3.0,2.0,1380.0,1983.0,8058.6,singleFamily,66,310317.0,2025,https://www.zillow.com,https://photos.zillowstatic.com/fp/8642fd0622e87bc66d1cc665d1d85028-p_c.jpg,2026-09-14 14:42,For Sale
26710817,126 Neches St,75208,Dallas,TX,32.75597,-96.82495,235000,258.0,-14000.0,233500.0,2142.0,2.0,1.0,912.0,1920.0,2134.44,singleFamily,156,285350.0,2025,https://www.zillow.com,https://photos.zillowstatic.com/fp/8b6147061393b0eb30845f699402cdd9-p_c.jpg,2026-09-14 14:42,For Sale
26690347,5618 Goodwin Ave,75206,Dallas,TX,32.82322,-96.77145,2149000,515.0,-101000.0,,,3.0,3.0,4169.0,2021.0,0.27599999999999997,singleFamily,27,1992090.0,2025,https://www.zillow.com,https://photos.zillowstatic.com/fp/1b851d5ddb64d88f961ecb98c9ce6090-p_c.jpg,2026-09-14 14:42,For Sale
26765000,4111 De Lee St,75227,Dallas,TX,32.77358,-96.693535,169000,99.0,-20000.0,181700.0,2225.0,5.0,2.0,1700.0,1940.0,7318.08,singleFamily,32,217840.0,2025,https://www.zillow.com,https://photos.zillowstatic.com/fp/bdf05914dfcc814a3a01dc8ca359f884-p_c.jpg,2026-09-14 14:42,For Sale
69676790,4729 Bradford Dr #4729A,75219,Dallas,TX,32.817074,-96.823265,317500,314.0,-7500.0,,,2.0,2.0,1010.0,1955.0,5.226,condo,52,276080.0,2025,https://www.zillow.com,https://photos.zillowstatic.com/fp/f497abadc2f74c61c30903feb89e1465-p_c.jpg,2026-09-14 14:42,For Sale
69677071,1122 Jackson St APT 322,75202,Dallas,TX,32.778366,-96.80132,199900,238.0,,,,1.0,1.0,840.0,1925.0,0.984,condo,199,230300.0,2025,https://www.zillow.com,https://photos.zillowstatic.com/fp/e40ab909d0281b8bb58c1683a2819881-p_c.jpg,2026-09-14 14:42,For Sale
26836235,3815 Harlingen St,75212,Dallas,TX,32.78857,-96.90492,349900,241.0,,,,3.0,3.0,1454.0,1985.0,8929.8,singleFamily,2,228630.0,2025,https://www.zillow.com,https://photos.zillowstatic.com/fp/1c78900921d184d3ea08a1b9ffee5ab3-p_c.jpg,2026-09-14 14:42,For Sale
96519586,1407 Pueblo St,75212,Dallas,TX,32.780365,-96.84303,785000,253.0,-10000.0,776600.0,5151.0,4.0,5.0,3100.0,2026.0,7492.32,singleFamily,103,225000.0,2025,https://www.zillow.com,https://photos.zillowstatic.com/fp/421fbd987d1baef9e7c85ba0ec7a4406-p_c.jpg,2026-09-14 14:42,For Sale
26922779,4040 Avondale Ave APT 405,75219,Dallas,TX,32.81725,-96.80738,360000,265.0,-10000.0,353300.0,2838.0,2.0,3.0,1360.0,1985.0,1.447,condo,48,339000.0,2025,https://www.zillow.com,https://photos.zillowstatic.com/fp/809e72de614fe1af17faa8a5e62c9d83-p_c.jpg,2026-09-14 14:42,For Sale
448065335,6214 Liberty Hl,75248,Dallas,TX,32.954628,-96.79971,598500,276.0,-7500.0,,,4.0,3.0,2168.0,1984.0,7840.8,singleFamily,149,,,https://www.zillow.com,https://photos.zillowstatic.com/fp/44b409de3e0d9da8cf79098fab1fbcb7-p_c.jpg,2026-09-14 14:42,For Sale
26706724,6726 Lake Circle Dr,75214,Dallas,TX,32.82449,-96.74467,1995000,427.0,-200000.0,,,4.0,5.0,4672.0,2016.0,7405.2,singleFamily,4,207340.0,2016,https://www.zillow.com,https://photos.zillowstatic.com/fp/e42e55f2c6a2be2fd152e36023974fa1-p_c.jpg,2026-09-14 14:42,For Sale
26717573,1231 S Montclair Ave,75208,Dallas,TX,32.732655,-96.847176,599000,183.0,,574900.0,5385.0,4.0,3.0,3281.0,1940.0,6838.92,singleFamily,19,331460.0,2025,https://www.zillow.com,https://photos.zillowstatic.com/fp/e7f8cacf65140ae2d0cd7897e0b7856d-p_c.jpg,2026-09-14 14:42,For Sale
26888525,9918 Chimney Hill Ln,75243,Dallas,TX,32.915737,-96.72725,525000,195.0,,511100.0,2648.0,4.0,3.0,2696.0,1979.0,8799.12,singleFamily,15,453140.0,2025,https://www.zillow.com,https://photos.zillowstatic.com/fp/56d29f4fe59f802f6daee11d7015a9ff-p_c.jpg,2026-09-14 14:42,For Sale
26886911,8857 Flint Falls Dr,75243,Dallas,TX,32.89703,-96.738556,630000,247.0,-15000.0,,3799.0,4.0,4.0,2552.0,1975.0,9191.16,singleFamily,67,640090.0,2025,https://www.zillow.com,https://photos.zillowstatic.com/fp/b0466f3c3c30d4314d090763a6c3a593-p_c.jpg,2026-09-14 14:42,For Sale
26751352,7820 Bryn Mawr Dr,75225,Dallas,TX,32.855736,-96.772224,3395000,619.0,,,,6.0,7.0,5486.0,2006.0,0.257,singleFamily,39,2653500.0,2025,https://www.zillow.com,https://photos.zillowstatic.com/fp/b0308c759be82423ac2d9ae68bb2d3f4-p_c.jpg,2026-09-14 14:42,For Sale
84000380,4040 N Hall St APT 304,75219,Dallas,TX,32.812984,-96.81055,345000,287.0,-8000.0,340300.0,2351.0,2.0,2.0,1201.0,2006.0,0.862,condo,116,360300.0,2025,https://www.zillow.com,https://photos.zillowstatic.com/fp/51dec2d82557a525cd032356f3c83ce7-p_c.jpg,2026-09-14 14:42,For Sale
26864370,11022 Ferndale Rd,75238,Dallas,TX,32.892773,-96.71707,599900,244.0,-10000.0,587900.0,4825.0,4.0,3.0,2457.0,1967.0,8929.8,singleFamily,24,630880.0,2025,https://www.zillow.com,https://photos.zillowstatic.com/fp/b2e1b804ecfc12d9a2b2f661c8510d72-p_c.jpg,2026-09-14 14:42,For Sale
26753322,6335 W Northwest Hwy APT 1013,75225,Dallas,TX,32.865997,-96.79742,259000,146.0,,247000.0,3252.0,2.0,2.0,1770.0,1966.0,2.229,condo,86,407100.0,2025,https://www.zillow.com,https://photos.zillowstatic.com/fp/1c47c9e788d3780ccaedcaf468050f15-p_c.jpg,2026-09-14 14:42,For Sale
83995329,8275 Clark Springs Dr,75236,Dallas,TX,32.66663,-96.93935,325000,161.0,-15000.0,320100.0,2505.0,4.0,2.0,2013.0,2007.0,7971.48,singleFamily,19,345410.0,2025,https://www.zillow.com,https://photos.zillowstatic.com/fp/6e4caf6a337416cb6920f3862faa58b8-p_c.jpg,2026-09-14 14:42,For Sale
26807868,3208 Timberview Rd,75229,Dallas,TX,32.88353,-96.8686,684000,300.0,-5000.0,661500.0,4143.0,4.0,2.0,2281.0,1962.0,0.258,singleFamily,19,613670.0,2025,https://www.zillow.com,https://photos.zillowstatic.com/fp/07a181a2d5270bef605a9e6bd843e817-p_c.jpg,2026-09-14 14:42,For Sale
26775939,4625 Kushla Ave,75216,Dallas,TX,32.686226,-96.8074,159999,95.0,,183100.0,1856.0,2.0,2.0,1682.0,1954.0,8799.12,singleFamily,10,243910.0,2025,https://www.zillow.com,https://photos.zillowstatic.com/fp/b86f2d5adfb11dae6b8e9f48db2b3c29-p_c.jpg,2026-09-14 14:42,For Sale
26862308,7842 Doak St,75217,Dallas,TX,32.69702,-96.68436,370000,192.0,,,2563.0,4.0,2.0,1928.0,2023.0,0.324,singleFamily,26,356350.0,2025,https://www.zillow.com,https://photos.zillowstatic.com/fp/fcf90b39c63ccaba746082ceed4103fc-p_c.jpg,2026-09-14 14:42,For Sale
122300731,2811 Hood St APT C,75219,Dallas,TX,32.805824,-96.80936,875000,391.0,,,,3.0,4.0,2235.0,2011.0,0.469,condo,2,841050.0,2025,https://www.zillow.com,https://photos.zillowstatic.com/fp/d56e98f23f11045986e00aaae0d8e393-p_c.jpg,2026-09-14 14:42,For Sale
96492450,2723 Lagow St,75210,Dallas,TX,32.771564,-96.74656,356999,206.0,,355500.0,2206.0,4.0,2.0,1737.0,2026.0,5096.52,singleFamily,24,43380.0,2025,https://www.zillow.com,https://photos.zillowstatic.com/fp/5c3932eb91ccbf6ef7663b60356bb459-p_c.jpg,2026-09-14 14:42,For Sale
26718779,2742 Burlington Blvd,75211,Dallas,TX,32.737198,-96.865395,375000,234.0,-14900.0,370500.0,2516.0,3.0,2.0,1603.0,1926.0,6446.88,singleFamily,83,325000.0,2025,https://www.zillow.com,https://photos.zillowstatic.com/fp/e0368b82b0a92f488d73250784a6b638-p_c.jpg,2026-09-14 14:42,For Sale
26803542,5709 Forest Ln,75230,Dallas,TX,32.909958,-96.81026,1120000,388.0,-20000.0,1090500.0,6352.0,4.0,3.0,2883.0,1962.0,0.483,singleFamily,144,993250.0,2025,https://www.zillow.com,https://photos.zillowstatic.com/fp/0d65427a00c263276a382ccf56a5e63e-p_c.jpg,2026-09-14 14:42,For Sale
26926945,4231 Holland Ave APT D,75219,Dallas,TX,32.817875,-96.809326,390000,351.0,,380600.0,2558.0,2.0,2.0,1110.0,1983.0,740.52,townhome,9,353500.0,2025,https://www.zillow.com,https://photos.zillowstatic.com/fp/f9f0fdedb0d14e2bb5cbf405cebdb3d8-p_c.jpg,2026-09-14 14:42,For Sale
26722466,923 Hartsdale Dr,75211,Dallas,TX,32.75318,-96.86922,283000,193.0,-5000.0,280500.0,2272.0,3.0,2.0,1464.0,1941.0,7492.32,singleFamily,59,286030.0,2025,https://www.zillow.com,https://photos.zillowstatic.com/fp/90bf3d4aecff182e5827e5639302caa6-p_c.jpg,2026-09-14 14:42,For Sale
26699293,2651 Anderson St,75215,Dallas,TX,32.74819,-96.75128,189500,150.0,,187400.0,1806.0,3.0,2.0,1266.0,2001.0,5140.08,singleFamily,5,202430.0,2025,https://www.zillow.com,https://photos.zillowstatic.com/fp/2b50aa707d68f8e180417a6fb770e056-p_c.jpg,2026-09-14 14:42,For Sale
26931516,9811 Walnut St #203,75243,Dallas,TX,32.922836,-96.71392,76000,85.0,-2000.0,,1369.0,2.0,2.0,894.0,1981.0,8.814,condo,128,107280.0,2025,https://www.zillow.com,https://photos.zillowstatic.com/fp/70e0ca790be601ecdcc67ffe06ba2c04-p_c.jpg,2026-09-14 14:42,For Sale
26788391,4125 Highgrove Dr,75220,Dallas,TX,32.869244,-96.84151,2995000,497.0,,2894600.0,,5.0,7.0,6021.0,2026.0,0.29,singleFamily,16,450000.0,2025,https://www.zillow.com,https://photos.zillowstatic.com/fp/65a9effe41db2deecd75e9c0295201ae-p_c.jpg,2026-09-14 14:42,For Sale
67699792,5223 Denton Dr,75235,Dallas,TX,32.81929,-96.82939,739000,401.0,-10000.0,718400.0,2829.0,3.0,2.0,1845.0,1945.0,9060.48,singleFamily,38,650130.0,2025,https://www.zillow.com,https://photos.zillowstatic.com/fp/8444c51bee97514a5e837f659301ccd4-p_c.jpg,2026-09-14 14:42,For Sale
26875496,16801 Thomas Chapel Dr,75248,Dallas,TX,32.979904,-96.78525,925000,305.0,,896800.0,4510.0,4.0,3.0,3032.0,1979.0,8668.44,singleFamily,10,691300.0,2025,https://www.zillow.com,https://photos.zillowstatic.com/fp/66359e7dc4da7f323013e9087c47fbfc-p_c.jpg,2026-09-14 14:42,For Sale
80237224,9030 Diceman Dr,75218,Dallas,TX,32.823463,-96.70384,1160000,363.0,-19000.0,1114700.0,7782.0,4.0,5.0,3200.0,2006.0,9147.6,singleFamily,45,650000.0,2025,https://www.zillow.com,https://photos.zillowstatic.com/fp/5c1f976642b4e646e9b416eb5a55daa8-p_c.jpg,2026-09-14 14:42,For Sale
26926529,3707 Gilbert Ave APT 17,75219,Dallas,TX,32.81276,-96.80247,799000,325.0,,770800.0,5770.0,3.0,3.0,2461.0,1997.0,0.734,condo,10,635970.0,2025,https://www.zillow.com,https://photos.zillowstatic.com/fp/27d6392a2253485923868316bc2d4e26-p_c.jpg,2026-09-14 14:42,For Sale
26865861,9622 Highland View Dr,75238,Dallas,TX,32.893772,-96.72024,389900,185.0,,,,3.0,2.0,2106.0,1974.0,3223.44,townhome,17,374610.0,2025,https://www.zillow.com,https://photos.zillowstatic.com/fp/e336dfa6bada59c8a3935793cb1bd7d8-p_c.jpg,2026-09-14 14:42,For Sale
26810282,3030 Newcastle Dr,75220,Dallas,TX,32.87978,-96.87561,410000,159.0,,399200.0,4791.0,4.0,2.0,2577.0,1969.0,9670.32,singleFamily,5,403330.0,2025,https://www.zillow.com,https://photos.zillowstatic.com/fp/e65086c8dda3f75a7708114c0ca5eef9-p_c.jpg,2026-09-14 14:42,For Sale
26782293,2626 Crest Ave,75216,Dallas,TX,32.71589,-96.80303,305000,181.0,-20000.0,,,4.0,2.0,1689.0,1949.0,0.304,singleFamily,73,223080.0,2025,https://www.zillow.com,https://photos.zillowstatic.com/fp/dcf973315d3400a8d3c7b44c9c1b5358-p_c.jpg,2026-09-14 14:42,For Sale
26899111,4209 Wycliff Ave APT A,75219,Dallas,TX,32.819977,-96.804054,629000,304.0,,612700.0,4050.0,3.0,3.0,2070.0,1998.0,1785.96,singleFamily,16,444870.0,2025,https://www.zillow.com,https://photos.zillowstatic.com/fp/cdb03087f7da53524782785db3a9b120-p_c.jpg,2026-09-14 14:42,For Sale
26657129,5103 Lincolnshire Ct,75287,Dallas,TX,33.002506,-96.82194,1678000,335.0,-1000.0,1603900.0,6084.0,6.0,7.0,5007.0,1993.0,10018.8,singleFamily,52,1231218.0,2025,https://www.zillow.com,https://photos.zillowstatic.com/fp/34cf8c606975ced79bfaa28b5e215272-p_c.jpg,2026-09-14 14:42,For Sale
26876800,16028 Chalfont Pl,75248,Dallas,TX,32.967705,-96.80606,735000,239.0,,710200.0,4702.0,3.0,3.0,3076.0,1978.0,7884.36,singleFamily,47,858470.0,2025,https://www.zillow.com,https://photos.zillowstatic.com/fp/569dd1753124609b9ad97a905ca985a3-p_c.jpg,2026-09-14 14:42,For Sale
26850732,846 Creekridge Dr,75218,Dallas,TX,32.849983,-96.70351,920000,383.0,,,,3.0,3.0,2401.0,1963.0,8624.88,singleFamily,9,661930.0,2025,https://www.zillow.com,https://photos.zillowstatic.com/fp/fdc223b511caddfe097365e23430114e-p_c.jpg,2026-09-14 14:42,For Sale
26683257,4021 Cole Ave APT 204,75204,Dallas,TX,32.813107,-96.794685,303000,294.0,,287900.0,2421.0,2.0,2.0,1030.0,1963.0,1.15,condo,119,190550.0,2025,https://www.zillow.com,https://photos.zillowstatic.com/fp/6e3cfc7ccea3869dd7c8ece1a0f1a085-p_c.jpg,2026-09-14 14:42,For Sale
26768464,906 Signet St,75203,Dallas,TX,32.73867,-96.791824,135000,123.0,,163000.0,2384.0,3.0,2.0,1100.0,1943.0,8319.96,singleFamily,3,195320.0,2025,https://www.zillow.com,https://photos.zillowstatic.com/fp/6a0c96f65742f58bc08e6683731ce28b-p_c.jpg,2026-09-14 14:42,For Sale
336886770,1747 Leonard St Suite 2401,75201,Dallas,TX,32.789646,-96.79694,5050000,1316.0,,,,2.0,3.0,3838.0,2024.0,0.8300000000000001,condo,3,4040000.0,2025,https://www.zillow.com,https://photos.zillowstatic.com/fp/6bd0d94b9c052d954ac8ac4683aa2eb1-p_c.jpg,2026-09-14 14:42,For Sale
26752965,7336 Lakehurst Ave,75230,Dallas,TX,32.88406,-96.77546,1295000,424.0,,,,4.0,4.0,3054.0,1968.0,0.33699999999999997,singleFamily,28,1231680.0,2025,https://www.zillow.com,https://photos.zillowstatic.com/fp/2a4ace26f4cd09a602b3fdc8db8f48fa-p_c.jpg,2026-09-14 14:42,For Sale
26837674,2310 Costa Mesa Dr,75228,Dallas,TX,32.853058,-96.672325,287980,187.0,,276600.0,2097.0,3.0,1.0,1540.0,1953.0,7666.56,singleFamily,76,282130.0,2025,https://www.zillow.com,https://photos.zillowstatic.com/fp/8db35d1110905113d6ec2c92922a47d0-p_c.jpg,2026-09-14 14:42,For Sale
26910269,5965 Meletio Ln,75230,Dallas,TX,32.916664,-96.80462,2595000,516.0,,,,6.0,5.0,5025.0,1992.0,0.5730000000000001,singleFamily,6,2183090.0,2025,https://www.zillow.com,https://photos.zillowstatic.com/fp/f45c0de04daaa22297f14430e96f2505-p_c.jpg,2026-09-14 14:42,For Sale
304024308,17620 Bottlebrush Dr,75252,Dallas,TX,32.99022,-96.75906,650000,225.0,-29000.0,639100.0,4411.0,4.0,4.0,2895.0,2019.0,4399.56,singleFamily,52,698000.0,2025,https://www.zillow.com,https://photos.zillowstatic.com/fp/8b77b1e4b586ae9a07820a718570c0f4-p_c.jpg,2026-09-14 14:42,For Sale
26747152,9457 Waterview Rd,75218,Dallas,TX,32.8464,-96.71432,4299000,596.0,-200999.0,4114400.0,3911.0,5.0,9.0,7213.0,2026.0,0.274,singleFamily,200,1600000.0,2025,https://www.zillow.com,https://photos.zillowstatic.com/fp/c9f66ef648aec961dd971ccd9f8f07b4-p_c.jpg,2026-09-14 14:42,For Sale
53080947,6220 Bentwood Trl APT 606,75252,Dallas,TX,33.002644,-96.79828,199000,270.0,,190100.0,1382.0,2.0,1.0,737.0,1984.0,2.0,condo,52,206746.0,2025,https://www.zillow.com,https://photos.zillowstatic.com/fp/3ca84be5b9daeccbf727a4150d708ca6-p_c.jpg,2026-09-14 14:42,For Sale
26607665,6305 Crested Butte Dr,75252,Dallas,TX,32.99349,-96.79725,650000,299.0,,,,3.0,3.0,2175.0,1985.0,10018.8,singleFamily,3,586727.0,2025,https://www.zillow.com,https://photos.zillowstatic.com/fp/054b00d95bf0072e2080e4edf91890e2-p_c.jpg,2026-09-14 14:42,For Sale
26726763,2630 Langdon Ave,75235,Dallas,TX,32.839355,-96.85553,315000,239.0,-25000.0,306100.0,2331.0,3.0,1.0,1316.0,1938.0,8145.72,singleFamily,59,258350.0,2025,https://www.zillow.com,https://photos.zillowstatic.com/fp/163af6cae5b1ec4263f592520352e211-p_c.jpg,2026-09-14 14:42,For Sale
26806714,10128 Coppedge Ln,75229,Dallas,TX,32.88404,-96.85055,3279999,498.0,-100000.0,3153500.0,7410.0,5.0,8.0,6592.0,2025.0,0.3614,singleFamily,9,750000.0,2025,https://www.zillow.com,https://photos.zillowstatic.com/fp/54edd737373940239365a37173c7a3b3-p_c.jpg,2026-09-14 14:42,For Sale
26862178,5535 Mesa Cir,75235,Dallas,TX,32.81446,-96.85358,222360,296.0,,,1477.0,,1.0,750.0,1949.0,10118.0,multiFamily,26,222360.0,2025,https://www.zillow.com,https://www.zillowstatic.com/static/images/nophoto_p_c.png,2026-09-14 14:42,For Sale
96489594,2720 Fatima Ave,75241,Dallas,TX,32.677,-96.77688,419900,184.0,,418900.0,2847.0,4.0,3.0,2276.0,2026.0,3354.12,singleFamily,94,32500.0,2025,https://www.zillow.com,https://photos.zillowstatic.com/fp/81857f35f21d01c68fe8af6c96589381-p_c.jpg,2026-09-14 14:42,For Sale
