zpid,address,zipcode,city,state,latitude,longitude,price,price_per_sqft,price_change,zestimate,rent_zestimate,bedrooms,bathrooms,sqft,year_built,lot_size_acres,property_type,days_on_market,tax_assessed,tax_year,listing_url,photo_url,fetched_at,listing_type
26880391,4016 Willow Ridge Dr,75244,Dallas,TX,32.913692,-96.84266,2795000,497.0,,2678800.0,,5.0,7.0,5629.0,2027.0,0.271,singleFamily,10,680000.0,2025,https://www.zillow.com,https://photos.zillowstatic.com/fp/510324ea71f923bc464299c433a073b0-p_c.jpg,2026-09-07 13:58,For Sale
26890007,6542 Clearhaven Cir,75248,Dallas,TX,32.966217,-96.793304,925000,278.0,,,,4.0,4.0,3330.0,1978.0,0.37,singleFamily,2,1041290.0,2025,https://www.zillow.com,https://photos.zillowstatic.com/fp/b0aa065671e6645d6078d92c705c64b8-p_c.jpg,2026-09-07 13:58,For Sale
26833218,1727 Toronto St,75212,Dallas,TX,32.779633,-96.8475,769000,233.0,,759500.0,2119.0,5.0,5.0,3302.0,2026.0,6011.28,singleFamily,4,267470.0,2025,https://www.zillow.com,https://photos.zillowstatic.com/fp/d6a1db220ee01fdd4adfb51c04ee89a3-p_c.jpg,2026-09-07 13:58,For Sale
26780378,2828 Larkspur Ln,75233,Dallas,TX,32.696636,-96.86709,500000,247.0,,488800.0,2820.0,4.0,3.0,2023.0,1963.0,0.348,singleFamily,2,331420.0,2025,https://www.zillow.com,https://photos.zillowstatic.com/fp/b69b2ed07a3b6b73ac54edebe0b7c677-p_c.jpg,2026-09-07 13:58,For Sale
26731044,6454 Kenwood Ave,75214,Dallas,TX,32.83242,-96.75061,2250000,446.0,,2185800.0,2983.0,5.0,5.0,5041.0,2025.0,7884.36,singleFamily,3,890100.0,2025,https://www.zillow.com,https://photos.zillowstatic.com/fp/5e32c6374c05316ead2efee0e6974b21-p_c.jpg,2026-09-07 13:58,For Sale
26803675,5812 Preston Haven Dr,75230,Dallas,TX,32.90626,-96.80687,4145000,625.0,-50000.0,4003700.0,6758.0,6.0,8.0,6630.0,2026.0,0.392,singleFamily,128,1319770.0,2025,https://www.zillow.com,https://photos.zillowstatic.com/fp/e1844053c2558a096480c37c29f5c992-p_c.jpg,2026-09-07 13:58,For Sale
26719800,2819 Alden Ave,75211,Dallas,TX,32.74237,-96.86631,379900,322.0,,363100.0,1922.0,2.0,1.0,1178.0,1937.0,8886.24,singleFamily,4,269950.0,2025,https://www.zillow.com,https://photos.zillowstatic.com/fp/f748289ace2b0b9c484e41c5e51a2dd1-p_c.jpg,2026-09-07 13:58,For Sale
338040611,1015 Serena Dr,75253,Dallas,TX,32.68677,-96.560394,265000,202.0,,263100.0,2160.0,3.0,2.0,1310.0,2022.0,7487.964,singleFamily,44,254330.0,2025,https://www.zillow.com,https://photos.zillowstatic.com/fp/1dd600b1bdb583cc640a6a4dc5a75988-p_c.jpg,2026-09-07 13:58,For Sale
26696399,5223 Colonial Ave,75215,Dallas,TX,32.744267,-96.759224,214999,130.0,-15001.0,214000.0,2611.0,4.0,2.0,1656.0,2024.0,7013.16,singleFamily,143,433110.0,2025,https://www.zillow.com,https://photos.zillowstatic.com/fp/1ffb12a24ca85cf9a7cc33cbfa96e1b2-p_c.jpg,2026-09-07 13:58,For Sale
26586090,4203 Cobblers Ln,75287,Dallas,TX,32.98946,-96.83842,840000,270.0,,808600.0,4936.0,4.0,4.0,3110.0,1981.0,9583.2,singleFamily,6,722168.0,2025,https://www.zillow.com,https://photos.zillowstatic.com/fp/07ca30daa5411c184a7f07bce5824c2f-p_c.jpg,2026-09-07 13:58,For Sale
96500365,7909 Ivory Ln,75216,Dallas,TX,32.714127,-96.7487,399900,133.0,-100.0,398000.0,3753.0,5.0,4.0,3002.0,2023.0,6403.32,singleFamily,69,476130.0,2025,https://www.zillow.com,https://photos.zillowstatic.com/fp/10c7a26806ee7a47a226170c113c9768-p_c.jpg,2026-09-07 13:58,For Sale
96526869,910 Gallant Fox Dr,75211,Dallas,TX,32.736996,-96.92878,459000,216.0,-20000.0,454700.0,3293.0,3.0,3.0,2125.0,2026.0,9975.24,singleFamily,66,75000.0,2025,https://www.zillow.com,https://photos.zillowstatic.com/fp/9a091fc719d3013e309b938574458848-p_c.jpg,2026-09-07 13:58,For Sale
26703680,6055 Ellsworth Ave,75206,Dallas,TX,32.834328,-96.7619,1975000,419.0,,1940200.0,,4.0,5.0,4714.0,2026.0,6708.24,singleFamily,2,705000.0,2025,https://www.zillow.com,https://photos.zillowstatic.com/fp/6da0155f55aa932a0f72b80ac1625d5b-p_c.jpg,2026-09-07 13:58,For Sale
26739829,9027 Daytonia Ave,75218,Dallas,TX,32.823032,-96.7036,1650000,403.0,,1603900.0,,5.0,5.0,4097.0,2026.0,8319.96,singleFamily,44,505820.0,2025,https://www.zillow.com,https://photos.zillowstatic.com/fp/34ad7e1aacbc2e0633f0e9d402191304-p_c.jpg,2026-09-07 13:58,For Sale
96517949,6505 Kemrock Dr,75241,Dallas,TX,32.66591,-96.778885,519900,205.0,-9100.0,519000.0,2947.0,4.0,4.0,2535.0,2026.0,0.324,singleFamily,45,74750.0,2025,https://www.zillow.com,https://photos.zillowstatic.com/fp/1fc53a5eef4acfc6c6b23445d8754fdd-p_c.jpg,2026-09-07 13:58,For Sale
26824502,921 Medalist Dr,75232,Dallas,TX,32.66794,-96.83693,195000,94.0,,196600.0,2318.0,3.0,2.0,2075.0,1964.0,0.27899999999999997,singleFamily,9,318710.0,2025,https://www.zillow.com,https://photos.zillowstatic.com/fp/18c4071b9fd2f35571dd76da734e1425-p_c.jpg,2026-09-07 13:58,For Sale
26728592,1212 N Oak Cliff Blvd,75208,Dallas,TX,32.760834,-96.854065,1300000,381.0,,1225000.0,5952.0,4.0,5.0,3416.0,1974.0,7666.56,singleFamily,9,803830.0,2025,https://www.zillow.com,https://photos.zillowstatic.com/fp/1a234324a490c30f70abb4347e1feaa3-p_c.jpg,2026-09-07 13:58,For Sale
96492806,2316 Gooch St,75241,Dallas,TX,32.67048,-96.782,575000,177.0,,,,7.0,5.0,3257.0,2026.0,8537.76,singleFamily,5,65000.0,2025,https://www.zillow.com,https://photos.zillowstatic.com/fp/c71e7a1164d48f1822c39d79ef0234e9-p_c.jpg,2026-09-07 13:58,For Sale
96532855,6306 Kemrock Dr,75241,Dallas,TX,32.669346,-96.77778,515000,161.0,,514300.0,3444.0,5.0,4.0,3200.0,2026.0,0.33299999999999996,singleFamily,10,74750.0,2025,https://www.zillow.com,https://photos.zillowstatic.com/fp/d05f9a324459bac631399d30343d352f-p_c.jpg,2026-09-07 13:58,For Sale
26687302,2329 Stoneman St,75215,Dallas,TX,32.753746,-96.7612,475000,186.0,,472800.0,4399.0,5.0,4.0,2550.0,2026.0,7318.08,singleFamily,53,73000.0,2025,https://www.zillow.com,https://photos.zillowstatic.com/fp/6b5e89024f1c7b0dc63a97b3c034fbde-p_c.jpg,2026-09-07 13:58,For Sale
26873071,15745 Havenrock Cir,75248,Dallas,TX,32.9643,-96.78187,669000,273.0,-6000.0,657400.0,4940.0,4.0,3.0,2447.0,1970.0,7361.64,singleFamily,73,487960.0,2025,https://www.zillow.com,https://photos.zillowstatic.com/fp/55445e4a9bd873c12a893424317c1985-p_c.jpg,2026-09-07 13:58,For Sale
26728729,423 W Colorado Blvd,75208,Dallas,TX,32.759712,-96.82833,2045000,478.0,-55000.0,,,3.0,5.0,4276.0,2021.0,7971.48,singleFamily,51,536000.0,2019,https://www.zillow.com,https://photos.zillowstatic.com/fp/36191d16d3aa4d003db7b076d7434f97-p_c.jpg,2026-09-07 13:58,For Sale
26755002,6452 Walnut Hill Ln,75230,Dallas,TX,32.87963,-96.79444,2990000,477.0,-205000.0,2903700.0,,5.0,7.0,6266.0,2026.0,0.362,singleFamily,37,630200.0,2025,https://www.zillow.com,https://photos.zillowstatic.com/fp/cecac340b004806117a8141114469e87-p_c.jpg,2026-09-07 13:58,For Sale
89375494,1001 Belleview St #308,75215,Dallas,TX,32.76905,-96.79501,429000,332.0,,423300.0,2179.0,2.0,2.0,1293.0,2007.0,0.9430000000000001,condo,2,459020.0,2025,https://www.zillow.com,https://photos.zillowstatic.com/fp/e25b93e129cd1c1d8640d16b1254663c-p_c.jpg,2026-09-07 13:58,For Sale
26790118,3957 Gaspar Dr,75220,Dallas,TX,32.86998,-96.84653,2249500,456.0,-45500.0,2167000.0,,6.0,5.0,4932.0,2026.0,9408.96,singleFamily,100,649550.0,2025,https://www.zillow.com,https://photos.zillowstatic.com/fp/ce1eee0302497df51630d5aaef81b66d-p_c.jpg,2026-09-07 13:58,For Sale
26795670,1623 Fresno St,75217,Dallas,TX,32.740612,-96.693115,200000,91.0,-35000.0,,2571.0,6.0,2.0,2194.0,1954.0,9888.12,singleFamily,110,338390.0,2025,https://www.zillow.com,https://photos.zillowstatic.com/fp/6438154e2bc5f131cea2c08f8024b641-p_c.jpg,2026-09-07 13:58,For Sale
26789917,3965 Durango Dr,75220,Dallas,TX,32.8674,-96.84618,2295000,439.0,,2218200.0,4948.0,6.0,5.0,5222.0,2026.0,9931.68,singleFamily,13,708960.0,2025,https://www.zillow.com,https://photos.zillowstatic.com/fp/219ed32531cb985ccd40bcc04860db5e-p_c.jpg,2026-09-07 13:58,For Sale
333140267,5547 Walnut Hill Ln,75229,Dallas,TX,32.881863,-96.81202,45000000,3261.0,,,,6.0,10.0,13800.0,2025.0,2.032,singleFamily,6,13685350.0,2025,https://www.zillow.com,https://photos.zillowstatic.com/fp/34ed27b9d2366116857b22bf97609e61-p_c.jpg,2026-09-07 13:58,For Sale
26826282,1729 Boca Chica Dr,75232,Dallas,TX,32.67108,-96.84865,699000,176.0,,673500.0,3586.0,4.0,2.0,3966.0,1958.0,0.393,singleFamily,15,396160.0,2025,https://www.zillow.com,https://photos.zillowstatic.com/fp/df39c399d9cd3d0bf3610a3eb9ce5b9d-p_c.jpg,2026-09-07 13:58,For Sale
26731598,7210 Robin Rd,75209,Dallas,TX,32.845406,-96.822235,1499000,362.0,-51000.0,1470600.0,7950.0,5.0,6.0,4140.0,2023.0,7710.12,singleFamily,59,1570210.0,2025,https://www.zillow.com,https://photos.zillowstatic.com/fp/f0310a2fb22a3efd677d8d282f724ed6-p_c.jpg,2026-09-07 13:58,For Sale
26908289,2635 Oak Bend Ln,75227,Dallas,TX,32.790703,-96.78664,255000,158.0,-10000.0,,2085.0,3.0,2.0,1611.0,1986.0,3650.328,singleFamily,32,250090.0,2025,https://www.zillow.com,https://photos.zillowstatic.com/fp/4c9761f09bc2a5ef4376a35fab8eba34-p_c.jpg,2026-09-07 13:58,For Sale
26757825,5619 Walnut Hill Ln,75229,Dallas,TX,32.8825,-96.81111,64000000,2362.0,,,,10.0,17.0,27092.0,1938.0,15.687,singleFamily,557,36042650.0,2025,https://www.zillow.com,https://photos.zillowstatic.com/fp/adeac1290c0448b20476ade24a279451-p_c.jpg,2026-09-07 13:58,For Sale
303982613,3200 Ross Ave #37,75204,Dallas,TX,32.794598,-96.7895,625000,258.0,,629300.0,3915.0,3.0,4.0,2425.0,2017.0,0.634,condo,6,683310.0,2025,https://www.zillow.com,https://photos.zillowstatic.com/fp/c7074fe087f32be02c9d1398219603d1-p_c.jpg,2026-09-07 13:58,For Sale
338039993,10010 Strait Ln,75229,Dallas,TX,32.880985,-96.823845,24999900,1498.0,,23240100.0,,7.0,11.0,16684.0,2026.0,2.218,singleFamily,189,7052500.0,2025,https://www.zillow.com,https://photos.zillowstatic.com/fp/3896b8ebf7800635ab6f68c5c62ce7b5-p_c.jpg,2026-09-07 13:58,For Sale
26727671,2510 W Jefferson Blvd,75211,Dallas,TX,32.74756,-96.85934,290000,199.0,,291200.0,2346.0,3.0,2.0,1456.0,1939.0,6577.56,singleFamily,9,291640.0,2025,https://www.zillow.com,https://photos.zillowstatic.com/fp/bb4ab789b450903bedb995ab5721aa1b-p_c.jpg,2026-09-07 13:58,For Sale
26841634,2328 Globe Ave,75228,Dallas,TX,32.81489,-96.67548,269900,206.0,,262200.0,1989.0,3.0,2.0,1312.0,1957.0,8973.36,singleFamily,16,269370.0,2025,https://www.zillow.com,https://photos.zillowstatic.com/fp/2e2c50ebfdc21a4c7e2da2d7a1bb8d18-p_c.jpg,2026-09-07 13:58,For Sale
341774501,4029 Ivanhoe Ln,75212,Dallas,TX,32.792294,-96.85557,650000,168.0,-80000.0,648400.0,5063.0,5.0,4.0,3868.0,2023.0,7666.56,singleFamily,345,902480.0,2025,https://www.zillow.com,https://photos.zillowstatic.com/fp/6fa3ac75b3fcee965794e419c9129538-p_c.jpg,2026-09-07 13:58,For Sale
26912745,8915 White Pine Ln,75238,Dallas,TX,32.86923,-96.728714,685000,299.0,,666300.0,3375.0,3.0,3.0,2292.0,1999.0,3746.16,singleFamily,2,600000.0,2025,https://www.zillow.com,https://photos.zillowstatic.com/fp/546957cf9bdfe9fe4ab01f3311d896a2-p_c.jpg,2026-09-07 13:58,For Sale
26891340,9519 County View Rd,75249,Dallas,TX,32.635117,-96.95368,257000,183.0,,253800.0,2325.0,5.0,2.0,1408.0,1981.0,7056.72,singleFamily,58,281740.0,2025,https://www.zillow.com,https://photos.zillowstatic.com/fp/261335cf707d937767ad18a25c19432e-p_c.jpg,2026-09-07 13:58,For Sale
26768600,818 Lambert St,75203,Dallas,TX,32.73945,-96.79476,470000,154.0,,469000.0,4278.0,5.0,4.0,3060.0,2026.0,8624.88,singleFamily,27,100370.0,2025,https://www.zillow.com,https://photos.zillowstatic.com/fp/f56051ae2b68ad5e18d413cf0700ea32-p_c.jpg,2026-09-07 13:58,For Sale
26739016,7525 Holly Hill Dr APT 10,75231,Dallas,TX,32.88009,-96.75418,150000,140.0,,148100.0,1713.0,2.0,2.0,1069.0,1980.0,2.728,condo,10,187080.0,2025,https://www.zillow.com,https://photos.zillowstatic.com/fp/55e3649c04bb7e0ee99124374678fd8e-p_c.jpg,2026-09-07 13:58,For Sale
26876481,6018 Springflower Trl,75248,Dallas,TX,32.97834,-96.80168,565000,279.0,,549100.0,3526.0,3.0,2.0,2024.0,1977.0,7884.36,singleFamily,3,487460.0,2025,https://www.zillow.com,https://photos.zillowstatic.com/fp/021c7c3d56cb967921ff3439d433ce93-p_c.jpg,2026-09-07 13:58,For Sale
26758759,4625 Walnut Hill Ln,75229,Dallas,TX,32.880646,-96.82968,6250000,527.0,,6399500.0,,5.0,8.0,11858.0,2024.0,0.96,singleFamily,4,8023830.0,2025,https://www.zillow.com,https://photos.zillowstatic.com/fp/75a480674df140b8453ed6fbbd3ec065-p_c.jpg,2026-09-07 13:58,For Sale
26722691,2646 Alabama Ave,75216,Dallas,TX,32.71516,-96.819046,550000,172.0,-25000.0,546000.0,3964.0,5.0,4.0,3200.0,2026.0,7710.12,singleFamily,4,85000.0,2025,https://www.zillow.com,https://photos.zillowstatic.com/fp/4ac14faac2f57fd95bbda3012568552c-p_c.jpg,2026-09-07 13:58,For Sale
26910724,2729 Todville Pl,75228,Dallas,TX,32.81584,-96.6666,274900,229.0,,268600.0,1839.0,3.0,2.0,1200.0,1984.0,7753.68,singleFamily,1,258220.0,2025,https://www.zillow.com,https://photos.zillowstatic.com/fp/c18b51ced90a0a556524b84b2dcc02be-p_c.jpg,2026-09-07 13:58,For Sale
463300917,3529 Cleveland St,75215,Dallas,TX,32.75582,-96.77514,245000,133.0,,244400.0,3348.0,4.0,4.0,1846.0,2026.0,8363.52,singleFamily,82,,,https://www.zillow.com,https://photos.zillowstatic.com/fp/a61363b7bd78a0e95ffd19ba195f164b-p_c.jpg,2026-09-07 13:58,For Sale
26883094,12517 Hornbeam Dr,75243,Dallas,TX,32.918404,-96.708244,395000,116.0,,431700.0,3696.0,6.0,4.0,3416.0,1977.0,0.298,multiFamily,2,417730.0,2025,https://www.zillow.com,https://photos.zillowstatic.com/fp/75d6264f87d96f7a8e5581f311157dea-p_c.jpg,2026-09-07 13:58,For Sale
26864418,10310 Mosscrest Dr,75238,Dallas,TX,32.88998,-96.71171,1300000,317.0,,1226600.0,5154.0,4.0,4.0,4101.0,1968.0,9016.92,singleFamily,3,558000.0,2025,https://www.zillow.com,https://photos.zillowstatic.com/fp/89069007ec602295e84d0ba81ebff1fb-p_c.jpg,2026-09-07 13:58,For Sale
26714388,1442 Stella Ave,75216,Dallas,TX,32.727345,-96.802475,499900,161.0,-19100.0,498400.0,4611.0,5.0,4.0,3100.0,2026.0,8058.6,singleFamily,144,180780.0,2025,https://www.zillow.com,https://photos.zillowstatic.com/fp/5e4194e9b3ad3651cb82ccf0e10b6d99-p_c.jpg,2026-09-07 13:58,For Sale
26717408,1038 N Edgefield Ave,75208,Dallas,TX,32.75677,-96.84234,900000,369.0,,860500.0,,3.0,2.0,2438.0,1926.0,7753.68,singleFamily,1,838930.0,2025,https://www.zillow.com,https://photos.zillowstatic.com/fp/433c98b176fae17b977ad82fda601828-p_c.jpg,2026-09-07 13:58,For Sale
26716071,1419 Georgia Ave,75216,Dallas,TX,32.724964,-96.80382,165000,91.0,,155800.0,2209.0,3.0,2.0,1812.0,1949.0,7318.08,singleFamily,47,220770.0,2025,https://www.zillow.com,https://photos.zillowstatic.com/fp/d237e43d3a6ba42c240f5f5885ec8d22-p_c.jpg,2026-09-07 13:58,For Sale
96535551,10011 Lennox Ln,75229,Dallas,TX,32.88064,-96.827805,12895000,1125.0,,11844000.0,,6.0,9.0,11460.0,2026.0,1.515,singleFamily,5,5576710.0,2025,https://www.zillow.com,https://photos.zillowstatic.com/fp/32c2e17721ed5a04e2e6503e44321de3-p_c.jpg,2026-09-07 13:58,For Sale
53071400,5810 Glen Heather Dr,75252,Dallas,TX,32.9937,-96.8077,1075000,320.0,,1026400.0,5223.0,4.0,3.0,3359.0,1982.0,9583.2,singleFamily,0,780604.0,2025,https://www.zillow.com,https://photos.zillowstatic.com/fp/8cfaa4933d0701345b3d148f082abf43-p_c.jpg,2026-09-07 13:58,For Sale
26694940,5834 Monticello Ave,75206,Dallas,TX,32.826736,-96.766426,1299900,474.0,,1253500.0,4726.0,4.0,3.0,2740.0,1926.0,7100.28,singleFamily,1,989000.0,2025,https://www.zillow.com,https://photos.zillowstatic.com/fp/caf11f65f07a71ac337df234ee1afa63-p_c.jpg,2026-09-07 13:58,For Sale
26680077,4129 Bowser Ave,75219,Dallas,TX,32.816257,-96.80915,680000,172.0,-28000.0,,,3.0,3.0,3956.0,1927.0,6141.96,singleFamily,101,1039410.0,2025,https://www.zillow.com,https://photos.zillowstatic.com/fp/58aaeebd5318249c8317fa1e5fe51600-p_c.jpg,2026-09-07 13:58,For Sale
96491853,2503 Lawrence St,75215,Dallas,TX,32.752163,-96.75668,335000,172.0,,,,3.0,3.0,1950.0,2025.0,6664.68,singleFamily,3,50000.0,2025,https://www.zillow.com,https://photos.zillowstatic.com/fp/f0a8f8f11d26518a831e1a2890aee426-p_c.jpg,2026-09-07 13:58,For Sale
162224616,4120 Cochran Chapel Rd,75209,Dallas,TX,32.86009,-96.84106,7995000,994.0,,6339500.0,,5.0,7.0,8044.0,2006.0,3.0,singleFamily,3,5042930.0,2025,https://www.zillow.com,https://photos.zillowstatic.com/fp/98cf9ff1d937ab81a32f09c2a84ad12b-p_c.jpg,2026-09-07 13:58,For Sale
26759632,5205 Park Ln,75220,Dallas,TX,32.87472,-96.819115,17750000,1566.0,,,,4.0,7.0,11331.0,2000.0,2.3,singleFamily,20,10831260.0,2025,https://www.zillow.com,https://photos.zillowstatic.com/fp/5e79b72d9c8618b14d84ba9fdb4f9ec2-p_c.jpg,2026-09-07 13:58,For Sale
162443106,5300 Keller Springs Rd APT 1077,75248,Dallas,TX,32.96763,-96.816536,154900,195.0,,,,1.0,1.0,794.0,1982.0,8.598,condo,2,174680.0,2025,https://www.zillow.com,https://photos.zillowstatic.com/fp/22778f4103a69ac7615bfbd4a44fa908-p_c.jpg,2026-09-07 13:58,For Sale
67964626,1505 Elm St APT 1003,75201,Dallas,TX,32.781612,-96.79958,300000,147.0,,295700.0,5235.0,3.0,3.0,2045.0,1957.0,10018.8,condo,51,398780.0,2025,https://www.zillow.com,https://photos.zillowstatic.com/fp/e2a5c5098c238ddaadc3404980133678-p_c.jpg,2026-09-07 13:58,For Sale
53390066,1412 Santa Elena Plz,75211,Dallas,TX,32.733715,-96.915115,298000,158.0,-11500.0,294600.0,2662.0,4.0,3.0,1886.0,2000.0,6185.52,singleFamily,96,329800.0,2025,https://www.zillow.com,https://photos.zillowstatic.com/fp/f28dcf185c978c70092bbfb0d19bf917-p_c.jpg,2026-09-07 13:58,For Sale
26691182,2650 Southland St,75215,Dallas,TX,32.755287,-96.755226,234999,109.0,,,,3.0,2.0,2152.0,2025.0,6229.08,singleFamily,2,62220.0,2025,https://www.zillow.com,https://photos.zillowstatic.com/fp/0d0359236389e97aaf87694bb5529ddd-p_c.jpg,2026-09-07 13:58,For Sale
26792739,4027 Killion Dr,75229,Dallas,TX,32.883762,-96.845245,3525000,527.0,,,,6.0,9.0,6683.0,2026.0,0.37,singleFamily,3,646350.0,2025,https://www.zillow.com,https://photos.zillowstatic.com/fp/ddeeccaf26dd3c39e83044d835793fa6-p_c.jpg,2026-09-07 13:58,For Sale
26766682,2606 Fordham Rd,75216,Dallas,TX,32.7058,-96.783295,325000,173.0,-4000.0,324500.0,2350.0,4.0,3.0,1880.0,2022.0,8842.68,singleFamily,79,336650.0,2025,https://www.zillow.com,https://photos.zillowstatic.com/fp/2701c5dd8615133ba6969349c7485302-p_c.jpg,2026-09-07 13:58,For Sale
26893028,7131 Nutmeg Ln,75249,Dallas,TX,32.625126,-96.94663,215000,162.0,,211700.0,1979.0,3.0,2.0,1331.0,1977.0,6621.12,singleFamily,5,238400.0,2025,https://www.zillow.com,https://photos.zillowstatic.com/fp/619730b72e91065dd986569756bcea2a-p_c.jpg,2026-09-07 13:58,For Sale
26586096,4402 Briargrove Ln,75287,Dallas,TX,32.992085,-96.83417,1049000,272.0,,998000.0,4190.0,5.0,3.0,3852.0,1985.0,0.28250000000000003,singleFamily,2,748608.0,2025,https://www.zillow.com,https://photos.zillowstatic.com/fp/f1417301d07a3323df9a539af2d785f8-p_c.jpg,2026-09-07 13:58,For Sale
2088689395,8560 Park Ln APT 75,75231,Dallas,TX,32.868908,-96.755615,125000,96.0,-10000.0,,1492.0,2.0,3.0,1299.0,1974.0,6.129,condo,95,,,https://www.zillow.com,https://photos.zillowstatic.com/fp/48934a1b8cd003e588a8897d609abaf8-p_c.jpg,2026-09-07 13:58,For Sale
26850712,707 Bondstone Dr,75218,Dallas,TX,32.85229,-96.70435,825000,332.0,,798000.0,4702.0,3.0,2.0,2488.0,1962.0,0.302,singleFamily,16,875000.0,2025,https://www.zillow.com,https://photos.zillowstatic.com/fp/39b3d6cf62597d382262141b7dff9981-p_c.jpg,2026-09-07 13:58,For Sale
333140526,5531 Walnut Hill Ln,75229,Dallas,TX,32.88134,-96.81123,14997000,1250.0,-998000.0,13881100.0,,5.0,9.0,11997.0,2025.0,1.935,singleFamily,181,9628680.0,2025,https://www.zillow.com,https://photos.zillowstatic.com/fp/b66ba1ba3e875d4f7420766b86704a95-p_c.jpg,2026-09-07 13:58,For Sale
26731526,7407 Morton St,75209,Dallas,TX,32.84665,-96.82403,1849000,405.0,-76000.0,1783900.0,7446.0,4.0,4.0,4563.0,2020.0,7492.32,singleFamily,13,1533850.0,2025,https://www.zillow.com,https://photos.zillowstatic.com/fp/d6adb3263eb1575db0be1a9c4040b108-p_c.jpg,2026-09-07 13:58,For Sale
339912156,3636 Silver Maple Ln,75253,Dallas,TX,32.657536,-96.65548,250000,124.0,-20000.0,248800.0,2575.0,4.0,3.0,2014.0,2023.0,,singleFamily,67,321990.0,2025,https://www.zillow.com,https://photos.zillowstatic.com/fp/1a00a054c9fab14038259ee4866d2d48-p_c.jpg,2026-09-07 13:58,For Sale
26913015,16618 Cleary Cir,75248,Dallas,TX,32.983387,-96.77139,450000,229.0,,444100.0,2260.0,3.0,2.0,1969.0,1984.0,5227.2,singleFamily,2,435000.0,2025,https://www.zillow.com,https://photos.zillowstatic.com/fp/e3b88382945e9c995642eaa41e93b712-p_c.jpg,2026-09-07 13:58,For Sale
26839451,10578 High Hollows Dr APT 266,75230,Dallas,TX,32.88935,-96.773544,175000,153.0,-5000.0,149900.0,1781.0,2.0,2.0,1141.0,1970.0,10.396,singleFamily,1,216790.0,2025,https://www.zillow.com,https://photos.zillowstatic.com/fp/9ef287cbc240e2652f474ada7aa1e64b-p_c.jpg,2026-09-07 13:58,For Sale
96526232,6708 Natures Way,75236,Dallas,TX,32.68508,-96.93573,649900,192.0,,632600.0,5124.0,4.0,4.0,3388.0,2011.0,10193.04,singleFamily,31,552250.0,2025,https://www.zillow.com,https://photos.zillowstatic.com/fp/8549b765fb48283d9cb0091959a8c84f-p_c.jpg,2026-09-07 13:58,For Sale
26693697,2515 Abrams Rd,75214,Dallas,TX,32.820625,-96.753235,599900,350.0,-25100.0,578900.0,3991.0,3.0,2.0,1714.0,1914.0,7492.32,singleFamily,21,441840.0,2025,https://www.zillow.com,https://photos.zillowstatic.com/fp/02a4298b316d67cd9a36a8be05d32118-p_c.jpg,2026-09-07 13:58,For Sale
26588508,4212 Joshua Ln,75287,Dallas,TX,32.99952,-96.83774,545000,214.0,-20000.0,538500.0,3677.0,4.0,3.0,2551.0,1981.0,8712.0,singleFamily,101,491420.0,2025,https://www.zillow.com,https://photos.zillowstatic.com/fp/1ebfeb6a5ff5587357fb8301d0bdd990-p_c.jpg,2026-09-07 13:58,For Sale
26745654,10505 Ferguson Rd,75228,Dallas,TX,32.8393,-96.66888,249999,136.0,,238600.0,2133.0,3.0,2.0,1838.0,1958.0,9713.88,singleFamily,37,286170.0,2025,https://www.zillow.com,https://photos.zillowstatic.com/fp/eb9d676236aa1e4baee87f4813d5419a-p_c.jpg,2026-09-07 13:58,For Sale
26882648,10135 Deermont Trl,75243,Dallas,TX,32.927826,-96.70958,625000,183.0,,601000.0,3980.0,5.0,4.0,3424.0,1976.0,8407.08,singleFamily,3,470450.0,2025,https://www.zillow.com,https://photos.zillowstatic.com/fp/b27bae5c67da55f21c56279feb1ce5a6-p_c.jpg,2026-09-07 13:58,For Sale
162336798,2431 Gross Rd,75228,Dallas,TX,32.81449,-96.67384,330000,237.0,,322000.0,2037.0,3.0,2.0,1392.0,1958.0,7753.68,singleFamily,3,277560.0,2025,https://www.zillow.com,https://photos.zillowstatic.com/fp/6525088ffcf20d303f1e34c3166240d0-p_c.jpg,2026-09-07 13:58,For Sale
26820794,2233 Talco Dr,75241,Dallas,TX,32.68333,-96.783455,110000,85.0,,242600.0,2083.0,4.0,1.0,1296.0,1958.0,7492.32,singleFamily,1,172140.0,2025,https://www.zillow.com,https://photos.zillowstatic.com/fp/51e18ec08c8d5d2e3ce1b6f9414718ee-p_c.jpg,2026-09-07 13:58,For Sale
26753743,6078 Averill Way APT C,75225,Dallas,TX,32.86631,-96.80294,250000,192.0,,220400.0,3071.0,3.0,2.0,1302.0,1956.0,1.492,condo,3,240220.0,2025,https://www.zillow.com,https://photos.zillowstatic.com/fp/2347efaf8a7b53dff5481595d77e0347-p_c.jpg,2026-09-07 13:58,For Sale
26814280,6625 Speight St,75232,Dallas,TX,32.66712,-96.82705,189900,99.0,-5000.0,187600.0,2643.0,5.0,3.0,1913.0,1949.0,10236.6,singleFamily,32,133220.0,2025,https://www.zillow.com,https://photos.zillowstatic.com/fp/7ad37d6f718ce268a186c1e448abb6ff-p_c.jpg,2026-09-07 13:58,For Sale
26870431,14109 Rocksprings Ct,75254,Dallas,TX,32.939625,-96.80179,2350000,461.0,,2194000.0,6952.0,5.0,6.0,5100.0,1980.0,0.646,singleFamily,18,955000.0,2025,https://www.zillow.com,https://photos.zillowstatic.com/fp/ac584e677696449923f5f538e1b64517-p_c.jpg,2026-09-07 13:58,For Sale
464889797,822 Duluth St,75212,Dallas,TX,32.776237,-96.83675,568900,278.0,,562800.0,3672.0,3.0,3.0,2046.0,2026.0,5000.688,singleFamily,9,,,https://www.zillow.com,https://photos.zillowstatic.com/fp/927ee6a0387efe88542f71840b8b09d6-p_c.jpg,2026-09-07 13:58,For Sale
69677337,4130 Newton Ave APT F,75219,Dallas,TX,32.81827,-96.80567,199999,166.0,-29001.0,194500.0,2574.0,1.0,2.0,1208.0,1974.0,9191.16,condo,113,320120.0,2025,https://www.zillow.com,https://photos.zillowstatic.com/fp/c40a6de5799a1cafea5a255068e0d553-p_c.jpg,2026-09-07 13:58,For Sale
26701979,6941 Gaston Ave,75214,Dallas,TX,32.815536,-96.737885,5800000,765.0,,5541500.0,,6.0,6.0,7577.0,2025.0,0.987,singleFamily,16,3603590.0,2025,https://www.zillow.com,https://photos.zillowstatic.com/fp/be41f7ccb60682a84cf94f7ceb36d8fd-p_c.jpg,2026-09-07 13:58,For Sale
26933809,9696 Walnut St APT 505,75243,Dallas,TX,32.922676,-96.72171,65000,72.0,,,1302.0,2.0,2.0,903.0,1981.0,8.304,condo,20,94820.0,2025,https://www.zillow.com,https://photos.zillowstatic.com/fp/2a2e6b7899d3eaf9a9f5e995225119e1-p_c.jpg,2026-09-07 13:58,For Sale
26685793,5231 Beeman Ave,75223,Dallas,TX,32.788246,-96.74468,227500,210.0,,,,3.0,2.0,1084.0,1927.0,7666.56,singleFamily,0,119840.0,2025,https://www.zillow.com,https://photos.zillowstatic.com/fp/5acbfc61ba3eaa408d5d076b174b85da-p_c.jpg,2026-09-07 13:58,For Sale
26815178,934 Fairwood Dr,75232,Dallas,TX,32.657936,-96.838646,269900,191.0,,,,3.0,2.0,1414.0,1957.0,8973.36,singleFamily,2,258200.0,2025,https://www.zillow.com,https://photos.zillowstatic.com/fp/f8f931db3762669934bd9b8d06cf6642-p_c.jpg,2026-09-07 13:58,For Sale
26912414,714 Jalisco Plz,75211,Dallas,TX,32.718307,-96.902885,224995,147.0,-10005.0,221300.0,2176.0,4.0,3.0,1526.0,2001.0,3005.64,singleFamily,134,245910.0,2025,https://www.zillow.com,https://photos.zillowstatic.com/fp/265e49fc37732c5dcee3a45d074e31bb-p_c.jpg,2026-09-07 13:58,For Sale
26703598,6054 Penrose Ave,75206,Dallas,TX,32.83223,-96.76191,1795000,426.0,,1758300.0,2894.0,4.0,5.0,4216.0,2026.0,6621.12,singleFamily,4,548230.0,2025,https://www.zillow.com,https://photos.zillowstatic.com/fp/f9d5b82d3d7a19e3abcc8a637f06d74c-p_c.jpg,2026-09-07 13:58,For Sale
26889846,16239 Shadybank Dr,75248,Dallas,TX,32.970066,-96.79382,1100000,362.0,,,,4.0,3.0,3041.0,1980.0,8973.36,singleFamily,3,795660.0,2025,https://www.zillow.com,https://photos.zillowstatic.com/fp/19a7a58e10a74e976213ca10ed1e6449-p_c.jpg,2026-09-07 13:58,For Sale
26681499,2604 Birmingham Ave,75215,Dallas,TX,32.76509,-96.767845,250000,209.0,-20000.0,248400.0,1535.0,3.0,2.0,1196.0,1998.0,6969.6,singleFamily,150,264010.0,2025,https://www.zillow.com,https://photos.zillowstatic.com/fp/3e0477dc8b27d5fe64af0541c6421f17-p_c.jpg,2026-09-07 13:58,For Sale
96509635,406 Bobbie St,75203,Dallas,TX,32.753376,-96.808304,297500,165.0,5000.0,297300.0,2932.0,3.0,3.0,1802.0,2026.0,3963.96,singleFamily,22,76000.0,2025,https://www.zillow.com,https://photos.zillowstatic.com/fp/fc949ea0238e29c14b572e47c43a0297-p_c.jpg,2026-09-07 13:58,For Sale
26848509,14087 Brookridge Dr,75240,Dallas,TX,32.939583,-96.78514,1560000,339.0,-20000.0,1496700.0,7014.0,5.0,4.0,4600.0,1960.0,0.635,singleFamily,24,1028560.0,2025,https://www.zillow.com,https://photos.zillowstatic.com/fp/cf48275f8b45593129f633e331bd0a1a-p_c.jpg,2026-09-07 13:58,For Sale
26929064,5200 Martel Ave APT 24B,75206,Dallas,TX,32.8313,-96.778946,269000,277.0,-5000.0,258900.0,2027.0,2.0,2.0,971.0,1983.0,6.009,condo,44,242750.0,2025,https://www.zillow.com,https://photos.zillowstatic.com/fp/1f801ab45fab8d2ba068e55ef771840c-p_c.jpg,2026-09-07 13:58,For Sale
96515804,2507 Fatima Ave,75241,Dallas,TX,32.675823,-96.780785,399700,186.0,-7300.0,398700.0,2826.0,4.0,3.0,2147.0,2026.0,5837.04,singleFamily,52,96630.0,2025,https://www.zillow.com,https://photos.zillowstatic.com/fp/fa9850239ea14c72310d640b0a4eab7e-p_c.jpg,2026-09-07 13:58,For Sale
26752895,7124 Meadow Rd,75230,Dallas,TX,32.886986,-96.78161,1350000,366.0,-45000.0,,,4.0,4.0,3687.0,1969.0,0.293,singleFamily,47,969820.0,2025,https://www.zillow.com,https://photos.zillowstatic.com/fp/ef10f9aeadc1b405cc3cbecd296ec196-p_c.jpg,2026-09-07 13:58,For Sale
26715158,1623 S Marsalis Ave,75216,Dallas,TX,32.728065,-96.814735,150000,122.0,-10000.0,,,3.0,1.0,1234.0,1920.0,7623.0,singleFamily,30,215510.0,2025,https://www.zillow.com,https://photos.zillowstatic.com/fp/520db7fd7be27a54322b975d7ed795bd-p_c.jpg,2026-09-07 13:58,For Sale
26688585,2662 Sutton St,75210,Dallas,TX,32.769844,-96.74801,249900,156.0,,249100.0,2121.0,3.0,3.0,1604.0,2025.0,4007.52,singleFamily,18,221190.0,2025,https://www.zillow.com,https://photos.zillowstatic.com/fp/39f6f892bf7158f2c01a96ac0cfac8e0-p_c.jpg,2026-09-07 13:58,For Sale
26873200,15905 Longvista Dr,75248,Dallas,TX,32.96533,-96.78599,750000,345.0,-25000.0,,,4.0,2.0,2174.0,1972.0,9931.68,singleFamily,30,537870.0,2025,https://www.zillow.com,https://photos.zillowstatic.com/fp/2329465a5215e9a46d15bbaf28b62e77-p_c.jpg,2026-09-07 13:58,For Sale
26869989,9223 Seagrove Dr,75243,Dallas,TX,32.89893,-96.743,739000,310.0,,,,4.0,3.0,2381.0,1972.0,8712.0,singleFamily,2,626080.0,2025,https://www.zillow.com,https://photos.zillowstatic.com/fp/bfcb0134b9dce2ef2d1cc991dc2965c5-p_c.jpg,2026-09-07 13:58,For Sale
26810764,3121 Park Ln #1145,75220,Dallas,TX,32.87637,-96.87357,85000,88.0,-2500.0,,1883.0,2.0,2.0,970.0,1969.0,9.125,townhome,31,135800.0,2025,https://www.zillow.com,https://photos.zillowstatic.com/fp/b7e760e2db8e4b916c2af2247af1b12a-p_c.jpg,2026-09-07 13:58,For Sale
26744656,11206 Desdemona Dr,75228,Dallas,TX,32.84815,-96.67711,249900,220.0,,206600.0,1731.0,3.0,2.0,1136.0,1950.0,7579.44,singleFamily,3,261940.0,2025,https://www.zillow.com,https://photos.zillowstatic.com/fp/a07690ea951033e6740d0cb1dff6e76e-p_c.jpg,2026-09-07 13:58,For Sale
26812472,2945 Allister St,75229,Dallas,TX,32.908005,-96.87669,276500,227.0,,265500.0,2166.0,2.0,2.0,1218.0,1983.0,4486.68,singleFamily,24,267000.0,2025,https://www.zillow.com,https://photos.zillowstatic.com/fp/f2340e39145c614a8449c4c81f0e644e-p_c.jpg,2026-09-07 13:58,For Sale
96523086,5719 Bon Air Dr,75241,Dallas,TX,32.67862,-96.7674,405000,214.0,,,,3.0,3.0,1889.0,2026.0,0.27599999999999997,singleFamily,5,62000.0,2025,https://www.zillow.com,https://photos.zillowstatic.com/fp/3d7cf023b26338470407c5fb48a18c7b-p_c.jpg,2026-09-07 13:58,For Sale
26877804,3976 Avocado Dr,75241,Dallas,TX,32.66602,-96.74746,124900,111.0,,,1888.0,3.0,2.0,1125.0,1971.0,7013.16,singleFamily,25,185010.0,2025,https://www.zillow.com,https://photos.zillowstatic.com/fp/c183f68745740d50c5036ea7cd2c4692-p_c.jpg,2026-09-07 13:58,For Sale
26839550,10650 Steppington Dr #219,75230,Dallas,TX,32.8936,-96.77055,195000,182.0,,189300.0,1839.0,2.0,2.0,1074.0,1979.0,4.784,condo,45,192690.0,2025,https://www.zillow.com,https://photos.zillowstatic.com/fp/08ffc661a94cb709ddb76b446fb80925-p_c.jpg,2026-09-07 13:58,For Sale
26875160,16212 Spring Creek Rd,75248,Dallas,TX,32.9742,-96.77387,1149000,353.0,,1104900.0,5375.0,4.0,4.0,3255.0,1975.0,0.258,singleFamily,4,939570.0,2025,https://www.zillow.com,https://photos.zillowstatic.com/fp/00a2720902a8114ae60a32687c11395d-p_c.jpg,2026-09-07 13:58,For Sale
26775939,4625 Kushla Ave,75216,Dallas,TX,32.686226,-96.8074,159999,95.0,,183100.0,1856.0,2.0,2.0,1682.0,1954.0,8799.12,singleFamily,3,243910.0,2025,https://www.zillow.com,https://photos.zillowstatic.com/fp/b86f2d5adfb11dae6b8e9f48db2b3c29-p_c.jpg,2026-09-07 13:58,For Sale
67962082,3164 Saint Dominic Cir,75233,Dallas,TX,32.709225,-96.87288,284900,145.0,-10000.0,,,4.0,3.0,1960.0,2004.0,8058.6,singleFamily,82,298530.0,2025,https://www.zillow.com,https://photos.zillowstatic.com/fp/108cfe79fb06d993b35985bd04a6d586-p_c.jpg,2026-09-07 13:58,For Sale
26883134,10115 Laingtree Dr,75243,Dallas,TX,32.920753,-96.70953,465000,192.0,-10000.0,453000.0,2744.0,4.0,3.0,2420.0,1976.0,9147.6,singleFamily,17,459530.0,2025,https://www.zillow.com,https://photos.zillowstatic.com/fp/07636254056523bbee9a27620dc2170c-p_c.jpg,2026-09-07 13:58,For Sale
26702619,6203 Marquita Ave,75214,Dallas,TX,32.825874,-96.75789,750000,460.0,-25000.0,734500.0,3814.0,3.0,2.0,1629.0,1953.0,9321.84,singleFamily,39,777710.0,2025,https://www.zillow.com,https://photos.zillowstatic.com/fp/8fcf9fcfb63896e78f1401c8566d6e0e-p_c.jpg,2026-09-07 13:58,For Sale
26746835,10412 Silverock Dr,75218,Dallas,TX,32.84813,-96.70073,784900,373.0,,,,3.0,3.0,2106.0,1960.0,0.263,singleFamily,4,583340.0,2025,https://www.zillow.com,https://photos.zillowstatic.com/fp/a4b1fa814771ff6d3a29ac96ed4f539d-p_c.jpg,2026-09-07 13:58,For Sale
26698597,4523 Metropolitan Ave,75210,Dallas,TX,32.778656,-96.745995,259900,184.0,,259300.0,1819.0,3.0,2.0,1415.0,2026.0,5967.72,singleFamily,31,42450.0,2025,https://www.zillow.com,https://photos.zillowstatic.com/fp/a8fe76d9dd50a73d7c8fa0581b165d53-p_c.jpg,2026-09-07 13:58,For Sale
26890291,10130 Woodlake Dr,75243,Dallas,TX,32.914185,-96.71148,495000,173.0,,483100.0,3343.0,4.0,3.0,2866.0,1979.0,9278.28,singleFamily,11,477190.0,2025,https://www.zillow.com,https://photos.zillowstatic.com/fp/137e0e56c4d881e5b142026171fb6192-p_c.jpg,2026-09-07 13:58,For Sale
26683244,4011 Cole Ave APT 111,75204,Dallas,TX,32.813107,-96.794685,279900,305.0,,265700.0,2264.0,2.0,2.0,918.0,1963.0,1.15,condo,0,229500.0,2025,https://www.zillow.com,https://photos.zillowstatic.com/fp/7d064bf4d6e640badf3168285944b835-p_c.jpg,2026-09-07 13:58,For Sale
26707895,708 Blaylock Dr,75203,Dallas,TX,32.756466,-96.81656,450000,361.0,,,,3.0,2.0,1246.0,1948.0,3876.84,singleFamily,10,458000.0,2025,https://www.zillow.com,https://photos.zillowstatic.com/fp/47d047afe3a0fb162c89f5d5ecff5d6e-p_c.jpg,2026-09-07 13:58,For Sale
26728652,1535 Junior Dr,75208,Dallas,TX,32.763325,-96.82843,1675000,592.0,,1589200.0,7752.0,3.0,4.0,2830.0,1958.0,0.374,singleFamily,24,1734340.0,2025,https://www.zillow.com,https://photos.zillowstatic.com/fp/4bc2d428b65fc01f6ad2bf08e2b179db-p_c.jpg,2026-09-07 13:58,For Sale
336884501,7345 Bree Ct,75235,Dallas,TX,32.83099,-96.854004,399000,249.0,,389500.0,2793.0,2.0,3.0,1601.0,2021.0,2918.52,townhome,10,419690.0,2025,https://www.zillow.com,https://photos.zillowstatic.com/fp/a620ba7c6c2a545d0c871b713f9ed80b-p_c.jpg,2026-09-07 13:58,For Sale
96514370,2418 Merlin St,75215,Dallas,TX,32.77463,-96.77442,299900,180.0,14900.0,299300.0,2457.0,3.0,3.0,1669.0,2025.0,,singleFamily,415,90000.0,2025,https://www.zillow.com,https://photos.zillowstatic.com/fp/91b90021b7264137b0710455580e2b4f-p_c.jpg,2026-09-07 13:58,For Sale
96513896,10617 Bridge Hollow Ct,75229,Dallas,TX,32.891712,-96.821815,11500000,785.0,,,,6.0,10.0,14653.0,2018.0,1.442,singleFamily,23,13054400.0,2025,https://www.zillow.com,https://photos.zillowstatic.com/fp/1cad1d90350deecefe93978d5081628a-p_c.jpg,2026-09-07 13:58,For Sale
26686239,1716 Marburg St,75215,Dallas,TX,32.75034,-96.763245,400000,221.0,,364300.0,2828.0,4.0,2.0,1807.0,2026.0,7501.032,singleFamily,6,67500.0,2025,https://www.zillow.com,https://photos.zillowstatic.com/fp/dc9cd92f8155ceeec3399b89fb47db03-p_c.jpg,2026-09-07 13:58,For Sale
26662238,18637 Tall Oak Dr,75287,Dallas,TX,33.004852,-96.833336,469000,277.0,,458600.0,2719.0,3.0,2.0,1694.0,1997.0,5227.2,singleFamily,2,475001.0,2025,https://www.zillow.com,https://photos.zillowstatic.com/fp/bd120c500055c5d5d8c51bb50e86e1cd-p_c.jpg,2026-09-07 13:58,For Sale
26845533,2719 Oates Dr,75228,Dallas,TX,32.82179,-96.66725,277000,196.0,,272000.0,1910.0,4.0,2.0,1410.0,1954.0,7884.36,singleFamily,0,258060.0,2025,https://www.zillow.com,https://photos.zillowstatic.com/fp/73068e9addd5876426215d072340754d-p_c.jpg,2026-09-07 13:58,For Sale
26892486,7334 Oakmore Dr,75249,Dallas,TX,32.63114,-96.95059,308999,148.0,-5998.0,,3134.0,4.0,2.0,2083.0,1979.0,6664.68,singleFamily,67,300810.0,2025,https://www.zillow.com,https://photos.zillowstatic.com/fp/df5bdf5606e9132163a16a7f3accc1e3-p_c.jpg,2026-09-07 13:58,For Sale
26877233,6030 Club Oaks Dr,75248,Dallas,TX,32.983055,-96.81675,2400000,437.0,,2262800.0,,4.0,5.0,5497.0,1977.0,0.297,singleFamily,0,2075260.0,2025,https://www.zillow.com,https://photos.zillowstatic.com/fp/c86854958fcddaf5844f550450e1d13a-p_c.jpg,2026-09-07 13:58,For Sale
69677129,1122 Jackson St APT 709,75202,Dallas,TX,32.778316,-96.80129,250000,225.0,-15000.0,255100.0,2185.0,1.0,1.0,1111.0,1925.0,0.984,condo,38,227760.0,2025,https://www.zillow.com,https://photos.zillowstatic.com/fp/d6336e321e903bf146c3c65a9063bead-p_c.jpg,2026-09-07 13:58,For Sale
26875627,6728 Saint Anne St,75248,Dallas,TX,32.97677,-96.79134,799000,341.0,-20000.0,781300.0,4951.0,4.0,2.0,2340.0,1974.0,8494.2,singleFamily,4,617660.0,2025,https://www.zillow.com,https://photos.zillowstatic.com/fp/1ebaf01f70fa795e3b51b6681a22aa49-p_c.jpg,2026-09-07 13:58,For Sale
303982444,8229 Plumbago Way,75252,Dallas,TX,32.98507,-96.759995,815000,259.0,,,,4.0,4.0,3141.0,2019.0,6011.28,singleFamily,1,717780.0,2025,https://www.zillow.com,https://photos.zillowstatic.com/fp/ecd7f00072305744bf385cf66750a90a-p_c.jpg,2026-09-07 13:58,For Sale
26748935,6124 Summer Creek Cir,75231,Dallas,TX,32.862965,-96.75722,450000,313.0,,,,2.0,2.0,1440.0,1980.0,3.414,singleFamily,44,461840.0,2025,https://www.zillow.com,https://photos.zillowstatic.com/fp/a3322c806e2be0ca8692900ab0a74af6-p_c.jpg,2026-09-07 13:58,For Sale
26766028,3010 Modree Ave,75216,Dallas,TX,32.702274,-96.770874,200000,167.0,,177900.0,1835.0,4.0,2.0,1195.0,1952.0,7405.2,singleFamily,0,137000.0,2025,https://www.zillow.com,https://photos.zillowstatic.com/fp/fc7e53c4754c28d647345dc17c9076af-p_c.jpg,2026-09-07 13:58,For Sale
26784662,3230 Rock Bluff Dr,75227,Dallas,TX,32.765625,-96.69388,275000,153.0,-4900.0,,2389.0,3.0,2.0,1800.0,1958.0,9626.76,singleFamily,80,292430.0,2025,https://www.zillow.com,https://photos.zillowstatic.com/fp/0e11ca6511bd82ff27c6a67897d69e96-p_c.jpg,2026-09-07 13:58,For Sale
26752486,6915 Stefani Dr,75225,Dallas,TX,32.878407,-96.78615,2500000,551.0,,2340800.0,,4.0,5.0,4538.0,1969.0,0.347,singleFamily,0,2153030.0,2025,https://www.zillow.com,https://www.zillowstatic.com/static/images/nophoto_p_c.png,2026-09-07 13:58,For Sale
26825051,809 Wood River Rd,75232,Dallas,TX,32.676613,-96.83612,357500,152.0,,350500.0,2733.0,4.0,3.0,2357.0,1962.0,0.324,singleFamily,15,427240.0,2025,https://www.zillow.com,https://photos.zillowstatic.com/fp/51e14f029f7364ed189576028abd8427-p_c.jpg,2026-09-07 13:58,For Sale
67963788,9703 Whistler Dr,75217,Dallas,TX,32.686764,-96.655075,189900,113.0,,252100.0,2138.0,3.0,2.0,1680.0,2003.0,8581.32,singleFamily,2,264820.0,2025,https://www.zillow.com,https://photos.zillowstatic.com/fp/e47597e56a7793351e34360eb320f6f7-p_c.jpg,2026-09-07 13:58,For Sale
26752745,7149 Blairview Dr,75230,Dallas,TX,32.88282,-96.7807,925000,410.0,,,,4.0,3.0,2256.0,1963.0,0.258,singleFamily,4,935500.0,2025,https://www.zillow.com,https://photos.zillowstatic.com/fp/e0f1f6122538d425e29849f2ec1cfc5e-p_c.jpg,2026-09-07 13:58,For Sale
26751017,6837 Arboreal Dr,75231,Dallas,TX,32.856148,-96.74095,850000,347.0,,820400.0,5267.0,3.0,3.0,2448.0,1970.0,9191.16,singleFamily,17,605080.0,2025,https://www.zillow.com,https://photos.zillowstatic.com/fp/4161908e511e415eb377a0a487e8474d-p_c.jpg,2026-09-07 13:58,For Sale
162174971,5817 Richmond Ave,75206,Dallas,TX,32.81639,-96.7672,1749000,505.0,,,,4.0,5.0,3466.0,2021.0,9321.84,singleFamily,2,1455990.0,2025,https://www.zillow.com,https://photos.zillowstatic.com/fp/dd1b85be4e5b892c1a4c700ae5c763fe-p_c.jpg,2026-09-07 13:58,For Sale
463650754,1904 McBroom St,75212,Dallas,TX,32.78237,-96.85047,745000,226.0,-14000.0,733700.0,4986.0,4.0,4.0,3300.0,2026.0,6141.96,singleFamily,65,,,https://www.zillow.com,https://photos.zillowstatic.com/fp/0110a4737654b219f2717f2d2973bd9d-p_c.jpg,2026-09-07 13:58,For Sale
26757450,12 Royal Way,75229,Dallas,TX,32.89329,-96.80995,2095000,392.0,,,,4.0,5.0,5343.0,1978.0,7840.8,singleFamily,0,1350000.0,2025,https://www.zillow.com,https://photos.zillowstatic.com/fp/e2d5fa19a9b6790765de80c4af78cb6d-p_c.jpg,2026-09-07 13:58,For Sale
26767907,1957 E Illinois Ave,75216,Dallas,TX,32.71986,-96.79075,199000,117.0,,204800.0,2001.0,3.0,2.0,1697.0,1952.0,0.31,singleFamily,3,280890.0,2025,https://www.zillow.com,https://photos.zillowstatic.com/fp/9fd67a191c18eaf7d8d0e370b0782f07-p_c.jpg,2026-09-07 13:58,For Sale
26807172,3581 Woodleigh Dr,75229,Dallas,TX,32.8839,-96.85812,550000,201.0,-49000.0,538000.0,4564.0,5.0,3.0,2733.0,1955.0,10323.72,singleFamily,130,528220.0,2025,https://www.zillow.com,https://photos.zillowstatic.com/fp/b75dfa70a523d912b77a01670d534c78-p_c.jpg,2026-09-07 13:58,For Sale
26703556,6000 Revere Pl,75206,Dallas,TX,32.83058,-96.76403,699000,542.0,-28000.0,681400.0,2626.0,3.0,1.0,1289.0,1935.0,7884.36,singleFamily,10,662520.0,2025,https://www.zillow.com,https://photos.zillowstatic.com/fp/ffd9fee72d0f46e8ae97519a94a18fe3-p_c.jpg,2026-09-07 13:58,For Sale
26876076,17133 Earthwind Dr,75248,Dallas,TX,32.982178,-96.79705,1250000,364.0,,955300.0,6326.0,4.0,5.0,3433.0,1977.0,0.298,singleFamily,3,882590.0,2025,https://www.zillow.com,https://photos.zillowstatic.com/fp/3300d53190ca6feaa358dd89527284bf-p_c.jpg,2026-09-07 13:58,For Sale
26891176,7410 Boisenberry Ln,75249,Dallas,TX,32.645645,-96.95113,290000,119.0,5000.0,288200.0,3029.0,4.0,3.0,2435.0,1981.0,7710.12,singleFamily,37,318010.0,2025,https://www.zillow.com,https://photos.zillowstatic.com/fp/05e84fc718b2ffe22589eac2626dda3b-p_c.jpg,2026-09-07 13:58,For Sale
26643556,4428 Hollow Oak Dr,75287,Dallas,TX,32.99667,-96.833244,725000,201.0,,,,4.0,4.0,3605.0,1988.0,10018.8,singleFamily,4,830592.0,2025,https://www.zillow.com,https://photos.zillowstatic.com/fp/17cd4d3b6e5396aa05ee6df4ff725985-p_c.jpg,2026-09-07 13:58,For Sale
26786811,515 Aqua Dr,75218,Dallas,TX,32.85179,-96.7138,1470000,326.0,,1401300.0,5913.0,5.0,6.0,4506.0,1951.0,10280.16,singleFamily,2,1028650.0,2025,https://www.zillow.com,https://photos.zillowstatic.com/fp/cc7f92f68d9ac436e4c33060e0088cba-p_c.jpg,2026-09-07 13:58,For Sale
26735764,8523 Lakemont Dr,75209,Dallas,TX,32.85564,-96.84284,1275000,324.0,,1223800.0,6952.0,4.0,5.0,3932.0,2007.0,8232.84,singleFamily,0,1121460.0,2025,https://www.zillow.com,https://photos.zillowstatic.com/fp/99b6058e3669b6b3947df0e33d4360b1-p_c.jpg,2026-09-07 13:58,For Sale
26813741,327 Penguin Dr,75241,Dallas,TX,32.680134,-96.82006,230000,139.0,,225700.0,1938.0,3.0,2.0,1656.0,1971.0,9713.88,singleFamily,0,256640.0,2025,https://www.zillow.com,https://photos.zillowstatic.com/fp/b6cbc1ae3f4347b462244b5365e8de3a-p_c.jpg,2026-09-07 13:58,For Sale
26840411,2208 Springhill St,75228,Dallas,TX,32.813766,-96.70294,535000,398.0,,517100.0,2485.0,3.0,2.0,1344.0,1954.0,7840.8,singleFamily,11,419170.0,2025,https://www.zillow.com,https://photos.zillowstatic.com/fp/18dc5f01f0f9a83aebb79f27a50af37a-p_c.jpg,2026-09-07 13:58,For Sale
96514266,1815 Kingsley Dr,75216,Dallas,TX,32.688026,-96.79526,22500,,,,,,,,,0.622,land,20,112500.0,2025,https://www.zillow.com,https://photos.zillowstatic.com/fp/fec96feb6377826f37e760cc68f5fea7-p_c.jpg,2026-09-07 13:58,For Sale
26803577,5829 Northmoor Dr,75230,Dallas,TX,32.908752,-96.80784,4100000,567.0,-395000.0,,,5.0,7.0,7231.0,2026.0,0.367,singleFamily,39,900000.0,2025,https://www.zillow.com,https://photos.zillowstatic.com/fp/449f764641039140324ebf931d0b4865-p_c.jpg,2026-09-07 13:58,For Sale
96525453,4505 Crown Knoll Cir,75232,Dallas,TX,32.688984,-96.83224,699000,231.0,,687700.0,4433.0,4.0,4.0,3028.0,2026.0,0.569,singleFamily,0,108500.0,2025,https://www.zillow.com,https://photos.zillowstatic.com/fp/516ab593fba78715ad522e762a80a7dd-p_c.jpg,2026-09-07 13:58,For Sale
26743818,11214 Sinclair Ave,75218,Dallas,TX,32.852543,-96.68628,460000,312.0,,,,3.0,2.0,1476.0,1955.0,7579.44,singleFamily,3,420750.0,2025,https://www.zillow.com,https://photos.zillowstatic.com/fp/02e6c8105cfb664162b1fd5665b0f44f-p_c.jpg,2026-09-07 13:58,For Sale
26823950,5412 University Hills Blvd,75241,Dallas,TX,32.679962,-96.80546,150000,128.0,-15000.0,,1863.0,3.0,2.0,1169.0,1962.0,9381.0,singleFamily,57,186430.0,2025,https://www.zillow.com,https://photos.zillowstatic.com/fp/15d8dfd5ad8b3ddfcb77e7f85ca2d4e5-p_c.jpg,2026-09-07 13:58,For Sale
26772122,917 De Witt Cir,75224,Dallas,TX,32.720097,-96.83782,275000,183.0,-10000.0,,,3.0,2.0,1503.0,1953.0,0.252,singleFamily,53,160260.0,2020,https://www.zillow.com,https://photos.zillowstatic.com/fp/74ab85ef3ad816b9f0fbbe3b047a3bb3-p_c.jpg,2026-09-07 13:58,For Sale
26872825,6015 Blue Bay Dr,75248,Dallas,TX,32.97433,-96.80337,535000,209.0,,518800.0,4449.0,3.0,3.0,2559.0,1978.0,7535.88,singleFamily,10,557330.0,2025,https://www.zillow.com,https://photos.zillowstatic.com/fp/4ecb3b3c6466b2a9e8542559183f1902-p_c.jpg,2026-09-07 13:58,For Sale
26748687,6214 Glennox Ln,75214,Dallas,TX,32.84994,-96.75703,1225000,386.0,,,,4.0,3.0,3177.0,1970.0,7797.24,singleFamily,2,836100.0,2025,https://www.zillow.com,https://photos.zillowstatic.com/fp/247b541db3e89da849ff30ad83518399-p_c.jpg,2026-09-07 13:58,For Sale
26922541,6011 Danbury Ln APT 105,75206,Dallas,TX,32.8494,-96.76171,138900,145.0,,151900.0,1675.0,2.0,2.0,955.0,1970.0,0.8099999999999999,condo,1,211550.0,2025,https://www.zillow.com,https://photos.zillowstatic.com/fp/61f2620157da72be03ae698c795abbf4-p_c.jpg,2026-09-07 13:58,For Sale
462787428,3193 & 3195 Stag Rd,75241,Dallas,TX,32.69554,-96.76238,666000,194.0,-3000.0,662700.0,2763.0,6.0,6.0,3440.0,2026.0,6882.48,multiFamily,100,,,https://www.zillow.com,https://photos.zillowstatic.com/fp/9c6a2122c5adca5037f39bbcd556103b-p_c.jpg,2026-09-07 13:58,For Sale
26816348,102 Buttercup Ln,75217,Dallas,TX,32.71326,-96.66271,215000,157.0,,220000.0,1857.0,3.0,2.0,1369.0,1982.0,7971.48,singleFamily,1,214390.0,2025,https://www.zillow.com,https://photos.zillowstatic.com/fp/5c2771023bd4b8ac250bca371a44e9e0-p_c.jpg,2026-09-07 13:58,For Sale
26889998,15881 Nedra Way,75248,Dallas,TX,32.965816,-96.791794,959900,317.0,-15100.0,,,4.0,3.0,3025.0,1978.0,7710.12,singleFamily,23,755790.0,2025,https://www.zillow.com,https://photos.zillowstatic.com/fp/9fbee669712f46e121aae61be902eda4-p_c.jpg,2026-09-07 13:58,For Sale
80503595,4228 N Hall St,75219,Dallas,TX,32.81495,-96.81289,1750000,465.0,,,,4.0,4.0,3764.0,1927.0,0.256,singleFamily,10,1056290.0,2025,https://www.zillow.com,https://photos.zillowstatic.com/fp/68b4ace760ec12ea337efde22f685316-p_c.jpg,2026-09-07 13:58,For Sale
26687222,4317 Myrtle St,75215,Dallas,TX,32.756977,-96.757286,425000,212.0,,347000.0,3199.0,4.0,3.0,2002.0,2026.0,5039.892,singleFamily,4,50400.0,2025,https://www.zillow.com,https://photos.zillowstatic.com/fp/f2f97de49c9e8ca8c681c4ce4a96b322-p_c.jpg,2026-09-07 13:58,For Sale
26806617,10230 Marsh Ln,75229,Dallas,TX,32.885693,-96.85548,3495000,432.0,,3323900.0,,5.0,7.0,8087.0,2024.0,1.2,singleFamily,20,2656190.0,2025,https://www.zillow.com,https://photos.zillowstatic.com/fp/94b12cffa646afc6958b1ea14de27c1d-p_c.jpg,2026-09-07 13:58,For Sale
96490154,4503 Jamaica St,75210,Dallas,TX,32.777107,-96.74534,319999,200.0,-10000.0,317700.0,2017.0,3.0,2.0,1600.0,2026.0,4617.36,singleFamily,80,39380.0,2025,https://www.zillow.com,https://photos.zillowstatic.com/fp/bf48ffbd4934345377b58dc349daccfc-p_c.jpg,2026-09-07 13:58,For Sale
26874961,15513 El Estado Dr,75248,Dallas,TX,32.96023,-96.76971,599000,215.0,,578600.0,4184.0,6.0,4.0,2784.0,1967.0,9975.24,singleFamily,3,457890.0,2025,https://www.zillow.com,https://photos.zillowstatic.com/fp/ea4a6fc9028ac96782aa1acbce9cfbeb-p_c.jpg,2026-09-07 13:58,For Sale
26915218,5916 Wisdom Creek Dr,75249,Dallas,TX,32.651264,-96.97505,424999,177.0,-5000.0,420800.0,3428.0,4.0,3.0,2403.0,1999.0,7884.36,singleFamily,39,353010.0,2025,https://www.zillow.com,https://photos.zillowstatic.com/fp/73f8a6fddeda351b18c9a5e1ca2f4fb5-p_c.jpg,2026-09-07 13:58,For Sale
26850492,9819 Fitzroy Dr,75238,Dallas,TX,32.86626,-96.71697,875000,394.0,,853900.0,5407.0,4.0,3.0,2220.0,1957.0,8363.52,singleFamily,9,902440.0,2025,https://www.zillow.com,https://photos.zillowstatic.com/fp/54a8fec1ff2e08e3b2dc03de192c87cf-p_c.jpg,2026-09-07 13:58,For Sale
26742100,10633 Cayuga Dr,75228,Dallas,TX,32.840736,-96.68464,219900,201.0,-10000.0,223200.0,1765.0,3.0,1.0,1096.0,1950.0,7405.2,singleFamily,42,287120.0,2025,https://www.zillow.com,https://photos.zillowstatic.com/fp/b3fe4ef0de6dc0ee9046a5175e60ee07-p_c.jpg,2026-09-07 13:58,For Sale
26847654,9820 Ash Creek Dr,75228,Dallas,TX,32.827827,-96.68805,250000,142.0,,442600.0,2600.0,3.0,2.0,1764.0,1957.0,0.315,singleFamily,2,472670.0,2025,https://www.zillow.com,https://photos.zillowstatic.com/fp/f978c7bdb3b006f9fa6718a91ea5577f-p_c.jpg,2026-09-07 13:58,For Sale
245228857,2421 N Garrett Ave #1,75206,Dallas,TX,32.81356,-96.781136,650000,350.0,,632200.0,5001.0,3.0,4.0,1858.0,2016.0,0.34099999999999997,condo,0,649500.0,2025,https://www.zillow.com,https://photos.zillowstatic.com/fp/37a12bad61570787af0b7c3e6b006e9d-p_c.jpg,2026-09-07 13:58,For Sale
26717145,2551 Kingston St,75211,Dallas,TX,32.73424,-96.86126,319900,187.0,,308700.0,2416.0,3.0,2.0,1710.0,1924.0,7230.96,singleFamily,8,212470.0,2025,https://www.zillow.com,https://photos.zillowstatic.com/fp/5cb6788991ba1efadb5805c27aea5417-p_c.jpg,2026-09-07 13:58,For Sale
26683230,4023 Travis St,75204,Dallas,TX,32.81378,-96.795815,1049000,463.0,,,,2.0,3.0,2268.0,1971.0,3746.16,townhome,3,935600.0,2025,https://www.zillow.com,https://photos.zillowstatic.com/fp/46c53d84be832680780054cf26a608ba-p_c.jpg,2026-09-07 13:58,For Sale
2142936179,8550 Fair Oaks Xing APT 306,75243,Dallas,TX,32.89644,-96.72767,165000,193.0,,,,2.0,1.0,857.0,1982.0,7.44,condo,2,,,https://www.zillow.com,https://photos.zillowstatic.com/fp/23fa61da3d57336fe75ae6cfa6122275-p_c.jpg,2026-09-07 13:58,For Sale
96503850,1011 S Waverly Dr,75208,Dallas,TX,32.735634,-96.84955,475000,135.0,-24900.0,467800.0,5950.0,5.0,4.0,3506.0,2022.0,7274.52,singleFamily,123,833230.0,2025,https://www.zillow.com,https://photos.zillowstatic.com/fp/18191b0fb386ba9516d4de76b213efe3-p_c.jpg,2026-09-07 13:58,For Sale
26859021,10856 Carissa Dr,75218,Dallas,TX,32.861362,-96.69786,400000,181.0,,,,4.0,3.0,2214.0,1970.0,10585.08,singleFamily,17,522770.0,2025,https://www.zillow.com,https://photos.zillowstatic.com/fp/cfaa8125ae5be466dfa7f22477aa832d-p_c.jpg,2026-09-07 13:58,For Sale
26725145,2009 Kingsley Dr,75216,Dallas,TX,32.688885,-96.791626,99999,100.0,-7001.0,,1578.0,2.0,1.0,1001.0,1943.0,7518.456,singleFamily,20,158490.0,2025,https://www.zillow.com,https://photos.zillowstatic.com/fp/8eca2b217190b5591fcad82643ebb41d-p_c.jpg,2026-09-07 13:58,For Sale
26797532,6620 Atha Dr,75217,Dallas,TX,32.715034,-96.70654,178999,150.0,,175600.0,1797.0,3.0,2.0,1197.0,1963.0,7579.44,singleFamily,13,212930.0,2025,https://www.zillow.com,https://photos.zillowstatic.com/fp/a73db11fa18342b74325669cf139f7a2-p_c.jpg,2026-09-07 13:58,For Sale
464797912,1650/1652 Hudspeth Ave,75216,Dallas,TX,32.701553,-96.79983,675000,164.0,,,,10.0,8.0,4112.0,2024.0,8973.36,multiFamily,13,,,https://www.zillow.com,https://photos.zillowstatic.com/fp/d7c91be5b635889a94a8ad86247287ae-p_c.jpg,2026-09-07 13:58,For Sale
26766886,2130 Kathleen Ave,75216,Dallas,TX,32.7037,-96.7933,379000,180.0,,376000.0,2911.0,5.0,3.0,2100.0,2025.0,7143.84,singleFamily,24,70000.0,2025,https://www.zillow.com,https://photos.zillowstatic.com/fp/83a5a5cbb202ac44d304eba5ea82939e-p_c.jpg,2026-09-07 13:58,For Sale
26739325,8522 Park Ln APT 15,75231,Dallas,TX,32.87035,-96.75758,215000,101.0,-5000.0,206700.0,2124.0,3.0,3.0,2120.0,1979.0,1.235,condo,93,275600.0,2025,https://www.zillow.com,https://photos.zillowstatic.com/fp/93074ac32cf753c068a038fb0c32d087-p_c.jpg,2026-09-07 13:58,For Sale
26751231,7314 Walling Ln,75231,Dallas,TX,32.8585,-96.73386,865000,316.0,-14000.0,841100.0,4442.0,3.0,3.0,2741.0,1981.0,8624.88,singleFamily,34,678560.0,2025,https://www.zillow.com,https://photos.zillowstatic.com/fp/3717a786c833e565ca30b9cef41627fd-p_c.jpg,2026-09-07 13:58,For Sale
26809013,10923 Marsh Ln,75229,Dallas,TX,32.897175,-96.85655,1399000,368.0,,1361100.0,,4.0,4.0,3801.0,2024.0,0.371,singleFamily,33,1514900.0,2025,https://www.zillow.com,https://photos.zillowstatic.com/fp/1e6e58af65ac3627734ea93eab94bd4b-p_c.jpg,2026-09-07 13:58,For Sale
96533225,3807 Alsbury St,75216,Dallas,TX,32.718002,-96.76512,235000,159.0,,232700.0,2104.0,3.0,2.0,1481.0,2019.0,7230.96,singleFamily,9,288860.0,2025,https://www.zillow.com,https://photos.zillowstatic.com/fp/25a38858cdf9961dec4fb3c99ab4464b-p_c.jpg,2026-09-07 13:58,For Sale
26693474,4115 Turtle Creek Blvd,75219,Dallas,TX,32.819126,-96.80062,5100000,1220.0,,,,4.0,5.0,4180.0,1923.0,0.762,singleFamily,6,3950000.0,2025,https://www.zillow.com,https://photos.zillowstatic.com/fp/a5c22194d3231b2df83e3127e640ea2e-p_c.jpg,2026-09-07 13:58,For Sale
26817142,661 Edgeglen Dr,75217,Dallas,TX,32.72176,-96.65998,265000,177.0,,259200.0,1640.0,4.0,3.0,1497.0,1970.0,7971.48,singleFamily,3,207240.0,2025,https://www.zillow.com,https://photos.zillowstatic.com/fp/43e57dd4d6a84e6f10a1d735e9bfa8a5-p_c.jpg,2026-09-07 13:58,For Sale
26806783,10148 Hedgeway Dr,75229,Dallas,TX,32.88461,-96.84844,3369999,503.0,,3261700.0,6170.0,5.0,8.0,6705.0,2026.0,0.3736,singleFamily,20,660000.0,2025,https://www.zillow.com,https://photos.zillowstatic.com/fp/b47dc2c5c5da351d7ee36e4a2f3e3f61-p_c.jpg,2026-09-07 13:58,For Sale
26833627,1810 Bickers St,75212,Dallas,TX,32.786808,-96.84838,550000,229.0,-19000.0,546100.0,4717.0,4.0,4.0,2400.0,2026.0,5401.44,singleFamily,66,255620.0,2025,https://www.zillow.com,https://photos.zillowstatic.com/fp/7c93197a3e4fa4d75bf7bc66024c6dca-p_c.jpg,2026-09-07 13:58,For Sale
26826084,2133 Oak Valley Ln,75232,Dallas,TX,32.67817,-96.85342,449500,204.0,,,,3.0,3.0,2203.0,1967.0,10410.84,singleFamily,5,301990.0,2025,https://www.zillow.com,https://photos.zillowstatic.com/fp/2363878e8234d0c64ae848c4f54e2b8b-p_c.jpg,2026-09-07 13:58,For Sale
26835510,3030 Weisenberger Dr,75212,Dallas,TX,32.77963,-96.8966,585000,140.0,,578300.0,5614.0,5.0,4.0,4180.0,2013.0,0.355,singleFamily,49,624970.0,2025,https://www.zillow.com,https://photos.zillowstatic.com/fp/5edf0602732760192774a21536006c4f-p_c.jpg,2026-09-07 13:58,For Sale
26732500,2217 52nd St,75216,Dallas,TX,32.69081,-96.78857,234500,137.0,-10000.0,,2012.0,3.0,2.0,1712.0,1960.0,8232.84,singleFamily,90,234420.0,2025,https://www.zillow.com,https://photos.zillowstatic.com/fp/bab4aed9ac9dd51aa0a1798f7380b796-p_c.jpg,2026-09-07 13:58,For Sale
96521947,3104 Delafield Ln,75227,Dallas,TX,32.76434,-96.67444,329900,197.0,-10000.0,328900.0,2471.0,4.0,2.0,1672.0,2026.0,10062.36,singleFamily,138,90000.0,2025,https://www.zillow.com,https://photos.zillowstatic.com/fp/b49b111d69daf87dfd2f3ff399e34905-p_c.jpg,2026-09-07 13:58,For Sale
26779637,3811 Ovid Ave,75224,Dallas,TX,32.696606,-96.85415,369999,174.0,,363600.0,3602.0,4.0,2.0,2121.0,1961.0,7884.36,singleFamily,0,337450.0,2025,https://www.zillow.com,https://photos.zillowstatic.com/fp/166b88bc6ebca27276a611c2201882c4-p_c.jpg,2026-09-07 13:58,For Sale
26809953,3672 Mid Pines Dr,75229,Dallas,TX,32.90698,-96.85665,620000,289.0,-40000.0,605000.0,3693.0,4.0,3.0,2148.0,1959.0,0.36,singleFamily,80,593540.0,2025,https://www.zillow.com,https://photos.zillowstatic.com/fp/6ff66f2494c09d19ac94e4e6d314d5ec-p_c.jpg,2026-09-07 13:58,For Sale
96514968,1721 Avenue B,75203,Dallas,TX,32.74578,-96.79752,590000,229.0,,581600.0,3914.0,4.0,4.0,2574.0,2026.0,8494.2,singleFamily,50,75000.0,2025,https://www.zillow.com,https://photos.zillowstatic.com/fp/970899856c795b8d4003760d857b86c7-p_c.jpg,2026-09-07 13:58,For Sale
26850732,846 Creekridge Dr,75218,Dallas,TX,32.849983,-96.70351,920000,383.0,,,,3.0,3.0,2401.0,1963.0,8624.88,singleFamily,2,661930.0,2025,https://www.zillow.com,https://photos.zillowstatic.com/fp/fdc223b511caddfe097365e23430114e-p_c.jpg,2026-09-07 13:58,For Sale
26901772,5750 Phoenix Dr APT 22,75231,Dallas,TX,32.875942,-96.75966,70000,116.0,-5000.0,,1132.0,1.0,1.0,605.0,1981.0,2.007,condo,140,108410.0,2025,https://www.zillow.com,https://photos.zillowstatic.com/fp/08a5036a5eef13d238f3fc173a3f58db-p_c.jpg,2026-09-07 13:58,For Sale
26869293,9615 Millridge Dr,75243,Dallas,TX,32.90484,-96.729965,615000,250.0,-20000.0,603000.0,4770.0,4.0,3.0,2460.0,1970.0,8755.56,singleFamily,50,605190.0,2025,https://www.zillow.com,https://photos.zillowstatic.com/fp/5178aa5e9af2c73f495cd330d83b9bb3-p_c.jpg,2026-09-07 13:58,For Sale
26750994,6396 Abrams Ct,75231,Dallas,TX,32.86111,-96.74454,369000,249.0,-10000.0,364700.0,2263.0,2.0,2.0,1480.0,1980.0,4094.64,singleFamily,141,376000.0,2025,https://www.zillow.com,https://photos.zillowstatic.com/fp/6579eefe10fe52f79b6704876798de9f-p_c.jpg,2026-09-07 13:58,For Sale
26840055,9020 Westbriar Dr,75228,Dallas,TX,32.815426,-96.696594,489000,290.0,-6000.0,,,3.0,2.0,1688.0,1960.0,7797.24,singleFamily,124,490420.0,2025,https://www.zillow.com,https://photos.zillowstatic.com/fp/9067f3a1f738e6d4d7bed1f2642bd10d-p_c.jpg,2026-09-07 13:58,For Sale
26841971,2519 Highwood Dr,75228,Dallas,TX,32.829605,-96.671486,399000,177.0,-40000.0,,,5.0,3.0,2252.0,1956.0,9278.28,singleFamily,51,385020.0,2025,https://www.zillow.com,https://photos.zillowstatic.com/fp/d19cbc064951b20c2c3e8975b29bdad4-p_c.jpg,2026-09-07 13:58,For Sale
69670180,3517 Apple Valley Way,75227,Dallas,TX,32.76629,-96.65234,285000,147.0,,281300.0,2288.0,5.0,3.0,1934.0,2005.0,4181.76,singleFamily,0,318260.0,2025,https://www.zillow.com,https://photos.zillowstatic.com/fp/b0fc5a55f1ffb9154dfb2564a5f75045-p_c.jpg,2026-09-07 13:58,For Sale
26866661,9812 Ravensway Dr,75238,Dallas,TX,32.88173,-96.72063,695000,306.0,,,,4.0,3.0,2268.0,1965.0,10018.8,singleFamily,13,627310.0,2025,https://www.zillow.com,https://photos.zillowstatic.com/fp/549d01c2b80c18d461fb2f32591f306c-p_c.jpg,2026-09-07 13:58,For Sale
26729090,2409 W Amherst Ave,75235,Dallas,TX,32.83943,-96.85991,189900,158.0,-10000.0,,,3.0,2.0,1200.0,1940.0,7623.0,singleFamily,12,307200.0,2025,https://www.zillow.com,https://photos.zillowstatic.com/fp/5cfe27856c37bce65f9b2ae519de1485-p_c.jpg,2026-09-07 13:58,For Sale
26889060,6223 Fox Trl,75248,Dallas,TX,32.95587,-96.79999,575000,309.0,,559200.0,3493.0,3.0,2.0,1860.0,1983.0,7535.88,singleFamily,5,491540.0,2025,https://www.zillow.com,https://photos.zillowstatic.com/fp/50d5cb3141a63437d8c20e1edf847add-p_c.jpg,2026-09-07 13:58,For Sale
26645606,4816 Sandestin Dr,75287,Dallas,TX,32.99534,-96.826256,1149000,256.0,,1115000.0,5891.0,5.0,5.0,4488.0,1990.0,0.25,singleFamily,3,1133972.0,2025,https://www.zillow.com,https://photos.zillowstatic.com/fp/5c2a09a16917f380f7fc365b3c0767b6-p_c.jpg,2026-09-07 13:58,For Sale
26727631,311 N Tennant St,75208,Dallas,TX,32.746452,-96.85607,379900,280.0,-10100.0,372600.0,2703.0,3.0,2.0,1359.0,1949.0,6490.44,singleFamily,45,350280.0,2025,https://www.zillow.com,https://photos.zillowstatic.com/fp/632cf1cfd668d84c9312e8f5762e5373-p_c.jpg,2026-09-07 13:58,For Sale
26762471,4419 Lawnview Ave,75227,Dallas,TX,32.78305,-96.72165,179900,189.0,,,1592.0,2.0,1.0,950.0,1949.0,6403.32,singleFamily,89,201930.0,2025,https://www.zillow.com,https://photos.zillowstatic.com/fp/62db4fc6e9350773f014b7d2a195265d-p_c.jpg,2026-09-07 13:58,For Sale
26852528,3207 Truxillo Dr,75228,Dallas,TX,32.847755,-96.66204,299999,122.0,,300100.0,3150.0,4.0,2.0,2466.0,1972.0,0.358,singleFamily,9,381270.0,2025,https://www.zillow.com,https://photos.zillowstatic.com/fp/e3edb561fa3a50d991ed7791545a8e7d-p_c.jpg,2026-09-07 13:58,For Sale
26760464,5807 Glen Falls Ln,75209,Dallas,TX,32.86401,-96.81352,9295000,1019.0,-200000.0,8840400.0,,5.0,8.0,9118.0,2026.0,0.514,singleFamily,79,2015100.0,2025,https://www.zillow.com,https://photos.zillowstatic.com/fp/bb7da9088016786ee4b772862254593b-p_c.jpg,2026-09-07 13:58,For Sale
26739989,9030 San Benito Way,75218,Dallas,TX,32.822,-96.702095,575000,292.0,-24000.0,,,3.0,2.0,1967.0,1938.0,9583.2,singleFamily,87,597980.0,2025,https://www.zillow.com,https://photos.zillowstatic.com/fp/532ee25b6bab765058a72fa12ca9d3b6-p_c.jpg,2026-09-07 13:58,For Sale
26717988,1022 N Montclair Ave,75208,Dallas,TX,32.757385,-96.84629,2500000,536.0,,2362800.0,6798.0,5.0,5.0,4665.0,1935.0,0.328,singleFamily,30,1159220.0,2025,https://www.zillow.com,https://photos.zillowstatic.com/fp/d79663b30037fe2a9fd1b404f3cd1f86-p_c.jpg,2026-09-07 13:58,For Sale
53390352,509 Elm St #604,75202,Dallas,TX,32.779938,-96.807526,700000,278.0,,675500.0,4472.0,4.0,3.0,2522.0,1930.0,10018.8,condo,10,614410.0,2025,https://www.zillow.com,https://photos.zillowstatic.com/fp/be457e6bdb39de14af239a7e7cf6042b-p_c.jpg,2026-09-07 13:58,For Sale
26909884,9627 Kerrville St,75227,Dallas,TX,32.76468,-96.65585,250000,184.0,,247700.0,1804.0,3.0,2.0,1361.0,1986.0,3702.6,singleFamily,3,220480.0,2025,https://www.zillow.com,https://photos.zillowstatic.com/fp/831bfa020c82d7cde4fba699c4e572d0-p_c.jpg,2026-09-07 13:58,For Sale
54010848,17911 Meadowchase Way,75287,Dallas,TX,32.99258,-96.860535,365000,147.0,-13000.0,,3271.0,4.0,3.0,2481.0,1995.0,5227.2,singleFamily,122,446223.0,2025,https://www.zillow.com,https://photos.zillowstatic.com/fp/2d2bbd8bcc98a3224bb5346b1771b36c-p_c.jpg,2026-09-07 13:58,For Sale
26752893,7210 Meadow Rd,75230,Dallas,TX,32.88698,-96.78103,995000,295.0,-50000.0,969500.0,6214.0,4.0,4.0,3377.0,1969.0,0.298,singleFamily,53,895000.0,2025,https://www.zillow.com,https://photos.zillowstatic.com/fp/c4a6281b0c3a3823c911eac380a69e04-p_c.jpg,2026-09-07 13:58,For Sale
60346601,13329 Southview Ln,75240,Dallas,TX,32.929558,-96.76768,275000,170.0,,,,3.0,2.0,1618.0,1968.0,4878.72,singleFamily,125,242430.0,2025,https://www.zillow.com,https://photos.zillowstatic.com/fp/d3f6a62f58a643135991119e237adf46-p_c.jpg,2026-09-07 13:58,For Sale
26837484,2415 Barnes Bridge Rd,75228,Dallas,TX,32.850895,-96.67141,240000,133.0,-5000.0,,,3.0,2.0,1808.0,1953.0,7413.912,singleFamily,38,302180.0,2025,https://www.zillow.com,https://photos.zillowstatic.com/fp/41a09ac824f5666560e493c0fa79a4c2-p_c.jpg,2026-09-07 13:58,For Sale
26858919,12022 Dixfield Dr,75218,Dallas,TX,32.86001,-96.69651,675000,284.0,-50000.0,650200.0,4044.0,4.0,3.0,2374.0,1968.0,9321.84,singleFamily,51,585810.0,2025,https://www.zillow.com,https://photos.zillowstatic.com/fp/99b532dcf7956ebc9c8f7b1b05e7b850-p_c.jpg,2026-09-07 13:58,For Sale
26881106,4316 Rickover Dr,75244,Dallas,TX,32.917934,-96.83574,1695000,501.0,,1649000.0,5878.0,4.0,4.0,3386.0,2024.0,0.302,singleFamily,40,913200.0,2025,https://www.zillow.com,https://photos.zillowstatic.com/fp/7156a0d4b2260de9dfe292be30a3d9b4-p_c.jpg,2026-09-07 13:58,For Sale
26874865,7862 La Verdura Dr,75248,Dallas,TX,32.96714,-96.76928,599950,261.0,,677600.0,4845.0,4.0,3.0,2302.0,1969.0,0.2795,singleFamily,5,545340.0,2025,https://www.zillow.com,https://photos.zillowstatic.com/fp/fb89ede1cb9ad125b404534961e9ae93-p_c.jpg,2026-09-07 13:58,For Sale
67957256,7739 Buford Dr,75241,Dallas,TX,32.654243,-96.814156,259999,206.0,,257900.0,1903.0,3.0,2.0,1260.0,2003.0,5749.92,singleFamily,6,239830.0,2025,https://www.zillow.com,https://photos.zillowstatic.com/fp/04ef5a2834584d82ef00868fd44b5d14-p_c.jpg,2026-09-07 13:58,For Sale
26886903,8721 Flint Falls Dr,75243,Dallas,TX,32.897724,-96.73853,609990,279.0,,593700.0,3214.0,4.0,3.0,2189.0,1976.0,9060.48,singleFamily,20,658060.0,2025,https://www.zillow.com,https://photos.zillowstatic.com/fp/453834f99af160e00f176f71fe02cd72-p_c.jpg,2026-09-07 13:58,For Sale
26851448,11616 Wander Ln,75230,Dallas,TX,32.907223,-96.78774,12975000,1377.0,,11770000.0,,5.0,7.0,9420.0,2011.0,2.4,singleFamily,33,11029010.0,2025,https://www.zillow.com,https://photos.zillowstatic.com/fp/47f174fd46f0e4d6cefdf901b43f419b-p_c.jpg,2026-09-07 13:58,For Sale
26785235,5826 Enchanted Ln,75227,Dallas,TX,32.788773,-96.70188,399995,240.0,,393800.0,2019.0,3.0,3.0,1670.0,1965.0,7971.48,singleFamily,10,299300.0,2025,https://www.zillow.com,https://photos.zillowstatic.com/fp/92b767d8ec2cb9317ac570e010c9395a-p_c.jpg,2026-09-07 13:58,For Sale
26838549,10626 Northboro St #9,75230,Dallas,TX,32.89255,-96.77575,325000,224.0,-15000.0,317700.0,2381.0,3.0,2.0,1450.0,1971.0,3615.48,townhome,45,351560.0,2025,https://www.zillow.com,https://photos.zillowstatic.com/fp/f2f02b86e501c2e5f8573afb0e6cda6d-p_c.jpg,2026-09-07 13:58,For Sale
26882367,12333 Ferris Creek Ln,75243,Dallas,TX,32.91544,-96.73156,310000,164.0,,,,3.0,2.0,1895.0,1978.0,0.256,singleFamily,8,374840.0,2025,https://www.zillow.com,https://photos.zillowstatic.com/fp/6d6d8cef3dd6a663f9674aa31ecb772f-p_c.jpg,2026-09-07 13:58,For Sale
26689170,5643 Swiss Ave,75214,Dallas,TX,32.808784,-96.76255,2995000,582.0,,,,5.0,5.0,5145.0,1929.0,0.401,singleFamily,10,2330000.0,2025,https://www.zillow.com,https://photos.zillowstatic.com/fp/08ad965f59c7ed0fec3acfa191301d3a-p_c.jpg,2026-09-07 13:58,For Sale
26850845,8923 Rolling Rock Ln,75238,Dallas,TX,32.870514,-96.694145,520000,308.0,,502100.0,3140.0,3.0,2.0,1688.0,1956.0,0.254,singleFamily,46,534000.0,2025,https://www.zillow.com,https://photos.zillowstatic.com/fp/3982c902399270ee091885c4a858b59f-p_c.jpg,2026-09-07 13:58,For Sale
26809398,3324 Whitehall Dr,75229,Dallas,TX,32.90074,-96.86497,555000,285.0,,,,3.0,3.0,1948.0,1961.0,10454.4,singleFamily,2,519590.0,2025,https://www.zillow.com,https://photos.zillowstatic.com/fp/ab9f636777303eb3d6e3d2666c9f6c85-p_c.jpg,2026-09-07 13:58,For Sale
26834469,3513 Nomas St,75212,Dallas,TX,32.782005,-96.877556,589000,164.0,-10000.0,586400.0,5886.0,4.0,4.0,3600.0,2025.0,7492.32,singleFamily,26,177600.0,2025,https://www.zillow.com,https://photos.zillowstatic.com/fp/8cb595314a01d98c44919fd0af1a49f0-p_c.jpg,2026-09-07 13:58,For Sale
26811255,3111 Rotan Ln,75229,Dallas,TX,32.89156,-96.8752,385000,264.0,,376700.0,2381.0,3.0,2.0,1456.0,1956.0,10018.8,singleFamily,26,332170.0,2025,https://www.zillow.com,https://photos.zillowstatic.com/fp/9104b75cf1da294dc150c036e17e6eb7-p_c.jpg,2026-09-07 13:58,For Sale
26739273,6620 Eastridge Dr APT 125,75231,Dallas,TX,32.86437,-96.74914,144864,96.0,,118700.0,1911.0,2.0,3.0,1509.0,1970.0,3.25,condo,1,180230.0,2025,https://www.zillow.com,https://photos.zillowstatic.com/fp/26bdeb84e4270858b37a38bf29f569e4-p_c.jpg,2026-09-07 13:58,For Sale
26706247,6979 Bob O Link Dr,75214,Dallas,TX,32.833046,-96.740166,3200000,593.0,-50000.0,3057600.0,,5.0,6.0,5399.0,2020.0,9801.0,singleFamily,32,2187880.0,2025,https://www.zillow.com,https://photos.zillowstatic.com/fp/59e3e4ec5b17bfdd05b357a76f1b3faa-p_c.jpg,2026-09-07 13:58,For Sale
26888826,6226 La Cosa Dr,75248,Dallas,TX,32.959396,-96.79859,624900,237.0,-25000.0,610500.0,3616.0,4.0,3.0,2636.0,1979.0,8058.6,singleFamily,29,610420.0,2025,https://www.zillow.com,https://photos.zillowstatic.com/fp/f79c2ba8dfeb7d3615874afae631d72c-p_c.jpg,2026-09-07 13:58,For Sale
26701272,7015 Coronado Ave,75214,Dallas,TX,32.811996,-96.73766,950000,396.0,,904800.0,5774.0,3.0,3.0,2396.0,1945.0,7448.76,singleFamily,59,880820.0,2025,https://www.zillow.com,https://photos.zillowstatic.com/fp/e398d18a16cf881b0b0bf7b7563bf5bb-p_c.jpg,2026-09-07 13:58,For Sale
300036720,1527 Hickory St,75215,Dallas,TX,32.76908,-96.7874,293664,207.0,-205336.0,292500.0,2178.0,2.0,3.0,1418.0,2021.0,2352.0,singleFamily,114,463230.0,2025,https://www.zillow.com,https://photos.zillowstatic.com/fp/6040d22a17c122b1448e87b0ecea2eff-p_c.jpg,2026-09-07 13:58,For Sale
26850931,9306 Rolling Rock Ln,75238,Dallas,TX,32.87467,-96.69353,660000,315.0,,644900.0,3249.0,3.0,2.0,2096.0,1974.0,7405.2,singleFamily,4,627520.0,2025,https://www.zillow.com,https://photos.zillowstatic.com/fp/7726712c6f7508b1e921ce2e616bded0-p_c.jpg,2026-09-07 13:58,For Sale
26913325,12919 Woodbend Ln,75243,Dallas,TX,32.918846,-96.73415,299900,185.0,,294000.0,2395.0,3.0,3.0,1620.0,1983.0,2090.88,singleFamily,6,310140.0,2025,https://www.zillow.com,https://photos.zillowstatic.com/fp/a83689c1238c0a640039e4688080d537-p_c.jpg,2026-09-07 13:58,For Sale
96523839,2823 Curvilinear Ct,75227,Dallas,TX,32.761116,-96.66785,350000,184.0,-20000.0,349100.0,2690.0,4.0,3.0,1899.0,2026.0,5880.6,singleFamily,88,80000.0,2025,https://www.zillow.com,https://photos.zillowstatic.com/fp/e44672a1fe83431716ab4381a28cce94-p_c.jpg,2026-09-07 13:58,For Sale
162362971,9606 Glenacre Ln,75243,Dallas,TX,32.895626,-96.724464,400000,191.0,,387600.0,2265.0,3.0,3.0,2094.0,1978.0,3876.84,singleFamily,34,388170.0,2025,https://www.zillow.com,https://photos.zillowstatic.com/fp/f9bb32518915707a161650cef96c81c4-p_c.jpg,2026-09-07 13:58,For Sale
26812625,2909 Silverton Dr,75229,Dallas,TX,32.89979,-96.8809,355000,239.0,-19000.0,348200.0,2606.0,3.0,2.0,1488.0,1959.0,8102.16,singleFamily,75,365700.0,2025,https://www.zillow.com,https://photos.zillowstatic.com/fp/ff6e0f9f4ea0b0f4d588e2e04d790d58-p_c.jpg,2026-09-07 13:58,For Sale
26707630,7162 Carrousel Cir,75214,Dallas,TX,32.833584,-96.735306,1175000,471.0,,,,4.0,3.0,2493.0,1971.0,8058.6,singleFamily,0,913880.0,2025,https://www.zillow.com,https://photos.zillowstatic.com/fp/229f6b12f6d3640dac20ce86807065cb-p_c.jpg,2026-09-07 13:58,For Sale
26718307,2739 Kingston St,75211,Dallas,TX,32.734173,-96.86537,274750,208.0,,271600.0,2433.0,3.0,2.0,1320.0,1926.0,6272.64,singleFamily,18,198260.0,2025,https://www.zillow.com,https://photos.zillowstatic.com/fp/7db6fadd91df51bb1d02ef8bce285cc8-p_c.jpg,2026-09-07 13:58,For Sale
26759625,5444 Northbrook Dr,75220,Dallas,TX,32.866047,-96.81663,12589000,1000.0,-2411000.0,,,7.0,9.0,12589.0,1950.0,1.621,singleFamily,72,2423400.0,2025,https://www.zillow.com,https://photos.zillowstatic.com/fp/e0a35e71e87a0546dd13a3c40fedef37-p_c.jpg,2026-09-07 13:58,For Sale
444242369,8181 Douglas Ave #Penthouse 9-12,75225,Dallas,TX,32.86198,-96.80891,17500000,1228.0,,,,5.0,13.0,14250.0,1982.0,0.4255,condo,127,,,https://www.zillow.com,https://photos.zillowstatic.com/fp/740a8ec79973c1a2fb3483c4cdf6d421-p_c.jpg,2026-09-07 13:58,For Sale
26805388,4110 Shady Hill Dr,75229,Dallas,TX,32.905617,-96.84089,1425000,358.0,,,,6.0,6.0,3984.0,1965.0,0.3761,singleFamily,13,1071670.0,2025,https://www.zillow.com,https://photos.zillowstatic.com/fp/e3685d0bdfae662171e6eb10d9720d76-p_c.jpg,2026-09-07 13:58,For Sale
26751118,7223 Edgerton Dr,75231,Dallas,TX,32.8562,-96.73668,618500,333.0,-21000.0,604300.0,3335.0,3.0,2.0,1855.0,1954.0,7405.2,singleFamily,31,566830.0,2025,https://www.zillow.com,https://photos.zillowstatic.com/fp/908cc73d6bfae43af610fd9a6d6e6c13-p_c.jpg,2026-09-07 13:58,For Sale
26849716,6959 Helsem Way #139,75230,Dallas,TX,32.92001,-96.78387,579000,228.0,-10000.0,561600.0,4715.0,3.0,3.0,2534.0,1974.0,17.424,singleFamily,11,538390.0,2025,https://www.zillow.com,https://photos.zillowstatic.com/fp/82181d6a62a95bc8a3364f82153c18d7-p_c.jpg,2026-09-07 13:58,For Sale
26756970,10920 Strait Ln,75229,Dallas,TX,32.898327,-96.82428,9750000,870.0,-249999.0,9085400.0,,6.0,10.0,11211.0,2025.0,0.721,singleFamily,130,9362840.0,2025,https://www.zillow.com,https://photos.zillowstatic.com/fp/20d0cf0eb60450b125fba124e6413651-p_c.jpg,2026-09-07 13:58,For Sale
162404766,8001 Rothington Rd APT 21-27,75227,Dallas,TX,32.782516,-96.68679,515000,104.0,,504100.0,1191.0,8.0,12.0,4960.0,1983.0,10018.8,multiFamily,30,560000.0,2025,https://www.zillow.com,https://photos.zillowstatic.com/fp/f44b6e64a6dc369de45cf339dbb12aa2-p_c.jpg,2026-09-07 13:58,For Sale
96530878,5335 Meaders Ln,75229,Dallas,TX,32.88578,-96.81619,10900000,878.0,,10330500.0,,5.0,9.0,12421.0,2009.0,1.1,singleFamily,19,10863240.0,2025,https://www.zillow.com,https://photos.zillowstatic.com/fp/31b5660190da20778a3cc161bff64703-p_c.jpg,2026-09-07 13:58,For Sale
26822638,3245 Pacesetter Dr,75241,Dallas,TX,32.663532,-96.77129,235000,155.0,,233200.0,2089.0,4.0,3.0,1518.0,1973.0,6708.24,singleFamily,43,212850.0,2025,https://www.zillow.com,https://photos.zillowstatic.com/fp/70b071e006d6d6c512af7d671f3a6e49-p_c.jpg,2026-09-07 13:58,For Sale
26717497,1119 N Winnetka Ave,75208,Dallas,TX,32.757988,-96.840576,1050000,303.0,-95000.0,1022300.0,6619.0,4.0,4.0,3468.0,1925.0,7753.68,singleFamily,101,900000.0,2025,https://www.zillow.com,https://photos.zillowstatic.com/fp/fc13bb38a5559bfb942e01a1d28b5682-p_c.jpg,2026-09-07 13:58,For Sale
462499343,4044 Hawthorne Ave,75219,Dallas,TX,32.82241,-96.8075,2199000,506.0,,2137100.0,7984.0,4.0,6.0,4342.0,2026.0,7405.2,townhome,0,,,https://www.zillow.com,https://photos.zillowstatic.com/fp/a65ba1928b6cd908573066bfeb7977f5-p_c.jpg,2026-09-07 13:58,For Sale
465085974,2206 Dyson St,75215,Dallas,TX,32.741863,-96.75671,309990,188.0,,,,3.0,3.0,1650.0,2026.0,5401.44,singleFamily,0,,,https://www.zillow.com,https://photos.zillowstatic.com/fp/73d4b360f729d296d5f88949a39d58c0-p_c.jpg,2026-09-07 13:58,For Sale
26678465,5020 Junius St,75214,Dallas,TX,32.80122,-96.76551,700000,272.0,,679500.0,4753.0,3.0,3.0,2577.0,1913.0,6664.68,singleFamily,39,765800.0,2025,https://www.zillow.com,https://photos.zillowstatic.com/fp/3c1bfafcff6cf03878aef5ccf8d4620d-p_c.jpg,2026-09-07 13:58,For Sale
26701334,6903 Coronado Ave,75214,Dallas,TX,32.812527,-96.74086,2895000,599.0,,2769800.0,,5.0,5.0,4830.0,2026.0,8015.04,singleFamily,4,736880.0,2025,https://www.zillow.com,https://photos.zillowstatic.com/fp/be9b8c037b530171ae28503ca6a8bd8b-p_c.jpg,2026-09-07 13:58,For Sale
26750173,6723 Santa Anita Dr,75214,Dallas,TX,32.849342,-96.74358,499000,392.0,-16000.0,489600.0,3267.0,3.0,2.0,1272.0,1954.0,7405.2,singleFamily,107,514190.0,2025,https://www.zillow.com,https://photos.zillowstatic.com/fp/5c077644ceb6450758b5f17179a67a10-p_c.jpg,2026-09-07 13:58,For Sale
26732706,6454 Sondra Dr,75214,Dallas,TX,32.82639,-96.7507,4095000,652.0,-100000.0,3967800.0,,5.0,7.0,6283.0,2026.0,0.312,singleFamily,37,1089290.0,2025,https://www.zillow.com,https://photos.zillowstatic.com/fp/971beb516a2c3e579bedbe9fa7054d5b-p_c.jpg,2026-09-07 13:58,For Sale
26683222,4020 Buena Vista St,75204,Dallas,TX,32.81392,-96.79631,1325000,530.0,,1269300.0,3537.0,2.0,3.0,2500.0,1971.0,3615.48,townhome,5,1007250.0,2025,https://www.zillow.com,https://photos.zillowstatic.com/fp/f6f1df4d7ca856bcef785767b69ce6c0-p_c.jpg,2026-09-07 13:58,For Sale
26738126,1807 S Vernon Ave,75224,Dallas,TX,32.727768,-96.83711,475000,233.0,-25000.0,468000.0,2989.0,4.0,2.0,2037.0,1950.0,7884.36,singleFamily,24,340000.0,2025,https://www.zillow.com,https://photos.zillowstatic.com/fp/3ffa48580b50c0d5a59def39cf8bb180-p_c.jpg,2026-09-07 13:58,For Sale
26845423,3111 Andrea Dr,75228,Dallas,TX,32.828045,-96.66216,250000,222.0,-15000.0,245300.0,1939.0,4.0,2.0,1128.0,1954.0,7666.56,singleFamily,18,240580.0,2025,https://www.zillow.com,https://photos.zillowstatic.com/fp/ac5ea52982219214747ef94f33004f92-p_c.jpg,2026-09-07 13:58,For Sale
26785914,7322 Hunnicut Rd,75227,Dallas,TX,32.789425,-96.71207,515000,213.0,,506800.0,2699.0,4.0,3.0,2419.0,1969.0,8407.08,singleFamily,10,262600.0,2025,https://www.zillow.com,https://photos.zillowstatic.com/fp/c6c57e1eb07a562b260794235e43a596-p_c.jpg,2026-09-07 13:58,For Sale
54012950,3639 White River Dr,75287,Dallas,TX,33.003273,-96.85102,599000,238.0,,,,4.0,3.0,2519.0,1998.0,6882.48,singleFamily,12,541438.0,2025,https://www.zillow.com,https://photos.zillowstatic.com/fp/f1fb52d2b6613c1a4b0512c018dd6b74-p_c.jpg,2026-09-07 13:58,For Sale
26889684,6502 Riverview Ln,75248,Dallas,TX,32.974606,-96.79891,975000,254.0,,951300.0,5593.0,4.0,3.0,3846.0,1980.0,0.26599999999999996,singleFamily,82,1018610.0,2025,https://www.zillow.com,https://photos.zillowstatic.com/fp/2cc1f7f9dd70de79db086c9f7aa457d8-p_c.jpg,2026-09-07 13:58,For Sale
26931894,9837 Walnut St #207,75243,Dallas,TX,32.922836,-96.71392,115000,112.0,-10000.0,111100.0,1559.0,2.0,2.0,1031.0,1984.0,8.814,condo,72,123720.0,2025,https://www.zillow.com,https://photos.zillowstatic.com/fp/e8c0329742b664bdf9ca86bb92306687-p_c.jpg,2026-09-07 13:58,For Sale
26741018,9003 Santa Clara Dr,75218,Dallas,TX,32.823914,-96.70591,550000,422.0,,,,2.0,2.0,1302.0,1940.0,8668.44,singleFamily,5,535000.0,2025,https://www.zillow.com,https://photos.zillowstatic.com/fp/386cc289bd800253367da38992a015d9-p_c.jpg,2026-09-07 13:58,For Sale
26752931,7387 Blairview Dr,75230,Dallas,TX,32.881042,-96.77529,2745000,523.0,,2662900.0,,5.0,6.0,5252.0,2026.0,0.2713,singleFamily,61,976900.0,2025,https://www.zillow.com,https://photos.zillowstatic.com/fp/d990598bc4eae63e9775300266fc7f3c-p_c.jpg,2026-09-07 13:58,For Sale
26751108,7329 Edgerton Dr,75231,Dallas,TX,32.857544,-96.73505,550000,274.0,-35000.0,544100.0,3741.0,4.0,3.0,2006.0,1960.0,7766.748,singleFamily,171,566090.0,2025,https://www.zillow.com,https://photos.zillowstatic.com/fp/a8746595e435f258fa3ac003af6247c7-p_c.jpg,2026-09-07 13:58,For Sale
26873190,7225 Heathermore Dr,75248,Dallas,TX,32.9656,-96.78316,735000,306.0,,713700.0,5896.0,5.0,3.0,2402.0,1970.0,8450.64,singleFamily,2,641570.0,2025,https://www.zillow.com,https://photos.zillowstatic.com/fp/211c2e25efb0395c9db1d0b4e4cc1eb9-p_c.jpg,2026-09-07 13:58,For Sale
26911681,3024 Encino Dr,75228,Dallas,TX,32.84708,-96.66352,369999,135.0,,,,4.0,3.0,2747.0,1991.0,10062.36,singleFamily,4,378110.0,2025,https://www.zillow.com,https://photos.zillowstatic.com/fp/2246b31cdd13f01b291b1c1e771bd1bd-p_c.jpg,2026-09-07 13:58,For Sale
26852429,7959 Greenhollow Ln,75240,Dallas,TX,32.938297,-96.770325,400000,178.0,,387300.0,3340.0,4.0,3.0,2241.0,1969.0,10715.76,singleFamily,13,487000.0,2025,https://www.zillow.com,https://photos.zillowstatic.com/fp/21732871f4f4e93e5a5cd923dec55f8d-p_c.jpg,2026-09-07 13:58,For Sale
26684338,2318 Poplar St,75215,Dallas,TX,32.755436,-96.762955,260000,213.0,,,,3.0,3.0,1219.0,1930.0,7448.76,singleFamily,2,155820.0,2025,https://www.zillow.com,https://photos.zillowstatic.com/fp/2dc9adb87f0aca307a61a4cd1e7a6305-p_c.jpg,2026-09-07 13:58,For Sale
26691864,2215 Madera St,75206,Dallas,TX,32.814247,-96.77663,1445000,528.0,-50000.0,1395300.0,,3.0,3.0,2738.0,2016.0,7501.032,singleFamily,30,1124380.0,2025,https://www.zillow.com,https://photos.zillowstatic.com/fp/d4c371a21c492c14f11933cb564d4b76-p_c.jpg,2026-09-07 13:58,For Sale
67963101,1327 Cleardale Dr,75232,Dallas,TX,32.650448,-96.84474,239000,201.0,-10000.0,236600.0,1954.0,3.0,2.0,1188.0,2004.0,5880.6,singleFamily,22,223790.0,2025,https://www.zillow.com,https://photos.zillowstatic.com/fp/0fc4dbc863975ea6e709a3854cb79134-p_c.jpg,2026-09-07 13:58,For Sale
26759802,5543 Edlen Dr,75220,Dallas,TX,32.879005,-96.812126,6795000,764.0,,6293500.0,,5.0,9.0,8892.0,2005.0,0.622,singleFamily,6,5636160.0,2025,https://www.zillow.com,https://photos.zillowstatic.com/fp/ee3c9f1b37f15ae583b128c7da5ebe34-p_c.jpg,2026-09-07 13:58,For Sale
26586072,4208 Bretton Bay Cir,75287,Dallas,TX,32.99047,-96.83813,699995,188.0,-8005.0,683200.0,5799.0,5.0,5.0,3731.0,1978.0,0.29,singleFamily,137,854163.0,2025,https://www.zillow.com,https://photos.zillowstatic.com/fp/0d1b05968138dd2efb376093cef5f2a7-p_c.jpg,2026-09-07 13:58,For Sale
89227722,5205 Capitol Ave Unit 9,75206,Dallas,TX,32.81432,-96.779564,500000,245.0,-24992.0,497600.0,4367.0,2.0,3.0,2042.0,2007.0,0.459,condo,206,541130.0,2025,https://www.zillow.com,https://photos.zillowstatic.com/fp/5c47bd7913f19a2c38f8bfe9bc89818e-p_c.jpg,2026-09-07 13:58,For Sale
26848568,13216 Hillcrest Rd,75240,Dallas,TX,32.92971,-96.785706,1170000,264.0,-50000.0,1115600.0,7156.0,7.0,7.0,4425.0,1981.0,0.5670000000000001,singleFamily,130,955730.0,2025,https://www.zillow.com,https://photos.zillowstatic.com/fp/6b569e1e7e422c4c74e18510d6847dc6-p_c.jpg,2026-09-07 13:58,For Sale
26758119,4700 Dorset Rd,75229,Dallas,TX,32.883846,-96.82762,9450000,719.0,-547000.0,8397800.0,,5.0,8.0,13151.0,1951.0,1.187,singleFamily,215,6546810.0,2025,https://www.zillow.com,https://photos.zillowstatic.com/fp/286151bdb61010284183c163c85e2c3c-p_c.jpg,2026-09-07 13:58,For Sale
26875878,6422 Cedar Hollow Dr,75248,Dallas,TX,32.97671,-96.798134,550000,207.0,,535200.0,3546.0,3.0,3.0,2655.0,1992.0,2874.96,townhome,4,385040.0,2025,https://www.zillow.com,https://photos.zillowstatic.com/fp/c692cc52c4f66152ad4f21454986c6b2-p_c.jpg,2026-09-07 13:58,For Sale
26755603,6607 Glendora Ave,75230,Dallas,TX,32.885513,-96.79124,2999999,464.0,,2895600.0,,5.0,6.0,6471.0,1999.0,0.344,singleFamily,17,2528900.0,2025,https://www.zillow.com,https://photos.zillowstatic.com/fp/f9584340ece8485f6d17613f179f8bba-p_c.jpg,2026-09-07 13:58,For Sale
26838897,10521 Sandpiper Ln,75230,Dallas,TX,32.889427,-96.78047,485000,261.0,-20000.0,478200.0,2914.0,3.0,2.0,1859.0,1971.0,6446.88,singleFamily,217,473790.0,2025,https://www.zillow.com,https://photos.zillowstatic.com/fp/4337fa862d43b9c3b2e779eb755195e6-p_c.jpg,2026-09-07 13:58,For Sale
26805653,11864 Cold Harbor Ln,75244,Dallas,TX,32.91157,-96.84852,800000,339.0,-25000.0,,,3.0,3.0,2361.0,1963.0,0.33699999999999997,singleFamily,31,517000.0,2025,https://www.zillow.com,https://photos.zillowstatic.com/fp/f830f50d08d27e5dc0fd9f695b4a0d23-p_c.jpg,2026-09-07 13:58,For Sale
26739624,8610 Angora St,75218,Dallas,TX,32.82252,-96.7134,1445000,441.0,-44000.0,,,4.0,4.0,3277.0,2021.0,7971.48,singleFamily,32,1235000.0,2025,https://www.zillow.com,https://photos.zillowstatic.com/fp/c6668315c4ec2dd12ecf26a26be28b4a-p_c.jpg,2026-09-07 13:58,For Sale
67965250,3225 Turtle Creek Blvd APT 709,75219,Dallas,TX,32.806835,-96.80463,415000,334.0,,,,2.0,2.0,1242.0,1998.0,3.536,condo,10,426000.0,2025,https://www.zillow.com,https://photos.zillowstatic.com/fp/1cf33bf7a4f4fc932ce6d36309fe54af-p_c.jpg,2026-09-07 13:58,For Sale
53071477,17663 Sunmeadow Dr,75252,Dallas,TX,32.993668,-96.802086,435999,239.0,,420400.0,2470.0,2.0,2.0,1823.0,1983.0,7405.2,singleFamily,2,416192.0,2025,https://www.zillow.com,https://photos.zillowstatic.com/fp/1aa7fda4258fa4d33ff1ea99d2a60cbc-p_c.jpg,2026-09-07 13:58,For Sale
26845392,9102 Lindaro Ln,75228,Dallas,TX,32.816105,-96.67941,355000,228.0,,345100.0,2110.0,3.0,2.0,1560.0,1957.0,7405.2,singleFamily,7,309990.0,2025,https://www.zillow.com,https://photos.zillowstatic.com/fp/72e1898cb0627b49d76ebc879c567fee-p_c.jpg,2026-09-07 13:58,For Sale
26706213,6625 Bob O Link Dr,75214,Dallas,TX,32.831596,-96.745895,2799000,683.0,-76000.0,,,4.0,3.0,4098.0,1949.0,0.335,singleFamily,60,1900230.0,2025,https://www.zillow.com,https://photos.zillowstatic.com/fp/5df7519a31cdb0116a65f83fc6d1f5c8-p_c.jpg,2026-09-07 13:58,For Sale
26877774,3971 Avocado Dr,75241,Dallas,TX,32.6658,-96.74797,159580,97.0,-5000.0,,2607.0,6.0,2.0,1637.0,1971.0,7143.84,singleFamily,175,224350.0,2025,https://www.zillow.com,https://photos.zillowstatic.com/fp/fe4ad7cf6e05b5e5391b6e2ac342ba4f-p_c.jpg,2026-09-07 13:58,For Sale
26899111,4209 Wycliff Ave APT A,75219,Dallas,TX,32.819977,-96.804054,629000,304.0,,613200.0,4050.0,3.0,3.0,2070.0,1998.0,1785.96,singleFamily,9,444870.0,2025,https://www.zillow.com,https://photos.zillowstatic.com/fp/cdb03087f7da53524782785db3a9b120-p_c.jpg,2026-09-07 13:58,For Sale
26890250,11901 Woodbridge Dr,75243,Dallas,TX,32.91062,-96.71476,579000,211.0,-6000.0,,,4.0,3.0,2742.0,1980.0,0.25,singleFamily,33,471240.0,2025,https://www.zillow.com,https://photos.zillowstatic.com/fp/9343800107cb5e909e0072cbbf325c1b-p_c.jpg,2026-09-07 13:58,For Sale
26890308,10216 Shadow Way,75243,Dallas,TX,32.914364,-96.710434,515000,200.0,,502800.0,2820.0,4.0,3.0,2579.0,1983.0,10349.856,singleFamily,18,490000.0,2025,https://www.zillow.com,https://photos.zillowstatic.com/fp/07b65f205b7e5b77033bb90f0d4568fc-p_c.jpg,2026-09-07 13:58,For Sale
162298636,3228 Grantwood Dr,75229,Dallas,TX,32.888435,-96.87161,689900,276.0,-35100.0,674600.0,4790.0,4.0,3.0,2500.0,1968.0,0.252,singleFamily,149,669910.0,2025,https://www.zillow.com,https://photos.zillowstatic.com/fp/86db71109e55476dfb827f8bedc35f1e-p_c.jpg,2026-09-07 13:58,For Sale
26630261,5720 Moss Creek Trl,75252,Dallas,TX,33.008812,-96.81058,925000,254.0,,,,4.0,3.0,3645.0,1987.0,9583.2,singleFamily,17,780870.0,2025,https://www.zillow.com,https://photos.zillowstatic.com/fp/f25ec6f202a70129d72a4a646be79879-p_c.jpg,2026-09-07 13:58,For Sale
96499847,6908 Chantilly Ct,75214,Dallas,TX,32.836292,-96.741035,1335000,412.0,,1273400.0,6650.0,4.0,4.0,3244.0,2016.0,5270.76,singleFamily,31,1240280.0,2025,https://www.zillow.com,https://photos.zillowstatic.com/fp/c69e2b5cdbf3fb211d2d69687f5daa06-p_c.jpg,2026-09-07 13:58,For Sale
444241539,13247 Pandora Dr,75238,Dallas,TX,32.874275,-96.69024,150000,174.0,,,1731.0,2.0,1.0,860.0,1985.0,5052.96,singleFamily,14,,,https://www.zillow.com,https://photos.zillowstatic.com/fp/52b07e4fe9db8eb05917d5f5ef378089-p_c.jpg,2026-09-07 13:58,For Sale
26697311,5318 Denton Dr,75235,Dallas,TX,32.82033,-96.82966,879900,372.0,-15100.0,856300.0,4517.0,3.0,3.0,2365.0,1999.0,7579.44,singleFamily,58,678430.0,2025,https://www.zillow.com,https://photos.zillowstatic.com/fp/faa6e75cd60a651cb7b705c31d943b16-p_c.jpg,2026-09-07 13:58,For Sale
96520661,43 Vanguard Way,75243,Dallas,TX,32.902023,-96.76456,799000,634.0,-26000.0,766500.0,2937.0,2.0,2.0,1260.0,2010.0,5009.4,singleFamily,33,783700.0,2025,https://www.zillow.com,https://photos.zillowstatic.com/fp/96b5b233805b5e24f002587685a1a04b-p_c.jpg,2026-09-07 13:58,For Sale
53071135,6515 Genstar Ln,75252,Dallas,TX,33.00276,-96.79092,984500,387.0,-5500.0,969400.0,3891.0,4.0,3.0,2546.0,1983.0,7840.8,singleFamily,19,522016.0,2025,https://www.zillow.com,https://photos.zillowstatic.com/fp/8f4d74fd504e6c0247c64b2772a24f06-p_c.jpg,2026-09-07 13:58,For Sale
53389616,1676 Glade Forest Dr,75218,Dallas,TX,32.80505,-96.72278,899000,283.0,-26000.0,879000.0,4774.0,3.0,4.0,3172.0,1999.0,9888.12,singleFamily,86,948760.0,2025,https://www.zillow.com,https://photos.zillowstatic.com/fp/7790a681d7aef6262ddc245438851c97-p_c.jpg,2026-09-07 13:58,For Sale
457482775,917 S Carroll Ave,75223,Dallas,TX,32.78605,-96.76156,575000,197.0,-25000.0,569500.0,4702.0,4.0,5.0,2921.0,2025.0,6708.24,singleFamily,87,,,https://www.zillow.com,https://photos.zillowstatic.com/fp/276d028961830e29374fce886ab0fbfe-p_c.jpg,2026-09-07 13:58,For Sale
26869003,9517 Fallbrook Dr,75243,Dallas,TX,32.902004,-96.73191,630000,246.0,-10000.0,,,3.0,3.0,2556.0,1973.0,8276.4,singleFamily,94,608420.0,2025,https://www.zillow.com,https://photos.zillowstatic.com/fp/d0fcb1ce9deaff6780213af55ae1a252-p_c.jpg,2026-09-07 13:58,For Sale
26767686,2666 Kellogg Ave,75216,Dallas,TX,32.717056,-96.79431,244900,199.0,-5000.0,241200.0,1828.0,3.0,2.0,1228.0,1983.0,6708.24,singleFamily,17,203240.0,2025,https://www.zillow.com,https://photos.zillowstatic.com/fp/5e4455e39bc9efe499c2b5f00b496ba4-p_c.jpg,2026-09-07 13:58,For Sale
465087720,1900 S Ervay St #606,75215,Dallas,TX,32.769585,-96.78631,999950,352.0,,,,2.0,3.0,2837.0,2026.0,0.601,condo,0,,,https://www.zillow.com,https://photos.zillowstatic.com/fp/b6aef977f098bbe4bf795f7dd9f92731-p_c.jpg,2026-09-07 13:58,For Sale
26903486,6103 Aberdeen Ave,75230,Dallas,TX,32.882557,-96.801414,5124000,899.0,-571000.0,4873600.0,7915.0,4.0,7.0,5700.0,2026.0,0.35600000000000004,singleFamily,96,2502990.0,2025,https://www.zillow.com,https://photos.zillowstatic.com/fp/c709f55070e587771a3f6072cd21baa9-p_c.jpg,2026-09-07 13:58,For Sale
26767111,2319 Kathleen Ave,75216,Dallas,TX,32.705616,-96.790436,105000,116.0,-5000.0,,1580.0,3.0,1.0,904.0,1948.0,5924.16,singleFamily,135,167190.0,2025,https://www.zillow.com,https://photos.zillowstatic.com/fp/1ed857364c42c34f4a417389badd9ba8-p_c.jpg,2026-09-07 13:58,For Sale
339377612,3169 Stag Rd,75241,Dallas,TX,32.69527,-96.76295,575000,205.0,,,,6.0,4.0,2800.0,2026.0,6969.6,multiFamily,1,55000.0,2025,https://www.zillow.com,https://photos.zillowstatic.com/fp/51439c1abaa93779a08bfaa159571657-p_c.jpg,2026-09-07 13:58,For Sale
26864345,10015 Milltrail Dr,75238,Dallas,TX,32.891605,-96.71444,699000,289.0,,678300.0,6103.0,4.0,3.0,2417.0,1967.0,8929.8,singleFamily,6,497070.0,2025,https://www.zillow.com,https://photos.zillowstatic.com/fp/bb1c987e325017c43dd4e84165155c64-p_c.jpg,2026-09-07 13:58,For Sale
26904817,6218 Everglade Rd,75227,Dallas,TX,32.78552,-96.69694,355000,163.0,-5000.0,354100.0,2720.0,4.0,3.0,2180.0,1998.0,6751.8,singleFamily,62,355880.0,2025,https://www.zillow.com,https://photos.zillowstatic.com/fp/fd92f91e0cfcf83e7ff7a635b6b2468b-p_c.jpg,2026-09-07 13:58,For Sale
26863013,4653 Country Creek Dr APT 1124,75236,Dallas,TX,32.698524,-96.89989,124900,119.0,,107900.0,1672.0,2.0,2.0,1046.0,1974.0,19.864,condo,1,106690.0,2025,https://www.zillow.com,https://photos.zillowstatic.com/fp/2d3208075f7c7df4b076d8add603ef5d-p_c.jpg,2026-09-07 13:58,For Sale
26718972,2911 S Denley Dr,75216,Dallas,TX,32.7115,-96.8058,269000,189.0,,265300.0,1934.0,3.0,2.0,1425.0,1930.0,7492.32,singleFamily,39,192320.0,2025,https://www.zillow.com,https://photos.zillowstatic.com/fp/1f95efb4faf996e7e8161cefd768b1dc-p_c.jpg,2026-09-07 13:58,For Sale
53071900,6608 Camille Ave,75252,Dallas,TX,32.9998,-96.789604,699000,271.0,-16000.0,685400.0,3261.0,3.0,2.0,2582.0,1982.0,8276.4,singleFamily,118,592624.0,2025,https://www.zillow.com,https://photos.zillowstatic.com/fp/a025b1a95ed947a98579a3d32ff51f34-p_c.jpg,2026-09-07 13:58,For Sale
26854874,7791 Los Gatos Dr,75232,Dallas,TX,32.652737,-96.85389,205000,98.0,,,,4.0,2.0,2092.0,1975.0,4530.24,singleFamily,69,260430.0,2025,https://www.zillow.com,https://photos.zillowstatic.com/fp/0e5697127644331d001e5099cfa008a2-p_c.jpg,2026-09-07 13:58,For Sale
463515469,3315 Kyser St,75216,Dallas,TX,32.71051,-96.76295,334900,216.0,-10000.0,333100.0,2345.0,3.0,3.0,1547.0,2026.0,0.31620000000000004,singleFamily,35,,,https://www.zillow.com,https://photos.zillowstatic.com/fp/509ecfc365d2efcecb699f3f8b94898f-p_c.jpg,2026-09-07 13:58,For Sale
26691185,2638 Southland St,75215,Dallas,TX,32.75495,-96.75555,348999,218.0,,346400.0,1618.0,3.0,2.0,1600.0,2026.0,7143.84,singleFamily,13,128570.0,2025,https://www.zillow.com,https://photos.zillowstatic.com/fp/bf722d71fc723e2a9657d9bfd8114867-p_c.jpg,2026-09-07 13:58,For Sale
26841350,2333 Lockhart Ave,75228,Dallas,TX,32.820415,-96.6762,197500,140.0,-2400.0,,2011.0,3.0,2.0,1409.0,1954.0,7666.56,singleFamily,125,242000.0,2025,https://www.zillow.com,https://photos.zillowstatic.com/fp/4c755d5534ffa9789442ddf35ff5caca-p_c.jpg,2026-09-07 13:58,For Sale
162297641,3650 Rickshaw Dr,75229,Dallas,TX,32.88109,-96.85892,1075000,163.0,,1022900.0,1771.0,12.0,8.0,6608.0,1969.0,10018.8,multiFamily,37,882340.0,2025,https://www.zillow.com,https://photos.zillowstatic.com/fp/470207676441d7d2f021e74ab594e1a9-p_c.jpg,2026-09-07 13:58,For Sale
344555563,2404 Colony Ct #2406,75235,Dallas,TX,32.835716,-96.85545,340000,219.0,5000.0,,2150.0,4.0,2.0,1552.0,1947.0,6072.264,multiFamily,95,,,https://www.zillow.com,https://photos.zillowstatic.com/fp/d4569230752917f565989118ae61927c-p_c.jpg,2026-09-07 13:58,For Sale
26714628,1327 E Waco Ave,75216,Dallas,TX,32.735672,-96.80432,415000,193.0,,,,4.0,4.0,2154.0,2026.0,6969.6,singleFamily,17,67440.0,2019,https://www.zillow.com,https://photos.zillowstatic.com/fp/ff5733ae224145320bc67b68d13ad849-p_c.jpg,2026-09-07 13:58,For Sale
464436049,820 Lambert St,75203,Dallas,TX,32.739807,-96.794914,470000,154.0,-29000.0,469500.0,4312.0,5.0,4.0,3060.0,2026.0,8624.88,singleFamily,27,,,https://www.zillow.com,https://photos.zillowstatic.com/fp/f56051ae2b68ad5e18d413cf0700ea32-p_c.jpg,2026-09-07 13:58,For Sale
26868426,9205 Moss Farm Ln,75243,Dallas,TX,32.896366,-96.74376,699000,279.0,-20900.0,689200.0,6108.0,4.0,3.0,2509.0,1976.0,7056.72,singleFamily,106,497000.0,2025,https://www.zillow.com,https://photos.zillowstatic.com/fp/9f4a7c495ee855a85667d4d5c65ef802-p_c.jpg,2026-09-07 13:58,For Sale
26830880,8430 Sweetwater Dr,75228,Dallas,TX,32.805134,-96.70365,415000,259.0,,,,3.0,2.0,1603.0,1961.0,8058.6,singleFamily,4,406380.0,2025,https://www.zillow.com,https://photos.zillowstatic.com/fp/78c5035dfe38c2ae4793bf669ed52685-p_c.jpg,2026-09-07 13:58,For Sale
26788391,4125 Highgrove Dr,75220,Dallas,TX,32.869244,-96.84151,2995000,497.0,,2894600.0,,5.0,7.0,6021.0,2026.0,0.29,singleFamily,9,450000.0,2025,https://www.zillow.com,https://photos.zillowstatic.com/fp/65a9effe41db2deecd75e9c0295201ae-p_c.jpg,2026-09-07 13:58,For Sale
96533947,3803 Kenilworth St,75210,Dallas,TX,32.765114,-96.74373,94900,141.0,-10000.0,,,3.0,1.0,672.0,2020.0,4573.8,singleFamily,41,130130.0,2025,https://www.zillow.com,https://photos.zillowstatic.com/fp/4b64e6369e2d03c5bf6628fa60db0eba-p_c.jpg,2026-09-07 13:58,For Sale
26926945,4231 Holland Ave APT D,75219,Dallas,TX,32.817875,-96.809326,390000,351.0,,380600.0,2558.0,2.0,2.0,1110.0,1983.0,740.52,townhome,2,353500.0,2025,https://www.zillow.com,https://photos.zillowstatic.com/fp/f9f0fdedb0d14e2bb5cbf405cebdb3d8-p_c.jpg,2026-09-07 13:58,For Sale
26729594,1902 Norfolk Ave,75203,Dallas,TX,32.732082,-96.79639,319999,152.0,-10000.0,317000.0,2556.0,3.0,2.0,2108.0,1938.0,7361.64,singleFamily,81,363050.0,2025,https://www.zillow.com,https://photos.zillowstatic.com/fp/aadc73c23d3ea5caccfd4b7061a810ed-p_c.jpg,2026-09-07 13:58,For Sale
26826317,6529 Putting Green Dr,75232,Dallas,TX,32.668655,-96.84173,549000,229.0,,532300.0,3127.0,3.0,3.0,2395.0,1965.0,0.633,singleFamily,4,401530.0,2025,https://www.zillow.com,https://photos.zillowstatic.com/fp/49eb884c423453fd489858ae72d87448-p_c.jpg,2026-09-07 13:58,For Sale
26717573,1231 S Montclair Ave,75208,Dallas,TX,32.732655,-96.847176,599000,183.0,,574900.0,5385.0,4.0,3.0,3281.0,1940.0,6838.92,singleFamily,12,331460.0,2025,https://www.zillow.com,https://photos.zillowstatic.com/fp/e7f8cacf65140ae2d0cd7897e0b7856d-p_c.jpg,2026-09-07 13:58,For Sale
26836118,4023 Abilene St,75212,Dallas,TX,32.79081,-96.90063,499999,203.0,,495600.0,3266.0,4.0,3.0,2462.0,2022.0,7405.2,singleFamily,10,464740.0,2025,https://www.zillow.com,https://photos.zillowstatic.com/fp/1cb8e2e7eb8fcf12cf292f8b03ca84cf-p_c.jpg,2026-09-07 13:58,For Sale
96535061,272 W Lawson Rd Trailer 231,75253,Dallas,TX,32.697445,-96.574326,109999,70.0,-24996.0,,,3.0,2.0,1568.0,2021.0,6500.0,manufactured,268,4940.0,2020,https://www.zillow.com,https://photos.zillowstatic.com/fp/f57312f0cebc99483a2e0e7e75d0cb0f-p_c.jpg,2026-09-07 13:58,For Sale
26751749,7424 W Northwest Hwy #9,75225,Dallas,TX,32.86496,-96.77928,560000,368.0,,533500.0,3275.0,2.0,3.0,1522.0,1964.0,3.072,condo,7,525000.0,2025,https://www.zillow.com,https://photos.zillowstatic.com/fp/4709db53e18932933dcafe78c082a526-p_c.jpg,2026-09-07 13:58,For Sale
26809754,3145 Longbow Ct,75229,Dallas,TX,32.90782,-96.87027,485000,277.0,-14000.0,,,3.0,2.0,1750.0,1960.0,0.331,singleFamily,38,355740.0,2025,https://www.zillow.com,https://photos.zillowstatic.com/fp/c11b0655db574d4d576a019ccd2772ff-p_c.jpg,2026-09-07 13:58,For Sale
26723936,1732 S Edgefield Ave,75224,Dallas,TX,32.728107,-96.84409,389000,269.0,,382100.0,1992.0,2.0,1.0,1444.0,1939.0,10454.4,singleFamily,9,340000.0,2025,https://www.zillow.com,https://photos.zillowstatic.com/fp/d7285c7700a733079e2022f2eb0c7259-p_c.jpg,2026-09-07 13:58,For Sale
26699853,2428 Saint Clair Dr,75215,Dallas,TX,32.740826,-96.75477,305000,172.0,-8500.0,304400.0,2435.0,3.0,4.0,1777.0,2026.0,2265.12,singleFamily,76,22790.0,2025,https://www.zillow.com,https://photos.zillowstatic.com/fp/a6b00aa8f73adc1bdf4f1e6307ce3813-p_c.jpg,2026-09-07 13:58,For Sale
55826243,3524 Cedarplaza Ln,75209,Dallas,TX,32.82627,-96.82093,500000,234.0,,,,3.0,3.0,2134.0,2000.0,2352.24,townhome,25,430770.0,2025,https://www.zillow.com,https://photos.zillowstatic.com/fp/460541bcbde882359e6c760361d22131-p_c.jpg,2026-09-07 13:58,For Sale
26752176,6902 Deloache Ave,75225,Dallas,TX,32.870697,-96.78647,1349000,446.0,,1317700.0,7990.0,4.0,3.0,3028.0,1979.0,8973.36,singleFamily,59,1325000.0,2025,https://www.zillow.com,https://photos.zillowstatic.com/fp/8ddfa7c3c65b2331b57c7dd5887386aa-p_c.jpg,2026-09-07 13:58,For Sale
26697198,5111 Stoneleigh Ave,75235,Dallas,TX,32.81882,-96.82717,499000,356.0,-29000.0,494600.0,2626.0,3.0,2.0,1402.0,1940.0,7605.576,singleFamily,102,512640.0,2025,https://www.zillow.com,https://photos.zillowstatic.com/fp/48205038fbe34002e1644088300d2d00-p_c.jpg,2026-09-07 13:58,For Sale
26741548,1334 El Patio Dr,75218,Dallas,TX,32.83498,-96.69312,990000,295.0,-9000.0,970100.0,5407.0,4.0,4.0,3358.0,2004.0,0.527,singleFamily,122,844000.0,2025,https://www.zillow.com,https://photos.zillowstatic.com/fp/59b463058d8e80e702dc6ee961c72212-p_c.jpg,2026-09-07 13:58,For Sale
26821762,6057 Park Manor Dr,75241,Dallas,TX,32.675224,-96.75426,164580,74.0,,,2163.0,4.0,2.0,2226.0,1960.0,2225.916,singleFamily,2,266600.0,2025,https://www.zillow.com,https://photos.zillowstatic.com/fp/abfc30d540b6439c2083224ae0aed8bc-p_c.jpg,2026-09-07 13:58,For Sale
26755175,6031 Lupton Dr,75225,Dallas,TX,32.877293,-96.80259,5999000,856.0,,5695400.0,,5.0,7.0,7009.0,2025.0,0.43199999999999994,singleFamily,163,2570190.0,2025,https://www.zillow.com,https://photos.zillowstatic.com/fp/48b0e44cb83164412f7f80ee793fdfab-p_c.jpg,2026-09-07 13:58,For Sale
26759674,9525 Alva Ct,75220,Dallas,TX,32.87314,-96.81626,9600000,870.0,-300000.0,8882600.0,,6.0,9.0,11037.0,2002.0,0.844,singleFamily,111,7000000.0,2025,https://www.zillow.com,https://photos.zillowstatic.com/fp/1af6a1b29c22fa9d3cf7f5391b89367d-p_c.jpg,2026-09-07 13:58,For Sale
26914286,6220 Parkstone Way,75249,Dallas,TX,32.64641,-96.965645,335000,182.0,,,2393.0,3.0,2.0,1840.0,1999.0,8500.0,singleFamily,11,285000.0,2025,https://www.zillow.com,https://photos.zillowstatic.com/fp/62452e12320053c096882d371ea8aad9-p_c.jpg,2026-09-07 13:58,For Sale
26784142,3207 Fordham Rd,75216,Dallas,TX,32.713108,-96.76982,169000,144.0,,,1720.0,3.0,1.0,1176.0,1953.0,0.3721303948576676,singleFamily,25,189870.0,2025,https://www.zillow.com,https://photos.zillowstatic.com/fp/3432d17dd35642aea039d4668dc9a4ce-p_c.jpg,2026-09-07 13:58,For Sale
442933076,6615 Meadow Rd,75230,Dallas,TX,32.88651,-96.79076,2950000,459.0,-49999.0,2752900.0,,5.0,7.0,6421.0,1999.0,0.344,singleFamily,173,2455880.0,2025,https://www.zillow.com,https://photos.zillowstatic.com/fp/0985eac8b18a987f661fc3f3080f6764-p_c.jpg,2026-09-07 13:58,For Sale
26860038,8034 Greenhollow Ln,75240,Dallas,TX,32.93785,-96.76769,418000,200.0,,408200.0,3613.0,5.0,3.0,2086.0,1961.0,8102.16,singleFamily,115,314120.0,2025,https://www.zillow.com,https://photos.zillowstatic.com/fp/d99684671c4bcd078842ebe66e66f571-p_c.jpg,2026-09-07 13:58,For Sale
26860053,8148 Clearsprings Rd,75240,Dallas,TX,32.93642,-96.76551,389000,235.0,,378500.0,2538.0,3.0,2.0,1652.0,1966.0,9321.84,singleFamily,9,373000.0,2025,https://www.zillow.com,https://photos.zillowstatic.com/fp/1a10e4cde04f3d88cf618705bf713450-p_c.jpg,2026-09-07 13:58,For Sale
26736383,3859 Wemdon Dr,75220,Dallas,TX,32.86562,-96.85053,575000,361.0,,553200.0,2754.0,3.0,2.0,1594.0,1947.0,9321.84,singleFamily,2,430640.0,2025,https://www.zillow.com,https://photos.zillowstatic.com/fp/591b9ea34657f6322990e8e34b2324ec-p_c.jpg,2026-09-07 13:58,For Sale
53101469,18403 Gibbons Dr,75287,Dallas,TX,32.999294,-96.83331,780000,204.0,-19900.0,,,5.0,4.0,3828.0,1996.0,7405.2,singleFamily,178,716354.0,2025,https://www.zillow.com,https://photos.zillowstatic.com/fp/b018e597704cfd56d31165e744f0409d-p_c.jpg,2026-09-07 13:58,For Sale
84003823,206 River Rock Dr,75217,Dallas,TX,32.71476,-96.71218,225000,146.0,-29799.0,224400.0,1804.0,3.0,3.0,1545.0,2007.0,4225.32,singleFamily,62,217880.0,2025,https://www.zillow.com,https://photos.zillowstatic.com/fp/788b209fceac37d92b4123562f166ba0-p_c.jpg,2026-09-07 13:58,For Sale
26726058,2702 Lawtherwood Ct,75214,Dallas,TX,32.82001,-96.73198,1200000,375.0,,1157000.0,5729.0,4.0,5.0,3197.0,1994.0,6011.28,singleFamily,38,1143870.0,2025,https://www.zillow.com,https://photos.zillowstatic.com/fp/091831c22edd80a28aba937e0b7fc340-p_c.jpg,2026-09-07 13:58,For Sale
26731677,4217 Delmar Ave,75206,Dallas,TX,32.837242,-96.7658,775000,442.0,-14999.0,758100.0,3348.0,4.0,2.0,1752.0,1942.0,7535.88,singleFamily,23,695000.0,2025,https://www.zillow.com,https://photos.zillowstatic.com/fp/e2a3516b3bfc735889ce9e6f0e62bdbb-p_c.jpg,2026-09-07 13:58,For Sale
336872452,4662 Ralph Ln,75227,Dallas,TX,32.783096,-96.68823,340000,169.0,,341000.0,2200.0,3.0,3.0,2015.0,2018.0,6708.24,singleFamily,1,330850.0,2025,https://www.zillow.com,https://photos.zillowstatic.com/fp/fdffe5d7131ec56aac16780d4deaffd8-p_c.jpg,2026-09-07 13:58,For Sale
26703220,6203 Kenwood Ave,75214,Dallas,TX,32.833313,-96.75809,775000,545.0,,,,2.0,1.0,1421.0,1948.0,5793.48,singleFamily,3,542560.0,2025,https://www.zillow.com,https://photos.zillowstatic.com/fp/89d51255df3354f10d02f88772daad91-p_c.jpg,2026-09-07 13:58,For Sale
26707212,7153 Cornelia Ln,75214,Dallas,TX,32.830696,-96.73574,2699995,534.0,-99005.0,2629300.0,,5.0,5.0,5055.0,2025.0,0.26,singleFamily,101,878030.0,2025,https://www.zillow.com,https://photos.zillowstatic.com/fp/b1ffb95db4bc32cdaf4687656d15de22-p_c.jpg,2026-09-07 13:58,For Sale
26926529,3707 Gilbert Ave APT 17,75219,Dallas,TX,32.81276,-96.80247,799000,325.0,,770800.0,5770.0,3.0,3.0,2461.0,1997.0,0.734,condo,3,635970.0,2025,https://www.zillow.com,https://photos.zillowstatic.com/fp/27d6392a2253485923868316bc2d4e26-p_c.jpg,2026-09-07 13:58,For Sale
26867488,7135 Cosgrove Dr,75231,Dallas,TX,32.877228,-96.739365,650000,253.0,,629300.0,4303.0,4.0,4.0,2573.0,1972.0,8973.36,singleFamily,2,625000.0,2025,https://www.zillow.com,https://photos.zillowstatic.com/fp/bb25d327d0014ce8d43ed51c8fea3ac9-p_c.jpg,2026-09-07 13:58,For Sale
26871596,7308 Tangleglen Dr,75248,Dallas,TX,32.951824,-96.781136,2399999,499.0,,2328400.0,7714.0,5.0,6.0,4807.0,2026.0,0.344,singleFamily,52,707610.0,2025,https://www.zillow.com,https://photos.zillowstatic.com/fp/720ae454b0941e3b8421d61085a0e95a-p_c.jpg,2026-09-07 13:58,For Sale
26707648,7015 Lyre Ln,75214,Dallas,TX,32.83533,-96.739006,4095000,744.0,,3879000.0,6392.0,5.0,6.0,5502.0,2026.0,0.363,singleFamily,12,1319420.0,2025,https://www.zillow.com,https://photos.zillowstatic.com/fp/76b93e639d1475a7501d4c006aaf7674-p_c.jpg,2026-09-07 13:58,For Sale
26868720,9406 Hilldale Dr,75231,Dallas,TX,32.889877,-96.74129,959500,351.0,-15500.0,944900.0,6321.0,4.0,4.0,2730.0,1979.0,0.29350000000000004,singleFamily,60,800420.0,2025,https://www.zillow.com,https://photos.zillowstatic.com/fp/4dc973ac4f9cac5e2a24819ea4b14c12-p_c.jpg,2026-09-07 13:58,For Sale
333140681,3710 Redleaf Ln,75209,Dallas,TX,32.828075,-96.81944,829500,319.0,-19500.0,,,3.0,4.0,2598.0,2022.0,2352.24,singleFamily,34,854750.0,2025,https://www.zillow.com,https://photos.zillowstatic.com/fp/7aa598cddd8aa689ea63d21a6fbd65e4-p_c.jpg,2026-09-07 13:58,For Sale
96527322,(undisclosed Address),75241,Dallas,TX,,,409000,208.0,-6000.0,,,3.0,2.0,1970.0,2025.0,7405.2,singleFamily,59,,,https://www.zillow.com,https://photos.zillowstatic.com/fp/c7261e154fe7d778d223134e303ac02f-p_c.jpg,2026-09-07 13:58,For Sale
26703265,6120 Kenwood Ave,75214,Dallas,TX,32.833076,-96.76047,1369000,416.0,-10000.0,,,5.0,3.0,3287.0,1940.0,6795.36,singleFamily,52,1092020.0,2025,https://www.zillow.com,https://photos.zillowstatic.com/fp/20a14bf3208975b111ec9fe4bd049a38-p_c.jpg,2026-09-07 13:58,For Sale
26881292,4452 Sugar Mill Rd,75244,Dallas,TX,32.918533,-96.83193,1495000,437.0,-80000.0,1433100.0,6831.0,5.0,5.0,3422.0,1966.0,0.37900000000000006,singleFamily,123,1527000.0,2025,https://www.zillow.com,https://photos.zillowstatic.com/fp/86a97f63a4aeca2864caa3d02fb619bf-p_c.jpg,2026-09-07 13:58,For Sale
26599158,6710 Windrock Rd,75252,Dallas,TX,32.993553,-96.78871,750000,240.0,,719600.0,5657.0,5.0,4.0,3120.0,1993.0,0.33999999999999997,singleFamily,40,814925.0,2025,https://www.zillow.com,https://photos.zillowstatic.com/fp/64342561b071fba481af819be96c95e3-p_c.jpg,2026-09-07 13:58,For Sale
83995110,9131 Cochran Bluff Ln,75220,Dallas,TX,32.863655,-96.84159,749000,210.0,-50000.0,744900.0,6398.0,4.0,4.0,3561.0,2007.0,6089.688,singleFamily,129,1001910.0,2025,https://www.zillow.com,https://photos.zillowstatic.com/fp/f56847586aebb653b9cefaa56e856053-p_c.jpg,2026-09-07 13:58,For Sale
26932805,5909 Luther Ln APT 1100,75225,Dallas,TX,32.86392,-96.81081,400000,294.0,,512700.0,,2.0,2.0,1360.0,1983.0,1.515,condo,3,475500.0,2025,https://www.zillow.com,https://photos.zillowstatic.com/fp/2742477a99ff4dfe543149c91f101ff8-p_c.jpg,2026-09-07 13:58,For Sale
26897711,3014 Adolph St,75204,Dallas,TX,32.792076,-96.78888,394900,347.0,,381100.0,2402.0,2.0,2.0,1139.0,1982.0,1960.2,singleFamily,9,379220.0,2025,https://www.zillow.com,https://photos.zillowstatic.com/fp/292e83d59c32b25369e4f1b62af20b92-p_c.jpg,2026-09-07 13:58,For Sale
26922720,5740 Martel Ave APT A13,75206,Dallas,TX,32.830986,-96.76839,259900,281.0,-20000.0,256400.0,1779.0,2.0,2.0,925.0,1983.0,1.04,condo,80,254380.0,2025,https://www.zillow.com,https://photos.zillowstatic.com/fp/94957f4f95e4487f2224b0e84ff00b21-p_c.jpg,2026-09-07 13:58,For Sale
26845080,7552 Baxtershire Dr,75230,Dallas,TX,32.90629,-96.774666,4240000,701.0,-10000.0,3964200.0,,6.0,6.0,6047.0,1984.0,0.367,singleFamily,114,1642670.0,2025,https://www.zillow.com,https://photos.zillowstatic.com/fp/b301c9263d033b61250d7ef7324b20ca-p_c.jpg,2026-09-07 13:58,For Sale
26871800,14909 Hillcrest Rd,75248,Dallas,TX,32.95178,-96.78589,699000,262.0,-75000.0,676300.0,4219.0,4.0,4.0,2673.0,1969.0,0.27599999999999997,singleFamily,10,732310.0,2025,https://www.zillow.com,https://photos.zillowstatic.com/fp/ba416d5e6b51279faf718b354b5b64a4-p_c.jpg,2026-09-07 13:58,For Sale
2108390016,4347 Dickason Ave,75219,Dallas,TX,32.812622,-96.81543,200000,216.0,,191900.0,1217.0,2.0,2.0,928.0,1965.0,0.982,condo,1,,,https://www.zillow.com,https://photos.zillowstatic.com/fp/8ed42540745eeeeea74c057368562b44-p_c.jpg,2026-09-07 13:58,For Sale
26591203,7001 Rocky Top Cir,75252,Dallas,TX,32.98959,-96.7814,800000,238.0,-80000.0,,,4.0,4.0,3356.0,1981.0,9583.2,singleFamily,9,905192.0,2025,https://www.zillow.com,https://photos.zillowstatic.com/fp/647e7a7ef792193dbf0a22e381de0921-p_c.jpg,2026-09-07 13:58,For Sale
53390345,509 Elm St APT 503,75202,Dallas,TX,32.779938,-96.807526,239000,283.0,-6000.0,229900.0,1998.0,1.0,1.0,845.0,1930.0,10018.8,condo,123,251840.0,2025,https://www.zillow.com,https://photos.zillowstatic.com/fp/cf35cb8ff9ebd3fc421096ba71feeb82-p_c.jpg,2026-09-07 13:58,For Sale
26831356,10166 San Lorenzo Ave,75228,Dallas,TX,32.831818,-96.680725,284900,165.0,-100.0,276000.0,2020.0,4.0,2.0,1728.0,1955.0,0.26599999999999996,singleFamily,10,335070.0,2025,https://www.zillow.com,https://photos.zillowstatic.com/fp/0c171ff7bba4c67de244bd1f6fd107ae-p_c.jpg,2026-09-07 13:58,For Sale
53071173,18512 Featherwood Dr,75252,Dallas,TX,33.003124,-96.78977,530000,240.0,,534200.0,3550.0,4.0,3.0,2210.0,1981.0,7840.8,singleFamily,4,557818.0,2025,https://www.zillow.com,https://photos.zillowstatic.com/fp/70e075a0dbc45bff9805ae50e06c2f89-p_c.jpg,2026-09-07 13:58,For Sale
55827273,2902 State St APT 22,75204,Dallas,TX,32.797253,-96.79766,449000,368.0,,,,2.0,3.0,1221.0,1994.0,0.688,condo,16,433460.0,2025,https://www.zillow.com,https://photos.zillowstatic.com/fp/1a4163385722d000b6bd106a0aafc3d8-p_c.jpg,2026-09-07 13:58,For Sale
26891098,7233 Bayberry Ln,75249,Dallas,TX,32.644577,-96.94688,349900,145.0,-30000.0,,,4.0,3.0,2420.0,1978.0,7666.56,singleFamily,59,339650.0,2025,https://www.zillow.com,https://photos.zillowstatic.com/fp/3b13d3e9775491dfa659be6af0921821-p_c.jpg,2026-09-07 13:58,For Sale
26751247,7428 Walling Ln,75231,Dallas,TX,32.856068,-96.73453,739900,276.0,-10000.0,722600.0,2798.0,5.0,3.0,2679.0,1963.0,9147.6,multiFamily,76,660240.0,2025,https://www.zillow.com,https://photos.zillowstatic.com/fp/e14e689adc34d488f5d5a79efd5222a2-p_c.jpg,2026-09-07 13:58,For Sale
26680538,3500 S Harwood St,75215,Dallas,TX,32.76001,-96.770775,549900,214.0,,542600.0,3275.0,4.0,3.0,2566.0,2026.0,4748.04,singleFamily,34,80360.0,2025,https://www.zillow.com,https://photos.zillowstatic.com/fp/412eb965501883a229d76c56f2b22b93-p_c.jpg,2026-09-07 13:58,For Sale
26738161,1812 S Cockrell Hill Rd,75211,Dallas,TX,32.72597,-96.891106,179000,85.0,,197300.0,2135.0,3.0,1.0,2096.0,1946.0,9931.68,singleFamily,5,291180.0,2025,https://www.zillow.com,https://photos.zillowstatic.com/fp/cf5474e1ff0a7091a05f983f0b8ee9bd-p_c.jpg,2026-09-07 13:58,For Sale
61871435,4231 Travis St #1,75205,Dallas,TX,32.818394,-96.7934,419000,376.0,,,,1.0,2.0,1113.0,1994.0,1.141,condo,6,367290.0,2025,https://www.zillow.com,https://photos.zillowstatic.com/fp/42c8084b3f12d6ec198444f80c96b362-p_c.jpg,2026-09-07 13:58,For Sale
26756580,6032 Burgundy Rd,75230,Dallas,TX,32.896935,-96.802605,2500000,435.0,,2345400.0,,5.0,6.0,5749.0,2005.0,0.39899999999999997,singleFamily,46,2253320.0,2025,https://www.zillow.com,https://photos.zillowstatic.com/fp/5223c17c52b77bfb4418f86195b8147a-p_c.jpg,2026-09-07 13:58,For Sale
26692909,4138 Prescott Ave,75219,Dallas,TX,32.8214,-96.80532,999000,287.0,-100000.0,980100.0,6583.0,4.0,5.0,3477.0,2006.0,3571.92,singleFamily,149,1298850.0,2025,https://www.zillow.com,https://photos.zillowstatic.com/fp/373422aa47e8b3e8463825266f10e62c-p_c.jpg,2026-09-07 13:58,For Sale
26738020,1907 S Tyler St,75224,Dallas,TX,32.726833,-96.83821,279990,219.0,-9010.0,272100.0,2136.0,2.0,1.0,1280.0,1950.0,7623.0,singleFamily,38,352570.0,2025,https://www.zillow.com,https://photos.zillowstatic.com/fp/ad248b470deb282c7df54d54765ff25c-p_c.jpg,2026-09-07 13:58,For Sale
26609878,5831 London Ln,75252,Dallas,TX,32.999863,-96.80588,929000,238.0,-20000.0,902400.0,7634.0,4.0,4.0,3897.0,1984.0,0.32999999999999996,singleFamily,41,1021723.0,2025,https://www.zillow.com,https://photos.zillowstatic.com/fp/a05b02bb0652f0948df61583a600cfcd-p_c.jpg,2026-09-07 13:58,For Sale
162236968,5140 Amesbury Dr APT 212,75206,Dallas,TX,32.849773,-96.763336,241000,248.0,,,,2.0,2.0,972.0,1970.0,3.655,condo,2,213840.0,2025,https://www.zillow.com,https://photos.zillowstatic.com/fp/dece454fb4daa6ab44bd936f7601bdbd-p_c.jpg,2026-09-07 13:58,For Sale
89397927,1001 Belleview St #101,75215,Dallas,TX,32.76905,-96.79501,325000,322.0,,316400.0,2120.0,1.0,2.0,1010.0,2007.0,0.9430000000000001,condo,61,323200.0,2025,https://www.zillow.com,https://photos.zillowstatic.com/fp/36ec34df03c03a85e65d150ae2987b85-p_c.jpg,2026-09-07 13:58,For Sale
96531269,4002 Furey St,75212,Dallas,TX,32.790188,-96.876884,699999,170.0,-10001.0,,,6.0,6.0,4116.0,2023.0,7335.504,singleFamily,151,853680.0,2025,https://www.zillow.com,https://photos.zillowstatic.com/fp/69ac3d775d36c10742d6ee8f779943a8-p_c.jpg,2026-09-07 13:58,For Sale
26851496,6766 Northaven Rd,75230,Dallas,TX,32.900932,-96.78869,3999000,901.0,-150000.0,3800300.0,,5.0,5.0,4437.0,2019.0,0.942,singleFamily,75,5337960.0,2025,https://www.zillow.com,https://photos.zillowstatic.com/fp/64615944d74097be165d31e4e91973d7-p_c.jpg,2026-09-07 13:58,For Sale
26719822,3102 W Jefferson Blvd,75211,Dallas,TX,32.744076,-96.871544,379000,279.0,-21000.0,369900.0,1980.0,3.0,2.0,1360.0,1926.0,9757.44,singleFamily,36,222400.0,2025,https://www.zillow.com,https://photos.zillowstatic.com/fp/bd163ecf84ec1a7aed97eef15a1d5536-p_c.jpg,2026-09-07 13:58,For Sale
26847657,9840 Twin Creek Dr,75228,Dallas,TX,32.827374,-96.68845,558995,258.0,-10000.0,544000.0,3166.0,2.0,2.0,2166.0,1956.0,0.304,singleFamily,58,513000.0,2025,https://www.zillow.com,https://photos.zillowstatic.com/fp/06d4fa29ff15d93ef9bc784b9a769fcd-p_c.jpg,2026-09-07 13:58,For Sale
26874347,7707 La Avenida Dr,75248,Dallas,TX,32.96373,-96.775444,649000,317.0,-10000.0,633200.0,4257.0,3.0,2.0,2049.0,1966.0,9583.2,singleFamily,60,480000.0,2025,https://www.zillow.com,https://photos.zillowstatic.com/fp/0d962e3ed96765c2bba094ff933f2c46-p_c.jpg,2026-09-07 13:58,For Sale
26699184,5130 Echo Ave,75215,Dallas,TX,32.751698,-96.74873,349999,192.0,-10001.0,348800.0,2357.0,4.0,3.0,1826.0,2026.0,4922.28,singleFamily,73,49350.0,2025,https://www.zillow.com,https://photos.zillowstatic.com/fp/9aa5016a069a76e15675591616049c5e-p_c.jpg,2026-09-07 13:58,For Sale
162435831,2220 Canton St APT 407,75201,Dallas,TX,32.780376,-96.78904,649750,283.0,-25250.0,627600.0,4816.0,2.0,3.0,2296.0,1925.0,0.9590000000000001,condo,178,519000.0,2025,https://www.zillow.com,https://photos.zillowstatic.com/fp/365bda110c1e00d0248d5b976045f882-p_c.jpg,2026-09-07 13:58,For Sale
26789968,3974 Cortez Dr,75220,Dallas,TX,32.865974,-96.84583,1189000,306.0,-10000.0,,,5.0,5.0,3890.0,1951.0,0.254,singleFamily,98,1242740.0,2025,https://www.zillow.com,https://photos.zillowstatic.com/fp/0c3230a50c98f0facdc6ed77e8b967a4-p_c.jpg,2026-09-07 13:58,For Sale
26710165,627 S Willomet Ave,75208,Dallas,TX,32.739414,-96.84081,479900,232.0,-10100.0,,,4.0,3.0,2071.0,1925.0,6969.6,singleFamily,80,359820.0,2025,https://www.zillow.com,https://photos.zillowstatic.com/fp/02d62c18041612bef8f50c3e400b6d65-p_c.jpg,2026-09-07 13:58,For Sale
26766788,2323 Wilhurt Ave,75216,Dallas,TX,32.70305,-96.78589,499000,192.0,,,,4.0,4.0,2600.0,2026.0,6359.76,singleFamily,0,80000.0,2025,https://www.zillow.com,https://photos.zillowstatic.com/fp/d2608f61d7e109844efac1fef3d9cc4e-p_c.jpg,2026-09-07 13:58,For Sale
26847054,8839 Sweetwater Dr,75228,Dallas,TX,32.809643,-96.69688,416000,207.0,-10000.0,,,3.0,2.0,2009.0,1962.0,9522.216,singleFamily,41,386910.0,2025,https://www.zillow.com,https://photos.zillowstatic.com/fp/fc5beec308e210f64c12b280fefd3a4c-p_c.jpg,2026-09-07 13:58,For Sale
26875895,6362 Southpoint Dr,75248,Dallas,TX,32.97798,-96.79762,479900,216.0,,466900.0,2674.0,3.0,2.0,2220.0,1973.0,2831.4,townhome,33,344360.0,2025,https://www.zillow.com,https://photos.zillowstatic.com/fp/33b436311b90721171f60f3346894cbe-p_c.jpg,2026-09-07 13:58,For Sale
26890126,6706 La Manga Dr,75248,Dallas,TX,32.971645,-96.79065,760000,292.0,-35000.0,743900.0,3724.0,4.0,3.0,2601.0,1980.0,8276.4,singleFamily,61,825000.0,2025,https://www.zillow.com,https://photos.zillowstatic.com/fp/390b6fa2e36371ac99a246a5011c5d0d-p_c.jpg,2026-09-07 13:58,For Sale
26697763,4851 Cedar Springs Rd #392,75219,Dallas,TX,32.81927,-96.822525,122500,146.0,,118400.0,1550.0,2.0,1.0,841.0,1970.0,6.609,condo,22,186280.0,2025,https://www.zillow.com,https://photos.zillowstatic.com/fp/adb97f15ec04a9c2c5b9fbb2ac002309-p_c.jpg,2026-09-07 13:58,For Sale
26740599,8222 San Leandro Dr,75218,Dallas,TX,32.81029,-96.71481,3300000,621.0,-100000.0,3156400.0,7618.0,5.0,6.0,5314.0,2026.0,0.3,singleFamily,172,846570.0,2025,https://www.zillow.com,https://photos.zillowstatic.com/fp/a08399bf3955d64af9c50831556fd794-p_c.jpg,2026-09-07 13:58,For Sale
67964163,2054 Wild Creek Ct,75253,Dallas,TX,32.670727,-96.59977,239998,200.0,,238400.0,1725.0,3.0,2.0,1201.0,2003.0,5488.56,singleFamily,3,230220.0,2025,https://www.zillow.com,https://photos.zillowstatic.com/fp/86b2aab4f3123a33cd355099ac0a9c47-p_c.jpg,2026-09-07 13:58,For Sale
26899191,3901 Turtle Creek Blvd #7,75219,Dallas,TX,32.816788,-96.79974,8900000,1310.0,,,,3.0,6.0,6792.0,1997.0,7535.88,singleFamily,139,3145000.0,2025,https://www.zillow.com,https://photos.zillowstatic.com/fp/da8210692bd7a70faad4b9c3fc7bf180-p_c.jpg,2026-09-07 13:58,For Sale
26698802,5322 W Mockingbird Ln,75209,Dallas,TX,32.8364,-96.820786,950000,413.0,-45000.0,924100.0,4592.0,3.0,3.0,2303.0,1979.0,7927.92,singleFamily,30,1062700.0,2025,https://www.zillow.com,https://photos.zillowstatic.com/fp/af725d360b753671b71abd28ba6622e4-p_c.jpg,2026-09-07 13:58,For Sale
26910479,3232 Rosebank Dr,75228,Dallas,TX,32.806366,-96.678185,274900,200.0,-5000.0,272300.0,2002.0,3.0,2.0,1373.0,1993.0,3789.72,singleFamily,70,238390.0,2025,https://www.zillow.com,https://photos.zillowstatic.com/fp/fd9572fa2b5c00a7745e7be29f4e1846-p_c.jpg,2026-09-07 13:58,For Sale
26736758,1255 Olden St,75211,Dallas,TX,32.73209,-96.88388,245000,179.0,,239100.0,1801.0,4.0,2.0,1368.0,1959.0,0.27299999999999996,singleFamily,30,267260.0,2025,https://www.zillow.com,https://photos.zillowstatic.com/fp/4d9ef53d862be3239d061b65f44db66d-p_c.jpg,2026-09-07 13:58,For Sale
67961291,3610 Gillespie St APT 1,75219,Dallas,TX,32.806572,-96.80866,845000,396.0,,816200.0,4406.0,3.0,4.0,2136.0,2004.0,2700.72,townhome,2,764520.0,2025,https://www.zillow.com,https://photos.zillowstatic.com/fp/37d16c67563f9d9b9673c8f0dc2fc7bc-p_c.jpg,2026-09-07 13:58,For Sale
26754400,6828 Chevy Chase Ave,75225,Dallas,TX,32.871284,-96.78751,2395000,522.0,,,,4.0,5.0,4587.0,2007.0,9626.76,singleFamily,20,2243180.0,2025,https://www.zillow.com,https://photos.zillowstatic.com/fp/21605d514d3f34cf208feecc0f2a828d-p_c.jpg,2026-09-07 13:58,For Sale
26750613,6417 Lontos Dr,75214,Dallas,TX,32.855434,-96.75006,689000,305.0,,657000.0,2426.0,4.0,2.0,2260.0,1954.0,9626.76,multiFamily,45,593270.0,2025,https://www.zillow.com,https://photos.zillowstatic.com/fp/2dd6994893320801aa3e9420d3f380dd-p_c.jpg,2026-09-07 13:58,For Sale
26871446,7992 Fallmeadow Ln,75248,Dallas,TX,32.95837,-96.7695,675000,268.0,-24000.0,668300.0,4944.0,4.0,3.0,2516.0,1966.0,0.271,singleFamily,193,600000.0,2025,https://www.zillow.com,https://photos.zillowstatic.com/fp/b0d80eaf461e0939690c5ff6d017b6da-p_c.jpg,2026-09-07 13:58,For Sale
26653330,17919 Castle Bend Dr,75287,Dallas,TX,32.99514,-96.831825,1100000,261.0,,1052400.0,5656.0,4.0,4.0,4209.0,1993.0,0.25,singleFamily,62,944840.0,2025,https://www.zillow.com,https://photos.zillowstatic.com/fp/d847ccb2e53242968ff4bf1d24b80730-p_c.jpg,2026-09-07 13:58,For Sale
336873023,1767 Novela Way,75215,Dallas,TX,32.7701,-96.78521,450000,214.0,,,,3.0,4.0,2105.0,2022.0,1263.24,townhome,32,551640.0,2025,https://www.zillow.com,https://photos.zillowstatic.com/fp/d93dd9021801fd7feeb5addb7f53b67f-p_c.jpg,2026-09-07 13:58,For Sale
26859880,13899 Brookgreen Dr,75240,Dallas,TX,32.93397,-96.764885,200000,156.0,,190400.0,1862.0,3.0,2.0,1280.0,1969.0,4181.76,townhome,44,274300.0,2025,https://www.zillow.com,https://photos.zillowstatic.com/fp/58b19151f7ffe36390d162d9556a931e-p_c.jpg,2026-09-07 13:58,For Sale
96533206,1846 Nomas St,75212,Dallas,TX,32.780773,-96.85013,549900,171.0,,,4943.0,5.0,4.0,3212.0,2020.0,7971.48,singleFamily,37,703520.0,2025,https://www.zillow.com,https://photos.zillowstatic.com/fp/06227f5e81aeed76380d61e4e9c8d94a-p_c.jpg,2026-09-07 13:58,For Sale
67972329,2850 S Beltline Rd Suite 108,75253,Dallas,TX,32.661823,-96.61505,30000,28.0,-9500.0,,,2.0,2.0,1056.0,1997.0,1056.0,manufactured,46,2980.0,2025,https://www.zillow.com,https://photos.zillowstatic.com/fp/438050f636f92b0afb9c737f9a9067e2-p_c.jpg,2026-09-07 13:58,For Sale
26643578,4219 Hollow Oak Dr,75287,Dallas,TX,32.997143,-96.83762,850000,196.0,-19850.0,841700.0,5752.0,5.0,4.0,4327.0,1989.0,8712.0,singleFamily,492,942154.0,2025,https://www.zillow.com,https://photos.zillowstatic.com/fp/fde7a660e79c44058378e3a2925a2f1a-p_c.jpg,2026-09-07 13:58,For Sale
26702307,7233 Meadow Lake Ave,75214,Dallas,TX,32.826195,-96.73427,1200000,577.0,,,,3.0,2.0,2081.0,1951.0,7405.2,singleFamily,8,868080.0,2025,https://www.zillow.com,https://photos.zillowstatic.com/fp/6d8545a9b60d249f4c9ef32df0997a59-p_c.jpg,2026-09-07 13:58,For Sale
26833618,1842 Life Ave,75212,Dallas,TX,32.78609,-96.84984,825000,221.0,,815800.0,5340.0,4.0,4.0,3728.0,2026.0,5183.64,singleFamily,1,208940.0,2025,https://www.zillow.com,https://photos.zillowstatic.com/fp/a8d7a63dbad3c308255fbaf5c717493c-p_c.jpg,2026-09-07 13:58,For Sale
26734267,4405 Wildwood Rd,75209,Dallas,TX,32.855816,-96.83644,6498000,920.0,-202000.0,6173300.0,,6.0,9.0,7061.0,2026.0,0.4234,singleFamily,38,1254260.0,2025,https://www.zillow.com,https://photos.zillowstatic.com/fp/40dd81399133143cc4c573bb2d87afb8-p_c.jpg,2026-09-07 13:58,For Sale
26747268,649 Peavy Rd,75218,Dallas,TX,32.848106,-96.71082,539000,411.0,-10000.0,529100.0,2765.0,3.0,2.0,1311.0,1948.0,10367.28,singleFamily,17,503380.0,2025,https://www.zillow.com,https://photos.zillowstatic.com/fp/6dd3266e37bbb745765b296b94a4a3d1-p_c.jpg,2026-09-07 13:58,For Sale
26795919,7244 Charles Ct,75217,Dallas,TX,32.73707,-96.69723,199000,135.0,,,,3.0,2.0,1478.0,1953.0,7623.0,singleFamily,31,240400.0,2025,https://www.zillow.com,https://photos.zillowstatic.com/fp/e14e71cdfd2b0cc93921952516914866-p_c.jpg,2026-09-07 13:58,For Sale
26845128,11752 Valleydale Dr,75230,Dallas,TX,32.90928,-96.77778,1899990,360.0,-100000.0,1776000.0,,6.0,5.0,5271.0,1956.0,0.599,singleFamily,24,1403940.0,2025,https://www.zillow.com,https://photos.zillowstatic.com/fp/4f74db09ef10216da84e43c18f4da306-p_c.jpg,2026-09-07 13:58,For Sale
26931516,9811 Walnut St #203,75243,Dallas,TX,32.922836,-96.71392,76000,85.0,-2000.0,,1369.0,2.0,2.0,894.0,1981.0,8.814,condo,121,107280.0,2025,https://www.zillow.com,https://photos.zillowstatic.com/fp/70e0ca790be601ecdcc67ffe06ba2c04-p_c.jpg,2026-09-07 13:58,For Sale
26810609,3247 Darvany Dr,75220,Dallas,TX,32.878372,-96.869026,589000,295.0,-20900.0,580100.0,3695.0,3.0,3.0,1996.0,2021.0,10062.36,singleFamily,65,641300.0,2025,https://www.zillow.com,https://photos.zillowstatic.com/fp/352c4318e3e9efdd260a8389c094c271-p_c.jpg,2026-09-07 13:58,For Sale
2091061209,2542 Gladstone Dr,75211,Dallas,TX,32.739933,-96.86088,364900,209.0,-10000.0,350900.0,1791.0,2.0,2.0,1749.0,1920.0,7492.32,multiFamily,64,,,https://www.zillow.com,https://photos.zillowstatic.com/fp/89ef16d46e88afff54ead4e02dbf4ea4-p_c.jpg,2026-09-07 13:58,For Sale
26767044,2406 Jennings Ave,75216,Dallas,TX,32.705063,-96.78675,239500,202.0,-400.0,236800.0,1844.0,3.0,2.0,1184.0,1951.0,7666.56,singleFamily,2,153240.0,2025,https://www.zillow.com,https://photos.zillowstatic.com/fp/0f3897871552e47d63641b40cdeb5305-p_c.jpg,2026-09-07 13:58,For Sale
26690351,5645 Vickery Blvd,75206,Dallas,TX,32.822723,-96.77035,1695000,525.0,-5000.0,,,4.0,3.0,3227.0,2014.0,8494.2,singleFamily,102,1543690.0,2025,https://www.zillow.com,https://photos.zillowstatic.com/fp/faa22aa792b686f17f213d793cf6669e-p_c.jpg,2026-09-07 13:58,For Sale
26801105,8752 Woodcastle Dr,75217,Dallas,TX,32.73479,-96.66835,169000,143.0,-11000.0,165100.0,1752.0,3.0,2.0,1182.0,1949.0,8755.56,singleFamily,120,225730.0,2025,https://www.zillow.com,https://photos.zillowstatic.com/fp/71eea6337ea22bfac07a52c816c5b3d2-p_c.jpg,2026-09-07 13:58,For Sale
2070604054,4223 Delano Pl #103,75204,Dallas,TX,32.802887,-96.78494,449500,253.0,,,,2.0,3.0,1780.0,2021.0,6751.8,townhome,3,,,https://www.zillow.com,https://photos.zillowstatic.com/fp/1dbc9f0b18dc02139fb11d50e182cd89-p_c.jpg,2026-09-07 13:58,For Sale
26848500,6929 Elmridge Dr,75240,Dallas,TX,32.935173,-96.78496,1999999,625.0,,1883000.0,6025.0,4.0,4.0,3199.0,1961.0,0.7580000000000001,singleFamily,68,1351460.0,2025,https://www.zillow.com,https://photos.zillowstatic.com/fp/f29ea391556e8c0b369473c36bc55f31-p_c.jpg,2026-09-07 13:58,For Sale
26806704,3832 Cabana Ln,75229,Dallas,TX,32.885296,-96.852646,3646000,615.0,-49000.0,3486300.0,,5.0,6.0,5924.0,2026.0,0.366,singleFamily,74,858240.0,2025,https://www.zillow.com,https://photos.zillowstatic.com/fp/a18f9d243903cf14fe645fe8539a30f4-p_c.jpg,2026-09-07 13:58,For Sale
26693331,4519 Rawlins St,75219,Dallas,TX,32.81825,-96.81566,385000,217.0,,372600.0,3510.0,3.0,3.0,1773.0,1968.0,2.531,townhome,87,416660.0,2025,https://www.zillow.com,https://photos.zillowstatic.com/fp/66940e15c03ef5bd8f008efcd8a3e939-p_c.jpg,2026-09-07 13:58,For Sale
26809560,3326 Dartmoor Dr,75229,Dallas,TX,32.905094,-96.86534,750000,321.0,,720800.0,3667.0,5.0,3.0,2333.0,1959.0,0.283,singleFamily,18,715010.0,2025,https://www.zillow.com,https://photos.zillowstatic.com/fp/267dd6ad9d1316208dcb9d9a17c2f063-p_c.jpg,2026-09-07 13:58,For Sale
53390234,4333 Bowser Ave APT 5,75219,Dallas,TX,32.818336,-96.81171,285000,314.0,,274000.0,1598.0,1.0,2.0,907.0,1982.0,0.367,condo,9,268540.0,2025,https://www.zillow.com,https://photos.zillowstatic.com/fp/21f449bad5d60b2d09937cc2adcc1cec-p_c.jpg,2026-09-07 13:58,For Sale
26874229,6619 Gentle Wind Ln,75248,Dallas,TX,32.962345,-96.792915,549000,274.0,-20000.0,544800.0,3538.0,4.0,2.0,2006.0,1978.0,7579.44,singleFamily,213,495670.0,2025,https://www.zillow.com,https://photos.zillowstatic.com/fp/8b702c8aa7003a1e2e5201bf5a082a77-p_c.jpg,2026-09-07 13:58,For Sale
26834604,4107 Vineyard Dr,75212,Dallas,TX,32.79156,-96.87639,449900,211.0,-100.0,,,4.0,2.0,2130.0,2026.0,7230.96,singleFamily,10,145000.0,2025,https://www.zillow.com,https://photos.zillowstatic.com/fp/5c32ea3295f422bd335a45677b223ea9-p_c.jpg,2026-09-07 13:58,For Sale
464484628,3702 Red Leaf Ln,75209,Dallas,TX,32.82801,-96.81951,725000,327.0,,709200.0,4613.0,3.0,3.0,2217.0,2021.0,4007.52,singleFamily,26,,,https://www.zillow.com,https://photos.zillowstatic.com/fp/056307be1fec25e571f71036dc602a8f-p_c.jpg,2026-09-07 13:58,For Sale
26876712,16525 Preston Trail Dr,75248,Dallas,TX,32.976166,-96.80783,4900000,512.0,,4844900.0,,6.0,6.0,9570.0,1996.0,1.248,singleFamily,7,5444020.0,2025,https://www.zillow.com,https://photos.zillowstatic.com/fp/04122a6e6a2660fc3fa1ce2da161eb34-p_c.jpg,2026-09-07 13:58,For Sale
457899382,2313 S Vernon Ave,75224,Dallas,TX,32.72306,-96.837166,489000,245.0,,483300.0,3275.0,3.0,4.0,2000.0,2025.0,7100.28,singleFamily,4,,,https://www.zillow.com,https://photos.zillowstatic.com/fp/ef6da124793dd7f07bbf3416ca61c9bb-p_c.jpg,2026-09-07 13:58,For Sale
26803211,11629 Flamingo Ln,75218,Dallas,TX,32.855083,-96.679,774999,245.0,-25000.0,763500.0,5117.0,5.0,4.0,3160.0,2026.0,7535.88,singleFamily,39,100000.0,2025,https://www.zillow.com,https://photos.zillowstatic.com/fp/132680f824f68e68fe2467a3a8281323-p_c.jpg,2026-09-07 13:58,For Sale
26698911,3739 N Versailles Ave,75209,Dallas,TX,32.83079,-96.8217,3295000,629.0,,3062400.0,,5.0,6.0,5242.0,1992.0,8886.24,singleFamily,51,1870470.0,2025,https://www.zillow.com,https://photos.zillowstatic.com/fp/a499cb6ba881eb0d543f2fa183a89704-p_c.jpg,2026-09-07 13:58,For Sale
26838160,11348 Valley Dale Dr,75230,Dallas,TX,32.904636,-96.77241,2399000,555.0,-51000.0,2277700.0,,5.0,5.0,4325.0,1958.0,0.367,singleFamily,151,2300970.0,2025,https://www.zillow.com,https://photos.zillowstatic.com/fp/b02f984c41f6ca179b3b3ad4153ea402-p_c.jpg,2026-09-07 13:58,For Sale
26875371,7606 Dunoon Ave,75248,Dallas,TX,32.979065,-96.77708,1375000,356.0,,,,4.0,4.0,3860.0,1977.0,0.262,singleFamily,46,977490.0,2025,https://www.zillow.com,https://photos.zillowstatic.com/fp/58631262e4136d2e13b23e4d93ba5ae7-p_c.jpg,2026-09-07 13:58,For Sale
2096491216,3716 W Beverly Dr,75209,Dallas,TX,32.83057,-96.822754,1195000,390.0,-55000.0,1176500.0,6487.0,4.0,4.0,3061.0,2023.0,3702.6,singleFamily,87,998400.0,2025,https://www.zillow.com,https://photos.zillowstatic.com/fp/64ac411284b3211664ea53d4994204e4-p_c.jpg,2026-09-07 13:58,For Sale
26631655,5416 Ventana Trl,75252,Dallas,TX,33.01008,-96.801056,429950,209.0,-13050.0,421900.0,2884.0,3.0,2.0,2056.0,1985.0,6011.28,singleFamily,170,479393.0,2025,https://www.zillow.com,https://photos.zillowstatic.com/fp/9197ba8e170e95f771451a77d008c9ca-p_c.jpg,2026-09-07 13:58,For Sale
26731216,7714 Roper St,75209,Dallas,TX,32.850014,-96.82974,1449000,390.0,,1404100.0,,4.0,3.0,3713.0,2018.0,9626.76,singleFamily,9,1601180.0,2025,https://www.zillow.com,https://photos.zillowstatic.com/fp/d1e0a5ee9f1ff05f70488c9e9e8e89e4-p_c.jpg,2026-09-07 13:58,For Sale
336872577,4140 Renee Dr,75227,Dallas,TX,32.775192,-96.66322,270000,214.0,,269400.0,1847.0,3.0,2.0,1260.0,2020.0,4225.32,singleFamily,17,280770.0,2025,https://www.zillow.com,https://photos.zillowstatic.com/fp/046af99206ebda9655560b5f32c18803-p_c.jpg,2026-09-07 13:58,For Sale
338034466,1969 Education Way,75217,Dallas,TX,32.6743,-96.646904,285000,152.0,,282300.0,2423.0,3.0,3.0,1881.0,2021.0,6229.08,singleFamily,6,318800.0,2025,https://www.zillow.com,https://photos.zillowstatic.com/fp/e9f42650c3ba9f0f55db053f385eefe4-p_c.jpg,2026-09-07 13:58,For Sale
26867777,7122 Winedale Dr,75231,Dallas,TX,32.878986,-96.73931,879900,409.0,-16000.0,856000.0,3568.0,3.0,3.0,2150.0,1976.0,8886.24,singleFamily,69,786450.0,2025,https://www.zillow.com,https://photos.zillowstatic.com/fp/1b3c25be874047bb9e8deb20c1c5ffd2-p_c.jpg,2026-09-07 13:58,For Sale
26729363,1414 Doyle Ave,75203,Dallas,TX,32.7429,-96.8018,549500,225.0,,,4042.0,4.0,3.0,2440.0,2026.0,5000.688,singleFamily,17,75000.0,2025,https://www.zillow.com,https://photos.zillowstatic.com/fp/668fc20e5857b9eabf759bce32186366-p_c.jpg,2026-09-07 13:58,For Sale
26682117,3883 Turtle Creek Blvd APT 2214,75219,Dallas,TX,32.815575,-96.79938,385000,299.0,,,,2.0,2.0,1287.0,1963.0,3.159,condo,18,379670.0,2025,https://www.zillow.com,https://photos.zillowstatic.com/fp/834fa89bde9c972d5baffca18cc31071-p_c.jpg,2026-09-07 13:58,For Sale
26686496,3523 Edgewood St,75215,Dallas,TX,32.760727,-96.76876,120000,100.0,,,,4.0,3.0,1200.0,1935.0,5662.8,singleFamily,92,119860.0,2025,https://www.zillow.com,https://photos.zillowstatic.com/fp/366167a2e259473402d82a8317cd91dc-p_c.jpg,2026-09-07 13:58,For Sale
26872554,6631 Hunters Ridge Dr,75248,Dallas,TX,32.956047,-96.79553,625000,311.0,-25000.0,,,3.0,2.0,2012.0,1971.0,9844.56,singleFamily,40,491450.0,2025,https://www.zillow.com,https://photos.zillowstatic.com/fp/de795de57b1213633f635f49abaf1fbc-p_c.jpg,2026-09-07 13:58,For Sale
26815123,818 Emberwood Dr,75232,Dallas,TX,32.658802,-96.83609,263000,155.0,,,,4.0,2.0,1692.0,1957.0,9016.92,singleFamily,2,259810.0,2025,https://www.zillow.com,https://photos.zillowstatic.com/fp/5bf1968f8315a54e83f22570498c7d35-p_c.jpg,2026-09-07 13:58,For Sale
162392168,13740 Vida Ln,75253,Dallas,TX,32.677017,-96.5969,924900,209.0,-25000.0,890100.0,2907.0,8.0,6.0,4418.0,1989.0,2.42,singleFamily,74,685600.0,2025,https://www.zillow.com,https://photos.zillowstatic.com/fp/031704ec50cebb3ddf0009448fa26531-p_c.jpg,2026-09-07 13:58,For Sale
61869747,5530 Mandarin Way,75249,Dallas,TX,32.657505,-96.97417,295000,182.0,,290000.0,2118.0,3.0,2.0,1618.0,2002.0,5270.76,singleFamily,2,299580.0,2025,https://www.zillow.com,https://photos.zillowstatic.com/fp/4c6fbaae0d36db2670bcf70746d2d3d7-p_c.jpg,2026-09-07 13:58,For Sale
26626524,18095 Whispering Gables Ln,75287,Dallas,TX,32.995853,-96.84044,287000,265.0,-7900.0,,,2.0,2.0,1083.0,1983.0,4356.0,townhome,51,308085.0,2025,https://www.zillow.com,https://photos.zillowstatic.com/fp/d9bcc041579aebbd1347e2e739f356b4-p_c.jpg,2026-09-07 13:58,For Sale
26880281,4117 Boca Bay Dr,75244,Dallas,TX,32.916332,-96.84317,925000,288.0,,898900.0,5107.0,4.0,3.0,3216.0,1970.0,0.278,singleFamily,2,1165000.0,2025,https://www.zillow.com,https://photos.zillowstatic.com/fp/5b19f07ec189fc5f0a7cc2fd1576d6f4-p_c.jpg,2026-09-07 13:58,For Sale
26854869,2304 Bonnie View Rd,75216,Dallas,TX,32.724705,-96.787186,675000,210.0,,666400.0,4077.0,4.0,5.0,3220.0,2026.0,8315.604,singleFamily,16,105000.0,2025,https://www.zillow.com,https://photos.zillowstatic.com/fp/0cbc37e202bc5a743bf06710cc251ecf-p_c.jpg,2026-09-07 13:58,For Sale
26754280,6405 Del Norte Ln,75225,Dallas,TX,32.86892,-96.79496,1225000,445.0,,1195100.0,5724.0,3.0,3.0,2755.0,2008.0,3397.68,singleFamily,27,1198160.0,2025,https://www.zillow.com,https://photos.zillowstatic.com/fp/56b1e8d2fe03672eb22b0bf9bf8ea23a-p_c.jpg,2026-09-07 13:58,For Sale
26718820,2725 Aster St,75211,Dallas,TX,32.736023,-96.864624,255000,158.0,-20000.0,248100.0,2493.0,4.0,2.0,1615.0,1937.0,6054.84,singleFamily,71,266180.0,2025,https://www.zillow.com,https://photos.zillowstatic.com/fp/427868af0c11dea8a666abcd55b06a30-p_c.jpg,2026-09-07 13:58,For Sale
26845273,11083 Erhard Dr,75228,Dallas,TX,32.84135,-96.65294,535000,122.0,-15000.0,526000.0,4287.0,4.0,4.0,4395.0,1955.0,0.551,singleFamily,117,568010.0,2025,https://www.zillow.com,https://photos.zillowstatic.com/fp/7c845e302a75659d0fc651547d33a645-p_c.jpg,2026-09-07 13:58,For Sale
26723849,1227 Wilbur St,75224,Dallas,TX,32.722607,-96.84315,349000,191.0,,346300.0,2702.0,5.0,2.0,1832.0,1937.0,7840.8,singleFamily,44,382770.0,2025,https://www.zillow.com,https://photos.zillowstatic.com/fp/136f635ebce59281e6d3b69cae63684e-p_c.jpg,2026-09-07 13:58,For Sale
67957036,3828 San Jacinto St,75204,Dallas,TX,32.797726,-96.784355,437999,246.0,-2000.0,433200.0,2792.0,2.0,2.0,1780.0,2003.0,2918.52,townhome,79,490200.0,2025,https://www.zillow.com,https://photos.zillowstatic.com/fp/aa92f242268ff2c388bac15926edd149-p_c.jpg,2026-09-07 13:58,For Sale
26712191,1815 W Brooklyn Ave,75208,Dallas,TX,32.739494,-96.84982,285000,245.0,-13500.0,289900.0,1858.0,2.0,2.0,1164.0,1924.0,2395.8,multiFamily,75,292530.0,2025,https://www.zillow.com,https://photos.zillowstatic.com/fp/b10ffe5c909b6ad11ddb4213a923cb60-p_c.jpg,2026-09-07 13:58,For Sale
80228618,6659 Leaning Oaks St,75241,Dallas,TX,32.654327,-96.76687,339000,101.0,,,3211.0,3.0,3.0,3370.0,2006.0,0.33699999999999997,singleFamily,7,390560.0,2025,https://www.zillow.com,https://photos.zillowstatic.com/fp/f4f55b60ca54c882b6cc7e3494674704-p_c.jpg,2026-09-07 13:58,For Sale
67961840,4213 Dickason Ave APT 9,75219,Dallas,TX,32.81071,-96.814095,489000,248.0,-10000.0,481500.0,3268.0,2.0,2.0,1974.0,2004.0,1916.64,townhome,89,567230.0,2025,https://www.zillow.com,https://photos.zillowstatic.com/fp/3a1b8b0e3d634ddb483a2332e960a62b-p_c.jpg,2026-09-07 13:58,For Sale
26831313,10243 San Juan Ave,75228,Dallas,TX,32.833233,-96.678345,250000,217.0,,246900.0,1819.0,3.0,1.0,1152.0,1954.0,7535.88,singleFamily,15,210000.0,2025,https://www.zillow.com,https://photos.zillowstatic.com/fp/e5e0972df1761f401e32606bdc48a8d4-p_c.jpg,2026-09-07 13:58,For Sale
26689227,6122 Bryan Pkwy,75206,Dallas,TX,32.810043,-96.761925,1250000,346.0,,1201400.0,6783.0,4.0,3.0,3617.0,1999.0,6621.12,singleFamily,59,975090.0,2025,https://www.zillow.com,https://photos.zillowstatic.com/fp/a777eccb9d98f34337980c2f7ea3d3dc-p_c.jpg,2026-09-07 13:58,For Sale
26696257,907 Monte Vista Dr,75223,Dallas,TX,32.803738,-96.74064,799000,389.0,,,,3.0,2.0,2052.0,1945.0,7666.56,singleFamily,33,820310.0,2025,https://www.zillow.com,https://photos.zillowstatic.com/fp/fe55c7228b152012230ec23ac8f7e278-p_c.jpg,2026-09-07 13:58,For Sale
26809917,3655 Pallos Verdas Dr,75229,Dallas,TX,32.905384,-96.85813,400000,235.0,,406700.0,3178.0,3.0,2.0,1705.0,1958.0,0.258,singleFamily,4,414160.0,2025,https://www.zillow.com,https://photos.zillowstatic.com/fp/3142b528fe62955202a9cd8d6f50a982-p_c.jpg,2026-09-07 13:58,For Sale
96489594,2720 Fatima Ave,75241,Dallas,TX,32.677,-96.77688,419900,184.0,,418900.0,2847.0,4.0,3.0,2276.0,2026.0,3354.12,singleFamily,87,32500.0,2025,https://www.zillow.com,https://photos.zillowstatic.com/fp/81857f35f21d01c68fe8af6c96589381-p_c.jpg,2026-09-07 13:58,For Sale
26891464,7306 Red Osier Rd,75249,Dallas,TX,32.633717,-96.95132,200000,118.0,,198800.0,2105.0,3.0,2.0,1700.0,1982.0,6882.48,singleFamily,15,290030.0,2025,https://www.zillow.com,https://photos.zillowstatic.com/fp/38a72508af91c1c77ee126d6d306a36b-p_c.jpg,2026-09-07 13:58,For Sale
69677349,4611 Travis St APT 1100,75205,Dallas,TX,32.824383,-96.79024,1000000,1046.0,,997200.0,2422.0,1.0,1.0,956.0,2000.0,0.618,condo,10,500000.0,2025,https://www.zillow.com,https://photos.zillowstatic.com/fp/b9256cc16c062c04d7f216b96630dedf-p_c.jpg,2026-09-07 13:58,For Sale
26810415,3303 Lockmoor Ln,75220,Dallas,TX,32.879272,-96.867966,459000,285.0,,443000.0,2821.0,3.0,2.0,1610.0,1955.0,0.321,singleFamily,3,388480.0,2025,https://www.zillow.com,https://photos.zillowstatic.com/fp/79630242e6d5ba2c1e051097726bfb16-p_c.jpg,2026-09-07 13:58,For Sale
26744549,11012 Castolon Dr,75228,Dallas,TX,32.84646,-96.67949,299000,226.0,,286300.0,1764.0,3.0,2.0,1324.0,1950.0,7797.24,singleFamily,7,210010.0,2025,https://www.zillow.com,https://photos.zillowstatic.com/fp/4054494ee0fe8e07eb7061301c61e980-p_c.jpg,2026-09-07 13:58,For Sale
26685330,416 Mount Auburn Ave,75223,Dallas,TX,32.80185,-96.74993,798900,191.0,,794100.0,7336.0,5.0,5.0,4181.0,2026.0,7230.96,singleFamily,47,500000.0,2025,https://www.zillow.com,https://photos.zillowstatic.com/fp/b6219bf2ee8de83ac7c191b808a9acce-p_c.jpg,2026-09-07 13:58,For Sale
303985268,8205 Plumbago Way,75252,Dallas,TX,32.98507,-96.7605,819000,263.0,-10000.0,809800.0,4613.0,4.0,4.0,3113.0,2019.0,7187.4,singleFamily,58,788290.0,2025,https://www.zillow.com,https://photos.zillowstatic.com/fp/5a5bd0e1dea216a3c2184c2ef628d28d-p_c.jpg,2026-09-07 13:58,For Sale
26711034,909 Woodlawn Ave,75208,Dallas,TX,32.75421,-96.83069,1075000,336.0,-50000.0,1026700.0,4964.0,4.0,3.0,3203.0,1925.0,7361.64,singleFamily,47,867040.0,2025,https://www.zillow.com,https://photos.zillowstatic.com/fp/328017de79c48dc83dfdfeb548545ef8-p_c.jpg,2026-09-07 13:58,For Sale
442923935,9620 Mav Ln,75238,Dallas,TX,32.877426,-96.72945,749000,331.0,,734300.0,4757.0,3.0,4.0,2266.0,2026.0,3746.16,singleFamily,18,160000.0,2025,https://www.zillow.com,https://photos.zillowstatic.com/fp/40cd244235c5d150f6ac390bbecd5585-p_c.jpg,2026-09-07 13:58,For Sale
84002620,6043 Meadow Rd,75230,Dallas,TX,32.88656,-96.80206,3900000,602.0,,3640700.0,,5.0,6.0,6482.0,2008.0,0.336,singleFamily,9,3366990.0,2025,https://www.zillow.com,https://photos.zillowstatic.com/fp/cb8acc98b74942619ba78bfb01662dd1-p_c.jpg,2026-09-07 13:58,For Sale
26903405,9022 Villa Park Cir,75225,Dallas,TX,32.872677,-96.77756,497000,296.0,,,,3.0,2.0,1678.0,1966.0,5183.64,singleFamily,66,361360.0,2025,https://www.zillow.com,https://photos.zillowstatic.com/fp/c4674fb1f5ba550a9cf9cd5d43af343f-p_c.jpg,2026-09-07 13:58,For Sale
26804636,4326 Mendenhall Dr,75244,Dallas,TX,32.909885,-96.83502,1125000,312.0,-165000.0,1085500.0,6601.0,4.0,4.0,3607.0,1964.0,0.377,singleFamily,67,1066680.0,2025,https://www.zillow.com,https://photos.zillowstatic.com/fp/f6a45cd849ec2fc76ada26b497165893-p_c.jpg,2026-09-07 13:58,For Sale
26719541,1436 S Marlborough Ave,75208,Dallas,TX,32.729256,-96.85139,449000,233.0,,431800.0,2800.0,3.0,2.0,1926.0,1950.0,8015.04,singleFamily,5,392270.0,2025,https://www.zillow.com,https://photos.zillowstatic.com/fp/4aaec2a501734d337f4555b0052d9b33-p_c.jpg,2026-09-07 13:58,For Sale
26702043,6905 Wabash Cir,75214,Dallas,TX,32.824696,-96.74096,1650000,484.0,-75000.0,1610300.0,6875.0,5.0,3.0,3411.0,1967.0,0.294,singleFamily,101,1453030.0,2025,https://www.zillow.com,https://photos.zillowstatic.com/fp/c1cc4ccc08d3472c675cc0d1a34d9fb9-p_c.jpg,2026-09-07 13:58,For Sale
449335653,4534 Lake Ave #104,75219,Dallas,TX,32.811855,-96.82431,539000,244.0,-10000.0,532800.0,4087.0,3.0,3.0,2207.0,2025.0,7492.32,townhome,24,,,https://www.zillow.com,https://photos.zillowstatic.com/fp/c2977e98e269574d668dcfa40b63c122-p_c.jpg,2026-09-07 13:58,For Sale
464514637,6127 Jeane St,75217,Dallas,TX,32.727203,-96.71708,357900,192.0,,357400.0,2575.0,4.0,2.0,1860.0,2026.0,0.2587,singleFamily,24,,,https://www.zillow.com,https://photos.zillowstatic.com/fp/49b828e0b8b6377e960b6ae296485c4e-p_c.jpg,2026-09-07 13:58,For Sale
96532519,4212 Balch Dr,75216,Dallas,TX,32.710346,-96.768936,410000,195.0,-3000.0,408400.0,2899.0,5.0,3.0,2100.0,2026.0,0.43,singleFamily,39,355330.0,2025,https://www.zillow.com,https://photos.zillowstatic.com/fp/6435cda48ca816e1b6c564998fa90d9a-p_c.jpg,2026-09-07 13:58,For Sale
26785636,5320 Elkridge Dr,75227,Dallas,TX,32.790108,-96.705605,385000,173.0,-10000.0,383800.0,4553.0,3.0,3.0,2226.0,1966.0,8581.32,singleFamily,149,374960.0,2025,https://www.zillow.com,https://photos.zillowstatic.com/fp/255ad6ddea9b011366c20de836a8b447-p_c.jpg,2026-09-07 13:58,For Sale
26868878,9123 Windcrest Dr,75243,Dallas,TX,32.902084,-96.73644,825000,294.0,,795400.0,3951.0,3.0,3.0,2804.0,1974.0,9191.16,singleFamily,17,750510.0,2025,https://www.zillow.com,https://photos.zillowstatic.com/fp/68690c5dc816f34bdb76dd37e072f1cd-p_c.jpg,2026-09-07 13:58,For Sale
26851199,8630 Rolling Rock Ln,75238,Dallas,TX,32.866524,-96.692635,699900,336.0,-50100.0,682900.0,3991.0,4.0,4.0,2083.0,1955.0,8058.6,singleFamily,62,661180.0,2025,https://www.zillow.com,https://photos.zillowstatic.com/fp/8fee0696109ab0dfa47d3d6222a8e32d-p_c.jpg,2026-09-07 13:58,For Sale
26882898,12929 Jasoncrest Trl,75243,Dallas,TX,32.925285,-96.71173,489999,198.0,-10001.0,482200.0,3065.0,4.0,3.0,2474.0,1985.0,0.299,singleFamily,88,390380.0,2025,https://www.zillow.com,https://photos.zillowstatic.com/fp/01063a1c3d4c090313770946a093e2fb-p_c.jpg,2026-09-07 13:58,For Sale
26850629,10344 Country Club Dr,75218,Dallas,TX,32.85791,-96.70436,1349000,314.0,,1317500.0,6814.0,4.0,5.0,4298.0,2026.0,7753.68,singleFamily,72,200000.0,2025,https://www.zillow.com,https://photos.zillowstatic.com/fp/24de9c20ffcd6fc4f01dfd8a99d8d67e-p_c.jpg,2026-09-07 13:58,For Sale
26871292,7616 Woodstone Ln,75248,Dallas,TX,32.954727,-96.77599,899950,246.0,,861300.0,4415.0,5.0,4.0,3653.0,1969.0,0.314,singleFamily,2,597800.0,2025,https://www.zillow.com,https://photos.zillowstatic.com/fp/004c2b46d76090b4fbf3ab06479d6ba7-p_c.jpg,2026-09-07 13:58,For Sale
26913335,12823 Burninglog Ln,75243,Dallas,TX,32.918713,-96.73485,267000,163.0,,261500.0,2381.0,3.0,3.0,1636.0,1983.0,1960.2,townhome,30,271220.0,2025,https://www.zillow.com,https://photos.zillowstatic.com/fp/d503d890f08702fdf27b59189027a650-p_c.jpg,2026-09-07 13:58,For Sale
26829971,8115 Ferguson Rd,75228,Dallas,TX,32.804195,-96.71162,390000,129.0,,375600.0,2028.0,6.0,4.0,3020.0,1969.0,10367.28,multiFamily,3,502370.0,2025,https://www.zillow.com,https://photos.zillowstatic.com/fp/3eab853033ea450ea1bd7a6ac3acfe62-p_c.jpg,2026-09-07 13:58,For Sale
26809826,3193 Northaven Rd,75229,Dallas,TX,32.903557,-96.8707,950000,331.0,-50000.0,907100.0,5126.0,4.0,5.0,2874.0,1960.0,0.29,singleFamily,34,501650.0,2025,https://www.zillow.com,https://photos.zillowstatic.com/fp/9dfd6e6a79cfc4c0f41aa7428dd93206-p_c.jpg,2026-09-07 13:58,For Sale
26864370,11022 Ferndale Rd,75238,Dallas,TX,32.892773,-96.71707,609900,248.0,-10000.0,596000.0,4825.0,4.0,3.0,2457.0,1967.0,8929.8,singleFamily,17,630880.0,2025,https://www.zillow.com,https://photos.zillowstatic.com/fp/b2e1b804ecfc12d9a2b2f661c8510d72-p_c.jpg,2026-09-07 13:58,For Sale
26758535,4323 Middleton Rd,75229,Dallas,TX,32.88603,-96.836235,3549000,597.0,-142000.0,3412400.0,,5.0,7.0,5945.0,2023.0,0.428,singleFamily,143,3344760.0,2025,https://www.zillow.com,https://photos.zillowstatic.com/fp/5a8b5dbfce5cd75a5771bda4a7c4b323-p_c.jpg,2026-09-07 13:58,For Sale
26743608,11621 Tuscany Way,75218,Dallas,TX,32.853325,-96.69136,492950,313.0,-37050.0,478600.0,2744.0,3.0,2.0,1575.0,1955.0,7666.56,singleFamily,81,476940.0,2025,https://www.zillow.com,https://photos.zillowstatic.com/fp/3d94d6acf39c2a89c308c95247750c47-p_c.jpg,2026-09-07 13:58,For Sale
26813003,3057 Dothan Ln,75229,Dallas,TX,32.898098,-96.87576,409000,204.0,-11000.0,,,4.0,3.0,2008.0,1959.0,7797.24,singleFamily,73,331800.0,2025,https://www.zillow.com,https://photos.zillowstatic.com/fp/b27d416d4bf62acb25c113eab68930f8-p_c.jpg,2026-09-07 13:58,For Sale
26683168,4017 Buena Vista St Unit 103,75204,Dallas,TX,32.81392,-96.79699,415000,343.0,,398100.0,2730.0,2.0,3.0,1210.0,1980.0,0.5972999999999999,condo,12,408000.0,2025,https://www.zillow.com,https://photos.zillowstatic.com/fp/af510e3e25855931e4fd3b7e41f2debd-p_c.jpg,2026-09-07 13:58,For Sale
26750100,7103 Wake Forrest Dr,75214,Dallas,TX,32.85406,-96.737595,518000,384.0,-2000.0,511300.0,3138.0,3.0,2.0,1349.0,1959.0,7492.32,singleFamily,109,539870.0,2025,https://www.zillow.com,https://photos.zillowstatic.com/fp/abe6b0e6c4793b4c0b92c867c1713a2d-p_c.jpg,2026-09-07 13:58,For Sale
26878494,6451 Moonhill Dr,75241,Dallas,TX,32.66149,-96.76671,147000,98.0,-7300.0,,,4.0,2.0,1499.0,1971.0,7143.84,singleFamily,173,227190.0,2025,https://www.zillow.com,https://photos.zillowstatic.com/fp/2264eb83b44a16cbc048154f863bbf48-p_c.jpg,2026-09-07 13:58,For Sale
26927969,3940 Hawthorne Ave APT 6,75219,Dallas,TX,32.822395,-96.80945,324900,386.0,,312300.0,2036.0,1.0,2.0,841.0,1983.0,9452.52,condo,1,336700.0,2025,https://www.zillow.com,https://photos.zillowstatic.com/fp/499e596fef14d28d046884080a1168de-p_c.jpg,2026-09-07 13:58,For Sale
26872983,15651 Terrace Lawn Cir,75248,Dallas,TX,32.961514,-96.77894,560000,259.0,-37500.0,547500.0,3744.0,4.0,3.0,2159.0,1967.0,7840.8,singleFamily,114,575000.0,2025,https://www.zillow.com,https://photos.zillowstatic.com/fp/d0c1ff5499c268a349a0a04c90a52e25-p_c.jpg,2026-09-07 13:58,For Sale
26830750,2351 Saint Francis Ave,75228,Dallas,TX,32.806892,-96.70349,479000,250.0,-5000.0,471500.0,2916.0,3.0,2.0,1918.0,1961.0,9016.92,singleFamily,73,457170.0,2025,https://www.zillow.com,https://photos.zillowstatic.com/fp/666d261373de5e8caca9b5bd4c80f982-p_c.jpg,2026-09-07 13:58,For Sale
26740661,8242 San Cristobal Dr,75218,Dallas,TX,32.80999,-96.71344,1099000,397.0,,1024900.0,4333.0,4.0,4.0,2768.0,1969.0,0.256,singleFamily,3,785000.0,2025,https://www.zillow.com,https://photos.zillowstatic.com/fp/2dd53758aa321a80a1d5e61b95d605ba-p_c.jpg,2026-09-07 13:58,For Sale
26852644,8709 Forest Green Dr,75243,Dallas,TX,32.908855,-96.75277,385000,183.0,-15000.0,376000.0,2530.0,3.0,3.0,2103.0,1974.0,8755.56,singleFamily,79,360680.0,2025,https://www.zillow.com,https://photos.zillowstatic.com/fp/cfad2c479fa9378dc17fb3005555f701-p_c.jpg,2026-09-07 13:58,For Sale
26755935,6039 Waggoner Dr,75230,Dallas,TX,32.887676,-96.80235,6220000,1006.0,,5608900.0,7336.0,3.0,5.0,6184.0,2000.0,0.459,singleFamily,5,2763000.0,2025,https://www.zillow.com,https://photos.zillowstatic.com/fp/a03051057336f1970613755f0326259b-p_c.jpg,2026-09-07 13:58,For Sale
84004415,4040 N Hall St APT 201,75219,Dallas,TX,32.812984,-96.81055,499900,294.0,-15100.0,489000.0,2995.0,2.0,2.0,1702.0,2006.0,0.862,condo,33,459540.0,2025,https://www.zillow.com,https://photos.zillowstatic.com/fp/d95f6e6a12d382298a82ca13d5d612ab-p_c.jpg,2026-09-07 13:58,For Sale
26875619,6822 Saint Anne St,75248,Dallas,TX,32.97677,-96.78947,700000,269.0,,690400.0,4496.0,4.0,3.0,2600.0,1973.0,8799.12,singleFamily,2,604060.0,2025,https://www.zillow.com,https://photos.zillowstatic.com/fp/92d5a726556b8eea0e06f09ce2c4d5cc-p_c.jpg,2026-09-07 13:58,For Sale
26852454,13723 Far Hills Ln,75240,Dallas,TX,32.934837,-96.77667,1650000,389.0,,1614500.0,6965.0,5.0,6.0,4246.0,2026.0,10062.36,singleFamily,25,562410.0,2025,https://www.zillow.com,https://photos.zillowstatic.com/fp/15f5257895bd237ad1cd15a4792330e2-p_c.jpg,2026-09-07 13:58,For Sale
96519586,1407 Pueblo St,75212,Dallas,TX,32.780365,-96.84303,785000,253.0,-10000.0,776600.0,5151.0,4.0,5.0,3100.0,2026.0,7492.32,singleFamily,96,225000.0,2025,https://www.zillow.com,https://photos.zillowstatic.com/fp/421fbd987d1baef9e7c85ba0ec7a4406-p_c.jpg,2026-09-07 13:58,For Sale
248745523,2602 Kings Rd,75219,Dallas,TX,32.81462,-96.82375,1250000,208.0,,1167000.0,,7.0,5.0,6000.0,1927.0,0.344,multiFamily,31,430000.0,2025,https://www.zillow.com,https://photos.zillowstatic.com/fp/9e44d394fb73211d3dfcf8e7ded3d794-p_c.jpg,2026-09-07 13:58,For Sale
26798383,7631 Olusta Dr,75217,Dallas,TX,32.711723,-96.690384,249000,135.0,,243700.0,2410.0,4.0,2.0,1850.0,1950.0,9321.84,singleFamily,5,317940.0,2025,https://www.zillow.com,https://photos.zillowstatic.com/fp/f21e63dad5c4e7135e790c6932c3e69a-p_c.jpg,2026-09-07 13:58,For Sale
26751075,7048 Arboreal Dr,75231,Dallas,TX,32.859203,-96.7364,874900,318.0,-40100.0,,,3.0,3.0,2753.0,1960.0,0.254,singleFamily,86,643770.0,2025,https://www.zillow.com,https://photos.zillowstatic.com/fp/c991c1947bd4a04e9220e18e5d6e134e-p_c.jpg,2026-09-07 13:58,For Sale
443638165,6006 Meadow Crst,75230,Dallas,TX,32.903107,-96.80368,4600000,626.0,,,,5.0,7.0,7354.0,2025.0,0.47729999999999995,singleFamily,58,,,https://www.zillow.com,https://photos.zillowstatic.com/fp/7c81d66ed95cf179f68da927959cf26c-p_c.jpg,2026-09-07 13:58,For Sale
26743008,1217 Fuller Dr,75218,Dallas,TX,32.839985,-96.69332,279000,214.0,,276600.0,2331.0,2.0,1.0,1301.0,1946.0,10236.6,singleFamily,13,316130.0,2025,https://www.zillow.com,https://photos.zillowstatic.com/fp/4812d22f4d2beff032eb68606bedb353-p_c.jpg,2026-09-07 13:58,For Sale
26697194,5027 Stoneleigh Ave,75235,Dallas,TX,32.8184,-96.82667,585000,349.0,,580000.0,2724.0,3.0,2.0,1678.0,1927.0,7666.56,singleFamily,16,500000.0,2025,https://www.zillow.com,https://photos.zillowstatic.com/fp/4ceaae768790a7c78ab1cc8913e6ec7c-p_c.jpg,2026-09-07 13:58,For Sale
26869083,9178 Glen Springs Dr,75243,Dallas,TX,32.90111,-96.72901,719900,184.0,-15100.0,700900.0,7452.0,4.0,4.0,3910.0,1973.0,10149.48,singleFamily,31,819250.0,2025,https://www.zillow.com,https://photos.zillowstatic.com/fp/b63c07c3f761e972c75a210849e80595-p_c.jpg,2026-09-07 13:58,For Sale
26742462,1407 Rio Hondo Dr,75218,Dallas,TX,32.841846,-96.6881,295000,234.0,,284700.0,2004.0,3.0,1.0,1260.0,1951.0,7579.44,singleFamily,16,311730.0,2025,https://www.zillow.com,https://photos.zillowstatic.com/fp/e10c4dfeb5fc75905c2bc544dbc18662-p_c.jpg,2026-09-07 13:58,For Sale
444082473,10911 Beauty Ln,75229,Dallas,TX,32.896557,-96.86486,2195000,414.0,,2117600.0,,5.0,7.0,5297.0,2026.0,0.267,singleFamily,20,,,https://www.zillow.com,https://photos.zillowstatic.com/fp/c6b25fded10573adca42ff2e6d07cb30-p_c.jpg,2026-09-07 13:58,For Sale
162813613,6827 Sunshade Ln,75236,Dallas,TX,32.682747,-96.938324,519500,168.0,-5500.0,511600.0,3882.0,4.0,3.0,3090.0,2015.0,10149.48,singleFamily,92,509140.0,2025,https://www.zillow.com,https://photos.zillowstatic.com/fp/ec02e1d7ec8b4716bc331b736abd7f0b-p_c.jpg,2026-09-07 13:58,For Sale
26822455,3607 Pinebrook Dr,75241,Dallas,TX,32.66796,-96.763794,224900,150.0,-5000.0,,,3.0,3.0,1504.0,1997.0,5662.8,singleFamily,67,240960.0,2025,https://www.zillow.com,https://photos.zillowstatic.com/fp/8afda53725ad7c04759744f11eb5a6ed-p_c.jpg,2026-09-07 13:58,For Sale
26887274,6505 Laurel Valley Rd,75248,Dallas,TX,32.96689,-96.79593,875000,326.0,-24900.0,845300.0,4222.0,3.0,3.0,2684.0,1979.0,6141.96,singleFamily,38,888260.0,2025,https://www.zillow.com,https://photos.zillowstatic.com/fp/4e76eb47d106a9cb12d30170ca2687e9-p_c.jpg,2026-09-07 13:58,For Sale
333139155,14373 Wrangler Way,75253,Dallas,TX,32.67319,-96.585754,300000,117.0,-10000.0,299600.0,2782.0,5.0,3.0,2572.0,2019.0,6141.96,singleFamily,132,324670.0,2025,https://www.zillow.com,https://photos.zillowstatic.com/fp/566d2a9b9dfa3b3f657726ac98e0a4c9-p_c.jpg,2026-09-07 13:58,For Sale
26848537,7029 Spring Valley Rd,75254,Dallas,TX,32.940746,-96.784096,875000,252.0,-60000.0,844900.0,6029.0,5.0,4.0,3479.0,1961.0,0.574,singleFamily,16,756460.0,2025,https://www.zillow.com,https://photos.zillowstatic.com/fp/8a05e1b6e6d042218d723e87836904ed-p_c.jpg,2026-09-07 13:58,For Sale
26827133,3811 Laurel Canyon Dr,75233,Dallas,TX,32.69232,-96.882416,275000,145.0,-25000.0,268100.0,2535.0,3.0,2.0,1891.0,1967.0,0.26599999999999996,singleFamily,60,322680.0,2025,https://www.zillow.com,https://photos.zillowstatic.com/fp/11ea3fbd9652eb914d00af32677efcf5-p_c.jpg,2026-09-07 13:58,For Sale
55827313,2011 Cedar Springs Rd APT 606,75201,Dallas,TX,32.791203,-96.80547,2750000,591.0,-100000.0,2579600.0,,2.0,3.0,4655.0,1999.0,0.981,condo,233,2630080.0,2025,https://www.zillow.com,https://photos.zillowstatic.com/fp/4b32446b54d460499210c02631c189bd-p_c.jpg,2026-09-07 13:58,For Sale
26685443,700 Cristler Ave,75223,Dallas,TX,32.802162,-96.74569,450000,349.0,,432600.0,2427.0,2.0,2.0,1288.0,1916.0,5837.04,singleFamily,24,351830.0,2025,https://www.zillow.com,https://photos.zillowstatic.com/fp/04cf311371ed083cdd92879df0302bdd-p_c.jpg,2026-09-07 13:58,For Sale
26849521,6811 Bradbury Ln,75230,Dallas,TX,32.912846,-96.78806,1500000,383.0,-150000.0,1425900.0,7280.0,4.0,4.0,3920.0,1958.0,0.35200000000000004,singleFamily,29,1190000.0,2025,https://www.zillow.com,https://photos.zillowstatic.com/fp/d5445e397c21fd729e727fb0acf6eb20-p_c.jpg,2026-09-07 13:58,For Sale
26809208,3542 Jubilee Trl,75229,Dallas,TX,32.900166,-96.8588,785000,292.0,-15000.0,760800.0,4336.0,4.0,2.0,2689.0,1962.0,0.319,singleFamily,53,955390.0,2025,https://www.zillow.com,https://photos.zillowstatic.com/fp/f6238c55248120c7a6e02207e3d73720-p_c.jpg,2026-09-07 13:58,For Sale
2070844937,2742 Marjorie Ave,75216,Dallas,TX,32.697113,-96.77824,499900,234.0,-15100.0,491100.0,2757.0,4.0,3.0,2132.0,2022.0,0.38799999999999996,singleFamily,114,,,https://www.zillow.com,https://photos.zillowstatic.com/fp/d253f0cc9cb77c73cdc6eed378c6f219-p_c.jpg,2026-09-07 13:58,For Sale
26755672,6823 Lakehurst Ave,75230,Dallas,TX,32.884495,-96.78743,2650000,457.0,,2527800.0,,5.0,7.0,5802.0,1999.0,0.344,singleFamily,24,1940730.0,2025,https://www.zillow.com,https://photos.zillowstatic.com/fp/be5e21e5e9d2c1b1bf4facfbe9b2b68c-p_c.jpg,2026-09-07 13:58,For Sale
80233370,4446 Thunder Rd,75244,Dallas,TX,32.924732,-96.83252,1175000,369.0,-24000.0,,,4.0,4.0,3186.0,1968.0,0.351,singleFamily,10,893510.0,2025,https://www.zillow.com,https://photos.zillowstatic.com/fp/9779f9de8d2786adf0b4dae089ebbe91-p_c.jpg,2026-09-07 13:58,For Sale
26797484,233 Creek Cove Dr,75217,Dallas,TX,32.715996,-96.71027,120000,120.0,-5000.0,117600.0,1702.0,3.0,2.0,996.0,1972.0,3659.04,townhome,159,159860.0,2025,https://www.zillow.com,https://photos.zillowstatic.com/fp/0f02eda6c1f4e43c0ffc70463bf1bdcd-p_c.jpg,2026-09-07 13:58,For Sale
26902373,7055 Inwood Rd,75209,Dallas,TX,32.84362,-96.821915,649000,244.0,-25000.0,637500.0,4565.0,4.0,4.0,2658.0,1983.0,5401.44,townhome,60,611340.0,2025,https://www.zillow.com,https://photos.zillowstatic.com/fp/c9465c3574fc8ac2b826f6096778d888-p_c.jpg,2026-09-07 13:58,For Sale
26923183,5100 Verde Valley Ln APT 178,75254,Dallas,TX,32.948143,-96.82086,199000,202.0,,,,1.0,2.0,985.0,1982.0,6.353,condo,68,187150.0,2025,https://www.zillow.com,https://photos.zillowstatic.com/fp/21aa193da02c59f8c360ea620b264233-p_c.jpg,2026-09-07 13:58,For Sale
80235648,3030 Bryan St Suite 309,75204,Dallas,TX,32.791695,-96.78746,525000,347.0,,502200.0,2769.0,2.0,2.0,1512.0,2005.0,1.089,condo,3,477000.0,2025,https://www.zillow.com,https://photos.zillowstatic.com/fp/f06b7557fb07fb4ff75d5648f0b76e6d-p_c.jpg,2026-09-07 13:58,For Sale
26769792,1710 Western Park Dr,75211,Dallas,TX,32.72682,-96.89775,295000,169.0,-5000.0,,,3.0,2.0,1741.0,1965.0,7579.44,singleFamily,120,340000.0,2025,https://www.zillow.com,https://photos.zillowstatic.com/fp/98a82fabb594fbd29ce4f0a9610184ea-p_c.jpg,2026-09-07 13:58,For Sale
26850861,10827 Wallbrook Dr,75238,Dallas,TX,32.87699,-96.696556,645000,351.0,,628700.0,3331.0,3.0,3.0,1840.0,2019.0,7448.76,singleFamily,3,509000.0,2025,https://www.zillow.com,https://photos.zillowstatic.com/fp/8e5a6d3ce98a16a35c95ce44b54723f7-p_c.jpg,2026-09-07 13:58,For Sale
26756212,6815 Pemberton Dr,75230,Dallas,TX,32.891823,-96.78806,4450000,634.0,,,,5.0,7.0,7021.0,2024.0,0.38199999999999995,singleFamily,11,3364430.0,2025,https://www.zillow.com,https://photos.zillowstatic.com/fp/034d9a6c402c25772e1248d5e0542a3f-p_c.jpg,2026-09-07 13:58,For Sale
26865861,9622 Highland View Dr,75238,Dallas,TX,32.893772,-96.72024,389900,185.0,,,,3.0,2.0,2106.0,1974.0,3223.44,townhome,10,374610.0,2025,https://www.zillow.com,https://photos.zillowstatic.com/fp/e336dfa6bada59c8a3935793cb1bd7d8-p_c.jpg,2026-09-07 13:58,For Sale
26690347,5618 Goodwin Ave,75206,Dallas,TX,32.82322,-96.77145,2250000,540.0,,,,3.0,3.0,4169.0,2021.0,0.27599999999999997,singleFamily,20,1992090.0,2025,https://www.zillow.com,https://photos.zillowstatic.com/fp/1b851d5ddb64d88f961ecb98c9ce6090-p_c.jpg,2026-09-07 13:58,For Sale
26778007,3275 S Edgefield Ave,75224,Dallas,TX,32.70868,-96.84406,235000,99.0,,218300.0,3016.0,4.0,3.0,2370.0,1954.0,0.257,singleFamily,45,282510.0,2025,https://www.zillow.com,https://photos.zillowstatic.com/fp/2ec335359c7a72542eab68c491f017b2-p_c.jpg,2026-09-07 13:58,For Sale
462145824,2332 Wycliff Ave,75219,Dallas,TX,32.807407,-96.82228,825000,232.0,,,,4.0,5.0,3550.0,2026.0,3571.92,singleFamily,24,,,https://www.zillow.com,https://photos.zillowstatic.com/fp/48a89e48545c92d10820397229bd66b7-p_c.jpg,2026-09-07 13:58,For Sale
26686305,2714 Lenway St,75215,Dallas,TX,32.765194,-96.765,180000,148.0,,,2656.0,7.0,4.0,1218.0,1930.0,6141.96,singleFamily,58,138560.0,2025,https://www.zillow.com,https://photos.zillowstatic.com/fp/eb17c3a453aac032687224c5e1219a68-p_c.jpg,2026-09-07 13:58,For Sale
26808610,3304 Townsend Dr,75229,Dallas,TX,32.89853,-96.868126,1795000,354.0,-100000.0,1750700.0,7524.0,4.0,6.0,5072.0,2026.0,10018.8,singleFamily,62,541670.0,2025,https://www.zillow.com,https://photos.zillowstatic.com/fp/66b1189d4fd75121da4f78b9d2c2238e-p_c.jpg,2026-09-07 13:58,For Sale
96504937,1316 Valley St,75203,Dallas,TX,32.74347,-96.80483,579000,211.0,,567400.0,5086.0,3.0,4.0,2745.0,2024.0,3484.8,singleFamily,4,534050.0,2025,https://www.zillow.com,https://photos.zillowstatic.com/fp/6ad6817049ab3af4329f706c557c86d5-p_c.jpg,2026-09-07 13:58,For Sale
26814311,6633 Emhouse St,75232,Dallas,TX,32.66675,-96.828224,240000,138.0,-5000.0,236400.0,2197.0,4.0,2.0,1738.0,1949.0,10062.36,singleFamily,76,265760.0,2025,https://www.zillow.com,https://photos.zillowstatic.com/fp/ac3bc145aec85a5e339c8ee0d2272778-p_c.jpg,2026-09-07 13:58,For Sale
26875496,16801 Thomas Chapel Dr,75248,Dallas,TX,32.979904,-96.78525,925000,305.0,,896800.0,4510.0,4.0,3.0,3032.0,1979.0,8668.44,singleFamily,3,691300.0,2025,https://www.zillow.com,https://photos.zillowstatic.com/fp/66359e7dc4da7f323013e9087c47fbfc-p_c.jpg,2026-09-07 13:58,For Sale
26692821,4650 Christopher Pl,75204,Dallas,TX,32.81829,-96.79816,1550000,600.0,,1458000.0,4426.0,2.0,3.0,2585.0,1969.0,3018.708,townhome,5,1013860.0,2025,https://www.zillow.com,https://photos.zillowstatic.com/fp/de9578c2ea3f75a1e0c5959c7d4b6f80-p_c.jpg,2026-09-07 13:58,For Sale
162397046,9801 Royal Ln APT 701,75231,Dallas,TX,32.895798,-96.72865,1600,1.0,-166300.0,163100.0,1875.0,2.0,2.0,1067.0,1981.0,5.727,condo,52,209530.0,2025,https://www.zillow.com,https://photos.zillowstatic.com/fp/28a93cd586713ee4078540b38fb0cb9a-p_c.jpg,2026-09-07 13:58,For Sale
26821170,2336 Talco Dr,75241,Dallas,TX,32.683975,-96.78134,149000,144.0,,158700.0,1641.0,3.0,2.0,1033.0,1977.0,7361.64,singleFamily,6,145970.0,2025,https://www.zillow.com,https://photos.zillowstatic.com/fp/24ab02b7bb99f57695bd71ad989dedc5-p_c.jpg,2026-09-07 13:58,For Sale
26679573,3321 Cole Ave APT 116,75204,Dallas,TX,32.806034,-96.80029,330000,316.0,-20000.0,318700.0,2697.0,2.0,2.0,1044.0,1961.0,0.8099999999999999,condo,37,401940.0,2025,https://www.zillow.com,https://photos.zillowstatic.com/fp/485e33fa8c0fd25af10c2ff1ee4aff86-p_c.jpg,2026-09-07 13:58,For Sale
26857430,641 Furlong Dr,75211,Dallas,TX,32.739403,-96.92154,279000,194.0,-7300.0,271800.0,2531.0,4.0,2.0,1440.0,1971.0,7274.52,singleFamily,24,282690.0,2025,https://www.zillow.com,https://photos.zillowstatic.com/fp/1d8cc54599dd501a9e2cb94b20e20dba-p_c.jpg,2026-09-07 13:58,For Sale
26870526,14015 Highmark Sq,75254,Dallas,TX,32.939445,-96.80321,585000,227.0,-15000.0,574600.0,4467.0,3.0,3.0,2575.0,1980.0,6795.36,singleFamily,116,673310.0,2025,https://www.zillow.com,https://photos.zillowstatic.com/fp/4090b396b0eb06e646074b386208bb45-p_c.jpg,2026-09-07 13:58,For Sale
26899602,9801 Royal Ln APT 707,75231,Dallas,TX,32.895798,-96.72865,188000,176.0,,179100.0,1519.0,2.0,2.0,1067.0,1981.0,5.727,condo,5,209530.0,2025,https://www.zillow.com,https://photos.zillowstatic.com/fp/790dc5b05a763af8baa4224b35c906a9-p_c.jpg,2026-09-07 13:58,For Sale
26780119,2824 W Kiest Blvd,75233,Dallas,TX,32.70384,-96.86656,415000,183.0,,400500.0,2520.0,3.0,2.0,2268.0,1961.0,0.271,singleFamily,10,439780.0,2025,https://www.zillow.com,https://photos.zillowstatic.com/fp/2a292e74a52aa62efcfad8a49ad2edb1-p_c.jpg,2026-09-07 13:58,For Sale
96526733,3914 Harlingen St,75212,Dallas,TX,32.789288,-96.90427,550000,199.0,,,,4.0,5.0,2770.0,2026.0,7126.416,singleFamily,18,100000.0,2025,https://www.zillow.com,https://photos.zillowstatic.com/fp/53adbf4207d28785921fa15d58785807-p_c.jpg,2026-09-07 13:58,For Sale
26591139,6822 Blue Mesa Dr,75252,Dallas,TX,32.99064,-96.78251,1250000,270.0,,1174400.0,6114.0,6.0,5.0,4629.0,1981.0,0.3,singleFamily,4,1204367.0,2025,https://www.zillow.com,https://photos.zillowstatic.com/fp/ef98fafe35213002c806db86f039e15c-p_c.jpg,2026-09-07 13:58,For Sale
26787260,9755 Van Dyke Rd,75218,Dallas,TX,32.85455,-96.71484,2195000,734.0,,2054300.0,5428.0,4.0,3.0,2990.0,1956.0,0.544,singleFamily,94,1150000.0,2025,https://www.zillow.com,https://photos.zillowstatic.com/fp/9ded6e32011621fb64f2b8ee8d3871e4-p_c.jpg,2026-09-07 13:58,For Sale
26701636,6402 Westlake Ave,75214,Dallas,TX,32.821693,-96.7527,1699000,420.0,-50999.0,1675500.0,,4.0,6.0,4045.0,2026.0,7405.2,singleFamily,33,609450.0,2025,https://www.zillow.com,https://photos.zillowstatic.com/fp/127889541df2a14a846a14a021b0180a-p_c.jpg,2026-09-07 13:58,For Sale
26731049,6453 Bob O Link Dr,75214,Dallas,TX,32.831985,-96.75054,2599995,491.0,-75005.0,2529800.0,,5.0,6.0,5293.0,2025.0,7535.88,singleFamily,19,953700.0,2025,https://www.zillow.com,https://photos.zillowstatic.com/fp/c45db860f79c56ad3700b05bb744e6a2-p_c.jpg,2026-09-07 13:58,For Sale
26820945,5011 Watson Dr,75241,Dallas,TX,32.689365,-96.776306,409999,189.0,-5001.0,409000.0,2857.0,4.0,3.0,2165.0,2026.0,10672.2,singleFamily,121,70000.0,2025,https://www.zillow.com,https://photos.zillowstatic.com/fp/fd0d8ea1eee0e5e04188f76fe20a713b-p_c.jpg,2026-09-07 13:58,For Sale
26888525,9918 Chimney Hill Ln,75243,Dallas,TX,32.915737,-96.72725,525000,195.0,,511100.0,2648.0,4.0,3.0,2696.0,1979.0,8799.12,singleFamily,8,453140.0,2025,https://www.zillow.com,https://photos.zillowstatic.com/fp/56d29f4fe59f802f6daee11d7015a9ff-p_c.jpg,2026-09-07 13:58,For Sale
26928126,8610 Turtle Creek Blvd APT 208,75225,Dallas,TX,32.866764,-96.78853,315000,268.0,,307200.0,2356.0,2.0,2.0,1174.0,1984.0,0.73,condo,38,252410.0,2025,https://www.zillow.com,https://photos.zillowstatic.com/fp/6903f3d27eeb4286f846aa0abd9ec378-p_c.jpg,2026-09-07 13:58,For Sale
26853018,8734 Westfield Dr,75243,Dallas,TX,32.90191,-96.7518,479950,324.0,,456400.0,2359.0,3.0,2.0,1482.0,1958.0,7666.56,singleFamily,58,427070.0,2025,https://www.zillow.com,https://photos.zillowstatic.com/fp/27a8e962917d18cba50fb00fc250bd84-p_c.jpg,2026-09-07 13:58,For Sale
26816324,238 Prairie Vista Dr,75217,Dallas,TX,32.71466,-96.6604,285000,198.0,,280100.0,1881.0,3.0,2.0,1440.0,1979.0,8494.2,singleFamily,6,230830.0,2025,https://www.zillow.com,https://photos.zillowstatic.com/fp/0b92ddd14dec68da0c92c3cf464d0da9-p_c.jpg,2026-09-07 13:58,For Sale
111960412,5609 Lindell Ave #3,75206,Dallas,TX,32.809193,-96.769035,390000,244.0,-20000.0,387600.0,2930.0,2.0,2.0,1596.0,2007.0,7187.4,condo,171,487890.0,2025,https://www.zillow.com,https://photos.zillowstatic.com/fp/c675180b48a8869123719ea0d2c2af6b-p_c.jpg,2026-09-07 13:58,For Sale
26705799,7103 Westbrook Ln,75214,Dallas,TX,32.846027,-96.73876,1300000,513.0,,1230500.0,4700.0,4.0,3.0,2535.0,1954.0,10759.32,singleFamily,46,869160.0,2025,https://www.zillow.com,https://photos.zillowstatic.com/fp/0e7faeb8e39de143144061f9dd594631-p_c.jpg,2026-09-07 13:58,For Sale
26672579,5101 Tennington Park,75287,Dallas,TX,33.00336,-96.822365,1475000,264.0,,1402200.0,5729.0,5.0,4.0,5580.0,1999.0,0.32,singleFamily,3,1158158.0,2025,https://www.zillow.com,https://photos.zillowstatic.com/fp/8064d0e6264617bcdc2a3399e443bb0e-p_c.jpg,2026-09-07 13:58,For Sale
67951368,9435 Inwood Rd,75220,Dallas,TX,32.872078,-96.82184,4595000,810.0,,,,4.0,5.0,5676.0,2004.0,0.9919999999999999,singleFamily,30,2802200.0,2025,https://www.zillow.com,https://photos.zillowstatic.com/fp/ca79ee91d23c90b3a8daa939f7b8f948-p_c.jpg,2026-09-07 13:58,For Sale
96527085,1950 Gallagher St,75212,Dallas,TX,32.784603,-96.85259,464500,207.0,-20000.0,459300.0,3701.0,4.0,3.0,2243.0,2026.0,3223.44,singleFamily,16,80930.0,2025,https://www.zillow.com,https://photos.zillowstatic.com/fp/32b603abd4f65ad52cbf17c2fa81bcfe-p_c.jpg,2026-09-07 13:58,For Sale
162379155,4984 Thunder Rd,75244,Dallas,TX,32.923786,-96.82209,549000,232.0,-16000.0,538900.0,3595.0,3.0,3.0,2369.0,1974.0,4138.2,singleFamily,51,559610.0,2025,https://www.zillow.com,https://photos.zillowstatic.com/fp/5cfa79f2d5fb01b321b4b1a290a48333-p_c.jpg,2026-09-07 13:58,For Sale
26877194,17020 Club Hill Dr,75248,Dallas,TX,32.981743,-96.81799,2695000,489.0,,2508200.0,,5.0,6.0,5506.0,1978.0,0.373,singleFamily,9,2000590.0,2025,https://www.zillow.com,https://photos.zillowstatic.com/fp/9b69ba3cd48ee51c4283bfd0d7201636-p_c.jpg,2026-09-07 13:58,For Sale
26803635,5717 Preston Haven Dr,75230,Dallas,TX,32.90683,-96.80992,3595000,555.0,,,,5.0,7.0,6473.0,2014.0,0.368,singleFamily,19,2686550.0,2025,https://www.zillow.com,https://photos.zillowstatic.com/fp/2a4e0e049735fd0e9e7fe4773dec00f6-p_c.jpg,2026-09-07 13:58,For Sale
26772037,2657 Canberra St,75224,Dallas,TX,32.71599,-96.833595,155000,135.0,-5000.0,154500.0,1966.0,3.0,1.0,1145.0,1948.0,9060.48,singleFamily,28,180000.0,2025,https://www.zillow.com,https://photos.zillowstatic.com/fp/c1c87688c6827a485099776b1f10bf9c-p_c.jpg,2026-09-07 13:58,For Sale
26728060,2702 Duval Dr,75211,Dallas,TX,32.742874,-96.863686,499995,288.0,,485900.0,2652.0,3.0,2.0,1735.0,1985.0,7013.16,singleFamily,4,500190.0,2025,https://www.zillow.com,https://photos.zillowstatic.com/fp/cfb6c42b3a093b40569927c102b8f04a-p_c.jpg,2026-09-07 13:58,For Sale
26786001,4837 Ashbrook Rd,75227,Dallas,TX,32.78557,-96.71162,517000,222.0,-2000.0,508100.0,2795.0,4.0,3.0,2328.0,1970.0,0.296,singleFamily,40,325000.0,2025,https://www.zillow.com,https://photos.zillowstatic.com/fp/e228a54a1cdcf9dce2f2e5b3b1cdbda1-p_c.jpg,2026-09-07 13:58,For Sale
2061214671,2212 Lea Crest Dr,75216,Dallas,TX,32.707874,-96.79388,165000,137.0,,,,3.0,2.0,1208.0,1947.0,7230.96,singleFamily,11,,,https://www.zillow.com,https://photos.zillowstatic.com/fp/0df1467aceb803fcacae05c990c08894-p_c.jpg,2026-09-07 13:58,For Sale
26889934,16106 Shadybank Dr,75248,Dallas,TX,32.972324,-96.79664,995000,327.0,,,,4.0,3.0,3040.0,1981.0,9060.48,singleFamily,15,1038910.0,2025,https://www.zillow.com,https://photos.zillowstatic.com/fp/03a92cda74687feef18225a97a306487-p_c.jpg,2026-09-07 13:58,For Sale
26899394,9233 Church Rd APT 103,75231,Dallas,TX,32.886517,-96.73183,310000,225.0,-5000.0,306200.0,1838.0,3.0,2.0,1377.0,1981.0,1.477,condo,71,289170.0,2025,https://www.zillow.com,https://photos.zillowstatic.com/fp/2830840fa2653750433c99484460cc05-p_c.jpg,2026-09-07 13:58,For Sale
96520931,1926 Pueblo St,75212,Dallas,TX,32.78009,-96.85149,460000,210.0,,,,3.0,4.0,2195.0,2025.0,2178.0,singleFamily,4,54900.0,2025,https://www.zillow.com,https://photos.zillowstatic.com/fp/89b619dbcb8823ebb7835a0183032c8e-p_c.jpg,2026-09-07 13:58,For Sale
26748447,6017 Milton St #137,75206,Dallas,TX,32.849773,-96.76334,259900,219.0,-15000.0,254300.0,2123.0,3.0,3.0,1186.0,1970.0,3.655,condo,58,243130.0,2025,https://www.zillow.com,https://photos.zillowstatic.com/fp/2df7148d427ab67c855b5596ff2d7828-p_c.jpg,2026-09-07 13:58,For Sale
26701887,6878 Burwood Ln,75214,Dallas,TX,32.81725,-96.74054,999000,350.0,-45000.0,,,3.0,3.0,2852.0,1957.0,9056.124,singleFamily,96,975390.0,2025,https://www.zillow.com,https://photos.zillowstatic.com/fp/c9c204c79e00590250a7fd7ac02d4e28-p_c.jpg,2026-09-07 13:58,For Sale
26755876,6124 Lakehurst Ave,75230,Dallas,TX,32.884018,-96.800446,5495000,845.0,,5185700.0,6739.0,5.0,8.0,6502.0,2026.0,0.327,singleFamily,38,1207880.0,2025,https://www.zillow.com,https://photos.zillowstatic.com/fp/fb18013d2a490cde2f6263c82621ffee-p_c.jpg,2026-09-07 13:58,For Sale
96495861,6342 Teague Dr,75241,Dallas,TX,32.66817,-96.77901,279999,158.0,,,2322.0,3.0,2.0,1774.0,2023.0,7274.52,singleFamily,35,351210.0,2025,https://www.zillow.com,https://photos.zillowstatic.com/fp/f87b90f958e061c3f9a9eda2c036a38b-p_c.jpg,2026-09-07 13:58,For Sale
26891107,7133 Bayberry Ln,75249,Dallas,TX,32.64424,-96.9451,259900,162.0,-13000.0,258600.0,2225.0,3.0,2.0,1604.0,1978.0,7361.64,singleFamily,68,277170.0,2025,https://www.zillow.com,https://photos.zillowstatic.com/fp/3e4ddb2656300e5a7948e2b1b04fbd65-p_c.jpg,2026-09-07 13:58,For Sale
462285750,1621 Bannock Ave,75215,Dallas,TX,32.74878,-96.76409,449000,214.0,,446400.0,3169.0,4.0,4.0,2100.0,2026.0,5998.212,singleFamily,122,,,https://www.zillow.com,https://photos.zillowstatic.com/fp/a7867b0886d28d6dafd212024faac89d-p_c.jpg,2026-09-07 13:58,For Sale
26775119,4208 Huckleberry Cir,75216,Dallas,TX,32.69269,-96.82184,220000,116.0,-10000.0,216700.0,2175.0,3.0,2.0,1896.0,1955.0,7884.36,singleFamily,103,254580.0,2025,https://www.zillow.com,https://photos.zillowstatic.com/fp/b68e40d657ad2a57cfbf8e816329f240-p_c.jpg,2026-09-07 13:58,For Sale
248830905,5152 Brickellia Dr,75209,Dallas,TX,32.826817,-96.81777,599000,333.0,-26000.0,,,3.0,4.0,1799.0,2019.0,1611.72,singleFamily,88,645000.0,2025,https://www.zillow.com,https://photos.zillowstatic.com/fp/081475f68007acfed2898564a49dfc49-p_c.jpg,2026-09-07 13:58,For Sale
26728839,326 Avenue F,75203,Dallas,TX,32.74538,-96.793686,549000,237.0,,542900.0,3557.0,4.0,3.0,2313.0,2026.0,5357.88,singleFamily,3,172860.0,2025,https://www.zillow.com,https://photos.zillowstatic.com/fp/e25df4deb6bb4aa127753edb0515a634-p_c.jpg,2026-09-07 13:58,For Sale
26704599,5332 Longview St,75206,Dallas,TX,32.830578,-96.778336,739000,357.0,-20000.0,,,3.0,3.0,2068.0,2005.0,3963.96,singleFamily,119,731620.0,2025,https://www.zillow.com,https://photos.zillowstatic.com/fp/4390a125fc11517c3b759ed69c99bcae-p_c.jpg,2026-09-07 13:58,For Sale
26905007,7132 Lanyon Dr,75227,Dallas,TX,32.78225,-96.69646,309999,205.0,,308700.0,2143.0,4.0,2.0,1515.0,1999.0,5619.24,singleFamily,2,254460.0,2025,https://www.zillow.com,https://photos.zillowstatic.com/fp/9d57d594cfda259194d05189212a42a5-p_c.jpg,2026-09-07 13:58,For Sale
460537128,3913 Blue Ridge Blvd,75233,Dallas,TX,32.700405,-96.88541,425000,236.0,,422300.0,2730.0,3.0,2.0,1800.0,2026.0,10210.464,singleFamily,12,,,https://www.zillow.com,https://photos.zillowstatic.com/fp/12b87358e553116c5af1bc463ee4536e-p_c.jpg,2026-09-07 13:58,For Sale
26691268,3514 Dunbar St,75215,Dallas,TX,32.768063,-96.76077,325000,197.0,-5000.0,323800.0,2651.0,3.0,2.0,1646.0,2026.0,5488.56,singleFamily,163,50000.0,2025,https://www.zillow.com,https://photos.zillowstatic.com/fp/356c6d2f2b39de5f12f38ed169ef989c-p_c.jpg,2026-09-07 13:58,For Sale
53071145,6403 Genstar Ln,75252,Dallas,TX,33.00282,-96.79369,887499,300.0,-12500.0,860100.0,4940.0,4.0,4.0,2960.0,1979.0,8197.992,singleFamily,23,639603.0,2025,https://www.zillow.com,https://photos.zillowstatic.com/fp/62bd0ecf496faeb2a1d22e59b221e761-p_c.jpg,2026-09-07 13:58,For Sale
26588470,4304 Country Brook Dr,75287,Dallas,TX,32.99785,-96.83657,469900,216.0,,458200.0,3113.0,3.0,3.0,2180.0,1981.0,8712.0,singleFamily,1,523854.0,2025,https://www.zillow.com,https://photos.zillowstatic.com/fp/afb3a6769a2d440318dab4f381733353-p_c.jpg,2026-09-07 13:58,For Sale
26717343,1147 N Windomere Ave,75208,Dallas,TX,32.758976,-96.844246,749000,432.0,,721400.0,3545.0,3.0,2.0,1734.0,1937.0,8015.04,singleFamily,9,643220.0,2025,https://www.zillow.com,https://photos.zillowstatic.com/fp/2691951022a47f0bb30c27291bb2667b-p_c.jpg,2026-09-07 13:58,For Sale
26687910,3227 Spring Ave,75215,Dallas,TX,32.764687,-96.75351,145000,166.0,-4900.0,,1302.0,2.0,1.0,876.0,1927.0,5880.6,singleFamily,94,130890.0,2025,https://www.zillow.com,https://photos.zillowstatic.com/fp/91444f1a518353731a2f276e262c4b49-p_c.jpg,2026-09-07 13:58,For Sale
26749481,6481 Trammel Dr,75214,Dallas,TX,32.845505,-96.74969,1695000,424.0,-55000.0,1647400.0,7801.0,4.0,5.0,3997.0,2026.0,9365.4,singleFamily,30,442460.0,2025,https://www.zillow.com,https://photos.zillowstatic.com/fp/b5a845bfa70084726dfd88174462fa23-p_c.jpg,2026-09-07 13:58,For Sale
26908613,10347 Carolina Oaks Dr,75227,Dallas,TX,32.752884,-96.64401,152000,127.0,-2000.0,147900.0,1871.0,3.0,2.0,1200.0,1999.0,4660.92,singleFamily,60,238520.0,2025,https://www.zillow.com,https://photos.zillowstatic.com/fp/92b10d65cf9ca57d3f6a1b7eaaf74a04-p_c.jpg,2026-09-07 13:58,For Sale
448065335,6214 Liberty Hl,75248,Dallas,TX,32.954628,-96.79971,598500,276.0,-7500.0,,,4.0,3.0,2168.0,1984.0,7840.8,singleFamily,142,,,https://www.zillow.com,https://photos.zillowstatic.com/fp/44b409de3e0d9da8cf79098fab1fbcb7-p_c.jpg,2026-09-07 13:58,For Sale
444076160,1535 Caldwell St,75223,Dallas,TX,32.78229,-96.75088,300000,226.0,,294700.0,2221.0,3.0,2.0,1330.0,2024.0,4007.52,singleFamily,1,,,https://www.zillow.com,https://photos.zillowstatic.com/fp/06f3b86da23350cf42271306a738e663-p_c.jpg,2026-09-07 13:58,For Sale
96509556,3615 Rio Blanco Dr,75227,Dallas,TX,32.76801,-96.65049,310000,160.0,-5000.0,306600.0,2212.0,4.0,3.0,1940.0,2009.0,3397.68,singleFamily,51,272250.0,2025,https://www.zillow.com,https://photos.zillowstatic.com/fp/fe8f900726d98f54ac5a8cfb89ac0d36-p_c.jpg,2026-09-07 13:58,For Sale
26776073,1125 Waweenoc Ave,75216,Dallas,TX,32.690636,-96.80674,219900,166.0,-5000.0,,,3.0,2.0,1326.0,1957.0,7492.32,singleFamily,95,232820.0,2025,https://www.zillow.com,https://photos.zillowstatic.com/fp/967fa70017e8833e95ba45324d0a994b-p_c.jpg,2026-09-07 13:58,For Sale
26693021,4031 Prescott Ave,75219,Dallas,TX,32.82198,-96.80804,1650000,413.0,,,,4.0,5.0,3993.0,2020.0,3571.92,singleFamily,3,1573220.0,2025,https://www.zillow.com,https://photos.zillowstatic.com/fp/f9eda3adf58d41acc72620c3ec96005d-p_c.jpg,2026-09-07 13:58,For Sale
26725947,8817 Antrim Dr,75218,Dallas,TX,32.82706,-96.71268,2995000,402.0,,,,6.0,9.0,7452.0,2026.0,0.274,singleFamily,2,691670.0,2025,https://www.zillow.com,https://photos.zillowstatic.com/fp/31a292011d65f9efd0caec95d190a5f8-p_c.jpg,2026-09-07 13:58,For Sale
26924862,4221 Cole Ave APT 206,75205,Dallas,TX,32.817375,-96.79252,350000,286.0,,340400.0,2885.0,2.0,2.0,1225.0,1983.0,0.413,condo,9,361380.0,2025,https://www.zillow.com,https://photos.zillowstatic.com/fp/66a162a573b342e67ae47fb37425e276-p_c.jpg,2026-09-07 13:58,For Sale
26713232,2606 W 12th St,75211,Dallas,TX,32.740997,-96.86155,321500,250.0,,314700.0,2258.0,2.0,2.0,1284.0,1915.0,7405.2,singleFamily,3,393850.0,2025,https://www.zillow.com,https://photos.zillowstatic.com/fp/1513accded5a8c4e9b2976c7c20aa240-p_c.jpg,2026-09-07 13:58,For Sale
26887386,16834 Mossy Oak Dr,75248,Dallas,TX,32.980415,-96.78011,2299000,431.0,,2222200.0,,6.0,8.0,5328.0,2026.0,9147.6,singleFamily,38,675000.0,2025,https://www.zillow.com,https://photos.zillowstatic.com/fp/731009185f3583c9132a0832866e0951-p_c.jpg,2026-09-07 13:58,For Sale
26661217,18283 Meandering Way,75252,Dallas,TX,33.00046,-96.78263,599990,234.0,-20009.0,586200.0,3850.0,3.0,3.0,2564.0,1996.0,4356.0,singleFamily,84,539718.0,2025,https://www.zillow.com,https://photos.zillowstatic.com/fp/4809344f9242925588bdb2ce19b91fd6-p_c.jpg,2026-09-07 13:58,For Sale
26812103,7138 Azalea Ln,75230,Dallas,TX,32.89726,-96.78205,4295000,544.0,,,,6.0,8.0,7888.0,2010.0,0.49000000000000005,singleFamily,25,2670210.0,2025,https://www.zillow.com,https://photos.zillowstatic.com/fp/7078c954090c5c0dfacc3669ace49f2e-p_c.jpg,2026-09-07 13:58,For Sale
26873515,7205 La Manga Dr,75248,Dallas,TX,32.97079,-96.78318,829000,307.0,,797200.0,4821.0,4.0,3.0,2701.0,1972.0,0.253,singleFamily,3,569250.0,2025,https://www.zillow.com,https://photos.zillowstatic.com/fp/a3bec67fff88c57088fb3e6c0fa8edf4-p_c.jpg,2026-09-07 13:58,For Sale
26702483,6335 Vanderbilt Ave,75214,Dallas,TX,32.824776,-96.75455,1200000,516.0,,1151800.0,5551.0,3.0,3.0,2324.0,2008.0,0.252,singleFamily,14,1277710.0,2025,https://www.zillow.com,https://photos.zillowstatic.com/fp/378c211dc526a867347f65db97e1cdd3-p_c.jpg,2026-09-07 13:58,For Sale
459248027,3018 Rochester St,75215,Dallas,TX,32.739986,-96.74741,516000,199.0,,510500.0,3341.0,4.0,3.0,2589.0,2026.0,5837.04,singleFamily,26,58580.0,2025,https://www.zillow.com,https://photos.zillowstatic.com/fp/70a376848c00aed57b55e73a31b76812-p_c.jpg,2026-09-07 13:58,For Sale
2056836283,2724 Hondo Ave,75219,Dallas,TX,32.812157,-96.81847,439999,235.0,-38001.0,,,3.0,3.0,1876.0,2023.0,3005.64,condo,51,560710.0,2025,https://www.zillow.com,https://photos.zillowstatic.com/fp/e50f04aeff195f2716bfedae60970143-p_c.jpg,2026-09-07 13:58,For Sale
26880173,3856 Antigua Dr,75244,Dallas,TX,32.919403,-96.849106,674900,302.0,,,,4.0,3.0,2237.0,1968.0,10018.8,singleFamily,6,575130.0,2025,https://www.zillow.com,https://photos.zillowstatic.com/fp/a9089fb0d0427207f0cfc27f2198ecf1-p_c.jpg,2026-09-07 13:58,For Sale
26875822,16805 Chepstow Ct,75248,Dallas,TX,32.98046,-96.78974,2699000,479.0,,2620500.0,5770.0,5.0,7.0,5640.0,2026.0,0.25,singleFamily,5,705000.0,2025,https://www.zillow.com,https://photos.zillowstatic.com/fp/42fbcd430abed848a9d17e067df5b12f-p_c.jpg,2026-09-07 13:58,For Sale
26699986,6718 Victoria Ave,75209,Dallas,TX,32.840225,-96.83092,1325000,293.0,,1285600.0,,6.0,6.0,4517.0,2023.0,6490.44,singleFamily,62,1350540.0,2025,https://www.zillow.com,https://photos.zillowstatic.com/fp/ce4e73e6ebd78047d646817790caa445-p_c.jpg,2026-09-07 13:58,For Sale
26751372,7739 Southwestern Blvd,75225,Dallas,TX,32.857388,-96.77351,1799000,560.0,,1800100.0,6119.0,3.0,3.0,3213.0,1978.0,253.9027,singleFamily,9,1848130.0,2025,https://www.zillow.com,https://photos.zillowstatic.com/fp/1d94adb0838e9e9bb753d4df648dc6f4-p_c.jpg,2026-09-07 13:58,For Sale
26829224,12250 Montego Plz,75230,Dallas,TX,32.91997,-96.812584,475000,293.0,,456500.0,2690.0,2.0,2.0,1622.0,1977.0,2962.08,townhome,3,415780.0,2025,https://www.zillow.com,https://photos.zillowstatic.com/fp/a469c09adcd04f926ca561531f0777aa-p_c.jpg,2026-09-07 13:58,For Sale
26599192,7121 Winding Creek Rd,75252,Dallas,TX,32.99638,-96.79037,625000,249.0,,616500.0,3473.0,3.0,3.0,2512.0,1973.0,0.46299999999999997,singleFamily,6,734979.0,2025,https://www.zillow.com,https://photos.zillowstatic.com/fp/00fe77bc551498971f37e00e0e2ed2c5-p_c.jpg,2026-09-07 13:58,For Sale
26789277,4122 Brookport Dr,75229,Dallas,TX,32.8925,-96.84086,799000,604.0,,765500.0,3148.0,3.0,2.0,1322.0,1952.0,0.35900000000000004,singleFamily,5,792510.0,2025,https://www.zillow.com,https://photos.zillowstatic.com/fp/d616a9166c40a5ead06c659bcc253c47-p_c.jpg,2026-09-07 13:58,For Sale
26785725,5209 Breakwood Dr,75227,Dallas,TX,32.78913,-96.70784,440000,183.0,,428300.0,2537.0,3.0,2.0,2398.0,1966.0,0.263,singleFamily,19,369510.0,2025,https://www.zillow.com,https://photos.zillowstatic.com/fp/d65d68143fc8645b3afa71877ae3c93b-p_c.jpg,2026-09-07 13:58,For Sale
26806714,10128 Coppedge Ln,75229,Dallas,TX,32.88404,-96.85055,3279999,498.0,-100000.0,3153500.0,7410.0,5.0,8.0,6592.0,2025.0,0.3614,singleFamily,2,750000.0,2025,https://www.zillow.com,https://photos.zillowstatic.com/fp/54edd737373940239365a37173c7a3b3-p_c.jpg,2026-09-07 13:58,For Sale
26691115,2515 Southland St,75215,Dallas,TX,32.753834,-96.75776,515500,255.0,,509100.0,3348.0,4.0,3.0,2020.0,2025.0,7666.56,singleFamily,128,76500.0,2025,https://www.zillow.com,https://photos.zillowstatic.com/fp/7b912645228619ef708d18e38ba0642e-p_c.jpg,2026-09-07 13:58,For Sale
26910873,5604 Encore Dr,75240,Dallas,TX,32.93669,-96.8042,659900,285.0,,640800.0,3867.0,3.0,2.0,2317.0,1991.0,8450.64,singleFamily,8,563310.0,2025,https://www.zillow.com,https://photos.zillowstatic.com/fp/540f45835e10c60065c14bfdfc7d1839-p_c.jpg,2026-09-07 13:58,For Sale
26715598,2404 Maryland Ave,75216,Dallas,TX,32.718815,-96.81294,225000,188.0,-25000.0,,1474.0,2.0,2.0,1200.0,1925.0,7405.2,multiFamily,137,246000.0,2025,https://www.zillow.com,https://photos.zillowstatic.com/fp/6260a1ce53211b0b4d733c02dd60e959-p_c.jpg,2026-09-07 13:58,For Sale
26810287,3045 Lockmoor Ln,75220,Dallas,TX,32.878815,-96.87582,580000,241.0,-35000.0,569900.0,5874.0,5.0,3.0,2405.0,1969.0,7840.8,singleFamily,85,374660.0,2025,https://www.zillow.com,https://photos.zillowstatic.com/fp/62bb9475caf4830669015d324f657234-p_c.jpg,2026-09-07 13:58,For Sale
26772904,3015 Anzio Dr,75224,Dallas,TX,32.712547,-96.83806,219000,177.0,-10000.0,217400.0,2009.0,3.0,1.0,1239.0,1951.0,6926.04,singleFamily,68,231990.0,2025,https://www.zillow.com,https://photos.zillowstatic.com/fp/d8ac7eb474e40316693be3e2e83aad7b-p_c.jpg,2026-09-07 13:58,For Sale
69677082,1122 Jackson St APT 413,75202,Dallas,TX,32.778316,-96.80129,315000,222.0,,303400.0,2456.0,1.0,1.0,1420.0,1925.0,0.984,condo,46,369200.0,2025,https://www.zillow.com,https://photos.zillowstatic.com/fp/b928ad154616f7c05abae774bbf4d3a7-p_c.jpg,2026-09-07 13:58,For Sale
26837022,5304 Chippewa Dr,75212,Dallas,TX,32.768185,-96.90548,849000,260.0,,836400.0,4553.0,5.0,3.0,3262.0,2026.0,9844.56,singleFamily,16,101000.0,2025,https://www.zillow.com,https://photos.zillowstatic.com/fp/4c107f1e61ef56a7618be60c86cf616a-p_c.jpg,2026-09-07 13:58,For Sale
26694823,5712 Mercedes Ave,75206,Dallas,TX,32.827705,-96.76949,899000,508.0,-16000.0,,,2.0,2.0,1771.0,1940.0,6751.8,singleFamily,52,716840.0,2025,https://www.zillow.com,https://photos.zillowstatic.com/fp/7713d40e3fe42cb59228d7e7d1928b84-p_c.jpg,2026-09-07 13:58,For Sale
461961408,1718 Tenison Hills Ct,75228,Dallas,TX,32.80528,-96.71932,1197000,491.0,,1164200.0,4045.0,3.0,4.0,2436.0,2026.0,5993.856,singleFamily,136,,,https://www.zillow.com,https://photos.zillowstatic.com/fp/5e9365830f8c22f88a76dcb1364c9144-p_c.jpg,2026-09-07 13:58,For Sale
26718790,2745 Ivandell Ave,75211,Dallas,TX,32.736805,-96.86544,455000,288.0,,440200.0,2459.0,3.0,2.0,1580.0,1935.0,6272.64,singleFamily,31,438280.0,2025,https://www.zillow.com,https://photos.zillowstatic.com/fp/991cd0f87b732ee6300440e7395d0ab9-p_c.jpg,2026-09-07 13:58,For Sale
26879712,6027 Verde Way,75211,Dallas,TX,32.74321,-96.92595,460000,192.0,-10000.0,456000.0,3510.0,4.0,3.0,2400.0,2026.0,9496.08,singleFamily,52,47440.0,2025,https://www.zillow.com,https://photos.zillowstatic.com/fp/38bb0075132d075d2e46245ab64a2c62-p_c.jpg,2026-09-07 13:58,For Sale
26705388,6755 E Mockingbird Ln,75214,Dallas,TX,32.840637,-96.74415,534900,357.0,-15000.0,517400.0,3119.0,2.0,2.0,1498.0,1956.0,7797.24,singleFamily,24,527210.0,2025,https://www.zillow.com,https://photos.zillowstatic.com/fp/bdcb9449eafd468a080132f25cca8f44-p_c.jpg,2026-09-07 13:58,For Sale
26874725,7881 La Cabeza Dr,75248,Dallas,TX,32.971146,-96.76922,700000,330.0,-24999.0,690000.0,3248.0,4.0,2.0,2123.0,1968.0,0.338,singleFamily,121,457990.0,2025,https://www.zillow.com,https://photos.zillowstatic.com/fp/5032e60e0b7156ff475ebc359c22879f-p_c.jpg,2026-09-07 13:58,For Sale
26873482,7406 La Manga Dr,75248,Dallas,TX,32.970215,-96.780365,699000,316.0,,676200.0,4553.0,4.0,3.0,2210.0,1972.0,8624.88,singleFamily,18,498020.0,2025,https://www.zillow.com,https://photos.zillowstatic.com/fp/997575db0d093fd4b7fb1e6498c64f81-p_c.jpg,2026-09-07 13:58,For Sale
448069917,4910 Purdue Ave,75209,Dallas,TX,32.853947,-96.82627,2495000,498.0,,2368200.0,,4.0,6.0,5011.0,2016.0,7230.96,singleFamily,22,,,https://www.zillow.com,https://photos.zillowstatic.com/fp/accf3bd2656bff83d6e706a90e968a58-p_c.jpg,2026-09-07 13:58,For Sale
26781695,1516 Oak Vista Dr,75232,Dallas,TX,32.6823,-96.8468,365000,165.0,,,,3.0,2.0,2209.0,1983.0,8581.32,singleFamily,31,258000.0,2025,https://www.zillow.com,https://photos.zillowstatic.com/fp/e0e614a68669b583672393d9baa4f35e-p_c.jpg,2026-09-07 13:58,For Sale
26853250,8938 Angleton Pl,75243,Dallas,TX,32.89959,-96.7515,399000,313.0,-26000.0,384900.0,2527.0,4.0,2.0,1276.0,1958.0,10628.64,singleFamily,23,371650.0,2025,https://www.zillow.com,https://photos.zillowstatic.com/fp/b847a4e258c5c4484cc04ea6a2d0aa7f-p_c.jpg,2026-09-07 13:58,For Sale
111957963,4611 Kelton Dr,75209,Dallas,TX,32.850445,-96.83098,995000,264.0,-305000.0,,,4.0,3.0,3772.0,1880.0,0.461,singleFamily,47,455040.0,2025,https://www.zillow.com,https://photos.zillowstatic.com/fp/46d494d23cd6767d4b2a903fa41861d7-p_c.jpg,2026-09-07 13:58,For Sale
26714361,623 N Montclair Ave,75208,Dallas,TX,32.75035,-96.8468,660000,364.0,-15000.0,640700.0,2870.0,3.0,2.0,1811.0,1922.0,6969.6,singleFamily,62,590890.0,2025,https://www.zillow.com,https://photos.zillowstatic.com/fp/b32b97dd0adf94a29fe115d7736dea04-p_c.jpg,2026-09-07 13:58,For Sale
26782672,1821 Overhill Ln,75216,Dallas,TX,32.711113,-96.796814,209000,171.0,-20000.0,208000.0,2032.0,4.0,2.0,1220.0,1948.0,7623.0,singleFamily,9,185230.0,2025,https://www.zillow.com,https://photos.zillowstatic.com/fp/66434eb9be33c3533b47dd59221c79c4-p_c.jpg,2026-09-07 13:58,For Sale
26892307,7105 Pineberry Rd,75249,Dallas,TX,32.636818,-96.9457,185000,151.0,-14000.0,183400.0,1551.0,2.0,2.0,1227.0,1981.0,5140.08,singleFamily,114,210150.0,2025,https://www.zillow.com,https://photos.zillowstatic.com/fp/75724265ff120ff4fd9b8f455d307231-p_c.jpg,2026-09-07 13:58,For Sale
26929916,6248 Oram St APT 3,75214,Dallas,TX,32.81354,-96.75685,159000,232.0,,130600.0,1738.0,1.0,1.0,685.0,1983.0,0.308,condo,2,137000.0,2025,https://www.zillow.com,https://photos.zillowstatic.com/fp/afc47d5c9539f7fdfa3a66fcdbc5bedf-p_c.jpg,2026-09-07 13:58,For Sale
26843040,10866 Cassandra Way,75228,Dallas,TX,32.84344,-96.66232,309000,215.0,,303100.0,2010.0,3.0,2.0,1440.0,1955.0,7666.56,singleFamily,3,313290.0,2025,https://www.zillow.com,https://photos.zillowstatic.com/fp/17e4faf570a90c5df761768b7842ce58-p_c.jpg,2026-09-07 13:58,For Sale
26829803,5623 Harvest Hill Rd #2023,75230,Dallas,TX,32.922825,-96.80942,132500,201.0,,125500.0,1192.0,1.0,1.0,658.0,1970.0,9.503,condo,2,135570.0,2025,https://www.zillow.com,https://photos.zillowstatic.com/fp/5247b062b8ea076ebe4eb543834fecb5-p_c.jpg,2026-09-07 13:58,For Sale
26828018,4651 Timber Wood Dr,75211,Dallas,TX,32.72014,-96.89836,309900,145.0,-20000.0,304000.0,2913.0,5.0,4.0,2144.0,1963.0,8973.36,singleFamily,33,237090.0,2025,https://www.zillow.com,https://photos.zillowstatic.com/fp/23790aa56fe652e0c971e26a90f297df-p_c.jpg,2026-09-07 13:58,For Sale
26745721,2402 Norwood Dr,75228,Dallas,TX,32.83913,-96.67283,255000,209.0,,246700.0,1859.0,3.0,2.0,1221.0,1952.0,9408.96,singleFamily,32,235190.0,2025,https://www.zillow.com,https://photos.zillowstatic.com/fp/d182d68f5529219515a04299aba3a789-p_c.jpg,2026-09-07 13:58,For Sale
26848925,6254 Prestoncrest Ln,75230,Dallas,TX,32.921272,-96.79783,2699999,468.0,,2581100.0,,6.0,6.0,5774.0,2025.0,0.306,singleFamily,9,465850.0,2025,https://www.zillow.com,https://photos.zillowstatic.com/fp/d3b0aed2e4150866a80a7608eaf1b0ee-p_c.jpg,2026-09-07 13:58,For Sale
26892721,7220 Emory Oak Ln,75249,Dallas,TX,32.628185,-96.9476,259000,173.0,-6000.0,256900.0,2016.0,3.0,2.0,1501.0,1978.0,6795.36,singleFamily,38,243820.0,2025,https://www.zillow.com,https://photos.zillowstatic.com/fp/bc953ccf6176444764ab475550f3e879-p_c.jpg,2026-09-07 13:58,For Sale
26651162,4416 Voss Hills Pl,75287,Dallas,TX,33.009983,-96.83467,625000,181.0,,604400.0,3823.0,4.0,4.0,3458.0,1991.0,5227.2,singleFamily,44,529437.0,2025,https://www.zillow.com,https://photos.zillowstatic.com/fp/45c479c945d3c84de90708925f7815f0-p_c.jpg,2026-09-07 13:58,For Sale
26887487,11711 Kilkirk Ln,75228,Dallas,TX,32.850937,-96.66278,360000,167.0,,359100.0,2848.0,4.0,2.0,2151.0,1979.0,7579.44,singleFamily,11,319200.0,2025,https://www.zillow.com,https://photos.zillowstatic.com/fp/dbdc51e488d09057947309f51639921b-p_c.jpg,2026-09-07 13:58,For Sale
53105730,18240 Midway Rd APT 1301,75287,Dallas,TX,32.99956,-96.84251,276000,162.0,-13900.0,273100.0,2831.0,3.0,3.0,1703.0,1997.0,1698.84,condo,47,324083.0,2025,https://www.zillow.com,https://photos.zillowstatic.com/fp/f2684be11bd0c23c7a399073605c6d75-p_c.jpg,2026-09-07 13:58,For Sale
26822963,6039 Blunter St,75241,Dallas,TX,32.671265,-96.77633,185000,175.0,,180700.0,1830.0,3.0,2.0,1056.0,1999.0,0.28500000000000003,singleFamily,130,201090.0,2025,https://www.zillow.com,https://photos.zillowstatic.com/fp/5edde160196601091481555b601264c3-p_c.jpg,2026-09-07 13:58,For Sale
26711286,1210 Morrell Ave,75203,Dallas,TX,32.738903,-96.80642,336500,187.0,-2500.0,335500.0,2963.0,4.0,2.0,1801.0,2023.0,6751.8,singleFamily,213,373270.0,2025,https://www.zillow.com,https://photos.zillowstatic.com/fp/d7d8f146b36b12022f9c267b7282dae0-p_c.jpg,2026-09-07 13:58,For Sale
26710726,1136 Woodlawn Ave,75208,Dallas,TX,32.757515,-96.82941,740000,367.0,-10000.0,716900.0,5205.0,3.0,3.0,2017.0,1940.0,7666.56,singleFamily,46,554110.0,2025,https://www.zillow.com,https://photos.zillowstatic.com/fp/3af4a86cd7b77e70c3616c25de30ae0d-p_c.jpg,2026-09-07 13:58,For Sale
26719957,2831 Duval Dr,75211,Dallas,TX,32.743595,-96.86665,499000,349.0,,478200.0,2098.0,3.0,1.0,1430.0,1941.0,6795.36,singleFamily,11,335980.0,2025,https://www.zillow.com,https://photos.zillowstatic.com/fp/ccacd808cc9564b1b6d0225d1f39c14d-p_c.jpg,2026-09-07 13:58,For Sale
26693674,6331 Lakeshore Dr,75214,Dallas,TX,32.81938,-96.7547,1235000,294.0,-25000.0,1201000.0,,4.0,5.0,4198.0,2007.0,7492.32,singleFamily,128,1350000.0,2025,https://www.zillow.com,https://photos.zillowstatic.com/fp/17bf88faec6677abdf9957cdeafd5593-p_c.jpg,2026-09-07 13:58,For Sale
83997881,3003 Douglas Ave Unit 29,75219,Dallas,TX,32.812263,-96.814026,425000,268.0,,414900.0,2941.0,2.0,3.0,1587.0,2006.0,0.398,condo,107,419000.0,2025,https://www.zillow.com,https://photos.zillowstatic.com/fp/bdf11b28e1813a5797cc47a3c8e6796c-p_c.jpg,2026-09-07 13:58,For Sale
26710038,209 S Windomere Ave,75208,Dallas,TX,32.74418,-96.8457,774900,275.0,-10000.0,755700.0,4313.0,4.0,3.0,2821.0,1920.0,7361.64,singleFamily,74,783430.0,2025,https://www.zillow.com,https://photos.zillowstatic.com/fp/763a25a9ecf38e67d6455da2d1663dca-p_c.jpg,2026-09-07 13:58,For Sale
67961432,3516 Hamilton Ave,75210,Dallas,TX,32.77102,-96.755035,173500,145.0,-8920.0,,1560.0,3.0,2.0,1195.0,1942.0,6098.4,singleFamily,59,184280.0,2025,https://www.zillow.com,https://photos.zillowstatic.com/fp/f522f084ae92acda35e4214051516882-p_c.jpg,2026-09-07 13:58,For Sale
26760260,5726 W Hanover Ave,75209,Dallas,TX,32.854946,-96.81413,2299000,634.0,-100000.0,2208600.0,6382.0,4.0,4.0,3629.0,2012.0,7492.32,singleFamily,36,1889000.0,2025,https://www.zillow.com,https://photos.zillowstatic.com/fp/45793b860da0cfe4db5b2c96ee9dd9ed-p_c.jpg,2026-09-07 13:58,For Sale
26757998,5216 Palomar Ln,75229,Dallas,TX,32.889263,-96.81688,9250000,979.0,-700000.0,8527800.0,,6.0,9.0,9446.0,2022.0,1.13,singleFamily,55,6218000.0,2025,https://www.zillow.com,https://photos.zillowstatic.com/fp/f0ac659860e743efb2feecb2dcf7d9c7-p_c.jpg,2026-09-07 13:58,For Sale
26692710,3622 Cragmont Ave,75205,Dallas,TX,32.821747,-96.79561,3995000,965.0,,,,3.0,4.0,4139.0,2006.0,9278.28,singleFamily,118,3261940.0,2025,https://www.zillow.com,https://photos.zillowstatic.com/fp/d637d2b35a2769c3d8d7d73335f5f2b4-p_c.jpg,2026-09-07 13:58,For Sale
26681449,2623 Pennsylvania Ave,75215,Dallas,TX,32.766457,-96.76856,419900,175.0,,416600.0,3271.0,4.0,4.0,2399.0,2021.0,6054.84,singleFamily,11,463280.0,2025,https://www.zillow.com,https://photos.zillowstatic.com/fp/fe89417f78032f64e40f542f3b2532ad-p_c.jpg,2026-09-07 13:58,For Sale
26688812,4305 Canal St,75210,Dallas,TX,32.774113,-96.746,125000,78.0,,,1793.0,4.0,2.0,1600.0,1954.0,7753.68,singleFamily,51,161480.0,2025,https://www.zillow.com,https://photos.zillowstatic.com/fp/08d4bc5c3b5325f155327450507f31ab-p_c.jpg,2026-09-07 13:58,For Sale
26693581,5555 Goodwin Ave,75206,Dallas,TX,32.82378,-96.77247,2400000,474.0,,2331700.0,4783.0,5.0,6.0,5062.0,2026.0,8799.12,singleFamily,5,700000.0,2025,https://www.zillow.com,https://photos.zillowstatic.com/fp/4558635a0731ab2b78aabfee68c6dcce-p_c.jpg,2026-09-07 13:58,For Sale
26708394,312 Leads St,75203,Dallas,TX,32.746197,-96.80804,325000,172.0,,318400.0,3470.0,4.0,3.0,1886.0,1925.0,8755.56,singleFamily,116,254400.0,2025,https://www.zillow.com,https://photos.zillowstatic.com/fp/60e89df6ecb62ea344f0e91b022df97d-p_c.jpg,2026-09-07 13:58,For Sale
26743385,10520 Lippitt Ave,75218,Dallas,TX,32.85269,-96.700165,655000,363.0,-35000.0,635400.0,3514.0,3.0,2.0,1803.0,1956.0,7679.628,singleFamily,47,517840.0,2025,https://www.zillow.com,https://photos.zillowstatic.com/fp/34f98e39cab75313ffe3aee6b4ef357a-p_c.jpg,2026-09-07 13:58,For Sale
26865492,10647 Chesterton Dr,75238,Dallas,TX,32.881405,-96.700714,559900,289.0,-5100.0,,,4.0,2.0,1937.0,1960.0,9888.12,singleFamily,58,490010.0,2025,https://www.zillow.com,https://photos.zillowstatic.com/fp/934eb114dd9c2ade21e8b3b776ca402a-p_c.jpg,2026-09-07 13:58,For Sale
26875951,6353 Southpoint Dr,75248,Dallas,TX,32.97805,-96.79835,548000,181.0,-30000.0,539700.0,4453.0,4.0,4.0,3031.0,1991.0,3179.88,townhome,57,493830.0,2025,https://www.zillow.com,https://photos.zillowstatic.com/fp/937cd4ec7e137ea014e24260acf50194-p_c.jpg,2026-09-07 13:58,For Sale
26760618,5638 Greenbrier Dr,75209,Dallas,TX,32.857662,-96.81579,3599000,806.0,,,,4.0,5.0,4465.0,2006.0,0.29200000000000004,singleFamily,35,2242850.0,2025,https://www.zillow.com,https://photos.zillowstatic.com/fp/7d00d765bc7f5b7f8afad9be0084cb0a-p_c.jpg,2026-09-07 13:58,For Sale
26927993,3030 McKinney Ave APT 304,75204,Dallas,TX,32.801815,-96.80051,525000,388.0,,500900.0,3194.0,2.0,2.0,1353.0,1981.0,1.506,condo,4,516570.0,2025,https://www.zillow.com,https://photos.zillowstatic.com/fp/cd032517d920d67dc17966db6073fceb-p_c.jpg,2026-09-07 13:58,For Sale
26807792,3060 Timberview Rd,75229,Dallas,TX,32.88321,-96.872246,624000,254.0,-5000.0,608800.0,3915.0,4.0,3.0,2454.0,1963.0,10018.8,singleFamily,86,509110.0,2025,https://www.zillow.com,https://photos.zillowstatic.com/fp/7b7b0bab43ab5ccea3302f0918f81de0-p_c.jpg,2026-09-07 13:58,For Sale
26748679,6306 Glennox Ln,75214,Dallas,TX,32.849808,-96.755,1095000,361.0,,1046800.0,5676.0,4.0,4.0,3034.0,1970.0,8973.36,singleFamily,44,794880.0,2025,https://www.zillow.com,https://photos.zillowstatic.com/fp/eaf8bc9ba33ffc650b1fda647a6179b6-p_c.jpg,2026-09-07 13:58,For Sale
26888828,6234 La Cosa Dr,75248,Dallas,TX,32.959396,-96.79814,599999,242.0,-30001.0,592600.0,3285.0,3.0,3.0,2480.0,1979.0,8058.6,singleFamily,94,596060.0,2025,https://www.zillow.com,https://photos.zillowstatic.com/fp/eeb8756a5cc4846cf5204ba4772ca22b-p_c.jpg,2026-09-07 13:58,For Sale
26846622,9107 Lindaro Ln,75228,Dallas,TX,32.816387,-96.679985,352800,225.0,,344000.0,2113.0,3.0,2.0,1568.0,1957.0,7444.404,singleFamily,43,268120.0,2025,https://www.zillow.com,https://photos.zillowstatic.com/fp/532c33bd1117f27a0a3ad14013337269-p_c.jpg,2026-09-07 13:58,For Sale
96511891,5735 Bon Air Dr,75210,Dallas,TX,32.678123,-96.76711,289000,156.0,-10000.0,,2595.0,4.0,2.0,1849.0,2022.0,0.27599999999999997,singleFamily,33,320000.0,2025,https://www.zillow.com,https://photos.zillowstatic.com/fp/d45365e3acc900d180b24769d19cd114-p_c.jpg,2026-09-07 13:58,For Sale
26727988,2627 W 10th St,75211,Dallas,TX,32.74531,-96.86149,369000,313.0,-11000.0,362500.0,2043.0,2.0,1.0,1180.0,1950.0,7143.84,singleFamily,76,355000.0,2025,https://www.zillow.com,https://photos.zillowstatic.com/fp/71734303809f4c595f492c54e7ee2ac1-p_c.jpg,2026-09-07 13:58,For Sale
26790574,3743 Matador Dr,75220,Dallas,TX,32.876034,-96.854294,1895000,380.0,,1840900.0,6760.0,4.0,5.0,4981.0,2026.0,8015.04,singleFamily,18,504130.0,2025,https://www.zillow.com,https://photos.zillowstatic.com/fp/6b068f8121d9b1de601b0b2cfef19b69-p_c.jpg,2026-09-07 13:58,For Sale
26813522,3615 High Mesa Dr,75234,Dallas,TX,32.91423,-96.85799,415000,276.0,-10000.0,,,3.0,2.0,1504.0,1962.0,7448.76,singleFamily,37,316060.0,2025,https://www.zillow.com,https://photos.zillowstatic.com/fp/6292e6836f82920cc453c79ed461c0de-p_c.jpg,2026-09-07 13:58,For Sale
26890890,17209 Graystone Dr,75248,Dallas,TX,32.98536,-96.78063,1335000,335.0,,1292100.0,6805.0,4.0,4.0,3986.0,1978.0,0.323,singleFamily,16,1000580.0,2025,https://www.zillow.com,https://photos.zillowstatic.com/fp/6f69164f8dadabcab73c4e61cc4d733f-p_c.jpg,2026-09-07 13:58,For Sale
26728981,511 Avenue J,75203,Dallas,TX,32.74362,-96.79015,559900,215.0,-20000.0,,,4.0,3.0,2609.0,2026.0,6969.6,singleFamily,23,135000.0,2025,https://www.zillow.com,https://photos.zillowstatic.com/fp/440f61f371dc3edc2d0b872866567565-p_c.jpg,2026-09-07 13:58,For Sale
26870729,6517 Briarmeade Dr,75254,Dallas,TX,32.949684,-96.79172,974900,202.0,-20100.0,,7009.0,5.0,5.0,4834.0,1971.0,0.41500000000000004,singleFamily,27,970000.0,2025,https://www.zillow.com,https://photos.zillowstatic.com/fp/a06b7c98010decb323873a205c67753b-p_c.jpg,2026-09-07 13:58,For Sale
26832762,3219 N Winnetka Ave,75212,Dallas,TX,32.781116,-96.840004,207000,166.0,-23000.0,,,3.0,2.0,1245.0,1941.0,5009.4,singleFamily,83,276050.0,2025,https://www.zillow.com,https://photos.zillowstatic.com/fp/f11a7060b09e723d0e1245686e26f961-p_c.jpg,2026-09-07 13:58,For Sale
26770300,3723 Texas Dr,75211,Dallas,TX,32.72366,-96.88151,224817,177.0,,174800.0,1800.0,2.0,1.0,1272.0,1949.0,7187.4,singleFamily,3,189870.0,2025,https://www.zillow.com,https://photos.zillowstatic.com/fp/9b75ad9be1e40be7241300cce294aa42-p_c.jpg,2026-09-07 13:58,For Sale
26912448,2306 Balvanera Plz,75211,Dallas,TX,32.717636,-96.90108,235000,156.0,-13000.0,230600.0,2079.0,3.0,3.0,1506.0,2000.0,740.52,singleFamily,116,255430.0,2025,https://www.zillow.com,https://photos.zillowstatic.com/fp/c216ec23116e40e9dec01b99adc05429-p_c.jpg,2026-09-07 13:58,For Sale
26778786,2457 Glenfield Ave,75233,Dallas,TX,32.717037,-96.8595,200000,151.0,,190600.0,2002.0,2.0,2.0,1321.0,1925.0,8058.6,singleFamily,191,214740.0,2025,https://www.zillow.com,https://photos.zillowstatic.com/fp/80c6f161f5dc20857418a598ffba4be2-p_c.jpg,2026-09-07 13:58,For Sale
26879919,12326 Cedar Bend Dr,75244,Dallas,TX,32.91707,-96.8547,699000,317.0,,671000.0,3923.0,3.0,2.0,2202.0,1966.0,9888.12,singleFamily,9,602830.0,2025,https://www.zillow.com,https://photos.zillowstatic.com/fp/cf833ec86d2a62600048a348dc691df6-p_c.jpg,2026-09-07 13:58,For Sale
26821468,3623 Castle Hills Dr,75241,Dallas,TX,32.678192,-96.762886,180000,106.0,,175500.0,2123.0,3.0,2.0,1695.0,1959.0,0.26,singleFamily,39,222740.0,2025,https://www.zillow.com,https://photos.zillowstatic.com/fp/5bfa6797d4cef5d8e9269ea2a8f7c896-p_c.jpg,2026-09-07 13:58,For Sale
26930549,2627 Douglas Ave APT 125,75219,Dallas,TX,32.80969,-96.81729,130000,167.0,-4900.0,123700.0,1490.0,1.0,1.0,777.0,1972.0,1.552,condo,178,155400.0,2025,https://www.zillow.com,https://photos.zillowstatic.com/fp/6bfa753f515deff90195d0c2c7d5c209-p_c.jpg,2026-09-07 13:58,For Sale
26630656,4048 Kirkmeadow Ln,75287,Dallas,TX,33.0047,-96.84128,515000,212.0,-14000.0,,,4.0,3.0,2425.0,1993.0,7405.2,singleFamily,45,467268.0,2025,https://www.zillow.com,https://photos.zillowstatic.com/fp/63432f8f350531725f6943a289919ea0-p_c.jpg,2026-09-07 13:58,For Sale
26807764,3240 Chapel Downs Dr,75229,Dallas,TX,32.88448,-96.8677,489000,211.0,-51000.0,478100.0,4124.0,4.0,3.0,2316.0,1962.0,10018.8,singleFamily,45,473420.0,2025,https://www.zillow.com,https://photos.zillowstatic.com/fp/c866ed8415760ed83fd04b15bbb54a0d-p_c.jpg,2026-09-07 13:58,For Sale
26630266,5604 Bent Creek Trl,75252,Dallas,TX,33.01041,-96.81206,995000,256.0,-40000.0,,,4.0,4.0,3880.0,1985.0,10018.8,singleFamily,24,823354.0,2025,https://www.zillow.com,https://photos.zillowstatic.com/fp/c4ab24704d096197f98985ff83bbdf1b-p_c.jpg,2026-09-07 13:58,For Sale
26682979,3403 Knight St,75219,Dallas,TX,32.814262,-96.81016,1250000,508.0,,1188800.0,3714.0,3.0,2.0,2460.0,1914.0,0.258,singleFamily,44,1131420.0,2025,https://www.zillow.com,https://photos.zillowstatic.com/fp/737309db39b5a63f5deec5b70196abab-p_c.jpg,2026-09-07 13:58,For Sale
26731556,7407 Robin Rd,75209,Dallas,TX,32.846653,-96.822845,1945000,483.0,,,,5.0,7.0,4028.0,2026.0,7492.32,singleFamily,3,500000.0,2025,https://www.zillow.com,https://photos.zillowstatic.com/fp/5db02c750f6a8b4fcd47f325d2e22dee-p_c.jpg,2026-09-07 13:58,For Sale
26787893,3610 Durango Dr,75220,Dallas,TX,32.86711,-96.858284,789999,263.0,-20001.0,781600.0,5076.0,4.0,4.0,3000.0,2026.0,10105.92,singleFamily,86,526820.0,2025,https://www.zillow.com,https://photos.zillowstatic.com/fp/1447424716f5a98590edc3d8f38f8d5e-p_c.jpg,2026-09-07 13:58,For Sale
96536258,3804 De Maggio Ave,75210,Dallas,TX,32.765015,-96.73559,392500,216.0,,,,3.0,2.0,1818.0,2026.0,8494.2,singleFamily,7,50000.0,2025,https://www.zillow.com,https://photos.zillowstatic.com/fp/9d0a3e345829d0d0247cc116c0d88221-p_c.jpg,2026-09-07 13:58,For Sale
80224298,1200 Main St APT 701,75202,Dallas,TX,32.77981,-96.80127,389900,251.0,,384100.0,3886.0,3.0,3.0,1551.0,1974.0,1.033,condo,95,407000.0,2025,https://www.zillow.com,https://photos.zillowstatic.com/fp/0d4641322368a5ef6c9672c06ecb44c3-p_c.jpg,2026-09-07 13:58,For Sale
26787955,3559 Durango Dr,75220,Dallas,TX,32.86767,-96.85897,1125000,311.0,-25000.0,1105000.0,6329.0,5.0,5.0,3612.0,2026.0,10541.52,singleFamily,117,382130.0,2025,https://www.zillow.com,https://photos.zillowstatic.com/fp/6b07d46c811fc61e1d4e5763454f8a12-p_c.jpg,2026-09-07 13:58,For Sale
461465069,5705 Live Oak St #C,75206,Dallas,TX,32.810696,-96.763626,465000,314.0,,461300.0,3564.0,2.0,3.0,1483.0,2026.0,5749.92,singleFamily,25,,,https://www.zillow.com,https://photos.zillowstatic.com/fp/a66b74356a5b9e659d2c8f8682c22b35-p_c.jpg,2026-09-07 13:58,For Sale
26911440,6907 Preston Glen Dr,75230,Dallas,TX,32.91473,-96.78464,1885000,404.0,-100000.0,1785600.0,7215.0,3.0,4.0,4666.0,2000.0,7474.896,singleFamily,125,1650000.0,2025,https://www.zillow.com,https://photos.zillowstatic.com/fp/c6cde910e6ada0514705506cf8c2fe26-p_c.jpg,2026-09-07 13:58,For Sale
26909252,9551 Gonzales Dr,75227,Dallas,TX,32.76709,-96.65757,119999,128.0,-4001.0,,1320.0,2.0,1.0,940.0,1982.0,3310.56,singleFamily,159,151670.0,2025,https://www.zillow.com,https://photos.zillowstatic.com/fp/d1895d0b21508743ee374dd4d68db170-p_c.jpg,2026-09-07 13:58,For Sale
26705765,7166 Dalewood Ln,75214,Dallas,TX,32.847614,-96.73809,895000,534.0,-30000.0,862200.0,3904.0,3.0,2.0,1677.0,1953.0,7405.2,singleFamily,54,778630.0,2025,https://www.zillow.com,https://photos.zillowstatic.com/fp/202ff70f3519fb4d880c6d071ca542f0-p_c.jpg,2026-09-07 13:58,For Sale
26887179,15628 Golden Creek Rd,75248,Dallas,TX,32.960255,-96.798515,725000,288.0,,704100.0,3735.0,4.0,3.0,2513.0,1983.0,7535.88,singleFamily,3,674120.0,2025,https://www.zillow.com,https://photos.zillowstatic.com/fp/02831b86dec448703f40a72d20c00083-p_c.jpg,2026-09-07 13:58,For Sale
26815643,451 Southport Dr,75232,Dallas,TX,32.657856,-96.828186,239997,171.0,,237800.0,1962.0,4.0,2.0,1404.0,1956.0,8363.52,singleFamily,41,216240.0,2025,https://www.zillow.com,https://photos.zillowstatic.com/fp/21b5ba1d349f9a3bd391c693f88f33c0-p_c.jpg,2026-09-07 13:58,For Sale
27340541,2905 Courtland Dr,75287,Dallas,TX,32.99398,-96.86513,315000,248.0,,,,3.0,2.0,1268.0,1984.0,3833.28,singleFamily,17,308081.0,2025,https://www.zillow.com,https://photos.zillowstatic.com/fp/7e59ee12fc8fdb7877b0a7328967fc60-p_c.jpg,2026-09-07 13:58,For Sale
26770903,3040 June Dr,75211,Dallas,TX,32.72246,-96.87072,240000,170.0,-10000.0,,,4.0,2.0,1410.0,1951.0,9016.92,singleFamily,104,263840.0,2025,https://www.zillow.com,https://photos.zillowstatic.com/fp/2b58681da5c7d1b2161d243a6344370b-p_c.jpg,2026-09-07 13:58,For Sale
26877964,3842 Soft Wind Dr,75241,Dallas,TX,32.660416,-96.75738,237000,189.0,-2000.0,233700.0,1919.0,4.0,2.0,1255.0,1963.0,7318.08,singleFamily,33,189460.0,2025,https://www.zillow.com,https://photos.zillowstatic.com/fp/4ce0fa4cacdd5a1435a665d3e4798520-p_c.jpg,2026-09-07 13:58,For Sale
26743999,11367 Lippitt Ave,75218,Dallas,TX,32.856037,-96.68391,399000,257.0,-5000.0,,,3.0,2.0,1551.0,1958.0,9278.28,singleFamily,27,383870.0,2025,https://www.zillow.com,https://photos.zillowstatic.com/fp/4d7afac6690210ce67c3c2261b2aed8a-p_c.jpg,2026-09-07 13:58,For Sale
26886911,8857 Flint Falls Dr,75243,Dallas,TX,32.89703,-96.738556,630000,247.0,-15000.0,,3799.0,4.0,4.0,2552.0,1975.0,9191.16,singleFamily,60,640090.0,2025,https://www.zillow.com,https://photos.zillowstatic.com/fp/b0466f3c3c30d4314d090763a6c3a593-p_c.jpg,2026-09-07 13:58,For Sale
26703599,6050 Penrose Ave,75206,Dallas,TX,32.83223,-96.762085,740000,602.0,,712200.0,2905.0,2.0,1.0,1230.0,1938.0,6490.44,singleFamily,2,573510.0,2025,https://www.zillow.com,https://www.zillowstatic.com/static/images/nophoto_p_c.png,2026-09-07 13:58,For Sale
26683628,3801 Gilbert Ave #M,75219,Dallas,TX,32.814262,-96.80335,719900,367.0,,687400.0,3557.0,2.0,3.0,1963.0,1981.0,0.551,condo,4,660000.0,2025,https://www.zillow.com,https://photos.zillowstatic.com/fp/f5a54c78c0b64c8a412e4cd3bd2db888-p_c.jpg,2026-09-07 13:58,For Sale
26924887,4229 Cole Ave APT 108,75205,Dallas,TX,32.817818,-96.79228,385000,339.0,-5000.0,375100.0,2978.0,2.0,3.0,1137.0,1982.0,0.62,condo,80,369530.0,2025,https://www.zillow.com,https://photos.zillowstatic.com/fp/be59437c7bef697834c485d78e2674db-p_c.jpg,2026-09-07 13:58,For Sale
26779104,1545 W Pentagon Pkwy,75224,Dallas,TX,32.69898,-96.84617,315000,194.0,,307800.0,2619.0,3.0,2.0,1620.0,1960.0,8407.08,singleFamily,4,321870.0,2025,https://www.zillow.com,https://photos.zillowstatic.com/fp/cfb1a1fac5e83eef0cdc0430c161e015-p_c.jpg,2026-09-07 13:58,For Sale
464869564,5104 Philip Ave,75223,Dallas,TX,32.789894,-96.75323,419000,221.0,,414900.0,3306.0,3.0,3.0,1895.0,2026.0,8755.56,singleFamily,10,,,https://www.zillow.com,https://photos.zillowstatic.com/fp/7e5abdc61da3a1c2a23f80d9ec8581f0-p_c.jpg,2026-09-07 13:58,For Sale
26752924,7344 Fieldgate Dr,75230,Dallas,TX,32.88041,-96.77676,1170000,410.0,-25000.0,1144500.0,4903.0,4.0,5.0,2857.0,1965.0,0.304,singleFamily,101,1170570.0,2025,https://www.zillow.com,https://photos.zillowstatic.com/fp/4e0d918269184a6292a57d426b34bc55-p_c.jpg,2026-09-07 13:58,For Sale
26773680,655 W Pentagon Pkwy,75224,Dallas,TX,32.694656,-96.83374,219000,172.0,,215000.0,2047.0,3.0,2.0,1270.0,1964.0,8712.0,singleFamily,41,235460.0,2025,https://www.zillow.com,https://photos.zillowstatic.com/fp/1bf25421f5e4e685d330abe40a57f9da-p_c.jpg,2026-09-07 13:58,For Sale
26657129,5103 Lincolnshire Ct,75287,Dallas,TX,33.002506,-96.82194,1678000,335.0,-1000.0,1603900.0,6084.0,6.0,7.0,5007.0,1993.0,10018.8,singleFamily,45,1231218.0,2025,https://www.zillow.com,https://photos.zillowstatic.com/fp/34cf8c606975ced79bfaa28b5e215272-p_c.jpg,2026-09-07 13:58,For Sale
26807440,3625 Ingleside Dr,75229,Dallas,TX,32.8898,-96.859375,645000,380.0,-30000.0,,,3.0,2.0,1699.0,1958.0,9801.0,singleFamily,76,547020.0,2025,https://www.zillow.com,https://photos.zillowstatic.com/fp/159dcaf18b0d2429cb826b7c377e3308-p_c.jpg,2026-09-07 13:58,For Sale
26807665,10131 Pensive Dr,75229,Dallas,TX,32.883636,-96.87405,725000,277.0,25100.0,700000.0,4029.0,4.0,3.0,2620.0,1966.0,0.274,singleFamily,10,583990.0,2025,https://www.zillow.com,https://photos.zillowstatic.com/fp/beb54f3055d9da2e364be0d5981fe10e-p_c.jpg,2026-09-07 13:58,For Sale
26819521,10434 Castlerock Dr,75217,Dallas,TX,32.740562,-96.64452,215000,124.0,-15000.0,212200.0,2084.0,4.0,2.0,1737.0,1967.0,7579.44,singleFamily,66,266360.0,2025,https://www.zillow.com,https://photos.zillowstatic.com/fp/07646d7399bb8a981c35c36dd99a697e-p_c.jpg,2026-09-07 13:58,For Sale
26898221,3210 Elizabeth St,75204,Dallas,TX,32.814873,-96.79382,1195000,520.0,,1149800.0,3911.0,2.0,3.0,2296.0,1983.0,2047.32,townhome,5,472980.0,2025,https://www.zillow.com,https://photos.zillowstatic.com/fp/eb816f6e1ae2c9854dbb40c9cb660cce-p_c.jpg,2026-09-07 13:58,For Sale
96519726,438 Bonnie View Rd,75203,Dallas,TX,32.743176,-96.794655,550000,202.0,-9000.0,544100.0,4018.0,5.0,3.0,2720.0,2026.0,3920.4,singleFamily,45,90000.0,2025,https://www.zillow.com,https://photos.zillowstatic.com/fp/8328589101f1658b820fc8c40de0c5a8-p_c.jpg,2026-09-07 13:58,For Sale
26876800,16028 Chalfont Pl,75248,Dallas,TX,32.967705,-96.80606,735000,239.0,,712700.0,4702.0,3.0,3.0,3076.0,1978.0,7884.36,singleFamily,40,858470.0,2025,https://www.zillow.com,https://photos.zillowstatic.com/fp/569dd1753124609b9ad97a905ca985a3-p_c.jpg,2026-09-07 13:58,For Sale
26726763,2630 Langdon Ave,75235,Dallas,TX,32.839355,-96.85553,315000,239.0,-25000.0,306100.0,2331.0,3.0,1.0,1316.0,1938.0,8145.72,singleFamily,52,258350.0,2025,https://www.zillow.com,https://photos.zillowstatic.com/fp/163af6cae5b1ec4263f592520352e211-p_c.jpg,2026-09-07 13:58,For Sale
26891767,7334 Blue Sage Dr,75249,Dallas,TX,32.640484,-96.95329,279000,181.0,-8000.0,277500.0,2132.0,3.0,2.0,1542.0,1977.0,6882.48,singleFamily,51,230000.0,2025,https://www.zillow.com,https://photos.zillowstatic.com/fp/f0799b288577c1827c534ba30aced9fb-p_c.jpg,2026-09-07 13:58,For Sale
26858141,7030 Blackwood Dr,75231,Dallas,TX,32.874187,-96.73518,1395000,339.0,-80000.0,,,4.0,4.0,4121.0,1993.0,0.261,singleFamily,101,1321450.0,2025,https://www.zillow.com,https://photos.zillowstatic.com/fp/f745b3970283195f49d6384965ffa6df-p_c.jpg,2026-09-07 13:58,For Sale
26688248,4209 Metropolitan Ave,75210,Dallas,TX,32.77526,-96.74981,184900,153.0,-10000.0,,1934.0,2.0,2.0,1208.0,2022.0,6795.36,singleFamily,213,253610.0,2025,https://www.zillow.com,https://photos.zillowstatic.com/fp/d54dbc75ce8a2fceba35b7a47d647eb7-p_c.jpg,2026-09-07 13:58,For Sale
26785219,5610 Enchanted Ln,75227,Dallas,TX,32.790222,-96.70444,405000,227.0,-14900.0,417200.0,3042.0,3.0,3.0,1781.0,,7535.88,singleFamily,57,329770.0,2025,https://www.zillow.com,https://photos.zillowstatic.com/fp/f0d430b7cf0f6969f0bfb5f702dddac2-p_c.jpg,2026-09-07 13:58,For Sale
26729241,1518 Oak Knoll St,75208,Dallas,TX,32.762928,-96.83254,1330000,418.0,-15000.0,1282800.0,7271.0,4.0,4.0,3180.0,1948.0,0.29200000000000004,singleFamily,110,1895320.0,2025,https://www.zillow.com,https://photos.zillowstatic.com/fp/fca8bb69f60de8b0346af815b3e86b4c-p_c.jpg,2026-09-07 13:58,For Sale
26850024,2802 El Capitan Dr,75228,Dallas,TX,32.854774,-96.667274,293000,204.0,,282800.0,1968.0,3.0,2.0,1434.0,1957.0,7575.084,singleFamily,9,284500.0,2025,https://www.zillow.com,https://photos.zillowstatic.com/fp/cb1566f5bde3c7aa8957e0e2ac82ca62-p_c.jpg,2026-09-07 13:58,For Sale
53072166,5925 Still Forest Dr,75252,Dallas,TX,32.992638,-96.80584,899000,293.0,,863700.0,5061.0,4.0,3.0,3065.0,1983.0,6098.4,singleFamily,31,705279.0,2025,https://www.zillow.com,https://photos.zillowstatic.com/fp/bb265fae7f080a2408bce44514e01644-p_c.jpg,2026-09-07 13:58,For Sale
26867067,9523 Highedge Dr,75238,Dallas,TX,32.875874,-96.72639,825000,275.0,,792400.0,3769.0,4.0,3.0,3005.0,1963.0,8755.56,singleFamily,117,753570.0,2025,https://www.zillow.com,https://photos.zillowstatic.com/fp/30fe6cbfda404e8babadb37974a14cce-p_c.jpg,2026-09-07 13:58,For Sale
465043615,2514 Lucas Dr #101,75219,Dallas,TX,32.81178,-96.821976,429000,252.0,,,,2.0,4.0,1701.0,2026.0,6446.88,townhome,3,,,https://www.zillow.com,https://photos.zillowstatic.com/fp/c3b52c0186e833daac0e25cfe1abc3c0-p_c.jpg,2026-09-07 13:58,For Sale
26727758,2435 W 10th St,75211,Dallas,TX,32.74545,-96.85833,529000,204.0,,513600.0,3780.0,4.0,3.0,2593.0,1940.0,6751.8,singleFamily,22,560930.0,2025,https://www.zillow.com,https://photos.zillowstatic.com/fp/1692b85d084acc696f54b8764a171b7a-p_c.jpg,2026-09-07 13:58,For Sale
462087845,5320 Reiger Ave #104,75214,Dallas,TX,32.799812,-96.75968,384900,267.0,,377400.0,3135.0,2.0,3.0,1442.0,2025.0,0.265,condo,9,,,https://www.zillow.com,https://photos.zillowstatic.com/fp/02d2febb3bf81628940640ce622278cb-p_c.jpg,2026-09-07 13:58,For Sale
96504782,2734 Marburg St,75215,Dallas,TX,32.75684,-96.75478,356000,215.0,,353300.0,2590.0,3.0,2.0,1652.0,2026.0,7492.32,singleFamily,26,75000.0,2025,https://www.zillow.com,https://photos.zillowstatic.com/fp/995a4e54b23ce128275adce2f282dbfd-p_c.jpg,2026-09-07 13:58,For Sale
26840275,9410 Creel Creek Dr,75228,Dallas,TX,32.821613,-96.69529,675000,348.0,,652600.0,2754.0,3.0,3.0,1940.0,1966.0,8799.12,singleFamily,17,477860.0,2025,https://www.zillow.com,https://photos.zillowstatic.com/fp/19a9c3a91e8f79164f582a9d28bd8d83-p_c.jpg,2026-09-07 13:58,For Sale
26716074,1407 Georgia Ave,75216,Dallas,TX,32.724968,-96.8043,285000,199.0,,279200.0,2027.0,4.0,2.0,1434.0,1925.0,7318.08,singleFamily,6,268000.0,2025,https://www.zillow.com,https://photos.zillowstatic.com/fp/de4ebf7cff1862ed7e883577162d78d1-p_c.jpg,2026-09-07 13:58,For Sale
26925684,12484 Abrams Rd APT 2022,75243,Dallas,TX,32.91753,-96.73267,159000,159.0,,137300.0,1520.0,2.0,2.0,998.0,1982.0,17.99,condo,1,164670.0,2025,https://www.zillow.com,https://photos.zillowstatic.com/fp/35fbdbf32d001a01c76823b87963535c-p_c.jpg,2026-09-07 13:58,For Sale
26695157,5646 Monticello Ave,75206,Dallas,TX,32.82622,-96.77035,664900,526.0,,633000.0,2379.0,2.0,1.0,1265.0,1926.0,7230.96,singleFamily,145,531500.0,2025,https://www.zillow.com,https://photos.zillowstatic.com/fp/52af45e683ae4a4613bc844f3a9a6d08-p_c.jpg,2026-09-07 13:58,For Sale
2055130051,2706 Valentine St,75215,Dallas,TX,32.741688,-96.75182,521000,199.0,,516600.0,2924.0,4.0,4.0,2617.0,2026.0,7492.32,singleFamily,26,75010.0,2025,https://www.zillow.com,https://photos.zillowstatic.com/fp/d23c9c2dba034843d754d0d31c3dac0f-p_c.jpg,2026-09-07 13:58,For Sale
248827888,6106 Worth St,75214,Dallas,TX,32.809204,-96.753174,565000,341.0,,544600.0,2914.0,3.0,2.0,1657.0,1923.0,6534.0,singleFamily,16,514070.0,2025,https://www.zillow.com,https://photos.zillowstatic.com/fp/eb815c037849aec3664d33e996f81758-p_c.jpg,2026-09-07 13:58,For Sale
26904687,1146 Oak Park Dr,75232,Dallas,TX,32.688393,-96.84246,335000,157.0,,330600.0,2480.0,4.0,3.0,2127.0,1994.0,7919.208,singleFamily,4,373160.0,2025,https://www.zillow.com,https://photos.zillowstatic.com/fp/92f679eabf2937d0ed3b183b485d47e3-p_c.jpg,2026-09-07 13:58,For Sale
26734877,5107 Stanford Ave,75209,Dallas,TX,32.85347,-96.82376,3265000,662.0,,3129800.0,,4.0,6.0,4931.0,2023.0,7535.88,singleFamily,23,2252000.0,2025,https://www.zillow.com,https://photos.zillowstatic.com/fp/9f08c5b04c9fd0cc6fd1da2c2249f6a9-p_c.jpg,2026-09-07 13:58,For Sale
27330636,2324 Harbinger Ln,75287,Dallas,TX,32.992004,-96.87208,347999,244.0,,,,4.0,3.0,1425.0,1982.0,7993.26,singleFamily,12,360245.0,2025,https://www.zillow.com,https://photos.zillowstatic.com/fp/3a55666f5862b29af1b0a8313b59d54c-p_c.jpg,2026-09-07 13:58,For Sale
96497602,3102 Chicago St,75212,Dallas,TX,32.779625,-96.84252,490000,203.0,-45000.0,,4121.0,4.0,4.0,2414.0,2025.0,3571.92,singleFamily,388,490090.0,2025,https://www.zillow.com,https://photos.zillowstatic.com/fp/bdb9e6876bf518a9ba779990a9d9f860-p_c.jpg,2026-09-07 13:58,For Sale
26693370,4416 N Hall St,75219,Dallas,TX,32.81705,-96.81465,1299000,457.0,-51000.0,1265800.0,4800.0,3.0,3.0,2840.0,1924.0,9234.72,singleFamily,81,1115150.0,2025,https://www.zillow.com,https://photos.zillowstatic.com/fp/0279fa3f572cedcb2544d3af55b5aac6-p_c.jpg,2026-09-07 13:58,For Sale
26897881,2611 Colby St,75204,Dallas,TX,32.794273,-96.7986,775000,312.0,,753900.0,3447.0,2.0,3.0,2484.0,1997.0,1611.72,townhome,62,628000.0,2025,https://www.zillow.com,https://photos.zillowstatic.com/fp/6ccdbecfda794efe42e60bcf14744921-p_c.jpg,2026-09-07 13:58,For Sale
26705237,6474 Sudbury Dr,75214,Dallas,TX,32.83932,-96.74971,1995000,476.0,,1816500.0,5587.0,4.0,5.0,4191.0,2026.0,7710.12,singleFamily,3,645540.0,2025,https://www.zillow.com,https://photos.zillowstatic.com/fp/5db67525c12b0d2fb79a8b4b3018333c-p_c.jpg,2026-09-07 13:58,For Sale
302787562,2515 Old Mill Rd,75287,Carrollton,TX,32.98999,-96.869675,419900,243.0,,409800.0,2917.0,3.0,2.0,1730.0,1982.0,7840.8,singleFamily,128,402838.0,2025,https://www.zillow.com,https://photos.zillowstatic.com/fp/e10ea22e6301f5f94b3426ecf508abe0-p_c.jpg,2026-09-07 13:58,For Sale
26681366,2633 Peabody Ave,75215,Dallas,TX,32.767338,-96.76894,455000,186.0,-10000.0,,,4.0,4.0,2448.0,2026.0,4791.6,singleFamily,39,48000.0,2025,https://www.zillow.com,https://photos.zillowstatic.com/fp/01a13cebd060ed05c788687ce20229da-p_c.jpg,2026-09-07 13:58,For Sale
26878322,6528 Wild Honey Dr,75241,Dallas,TX,32.662975,-96.76114,185000,123.0,,,1783.0,4.0,2.0,1499.0,1970.0,7230.96,singleFamily,8,276810.0,2025,https://www.zillow.com,https://photos.zillowstatic.com/fp/796ae4a38ffa9535e2175ea958a612a4-p_c.jpg,2026-09-07 13:58,For Sale
26812115,7211 Lavendale Cir,75230,Dallas,TX,32.896835,-96.78146,899000,298.0,-76000.0,859300.0,5117.0,3.0,3.0,3021.0,1978.0,0.286,singleFamily,50,1023450.0,2025,https://www.zillow.com,https://photos.zillowstatic.com/fp/d5aaae6eeeb9eba709a11aa917619bdd-p_c.jpg,2026-09-07 13:58,For Sale
26730964,6457 Ellsworth Ave,75214,Dallas,TX,32.83385,-96.75039,3799000,752.0,,,,5.0,7.0,5050.0,2026.0,8363.52,singleFamily,11,852600.0,2025,https://www.zillow.com,https://photos.zillowstatic.com/fp/3ef7aa5932a41504ba92277bfe5c2d7a-p_c.jpg,2026-09-07 13:58,For Sale
26836091,3907 Odessa St,75212,Dallas,TX,32.789024,-96.90168,199995,159.0,-50005.0,,2167.0,3.0,2.0,1260.0,1946.0,7274.52,singleFamily,58,244200.0,2025,https://www.zillow.com,https://photos.zillowstatic.com/fp/a775f5fc24afac01a9b7736ace960407-p_c.jpg,2026-09-07 13:58,For Sale
26750513,6646 E Lovers Ln APT 911,75214,Dallas,TX,32.854504,-96.74564,139000,173.0,,131500.0,1464.0,2.0,1.0,805.0,1979.0,5.028,condo,45,132020.0,2025,https://www.zillow.com,https://photos.zillowstatic.com/fp/f5059b9380bb3254c42326ff486178a6-p_c.jpg,2026-09-07 13:58,For Sale
27327604,17628 Medina Dr,75287,Dallas,TX,32.991043,-96.87346,435000,230.0,,427500.0,3146.0,4.0,2.0,1888.0,1982.0,8581.32,singleFamily,20,439481.0,2025,https://www.zillow.com,https://photos.zillowstatic.com/fp/478565ea91a020217038d48a9a60ea53-p_c.jpg,2026-09-07 13:58,For Sale
457392905,2630 Copper Breaks St,75228,Dallas,TX,32.790573,-96.71502,344999,209.0,-7000.0,343400.0,2514.0,3.0,3.0,1647.0,2025.0,4791.6,townhome,184,10000.0,2025,https://www.zillow.com,https://photos.zillowstatic.com/fp/5e8f9d2362b54cc8ff494a1251ed496b-p_c.jpg,2026-09-07 13:58,For Sale
26769069,925 Knott Pl,75208,Dallas,TX,32.763203,-96.838425,898000,340.0,,,,4.0,4.0,2641.0,1959.0,10802.88,singleFamily,45,727840.0,2025,https://www.zillow.com,https://photos.zillowstatic.com/fp/f69d6577943f3dde50fdc9e2f19176e2-p_c.jpg,2026-09-07 13:58,For Sale
53077414,5434 Preston Fairways Cir,75252,Dallas,TX,32.990475,-96.809105,719000,221.0,-16000.0,700100.0,4233.0,4.0,3.0,3249.0,1991.0,6098.4,singleFamily,52,714915.0,2025,https://www.zillow.com,https://photos.zillowstatic.com/fp/726abc526183afad17e099c2d20f4005-p_c.jpg,2026-09-07 13:58,For Sale
96500733,2871 E Overton Rd,75216,Dallas,TX,32.714794,-96.777824,325000,167.0,-14000.0,322500.0,2578.0,3.0,2.0,1944.0,2023.0,6011.28,singleFamily,100,324430.0,2025,https://www.zillow.com,https://photos.zillowstatic.com/fp/89b66ca38a8d2c86aac61df5504e2c9d-p_c.jpg,2026-09-07 13:58,For Sale
26809546,11555 Cromwell Cir,75229,Dallas,TX,32.906803,-96.86558,625000,270.0,,591300.0,3322.0,3.0,2.0,2315.0,1960.0,0.304,singleFamily,18,538420.0,2025,https://www.zillow.com,https://photos.zillowstatic.com/fp/8e8c6f1ab990bbbd8b8aa9d8e213cea1-p_c.jpg,2026-09-07 13:58,For Sale
26634892,7621 McCallum Blvd APT 309,75252,Dallas,TX,32.988342,-96.77654,99000,172.0,-1000.0,,1082.0,1.0,1.0,576.0,1984.0,0.747,condo,2,84893.0,2025,https://www.zillow.com,https://photos.zillowstatic.com/fp/bbc74511b0dceb7cf13226be81c872e8-p_c.jpg,2026-09-07 13:58,For Sale
26759576,5036 Radbrook Pl,75220,Dallas,TX,32.867332,-96.82502,5995000,708.0,,5561000.0,,6.0,6.0,8462.0,2015.0,1.08,singleFamily,79,5077000.0,2025,https://www.zillow.com,https://photos.zillowstatic.com/fp/e79327d8aad385ed588ac32212b12973-p_c.jpg,2026-09-07 13:58,For Sale
26812044,6916 Azalea Ln,75230,Dallas,TX,32.897087,-96.7873,5750000,730.0,,5452800.0,,6.0,7.0,7879.0,2026.0,0.375,singleFamily,59,1044470.0,2025,https://www.zillow.com,https://photos.zillowstatic.com/fp/8fdb8a7513f7275fa0d9982c5a61dddf-p_c.jpg,2026-09-07 13:58,For Sale
26838770,10610 Ravenscroft Dr,75230,Dallas,TX,32.89124,-96.77821,585000,309.0,,,3188.0,3.0,3.0,1894.0,1973.0,4516.0,singleFamily,37,430000.0,2025,https://www.zillow.com,https://www.zillowstatic.com/static/images/nophoto_p_c.png,2026-09-07 13:58,For Sale
26908494,10316 Ridge Oak St,75227,Dallas,TX,32.754658,-96.645386,175000,153.0,-4500.0,171300.0,1576.0,2.0,2.0,1143.0,1985.0,4225.32,singleFamily,102,183090.0,2025,https://www.zillow.com,https://photos.zillowstatic.com/fp/08ac9a9cb15c30dec60f1923d39d20ce-p_c.jpg,2026-09-07 13:58,For Sale
26687077,2550 Eugene St,75215,Dallas,TX,32.758404,-96.76031,259900,184.0,-5000.0,257500.0,1860.0,3.0,2.0,1416.0,2020.0,5706.36,singleFamily,43,245790.0,2025,https://www.zillow.com,https://photos.zillowstatic.com/fp/7b63e6024f7334fe021a8bb4f33c334e-p_c.jpg,2026-09-07 13:58,For Sale
26718514,2827 Wilton Ave,75211,Dallas,TX,32.729324,-96.86728,300000,196.0,,,2564.0,4.0,2.0,1527.0,1952.0,6534.0,singleFamily,33,157340.0,2025,https://www.zillow.com,https://photos.zillowstatic.com/fp/5eb012a5ab77400a3847360a69e127fb-p_c.jpg,2026-09-07 13:58,For Sale
26818646,2007 Red Cloud Dr,75217,Dallas,TX,32.747482,-96.65272,189999,175.0,-10001.0,185100.0,1725.0,3.0,2.0,1084.0,1982.0,3092.76,singleFamily,297,190260.0,2025,https://www.zillow.com,https://photos.zillowstatic.com/fp/bcf12e3be5345d789ad6d9dcd30505e3-p_c.jpg,2026-09-07 13:58,For Sale
464324863,4004 & 4006 S Denley Dr,75216,Dallas,TX,32.760754,-96.771545,720000,209.0,,713400.0,2601.0,6.0,8.0,3442.0,2026.0,0.2795,multiFamily,33,,,https://www.zillow.com,https://photos.zillowstatic.com/fp/7cb9726c7151d4ea574a15d168cc17fa-p_c.jpg,2026-09-07 13:58,For Sale
26757013,11219 Leachman Cir,75229,Dallas,TX,32.900352,-96.82221,4995000,913.0,-255000.0,4628300.0,,5.0,6.0,5470.0,1972.0,0.594,singleFamily,195,4604060.0,2025,https://www.zillow.com,https://photos.zillowstatic.com/fp/2056db3dc523d4f90aca7f3a26c19ee3-p_c.jpg,2026-09-07 13:58,For Sale
26807752,3132 Chapel Downs Dr,75229,Dallas,TX,32.884205,-96.87081,629000,259.0,-20500.0,625400.0,5548.0,4.0,3.0,2429.0,1962.0,10018.8,singleFamily,199,675000.0,2025,https://www.zillow.com,https://photos.zillowstatic.com/fp/4bd93e059c76e8ed2dd705c6823bd7f2-p_c.jpg,2026-09-07 13:58,For Sale
26713740,811 S Tyler St,75208,Dallas,TX,32.73802,-96.838,325000,167.0,-25000.0,306100.0,2102.0,3.0,2.0,1944.0,1926.0,8276.4,multiFamily,167,310620.0,2025,https://www.zillow.com,https://photos.zillowstatic.com/fp/1fa0b3bf629e0fa8676ddd3645f90b48-p_c.jpg,2026-09-07 13:58,For Sale
26875739,6535 Southpoint Dr,75248,Dallas,TX,32.977917,-96.794624,710000,284.0,-9999.0,702200.0,5672.0,4.0,3.0,2499.0,1973.0,9278.28,singleFamily,201,648990.0,2025,https://www.zillow.com,https://photos.zillowstatic.com/fp/ee84b90104e0d36c89ca15544d6ffc23-p_c.jpg,2026-09-07 13:58,For Sale
26811795,11535 Strand St,75218,Dallas,TX,32.861076,-96.68059,599000,304.0,-20990.0,589800.0,3066.0,4.0,3.0,1969.0,2026.0,7570.728,singleFamily,114,100000.0,2025,https://www.zillow.com,https://photos.zillowstatic.com/fp/4d29a5e7f051fc9610e763038975ee10-p_c.jpg,2026-09-07 13:58,For Sale
26749732,7444 E Northwest Hwy #119,75231,Dallas,TX,32.853424,-96.73328,349999,230.0,,339000.0,2748.0,3.0,3.0,1525.0,1973.0,4.541,condo,3,350750.0,2025,https://www.zillow.com,https://photos.zillowstatic.com/fp/fbb8cb2148e585245c362ee8642b72ef-p_c.jpg,2026-09-07 13:58,For Sale
26736375,3819 Wemdon Dr,75220,Dallas,TX,32.86563,-96.85217,1300000,267.0,,1262800.0,5966.0,6.0,8.0,4870.0,2024.0,9321.84,singleFamily,52,1605800.0,2025,https://www.zillow.com,https://photos.zillowstatic.com/fp/7a5f48f0b4fe34073f43f01f11cc250f-p_c.jpg,2026-09-07 13:58,For Sale
26678806,4512 Sycamore St,75204,Dallas,TX,32.79884,-96.77488,1225000,211.0,,1161300.0,,8.0,8.0,5812.0,1923.0,9713.88,multiFamily,319,997310.0,2025,https://www.zillow.com,https://photos.zillowstatic.com/fp/a5794b3fd4ecccab36f2255791f99987-p_c.jpg,2026-09-07 13:58,For Sale
26803777,11712 Jamestown Rd,75230,Dallas,TX,32.908096,-96.806816,3250000,553.0,,3070700.0,,6.0,6.0,5882.0,2018.0,0.367,singleFamily,33,3214410.0,2025,https://www.zillow.com,https://photos.zillowstatic.com/fp/281fb82b51463b0d359178ea0e901211-p_c.jpg,2026-09-07 13:58,For Sale
26696477,2322 Arroyo Ave,75219,Dallas,TX,32.80856,-96.82431,575000,224.0,-24900.0,571500.0,5021.0,3.0,4.0,2570.0,2024.0,3615.48,singleFamily,346,1350390.0,2025,https://www.zillow.com,https://photos.zillowstatic.com/fp/5b6e38862fe5da621ccf15298057fa74-p_c.jpg,2026-09-07 13:58,For Sale
26709157,719 Melba St,75208,Dallas,TX,32.74748,-96.834755,450000,345.0,,433100.0,2898.0,4.0,3.0,1304.0,1930.0,5619.24,singleFamily,17,454520.0,2025,https://www.zillow.com,https://photos.zillowstatic.com/fp/d5d6fbd4b014a45aed43c70a0872cef8-p_c.jpg,2026-09-07 13:58,For Sale
162210833,2308 Britton Ave,75216,Dallas,TX,32.719994,-96.806725,499000,191.0,,,3392.0,6.0,5.0,2617.0,1925.0,8842.68,multiFamily,71,271220.0,2025,https://www.zillow.com,https://photos.zillowstatic.com/fp/21fd484a74a11f67d520a07d45dbb7fe-p_c.jpg,2026-09-07 13:58,For Sale
26797128,538 Pemberton Hill Rd,75217,Dallas,TX,32.721176,-96.7174,330000,157.0,-10000.0,327800.0,2144.0,4.0,2.0,2100.0,1958.0,7187.4,singleFamily,22,205660.0,2025,https://www.zillow.com,https://photos.zillowstatic.com/fp/1fe077742266be4e9fc8e21c4eb9a2f6-p_c.jpg,2026-09-07 13:58,For Sale
26751611,8727 Fawn Dr,75238,Dallas,TX,32.86497,-96.73034,775000,405.0,-24900.0,752800.0,3308.0,3.0,2.0,1912.0,1956.0,7797.24,singleFamily,33,638960.0,2025,https://www.zillow.com,https://photos.zillowstatic.com/fp/0ec29e24db28619f70294616884d1006-p_c.jpg,2026-09-07 13:58,For Sale
26767220,2402 E Overton Rd,75216,Dallas,TX,32.708187,-96.79084,269990,138.0,-10010.0,265100.0,2534.0,4.0,4.0,1956.0,1950.0,8407.08,singleFamily,93,191430.0,2025,https://www.zillow.com,https://photos.zillowstatic.com/fp/c1e22b23d5e025f72c0ac557ce5aab48-p_c.jpg,2026-09-07 13:58,For Sale
83998286,1910 McBroom St,75212,Dallas,TX,32.782375,-96.85081,339900,297.0,,332100.0,2507.0,4.0,2.0,1145.0,2007.0,5749.92,singleFamily,13,324950.0,2025,https://www.zillow.com,https://photos.zillowstatic.com/fp/a5c12cbb9efa80a0f810eb7e4ca81017-p_c.jpg,2026-09-07 13:58,For Sale
26795014,6540 Seco Blvd,75217,Dallas,TX,32.737965,-96.70797,289900,206.0,,284800.0,1843.0,3.0,2.0,1404.0,1956.0,7753.68,singleFamily,2,248870.0,2025,https://www.zillow.com,https://photos.zillowstatic.com/fp/19bac420fc7bfec75abbab95bf5ece61-p_c.jpg,2026-09-07 13:58,For Sale
96497853,6200 Carlton Garrett St,75215,Dallas,TX,32.73986,-96.75487,489900,196.0,-10090.0,485800.0,2748.0,4.0,3.0,2495.0,2026.0,5183.64,singleFamily,34,51770.0,2025,https://www.zillow.com,https://photos.zillowstatic.com/fp/edc81139983f9067e1bbdb80ffdf1505-p_c.jpg,2026-09-07 13:58,For Sale
26852244,13545 Flagstone Ln,75240,Dallas,TX,32.932228,-96.76995,369000,176.0,-10000.0,360100.0,2906.0,4.0,2.0,2100.0,1956.0,9844.56,singleFamily,31,280580.0,2025,https://www.zillow.com,https://photos.zillowstatic.com/fp/a6a326c33bfb073c33a69c13745063e6-p_c.jpg,2026-09-07 13:58,For Sale
26934732,4926 Lahoma St,75235,Dallas,TX,32.822083,-96.820305,175000,176.0,-9999.0,,,2.0,2.0,993.0,1954.0,6.27,condo,93,198600.0,2025,https://www.zillow.com,https://photos.zillowstatic.com/fp/92fe132e205b727a6679c97d62c8e95d-p_c.jpg,2026-09-07 13:58,For Sale
26845328,10216 Plummer Dr,75228,Dallas,TX,32.837864,-96.653984,456400,216.0,,445800.0,3317.0,3.0,3.0,2114.0,1956.0,0.40199999999999997,singleFamily,23,377800.0,2025,https://www.zillow.com,https://photos.zillowstatic.com/fp/603df4b08bc9717464ba2a1cdcea6dc3-p_c.jpg,2026-09-07 13:58,For Sale
26869188,9322 Hunters Creek Dr,75243,Dallas,TX,32.905853,-96.73743,499900,252.0,,487300.0,2210.0,3.0,2.0,1983.0,1971.0,1625.0,singleFamily,25,482050.0,2025,https://www.zillow.com,https://photos.zillowstatic.com/fp/084187728d167698bd01bcab37f4230e-p_c.jpg,2026-09-07 13:58,For Sale
26832259,3321 Coronet Blvd,75212,Dallas,TX,32.78198,-96.83168,999000,272.0,-30000.0,978100.0,6531.0,5.0,6.0,3675.0,2024.0,5052.96,singleFamily,130,837460.0,2025,https://www.zillow.com,https://photos.zillowstatic.com/fp/a95512fef5aa61c2e68d5a370e641a45-p_c.jpg,2026-09-07 13:58,For Sale
26891206,7326 Boisenberry Ln,75249,Dallas,TX,32.646145,-96.95055,270000,183.0,,267100.0,2303.0,4.0,3.0,1476.0,1979.0,9487.368,singleFamily,8,246330.0,2025,https://www.zillow.com,https://photos.zillowstatic.com/fp/5565160035419de72101b8b8f51b634c-p_c.jpg,2026-09-07 13:58,For Sale
442935633,2926 Lorena Jordan Rd,75212,Dallas,TX,32.78252,-96.86816,349990,179.0,,345800.0,3377.0,4.0,3.0,1950.0,2024.0,3179.88,singleFamily,10,347000.0,2025,https://www.zillow.com,https://photos.zillowstatic.com/fp/d238006443e3381d53ae6883b38d3504-p_c.jpg,2026-09-07 13:58,For Sale
26677983,2203 Allen St,75204,Dallas,TX,32.795895,-96.79658,2250000,655.0,-75000.0,2143900.0,7583.0,3.0,4.0,3435.0,2000.0,3049.2,singleFamily,121,1917270.0,2025,https://www.zillow.com,https://photos.zillowstatic.com/fp/c628189c3e7c85914305341e2264f53e-p_c.jpg,2026-09-07 13:58,For Sale
26718419,2831 Grafton Ave,75211,Dallas,TX,32.7312,-96.86757,269999,136.0,,267800.0,2824.0,4.0,2.0,1983.0,1952.0,6969.6,singleFamily,15,258610.0,2025,https://www.zillow.com,https://photos.zillowstatic.com/fp/38ae650fc176efb20c313a99c4926eae-p_c.jpg,2026-09-07 13:58,For Sale
26863657,7717 Meadowhaven Dr,75254,Dallas,TX,32.948135,-96.773544,924900,332.0,-25000.0,,,4.0,4.0,2785.0,1968.0,0.302,singleFamily,39,634100.0,2025,https://www.zillow.com,https://photos.zillowstatic.com/fp/595ccd347a9fc6ea432ae15fac2956bd-p_c.jpg,2026-09-07 13:58,For Sale
96530273,2622 Bainbridge Dr,75237,Dallas,TX,32.66348,-96.86175,599000,227.0,-6000.0,,,5.0,4.0,2640.0,2026.0,0.482,singleFamily,80,85000.0,2025,https://www.zillow.com,https://photos.zillowstatic.com/fp/3821192154f9d7fec60c9ef1ccbe9c21-p_c.jpg,2026-09-07 13:58,For Sale
26833738,1926 Nomas St,75212,Dallas,TX,32.78079,-96.85145,799999,234.0,-20001.0,783100.0,5220.0,5.0,4.0,3412.0,2026.0,5758.632,singleFamily,31,201430.0,2025,https://www.zillow.com,https://photos.zillowstatic.com/fp/01178469fb18aacd1dcdf5ea9a3899de-p_c.jpg,2026-09-07 13:58,For Sale
26753523,6324 Bandera Ave APT B,75225,Dallas,TX,32.867214,-96.79768,552500,284.0,,533900.0,3973.0,2.0,2.0,1947.0,1960.0,1947.132,condo,0,418610.0,2025,https://www.zillow.com,https://photos.zillowstatic.com/fp/0771ca1cbdc7911b72cb9d8557f2ff77-p_c.jpg,2026-09-07 13:58,For Sale
26588582,4307 Quail Hollow Rd,75287,Dallas,TX,33.001102,-96.83528,600000,239.0,,625600.0,4381.0,4.0,3.0,2512.0,1981.0,9583.2,singleFamily,1,665086.0,2025,https://www.zillow.com,https://photos.zillowstatic.com/fp/78cdef1098a622666855b477ae3e3e74-p_c.jpg,2026-09-07 13:58,For Sale
26814847,634 Midvale Dr,75232,Dallas,TX,32.663414,-96.83206,260000,213.0,,254000.0,1746.0,3.0,2.0,1218.0,1956.0,7579.44,singleFamily,3,246930.0,2025,https://www.zillow.com,https://photos.zillowstatic.com/fp/0329d9eef6243618448defd82d6c4dd3-p_c.jpg,2026-09-07 13:58,For Sale
26828913,5723 Meletio Ln,75230,Dallas,TX,32.916756,-96.8106,3599999,629.0,-199001.0,3466600.0,,5.0,7.0,5725.0,2026.0,0.37,singleFamily,64,1957530.0,2025,https://www.zillow.com,https://photos.zillowstatic.com/fp/3fea3e014e0ce150c7d9ee4720752620-p_c.jpg,2026-09-07 13:58,For Sale
26803542,5709 Forest Ln,75230,Dallas,TX,32.909958,-96.81026,1140000,395.0,-9000.0,1106400.0,6352.0,4.0,3.0,2883.0,1962.0,0.483,singleFamily,137,993250.0,2025,https://www.zillow.com,https://photos.zillowstatic.com/fp/0d65427a00c263276a382ccf56a5e63e-p_c.jpg,2026-09-07 13:58,For Sale
26758132,10445 Strait Ln,75229,Dallas,TX,32.888252,-96.8253,6750000,932.0,,5996600.0,,5.0,6.0,7245.0,1989.0,1.037,singleFamily,113,4562110.0,2025,https://www.zillow.com,https://photos.zillowstatic.com/fp/a7f78fb512e685b2df826104af62a065-p_c.jpg,2026-09-07 13:58,For Sale
26754570,6123 Northwood Rd,75225,Dallas,TX,32.869835,-96.80082,6500000,859.0,,6188100.0,,5.0,8.0,7568.0,2026.0,0.40499999999999997,singleFamily,151,1512300.0,2025,https://www.zillow.com,https://photos.zillowstatic.com/fp/b2f8f479278df207348083179bd41169-p_c.jpg,2026-09-07 13:58,For Sale
26849044,6015 Shetland Dr,75230,Dallas,TX,32.919884,-96.80308,1100000,327.0,,1052800.0,6045.0,4.0,3.0,3369.0,1980.0,6141.96,singleFamily,25,680000.0,2025,https://www.zillow.com,https://photos.zillowstatic.com/fp/168f965c554087c1e127d47d8966f4f8-p_c.jpg,2026-09-07 13:58,For Sale
26707488,7033 Chantilly Ln,75214,Dallas,TX,32.838043,-96.73973,2749500,509.0,-25500.0,2659300.0,,5.0,6.0,5407.0,2026.0,8973.36,singleFamily,67,790810.0,2025,https://www.zillow.com,https://photos.zillowstatic.com/fp/e0a6fee613313d131b2a1db7695686ae-p_c.jpg,2026-09-07 13:58,For Sale
26714570,1314 Hendricks Ave,75216,Dallas,TX,32.73797,-96.80479,389900,214.0,,388000.0,2460.0,4.0,2.0,1826.0,2026.0,7797.24,singleFamily,15,90000.0,2025,https://www.zillow.com,https://photos.zillowstatic.com/fp/bbdace478d5e0cab7c3a3c2cdaeabeda-p_c.jpg,2026-09-07 13:58,For Sale
26868338,8261 Club Meadows Dr,75243,Dallas,TX,32.89444,-96.74896,650000,262.0,-25000.0,,,4.0,3.0,2482.0,1978.0,6708.24,singleFamily,24,638020.0,2025,https://www.zillow.com,https://photos.zillowstatic.com/fp/35182b9b7b9620f79e9da996bf14c5b2-p_c.jpg,2026-09-07 13:58,For Sale
26726630,2607 W Lovers Ln,75235,Dallas,TX,32.839935,-96.85749,459000,219.0,-10000.0,440400.0,4322.0,7.0,4.0,2100.0,1937.0,7579.44,singleFamily,18,339530.0,2025,https://www.zillow.com,https://photos.zillowstatic.com/fp/f962e2e1a5e62e8dfc1642dae9aec351-p_c.jpg,2026-09-07 13:58,For Sale
26844283,12135 Oberlin Dr,75243,Dallas,TX,32.913326,-96.75839,394500,249.0,-4500.0,390000.0,2894.0,4.0,4.0,1583.0,1956.0,7535.88,singleFamily,101,207230.0,2025,https://www.zillow.com,https://photos.zillowstatic.com/fp/59e6f4e25782e28579bc00812387d39e-p_c.jpg,2026-09-07 13:58,For Sale
67957487,6940 Chapelridge Dr,75249,Dallas,TX,32.657593,-96.94592,420000,134.0,-10000.0,416000.0,3590.0,4.0,3.0,3141.0,2003.0,5706.36,singleFamily,39,468610.0,2025,https://www.zillow.com,https://photos.zillowstatic.com/fp/18ff73fe65953a00d14194d18502daa1-p_c.jpg,2026-09-07 13:58,For Sale
96507307,518 Crete St,75203,Dallas,TX,32.74393,-96.796974,499900,190.0,-10000.0,495500.0,4152.0,5.0,4.0,2631.0,2023.0,5096.52,singleFamily,233,491740.0,2025,https://www.zillow.com,https://photos.zillowstatic.com/fp/5e686b4fbe8c5183132e99edc058fd7f-p_c.jpg,2026-09-07 13:58,For Sale
244111523,5606 La Foy Blvd,75209,Dallas,TX,32.83016,-96.8232,899000,298.0,-30000.0,,,4.0,3.0,3016.0,2016.0,3271.356,singleFamily,48,978590.0,2025,https://www.zillow.com,https://photos.zillowstatic.com/fp/bc35c6f33d6053eafaba9152dca71550-p_c.jpg,2026-09-07 13:58,For Sale
26757711,5924 Norway Rd,75230,Dallas,TX,32.88841,-96.805244,2850000,619.0,,,,4.0,5.0,4606.0,2003.0,0.363,singleFamily,11,2031260.0,2025,https://www.zillow.com,https://photos.zillowstatic.com/fp/c95856b13f117e9586d055e94d475180-p_c.jpg,2026-09-07 13:58,For Sale
26718745,2741 Catherine St,75211,Dallas,TX,32.738537,-96.865234,260000,190.0,-20000.0,252600.0,2322.0,2.0,2.0,1366.0,1936.0,6011.28,singleFamily,93,346580.0,2025,https://www.zillow.com,https://photos.zillowstatic.com/fp/a8fa8749abbce4c84575b860d58ad01d-p_c.jpg,2026-09-07 13:58,For Sale
26789789,3722 Cortez Dr,75220,Dallas,TX,32.866024,-96.855064,1475000,331.0,-24000.0,,,5.0,5.0,4456.0,2024.0,9539.64,singleFamily,55,1295000.0,2025,https://www.zillow.com,https://photos.zillowstatic.com/fp/dceaff775dae43bc53abf4899f529b3c-p_c.jpg,2026-09-07 13:58,For Sale
96504502,2634 Bainbridge Dr,75237,Dallas,TX,32.663048,-96.862625,619000,259.0,,,,5.0,4.0,2391.0,2026.0,0.619,singleFamily,158,85000.0,2025,https://www.zillow.com,https://photos.zillowstatic.com/fp/8ab790a1b46991a2bac06a13167a2a4c-p_c.jpg,2026-09-07 13:58,For Sale
162404765,8001 Rothington Rd APT 31-37,75227,Dallas,TX,32.782516,-96.68679,560000,137.0,-20000.0,546600.0,1183.0,8.0,8.0,4084.0,1983.0,9321.84,multiFamily,66,486570.0,2025,https://www.zillow.com,https://photos.zillowstatic.com/fp/7998467842d7a4cb504f5f372895e395-p_c.jpg,2026-09-07 13:58,For Sale
26846114,8633 Baumgarten Dr,75228,Dallas,TX,32.804607,-96.6916,349900,187.0,-12100.0,345900.0,2080.0,3.0,2.0,1873.0,1975.0,7579.44,singleFamily,48,394230.0,2025,https://www.zillow.com,https://photos.zillowstatic.com/fp/4d1f65671a52d13abc772a2e0ca5af1d-p_c.jpg,2026-09-07 13:58,For Sale
26913689,9324 Teagarden Rd,75217,Dallas,TX,32.672993,-96.66563,219000,108.0,-10000.0,216300.0,2131.0,3.0,2.0,2030.0,1998.0,7797.24,singleFamily,115,317150.0,2025,https://www.zillow.com,https://photos.zillowstatic.com/fp/428f8cf1e51fb3b660d7d5fef394f228-p_c.jpg,2026-09-07 13:58,For Sale
26769195,619 N Hampton Rd,75208,Dallas,TX,32.750214,-96.85719,395000,272.0,-5000.0,381800.0,2886.0,3.0,2.0,1450.0,1940.0,9801.0,singleFamily,73,387060.0,2025,https://www.zillow.com,https://photos.zillowstatic.com/fp/2db6adb0ccb07b5ecc2b72bced22d231-p_c.jpg,2026-09-07 13:58,For Sale
26898673,3904 Rawlins St APT 116,75219,Dallas,TX,32.812366,-96.807724,315000,286.0,,306600.0,2294.0,2.0,3.0,1101.0,1981.0,0.582,condo,33,376000.0,2025,https://www.zillow.com,https://photos.zillowstatic.com/fp/f40480c3392cb6b9a051b9fd7ea76417-p_c.jpg,2026-09-07 13:58,For Sale
26645669,4847 Holly Tree Dr,75287,Dallas,TX,32.998787,-96.82273,1199500,295.0,-50400.0,,,4.0,4.0,4062.0,1999.0,10018.8,singleFamily,92,1012714.0,2025,https://www.zillow.com,https://photos.zillowstatic.com/fp/b39dff5d98bf907717816138283ebe82-p_c.jpg,2026-09-07 13:58,For Sale
460315102,1503 Dennison St,75212,Dallas,TX,32.78185,-96.84397,739950,209.0,-10000.0,731300.0,5231.0,5.0,4.0,3545.0,2026.0,4748.04,singleFamily,53,,,https://www.zillow.com,https://photos.zillowstatic.com/fp/5b774425f6d1d04c8da9fb3a3de49c7f-p_c.jpg,2026-09-07 13:58,For Sale
162230823,10518 Dawn Dr,75228,Dallas,TX,32.838963,-96.68157,290000,290.0,,280500.0,1788.0,3.0,2.0,1001.0,1950.0,7361.64,singleFamily,3,281780.0,2025,https://www.zillow.com,https://photos.zillowstatic.com/fp/9ffa6648fe6dd2634206a9f1968292df-p_c.jpg,2026-09-07 13:58,For Sale
26846390,2304 Babalos Ln,75228,Dallas,TX,32.80822,-96.676125,399999,211.0,-10000.0,,,3.0,3.0,1892.0,1968.0,8433.216,singleFamily,75,361940.0,2025,https://www.zillow.com,https://photos.zillowstatic.com/fp/829ca234a8ff634af94febd0aac544b5-p_c.jpg,2026-09-07 13:58,For Sale
80240597,5950 Lindenshire Ln APT 302,75230,Dallas,TX,32.912006,-96.80616,435000,343.0,,416200.0,2318.0,2.0,3.0,1270.0,1990.0,1.7409,townhome,11,400050.0,2025,https://www.zillow.com,https://photos.zillowstatic.com/fp/5a9a3bd6fac5c48a110d0c9da1e168af-p_c.jpg,2026-09-07 13:58,For Sale
26789780,3723 Cortez Dr,75220,Dallas,TX,32.866554,-96.855064,1300000,339.0,-75000.0,,7098.0,5.0,5.0,3830.0,2025.0,8698.932,singleFamily,40,1280020.0,2025,https://www.zillow.com,https://photos.zillowstatic.com/fp/6420c332169c78c563e50e5349d40709-p_c.jpg,2026-09-07 13:58,For Sale
464988603,3145 & 3147 Stag Rd,75216,Dallas,TX,32.697998,-96.772644,650000,156.0,,,,6.0,6.0,4176.0,2026.0,6969.6,singleFamily,5,,,https://www.zillow.com,https://photos.zillowstatic.com/fp/3bfea70fc421a7976586e72fa3cb2eca-p_c.jpg,2026-09-07 13:58,For Sale
248830465,3541 Kalterra Ct,75219,Dallas,TX,32.813084,-96.80554,665000,321.0,,649200.0,4796.0,3.0,3.0,2070.0,2018.0,1481.04,townhome,25,625000.0,2025,https://www.zillow.com,https://photos.zillowstatic.com/fp/64535bafc5d8c669a93c89df5e19f45c-p_c.jpg,2026-09-07 13:58,For Sale
26793477,7431 Piedmont Dr,75227,Dallas,TX,32.758392,-96.69319,211800,144.0,-3200.0,,,3.0,1.0,1469.0,1953.0,7753.68,singleFamily,102,242310.0,2025,https://www.zillow.com,https://photos.zillowstatic.com/fp/e60538282f273a3a372cee2fed9164e3-p_c.jpg,2026-09-07 13:58,For Sale
26881734,5129 Mill Run Rd,75244,Dallas,TX,32.921913,-96.81961,750000,347.0,,714700.0,3310.0,3.0,3.0,2159.0,1966.0,10018.8,singleFamily,23,404000.0,2025,https://www.zillow.com,https://photos.zillowstatic.com/fp/51d22884f2f930afd9b14bd3a9e7aafa-p_c.jpg,2026-09-07 13:58,For Sale
26747394,6150 Berwyn Ln,75214,Dallas,TX,32.843,-96.75879,812900,381.0,-12050.0,785300.0,3786.0,3.0,2.0,2131.0,1967.0,9931.68,singleFamily,58,695360.0,2025,https://www.zillow.com,https://photos.zillowstatic.com/fp/4b47291e8ec3dfe614f6bca450099820-p_c.jpg,2026-09-07 13:58,For Sale
26712008,110 N Marlborough Ave,75208,Dallas,TX,32.745827,-96.85128,200000,164.0,-30000.0,214100.0,2452.0,3.0,2.0,1220.0,1928.0,4530.24,singleFamily,30,303080.0,2025,https://www.zillow.com,https://photos.zillowstatic.com/fp/3a04ee41d9d9c40248620d55a2972dfc-p_c.jpg,2026-09-07 13:58,For Sale
162418772,8028 Texridge Dr,75232,Dallas,TX,32.65169,-96.82747,255000,141.0,,254700.0,2329.0,3.0,2.0,1809.0,2000.0,6751.8,singleFamily,2,310460.0,2025,https://www.zillow.com,https://photos.zillowstatic.com/fp/8d7f79dca12d320c62ea538e1e2cd8f7-p_c.jpg,2026-09-07 13:58,For Sale
26748957,6050 Melody Ln APT 107,75231,Dallas,TX,32.867275,-96.76023,110000,98.0,-4500.0,,1349.0,2.0,2.0,1127.0,1979.0,,condo,444,150990.0,2025,https://www.zillow.com,https://photos.zillowstatic.com/fp/2a5b64d7e2042cb2b38da9bdf10acd8e-p_c.jpg,2026-09-07 13:58,For Sale
26929601,7151 Gaston Ave APT 910,75214,Dallas,TX,32.81458,-96.73296,300000,276.0,,299000.0,2248.0,2.0,3.0,1087.0,1983.0,4.488,condo,11,280000.0,2025,https://www.zillow.com,https://photos.zillowstatic.com/fp/0368def589c28b4345a4665bdd822fe5-p_c.jpg,2026-09-07 13:58,For Sale
26756773,6038 Azalea Ln,75230,Dallas,TX,32.898075,-96.80236,2750000,514.0,,,,5.0,6.0,5354.0,2003.0,0.425,singleFamily,10,2537160.0,2025,https://www.zillow.com,https://photos.zillowstatic.com/fp/7391266bbe66b40cc29f3059f41b83c1-p_c.jpg,2026-09-07 13:58,For Sale
26883717,8434 Bellingham Dr,75228,Dallas,TX,32.798855,-96.69426,499890,209.0,-10.0,492000.0,3897.0,5.0,3.0,2395.0,1964.0,8929.8,singleFamily,59,509210.0,2025,https://www.zillow.com,https://photos.zillowstatic.com/fp/f91210c98897f4d43046c38a3b47740b-p_c.jpg,2026-09-07 13:58,For Sale
26843780,9220 Ferndale Rd,75238,Dallas,TX,32.873287,-96.70818,1575750,426.0,,1544500.0,3817.0,4.0,4.0,3699.0,2026.0,7840.8,singleFamily,3,400000.0,2025,https://www.zillow.com,https://photos.zillowstatic.com/fp/a388c6b2c4ed14c82b34430df3f6940a-p_c.jpg,2026-09-07 13:58,For Sale
26846223,3304 Bellingham Ct,75228,Dallas,TX,32.799725,-96.69249,389900,169.0,,386900.0,2361.0,4.0,2.0,2301.0,1977.0,9931.68,singleFamily,4,410090.0,2025,https://www.zillow.com,https://photos.zillowstatic.com/fp/eda027cd89bf55cf88ea2c63b672dbae-p_c.jpg,2026-09-07 13:58,For Sale
26868624,8031 Moss Meadows Dr,75231,Dallas,TX,32.887535,-96.743904,749000,384.0,,722700.0,4478.0,4.0,3.0,1953.0,1978.0,8145.72,singleFamily,23,559000.0,2025,https://www.zillow.com,https://photos.zillowstatic.com/fp/060ebffb55e99cc9634b9c750e1e4872-p_c.jpg,2026-09-07 13:58,For Sale
459145277,8714 Quinn St #A,75217,Dallas,TX,32.730892,-96.669975,325000,144.0,,318600.0,1584.0,5.0,4.0,2264.0,1962.0,7056.72,multiFamily,67,,,https://www.zillow.com,https://photos.zillowstatic.com/fp/66823a188d61fbf85b24b2a595aef10d-p_c.jpg,2026-09-07 13:58,For Sale
26879978,12731 High Meadow Dr,75244,Dallas,TX,32.91717,-96.84825,899000,343.0,,870700.0,4553.0,5.0,4.0,2618.0,1966.0,10193.04,singleFamily,3,565060.0,2025,https://www.zillow.com,https://photos.zillowstatic.com/fp/90bbe4b7f81dbd7179df7757694dfc72-p_c.jpg,2026-09-07 13:58,For Sale
26688251,3608 Metropolitan Ave,75210,Dallas,TX,32.77104,-96.75375,279000,195.0,-20990.0,275300.0,1935.0,4.0,3.0,1432.0,1936.0,6098.4,singleFamily,150,109810.0,2025,https://www.zillow.com,https://photos.zillowstatic.com/fp/bf3dd2e413671fb4d7f9f7a8342cac49-p_c.jpg,2026-09-07 13:58,For Sale
26839324,10526 Stone Canyon Rd APT 201,75230,Dallas,TX,32.88935,-96.773544,179900,128.0,,173500.0,2221.0,3.0,2.0,1406.0,1970.0,10.396,condo,25,250000.0,2025,https://www.zillow.com,https://photos.zillowstatic.com/fp/8e584a3464d37e37d820650c175e4262-p_c.jpg,2026-09-07 13:58,For Sale
26845807,3130 Hillglenn Rd,75228,Dallas,TX,32.82828,-96.68337,298000,263.0,,,2121.0,3.0,2.0,1135.0,1955.0,7865.0,singleFamily,50,266380.0,2025,https://www.zillow.com,https://photos.zillowstatic.com/fp/a9ff53e2a8d4dff3f1024deb3d6d4a57-p_c.jpg,2026-09-07 13:58,For Sale
96505859,515 W Laureland Rd,75232,Dallas,TX,32.675144,-96.829704,515000,204.0,,504600.0,3197.0,5.0,3.0,2520.0,2021.0,0.317,singleFamily,111,457510.0,2025,https://www.zillow.com,https://photos.zillowstatic.com/fp/6b473992175faa2dcfec3b12d0950d01-p_c.jpg,2026-09-07 13:58,For Sale
463361760,1371 Cooper St,75215,Dallas,TX,32.755806,-96.77512,240000,141.0,,240100.0,3043.0,4.0,3.0,1706.0,2026.0,8363.52,singleFamily,79,,,https://www.zillow.com,https://photos.zillowstatic.com/fp/0fc782bd410e4640aa4d991bbfcdec9c-p_c.jpg,2026-09-07 13:58,For Sale
26710817,126 Neches St,75208,Dallas,TX,32.75597,-96.82495,235000,258.0,-14000.0,233500.0,2142.0,2.0,1.0,912.0,1920.0,2134.44,singleFamily,149,285350.0,2025,https://www.zillow.com,https://photos.zillowstatic.com/fp/8b6147061393b0eb30845f699402cdd9-p_c.jpg,2026-09-07 13:58,For Sale
162813546,656 Bishop Heights Ln,75208,Dallas,TX,32.753757,-96.8324,610000,339.0,-15000.0,,,3.0,3.0,1798.0,2015.0,3876.84,singleFamily,93,577130.0,2025,https://www.zillow.com,https://photos.zillowstatic.com/fp/db5d95ed1d1b44a0c7118b83d6dad6f3-p_c.jpg,2026-09-07 13:58,For Sale
26785621,5125 Ashbrook Rd,75227,Dallas,TX,32.78793,-96.70643,450000,198.0,-15000.0,446400.0,2602.0,3.0,2.0,2274.0,1966.0,9104.04,singleFamily,29,410140.0,2025,https://www.zillow.com,https://photos.zillowstatic.com/fp/f291274298df1c7ceed0af5f89e796c0-p_c.jpg,2026-09-07 13:58,For Sale
26686093,5930 Victor St,75214,Dallas,TX,32.80648,-96.75302,725000,240.0,,688700.0,2957.0,6.0,3.0,3018.0,1930.0,8407.08,multiFamily,9,542400.0,2025,https://www.zillow.com,https://photos.zillowstatic.com/fp/257346c33131e763956c25d94854bad6-p_c.jpg,2026-09-07 13:58,For Sale
26888791,6010 La Cosa Dr,75248,Dallas,TX,32.959442,-96.80371,637500,293.0,-10000.0,624600.0,3774.0,3.0,3.0,2174.0,1979.0,8232.84,singleFamily,55,587940.0,2025,https://www.zillow.com,https://photos.zillowstatic.com/fp/c5ef7389868ebbceb3b5de7e3f66a9e0-p_c.jpg,2026-09-07 13:58,For Sale
96495087,1323 Hudspeth Ave,75216,Dallas,TX,32.699375,-96.80564,280000,178.0,-24900.0,,2088.0,4.0,2.0,1575.0,2013.0,8404.0,singleFamily,27,265000.0,2025,https://www.zillow.com,https://photos.zillowstatic.com/fp/ecfa286aefb2003eeb32bda27dd6342c-p_c.jpg,2026-09-07 13:58,For Sale
26807868,3208 Timberview Rd,75229,Dallas,TX,32.88353,-96.8686,689000,302.0,,661600.0,4143.0,4.0,2.0,2281.0,1962.0,0.258,singleFamily,12,613670.0,2025,https://www.zillow.com,https://photos.zillowstatic.com/fp/07a181a2d5270bef605a9e6bd843e817-p_c.jpg,2026-09-07 13:58,For Sale
26826998,3707 Kimball Ridge Ct,75233,Dallas,TX,32.698067,-96.88268,319000,182.0,-10000.0,312200.0,2447.0,3.0,2.0,1756.0,1964.0,0.278,singleFamily,48,301250.0,2025,https://www.zillow.com,https://photos.zillowstatic.com/fp/6cde614b1136c90bc51b386ddcdcc082-p_c.jpg,2026-09-07 13:58,For Sale
26848637,6606 Stonebrook Cir,75240,Dallas,TX,32.9274,-96.79087,715000,303.0,-10000.0,699400.0,5027.0,3.0,2.0,2360.0,1959.0,0.39599999999999996,singleFamily,72,576020.0,2025,https://www.zillow.com,https://photos.zillowstatic.com/fp/498e562497f3ac2326fd9c688cbfa5c8-p_c.jpg,2026-09-07 13:58,For Sale
26682081,3883 Turtle Creek Blvd APT 2010,75219,Dallas,TX,32.815258,-96.79936,249989,234.0,-1.0,,,2.0,2.0,1070.0,1963.0,3.159,condo,151,315650.0,2025,https://www.zillow.com,https://photos.zillowstatic.com/fp/60a9fbcf8d7a8cf2f595f7b35be8626b-p_c.jpg,2026-09-07 13:58,For Sale
26805866,4004 Cedar Bayou Dr,75244,Dallas,TX,32.91449,-96.84623,1049000,347.0,-50000.0,,,4.0,4.0,3024.0,1967.0,0.28500000000000003,singleFamily,26,624090.0,2025,https://www.zillow.com,https://photos.zillowstatic.com/fp/dff093a81b833bde10192c26cd5fb1a8-p_c.jpg,2026-09-07 13:58,For Sale
26685921,5715 Victor St,75214,Dallas,TX,32.804432,-96.756546,399000,291.0,,382100.0,2551.0,2.0,2.0,1373.0,1930.0,7492.32,singleFamily,10,367330.0,2025,https://www.zillow.com,https://photos.zillowstatic.com/fp/382c33f32718f6bb69f69aa420ea77e5-p_c.jpg,2026-09-07 13:58,For Sale
26741749,9916 Cloister Dr,75228,Dallas,TX,32.830875,-96.688866,399000,253.0,-25000.0,390400.0,2551.0,3.0,2.0,1580.0,1955.0,8407.08,singleFamily,4,413610.0,2025,https://www.zillow.com,https://photos.zillowstatic.com/fp/dbce7b0bb32c0eb510b7f4089016c4be-p_c.jpg,2026-09-07 13:58,For Sale
26792745,10050 Gooding Dr,75229,Dallas,TX,32.88201,-96.843,2699900,443.0,-300000.0,,,5.0,6.0,6100.0,2025.0,0.344,singleFamily,123,1063050.0,2025,https://www.zillow.com,https://photos.zillowstatic.com/fp/e9185bfb300a957216a9364084346b68-p_c.jpg,2026-09-07 13:58,For Sale
26813320,12004 High Valley Dr,75234,Dallas,TX,32.912384,-96.86471,406900,230.0,-23100.0,400100.0,2803.0,4.0,2.0,1770.0,1961.0,8494.2,singleFamily,33,321190.0,2025,https://www.zillow.com,https://photos.zillowstatic.com/fp/e148f16503260a746362ae4e32197b89-p_c.jpg,2026-09-07 13:58,For Sale
96522330,3210 Carpenter Ave,75215,Dallas,TX,32.762043,-96.75075,384900,194.0,-10000.0,383000.0,2550.0,4.0,3.0,1988.0,2026.0,9365.4,singleFamily,72,65000.0,2025,https://www.zillow.com,https://photos.zillowstatic.com/fp/8de4aa2260a00da0412b0e7c4beb67d4-p_c.jpg,2026-09-07 13:58,For Sale
26719869,409 S Barnett Ave,75211,Dallas,TX,32.742077,-96.87183,319000,251.0,,306200.0,1829.0,3.0,2.0,1272.0,1950.0,8668.44,singleFamily,9,256010.0,2025,https://www.zillow.com,https://photos.zillowstatic.com/fp/d77d554277e6979a2738f5f4970094b5-p_c.jpg,2026-09-07 13:58,For Sale
26806004,3807 Pallos Verdas Dr,75229,Dallas,TX,32.90547,-96.85114,3245000,498.0,,,,6.0,7.0,6510.0,2026.0,0.39,singleFamily,31,925470.0,2025,https://www.zillow.com,https://photos.zillowstatic.com/fp/37bb69dac110711a0f3da51e612fce78-p_c.jpg,2026-09-07 13:58,For Sale
26828415,3115 Gibbs Williams Rd,75233,Dallas,TX,32.698727,-96.871765,849000,264.0,,841600.0,4706.0,3.0,4.0,3210.0,2025.0,0.7225999999999999,singleFamily,64,311600.0,2025,https://www.zillow.com,https://photos.zillowstatic.com/fp/3499fa7b5f122c8dbe2f16c1c24fd365-p_c.jpg,2026-09-07 13:58,For Sale
26868187,7738 Lemmonwood Dr,75231,Dallas,TX,32.888332,-96.732735,668900,309.0,-10100.0,653300.0,4384.0,3.0,3.0,2168.0,1977.0,9931.68,singleFamily,77,624240.0,2025,https://www.zillow.com,https://photos.zillowstatic.com/fp/244b32d6f9cf0394ab8c6ca55480eefa-p_c.jpg,2026-09-07 13:58,For Sale
26732830,5012 Wateka Dr,75209,Dallas,TX,32.843914,-96.82558,640000,338.0,,612300.0,3628.0,3.0,2.0,1892.0,1946.0,8058.6,singleFamily,9,650000.0,2025,https://www.zillow.com,https://photos.zillowstatic.com/fp/095d984ca5dc9cd6d71dd2b9d42b3259-p_c.jpg,2026-09-07 13:58,For Sale
2056325855,7105 Granada Pl,75223,Dallas,TX,32.807766,-96.7359,949000,308.0,,927100.0,6024.0,4.0,4.0,3084.0,2023.0,3092.76,singleFamily,10,,,https://www.zillow.com,https://photos.zillowstatic.com/fp/c1702ad39cf8684d1dd57bd408b46f5c-p_c.jpg,2026-09-07 13:58,For Sale
244111392,4327 Cabell Dr,75204,Dallas,TX,32.80531,-96.7852,825000,323.0,-25000.0,,,3.0,4.0,2553.0,2016.0,3789.72,singleFamily,158,850000.0,2025,https://www.zillow.com,https://photos.zillowstatic.com/fp/1e1222e041fcd8306c9444d00fa774ef-p_c.jpg,2026-09-07 13:58,For Sale
26825014,605 Meadow Heath Cir,75232,Dallas,TX,32.68081,-96.83379,385000,182.0,-15000.0,381600.0,2506.0,3.0,2.0,2114.0,1967.0,0.304,singleFamily,206,389650.0,2025,https://www.zillow.com,https://photos.zillowstatic.com/fp/c08b8bcfd26248b3a962856d927a456d-p_c.jpg,2026-09-07 13:58,For Sale
26789050,3963 Rochelle Dr,75220,Dallas,TX,32.874653,-96.84847,2295000,461.0,-40000.0,2194200.0,,5.0,5.0,4981.0,2024.0,8232.84,singleFamily,18,1784940.0,2025,https://www.zillow.com,https://photos.zillowstatic.com/fp/a41ae67c058d7046fea527336bd5f009-p_c.jpg,2026-09-07 13:58,For Sale
26745785,2356 Ballycastle Dr,75228,Dallas,TX,32.8374,-96.67374,240000,135.0,-20000.0,234000.0,2241.0,3.0,2.0,1780.0,1952.0,6882.48,singleFamily,40,302270.0,2025,https://www.zillow.com,https://photos.zillowstatic.com/fp/8664fae801c811b6aa69a1b08c18063f-p_c.jpg,2026-09-07 13:58,For Sale
96523313,1650 Hudspeth Ave,75216,Dallas,TX,32.701553,-96.79983,675000,164.0,,,,10.0,8.0,4112.0,2024.0,8973.36,singleFamily,18,345000.0,2025,https://www.zillow.com,https://photos.zillowstatic.com/fp/d7c91be5b635889a94a8ad86247287ae-p_c.jpg,2026-09-07 13:58,For Sale
2063457445,4205 Buena Vista St #302,75205,Dallas,TX,32.81798,-96.79491,6295000,1746.0,,4716300.0,6695.0,2.0,4.0,3605.0,2023.0,0.614,condo,5,5100000.0,2025,https://www.zillow.com,https://photos.zillowstatic.com/fp/3c7bdba71e901079d4738b002046a9e2-p_c.jpg,2026-09-07 13:58,For Sale
26716615,1202 Arizona Ave,75216,Dallas,TX,32.734818,-96.817055,335000,245.0,,326700.0,2110.0,4.0,2.0,1368.0,1975.0,7361.64,singleFamily,25,300030.0,2025,https://www.zillow.com,https://photos.zillowstatic.com/fp/648d3850631b530e28370b24beb32318-p_c.jpg,2026-09-07 13:58,For Sale
26715022,2014 Arizona Ave,75216,Dallas,TX,32.723324,-96.817696,125000,112.0,,,1697.0,2.0,1.0,1120.0,1940.0,8363.52,singleFamily,16,255310.0,2025,https://www.zillow.com,https://photos.zillowstatic.com/fp/338d95f7410380e3b58edda68e75b1af-p_c.jpg,2026-09-07 13:58,For Sale
60347644,4034 Rawlins St APT 207,75219,Dallas,TX,32.814045,-96.80962,365000,326.0,-5000.0,357200.0,2221.0,2.0,3.0,1119.0,1984.0,0.41,condo,122,324510.0,2025,https://www.zillow.com,https://photos.zillowstatic.com/fp/e8d459813ebe00fc370bcdab2ee83279-p_c.jpg,2026-09-07 13:58,For Sale
26681050,5118 Ash Ln,75223,Dallas,TX,32.793842,-96.75688,309900,139.0,-15100.0,,2043.0,4.0,3.0,2234.0,1923.0,7230.96,multiFamily,167,348280.0,2025,https://www.zillow.com,https://photos.zillowstatic.com/fp/0f6e38b7da111eb51e1a48510555c5db-p_c.jpg,2026-09-07 13:58,For Sale
26908358,10464 Woodleaf Dr,75227,Dallas,TX,32.755257,-96.64325,199900,174.0,-100.0,196800.0,1743.0,3.0,2.0,1147.0,1984.0,3920.4,singleFamily,92,205980.0,2025,https://www.zillow.com,https://photos.zillowstatic.com/fp/87a16cd6bd188f795ea11c64ab490de1-p_c.jpg,2026-09-07 13:58,For Sale
26708940,644 N Tyler St,75208,Dallas,TX,32.751144,-96.83723,599000,415.0,,587000.0,3120.0,3.0,2.0,1442.0,1924.0,6621.12,singleFamily,1,464690.0,2025,https://www.zillow.com,https://photos.zillowstatic.com/fp/c938a4320cae03e1169c0d68afff0427-p_c.jpg,2026-09-07 13:58,For Sale
26815151,740 Emberwood Dr,75232,Dallas,TX,32.658802,-96.833466,200000,109.0,,198100.0,2062.0,4.0,2.0,1836.0,1956.0,7579.44,singleFamily,14,263670.0,2025,https://www.zillow.com,https://photos.zillowstatic.com/fp/9bb97a4b0ce7beca5ca402132f3b6da1-p_c.jpg,2026-09-07 13:58,For Sale
26690883,5447 Richmond Ave,75206,Dallas,TX,32.816566,-96.77541,2395000,548.0,,2271700.0,,5.0,5.0,4368.0,2018.0,7187.4,singleFamily,11,1429650.0,2025,https://www.zillow.com,https://photos.zillowstatic.com/fp/403ebdd29286f3bdbff5ac2a7b4b0cee-p_c.jpg,2026-09-07 13:58,For Sale
26702900,5947 Mercedes Ave,75206,Dallas,TX,32.828197,-96.76381,929000,447.0,-20000.0,912900.0,4072.0,3.0,2.0,2076.0,1948.0,7100.28,singleFamily,130,793000.0,2025,https://www.zillow.com,https://photos.zillowstatic.com/fp/2bd31d06d3e217f35d098b3b3aa350c7-p_c.jpg,2026-09-07 13:58,For Sale
26677957,1319 Birkenhead Ct,75204,Dallas,TX,32.79216,-96.78737,625000,258.0,,,,3.0,3.0,2421.0,1979.0,3702.6,singleFamily,23,645290.0,2025,https://www.zillow.com,https://photos.zillowstatic.com/fp/d03a9d5e2fb24d367f37799ca7e052b9-p_c.jpg,2026-09-07 13:58,For Sale
26748400,5138 Amesbury Dr APT 110,75206,Dallas,TX,32.849773,-96.763336,220000,218.0,,213900.0,1915.0,2.0,2.0,1008.0,1970.0,3.655,singleFamily,18,215770.0,2025,https://www.zillow.com,https://photos.zillowstatic.com/fp/e5bebb4ba1ae4a1f07a88068d6bd3ea2-p_c.jpg,2026-09-07 13:58,For Sale
96509247,1942 McBroom St,75212,Dallas,TX,32.782383,-96.85211,499000,242.0,,492900.0,3429.0,4.0,3.0,2058.0,2020.0,5662.8,singleFamily,24,519400.0,2025,https://www.zillow.com,https://photos.zillowstatic.com/fp/290f1ef9eb80e5ba9d8a11a6cc02696c-p_c.jpg,2026-09-07 13:58,For Sale
26807867,3115 Walnut Hill Ln,75229,Dallas,TX,32.88122,-96.871086,524000,243.0,7000.0,504800.0,4028.0,3.0,3.0,2159.0,1973.0,10323.72,singleFamily,67,520370.0,2025,https://www.zillow.com,https://photos.zillowstatic.com/fp/f696345e0f0b0ae96c3ef1cc99397834-p_c.jpg,2026-09-07 13:58,For Sale
60346909,1923 Nemechek Ln,75217,Dallas,TX,32.745167,-96.70107,247400,156.0,-3800.0,,,3.0,2.0,1586.0,2002.0,7492.32,singleFamily,31,264940.0,2025,https://www.zillow.com,https://photos.zillowstatic.com/fp/3a7b2c0393034b36d49894d0c5ffeaf3-p_c.jpg,2026-09-07 13:58,For Sale
26830480,2546 Telegraph Ave,75228,Dallas,TX,32.802155,-96.70407,449000,251.0,,436400.0,2509.0,3.0,2.0,1787.0,1958.0,0.2561,singleFamily,16,400000.0,2025,https://www.zillow.com,https://photos.zillowstatic.com/fp/e4e139ef0f121ffafd6f6b4e1d3ee69a-p_c.jpg,2026-09-07 13:58,For Sale
26634336,18765 Vista Del Sol,75287,Dallas,TX,33.006218,-96.834015,520000,212.0,-5000.0,510500.0,3152.0,3.0,3.0,2457.0,1990.0,3920.4,singleFamily,27,484831.0,2025,https://www.zillow.com,https://photos.zillowstatic.com/fp/8f83361e50b1eb101a2035f79ae83df6-p_c.jpg,2026-09-07 13:58,For Sale
96496175,5328 Manett St,75206,Dallas,TX,32.817657,-96.77831,1555000,456.0,-40000.0,1505500.0,,5.0,4.0,3411.0,2015.0,7492.32,singleFamily,78,1267630.0,2025,https://www.zillow.com,https://photos.zillowstatic.com/fp/d00389973ebaf780a36141cbf95726a1-p_c.jpg,2026-09-07 13:58,For Sale
26732123,2547 Wilton Ave,75211,Dallas,TX,32.7295,-96.86115,225000,184.0,-24999.0,216500.0,2306.0,4.0,1.0,1222.0,1942.0,6185.52,singleFamily,110,206820.0,2025,https://www.zillow.com,https://photos.zillowstatic.com/fp/8bb65c497340298ad0cf2983f0fc5e46-p_c.jpg,2026-09-07 13:58,For Sale
460182162,1825 & 1827 Pollard St,75208,Dallas,TX,32.771717,-96.849106,1220000,210.0,,1188400.0,3009.0,8.0,8.0,5796.0,2026.0,7710.12,multiFamily,53,,,https://www.zillow.com,https://photos.zillowstatic.com/fp/29d5f15c6a6ce971efc2b0660d0f5c28-p_c.jpg,2026-09-07 13:58,For Sale
26933584,4122 Travis St Unit 2,75204,Dallas,TX,32.815693,-96.794174,425000,329.0,-24900.0,,,2.0,3.0,1293.0,1997.0,0.71,condo,261,491340.0,2025,https://www.zillow.com,https://photos.zillowstatic.com/fp/4b470475ff4532bfa2798ed61ceb0293-p_c.jpg,2026-09-07 13:58,For Sale
96531016,4610 Steel St,75219,Dallas,TX,32.81339,-96.82358,499000,235.0,-28000.0,,,3.0,4.0,2126.0,2014.0,1524.6,townhome,117,538950.0,2025,https://www.zillow.com,https://photos.zillowstatic.com/fp/1f25e15d6550df6a827e4c41c6beb7ec-p_c.jpg,2026-09-07 13:58,For Sale
26783093,3102 Kellogg Ave,75216,Dallas,TX,32.713455,-96.791245,130000,164.0,-5000.0,,1443.0,2.0,1.0,792.0,1950.0,0.26899999999999996,singleFamily,101,163310.0,2025,https://www.zillow.com,https://photos.zillowstatic.com/fp/315e178e9b9f032f94b954ba98bff43d-p_c.jpg,2026-09-07 13:58,For Sale
26789287,4186 Brookport Dr,75229,Dallas,TX,32.89332,-96.83887,3495000,628.0,,3314700.0,,4.0,5.0,5565.0,2022.0,0.5997,singleFamily,47,2840340.0,2025,https://www.zillow.com,https://photos.zillowstatic.com/fp/210041e5e6d5bd5a99d5ecd72b981b3f-p_c.jpg,2026-09-07 13:58,For Sale
2059857584,5718 Over Downs Dr,75230,Dallas,TX,32.890553,-96.80669,1150000,464.0,,1096400.0,4743.0,3.0,3.0,2476.0,1980.0,6359.76,singleFamily,55,,,https://www.zillow.com,https://photos.zillowstatic.com/fp/f24edc6e895a14f468c104fc5e12ac8a-p_c.jpg,2026-09-07 13:58,For Sale
80228858,1910 Hope St Unit 5,75206,Dallas,TX,32.813038,-96.76904,438500,319.0,-6500.0,433600.0,2938.0,2.0,3.0,1374.0,2005.0,,condo,41,449300.0,2025,https://www.zillow.com,https://photos.zillowstatic.com/fp/6daf723d65b69940741417639dad030e-p_c.jpg,2026-09-07 13:58,For Sale
55827279,2011 Cedar Springs Rd APT 104,75201,Dallas,TX,32.791115,-96.80551,1200000,500.0,,1127900.0,7301.0,2.0,2.0,2398.0,1999.0,0.981,condo,10,1067110.0,2025,https://www.zillow.com,https://photos.zillowstatic.com/fp/eba781faec2f6afed259a700740f83cb-p_c.jpg,2026-09-07 13:58,For Sale
80234648,1200 Main St APT 508,75202,Dallas,TX,32.77981,-96.80127,329900,211.0,,327900.0,3440.0,2.0,2.0,1563.0,1974.0,1.033,condo,13,461090.0,2025,https://www.zillow.com,https://photos.zillowstatic.com/fp/b553374f7109572fd58950973ba9fd06-p_c.jpg,2026-09-07 13:58,For Sale
26905269,4937 Lomax Dr,75227,Dallas,TX,32.782734,-96.693085,209000,189.0,,206400.0,1631.0,2.0,2.0,1105.0,1987.0,3615.48,singleFamily,87,213290.0,2025,https://www.zillow.com,https://photos.zillowstatic.com/fp/fd3f19758a237a0a25727fbaa565a6fb-p_c.jpg,2026-09-07 13:58,For Sale
26757505,5722 Orchid Ln,75230,Dallas,TX,32.89209,-96.80667,1850000,529.0,-45000.0,1766100.0,6251.0,4.0,4.0,3500.0,2022.0,5227.2,singleFamily,97,1598980.0,2025,https://www.zillow.com,https://photos.zillowstatic.com/fp/df37a3d36674d1ddc8882445b7c2d73f-p_c.jpg,2026-09-07 13:58,For Sale
26866689,9614 Brentgate Dr,75238,Dallas,TX,32.88065,-96.72333,874999,276.0,-25000.0,845900.0,4328.0,4.0,4.0,3165.0,1964.0,8581.32,singleFamily,23,826000.0,2025,https://www.zillow.com,https://photos.zillowstatic.com/fp/7223e4f71d62974c7316592312037cc4-p_c.jpg,2026-09-07 13:58,For Sale
26869237,9435 Hunters Creek Dr,75243,Dallas,TX,32.904984,-96.73402,699000,286.0,,,,4.0,3.0,2445.0,1969.0,7753.68,singleFamily,18,580000.0,2025,https://www.zillow.com,https://photos.zillowstatic.com/fp/7df7c12266aee6ed661d160c87e8e02f-p_c.jpg,2026-09-07 13:58,For Sale
67965203,3225 Turtle Creek Blvd APT 530,75219,Dallas,TX,32.80584,-96.80469,285000,349.0,-4000.0,277400.0,2200.0,1.0,1.0,816.0,1998.0,3.536,condo,87,277440.0,2025,https://www.zillow.com,https://photos.zillowstatic.com/fp/5926191979af2f1355864b3520eac0ae-p_c.jpg,2026-09-07 13:58,For Sale
26672687,4242 N Capistrano Dr APT 177,75287,Dallas,TX,33.006493,-96.83508,268000,173.0,,262200.0,2236.0,2.0,2.0,1551.0,1986.0,914.76,condo,17,292209.0,2025,https://www.zillow.com,https://photos.zillowstatic.com/fp/42986ff19675d6794f3ccd6207f7248c-p_c.jpg,2026-09-07 13:58,For Sale
26780450,3423 Boulder Dr,75233,Dallas,TX,32.70206,-96.874626,345000,212.0,,339300.0,2885.0,4.0,2.0,1626.0,1959.0,10105.92,singleFamily,8,302490.0,2025,https://www.zillow.com,https://photos.zillowstatic.com/fp/90279c5392f2f5d4b5046f7b9e5aad29-p_c.jpg,2026-09-07 13:58,For Sale
26922779,4040 Avondale Ave APT 405,75219,Dallas,TX,32.81725,-96.80738,360000,265.0,-10000.0,353300.0,2838.0,2.0,3.0,1360.0,1985.0,1.447,condo,41,339000.0,2025,https://www.zillow.com,https://photos.zillowstatic.com/fp/809e72de614fe1af17faa8a5e62c9d83-p_c.jpg,2026-09-07 13:58,For Sale
26800690,8522 Del Monte Dr,75217,Dallas,TX,32.73802,-96.674866,190000,197.0,,188000.0,1514.0,2.0,1.0,965.0,1950.0,8363.52,singleFamily,12,193260.0,2025,https://www.zillow.com,https://photos.zillowstatic.com/fp/def8e9f067d2e5cab05f02eb2b77cac9-p_c.jpg,2026-09-07 13:58,For Sale
26707558,6910 Huff Trl,75214,Dallas,TX,32.836407,-96.73795,1975000,467.0,-70000.0,1908500.0,,4.0,5.0,4228.0,2012.0,7753.68,singleFamily,108,1728600.0,2025,https://www.zillow.com,https://photos.zillowstatic.com/fp/44ac042ea43b5911ef5806be8d6b7a09-p_c.jpg,2026-09-07 13:58,For Sale
26826103,1917 Shady Glen Ln,75232,Dallas,TX,32.678864,-96.851944,269000,143.0,,262600.0,2308.0,3.0,2.0,1884.0,1968.0,7971.48,singleFamily,28,298740.0,2025,https://www.zillow.com,https://photos.zillowstatic.com/fp/8ed75df5063a4bd6a513e76c96cba273-p_c.jpg,2026-09-07 13:58,For Sale
89402694,7700 Eastern Ave Unit 207,75209,Dallas,TX,32.84957,-96.813934,859900,370.0,,830600.0,4246.0,3.0,3.0,2321.0,2016.0,2.32,condo,37,789140.0,2025,https://www.zillow.com,https://photos.zillowstatic.com/fp/b2b37151259c8804321f3cf386b60f1f-p_c.jpg,2026-09-07 13:58,For Sale
54012953,3723 White River Dr,75287,Dallas,TX,33.003235,-96.849625,550000,237.0,,535900.0,2808.0,4.0,3.0,2321.0,1997.0,7187.4,singleFamily,9,496905.0,2025,https://www.zillow.com,https://photos.zillowstatic.com/fp/abb2d817352051f32a7d8854c8c57c5d-p_c.jpg,2026-09-07 13:58,For Sale
26722466,923 Hartsdale Dr,75211,Dallas,TX,32.75318,-96.86922,288000,197.0,-7000.0,280500.0,2272.0,3.0,2.0,1464.0,1941.0,7492.32,singleFamily,52,286030.0,2025,https://www.zillow.com,https://photos.zillowstatic.com/fp/90bf3d4aecff182e5827e5639302caa6-p_c.jpg,2026-09-07 13:58,For Sale
26933592,4122 Travis St Unit 10,75204,Dallas,TX,32.815697,-96.79403,475000,334.0,,458900.0,3066.0,2.0,3.0,1423.0,1997.0,0.71,condo,109,540740.0,2025,https://www.zillow.com,https://photos.zillowstatic.com/fp/a4676249541d2cadf309652bbf1b526c-p_c.jpg,2026-09-07 13:58,For Sale
26888821,6204 La Cosa Dr,75248,Dallas,TX,32.959408,-96.799706,650000,298.0,,,,3.0,3.0,2179.0,1981.0,7971.48,singleFamily,10,557860.0,2025,https://www.zillow.com,https://photos.zillowstatic.com/fp/b04344b9e71348524b40dc8674b98565-p_c.jpg,2026-09-07 13:58,For Sale
26840929,2647 Province Ln,75228,Dallas,TX,32.823578,-96.668526,269900,175.0,-10099.0,263600.0,2417.0,4.0,2.0,1542.0,1954.0,8232.84,singleFamily,55,260600.0,2025,https://www.zillow.com,https://photos.zillowstatic.com/fp/c8922eb0e4c4c748bfddb13cfdcf7910-p_c.jpg,2026-09-07 13:58,For Sale
83998622,3210 Carlisle St Unit 34,75204,Dallas,TX,32.8048,-96.80165,824000,308.0,,788000.0,5243.0,2.0,3.0,2679.0,2006.0,2.568,condo,3,803700.0,2025,https://www.zillow.com,https://photos.zillowstatic.com/fp/a5ae7f825b71fccdb148be921c31d44e-p_c.jpg,2026-09-07 13:58,For Sale
26888120,9822 Amberton Pkwy,75243,Dallas,TX,32.922054,-96.738434,183500,107.0,-2000.0,179200.0,2267.0,3.0,2.0,1715.0,1978.0,3310.56,townhome,184,283960.0,2025,https://www.zillow.com,https://photos.zillowstatic.com/fp/bbea435ca77d2920041659b0e22ad6a3-p_c.jpg,2026-09-07 13:58,For Sale
2060458928,1049 Forest Grove Dr,75218,Dallas,TX,32.846146,-96.695045,749000,294.0,,712600.0,3326.0,3.0,3.0,2550.0,1969.0,0.368,singleFamily,23,,,https://www.zillow.com,https://photos.zillowstatic.com/fp/06e9dfb9ff093aa80e09e8f6a0937836-p_c.jpg,2026-09-07 13:58,For Sale
26863626,7635 Tanglecrest Dr,75254,Dallas,TX,32.947193,-96.77473,1375000,316.0,-24000.0,,,6.0,4.0,4358.0,1969.0,0.289,singleFamily,72,825000.0,2025,https://www.zillow.com,https://photos.zillowstatic.com/fp/4a069e42f991b6f0d8c5c20e77e5f02a-p_c.jpg,2026-09-07 13:58,For Sale
454936809,"Rio Grande Plan, College Park",75241,Dallas,TX,32.674084,-96.74831,295900,252.0,1000.0,,1952.0,3.0,2.0,1175.0,2026.0,,singleFamily,0,,,https://www.zillow.com,https://photos.zillowstatic.com/fp/6877aac48c2eea4a98d914e72d851034-p_c.jpg,2026-09-07 13:58,For Sale
69670597,7931 Kansas Ave,75241,Dallas,TX,32.64943,-96.82251,260000,137.0,,258100.0,2362.0,4.0,2.0,1904.0,2005.0,5706.36,singleFamily,30,285390.0,2025,https://www.zillow.com,https://photos.zillowstatic.com/fp/390fd8de46e20e18bf562ce0360c7415-p_c.jpg,2026-09-07 13:58,For Sale
26898386,1526 Abrams Rd,75214,Dallas,TX,32.807053,-96.753944,759900,287.0,,730500.0,4205.0,3.0,3.0,2645.0,1985.0,6141.96,singleFamily,21,513200.0,2025,https://www.zillow.com,https://photos.zillowstatic.com/fp/6dfec1e053f3a362e112804d83670c12-p_c.jpg,2026-09-07 13:58,For Sale
26862178,5535 Mesa Cir,75235,Dallas,TX,32.81446,-96.85358,222360,296.0,,,1477.0,,1.0,750.0,1949.0,10118.0,multiFamily,19,222360.0,2025,https://www.zillow.com,https://www.zillowstatic.com/static/images/nophoto_p_c.png,2026-09-07 13:58,For Sale
26741471,1439 Tranquilla Dr,75218,Dallas,TX,32.831036,-96.694984,1600000,480.0,,1532000.0,6701.0,4.0,4.0,3334.0,2008.0,0.48700000000000004,singleFamily,62,1959080.0,2025,https://www.zillow.com,https://photos.zillowstatic.com/fp/95b2be9027d9ab5a31495fb5d0a9ac35-p_c.jpg,2026-09-07 13:58,For Sale
248829418,1317 Nolte Dr,75208,Dallas,TX,32.733955,-96.843605,365000,276.0,-10000.0,360000.0,2549.0,3.0,2.0,1323.0,2016.0,6795.36,singleFamily,90,369160.0,2025,https://www.zillow.com,https://photos.zillowstatic.com/fp/96b11cc30dac6ca9d078b06d0dcc29b8-p_c.jpg,2026-09-07 13:58,For Sale
26685943,5914 Victor St,75214,Dallas,TX,32.80607,-96.753525,599000,278.0,-21000.0,586900.0,3227.0,3.0,2.0,2152.0,1918.0,7492.32,singleFamily,201,327960.0,2025,https://www.zillow.com,https://photos.zillowstatic.com/fp/4c41bd1369e2495eddc2b1cf93db12a8-p_c.jpg,2026-09-07 13:58,For Sale
26718779,2742 Burlington Blvd,75211,Dallas,TX,32.737198,-96.865395,375000,234.0,-14900.0,370500.0,2516.0,3.0,2.0,1603.0,1926.0,6446.88,singleFamily,76,325000.0,2025,https://www.zillow.com,https://photos.zillowstatic.com/fp/e0368b82b0a92f488d73250784a6b638-p_c.jpg,2026-09-07 13:58,For Sale
26720864,1519 Presidio Ave,75216,Dallas,TX,32.70381,-96.80452,150000,112.0,,,2040.0,4.0,2.0,1336.0,1971.0,9234.72,singleFamily,29,226770.0,2025,https://www.zillow.com,https://photos.zillowstatic.com/fp/13e3b9395ad5dd195b1a014ccf79d10e-p_c.jpg,2026-09-07 13:58,For Sale
26701875,6867 Gaston Ave,75214,Dallas,TX,32.816105,-96.74107,1199950,513.0,-50000.0,,,4.0,3.0,2340.0,1937.0,0.29500000000000004,singleFamily,128,768020.0,2025,https://www.zillow.com,https://photos.zillowstatic.com/fp/aae84fe61aee8d595f640aa09875acb5-p_c.jpg,2026-09-07 13:58,For Sale
26732872,6923 Robin Rd,75209,Dallas,TX,32.842197,-96.823395,4195000,750.0,-55000.0,4049600.0,,4.0,6.0,5597.0,2026.0,0.367,singleFamily,45,996270.0,2025,https://www.zillow.com,https://photos.zillowstatic.com/fp/60d9a0c295a54070906c5ad1e27502bd-p_c.jpg,2026-09-07 13:58,For Sale
26836377,3426 Ingersoll St,75212,Dallas,TX,32.784496,-96.906525,395000,241.0,,394100.0,2838.0,3.0,3.0,1642.0,2026.0,7230.96,singleFamily,39,100000.0,2025,https://www.zillow.com,https://photos.zillowstatic.com/fp/d0a490aa28ce2002fe7396c5ed601a57-p_c.jpg,2026-09-07 13:58,For Sale
26847933,2103 Healey Dr,75228,Dallas,TX,32.825203,-96.68004,445000,288.0,,433800.0,3230.0,3.0,2.0,1547.0,1957.0,7666.56,singleFamily,46,401670.0,2025,https://www.zillow.com,https://photos.zillowstatic.com/fp/2632a43874b661aa38a2b888aa3b01ab-p_c.jpg,2026-09-07 13:58,For Sale
26751222,7248 Walling Ln,75231,Dallas,TX,32.86,-96.73492,676000,319.0,-20000.0,659000.0,4244.0,4.0,4.0,2116.0,1955.0,9234.72,singleFamily,8,696860.0,2025,https://www.zillow.com,https://photos.zillowstatic.com/fp/a1f40fa08f0f6e0aa3f96b2708b7e2b1-p_c.jpg,2026-09-07 13:58,For Sale
26862308,7842 Doak St,75217,Dallas,TX,32.69702,-96.68436,370000,192.0,,,2563.0,4.0,2.0,1928.0,2023.0,0.324,singleFamily,19,356350.0,2025,https://www.zillow.com,https://photos.zillowstatic.com/fp/fcf90b39c63ccaba746082ceed4103fc-p_c.jpg,2026-09-07 13:58,For Sale
26815585,7208 Larchway Dr,75232,Dallas,TX,32.66078,-96.828514,235000,149.0,,,,3.0,2.0,1580.0,1959.0,8145.72,singleFamily,1,206910.0,2025,https://www.zillow.com,https://photos.zillowstatic.com/fp/f48b3c4eeb7b0f58f90e0e38b3240b92-p_c.jpg,2026-09-07 13:58,For Sale
26686199,1626 Bannock Ave,75215,Dallas,TX,32.748558,-96.76356,435000,214.0,-10000.0,,3011.0,4.0,3.0,2028.0,2026.0,10049.292,singleFamily,26,90450.0,2025,https://www.zillow.com,https://photos.zillowstatic.com/fp/0c72efc3f13d66b64d1bc34ddd85c1cc-p_c.jpg,2026-09-07 13:58,For Sale
26834749,3538 Gallagher St,75212,Dallas,TX,32.784386,-96.87859,599000,236.0,,593900.0,4120.0,4.0,3.0,2534.0,2026.0,6664.68,singleFamily,39,95000.0,2025,https://www.zillow.com,https://photos.zillowstatic.com/fp/e697556a1920b412495a76e80df0a4a8-p_c.jpg,2026-09-07 13:58,For Sale
244057047,5451 Ashby Grove St,75209,Dallas,TX,32.827637,-96.82163,725000,322.0,,,,3.0,3.0,2254.0,2017.0,2962.08,singleFamily,11,697700.0,2025,https://www.zillow.com,https://photos.zillowstatic.com/fp/7a1e12435995c4e5361c6c07ea6d9e3f-p_c.jpg,2026-09-07 13:58,For Sale
26930024,3310 Fairmount St APT 16B,75201,Dallas,TX,32.801342,-96.808525,550000,303.0,,521400.0,3595.0,2.0,2.0,1813.0,1964.0,2.39,condo,46,571100.0,2025,https://www.zillow.com,https://photos.zillowstatic.com/fp/765283f55ba506ac9e4134faee788826-p_c.jpg,2026-09-07 13:58,For Sale
26712588,406 S Montreal Ave,75208,Dallas,TX,32.742043,-96.85379,459000,225.0,,440400.0,3293.0,3.0,2.0,2042.0,1921.0,7448.76,singleFamily,25,483940.0,2025,https://www.zillow.com,https://photos.zillowstatic.com/fp/84f2aac5833026d414807d41233feb3b-p_c.jpg,2026-09-07 13:58,For Sale
26712636,908 N Winnetka Ave,75208,Dallas,TX,32.75432,-96.83996,429999,252.0,-20000.0,417200.0,3458.0,4.0,4.0,1704.0,1918.0,7535.88,singleFamily,83,560400.0,2025,https://www.zillow.com,https://photos.zillowstatic.com/fp/3d1453a13447a1c1dd6d2a99b100d3d6-p_c.jpg,2026-09-07 13:58,For Sale
26871012,6941 Midcrest Dr,75254,Dallas,TX,32.946903,-96.78414,1540000,428.0,-35000.0,1471900.0,5261.0,5.0,4.0,3599.0,1966.0,0.381,singleFamily,52,995000.0,2025,https://www.zillow.com,https://photos.zillowstatic.com/fp/abbdea0e862c38eb2a24ffb5cd5e14ec-p_c.jpg,2026-09-07 13:58,For Sale
26783461,2643 Custer Dr,75216,Dallas,TX,32.704617,-96.78068,109000,132.0,,134900.0,1465.0,2.0,1.0,828.0,1950.0,6141.96,singleFamily,4,165790.0,2025,https://www.zillow.com,https://photos.zillowstatic.com/fp/f75d104dcd88f8f259642ebf39d14a3e-p_c.jpg,2026-09-07 13:58,For Sale
26873284,7240 Whispering Pines Dr,75248,Dallas,TX,32.967693,-96.78254,849990,339.0,,817100.0,5648.0,4.0,3.0,2508.0,1971.0,8799.12,singleFamily,10,560480.0,2025,https://www.zillow.com,https://photos.zillowstatic.com/fp/30c5790a6b2a428a9043eeac81ee7215-p_c.jpg,2026-09-07 13:58,For Sale
26718139,825 Thomasson Dr,75208,Dallas,TX,32.756374,-96.83657,649000,493.0,,,,2.0,2.0,1317.0,1928.0,7492.32,singleFamily,93,680410.0,2025,https://www.zillow.com,https://photos.zillowstatic.com/fp/5690ba415b5379689be015583131c9a8-p_c.jpg,2026-09-07 13:58,For Sale
2064281836,11008 Quail Run St,75238,Dallas,TX,32.87046,-96.69358,564900,369.0,-14950.0,555700.0,2977.0,3.0,2.0,1530.0,1956.0,0.281,singleFamily,5,,,https://www.zillow.com,https://photos.zillowstatic.com/fp/091f678055a72a3daa00a7e735007c35-p_c.jpg,2026-09-07 13:58,For Sale
336886774,1747 Leonard St Suite 2601,75201,Dallas,TX,32.78981,-96.79704,17500000,2276.0,,,,4.0,6.0,7688.0,2025.0,0.8300000000000001,condo,523,6334910.0,2025,https://www.zillow.com,https://photos.zillowstatic.com/fp/d7655d47504514c98f614924aa534bc7-p_c.jpg,2026-09-07 13:58,For Sale
26688991,4222 Copeland Ave,75210,Dallas,TX,32.770844,-96.74396,269999,205.0,,268900.0,1377.0,3.0,2.0,1320.0,2026.0,3963.96,singleFamily,7,78090.0,2025,https://www.zillow.com,https://photos.zillowstatic.com/fp/50c8879990651c74068848eda22461b7-p_c.jpg,2026-09-07 13:58,For Sale
26864385,10830 Ferndale Rd,75238,Dallas,TX,32.892693,-96.713356,779000,254.0,,,,4.0,4.0,3066.0,1968.0,9583.2,singleFamily,62,582480.0,2025,https://www.zillow.com,https://photos.zillowstatic.com/fp/ef75db0ffc4af2a86a79299d2017c3a1-p_c.jpg,2026-09-07 13:58,For Sale
459652990,6047 Velasco Ave,75206,Dallas,TX,32.82126,-96.76174,925000,353.0,-25000.0,917700.0,6776.0,3.0,4.0,2620.0,2025.0,7971.48,singleFamily,241,,,https://www.zillow.com,https://photos.zillowstatic.com/fp/bdfecfcd103e65111b3f2701a4756864-p_c.jpg,2026-09-07 13:58,For Sale
26715772,2006 S Ewing Ave,75216,Dallas,TX,32.723507,-96.81051,199000,201.0,,133200.0,1682.0,2.0,1.0,989.0,1940.0,7230.96,singleFamily,4,166060.0,2025,https://www.zillow.com,https://photos.zillowstatic.com/fp/72641e757a34877377c6b86ba664d6c1-p_c.jpg,2026-09-07 13:58,For Sale
55827508,14400 Montfort Dr APT 202,75254,Dallas,TX,32.94537,-96.81385,245000,208.0,,242000.0,2103.0,2.0,3.0,1179.0,1983.0,4.561,singleFamily,14,265280.0,2025,https://www.zillow.com,https://photos.zillowstatic.com/fp/4fd5a4f1390658f49e7ef20e223b9068-p_c.jpg,2026-09-07 13:58,For Sale
26854147,9639 Leaside Dr,75238,Dallas,TX,32.877926,-96.70655,615000,308.0,-10000.0,,,4.0,2.0,1994.0,1958.0,7797.24,singleFamily,59,519460.0,2025,https://www.zillow.com,https://photos.zillowstatic.com/fp/ecf431231f90d875ce482da4439ab57b-p_c.jpg,2026-09-07 13:58,For Sale
26751396,7635 Bryn Mawr Dr,75225,Dallas,TX,32.856293,-96.77535,3650000,626.0,,3435000.0,,4.0,7.0,5834.0,2007.0,10715.76,singleFamily,25,2759000.0,2025,https://www.zillow.com,https://photos.zillowstatic.com/fp/db7a57cd9cb39771891ec1d44da957e7-p_c.jpg,2026-09-07 13:58,For Sale
80236340,2830 Colt Ln,75237,Dallas,TX,32.655903,-96.86596,243000,153.0,-10000.0,241800.0,2207.0,4.0,2.0,1587.0,2006.0,5183.64,singleFamily,124,277850.0,2025,https://www.zillow.com,https://photos.zillowstatic.com/fp/a561c591778998638f23fe366965f045-p_c.jpg,2026-09-07 13:58,For Sale
96509994,3142 Harmon St,75215,Dallas,TX,32.767475,-96.75661,334990,130.0,-15000.0,334200.0,4249.0,3.0,4.0,2579.0,2025.0,3223.44,singleFamily,95,337650.0,2025,https://www.zillow.com,https://photos.zillowstatic.com/fp/f6db96303c1dc421b582a62127fbc845-p_c.jpg,2026-09-07 13:58,For Sale
26808579,3305 Townsend Dr,75229,Dallas,TX,32.898987,-96.86811,2099000,431.0,,2023200.0,,5.0,7.0,4865.0,2026.0,0.275,singleFamily,20,510130.0,2025,https://www.zillow.com,https://photos.zillowstatic.com/fp/0aa237dbb1d8561ddde44535eb840f3e-p_c.jpg,2026-09-07 13:58,For Sale
26876018,16902 Davenport Ct,75248,Dallas,TX,32.979614,-96.79604,497500,233.0,-2500.0,,,3.0,2.0,2134.0,1978.0,6751.8,singleFamily,84,502920.0,2025,https://www.zillow.com,https://photos.zillowstatic.com/fp/ed5059751490dd8e0aae1ef8b4a59d64-p_c.jpg,2026-09-07 13:58,For Sale
26888065,9807 Bent Branch Ln,75243,Dallas,TX,32.921227,-96.736374,255000,134.0,,248400.0,2496.0,3.0,3.0,1905.0,1978.0,2613.6,townhome,13,317270.0,2025,https://www.zillow.com,https://photos.zillowstatic.com/fp/d07bc57c1f08a42a93c26d95d1d0f273-p_c.jpg,2026-09-07 13:58,For Sale
26849830,7233 Helsem Bnd,75230,Dallas,TX,32.919727,-96.78089,895000,266.0,,858300.0,3679.0,3.0,3.0,3370.0,1985.0,6054.84,singleFamily,16,974290.0,2025,https://www.zillow.com,https://photos.zillowstatic.com/fp/de3be789ee76457b98fd150ae26428ff-p_c.jpg,2026-09-07 13:58,For Sale
26761249,4902 Wenonah Dr,75209,Dallas,TX,32.84119,-96.827255,2100000,468.0,-22999.0,2045700.0,,4.0,4.0,4487.0,2025.0,9408.96,singleFamily,244,1115990.0,2025,https://www.zillow.com,https://photos.zillowstatic.com/fp/75a2404c1ecede2049b94b29af88198f-p_c.jpg,2026-09-07 13:58,For Sale
26766009,3129 Marjorie Ave,75216,Dallas,TX,32.703205,-96.76807,160000,119.0,-15000.0,,1750.0,3.0,2.0,1347.0,1953.0,7579.44,singleFamily,41,199950.0,2025,https://www.zillow.com,https://photos.zillowstatic.com/fp/dcab3776e68d9cb72ce21f765face059-p_c.jpg,2026-09-07 13:58,For Sale
26780684,3423 Willow Crest Ln,75233,Dallas,TX,32.69216,-96.8773,342000,127.0,-18000.0,335000.0,3313.0,4.0,3.0,2689.0,1965.0,0.309,singleFamily,62,383920.0,2025,https://www.zillow.com,https://photos.zillowstatic.com/fp/4176bf22d8fac539786b90ab8f93f9ea-p_c.jpg,2026-09-07 13:58,For Sale
26827271,3536 Rio Grande Ave,75233,Dallas,TX,32.700615,-96.88259,287900,192.0,-21100.0,,,2.0,2.0,1496.0,1968.0,0.529,singleFamily,81,274880.0,2025,https://www.zillow.com,https://photos.zillowstatic.com/fp/96cc0d43c7a148e18b7c17bcdaf8ff78-p_c.jpg,2026-09-07 13:58,For Sale
26893382,8903 Maple Glen Dr,75231,Dallas,TX,32.885426,-96.74128,799000,304.0,-31000.0,,,4.0,3.0,2631.0,1978.0,9365.4,singleFamily,121,770960.0,2025,https://www.zillow.com,https://photos.zillowstatic.com/fp/0c090ff957d4ac9f8c1d4438280cef02-p_c.jpg,2026-09-07 13:58,For Sale
2070171576,9829 Walnut St APT O106,75243,Dallas,TX,32.922836,-96.71392,69000,85.0,,,1118.0,2.0,1.0,808.0,1983.0,8.814,condo,9,,,https://www.zillow.com,https://photos.zillowstatic.com/fp/c3554002bbd4cf1ee5bc66c0bb45916a-p_c.jpg,2026-09-07 13:58,For Sale
464514332,6119 Jeane St,75217,Dallas,TX,32.7272,-96.71722,349900,201.0,,349400.0,2504.0,4.0,2.0,1740.0,2026.0,0.2587,singleFamily,24,,,https://www.zillow.com,https://photos.zillowstatic.com/fp/1c5b92f821aba7c79caf15a8bcc242b8-p_c.jpg,2026-09-07 13:58,For Sale
55825927,802 Haines Ave,75208,Dallas,TX,32.752388,-96.82884,1050000,292.0,-14000.0,1023900.0,5336.0,4.0,3.0,3596.0,1918.0,7274.52,singleFamily,99,754360.0,2025,https://www.zillow.com,https://photos.zillowstatic.com/fp/9f2fb0e81cb3a51669767ffe519b58ec-p_c.jpg,2026-09-07 13:58,For Sale
26910893,5750 En Core Dr,75240,Dallas,TX,32.937542,-96.80668,599000,264.0,-21000.0,585700.0,3190.0,3.0,2.0,2268.0,1992.0,6490.44,singleFamily,72,505000.0,2025,https://www.zillow.com,https://photos.zillowstatic.com/fp/ce6b2ab0c9dce989eb9048c3527e110c-p_c.jpg,2026-09-07 13:58,For Sale
26809979,11608 Sonnet Dr,75229,Dallas,TX,32.90681,-96.86015,625000,227.0,-25000.0,599000.0,4970.0,3.0,3.0,2752.0,1959.0,0.301,singleFamily,45,606640.0,2025,https://www.zillow.com,https://photos.zillowstatic.com/fp/337dbbea65325e7a1df84da09841a151-p_c.jpg,2026-09-07 13:58,For Sale
26821198,2447 E Pentagon Pkwy,75241,Dallas,TX,32.68448,-96.77835,99000,102.0,,,1717.0,3.0,1.0,966.0,1959.0,6664.68,singleFamily,18,136430.0,2025,https://www.zillow.com,https://www.zillowstatic.com/static/images/nophoto_p_c.png,2026-09-07 13:58,For Sale
26888132,9726 Amberton Pkwy,75243,Dallas,TX,32.921066,-96.73883,162000,93.0,-10000.0,,2355.0,3.0,2.0,1742.0,1977.0,3354.12,townhome,146,284580.0,2025,https://www.zillow.com,https://photos.zillowstatic.com/fp/6b436ca63feaa76cda52374d60a6936a-p_c.jpg,2026-09-07 13:58,For Sale
26773046,1017 Hoke Smith Dr,75224,Dallas,TX,32.70809,-96.838936,250000,175.0,-10000.0,247900.0,2073.0,3.0,2.0,1425.0,1952.0,7230.96,singleFamily,23,238000.0,2025,https://www.zillow.com,https://photos.zillowstatic.com/fp/b0f7d92c107480ce7a7e90f2f60c6177-p_c.jpg,2026-09-07 13:58,For Sale
26869078,9519 Robin Meadow Dr,75243,Dallas,TX,32.90077,-96.731705,699000,280.0,,676100.0,3829.0,3.0,3.0,2498.0,1975.0,9583.2,singleFamily,95,666050.0,2025,https://www.zillow.com,https://photos.zillowstatic.com/fp/9053c88607cb3e1ea5901b8c21d6860f-p_c.jpg,2026-09-07 13:58,For Sale
26812289,3025 Westforest Dr,75229,Dallas,TX,32.905136,-96.875595,295000,252.0,-15000.0,286000.0,2228.0,2.0,2.0,1172.0,1982.0,5183.64,singleFamily,37,296970.0,2025,https://www.zillow.com,https://photos.zillowstatic.com/fp/fec1757ae061e00ce4d69aa69bc148bc-p_c.jpg,2026-09-07 13:58,For Sale
162404743,8005 Rothington Rd APT 11-17,75227,Dallas,TX,32.78363,-96.68543,569000,139.0,,553000.0,1217.0,8.0,8.0,4084.0,1983.0,7579.44,multiFamily,13,477820.0,2025,https://www.zillow.com,https://photos.zillowstatic.com/fp/70e964da2bd5dcdfadfe37b3074925ba-p_c.jpg,2026-09-07 13:58,For Sale
459844042,9843 Park Lane Ct,75220,Dallas,TX,32.87516,-96.8754,138999,132.0,,160700.0,1650.0,2.0,2.0,1050.0,1968.0,4.426,condo,6,,,https://www.zillow.com,https://photos.zillowstatic.com/fp/cceddc9fe2715364fb7c5655e83a648d-p_c.jpg,2026-09-07 13:58,For Sale
