zpid,address,zipcode,city,state,latitude,longitude,price,price_per_sqft,price_change,zestimate,rent_zestimate,bedrooms,bathrooms,sqft,year_built,lot_size_acres,property_type,days_on_market,tax_assessed,tax_year,listing_url,photo_url,fetched_at,listing_type
55172501,2804 Gainesborough Dr,75287,Dallas,TX,33.005424,-96.86067,399900,202.0,,395200.0,2516.0,3.0,3.0,1978.0,1984.0,9060.48,singleFamily,4,477000.0,2025,https://www.zillow.com,https://photos.zillowstatic.com/fp/44a221e0cff0c762aec3c126bb17edae-p_c.jpg,2026-05-18 11:42,For Sale
61869960,1999 McKinney Ave APT 605,75201,Dallas,TX,32.79043,-96.80398,799000,330.0,,,,2.0,2.0,2421.0,2000.0,0.668,condo,10,786830.0,2025,https://www.zillow.com,https://photos.zillowstatic.com/fp/bb39f99e44965bc6d04110e9afb863df-p_c.jpg,2026-05-18 11:42,For Sale
96515982,7722 Oak Garden Trl,75232,Dallas,TX,32.653942,-96.84984,365000,185.0,-10000.0,363200.0,2728.0,4.0,2.0,1970.0,2022.0,7666.56,singleFamily,106,409750.0,2025,https://www.zillow.com,https://photos.zillowstatic.com/fp/01e989a5f9eaba5c323980514f11b38b-p_c.jpg,2026-05-18 11:42,For Sale
26703940,5814 Anita St,75206,Dallas,TX,32.834515,-96.767166,1150000,408.0,,1116700.0,5923.0,4.0,3.0,2821.0,2010.0,6664.68,singleFamily,3,1068570.0,2025,https://www.zillow.com,https://photos.zillowstatic.com/fp/0fb3a25ca24a7b84cba95cc45df0b7fb-p_c.jpg,2026-05-18 11:42,For Sale
96517489,3248 Potters House Way,75236,Dallas,TX,32.697968,-96.94724,499000,163.0,,488500.0,3810.0,4.0,3.0,3068.0,2012.0,9583.2,singleFamily,9,519970.0,2025,https://www.zillow.com,https://photos.zillowstatic.com/fp/e868168e889cd3bafbe2b82d5a59e309-p_c.jpg,2026-05-18 11:42,For Sale
53071900,6608 Camille Ave,75252,Dallas,TX,32.9998,-96.789604,749000,290.0,,726500.0,3068.0,3.0,2.0,2582.0,1982.0,8276.4,singleFamily,6,592624.0,2025,https://www.zillow.com,https://photos.zillowstatic.com/fp/a025b1a95ed947a98579a3d32ff51f34-p_c.jpg,2026-05-18 11:42,For Sale
26701636,6402 Westlake Ave,75214,Dallas,TX,32.821693,-96.7527,1875000,464.0,-74000.0,1824100.0,2120.0,4.0,6.0,4045.0,2026.0,7405.2,singleFamily,4,609450.0,2025,https://www.zillow.com,https://photos.zillowstatic.com/fp/9341bc84e21ee46ae3d93d7689bdc940-p_c.jpg,2026-05-18 11:42,For Sale
26767256,2502 E Overton Rd,75216,Dallas,TX,32.709087,-96.78899,175000,164.0,,168800.0,1939.0,3.0,2.0,1064.0,1952.0,9539.64,singleFamily,16,190810.0,2025,https://www.zillow.com,https://photos.zillowstatic.com/fp/ac77b03435eaf15eb669716b4bc7bf09-p_c.jpg,2026-05-18 11:42,For Sale
303981446,4511 Arberry Ln,75219,Dallas,TX,32.815933,-96.81878,579900,251.0,,,,3.0,4.0,2312.0,2021.0,1263.24,townhome,12,649810.0,2025,https://www.zillow.com,https://photos.zillowstatic.com/fp/e01d1bd5dc339205dd6225ad13dd5260-p_c.jpg,2026-05-18 11:42,For Sale
26680018,3727 Gilbert Ave APT A,75219,Dallas,TX,32.813416,-96.802734,535000,246.0,-10000.0,524500.0,4529.0,2.0,3.0,2178.0,1973.0,7971.48,condo,105,598590.0,2025,https://www.zillow.com,https://photos.zillowstatic.com/fp/e04717ab79776971a5bafcd97d8838ed-p_c.jpg,2026-05-18 11:42,For Sale
26885519,4331 Kolloch Dr,75216,Dallas,TX,32.711243,-96.760956,279990,213.0,,,,3.0,2.0,1312.0,1960.0,10280.16,singleFamily,30,229670.0,2025,https://www.zillow.com,https://photos.zillowstatic.com/fp/776d64e48f52ca0bb60ec09aaca0d9d0-p_c.jpg,2026-05-18 11:42,For Sale
26696399,5223 Colonial Ave,75215,Dallas,TX,32.744267,-96.759224,240000,145.0,,238800.0,2525.0,4.0,2.0,1656.0,2024.0,7013.16,singleFamily,30,433110.0,2025,https://www.zillow.com,https://photos.zillowstatic.com/fp/1ffb12a24ca85cf9a7cc33cbfa96e1b2-p_c.jpg,2026-05-18 11:42,For Sale
26890281,10030 Woodlake Dr,75243,Dallas,TX,32.91245,-96.71275,729000,220.0,,705600.0,4381.0,5.0,4.0,3318.0,1981.0,0.389,singleFamily,2,531950.0,2025,https://www.zillow.com,https://photos.zillowstatic.com/fp/8f71bc2502fb16dd01b9110964ac556b-p_c.jpg,2026-05-18 11:42,For Sale
26703463,6231 McCommas Blvd,75214,Dallas,TX,32.82956,-96.75874,2275000,450.0,,2178300.0,6734.0,5.0,6.0,5057.0,2025.0,7274.52,singleFamily,5,1162370.0,2025,https://www.zillow.com,https://photos.zillowstatic.com/fp/95b6696b03a62661f10aa33cc60a0c3e-p_c.jpg,2026-05-18 11:42,For Sale
26701263,7022 Casa Loma Ave,75214,Dallas,TX,32.81236,-96.737144,929000,519.0,,,,3.0,2.0,1789.0,1928.0,8102.16,singleFamily,2,775360.0,2025,https://www.zillow.com,https://photos.zillowstatic.com/fp/7bafbcb9c9f12f72c4f8162c13177bfc-p_c.jpg,2026-05-18 11:42,For Sale
67951254,630 W Neely St,75208,Dallas,TX,32.750103,-96.83288,475000,336.0,,465300.0,2598.0,3.0,2.0,1415.0,2004.0,5183.64,singleFamily,11,476430.0,2025,https://www.zillow.com,https://photos.zillowstatic.com/fp/4011cf6ee7458bace061703b84ac980f-p_c.jpg,2026-05-18 11:42,For Sale
26845080,7552 Baxtershire Dr,75230,Dallas,TX,32.90629,-96.774666,4350000,719.0,,1830100.0,7673.0,6.0,6.0,6047.0,1984.0,0.367,singleFamily,2,1642670.0,2025,https://www.zillow.com,https://photos.zillowstatic.com/fp/2d485c69765d79658433cbc52af378c0-p_c.jpg,2026-05-18 11:42,For Sale
26908061,2671 Clayton Oaks Dr,75227,Dallas,TX,32.757584,-96.64757,195000,145.0,-5000.0,192500.0,1909.0,3.0,2.0,1349.0,1985.0,7187.4,singleFamily,190,221430.0,2025,https://www.zillow.com,https://photos.zillowstatic.com/fp/6675292a4dd1a63e226fb5a4de6d8036-p_c.jpg,2026-05-18 11:42,For Sale
26711819,628 Woodlawn Ave,75208,Dallas,TX,32.75056,-96.83002,699000,448.0,,670600.0,2682.0,2.0,2.0,1559.0,1945.0,7274.52,singleFamily,6,565410.0,2025,https://www.zillow.com,https://photos.zillowstatic.com/fp/0c905d4ed6a782cb1d6071ea98915e12-p_c.jpg,2026-05-18 11:42,For Sale
125318110,5525 Winton St,75206,Dallas,TX,32.83578,-96.77263,925000,403.0,,893700.0,4749.0,3.0,3.0,2296.0,2013.0,4791.6,singleFamily,2,820250.0,2025,https://www.zillow.com,https://photos.zillowstatic.com/fp/828a30e9817b8bd1d8d0f36448156700-p_c.jpg,2026-05-18 11:42,For Sale
26695280,5527 Monticello Ave,75206,Dallas,TX,32.826756,-96.7736,899000,468.0,,,,3.0,2.0,1922.0,1926.0,7230.96,singleFamily,2,825000.0,2025,https://www.zillow.com,https://photos.zillowstatic.com/fp/11645d3247c39af557bbcea366f24dd1-p_c.jpg,2026-05-18 11:42,For Sale
162813546,656 Bishop Heights Ln,75208,Dallas,TX,32.753757,-96.8324,639000,355.0,-10000.0,627500.0,3354.0,3.0,3.0,1798.0,2015.0,3876.84,singleFamily,52,577130.0,2025,https://www.zillow.com,https://photos.zillowstatic.com/fp/be3a4191c754edaf75acdc8bb388b28e-p_c.jpg,2026-05-18 11:42,For Sale
26691115,2515 Southland St,75215,Dallas,TX,32.753834,-96.75776,515500,255.0,,509700.0,2859.0,4.0,3.0,2020.0,2025.0,7666.56,singleFamily,16,76500.0,2025,https://www.zillow.com,https://photos.zillowstatic.com/fp/7b912645228619ef708d18e38ba0642e-p_c.jpg,2026-05-18 11:42,For Sale
26683187,4017 Buena Vista St Unit 120,75204,Dallas,TX,32.81392,-96.79699,400000,404.0,,,,2.0,2.0,990.0,1980.0,0.482,condo,3,391050.0,2025,https://www.zillow.com,https://photos.zillowstatic.com/fp/b1bf0e4f4fb61a46539747c1ca8dd82f-p_c.jpg,2026-05-18 11:42,For Sale
26839987,7820 Meadow Park Dr #215,75230,Dallas,TX,32.885025,-96.772026,179900,154.0,,,1971.0,2.0,2.0,1165.0,1963.0,2.296,condo,3,238830.0,2025,https://www.zillow.com,https://photos.zillowstatic.com/fp/6712856c4eeb17a13712ad03f8b56d10-p_c.jpg,2026-05-18 11:42,For Sale
26695843,5451 Merrimac Ave,75206,Dallas,TX,32.827618,-96.77492,965000,488.0,,927800.0,4909.0,3.0,3.0,1976.0,1927.0,7148.196,singleFamily,3,885750.0,2025,https://www.zillow.com,https://photos.zillowstatic.com/fp/53fae295b59629f7e161d2b09dc6da60-p_c.jpg,2026-05-18 11:42,For Sale
26714331,1107 S Waverly Dr,75208,Dallas,TX,32.73476,-96.84956,349000,219.0,-10000.0,339400.0,3436.0,3.0,3.0,1590.0,1925.0,7056.72,singleFamily,69,345510.0,2025,https://www.zillow.com,https://photos.zillowstatic.com/fp/ba47c208461ab61387e774555c76211c-p_c.jpg,2026-05-18 11:42,For Sale
26757825,5619 Walnut Hill Ln,75229,Dallas,TX,32.8825,-96.81111,64000000,2362.0,,,,10.0,17.0,27092.0,1938.0,15.687,singleFamily,445,36042650.0,2025,https://www.zillow.com,https://photos.zillowstatic.com/fp/adeac1290c0448b20476ade24a279451-p_c.jpg,2026-05-18 11:42,For Sale
26706818,6413 Westlake Ave,75214,Dallas,TX,32.82222,-96.752235,1695000,552.0,,1629800.0,5974.0,4.0,4.0,3068.0,1972.0,8842.68,singleFamily,3,1410000.0,2025,https://www.zillow.com,https://photos.zillowstatic.com/fp/cea2c3f17f2363b03daba86593c358be-p_c.jpg,2026-05-18 11:42,For Sale
26690492,5532 Willis Ave,75206,Dallas,TX,32.819973,-96.77313,995000,761.0,,940200.0,4234.0,2.0,2.0,1307.0,1926.0,7492.32,singleFamily,4,738620.0,2025,https://www.zillow.com,https://photos.zillowstatic.com/fp/cc877adc904c2d8fb1a4dec68a1a82c2-p_c.jpg,2026-05-18 11:42,For Sale
26825505,5936 Spring Glen Dr,75232,Dallas,TX,32.674526,-96.84193,465000,161.0,-24900.0,457700.0,3324.0,5.0,4.0,2880.0,1965.0,10236.6,singleFamily,45,261350.0,2025,https://www.zillow.com,https://photos.zillowstatic.com/fp/784bf3d76b7a9b40f046b5eb30c7eca8-p_c.jpg,2026-05-18 11:42,For Sale
84005717,1918 Olive St APT 3701,75201,Dallas,TX,32.78935,-96.800224,7995000,1708.0,,7481900.0,7018.0,3.0,4.0,4681.0,2011.0,0.0,condo,60,5617200.0,2025,https://www.zillow.com,https://photos.zillowstatic.com/fp/9704a9a16f5a3a28388f0bf4a859f6cd-p_c.jpg,2026-05-18 11:42,For Sale
67964953,7736 Meadow Rd APT 102,75230,Dallas,TX,32.886272,-96.77307,295000,182.0,,,,3.0,2.0,1625.0,1966.0,,condo,4,280000.0,2025,https://www.zillow.com,https://photos.zillowstatic.com/fp/4eaf3372ae798fff91b3e931168955c7-p_c.jpg,2026-05-18 11:42,For Sale
26933721,9254 Forest Ln APT 801,75243,Dallas,TX,32.908333,-96.74122,149000,139.0,-30900.0,172200.0,1488.0,2.0,2.0,1070.0,1983.0,5.539,condo,80,170000.0,2025,https://www.zillow.com,https://photos.zillowstatic.com/fp/e5fba21607be71306278ad163f68ad59-p_c.jpg,2026-05-18 11:42,For Sale
26851754,13321 Purple Sage Rd,75240,Dallas,TX,32.929237,-96.7778,1200000,457.0,,1149300.0,5322.0,3.0,3.0,2624.0,1966.0,0.355,singleFamily,1,968160.0,2025,https://www.zillow.com,https://photos.zillowstatic.com/fp/c60bf31f1968d93089c449492cc2bb71-p_c.jpg,2026-05-18 11:42,For Sale
26851750,(undisclosed Address),75240,Dallas,TX,,,1950000,669.0,,,,4.0,4.0,2913.0,2026.0,0.41,singleFamily,3,,,https://www.zillow.com,https://photos.zillowstatic.com/fp/cd13482dcb6608cfcd305024b4fbfef9-p_c.jpg,2026-05-18 11:42,For Sale
336884377,5135 Miller Ave,75206,Dallas,TX,32.821556,-96.7831,1230000,351.0,,1181500.0,5907.0,3.0,4.0,3506.0,2019.0,3963.96,singleFamily,3,1171320.0,2025,https://www.zillow.com,https://photos.zillowstatic.com/fp/0717731a789cb227af6513d43e91744e-p_c.jpg,2026-05-18 11:42,For Sale
96507807,6917 Valley View Ln,75240,Dallas,TX,32.928158,-96.78563,2100000,426.0,835000.0,2007400.0,7788.0,5.0,6.0,4926.0,2017.0,0.5,singleFamily,2,2185220.0,2025,https://www.zillow.com,https://photos.zillowstatic.com/fp/88806e9f4ba605e9b71bb30b38fa35e8-p_c.jpg,2026-05-18 11:42,For Sale
26865918,8350 Southmeadow Cir,75231,Dallas,TX,32.89278,-96.73177,400000,225.0,,388700.0,2613.0,2.0,2.0,1780.0,1978.0,4268.88,townhome,6,428020.0,2025,https://www.zillow.com,https://photos.zillowstatic.com/fp/1093ef72354e64553c32ae11dc008043-p_c.jpg,2026-05-18 11:42,For Sale
26698515,4415 Jamaica St,75210,Dallas,TX,32.77661,-96.74586,295000,181.0,,,2060.0,3.0,2.0,1630.0,2020.0,5227.2,singleFamily,73,283210.0,2025,https://www.zillow.com,https://photos.zillowstatic.com/fp/4d6420fc0775bbf0ff6e972cb29726f3-p_c.jpg,2026-05-18 11:42,For Sale
26696988,5304 Parkland Ave,75235,Dallas,TX,32.81922,-96.83001,970000,387.0,,953800.0,4838.0,3.0,2.0,2506.0,2014.0,10062.36,singleFamily,1,846030.0,2025,https://www.zillow.com,https://photos.zillowstatic.com/fp/4a9dd228ae47b77d9d375a5044dbe535-p_c.jpg,2026-05-18 11:42,For Sale
26862258,1646 Briar Cliff Rd,75235,Dallas,TX,32.813343,-96.85002,225000,187.0,-15000.0,,1965.0,3.0,2.0,1204.0,1949.0,5706.36,singleFamily,54,350750.0,2025,https://www.zillow.com,https://photos.zillowstatic.com/fp/fa31589e87851caf85dfbb76000921d8-p_c.jpg,2026-05-18 11:42,For Sale
26893721,7001 Kingshollow Dr,75248,Dallas,TX,32.967854,-96.78662,1075000,338.0,,1031700.0,6472.0,4.0,4.0,3181.0,1978.0,0.338,singleFamily,2,942630.0,2025,https://www.zillow.com,https://photos.zillowstatic.com/fp/1a8767bd07ff3f69113b5b573530ff4d-p_c.jpg,2026-05-18 11:42,For Sale
26793781,7734 Bruton Rd,75217,Dallas,TX,32.748608,-96.68928,239000,153.0,-11000.0,235100.0,1949.0,3.0,2.0,1562.0,1955.0,7579.44,singleFamily,68,287520.0,2025,https://www.zillow.com,https://photos.zillowstatic.com/fp/0497b3af668715e20e9479e8a08f1597-p_c.jpg,2026-05-18 11:42,For Sale
26729254,1513 Cedar Hill Ave,75208,Dallas,TX,32.762764,-96.83187,849000,463.0,,810400.0,3406.0,3.0,2.0,1832.0,1953.0,0.264,singleFamily,3,888430.0,2025,https://www.zillow.com,https://photos.zillowstatic.com/fp/03559f8e6be50d5a2a2d3072c91c146c-p_c.jpg,2026-05-18 11:42,For Sale
26707377,6829 Santa Maria Ln,75214,Dallas,TX,32.83995,-96.74181,1150000,549.0,,1091600.0,5330.0,3.0,3.0,2096.0,1963.0,8973.36,singleFamily,3,841500.0,2025,https://www.zillow.com,https://photos.zillowstatic.com/fp/e777a5df647476da480c1ed0b5ce0c23-p_c.jpg,2026-05-18 11:42,For Sale
26688689,3922 Penelope St,75210,Dallas,TX,32.77296,-96.750336,210000,137.0,,209500.0,2429.0,3.0,3.0,1532.0,2026.0,5227.2,singleFamily,14,186180.0,2025,https://www.zillow.com,https://photos.zillowstatic.com/fp/6d19ce96dc91b2b744283ef28608d064-p_c.jpg,2026-05-18 11:42,For Sale
26758062,10010 Strait Ln,75229,Dallas,TX,32.880985,-96.823845,24999900,1498.0,,22838700.0,31583.0,7.0,11.0,16684.0,2026.0,2.218,singleFamily,77,2767500.0,2025,https://www.zillow.com,https://photos.zillowstatic.com/fp/3896b8ebf7800635ab6f68c5c62ce7b5-p_c.jpg,2026-05-18 11:42,For Sale
26843362,9077 Longmont Dr,75238,Dallas,TX,32.871124,-96.707535,625000,410.0,,,,4.0,2.0,1523.0,1955.0,7971.48,singleFamily,3,533340.0,2025,https://www.zillow.com,https://photos.zillowstatic.com/fp/95cd478cba66917d2417248fda974133-p_c.jpg,2026-05-18 11:42,For Sale
26749347,6405 Glennox Ln,75214,Dallas,TX,32.850258,-96.75257,770000,231.0,,751000.0,5039.0,5.0,4.0,3330.0,1953.0,0.256,singleFamily,2,726710.0,2025,https://www.zillow.com,https://photos.zillowstatic.com/fp/0bfcab816201b5bc6c813d5c582d5252-p_c.jpg,2026-05-18 11:42,For Sale
26827268,3549 Rio Grande Cir,75233,Dallas,TX,32.699978,-96.881874,199900,104.0,-20000.0,211300.0,2554.0,3.0,2.0,1923.0,1968.0,10541.52,singleFamily,237,259730.0,2025,https://www.zillow.com,https://photos.zillowstatic.com/fp/a1956b1a1bdc5180824e90fb722140ca-p_c.jpg,2026-05-18 11:42,For Sale
26927701,4023 Wycliff Ave APT 204,75219,Dallas,TX,32.819965,-96.807594,275000,187.0,,293600.0,3302.0,3.0,2.0,1470.0,1965.0,0.263,condo,3,330000.0,2025,https://www.zillow.com,https://photos.zillowstatic.com/fp/feafb3b3e33f580f691b017c6d51886a-p_c.jpg,2026-05-18 11:42,For Sale
26709871,111 S Willomet Ave,75208,Dallas,TX,32.744724,-96.840744,635000,313.0,,602800.0,3098.0,3.0,3.0,2032.0,1917.0,7579.44,singleFamily,3,506990.0,2025,https://www.zillow.com,https://photos.zillowstatic.com/fp/5aea4daecf714a145b5e41d9a4fc23d7-p_c.jpg,2026-05-18 11:42,For Sale
26682628,1408 S Fitzhugh Ave,75223,Dallas,TX,32.78517,-96.75186,259000,130.0,,,,4.0,2.0,2000.0,1920.0,8712.0,singleFamily,2,293930.0,2025,https://www.zillow.com,https://photos.zillowstatic.com/fp/5da98656373fd00141408a86ecaa6aac-p_c.jpg,2026-05-18 11:42,For Sale
26717495,1111 N Winnetka Ave,75208,Dallas,TX,32.757713,-96.840576,775000,321.0,,744200.0,4238.0,3.0,2.0,2416.0,1926.0,7840.8,singleFamily,5,667710.0,2025,https://www.zillow.com,https://photos.zillowstatic.com/fp/d712888b0f95b0776b514ad7c12fdaec-p_c.jpg,2026-05-18 11:42,For Sale
61870889,4009 W Lawther Dr,75214,Dallas,TX,32.83578,-96.726906,14950000,1422.0,-5000000.0,,98808.0,5.0,9.0,10511.0,1929.0,10.0,singleFamily,297,19789180.0,2025,https://www.zillow.com,https://photos.zillowstatic.com/fp/daf9c65b69a1a24e426bfd54792ac881-p_c.jpg,2026-05-18 11:42,For Sale
26682939,701 Dumont St,75214,Dallas,TX,32.80358,-96.7628,800000,332.0,,767500.0,2757.0,4.0,3.0,2410.0,1921.0,7230.96,singleFamily,4,596010.0,2025,https://www.zillow.com,https://photos.zillowstatic.com/fp/c0fde20d43c3d2fc7df658ffeacb8aa0-p_c.jpg,2026-05-18 11:42,For Sale
26898319,3719 Douglas Ave,75219,Dallas,TX,32.817707,-96.80801,725000,338.0,,705100.0,4185.0,3.0,3.0,2144.0,1996.0,3484.8,singleFamily,2,804640.0,2025,https://www.zillow.com,https://photos.zillowstatic.com/fp/1a7993950dc9a1e36b3b10d0d0361ffd-p_c.jpg,2026-05-18 11:42,For Sale
26694831,5703 Mercedes Ave,75206,Dallas,TX,32.828243,-96.76997,825000,603.0,,801700.0,4000.0,3.0,2.0,1368.0,1924.0,6621.12,singleFamily,3,694550.0,2025,https://www.zillow.com,https://photos.zillowstatic.com/fp/a39147638cdfb000d547d092cedbff61-p_c.jpg,2026-05-18 11:42,For Sale
26849221,6437 Churchill Way,75230,Dallas,TX,32.917362,-96.79414,2795000,460.0,-99000.0,2721800.0,2436.0,5.0,6.0,6075.0,2025.0,0.367,singleFamily,132,480000.0,2025,https://www.zillow.com,https://photos.zillowstatic.com/fp/ed823a009df87030ba1eb3589e887095-p_c.jpg,2026-05-18 11:42,For Sale
26728758,404 W Greenbriar Ln,75208,Dallas,TX,32.761883,-96.82776,1875000,541.0,,1745700.0,7326.0,3.0,4.0,3469.0,1955.0,0.58,singleFamily,2,1465780.0,2025,https://www.zillow.com,https://photos.zillowstatic.com/fp/1f1ad3593e40520e8f34de308ad6e351-p_c.jpg,2026-05-18 11:42,For Sale
26753296,6335 W Northwest Hwy APT 711,75225,Dallas,TX,32.865997,-96.79742,449000,191.0,,428900.0,4921.0,3.0,4.0,2353.0,1966.0,2.229,condo,0,403940.0,2025,https://www.zillow.com,https://photos.zillowstatic.com/fp/b0ff1ccebb5ab7c748188df51e9efce4-p_c.jpg,2026-05-18 11:42,For Sale
26875496,16801 Thomas Chapel Dr,75248,Dallas,TX,32.979904,-96.78525,675000,223.0,,655300.0,4561.0,4.0,3.0,3032.0,1979.0,8668.44,singleFamily,0,691300.0,2025,https://www.zillow.com,https://photos.zillowstatic.com/fp/83fe8166e6a7e849416a2e8ebc8a4f5d-p_c.jpg,2026-05-18 11:42,For Sale
26784152,3322 Springview Ave,75216,Dallas,TX,32.714134,-96.769745,380000,189.0,,378900.0,2539.0,4.0,3.0,2010.0,2026.0,0.275,singleFamily,60,135890.0,2025,https://www.zillow.com,https://photos.zillowstatic.com/fp/26efc1901c1ed470fb2a68e5bb5d08f8-p_c.jpg,2026-05-18 11:42,For Sale
26810676,3045 Park Ln #1064,75220,Dallas,TX,32.87647,-96.87539,120000,124.0,,105100.0,1789.0,2.0,2.0,969.0,1969.0,9.125,condo,0,125970.0,2025,https://www.zillow.com,https://www.zillowstatic.com/static/images/nophoto_p_c.png,2026-05-18 11:42,For Sale
96500084,3604 Colonial Ave,75215,Dallas,TX,32.757587,-96.771385,414500,186.0,,,1370.0,4.0,3.0,2229.0,2026.0,7649.136,singleFamily,2,310410.0,2025,https://www.zillow.com,https://photos.zillowstatic.com/fp/733ca7620e41a90bbfd91d6512263bf8-p_c.jpg,2026-05-18 11:42,For Sale
26935183,9607 Walnut St APT 11107,75243,Dallas,TX,32.924957,-96.72104,140000,114.0,,139600.0,1678.0,2.0,3.0,1229.0,1983.0,6.076,condo,2,172200.0,2025,https://www.zillow.com,https://photos.zillowstatic.com/fp/37e1a14a834a3b54e8f4df70a1dd4f11-p_c.jpg,2026-05-18 11:42,For Sale
26741529,1501 Verano Dr,75218,Dallas,TX,32.831547,-96.69375,1395000,339.0,,1315400.0,6841.0,4.0,3.0,4113.0,1942.0,0.5489999999999999,singleFamily,2,775000.0,2025,https://www.zillow.com,https://photos.zillowstatic.com/fp/42925f11fcd84acf1d6628aebee91f98-p_c.jpg,2026-05-18 11:42,For Sale
26877058,5939 Copperwood Ln APT 1153,75248,Dallas,TX,32.965878,-96.80511,240000,136.0,-2500.0,232500.0,2763.0,3.0,2.0,1759.0,1968.0,11.051,condo,81,318810.0,2025,https://www.zillow.com,https://photos.zillowstatic.com/fp/f94ba6e20475f984249bbdda40ee4fb5-p_c.jpg,2026-05-18 11:42,For Sale
53390345,509 Elm St APT 503,75202,Dallas,TX,32.779938,-96.807526,245000,290.0,,237000.0,1813.0,1.0,1.0,845.0,1930.0,10018.8,condo,11,251840.0,2025,https://www.zillow.com,https://photos.zillowstatic.com/fp/cf35cb8ff9ebd3fc421096ba71feeb82-p_c.jpg,2026-05-18 11:42,For Sale
26844164,12039 Schroeder Rd,75243,Dallas,TX,32.913494,-96.76288,369999,245.0,,,,3.0,2.0,1513.0,1955.0,7623.0,singleFamily,3,264140.0,2025,https://www.zillow.com,https://photos.zillowstatic.com/fp/5c2aafb479e958788cbebde485975071-p_c.jpg,2026-05-18 11:42,For Sale
26699114,2515 Macon St,75215,Dallas,TX,32.75081,-96.75273,300000,200.0,-5000.0,299500.0,2207.0,3.0,3.0,1500.0,2026.0,3267.0,singleFamily,39,32780.0,2025,https://www.zillow.com,https://photos.zillowstatic.com/fp/68433d24786c5e0ac81731fb4204066f-p_c.jpg,2026-05-18 11:42,For Sale
26842686,2812 San Medina Ave,75228,Dallas,TX,32.832703,-96.6659,299900,184.0,,293200.0,2235.0,3.0,2.0,1628.0,1954.0,7623.0,singleFamily,11,298000.0,2025,https://www.zillow.com,https://photos.zillowstatic.com/fp/6a30883f3700d43906530dab2b5be5a3-p_c.jpg,2026-05-18 11:42,For Sale
26803185,11630 Rupley Ln,75218,Dallas,TX,32.85567,-96.679085,385000,183.0,-14000.0,,,4.0,3.0,2100.0,1950.0,7187.4,singleFamily,121,274560.0,2025,https://www.zillow.com,https://photos.zillowstatic.com/fp/8e33c1446039bbeb32f65f3fe66d6e8e-p_c.jpg,2026-05-18 11:42,For Sale
96519309,6427 Lake Bluff Dr,75249,Dallas,TX,32.64411,-96.97053,385000,184.0,,380500.0,2798.0,3.0,2.0,2091.0,2018.0,8624.88,singleFamily,4,450700.0,2025,https://www.zillow.com,https://photos.zillowstatic.com/fp/854e61f407b3349ac863d7321795354a-p_c.jpg,2026-05-18 11:42,For Sale
26744248,9907 Donegal Dr,75218,Dallas,TX,32.840946,-96.70101,849999,446.0,,807500.0,2983.0,3.0,2.0,1904.0,1950.0,0.28800000000000003,singleFamily,6,715810.0,2025,https://www.zillow.com,https://photos.zillowstatic.com/fp/d1e663172a53344b909136d0ed49bba5-p_c.jpg,2026-05-18 11:42,For Sale
26717377,1126 N Windomere Ave,75208,Dallas,TX,32.758278,-96.8436,779000,432.0,-21000.0,,,3.0,2.0,1803.0,1925.0,7492.32,singleFamily,38,696410.0,2025,https://www.zillow.com,https://photos.zillowstatic.com/fp/51ab4b95869147bc69d5fb27f4ec7040-p_c.jpg,2026-05-18 11:42,For Sale
26714257,815 Turner Ave,75208,Dallas,TX,32.752937,-96.83933,665000,404.0,,641400.0,3065.0,4.0,2.0,1647.0,1922.0,9801.0,singleFamily,3,664530.0,2025,https://www.zillow.com,https://photos.zillowstatic.com/fp/4ae310a9895ca22003df0feda7d68d5a-p_c.jpg,2026-05-18 11:42,For Sale
26683257,4021 Cole Ave APT 204,75204,Dallas,TX,32.813107,-96.794685,303000,294.0,,289600.0,2196.0,2.0,2.0,1030.0,1963.0,1.15,condo,0,190550.0,2025,https://www.zillow.com,https://photos.zillowstatic.com/fp/6e3cfc7ccea3869dd7c8ece1a0f1a085-p_c.jpg,2026-05-18 11:42,For Sale
26754803,6730 Park Ln,75225,Dallas,TX,32.87319,-96.78844,3990000,670.0,,3793400.0,7900.0,5.0,6.0,5957.0,2022.0,10149.48,singleFamily,1,3013410.0,2025,https://www.zillow.com,https://photos.zillowstatic.com/fp/4f91591bdce36a4664603b991a4522f6-p_c.jpg,2026-05-18 11:42,For Sale
26898315,3624 Douglas Ave,75219,Dallas,TX,32.81697,-96.80828,575000,327.0,-20000.0,563800.0,3525.0,3.0,3.0,1758.0,1993.0,2178.0,singleFamily,32,559430.0,2025,https://www.zillow.com,https://photos.zillowstatic.com/fp/99363b624bd5b240e1dbb7d2c3765085-p_c.jpg,2026-05-18 11:42,For Sale
462285750,1621 Bannock Ave,75215,Dallas,TX,32.74878,-96.76409,449000,214.0,,446900.0,,4.0,4.0,2100.0,2026.0,5998.212,singleFamily,9,,,https://www.zillow.com,https://photos.zillowstatic.com/fp/a7867b0886d28d6dafd212024faac89d-p_c.jpg,2026-05-18 11:42,For Sale
26808839,3518 Townsend Dr,75229,Dallas,TX,32.898872,-96.8613,675000,263.0,,649200.0,4230.0,4.0,3.0,2562.0,1957.0,10759.32,singleFamily,2,592690.0,2025,https://www.zillow.com,https://photos.zillowstatic.com/fp/f58f0e1275781b8e0793bd6d477953b0-p_c.jpg,2026-05-18 11:42,For Sale
26915324,6320 Lake Bluff Dr,75249,Dallas,TX,32.645863,-96.96865,360000,142.0,,,,3.0,3.0,2527.0,1989.0,9801.0,singleFamily,16,363010.0,2025,https://www.zillow.com,https://photos.zillowstatic.com/fp/46e0e74cb59b3bbe10baa1aa33035589-p_c.jpg,2026-05-18 11:42,For Sale
26912414,714 Jalisco Plz,75211,Dallas,TX,32.718307,-96.902885,235000,154.0,,230800.0,2340.0,4.0,3.0,1526.0,2001.0,3005.64,singleFamily,22,245910.0,2025,https://www.zillow.com,https://photos.zillowstatic.com/fp/265e49fc37732c5dcee3a45d074e31bb-p_c.jpg,2026-05-18 11:42,For Sale
26713772,811 Buckalew St,75208,Dallas,TX,32.738026,-96.83914,245000,194.0,,,,3.0,1.0,1260.0,1926.0,6969.6,singleFamily,0,304580.0,2025,https://www.zillow.com,https://photos.zillowstatic.com/fp/3de466ad7588d98bc120c7778fc03060-p_c.jpg,2026-05-18 11:42,For Sale
96518147,4128 Pluto St,75212,Dallas,TX,32.791786,-96.89073,550000,185.0,,544400.0,4341.0,4.0,4.0,2974.0,2022.0,7666.56,singleFamily,1,600000.0,2025,https://www.zillow.com,https://photos.zillowstatic.com/fp/f520770547ae57c1d6aa0762dc5adbaf-p_c.jpg,2026-05-18 11:42,For Sale
26786923,544 Kirkwood Dr,75218,Dallas,TX,32.852398,-96.70819,1349000,329.0,,1316400.0,2212.0,5.0,5.0,4102.0,2025.0,8189.28,singleFamily,1,463710.0,2025,https://www.zillow.com,https://photos.zillowstatic.com/fp/7d745d4c026efa46e709677398d257a4-p_c.jpg,2026-05-18 11:42,For Sale
26848651,6566 Ridgeview Cir,75240,Dallas,TX,32.927986,-96.792366,1200000,366.0,,1164800.0,6896.0,4.0,5.0,3282.0,1958.0,0.44899999999999995,singleFamily,2,794500.0,2025,https://www.zillow.com,https://photos.zillowstatic.com/fp/743df58e4f710a878681fac53f7bead2-p_c.jpg,2026-05-18 11:42,For Sale
69670861,6333 Pool View Dr,75249,Dallas,TX,32.64294,-96.97051,350000,184.0,-10000.0,,,3.0,2.0,1905.0,2005.0,0.322,singleFamily,220,331320.0,2025,https://www.zillow.com,https://photos.zillowstatic.com/fp/7b8a224a5a607b0131e8494e2ce4eb31-p_c.jpg,2026-05-18 11:42,For Sale
26690314,6007 Llano Ave,75206,Dallas,TX,32.822285,-96.76335,925000,584.0,,891800.0,3426.0,3.0,2.0,1584.0,1925.0,7230.96,singleFamily,4,650380.0,2025,https://www.zillow.com,https://photos.zillowstatic.com/fp/c36272ee764803708c32a03988b13a88-p_c.jpg,2026-05-18 11:42,For Sale
26683532,3426 Edgewood St,75215,Dallas,TX,32.761707,-96.76915,100000,62.0,,,1957.0,2.0,2.0,1604.0,1936.0,6490.44,singleFamily,6,159770.0,2025,https://www.zillow.com,https://photos.zillowstatic.com/fp/2842ab7dea69bf52b9fe4716866e43b6-p_c.jpg,2026-05-18 11:42,For Sale
26707020,6820 Southridge Dr,75214,Dallas,TX,32.82894,-96.743805,1950000,376.0,,,,4.0,4.0,5182.0,2014.0,10193.04,singleFamily,2,2428600.0,2025,https://www.zillow.com,https://photos.zillowstatic.com/fp/bffbd3af8f2a42bfb193430adf42de10-p_c.jpg,2026-05-18 11:42,For Sale
96513896,10617 Bridge Hollow Ct,75229,Dallas,TX,32.891716,-96.821815,12900000,880.0,,,,6.0,10.0,14653.0,2018.0,1.442,singleFamily,107,13054400.0,2025,https://www.zillow.com,https://photos.zillowstatic.com/fp/f1ff92924720936e0a69b725c1811b44-p_c.jpg,2026-05-18 11:42,For Sale
26837473,11028 Edgemere Rd,75230,Dallas,TX,32.898827,-96.79269,4395000,639.0,,4187600.0,4600.0,6.0,9.0,6882.0,2026.0,0.34900000000000003,singleFamily,2,1395430.0,2025,https://www.zillow.com,https://photos.zillowstatic.com/fp/7777c7bad971b7b8bc9c7a479a911f6e-p_c.jpg,2026-05-18 11:42,For Sale
26853474,9209 Boundbrook Ave,75243,Dallas,TX,32.90292,-96.75781,395000,259.0,,410400.0,2278.0,3.0,2.0,1526.0,1961.0,0.28500000000000003,singleFamily,3,403370.0,2025,https://www.zillow.com,https://photos.zillowstatic.com/fp/e31cf7e207eded7568da8cf94f0bb69a-p_c.jpg,2026-05-18 11:42,For Sale
96521172,6202 Trinity Creek Dr,75217,Dallas,TX,32.73594,-96.714195,350000,171.0,,349000.0,2687.0,3.0,2.0,2044.0,2024.0,7405.2,singleFamily,37,293080.0,2025,https://www.zillow.com,https://photos.zillowstatic.com/fp/219d52fc73dcac39a6a700617f8cd847-p_c.jpg,2026-05-18 11:42,For Sale
26931376,9801 Walnut St #307,75243,Dallas,TX,32.922836,-96.71392,35000,83.0,,,,1.0,1.0,423.0,2023.0,8.814,condo,24,61340.0,2025,https://www.zillow.com,https://photos.zillowstatic.com/fp/427296da7f6eef4208a88893b394f6d6-p_c.jpg,2026-05-18 11:42,For Sale
26792959,2217 Gaylord Dr,75227,Dallas,TX,32.751526,-96.69087,160000,127.0,,158600.0,1957.0,3.0,1.0,1257.0,1953.0,7675.272,singleFamily,9,253830.0,2025,https://www.zillow.com,https://photos.zillowstatic.com/fp/90734b3d2a495226588bbb90fdc62473-p_c.jpg,2026-05-18 11:42,For Sale
26805451,4139 Allencrest Ln,75244,Dallas,TX,32.9113,-96.84122,2250000,425.0,,1967200.0,6015.0,5.0,5.0,5289.0,1968.0,0.366,singleFamily,3,1782790.0,2025,https://www.zillow.com,https://photos.zillowstatic.com/fp/f11f61ca8cf912d171fd0d4b75f17cbf-p_c.jpg,2026-05-18 11:42,For Sale
80227036,1016 Liberty St Ste 3,75204,Dallas,TX,32.793427,-96.79091,450000,238.0,,437400.0,2933.0,3.0,3.0,1887.0,2006.0,0.9319999999999999,condo,10,594410.0,2025,https://www.zillow.com,https://photos.zillowstatic.com/fp/15158f2236834557a916b040f7231846-p_c.jpg,2026-05-18 11:42,For Sale
26794401,1718 Joan Dr,75217,Dallas,TX,32.74221,-96.69704,229000,160.0,,,,3.0,2.0,1428.0,1957.0,7448.76,singleFamily,13,234160.0,2025,https://www.zillow.com,https://photos.zillowstatic.com/fp/582bcd163eb4ab1a71b69e785936b18c-p_c.jpg,2026-05-18 11:42,For Sale
26748894,5505 Ledgestone Dr,75214,Dallas,TX,32.854267,-96.75841,749999,355.0,,719900.0,4330.0,3.0,2.0,2112.0,1965.0,0.272,singleFamily,1,797710.0,2025,https://www.zillow.com,https://photos.zillowstatic.com/fp/21926bd9b70c123ac721c4237a7b4ef5-p_c.jpg,2026-05-18 11:42,For Sale
26856019,8927 Beckleyview Ave,75232,Dallas,TX,32.639076,-96.83289,249999,122.0,,235700.0,2468.0,4.0,3.0,2048.0,1940.0,0.44599999999999995,singleFamily,1,284010.0,2025,https://www.zillow.com,https://photos.zillowstatic.com/fp/77a01c7bb865f452ed51b623053649f1-p_c.jpg,2026-05-18 11:42,For Sale
26849394,12056 Tavel Cir,75230,Dallas,TX,32.912758,-96.801765,735000,270.0,-40000.0,712100.0,5207.0,3.0,3.0,2725.0,1978.0,6446.88,singleFamily,36,780720.0,2025,https://www.zillow.com,https://photos.zillowstatic.com/fp/c2954e6a1ca9ba5d121feb7d3c86f907-p_c.jpg,2026-05-18 11:42,For Sale
53389576,7947 Glade Hill Ct,75218,Dallas,TX,32.805912,-96.721535,850000,280.0,,823500.0,7236.0,4.0,4.0,3041.0,1999.0,7971.48,singleFamily,3,855300.0,2025,https://www.zillow.com,https://photos.zillowstatic.com/fp/6a6d1fa533ce690dc205dd0456dfed2a-p_c.jpg,2026-05-18 11:42,For Sale
67961725,2111 Clark St APT H,75204,Dallas,TX,32.795803,-96.79481,549000,261.0,,534800.0,3541.0,2.0,3.0,2100.0,2003.0,1219.68,townhome,4,545320.0,2025,https://www.zillow.com,https://photos.zillowstatic.com/fp/d5b9a625342d3fb32f0b514efda335b8-p_c.jpg,2026-05-18 11:42,For Sale
26698597,4523 Metropolitan Ave,75210,Dallas,TX,32.778656,-96.745995,272800,193.0,,271600.0,2106.0,3.0,2.0,1415.0,2025.0,5967.72,singleFamily,121,42450.0,2025,https://www.zillow.com,https://photos.zillowstatic.com/fp/a8fe76d9dd50a73d7c8fa0581b165d53-p_c.jpg,2026-05-18 11:42,For Sale
26694528,3703 York St,75210,Dallas,TX,32.765,-96.74545,298000,175.0,-1000.0,,2147.0,3.0,3.0,1699.0,2025.0,3267.0,singleFamily,88,26000.0,2025,https://www.zillow.com,https://photos.zillowstatic.com/fp/9b87a950a3f0806808cdcb563ebf8510-p_c.jpg,2026-05-18 11:42,For Sale
26776695,5321 Mystic Trl,75241,Dallas,TX,32.68021,-96.810135,275000,163.0,,270800.0,1912.0,3.0,2.0,1689.0,1959.0,0.342,singleFamily,2,294850.0,2025,https://www.zillow.com,https://photos.zillowstatic.com/fp/6ad859b061fac67817b660d1902e6338-p_c.jpg,2026-05-18 11:42,For Sale
27291927,18072 Kelly Blvd,75287,Dallas,TX,33.00002,-96.86356,300000,240.0,,280800.0,2098.0,3.0,2.0,1250.0,1998.0,4007.52,singleFamily,3,257818.0,2025,https://www.zillow.com,https://photos.zillowstatic.com/fp/6b7f0701c0f3793cc463aad9d274408f-p_c.jpg,2026-05-18 11:42,For Sale
96514266,1815 Kingsley Dr,75216,Dallas,TX,32.688026,-96.79526,30000,,-3200.0,,1425.0,,,,,0.622,land,538,112500.0,2025,https://www.zillow.com,https://photos.zillowstatic.com/fp/7ca35be8edb4200e90775bb805a47094-p_c.jpg,2026-05-18 11:42,For Sale
26851377,11311 McCree Rd,75238,Dallas,TX,32.872543,-96.686615,369900,216.0,,358700.0,2375.0,3.0,2.0,1715.0,1972.0,7492.32,singleFamily,4,434160.0,2025,https://www.zillow.com,https://photos.zillowstatic.com/fp/09ad2f0a3db5994fcc4d8b3fbb93b23a-p_c.jpg,2026-05-18 11:42,For Sale
26796823,742 Ella Ave,75217,Dallas,TX,32.725967,-96.713974,298000,178.0,,297900.0,2457.0,4.0,2.0,1672.0,2026.0,6969.6,singleFamily,19,55000.0,2025,https://www.zillow.com,https://photos.zillowstatic.com/fp/a98b52c616c327063b027fd9448c0b72-p_c.jpg,2026-05-18 11:42,For Sale
26733671,5414 W University Blvd,75209,Dallas,TX,32.84496,-96.81834,1795000,690.0,,,,3.0,3.0,2602.0,1951.0,0.277,singleFamily,4,1330000.0,2025,https://www.zillow.com,https://photos.zillowstatic.com/fp/430ea2b68febf2d21d0cfe94e317755f-p_c.jpg,2026-05-18 11:42,For Sale
26759362,4222 Brookview Dr,75220,Dallas,TX,32.869526,-96.83624,5299000,775.0,,4946200.0,5843.0,5.0,8.0,6837.0,2007.0,0.42900000000000005,singleFamily,3,3852700.0,2025,https://www.zillow.com,https://photos.zillowstatic.com/fp/2870fc68a7085bb28eaa7e61c35cab3e-p_c.jpg,2026-05-18 11:42,For Sale
26812269,3048 Airhaven St,75229,Dallas,TX,32.905598,-96.874115,335000,174.0,-15000.0,,,3.0,2.0,1928.0,1981.0,5314.32,singleFamily,86,391660.0,2025,https://www.zillow.com,https://photos.zillowstatic.com/fp/504c796b67f901725a3a0ed28532582c-p_c.jpg,2026-05-18 11:42,For Sale
303985173,5065 Gaston Ave APT 101,75214,Dallas,TX,32.80231,-96.767166,474900,315.0,-10100.0,465900.0,2652.0,2.0,3.0,1508.0,2020.0,1.11,townhome,121,495840.0,2025,https://www.zillow.com,https://photos.zillowstatic.com/fp/e7252a67275ef8bd0affb08c63fcc4b2-p_c.jpg,2026-05-18 11:42,For Sale
26832558,3358 Sylvan Ave,75212,Dallas,TX,32.783466,-96.83545,859000,218.0,,840000.0,2424.0,5.0,6.0,3942.0,2026.0,5575.68,singleFamily,5,297870.0,2025,https://www.zillow.com,https://photos.zillowstatic.com/fp/0469eb43fc539844af2c1d36ae7687b2-p_c.jpg,2026-05-18 11:42,For Sale
26689429,720 Skillman St,75214,Dallas,TX,32.808407,-96.75769,839000,283.0,-34000.0,824600.0,4360.0,4.0,3.0,2960.0,1922.0,7361.64,singleFamily,37,694560.0,2025,https://www.zillow.com,https://photos.zillowstatic.com/fp/dc1e38333f7dc3670f78ef7e7b81c75b-p_c.jpg,2026-05-18 11:42,For Sale
67961981,9010 Eustis Ave,75218,Dallas,TX,32.819202,-96.69999,899999,345.0,,870900.0,4529.0,3.0,3.0,2608.0,2002.0,0.263,singleFamily,2,1050990.0,2025,https://www.zillow.com,https://photos.zillowstatic.com/fp/171ed630b26f252cdcd225cc718a9cae-p_c.jpg,2026-05-18 11:42,For Sale
26741523,1515 Tranquilla Dr,75218,Dallas,TX,32.830074,-96.69384,1275000,382.0,,1150200.0,6862.0,5.0,4.0,3336.0,1941.0,0.451,singleFamily,3,812000.0,2025,https://www.zillow.com,https://photos.zillowstatic.com/fp/8cf80ef857e621c06cb83e2833ef4325-p_c.jpg,2026-05-18 11:42,For Sale
26804373,11484 Strait Ln,75229,Dallas,TX,32.905155,-96.822296,3195000,593.0,,,8457.0,5.0,5.0,5390.0,1958.0,0.468,singleFamily,2,2121710.0,2025,https://www.zillow.com,https://photos.zillowstatic.com/fp/f1c073403b7339eb05c2c67e9ee05cea-p_c.jpg,2026-05-18 11:42,For Sale
26837458,11131 Westmere Cir,75230,Dallas,TX,32.899864,-96.791954,1875000,501.0,,,,4.0,5.0,3741.0,1948.0,0.529,singleFamily,3,1948060.0,2025,https://www.zillow.com,https://photos.zillowstatic.com/fp/21d2af000650787d81a1e189eb92a6e3-p_c.jpg,2026-05-18 11:42,For Sale
2055562353,2132 Hondo Ave,75219,Dallas,TX,32.8061,-96.8255,870000,319.0,-20000.0,,,4.0,5.0,2724.0,2022.0,3833.28,singleFamily,156,769400.0,2025,https://www.zillow.com,https://photos.zillowstatic.com/fp/18f7595362d8937a9cfdc5e1e05e645e-p_c.jpg,2026-05-18 11:42,For Sale
26782815,2913 Kellogg Ave,75216,Dallas,TX,32.713203,-96.79237,280000,159.0,,272300.0,2365.0,4.0,2.0,1761.0,2019.0,7492.32,singleFamily,3,304040.0,2025,https://www.zillow.com,https://photos.zillowstatic.com/fp/3608d4aa1a9d4bf887d97ff1b11f8d42-p_c.jpg,2026-05-18 11:42,For Sale
26710002,206 S Edgefield Ave,75208,Dallas,TX,32.74384,-96.84383,565000,309.0,-10000.0,545800.0,2853.0,3.0,3.0,1828.0,1926.0,6838.92,singleFamily,52,595180.0,2025,https://www.zillow.com,https://photos.zillowstatic.com/fp/47d27720119bf5607414d802d801cbb8-p_c.jpg,2026-05-18 11:42,For Sale
26868147,7705 Lemmonwood Dr,75231,Dallas,TX,32.887318,-96.73401,955000,382.0,,920600.0,5073.0,4.0,3.0,2498.0,1974.0,0.289,singleFamily,3,759370.0,2025,https://www.zillow.com,https://photos.zillowstatic.com/fp/0b2a70bf4b4cd2d736ee1fa9216f0298-p_c.jpg,2026-05-18 11:42,For Sale
53071555,4124 Firebrick Ln,75287,Dallas,TX,32.998688,-96.8387,499900,218.0,,488800.0,3098.0,4.0,2.0,2288.0,1985.0,9583.2,singleFamily,3,487300.0,2025,https://www.zillow.com,https://photos.zillowstatic.com/fp/41876f1a1da55a2244ba1773d6059831-p_c.jpg,2026-05-18 11:42,For Sale
26850888,10801 Middle Knoll Dr,75238,Dallas,TX,32.87609,-96.69773,699000,369.0,,682700.0,2936.0,3.0,2.0,1895.0,1973.0,9496.08,singleFamily,2,451120.0,2025,https://www.zillow.com,https://photos.zillowstatic.com/fp/24c3d5cee0de87ebc25e1ad8f896c711-p_c.jpg,2026-05-18 11:42,For Sale
60346601,13329 Southview Ln,75240,Dallas,TX,32.929558,-96.76768,275000,170.0,,,,3.0,2.0,1618.0,1968.0,4878.72,singleFamily,13,242430.0,2025,https://www.zillow.com,https://photos.zillowstatic.com/fp/d3f6a62f58a643135991119e237adf46-p_c.jpg,2026-05-18 11:42,For Sale
26797076,642 Bethpage Ave,75217,Dallas,TX,32.723637,-96.710625,262500,175.0,,,1394.0,3.0,2.0,1500.0,2026.0,6185.52,singleFamily,2,55000.0,2025,https://www.zillow.com,https://photos.zillowstatic.com/fp/0fcd548260ec02f5f0547312791233d0-p_c.jpg,2026-05-18 11:42,For Sale
26804351,4674 College Park Dr,75229,Dallas,TX,32.903522,-96.82646,4200000,644.0,,,,5.0,8.0,6518.0,2016.0,0.577,singleFamily,2,3475000.0,2025,https://www.zillow.com,https://photos.zillowstatic.com/fp/1b008c7770a104c1b48dbb589fc3b765-p_c.jpg,2026-05-18 11:42,For Sale
26690844,5438 Bonita Ave,75206,Dallas,TX,32.817944,-96.775734,1749900,435.0,-50000.0,1727600.0,7947.0,4.0,4.0,4026.0,2024.0,7187.4,singleFamily,108,1437780.0,2025,https://www.zillow.com,https://photos.zillowstatic.com/fp/4f0d80fcee3b491d567022f9d8dc37b9-p_c.jpg,2026-05-18 11:42,For Sale
26810811,3140 Kinkaid Dr,75220,Dallas,TX,32.87723,-96.8719,549000,213.0,,534100.0,4216.0,4.0,3.0,2580.0,1974.0,8045.532,singleFamily,37,499200.0,2025,https://www.zillow.com,https://photos.zillowstatic.com/fp/9001bba461cb8d933275384b1085c8f8-p_c.jpg,2026-05-18 11:42,For Sale
26756970,10920 Strait Ln,75229,Dallas,TX,32.898327,-96.82428,9999999,892.0,,9256100.0,7133.0,6.0,10.0,11211.0,2025.0,0.721,singleFamily,18,9362840.0,2025,https://www.zillow.com,https://photos.zillowstatic.com/fp/20d0cf0eb60450b125fba124e6413651-p_c.jpg,2026-05-18 11:42,For Sale
26787994,3624 Fontana Dr,75220,Dallas,TX,32.869095,-96.85772,949000,353.0,,,4557.0,4.0,3.0,2692.0,2026.0,9539.64,singleFamily,9,325800.0,2025,https://www.zillow.com,https://photos.zillowstatic.com/fp/8d045a5d27b6bf25ab2df403df39ac5b-p_c.jpg,2026-05-18 11:42,For Sale
333140526,5531 Walnut Hill Ln,75229,Dallas,TX,32.88134,-96.81123,15995000,1333.0,,14695500.0,44765.0,5.0,9.0,11997.0,2025.0,1.935,singleFamily,69,9628680.0,2025,https://www.zillow.com,https://photos.zillowstatic.com/fp/b66ba1ba3e875d4f7420766b86704a95-p_c.jpg,2026-05-18 11:42,For Sale
26690375,5639 Miller Ave,75206,Dallas,TX,32.821613,-96.77067,1499000,436.0,,1435700.0,7597.0,4.0,5.0,3440.0,2022.0,8015.04,singleFamily,3,1340000.0,2025,https://www.zillow.com,https://photos.zillowstatic.com/fp/3f769e10e6e3c1ce6eb5f0c6fb27ccc1-p_c.jpg,2026-05-18 11:42,For Sale
26866190,11102 Ferndale Rd,75238,Dallas,TX,32.8928,-96.718124,619900,214.0,,597200.0,5442.0,4.0,3.0,2894.0,1954.0,9583.2,singleFamily,3,680000.0,2025,https://www.zillow.com,https://photos.zillowstatic.com/fp/eee46ae51bbee9ae9b250543ff5cdcf1-p_c.jpg,2026-05-18 11:42,For Sale
26698991,2739 Lawrence St,75215,Dallas,TX,32.755344,-96.75284,189000,163.0,-10000.0,182600.0,1723.0,3.0,2.0,1159.0,1924.0,7187.4,singleFamily,68,203460.0,2025,https://www.zillow.com,https://photos.zillowstatic.com/fp/b02590aad5bc055227ff4cf9457b9650-p_c.jpg,2026-05-18 11:42,For Sale
26782014,2266 Myrtlewood Dr,75232,Dallas,TX,32.68863,-96.85611,175000,135.0,-15000.0,167700.0,1770.0,2.0,2.0,1300.0,1959.0,9626.76,singleFamily,32,233430.0,2025,https://www.zillow.com,https://photos.zillowstatic.com/fp/2b10d7f50678f3d8f31dd75ade1f6f84-p_c.jpg,2026-05-18 11:42,For Sale
26832452,3347 Topeka Ave,75212,Dallas,TX,32.78374,-96.835045,300000,196.0,,216800.0,2390.0,3.0,2.0,1527.0,1950.0,6359.76,singleFamily,0,288200.0,2025,https://www.zillow.com,https://photos.zillowstatic.com/fp/3b639cb6ed6dcc52feb2492dce51e612-p_c.jpg,2026-05-18 11:42,For Sale
26746469,10208 Lake Gardens Dr,75218,Dallas,TX,32.843025,-96.697,475000,356.0,,,,2.0,2.0,1335.0,1951.0,0.2555,singleFamily,1,599920.0,2025,https://www.zillow.com,https://photos.zillowstatic.com/fp/c1530a858806604dd4993c3accdfac7c-p_c.jpg,2026-05-18 11:42,For Sale
162175878,5457 Bonita Ave,75206,Dallas,TX,32.818462,-96.77495,2299995,539.0,,2208000.0,6602.0,4.0,5.0,4265.0,2026.0,7753.68,singleFamily,9,606610.0,2025,https://www.zillow.com,https://photos.zillowstatic.com/fp/d4210397d494231283b746598c8fefc0-p_c.jpg,2026-05-18 11:42,For Sale
26887487,11711 Kilkirk Ln,75228,Dallas,TX,32.850895,-96.662766,280000,130.0,,,2620.0,4.0,2.0,2151.0,1979.0,7593.0,singleFamily,79,319200.0,2025,https://www.zillow.com,https://photos.zillowstatic.com/fp/2873c16fafb39a8091a6f38b7cfb358b-p_c.jpg,2026-05-18 11:42,For Sale
96528103,2015 Volga Ave,75216,Dallas,TX,32.702583,-96.79452,350000,158.0,-10000.0,346700.0,3012.0,4.0,3.0,2211.0,2021.0,9496.08,singleFamily,102,391950.0,2025,https://www.zillow.com,https://photos.zillowstatic.com/fp/46e4289531fdacd477e85613e082341e-p_c.jpg,2026-05-18 11:42,For Sale
26712713,902 N Edgefield Ave,75208,Dallas,TX,32.754055,-96.84241,530000,391.0,,,,3.0,2.0,1356.0,1925.0,7840.8,singleFamily,16,505950.0,2025,https://www.zillow.com,https://photos.zillowstatic.com/fp/2f3c143fbe8db00b3bef3f244e866216-p_c.jpg,2026-05-18 11:42,For Sale
96533352,5667 Mountain Hollow Dr,75249,Dallas,TX,32.657585,-96.96582,369000,122.0,,364400.0,3529.0,4.0,3.0,3017.0,2012.0,5052.96,singleFamily,3,466850.0,2025,https://www.zillow.com,https://photos.zillowstatic.com/fp/43de38fbacee2fae72ff451842a03028-p_c.jpg,2026-05-18 11:42,For Sale
26748034,5843 E University Blvd APT C,75206,Dallas,TX,32.84604,-96.76623,269000,204.0,-6000.0,258700.0,2153.0,2.0,2.0,1320.0,1964.0,3.854,condo,83,277200.0,2025,https://www.zillow.com,https://photos.zillowstatic.com/fp/ecc29d4a34979a9ec04e3d7e8243381a-p_c.jpg,2026-05-18 11:42,For Sale
26807304,3624 Warick Dr,75229,Dallas,TX,32.88844,-96.8591,2200000,371.0,,2110700.0,3249.0,5.0,7.0,5924.0,2026.0,0.254,singleFamily,2,836510.0,2025,https://www.zillow.com,https://photos.zillowstatic.com/fp/c7f24cbfbbdcff3d74b482e12e2654d1-p_c.jpg,2026-05-18 11:42,For Sale
459247579,6306 Tracy Rd,75241,Dallas,TX,32.669445,-96.77295,369000,224.0,,,,3.0,2.0,1647.0,2026.0,6229.08,singleFamily,3,32500.0,2025,https://www.zillow.com,https://photos.zillowstatic.com/fp/9a92ba275a5f153540cd978f9dc191f4-p_c.jpg,2026-05-18 11:42,For Sale
26899070,3919 Cole Ave APT 101,75204,Dallas,TX,32.811615,-96.79551,425000,355.0,-25000.0,413600.0,2559.0,2.0,2.0,1196.0,1981.0,0.255,singleFamily,46,340860.0,2025,https://www.zillow.com,https://photos.zillowstatic.com/fp/cbf1f247d56f573ad65abe8d6006c6b4-p_c.jpg,2026-05-18 11:42,For Sale
462499644,607 Neomi Ave,75217,Dallas,TX,32.722404,-96.71689,310500,190.0,,,,4.0,2.0,1638.0,2026.0,6969.6,singleFamily,0,,,https://www.zillow.com,https://photos.zillowstatic.com/fp/a8155c164be2c16b8217b5e14d132b98-p_c.jpg,2026-05-18 11:42,For Sale
26755603,6607 Glendora Ave,75230,Dallas,TX,32.885513,-96.79124,2999999,464.0,-249901.0,2874200.0,18287.0,5.0,6.0,6471.0,1999.0,0.344,singleFamily,65,2528900.0,2025,https://www.zillow.com,https://photos.zillowstatic.com/fp/cc93151897fdab39360be422015b052e-p_c.jpg,2026-05-18 11:42,For Sale
26758132,10445 Strait Ln,75229,Dallas,TX,32.888252,-96.8253,6750000,932.0,,4705200.0,7529.0,5.0,6.0,7245.0,1989.0,1.037,singleFamily,1,4562110.0,2025,https://www.zillow.com,https://photos.zillowstatic.com/fp/a7f78fb512e685b2df826104af62a065-p_c.jpg,2026-05-18 11:42,For Sale
26806908,10111 Cromwell Dr,75229,Dallas,TX,32.882553,-96.86235,849000,362.0,,763900.0,5067.0,4.0,3.0,2346.0,1969.0,10367.28,singleFamily,2,758590.0,2025,https://www.zillow.com,https://photos.zillowstatic.com/fp/9c6e91d25ebcd92c2050a5977a0ed77d-p_c.jpg,2026-05-18 11:42,For Sale
245229718,4200 Boyer Pl,75219,Dallas,TX,32.80954,-96.815605,697000,306.0,-17900.0,683100.0,3793.0,3.0,4.0,2279.0,2017.0,2439.36,townhome,114,651730.0,2025,https://www.zillow.com,https://photos.zillowstatic.com/fp/5a1c385c855620c1068b83870f60d316-p_c.jpg,2026-05-18 11:42,For Sale
26860038,8034 Greenhollow Ln,75240,Dallas,TX,32.93785,-96.76769,418000,200.0,,413000.0,2607.0,5.0,3.0,2086.0,1961.0,8102.16,singleFamily,3,314120.0,2025,https://www.zillow.com,https://photos.zillowstatic.com/fp/d99684671c4bcd078842ebe66e66f571-p_c.jpg,2026-05-18 11:42,For Sale
162372942,6610 Southpoint Dr,75248,Dallas,TX,32.977703,-96.79332,1338750,356.0,,1280600.0,5504.0,4.0,4.0,3765.0,1973.0,9539.64,singleFamily,4,962490.0,2025,https://www.zillow.com,https://photos.zillowstatic.com/fp/6245b30afce447775920c571214dce40-p_c.jpg,2026-05-18 11:42,For Sale
26790961,2133 Pleasant Dr,75227,Dallas,TX,32.74997,-96.67894,424900,205.0,-4100.0,415300.0,3119.0,6.0,4.0,2076.0,1962.0,0.326,singleFamily,121,369330.0,2025,https://www.zillow.com,https://photos.zillowstatic.com/fp/52f5c3b8f3eae88cbfd60c29b7d26817-p_c.jpg,2026-05-18 11:42,For Sale
336887046,1507 N Garrett Ave Suite 202,75206,Dallas,TX,32.806755,-96.77259,429000,309.0,,420800.0,3048.0,2.0,3.0,1388.0,2020.0,0.27299999999999996,condo,79,437220.0,2025,https://www.zillow.com,https://photos.zillowstatic.com/fp/ed3df65ea0e506cc8c0beb28f7e7492a-p_c.jpg,2026-05-18 11:42,For Sale
83997571,6 Vanguard Way,75243,Dallas,TX,32.904015,-96.76336,949000,383.0,,924600.0,2984.0,3.0,3.0,2478.0,2007.0,6708.24,singleFamily,3,1015200.0,2025,https://www.zillow.com,https://photos.zillowstatic.com/fp/3ad0fcc2ea8e5372b9997340c83d0f63-p_c.jpg,2026-05-18 11:42,For Sale
26793557,7122 Piedmont Dr,75227,Dallas,TX,32.760162,-96.699486,205000,173.0,,201200.0,1816.0,3.0,1.0,1182.0,1953.0,0.32,singleFamily,13,220500.0,2025,https://www.zillow.com,https://photos.zillowstatic.com/fp/326402c13b3c072b55ceff11e6e9137c-p_c.jpg,2026-05-18 11:42,For Sale
26743959,11363 Rupley Ln,75218,Dallas,TX,32.855152,-96.68396,494000,335.0,,478300.0,2536.0,3.0,2.0,1476.0,1955.0,7448.76,singleFamily,3,435300.0,2025,https://www.zillow.com,https://photos.zillowstatic.com/fp/f57599ada33321207dc4bc06cdda2c3c-p_c.jpg,2026-05-18 11:42,For Sale
26738266,8115 Chadbourne Rd,75209,Dallas,TX,32.853767,-96.82016,1475000,757.0,-60000.0,1412200.0,3829.0,3.0,2.0,1949.0,1946.0,8276.4,singleFamily,27,1325000.0,2025,https://www.zillow.com,https://photos.zillowstatic.com/fp/28dc751ad69a6c7e268dbe1163dc9358-p_c.jpg,2026-05-18 11:42,For Sale
26848159,6415 Forestshire Dr,75230,Dallas,TX,32.908527,-96.79437,2295000,498.0,-100000.0,2170600.0,6230.0,4.0,5.0,4611.0,1981.0,0.347,singleFamily,57,1624960.0,2025,https://www.zillow.com,https://photos.zillowstatic.com/fp/a88f2b02b3a6d51fb2d28b0b7945f604-p_c.jpg,2026-05-18 11:42,For Sale
26705702,6984 Santa Barbara Dr,75214,Dallas,TX,32.844025,-96.74029,2098700,480.0,,1237900.0,3808.0,5.0,5.0,4368.0,2024.0,0.357,singleFamily,2,1400000.0,2025,https://www.zillow.com,https://photos.zillowstatic.com/fp/0f53824b67b4e612db443ca185ca759e-p_c.jpg,2026-05-18 11:42,For Sale
26773713,631 Cove Hollow Dr,75224,Dallas,TX,32.69571,-96.83353,194900,139.0,-15000.0,,2026.0,3.0,2.0,1404.0,1965.0,8407.08,singleFamily,68,307390.0,2025,https://www.zillow.com,https://photos.zillowstatic.com/fp/08f1fc2e1845ccaaadce28b9066439f7-p_c.jpg,2026-05-18 11:42,For Sale
26701570,6427 Lakewood Blvd,75214,Dallas,TX,32.818043,-96.751884,1825000,498.0,-25000.0,,,5.0,4.0,3662.0,1925.0,8799.12,singleFamily,9,1320700.0,2025,https://www.zillow.com,https://photos.zillowstatic.com/fp/48e1c5704ef78e182648c47376e7d0d1-p_c.jpg,2026-05-18 11:42,For Sale
26782357,1534 N Atoll Dr,75216,Dallas,TX,32.715027,-96.80217,239900,211.0,,242600.0,1838.0,3.0,2.0,1139.0,1948.0,8058.6,singleFamily,4,146430.0,2025,https://www.zillow.com,https://photos.zillowstatic.com/fp/ac3cccd6ee10cdcdb93db016a1608b0c-p_c.jpg,2026-05-18 11:42,For Sale
26704276,5602 Longview St,75206,Dallas,TX,32.83063,-96.77204,999900,342.0,,979300.0,5253.0,3.0,4.0,2922.0,2015.0,3876.84,singleFamily,3,884700.0,2025,https://www.zillow.com,https://photos.zillowstatic.com/fp/e8c07d1ea6643e3daee2f9a8dccb8ae8-p_c.jpg,2026-05-18 11:42,For Sale
26750994,6396 Abrams Ct,75231,Dallas,TX,32.86111,-96.74454,399000,270.0,,393400.0,2399.0,2.0,2.0,1480.0,1980.0,4094.64,singleFamily,29,376000.0,2025,https://www.zillow.com,https://photos.zillowstatic.com/fp/6579eefe10fe52f79b6704876798de9f-p_c.jpg,2026-05-18 11:42,For Sale
26759936,8605 Preston Rd,75225,Dallas,TX,32.868378,-96.80515,17500000,1931.0,-5500000.0,,,2.0,6.0,9062.0,1996.0,3.204,singleFamily,195,8696530.0,2025,https://www.zillow.com,https://photos.zillowstatic.com/fp/ddd282a73cbd1cbf70b64d742471e30f-p_c.jpg,2026-05-18 11:42,For Sale
26860054,8142 Clear Springs Rd,75240,Dallas,TX,32.936535,-96.765686,375000,231.0,-15000.0,,,3.0,2.0,1624.0,1965.0,9670.32,singleFamily,75,376360.0,2025,https://www.zillow.com,https://photos.zillowstatic.com/fp/7809b92995810651f8d25367358655be-p_c.jpg,2026-05-18 11:42,For Sale
26804737,4441 Hockaday Dr,75229,Dallas,TX,32.907413,-96.8328,2049000,453.0,-150000.0,1934200.0,7059.0,5.0,6.0,4521.0,1961.0,0.372,singleFamily,55,1772350.0,2025,https://www.zillow.com,https://photos.zillowstatic.com/fp/3397c40fce1175219bf48b82672b053b-p_c.jpg,2026-05-18 11:42,For Sale
26807823,3108 Citation Dr,75229,Dallas,TX,32.882378,-96.87183,509000,181.0,-66000.0,,,3.0,3.0,2818.0,1962.0,0.265,singleFamily,77,646510.0,2025,https://www.zillow.com,https://photos.zillowstatic.com/fp/b5e6ec6b331ac4db4185262451ed0fa5-p_c.jpg,2026-05-18 11:42,For Sale
26749272,6467 Danbury Ln,75214,Dallas,TX,32.847366,-96.75037,840000,443.0,-25000.0,,,2.0,2.0,1896.0,1954.0,10541.52,singleFamily,31,841770.0,2025,https://www.zillow.com,https://photos.zillowstatic.com/fp/f32650fde55ff8cfbc03abd19e551cfc-p_c.jpg,2026-05-18 11:42,For Sale
26851496,6766 Northaven Rd,75230,Dallas,TX,32.900932,-96.78869,4395000,991.0,-38000.0,4126400.0,7634.0,5.0,5.0,4437.0,2019.0,0.942,singleFamily,67,5337960.0,2025,https://www.zillow.com,https://photos.zillowstatic.com/fp/516d4b1a8940930654b6e456275a8591-p_c.jpg,2026-05-18 11:42,For Sale
26786601,608 Coolair Dr,75218,Dallas,TX,32.850723,-96.71032,539000,377.0,-11000.0,529000.0,2370.0,3.0,2.0,1428.0,1950.0,7187.4,singleFamily,37,425000.0,2025,https://www.zillow.com,https://photos.zillowstatic.com/fp/35dd08da73c724b09d0cd620ed4d6a85-p_c.jpg,2026-05-18 11:42,For Sale
26926638,4131 Wycliff Ave APT 4,75219,Dallas,TX,32.81999,-96.80562,360000,341.0,,,,2.0,2.0,1056.0,1983.0,0.329,condo,3,310000.0,2025,https://www.zillow.com,https://photos.zillowstatic.com/fp/e28e83c578eba6f82891994c59d2187f-p_c.jpg,2026-05-18 11:42,For Sale
26695561,5235 Goodwin Ave,75206,Dallas,TX,32.823772,-96.7809,1199000,497.0,,1145800.0,5202.0,3.0,2.0,2412.0,1924.0,8015.04,singleFamily,13,1141000.0,2025,https://www.zillow.com,https://photos.zillowstatic.com/fp/4def831961f573320229858d5edea2f0-p_c.jpg,2026-05-18 11:42,For Sale
96515571,20 Vanguard Way,75243,Dallas,TX,32.9032,-96.763535,1350000,585.0,300000.0,1306100.0,2381.0,2.0,3.0,2308.0,2017.0,0.26599999999999996,singleFamily,2,1350000.0,2025,https://www.zillow.com,https://photos.zillowstatic.com/fp/ef310e34b6ccbee937d60c02a46e4327-p_c.jpg,2026-05-18 11:42,For Sale
26699397,2802 Brigham Ln,75215,Dallas,TX,32.751232,-96.750465,149000,88.0,,141900.0,2460.0,4.0,2.0,1700.0,2025.0,6011.28,singleFamily,12,59980.0,2025,https://www.zillow.com,https://photos.zillowstatic.com/fp/3519d1caf725c3156b316360c523dc98-p_c.jpg,2026-05-18 11:42,For Sale
60347644,4034 Rawlins St APT 207,75219,Dallas,TX,32.814045,-96.80962,370000,331.0,,357500.0,2298.0,2.0,3.0,1119.0,1984.0,0.41,condo,10,324510.0,2025,https://www.zillow.com,https://photos.zillowstatic.com/fp/6fd8241dd712eb8d520acff248099355-p_c.jpg,2026-05-18 11:42,For Sale
26709738,310 N Montclair Ave,75208,Dallas,TX,32.747723,-96.84621,735000,415.0,-15000.0,709900.0,2734.0,3.0,2.0,1770.0,1925.0,7274.52,singleFamily,53,632440.0,2025,https://www.zillow.com,https://photos.zillowstatic.com/fp/f7e414ff50b341ab6316b73f2aa79d1a-p_c.jpg,2026-05-18 11:42,For Sale
26683537,3417 Pondrom St,75215,Dallas,TX,32.762173,-96.76905,125000,113.0,,,2257.0,4.0,4.0,1104.0,1936.0,6229.08,singleFamily,0,136600.0,2025,https://www.zillow.com,https://photos.zillowstatic.com/fp/3cc0b306fad3dc210f07632055c81a9c-p_c.jpg,2026-05-18 11:42,For Sale
26850986,10917 Villa Haven Dr,75238,Dallas,TX,32.875324,-96.69577,575000,302.0,,557300.0,2630.0,3.0,2.0,1901.0,1974.0,6534.0,singleFamily,2,527720.0,2025,https://www.zillow.com,https://photos.zillowstatic.com/fp/25674db26abb6b8134bcc3ea3b203232-p_c.jpg,2026-05-18 11:42,For Sale
26803468,11947 Quincy Ln,75230,Dallas,TX,32.912132,-96.814674,3300000,481.0,,3154700.0,4642.0,5.0,7.0,6856.0,2025.0,0.35900000000000004,singleFamily,3,1211780.0,2025,https://www.zillow.com,https://photos.zillowstatic.com/fp/9e9a00a6dd3288b263c05d2527a34ef6-p_c.jpg,2026-05-18 11:42,For Sale
83999425,4319 Bowser Ave APT 304,75219,Dallas,TX,32.81794,-96.81125,439900,290.0,,,,2.0,2.0,1515.0,2006.0,0.367,condo,2,418410.0,2025,https://www.zillow.com,https://photos.zillowstatic.com/fp/e997f2cf401abfd7364f2de78ceed971-p_c.jpg,2026-05-18 11:42,For Sale
26787259,635 Classen Dr,75218,Dallas,TX,32.85325,-96.703964,550000,255.0,,536100.0,3258.0,3.0,2.0,2160.0,1959.0,10284.516,singleFamily,10,548350.0,2025,https://www.zillow.com,https://photos.zillowstatic.com/fp/b0fe86d31a1bc4bea2713036639ab4cd-p_c.jpg,2026-05-18 11:42,For Sale
26925148,8600 Coppertowne Ln APT 2004,75243,Dallas,TX,32.89815,-96.72518,149900,210.0,-15100.0,,,1.0,1.0,713.0,1984.0,9.008,condo,37,151320.0,2025,https://www.zillow.com,https://photos.zillowstatic.com/fp/328dbda7d8a782578bb6e6f1b5088ebe-p_c.jpg,2026-05-18 11:42,For Sale
26703300,6128 Ellsworth Ave,75214,Dallas,TX,32.833893,-96.76027,815000,489.0,,775200.0,2511.0,2.0,2.0,1668.0,1941.0,6708.24,singleFamily,2,674460.0,2025,https://www.zillow.com,https://photos.zillowstatic.com/fp/e2c61cc01eb6044835869171eb6c4217-p_c.jpg,2026-05-18 11:42,For Sale
26731032,6402 Kenwood Ave,75214,Dallas,TX,32.832672,-96.7527,1995000,412.0,,1932900.0,2888.0,5.0,6.0,4845.0,2026.0,8712.0,singleFamily,2,1333100.0,2025,https://www.zillow.com,https://photos.zillowstatic.com/fp/43cd47fccb88b44c4cc7d092db0627d7-p_c.jpg,2026-05-18 11:42,For Sale
26909252,9551 Gonzales Dr,75227,Dallas,TX,32.76709,-96.65757,127000,135.0,-5000.0,,1366.0,2.0,1.0,940.0,1982.0,3310.56,singleFamily,47,151670.0,2025,https://www.zillow.com,https://photos.zillowstatic.com/fp/d1895d0b21508743ee374dd4d68db170-p_c.jpg,2026-05-18 11:42,For Sale
96506528,521 Faulk St,75203,Dallas,TX,32.74416,-96.796936,459678,245.0,,454900.0,2911.0,3.0,4.0,1876.0,2023.0,1611.72,singleFamily,2,342280.0,2025,https://www.zillow.com,https://photos.zillowstatic.com/fp/f12548ece1209f25a58c18efb133a01f-p_c.jpg,2026-05-18 11:42,For Sale
26766886,2130 Kathleen Ave,75216,Dallas,TX,32.703766,-96.79324,389000,185.0,,,2928.0,5.0,3.0,2100.0,2025.0,7148.0,singleFamily,73,70000.0,2025,https://www.zillow.com,https://photos.zillowstatic.com/fp/7fbea74502c20ba7f5ca57bde86e3a8d-p_c.jpg,2026-05-18 11:42,For Sale
26759320,4424 Glenleigh Dr,75220,Dallas,TX,32.866314,-96.83281,3489000,530.0,,,,5.0,7.0,6578.0,2005.0,0.42900000000000005,singleFamily,2,2153250.0,2025,https://www.zillow.com,https://photos.zillowstatic.com/fp/5eb82d854a28af18a012d62a4d3fa131-p_c.jpg,2026-05-18 11:42,For Sale
26725959,1155 Timplemore Dr,75218,Dallas,TX,32.82638,-96.71349,1275000,394.0,,,,4.0,3.0,3238.0,1961.0,0.29500000000000004,singleFamily,2,945990.0,2025,https://www.zillow.com,https://photos.zillowstatic.com/fp/6ab0fea978c173308df0611910c325ea-p_c.jpg,2026-05-18 11:42,For Sale
26744366,1035 Waterford Dr,75218,Dallas,TX,32.839935,-96.70422,950000,301.0,,902300.0,4680.0,3.0,3.0,3152.0,1953.0,0.4,singleFamily,2,729680.0,2025,https://www.zillow.com,https://photos.zillowstatic.com/fp/1808bdfcd85f9745e1a797116e145a2e-p_c.jpg,2026-05-18 11:42,For Sale
26881292,4452 Sugar Mill Rd,75244,Dallas,TX,32.918533,-96.83193,1575000,460.0,,1510100.0,6165.0,5.0,5.0,3422.0,1966.0,0.37900000000000006,singleFamily,10,1527000.0,2025,https://www.zillow.com,https://photos.zillowstatic.com/fp/51afb42418a26fb3523a321eb71e9bd0-p_c.jpg,2026-05-18 11:42,For Sale
26729524,811 N Oak Cliff Blvd,75208,Dallas,TX,32.75271,-96.85491,719000,467.0,,,,3.0,2.0,1541.0,1945.0,8015.04,singleFamily,4,510560.0,2025,https://www.zillow.com,https://photos.zillowstatic.com/fp/1a932fd013b437c5dbc51bfaa7cab7f3-p_c.jpg,2026-05-18 11:42,For Sale
96508124,4607 Metropolitan Ave,75210,Dallas,TX,32.778957,-96.745674,272800,193.0,,,2088.0,3.0,2.0,1415.0,2026.0,5662.8,singleFamily,24,40170.0,2025,https://www.zillow.com,https://photos.zillowstatic.com/fp/a8fe76d9dd50a73d7c8fa0581b165d53-p_c.jpg,2026-05-18 11:42,For Sale
26863461,7439 Stonecrest Dr,75254,Dallas,TX,32.94237,-96.776085,1450000,389.0,,,,5.0,5.0,3724.0,1962.0,0.39899999999999997,singleFamily,37,1004440.0,2025,https://www.zillow.com,https://photos.zillowstatic.com/fp/758a8650ac09aab02a0c386e3c601ca3-p_c.jpg,2026-05-18 11:42,For Sale
26712853,917 N Windomere Ave,75208,Dallas,TX,32.7544,-96.84441,490000,289.0,,470000.0,2801.0,3.0,2.0,1698.0,1921.0,10497.96,singleFamily,2,500000.0,2025,https://www.zillow.com,https://photos.zillowstatic.com/fp/10a7b0f84443cc19c6673f0fc8f03e3a-p_c.jpg,2026-05-18 11:42,For Sale
26688370,2725 1st Ave,75210,Dallas,TX,32.767334,-96.750824,259000,144.0,-6000.0,258100.0,2572.0,3.0,3.0,1800.0,2025.0,5575.68,singleFamily,61,199530.0,2025,https://www.zillow.com,https://photos.zillowstatic.com/fp/eb092f9bc635c7c350acb6986e06ce74-p_c.jpg,2026-05-18 11:42,For Sale
162362971,9606 Glenacre Ln,75243,Dallas,TX,32.895626,-96.724464,450000,215.0,,437100.0,2062.0,3.0,3.0,2094.0,1978.0,3876.84,singleFamily,8,388170.0,2025,https://www.zillow.com,https://photos.zillowstatic.com/fp/c0ae7b4049303065b761d75f269df208-p_c.jpg,2026-05-18 11:42,For Sale
26689519,5701 Velasco Ave,75206,Dallas,TX,32.821274,-96.76997,799000,498.0,,769400.0,3204.0,2.0,2.0,1603.0,1919.0,8102.16,singleFamily,4,619600.0,2025,https://www.zillow.com,https://photos.zillowstatic.com/fp/1b285c96257218079d37ad13dbdc6294-p_c.jpg,2026-05-18 11:42,For Sale
26630743,4243 Timberglen Rd,75287,Dallas,TX,33.00433,-96.83831,367000,236.0,-3000.0,365100.0,2460.0,3.0,2.0,1555.0,1985.0,4181.76,singleFamily,57,374789.0,2025,https://www.zillow.com,https://photos.zillowstatic.com/fp/50262804d671b705530f2f57fd3610c0-p_c.jpg,2026-05-18 11:42,For Sale
122303267,3541 Dunminster Ct,75219,Dallas,TX,32.814808,-96.807884,819000,368.0,,730500.0,5964.0,3.0,4.0,2223.0,2013.0,1655.28,townhome,3,800890.0,2025,https://www.zillow.com,https://photos.zillowstatic.com/fp/e37a515ce1e24080a4aef388623fe63e-p_c.jpg,2026-05-18 11:42,For Sale
26806968,10118 Timber Trail Dr,75229,Dallas,TX,32.882893,-96.860435,915000,381.0,,693100.0,4304.0,3.0,3.0,2401.0,1969.0,0.424,singleFamily,2,631870.0,2025,https://www.zillow.com,https://photos.zillowstatic.com/fp/bbf61c8f57f13b7194c022a21454989c-p_c.jpg,2026-05-18 11:42,For Sale
26876362,16817 Rustic Meadows Dr,75248,Dallas,TX,32.9807,-96.80396,599000,274.0,,583000.0,3528.0,3.0,3.0,2190.0,1977.0,7448.76,singleFamily,10,592530.0,2025,https://www.zillow.com,https://photos.zillowstatic.com/fp/17f7fcce6020c0cc5a64d7d0d7bdb008-p_c.jpg,2026-05-18 11:42,For Sale
26908991,3726 Cypress Ave,75227,Dallas,TX,32.76926,-96.661476,269990,172.0,,267300.0,1800.0,3.0,2.0,1568.0,1950.0,0.442,singleFamily,2,275760.0,2025,https://www.zillow.com,https://photos.zillowstatic.com/fp/7adb6650077dcd4c42dceea5b8193abd-p_c.jpg,2026-05-18 11:42,For Sale
26759704,9520 Hathaway St,75220,Dallas,TX,32.87296,-96.81126,8990000,562.0,,,,9.0,13.0,16001.0,2004.0,1.437,singleFamily,0,10713450.0,2025,https://www.zillow.com,https://photos.zillowstatic.com/fp/edd2d76a585308de8163b557d5b63951-p_c.jpg,2026-05-18 11:42,For Sale
26749673,7318 Rutgers Dr,75214,Dallas,TX,32.849133,-96.73892,729000,440.0,,702900.0,3474.0,3.0,2.0,1655.0,1960.0,7492.32,singleFamily,1,735000.0,2025,https://www.zillow.com,https://photos.zillowstatic.com/fp/30eb9776bbd642f486eb316b18acb0e7-p_c.jpg,2026-05-18 11:42,For Sale
26828679,3830 Kiestmeadow Dr,75233,Dallas,TX,32.70859,-96.88341,280000,117.0,,,3159.0,4.0,3.0,2394.0,1970.0,10215.0,singleFamily,4,353680.0,2025,https://www.zillow.com,https://photos.zillowstatic.com/fp/ae141fbb0a226898daa56ba61050278b-p_c.jpg,2026-05-18 11:42,For Sale
26745501,2418 Centerville Rd,75228,Dallas,TX,32.842587,-96.6713,225000,203.0,-15000.0,220800.0,1940.0,3.0,2.0,1110.0,1952.0,0.168,singleFamily,29,197780.0,2025,https://www.zillow.com,https://photos.zillowstatic.com/fp/019ebe106413ab8923f487160bc41797-p_c.jpg,2026-05-18 11:42,For Sale
26807504,3556 Royal Ln,75229,Dallas,TX,32.894787,-96.85995,530000,344.0,-10000.0,513800.0,3683.0,3.0,2.0,1541.0,1961.0,9931.68,singleFamily,38,433460.0,2025,https://www.zillow.com,https://photos.zillowstatic.com/fp/81c1f2bfd30a420473c096a63bf1d906-p_c.jpg,2026-05-18 11:42,For Sale
462498496,1288 Ponchartrain Dr,75253,Dallas,TX,32.69251,-96.55715,321999,156.0,,,,4.0,2.0,2062.0,2026.0,,singleFamily,0,,,https://www.zillow.com,https://photos.zillowstatic.com/fp/b6d671de868b35985ad740b3ddeac0f0-p_c.jpg,2026-05-18 11:42,For Sale
26790140,3989 Highgrove Dr,75220,Dallas,TX,32.86901,-96.845245,1874999,413.0,,1822200.0,3681.0,6.0,6.0,4544.0,2026.0,10715.76,singleFamily,1,598050.0,2025,https://www.zillow.com,https://photos.zillowstatic.com/fp/13633a58f5d4631446275ca47d34471d-p_c.jpg,2026-05-18 11:42,For Sale
26717988,1022 N Montclair Ave,75208,Dallas,TX,32.757385,-96.84629,2800000,600.0,-100000.0,2636300.0,6280.0,5.0,4.0,4665.0,1935.0,0.328,singleFamily,102,1159220.0,2025,https://www.zillow.com,https://photos.zillowstatic.com/fp/e337eb801fe8ab5577e0a848893fba3b-p_c.jpg,2026-05-18 11:42,For Sale
26870689,6520 Calais Dr,75254,Dallas,TX,32.947292,-96.79298,1650000,380.0,,1567100.0,6120.0,4.0,4.0,4341.0,1969.0,0.441,singleFamily,3,1780340.0,2025,https://www.zillow.com,https://photos.zillowstatic.com/fp/a20e420c7e155e8475f1a4ef96e39385-p_c.jpg,2026-05-18 11:42,For Sale
26890583,7610 Bantry Cir,75248,Dallas,TX,32.98553,-96.77634,735000,254.0,,,,4.0,3.0,2890.0,1978.0,10672.2,singleFamily,2,757840.0,2025,https://www.zillow.com,https://photos.zillowstatic.com/fp/6a75ab841929942488ed6aa915c78476-p_c.jpg,2026-05-18 11:42,For Sale
26692248,5025 Homer St,75206,Dallas,TX,32.816418,-96.78452,595000,363.0,,566700.0,2906.0,5.0,2.0,1638.0,1940.0,6795.36,multiFamily,5,597360.0,2025,https://www.zillow.com,https://photos.zillowstatic.com/fp/d431c86e986558a18da1fa871ce502dd-p_c.jpg,2026-05-18 11:42,For Sale
26808950,3630 Townsend Dr,75229,Dallas,TX,32.89888,-96.85788,585000,319.0,,569400.0,3026.0,3.0,2.0,1832.0,1957.0,10323.72,singleFamily,1,508020.0,2025,https://www.zillow.com,https://photos.zillowstatic.com/fp/09d12231c244d1ecac351ca4418e492f-p_c.jpg,2026-05-18 11:42,For Sale
26691864,2215 Madera St,75206,Dallas,TX,32.814247,-96.77663,1595000,583.0,,1524300.0,6959.0,3.0,3.0,2738.0,2016.0,7501.032,singleFamily,24,1124380.0,2025,https://www.zillow.com,https://photos.zillowstatic.com/fp/165fece101cb2912bc346f0842d920c9-p_c.jpg,2026-05-18 11:42,For Sale
26744074,10817 Caprock Cir,75218,Dallas,TX,32.85597,-96.69739,799900,412.0,,,,3.0,2.0,1943.0,1960.0,0.311,singleFamily,16,570740.0,2025,https://www.zillow.com,https://photos.zillowstatic.com/fp/2f6abcca0a5e552bf88cc9904c671109-p_c.jpg,2026-05-18 11:42,For Sale
96526846,1507 Elk Creek Rd,75253,Dallas,TX,32.688972,-96.61076,549000,225.0,-20000.0,,,5.0,4.0,2445.0,2025.0,0.34500000000000003,singleFamily,55,80000.0,2025,https://www.zillow.com,https://photos.zillowstatic.com/fp/f5818fb2d26de9e733bd0d7e62956251-p_c.jpg,2026-05-18 11:42,For Sale
26811487,10455 Allegheny Dr,75229,Dallas,TX,32.889927,-96.88175,350000,175.0,-5000.0,343900.0,3550.0,4.0,3.0,2000.0,1957.0,7492.32,singleFamily,72,388100.0,2025,https://www.zillow.com,https://photos.zillowstatic.com/fp/3fb2c83dcc39e16fa8f3b4b401a76280-p_c.jpg,2026-05-18 11:42,For Sale
26688240,4323 Metropolitan Ave,75210,Dallas,TX,32.776577,-96.74835,325000,222.0,,323800.0,1238.0,3.0,2.0,1467.0,2026.0,6403.32,singleFamily,4,54260.0,2025,https://www.zillow.com,https://photos.zillowstatic.com/fp/77c07f75b356d552105366e5d465ca9c-p_c.jpg,2026-05-18 11:42,For Sale
26699726,2415 Bethurum Ave,75215,Dallas,TX,32.744957,-96.754875,174000,174.0,-500.0,,,3.0,2.0,1000.0,1921.0,4878.72,singleFamily,67,121080.0,2025,https://www.zillow.com,https://photos.zillowstatic.com/fp/205bdb374cc877f4d35fb6a15ddd6c4d-p_c.jpg,2026-05-18 11:42,For Sale
26819226,10038 Mesita Dr,75217,Dallas,TX,32.738804,-96.650215,248000,131.0,-1000.0,,,4.0,2.0,1897.0,1963.0,7797.24,singleFamily,233,277720.0,2025,https://www.zillow.com,https://photos.zillowstatic.com/fp/7d5f640950957ce093baa65f093e65eb-p_c.jpg,2026-05-18 11:42,For Sale
26831896,10156 Baronne Cir,75218,Dallas,TX,32.8623,-96.707726,459900,365.0,,,,3.0,1.0,1260.0,1953.0,8232.84,singleFamily,3,464060.0,2025,https://www.zillow.com,https://photos.zillowstatic.com/fp/b1c449946428cc3873cd1de62c4119ac-p_c.jpg,2026-05-18 11:42,For Sale
26742910,1318 Fuller Dr,75218,Dallas,TX,32.838882,-96.69106,370000,281.0,-5000.0,364600.0,2419.0,3.0,2.0,1316.0,1946.0,9713.88,singleFamily,38,351640.0,2025,https://www.zillow.com,https://photos.zillowstatic.com/fp/61fe060e45b8130d6b4e72fdc13271f8-p_c.jpg,2026-05-18 11:42,For Sale
26822963,6039 Blunter St,75241,Dallas,TX,32.671265,-96.77633,185000,175.0,,179100.0,1812.0,3.0,2.0,1056.0,1999.0,0.28500000000000003,singleFamily,18,201090.0,2025,https://www.zillow.com,https://photos.zillowstatic.com/fp/5edde160196601091481555b601264c3-p_c.jpg,2026-05-18 11:42,For Sale
26802360,8720 Odom Dr,75217,Dallas,TX,32.722916,-96.66981,199000,179.0,,209100.0,1824.0,3.0,2.0,1112.0,1958.0,7361.64,singleFamily,3,197430.0,2025,https://www.zillow.com,https://photos.zillowstatic.com/fp/e5c6dd2a8c000466619c9c50949edc89-p_c.jpg,2026-05-18 11:42,For Sale
26828648,3732 Kiest Knoll Dr,75233,Dallas,TX,32.70726,-96.882935,365000,175.0,,358500.0,2481.0,4.0,2.0,2082.0,1970.0,0.28200000000000003,singleFamily,16,322630.0,2025,https://www.zillow.com,https://photos.zillowstatic.com/fp/043c4095c47a15a4c2ac4220bab0b6d7-p_c.jpg,2026-05-18 11:42,For Sale
26789742,3765 Durango Dr,75220,Dallas,TX,32.86744,-96.85334,1775000,355.0,,399700.0,2468.0,5.0,7.0,5000.0,2026.0,8712.0,singleFamily,2,416800.0,2025,https://www.zillow.com,https://photos.zillowstatic.com/fp/4398813d55bf389607f6b2bb14661933-p_c.jpg,2026-05-18 11:42,For Sale
444242369,8181 Douglas Ave #Penthouse 9-12,75225,Dallas,TX,32.86198,-96.80891,17500000,1228.0,,,,5.0,13.0,14250.0,1982.0,0.4255,condo,15,,,https://www.zillow.com,https://photos.zillowstatic.com/fp/740a8ec79973c1a2fb3483c4cdf6d421-p_c.jpg,2026-05-18 11:42,For Sale
26825395,4614 Oak Trl,75232,Dallas,TX,32.68771,-96.83589,442000,211.0,,,,3.0,3.0,2095.0,1958.0,7949.7,singleFamily,30,278670.0,2025,https://www.zillow.com,https://photos.zillowstatic.com/fp/af8dba3592eb69a00ac9582f6fd9a2f1-p_c.jpg,2026-05-18 11:42,For Sale
26757939,5214 Royal Ln,75229,Dallas,TX,32.89423,-96.81772,10995000,992.0,,10195100.0,2604.0,5.0,8.0,11081.0,2017.0,1.785,singleFamily,16,7303740.0,2025,https://www.zillow.com,https://photos.zillowstatic.com/fp/cb56097d67c82b550b194c5e17cdb825-p_c.jpg,2026-05-18 11:42,For Sale
26823387,6808 Sweet Sue Ln,75241,Dallas,TX,32.665916,-96.802246,160000,116.0,,164600.0,1524.0,3.0,2.0,1378.0,1962.0,8973.36,singleFamily,1,176370.0,2025,https://www.zillow.com,https://photos.zillowstatic.com/fp/6a4c6c439a0a1f9361f9665c2f0799d0-p_c.jpg,2026-05-18 11:42,For Sale
26716908,1505 Arizona Ave,75216,Dallas,TX,32.729168,-96.81836,399500,208.0,,388400.0,2376.0,2.0,2.0,1921.0,1949.0,9060.48,singleFamily,16,432590.0,2025,https://www.zillow.com,https://photos.zillowstatic.com/fp/7ac22580f037d90da129d628641ed413-p_c.jpg,2026-05-18 11:42,For Sale
26869885,9206 Club Glen Dr,75243,Dallas,TX,32.901005,-96.74424,1250000,276.0,,1196000.0,6155.0,4.0,4.0,4537.0,1980.0,0.277,singleFamily,1,1046420.0,2025,https://www.zillow.com,https://photos.zillowstatic.com/fp/0163b3309e8adb4a615264347a0d944f-p_c.jpg,2026-05-18 11:42,For Sale
26898800,3105 San Jacinto St APT 201,75204,Dallas,TX,32.79298,-96.79051,200000,216.0,-17500.0,190600.0,1759.0,2.0,2.0,926.0,1981.0,2.008,condo,187,250020.0,2025,https://www.zillow.com,https://photos.zillowstatic.com/fp/a919254da3d27163e7477fa27f7e15a9-p_c.jpg,2026-05-18 11:42,For Sale
26798267,7911 Komalty Dr,75217,Dallas,TX,32.708214,-96.686775,250000,152.0,-10000.0,246900.0,2047.0,4.0,2.0,1650.0,1959.0,7579.44,singleFamily,9,245540.0,2025,https://www.zillow.com,https://photos.zillowstatic.com/fp/43e1535a7b20a347121e5664a28300ef-p_c.jpg,2026-05-18 11:42,For Sale
26748569,6126 Highgate Ln,75214,Dallas,TX,32.849133,-96.7593,865000,365.0,,845600.0,4431.0,3.0,2.0,2368.0,1971.0,8929.8,singleFamily,4,781060.0,2025,https://www.zillow.com,https://photos.zillowstatic.com/fp/994500028e5426b4ff15e03378e0967b-p_c.jpg,2026-05-18 11:42,For Sale
26766763,2315 Exeter Ave,75216,Dallas,TX,32.70368,-96.786705,209000,232.0,,,,2.0,2.0,900.0,1947.0,6926.04,singleFamily,2,148570.0,2025,https://www.zillow.com,https://photos.zillowstatic.com/fp/4b714cabf9d7fe6beb4d8075cde3d418-p_c.jpg,2026-05-18 11:42,For Sale
26709988,340 S Edgefield Ave,75208,Dallas,TX,32.741657,-96.84386,549900,392.0,-15100.0,,,2.0,2.0,1404.0,1926.0,7492.32,singleFamily,32,573890.0,2025,https://www.zillow.com,https://photos.zillowstatic.com/fp/9693d977fc7a3086e303ec9e05831815-p_c.jpg,2026-05-18 11:42,For Sale
84005780,3210 Carlisle St Unit 37,75204,Dallas,TX,32.8048,-96.80165,699000,303.0,10000.0,673400.0,5409.0,2.0,3.0,2306.0,2006.0,2.568,condo,1,749450.0,2025,https://www.zillow.com,https://photos.zillowstatic.com/fp/c05f352f63b6af7e9f798e0fe1ed19b7-p_c.jpg,2026-05-18 11:42,For Sale
462495024,1319 Madrigal Pkwy,75206,Dallas,TX,32.807716,-96.76953,699000,395.0,,,,3.0,3.0,1770.0,2026.0,7230.96,townhome,1,,,https://www.zillow.com,https://photos.zillowstatic.com/fp/294d26f7d0cb3fbd90a29fd8a87192df-p_c.jpg,2026-05-18 11:42,For Sale
26758759,4625 Walnut Hill Ln,75229,Dallas,TX,32.880646,-96.82968,7045000,594.0,-350000.0,6671100.0,8662.0,5.0,7.0,11858.0,2024.0,0.96,singleFamily,122,8023830.0,2025,https://www.zillow.com,https://photos.zillowstatic.com/fp/103375634ea892680148e97dc49f5824-p_c.jpg,2026-05-18 11:42,For Sale
55826252,3553 Wheeler St,75209,Dallas,TX,32.82603,-96.820305,500000,325.0,,,,2.0,2.0,1540.0,2000.0,1350.36,townhome,3,397200.0,2025,https://www.zillow.com,https://photos.zillowstatic.com/fp/4b3a31a9876f91fc2957b969b9ebb2cc-p_c.jpg,2026-05-18 11:42,For Sale
26787721,3611 Marsh Lane Pl,75220,Dallas,TX,32.87962,-96.85696,575000,229.0,,,,3.0,3.0,2512.0,1953.0,10846.44,singleFamily,40,575000.0,2025,https://www.zillow.com,https://photos.zillowstatic.com/fp/acb7031a247e670b8196f34514758855-p_c.jpg,2026-05-18 11:42,For Sale
26685918,5727 Victor St,75214,Dallas,TX,32.804718,-96.75619,755000,338.0,-20000.0,729900.0,3509.0,3.0,3.0,2236.0,1915.0,8232.84,singleFamily,52,722100.0,2025,https://www.zillow.com,https://photos.zillowstatic.com/fp/e6bf6816725269abc4082dc4474c0c90-p_c.jpg,2026-05-18 11:42,For Sale
26912851,8503 Coppertowne Ln,75243,Dallas,TX,32.89599,-96.72702,339000,201.0,-20999.0,334700.0,2819.0,3.0,3.0,1686.0,1983.0,1960.2,singleFamily,125,359420.0,2025,https://www.zillow.com,https://photos.zillowstatic.com/fp/f8f66ce3651a957edc400efd7004e960-p_c.jpg,2026-05-18 11:42,For Sale
26806752,10335 Hedgeway Dr,75229,Dallas,TX,32.887497,-96.84895,2649500,478.0,-44500.0,2575600.0,3864.0,6.0,6.0,5546.0,2025.0,0.364,singleFamily,121,1345000.0,2025,https://www.zillow.com,https://photos.zillowstatic.com/fp/3e7d6c6e04a3241221dbfd100946f4a5-p_c.jpg,2026-05-18 11:42,For Sale
26887252,6011 Twin Coves St,75248,Dallas,TX,32.970802,-96.799835,1649000,456.0,,1573300.0,6639.0,4.0,4.0,3615.0,1981.0,0.368,singleFamily,11,1192700.0,2025,https://www.zillow.com,https://photos.zillowstatic.com/fp/b44cd4a3f562674f4f57dc96ab4b2a08-p_c.jpg,2026-05-18 11:42,For Sale
67964626,1505 Elm St APT 1003,75201,Dallas,TX,32.781612,-96.79958,325000,159.0,-16000.0,316400.0,4874.0,3.0,3.0,2045.0,1957.0,10018.8,condo,40,398780.0,2025,https://www.zillow.com,https://photos.zillowstatic.com/fp/bbb1e48be376f87d3661e17e29ef9970-p_c.jpg,2026-05-18 11:42,For Sale
80230333,2830 Gospel Dr,75237,Dallas,TX,32.654057,-96.86591,250000,147.0,,247500.0,1996.0,3.0,2.0,1695.0,2006.0,5488.56,singleFamily,3,269800.0,2025,https://www.zillow.com,https://photos.zillowstatic.com/fp/e6455c0bb3e8b9324f6ee8ea71f7d263-p_c.jpg,2026-05-18 11:42,For Sale
26651530,18719 Thorntree Ln,75252,Dallas,TX,33.005703,-96.80297,830000,241.0,,,,5.0,4.0,3447.0,1993.0,8712.0,singleFamily,3,736215.0,2025,https://www.zillow.com,https://photos.zillowstatic.com/fp/20709e3b3ed9ac0db527f97948c277e0-p_c.jpg,2026-05-18 11:42,For Sale
26719822,3102 W Jefferson Blvd,75211,Dallas,TX,32.744076,-96.871544,475000,349.0,,460300.0,1664.0,3.0,2.0,1360.0,1926.0,9757.44,singleFamily,1,222400.0,2025,https://www.zillow.com,https://photos.zillowstatic.com/fp/0bb9e6fe1cde86137a4eaf7bf7946607-p_c.jpg,2026-05-18 11:42,For Sale
248828134,11319 Dumbarton Dr,75228,Dallas,TX,32.849205,-96.65468,345000,178.0,,,,4.0,3.0,1936.0,1964.0,8929.8,singleFamily,2,297000.0,2025,https://www.zillow.com,https://photos.zillowstatic.com/fp/bcfea622fd1759b5270fb03eea6d165d-p_c.jpg,2026-05-18 11:42,For Sale
96507257,3231 Fairview Ave,75223,Dallas,TX,32.78969,-96.73935,348000,218.0,,344700.0,2618.0,4.0,2.0,1600.0,2023.0,7492.32,singleFamily,31,306830.0,2025,https://www.zillow.com,https://photos.zillowstatic.com/fp/c5ec89f37caa22067edfafa6e023aa7e-p_c.jpg,2026-05-18 11:42,For Sale
26631618,6016 Derek Trl,75252,Dallas,TX,33.007977,-96.80267,499000,205.0,-26000.0,488200.0,3460.0,3.0,3.0,2440.0,1994.0,6098.4,singleFamily,31,521995.0,2025,https://www.zillow.com,https://photos.zillowstatic.com/fp/ea96f9edfc2d0ae153f8c047e80cb603-p_c.jpg,2026-05-18 11:42,For Sale
26822323,6525 Palm Island St,75241,Dallas,TX,32.66635,-96.75114,160000,89.0,,154300.0,1972.0,4.0,2.0,1790.0,1972.0,7535.88,singleFamily,25,256550.0,2025,https://www.zillow.com,https://photos.zillowstatic.com/fp/11599a24766e68ff098c5ca6bf9b3304-p_c.jpg,2026-05-18 11:42,For Sale
26713232,2606 W 12th St,75211,Dallas,TX,32.740997,-96.86155,349000,272.0,,343800.0,2236.0,2.0,2.0,1284.0,1915.0,7405.2,singleFamily,12,393850.0,2025,https://www.zillow.com,https://photos.zillowstatic.com/fp/9136a2d69890c80bfdf9a919077441fc-p_c.jpg,2026-05-18 11:42,For Sale
2070844937,2742 Marjorie Ave,75216,Dallas,TX,32.697113,-96.77824,515000,242.0,125100.0,504700.0,2968.0,4.0,3.0,2132.0,2022.0,0.38799999999999996,singleFamily,2,,,https://www.zillow.com,https://photos.zillowstatic.com/fp/d253f0cc9cb77c73cdc6eed378c6f219-p_c.jpg,2026-05-18 11:42,For Sale
26694637,3114 Jerome St,75223,Dallas,TX,32.78706,-96.741325,155000,136.0,-15000.0,,1625.0,2.0,2.0,1140.0,1925.0,7100.28,singleFamily,79,129570.0,2025,https://www.zillow.com,https://photos.zillowstatic.com/fp/5558500e3dc8ff9dd2b3ec43e3688242-p_c.jpg,2026-05-18 11:42,For Sale
26875976,16815 Davenport Rd,75248,Dallas,TX,32.978874,-96.79623,580000,267.0,,525000.0,3264.0,3.0,2.0,2170.0,1977.0,7143.84,singleFamily,16,529000.0,2025,https://www.zillow.com,https://photos.zillowstatic.com/fp/b03a22262c16dcd3536dff16a14b841d-p_c.jpg,2026-05-18 11:42,For Sale
26830918,8435 Suncrest Dr,75228,Dallas,TX,32.80433,-96.7017,524900,266.0,,510300.0,2764.0,3.0,3.0,1970.0,1962.0,9016.92,singleFamily,2,440000.0,2025,https://www.zillow.com,https://photos.zillowstatic.com/fp/03cf41d27fe09eb2b47da4d6c2a67693-p_c.jpg,2026-05-18 11:42,For Sale
96503609,2114 Volga Ave,75216,Dallas,TX,32.702614,-96.79331,295000,175.0,,292400.0,2375.0,4.0,2.0,1683.0,2019.0,9147.6,singleFamily,3,295020.0,2025,https://www.zillow.com,https://photos.zillowstatic.com/fp/6d9b422bafb4d91b9a9f032dc26a47e2-p_c.jpg,2026-05-18 11:42,For Sale
26888124,9814 Amberton Pkwy,75243,Dallas,TX,32.921757,-96.738495,190000,109.0,-10000.0,,2522.0,3.0,2.0,1742.0,1978.0,4443.12,townhome,58,283820.0,2025,https://www.zillow.com,https://photos.zillowstatic.com/fp/4db4e7a5b8aedb53fa8515ed953dba49-p_c.jpg,2026-05-18 11:42,For Sale
248830365,4828 Caxton Ct,75204,Dallas,TX,32.80886,-96.78034,775000,398.0,-25000.0,757400.0,3393.0,3.0,4.0,1948.0,2018.0,1524.6,townhome,17,739950.0,2025,https://www.zillow.com,https://photos.zillowstatic.com/fp/b686cd91947a4e866659cb23391feb39-p_c.jpg,2026-05-18 11:42,For Sale
26843675,8852 Larchwood Dr,75238,Dallas,TX,32.868546,-96.70291,575000,415.0,,,,3.0,2.0,1385.0,1955.0,7535.88,singleFamily,5,555820.0,2025,https://www.zillow.com,https://photos.zillowstatic.com/fp/c43e653e58435b35f1f4393f5add1351-p_c.jpg,2026-05-18 11:42,For Sale
26820164,2926 N Prairie Creek Rd,75227,Dallas,TX,32.762196,-96.66522,199000,124.0,,193500.0,2015.0,3.0,2.0,1602.0,1962.0,7797.24,singleFamily,10,214160.0,2025,https://www.zillow.com,https://photos.zillowstatic.com/fp/9c16793464937e1c89c683b6a429bc06-p_c.jpg,2026-05-18 11:42,For Sale
26811210,3046 Rotan Ln,75229,Dallas,TX,32.891068,-96.87621,389900,168.0,-10000.0,386400.0,3598.0,4.0,3.0,2317.0,1955.0,7535.88,singleFamily,88,465220.0,2025,https://www.zillow.com,https://photos.zillowstatic.com/fp/b053044287f4729155ea38ec61cf52e2-p_c.jpg,2026-05-18 11:42,For Sale
26760154,5730 W Amherst Ave,75209,Dallas,TX,32.85191,-96.81404,1350000,465.0,-95000.0,,,2.0,2.0,2902.0,2008.0,7501.032,singleFamily,124,1637580.0,2025,https://www.zillow.com,https://photos.zillowstatic.com/fp/ebf968f2d3a313d281e2b6eded602615-p_c.jpg,2026-05-18 11:42,For Sale
26735855,3941 Adrian Dr,75209,Dallas,TX,32.85301,-96.842896,1350000,319.0,,1310300.0,5713.0,5.0,6.0,4236.0,2023.0,7492.32,singleFamily,1,1823050.0,2025,https://www.zillow.com,https://photos.zillowstatic.com/fp/5b0a14aa9ebd4b919a5fe5a06ef7258f-p_c.jpg,2026-05-18 11:42,For Sale
26731440,7615 Morton St,75209,Dallas,TX,32.848873,-96.82399,2300000,501.0,,2229100.0,2178.0,5.0,7.0,4590.0,2026.0,7492.32,singleFamily,17,500000.0,2025,https://www.zillow.com,https://photos.zillowstatic.com/fp/f00ba353361231e34416c6577839be24-p_c.jpg,2026-05-18 11:42,For Sale
26643578,4219 Hollow Oak Dr,75287,Dallas,TX,32.997143,-96.83762,914900,211.0,-3850.0,,5707.0,5.0,4.0,4327.0,1989.0,8712.0,singleFamily,380,942154.0,2025,https://www.zillow.com,https://photos.zillowstatic.com/fp/fde7a660e79c44058378e3a2925a2f1a-p_c.jpg,2026-05-18 11:42,For Sale
26804535,12108 Fieldwood Ln,75244,Dallas,TX,32.913193,-96.82432,2899999,526.0,-50000.0,2768400.0,6381.0,6.0,7.0,5516.0,2019.0,0.3663,singleFamily,24,2715660.0,2025,https://www.zillow.com,https://photos.zillowstatic.com/fp/d78a4b75c74a52d395d4f2d173870e84-p_c.jpg,2026-05-18 11:42,For Sale
439482442,3778 Weeburn Dr,75229,Dallas,TX,32.90715,-96.85195,674000,270.0,,652700.0,4891.0,3.0,3.0,2496.0,1968.0,7840.8,singleFamily,2,746000.0,2025,https://www.zillow.com,https://photos.zillowstatic.com/fp/34f3e28b859e3b90388384aab2126a75-p_c.jpg,2026-05-18 11:42,For Sale
26931753,9827 Walnut St #210,75243,Dallas,TX,32.922752,-96.713715,59000,57.0,-10000.0,,1543.0,2.0,2.0,1031.0,1983.0,8.8143,condo,156,113410.0,2025,https://www.zillow.com,https://photos.zillowstatic.com/fp/2d53b4ef5d251f8ca2b79eccfe93777a-p_c.jpg,2026-05-18 11:42,For Sale
26713007,734 N Montclair Ave,75208,Dallas,TX,32.751488,-96.84263,730000,467.0,-55000.0,708800.0,3108.0,3.0,3.0,1564.0,1922.0,7448.76,singleFamily,30,551970.0,2025,https://www.zillow.com,https://photos.zillowstatic.com/fp/0ce0718eaef9d04480fc634579319696-p_c.jpg,2026-05-18 11:42,For Sale
26889683,6438 Riverview Ln,75248,Dallas,TX,32.974464,-96.79917,1325000,301.0,,1300900.0,5779.0,4.0,4.0,4408.0,1981.0,0.27,singleFamily,14,1086190.0,2025,https://www.zillow.com,https://photos.zillowstatic.com/fp/b5d22df35f7ab03769097d88e226087d-p_c.jpg,2026-05-18 11:42,For Sale
26883144,10108 Laingtree Dr,75243,Dallas,TX,32.920284,-96.71025,342000,143.0,-18000.0,,4112.0,4.0,3.0,2391.0,1977.0,9060.48,singleFamily,62,476720.0,2025,https://www.zillow.com,https://photos.zillowstatic.com/fp/0d5e7729fec0a103e8d2959bc2d7f10a-p_c.jpg,2026-05-18 11:42,For Sale
26717089,1314 Arborvitae Ave,75224,Dallas,TX,32.730717,-96.823456,325000,226.0,-14000.0,,2443.0,3.0,2.0,1441.0,1945.0,7405.2,singleFamily,40,148690.0,2021,https://www.zillow.com,https://photos.zillowstatic.com/fp/96cf17dee8483848d5193a730aa6a72e-p_c.jpg,2026-05-18 11:42,For Sale
26746587,1049 Forestgrove Dr,75218,Dallas,TX,32.846146,-96.695045,774900,298.0,,748100.0,3447.0,3.0,3.0,2600.0,1969.0,0.36845730027548207,singleFamily,0,700090.0,2025,https://www.zillow.com,https://photos.zillowstatic.com/fp/9c64937dcdad14145c64c2d6e0fb72ee-p_c.jpg,2026-05-18 11:42,For Sale
26889053,6216 Copperhill Dr,75248,Dallas,TX,32.95622,-96.79943,549000,233.0,-10000.0,544200.0,3579.0,3.0,3.0,2360.0,1981.0,7487.964,singleFamily,30,500000.0,2025,https://www.zillow.com,https://photos.zillowstatic.com/fp/69b3c2b06fc46d9a76d04504bea72f06-p_c.jpg,2026-05-18 11:42,For Sale
96527169,2021 Dennison St,75212,Dallas,TX,32.782043,-96.8543,560000,229.0,,545500.0,3213.0,3.0,3.0,2442.0,2019.0,4356.0,singleFamily,1,514050.0,2025,https://www.zillow.com,https://photos.zillowstatic.com/fp/731e2afeb936b27c9f5a5cf1583a82a9-p_c.jpg,2026-05-18 11:42,For Sale
26700774,6931 Lindsley Ave,75223,Dallas,TX,32.80647,-96.74025,649000,352.0,-46000.0,633900.0,3375.0,3.0,2.0,1844.0,1931.0,7143.84,singleFamily,59,806540.0,2025,https://www.zillow.com,https://photos.zillowstatic.com/fp/2d8a06f99d4f025d1dcaa7ad000161c5-p_c.jpg,2026-05-18 11:42,For Sale
26633938,4315 Creekmeadow Dr,75287,Dallas,TX,32.995464,-96.836174,750000,263.0,,736500.0,4256.0,4.0,3.0,2850.0,1986.0,8276.4,singleFamily,2,753343.0,2025,https://www.zillow.com,https://photos.zillowstatic.com/fp/0a6c4ebd49ca8cc41d704b1722acf52b-p_c.jpg,2026-05-18 11:42,For Sale
96514987,1967 Gallagher St,75212,Dallas,TX,32.784996,-96.85322,819000,183.0,,,,5.0,4.0,4483.0,2026.0,6490.44,singleFamily,4,161880.0,2025,https://www.zillow.com,https://photos.zillowstatic.com/fp/16db42ed506d380a72dc3353a63e2662-p_c.jpg,2026-05-18 11:42,For Sale
27298891,17909 Brent Dr,75287,Dallas,TX,32.994884,-96.862274,499999,202.0,-9001.0,,,4.0,3.0,2470.0,1998.0,5967.72,singleFamily,52,481274.0,2025,https://www.zillow.com,https://photos.zillowstatic.com/fp/083c057a27ecaba436ee4d6ba99cb302-p_c.jpg,2026-05-18 11:42,For Sale
26788556,9939 Ontario Ln,75220,Dallas,TX,32.879276,-96.84191,2599000,508.0,,,,4.0,5.0,5116.0,2025.0,9321.84,singleFamily,3,686360.0,2025,https://www.zillow.com,https://photos.zillowstatic.com/fp/e60ef3e0dee172e1f5f4289544e75c46-p_c.jpg,2026-05-18 11:42,For Sale
26747180,649 Northlake Dr,75218,Dallas,TX,32.846478,-96.71209,605000,391.0,,,,3.0,2.0,1546.0,1947.0,10410.84,singleFamily,31,622250.0,2025,https://www.zillow.com,https://photos.zillowstatic.com/fp/df59747eded1c64224ad83a6971dcbee-p_c.jpg,2026-05-18 11:42,For Sale
26653388,5844 Willow Wood Ln,75252,Dallas,TX,33.010895,-96.80671,585000,250.0,,546600.0,3774.0,3.0,2.0,2338.0,1996.0,6969.6,singleFamily,3,560045.0,2025,https://www.zillow.com,https://photos.zillowstatic.com/fp/17d1650687828852e5e79e3e9d544f30-p_c.jpg,2026-05-18 11:42,For Sale
96514370,2418 Merlin St,75215,Dallas,TX,32.77463,-96.77442,299900,180.0,14900.0,291800.0,2573.0,3.0,3.0,1669.0,2025.0,,singleFamily,303,90000.0,2025,https://www.zillow.com,https://photos.zillowstatic.com/fp/91b90021b7264137b0710455580e2b4f-p_c.jpg,2026-05-18 11:42,For Sale
26790707,3705 Seguin Dr,75220,Dallas,TX,32.878757,-96.855865,550000,229.0,-25000.0,542800.0,3321.0,3.0,2.0,2399.0,1951.0,9278.28,singleFamily,186,673540.0,2025,https://www.zillow.com,https://photos.zillowstatic.com/fp/0498695e56b0ae321fd47dcd9ef8ad25-p_c.jpg,2026-05-18 11:42,For Sale
26740176,8210 Garland Rd,75218,Dallas,TX,32.81496,-96.721535,3495000,536.0,,3211200.0,8705.0,6.0,6.0,6519.0,2004.0,1.033,singleFamily,30,2566600.0,2025,https://www.zillow.com,https://photos.zillowstatic.com/fp/cc924622ac02e491e01f7031b7e4a773-p_c.jpg,2026-05-18 11:42,For Sale
26785054,7153 Teresita Trl,75227,Dallas,TX,32.792137,-96.68907,370000,166.0,-10000.0,368200.0,3107.0,4.0,3.0,2232.0,1978.0,0.255,singleFamily,79,335020.0,2025,https://www.zillow.com,https://photos.zillowstatic.com/fp/ba8feed89f2c8a231a2c8d4384da2463-p_c.jpg,2026-05-18 11:42,For Sale
26756856,5818 Gramercy Pl,75230,Dallas,TX,32.895584,-96.80866,1899000,486.0,-50000.0,1850700.0,7943.0,4.0,4.0,3906.0,1956.0,0.413,singleFamily,51,1682090.0,2025,https://www.zillow.com,https://photos.zillowstatic.com/fp/d02b9c85cffacb87265b353233751bc2-p_c.jpg,2026-05-18 11:42,For Sale
26696061,431 Monte Vista Dr,75223,Dallas,TX,32.80649,-96.74401,925000,525.0,,889300.0,3384.0,3.0,2.0,1762.0,1926.0,7579.44,singleFamily,1,765340.0,2025,https://www.zillow.com,https://photos.zillowstatic.com/fp/6d8b47abc94ccf0da4855b633e7b410a-p_c.jpg,2026-05-18 11:42,For Sale
26763278,6025 Fairway Ave,75227,Dallas,TX,32.77165,-96.71728,275000,192.0,,273800.0,2090.0,3.0,2.0,1435.0,1951.0,10541.52,singleFamily,9,259230.0,2025,https://www.zillow.com,https://photos.zillowstatic.com/fp/b371081e6cb83b67182183a98533a8d2-p_c.jpg,2026-05-18 11:42,For Sale
26906831,948 Carom Way,75217,Dallas,TX,32.728287,-96.64656,259900,139.0,,,,5.0,3.0,1875.0,1985.0,7884.36,singleFamily,3,238950.0,2025,https://www.zillow.com,https://photos.zillowstatic.com/fp/b3ee944f437c6231f547df991878d174-p_c.jpg,2026-05-18 11:42,For Sale
26850473,9634 Shoreview Rd,75238,Dallas,TX,32.86526,-96.72061,825000,476.0,-25000.0,800700.0,3111.0,3.0,2.0,1734.0,1958.0,9395.892,singleFamily,18,798710.0,2025,https://www.zillow.com,https://photos.zillowstatic.com/fp/d0a7bfb787e8e41f64a36bc82af07f5d-p_c.jpg,2026-05-18 11:42,For Sale
26680664,1726 Driskell St,75215,Dallas,TX,32.755207,-96.76747,400000,148.0,-25000.0,399300.0,2875.0,5.0,3.0,2700.0,2026.0,7492.32,singleFamily,85,264390.0,2025,https://www.zillow.com,https://photos.zillowstatic.com/fp/5c4259d94c037232f1d4ff086b284119-p_c.jpg,2026-05-18 11:42,For Sale
26746611,10405 Lake Gardens Dr,75218,Dallas,TX,32.845173,-96.69543,875000,347.0,,836300.0,4630.0,3.0,3.0,2521.0,1955.0,0.251,singleFamily,6,769550.0,2025,https://www.zillow.com,https://photos.zillowstatic.com/fp/c394eb775404aa82c5cd4692a13ad135-p_c.jpg,2026-05-18 11:42,For Sale
26806504,10626 Cox Ln,75229,Dallas,TX,32.89226,-96.85272,1349000,333.0,-150900.0,,,4.0,5.0,4053.0,1972.0,0.323,singleFamily,2,1116000.0,2025,https://www.zillow.com,https://photos.zillowstatic.com/fp/1bf69cdbd28be9acfd68cb1beadeabff-p_c.jpg,2026-05-18 11:42,For Sale
26829139,12423 Montego Plz,75230,Dallas,TX,32.91866,-96.81406,559000,270.0,,434200.0,4231.0,2.0,3.0,2074.0,1981.0,2570.04,townhome,2,470720.0,2025,https://www.zillow.com,https://photos.zillowstatic.com/fp/4033882862c8342e04efb169e62ba795-p_c.jpg,2026-05-18 11:42,For Sale
26788834,4036 Rochelle Dr,75220,Dallas,TX,32.87417,-96.845375,895000,597.0,,853800.0,2043.0,2.0,2.0,1500.0,1952.0,7840.8,singleFamily,2,700070.0,2025,https://www.zillow.com,https://photos.zillowstatic.com/fp/4ceaefdf8e58e21ca3de776cfbf5eff3-p_c.jpg,2026-05-18 11:42,For Sale
60347184,4030 Holly Leaf Ct,75212,Dallas,TX,32.790154,-96.86008,400000,157.0,,388800.0,2554.0,3.0,3.0,2544.0,2002.0,5357.88,singleFamily,2,443850.0,2025,https://www.zillow.com,https://photos.zillowstatic.com/fp/e8af6fc8743caa6269716f2bbf5d1bc9-p_c.jpg,2026-05-18 11:42,For Sale
69677337,4130 Newton Ave APT F,75219,Dallas,TX,32.81827,-96.80567,250000,207.0,,240200.0,2597.0,1.0,2.0,1208.0,1974.0,9191.16,condo,1,320120.0,2025,https://www.zillow.com,https://photos.zillowstatic.com/fp/c40a6de5799a1cafea5a255068e0d553-p_c.jpg,2026-05-18 11:42,For Sale
26864101,11480 Audelia Rd APT 332,75243,Dallas,TX,32.905064,-96.71589,63500,87.0,-1000.0,,1148.0,1.0,1.0,730.0,1980.0,9.993,condo,15,87250.0,2025,https://www.zillow.com,https://photos.zillowstatic.com/fp/54dbef4aecfa1b42a683659faf534a48-p_c.jpg,2026-05-18 11:42,For Sale
26831844,203 Leda Dr,75218,Dallas,TX,32.861023,-96.70883,549900,385.0,,535300.0,2496.0,3.0,2.0,1430.0,1953.0,8973.36,singleFamily,5,433270.0,2025,https://www.zillow.com,https://photos.zillowstatic.com/fp/554ba47fadb4a2a7c94a08029850974b-p_c.jpg,2026-05-18 11:42,For Sale
26716918,326 Vermont Ave,75216,Dallas,TX,32.72789,-96.81888,389000,219.0,-9000.0,383300.0,1969.0,3.0,2.0,1776.0,1949.0,7666.56,singleFamily,51,341510.0,2025,https://www.zillow.com,https://photos.zillowstatic.com/fp/ae559239effe128a8a87f6ecab5bf4d5-p_c.jpg,2026-05-18 11:42,For Sale
26869122,8904 Meadowknoll Dr,75243,Dallas,TX,32.89797,-96.72979,1175000,264.0,,1134200.0,6598.0,5.0,6.0,4458.0,2006.0,0.299,singleFamily,31,1138430.0,2025,https://www.zillow.com,https://photos.zillowstatic.com/fp/63c7007b6d873dab62329d87b9313953-p_c.jpg,2026-05-18 11:42,For Sale
96535700,6030 Plum Dale Rd,75241,Dallas,TX,32.67256,-96.77763,399999,227.0,,,1481.0,3.0,3.0,1766.0,2026.0,6098.4,singleFamily,3,65000.0,2025,https://www.zillow.com,https://photos.zillowstatic.com/fp/058ddb76f47fd70c01356018c9884d15-p_c.jpg,2026-05-18 11:42,For Sale
69676682,2848 Woodside St #7D,75204,Dallas,TX,32.798122,-96.799355,749900,395.0,,740000.0,3945.0,2.0,3.0,1900.0,2003.0,0.383,singleFamily,3,636500.0,2025,https://www.zillow.com,https://photos.zillowstatic.com/fp/c16698aa8d7343a4ecd8f77202e0d704-p_c.jpg,2026-05-18 11:42,For Sale
26786515,864 Peavy Rd,75218,Dallas,TX,32.84565,-96.70613,525000,391.0,160100.0,514100.0,2529.0,3.0,2.0,1342.0,1954.0,8102.16,singleFamily,17,521710.0,2025,https://www.zillow.com,https://photos.zillowstatic.com/fp/ad361dc5613a8892851544141979bedd-p_c.jpg,2026-05-18 11:42,For Sale
248828035,3035 Townsend Dr,75229,Dallas,TX,32.898933,-96.876495,375000,252.0,,,2402.0,3.0,2.0,1488.0,1959.0,8450.64,singleFamily,60,420930.0,2025,https://www.zillow.com,https://photos.zillowstatic.com/fp/c81f72de36eccba601f5b1888ec393c1-p_c.jpg,2026-05-18 11:42,For Sale
26870526,14015 Highmark Sq,75254,Dallas,TX,32.939445,-96.80321,600000,233.0,,583500.0,3863.0,3.0,3.0,2575.0,1980.0,6795.36,singleFamily,4,673310.0,2025,https://www.zillow.com,https://photos.zillowstatic.com/fp/4090b396b0eb06e646074b386208bb45-p_c.jpg,2026-05-18 11:42,For Sale
26871906,6810 Town Bluff Dr,75248,Dallas,TX,32.95476,-96.791534,737500,233.0,,712700.0,4690.0,4.0,3.0,3161.0,1974.0,0.331,singleFamily,4,721940.0,2025,https://www.zillow.com,https://photos.zillowstatic.com/fp/bc742c27e2a6c9fb671da352e914e77c-p_c.jpg,2026-05-18 11:42,For Sale
26875769,6505 Beckwith Ct,75248,Dallas,TX,32.97916,-96.795364,1100000,332.0,,1061500.0,4731.0,4.0,3.0,3312.0,1975.0,9757.44,singleFamily,16,938770.0,2025,https://www.zillow.com,https://photos.zillowstatic.com/fp/57bb540d4e097fd2d937b549e660f69b-p_c.jpg,2026-05-18 11:42,For Sale
26883753,3330 Sharpview Ln,75228,Dallas,TX,32.796867,-96.69578,575000,219.0,,559100.0,3486.0,3.0,3.0,2624.0,1965.0,9234.72,singleFamily,2,597920.0,2025,https://www.zillow.com,https://photos.zillowstatic.com/fp/74db1f7b9ef4414955053e731dbf949d-p_c.jpg,2026-05-18 11:42,For Sale
26637897,6207 Gray Wolf Trl,75252,Dallas,TX,33.003944,-96.797745,499995,211.0,-10000.0,,,4.0,3.0,2365.0,1993.0,4438.764,singleFamily,38,448730.0,2025,https://www.zillow.com,https://photos.zillowstatic.com/fp/b05741aea1016e61975b5c70b1b6b315-p_c.jpg,2026-05-18 11:42,For Sale
26874290,7716 La Risa Dr,75248,Dallas,TX,32.962345,-96.775024,550000,237.0,-9900.0,,3705.0,4.0,4.0,2317.0,1969.0,8886.24,singleFamily,389,465660.0,2025,https://www.zillow.com,https://photos.zillowstatic.com/fp/c846a4abfde875b9caf9b6f577a5f3ad-p_c.jpg,2026-05-18 11:42,For Sale
26912642,8518 Coppertowne Ln,75243,Dallas,TX,32.89634,-96.726585,315000,234.0,-10000.0,310100.0,2492.0,2.0,3.0,1349.0,1982.0,2178.0,townhome,20,318230.0,2025,https://www.zillow.com,https://photos.zillowstatic.com/fp/136c4fedd01159287bda5ff289a243da-p_c.jpg,2026-05-18 11:42,For Sale
26911606,304 Kahala Dr,75218,Dallas,TX,32.857506,-96.70283,525000,204.0,,623000.0,3596.0,3.0,3.0,2576.0,1996.0,6795.36,singleFamily,2,578100.0,2025,https://www.zillow.com,https://photos.zillowstatic.com/fp/1942ca1401d03270671ab1cf11018e2b-p_c.jpg,2026-05-18 11:42,For Sale
26743080,10528 Swallow Ln,75218,Dallas,TX,32.84765,-96.69465,579900,342.0,-10000.0,567300.0,3430.0,3.0,2.0,1696.0,1958.0,8494.2,singleFamily,38,514530.0,2025,https://www.zillow.com,https://photos.zillowstatic.com/fp/d9ad487a191d3bdbba56546542c5cd59-p_c.jpg,2026-05-18 11:42,For Sale
26712038,322 S Brighton Ave,75208,Dallas,TX,32.742313,-96.84996,489000,284.0,-10000.0,479900.0,2800.0,3.0,2.0,1724.0,1917.0,6969.6,singleFamily,46,445930.0,2025,https://www.zillow.com,https://photos.zillowstatic.com/fp/0d1ba37aada5ccbb7a6347766daf949f-p_c.jpg,2026-05-18 11:42,For Sale
26638001,17719 Sunmeadow Dr,75252,Dallas,TX,32.994255,-96.801674,365000,184.0,-25000.0,360000.0,2891.0,3.0,3.0,1985.0,1990.0,5532.12,singleFamily,101,471798.0,2025,https://www.zillow.com,https://photos.zillowstatic.com/fp/99af318e449ad799a74916dfdca11cf4-p_c.jpg,2026-05-18 11:42,For Sale
80228649,1200 Main St APT 2402,75202,Dallas,TX,32.779865,-96.801476,239000,362.0,,,,1.0,1.0,660.0,1974.0,1.033,condo,11,249000.0,2025,https://www.zillow.com,https://photos.zillowstatic.com/fp/522491854ab40b6b444f4b92580e5a7a-p_c.jpg,2026-05-18 11:42,For Sale
26744209,9823 Limerick Dr,75218,Dallas,TX,32.83876,-96.69917,495000,296.0,-80000.0,475800.0,2634.0,3.0,2.0,1670.0,1951.0,0.268,singleFamily,9,559620.0,2025,https://www.zillow.com,https://photos.zillowstatic.com/fp/c8e9dabcacfbce41cf65bcc038e1b0b6-p_c.jpg,2026-05-18 11:42,For Sale
26709952,403 S Willomet Ave,75208,Dallas,TX,32.742317,-96.84079,394999,234.0,-10000.0,394600.0,2943.0,3.0,2.0,1688.0,1945.0,7792.884,singleFamily,10,480060.0,2025,https://www.zillow.com,https://photos.zillowstatic.com/fp/989d3ede585469f8d7678f0799f7956e-p_c.jpg,2026-05-18 11:42,For Sale
53389844,2218 Ash Grove Way,75228,Dallas,TX,32.811115,-96.70503,669000,287.0,,,,4.0,3.0,2329.0,2001.0,4617.36,singleFamily,10,583460.0,2025,https://www.zillow.com,https://photos.zillowstatic.com/fp/5b4d5da99dd26258b930a31a32f9045c-p_c.jpg,2026-05-18 11:42,For Sale
26745654,10505 Ferguson Rd,75228,Dallas,TX,32.8393,-96.66888,259000,141.0,-10000.0,,2046.0,3.0,2.0,1838.0,1958.0,9713.88,singleFamily,267,286170.0,2025,https://www.zillow.com,https://photos.zillowstatic.com/fp/b76ddf40123190462613bb122816a3d7-p_c.jpg,2026-05-18 11:42,For Sale
26850740,10118 Medlock Dr,75218,Dallas,TX,32.85129,-96.704025,975000,333.0,,942500.0,4707.0,4.0,4.0,2929.0,1963.0,8755.56,singleFamily,2,772810.0,2025,https://www.zillow.com,https://photos.zillowstatic.com/fp/2b0160fc56a0d7a3dab847fec37d9e77-p_c.jpg,2026-05-18 11:42,For Sale
26740812,8819 Santa Clara Dr,75218,Dallas,TX,32.822502,-96.70759,495000,413.0,,480900.0,2698.0,3.0,2.0,1198.0,1940.0,7753.68,singleFamily,21,525600.0,2025,https://www.zillow.com,https://photos.zillowstatic.com/fp/35b79be2bb6e4893ea829dc6c3fc2dd8-p_c.jpg,2026-05-18 11:42,For Sale
26812927,2975 Leahy Dr,75229,Dallas,TX,32.896328,-96.87817,245000,123.0,,,2804.0,3.0,2.0,1992.0,1959.0,8624.88,singleFamily,62,363720.0,2025,https://www.zillow.com,https://photos.zillowstatic.com/fp/83dbdaaad5f16b53f3eb7b71212347b5-p_c.jpg,2026-05-18 11:42,For Sale
26788538,9903 Lakemont Dr,75220,Dallas,TX,32.878094,-96.842995,825000,471.0,,793400.0,3750.0,3.0,2.0,1753.0,1952.0,8537.76,singleFamily,17,783700.0,2025,https://www.zillow.com,https://photos.zillowstatic.com/fp/347b4e9d3a5e3b9370b765598c681763-p_c.jpg,2026-05-18 11:42,For Sale
26758547,4558 Ridge Rd,75229,Dallas,TX,32.88554,-96.83301,2500000,572.0,,2368200.0,7526.0,5.0,4.0,4370.0,2017.0,0.4,singleFamily,20,1857070.0,2025,https://www.zillow.com,https://photos.zillowstatic.com/fp/b67172945c1924488cc6c4de0a683021-p_c.jpg,2026-05-18 11:42,For Sale
26807199,10255 Timber Trail Dr,75229,Dallas,TX,32.88647,-96.85776,735000,283.0,,704300.0,4227.0,4.0,3.0,2599.0,1964.0,0.48100000000000004,singleFamily,10,762610.0,2025,https://www.zillow.com,https://photos.zillowstatic.com/fp/78f90566ca524fa4b3d17737fa03541d-p_c.jpg,2026-05-18 11:42,For Sale
26825628,1909 W Red Bird Ln,75232,Dallas,TX,32.672066,-96.85094,485000,206.0,,,,4.0,3.0,2355.0,1960.0,9888.12,singleFamily,17,303000.0,2025,https://www.zillow.com,https://photos.zillowstatic.com/fp/930fbf915892a8c922f2bfc3cba3c877-p_c.jpg,2026-05-18 11:42,For Sale
26645690,4736 Holly Tree Dr,75287,Dallas,TX,32.997334,-96.825935,1399900,340.0,49910.0,,,5.0,5.0,4113.0,1990.0,8712.0,singleFamily,10,1032317.0,2025,https://www.zillow.com,https://photos.zillowstatic.com/fp/dc83dca8d7fac4ac9e975e3cdaaf7d1d-p_c.jpg,2026-05-18 11:42,For Sale
26809998,11511 Sonnet Dr,75229,Dallas,TX,32.90566,-96.86074,765000,333.0,-10000.0,733000.0,3743.0,4.0,3.0,2295.0,1959.0,0.27599999999999997,singleFamily,42,603990.0,2025,https://www.zillow.com,https://photos.zillowstatic.com/fp/763174755ffd1205af31f0174fd3cacd-p_c.jpg,2026-05-18 11:42,For Sale
26910399,2345 Park Vista Dr,75228,Dallas,TX,32.810997,-96.675415,289900,204.0,-10100.0,288100.0,2194.0,3.0,2.0,1422.0,1994.0,5662.8,singleFamily,33,320000.0,2025,https://www.zillow.com,https://photos.zillowstatic.com/fp/bd69861452773334a53ac464023cae63-p_c.jpg,2026-05-18 11:42,For Sale
26855084,1315 Aldenwood Dr,75232,Dallas,TX,32.652985,-96.84288,264000,153.0,,,2057.0,3.0,2.0,1720.0,1979.0,8102.16,singleFamily,1,250220.0,2025,https://www.zillow.com,https://photos.zillowstatic.com/fp/6b8f435bd11e6b481e58626cdc59356f-p_c.jpg,2026-05-18 11:42,For Sale
26701389,6954 La Vista Dr,75214,Dallas,TX,32.810677,-96.739105,3095000,581.0,,,,5.0,5.0,5326.0,2026.0,7753.68,singleFamily,4,703650.0,2025,https://www.zillow.com,https://photos.zillowstatic.com/fp/bbbc0f5c2d2aad895ad81b81fe35d6e2-p_c.jpg,2026-05-18 11:42,For Sale
26755041,6724 Walnut Hill Ln,75230,Dallas,TX,32.879604,-96.789314,699000,399.0,-30000.0,673000.0,3485.0,3.0,2.0,1751.0,1949.0,0.29,singleFamily,45,667260.0,2025,https://www.zillow.com,https://photos.zillowstatic.com/fp/6ac233deb231f87b0efda7c3ed3e7fed-p_c.jpg,2026-05-18 11:42,For Sale
26706517,6415 Mercedes Ave,75214,Dallas,TX,32.828617,-96.75156,1449000,544.0,,,,4.0,3.0,2662.0,1975.0,9365.4,singleFamily,3,1083950.0,2025,https://www.zillow.com,https://photos.zillowstatic.com/fp/dca973b1e48893aaeaee9d92545639a9-p_c.jpg,2026-05-18 11:42,For Sale
26780032,2606 Woodmere Dr,75233,Dallas,TX,32.70075,-96.86165,374900,223.0,,,,3.0,2.0,1680.0,1955.0,9844.56,singleFamily,3,414100.0,2025,https://www.zillow.com,https://photos.zillowstatic.com/fp/ade0860c4e8af5501620b8a5ae66cf08-p_c.jpg,2026-05-18 11:42,For Sale
26808909,3629 Vancouver Dr,75229,Dallas,TX,32.896465,-96.85789,1799000,390.0,,1739000.0,3016.0,5.0,5.0,4609.0,2026.0,10367.28,singleFamily,4,507260.0,2025,https://www.zillow.com,https://photos.zillowstatic.com/fp/0be5491aec9e0d4e56aa9f8a60b640f8-p_c.jpg,2026-05-18 11:42,For Sale
26703642,6018 Winton St,75206,Dallas,TX,32.835472,-96.763405,745000,418.0,-5000.0,728700.0,3830.0,2.0,3.0,1783.0,1941.0,6708.24,singleFamily,47,615460.0,2025,https://www.zillow.com,https://photos.zillowstatic.com/fp/c900d7660557a1d252320b242e5a6b7e-p_c.jpg,2026-05-18 11:42,For Sale
26888836,6311 Black Berry Ln,75248,Dallas,TX,32.959034,-96.79767,829999,323.0,,800900.0,3244.0,3.0,3.0,2568.0,1979.0,9278.28,singleFamily,12,581260.0,2025,https://www.zillow.com,https://photos.zillowstatic.com/fp/1225b93e022dadab787e73bb0f04ebb1-p_c.jpg,2026-05-18 11:42,For Sale
26758584,4222 Middleton Rd,75229,Dallas,TX,32.884647,-96.83748,4295000,610.0,,4065000.0,7463.0,5.0,8.0,7037.0,2025.0,0.5650000000000001,singleFamily,104,1106730.0,2025,https://www.zillow.com,https://photos.zillowstatic.com/fp/ce7d9df81cc30c216aa3c7d436742e76-p_c.jpg,2026-05-18 11:42,For Sale
26838641,7631 Meadow Rd,75230,Dallas,TX,32.88675,-96.775345,725000,266.0,-50000.0,701300.0,4112.0,4.0,3.0,2723.0,1971.0,0.27,singleFamily,61,739190.0,2025,https://www.zillow.com,https://photos.zillowstatic.com/fp/cf9fa4d2253a80338a823fe4eecb040d-p_c.jpg,2026-05-18 11:42,For Sale
67965075,3901 Travis St APT 125,75204,Dallas,TX,32.810978,-96.796715,239900,359.0,-10000.0,233300.0,1939.0,1.0,1.0,669.0,1985.0,1.24,condo,31,244190.0,2025,https://www.zillow.com,https://photos.zillowstatic.com/fp/a810d39081afc272cff67e5ff5caa1b1-p_c.jpg,2026-05-18 11:42,For Sale
26893611,7246 Arbor Oaks Dr,75248,Dallas,TX,32.975502,-96.78178,950000,339.0,-75000.0,,,4.0,3.0,2805.0,1977.0,8494.2,singleFamily,46,850500.0,2025,https://www.zillow.com,https://photos.zillowstatic.com/fp/2c1d97b900485929056fe29f9e0cc0bd-p_c.jpg,2026-05-18 11:42,For Sale
26931895,9837 Walnut St #208,75243,Dallas,TX,32.922836,-96.71392,105000,102.0,,91500.0,1508.0,2.0,2.0,1031.0,2018.0,8.814,condo,2,123720.0,2025,https://www.zillow.com,https://photos.zillowstatic.com/fp/eb34041c82e0943f6bef6443fe83767c-p_c.jpg,2026-05-18 11:42,For Sale
26704733,4413 Somerville Ave,75206,Dallas,TX,32.840576,-96.76271,1899000,408.0,,,,5.0,5.0,4656.0,2026.0,7579.44,singleFamily,4,582900.0,2025,https://www.zillow.com,https://photos.zillowstatic.com/fp/4efc7ac27b300d6109ca1a68136227ef-p_c.jpg,2026-05-18 11:42,For Sale
67964252,4122 Avondale Ave APT 204,75219,Dallas,TX,32.817097,-96.80496,399000,263.0,-23000.0,,,2.0,3.0,1515.0,2004.0,0.471,condo,37,613580.0,2025,https://www.zillow.com,https://photos.zillowstatic.com/fp/6aa5ada70db8b43669b733f33ef4d85b-p_c.jpg,2026-05-18 11:42,For Sale
26739896,8619 San Benito Way,75218,Dallas,TX,32.81829,-96.70739,1500000,546.0,,,,3.0,3.0,2746.0,2017.0,7927.92,singleFamily,33,1199700.0,2025,https://www.zillow.com,https://photos.zillowstatic.com/fp/e14fad724ea1f5d6726640aed8c35d5e-p_c.jpg,2026-05-18 11:42,For Sale
26840055,9020 Westbriar Dr,75228,Dallas,TX,32.815426,-96.696594,535000,317.0,,,,3.0,2.0,1688.0,1960.0,7797.24,singleFamily,12,490420.0,2025,https://www.zillow.com,https://photos.zillowstatic.com/fp/9067f3a1f738e6d4d7bed1f2642bd10d-p_c.jpg,2026-05-18 11:42,For Sale
61869908,1500 Pecos St APT 12,75204,Dallas,TX,32.79627,-96.78463,549000,272.0,,530200.0,3135.0,3.0,3.0,2022.0,2002.0,0.783,condo,2,545940.0,2025,https://www.zillow.com,https://photos.zillowstatic.com/fp/6b79aacc1f6fcf86e95812f1cff366e9-p_c.jpg,2026-05-18 11:42,For Sale
26900077,2630 Lakeforest Ct,75214,Dallas,TX,32.815388,-96.73142,675000,393.0,-14000.0,673500.0,4004.0,3.0,2.0,1718.0,1994.0,5488.56,singleFamily,31,677000.0,2025,https://www.zillow.com,https://photos.zillowstatic.com/fp/320d44d7e8ca7732caf04eb647fd54e1-p_c.jpg,2026-05-18 11:42,For Sale
26793260,2309 Prichard Ln,75227,Dallas,TX,32.75269,-96.686874,279000,191.0,-11000.0,276900.0,2285.0,3.0,2.0,1457.0,1952.0,7448.76,singleFamily,45,286820.0,2025,https://www.zillow.com,https://photos.zillowstatic.com/fp/b9b0bd8506ce0cf2c2a8aa27691945f3-p_c.jpg,2026-05-18 11:42,For Sale
26742571,10421 Wood Dale Dr,75228,Dallas,TX,32.8376,-96.68752,315000,288.0,-10000.0,,,3.0,2.0,1092.0,1951.0,7840.8,singleFamily,32,244240.0,2025,https://www.zillow.com,https://photos.zillowstatic.com/fp/61eb600a4e07f48ce65232e3678af6c6-p_c.jpg,2026-05-18 11:42,For Sale
26770242,3606 Texas Dr,75211,Dallas,TX,32.723667,-96.87948,314900,193.0,-5090.0,314000.0,2838.0,5.0,3.0,1634.0,1949.0,6098.4,singleFamily,135,194420.0,2025,https://www.zillow.com,https://photos.zillowstatic.com/fp/3091c25d07a03af2becd6061a55a14be-p_c.jpg,2026-05-18 11:42,For Sale
26851825,13530 Far Hills Ln,75240,Dallas,TX,32.932667,-96.779144,600000,229.0,,580800.0,5385.0,4.0,3.0,2620.0,1963.0,10323.72,singleFamily,27,563180.0,2025,https://www.zillow.com,https://photos.zillowstatic.com/fp/bcc4a3bab09f0870edd207ece1b5027d-p_c.jpg,2026-05-18 11:42,For Sale
26824621,6010 Hunters View Ln,75232,Dallas,TX,32.67426,-96.83479,290000,147.0,-10000.0,282400.0,2225.0,3.0,2.0,1970.0,1967.0,9496.08,singleFamily,26,261740.0,2025,https://www.zillow.com,https://photos.zillowstatic.com/fp/9aba818bb3677e5946e5ebb9bb356680-p_c.jpg,2026-05-18 11:42,For Sale
333139714,419 W Colorado Blvd,75208,Dallas,TX,32.759697,-96.82812,2594000,533.0,-1000.0,2460000.0,7975.0,4.0,6.0,4871.0,2024.0,7971.48,singleFamily,39,1411780.0,2025,https://www.zillow.com,https://photos.zillowstatic.com/fp/d3c0980282cf12e231bf4bfb14801fde-p_c.jpg,2026-05-18 11:42,For Sale
26879555,102 S Tillery St,75211,Dallas,TX,32.745926,-96.91368,289900,238.0,,261800.0,2161.0,3.0,2.0,1218.0,1935.0,9234.72,singleFamily,52,231830.0,2025,https://www.zillow.com,https://photos.zillowstatic.com/fp/13e1b870b963d40f25c8c3a4f15a4e1d-p_c.jpg,2026-05-18 11:42,For Sale
26874725,7881 La Cabeza Dr,75248,Dallas,TX,32.971146,-96.76922,750000,353.0,,724400.0,3226.0,4.0,2.0,2123.0,1968.0,0.338,singleFamily,9,457990.0,2025,https://www.zillow.com,https://photos.zillowstatic.com/fp/a571d60e337045f127c69eac9ac7001f-p_c.jpg,2026-05-18 11:42,For Sale
26706093,6714 Williamson Rd,75214,Dallas,TX,32.8374,-96.74377,2695000,460.0,-200000.0,2587100.0,8252.0,4.0,5.0,5854.0,2014.0,0.307,singleFamily,103,2498260.0,2025,https://www.zillow.com,https://photos.zillowstatic.com/fp/fa4a836552724a46f3852952ac42e263-p_c.jpg,2026-05-18 11:42,For Sale
26609923,5814 Flintshire Ln,75252,Dallas,TX,33.00301,-96.80819,1850000,358.0,,,,5.0,4.0,5170.0,1984.0,0.27,singleFamily,35,1277510.0,2025,https://www.zillow.com,https://photos.zillowstatic.com/fp/0ae004d74921c42ab6f16dbc861d0ab5-p_c.jpg,2026-05-18 11:42,For Sale
26882402,9743 Burney Dr,75243,Dallas,TX,32.921043,-96.71986,599000,212.0,-20000.0,589300.0,3444.0,4.0,3.0,2823.0,1979.0,9365.4,singleFamily,41,429690.0,2025,https://www.zillow.com,https://photos.zillowstatic.com/fp/84084705eca423e1497affe45ebb8755-p_c.jpg,2026-05-18 11:42,For Sale
26750007,7105 Bennington Dr,75214,Dallas,TX,32.85197,-96.74179,775000,421.0,-24000.0,,,3.0,2.0,1839.0,1958.0,9234.72,singleFamily,23,752550.0,2025,https://www.zillow.com,https://photos.zillowstatic.com/fp/57a4f973679a02f70ca5b66e12d56b66-p_c.jpg,2026-05-18 11:42,For Sale
26881130,4456 Thunder Rd,75244,Dallas,TX,32.92473,-96.83212,1225000,417.0,,1190100.0,4887.0,5.0,3.0,2941.0,1968.0,0.348,singleFamily,25,726280.0,2025,https://www.zillow.com,https://photos.zillowstatic.com/fp/d5a8b3acd3b04c15b46cdc5f7f04e00a-p_c.jpg,2026-05-18 11:42,For Sale
462103308,9319 Chimney Corner Ln,75243,Dallas,TX,32.92031,-96.73659,240000,182.0,,185700.0,2115.0,3.0,2.0,1321.0,1974.0,3092.76,townhome,3,,,https://www.zillow.com,https://photos.zillowstatic.com/fp/27c8cff38a98f67d9a22cb35142f736c-p_c.jpg,2026-05-18 11:42,For Sale
55827570,14400 Montfort Dr APT 1405,75254,Dallas,TX,32.94537,-96.81385,250000,230.0,,248000.0,1868.0,2.0,3.0,1089.0,1983.0,4.561,townhome,9,245030.0,2025,https://www.zillow.com,https://photos.zillowstatic.com/fp/f33cd424c7fde2d142143dab9515ff8a-p_c.jpg,2026-05-18 11:42,For Sale
26780543,3228 Cedarcroft Ln,75233,Dallas,TX,32.704758,-96.877655,449000,215.0,,443500.0,2899.0,3.0,3.0,2086.0,1958.0,10715.76,singleFamily,32,384210.0,2025,https://www.zillow.com,https://photos.zillowstatic.com/fp/9604014782ccd7710f2ce7545dea2304-p_c.jpg,2026-05-18 11:42,For Sale
26717936,2539 Sharon St,75211,Dallas,TX,32.73043,-96.86083,274900,207.0,-14100.0,268400.0,2415.0,3.0,2.0,1328.0,1933.0,6882.48,singleFamily,21,275390.0,2025,https://www.zillow.com,https://photos.zillowstatic.com/fp/f4879c8a4cc34afb6b68e5cdb38b20bd-p_c.jpg,2026-05-18 11:42,For Sale
303984086,9360 Lakemont Dr,75220,Dallas,TX,32.865963,-96.8446,2600000,522.0,-199000.0,2507400.0,7886.0,5.0,5.0,4981.0,2019.0,0.48,singleFamily,52,2218000.0,2025,https://www.zillow.com,https://photos.zillowstatic.com/fp/bfe473c632ca3f1cbecb49e005f01efa-p_c.jpg,2026-05-18 11:42,For Sale
26704599,5332 Longview St,75206,Dallas,TX,32.830578,-96.778336,795000,384.0,,,,3.0,3.0,2068.0,2005.0,3963.96,singleFamily,7,731620.0,2025,https://www.zillow.com,https://photos.zillowstatic.com/fp/4390a125fc11517c3b759ed69c99bcae-p_c.jpg,2026-05-18 11:42,For Sale
26869293,9615 Millridge Dr,75243,Dallas,TX,32.90484,-96.729965,635000,258.0,-15000.0,,,3.0,3.0,2460.0,1970.0,8755.56,singleFamily,39,605190.0,2025,https://www.zillow.com,https://photos.zillowstatic.com/fp/164c60bc82c361b524ef1aaf305097cb-p_c.jpg,2026-05-18 11:42,For Sale
26775899,4314 Utah Ave,75216,Dallas,TX,32.69069,-96.80962,295000,200.0,-10000.0,292100.0,2360.0,4.0,3.0,1478.0,1959.0,9408.96,singleFamily,88,203630.0,2025,https://www.zillow.com,https://photos.zillowstatic.com/fp/308f8604c84d9bcd8846c5a6d5151e22-p_c.jpg,2026-05-18 11:42,For Sale
26721244,1818 Marfa Ave,75216,Dallas,TX,32.703957,-96.7982,399000,154.0,-20900.0,,,4.0,3.0,2583.0,2026.0,7165.62,singleFamily,76,80000.0,2025,https://www.zillow.com,https://photos.zillowstatic.com/fp/70ca25b495eeec04088886f17ca81bcc-p_c.jpg,2026-05-18 11:42,For Sale
162435831,2220 Canton St APT 407,75201,Dallas,TX,32.780376,-96.78904,699000,304.0,,669400.0,3833.0,2.0,3.0,2296.0,1925.0,0.9590000000000001,condo,66,519000.0,2025,https://www.zillow.com,https://photos.zillowstatic.com/fp/365bda110c1e00d0248d5b976045f882-p_c.jpg,2026-05-18 11:42,For Sale
26818646,2007 Red Cloud Dr,75217,Dallas,TX,32.747482,-96.65272,200000,185.0,-15000.0,194600.0,1691.0,3.0,2.0,1084.0,1982.0,3092.76,singleFamily,185,190260.0,2025,https://www.zillow.com,https://photos.zillowstatic.com/fp/bcf12e3be5345d789ad6d9dcd30505e3-p_c.jpg,2026-05-18 11:42,For Sale
26599187,17920 Hillcrest Rd,75252,Dallas,TX,32.995174,-96.78422,495000,219.0,,477900.0,2809.0,3.0,3.0,2264.0,1987.0,6969.6,singleFamily,26,485131.0,2025,https://www.zillow.com,https://photos.zillowstatic.com/fp/d4ca00159f1213c82c93af3f4beb161f-p_c.jpg,2026-05-18 11:42,For Sale
26922756,4040 Avondale Ave APT 204,75219,Dallas,TX,32.81725,-96.80738,310000,246.0,,,,2.0,2.0,1262.0,1985.0,1.447,condo,4,288500.0,2025,https://www.zillow.com,https://photos.zillowstatic.com/fp/795139bb127db678c59ff8ced056ec00-p_c.jpg,2026-05-18 11:42,For Sale
248827987,4408 Lawnview Ave,75227,Dallas,TX,32.783146,-96.72088,189900,150.0,-10000.0,183100.0,1957.0,3.0,2.0,1268.0,1946.0,6664.68,singleFamily,235,228350.0,2025,https://www.zillow.com,https://photos.zillowstatic.com/fp/1e4e3ff23efba76eaf7909a1b08fb0cd-p_c.jpg,2026-05-18 11:42,For Sale
26867067,9523 Highedge Dr,75238,Dallas,TX,32.875874,-96.72639,825000,275.0,,831400.0,4214.0,4.0,3.0,3005.0,1963.0,8755.56,singleFamily,4,753570.0,2025,https://www.zillow.com,https://photos.zillowstatic.com/fp/30fe6cbfda404e8babadb37974a14cce-p_c.jpg,2026-05-18 11:42,For Sale
26815780,522 Glencairn Dr,75232,Dallas,TX,32.655025,-96.82984,144900,117.0,-10000.0,,1801.0,3.0,2.0,1236.0,1961.0,0.252,singleFamily,291,185560.0,2025,https://www.zillow.com,https://photos.zillowstatic.com/fp/35e3e34959ce2ae04a19080a7232fbca-p_c.jpg,2026-05-18 11:42,For Sale
26683735,4020 Holland Ave APT 211,75219,Dallas,TX,32.81538,-96.806206,189999,277.0,,179700.0,1664.0,1.0,1.0,685.0,1970.0,0.5509641873278237,condo,3,179370.0,2025,https://www.zillow.com,https://photos.zillowstatic.com/fp/68453d0db89cdfea1fa2c23611414345-p_c.jpg,2026-05-18 11:42,For Sale
96520503,6038 Plum Dale Rd,75241,Dallas,TX,32.672695,-96.77736,423700,195.0,-1000.0,422300.0,2719.0,4.0,3.0,2168.0,2026.0,6316.2,singleFamily,30,65000.0,2025,https://www.zillow.com,https://photos.zillowstatic.com/fp/73f68e275c972a6613a933cd5d7f7582-p_c.jpg,2026-05-18 11:42,For Sale
26741010,9039 Redondo Dr,75218,Dallas,TX,32.825478,-96.70576,485000,452.0,-14000.0,474500.0,2145.0,3.0,1.0,1074.0,1945.0,8189.28,singleFamily,52,504170.0,2025,https://www.zillow.com,https://photos.zillowstatic.com/fp/fc6a77df324d805d7d72eea0c3cf8cbd-p_c.jpg,2026-05-18 11:42,For Sale
26837742,2031 Housley Dr,75228,Dallas,TX,32.852695,-96.674995,330000,190.0,,318400.0,2360.0,3.0,2.0,1740.0,1953.0,7579.44,singleFamily,68,303590.0,2025,https://www.zillow.com,https://photos.zillowstatic.com/fp/9e485d5c08e2f06ee6b665abf49357a8-p_c.jpg,2026-05-18 11:42,For Sale
444202848,1214 E Waco Ave,75216,Dallas,TX,32.73521,-96.806274,299000,156.0,,296500.0,2608.0,3.0,2.0,1918.0,1939.0,6403.32,singleFamily,1,,,https://www.zillow.com,https://photos.zillowstatic.com/fp/f77970b35939f66f7ca4288cb7012b67-p_c.jpg,2026-05-18 11:42,For Sale
27338316,2909 Gainesborough Dr,75287,Dallas,TX,33.00586,-96.857796,450000,169.0,1000.0,447100.0,3519.0,4.0,3.0,2656.0,1984.0,0.256,singleFamily,133,620692.0,2025,https://www.zillow.com,https://photos.zillowstatic.com/fp/d491678f8b4c9b289bce14b63b922acc-p_c.jpg,2026-05-18 11:42,For Sale
96497507,2616 Birmingham Ave,75215,Dallas,TX,32.765385,-96.7675,309000,172.0,-5900.0,308700.0,2985.0,3.0,3.0,1800.0,2026.0,6451.236,singleFamily,45,64500.0,2025,https://www.zillow.com,https://photos.zillowstatic.com/fp/756a6514dc00b28aace6c1758a3ed3f9-p_c.jpg,2026-05-18 11:42,For Sale
2080109713,7512 Woodthrush Dr #20,75230,Dallas,TX,32.888832,-96.77608,420000,263.0,,404200.0,2786.0,3.0,3.0,1600.0,1969.0,0.521,townhome,1,,,https://www.zillow.com,https://photos.zillowstatic.com/fp/edf20b55ef72e4a7042db60ffe355977-p_c.jpg,2026-05-18 11:42,For Sale
26757459,5615 Lobello Dr,75229,Dallas,TX,32.892563,-96.809555,5750000,799.0,-245000.0,,,4.0,6.0,7200.0,2025.0,0.554,singleFamily,181,2637080.0,2025,https://www.zillow.com,https://photos.zillowstatic.com/fp/dff915ebe1cb7d97210c5e1624d189e5-p_c.jpg,2026-05-18 11:42,For Sale
26831076,2305 Fenestra Dr,75228,Dallas,TX,32.810665,-96.70022,445000,256.0,,437800.0,2357.0,3.0,3.0,1740.0,1960.0,0.255,singleFamily,36,381140.0,2025,https://www.zillow.com,https://photos.zillowstatic.com/fp/20beb2128f735c45543ffb401f26690e-p_c.jpg,2026-05-18 11:42,For Sale
333140681,3710 Redleaf Ln,75209,Dallas,TX,32.828075,-96.81944,849000,327.0,,,,3.0,4.0,2598.0,2022.0,2352.24,singleFamily,24,854750.0,2025,https://www.zillow.com,https://photos.zillowstatic.com/fp/7aa598cddd8aa689ea63d21a6fbd65e4-p_c.jpg,2026-05-18 11:42,For Sale
67961401,2714 Throckmorton St #B,75219,Dallas,TX,32.808525,-96.81385,725000,430.0,,721200.0,2666.0,2.0,2.0,1688.0,2002.0,3659.04,singleFamily,10,661340.0,2025,https://www.zillow.com,https://photos.zillowstatic.com/fp/2b142abeedc6d704a9fd5ddaf5eaef3e-p_c.jpg,2026-05-18 11:42,For Sale
26807151,3616 Woodleigh Dr,75229,Dallas,TX,32.883484,-96.85786,799000,355.0,-20000.0,782000.0,4198.0,4.0,3.0,2250.0,1956.0,9888.12,singleFamily,86,555460.0,2025,https://www.zillow.com,https://photos.zillowstatic.com/fp/3360c465a2f9cc567c3474e994dbf1dc-p_c.jpg,2026-05-18 11:42,For Sale
26766002,3047 Marjorie Ave,75216,Dallas,TX,32.70263,-96.76926,253000,216.0,,250700.0,1627.0,4.0,2.0,1173.0,1953.0,7100.28,singleFamily,1,172270.0,2025,https://www.zillow.com,https://photos.zillowstatic.com/fp/c026f90819257100ba08af6c81baa6a9-p_c.jpg,2026-05-18 11:42,For Sale
26640307,17632 Harbord Oaks Cir,75252,Dallas,TX,32.9923,-96.8112,2499999,444.0,,2343600.0,7069.0,5.0,5.0,5635.0,1988.0,0.41200000000000003,singleFamily,10,2267741.0,2025,https://www.zillow.com,https://photos.zillowstatic.com/fp/217bec63d2f64b34341bc9ba20274d45-p_c.jpg,2026-05-18 11:42,For Sale
53390329,509 Elm St APT 206,75202,Dallas,TX,32.779938,-96.807526,220000,275.0,,,,1.0,1.0,801.0,1930.0,10018.8,condo,66,238730.0,2025,https://www.zillow.com,https://photos.zillowstatic.com/fp/2b0fbd9debe61dc651e4ef5310095ef7-p_c.jpg,2026-05-18 11:42,For Sale
26868929,9405 Rocky Branch Dr,75243,Dallas,TX,32.89981,-96.73746,824500,256.0,,,,5.0,4.0,3218.0,1976.0,0.281,singleFamily,9,976850.0,2025,https://www.zillow.com,https://photos.zillowstatic.com/fp/3b4036b9140fc71d17d4c34b1b3b7bac-p_c.jpg,2026-05-18 11:42,For Sale
26858959,12124 Dixfield Dr,75218,Dallas,TX,32.861023,-96.69584,794000,364.0,-5000.0,776900.0,3583.0,3.0,3.0,2183.0,1969.0,7927.92,singleFamily,44,575450.0,2025,https://www.zillow.com,https://photos.zillowstatic.com/fp/29317a17f38b2376200085abdecfa712-p_c.jpg,2026-05-18 11:42,For Sale
96535061,272 W Lawson Rd Trailer 231,75253,Dallas,TX,32.697445,-96.574326,109999,,-24996.0,,2080.0,3.0,2.0,0.0,2021.0,6500.0,manufactured,156,4940.0,2020,https://www.zillow.com,https://photos.zillowstatic.com/fp/f57312f0cebc99483a2e0e7e75d0cb0f-p_c.jpg,2026-05-18 11:42,For Sale
96525332,1651 E Overton Rd,75216,Dallas,TX,32.703884,-96.80119,420000,204.0,,418100.0,2748.0,4.0,3.0,2063.0,2025.0,8712.0,singleFamily,99,95000.0,2025,https://www.zillow.com,https://photos.zillowstatic.com/fp/86e2f139cfe3b218bd506810f546c2a7-p_c.jpg,2026-05-18 11:42,For Sale
26709445,836 W 8th St,75208,Dallas,TX,32.74787,-96.837395,470000,205.0,-5000.0,445700.0,3757.0,4.0,3.0,2290.0,1901.0,5837.04,singleFamily,52,548030.0,2025,https://www.zillow.com,https://photos.zillowstatic.com/fp/0003f90dd15f1166acad9df7437983a0-p_c.jpg,2026-05-18 11:42,For Sale
26706754,6717 Meadow Lake Ave,75214,Dallas,TX,32.8237,-96.74379,3500000,720.0,-150000.0,3293300.0,6744.0,6.0,7.0,4863.0,1973.0,0.42000000000000004,singleFamily,40,2300630.0,2025,https://www.zillow.com,https://photos.zillowstatic.com/fp/1d23686ec7862bdbc1a9adc59bbb9786-p_c.jpg,2026-05-18 11:42,For Sale
26787955,3559 Durango Dr,75220,Dallas,TX,32.86767,-96.85897,1150000,318.0,,1124600.0,2419.0,5.0,5.0,3612.0,2026.0,10541.52,singleFamily,5,382130.0,2025,https://www.zillow.com,https://photos.zillowstatic.com/fp/6b07d46c811fc61e1d4e5763454f8a12-p_c.jpg,2026-05-18 11:42,For Sale
26785636,5320 Elkridge Dr,75227,Dallas,TX,32.790108,-96.705605,395000,177.0,,390300.0,3406.0,3.0,3.0,2226.0,1966.0,8581.32,singleFamily,37,374960.0,2025,https://www.zillow.com,https://photos.zillowstatic.com/fp/773e5a126fe7135807b636cde8a6b9cb-p_c.jpg,2026-05-18 11:42,For Sale
26850627,10338 Country Club Dr,75218,Dallas,TX,32.858105,-96.70459,529900,242.0,-10000.0,,,4.0,2.0,2186.0,1949.0,7710.12,singleFamily,74,467400.0,2025,https://www.zillow.com,https://photos.zillowstatic.com/fp/045758145d675d8b9d4ab9ad8f582f3d-p_c.jpg,2026-05-18 11:42,For Sale
26876745,16132 Chalfont Cir,75248,Dallas,TX,32.96777,-96.806915,649900,302.0,,,,2.0,2.0,2155.0,1979.0,6141.96,singleFamily,5,570520.0,2025,https://www.zillow.com,https://photos.zillowstatic.com/fp/729ca76057f6df2ed562034d8725a32d-p_c.jpg,2026-05-18 11:42,For Sale
26812228,3046 Westforest Dr,75229,Dallas,TX,32.904594,-96.874245,338000,205.0,,,,3.0,2.0,1645.0,1983.0,4748.04,singleFamily,138,314570.0,2025,https://www.zillow.com,https://photos.zillowstatic.com/fp/2ba41c216ae47d84e5caf0b6196cd7e3-p_c.jpg,2026-05-18 11:42,For Sale
26841735,2649 Hillsboro Ave,75228,Dallas,TX,32.81624,-96.66891,230000,162.0,,219000.0,2120.0,3.0,2.0,1417.0,1957.0,8015.04,singleFamily,36,253670.0,2025,https://www.zillow.com,https://photos.zillowstatic.com/fp/b0ab0394b72593856cc0c3b676d8b050-p_c.jpg,2026-05-18 11:42,For Sale
26859692,13814 Brookgreen Dr,75240,Dallas,TX,32.932476,-96.76583,279900,170.0,-10099.0,276100.0,2673.0,3.0,3.0,1651.0,1969.0,3005.64,townhome,66,323250.0,2025,https://www.zillow.com,https://photos.zillowstatic.com/fp/4aedf8d5c22c4c8906da4c0cb0d23c35-p_c.jpg,2026-05-18 11:42,For Sale
67965533,3225 Turtle Creek Blvd APT 1649,75219,Dallas,TX,32.806835,-96.80463,360000,348.0,,,,1.0,1.0,1033.0,1998.0,3.536,condo,3,392540.0,2025,https://www.zillow.com,https://photos.zillowstatic.com/fp/3e1a5d2949af412146ca1ed6f48f0335-p_c.jpg,2026-05-18 11:42,For Sale
26912448,2306 Balvanera Plz,75211,Dallas,TX,32.717636,-96.90108,248000,165.0,,242400.0,2286.0,3.0,3.0,1506.0,2000.0,740.52,singleFamily,4,255430.0,2025,https://www.zillow.com,https://photos.zillowstatic.com/fp/c216ec23116e40e9dec01b99adc05429-p_c.jpg,2026-05-18 11:42,For Sale
26902865,9227 Lanshire Dr,75238,Dallas,TX,32.8659,-96.723656,1790000,449.0,-100000.0,1706600.0,7748.0,4.0,6.0,3984.0,1993.0,0.35200000000000004,singleFamily,105,1189000.0,2025,https://www.zillow.com,https://photos.zillowstatic.com/fp/9c29580ec9b3b690c28e85fd4a10e672-p_c.jpg,2026-05-18 11:42,For Sale
26871833,6954 Leameadow Dr,75248,Dallas,TX,32.954334,-96.7871,649900,207.0,,630300.0,5004.0,5.0,3.0,3133.0,1971.0,0.331,singleFamily,9,753290.0,2025,https://www.zillow.com,https://photos.zillowstatic.com/fp/72ff8a0b2b56ebc5443347c41c0498d3-p_c.jpg,2026-05-18 11:42,For Sale
26734345,4610 Bluffview Blvd,75209,Dallas,TX,32.858326,-96.83136,5299000,810.0,-196000.0,,,4.0,6.0,6545.0,2002.0,0.6799999999999999,singleFamily,48,6234810.0,2025,https://www.zillow.com,https://photos.zillowstatic.com/fp/8e42510fee52086e7cec2cca98c83767-p_c.jpg,2026-05-18 11:42,For Sale
26828972,5747 Charlestown Dr,75230,Dallas,TX,32.917892,-96.80973,4495000,639.0,-400000.0,4293600.0,7944.0,5.0,8.0,7036.0,2025.0,0.42900000000000005,singleFamily,69,3157960.0,2025,https://www.zillow.com,https://photos.zillowstatic.com/fp/1ba3ccaecf3422204cb451d6b8a3aaa7-p_c.jpg,2026-05-18 11:42,For Sale
26740873,8910 San Fernando Way,75218,Dallas,TX,32.824726,-96.70902,650000,357.0,,,,3.0,2.0,1822.0,1946.0,0.258,singleFamily,30,678050.0,2025,https://www.zillow.com,https://photos.zillowstatic.com/fp/31823f829834ba003df5c22f8db657fd-p_c.jpg,2026-05-18 11:42,For Sale
26789917,3965 Durango Dr,75220,Dallas,TX,32.8674,-96.84618,2395000,459.0,,2307700.0,3131.0,6.0,5.0,5222.0,2026.0,9931.68,singleFamily,9,708960.0,2025,https://www.zillow.com,https://photos.zillowstatic.com/fp/83b7d7ac9ed6244aa4d668c0d1c2b391-p_c.jpg,2026-05-18 11:42,For Sale
26808763,10930 Beauty Ln,75229,Dallas,TX,32.897224,-96.86428,1649000,401.0,,1593000.0,7360.0,5.0,6.0,4114.0,2025.0,10062.36,singleFamily,5,1598620.0,2025,https://www.zillow.com,https://photos.zillowstatic.com/fp/4f82a961b68f328def19d08cdb9e0e53-p_c.jpg,2026-05-18 11:42,For Sale
53082628,18914 Ravenglen Ct,75287,Dallas,TX,33.008343,-96.840996,398000,214.0,,,,3.0,3.0,1858.0,1986.0,4791.6,singleFamily,25,362404.0,2025,https://www.zillow.com,https://photos.zillowstatic.com/fp/3b08128cc46604db2d4b6b558e54000c-p_c.jpg,2026-05-18 11:42,For Sale
26689862,5838 Belmont Ave,75206,Dallas,TX,32.816956,-96.76637,749000,326.0,-50000.0,736300.0,5905.0,4.0,3.0,2300.0,1926.0,10062.36,singleFamily,23,630000.0,2025,https://www.zillow.com,https://photos.zillowstatic.com/fp/dba5dd19851cce78938c0ee9a46c67b9-p_c.jpg,2026-05-18 11:42,For Sale
462087845,5320 Reiger Ave #104,75214,Dallas,TX,32.799812,-96.75968,389900,270.0,,385500.0,3040.0,2.0,3.0,1442.0,2025.0,0.265,condo,17,,,https://www.zillow.com,https://photos.zillowstatic.com/fp/b1fb7a12c94fd2b9ca18f13e86734847-p_c.jpg,2026-05-18 11:42,For Sale
26736116,4255 Cochran Chapel Rd,75209,Dallas,TX,32.862278,-96.837234,10900000,986.0,-595000.0,,,5.0,8.0,11056.0,2002.0,2.003,singleFamily,86,7387770.0,2025,https://www.zillow.com,https://photos.zillowstatic.com/fp/5e8815a2af30d03f451604378244c9c7-p_c.jpg,2026-05-18 11:42,For Sale
26735874,3856 Shorecrest Dr,75209,Dallas,TX,32.85844,-96.84552,650000,452.0,,625800.0,3165.0,2.0,2.0,1439.0,1951.0,7705.764,singleFamily,38,600000.0,2025,https://www.zillow.com,https://photos.zillowstatic.com/fp/dbed8c1baf645024097e5e639842fe54-p_c.jpg,2026-05-18 11:42,For Sale
26866541,9616 Greensprint Dr,75238,Dallas,TX,32.88459,-96.72233,1100000,446.0,,,,4.0,3.0,2466.0,1979.0,9496.08,singleFamily,10,802560.0,2025,https://www.zillow.com,https://photos.zillowstatic.com/fp/d13d1c8da12e423df2a1d56758c7e7a9-p_c.jpg,2026-05-18 11:42,For Sale
26737662,3350 Grafton Ave,75211,Dallas,TX,32.729916,-96.87638,320000,168.0,,310900.0,2804.0,4.0,3.0,1904.0,1949.0,7274.52,singleFamily,2,307460.0,2025,https://www.zillow.com,https://photos.zillowstatic.com/fp/e52e03e21c3847d52d5f7402fbc55416-p_c.jpg,2026-05-18 11:42,For Sale
96506073,3504 Keyridge Dr,75241,Dallas,TX,32.682056,-96.76293,344900,147.0,-100.0,,,5.0,3.0,2352.0,2021.0,9539.64,singleFamily,84,393230.0,2025,https://www.zillow.com,https://photos.zillowstatic.com/fp/0549c563c74f7b9432b97a2decc12d00-p_c.jpg,2026-05-18 11:42,For Sale
26804692,4517 Goodfellow Dr,75229,Dallas,TX,32.909195,-96.83157,1495000,474.0,,1436300.0,6252.0,4.0,4.0,3156.0,1962.0,0.376,singleFamily,25,910000.0,2025,https://www.zillow.com,https://photos.zillowstatic.com/fp/e01b3e6c0d57d44e5e998b6d870c67f6-p_c.jpg,2026-05-18 11:42,For Sale
26767506,2655 Kathleen Ave,75216,Dallas,TX,32.70916,-96.78357,350000,195.0,,345500.0,2626.0,4.0,2.0,1795.0,2021.0,7753.68,singleFamily,4,290000.0,2025,https://www.zillow.com,https://photos.zillowstatic.com/fp/b26082a83af2a48c05611038baf8f460-p_c.jpg,2026-05-18 11:42,For Sale
26709110,612 W 8th St,75208,Dallas,TX,32.74785,-96.83278,649000,260.0,,631400.0,4104.0,3.0,3.0,2492.0,2014.0,5793.48,singleFamily,2,750000.0,2025,https://www.zillow.com,https://photos.zillowstatic.com/fp/760b747560c459769f3502aac8cd3af1-p_c.jpg,2026-05-18 11:42,For Sale
162169838,601 Cristler Ave,75223,Dallas,TX,32.802513,-96.7469,325000,158.0,,316200.0,2453.0,4.0,3.0,2060.0,1922.0,7143.84,multiFamily,9,419230.0,2025,https://www.zillow.com,https://photos.zillowstatic.com/fp/fb4ba82290384aa721094d224c4a44d0-p_c.jpg,2026-05-18 11:42,For Sale
26703600,6046 Penrose Ave,75206,Dallas,TX,32.83223,-96.76226,699000,586.0,,,,2.0,1.0,1192.0,1938.0,6490.44,singleFamily,17,622710.0,2025,https://www.zillow.com,https://photos.zillowstatic.com/fp/b7bf9b83566aee890c620ecc754e40fb-p_c.jpg,2026-05-18 11:42,For Sale
26879978,12731 High Meadow Dr,75244,Dallas,TX,32.91717,-96.84825,949000,368.0,-26000.0,912900.0,4727.0,5.0,4.0,2580.0,1966.0,10193.04,singleFamily,78,565060.0,2025,https://www.zillow.com,https://photos.zillowstatic.com/fp/e49d5cb0aa4345541404a8f6b465ef89-p_c.jpg,2026-05-18 11:42,For Sale
26632277,4133 Winding Way Ct,75287,Dallas,TX,33.00884,-96.83971,430000,190.0,-20000.0,426900.0,3122.0,3.0,2.0,2268.0,1986.0,7405.2,singleFamily,72,539667.0,2025,https://www.zillow.com,https://photos.zillowstatic.com/fp/65f37f0fa21a264d044b89aa425962bd-p_c.jpg,2026-05-18 11:42,For Sale
26776151,4410 S Ewing Ave,75216,Dallas,TX,32.689854,-96.81058,215000,249.0,,202900.0,1465.0,3.0,1.0,864.0,1953.0,8886.24,singleFamily,1,204310.0,2025,https://www.zillow.com,https://photos.zillowstatic.com/fp/8773c0bb847e8496754923c4bea97b94-p_c.jpg,2026-05-18 11:42,For Sale
26756195,6331 Waggoner Dr,75230,Dallas,TX,32.887623,-96.79749,3950000,617.0,-345000.0,3718900.0,8471.0,5.0,6.0,6404.0,1990.0,0.404,singleFamily,31,2986860.0,2025,https://www.zillow.com,https://photos.zillowstatic.com/fp/14409d0b5dbf77e85abbb0f856d1f631-p_c.jpg,2026-05-18 11:42,For Sale
26681350,2718 South Blvd,75215,Dallas,TX,32.769196,-96.76976,265000,130.0,,261300.0,2505.0,3.0,2.0,2038.0,1920.0,9626.76,singleFamily,11,172000.0,2025,https://www.zillow.com,https://photos.zillowstatic.com/fp/e175c04ac8c7bcf17b0247420894683c-p_c.jpg,2026-05-18 11:42,For Sale
26701979,6941 Gaston Ave,75214,Dallas,TX,32.815536,-96.737885,5800000,746.0,-249729.0,5596700.0,7586.0,6.0,6.0,7777.0,2025.0,0.987,singleFamily,100,3603590.0,2025,https://www.zillow.com,https://photos.zillowstatic.com/fp/488b494e7aa62ae04b1e6f5a6b3703f5-p_c.jpg,2026-05-18 11:42,For Sale
26786511,846 Peavy Rd,75218,Dallas,TX,32.846157,-96.706726,499000,366.0,-10500.0,495500.0,2559.0,3.0,2.0,1364.0,1954.0,8102.16,singleFamily,47,547740.0,2025,https://www.zillow.com,https://photos.zillowstatic.com/fp/77f4028a7ab786de8420de7bd985bb93-p_c.jpg,2026-05-18 11:42,For Sale
26852389,13745 Rolling Hills Ln,75240,Dallas,TX,32.936565,-96.77062,495000,229.0,,488800.0,3270.0,4.0,3.0,2164.0,1965.0,10402.128,singleFamily,57,485930.0,2025,https://www.zillow.com,https://photos.zillowstatic.com/fp/daa89631dce27f8ffa7061c9dbcb3ca7-p_c.jpg,2026-05-18 11:42,For Sale
26767925,2266 Sutter St,75216,Dallas,TX,32.72105,-96.78641,229999,134.0,-10000.0,,,3.0,2.0,1721.0,1953.0,0.291,singleFamily,26,272050.0,2025,https://www.zillow.com,https://photos.zillowstatic.com/fp/9eee631833b468596d5e9b418a81fb9f-p_c.jpg,2026-05-18 11:42,For Sale
26825735,2137 Sea Island Dr,75232,Dallas,TX,32.674866,-96.8532,250000,111.0,,,,3.0,3.0,2248.0,1965.0,8189.28,singleFamily,18,308040.0,2025,https://www.zillow.com,https://photos.zillowstatic.com/fp/5b355f72f5bf48719afbe619b23f3843-p_c.jpg,2026-05-18 11:42,For Sale
26741956,10014 Estacado Dr,75228,Dallas,TX,32.83032,-96.68622,450000,326.0,,439700.0,2357.0,3.0,2.0,1380.0,1951.0,6664.68,singleFamily,10,408370.0,2025,https://www.zillow.com,https://photos.zillowstatic.com/fp/dea31da48f4adc1a290c9332587d1baa-p_c.jpg,2026-05-18 11:42,For Sale
26912838,9535 Viewside Dr,75231,Dallas,TX,32.89153,-96.73706,789000,300.0,,763100.0,4515.0,4.0,3.0,2627.0,1980.0,10759.32,singleFamily,10,719000.0,2025,https://www.zillow.com,https://photos.zillowstatic.com/fp/07fc3ab735ecacebe34610f141b61624-p_c.jpg,2026-05-18 11:42,For Sale
89377914,1648 Tampa Bay Dr,75217,Dallas,TX,32.68452,-96.66233,269999,174.0,,264300.0,2073.0,4.0,2.0,1549.0,2008.0,7492.32,singleFamily,4,264270.0,2025,https://www.zillow.com,https://photos.zillowstatic.com/fp/9da7957083a83c11d834b0eebb0ed3e7-p_c.jpg,2026-05-18 11:42,For Sale
80228837,13731 Biggs St,75253,Dallas,TX,32.68139,-96.59222,227000,139.0,-3000.0,,,4.0,2.0,1638.0,2004.0,5227.2,singleFamily,260,228290.0,2025,https://www.zillow.com,https://photos.zillowstatic.com/fp/b46ee95d5284bf4a32a160246f9bd7ee-p_c.jpg,2026-05-18 11:42,For Sale
26803542,5709 Forest Ln,75230,Dallas,TX,32.909958,-96.81026,1149000,399.0,-13000.0,1102800.0,5778.0,4.0,3.0,2883.0,1962.0,0.483,singleFamily,25,993250.0,2025,https://www.zillow.com,https://photos.zillowstatic.com/fp/0d65427a00c263276a382ccf56a5e63e-p_c.jpg,2026-05-18 11:42,For Sale
26803712,5510 Del Roy Dr,75230,Dallas,TX,32.90527,-96.81247,4199400,696.0,,4037400.0,4496.0,6.0,7.0,6036.0,2026.0,0.42600000000000005,singleFamily,9,835470.0,2025,https://www.zillow.com,https://photos.zillowstatic.com/fp/066245f494b96fefc7545224a832fcba-p_c.jpg,2026-05-18 11:42,For Sale
26818170,613 Cheyenne Rd,75217,Dallas,TX,32.721992,-96.63956,229000,179.0,,224800.0,1907.0,4.0,2.0,1280.0,1952.0,9016.92,singleFamily,19,217910.0,2025,https://www.zillow.com,https://photos.zillowstatic.com/fp/f98a9f36b3441636e0cdb058f1539139-p_c.jpg,2026-05-18 11:42,For Sale
26793748,2346 Rexlawn Dr,75227,Dallas,TX,32.754864,-96.697975,259000,167.0,,260000.0,1804.0,3.0,1.0,1554.0,1954.0,9147.6,singleFamily,4,240120.0,2025,https://www.zillow.com,https://photos.zillowstatic.com/fp/aec4ec4e543c66f9f6c2182e72e8f3f6-p_c.jpg,2026-05-18 11:42,For Sale
26765716,3018 51st St,75216,Dallas,TX,32.700157,-96.76921,190000,204.0,,185200.0,1446.0,3.0,1.0,932.0,1954.0,7274.52,singleFamily,18,165620.0,2025,https://www.zillow.com,https://photos.zillowstatic.com/fp/ddc662da5be9ccd95f2ed77059337c3f-p_c.jpg,2026-05-18 11:42,For Sale
26848303,6275 Preston Creek Dr,75240,Dallas,TX,32.937862,-96.79934,1675000,421.0,,1590200.0,6081.0,3.0,4.0,3978.0,1971.0,0.582,singleFamily,10,1360590.0,2025,https://www.zillow.com,https://photos.zillowstatic.com/fp/03d4a18b397f4405f6c745b3b715c0d5-p_c.jpg,2026-05-18 11:42,For Sale
26930872,14333 Preston Rd APT 1705,75254,Dallas,TX,32.94401,-96.80551,214900,176.0,,231400.0,1952.0,2.0,3.0,1221.0,1982.0,10.058,condo,2,244200.0,2025,https://www.zillow.com,https://photos.zillowstatic.com/fp/591fe5da83a153bfb697a04ee5ade2d7-p_c.jpg,2026-05-18 11:42,For Sale
53096200,4038 Midrose Trl,75287,Dallas,TX,33.00829,-96.84196,465000,266.0,-10000.0,459900.0,3296.0,4.0,2.0,1749.0,1997.0,8712.0,singleFamily,17,507598.0,2025,https://www.zillow.com,https://photos.zillowstatic.com/fp/2cbbf2477e58bde8bdf8bcb839542f40-p_c.jpg,2026-05-18 11:42,For Sale
26750061,7024 Wake Forrest Dr,75214,Dallas,TX,32.85369,-96.73837,625000,447.0,-25000.0,,,3.0,2.0,1398.0,1957.0,8145.72,singleFamily,24,626460.0,2025,https://www.zillow.com,https://photos.zillowstatic.com/fp/b82a2c7423fd7099c94d43cef1244ba4-p_c.jpg,2026-05-18 11:42,For Sale
26872983,15651 Terrace Lawn Cir,75248,Dallas,TX,32.961514,-96.77894,685000,317.0,,658000.0,3292.0,4.0,3.0,2159.0,1967.0,7840.8,singleFamily,2,575000.0,2025,https://www.zillow.com,https://photos.zillowstatic.com/fp/d0c1ff5499c268a349a0a04c90a52e25-p_c.jpg,2026-05-18 11:42,For Sale
26854294,10677 Larchfield Ln,75238,Dallas,TX,32.87657,-96.70058,639000,336.0,,638100.0,2973.0,3.0,2.0,1904.0,1959.0,7492.32,singleFamily,9,468840.0,2025,https://www.zillow.com,https://photos.zillowstatic.com/fp/731a1f20671fe3395b07a04cfd9ccb27-p_c.jpg,2026-05-18 11:42,For Sale
96505229,3904 Atlanta St,75215,Dallas,TX,32.759125,-96.76231,295000,155.0,,291800.0,2254.0,3.0,3.0,1904.0,2021.0,3920.4,singleFamily,4,391620.0,2025,https://www.zillow.com,https://photos.zillowstatic.com/fp/e1b1aca575fbfe3e2144c5d44c7a3613-p_c.jpg,2026-05-18 11:42,For Sale
26709762,218 N Rosemont Ave,75208,Dallas,TX,32.747173,-96.84747,525000,273.0,,,,3.0,2.0,1921.0,1925.0,7405.2,singleFamily,37,454000.0,2025,https://www.zillow.com,https://photos.zillowstatic.com/fp/5ccf24be7456784ade3992b09827fb03-p_c.jpg,2026-05-18 11:42,For Sale
80242012,7434 Pineberry Rd,75249,Dallas,TX,32.633812,-96.94638,263000,161.0,,261600.0,2257.0,3.0,3.0,1630.0,2006.0,3998.808,singleFamily,9,260000.0,2025,https://www.zillow.com,https://photos.zillowstatic.com/fp/f1459cb81025f7e9b677754e0a671056-p_c.jpg,2026-05-18 11:42,For Sale
26811097,10355 Carry Back Cir,75229,Dallas,TX,32.886555,-96.87324,689000,297.0,-10000.0,,,4.0,3.0,2322.0,1965.0,0.27299999999999996,singleFamily,124,625280.0,2025,https://www.zillow.com,https://photos.zillowstatic.com/fp/8221630f473211375dddddc85fec7b13-p_c.jpg,2026-05-18 11:42,For Sale
96530796,643 Rayenell Ave,75217,Dallas,TX,32.72362,-96.70644,350000,174.0,,,2739.0,4.0,3.0,2010.0,2026.0,7753.68,singleFamily,45,55000.0,2025,https://www.zillow.com,https://photos.zillowstatic.com/fp/68e5159b1812daf7f85d248690cc4a22-p_c.jpg,2026-05-18 11:42,For Sale
96501568,1931 Muncie Ave,75212,Dallas,TX,32.775227,-96.851326,449000,215.0,-10000.0,445600.0,3336.0,3.0,3.0,2093.0,2025.0,7100.28,singleFamily,41,106500.0,2025,https://www.zillow.com,https://photos.zillowstatic.com/fp/66cb4690ea40fc17ed16ca003832822a-p_c.jpg,2026-05-18 11:42,For Sale
26792906,2230 Mack Ln,75227,Dallas,TX,32.752373,-96.69626,214900,147.0,-10200.0,,,3.0,2.0,1464.0,1955.0,9278.28,singleFamily,146,249140.0,2025,https://www.zillow.com,https://photos.zillowstatic.com/fp/cefd80dd80005972ce34e67eff82c087-p_c.jpg,2026-05-18 11:42,For Sale
26864424,9827 Vistadale Dr,75238,Dallas,TX,32.8887,-96.71662,799000,325.0,,771200.0,4587.0,4.0,3.0,2456.0,1966.0,8799.12,singleFamily,9,765280.0,2025,https://www.zillow.com,https://photos.zillowstatic.com/fp/20ef7df580bd246517b5c4e257a657c6-p_c.jpg,2026-05-18 11:42,For Sale
26586072,4208 Bretton Bay Cir,75287,Dallas,TX,32.99047,-96.83813,728985,195.0,,709500.0,5740.0,5.0,5.0,3731.0,1978.0,0.29,singleFamily,25,854163.0,2025,https://www.zillow.com,https://photos.zillowstatic.com/fp/0d1b05968138dd2efb376093cef5f2a7-p_c.jpg,2026-05-18 11:42,For Sale
53085100,18653 Vista Del Sol,75287,Dallas,TX,33.003937,-96.83422,495000,232.0,,485300.0,3538.0,3.0,3.0,2135.0,1986.0,6098.4,singleFamily,9,526500.0,2025,https://www.zillow.com,https://photos.zillowstatic.com/fp/d4c0178136ebe9dd1f93021ee9eb22f7-p_c.jpg,2026-05-18 11:42,For Sale
460768765,2523 Hondo Ave #102,75219,Dallas,TX,32.811028,-96.820625,409900,273.0,-10000.0,404600.0,4153.0,2.0,3.0,1500.0,2026.0,7361.64,condo,78,,,https://www.zillow.com,https://photos.zillowstatic.com/fp/6c75f5b2b0ab1b4a75eee310a7e91a6e-p_c.jpg,2026-05-18 11:42,For Sale
26833653,3629 Vilbig Rd,75212,Dallas,TX,32.787315,-96.848145,699000,196.0,,,4530.0,4.0,4.0,3572.0,2025.0,9191.16,singleFamily,4,116950.0,2025,https://www.zillow.com,https://photos.zillowstatic.com/fp/a62301dfcd091a91d2acf64323e185c8-p_c.jpg,2026-05-18 11:42,For Sale
26731086,4726 Hopkins Ave,75209,Dallas,TX,32.847454,-96.82896,1299900,311.0,-29100.0,1276400.0,7746.0,5.0,5.0,4180.0,2023.0,6272.64,singleFamily,13,1238420.0,2025,https://www.zillow.com,https://photos.zillowstatic.com/fp/e97a666128f68b17ae1866fb71b1b1f9-p_c.jpg,2026-05-18 11:42,For Sale
26901389,5335 Bent Tree Forest Dr APT 119,75248,Dallas,TX,32.965923,-96.81654,149900,191.0,-5000.0,,1401.0,1.0,2.0,783.0,1981.0,8.766,singleFamily,58,198790.0,2025,https://www.zillow.com,https://photos.zillowstatic.com/fp/8e2c10f78e61b15e14f30ae8f931eff1-p_c.jpg,2026-05-18 11:42,For Sale
26689484,712 Lipscomb Ave,75214,Dallas,TX,32.810173,-96.75494,875000,313.0,,842200.0,4082.0,4.0,2.0,2796.0,1924.0,8407.08,singleFamily,16,677050.0,2025,https://www.zillow.com,https://photos.zillowstatic.com/fp/52292bdbe1ed84998fa4bc4127516e6c-p_c.jpg,2026-05-18 11:42,For Sale
26905980,2 Manzano Cir,75230,Dallas,TX,32.90909,-96.79921,3995000,588.0,,,,4.0,6.0,6796.0,1994.0,0.626,singleFamily,4,2548960.0,2025,https://www.zillow.com,https://photos.zillowstatic.com/fp/38e75c531d5636249c74b9d53d500df4-p_c.jpg,2026-05-18 11:42,For Sale
96519726,438 Bonnie View Rd,75203,Dallas,TX,32.743176,-96.794655,590000,217.0,,584300.0,3726.0,5.0,3.0,2720.0,2026.0,3920.4,singleFamily,11,90000.0,2025,https://www.zillow.com,https://photos.zillowstatic.com/fp/7af4a225cd4bf3bc402900ff4b6ab2fd-p_c.jpg,2026-05-18 11:42,For Sale
26804688,4429 Goodfellow Dr,75229,Dallas,TX,32.909195,-96.8332,1395000,396.0,,1318600.0,6301.0,5.0,4.0,3526.0,1965.0,0.38,singleFamily,4,1059630.0,2025,https://www.zillow.com,https://photos.zillowstatic.com/fp/a590d2551e088df9a7223330c0b97b18-p_c.jpg,2026-05-18 11:42,For Sale
26883107,12717 Hornbeam Dr,75243,Dallas,TX,32.920685,-96.70821,328995,163.0,-1000.0,327000.0,3231.0,3.0,2.0,2015.0,1983.0,0.29,singleFamily,72,314410.0,2025,https://www.zillow.com,https://photos.zillowstatic.com/fp/a52a17819bc84382155141766e658b1d-p_c.jpg,2026-05-18 11:42,For Sale
26798424,7960 Olusta Dr,75217,Dallas,TX,32.709885,-96.68538,149900,108.0,,,,3.0,2.0,1394.0,1958.0,8407.08,singleFamily,11,246440.0,2025,https://www.zillow.com,https://photos.zillowstatic.com/fp/13daca8d618fac6dada14122b3c56299-p_c.jpg,2026-05-18 11:42,For Sale
26784605,3016 Loganwood Dr,75227,Dallas,TX,32.76412,-96.69356,234950,158.0,,229900.0,1937.0,3.0,2.0,1484.0,1952.0,0.41459999999999997,singleFamily,11,261380.0,2025,https://www.zillow.com,https://photos.zillowstatic.com/fp/bec16707547f3b4e60e18d48d4547fa7-p_c.jpg,2026-05-18 11:42,For Sale
69668945,4323 Gilbert Ave #4,75219,Dallas,TX,32.8195,-96.80942,699000,242.0,-26000.0,,,3.0,3.0,2893.0,2005.0,2003.76,townhome,94,819730.0,2025,https://www.zillow.com,https://photos.zillowstatic.com/fp/0659c5f91123198f2bec44c7581d0b90-p_c.jpg,2026-05-18 11:42,For Sale
26875845,6725 Caulfield Dr,75248,Dallas,TX,32.981922,-96.79075,900000,221.0,,864800.0,6815.0,5.0,5.0,4076.0,1974.0,0.27,singleFamily,9,902000.0,2025,https://www.zillow.com,https://photos.zillowstatic.com/fp/73d43f312db99d85ec713b77ba23737c-p_c.jpg,2026-05-18 11:42,For Sale
26858560,8635 Strathmore Dr,75238,Dallas,TX,32.86715,-96.68647,475000,215.0,-24000.0,,2807.0,5.0,3.0,2212.0,1963.0,8319.96,singleFamily,16,472930.0,2025,https://www.zillow.com,https://photos.zillowstatic.com/fp/6f8bcf1b9e124a2988202914186dd124-p_c.jpg,2026-05-18 11:42,For Sale
455152761,2414 Merlin St,75215,Dallas,TX,32.775078,-96.77428,299900,164.0,14900.0,,2700.0,3.0,3.0,1832.0,2025.0,,singleFamily,303,,,https://www.zillow.com,https://photos.zillowstatic.com/fp/91b90021b7264137b0710455580e2b4f-p_c.jpg,2026-05-18 11:42,For Sale
248827887,6303 E Grand Ave,75223,Dallas,TX,32.798954,-96.74211,760000,226.0,,,,6.0,3.0,3366.0,1947.0,9104.04,singleFamily,16,626330.0,2025,https://www.zillow.com,https://photos.zillowstatic.com/fp/f221e57e89e0692b76ed0a20cb5d24be-p_c.jpg,2026-05-18 11:42,For Sale
27327500,2623 Seedling Ln,75287,Dallas,TX,32.991604,-96.86788,440000,241.0,-10000.0,,,3.0,2.0,1824.0,1982.0,7840.8,singleFamily,44,442768.0,2025,https://www.zillow.com,https://photos.zillowstatic.com/fp/d7821eb3c3d57b035328882bdc2acb05-p_c.jpg,2026-05-18 11:42,For Sale
26883793,8036 Woodhue Cir,75228,Dallas,TX,32.796597,-96.705666,324900,130.0,-9600.0,,3666.0,4.0,2.0,2490.0,1963.0,10541.52,singleFamily,219,501050.0,2025,https://www.zillow.com,https://photos.zillowstatic.com/fp/fffe6c74b1eeb4948f64c09c4b5f2472-p_c.jpg,2026-05-18 11:42,For Sale
26798127,7540 Gayglen Dr,75217,Dallas,TX,32.709415,-96.691734,309900,176.0,,,,3.0,2.0,1760.0,1965.0,8102.16,singleFamily,80,427970.0,2025,https://www.zillow.com,https://photos.zillowstatic.com/fp/e93b6244fccaf2e149381019762685d4-p_c.jpg,2026-05-18 11:42,For Sale
338040957,2633 Reagan St #105,75219,Dallas,TX,32.807617,-96.81431,749000,300.0,,726100.0,4832.0,3.0,4.0,2500.0,2020.0,0.469,condo,2,687500.0,2025,https://www.zillow.com,https://photos.zillowstatic.com/fp/0195947dfb9dd4d5acb01eb4b9cfb61c-p_c.jpg,2026-05-18 11:42,For Sale
26689166,5617 Swiss Ave,75214,Dallas,TX,32.80813,-96.76333,2550000,640.0,,2515500.0,6839.0,4.0,3.0,3985.0,1919.0,0.372,singleFamily,9,1780650.0,2025,https://www.zillow.com,https://photos.zillowstatic.com/fp/f19834fee3fbbaf1fe115dac8d2ab88a-p_c.jpg,2026-05-18 11:42,For Sale
122303012,2315 Routh St,75201,Dallas,TX,32.7948,-96.80032,1900000,796.0,,1813300.0,4401.0,6.0,4.0,2388.0,1899.0,5009.4,singleFamily,240,1321880.0,2025,https://www.zillow.com,https://photos.zillowstatic.com/fp/b4ef29a221eb98c8f47e49892e0b3e11-p_c.jpg,2026-05-18 11:42,For Sale
96531203,2735 Prosperity Ave,75216,Dallas,TX,32.71056,-96.78163,399000,196.0,-16000.0,395900.0,2809.0,4.0,2.0,2034.0,2023.0,0.459,singleFamily,58,361590.0,2025,https://www.zillow.com,https://photos.zillowstatic.com/fp/b0b1b398e704ad43957f4ba8b8020d95-p_c.jpg,2026-05-18 11:42,For Sale
26696477,2322 Arroyo Ave,75219,Dallas,TX,32.80856,-96.82431,599900,233.0,-39100.0,588200.0,4944.0,3.0,4.0,2570.0,2024.0,3615.48,singleFamily,234,1350390.0,2025,https://www.zillow.com,https://photos.zillowstatic.com/fp/5b6e38862fe5da621ccf15298057fa74-p_c.jpg,2026-05-18 11:42,For Sale
26899191,3901 Turtle Creek Blvd #7,75219,Dallas,TX,32.816788,-96.79974,8900000,1310.0,,,,3.0,6.0,6792.0,1997.0,7535.88,singleFamily,27,3145000.0,2025,https://www.zillow.com,https://photos.zillowstatic.com/fp/da8210692bd7a70faad4b9c3fc7bf180-p_c.jpg,2026-05-18 11:42,For Sale
26847157,2795 Beechmont Dr,75228,Dallas,TX,32.815533,-96.685486,345000,188.0,,,2444.0,4.0,3.0,1833.0,1964.0,8712.0,singleFamily,2,320330.0,2025,https://www.zillow.com,https://photos.zillowstatic.com/fp/613d5706455bab34eacf638345abdad8-p_c.jpg,2026-05-18 11:42,For Sale
26832901,3311 Rutz St,75212,Dallas,TX,32.782307,-96.84512,385000,164.0,-10000.0,383500.0,3728.0,3.0,3.0,2342.0,2022.0,3615.48,singleFamily,152,627880.0,2025,https://www.zillow.com,https://photos.zillowstatic.com/fp/390daf6a2b2e70f7daab7a12e99c9dc4-p_c.jpg,2026-05-18 11:42,For Sale
26746607,10329 Lake Gardens Dr,75218,Dallas,TX,32.844616,-96.6961,620000,300.0,-15000.0,,3321.0,4.0,3.0,2064.0,1955.0,0.253,singleFamily,117,677020.0,2025,https://www.zillow.com,https://photos.zillowstatic.com/fp/f83529f33680f574554c0b4c5e0fe445-p_c.jpg,2026-05-18 11:42,For Sale
26888948,6004 White Rose Trl,75248,Dallas,TX,32.95697,-96.80426,649500,247.0,,657400.0,3991.0,4.0,3.0,2629.0,1979.0,10236.6,singleFamily,3,711250.0,2025,https://www.zillow.com,https://photos.zillowstatic.com/fp/b9759a5c3398dd245938bcf6d4f9f72f-p_c.jpg,2026-05-18 11:42,For Sale
26751108,7329 Edgerton Dr,75231,Dallas,TX,32.857544,-96.73505,590000,295.0,-10000.0,580900.0,3645.0,4.0,3.0,2000.0,1960.0,7766.748,singleFamily,59,566090.0,2025,https://www.zillow.com,https://photos.zillowstatic.com/fp/a8746595e435f258fa3ac003af6247c7-p_c.jpg,2026-05-18 11:42,For Sale
26883566,10343 Portrush Dr,75243,Dallas,TX,32.91061,-96.705795,335000,175.0,-3000.0,330800.0,2618.0,3.0,2.0,1911.0,1977.0,8145.72,singleFamily,56,350740.0,2025,https://www.zillow.com,https://photos.zillowstatic.com/fp/dd780b10579987a59e04fff4c3aafbff-p_c.jpg,2026-05-18 11:42,For Sale
26871966,14810 Knollview Dr,75248,Dallas,TX,32.950333,-96.78659,695000,239.0,-5000.0,679600.0,5237.0,4.0,3.0,2912.0,1971.0,0.353,singleFamily,51,777100.0,2025,https://www.zillow.com,https://photos.zillowstatic.com/fp/5123508207e984afe5856a3a21698fe0-p_c.jpg,2026-05-18 11:42,For Sale
26825953,1736 Reynoldston Ln,75232,Dallas,TX,32.67642,-96.85013,400000,150.0,-10000.0,397700.0,3768.0,4.0,3.0,2659.0,1969.0,0.253,singleFamily,123,289000.0,2025,https://www.zillow.com,https://photos.zillowstatic.com/fp/4090c81cebb3ecb637250274e3e70462-p_c.jpg,2026-05-18 11:42,For Sale
26749446,6516 Danbury Ln,75214,Dallas,TX,32.84712,-96.74945,550000,382.0,-40000.0,531300.0,2771.0,2.0,2.0,1439.0,1953.0,10018.8,singleFamily,31,662340.0,2025,https://www.zillow.com,https://photos.zillowstatic.com/fp/8dce9cbd79914c8fcf00ba943a8b305b-p_c.jpg,2026-05-18 11:42,For Sale
26857232,4519 Yancy St,75216,Dallas,TX,32.71156,-96.74719,309999,154.0,-3000.0,309700.0,2561.0,4.0,2.0,2007.0,2019.0,10759.32,singleFamily,162,309010.0,2025,https://www.zillow.com,https://photos.zillowstatic.com/fp/9d4687786ddaa5dfc1053bb031131c26-p_c.jpg,2026-05-18 11:42,For Sale
26867483,7115 Cosgrove Dr,75231,Dallas,TX,32.87654,-96.74019,959000,355.0,,923400.0,4710.0,4.0,3.0,2701.0,1974.0,8973.36,singleFamily,10,756550.0,2025,https://www.zillow.com,https://photos.zillowstatic.com/fp/f77a69f2bfbcb175281e2ba5bcb96d3a-p_c.jpg,2026-05-18 11:42,For Sale
27292113,17832 River Chase Dr,75287,Dallas,TX,32.992664,-96.85056,459000,207.0,,451100.0,2656.0,4.0,2.0,2214.0,1994.0,7492.32,singleFamily,17,421480.0,2025,https://www.zillow.com,https://photos.zillowstatic.com/fp/39bc13d3361270c02846890e08b979d5-p_c.jpg,2026-05-18 11:42,For Sale
26913907,4127 Manorview Ln,75228,Dallas,TX,32.839264,-96.64732,950000,227.0,,912500.0,5404.0,4.0,4.0,4183.0,1985.0,0.322,singleFamily,4,742820.0,2025,https://www.zillow.com,https://photos.zillowstatic.com/fp/257913d9c8c6eeaba96764e32b532693-p_c.jpg,2026-05-18 11:42,For Sale
441552358,1139 Riverwood Rd,75217,Dallas,TX,32.69753,-96.69046,414999,198.0,,,,3.0,3.0,2100.0,2026.0,0.326,singleFamily,3,,,https://www.zillow.com,https://photos.zillowstatic.com/fp/55cee0f85e125314e208bc84a00f0494-p_c.jpg,2026-05-18 11:42,For Sale
26799462,1001 Hillburn Dr,75217,Dallas,TX,32.72879,-96.68881,225000,119.0,,227400.0,2059.0,4.0,2.0,1893.0,1947.0,8424.504,singleFamily,4,207820.0,2025,https://www.zillow.com,https://photos.zillowstatic.com/fp/8dc878e1234fef6a2aa53b541da52653-p_c.jpg,2026-05-18 11:42,For Sale
26911358,6934 Forest Glen Blvd,75230,Dallas,TX,32.91292,-96.784325,2150000,483.0,,1813200.0,7950.0,4.0,5.0,4452.0,2001.0,8755.56,singleFamily,4,1659070.0,2025,https://www.zillow.com,https://photos.zillowstatic.com/fp/331c1c4378554f441d0dbebd105f9059-p_c.jpg,2026-05-18 11:42,For Sale
26692710,3622 Cragmont Ave,75205,Dallas,TX,32.821747,-96.79561,3995000,965.0,,,,3.0,4.0,4139.0,2006.0,9278.28,singleFamily,6,3261940.0,2025,https://www.zillow.com,https://photos.zillowstatic.com/fp/d637d2b35a2769c3d8d7d73335f5f2b4-p_c.jpg,2026-05-18 11:42,For Sale
461744199,2900 Hawthorne Ave #103,75219,Dallas,TX,32.8155,-96.819435,479900,272.0,-10000.0,474600.0,4721.0,2.0,3.0,1763.0,2026.0,7840.8,condo,31,,,https://www.zillow.com,https://photos.zillowstatic.com/fp/9f07c5912dd40bf96d0eebbd4754bc1a-p_c.jpg,2026-05-18 11:42,For Sale
26906155,3115 Royal Gable Dr,75229,Dallas,TX,32.896526,-96.87351,260000,241.0,,253100.0,2121.0,2.0,2.0,1078.0,1983.0,0.094,singleFamily,3,266560.0,2025,https://www.zillow.com,https://photos.zillowstatic.com/fp/e06cb040801cc7574314d3c3bfc5db6c-p_c.jpg,2026-05-18 11:42,For Sale
26882196,12748 Burninglog Ln,75243,Dallas,TX,32.918285,-96.73594,269000,123.0,-6000.0,262900.0,2687.0,4.0,3.0,2192.0,1973.0,3528.36,singleFamily,67,305930.0,2025,https://www.zillow.com,https://photos.zillowstatic.com/fp/2fc30cab15ec133cf47f7b7328f12ee3-p_c.jpg,2026-05-18 11:42,For Sale
26792605,9966 Coppedge Ln,75220,Dallas,TX,32.87947,-96.8503,869000,571.0,,,3473.0,3.0,2.0,1522.0,1951.0,9844.56,singleFamily,3,707620.0,2025,https://www.zillow.com,https://photos.zillowstatic.com/fp/199d991d9d56f864b42f6c1fe40a6375-p_c.jpg,2026-05-18 11:42,For Sale
84004523,2621 Choice St,75215,Dallas,TX,32.73646,-96.7527,199000,166.0,-11000.0,,,3.0,2.0,1200.0,2006.0,4530.24,singleFamily,54,165940.0,2025,https://www.zillow.com,https://photos.zillowstatic.com/fp/7ffbec2728a2f31587c14bac63fe5750-p_c.jpg,2026-05-18 11:42,For Sale
26757056,4710 Bobbitt Dr,75229,Dallas,TX,32.897106,-96.82714,3375000,439.0,,,,5.0,8.0,7689.0,1968.0,0.504,singleFamily,59,3444520.0,2025,https://www.zillow.com,https://photos.zillowstatic.com/fp/e2c592b37ae60a0a1a2a929fce59d45f-p_c.jpg,2026-05-18 11:42,For Sale
303985454,1914 California Dr Unit 102,75204,Dallas,TX,32.805313,-96.78108,449900,276.0,,440600.0,2686.0,2.0,3.0,1629.0,2017.0,7013.16,condo,4,371540.0,2025,https://www.zillow.com,https://photos.zillowstatic.com/fp/c18b4363c0d7a41beb8309a90e82a630-p_c.jpg,2026-05-18 11:42,For Sale
26826149,1578 Bar Harbor Dr,75232,Dallas,TX,32.669235,-96.84709,629000,148.0,-40000.0,608200.0,4867.0,5.0,5.0,4236.0,1964.0,0.5599999999999999,singleFamily,88,507740.0,2025,https://www.zillow.com,https://photos.zillowstatic.com/fp/d0ce81e971c4e260d5cfab6e55380168-p_c.jpg,2026-05-18 11:42,For Sale
27340700,3136 Harbinger Ln,75287,Dallas,TX,32.995094,-96.86622,297400,244.0,-2500.0,294000.0,1958.0,2.0,2.0,1217.0,1984.0,5009.4,singleFamily,107,321776.0,2025,https://www.zillow.com,https://photos.zillowstatic.com/fp/47b74a558a057a8f578a48f98d2ef486-p_c.jpg,2026-05-18 11:42,For Sale
162298636,3228 Grantwood Dr,75229,Dallas,TX,32.888435,-96.87161,749900,300.0,-15000.0,727100.0,5297.0,4.0,3.0,2500.0,1968.0,0.252,singleFamily,37,669910.0,2025,https://www.zillow.com,https://photos.zillowstatic.com/fp/86db71109e55476dfb827f8bedc35f1e-p_c.jpg,2026-05-18 11:42,For Sale
26713067,830 W Canty St,75208,Dallas,TX,32.752144,-96.83633,499000,474.0,,482200.0,2426.0,3.0,2.0,1052.0,1925.0,6141.96,singleFamily,16,412160.0,2025,https://www.zillow.com,https://photos.zillowstatic.com/fp/6c9b64e0ac04931d8d97fc6a246f43cc-p_c.jpg,2026-05-18 11:42,For Sale
26830912,8454 Swift Ave,75228,Dallas,TX,32.80469,-96.70193,615000,254.0,-5000.0,,,4.0,3.0,2420.0,1962.0,8842.68,singleFamily,93,478000.0,2025,https://www.zillow.com,https://photos.zillowstatic.com/fp/56a670f49accd1210af962d695264a07-p_c.jpg,2026-05-18 11:42,For Sale
26869347,9406 Arborhill Dr,75243,Dallas,TX,32.905796,-96.73009,930000,320.0,-5000.0,899600.0,3575.0,3.0,3.0,2903.0,1970.0,8755.56,singleFamily,24,544120.0,2025,https://www.zillow.com,https://photos.zillowstatic.com/fp/4c912b2d2cdc602e773e61240549e6bc-p_c.jpg,2026-05-18 11:42,For Sale
26706269,3932 Frontier Ln,75214,Dallas,TX,32.834957,-96.74076,1925000,466.0,-70000.0,1886400.0,7889.0,5.0,6.0,4129.0,2015.0,0.262,singleFamily,100,2405930.0,2025,https://www.zillow.com,https://photos.zillowstatic.com/fp/201a24b5a24fc59f1c3cc5fd077e6ca8-p_c.jpg,2026-05-18 11:42,For Sale
54021512,18731 Platte River Way,75287,Dallas,TX,33.008167,-96.86392,389000,249.0,-10000.0,385100.0,2893.0,3.0,2.0,1563.0,1983.0,8973.36,singleFamily,32,335344.0,2025,https://www.zillow.com,https://photos.zillowstatic.com/fp/c442f3906135af00cd461601e873a63f-p_c.jpg,2026-05-18 11:42,For Sale
26933657,9254 Forest Ln APT 208,75243,Dallas,TX,32.908333,-96.74122,139900,131.0,,141500.0,1463.0,2.0,2.0,1064.0,1982.0,5.5391,condo,10,169050.0,2025,https://www.zillow.com,https://photos.zillowstatic.com/fp/764ca7dc1e1659d17573bc34e80ef7b5-p_c.jpg,2026-05-18 11:42,For Sale
26806508,10564 Cox Ln,75229,Dallas,TX,32.891514,-96.85379,1649500,559.0,,1564300.0,6015.0,4.0,4.0,2950.0,1972.0,0.3,singleFamily,20,1114010.0,2025,https://www.zillow.com,https://photos.zillowstatic.com/fp/de4537e5f538d17873bebb37d3014d57-p_c.jpg,2026-05-18 11:42,For Sale
96503850,1011 S Waverly Dr,75208,Dallas,TX,32.735634,-96.84955,525000,150.0,,514900.0,5832.0,5.0,4.0,3506.0,2022.0,7274.52,singleFamily,11,833230.0,2025,https://www.zillow.com,https://photos.zillowstatic.com/fp/18191b0fb386ba9516d4de76b213efe3-p_c.jpg,2026-05-18 11:42,For Sale
26703257,6158 Anita St,75214,Dallas,TX,32.83468,-96.75905,689000,436.0,,,,2.0,2.0,1582.0,1948.0,6359.76,singleFamily,9,671530.0,2025,https://www.zillow.com,https://photos.zillowstatic.com/fp/35bf3671b0e120dfb6cf8e28f6941beb-p_c.jpg,2026-05-18 11:42,For Sale
461904732,4911 Clover Haven St,75227,Dallas,TX,32.786057,-96.68791,244990,182.0,-5000.0,244600.0,1941.0,3.0,2.0,1348.0,1986.0,3876.84,singleFamily,25,,,https://www.zillow.com,https://photos.zillowstatic.com/fp/1cca90c73b0e892bf3a3ba88ba0de31c-p_c.jpg,2026-05-18 11:42,For Sale
26892826,7318 Emory Oak Ln,75249,Dallas,TX,32.6288,-96.950294,285000,186.0,,282800.0,1900.0,3.0,2.0,1529.0,1978.0,7143.84,singleFamily,9,279000.0,2025,https://www.zillow.com,https://photos.zillowstatic.com/fp/5ec632e43fbb01323e88401bfdbb73aa-p_c.jpg,2026-05-18 11:42,For Sale
26848261,13919 Hughes Ln,75240,Dallas,TX,32.936768,-96.798546,4699900,906.0,,4434100.0,7759.0,4.0,5.0,5190.0,2022.0,1.182,singleFamily,38,3233730.0,2025,https://www.zillow.com,https://photos.zillowstatic.com/fp/a704fdbdf048e3306944f7d54742f6eb-p_c.jpg,2026-05-18 11:42,For Sale
26719919,2857 W 12th St,75211,Dallas,TX,32.74154,-96.867905,275000,219.0,-15000.0,265700.0,2192.0,2.0,1.0,1253.0,1926.0,7361.64,singleFamily,18,341490.0,2025,https://www.zillow.com,https://photos.zillowstatic.com/fp/fef8ce70af88bb06f4a39be083f356c1-p_c.jpg,2026-05-18 11:42,For Sale
2102499889,6123 Rincon Way,75214,Dallas,TX,32.85553,-96.7567,429900,227.0,-10000.0,422300.0,3416.0,3.0,3.0,1895.0,1970.0,5532.12,singleFamily,50,,,https://www.zillow.com,https://photos.zillowstatic.com/fp/0c2ccde3a173b664e541d388289104a6-p_c.jpg,2026-05-18 11:42,For Sale
26838955,10504 Berry Knoll Dr,75230,Dallas,TX,32.8887,-96.78239,549000,209.0,-30000.0,533700.0,5848.0,3.0,3.0,2632.0,1971.0,0.254,singleFamily,83,524300.0,2025,https://www.zillow.com,https://photos.zillowstatic.com/fp/398210584faf4faf2a2e8060a44b7058-p_c.jpg,2026-05-18 11:42,For Sale
26844547,12436 Oberlin Dr,75243,Dallas,TX,32.917515,-96.75613,470000,226.0,,457900.0,2630.0,4.0,3.0,2076.0,1958.0,8058.6,singleFamily,25,256920.0,2025,https://www.zillow.com,https://photos.zillowstatic.com/fp/0d730239870214e2c7f396e47d25897d-p_c.jpg,2026-05-18 11:42,For Sale
26847149,2763 Beechmont Dr,75228,Dallas,TX,32.816704,-96.68628,275000,213.0,,266900.0,1844.0,3.0,2.0,1289.0,1963.0,8276.4,singleFamily,13,309830.0,2025,https://www.zillow.com,https://photos.zillowstatic.com/fp/5ab1d82f36b0adcdd981d1386564544e-p_c.jpg,2026-05-18 11:42,For Sale
26861224,8112 Arlene Ln,75217,Dallas,TX,32.691376,-96.68189,279500,175.0,,273100.0,2404.0,4.0,3.0,1600.0,1949.0,7710.12,singleFamily,8,169010.0,2025,https://www.zillow.com,https://photos.zillowstatic.com/fp/46c6442d80b4753b7572f7d3549c9cdb-p_c.jpg,2026-05-18 11:42,For Sale
26812467,2931 Allister St,75229,Dallas,TX,32.90802,-96.87736,300000,270.0,-25000.0,292100.0,2092.0,2.0,2.0,1112.0,1986.0,6664.68,singleFamily,10,310280.0,2025,https://www.zillow.com,https://photos.zillowstatic.com/fp/36abd10c6005b075643ebd02b2f92e71-p_c.jpg,2026-05-18 11:42,For Sale
26889432,6419 Laurel Valley Rd,75248,Dallas,TX,32.967438,-96.797356,975000,246.0,,936900.0,6959.0,5.0,5.0,3968.0,1985.0,9496.08,singleFamily,5,852150.0,2025,https://www.zillow.com,https://photos.zillowstatic.com/fp/1eca6d293adab1bd080aa361db51d853-p_c.jpg,2026-05-18 11:42,For Sale
26758535,4323 Middleton Rd,75229,Dallas,TX,32.88603,-96.836235,3891000,654.0,,3652200.0,6281.0,5.0,7.0,5945.0,2019.0,0.428,singleFamily,31,3344760.0,2025,https://www.zillow.com,https://photos.zillowstatic.com/fp/d5b50d5876a2018788fa9195c5ce9651-p_c.jpg,2026-05-18 11:42,For Sale
26875060,16106 Salado Dr,75248,Dallas,TX,32.972607,-96.77536,1050000,360.0,,1008700.0,5650.0,5.0,3.0,2920.0,1975.0,0.293,singleFamily,37,744640.0,2025,https://www.zillow.com,https://photos.zillowstatic.com/fp/f8a2c19d85fdd28398cb7638059e4d17-p_c.jpg,2026-05-18 11:42,For Sale
26897741,3021 Adolph St,75204,Dallas,TX,32.792656,-96.78921,595000,337.0,,,3745.0,3.0,2.0,1764.0,1983.0,5880.6,singleFamily,15,611530.0,2025,https://www.zillow.com,https://photos.zillowstatic.com/fp/396d48a56078ef66122237eed22ea9b5-p_c.jpg,2026-05-18 11:42,For Sale
26893245,10126 China Tree Dr,75249,Dallas,TX,32.624268,-96.94916,229900,159.0,,228000.0,1873.0,3.0,2.0,1443.0,1978.0,6734.376,singleFamily,12,252600.0,2025,https://www.zillow.com,https://photos.zillowstatic.com/fp/8944cf50fb755b434322ac55efb446da-p_c.jpg,2026-05-18 11:42,For Sale
26775912,4520 Utah Ave,75216,Dallas,TX,32.68844,-96.80946,210000,152.0,-14998.0,202100.0,2011.0,4.0,2.0,1384.0,1954.0,10062.36,singleFamily,26,230890.0,2025,https://www.zillow.com,https://photos.zillowstatic.com/fp/e7cc7529266dc96c51b8f77861b2ce8e-p_c.jpg,2026-05-18 11:42,For Sale
26859540,7109 Alpha Rd,75240,Dallas,TX,32.932,-96.78157,865000,294.0,,835600.0,5845.0,4.0,4.0,2945.0,1978.0,0.324,singleFamily,11,878000.0,2025,https://www.zillow.com,https://photos.zillowstatic.com/fp/49ed622f938f5ec6efc95fd53356b95f-p_c.jpg,2026-05-18 11:42,For Sale
26717776,2610 Emmett St,75211,Dallas,TX,32.732723,-96.86194,659000,244.0,,648700.0,3569.0,4.0,4.0,2700.0,2026.0,7056.72,singleFamily,20,231740.0,2025,https://www.zillow.com,https://photos.zillowstatic.com/fp/f1076df28f33ad03c24a7b30b30c486c-p_c.jpg,2026-05-18 11:42,For Sale
26730602,1630 Hansboro Ave,75224,Dallas,TX,32.71547,-96.847404,299000,283.0,,287100.0,1658.0,3.0,2.0,1058.0,1948.0,7318.08,singleFamily,2,194510.0,2025,https://www.zillow.com,https://photos.zillowstatic.com/fp/c21c0c8b4742ff1fed72a07aedd45798-p_c.jpg,2026-05-18 11:42,For Sale
26837455,11116 Westmere Cir,75230,Dallas,TX,32.899246,-96.79108,3550000,984.0,,3520400.0,7614.0,3.0,4.0,3608.0,1958.0,0.6985,singleFamily,5,2351940.0,2025,https://www.zillow.com,https://photos.zillowstatic.com/fp/89e0efb183668a41a19cfadfdc8b2d20-p_c.jpg,2026-05-18 11:42,For Sale
26913750,9403 Crimnson Ct,75217,Dallas,TX,32.709988,-96.67451,265000,165.0,1.0,260900.0,2089.0,3.0,2.0,1602.0,1997.0,7405.2,singleFamily,38,275850.0,2025,https://www.zillow.com,https://photos.zillowstatic.com/fp/a109bbe1198faa5cd6c4c0208d3fc6ae-p_c.jpg,2026-05-18 11:42,For Sale
26634230,4345 Timberglen Rd,75287,Dallas,TX,33.004307,-96.835175,429500,249.0,,421700.0,2554.0,3.0,2.0,1724.0,1989.0,4791.6,singleFamily,9,409066.0,2025,https://www.zillow.com,https://photos.zillowstatic.com/fp/89fceacfc8f74262bc659592357b80a8-p_c.jpg,2026-05-18 11:42,For Sale
26680376,1309 Pennsylvania Ave,75215,Dallas,TX,32.757946,-96.77832,234900,170.0,-10100.0,225500.0,2448.0,3.0,3.0,1380.0,1910.0,7701.408,singleFamily,94,163120.0,2025,https://www.zillow.com,https://photos.zillowstatic.com/fp/c1d7c1138180cca636e747e7031309ec-p_c.jpg,2026-05-18 11:42,For Sale
26696331,5338 Mercedes Ave,75206,Dallas,TX,32.827965,-96.77797,1699000,429.0,-100000.0,1618300.0,7264.0,5.0,5.0,3963.0,1925.0,7797.24,singleFamily,40,1348140.0,2025,https://www.zillow.com,https://photos.zillowstatic.com/fp/2a01703a452d6fd2b67dead86d744517-p_c.jpg,2026-05-18 11:42,For Sale
162212989,4715 S Denley Dr,75216,Dallas,TX,32.69098,-96.79342,464000,162.0,-5000.0,462800.0,3326.0,5.0,4.0,2860.0,2025.0,7501.032,singleFamily,249,117050.0,2025,https://www.zillow.com,https://photos.zillowstatic.com/fp/bcc9d329eaf27c666c290629534c2c48-p_c.jpg,2026-05-18 11:42,For Sale
26637978,17927 Windflower Way,75252,Dallas,TX,32.996372,-96.80392,419900,193.0,-10000.0,411500.0,3022.0,3.0,3.0,2174.0,1990.0,4225.32,singleFamily,38,454758.0,2025,https://www.zillow.com,https://photos.zillowstatic.com/fp/4c5259b325b83ee8aa05f6f603970e5c-p_c.jpg,2026-05-18 11:42,For Sale
26890888,17215 Graystone Dr,75248,Dallas,TX,32.985374,-96.77995,990000,251.0,,950900.0,6439.0,4.0,4.0,3938.0,1978.0,0.283,singleFamily,9,919590.0,2025,https://www.zillow.com,https://photos.zillowstatic.com/fp/2938d4328d121cf4820797d6e698ea11-p_c.jpg,2026-05-18 11:42,For Sale
26880655,12151 Crestline Ave,75244,Dallas,TX,32.915157,-96.83427,1299000,422.0,,1250800.0,4738.0,4.0,3.0,3077.0,1971.0,0.336,singleFamily,12,861260.0,2025,https://www.zillow.com,https://photos.zillowstatic.com/fp/5a42472468c284d58d439613e32cac4c-p_c.jpg,2026-05-18 11:42,For Sale
55826213,4330 Gilbert Ave APT C,75219,Dallas,TX,32.820087,-96.80913,810000,291.0,-20000.0,788600.0,5062.0,3.0,3.0,2780.0,2001.0,1306.8,townhome,80,733410.0,2025,https://www.zillow.com,https://photos.zillowstatic.com/fp/0f63ed11990b04374e09da9879dbbf18-p_c.jpg,2026-05-18 11:42,For Sale
302787562,2515 Old Mill Rd,75287,Carrollton,TX,32.98999,-96.869675,419900,243.0,,412100.0,2774.0,3.0,2.0,1730.0,1982.0,7840.8,singleFamily,16,402838.0,2025,https://www.zillow.com,https://photos.zillowstatic.com/fp/e10ea22e6301f5f94b3426ecf508abe0-p_c.jpg,2026-05-18 11:42,For Sale
26701044,7159 Wildgrove Ave,75214,Dallas,TX,32.81608,-96.73312,2300000,558.0,,,,5.0,5.0,4120.0,2026.0,9060.48,singleFamily,10,818680.0,2025,https://www.zillow.com,https://photos.zillowstatic.com/fp/8e1facd4b53d61e0ff601fbee19ad7a4-p_c.jpg,2026-05-18 11:42,For Sale
55827123,2305 Worthington St APT 114,75204,Dallas,TX,32.79578,-96.79886,490000,378.0,,431700.0,2719.0,2.0,2.0,1295.0,1999.0,1.665,condo,2,492120.0,2025,https://www.zillow.com,https://photos.zillowstatic.com/fp/a66b1fc067a2a8493a6cf3080baebac4-p_c.jpg,2026-05-18 11:42,For Sale
26695084,5947 Goodwin Ave,75206,Dallas,TX,32.824085,-96.76384,869999,420.0,,845400.0,4835.0,3.0,3.0,2070.0,1938.0,6534.0,singleFamily,86,801570.0,2025,https://www.zillow.com,https://photos.zillowstatic.com/fp/7eba40c1d347edc9fab3741bc34e1e0d-p_c.jpg,2026-05-18 11:42,For Sale
26780807,2442 Club Manor Dr,75237,Dallas,TX,32.667976,-96.859055,359000,144.0,-20000.0,357500.0,3189.0,4.0,4.0,2499.0,1969.0,9060.48,singleFamily,13,322870.0,2025,https://www.zillow.com,https://photos.zillowstatic.com/fp/5c73999a1bca4853dd187df12316c52e-p_c.jpg,2026-05-18 11:42,For Sale
26756533,6449 Royalton Dr,75230,Dallas,TX,32.897522,-96.79476,2000000,312.0,-100000.0,,,6.0,7.0,6411.0,2020.0,0.367,singleFamily,38,3669250.0,2025,https://www.zillow.com,https://photos.zillowstatic.com/fp/f8792c7f00bd252ff3a8803b172d354b-p_c.jpg,2026-05-18 11:42,For Sale
26706141,6742 Williamson Rd,75214,Dallas,TX,32.836758,-96.74292,815000,576.0,-60000.0,,3870.0,3.0,3.0,1414.0,1952.0,0.35,singleFamily,294,1031800.0,2025,https://www.zillow.com,https://photos.zillowstatic.com/fp/9575470b6150dd2a7136627172f4b9cf-p_c.jpg,2026-05-18 11:42,For Sale
26713546,606 W Pembroke Ave,75208,Dallas,TX,32.73799,-96.83242,390000,179.0,-15000.0,,,6.0,4.0,2177.0,1923.0,7640.424,singleFamily,65,283810.0,2025,https://www.zillow.com,https://photos.zillowstatic.com/fp/d04ad9562237408d9af160404b647acc-p_c.jpg,2026-05-18 11:42,For Sale
26712700,919 N Clinton Ave,75208,Dallas,TX,32.75461,-96.841835,599000,455.0,-10000.0,579200.0,2580.0,2.0,2.0,1316.0,1921.0,7405.2,singleFamily,32,523670.0,2025,https://www.zillow.com,https://photos.zillowstatic.com/fp/4a0bc39ccf1d5e2d50b65f2c67bea285-p_c.jpg,2026-05-18 11:42,For Sale
26779867,2816 Bonnywood Ln,75233,Dallas,TX,32.701885,-96.86656,394875,208.0,-10125.0,,,2.0,2.0,1898.0,1956.0,0.283,singleFamily,39,346670.0,2025,https://www.zillow.com,https://photos.zillowstatic.com/fp/705976f84ab6c39d3b69090416203c0f-p_c.jpg,2026-05-18 11:42,For Sale
26842198,2926 Hillglenn Rd,75228,Dallas,TX,32.825733,-96.66458,375000,206.0,-4000.0,,1944.0,4.0,2.0,1824.0,1955.0,7579.44,singleFamily,3,315520.0,2025,https://www.zillow.com,https://photos.zillowstatic.com/fp/cc4d608e944dc48414bc7c3b59fd9edb-p_c.jpg,2026-05-18 11:42,For Sale
26803653,11616 Jamestown Rd,75230,Dallas,TX,32.907127,-96.80683,2799000,486.0,-51000.0,,6224.0,5.0,7.0,5754.0,2022.0,0.38499999999999995,singleFamily,94,2919220.0,2025,https://www.zillow.com,https://photos.zillowstatic.com/fp/550350993dda32ff0839c2dc0f2d90f8-p_c.jpg,2026-05-18 11:42,For Sale
26703827,5803 Martel Ave,75206,Dallas,TX,32.831593,-96.76767,899000,392.0,-16000.0,,,3.0,3.0,2295.0,2022.0,3092.76,singleFamily,20,780660.0,2025,https://www.zillow.com,https://photos.zillowstatic.com/fp/2eb45aca242476c7820b55c12a272adb-p_c.jpg,2026-05-18 11:42,For Sale
26864432,9933 Vistadale Dr,75238,Dallas,TX,32.888683,-96.71479,800000,308.0,-15000.0,778900.0,4103.0,4.0,3.0,2594.0,1966.0,8624.88,singleFamily,38,630810.0,2025,https://www.zillow.com,https://photos.zillowstatic.com/fp/6c45741ada72bd2c798c5bebcfcc184b-p_c.jpg,2026-05-18 11:42,For Sale
26648700,6144 Jereme Trl,75252,Dallas,TX,33.00291,-96.799904,370000,230.0,-5000.0,364300.0,2710.0,2.0,2.0,1610.0,1985.0,3920.4,singleFamily,98,419981.0,2025,https://www.zillow.com,https://photos.zillowstatic.com/fp/d05503e41d6d05754d15fcac337bc63d-p_c.jpg,2026-05-18 11:42,For Sale
26755451,6739 Walnut Hill Ln,75230,Dallas,TX,32.88025,-96.788605,2290000,479.0,-60000.0,,,5.0,6.0,4778.0,2026.0,0.263,singleFamily,31,458760.0,2025,https://www.zillow.com,https://photos.zillowstatic.com/fp/85f13eba7e81f8fa944b17831a809c0b-p_c.jpg,2026-05-18 11:42,For Sale
26828291,2730 Larkspur Ln,75233,Dallas,TX,32.69695,-96.86409,325000,213.0,,326500.0,2312.0,3.0,2.0,1525.0,1960.0,10367.28,singleFamily,4,322240.0,2025,https://www.zillow.com,https://photos.zillowstatic.com/fp/e0282e2c1fe3767d23faaf13a06d4168-p_c.jpg,2026-05-18 11:42,For Sale
27273832,3307 Renaissance Dr,75287,Dallas,TX,32.99672,-96.86475,359990,252.0,,355100.0,2204.0,3.0,2.0,1431.0,1992.0,4007.52,singleFamily,34,323000.0,2025,https://www.zillow.com,https://photos.zillowstatic.com/fp/402b952a6cb919e7e00f9ea7161ef8f5-p_c.jpg,2026-05-18 11:42,For Sale
69670507,8054 Genesis Dr,75232,Dallas,TX,32.647896,-96.84451,265000,150.0,-10000.0,261300.0,2137.0,3.0,2.0,1772.0,2005.0,7753.68,singleFamily,87,285730.0,2025,https://www.zillow.com,https://photos.zillowstatic.com/fp/61ac968f37323a108568d07001e8b659-p_c.jpg,2026-05-18 11:42,For Sale
248830366,4817 Caxton Ct,75204,Dallas,TX,32.808872,-96.78057,825000,357.0,,801900.0,3718.0,3.0,4.0,2312.0,2018.0,2395.8,singleFamily,10,789220.0,2025,https://www.zillow.com,https://photos.zillowstatic.com/fp/21e70e3e722be8ca0e6ec27f8fcf7b67-p_c.jpg,2026-05-18 11:42,For Sale
2105689592,4224 Rawlins St APT 110,75219,Dallas,TX,32.815765,-96.81167,275000,291.0,-10000.0,267200.0,1961.0,2.0,2.0,946.0,1953.0,0.454,condo,15,,,https://www.zillow.com,https://photos.zillowstatic.com/fp/5c691d8b39cfb32ec04d03c828df7928-p_c.jpg,2026-05-18 11:42,For Sale
96512320,2242 Upcreek Ct,75253,Dallas,TX,32.669754,-96.60476,284900,164.0,,284600.0,2335.0,4.0,2.0,1741.0,2016.0,7056.72,singleFamily,45,311730.0,2025,https://www.zillow.com,https://photos.zillowstatic.com/fp/6b8b5924082a6fab69945635dc5aebfa-p_c.jpg,2026-05-18 11:42,For Sale
96532541,5916 Hudson St Unit 8,75206,Dallas,TX,32.809704,-96.76609,459000,252.0,,447300.0,3685.0,2.0,3.0,1820.0,2008.0,9496.08,condo,9,455000.0,2025,https://www.zillow.com,https://photos.zillowstatic.com/fp/9b645965e074125f3324187e5d467062-p_c.jpg,2026-05-18 11:42,For Sale
2070170502,4000 Rawlins St #101B,75219,Dallas,TX,32.81317,-96.808754,280000,252.0,,,2115.0,2.0,3.0,1112.0,1980.0,0.34900000000000003,multiFamily,130,,,https://www.zillow.com,https://photos.zillowstatic.com/fp/af480212248ae39f197257c992352dc4-p_c.jpg,2026-05-18 11:42,For Sale
26698557,4503 Frank St,75210,Dallas,TX,32.776615,-96.7447,168020,115.0,,165900.0,2058.0,3.0,2.0,1459.0,2023.0,4477.968,singleFamily,47,307400.0,2025,https://www.zillow.com,https://photos.zillowstatic.com/fp/5562af59228f152c85b432cc666eb4e1-p_c.jpg,2026-05-18 11:42,For Sale
26811185,3161 Waldrop Dr,75229,Dallas,TX,32.89068,-96.87322,384900,264.0,-4100.0,372000.0,2938.0,3.0,2.0,1456.0,1956.0,0.272,singleFamily,58,344720.0,2025,https://www.zillow.com,https://photos.zillowstatic.com/fp/02ac7708d5e07534d9f6026fef6e2146-p_c.jpg,2026-05-18 11:42,For Sale
26748726,6329 E Lovers Ln,75214,Dallas,TX,32.851227,-96.754036,775000,368.0,,750900.0,3531.0,4.0,2.0,2107.0,1957.0,8668.44,singleFamily,2,667140.0,2025,https://www.zillow.com,https://photos.zillowstatic.com/fp/7d116d26b52fc4ab30a0a01241eb094e-p_c.jpg,2026-05-18 11:42,For Sale
26874917,15825 El Estado Dr,75248,Dallas,TX,32.96463,-96.770966,600000,206.0,-28000.0,,,6.0,4.0,2906.0,1968.0,9670.32,singleFamily,58,551890.0,2025,https://www.zillow.com,https://photos.zillowstatic.com/fp/e782b213a976adb2c7bf4ea765b37ee1-p_c.jpg,2026-05-18 11:42,For Sale
351065786,2926 Lorena Jordan Rd,75212,Dallas,TX,32.78252,-96.86816,374990,192.0,,369400.0,3091.0,4.0,3.0,1950.0,2024.0,3179.88,singleFamily,4,,,https://www.zillow.com,https://photos.zillowstatic.com/fp/3d2096d912a8553aef452c36024b9cdd-p_c.jpg,2026-05-18 11:42,For Sale
26813159,3244 High Brook Dr,75234,Dallas,TX,32.911263,-96.867256,385000,256.0,,378200.0,2458.0,3.0,2.0,1504.0,1961.0,7710.12,singleFamily,2,398350.0,2025,https://www.zillow.com,https://photos.zillowstatic.com/fp/c8e195837022c89f3ea501c881939469-p_c.jpg,2026-05-18 11:42,For Sale
26892307,7105 Pineberry Rd,75249,Dallas,TX,32.636818,-96.9457,215000,175.0,,213100.0,1622.0,2.0,2.0,1227.0,1981.0,5140.08,singleFamily,2,210150.0,2025,https://www.zillow.com,https://photos.zillowstatic.com/fp/75724265ff120ff4fd9b8f455d307231-p_c.jpg,2026-05-18 11:42,For Sale
26716278,1203 Forester Dr,75216,Dallas,TX,32.7348,-96.80665,349900,233.0,-100.0,348100.0,2125.0,3.0,2.0,1500.0,2025.0,8494.2,singleFamily,71,90000.0,2025,https://www.zillow.com,https://photos.zillowstatic.com/fp/aab6ca815b0a287568415f76b78c1e3e-p_c.jpg,2026-05-18 11:42,For Sale
26845955,8515 Baumgarten Dr,75228,Dallas,TX,32.803387,-96.69516,339999,212.0,,332200.0,2398.0,3.0,2.0,1601.0,1975.0,7623.0,singleFamily,31,357790.0,2025,https://www.zillow.com,https://photos.zillowstatic.com/fp/fcbf0c030cd948530bbee8de89c3061a-p_c.jpg,2026-05-18 11:42,For Sale
26756679,11040 Tibbs St,75230,Dallas,TX,32.89946,-96.79667,3149000,553.0,-146000.0,2966000.0,15788.0,6.0,6.0,5696.0,2008.0,0.3861,singleFamily,45,2446610.0,2025,https://www.zillow.com,https://photos.zillowstatic.com/fp/d8ae84010c0606a6216d4fa74ff4f005-p_c.jpg,2026-05-18 11:42,For Sale
60346656,2214 Worthington St,75204,Dallas,TX,32.7956,-96.79747,1275000,371.0,-175000.0,1242800.0,7250.0,3.0,5.0,3437.0,2002.0,1219.68,townhome,66,2008430.0,2025,https://www.zillow.com,https://photos.zillowstatic.com/fp/a5f96c00b73db1a2d2c54b44139acba6-p_c.jpg,2026-05-18 11:42,For Sale
26631667,5612 Ventana Trl,75252,Dallas,TX,33.008102,-96.80108,515000,222.0,-24000.0,506900.0,4039.0,4.0,3.0,2321.0,1992.0,6011.28,singleFamily,88,536762.0,2025,https://www.zillow.com,https://photos.zillowstatic.com/fp/4819273a8aca71357cf56012f361bb22-p_c.jpg,2026-05-18 11:42,For Sale
26593044,7335 Debbe Dr,75252,Dallas,TX,32.99426,-96.777054,1050000,329.0,-25000.0,1010100.0,4338.0,4.0,3.0,3192.0,1980.0,9583.2,singleFamily,24,771217.0,2025,https://www.zillow.com,https://photos.zillowstatic.com/fp/c055b6338f17389fb1d429af1b516a0f-p_c.jpg,2026-05-18 11:42,For Sale
53071132,6527 Genstar Ln,75252,Dallas,TX,33.00275,-96.79025,599400,268.0,-500.0,592300.0,3587.0,3.0,2.0,2235.0,1979.0,8712.0,singleFamily,2,537904.0,2025,https://www.zillow.com,https://photos.zillowstatic.com/fp/4738aa7bf0717eb634c53a86c4f8b09e-p_c.jpg,2026-05-18 11:42,For Sale
26811779,11506 Abston Ln,75218,Dallas,TX,32.86233,-96.680725,259999,201.0,,253200.0,2512.0,3.0,2.0,1292.0,1953.0,7143.84,singleFamily,9,190530.0,2025,https://www.zillow.com,https://photos.zillowstatic.com/fp/bf6a027ddf0460090d0c5b33f95132a1-p_c.jpg,2026-05-18 11:42,For Sale
26870574,6802 Bert Ln,75240,Dallas,TX,32.938572,-96.78763,1980000,346.0,-10000.0,1900500.0,7754.0,5.0,6.0,5722.0,1978.0,0.42000000000000004,singleFamily,73,684900.0,2015,https://www.zillow.com,https://photos.zillowstatic.com/fp/22125157cba0cc3a6f001cfb9d2f2ee9-p_c.jpg,2026-05-18 11:42,For Sale
96511859,4119 S Denley Dr,75216,Dallas,TX,32.69775,-96.7978,379999,181.0,-10000.0,379000.0,2762.0,4.0,2.0,2095.0,2025.0,0.507,singleFamily,111,160000.0,2025,https://www.zillow.com,https://photos.zillowstatic.com/fp/632d2c876c48292cfa42ed711d8071b5-p_c.jpg,2026-05-18 11:42,For Sale
162814524,6546 E Lovers Ln,75214,Dallas,TX,32.853455,-96.7472,625000,304.0,-25000.0,,,3.0,3.0,2055.0,2016.0,3136.32,singleFamily,112,579820.0,2025,https://www.zillow.com,https://photos.zillowstatic.com/fp/04f00f4bd3c41518352840cfa6b54307-p_c.jpg,2026-05-18 11:42,For Sale
26904501,5212 Fleetwood Oaks Ave APT 201,75235,Dallas,TX,32.81843,-96.83049,129900,183.0,,128200.0,1355.0,1.0,1.0,710.0,1963.0,0.0,condo,0,139520.0,2025,https://www.zillow.com,https://photos.zillowstatic.com/fp/b9f3d9cba6b51998827c4d6cdf29fb9a-p_c.jpg,2026-05-18 11:42,For Sale
26869083,9178 Glen Springs Dr,75243,Dallas,TX,32.90111,-96.72901,750000,192.0,-15000.0,,,4.0,4.0,3910.0,1973.0,10149.48,singleFamily,234,819250.0,2025,https://www.zillow.com,https://photos.zillowstatic.com/fp/d6ab724fb0f6e53ff1daabc87bf04a9e-p_c.jpg,2026-05-18 11:42,For Sale
80218734,4117 Herschel Ave #4119A,75219,Dallas,TX,32.82097,-96.80618,350000,333.0,,,,1.0,1.0,1050.0,1930.0,7187.4,condo,16,299250.0,2025,https://www.zillow.com,https://photos.zillowstatic.com/fp/70d1d3ed7e32bd4aee46be057c7b4b9b-p_c.jpg,2026-05-18 11:42,For Sale
26731366,7219 Kaywood Dr,75209,Dallas,TX,32.845676,-96.82639,2225000,520.0,,2151100.0,2773.0,5.0,6.0,4275.0,2026.0,8145.72,singleFamily,16,478690.0,2025,https://www.zillow.com,https://photos.zillowstatic.com/fp/67c2dbce01384ad876fd5fb400fd5f5b-p_c.jpg,2026-05-18 11:42,For Sale
26863423,7424 Stonecrest Dr,75254,Dallas,TX,32.941837,-96.77687,1400000,372.0,,,,5.0,6.0,3768.0,1965.0,0.39899999999999997,singleFamily,13,853310.0,2025,https://www.zillow.com,https://photos.zillowstatic.com/fp/5c6c2f7938c13760701beb7e08f07010-p_c.jpg,2026-05-18 11:42,For Sale
26810557,3311 Kinkaid Dr,75220,Dallas,TX,32.877422,-96.867,420000,266.0,,406300.0,2856.0,3.0,2.0,1579.0,1955.0,10062.36,singleFamily,61,378760.0,2025,https://www.zillow.com,https://photos.zillowstatic.com/fp/c471737a656d3e94f8df289b3d6cb730-p_c.jpg,2026-05-18 11:42,For Sale
26841923,2605 Crest Ridge Dr,75228,Dallas,TX,32.82828,-96.68337,399000,231.0,,385700.0,2609.0,4.0,2.0,1725.0,1956.0,8924.0,singleFamily,70,332700.0,2025,https://www.zillow.com,https://photos.zillowstatic.com/fp/d283f13c5fc1b9ad0994adba818cb144-p_c.jpg,2026-05-18 11:42,For Sale
26792763,10106 Crestover Cir,75229,Dallas,TX,32.882618,-96.84948,935000,442.0,-40000.0,,,4.0,3.0,2116.0,1960.0,0.309,singleFamily,30,704760.0,2025,https://www.zillow.com,https://photos.zillowstatic.com/fp/8ba4d63dff5bae77d971d4be46bfdb74-p_c.jpg,2026-05-18 11:42,For Sale
26804598,12034 Drujon Ln,75244,Dallas,TX,32.91289,-96.82307,2600000,436.0,-100000.0,2557700.0,8221.0,5.0,6.0,5970.0,2003.0,0.377,singleFamily,12,2357740.0,2025,https://www.zillow.com,https://photos.zillowstatic.com/fp/a48290277aec32f554a5ef7e4ed1df20-p_c.jpg,2026-05-18 11:42,For Sale
26631655,5416 Ventana Trl,75252,Dallas,TX,33.01008,-96.801056,447800,218.0,-2100.0,436100.0,2840.0,3.0,2.0,2056.0,1985.0,6011.28,singleFamily,58,479393.0,2025,https://www.zillow.com,https://photos.zillowstatic.com/fp/9197ba8e170e95f771451a77d008c9ca-p_c.jpg,2026-05-18 11:42,For Sale
339370572,4119 Munger Ave,75204,Dallas,TX,32.802013,-96.785,659900,282.0,,646900.0,3330.0,3.0,4.0,2341.0,2020.0,1698.84,townhome,1,626370.0,2025,https://www.zillow.com,https://photos.zillowstatic.com/fp/efed13fad8b2d2f46ec7e6daa72ebb2f-p_c.jpg,2026-05-18 11:42,For Sale
96521686,3906 Harlingen St,75212,Dallas,TX,32.78901,-96.90426,595000,198.0,-10000.0,592500.0,4730.0,4.0,4.0,3000.0,2026.0,7230.96,singleFamily,47,100000.0,2025,https://www.zillow.com,https://photos.zillowstatic.com/fp/1141700b14422b49753d49947129604b-p_c.jpg,2026-05-18 11:42,For Sale
26887063,8517 Clover Meadow Dr,75243,Dallas,TX,32.894066,-96.73541,660000,203.0,-15000.0,653000.0,4850.0,4.0,4.0,3248.0,1978.0,0.29,singleFamily,179,755630.0,2025,https://www.zillow.com,https://photos.zillowstatic.com/fp/5d294644ce75c9ffbe9e95faf94f67a2-p_c.jpg,2026-05-18 11:42,For Sale
26837943,7522 Midbury Dr,75230,Dallas,TX,32.90169,-96.777176,3495000,518.0,,,,6.0,8.0,6748.0,2024.0,0.384,singleFamily,3,1892460.0,2025,https://www.zillow.com,https://photos.zillowstatic.com/fp/173e6a2014fed4359ca5f09ed11b86a5-p_c.jpg,2026-05-18 11:42,For Sale
26924091,630 W Canty St APT B6,75208,Dallas,TX,32.752045,-96.83288,282500,,,,1945.0,2.0,2.0,0.0,1982.0,0.8830000000000001,multiFamily,23,274140.0,2025,https://www.zillow.com,https://photos.zillowstatic.com/fp/31402b7a6551366ff67860c42ab39c85-p_c.jpg,2026-05-18 11:42,For Sale
67964607,1505 Elm St APT 603,75201,Dallas,TX,32.781612,-96.79958,295000,144.0,-30000.0,286000.0,4874.0,3.0,3.0,2045.0,1957.0,10018.8,condo,100,377510.0,2025,https://www.zillow.com,https://photos.zillowstatic.com/fp/59e46325020b879337016f1c3d9cebc3-p_c.jpg,2026-05-18 11:42,For Sale
26885136,5403 Mona Ln,75236,Dallas,TX,32.67995,-96.92182,399999,177.0,-19901.0,392700.0,3154.0,4.0,3.0,2256.0,1965.0,0.316,singleFamily,22,300000.0,2025,https://www.zillow.com,https://photos.zillowstatic.com/fp/21484607e97073110b4ecb24a8835ac2-p_c.jpg,2026-05-18 11:42,For Sale
26804997,4418 Crooked Ln,75229,Dallas,TX,32.900776,-96.83351,3350000,675.0,-75000.0,3135000.0,7718.0,4.0,4.0,4963.0,1958.0,0.49300000000000005,singleFamily,45,2812360.0,2025,https://www.zillow.com,https://photos.zillowstatic.com/fp/660a6b9d2bff98780d6fc0cafeb46a91-p_c.jpg,2026-05-18 11:42,For Sale
26784847,7022 Kiva Ln,75227,Dallas,TX,32.790234,-96.69178,399000,221.0,,393500.0,2199.0,3.0,3.0,1805.0,1972.0,8407.08,singleFamily,4,308150.0,2025,https://www.zillow.com,https://photos.zillowstatic.com/fp/a1c329de588ed44d5ecc5763c16b8827-p_c.jpg,2026-05-18 11:42,For Sale
26710920,918 Elsbeth St,75208,Dallas,TX,32.75449,-96.82502,414999,285.0,-10000.0,407300.0,3221.0,3.0,3.0,1458.0,1925.0,6621.12,singleFamily,50,537100.0,2025,https://www.zillow.com,https://photos.zillowstatic.com/fp/8923793277e07a695a259041064ef207-p_c.jpg,2026-05-18 11:42,For Sale
26901170,5626 Preston Oaks Rd APT 35D,75254,Dallas,TX,32.942,-96.81075,209500,183.0,-10000.0,,,2.0,3.0,1143.0,1981.0,,singleFamily,99,245750.0,2025,https://www.zillow.com,https://photos.zillowstatic.com/fp/1fb69726b61d0c550cdfae3abafed6a1-p_c.jpg,2026-05-18 11:42,For Sale
2070124260,5750 Phoenix Dr APT 46D,75231,Dallas,TX,32.875942,-96.75966,129900,127.0,-5100.0,,1578.0,2.0,2.0,1023.0,1981.0,1.007,condo,101,,,https://www.zillow.com,https://photos.zillowstatic.com/fp/83397b451eb43abd4dc01effa7a862ff-p_c.jpg,2026-05-18 11:42,For Sale
26898820,3105 San Jacinto St APT 207,75204,Dallas,TX,32.793297,-96.79019,238000,211.0,,,,2.0,2.0,1128.0,1981.0,,condo,2,290000.0,2025,https://www.zillow.com,https://photos.zillowstatic.com/fp/2f5300e42f27ec576ca6f97f30df61fa-p_c.jpg,2026-05-18 11:42,For Sale
26780205,3919 S Franklin St,75233,Dallas,TX,32.694965,-96.86051,715000,229.0,,,,6.0,4.0,3117.0,1960.0,0.29,singleFamily,74,572110.0,2025,https://www.zillow.com,https://photos.zillowstatic.com/fp/2c9a9abf2119a81fb7806877e1f8fe72-p_c.jpg,2026-05-18 11:42,For Sale
26689455,6116 Gaston Ave,75214,Dallas,TX,32.811127,-96.755516,985000,298.0,,938500.0,5581.0,3.0,4.0,3305.0,1922.0,0.275,singleFamily,5,610540.0,2025,https://www.zillow.com,https://photos.zillowstatic.com/fp/ab03837f4119fa16efd4f6fea0b43d2e-p_c.jpg,2026-05-18 11:42,For Sale
96506181,7813 Oak Garden Trl,75232,Dallas,TX,32.652798,-96.85119,270000,175.0,,267500.0,2165.0,3.0,2.0,1540.0,2014.0,7927.92,singleFamily,30,331880.0,2025,https://www.zillow.com,https://photos.zillowstatic.com/fp/ab504678e8e79ba8473e9c502a2a2266-p_c.jpg,2026-05-18 11:42,For Sale
26707898,507 Sabine St,75203,Dallas,TX,32.756256,-96.81636,275000,220.0,,269400.0,2174.0,2.0,2.0,1248.0,1945.0,5009.4,singleFamily,48,325760.0,2025,https://www.zillow.com,https://photos.zillowstatic.com/fp/c888a1fe75e4de8f88a3c6249c445edc-p_c.jpg,2026-05-18 11:42,For Sale
26687067,2210 Eugene St,75215,Dallas,TX,32.754948,-96.76506,230000,144.0,,184600.0,1950.0,4.0,1.0,1596.0,1923.0,8015.04,singleFamily,3,194960.0,2025,https://www.zillow.com,https://photos.zillowstatic.com/fp/08fee488209e8eb915e4ace245c00819-p_c.jpg,2026-05-18 11:42,For Sale
26792745,10050 Gooding Dr,75229,Dallas,TX,32.88201,-96.843,2750000,451.0,,,,5.0,6.0,6100.0,2025.0,0.344,singleFamily,11,1063050.0,2025,https://www.zillow.com,https://photos.zillowstatic.com/fp/e9185bfb300a957216a9364084346b68-p_c.jpg,2026-05-18 11:42,For Sale
69677321,2323 N Houston St APT 704,75219,Dallas,TX,32.786057,-96.808945,599777,260.0,-29223.0,575300.0,5532.0,2.0,3.0,2308.0,2005.0,0.912,condo,59,590000.0,2025,https://www.zillow.com,https://photos.zillowstatic.com/fp/a6df6ad2f4501a03277e0b57fc95fcb0-p_c.jpg,2026-05-18 11:42,For Sale
26684704,1023 Mount Auburn Ave,75223,Dallas,TX,32.797306,-96.74557,565000,391.0,,544600.0,2611.0,4.0,2.0,1444.0,1947.0,7492.32,singleFamily,2,409870.0,2025,https://www.zillow.com,https://photos.zillowstatic.com/fp/7a5369cb7bb573fdd4e92406aba62b65-p_c.jpg,2026-05-18 11:42,For Sale
26706322,6947 Ellsworth Ave,75214,Dallas,TX,32.834545,-96.74162,3389000,621.0,,3259900.0,2441.0,5.0,6.0,5454.0,2026.0,9278.28,singleFamily,10,860890.0,2025,https://www.zillow.com,https://photos.zillowstatic.com/fp/47ff8ea508f1a5f395c5274bef619620-p_c.jpg,2026-05-18 11:42,For Sale
26718017,1126 Lausanne Ave,75208,Dallas,TX,32.758587,-96.84485,1500000,489.0,-200000.0,1450000.0,5872.0,3.0,4.0,3067.0,1930.0,0.268,singleFamily,66,994090.0,2025,https://www.zillow.com,https://photos.zillowstatic.com/fp/7c9dee81835373e5c4bd0229d5a19c45-p_c.jpg,2026-05-18 11:42,For Sale
96531451,12102 Jackson Creek Dr,75243,Dallas,TX,32.912968,-96.71752,642000,212.0,,628000.0,4261.0,4.0,4.0,3034.0,2013.0,0.258,singleFamily,20,631260.0,2025,https://www.zillow.com,https://photos.zillowstatic.com/fp/7c6fbf55d938fe6fa9df292d30ea845d-p_c.jpg,2026-05-18 11:42,For Sale
26803776,11718 Jamestown Rd,75230,Dallas,TX,32.908375,-96.80681,1750000,410.0,,1678700.0,7712.0,5.0,5.0,4266.0,1956.0,0.367,singleFamily,9,1765010.0,2025,https://www.zillow.com,https://photos.zillowstatic.com/fp/06ca38f8614d77486cf9dc6bf3aa0271-p_c.jpg,2026-05-18 11:42,For Sale
26883073,12804 Whispering Hills Dr,75243,Dallas,TX,32.921635,-96.70871,308750,128.0,-16250.0,303400.0,3233.0,4.0,3.0,2409.0,1977.0,0.262,singleFamily,46,400960.0,2025,https://www.zillow.com,https://photos.zillowstatic.com/fp/143a3a3d3a35a7d20715d815e0b9b870-p_c.jpg,2026-05-18 11:42,For Sale
26742673,1626 Crest Ridge Dr,75228,Dallas,TX,32.83633,-96.68675,264000,253.0,-5000.0,262600.0,1987.0,3.0,2.0,1043.0,1951.0,0.321,singleFamily,187,165000.0,2025,https://www.zillow.com,https://photos.zillowstatic.com/fp/dc73cb7a47786f855d4dbbaff9dc8061-p_c.jpg,2026-05-18 11:42,For Sale
69667924,1732 Murdock Rd,75217,Dallas,TX,32.690865,-96.68256,235000,144.0,-20000.0,233600.0,2244.0,5.0,2.0,1632.0,2005.0,8276.4,singleFamily,90,241530.0,2025,https://www.zillow.com,https://photos.zillowstatic.com/fp/e9a7d0a7453849acd359a0da016e591d-p_c.jpg,2026-05-18 11:42,For Sale
26774143,3134 Alaska Ave,75216,Dallas,TX,32.706326,-96.81556,489900,165.0,-20099.0,486200.0,3660.0,5.0,3.0,2977.0,2026.0,8272.044,singleFamily,45,176330.0,2025,https://www.zillow.com,https://photos.zillowstatic.com/fp/6231cabdfed9821569e16a60c6d9911e-p_c.jpg,2026-05-18 11:42,For Sale
26704177,5460 Anita St,75206,Dallas,TX,32.83437,-96.77461,899000,307.0,-51000.0,,,5.0,5.0,2928.0,1956.0,8755.56,multiFamily,10,668380.0,2025,https://www.zillow.com,https://photos.zillowstatic.com/fp/1d509c0b5ea187b94353a4dffeca4787-p_c.jpg,2026-05-18 11:42,For Sale
26702900,5947 Mercedes Ave,75206,Dallas,TX,32.828197,-96.76381,979000,472.0,,946100.0,4500.0,3.0,2.0,2076.0,1948.0,7100.28,singleFamily,18,793000.0,2025,https://www.zillow.com,https://photos.zillowstatic.com/fp/2bd31d06d3e217f35d098b3b3aa350c7-p_c.jpg,2026-05-18 11:42,For Sale
26886908,8833 Flint Falls Dr,75243,Dallas,TX,32.89873,-96.73827,589000,239.0,-6000.0,579000.0,3418.0,4.0,3.0,2466.0,1976.0,9016.92,singleFamily,46,618520.0,2025,https://www.zillow.com,https://photos.zillowstatic.com/fp/436b5dee2554d307be0b6de0b6be1205-p_c.jpg,2026-05-18 11:42,For Sale
26809182,3767 Jubilee Trl,75229,Dallas,TX,32.90053,-96.852776,1198000,349.0,-97000.0,1152300.0,6909.0,5.0,4.0,3437.0,1972.0,0.367,singleFamily,30,1101460.0,2025,https://www.zillow.com,https://photos.zillowstatic.com/fp/e9545a9a9d481317a10447a0f27a6a20-p_c.jpg,2026-05-18 11:42,For Sale
26739622,8602 Angora St,75218,Dallas,TX,32.822327,-96.713646,800000,345.0,,771100.0,3579.0,3.0,3.0,2318.0,1939.0,7213.536,singleFamily,23,655410.0,2025,https://www.zillow.com,https://photos.zillowstatic.com/fp/277535a690bf069daf19da775a1a3f63-p_c.jpg,2026-05-18 11:42,For Sale
26687101,2611 Pine St,75215,Dallas,TX,32.757877,-96.75923,119900,93.0,,,1694.0,3.0,1.0,1296.0,1928.0,4878.72,singleFamily,30,135000.0,2025,https://www.zillow.com,https://photos.zillowstatic.com/fp/7dc48d84bfdc431748eb6181ebfce814-p_c.jpg,2026-05-18 11:42,For Sale
26851912,13443 Purple Sage Rd,75240,Dallas,TX,32.931225,-96.7755,529000,283.0,,522900.0,3031.0,3.0,2.0,1871.0,1970.0,9191.16,singleFamily,4,406890.0,2025,https://www.zillow.com,https://photos.zillowstatic.com/fp/8a79a1987231de4ca79d29249185adb9-p_c.jpg,2026-05-18 11:42,For Sale
26680596,3708 Spence St,75215,Dallas,TX,32.755756,-96.770706,434999,202.0,354999.0,432800.0,2620.0,4.0,3.0,2150.0,2026.0,5488.56,singleFamily,30,49600.0,2025,https://www.zillow.com,https://photos.zillowstatic.com/fp/f8b2cef30017da08bfd99f1bc4e15d23-p_c.jpg,2026-05-18 11:42,For Sale
26746621,10422 Lake Gardens Dr,75218,Dallas,TX,32.84516,-96.69447,490000,266.0,-35000.0,484000.0,2849.0,3.0,2.0,1841.0,1955.0,9365.4,singleFamily,108,589530.0,2025,https://www.zillow.com,https://photos.zillowstatic.com/fp/baea8f35129df96f58b1a1f020a2ca74-p_c.jpg,2026-05-18 11:42,For Sale
69676218,3827 Holland Ave APT C,75219,Dallas,TX,32.813976,-96.80485,799900,353.0,-15100.0,,,3.0,4.0,2263.0,2005.0,1524.6,townhome,23,778090.0,2025,https://www.zillow.com,https://photos.zillowstatic.com/fp/d11dd9a96c5d6d9ed5feab8b6bf3c371-p_c.jpg,2026-05-18 11:42,For Sale
26744868,2120 Tisinger Ave,75228,Dallas,TX,32.849495,-96.67477,289997,258.0,,,,3.0,2.0,1123.0,1950.0,7927.92,singleFamily,19,178110.0,2025,https://www.zillow.com,https://photos.zillowstatic.com/fp/f6818ddb0aa2511c6694747d61d45acc-p_c.jpg,2026-05-18 11:42,For Sale
251446117,1401 Seegar St,75215,Dallas,TX,32.767525,-96.78855,449000,105.0,,447900.0,6802.0,5.0,6.0,4293.0,2025.0,2657.16,singleFamily,55,553370.0,2025,https://www.zillow.com,https://photos.zillowstatic.com/fp/88e5c3a5c1469e91160ef8dd3d99d133-p_c.jpg,2026-05-18 11:42,For Sale
26697488,3016 Mahanna Springs Dr APT C,75235,Dallas,TX,32.820274,-96.823494,150000,174.0,,135100.0,1349.0,2.0,1.0,860.0,1962.0,4.166,condo,1,190140.0,2025,https://www.zillow.com,https://photos.zillowstatic.com/fp/1a781490d192720b5403099eb9caa218-p_c.jpg,2026-05-18 11:42,For Sale
89376577,14115 Kelann Ct,75253,Dallas,TX,32.67478,-96.59201,368000,116.0,,363700.0,2963.0,5.0,4.0,3160.0,2007.0,0.263,singleFamily,52,350410.0,2025,https://www.zillow.com,https://photos.zillowstatic.com/fp/14d377fa2bca25f7549cbecf46d22e7f-p_c.jpg,2026-05-18 11:42,For Sale
26678219,4322 Deere St,75204,Dallas,TX,32.805576,-96.785805,759000,378.0,,,,2.0,3.0,2006.0,2013.0,3397.68,townhome,3,696820.0,2025,https://www.zillow.com,https://photos.zillowstatic.com/fp/2a5914a1a641b0eb7a5335d15390115b-p_c.jpg,2026-05-18 11:42,For Sale
461465069,5705 Live Oak St #C,75206,Dallas,TX,32.810696,-96.763626,500000,337.0,-50000.0,494500.0,3409.0,2.0,3.0,1483.0,2026.0,5749.92,singleFamily,45,,,https://www.zillow.com,https://photos.zillowstatic.com/fp/a66b74356a5b9e659d2c8f8682c22b35-p_c.jpg,2026-05-18 11:42,For Sale
26735523,6550 Lockheed Ave,75209,Dallas,TX,32.838158,-96.82926,637000,406.0,207100.0,616700.0,3260.0,3.0,3.0,1568.0,1944.0,7579.44,singleFamily,3,563000.0,2025,https://www.zillow.com,https://photos.zillowstatic.com/fp/541b29a35a95ae14301d166bb8cbef66-p_c.jpg,2026-05-18 11:42,For Sale
26828286,3812 Periwinkle Dr,75233,Dallas,TX,32.696808,-96.86515,425000,246.0,,,,3.0,2.0,1730.0,1960.0,10193.04,singleFamily,4,399920.0,2025,https://www.zillow.com,https://photos.zillowstatic.com/fp/984cfaf190318a67a188bda3fac36f96-p_c.jpg,2026-05-18 11:42,For Sale
26845533,2719 Oates Dr,75228,Dallas,TX,32.821804,-96.66725,279000,198.0,,272900.0,2226.0,4.0,2.0,1410.0,1954.0,7884.36,singleFamily,17,258060.0,2025,https://www.zillow.com,https://photos.zillowstatic.com/fp/73068e9addd5876426215d072340754d-p_c.jpg,2026-05-18 11:42,For Sale
80224067,4028 Courtshire Dr,75229,Dallas,TX,32.904762,-96.842285,2750000,443.0,-100000.0,2608300.0,14246.0,5.0,7.0,6204.0,2019.0,0.367,singleFamily,30,2405360.0,2025,https://www.zillow.com,https://photos.zillowstatic.com/fp/499f065bb20e2d552275c307c142dd0e-p_c.jpg,2026-05-18 11:42,For Sale
67957401,5589 Hunters Bend Ln,75249,Dallas,TX,32.655243,-96.97539,280000,191.0,,275300.0,2307.0,3.0,2.0,1465.0,2003.0,5227.2,singleFamily,20,278920.0,2025,https://www.zillow.com,https://photos.zillowstatic.com/fp/9a90819c3452b4bf2229ff3d71df38f0-p_c.jpg,2026-05-18 11:42,For Sale
26812501,3043 Allister St,75229,Dallas,TX,32.90753,-96.87399,338800,249.0,-10000.0,333500.0,2235.0,3.0,2.0,1358.0,1983.0,3659.04,singleFamily,43,310090.0,2025,https://www.zillow.com,https://photos.zillowstatic.com/fp/acacd344949cd91aff64f3ed9b12ca71-p_c.jpg,2026-05-18 11:42,For Sale
461184211,5530 Reiger Ave #5528,75214,Dallas,TX,32.801636,-96.757385,549950,170.0,-49950.0,531600.0,4350.0,6.0,4.0,3230.0,1927.0,10715.76,singleFamily,58,,,https://www.zillow.com,https://photos.zillowstatic.com/fp/232566ee52da4c860984b27001cd910e-p_c.jpg,2026-05-18 11:42,For Sale
26730640,1404 Sylvan Ave,75208,Dallas,TX,32.760296,-96.83526,1395000,313.0,-55000.0,1349900.0,7733.0,4.0,5.0,4460.0,2004.0,0.406,singleFamily,200,1981510.0,2025,https://www.zillow.com,https://photos.zillowstatic.com/fp/6e3b1e8ae7c3d7c5d86374384a8321e0-p_c.jpg,2026-05-18 11:42,For Sale
26679908,2916 Sale St,75219,Dallas,TX,32.80537,-96.80698,1950000,580.0,-100000.0,1848200.0,4695.0,3.0,3.0,3361.0,1930.0,6882.48,singleFamily,102,1037890.0,2025,https://www.zillow.com,https://photos.zillowstatic.com/fp/0b5dabd49d743ec9c5c6b79317588efa-p_c.jpg,2026-05-18 11:42,For Sale
26680708,600 S Fitzhugh Ave,75223,Dallas,TX,32.791885,-96.75945,359000,238.0,-1000.0,349700.0,2348.0,3.0,2.0,1506.0,1902.0,7492.32,singleFamily,81,341580.0,2025,https://www.zillow.com,https://photos.zillowstatic.com/fp/652f0755eada9f95bb6eb9e467a4841c-p_c.jpg,2026-05-18 11:42,For Sale
26736093,9122 Cochran Heights Dr,75220,Dallas,TX,32.86247,-96.84436,899900,284.0,,866600.0,4174.0,3.0,3.0,3174.0,1984.0,5575.68,singleFamily,39,605000.0,2025,https://www.zillow.com,https://photos.zillowstatic.com/fp/d044a7d37bdc3d2edfb811adc7b9b8cd-p_c.jpg,2026-05-18 11:42,For Sale
26926502,3922 Gilbert Ave APT 214,75219,Dallas,TX,32.81597,-96.80422,449900,351.0,,433900.0,3225.0,2.0,3.0,1282.0,1997.0,1.032,condo,4,408000.0,2025,https://www.zillow.com,https://photos.zillowstatic.com/fp/7d6e869abe7a2628d16cdfb25e016aa9-p_c.jpg,2026-05-18 11:42,For Sale
26803675,5812 Preston Haven Dr,75230,Dallas,TX,32.90626,-96.80687,4195000,633.0,,4050100.0,4713.0,6.0,8.0,6630.0,2026.0,0.392,singleFamily,16,1319770.0,2025,https://www.zillow.com,https://photos.zillowstatic.com/fp/e1844053c2558a096480c37c29f5c992-p_c.jpg,2026-05-18 11:42,For Sale
96521412,2414 Anderson St,75215,Dallas,TX,32.746178,-96.75496,325000,168.0,-14000.0,323800.0,2691.0,4.0,4.0,1940.0,2025.0,1873.08,singleFamily,87,18840.0,2025,https://www.zillow.com,https://photos.zillowstatic.com/fp/616bee41c6f4abfee95c28198d1ccf0a-p_c.jpg,2026-05-18 11:42,For Sale
26871072,7040 Oakbluff Dr,75254,Dallas,TX,32.942677,-96.78359,1300000,290.0,,1218700.0,5686.0,6.0,5.0,4482.0,1966.0,0.403,singleFamily,86,1097520.0,2025,https://www.zillow.com,https://photos.zillowstatic.com/fp/7b667527a3b190448262ffde7f2d37fc-p_c.jpg,2026-05-18 11:42,For Sale
26849669,12102 Vendome Pl,75230,Dallas,TX,32.91351,-96.79944,1749000,393.0,,1648100.0,6802.0,3.0,5.0,4446.0,1985.0,10323.72,singleFamily,6,1408810.0,2025,https://www.zillow.com,https://photos.zillowstatic.com/fp/2dc60e403fbbd18d71c46092ae4d0919-p_c.jpg,2026-05-18 11:42,For Sale
26749736,7452 E Northwest Hwy #123,75231,Dallas,TX,32.853424,-96.73328,345000,226.0,,380200.0,2590.0,3.0,3.0,1525.0,1973.0,4.541,condo,3,350750.0,2025,https://www.zillow.com,https://photos.zillowstatic.com/fp/38d976b99cb871a65f65ed91f84fc864-p_c.jpg,2026-05-18 11:42,For Sale
26728442,2010 Mayflower Dr,75208,Dallas,TX,32.758034,-96.85496,1195000,453.0,,1142000.0,5311.0,4.0,4.0,2638.0,1935.0,7361.64,singleFamily,13,701660.0,2025,https://www.zillow.com,https://photos.zillowstatic.com/fp/21ddcacba8e2494aeece4b643c9b73ce-p_c.jpg,2026-05-18 11:42,For Sale
26888488,9931 Chimney Hill Ln,75243,Dallas,TX,32.916225,-96.7269,525000,201.0,,512000.0,3084.0,4.0,3.0,2610.0,1979.0,9016.92,singleFamily,3,427440.0,2025,https://www.zillow.com,https://photos.zillowstatic.com/fp/e1abaa301c830c3c4c9f61d816e2deaf-p_c.jpg,2026-05-18 11:42,For Sale
26764464,3012 Bisbee Dr,75227,Dallas,TX,32.76554,-96.71427,185000,189.0,,185900.0,1589.0,2.0,2.0,980.0,1951.0,9234.72,singleFamily,2,212700.0,2025,https://www.zillow.com,https://photos.zillowstatic.com/fp/f72fee3060e9647305d5ac6f878fce77-p_c.jpg,2026-05-18 11:42,For Sale
26725943,8832 Antrim Dr,75218,Dallas,TX,32.82702,-96.711845,839000,379.0,-76000.0,811600.0,3428.0,3.0,3.0,2214.0,1955.0,0.281,singleFamily,30,688290.0,2025,https://www.zillow.com,https://photos.zillowstatic.com/fp/23c548a72e8c97cc816a29c537defac6-p_c.jpg,2026-05-18 11:42,For Sale
96512572,6929 Tessla Dr,75241,Dallas,TX,32.66454,-96.79554,305000,170.0,,304900.0,2248.0,3.0,3.0,1791.0,2018.0,6882.48,singleFamily,29,301400.0,2025,https://www.zillow.com,https://photos.zillowstatic.com/fp/954f30357a09120d06736dfac812bfd7-p_c.jpg,2026-05-18 11:42,For Sale
26767314,2475 Volga Ave,75216,Dallas,TX,32.706654,-96.78672,240000,197.0,,234500.0,1810.0,3.0,2.0,1220.0,1950.0,6272.64,singleFamily,2,216970.0,2025,https://www.zillow.com,https://photos.zillowstatic.com/fp/e54cacf85101ee193844f93f920bf774-p_c.jpg,2026-05-18 11:42,For Sale
26768168,1603 Bonnie View Rd,75203,Dallas,TX,32.7288,-96.79231,330000,171.0,,,,4.0,3.0,1930.0,1970.0,0.261,singleFamily,37,270030.0,2025,https://www.zillow.com,https://photos.zillowstatic.com/fp/83d46985b6ed79054ddfcc62c1ac51ab-p_c.jpg,2026-05-18 11:42,For Sale
300036720,1527 Hickory St,75215,Dallas,TX,32.76908,-96.7874,336000,237.0,-163000.0,333000.0,2552.0,2.0,3.0,1418.0,2021.0,2352.0,singleFamily,2,463230.0,2025,https://www.zillow.com,https://photos.zillowstatic.com/fp/6040d22a17c122b1448e87b0ecea2eff-p_c.jpg,2026-05-18 11:42,For Sale
26881247,4426 Laren Ln,75244,Dallas,TX,32.921215,-96.83331,1475000,456.0,,,,4.0,4.0,3238.0,1966.0,0.344,singleFamily,2,1030000.0,2025,https://www.zillow.com,https://photos.zillowstatic.com/fp/2eab2eb9802ba02521796160a0a6e5e4-p_c.jpg,2026-05-18 11:42,For Sale
26849798,12608 Breckenridge Dr,75230,Dallas,TX,32.919247,-96.78178,800000,271.0,,766200.0,4845.0,4.0,4.0,2955.0,1981.0,5575.68,singleFamily,215,845590.0,2025,https://www.zillow.com,https://photos.zillowstatic.com/fp/c233688d661c4db543970fb321434915-p_c.jpg,2026-05-18 11:42,For Sale
26729594,1902 Norfolk Ave,75203,Dallas,TX,32.732082,-96.79639,359000,170.0,-10999.0,354800.0,2227.0,3.0,2.0,2108.0,1938.0,7361.64,singleFamily,119,363050.0,2025,https://www.zillow.com,https://photos.zillowstatic.com/fp/aadc73c23d3ea5caccfd4b7061a810ed-p_c.jpg,2026-05-18 11:42,For Sale
96499524,2211 E Ann Arbor Ave,75216,Dallas,TX,32.697777,-96.786095,354999,177.0,-25000.0,,,4.0,3.0,2011.0,2025.0,6926.04,singleFamily,102,312170.0,2025,https://www.zillow.com,https://photos.zillowstatic.com/fp/372178078df7b416e743f84895c1c801-p_c.jpg,2026-05-18 11:42,For Sale
26804773,4558 Shady Hill Dr,75229,Dallas,TX,32.906017,-96.829956,1350000,357.0,,1253500.0,6992.0,4.0,4.0,3780.0,1962.0,0.39399999999999996,singleFamily,55,1311200.0,2025,https://www.zillow.com,https://photos.zillowstatic.com/fp/133f61c3356d64b53441f3ff4fc020b1-p_c.jpg,2026-05-18 11:42,For Sale
26792485,9915 Hurley Way,75220,Dallas,TX,32.879414,-96.84532,1795000,493.0,,1723300.0,7924.0,4.0,5.0,3639.0,2020.0,0.278,singleFamily,10,1534500.0,2025,https://www.zillow.com,https://photos.zillowstatic.com/fp/bc42714e9cad4c4a2233aef762667a3b-p_c.jpg,2026-05-18 11:42,For Sale
26749479,6471 Trammel Dr,75214,Dallas,TX,32.84543,-96.750046,1700000,438.0,,1654500.0,2076.0,5.0,5.0,3880.0,2026.0,9365.4,singleFamily,4,400000.0,2025,https://www.zillow.com,https://photos.zillowstatic.com/fp/4a02a779ff539bda1fd968854bce72aa-p_c.jpg,2026-05-18 11:42,For Sale
26911732,8619 Royalbrook Ct,75243,Dallas,TX,32.895267,-96.75336,739000,250.0,,707700.0,3328.0,3.0,3.0,2952.0,1995.0,5140.08,singleFamily,4,722640.0,2025,https://www.zillow.com,https://photos.zillowstatic.com/fp/a2053a764c91b64304d9cfe4fcef5b49-p_c.jpg,2026-05-18 11:42,For Sale
26783462,2639 Custer Dr,75216,Dallas,TX,32.704548,-96.78083,365000,177.0,,364300.0,2842.0,4.0,3.0,2063.0,2026.0,5967.72,singleFamily,10,153000.0,2025,https://www.zillow.com,https://photos.zillowstatic.com/fp/54df37a044799ea0ee1feda8ab1c5bef-p_c.jpg,2026-05-18 11:42,For Sale
26708720,112 N Adams Ave,75208,Dallas,TX,32.74559,-96.83001,749000,397.0,,361700.0,1953.0,5.0,2.0,1885.0,1945.0,6054.84,multiFamily,1,256870.0,2025,https://www.zillow.com,https://photos.zillowstatic.com/fp/2ff53773e543a4c90ee0944e84cf7249-p_c.jpg,2026-05-18 11:42,For Sale
26926874,4402 Holland Ave APT 202,75219,Dallas,TX,32.81978,-96.81057,300000,250.0,-15000.0,290800.0,2845.0,2.0,3.0,1202.0,1983.0,9713.88,condo,33,310120.0,2025,https://www.zillow.com,https://photos.zillowstatic.com/fp/913d7fa276cf91f3e25cf65668c67265-p_c.jpg,2026-05-18 11:42,For Sale
26926316,2220 Canton St APT 401,75201,Dallas,TX,32.780212,-96.7885,1200000,440.0,585000.0,,,2.0,3.0,2729.0,1925.0,0.9590000000000001,condo,9,740080.0,2025,https://www.zillow.com,https://photos.zillowstatic.com/fp/df003a86993349b38489be109af98487-p_c.jpg,2026-05-18 11:42,For Sale
83995110,9131 Cochran Bluff Ln,75220,Dallas,TX,32.863655,-96.84159,849000,238.0,-50000.0,832600.0,7353.0,4.0,4.0,3561.0,2007.0,6089.688,singleFamily,17,1001910.0,2025,https://www.zillow.com,https://photos.zillowstatic.com/fp/f56847586aebb653b9cefaa56e856053-p_c.jpg,2026-05-18 11:42,For Sale
26599371,6014 Glen Heather Dr,75252,Dallas,TX,32.99136,-96.8044,424424,243.0,-15510.0,418900.0,2612.0,3.0,2.0,1746.0,1981.0,5662.8,singleFamily,82,390173.0,2025,https://www.zillow.com,https://photos.zillowstatic.com/fp/89fad445d082c97337a2bd43400221b0-p_c.jpg,2026-05-18 11:42,For Sale
26740367,8567 Santa Clara Dr,75218,Dallas,TX,32.81975,-96.71101,3450000,655.0,,3269200.0,7446.0,5.0,8.0,5264.0,2025.0,0.61,singleFamily,51,1200190.0,2025,https://www.zillow.com,https://photos.zillowstatic.com/fp/9f02ae4843a033720c7a10bb33d38b77-p_c.jpg,2026-05-18 11:42,For Sale
459846662,1900 S Ervay St #608,75215,Dallas,TX,32.769768,-96.78614,1175000,384.0,-111040.0,,,2.0,3.0,3062.0,2026.0,0.601,condo,119,,,https://www.zillow.com,https://photos.zillowstatic.com/fp/8c6c4de5fbfa3709ff67b4f91d08dd15-p_c.jpg,2026-05-18 11:42,For Sale
26840194,9357 Creel Creek Dr,75228,Dallas,TX,32.82141,-96.69606,899000,274.0,-20000.0,,6630.0,4.0,5.0,3276.0,1965.0,10802.88,singleFamily,386,659130.0,2025,https://www.zillow.com,https://photos.zillowstatic.com/fp/fd4fc2667bec41295838662cdddc2360-p_c.jpg,2026-05-18 11:42,For Sale
26797484,233 Creek Cove Dr,75217,Dallas,TX,32.715996,-96.71027,149950,151.0,-25049.0,,1622.0,3.0,2.0,996.0,1972.0,3659.04,townhome,47,159860.0,2025,https://www.zillow.com,https://photos.zillowstatic.com/fp/0f02eda6c1f4e43c0ffc70463bf1bdcd-p_c.jpg,2026-05-18 11:42,For Sale
162404765,8001 Rothington Rd APT 31-37,75227,Dallas,TX,32.782516,-96.68679,580000,142.0,,564100.0,1917.0,8.0,8.0,4084.0,1983.0,9321.84,multiFamily,210,486570.0,2025,https://www.zillow.com,https://photos.zillowstatic.com/fp/80387fcdd4867b45b57ed8c49e0029f2-p_c.jpg,2026-05-18 11:42,For Sale
26859683,13644 Brookgreen Dr,75240,Dallas,TX,32.932518,-96.76669,270000,192.0,,265700.0,2314.0,3.0,2.0,1408.0,1968.0,3693.888,townhome,3,287840.0,2025,https://www.zillow.com,https://photos.zillowstatic.com/fp/d9474db665d4547e4e71d91afb393744-p_c.jpg,2026-05-18 11:42,For Sale
26702391,7122 Lakewood Blvd,75214,Dallas,TX,32.82184,-96.734665,4250000,613.0,,3994100.0,6289.0,4.0,6.0,6929.0,2021.0,0.363,singleFamily,27,2503830.0,2025,https://www.zillow.com,https://photos.zillowstatic.com/fp/6be89693973e2fab0b47bff9cffaacd0-p_c.jpg,2026-05-18 11:42,For Sale
69675013,4025 Hawthorne Ave,75219,Dallas,TX,32.822865,-96.80814,1049000,431.0,,1008000.0,4940.0,3.0,4.0,2435.0,2005.0,3136.32,townhome,13,894400.0,2025,https://www.zillow.com,https://photos.zillowstatic.com/fp/9326142e5f00b71cbad511c8d9f26974-p_c.jpg,2026-05-18 11:42,For Sale
461742526,2213 Aarhus Way,75204,Dallas,TX,32.806732,-96.78345,595000,320.0,,581700.0,3920.0,3.0,4.0,1858.0,2023.0,1232.748,townhome,31,,,https://www.zillow.com,https://photos.zillowstatic.com/fp/6b3ad9738e75d62e2983a4985fd38ea8-p_c.jpg,2026-05-18 11:42,For Sale
96518221,3414 Mojave Dr,75241,Dallas,TX,32.656204,-96.7646,269900,167.0,,267700.0,1987.0,4.0,2.0,1613.0,2010.0,5706.36,singleFamily,99,249550.0,2025,https://www.zillow.com,https://photos.zillowstatic.com/fp/e8beacdaa7f827f9b563cd06fc40859d-p_c.jpg,2026-05-18 11:42,For Sale
162813476,2913 Sale St,75219,Dallas,TX,32.805775,-96.80746,7000000,578.0,-1000000.0,,,6.0,10.0,12101.0,2010.0,0.324,singleFamily,283,3695000.0,2025,https://www.zillow.com,https://photos.zillowstatic.com/fp/232d64ea2f0839b80722e404761b72a1-p_c.jpg,2026-05-18 11:42,For Sale
26929661,5619 Preston Oaks Rd APT 802,75254,Dallas,TX,32.9443,-96.81006,225000,233.0,,225200.0,1682.0,2.0,2.0,965.0,1983.0,2.275,condo,4,303980.0,2025,https://www.zillow.com,https://photos.zillowstatic.com/fp/09e971d8077e08214b27d37048428b46-p_c.jpg,2026-05-18 11:42,For Sale
26905998,4315 Northaven Rd,75229,Dallas,TX,32.90258,-96.8358,1830000,505.0,-50000.0,1740600.0,7091.0,4.0,3.0,3627.0,1997.0,0.427,singleFamily,11,1577100.0,2025,https://www.zillow.com,https://photos.zillowstatic.com/fp/54a39644d152ec1abee2fc6b95a293e7-p_c.jpg,2026-05-18 11:42,For Sale
26682802,5400 Worth St,75214,Dallas,TX,32.80214,-96.762184,615000,335.0,-20000.0,601000.0,3661.0,3.0,2.0,1838.0,1919.0,6926.04,singleFamily,38,643570.0,2025,https://www.zillow.com,https://photos.zillowstatic.com/fp/4b035bb29dc34784256e6d563b27c9f1-p_c.jpg,2026-05-18 11:42,For Sale
26776545,848 Glen Arbor Dr,75241,Dallas,TX,32.682575,-96.81247,274900,204.0,-4100.0,273100.0,1776.0,3.0,2.0,1348.0,1955.0,9801.0,singleFamily,25,208050.0,2025,https://www.zillow.com,https://photos.zillowstatic.com/fp/03d23a9a8e8029f939b17dbc9e7b4423-p_c.jpg,2026-05-18 11:42,For Sale
26910950,5615 En Core Dr,75240,Dallas,TX,32.936874,-96.80474,485000,191.0,-15000.0,475800.0,3164.0,3.0,3.0,2545.0,1983.0,5924.16,singleFamily,17,507030.0,2025,https://www.zillow.com,https://photos.zillowstatic.com/fp/a5539533980b39df77ae2c40463e9f24-p_c.jpg,2026-05-18 11:42,For Sale
26709149,732 W 7th St,75208,Dallas,TX,32.748714,-96.83536,575000,285.0,,563200.0,3709.0,3.0,3.0,2020.0,2019.0,2962.08,singleFamily,4,582330.0,2025,https://www.zillow.com,https://photos.zillowstatic.com/fp/ec3583d73a5534e8145c323f20b9ad32-p_c.jpg,2026-05-18 11:42,For Sale
26911045,13 Downs Lake Cir,75230,Dallas,TX,32.919495,-96.78964,2999000,361.0,,2812700.0,6918.0,5.0,9.0,8319.0,1993.0,0.315,singleFamily,53,2038060.0,2025,https://www.zillow.com,https://photos.zillowstatic.com/fp/a64912888b0e1641eb43b0e862c23567-p_c.jpg,2026-05-18 11:42,For Sale
26778847,2406 Cliff Teen Ct,75233,Dallas,TX,32.711338,-96.85728,215000,159.0,-10000.0,213400.0,2025.0,3.0,2.0,1348.0,1960.0,7710.12,singleFamily,48,245010.0,2025,https://www.zillow.com,https://photos.zillowstatic.com/fp/772eca50e2f341366c46bcc45f465286-p_c.jpg,2026-05-18 11:42,For Sale
162292129,814 Wideman Dr,75217,Dallas,TX,32.724915,-96.679924,270000,201.0,,264500.0,1849.0,3.0,2.0,1344.0,1963.0,7753.68,singleFamily,11,242930.0,2025,https://www.zillow.com,https://photos.zillowstatic.com/fp/cf63df5c15424fe9c43cd22d110a1aa4-p_c.jpg,2026-05-18 11:42,For Sale
26887501,11759 Kilkirk Ln,75228,Dallas,TX,32.851803,-96.66534,315000,180.0,,,,3.0,2.0,1748.0,1979.0,7230.96,singleFamily,8,341410.0,2025,https://www.zillow.com,https://photos.zillowstatic.com/fp/40234bd12b52d37683533444c16a1d8c-p_c.jpg,2026-05-18 11:42,For Sale
336885594,2557 Carmelita St,75212,Dallas,TX,32.775608,-96.84422,499000,223.0,,495900.0,3522.0,3.0,4.0,2237.0,2022.0,2047.32,singleFamily,129,670400.0,2025,https://www.zillow.com,https://photos.zillowstatic.com/fp/f933ec04c3590a5159a0102c2f73ad75-p_c.jpg,2026-05-18 11:42,For Sale
26893382,8903 Maple Glen Dr,75231,Dallas,TX,32.885426,-96.74128,865000,329.0,,,,4.0,3.0,2631.0,1978.0,9365.4,singleFamily,9,770960.0,2025,https://www.zillow.com,https://photos.zillowstatic.com/fp/de008f59f4b062363bf71911be39cb55-p_c.jpg,2026-05-18 11:42,For Sale
26736352,3842 Eaton Dr,75220,Dallas,TX,32.864597,-96.8511,1799995,365.0,-49995.0,1799600.0,7611.0,5.0,6.0,4931.0,2025.0,0.32,singleFamily,66,675010.0,2025,https://www.zillow.com,https://photos.zillowstatic.com/fp/30c06e4fd726afb296a7217a454637f8-p_c.jpg,2026-05-18 11:42,For Sale
26862512,1111 Riverwood Rd,75217,Dallas,TX,32.698463,-96.69025,385000,214.0,-15000.0,383500.0,2539.0,3.0,3.0,1802.0,2026.0,0.309,singleFamily,16,111940.0,2025,https://www.zillow.com,https://photos.zillowstatic.com/fp/cab2bbf33d82ead52257e7ae536e7944-p_c.jpg,2026-05-18 11:42,For Sale
448031067,2232 Hooper St,75215,Dallas,TX,32.7455,-96.7568,598000,171.0,,,,6.0,6.0,3500.0,2024.0,5052.96,multiFamily,51,,,https://www.zillow.com,https://photos.zillowstatic.com/fp/d71f68ee8a80f3d23f3406c58e2ecc01-p_c.jpg,2026-05-18 11:42,For Sale
2070171576,9829 Walnut St APT O106,75243,Dallas,TX,32.922836,-96.71392,69000,85.0,,67500.0,1146.0,2.0,1.0,808.0,1983.0,8.814,condo,5,,,https://www.zillow.com,https://photos.zillowstatic.com/fp/c3554002bbd4cf1ee5bc66c0bb45916a-p_c.jpg,2026-05-18 11:42,For Sale
26800034,9206 Donnybrook Ln,75217,Dallas,TX,32.747494,-96.66527,250000,165.0,,245200.0,1948.0,3.0,2.0,1519.0,1959.0,9931.68,singleFamily,1,221970.0,2025,https://www.zillow.com,https://photos.zillowstatic.com/fp/723ea4595f60e05e2e84c1bf1190e719-p_c.jpg,2026-05-18 11:42,For Sale
26752424,6936 Stefani Dr,75225,Dallas,TX,32.87816,-96.78539,1200000,431.0,,,5712.0,4.0,3.0,2784.0,1967.0,0.30647382920110194,singleFamily,10,800000.0,2025,https://www.zillow.com,https://photos.zillowstatic.com/fp/11ae8562cb0bb5b2c71e07f66484b236-p_c.jpg,2026-05-18 11:42,For Sale
26725180,5006 Bartlett Ave,75216,Dallas,TX,32.68655,-96.79192,215000,179.0,,,,3.0,2.0,1200.0,1939.0,7492.32,singleFamily,3,182370.0,2025,https://www.zillow.com,https://photos.zillowstatic.com/fp/a055ebd5dfc5a7a56557623a3302a4e3-p_c.jpg,2026-05-18 11:42,For Sale
26824093,5751 Trio Ln,75241,Dallas,TX,32.67794,-96.79591,324900,180.0,,,,3.0,2.0,1801.0,1959.0,0.36,singleFamily,6,234380.0,2025,https://www.zillow.com,https://photos.zillowstatic.com/fp/fab43098942a2b825aedd853d5391874-p_c.jpg,2026-05-18 11:42,For Sale
26653359,18124 Peppy Pl,75252,Dallas,TX,32.999317,-96.78713,775000,220.0,-25000.0,760200.0,4845.0,4.0,4.0,3515.0,1992.0,7840.8,singleFamily,38,796790.0,2025,https://www.zillow.com,https://photos.zillowstatic.com/fp/20d4481c4045325c098f4fc869927748-p_c.jpg,2026-05-18 11:42,For Sale
27330666,2607 Harbinger Ln,75287,Dallas,TX,32.993263,-96.86858,409950,178.0,-10950.0,403800.0,2755.0,4.0,2.0,2298.0,1983.0,8537.76,singleFamily,24,421000.0,2025,https://www.zillow.com,https://photos.zillowstatic.com/fp/7bd7ba14f95b97038b10751fbad30d29-p_c.jpg,2026-05-18 11:42,For Sale
26755005,6407 Joyce Way,75225,Dallas,TX,32.87938,-96.796074,4999999,762.0,-250000.0,4798200.0,7669.0,5.0,8.0,6565.0,2026.0,0.44300000000000006,singleFamily,81,1338250.0,2025,https://www.zillow.com,https://photos.zillowstatic.com/fp/a7ed41a47553c22c4271995905fcb30c-p_c.jpg,2026-05-18 11:42,For Sale
26713012,714 N Montclair Ave,75208,Dallas,TX,32.751457,-96.84612,300000,235.0,,,3076.0,3.0,2.0,1278.0,1920.0,7448.76,singleFamily,9,485490.0,2025,https://www.zillow.com,https://photos.zillowstatic.com/fp/b5086d16a19b380ffce864198ea96a51-p_c.jpg,2026-05-18 11:42,For Sale
26825245,729 Town Creek Dr,75232,Dallas,TX,32.68354,-96.83697,429000,186.0,,416600.0,2607.0,3.0,2.0,2302.0,1955.0,0.332,singleFamily,5,305850.0,2025,https://www.zillow.com,https://photos.zillowstatic.com/fp/95a773e3a440f366b2166d4f7bc699d8-p_c.jpg,2026-05-18 11:42,For Sale
26857535,831 Kelso Dr,75211,Dallas,TX,32.73693,-96.92314,310000,166.0,-9000.0,300500.0,2699.0,5.0,3.0,1873.0,1970.0,7753.68,singleFamily,59,245510.0,2025,https://www.zillow.com,https://photos.zillowstatic.com/fp/248c2a7dc4bed04cfc94d8a47d464367-p_c.jpg,2026-05-18 11:42,For Sale
60252226,6724 Frankford Rd,75252,Dallas,TX,32.99745,-96.787766,925000,246.0,-50000.0,,,4.0,4.0,3767.0,2002.0,9539.64,singleFamily,129,962220.0,2025,https://www.zillow.com,https://photos.zillowstatic.com/fp/5b130c9d918e878088147c012db9be2b-p_c.jpg,2026-05-18 11:42,For Sale
26714332,1100 S Brighton Ave,75208,Dallas,TX,32.734875,-96.8501,267990,199.0,,,2428.0,3.0,2.0,1344.0,1925.0,5924.16,singleFamily,106,374940.0,2025,https://www.zillow.com,https://photos.zillowstatic.com/fp/b40d14c1637ab68c4ac640f64c584e61-p_c.jpg,2026-05-18 11:42,For Sale
26729166,627 N Oak Cliff Blvd,75208,Dallas,TX,32.750607,-96.854935,595000,428.0,-25000.0,575700.0,2900.0,2.0,2.0,1390.0,1940.0,8189.28,singleFamily,31,436350.0,2025,https://www.zillow.com,https://photos.zillowstatic.com/fp/19a3e56c25e98345f07ea2a67807e5c0-p_c.jpg,2026-05-18 11:42,For Sale
26755935,6039 Waggoner Dr,75230,Dallas,TX,32.887676,-96.80235,6295000,1018.0,,5739100.0,7605.0,3.0,5.0,6184.0,2000.0,0.459,singleFamily,97,2763000.0,2025,https://www.zillow.com,https://photos.zillowstatic.com/fp/a03051057336f1970613755f0326259b-p_c.jpg,2026-05-18 11:42,For Sale
26755125,6007 Stefani Dr,75225,Dallas,TX,32.878456,-96.80364,3199000,500.0,-100000.0,3030100.0,7644.0,5.0,7.0,6400.0,2006.0,0.5592,singleFamily,41,2851070.0,2025,https://www.zillow.com,https://photos.zillowstatic.com/fp/b0ab0300286decb3de46c17f86b40c9d-p_c.jpg,2026-05-18 11:42,For Sale
26870729,6517 Briarmeade Dr,75254,Dallas,TX,32.949684,-96.79172,1059200,219.0,-100000.0,,,5.0,5.0,4834.0,1971.0,0.41500000000000004,singleFamily,54,970000.0,2025,https://www.zillow.com,https://photos.zillowstatic.com/fp/c1b9bcbcbd1fad929f03be455a60a4f8-p_c.jpg,2026-05-18 11:42,For Sale
26824124,5718 Trio Ln,75241,Dallas,TX,32.677803,-96.79432,315000,147.0,-10000.0,314400.0,2292.0,4.0,3.0,2141.0,1961.0,10628.64,singleFamily,16,257770.0,2025,https://www.zillow.com,https://photos.zillowstatic.com/fp/febed7e418ecb121f5e286f128269954-p_c.jpg,2026-05-18 11:42,For Sale
26868696,9510 Hillview Dr,75231,Dallas,TX,32.89019,-96.73822,929900,303.0,-45100.0,903200.0,6249.0,4.0,3.0,3065.0,1977.0,9191.16,singleFamily,23,850000.0,2025,https://www.zillow.com,https://photos.zillowstatic.com/fp/729950c36e0b5e5e5906e16c417ea5f3-p_c.jpg,2026-05-18 11:42,For Sale
26790221,3737 Dunhaven Rd,75220,Dallas,TX,32.87167,-96.85448,1995000,374.0,,1936200.0,7049.0,5.0,7.0,5335.0,2026.0,7579.44,singleFamily,54,515960.0,2025,https://www.zillow.com,https://photos.zillowstatic.com/fp/7b21a00100d551fc39f9c97fc0c58637-p_c.jpg,2026-05-18 11:42,For Sale
26726438,3815 Cauthorn Dr,75210,Dallas,TX,32.762817,-96.74039,135000,84.0,,,1756.0,3.0,2.0,1604.0,1948.0,7100.28,singleFamily,167,170730.0,2025,https://www.zillow.com,https://photos.zillowstatic.com/fp/b778e252b9172f90be74840483bb17e2-p_c.jpg,2026-05-18 11:42,For Sale
26815370,745 Clearwood Dr,75232,Dallas,TX,32.661022,-96.83368,286999,142.0,-8000.0,284600.0,2492.0,6.0,2.0,2028.0,1956.0,7623.0,singleFamily,72,248940.0,2025,https://www.zillow.com,https://photos.zillowstatic.com/fp/1a25d427fd537ead48e8d7929982a541-p_c.jpg,2026-05-18 11:42,For Sale
26745379,2816 Encino Dr,75228,Dallas,TX,32.847054,-96.667,215000,176.0,,,,3.0,1.0,1224.0,1953.0,8058.6,singleFamily,16,184820.0,2025,https://www.zillow.com,https://photos.zillowstatic.com/fp/e52b91de3de8ea7b7dadbd991463ba70-p_c.jpg,2026-05-18 11:42,For Sale
26924953,3026 Commerce St APT 205,75226,Dallas,TX,32.78369,-96.77917,355000,247.0,-40000.0,342500.0,2071.0,1.0,1.0,1438.0,1940.0,0.478,condo,32,398280.0,2025,https://www.zillow.com,https://photos.zillowstatic.com/fp/0abd8aa9049b6ec8daa3f4527360eb36-p_c.jpg,2026-05-18 11:42,For Sale
453046203,9839 Walnut St APT T206,75243,Dallas,TX,32.916245,-96.736465,67000,65.0,,,1547.0,2.0,2.0,1031.0,1981.0,,condo,13,,,https://www.zillow.com,https://photos.zillowstatic.com/fp/74d8b81a585e6d3939040f4bfa812cdf-p_c.jpg,2026-05-18 11:42,For Sale
83738093,18265 Brighton Grn,75252,Dallas,TX,32.999794,-96.78639,805000,266.0,,785800.0,3920.0,4.0,4.0,3032.0,2012.0,6969.6,singleFamily,37,689023.0,2025,https://www.zillow.com,https://photos.zillowstatic.com/fp/013c603adddedf4c8eb243e09bf8dfba-p_c.jpg,2026-05-18 11:42,For Sale
26875596,7134 Crooked Oak Dr,75248,Dallas,TX,32.978287,-96.78241,825000,250.0,,,,4.0,4.0,3298.0,1978.0,8407.08,singleFamily,16,850000.0,2025,https://www.zillow.com,https://photos.zillowstatic.com/fp/cc023108d25f1eeb1673ab5f88ee150b-p_c.jpg,2026-05-18 11:42,For Sale
26826987,3837 Kimball Ridge Dr,75233,Dallas,TX,32.696194,-96.882164,354000,166.0,-5000.0,350300.0,2711.0,3.0,3.0,2135.0,1963.0,0.29,singleFamily,191,378540.0,2025,https://www.zillow.com,https://photos.zillowstatic.com/fp/aa2e47c7818ee6000fe6e88b83b89010-p_c.jpg,2026-05-18 11:42,For Sale
26873623,7411 Carta Valley Dr,75248,Dallas,TX,32.97319,-96.77967,750000,285.0,,733000.0,4414.0,3.0,4.0,2628.0,1973.0,8712.0,singleFamily,2,540960.0,2025,https://www.zillow.com,https://photos.zillowstatic.com/fp/3ad11420e0de93a7ba3bad7c045ff814-p_c.jpg,2026-05-18 11:42,For Sale
26687337,2212 Marburg St,75215,Dallas,TX,32.75108,-96.76183,499000,196.0,,496600.0,3372.0,4.0,3.0,2550.0,2026.0,7927.92,singleFamily,19,79000.0,2025,https://www.zillow.com,https://photos.zillowstatic.com/fp/ee7bb95ae323a12dd11dce3d1b4ec669-p_c.jpg,2026-05-18 11:42,For Sale
26794682,1823 Houghton Rd,75217,Dallas,TX,32.74387,-96.69446,228000,156.0,,,,3.0,2.0,1464.0,1955.0,8624.88,singleFamily,4,231850.0,2025,https://www.zillow.com,https://photos.zillowstatic.com/fp/82058edf4dfc6d43230747bb599d9f94-p_c.jpg,2026-05-18 11:42,For Sale
26713633,602 Brooks Ave,75208,Dallas,TX,32.73599,-96.83231,350000,272.0,,,2465.0,3.0,2.0,1287.0,1925.0,7623.0,singleFamily,12,286950.0,2025,https://www.zillow.com,https://photos.zillowstatic.com/fp/24e117834fccde8db34d2d3e6915708e-p_c.jpg,2026-05-18 11:42,For Sale
26892876,7426 Cloverglen Dr,75249,Dallas,TX,32.63006,-96.95208,284500,173.0,-2500.0,284100.0,2008.0,3.0,2.0,1642.0,1979.0,6621.12,singleFamily,36,282120.0,2025,https://www.zillow.com,https://photos.zillowstatic.com/fp/0c2c4475db1ae97221f2c534c5405556-p_c.jpg,2026-05-18 11:42,For Sale
26898052,2927 Magnolia Hill Ct,75201,Dallas,TX,32.793697,-96.811584,1825000,512.0,,,,2.0,3.0,3563.0,1996.0,1293.732,townhome,6,1787680.0,2025,https://www.zillow.com,https://photos.zillowstatic.com/fp/0f06b4b9d3e2f0a7f6f8f1d1f7617205-p_c.jpg,2026-05-18 11:42,For Sale
26845273,11083 Erhard Dr,75228,Dallas,TX,32.84135,-96.65294,580000,132.0,,572500.0,3169.0,4.0,8.0,4395.0,1955.0,0.551,singleFamily,5,568010.0,2025,https://www.zillow.com,https://photos.zillowstatic.com/fp/2a987a6d6d9744f3ee45bd5c18d665bb-p_c.jpg,2026-05-18 11:42,For Sale
26778786,2457 Glenfield Ave,75233,Dallas,TX,32.717037,-96.8595,200000,151.0,,191500.0,1734.0,2.0,2.0,1321.0,1925.0,8058.6,singleFamily,79,214740.0,2025,https://www.zillow.com,https://photos.zillowstatic.com/fp/80c6f161f5dc20857418a598ffba4be2-p_c.jpg,2026-05-18 11:42,For Sale
26683246,4011 Cole Ave APT 113,75204,Dallas,TX,32.813107,-96.794685,298999,329.0,,286100.0,2120.0,2.0,2.0,910.0,1963.0,1.15,condo,3,227500.0,2025,https://www.zillow.com,https://photos.zillowstatic.com/fp/1486501700a90cca081a2741feff283c-p_c.jpg,2026-05-18 11:42,For Sale
26888971,15306 Trails End Dr,75248,Dallas,TX,32.956,-96.802155,849500,321.0,,,,4.0,3.0,2648.0,1979.0,9539.64,singleFamily,17,546100.0,2025,https://www.zillow.com,https://photos.zillowstatic.com/fp/bc78be51c58c8d0a5296eaea4c6e437d-p_c.jpg,2026-05-18 11:42,For Sale
80232357,1111 S Akard St Unit 314,75215,Dallas,TX,32.772007,-96.794655,285000,247.0,,,,2.0,2.0,1152.0,2006.0,0.752,condo,3,324800.0,2025,https://www.zillow.com,https://photos.zillowstatic.com/fp/d894d3b3abc0cc7d8e360b515ab16d99-p_c.jpg,2026-05-18 11:42,For Sale
26637806,5308 Ventana Trl,75252,Dallas,TX,33.011112,-96.80108,475000,193.0,-12000.0,,,3.0,3.0,2459.0,1992.0,3920.4,singleFamily,38,490214.0,2025,https://www.zillow.com,https://photos.zillowstatic.com/fp/23d0b8b096bd13f8797843b369a83304-p_c.jpg,2026-05-18 11:42,For Sale
26706213,6625 Bob O Link Dr,75214,Dallas,TX,32.831596,-96.745895,2999000,732.0,-251000.0,,,4.0,3.0,4098.0,1949.0,0.335,singleFamily,119,1900230.0,2025,https://www.zillow.com,https://photos.zillowstatic.com/fp/a90797a118bfe0994a316865cb62815b-p_c.jpg,2026-05-18 11:42,For Sale
80226986,2201 Wolf St APT 5206,75201,Dallas,TX,32.796806,-96.80913,499999,339.0,-15001.0,485200.0,3278.0,2.0,2.0,1475.0,1995.0,3.634,condo,80,502720.0,2025,https://www.zillow.com,https://photos.zillowstatic.com/fp/642ceceec8c331a09d72217ad7ee2f07-p_c.jpg,2026-05-18 11:42,For Sale
26808623,3227 Dothan Ln,75229,Dallas,TX,32.898144,-96.86944,1850000,369.0,,1785500.0,7685.0,5.0,6.0,5013.0,2026.0,10193.04,singleFamily,31,527340.0,2025,https://www.zillow.com,https://photos.zillowstatic.com/fp/c9addbeb4b92eb7a07c483b2e4c5c2c0-p_c.jpg,2026-05-18 11:42,For Sale
26756994,10989 Crooked Creek Dr,75229,Dallas,TX,32.89832,-96.8228,4199000,796.0,-196000.0,,18137.0,5.0,6.0,5276.0,2014.0,0.922,singleFamily,402,3674490.0,2025,https://www.zillow.com,https://photos.zillowstatic.com/fp/81c3e6db459f74472e289e7943553abe-p_c.jpg,2026-05-18 11:42,For Sale
84001792,2242 Forest Hollow Park,75228,Dallas,TX,32.808662,-96.70724,699900,278.0,,681800.0,2594.0,3.0,3.0,2519.0,2007.0,1089.0,singleFamily,17,659470.0,2025,https://www.zillow.com,https://photos.zillowstatic.com/fp/d40c7dbf13afa678b5f45f2cc7ae4546-p_c.jpg,2026-05-18 11:42,For Sale
96526413,2401 Peabody Ave,75215,Dallas,TX,32.76466,-96.772224,510000,189.0,,506600.0,3870.0,4.0,4.0,2701.0,2025.0,8712.0,singleFamily,11,80000.0,2025,https://www.zillow.com,https://photos.zillowstatic.com/fp/7e43cc37f59097fe17408253b94bb1cc-p_c.jpg,2026-05-18 11:42,For Sale
462263793,4719 Manett St Unit 102,75204,Dallas,TX,32.81172,-96.785355,675000,321.0,,665900.0,4587.0,3.0,4.0,2100.0,2026.0,6054.84,townhome,10,,,https://www.zillow.com,https://photos.zillowstatic.com/fp/6a3e597139ad170e038a1daffdc61cc8-p_c.jpg,2026-05-18 11:42,For Sale
26834577,3827 Vineyard Dr,75212,Dallas,TX,32.788795,-96.87639,239000,253.0,,225800.0,1816.0,3.0,2.0,944.0,1967.0,7056.72,singleFamily,52,213140.0,2025,https://www.zillow.com,https://photos.zillowstatic.com/fp/15f771d04fe5521a7ad88b831e35bf55-p_c.jpg,2026-05-18 11:42,For Sale
26871265,7947 Habersham Ln,75248,Dallas,TX,32.95435,-96.76913,400000,135.0,300000.0,380900.0,4674.0,5.0,4.0,2966.0,1966.0,,singleFamily,19,453000.0,2025,https://www.zillow.com,https://photos.zillowstatic.com/fp/a556f6daba9f89d6891ea6966cad398a-p_c.jpg,2026-05-18 11:42,For Sale
26864720,9835 Estate Ln,75238,Dallas,TX,32.88401,-96.71641,550000,246.0,-30000.0,539400.0,3181.0,3.0,2.0,2233.0,1962.0,9452.52,singleFamily,81,570920.0,2025,https://www.zillow.com,https://photos.zillowstatic.com/fp/e1ccfc63ecbe384a52b5d63851ebb704-p_c.jpg,2026-05-18 11:42,For Sale
26687133,4026 Myrtle St,75215,Dallas,TX,32.75933,-96.758286,190000,157.0,-10000.0,,1892.0,3.0,2.0,1212.0,1923.0,7405.2,singleFamily,283,213490.0,2025,https://www.zillow.com,https://photos.zillowstatic.com/fp/b07ca313a13b87c707e1cae80134fdcb-p_c.jpg,2026-05-18 11:42,For Sale
26703453,6114 Revere Pl,75214,Dallas,TX,32.830547,-96.76079,1775000,409.0,,1719000.0,7845.0,5.0,4.0,4337.0,2026.0,6359.76,singleFamily,23,527390.0,2025,https://www.zillow.com,https://photos.zillowstatic.com/fp/e0b59e8ef23d05fa3b70f55c4b3e2b3c-p_c.jpg,2026-05-18 11:42,For Sale
26857899,459 Hart St,75203,Dallas,TX,32.75319,-96.80259,510000,217.0,-14999.0,508000.0,4114.0,4.0,3.0,2350.0,2026.0,4225.32,singleFamily,53,95000.0,2025,https://www.zillow.com,https://photos.zillowstatic.com/fp/b0d1ece77ce952153411f50bbe353970-p_c.jpg,2026-05-18 11:42,For Sale
26826263,1636 W Red Bird Ln,75232,Dallas,TX,32.671864,-96.84748,565000,190.0,,553400.0,3661.0,4.0,4.0,2974.0,1959.0,0.34299999999999997,singleFamily,53,392080.0,2025,https://www.zillow.com,https://photos.zillowstatic.com/fp/560670eab42ed30f4c3441da2eddbc98-p_c.jpg,2026-05-18 11:42,For Sale
26883950,8226 Hunnicut Rd,75228,Dallas,TX,32.799713,-96.70136,489000,231.0,,471600.0,3011.0,3.0,3.0,2118.0,1967.0,0.363,singleFamily,31,482430.0,2025,https://www.zillow.com,https://photos.zillowstatic.com/fp/114d188f3c2efe3f626d5d5216798f6d-p_c.jpg,2026-05-18 11:42,For Sale
26860366,10431 Kinslow Dr,75217,Dallas,TX,32.710964,-96.64428,200000,162.0,,199600.0,2066.0,3.0,3.0,1232.0,1979.0,7492.32,singleFamily,10,216100.0,2025,https://www.zillow.com,https://photos.zillowstatic.com/fp/3c54859695531e60ef3b2286dfd22313-p_c.jpg,2026-05-18 11:42,For Sale
333139155,14373 Wrangler Way,75253,Dallas,TX,32.67319,-96.585754,325000,126.0,,322600.0,2808.0,5.0,5.0,2572.0,2019.0,6141.96,singleFamily,20,324670.0,2025,https://www.zillow.com,https://photos.zillowstatic.com/fp/20f215674375ba4bd3d8aabfe6ff5965-p_c.jpg,2026-05-18 11:42,For Sale
26929638,5619 Preston Oaks Rd APT 305,75254,Dallas,TX,32.944084,-96.810295,214900,226.0,-5000.0,205300.0,1818.0,2.0,2.0,950.0,1983.0,2.275,singleFamily,127,247000.0,2025,https://www.zillow.com,https://photos.zillowstatic.com/fp/11892fa696a10ff3b1c29ec774e60b24-p_c.jpg,2026-05-18 11:42,For Sale
26925683,12484 Abrams Rd APT 2021,75243,Dallas,TX,32.91753,-96.73267,144900,145.0,,137100.0,1464.0,2.0,2.0,998.0,1982.0,17.99,condo,4,164670.0,2025,https://www.zillow.com,https://photos.zillowstatic.com/fp/d4d9861da0c63b9ba0e5b7bc74151710-p_c.jpg,2026-05-18 11:42,For Sale
26890597,7728 Bantry Ln,75248,Dallas,TX,32.985508,-96.77365,849000,274.0,,,,4.0,3.0,3100.0,1978.0,10410.84,singleFamily,12,686560.0,2025,https://www.zillow.com,https://photos.zillowstatic.com/fp/2e38edd406d93ec4a4e3e297b182db17-p_c.jpg,2026-05-18 11:42,For Sale
26803354,6124 Boca Raton Dr,75230,Dallas,TX,32.904415,-96.80154,1695000,603.0,-55000.0,1611500.0,6698.0,3.0,3.0,2812.0,1954.0,0.365,singleFamily,13,1145000.0,2025,https://www.zillow.com,https://photos.zillowstatic.com/fp/92b30c11d813bd85a49f797153cd9a04-p_c.jpg,2026-05-18 11:42,For Sale
26626390,4406 Windward Cir,75287,Dallas,TX,33.008568,-96.834045,459000,203.0,-26000.0,452700.0,2577.0,3.0,2.0,2256.0,1982.0,5227.2,singleFamily,13,460063.0,2025,https://www.zillow.com,https://photos.zillowstatic.com/fp/b59ae2c9c0ef0126c093cd3449f96553-p_c.jpg,2026-05-18 11:42,For Sale
26760424,5805 Farquhar Ln,75209,Dallas,TX,32.86206,-96.81366,950000,317.0,-100000.0,928800.0,4465.0,3.0,3.0,2994.0,1972.0,6054.84,townhome,75,1160330.0,2025,https://www.zillow.com,https://photos.zillowstatic.com/fp/f5904b234d52d3bd81506dc1a00578ef-p_c.jpg,2026-05-18 11:42,For Sale
26709165,712 W 8th St,75208,Dallas,TX,32.74785,-96.834595,525000,286.0,,507300.0,3316.0,4.0,3.0,1837.0,1930.0,5749.92,singleFamily,13,507730.0,2025,https://www.zillow.com,https://photos.zillowstatic.com/fp/68aa99826b06a012f55c015aef0a9a30-p_c.jpg,2026-05-18 11:42,For Sale
96511065,1510 Marfa Ave,75216,Dallas,TX,32.70119,-96.80329,490000,204.0,,486800.0,3127.0,4.0,4.0,2400.0,2026.0,9147.6,singleFamily,17,95000.0,2025,https://www.zillow.com,https://photos.zillowstatic.com/fp/5ceb8dbeac33514ec915f9cae4befc83-p_c.jpg,2026-05-18 11:42,For Sale
333140529,2014 White Grove Dr,75228,Dallas,TX,32.804256,-96.716354,559000,250.0,-10000.0,552200.0,2859.0,4.0,3.0,2235.0,2021.0,1829.52,singleFamily,23,656960.0,2025,https://www.zillow.com,https://photos.zillowstatic.com/fp/9a97614fa3101b0a5524a7ba056a3d8c-p_c.jpg,2026-05-18 11:42,For Sale
26880496,4006 Flintridge Dr,75244,Dallas,TX,32.91996,-96.842964,635000,296.0,46000.0,,,4.0,3.0,2142.0,1970.0,0.27299999999999996,singleFamily,38,495000.0,2025,https://www.zillow.com,https://photos.zillowstatic.com/fp/c4aa0f189865a5b1252313689c94b902-p_c.jpg,2026-05-18 11:42,For Sale
65346465,6101 Baymar Ln,75252,Dallas,TX,32.991,-96.79989,1399999,465.0,-100000.0,1367500.0,3700.0,4.0,5.0,3013.0,2026.0,0.36,singleFamily,52,61875.0,2025,https://www.zillow.com,https://photos.zillowstatic.com/fp/28ed62e00d0cdd03646eca68c82b0262-p_c.jpg,2026-05-18 11:42,For Sale
26789429,10940 Snow White Dr,75229,Dallas,TX,32.89794,-96.84217,3795000,704.0,,,,5.0,7.0,5392.0,2026.0,0.365,singleFamily,26,849110.0,2025,https://www.zillow.com,https://photos.zillowstatic.com/fp/22e8f2f4c91ad4be0a2b1883cd346018-p_c.jpg,2026-05-18 11:42,For Sale
26756135,6714 Norway Rd,75230,Dallas,TX,32.88801,-96.78942,5995000,968.0,,,,5.0,7.0,6190.0,2018.0,0.372,singleFamily,30,3180000.0,2025,https://www.zillow.com,https://photos.zillowstatic.com/fp/b4bd14f9ea62f9d03fe40fd097613c41-p_c.jpg,2026-05-18 11:42,For Sale
26855112,1422 Aldenwood Dr,75232,Dallas,TX,32.65249,-96.84474,265000,198.0,,262600.0,1671.0,3.0,2.0,1338.0,1977.0,8319.96,singleFamily,43,214750.0,2025,https://www.zillow.com,https://photos.zillowstatic.com/fp/835865946439043c9ad6629d93df0031-p_c.jpg,2026-05-18 11:42,For Sale
244057047,5451 Ashby Grove St,75209,Dallas,TX,32.827637,-96.82163,765000,339.0,,,,3.0,3.0,2254.0,2017.0,2962.08,singleFamily,52,697700.0,2025,https://www.zillow.com,https://photos.zillowstatic.com/fp/31998d2a3804948fe3f45621a0a3292c-p_c.jpg,2026-05-18 11:42,For Sale
26773395,227 Halsey St,75224,Dallas,TX,32.710056,-96.82593,199500,114.0,-19000.0,192900.0,2475.0,4.0,2.0,1750.0,1948.0,7814.664,singleFamily,33,256690.0,2025,https://www.zillow.com,https://photos.zillowstatic.com/fp/3a13c4a2d417a34edc5ec4fa43630e00-p_c.jpg,2026-05-18 11:42,For Sale
26756703,6215 Rex Dr,75230,Dallas,TX,32.899364,-96.79935,3495000,473.0,-200000.0,3268800.0,18180.0,5.0,7.0,7390.0,2001.0,0.368,singleFamily,51,2700000.0,2025,https://www.zillow.com,https://photos.zillowstatic.com/fp/3ff68f91d1fea3d319ba87748d6efdf4-p_c.jpg,2026-05-18 11:42,For Sale
456076224,5947 Lupton Dr,75225,Dallas,TX,32.878,-96.804436,7999998,721.0,,7364600.0,,5.0,6.0,11100.0,2020.0,0.82,singleFamily,59,,,https://www.zillow.com,https://photos.zillowstatic.com/fp/872f9b59afc80703e63a42ab98b2c464-p_c.jpg,2026-05-18 11:42,For Sale
26692909,4138 Prescott Ave,75219,Dallas,TX,32.8214,-96.80532,1125000,324.0,,1087600.0,7561.0,4.0,5.0,3477.0,2006.0,3571.92,singleFamily,37,1298850.0,2025,https://www.zillow.com,https://photos.zillowstatic.com/fp/373422aa47e8b3e8463825266f10e62c-p_c.jpg,2026-05-18 11:42,For Sale
26790247,9733 Mixon Dr,75220,Dallas,TX,32.871853,-96.853004,1895000,566.0,,1808600.0,6811.0,3.0,4.0,3347.0,2019.0,7971.48,singleFamily,23,1357670.0,2025,https://www.zillow.com,https://photos.zillowstatic.com/fp/09ff43bbe028850009c119e49f6efe2f-p_c.jpg,2026-05-18 11:42,For Sale
26703778,5909 Revere Pl,75206,Dallas,TX,32.831017,-96.76527,975000,401.0,,,6020.0,3.0,4.0,2434.0,2017.0,0.07,singleFamily,3,299190.0,2017,https://www.zillow.com,https://photos.zillowstatic.com/fp/7fc61ead6be15c25176dd70c4ac88987-p_c.jpg,2026-05-18 11:42,For Sale
26754400,6828 Chevy Chase Ave,75225,Dallas,TX,32.871284,-96.78751,2495000,544.0,,,,4.0,5.0,4587.0,2007.0,9626.76,singleFamily,17,2243180.0,2025,https://www.zillow.com,https://photos.zillowstatic.com/fp/bc9f1db996b1a48c1419f6b9d3b5c20c-p_c.jpg,2026-05-18 11:42,For Sale
26763489,6128 Hollis Ave,75227,Dallas,TX,32.767506,-96.71616,280000,175.0,,267900.0,2342.0,2.0,2.0,1603.0,1951.0,0.262,singleFamily,13,262980.0,2025,https://www.zillow.com,https://photos.zillowstatic.com/fp/d10628de3b63d9fa10b7409808dad2dc-p_c.jpg,2026-05-18 11:42,For Sale
26732514,2243 Inca Dr,75216,Dallas,TX,32.691914,-96.78826,265000,176.0,,260300.0,2058.0,4.0,2.0,1508.0,1959.0,7797.24,singleFamily,3,218690.0,2025,https://www.zillow.com,https://photos.zillowstatic.com/fp/2ee6ea3e79b462eca4c1ef1fb071b047-p_c.jpg,2026-05-18 11:42,For Sale
26698754,3717 W Beverly Dr,75209,Dallas,TX,32.831066,-96.82307,889000,294.0,169100.0,861600.0,6152.0,3.0,4.0,3025.0,2005.0,3920.4,singleFamily,161,830430.0,2025,https://www.zillow.com,https://photos.zillowstatic.com/fp/13dfee70d9146a03da0f7ac915f57530-p_c.jpg,2026-05-18 11:42,For Sale
26913157,17168 Club Hill Dr,75248,Dallas,TX,32.982437,-96.81453,4500000,602.0,,4167100.0,7811.0,3.0,5.0,7480.0,1984.0,0.723,singleFamily,31,2633860.0,2025,https://www.zillow.com,https://photos.zillowstatic.com/fp/1fedf277429d1018bd5d256cdc00237e-p_c.jpg,2026-05-18 11:42,For Sale
26828460,3434 Boulder Dr,75233,Dallas,TX,32.70173,-96.87396,384900,200.0,-15000.0,381500.0,2556.0,3.0,2.0,1921.0,1960.0,10105.92,singleFamily,17,405070.0,2025,https://www.zillow.com,https://photos.zillowstatic.com/fp/51e21aa42c11b385004262edfb10d75b-p_c.jpg,2026-05-18 11:42,For Sale
26880975,4310 Forest Bend Rd,75244,Dallas,TX,32.923344,-96.83516,649900,247.0,-9100.0,637600.0,3938.0,3.0,3.0,2632.0,1967.0,6011.28,singleFamily,66,676420.0,2025,https://www.zillow.com,https://photos.zillowstatic.com/fp/1aca9ffc6f72a1180dc69017792bae7b-p_c.jpg,2026-05-18 11:42,For Sale
26897859,3323 San Jacinto St,75204,Dallas,TX,32.795166,-96.78833,399900,342.0,-25100.0,391200.0,2339.0,2.0,2.0,1171.0,1984.0,2221.56,singleFamily,94,403690.0,2025,https://www.zillow.com,https://photos.zillowstatic.com/fp/9900a8bd39a6695218df4248b27f1f27-p_c.jpg,2026-05-18 11:42,For Sale
26774062,4316 Oak Trl,75232,Dallas,TX,32.68986,-96.83473,299500,187.0,-400.0,,,3.0,2.0,1600.0,1962.0,8232.84,singleFamily,22,234490.0,2025,https://www.zillow.com,https://photos.zillowstatic.com/fp/0832480eeca8f802f2ab440a3ee9681b-p_c.jpg,2026-05-18 11:42,For Sale
26709732,307 N Edgefield Ave,75208,Dallas,TX,32.747578,-96.844444,569000,336.0,,536400.0,3387.0,2.0,1.0,1695.0,1921.0,7318.08,singleFamily,39,548890.0,2025,https://www.zillow.com,https://photos.zillowstatic.com/fp/e412a4c9fc111e7d5ad6bb03f0f2731a-p_c.jpg,2026-05-18 11:42,For Sale
26808039,3127 Merrell Rd,75229,Dallas,TX,32.888073,-96.872696,489999,265.0,-9001.0,474200.0,3216.0,3.0,2.0,1847.0,1969.0,0.2529,singleFamily,58,460000.0,2025,https://www.zillow.com,https://photos.zillowstatic.com/fp/acf828a3bc15db824915c06cec541979-p_c.jpg,2026-05-18 11:42,For Sale
26705806,7138 Westbrook Ln,75214,Dallas,TX,32.846874,-96.737465,975000,436.0,-24000.0,938500.0,4912.0,3.0,2.0,2235.0,1953.0,7927.92,singleFamily,23,961940.0,2025,https://www.zillow.com,https://photos.zillowstatic.com/fp/46c0c314c71ff58dc55e90c1d648f85b-p_c.jpg,2026-05-18 11:42,For Sale
26746976,9412 Peninsula Dr,75218,Dallas,TX,32.84153,-96.70937,795000,442.0,,,,3.0,2.0,1800.0,1941.0,0.278,singleFamily,38,667690.0,2025,https://www.zillow.com,https://photos.zillowstatic.com/fp/63729fc77739e9f72dead42401f25f8d-p_c.jpg,2026-05-18 11:42,For Sale
26831194,2367 Rockyglen Dr,75228,Dallas,TX,32.808434,-96.70154,449000,254.0,-16000.0,439800.0,2419.0,3.0,2.0,1769.0,1960.0,0.441,singleFamily,37,438000.0,2025,https://www.zillow.com,https://photos.zillowstatic.com/fp/b348f3590756a32a801d597e915d1623-p_c.jpg,2026-05-18 11:42,For Sale
26761952,2315 Colony Ct,75235,Dallas,TX,32.83544,-96.856514,520000,264.0,-20000.0,514100.0,4232.0,4.0,3.0,1967.0,2026.0,6490.44,singleFamily,79,270000.0,2025,https://www.zillow.com,https://photos.zillowstatic.com/fp/f9213a55239f98de4aaa7991479fa27c-p_c.jpg,2026-05-18 11:42,For Sale
26884845,11329 Dumbarton Dr,75228,Dallas,TX,32.849483,-96.65435,450000,245.0,,437100.0,2230.0,3.0,3.0,1840.0,1964.0,8973.36,singleFamily,4,321360.0,2025,https://www.zillow.com,https://photos.zillowstatic.com/fp/ecd27863c98811758bec64a243708f6c-p_c.jpg,2026-05-18 11:42,For Sale
26858724,12025 Loch Ness Dr,75218,Dallas,TX,32.86031,-96.68953,850000,300.0,-45000.0,,,4.0,3.0,2837.0,1971.0,0.366,singleFamily,16,579740.0,2025,https://www.zillow.com,https://photos.zillowstatic.com/fp/21181737d9a23f60d9f8005ccd240bad-p_c.jpg,2026-05-18 11:42,For Sale
26838193,11411 Park Central Pl,75230,Dallas,TX,32.905224,-96.77197,420000,209.0,-5000.0,,,2.0,2.0,2012.0,1963.0,6490.44,singleFamily,34,421930.0,2025,https://www.zillow.com,https://photos.zillowstatic.com/fp/35fd085252f0816f5d247d2ebdd4dd68-p_c.jpg,2026-05-18 11:42,For Sale
26699831,2346 Scott St,75215,Dallas,TX,32.742188,-96.75531,283500,173.0,,282500.0,2430.0,3.0,3.0,1641.0,2025.0,5052.96,singleFamily,16,305550.0,2025,https://www.zillow.com,https://photos.zillowstatic.com/fp/9cce7ed41372e230f051089f337491b7-p_c.jpg,2026-05-18 11:42,For Sale
26833755,1943 McBroom St,75212,Dallas,TX,32.78282,-96.85209,660000,228.0,,,,4.0,4.0,2900.0,2024.0,5837.04,singleFamily,3,672040.0,2025,https://www.zillow.com,https://photos.zillowstatic.com/fp/c6bb952201d07c0cee18413b2df4ae86-p_c.jpg,2026-05-18 11:42,For Sale
26821090,2909 56th St,75241,Dallas,TX,32.69028,-96.772675,239500,162.0,,,,4.0,3.0,1476.0,1956.0,7840.8,singleFamily,8,138000.0,2025,https://www.zillow.com,https://photos.zillowstatic.com/fp/b6c7fb57094336fa4c6a3d9628c2bb80-p_c.jpg,2026-05-18 11:42,For Sale
67965283,3225 Turtle Creek Blvd APT 812,75219,Dallas,TX,32.80678,-96.80403,349000,419.0,,337800.0,1857.0,1.0,1.0,832.0,1998.0,,singleFamily,20,403520.0,2025,https://www.zillow.com,https://photos.zillowstatic.com/fp/3c4710231fcbb58c8baeb2d43aad4f17-p_c.jpg,2026-05-18 11:42,For Sale
96522200,4151 Odessa St,75212,Dallas,TX,32.793354,-96.90175,420000,191.0,,418200.0,3914.0,4.0,3.0,2200.0,2025.0,6359.76,singleFamily,9,173900.0,2025,https://www.zillow.com,https://photos.zillowstatic.com/fp/4b5dd7032b3ceb2b92259eee0cec0c0c-p_c.jpg,2026-05-18 11:42,For Sale
26699293,2651 Anderson St,75215,Dallas,TX,32.74819,-96.75128,206500,163.0,-8400.0,204700.0,1590.0,3.0,2.0,1266.0,2001.0,5140.08,singleFamily,54,202430.0,2025,https://www.zillow.com,https://photos.zillowstatic.com/fp/c937d3cab41e50f9f473ea3a44ded6ff-p_c.jpg,2026-05-18 11:42,For Sale
26692176,5103 Milam St,75206,Dallas,TX,32.818226,-96.785706,1249000,470.0,-100000.0,,,3.0,3.0,2660.0,2008.0,5270.76,singleFamily,86,1014710.0,2025,https://www.zillow.com,https://photos.zillowstatic.com/fp/03b1bbfc29b6ac365d30365892c341ee-p_c.jpg,2026-05-18 11:42,For Sale
96525018,6655 Mountain Trl,75236,Dallas,TX,32.666077,-96.95924,3015000,217.0,,2922100.0,1838.0,27.0,3.0,13923.0,2025.0,0.517,multiFamily,19,40000.0,2025,https://www.zillow.com,https://photos.zillowstatic.com/fp/f410fe50c397e02c679d641a0463f47f-p_c.jpg,2026-05-18 11:42,For Sale
26864579,9734 Queenswood Ln,75238,Dallas,TX,32.880493,-96.71466,649500,307.0,-35000.0,,,4.0,3.0,2116.0,1961.0,8319.96,singleFamily,36,587160.0,2025,https://www.zillow.com,https://photos.zillowstatic.com/fp/7bd49d47d48138e71d45cfef525e0d08-p_c.jpg,2026-05-18 11:42,For Sale
26789050,3963 Rochelle Dr,75220,Dallas,TX,32.874653,-96.84847,2495000,501.0,,2367500.0,3521.0,5.0,5.0,4981.0,2024.0,8232.84,singleFamily,4,1784940.0,2025,https://www.zillow.com,https://photos.zillowstatic.com/fp/a4d5cfd9888ced5fe4836546a5e64cca-p_c.jpg,2026-05-18 11:42,For Sale
26904561,4407 Lashley Dr,75232,Dallas,TX,32.68976,-96.84526,289750,189.0,-6000.0,281500.0,2069.0,4.0,2.0,1530.0,1986.0,6316.2,singleFamily,234,280840.0,2025,https://www.zillow.com,https://photos.zillowstatic.com/fp/62aeadb147e5fb73d96fb5eb15ffbcd1-p_c.jpg,2026-05-18 11:42,For Sale
26689533,5833 Velasco Ave,75206,Dallas,TX,32.821278,-96.76652,775000,282.0,,,,4.0,2.0,2752.0,1920.0,7710.12,singleFamily,40,566750.0,2025,https://www.zillow.com,https://photos.zillowstatic.com/fp/44eeef38b72a053657f19efd55db0ff7-p_c.jpg,2026-05-18 11:42,For Sale
26863050,4667 Country Creek Dr APT 1161,75236,Dallas,TX,32.696827,-96.901505,104500,82.0,-8000.0,,1756.0,3.0,2.0,1281.0,1974.0,19.864,condo,45,179340.0,2025,https://www.zillow.com,https://photos.zillowstatic.com/fp/4ae0126a6d15e80d76a2b4d68be0cf17-p_c.jpg,2026-05-18 11:42,For Sale
96490665,7817 Red Spring Rd,75241,Dallas,TX,32.65218,-96.82145,425000,194.0,-10000.0,,,4.0,3.0,2190.0,2026.0,5488.56,singleFamily,40,240880.0,2025,https://www.zillow.com,https://photos.zillowstatic.com/fp/ad5f818bb79d7fce838087aae0a2308a-p_c.jpg,2026-05-18 11:42,For Sale
26874604,7731 La Sobrina Dr,75248,Dallas,TX,32.9689,-96.77473,850000,270.0,,819700.0,4848.0,5.0,4.0,3144.0,1968.0,8624.88,singleFamily,24,629400.0,2025,https://www.zillow.com,https://photos.zillowstatic.com/fp/35b7446e7014c4260e2f3ccf13d170d7-p_c.jpg,2026-05-18 11:42,For Sale
26685330,416 Mount Auburn Ave,75223,Dallas,TX,32.80185,-96.74993,847900,203.0,,840000.0,7217.0,5.0,5.0,4181.0,2026.0,7230.96,singleFamily,9,500000.0,2025,https://www.zillow.com,https://photos.zillowstatic.com/fp/f2586bd8dbcdc414d04b0938ddee133d-p_c.jpg,2026-05-18 11:42,For Sale
26840673,2321 Hartline Dr,75228,Dallas,TX,32.830208,-96.677605,453500,289.0,-500.0,447400.0,2523.0,3.0,2.0,1570.0,1954.0,0.313,singleFamily,58,427780.0,2025,https://www.zillow.com,https://photos.zillowstatic.com/fp/451e7511f285dbc82212e111526d69f5-p_c.jpg,2026-05-18 11:42,For Sale
2127020242,8550 Fair Oaks Xing APT 115,75243,Dallas,TX,32.8965,-96.72774,180000,161.0,,,2249.0,2.0,3.0,1121.0,1982.0,7.44,singleFamily,41,,,https://www.zillow.com,https://photos.zillowstatic.com/fp/a2d2177f9789e0e2a0c8a59b1456493c-p_c.jpg,2026-05-18 11:42,For Sale
452141274,4310 Copeland St,75210,Dallas,TX,32.77145,-96.74329,310000,194.0,,309300.0,2489.0,3.0,3.0,1600.0,2026.0,4094.64,singleFamily,39,,,https://www.zillow.com,https://photos.zillowstatic.com/fp/6842e23c0c4e1c7bc2ab92bf95c5f7f0-p_c.jpg,2026-05-18 11:42,For Sale
26864100,11480 Audelia Rd #238,75243,Dallas,TX,32.905064,-96.71589,145000,117.0,,,1723.0,3.0,2.0,1237.0,1980.0,9.99299816345271,condo,25,143250.0,2025,https://www.zillow.com,https://photos.zillowstatic.com/fp/19f9086cfb2030552cb63ec872b82ed7-p_c.jpg,2026-05-18 11:42,For Sale
26764747,3206 N Jim Miller Rd,75227,Dallas,TX,32.764973,-96.7003,127989,95.0,-1.0,,1905.0,3.0,2.0,1344.0,1930.0,7405.2,singleFamily,36,182110.0,2025,https://www.zillow.com,https://photos.zillowstatic.com/fp/98094e3992ee23128f08902f6eb039e7-p_c.jpg,2026-05-18 11:42,For Sale
26607660,6211 Crested Butte Dr,75252,Dallas,TX,32.9935,-96.79839,560000,261.0,-15000.0,,,3.0,2.0,2149.0,1985.0,8276.4,singleFamily,37,565495.0,2025,https://www.zillow.com,https://photos.zillowstatic.com/fp/bb3a8cbf640119eb8565c4fb51899e5b-p_c.jpg,2026-05-18 11:42,For Sale
26838897,10521 Sandpiper Ln,75230,Dallas,TX,32.889427,-96.78047,505000,272.0,6000.0,493300.0,2981.0,3.0,2.0,1859.0,1971.0,6446.88,singleFamily,105,473790.0,2025,https://www.zillow.com,https://photos.zillowstatic.com/fp/156fb6c6a6078310d1161c4f1103c58b-p_c.jpg,2026-05-18 11:42,For Sale
26847835,10129 Newcombe Dr,75228,Dallas,TX,32.830273,-96.68267,429900,294.0,-14599.0,426600.0,2314.0,3.0,2.0,1464.0,1955.0,0.259,singleFamily,106,364340.0,2025,https://www.zillow.com,https://photos.zillowstatic.com/fp/76bf92fc62eb5a207f3533b7de19f49e-p_c.jpg,2026-05-18 11:42,For Sale
26807752,3132 Chapel Downs Dr,75229,Dallas,TX,32.884205,-96.87081,675000,278.0,-20000.0,664700.0,5122.0,4.0,3.0,2429.0,1962.0,10018.8,singleFamily,86,675000.0,2025,https://www.zillow.com,https://photos.zillowstatic.com/fp/e7063819688226fd0052749f899ea751-p_c.jpg,2026-05-18 11:42,For Sale
26878494,6451 Moonhill Dr,75241,Dallas,TX,32.66149,-96.76671,167500,112.0,-14500.0,,,4.0,2.0,1499.0,1971.0,7143.84,singleFamily,61,227190.0,2025,https://www.zillow.com,https://photos.zillowstatic.com/fp/7c28181e8ac76822c75dc1d961c65fbd-p_c.jpg,2026-05-18 11:42,For Sale
67961290,2323 Clark St,75204,Dallas,TX,32.79773,-96.79689,789500,453.0,,761800.0,3760.0,2.0,3.0,1744.0,2004.0,1001.88,townhome,34,666430.0,2025,https://www.zillow.com,https://photos.zillowstatic.com/fp/0c511ffb6edf74cfb590d120bce37432-p_c.jpg,2026-05-18 11:42,For Sale
303983790,4639 New Water Ln,75219,Dallas,TX,32.809372,-96.82805,499900,346.0,-15000.0,524500.0,3075.0,2.0,3.0,1444.0,2026.0,,townhome,482,479260.0,2025,https://www.zillow.com,https://photos.zillowstatic.com/fp/ee1989dff57ba24876ae6f7a755416cf-p_c.jpg,2026-05-18 11:42,For Sale
26898007,543 Josephine St,75246,Dallas,TX,32.792282,-96.77378,349500,223.0,,,,2.0,3.0,1569.0,1985.0,2831.4,townhome,23,360420.0,2025,https://www.zillow.com,https://photos.zillowstatic.com/fp/d36ccf077a464132a6d2259827486c54-p_c.jpg,2026-05-18 11:42,For Sale
26704419,5432 Martel Ave,75206,Dallas,TX,32.831528,-96.77591,975000,388.0,,,,3.0,4.0,2510.0,2014.0,3397.68,singleFamily,21,817420.0,2025,https://www.zillow.com,https://photos.zillowstatic.com/fp/6fbf87a01fab011fed5c178db0bd27a6-p_c.jpg,2026-05-18 11:42,For Sale
26692613,4615 Rusk Ave,75204,Dallas,TX,32.808876,-96.78401,895000,335.0,,874900.0,2159.0,3.0,4.0,2674.0,2026.0,5227.2,singleFamily,2,373100.0,2025,https://www.zillow.com,https://photos.zillowstatic.com/fp/70ae69ac5d4d51f1268286361a7fb70c-p_c.jpg,2026-05-18 11:42,For Sale
26785413,5737 Everglade Rd,75227,Dallas,TX,32.785686,-96.702965,439999,202.0,-5000.0,438300.0,2996.0,4.0,2.0,2178.0,1968.0,8799.12,singleFamily,2,290000.0,2025,https://www.zillow.com,https://photos.zillowstatic.com/fp/c69633efe122472c29656b6186d8cba7-p_c.jpg,2026-05-18 11:42,For Sale
27339737,2412 Ridgestone Dr,75287,Dallas,TX,32.994427,-96.870766,319000,237.0,-6000.0,317100.0,2060.0,3.0,2.0,1344.0,1983.0,5532.12,singleFamily,130,270000.0,2025,https://www.zillow.com,https://photos.zillowstatic.com/fp/55c325fcca938b2a9692c456f6e40435-p_c.jpg,2026-05-18 11:42,For Sale
26914710,8343 Crystalwood Dr,75249,Dallas,TX,32.64884,-96.96701,390000,168.0,,329400.0,2784.0,4.0,2.0,2322.0,1990.0,9234.72,singleFamily,3,329770.0,2025,https://www.zillow.com,https://photos.zillowstatic.com/fp/af5b500f853374e3259f7d1797ef8121-p_c.jpg,2026-05-18 11:42,For Sale
80240634,8018 Arkan Pkwy,75241,Dallas,TX,32.648376,-96.81944,265000,173.0,,262800.0,1969.0,3.0,2.0,1529.0,2006.0,5837.04,singleFamily,6,259940.0,2025,https://www.zillow.com,https://photos.zillowstatic.com/fp/04545688c4b64ee05fd248148fecf3db-p_c.jpg,2026-05-18 11:42,For Sale
26697721,4851 Cedar Springs Rd APT 182,75219,Dallas,TX,32.81927,-96.822525,150000,178.0,-15000.0,,1566.0,2.0,1.0,841.0,1970.0,6.609,condo,8,164780.0,2025,https://www.zillow.com,https://photos.zillowstatic.com/fp/a3ae9b56cbb0e030e2bfd401a02a2a92-p_c.jpg,2026-05-18 11:42,For Sale
26852833,9411 Pinewood Dr,75243,Dallas,TX,32.903988,-96.76062,520000,248.0,-5000.0,501000.0,3045.0,4.0,2.0,2096.0,1963.0,10280.16,singleFamily,139,428150.0,2025,https://www.zillow.com,https://photos.zillowstatic.com/fp/2396b2bc05ccb8011b5d757b69759199-p_c.jpg,2026-05-18 11:42,For Sale
26755175,6031 Lupton Dr,75225,Dallas,TX,32.877293,-96.80259,6100000,870.0,-100000.0,5777500.0,7191.0,5.0,7.0,7009.0,2025.0,0.43199999999999994,singleFamily,51,2570190.0,2025,https://www.zillow.com,https://photos.zillowstatic.com/fp/48b0e44cb83164412f7f80ee793fdfab-p_c.jpg,2026-05-18 11:42,For Sale
461413197,1008 Clearwater Dr,75068,Lakewood Village,TX,32.897995,-96.75691,646900,251.0,,640000.0,4441.0,4.0,4.0,2574.0,2026.0,7405.2,singleFamily,30,,,https://www.zillow.com,https://photos.zillowstatic.com/fp/a5f24ce2696cae56e20c7272cc525f8a-p_c.jpg,2026-05-18 11:42,For Sale
442925159,7207 Gaston Ave #902,75206,Dallas,TX,32.813904,-96.731186,499000,368.0,,489300.0,2962.0,2.0,3.0,1357.0,2024.0,1.1,condo,3,437370.0,2025,https://www.zillow.com,https://photos.zillowstatic.com/fp/d3293f62de6dd02f14f7d83ea76fa0c1-p_c.jpg,2026-05-18 11:42,For Sale
304021712,17730 Bottlebrush Dr,75252,Dallas,TX,32.99154,-96.75904,599999,249.0,,585400.0,3375.0,4.0,3.0,2414.0,2018.0,4399.56,singleFamily,51,602816.0,2025,https://www.zillow.com,https://photos.zillowstatic.com/fp/07ecba74c3e4d27894da8af2dfaaf566-p_c.jpg,2026-05-18 11:42,For Sale
80220712,1200 Main St APT 1404,75202,Dallas,TX,32.77981,-96.80127,358500,307.0,,357300.0,2651.0,2.0,2.0,1169.0,1974.0,1.033,condo,2,362990.0,2025,https://www.zillow.com,https://photos.zillowstatic.com/fp/f1724954b41029825bf1b1acf9499487-p_c.jpg,2026-05-18 11:42,For Sale
26826335,1205 Golden Trophy Dr,75232,Dallas,TX,32.66571,-96.8412,280000,185.0,,,2119.0,3.0,2.0,1514.0,1965.0,9408.96,singleFamily,30,265730.0,2025,https://www.zillow.com,https://photos.zillowstatic.com/fp/fc0e2ac41d55da065da3e99fd4ac7ad1-p_c.jpg,2026-05-18 11:42,For Sale
447762889,2204 Dunloe Ave,75228,Dallas,TX,32.8366,-96.67776,289800,180.0,-100.0,286600.0,2425.0,4.0,2.0,1607.0,1952.0,0.259,singleFamily,64,,,https://www.zillow.com,https://photos.zillowstatic.com/fp/390ce294a0181527525ba115a872697b-p_c.jpg,2026-05-18 11:42,For Sale
26786195,6922 Allview Ln,75227,Dallas,TX,32.7823,-96.714134,465000,209.0,,457000.0,3070.0,4.0,3.0,2229.0,1973.0,8624.88,singleFamily,12,348940.0,2025,https://www.zillow.com,https://photos.zillowstatic.com/fp/f3fe626ed86dba0e38a7782cf0eca17a-p_c.jpg,2026-05-18 11:42,For Sale
80234564,830 Kessler Woods Trl,75208,Dallas,TX,32.752304,-96.85268,1825000,512.0,-40000.0,,,4.0,4.0,3566.0,2006.0,6621.12,singleFamily,75,1486670.0,2025,https://www.zillow.com,https://photos.zillowstatic.com/fp/20542c0ff62226f513dd9119c1dab466-p_c.jpg,2026-05-18 11:42,For Sale
26834075,4009 Finis Ln,75212,Dallas,TX,32.79167,-96.85162,617500,223.0,,608400.0,3749.0,3.0,4.0,2775.0,2026.0,4181.76,singleFamily,14,105000.0,2025,https://www.zillow.com,https://photos.zillowstatic.com/fp/f12e6675440f7004efaa31e590f96e6d-p_c.jpg,2026-05-18 11:42,For Sale
26891853,7247 Long Canyon Trl,75249,Dallas,TX,32.64032,-96.951645,285000,200.0,-5000.0,287000.0,1983.0,3.0,2.0,1423.0,1977.0,6751.8,singleFamily,4,238250.0,2025,https://www.zillow.com,https://photos.zillowstatic.com/fp/4b509d7e24d712a14a5ab9b5ea797c81-p_c.jpg,2026-05-18 11:42,For Sale
27339842,2531 Sunscape Ln,75287,Dallas,TX,32.996483,-96.871056,265000,199.0,,259800.0,2049.0,3.0,1.0,1335.0,1984.0,3659.04,singleFamily,48,268826.0,2025,https://www.zillow.com,https://photos.zillowstatic.com/fp/75a4df3dba36d9eed0e849a543bbb155-p_c.jpg,2026-05-18 11:42,For Sale
26774774,3335 S Ewing Ave,75216,Dallas,TX,32.703274,-96.811226,240000,184.0,,233700.0,1468.0,3.0,2.0,1305.0,1949.0,8515.98,singleFamily,3,161550.0,2025,https://www.zillow.com,https://photos.zillowstatic.com/fp/8b229e432212ea00a78ef112d799fd06-p_c.jpg,2026-05-18 11:42,For Sale
60346699,4016 Travis St Unit B,75204,Dallas,TX,32.813427,-96.795395,900000,378.0,-35000.0,,,2.0,3.0,2378.0,2001.0,696.96,townhome,17,875260.0,2025,https://www.zillow.com,https://photos.zillowstatic.com/fp/6e30b31756d74ed9de8d49d440fb7d0c-p_c.jpg,2026-05-18 11:42,For Sale
26752895,7124 Meadow Rd,75230,Dallas,TX,32.886986,-96.78161,1425000,386.0,-25000.0,1375700.0,7617.0,4.0,4.0,3687.0,1969.0,0.293,singleFamily,30,969820.0,2025,https://www.zillow.com,https://photos.zillowstatic.com/fp/03c33a4b115a29d8464daee3f2e54c66-p_c.jpg,2026-05-18 11:42,For Sale
26843598,9011 Liptonshire Dr,75238,Dallas,TX,32.87073,-96.70545,764900,307.0,,738400.0,5299.0,4.0,4.0,2489.0,1955.0,7666.56,singleFamily,38,592860.0,2025,https://www.zillow.com,https://photos.zillowstatic.com/fp/9a048c9f90ec20301b249e1186e9d398-p_c.jpg,2026-05-18 11:42,For Sale
26849835,7155 Helsem Bnd,75230,Dallas,TX,32.919395,-96.78057,849900,260.0,-49100.0,825900.0,5417.0,3.0,3.0,3264.0,1984.0,6355.404,singleFamily,43,979450.0,2025,https://www.zillow.com,https://photos.zillowstatic.com/fp/2746263fd6dcf9f3193f070821080de5-p_c.jpg,2026-05-18 11:42,For Sale
84001098,8342 Timberbrook Ln,75249,Dallas,TX,32.664314,-96.95082,344369,214.0,5000.0,338300.0,3570.0,3.0,3.0,1612.0,2007.0,4007.52,singleFamily,60,309670.0,2025,https://www.zillow.com,https://photos.zillowstatic.com/fp/c804d2f76f3fc541da27f74b80197799-p_c.jpg,2026-05-18 11:42,For Sale
26754570,6123 Northwood Rd,75225,Dallas,TX,32.869835,-96.80082,6500000,859.0,,6151700.0,6180.0,5.0,8.0,7568.0,2026.0,0.40499999999999997,singleFamily,39,1512300.0,2025,https://www.zillow.com,https://photos.zillowstatic.com/fp/b2f8f479278df207348083179bd41169-p_c.jpg,2026-05-18 11:42,For Sale
26797128,538 Pemberton Hill Rd,75217,Dallas,TX,32.721176,-96.7174,349900,167.0,,346700.0,2347.0,4.0,2.0,2100.0,1958.0,7187.4,singleFamily,15,205660.0,2025,https://www.zillow.com,https://photos.zillowstatic.com/fp/2ad82392aaf4f6ad5bbd9b5b9f26b06e-p_c.jpg,2026-05-18 11:42,For Sale
96535829,714 Oak Park Dr,75232,Dallas,TX,32.68776,-96.83379,465000,176.0,,,3303.0,5.0,3.0,2638.0,2020.0,0.36,singleFamily,94,459990.0,2025,https://www.zillow.com,https://photos.zillowstatic.com/fp/e749dfb0eae1cd2928795aac25cb31ec-p_c.jpg,2026-05-18 11:42,For Sale
26870711,6515 Calais Dr,75254,Dallas,TX,32.947826,-96.79305,1195000,330.0,,1139000.0,6219.0,4.0,3.0,3626.0,1970.0,0.488,singleFamily,40,1194480.0,2025,https://www.zillow.com,https://photos.zillowstatic.com/fp/aa47419b9b8547a1988a9e3523c1f43a-p_c.jpg,2026-05-18 11:42,For Sale
26640306,17704 Cedar Creek Canyon Dr,75252,Dallas,TX,32.992584,-96.81119,1999000,361.0,,,,5.0,6.0,5530.0,1988.0,0.413,singleFamily,25,1764319.0,2025,https://www.zillow.com,https://photos.zillowstatic.com/fp/8a888f0b28669251a1d528aff51d3a72-p_c.jpg,2026-05-18 11:42,For Sale
26739522,6738 Eastridge Dr APT 101,75231,Dallas,TX,32.86749,-96.75028,274900,157.0,,,,2.0,2.0,1755.0,1979.0,0.673,condo,5,190000.0,2025,https://www.zillow.com,https://photos.zillowstatic.com/fp/428e138e0deee689f05188556f6086c2-p_c.jpg,2026-05-18 11:42,For Sale
26870582,6218 Stonehill Dr,75254,Dallas,TX,32.94813,-96.796455,1275000,296.0,-20000.0,,,4.0,4.0,4310.0,1973.0,0.373,singleFamily,66,1300000.0,2025,https://www.zillow.com,https://photos.zillowstatic.com/fp/50e892540b61fecafa5552c5f4fcdc8e-p_c.jpg,2026-05-18 11:42,For Sale
26758368,4347 Bonham St,75229,Dallas,TX,32.88877,-96.83458,1525000,486.0,,1467700.0,7758.0,3.0,5.0,3141.0,2020.0,6751.8,singleFamily,3,1160000.0,2025,https://www.zillow.com,https://photos.zillowstatic.com/fp/ef695cae489caf9e0a4f34073a6ef24a-p_c.jpg,2026-05-18 11:42,For Sale
26884996,3614 Parader Ct,75228,Dallas,TX,32.846035,-96.65409,445000,189.0,-5000.0,440500.0,3792.0,5.0,2.0,2350.0,1968.0,9452.52,singleFamily,180,350980.0,2025,https://www.zillow.com,https://photos.zillowstatic.com/fp/70455ee94161cd73e35ffcfc6aaeecee-p_c.jpg,2026-05-18 11:42,For Sale
96508358,2403 Dathe St,75215,Dallas,TX,32.760777,-96.76708,380000,200.0,135000.0,,2253.0,3.0,3.0,1904.0,2021.0,4704.48,singleFamily,44,372000.0,2025,https://www.zillow.com,https://photos.zillowstatic.com/fp/07c626d91e679a42da170c84df960469-p_c.jpg,2026-05-18 11:42,For Sale
26849264,6815 Woodmark Ct,75230,Dallas,TX,32.91886,-96.78672,1320000,384.0,-79000.0,1260800.0,6630.0,4.0,4.0,3441.0,1975.0,0.58,singleFamily,53,1059940.0,2025,https://www.zillow.com,https://photos.zillowstatic.com/fp/76ab3fd453f6b728e098630f050ba562-p_c.jpg,2026-05-18 11:42,For Sale
26874865,7862 La Verdura Dr,75248,Dallas,TX,32.967148,-96.76923,639900,278.0,-20000.0,,,4.0,3.0,2302.0,1969.0,0.27999999999999997,singleFamily,181,545340.0,2025,https://www.zillow.com,https://photos.zillowstatic.com/fp/0dcd0b522bf0a74adae8b60b3ed2a5e2-p_c.jpg,2026-05-18 11:42,For Sale
26810454,3152 Walnut Hill Ln,75229,Dallas,TX,32.880596,-96.86962,299900,221.0,-29100.0,,2305.0,2.0,2.0,1357.0,1955.0,9844.56,singleFamily,121,312630.0,2025,https://www.zillow.com,https://photos.zillowstatic.com/fp/ed56e43cfc9654b21b99eee5add98d59-p_c.jpg,2026-05-18 11:42,For Sale
26926331,2220 Canton St #507,75201,Dallas,TX,32.780376,-96.78904,694500,302.0,-50500.0,680100.0,3839.0,2.0,2.0,2296.0,1925.0,0.9590000000000001,condo,160,640000.0,2025,https://www.zillow.com,https://photos.zillowstatic.com/fp/c1935026d08026561a51b62aad63adc2-p_c.jpg,2026-05-18 11:42,For Sale
26759105,5045 Lakehill Ct,75220,Dallas,TX,32.876045,-96.822975,4700000,604.0,,,,7.0,9.0,7781.0,1973.0,1.0,singleFamily,51,3474640.0,2025,https://www.zillow.com,https://photos.zillowstatic.com/fp/ca3bfad4b07f199e078ed6c60e231f3c-p_c.jpg,2026-05-18 11:42,For Sale
53101469,18403 Gibbons Dr,75287,Dallas,TX,32.999294,-96.83331,825000,216.0,-24000.0,,,5.0,4.0,3828.0,1996.0,7405.2,singleFamily,65,716354.0,2025,https://www.zillow.com,https://photos.zillowstatic.com/fp/b018e597704cfd56d31165e744f0409d-p_c.jpg,2026-05-18 11:42,For Sale
26866546,9607 Greensprint Dr,75238,Dallas,TX,32.885036,-96.72301,1175000,429.0,-25000.0,1130700.0,4487.0,5.0,4.0,2736.0,1979.0,8668.44,singleFamily,39,806110.0,2025,https://www.zillow.com,https://photos.zillowstatic.com/fp/fbc2f858114d4b740ea70a68d75d24ea-p_c.jpg,2026-05-18 11:42,For Sale
69676632,4111 Cole Ave APT 26,75204,Dallas,TX,32.81522,-96.79359,329000,360.0,,,,2.0,2.0,915.0,1985.0,0.938,condo,24,297380.0,2025,https://www.zillow.com,https://photos.zillowstatic.com/fp/64362dbe16265465b35b1da34e7cf2ff-p_c.jpg,2026-05-18 11:42,For Sale
26859308,11315 Fernald Ave,75218,Dallas,TX,32.858433,-96.68664,399900,341.0,,387400.0,2228.0,3.0,2.0,1173.0,1960.0,8624.88,singleFamily,17,385820.0,2025,https://www.zillow.com,https://photos.zillowstatic.com/fp/42e94f3b528a0262b34f8d999b76bff5-p_c.jpg,2026-05-18 11:42,For Sale
26897821,3642 Word St,75204,Dallas,TX,32.795353,-96.78474,445000,318.0,,430800.0,2627.0,2.0,2.0,1399.0,1982.0,1829.52,singleFamily,10,421670.0,2025,https://www.zillow.com,https://photos.zillowstatic.com/fp/b5a9c8ecbcc617c5ce85af44a3c075af-p_c.jpg,2026-05-18 11:42,For Sale
26699718,2532 Lowery St,75215,Dallas,TX,32.746048,-96.754074,309900,177.0,900.0,,2551.0,4.0,3.0,1750.0,2025.0,2495.988,singleFamily,61,115550.0,2024,https://www.zillow.com,https://photos.zillowstatic.com/fp/1ae9764292e1fd90d82e741b4a88072f-p_c.jpg,2026-05-18 11:42,For Sale
69230797,3110 Thomas Ave APT 517,75204,Dallas,TX,32.798294,-96.79458,735000,309.0,,702500.0,3174.0,2.0,2.0,2377.0,1998.0,1.174,condo,24,618020.0,2025,https://www.zillow.com,https://photos.zillowstatic.com/fp/a5124a0f50a42ef51b869ea064799759-p_c.jpg,2026-05-18 11:42,For Sale
26780468,3432 Mapleleaf Ln,75233,Dallas,TX,32.701115,-96.87738,319900,149.0,-10000.0,319400.0,2557.0,3.0,2.0,2154.0,1957.0,10018.8,singleFamily,82,341190.0,2025,https://www.zillow.com,https://photos.zillowstatic.com/fp/132a4bb3355ebcb137637fc657f194ae-p_c.jpg,2026-05-18 11:42,For Sale
26755002,6452 Walnut Hill Ln,75230,Dallas,TX,32.87963,-96.79444,3349999,449.0,,3231900.0,7547.0,5.0,7.0,7461.0,2026.0,0.3686,singleFamily,10,630200.0,2025,https://www.zillow.com,https://photos.zillowstatic.com/fp/e78226840dd153c74d6be5976284603d-p_c.jpg,2026-05-18 11:42,For Sale
26705834,7127 E Mockingbird Ln,75214,Dallas,TX,32.846466,-96.73723,585000,384.0,-14000.0,566900.0,3458.0,2.0,2.0,1525.0,1954.0,9713.88,singleFamily,83,690200.0,2025,https://www.zillow.com,https://photos.zillowstatic.com/fp/5df22f6f158735493b6277aa78f266cc-p_c.jpg,2026-05-18 11:42,For Sale
162239624,7126 Edgerton Dr,75231,Dallas,TX,32.8549,-96.73759,650000,253.0,-30000.0,,4689.0,4.0,4.0,2570.0,1955.0,0.313,singleFamily,313,691950.0,2025,https://www.zillow.com,https://photos.zillowstatic.com/fp/41304efa38cb4a0073ebba5ca0a28664-p_c.jpg,2026-05-18 11:42,For Sale
26823234,1743 Indian Summer Trl,75241,Dallas,TX,32.6743,-96.7936,209900,86.0,,211400.0,2461.0,3.0,3.0,2427.0,1962.0,0.40499999999999997,singleFamily,8,190870.0,2025,https://www.zillow.com,https://photos.zillowstatic.com/fp/adbfddfde02a514444608af1d819b22e-p_c.jpg,2026-05-18 11:42,For Sale
96497602,3102 Chicago St,75212,Dallas,TX,32.779625,-96.84252,535000,222.0,-64000.0,,4068.0,4.0,4.0,2414.0,2025.0,3571.92,singleFamily,276,490090.0,2025,https://www.zillow.com,https://photos.zillowstatic.com/fp/bdb9e6876bf518a9ba779990a9d9f860-p_c.jpg,2026-05-18 11:42,For Sale
96521226,2323 Rusk Pl,75204,Dallas,TX,32.80692,-96.78663,550000,310.0,,536800.0,3423.0,2.0,3.0,1777.0,2011.0,2090.88,singleFamily,8,590910.0,2025,https://www.zillow.com,https://photos.zillowstatic.com/fp/d5584a463a729a9299555d19533280bc-p_c.jpg,2026-05-18 11:42,For Sale
26727113,614 Marshalldell Ave,75211,Dallas,TX,32.739708,-96.8725,280000,161.0,,,,3.0,2.0,1738.0,1946.0,9622.404,singleFamily,50,295810.0,2025,https://www.zillow.com,https://photos.zillowstatic.com/fp/d842e77bf2459e0fa47bb96e78aa6578-p_c.jpg,2026-05-18 11:42,For Sale
26837932,7530 Yamini Dr,75230,Dallas,TX,32.902946,-96.777054,2369000,489.0,-30000.0,2251900.0,7606.0,4.0,5.0,4848.0,2001.0,0.374,singleFamily,51,1761000.0,2025,https://www.zillow.com,https://photos.zillowstatic.com/fp/5193709c5b9f43e8a69ca2d670849b12-p_c.jpg,2026-05-18 11:42,For Sale
26779260,2133 Ebbtide Ln,75224,Dallas,TX,32.699158,-96.85496,415000,201.0,-10000.0,410000.0,3020.0,3.0,2.0,2067.0,1957.0,0.262,singleFamily,39,378950.0,2025,https://www.zillow.com,https://photos.zillowstatic.com/fp/acce05057cc6e4bc84e0321108f39893-p_c.jpg,2026-05-18 11:42,For Sale
26712415,916 S Montreal Ave,75208,Dallas,TX,32.73646,-96.853874,399900,240.0,,,2709.0,3.0,2.0,1664.0,1995.0,7318.08,singleFamily,15,415900.0,2025,https://www.zillow.com,https://photos.zillowstatic.com/fp/5def431f38bba622f30aa9f58e380345-p_c.jpg,2026-05-18 11:42,For Sale
96525900,2123 Ramsey Ave,75216,Dallas,TX,32.721874,-96.82079,390000,226.0,,385500.0,2732.0,4.0,2.0,1727.0,2023.0,7623.0,singleFamily,31,365000.0,2025,https://www.zillow.com,https://photos.zillowstatic.com/fp/2ced1287ca106f331a29b94e03376b39-p_c.jpg,2026-05-18 11:42,For Sale
26792700,9962 Elmada Ln,75220,Dallas,TX,32.87938,-96.84812,725000,415.0,186000.0,697000.0,2664.0,2.0,2.0,1747.0,1953.0,9931.68,singleFamily,3,794590.0,2025,https://www.zillow.com,https://photos.zillowstatic.com/fp/f9809047adf8e76b3f5cd9a1e2e84fcc-p_c.jpg,2026-05-18 11:42,For Sale
26859670,13618 Brookgreen Dr,75240,Dallas,TX,32.932533,-96.76799,250000,220.0,,241900.0,1964.0,3.0,2.0,1134.0,1968.0,3049.2,townhome,109,285070.0,2025,https://www.zillow.com,https://photos.zillowstatic.com/fp/7c81d14a700f1a93c1458753009a01ea-p_c.jpg,2026-05-18 11:42,For Sale
26867721,8710 Sanshire Ave,75231,Dallas,TX,32.880333,-96.74547,1119000,414.0,,,,4.0,3.0,2703.0,1982.0,10410.84,singleFamily,10,742000.0,2025,https://www.zillow.com,https://photos.zillowstatic.com/fp/097bcb20d6363dfc18e52c9d4ef852c3-p_c.jpg,2026-05-18 11:42,For Sale
26700552,6903 Vivian Ave,75223,Dallas,TX,32.80385,-96.73843,709000,459.0,,680400.0,2851.0,2.0,2.0,1544.0,1935.0,7143.84,singleFamily,9,656870.0,2025,https://www.zillow.com,https://photos.zillowstatic.com/fp/d68537fbc695850f98892fa5ae4dbe00-p_c.jpg,2026-05-18 11:42,For Sale
26888050,9228 Flickering Shadow Dr,75243,Dallas,TX,32.92065,-96.73685,340000,171.0,-35000.0,,,3.0,3.0,1990.0,2022.0,2570.04,townhome,282,405000.0,2025,https://www.zillow.com,https://photos.zillowstatic.com/fp/b1f1e0b6b78e36ccd74aac5ee354e784-p_c.jpg,2026-05-18 11:42,For Sale
26851296,8912 Covey Ct,75238,Dallas,TX,32.869644,-96.689735,625000,323.0,-10000.0,611500.0,2620.0,3.0,3.0,1935.0,1961.0,0.335,singleFamily,62,498370.0,2025,https://www.zillow.com,https://photos.zillowstatic.com/fp/975ca9d690795d10824f1bd3fc53c7cb-p_c.jpg,2026-05-18 11:42,For Sale
26690226,6047 Vickery Blvd,75206,Dallas,TX,32.82314,-96.76171,699000,387.0,,676300.0,3091.0,2.0,2.0,1808.0,1932.0,7013.16,singleFamily,11,585660.0,2025,https://www.zillow.com,https://photos.zillowstatic.com/fp/f0e251c3a7deb0eecdacfee6508f55c2-p_c.jpg,2026-05-18 11:42,For Sale
26807172,3581 Woodleigh Dr,75229,Dallas,TX,32.8839,-96.85812,649000,237.0,,622500.0,3553.0,5.0,3.0,2733.0,1955.0,10323.72,singleFamily,18,528220.0,2025,https://www.zillow.com,https://photos.zillowstatic.com/fp/b75dfa70a523d912b77a01670d534c78-p_c.jpg,2026-05-18 11:42,For Sale
26701553,6511 Gaston Ave,75214,Dallas,TX,32.816643,-96.75113,1189000,519.0,,1142200.0,5587.0,3.0,3.0,2290.0,1940.0,0.368,singleFamily,39,748530.0,2025,https://www.zillow.com,https://photos.zillowstatic.com/fp/6442bc7a24f14a528295f38f1b8d20bf-p_c.jpg,2026-05-18 11:42,For Sale
26749213,6241 Rincon Way,75214,Dallas,TX,32.85477,-96.75469,725000,225.0,,687800.0,3104.0,4.0,4.0,3216.0,1970.0,0.27899999999999997,multiFamily,6,385310.0,2025,https://www.zillow.com,https://photos.zillowstatic.com/fp/e7025776a486f106853288d252efe5ed-p_c.jpg,2026-05-18 11:42,For Sale
67961374,4104 N Hall St APT 102,75219,Dallas,TX,32.813534,-96.811104,235000,316.0,,202300.0,1627.0,1.0,1.0,743.0,1985.0,0.753,condo,3,248910.0,2025,https://www.zillow.com,https://photos.zillowstatic.com/fp/7b583e6f18953b53550a78c28ac07743-p_c.jpg,2026-05-18 11:42,For Sale
26681050,5118 Ash Ln,75223,Dallas,TX,32.793842,-96.75688,389900,175.0,-20100.0,,2081.0,4.0,3.0,2234.0,1923.0,7230.96,multiFamily,54,348280.0,2025,https://www.zillow.com,https://photos.zillowstatic.com/fp/0f6e38b7da111eb51e1a48510555c5db-p_c.jpg,2026-05-18 11:42,For Sale
26851677,13216 Meandering Way,75240,Dallas,TX,32.928284,-96.774574,360000,228.0,-40000.0,,2376.0,3.0,2.0,1576.0,1957.0,9713.0,singleFamily,63,319000.0,2025,https://www.zillow.com,https://photos.zillowstatic.com/fp/c88334856e347318539c56771937ac63-p_c.jpg,2026-05-18 11:42,For Sale
26841476,2432 Jonesboro Ave,75228,Dallas,TX,32.81759,-96.67431,260000,195.0,-6000.0,256100.0,2044.0,3.0,2.0,1332.0,1955.0,9147.6,singleFamily,74,233090.0,2025,https://www.zillow.com,https://photos.zillowstatic.com/fp/3d2bdb5ba63fff9797d30d97565ffdbc-p_c.jpg,2026-05-18 11:42,For Sale
122301843,4230 Travis St APT 4,75205,Dallas,TX,32.817852,-96.79298,1150000,488.0,-49000.0,1106700.0,5640.0,2.0,3.0,2355.0,2012.0,0.826,condo,30,887510.0,2025,https://www.zillow.com,https://photos.zillowstatic.com/fp/a20b8e60c1c1ec4dd81201cef59cec78-p_c.jpg,2026-05-18 11:42,For Sale
26704956,6347 Sudbury Dr,75214,Dallas,TX,32.839447,-96.75316,749000,485.0,,722100.0,3105.0,3.0,2.0,1544.0,1950.0,9104.04,singleFamily,38,673600.0,2025,https://www.zillow.com,https://photos.zillowstatic.com/fp/50810a51190c78b6e7ffefb3cb366a4d-p_c.jpg,2026-05-18 11:42,For Sale
89391200,8813 Tudor Pl,75228,Dallas,TX,32.81364,-96.698135,444900,231.0,,,,3.0,3.0,1927.0,2008.0,2308.68,singleFamily,32,388000.0,2025,https://www.zillow.com,https://photos.zillowstatic.com/fp/8611caab2d76b63a3215e5e5ea7c6cb8-p_c.jpg,2026-05-18 11:42,For Sale
26732858,7110 Robin Rd,75209,Dallas,TX,32.84354,-96.82257,3895000,561.0,-104000.0,3699500.0,7226.0,5.0,6.0,6939.0,2021.0,0.46009999999999995,singleFamily,33,3296540.0,2025,https://www.zillow.com,https://photos.zillowstatic.com/fp/d42509e5826e08963aa7f6ef4b574dd7-p_c.jpg,2026-05-18 11:42,For Sale
26838160,11348 Valley Dale Dr,75230,Dallas,TX,32.904636,-96.77241,2450000,566.0,,2323300.0,7497.0,5.0,5.0,4325.0,1958.0,0.367,singleFamily,38,2300970.0,2025,https://www.zillow.com,https://photos.zillowstatic.com/fp/0de7674a6924ef47e3a276f70c7561ab-p_c.jpg,2026-05-18 11:42,For Sale
26894306,8518 Richardson Branch Trl,75243,Dallas,TX,32.89573,-96.74962,659000,297.0,,,,3.0,2.0,2217.0,1981.0,8973.36,singleFamily,47,626340.0,2025,https://www.zillow.com,https://photos.zillowstatic.com/fp/70993c2d22bce93b95e5f735639840e7-p_c.jpg,2026-05-18 11:42,For Sale
26850352,10025 Lanshire Dr,75238,Dallas,TX,32.868835,-96.71216,715000,442.0,,698500.0,3258.0,3.0,2.0,1617.0,1959.0,8232.84,singleFamily,10,626530.0,2025,https://www.zillow.com,https://photos.zillowstatic.com/fp/a24818a400f376f3f9ecea0035ba21c6-p_c.jpg,2026-05-18 11:42,For Sale
26754990,6430 Stefani Dr,75225,Dallas,TX,32.877773,-96.794106,4475000,592.0,,,,5.0,7.0,7557.0,2007.0,0.413,singleFamily,11,3731400.0,2025,https://www.zillow.com,https://photos.zillowstatic.com/fp/d7a5afb670c1cb714d893a982ab7e0b2-p_c.jpg,2026-05-18 11:42,For Sale
26873071,15745 Havenrock Cir,75248,Dallas,TX,32.9643,-96.78187,699000,286.0,,676800.0,4344.0,4.0,3.0,2447.0,1970.0,7361.64,singleFamily,17,487960.0,2025,https://www.zillow.com,https://photos.zillowstatic.com/fp/877599d7a570477ad41f5f2aa2b54321-p_c.jpg,2026-05-18 11:42,For Sale
26687320,2312 Stoneman St,75215,Dallas,TX,32.752983,-96.761246,439999,209.0,-10000.0,436800.0,2967.0,4.0,3.0,2106.0,2026.0,6272.64,singleFamily,33,62550.0,2025,https://www.zillow.com,https://photos.zillowstatic.com/fp/9bcee711d0554a968e67a52a3ac487ec-p_c.jpg,2026-05-18 11:42,For Sale
26793662,7132 Sorenson Cir,75227,Dallas,TX,32.749596,-96.69692,269800,193.0,,264900.0,2063.0,3.0,2.0,1396.0,1955.0,10367.28,singleFamily,20,240290.0,2025,https://www.zillow.com,https://photos.zillowstatic.com/fp/a244ccb5951bdd563d756bf4e386e060-p_c.jpg,2026-05-18 11:42,For Sale
162813534,655 Kessler Reserve Ct,75208,Dallas,TX,32.75595,-96.83342,2350000,522.0,,2255800.0,6869.0,4.0,5.0,4506.0,2016.0,0.324,singleFamily,32,2006540.0,2025,https://www.zillow.com,https://photos.zillowstatic.com/fp/14862d26b73eba65207dcabf4ffc1413-p_c.jpg,2026-05-18 11:42,For Sale
83995116,2200 Victory Ave APT 1105,75219,Dallas,TX,32.78502,-96.80939,695000,434.0,,657500.0,3819.0,1.0,2.0,1603.0,2007.0,,condo,108,748720.0,2025,https://www.zillow.com,https://photos.zillowstatic.com/fp/c1add307db0bdd7a69a6a932088768dc-p_c.jpg,2026-05-18 11:42,For Sale
26745650,2319 Tealford Dr,75228,Dallas,TX,32.840492,-96.67224,240000,157.0,,,,3.0,1.0,1530.0,1952.0,7492.32,singleFamily,4,282870.0,2025,https://www.zillow.com,https://photos.zillowstatic.com/fp/2c90b50e087f52edb565b9c5dddc0d74-p_c.jpg,2026-05-18 11:42,For Sale
26697634,4859 Cedar Springs Rd APT 337,75219,Dallas,TX,32.819332,-96.82241,88000,140.0,-2000.0,,1280.0,1.0,1.0,629.0,1970.0,6.609,condo,248,126390.0,2025,https://www.zillow.com,https://photos.zillowstatic.com/fp/0af0b25545b06a6dfa2a0e30715fc388-p_c.jpg,2026-05-18 11:42,For Sale
53077401,5804 Preston Fairways Dr,75252,Dallas,TX,32.987667,-96.80901,1100000,344.0,,1049300.0,4913.0,4.0,3.0,3202.0,1991.0,6969.6,singleFamily,16,801265.0,2025,https://www.zillow.com,https://photos.zillowstatic.com/fp/4832abb6aeb325c54978864e20e676ba-p_c.jpg,2026-05-18 11:42,For Sale
26745991,10568 Ferguson Rd,75228,Dallas,TX,32.840397,-96.66663,160000,163.0,,,1684.0,3.0,1.0,984.0,1952.0,7623.0,singleFamily,6,226520.0,2025,https://www.zillow.com,https://photos.zillowstatic.com/fp/17f5bcada356ee2568e8f50f5d8e4276-p_c.jpg,2026-05-18 11:42,For Sale
26734152,4325 Pomona Rd,75209,Dallas,TX,32.85364,-96.83528,3700000,807.0,,,,5.0,4.0,4585.0,1934.0,0.439,singleFamily,24,2325000.0,2025,https://www.zillow.com,https://photos.zillowstatic.com/fp/a15bd45e2ab50cb216f415efc4b781d0-p_c.jpg,2026-05-18 11:42,For Sale
67961461,2800 Carter St,75210,Dallas,TX,32.77622,-96.74224,314999,220.0,-3800.0,313500.0,2098.0,3.0,2.0,1430.0,2026.0,6621.12,singleFamily,59,56380.0,2025,https://www.zillow.com,https://photos.zillowstatic.com/fp/66741affa2a95d6022c72a323103d58c-p_c.jpg,2026-05-18 11:42,For Sale
26685192,903 Cameron Ave,75223,Dallas,TX,32.80125,-96.74399,294900,288.0,,,2084.0,3.0,1.0,1025.0,1925.0,6490.44,singleFamily,4,316720.0,2025,https://www.zillow.com,https://photos.zillowstatic.com/fp/67cb6475a3d83c8b9f161e63cc1603b7-p_c.jpg,2026-05-18 11:42,For Sale
26806485,3728 Princess Ln,75229,Dallas,TX,32.891922,-96.85513,1325000,413.0,,1264600.0,6237.0,4.0,4.0,3205.0,1972.0,0.348,singleFamily,31,880000.0,2025,https://www.zillow.com,https://photos.zillowstatic.com/fp/e80a2d1cb82e6a57014036eba86297e4-p_c.jpg,2026-05-18 11:42,For Sale
26931543,9813 Walnut St #302,75243,Dallas,TX,32.922646,-96.71253,54900,103.0,-2600.0,,945.0,1.0,1.0,535.0,1981.0,8.814,condo,110,56180.0,2025,https://www.zillow.com,https://photos.zillowstatic.com/fp/541a05c609bb4ea9083d95b84973bf32-p_c.jpg,2026-05-18 11:42,For Sale
26832615,3367 Conroe St,75212,Dallas,TX,32.783733,-96.83788,565000,299.0,-40000.0,556300.0,3257.0,3.0,3.0,1891.0,2023.0,5009.4,singleFamily,3,472280.0,2025,https://www.zillow.com,https://photos.zillowstatic.com/fp/0bd068311e0906affee184e40b1009d6-p_c.jpg,2026-05-18 11:42,For Sale
26717037,1419 Ramsey Ave,75216,Dallas,TX,32.730053,-96.82078,475000,269.0,,,,4.0,3.0,1768.0,1941.0,9757.44,singleFamily,15,318940.0,2025,https://www.zillow.com,https://photos.zillowstatic.com/fp/d8fac20cf230c2438847052ee3467837-p_c.jpg,2026-05-18 11:42,For Sale
26754897,6446 Prestonshire Ln,75225,Dallas,TX,32.875435,-96.79348,4295000,561.0,,4038100.0,23660.0,5.0,7.0,7658.0,2014.0,0.413,singleFamily,34,4100000.0,2025,https://www.zillow.com,https://photos.zillowstatic.com/fp/d8f87dcdda8c7ded6aa463f6e33bd752-p_c.jpg,2026-05-18 11:42,For Sale
26755643,6707 Meadow Rd,75230,Dallas,TX,32.88651,-96.78972,2325000,387.0,-25000.0,2185400.0,7823.0,4.0,6.0,6003.0,1996.0,0.365,singleFamily,40,2303810.0,2025,https://www.zillow.com,https://photos.zillowstatic.com/fp/465b76322d85a8a838141aa8ff3dd1c1-p_c.jpg,2026-05-18 11:42,For Sale
26776094,4926 Rand Ave,75216,Dallas,TX,32.6843,-96.80957,179950,106.0,,169900.0,2038.0,3.0,2.0,1696.0,1957.0,8472.42,singleFamily,30,239210.0,2025,https://www.zillow.com,https://photos.zillowstatic.com/fp/61257eefce96df2f705b2d6156242e3d-p_c.jpg,2026-05-18 11:42,For Sale
336871821,1504 Burlew St Unit 101,75204,Dallas,TX,32.80067,-96.77944,515000,342.0,-5000.0,506400.0,3054.0,2.0,3.0,1505.0,2017.0,0.261,townhome,3,443980.0,2025,https://www.zillow.com,https://photos.zillowstatic.com/fp/1d713df350275c8df5317dc33dc2d94c-p_c.jpg,2026-05-18 11:42,For Sale
26933254,4132 Cole Ave APT 102,75204,Dallas,TX,32.81543,-96.792534,373500,346.0,,359100.0,1897.0,2.0,2.0,1080.0,1983.0,1.076,condo,36,331000.0,2025,https://www.zillow.com,https://photos.zillowstatic.com/fp/b5c21198d904ecc021e9551232a7f355-p_c.jpg,2026-05-18 11:42,For Sale
26913689,9324 Teagarden Rd,75217,Dallas,TX,32.672993,-96.66563,262000,129.0,,,3051.0,3.0,2.0,2030.0,1998.0,7797.24,singleFamily,3,317150.0,2025,https://www.zillow.com,https://photos.zillowstatic.com/fp/428f8cf1e51fb3b660d7d5fef394f228-p_c.jpg,2026-05-18 11:42,For Sale
111960412,5609 Lindell Ave #3,75206,Dallas,TX,32.809193,-96.769035,460000,288.0,-20000.0,453900.0,3059.0,2.0,2.0,1596.0,2007.0,7187.4,condo,59,487890.0,2025,https://www.zillow.com,https://photos.zillowstatic.com/fp/6fa2e2682ab348345ecaedc92054d8c6-p_c.jpg,2026-05-18 11:42,For Sale
96491137,2902 Jim St,75212,Dallas,TX,32.777958,-96.91506,450000,171.0,-49000.0,447500.0,3648.0,3.0,3.0,2636.0,2021.0,6011.28,singleFamily,66,539930.0,2025,https://www.zillow.com,https://photos.zillowstatic.com/fp/ee636ade8ab2076d0efa13e026f45b92-p_c.jpg,2026-05-18 11:42,For Sale
26829465,5808 Harvest Hill Rd,75230,Dallas,TX,32.92225,-96.807335,290000,219.0,,,,3.0,3.0,1323.0,1970.0,3005.64,townhome,9,225670.0,2025,https://www.zillow.com,https://photos.zillowstatic.com/fp/c823e9c8459ad20da7d1112bc5f4a113-p_c.jpg,2026-05-18 11:42,For Sale
67965691,5928 Sandhurst Ln APT 127,75206,Dallas,TX,32.843716,-96.764015,355000,290.0,,357600.0,1922.0,3.0,2.0,1224.0,1967.0,4.675,condo,3,369160.0,2025,https://www.zillow.com,https://photos.zillowstatic.com/fp/1180ba420ca8e2efac42828783d0fd9b-p_c.jpg,2026-05-18 11:42,For Sale
26837429,6632 Azalea Ln,75230,Dallas,TX,32.897102,-96.78964,4587000,686.0,,4326700.0,4236.0,5.0,7.0,6684.0,2025.0,0.362,singleFamily,19,889100.0,2025,https://www.zillow.com,https://photos.zillowstatic.com/fp/6719b7283907e94dd0e0042d34f47471-p_c.jpg,2026-05-18 11:42,For Sale
67961736,3409 Howell St,75204,Dallas,TX,32.803185,-96.79739,750000,310.0,,736900.0,4804.0,3.0,4.0,2418.0,2004.0,1437.48,townhome,59,758640.0,2025,https://www.zillow.com,https://photos.zillowstatic.com/fp/6bd78acf315105e9a6082b9e46807d1f-p_c.jpg,2026-05-18 11:42,For Sale
26757072,4611 Bobbitt Dr,75229,Dallas,TX,32.897736,-96.82923,5749000,705.0,,,,5.0,6.0,8158.0,2019.0,0.6629999999999999,singleFamily,16,4874330.0,2025,https://www.zillow.com,https://photos.zillowstatic.com/fp/775eb8748ba9f9cda31e0b5dda8948fd-p_c.jpg,2026-05-18 11:42,For Sale
26807490,10711 Cromwell Dr,75229,Dallas,TX,32.893536,-96.86267,1120000,304.0,-50000.0,1063300.0,4512.0,6.0,5.0,3690.0,1958.0,0.272,singleFamily,4,557540.0,2025,https://www.zillow.com,https://photos.zillowstatic.com/fp/6276a986dc11efdbc7a7e9045f8335fa-p_c.jpg,2026-05-18 11:42,For Sale
26708393,223 S Cliff St,75203,Dallas,TX,32.74634,-96.80742,160000,72.0,,,2761.0,6.0,2.0,2208.0,1925.0,8494.2,singleFamily,879,195180.0,2025,https://www.zillow.com,https://www.zillowstatic.com/static/images/nophoto_p_c.png,2026-05-18 11:42,For Sale
26915432,5210 Cliff Haven Dr,75236,Dallas,TX,32.68334,-96.93062,587000,198.0,-38000.0,,4034.0,4.0,3.0,2964.0,1992.0,0.6429981634527089,singleFamily,46,519980.0,2025,https://www.zillow.com,https://photos.zillowstatic.com/fp/366191df077f1e043845ca1afa36e631-p_c.jpg,2026-05-18 11:42,For Sale
26904817,6218 Everglade Rd,75227,Dallas,TX,32.78552,-96.69694,389000,178.0,-4000.0,,2650.0,4.0,3.0,2180.0,1998.0,6751.8,singleFamily,308,355880.0,2025,https://www.zillow.com,https://photos.zillowstatic.com/fp/fd92f91e0cfcf83e7ff7a635b6b2468b-p_c.jpg,2026-05-18 11:42,For Sale
26806950,3456 Salisbury Dr,75229,Dallas,TX,32.881123,-96.86383,699900,279.0,,674000.0,5448.0,4.0,3.0,2507.0,1969.0,0.25,singleFamily,17,613240.0,2025,https://www.zillow.com,https://photos.zillowstatic.com/fp/ec4a4a3e8695e20dd740ce5acc3cbb6e-p_c.jpg,2026-05-18 11:42,For Sale
26803796,5832 Meadow Crest Dr,75230,Dallas,TX,32.90309,-96.80665,1945000,383.0,-50000.0,1865300.0,7346.0,5.0,6.0,5083.0,1955.0,0.4155,singleFamily,50,1437680.0,2025,https://www.zillow.com,https://photos.zillowstatic.com/fp/0c47522edc3b40f1e22ed276dc1bcf07-p_c.jpg,2026-05-18 11:42,For Sale
26866931,9551 Highedge Dr,75238,Dallas,TX,32.876537,-96.72555,1050000,355.0,-50000.0,,4999.0,4.0,3.0,2954.0,1963.0,8886.24,singleFamily,19,811020.0,2025,https://www.zillow.com,https://photos.zillowstatic.com/fp/2e7e69662ee61f6430afe2b582d07ced-p_c.jpg,2026-05-18 11:42,For Sale
26807718,3021 Timberview Rd,75229,Dallas,TX,32.8836,-96.87319,625000,285.0,,609800.0,3371.0,3.0,3.0,2190.0,1963.0,0.252,singleFamily,38,483540.0,2025,https://www.zillow.com,https://photos.zillowstatic.com/fp/7a07bc5237b8ec03d1ff4007664adeab-p_c.jpg,2026-05-18 11:42,For Sale
26803659,5819 Del Roy Dr,75230,Dallas,TX,32.905746,-96.80711,3995000,631.0,-155000.0,3877300.0,6696.0,6.0,8.0,6336.0,2026.0,0.35,singleFamily,55,1183300.0,2025,https://www.zillow.com,https://photos.zillowstatic.com/fp/525531a4126f72a6e87937eabc5d568a-p_c.jpg,2026-05-18 11:42,For Sale
26697605,4859 Cedar Springs Rd APT 128,75219,Dallas,TX,32.819332,-96.82241,209000,249.0,-11000.0,200600.0,1566.0,2.0,1.0,841.0,1970.0,6.609,condo,74,207770.0,2025,https://www.zillow.com,https://photos.zillowstatic.com/fp/bbf0689423be94e043c5b782e3b62373-p_c.jpg,2026-05-18 11:42,For Sale
26779734,1910 Dancliff Dr,75224,Dallas,TX,32.698177,-96.85107,340000,187.0,,335900.0,3710.0,4.0,3.0,1822.0,1971.0,9801.0,singleFamily,11,298950.0,2025,https://www.zillow.com,https://photos.zillowstatic.com/fp/f255b3cfde23e2745f10807b7f8ff8df-p_c.jpg,2026-05-18 11:42,For Sale
26811795,11535 Strand St,75218,Dallas,TX,32.861076,-96.68059,649990,330.0,,475000.0,1881.0,4.0,3.0,1969.0,2026.0,7570.728,singleFamily,2,100000.0,2025,https://www.zillow.com,https://photos.zillowstatic.com/fp/1cc1d9ef1c8b9f70875915ecd2c897e6-p_c.jpg,2026-05-18 11:42,For Sale
26890015,6639 Clearhaven Cir,75248,Dallas,TX,32.96738,-96.792244,895000,285.0,-30000.0,874000.0,6318.0,4.0,4.0,3141.0,1978.0,7840.8,singleFamily,73,937100.0,2025,https://www.zillow.com,https://photos.zillowstatic.com/fp/c50fc55a9f143018be57b8e38d6111a0-p_c.jpg,2026-05-18 11:42,For Sale
61869857,4330 McKinney Ave APT 16,75205,Dallas,TX,32.818886,-96.78906,665000,325.0,-20000.0,645700.0,4643.0,2.0,3.0,2049.0,2002.0,1.033,condo,46,614700.0,2025,https://www.zillow.com,https://photos.zillowstatic.com/fp/465b0f691b05e7153233ba06818bdce8-p_c.jpg,2026-05-18 11:42,For Sale
339371364,1147 N Madison Ave #104,75208,Dallas,TX,32.757553,-96.825714,459999,283.0,-5001.0,454800.0,3328.0,3.0,3.0,1627.0,2021.0,10410.84,townhome,191,470710.0,2025,https://www.zillow.com,https://photos.zillowstatic.com/fp/ac9abc74ba29e488dc2e6019fc7636e0-p_c.jpg,2026-05-18 11:42,For Sale
26779171,2306 W Five Mile Pkwy,75224,Dallas,TX,32.702217,-96.85569,370000,234.0,,365100.0,4066.0,3.0,3.0,1582.0,1959.0,0.256,singleFamily,17,386130.0,2025,https://www.zillow.com,https://photos.zillowstatic.com/fp/f2e07b9852e5be7698773d4d3e0bde1f-p_c.jpg,2026-05-18 11:42,For Sale
26759177,4206 Woodfin Dr,75220,Dallas,TX,32.87076,-96.838104,6895000,691.0,-55000.0,,,5.0,8.0,9981.0,2023.0,0.75,singleFamily,461,5343180.0,2025,https://www.zillow.com,https://photos.zillowstatic.com/fp/c3562b6cd8eaa7ef2e31c79d222cfe67-p_c.jpg,2026-05-18 11:42,For Sale
26933810,9696 Walnut St APT 506,75243,Dallas,TX,32.922672,-96.72186,79990,80.0,-3010.0,,1452.0,2.0,2.0,1003.0,1981.0,8.304,condo,73,105320.0,2025,https://www.zillow.com,https://photos.zillowstatic.com/fp/ed6ce8e77bce68d29ecd3b072f379f64-p_c.jpg,2026-05-18 11:42,For Sale
26767111,2319 Kathleen Ave,75216,Dallas,TX,32.705616,-96.790436,150000,166.0,-5000.0,,1582.0,3.0,1.0,904.0,1948.0,5924.16,singleFamily,23,167190.0,2025,https://www.zillow.com,https://photos.zillowstatic.com/fp/1ed857364c42c34f4a417389badd9ba8-p_c.jpg,2026-05-18 11:42,For Sale
26738015,1812 Boyd St,75224,Dallas,TX,32.727634,-96.83869,475000,236.0,,467900.0,3661.0,4.0,2.0,2016.0,1960.0,7753.68,singleFamily,2,304610.0,2025,https://www.zillow.com,https://photos.zillowstatic.com/fp/b025df13a69c4a42197f85b7b1d15e52-p_c.jpg,2026-05-18 11:42,For Sale
55826016,15632 Moondust Dr,75248,Dallas,TX,32.961597,-96.785,409000,215.0,-15999.0,399100.0,2538.0,3.0,4.0,1902.0,1979.0,5009.4,singleFamily,164,357770.0,2025,https://www.zillow.com,https://photos.zillowstatic.com/fp/d8975337394f25c7e9be1a2f459cb11f-p_c.jpg,2026-05-18 11:42,For Sale
96501075,3105 Pastor St,75212,Dallas,TX,32.780315,-96.82865,629000,237.0,-20000.0,619200.0,3840.0,4.0,3.0,2656.0,2016.0,3876.84,singleFamily,90,695140.0,2025,https://www.zillow.com,https://photos.zillowstatic.com/fp/39f1fa2a4cda54129fcf664ce52f5ebc-p_c.jpg,2026-05-18 11:42,For Sale
26725009,4737 Kildare Ave,75216,Dallas,TX,32.703087,-96.80295,129500,153.0,-10000.0,,1362.0,2.0,1.0,847.0,1945.0,7670.916,singleFamily,24,159720.0,2025,https://www.zillow.com,https://photos.zillowstatic.com/fp/a7cedae674810a8ef89ade34ffb40c20-p_c.jpg,2026-05-18 11:42,For Sale
26795569,1522 Traymore Ave,75217,Dallas,TX,32.738773,-96.69143,175000,162.0,-10000.0,,1689.0,3.0,1.0,1080.0,1952.0,10323.72,singleFamily,121,211690.0,2025,https://www.zillow.com,https://photos.zillowstatic.com/fp/fd784d637310b2e6be388a0507532cce-p_c.jpg,2026-05-18 11:42,For Sale
462188440,233 Woodoat Rd,75165,Waxahachie,TX,32.79852,-96.79852,577900,222.0,,577200.0,6220.0,4.0,4.0,2599.0,2026.0,9147.6,singleFamily,12,,,https://www.zillow.com,https://photos.zillowstatic.com/fp/d84c819e4eff6b9d1fa681b408ae0a32-p_c.jpg,2026-05-18 11:42,For Sale
96491992,3725 Toronto St,75212,Dallas,TX,32.780087,-96.88182,435000,173.0,-15000.0,427300.0,3533.0,4.0,3.0,2520.0,2021.0,5575.68,singleFamily,16,498930.0,2025,https://www.zillow.com,https://photos.zillowstatic.com/fp/cbb33fbebc3172db158ca5ebe9b3bdfb-p_c.jpg,2026-05-18 11:42,For Sale
26719983,311 Circle Dr,75224,Dallas,TX,32.726997,-96.82687,389000,219.0,,378200.0,2605.0,2.0,2.0,1780.0,1935.0,7187.4,singleFamily,26,217970.0,2025,https://www.zillow.com,https://photos.zillowstatic.com/fp/69c9c69ac741748788776bf2c62fac21-p_c.jpg,2026-05-18 11:42,For Sale
26678465,5020 Junius St,75214,Dallas,TX,32.80122,-96.76551,748995,291.0,-1000.0,731200.0,4477.0,3.0,3.0,2577.0,1913.0,6664.68,singleFamily,227,765800.0,2025,https://www.zillow.com,https://photos.zillowstatic.com/fp/0d5b45503836edff9a291e5525740df7-p_c.jpg,2026-05-18 11:42,For Sale
26841072,2518 Larry Dr,75228,Dallas,TX,32.823368,-96.67192,265000,215.0,,259500.0,2111.0,4.0,2.0,1235.0,1954.0,8102.16,singleFamily,10,221270.0,2025,https://www.zillow.com,https://photos.zillowstatic.com/fp/a015bddf6a64a9fc9ac248b3580145a4-p_c.jpg,2026-05-18 11:42,For Sale
26693391,4330 Rawlins St,75219,Dallas,TX,32.81704,-96.81294,880000,303.0,-40000.0,852800.0,5416.0,3.0,3.0,2902.0,1948.0,7840.8,singleFamily,66,994000.0,2025,https://www.zillow.com,https://photos.zillowstatic.com/fp/576d4d04816877f33b05a28b7b1bf3c3-p_c.jpg,2026-05-18 11:42,For Sale
