zpid,address,zipcode,city,state,latitude,longitude,price,price_per_sqft,price_change,zestimate,rent_zestimate,bedrooms,bathrooms,sqft,year_built,lot_size_acres,property_type,days_on_market,tax_assessed,tax_year,listing_url,photo_url,fetched_at,listing_type
26751231,7314 Walling Ln,75231,Dallas,TX,32.8585,-96.73386,879000,321.0,,847700.0,3971.0,3.0,3.0,2741.0,1981.0,8624.88,singleFamily,6,678560.0,2025,https://www.zillow.com,https://photos.zillowstatic.com/fp/3717a786c833e565ca30b9cef41627fd-p_c.jpg,2026-08-10 09:16,For Sale
53070303,6708 McCallum Blvd,75252,Dallas,TX,32.987743,-96.78865,580000,294.0,-13000.0,,,4.0,3.0,1970.0,1978.0,8712.0,singleFamily,16,523510.0,2025,https://www.zillow.com,https://photos.zillowstatic.com/fp/11062a40b196847fa00605b52b55e380-p_c.jpg,2026-08-10 09:16,For Sale
26873200,15905 Longvista Dr,75248,Dallas,TX,32.96533,-96.78599,775000,356.0,,,,4.0,2.0,2174.0,1972.0,9931.68,singleFamily,2,537870.0,2025,https://www.zillow.com,https://photos.zillowstatic.com/fp/2329465a5215e9a46d15bbaf28b62e77-p_c.jpg,2026-08-10 09:16,For Sale
53096213,4102 Midrose Trl,75287,Dallas,TX,33.01003,-96.84161,449000,286.0,,445400.0,2974.0,3.0,2.0,1568.0,1996.0,7405.2,singleFamily,2,472487.0,2025,https://www.zillow.com,https://photos.zillowstatic.com/fp/69c5b6b334fef33925f0707abd69e241-p_c.jpg,2026-08-10 09:16,For Sale
333140681,3710 Redleaf Ln,75209,Dallas,TX,32.828075,-96.81944,849000,327.0,,,,3.0,4.0,2598.0,2022.0,2352.24,singleFamily,6,854750.0,2025,https://www.zillow.com,https://photos.zillowstatic.com/fp/7aa598cddd8aa689ea63d21a6fbd65e4-p_c.jpg,2026-08-10 09:16,For Sale
26839550,10650 Steppington Dr #219,75230,Dallas,TX,32.8936,-96.77055,195000,182.0,,190900.0,1804.0,2.0,2.0,1074.0,1979.0,4.784,condo,17,192690.0,2025,https://www.zillow.com,https://photos.zillowstatic.com/fp/5e780a3a8cf69d0716aa4e2316d50a4b-p_c.jpg,2026-08-10 09:16,For Sale
338034298,5325 Autumnbrook Ct,75209,Dallas,TX,32.82803,-96.82018,799000,308.0,,,,3.0,4.0,2598.0,2020.0,2265.12,singleFamily,5,838150.0,2025,https://www.zillow.com,https://photos.zillowstatic.com/fp/81960a63aa15297e6c450370d36ab595-p_c.jpg,2026-08-10 09:16,For Sale
26790291,3845 Van Ness Ln,75220,Dallas,TX,32.872776,-96.84987,1794995,377.0,-5000.0,1744400.0,4675.0,6.0,7.0,4760.0,2025.0,8232.84,singleFamily,30,430000.0,2025,https://www.zillow.com,https://photos.zillowstatic.com/fp/3814f8f2d915a6bdeb9aee9eb45d4e7f-p_c.jpg,2026-08-10 09:16,For Sale
26687302,2329 Stoneman St,75215,Dallas,TX,32.753746,-96.7612,475000,186.0,,472600.0,4404.0,5.0,4.0,2550.0,2026.0,7318.08,singleFamily,25,73000.0,2025,https://www.zillow.com,https://photos.zillowstatic.com/fp/6b5e89024f1c7b0dc63a97b3c034fbde-p_c.jpg,2026-08-10 09:16,For Sale
26809359,3311 Whitehall Dr,75229,Dallas,TX,32.901222,-96.86548,1995000,384.0,,1923300.0,5198.0,5.0,7.0,5194.0,2026.0,10802.88,singleFamily,5,534340.0,2025,https://www.zillow.com,https://photos.zillowstatic.com/fp/62e72b8e4b19a2acf3f38db5b82d1553-p_c.jpg,2026-08-10 09:16,For Sale
26877243,5706 Club Hill Cir,75248,Dallas,TX,32.98257,-96.8178,1975000,516.0,,1844800.0,6202.0,5.0,4.0,3827.0,1976.0,0.297,singleFamily,3,1171770.0,2025,https://www.zillow.com,https://photos.zillowstatic.com/fp/276bb96873616a33e57f6f730a05dc0c-p_c.jpg,2026-08-10 09:16,For Sale
26885296,4112 Balch Dr,75216,Dallas,TX,32.7113,-96.7696,425000,108.0,,,,5.0,4.0,3952.0,2022.0,9670.32,singleFamily,5,490170.0,2025,https://www.zillow.com,https://photos.zillowstatic.com/fp/4c3796dff4754f7231e70756d83fd018-p_c.jpg,2026-08-10 09:16,For Sale
96530936,14201 Bridgeview Ln,75253,Dallas,TX,32.678062,-96.58695,239950,141.0,,238600.0,2114.0,4.0,2.0,1704.0,2017.0,0.42600000000000005,singleFamily,19,307780.0,2025,https://www.zillow.com,https://photos.zillowstatic.com/fp/3a84630a49b3995260ae0b96c08bf691-p_c.jpg,2026-08-10 09:16,For Sale
26749481,6481 Trammel Dr,75214,Dallas,TX,32.845505,-96.74969,1750000,438.0,,285800.0,2298.0,4.0,5.0,3997.0,2026.0,9365.4,singleFamily,2,442460.0,2025,https://www.zillow.com,https://photos.zillowstatic.com/fp/ef41ed53b83e863a8f578f8ad74488e2-p_c.jpg,2026-08-10 09:16,For Sale
338040611,1015 Serena Dr,75253,Dallas,TX,32.68677,-96.560394,265000,202.0,,262800.0,2122.0,3.0,2.0,1310.0,2022.0,7487.964,singleFamily,16,254330.0,2025,https://www.zillow.com,https://photos.zillowstatic.com/fp/1dd600b1bdb583cc640a6a4dc5a75988-p_c.jpg,2026-08-10 09:16,For Sale
84004415,4040 N Hall St APT 201,75219,Dallas,TX,32.812984,-96.81055,525000,308.0,,507500.0,3225.0,2.0,2.0,1702.0,2006.0,0.862,condo,5,459540.0,2025,https://www.zillow.com,https://photos.zillowstatic.com/fp/d95f6e6a12d382298a82ca13d5d612ab-p_c.jpg,2026-08-10 09:16,For Sale
26745654,10505 Ferguson Rd,75228,Dallas,TX,32.8393,-96.66888,249999,136.0,,238600.0,2200.0,3.0,2.0,1838.0,1958.0,9713.88,singleFamily,9,286170.0,2025,https://www.zillow.com,https://photos.zillowstatic.com/fp/eb9d676236aa1e4baee87f4813d5419a-p_c.jpg,2026-08-10 09:16,For Sale
96526869,910 Gallant Fox Dr,75211,Dallas,TX,32.736996,-96.92878,479000,225.0,,473200.0,3283.0,3.0,3.0,2125.0,2026.0,9975.24,singleFamily,38,75000.0,2025,https://www.zillow.com,https://photos.zillowstatic.com/fp/9a091fc719d3013e309b938574458848-p_c.jpg,2026-08-10 09:16,For Sale
26929064,5200 Martel Ave APT 24B,75206,Dallas,TX,32.8313,-96.778946,274000,282.0,-5000.0,270800.0,1869.0,2.0,2.0,971.0,1983.0,6.009,condo,16,242750.0,2025,https://www.zillow.com,https://photos.zillowstatic.com/fp/1f801ab45fab8d2ba068e55ef771840c-p_c.jpg,2026-08-10 09:16,For Sale
26699114,2515 Macon St,75215,Dallas,TX,32.75081,-96.75273,275000,183.0,-14999.0,274600.0,2357.0,3.0,3.0,1500.0,2026.0,3267.0,singleFamily,123,32780.0,2025,https://www.zillow.com,https://photos.zillowstatic.com/fp/68433d24786c5e0ac81731fb4204066f-p_c.jpg,2026-08-10 09:16,For Sale
26873071,15745 Havenrock Cir,75248,Dallas,TX,32.9643,-96.78187,675000,276.0,-24000.0,659400.0,4793.0,4.0,3.0,2447.0,1970.0,7361.64,singleFamily,45,487960.0,2025,https://www.zillow.com,https://photos.zillowstatic.com/fp/55445e4a9bd873c12a893424317c1985-p_c.jpg,2026-08-10 09:16,For Sale
26813003,3057 Dothan Ln,75229,Dallas,TX,32.898098,-96.87576,435000,217.0,,,,4.0,3.0,2008.0,1959.0,7797.24,singleFamily,45,331800.0,2025,https://www.zillow.com,https://photos.zillowstatic.com/fp/2bf0bac43f92ba51ab096961b77a0b4c-p_c.jpg,2026-08-10 09:16,For Sale
26752418,7018 Stefani Dr,75225,Dallas,TX,32.87802,-96.783646,1525000,491.0,,1442400.0,7523.0,4.0,4.0,3105.0,1967.0,0.299,singleFamily,3,1448330.0,2025,https://www.zillow.com,https://photos.zillowstatic.com/fp/ecfcf92415e13083dca0abeeb74a9c26-p_c.jpg,2026-08-10 09:16,For Sale
464120550,2013-2015 J B Jackson Jr Blvd,75210,Dallas,TX,32.769703,-96.75808,259900,149.0,,255800.0,1863.0,6.0,4.0,1744.0,2020.0,9583.2,multiFamily,16,,,https://www.zillow.com,https://photos.zillowstatic.com/fp/e5c89c1c56b80e83a846cf0fa969c03a-p_c.jpg,2026-08-10 09:16,For Sale
26706247,6979 Bob O Link Dr,75214,Dallas,TX,32.833046,-96.740166,3250000,602.0,,3080600.0,13958.0,5.0,6.0,5399.0,2020.0,9801.0,singleFamily,3,2187880.0,2025,https://www.zillow.com,https://photos.zillowstatic.com/fp/ac40ccd1f1336036b0f888add12f741b-p_c.jpg,2026-08-10 09:16,For Sale
26695165,5619 Ridgedale Ave,75206,Dallas,TX,32.825775,-96.771484,1199900,431.0,,1145400.0,5491.0,4.0,3.0,2785.0,1926.0,7230.96,singleFamily,2,1066900.0,2025,https://www.zillow.com,https://photos.zillowstatic.com/fp/25b6a2c87ddd2985d4d9d9d65d8f199d-p_c.jpg,2026-08-10 09:16,For Sale
96512668,2806 Carter St,75210,Dallas,TX,32.776123,-96.742134,337000,192.0,-18000.0,335300.0,2258.0,3.0,3.0,1751.0,2026.0,6534.0,singleFamily,17,55670.0,2025,https://www.zillow.com,https://photos.zillowstatic.com/fp/ffb5e8799bbcbf9f925ace0bbc4626f1-p_c.jpg,2026-08-10 09:16,For Sale
26891340,9519 County View Rd,75249,Dallas,TX,32.635117,-96.95368,257000,183.0,,254000.0,2249.0,5.0,2.0,1408.0,1981.0,7056.72,singleFamily,30,281740.0,2025,https://www.zillow.com,https://photos.zillowstatic.com/fp/261335cf707d937767ad18a25c19432e-p_c.jpg,2026-08-10 09:16,For Sale
26757825,5619 Walnut Hill Ln,75229,Dallas,TX,32.8825,-96.81111,64000000,2362.0,,,,10.0,17.0,27092.0,1938.0,15.687,singleFamily,529,36042650.0,2025,https://www.zillow.com,https://photos.zillowstatic.com/fp/adeac1290c0448b20476ade24a279451-p_c.jpg,2026-08-10 09:16,For Sale
26884105,3237 Sharpview Cir,75228,Dallas,TX,32.797256,-96.69715,675000,231.0,,652300.0,3805.0,4.0,4.0,2924.0,1975.0,0.324,singleFamily,3,615810.0,2025,https://www.zillow.com,https://photos.zillowstatic.com/fp/d4b176dc791d90f78247f13f81d772cf-p_c.jpg,2026-08-10 09:16,For Sale
341774501,4029 Ivanhoe Ln,75212,Dallas,TX,32.792294,-96.85557,650000,168.0,-80000.0,646200.0,4754.0,5.0,4.0,3868.0,2023.0,7666.56,singleFamily,316,902480.0,2025,https://www.zillow.com,https://photos.zillowstatic.com/fp/6fa3ac75b3fcee965794e419c9129538-p_c.jpg,2026-08-10 09:16,For Sale
303984720,2114 Wenge Ln,75219,Dallas,TX,32.809242,-96.82861,589985,305.0,-5.0,581200.0,3978.0,3.0,4.0,1932.0,2021.0,1393.92,townhome,59,635090.0,2025,https://www.zillow.com,https://photos.zillowstatic.com/fp/bdee31d9ac98bd5c0b4344d3422e2e57-p_c.jpg,2026-08-10 09:16,For Sale
26699234,2835 Macon St,75215,Dallas,TX,32.75089,-96.74779,259900,173.0,,259600.0,2160.0,3.0,3.0,1500.0,2026.0,2613.6,singleFamily,1,18450.0,2025,https://www.zillow.com,https://photos.zillowstatic.com/fp/8808c4b9605d9dfb589314c4491ef305-p_c.jpg,2026-08-10 09:16,For Sale
26912414,714 Jalisco Plz,75211,Dallas,TX,32.718307,-96.902885,224995,147.0,-10005.0,222000.0,2325.0,4.0,3.0,1526.0,2001.0,3005.64,singleFamily,106,245910.0,2025,https://www.zillow.com,https://photos.zillowstatic.com/fp/265e49fc37732c5dcee3a45d074e31bb-p_c.jpg,2026-08-10 09:16,For Sale
26701979,6941 Gaston Ave,75214,Dallas,TX,32.815536,-96.737885,5800000,746.0,,5408600.0,6774.0,6.0,6.0,7777.0,2025.0,0.987,singleFamily,4,3603590.0,2025,https://www.zillow.com,https://photos.zillowstatic.com/fp/488b494e7aa62ae04b1e6f5a6b3703f5-p_c.jpg,2026-08-10 09:16,For Sale
26631667,5612 Ventana Trl,75252,Dallas,TX,33.008102,-96.80108,535000,231.0,,530200.0,3690.0,4.0,3.0,2321.0,1992.0,6011.28,singleFamily,3,536762.0,2025,https://www.zillow.com,https://photos.zillowstatic.com/fp/1d38174b011a3c0fbd06722f25ddacac-p_c.jpg,2026-08-10 09:16,For Sale
26806004,3807 Pallos Verdas Dr,75229,Dallas,TX,32.90547,-96.85114,3245000,470.0,,3099200.0,5165.0,6.0,7.0,6900.0,2026.0,0.39,singleFamily,3,925470.0,2025,https://www.zillow.com,https://photos.zillowstatic.com/fp/e8257b7b28631e53b4dee664c1f1a301-p_c.jpg,2026-08-10 09:16,For Sale
26809208,3542 Jubilee Trl,75229,Dallas,TX,32.900166,-96.8588,815000,303.0,275100.0,779200.0,4398.0,4.0,2.0,2689.0,1962.0,0.319,singleFamily,25,955390.0,2025,https://www.zillow.com,https://photos.zillowstatic.com/fp/f6238c55248120c7a6e02207e3d73720-p_c.jpg,2026-08-10 09:16,For Sale
26867856,9105 Kingsley Creek Cir,75231,Dallas,TX,32.88199,-96.73603,1250000,496.0,,,,4.0,3.0,2520.0,1979.0,0.28800000000000003,singleFamily,11,654010.0,2025,https://www.zillow.com,https://photos.zillowstatic.com/fp/b2f13bf88337bcfabc3409bfcb5db211-p_c.jpg,2026-08-10 09:16,For Sale
96499847,6908 Chantilly Ct,75214,Dallas,TX,32.836292,-96.741035,1335000,412.0,,1271700.0,6700.0,4.0,4.0,3244.0,2016.0,5270.76,singleFamily,2,1240280.0,2025,https://www.zillow.com,https://photos.zillowstatic.com/fp/c69e2b5cdbf3fb211d2d69687f5daa06-p_c.jpg,2026-08-10 09:16,For Sale
26851448,11616 Wander Ln,75230,Dallas,TX,32.907223,-96.78774,12975000,1377.0,,12463000.0,3188.0,5.0,7.0,9420.0,2011.0,2.4,singleFamily,5,11029010.0,2025,https://www.zillow.com,https://photos.zillowstatic.com/fp/47f174fd46f0e4d6cefdf901b43f419b-p_c.jpg,2026-08-10 09:16,For Sale
67957487,6940 Chapelridge Dr,75249,Dallas,TX,32.657593,-96.94592,450000,143.0,,440400.0,3205.0,4.0,3.0,3141.0,2003.0,5706.36,singleFamily,11,468610.0,2025,https://www.zillow.com,https://photos.zillowstatic.com/fp/18ff73fe65953a00d14194d18502daa1-p_c.jpg,2026-08-10 09:16,For Sale
26678943,4710 Swiss Ave,75204,Dallas,TX,32.79939,-96.77247,975000,325.0,,804900.0,4360.0,4.0,3.0,3004.0,1909.0,7492.32,singleFamily,5,742110.0,2025,https://www.zillow.com,https://photos.zillowstatic.com/fp/70ddaea4de5b2abea4bad8ea3f4b9d94-p_c.jpg,2026-08-10 09:16,For Sale
26751118,7223 Edgerton Dr,75231,Dallas,TX,32.8562,-96.73668,639500,345.0,,619000.0,3072.0,3.0,2.0,1855.0,1954.0,7405.2,singleFamily,2,566830.0,2025,https://www.zillow.com,https://photos.zillowstatic.com/fp/8a02b70936f057d61197968262665d1e-p_c.jpg,2026-08-10 09:16,For Sale
96534895,8916 Whitehall Ln,75232,Dallas,TX,32.63961,-96.83669,297500,179.0,,296600.0,2579.0,4.0,3.0,1660.0,2026.0,0.316,singleFamily,5,89500.0,2025,https://www.zillow.com,https://photos.zillowstatic.com/fp/792ae3769e6f92152eb5e22f3c0a6b90-p_c.jpg,2026-08-10 09:16,For Sale
26832130,10721 Meadowcliff Ln,75238,Dallas,TX,32.87089,-96.69772,725000,390.0,,695700.0,2781.0,3.0,2.0,1860.0,1971.0,9365.4,singleFamily,2,553110.0,2025,https://www.zillow.com,https://photos.zillowstatic.com/fp/749dd213cc566f1fc3f0ad5b07d6b767-p_c.jpg,2026-08-10 09:16,For Sale
26717988,1022 N Montclair Ave,75208,Dallas,TX,32.757385,-96.84629,2500000,536.0,,2359700.0,5785.0,5.0,5.0,4665.0,1935.0,0.328,singleFamily,2,1159220.0,2025,https://www.zillow.com,https://photos.zillowstatic.com/fp/d79663b30037fe2a9fd1b404f3cd1f86-p_c.jpg,2026-08-10 09:16,For Sale
26749347,6405 Glennox Ln,75214,Dallas,TX,32.850258,-96.75257,650000,195.0,-35000.0,638700.0,5912.0,5.0,4.0,3330.0,1953.0,0.256,singleFamily,86,726710.0,2025,https://www.zillow.com,https://photos.zillowstatic.com/fp/f36a5073d75d9f6e012cf239716c3c4a-p_c.jpg,2026-08-10 09:16,For Sale
26804525,4719 Forest Ln,75244,Dallas,TX,32.90999,-96.827194,2989000,431.0,,2819500.0,7899.0,5.0,6.0,6931.0,2016.0,0.622,singleFamily,32,2397370.0,2025,https://www.zillow.com,https://photos.zillowstatic.com/fp/126820c7740862c61b514e9d5c7d4bdf-p_c.jpg,2026-08-10 09:16,For Sale
69677337,4130 Newton Ave APT F,75219,Dallas,TX,32.81827,-96.80567,199999,166.0,-29001.0,194300.0,2580.0,1.0,2.0,1208.0,1974.0,9191.16,condo,85,320120.0,2025,https://www.zillow.com,https://photos.zillowstatic.com/fp/c40a6de5799a1cafea5a255068e0d553-p_c.jpg,2026-08-10 09:16,For Sale
26696399,5223 Colonial Ave,75215,Dallas,TX,32.744267,-96.759224,214999,130.0,-15001.0,213800.0,2589.0,4.0,2.0,1656.0,2024.0,7013.16,singleFamily,114,433110.0,2025,https://www.zillow.com,https://photos.zillowstatic.com/fp/1ffb12a24ca85cf9a7cc33cbfa96e1b2-p_c.jpg,2026-08-10 09:16,For Sale
26678918,4626 Sycamore St,75204,Dallas,TX,32.800312,-96.77307,485000,338.0,,464900.0,2628.0,2.0,2.0,1437.0,1936.0,7405.2,singleFamily,4,465000.0,2025,https://www.zillow.com,https://photos.zillowstatic.com/fp/317136a077b529dc8dee9f5ad3b7696f-p_c.jpg,2026-08-10 09:16,For Sale
96513896,10617 Bridge Hollow Ct,75229,Dallas,TX,32.891712,-96.821815,11900000,812.0,,,,6.0,10.0,14653.0,2018.0,1.442,singleFamily,45,13054400.0,2025,https://www.zillow.com,https://photos.zillowstatic.com/fp/1cad1d90350deecefe93978d5081628a-p_c.jpg,2026-08-10 09:16,For Sale
248830905,5152 Brickellia Dr,75209,Dallas,TX,32.826817,-96.81777,625000,347.0,-15000.0,,,3.0,4.0,1799.0,2019.0,1611.72,singleFamily,60,645000.0,2025,https://www.zillow.com,https://photos.zillowstatic.com/fp/66ef9bce7bcf215845ec20b7f826e9c0-p_c.jpg,2026-08-10 09:16,For Sale
26832922,3111 Rutz St,75212,Dallas,TX,32.78001,-96.84512,324995,233.0,-5072.0,321300.0,2348.0,3.0,2.0,1392.0,2013.0,3615.48,singleFamily,29,287270.0,2025,https://www.zillow.com,https://photos.zillowstatic.com/fp/8f47d05a2d5e13f04891326e99d26077-p_c.jpg,2026-08-10 09:16,For Sale
26758062,10010 Strait Ln,75229,Dallas,TX,32.880985,-96.823845,24999900,1498.0,,22689700.0,31583.0,7.0,11.0,16684.0,2026.0,2.218,singleFamily,161,2767500.0,2025,https://www.zillow.com,https://photos.zillowstatic.com/fp/4807102bfcc1104359cc67064727143a-p_c.jpg,2026-08-10 09:16,For Sale
463300917,3529 Cleveland St,75215,Dallas,TX,32.75582,-96.77514,245000,133.0,,243900.0,3297.0,4.0,4.0,1846.0,2026.0,8363.52,singleFamily,53,,,https://www.zillow.com,https://photos.zillowstatic.com/fp/a61363b7bd78a0e95ffd19ba195f164b-p_c.jpg,2026-08-10 09:16,For Sale
26747810,6017 E University Blvd APT 118,75206,Dallas,TX,32.8469,-96.76279,189900,204.0,-10000.0,181300.0,1659.0,2.0,1.0,930.0,1964.0,3.998,condo,38,279650.0,2025,https://www.zillow.com,https://photos.zillowstatic.com/fp/71a942619a77af859c402676a4e9edec-p_c.jpg,2026-08-10 09:16,For Sale
26875627,6728 Saint Anne St,75248,Dallas,TX,32.97677,-96.79134,849000,363.0,,818400.0,4815.0,4.0,2.0,2340.0,1974.0,8494.2,singleFamily,3,617660.0,2025,https://www.zillow.com,https://photos.zillowstatic.com/fp/1ebaf01f70fa795e3b51b6681a22aa49-p_c.jpg,2026-08-10 09:16,For Sale
26696299,2230 Garden Dr,75215,Dallas,TX,32.74878,-96.758896,375000,179.0,-4000.0,372300.0,2787.0,3.0,2.0,2092.0,2024.0,5052.96,singleFamily,52,395930.0,2025,https://www.zillow.com,https://photos.zillowstatic.com/fp/a5cba953c774fd3370a2dc62b2a9262e-p_c.jpg,2026-08-10 09:16,For Sale
26888826,6226 La Cosa Dr,75248,Dallas,TX,32.959396,-96.79859,649900,247.0,,644300.0,4511.0,4.0,3.0,2636.0,1979.0,8058.6,singleFamily,1,610420.0,2025,https://www.zillow.com,https://photos.zillowstatic.com/fp/c20781100436739d021d4f6e5eb1ce74-p_c.jpg,2026-08-10 09:16,For Sale
96517949,6505 Kemrock Dr,75241,Dallas,TX,32.66591,-96.778885,519900,205.0,-9100.0,518800.0,3085.0,4.0,4.0,2535.0,2026.0,0.324,singleFamily,17,74750.0,2025,https://www.zillow.com,https://photos.zillowstatic.com/fp/1fc53a5eef4acfc6c6b23445d8754fdd-p_c.jpg,2026-08-10 09:16,For Sale
336873023,1767 Novela Way,75215,Dallas,TX,32.7701,-96.78521,450000,214.0,,,,3.0,4.0,2105.0,2022.0,1263.24,townhome,4,551640.0,2025,https://www.zillow.com,https://photos.zillowstatic.com/fp/d93dd9021801fd7feeb5addb7f53b67f-p_c.jpg,2026-08-10 09:16,For Sale
26875371,7606 Dunoon Ave,75248,Dallas,TX,32.979065,-96.77708,1375000,356.0,,,,4.0,4.0,3860.0,1977.0,0.262,singleFamily,17,977490.0,2025,https://www.zillow.com,https://photos.zillowstatic.com/fp/58631262e4136d2e13b23e4d93ba5ae7-p_c.jpg,2026-08-10 09:16,For Sale
26849145,6301 Churchill Way,75230,Dallas,TX,32.91737,-96.79703,1950000,275.0,,1844800.0,7178.0,4.0,6.0,7080.0,2006.0,0.39,singleFamily,2,1850000.0,2025,https://www.zillow.com,https://photos.zillowstatic.com/fp/9df8cab104a66118e9c0b8e1509086bc-p_c.jpg,2026-08-10 09:16,For Sale
26751075,7048 Arboreal Dr,75231,Dallas,TX,32.859203,-96.7364,874900,318.0,-40100.0,,,3.0,3.0,2753.0,1960.0,0.254,singleFamily,58,643770.0,2025,https://www.zillow.com,https://photos.zillowstatic.com/fp/c991c1947bd4a04e9220e18e5d6e134e-p_c.jpg,2026-08-10 09:16,For Sale
26884154,8324 Moorcroft Dr,75228,Dallas,TX,32.801414,-96.698456,480000,194.0,,466100.0,3619.0,4.0,2.0,2480.0,1964.0,9757.44,singleFamily,2,500000.0,2025,https://www.zillow.com,https://photos.zillowstatic.com/fp/1d6f77e0a09e758295b95c0323c47d5b-p_c.jpg,2026-08-10 09:16,For Sale
80238522,433 Trinity River Cir,75203,Dallas,TX,32.762825,-96.815384,660000,320.0,,648400.0,3196.0,2.0,3.0,2064.0,2006.0,1568.16,townhome,2,674050.0,2025,https://www.zillow.com,https://photos.zillowstatic.com/fp/f424e065a2c329ec9ab2c45443b3cc6f-p_c.jpg,2026-08-10 09:16,For Sale
26701757,6671 Gaston Ave,75214,Dallas,TX,32.8168,-96.74712,2750000,619.0,,2587100.0,7983.0,4.0,4.0,4446.0,1952.0,0.47600000000000003,singleFamily,24,2124880.0,2025,https://www.zillow.com,https://photos.zillowstatic.com/fp/6283544640adf538c6465d68e3f61db1-p_c.jpg,2026-08-10 09:16,For Sale
67964626,1505 Elm St APT 1003,75201,Dallas,TX,32.781612,-96.79958,300000,147.0,,296200.0,4582.0,3.0,3.0,2045.0,1957.0,10018.8,condo,23,398780.0,2025,https://www.zillow.com,https://photos.zillowstatic.com/fp/e2a5c5098c238ddaadc3404980133678-p_c.jpg,2026-08-10 09:16,For Sale
26849521,6811 Bradbury Ln,75230,Dallas,TX,32.912846,-96.78806,1650000,421.0,,1562900.0,7948.0,4.0,4.0,3920.0,1958.0,0.35200000000000004,singleFamily,1,1190000.0,2025,https://www.zillow.com,https://photos.zillowstatic.com/fp/d5445e397c21fd729e727fb0acf6eb20-p_c.jpg,2026-08-10 09:16,For Sale
26804427,5164 Del Roy Dr,75229,Dallas,TX,32.905197,-96.81891,1425000,418.0,,1346700.0,6417.0,4.0,4.0,3412.0,1960.0,0.5,singleFamily,4,1144910.0,2025,https://www.zillow.com,https://photos.zillowstatic.com/fp/a398e0c899b8d574d260939490beb6be-p_c.jpg,2026-08-10 09:16,For Sale
462034543,3027 River Birch Dr,75253,Dallas,TX,32.65842,-96.654106,354900,157.0,-5000.0,352500.0,2625.0,4.0,3.0,2255.0,2026.0,10010.088,singleFamily,103,,,https://www.zillow.com,https://photos.zillowstatic.com/fp/79f311bc09f6d2901aaf0f2ff76e2bae-p_c.jpg,2026-08-10 09:16,For Sale
26710367,224 N Waverly Dr,75208,Dallas,TX,32.74683,-96.848755,699000,332.0,,670200.0,3240.0,3.0,2.0,2104.0,1920.0,6054.84,singleFamily,5,539170.0,2025,https://www.zillow.com,https://photos.zillowstatic.com/fp/dade5048e54fd07cff1968dd45a07dd8-p_c.jpg,2026-08-10 09:16,For Sale
26874199,6631 Fireflame Dr,75248,Dallas,TX,32.960667,-96.79233,799900,319.0,-15100.0,,,4.0,3.0,2506.0,1978.0,7492.32,singleFamily,11,540750.0,2025,https://www.zillow.com,https://photos.zillowstatic.com/fp/365949c8946bb9ab043a62d1308d2d8a-p_c.jpg,2026-08-10 09:16,For Sale
26740518,8457 San Benito Way,75218,Dallas,TX,32.815937,-96.71068,3350000,630.0,,3116300.0,5441.0,4.0,4.0,5320.0,2018.0,0.5319999999999999,singleFamily,1,2263840.0,2025,https://www.zillow.com,https://photos.zillowstatic.com/fp/f0f2b1dd0fb2c0a737714e11f519b05c-p_c.jpg,2026-08-10 09:16,For Sale
69677073,1122 Jackson St APT 402,75202,Dallas,TX,32.778316,-96.80129,310000,220.0,,309000.0,2285.0,2.0,1.0,1411.0,1925.0,0.984,condo,31,331590.0,2025,https://www.zillow.com,https://photos.zillowstatic.com/fp/ce919da1f067aaf0aeb6d50b3d619ee9-p_c.jpg,2026-08-10 09:16,For Sale
26901772,5750 Phoenix Dr APT 22,75231,Dallas,TX,32.875942,-96.75966,70000,116.0,-5000.0,,1124.0,1.0,1.0,605.0,1981.0,2.007,condo,112,108410.0,2025,https://www.zillow.com,https://photos.zillowstatic.com/fp/08a5036a5eef13d238f3fc173a3f58db-p_c.jpg,2026-08-10 09:16,For Sale
26826282,1729 Boca Chica Dr,75232,Dallas,TX,32.67108,-96.84865,749000,189.0,-50000.0,734300.0,3493.0,4.0,2.0,3966.0,1958.0,0.393,singleFamily,44,396160.0,2025,https://www.zillow.com,https://photos.zillowstatic.com/fp/31f63f730d16d8221ea8ae1135af8686-p_c.jpg,2026-08-10 09:16,For Sale
26872737,6707 Rolling Vista Dr,75248,Dallas,TX,32.951813,-96.79493,1357000,396.0,,1280700.0,6488.0,4.0,4.0,3426.0,1978.0,0.323,singleFamily,9,881510.0,2025,https://www.zillow.com,https://photos.zillowstatic.com/fp/b962181fbfc2a267c091f9215cafda51-p_c.jpg,2026-08-10 09:16,For Sale
26929999,3310 Fairmount St APT 10F,75201,Dallas,TX,32.801342,-96.808525,785000,379.0,,,,2.0,2.0,2069.0,1964.0,2.39,condo,0,579320.0,2025,https://www.zillow.com,https://photos.zillowstatic.com/fp/4e6012dc47b3de05584358087cc48e60-p_c.jpg,2026-08-10 09:16,For Sale
26685335,523 Martinique Ave,75223,Dallas,TX,32.80137,-96.748665,654900,401.0,-20000.0,631300.0,2410.0,4.0,2.0,1632.0,1963.0,7230.96,singleFamily,18,380290.0,2025,https://www.zillow.com,https://photos.zillowstatic.com/fp/294db3ced989c9642285883d2dbe383c-p_c.jpg,2026-08-10 09:16,For Sale
26715158,1623 S Marsalis Ave,75216,Dallas,TX,32.728065,-96.814735,160000,130.0,,,,3.0,1.0,1234.0,1920.0,7623.0,singleFamily,2,215510.0,2025,https://www.zillow.com,https://photos.zillowstatic.com/fp/520db7fd7be27a54322b975d7ed795bd-p_c.jpg,2026-08-10 09:16,For Sale
248831004,3923 Cole Ave #101,75204,Dallas,TX,32.811783,-96.795425,1180000,518.0,,1127100.0,4336.0,3.0,4.0,2278.0,2016.0,0.327,condo,46,979540.0,2025,https://www.zillow.com,https://photos.zillowstatic.com/fp/93eb835f58c346f9b55b5e7a0e07596c-p_c.jpg,2026-08-10 09:16,For Sale
96514266,1815 Kingsley Dr,75216,Dallas,TX,32.688026,-96.79526,25000,,-2500.0,,1425.0,,,,,0.622,land,622,112500.0,2025,https://www.zillow.com,https://photos.zillowstatic.com/fp/7ca35be8edb4200e90775bb805a47094-p_c.jpg,2026-08-10 09:16,For Sale
26776516,835 Glen Arbor Dr,75241,Dallas,TX,32.682957,-96.811806,289800,193.0,,285500.0,2063.0,3.0,2.0,1505.0,1956.0,10088.496,singleFamily,2,249660.0,2025,https://www.zillow.com,https://photos.zillowstatic.com/fp/45d27ce62d62471f27d482297990b38c-p_c.jpg,2026-08-10 09:16,For Sale
26825505,5936 Spring Glen Dr,75232,Dallas,TX,32.674526,-96.84193,449500,156.0,-15500.0,443000.0,2948.0,5.0,4.0,2880.0,1965.0,10236.6,singleFamily,129,261350.0,2025,https://www.zillow.com,https://photos.zillowstatic.com/fp/784bf3d76b7a9b40f046b5eb30c7eca8-p_c.jpg,2026-08-10 09:16,For Sale
26759625,5444 Northbrook Dr,75220,Dallas,TX,32.866047,-96.81663,15000000,1192.0,,,4528.0,7.0,9.0,12589.0,1950.0,1.621,singleFamily,44,2423400.0,2025,https://www.zillow.com,https://photos.zillowstatic.com/fp/e0a35e71e87a0546dd13a3c40fedef37-p_c.jpg,2026-08-10 09:16,For Sale
83995783,1725 N Fitzhugh Ave,75204,Dallas,TX,32.806652,-96.777275,423333,300.0,,414100.0,2616.0,3.0,2.0,1410.0,2006.0,4007.52,singleFamily,2,460000.0,2025,https://www.zillow.com,https://photos.zillowstatic.com/fp/0b5e7b7e4a861d514d211780d287eb64-p_c.jpg,2026-08-10 09:16,For Sale
26837484,2415 Barnes Bridge Rd,75228,Dallas,TX,32.850895,-96.67141,245000,136.0,,,,3.0,2.0,1808.0,1953.0,7413.912,singleFamily,10,302180.0,2025,https://www.zillow.com,https://photos.zillowstatic.com/fp/41a09ac824f5666560e493c0fa79a4c2-p_c.jpg,2026-08-10 09:16,For Sale
26698802,5322 W Mockingbird Ln,75209,Dallas,TX,32.8364,-96.820786,995000,432.0,,979700.0,4300.0,3.0,3.0,2303.0,1979.0,7927.92,singleFamily,2,1062700.0,2025,https://www.zillow.com,https://photos.zillowstatic.com/fp/af725d360b753671b71abd28ba6622e4-p_c.jpg,2026-08-10 09:16,For Sale
26914575,5639 Centeridge Dr,75249,Dallas,TX,32.657448,-96.96287,340000,152.0,,333500.0,2783.0,4.0,3.0,2231.0,1989.0,5140.08,singleFamily,2,335470.0,2025,https://www.zillow.com,https://photos.zillowstatic.com/fp/0d4908f3396167d13ba8275aefa349c6-p_c.jpg,2026-08-10 09:16,For Sale
26694940,5834 Monticello Ave,75206,Dallas,TX,32.826736,-96.766426,1299900,474.0,,1250300.0,5298.0,4.0,3.0,2740.0,1926.0,7100.28,singleFamily,5,989000.0,2025,https://www.zillow.com,https://photos.zillowstatic.com/fp/caf11f65f07a71ac337df234ee1afa63-p_c.jpg,2026-08-10 09:16,For Sale
26705702,6984 Santa Barbara Dr,75214,Dallas,TX,32.844025,-96.74029,1999000,458.0,,1296600.0,3808.0,5.0,5.0,4360.0,2024.0,0.357,singleFamily,2,1400000.0,2025,https://www.zillow.com,https://photos.zillowstatic.com/fp/49226fe5a5fd85e77b3894110e4768c4-p_c.jpg,2026-08-10 09:16,For Sale
26718790,2745 Ivandell Ave,75211,Dallas,TX,32.736805,-96.86544,455000,288.0,,440900.0,2549.0,3.0,2.0,1580.0,1935.0,6272.64,singleFamily,3,438280.0,2025,https://www.zillow.com,https://photos.zillowstatic.com/fp/991cd0f87b732ee6300440e7395d0ab9-p_c.jpg,2026-08-10 09:16,For Sale
26855122,1306 Aldenwood Dr,75232,Dallas,TX,32.652504,-96.842575,139000,105.0,-10000.0,,1751.0,3.0,2.0,1328.0,1977.0,8232.84,singleFamily,26,217830.0,2025,https://www.zillow.com,https://photos.zillowstatic.com/fp/d102361abf8d7ba60a19f90264159595-p_c.jpg,2026-08-10 09:16,For Sale
96522871,8914 Wadlington Ave,75217,Dallas,TX,32.727043,-96.66635,415000,188.0,,413800.0,2927.0,3.0,4.0,2210.0,2026.0,8450.64,singleFamily,32,50000.0,2025,https://www.zillow.com,https://photos.zillowstatic.com/fp/9d3298dce4a350f41190148b3cb88976-p_c.jpg,2026-08-10 09:16,For Sale
26931894,9837 Walnut St #207,75243,Dallas,TX,32.922836,-96.71392,125000,121.0,,120400.0,1596.0,2.0,2.0,1031.0,2018.0,8.814,condo,44,123720.0,2025,https://www.zillow.com,https://photos.zillowstatic.com/fp/e8c0329742b664bdf9ca86bb92306687-p_c.jpg,2026-08-10 09:16,For Sale
26750994,6396 Abrams Ct,75231,Dallas,TX,32.86111,-96.74454,379000,256.0,-10000.0,373800.0,2250.0,2.0,2.0,1480.0,1980.0,4094.64,singleFamily,113,376000.0,2025,https://www.zillow.com,https://photos.zillowstatic.com/fp/6579eefe10fe52f79b6704876798de9f-p_c.jpg,2026-08-10 09:16,For Sale
26739624,8610 Angora St,75218,Dallas,TX,32.82252,-96.7134,1489000,454.0,,,,4.0,4.0,3277.0,2021.0,7971.48,singleFamily,4,1235000.0,2025,https://www.zillow.com,https://photos.zillowstatic.com/fp/c6668315c4ec2dd12ecf26a26be28b4a-p_c.jpg,2026-08-10 09:16,For Sale
67951368,9435 Inwood Rd,75220,Dallas,TX,32.872078,-96.82184,4595000,810.0,,,,4.0,5.0,5676.0,2004.0,0.9919999999999999,singleFamily,2,2802200.0,2025,https://www.zillow.com,https://photos.zillowstatic.com/fp/ca79ee91d23c90b3a8daa939f7b8f948-p_c.jpg,2026-08-10 09:16,For Sale
26825691,6207 Marblehead Dr,75232,Dallas,TX,32.672565,-96.855354,239500,141.0,,240200.0,2648.0,3.0,2.0,1699.0,1968.0,0.305,singleFamily,8,272870.0,2025,https://www.zillow.com,https://photos.zillowstatic.com/fp/ee20f1b648b23d832892148199b0180b-p_c.jpg,2026-08-10 09:16,For Sale
333140526,5531 Walnut Hill Ln,75229,Dallas,TX,32.88134,-96.81123,14997000,1250.0,-998000.0,13924500.0,44765.0,5.0,9.0,11997.0,2025.0,1.935,singleFamily,153,9628680.0,2025,https://www.zillow.com,https://photos.zillowstatic.com/fp/b66ba1ba3e875d4f7420766b86704a95-p_c.jpg,2026-08-10 09:16,For Sale
26850712,707 Bondstone Dr,75218,Dallas,TX,32.85229,-96.70435,825000,332.0,-39000.0,799400.0,4339.0,3.0,2.0,2488.0,1962.0,0.302,singleFamily,54,875000.0,2025,https://www.zillow.com,https://photos.zillowstatic.com/fp/58c7d81253729e9ccde613e94e8ce432-p_c.jpg,2026-08-10 09:16,For Sale
26805653,11864 Cold Harbor Ln,75244,Dallas,TX,32.91157,-96.84852,825000,349.0,,,,3.0,3.0,2361.0,1963.0,0.33699999999999997,singleFamily,3,517000.0,2025,https://www.zillow.com,https://photos.zillowstatic.com/fp/26161e1b7435c33c3f058dc12133d4f4-p_c.jpg,2026-08-10 09:16,For Sale
26904817,6218 Everglade Rd,75227,Dallas,TX,32.78552,-96.69694,365000,167.0,-5000.0,362200.0,2681.0,4.0,3.0,2180.0,1998.0,6751.8,singleFamily,34,355880.0,2025,https://www.zillow.com,https://photos.zillowstatic.com/fp/fd92f91e0cfcf83e7ff7a635b6b2468b-p_c.jpg,2026-08-10 09:16,For Sale
26709782,102 N Willomet Ave,75208,Dallas,TX,32.7453,-96.84009,359850,138.0,,360500.0,3792.0,3.0,2.0,2602.0,1928.0,8189.28,singleFamily,5,478270.0,2025,https://www.zillow.com,https://photos.zillowstatic.com/fp/d8c53ee6231818f0b2240b9ae0cb2b41-p_c.jpg,2026-08-10 09:16,For Sale
26701272,7015 Coronado Ave,75214,Dallas,TX,32.811996,-96.73766,950000,396.0,,902300.0,6183.0,3.0,3.0,2396.0,1945.0,7448.76,singleFamily,31,880820.0,2025,https://www.zillow.com,https://photos.zillowstatic.com/fp/e398d18a16cf881b0b0bf7b7563bf5bb-p_c.jpg,2026-08-10 09:16,For Sale
26869083,9178 Glen Springs Dr,75243,Dallas,TX,32.90111,-96.72901,735000,188.0,,728200.0,7290.0,4.0,4.0,3910.0,1973.0,10149.48,singleFamily,3,819250.0,2025,https://www.zillow.com,https://photos.zillowstatic.com/fp/b63c07c3f761e972c75a210849e80595-p_c.jpg,2026-08-10 09:16,For Sale
26706213,6625 Bob O Link Dr,75214,Dallas,TX,32.831596,-96.745895,2875000,702.0,,,,4.0,3.0,4098.0,1949.0,0.335,singleFamily,31,1900230.0,2025,https://www.zillow.com,https://photos.zillowstatic.com/fp/5df7519a31cdb0116a65f83fc6d1f5c8-p_c.jpg,2026-08-10 09:16,For Sale
26752895,7124 Meadow Rd,75230,Dallas,TX,32.886986,-96.78161,1395000,378.0,,1329400.0,7415.0,4.0,4.0,3687.0,1969.0,0.293,singleFamily,19,969820.0,2025,https://www.zillow.com,https://photos.zillowstatic.com/fp/ef10f9aeadc1b405cc3cbecd296ec196-p_c.jpg,2026-08-10 09:16,For Sale
26809013,10923 Marsh Ln,75229,Dallas,TX,32.897175,-96.85655,1399000,368.0,,1360300.0,6720.0,4.0,4.0,3801.0,2024.0,0.371,singleFamily,5,1514900.0,2025,https://www.zillow.com,https://photos.zillowstatic.com/fp/1e6e58af65ac3627734ea93eab94bd4b-p_c.jpg,2026-08-10 09:16,For Sale
26915356,6395 W Red Bird Ln,75236,Dallas,TX,32.6776,-96.92825,879000,259.0,,868600.0,5163.0,4.0,4.0,3397.0,1939.0,2.997,singleFamily,12,703000.0,2025,https://www.zillow.com,https://photos.zillowstatic.com/fp/f3c22b43bf326f93a0e50fec4858a767-p_c.jpg,2026-08-10 09:16,For Sale
26723274,1634 E Missouri Ave,75216,Dallas,TX,32.71842,-96.798645,295000,145.0,-10000.0,306900.0,2712.0,4.0,2.0,2041.0,2021.0,7579.44,singleFamily,34,335790.0,2025,https://www.zillow.com,https://photos.zillowstatic.com/fp/37ae855f3d1ba4dcbf6a93469e24db92-p_c.jpg,2026-08-10 09:16,For Sale
26891176,7410 Boisenberry Ln,75249,Dallas,TX,32.645645,-96.95113,285000,117.0,,281800.0,2793.0,4.0,3.0,2435.0,1981.0,7710.12,singleFamily,8,318010.0,2025,https://www.zillow.com,https://photos.zillowstatic.com/fp/05e84fc718b2ffe22589eac2626dda3b-p_c.jpg,2026-08-10 09:16,For Sale
26851496,6766 Northaven Rd,75230,Dallas,TX,32.900932,-96.78869,4149000,935.0,-50000.0,3903900.0,7634.0,5.0,5.0,4437.0,2019.0,0.942,singleFamily,47,5337960.0,2025,https://www.zillow.com,https://photos.zillowstatic.com/fp/64615944d74097be165d31e4e91973d7-p_c.jpg,2026-08-10 09:16,For Sale
26678465,5020 Junius St,75214,Dallas,TX,32.80122,-96.76551,700000,272.0,,677300.0,3744.0,3.0,3.0,2577.0,1913.0,6664.68,singleFamily,11,765800.0,2025,https://www.zillow.com,https://photos.zillowstatic.com/fp/3c1bfafcff6cf03878aef5ccf8d4620d-p_c.jpg,2026-08-10 09:16,For Sale
463650754,1904 McBroom St,75212,Dallas,TX,32.78237,-96.85047,785999,246.0,-13001.0,772200.0,4758.0,4.0,4.0,3200.0,2026.0,6141.96,singleFamily,37,,,https://www.zillow.com,https://photos.zillowstatic.com/fp/0110a4737654b219f2717f2d2973bd9d-p_c.jpg,2026-08-10 09:16,For Sale
26745721,2402 Norwood Dr,75228,Dallas,TX,32.83913,-96.67283,255000,209.0,,247300.0,1832.0,3.0,2.0,1221.0,1952.0,9408.96,singleFamily,4,235190.0,2025,https://www.zillow.com,https://photos.zillowstatic.com/fp/d182d68f5529219515a04299aba3a789-p_c.jpg,2026-08-10 09:16,For Sale
26732706,6454 Sondra Dr,75214,Dallas,TX,32.82639,-96.7507,4295000,684.0,,4130000.0,4872.0,5.0,7.0,6283.0,2026.0,0.312,singleFamily,9,1089290.0,2025,https://www.zillow.com,https://photos.zillowstatic.com/fp/971beb516a2c3e579bedbe9fa7054d5b-p_c.jpg,2026-08-10 09:16,For Sale
26912706,9028 Rock Valley Cv,75238,Dallas,TX,32.869812,-96.728806,675000,340.0,,656500.0,2796.0,4.0,3.0,1987.0,1999.0,4660.92,singleFamily,1,583210.0,2025,https://www.zillow.com,https://photos.zillowstatic.com/fp/69bfe6f6b11cf217bf90e3c2de30581f-p_c.jpg,2026-08-10 09:16,For Sale
26758220,4506 Isabella Ln,75229,Dallas,TX,32.88928,-96.83244,8400000,1888.0,,,,6.0,8.0,4449.0,1997.0,1.01,singleFamily,48,4309000.0,2025,https://www.zillow.com,https://photos.zillowstatic.com/fp/d8283c53bb83c9322b7d7a9955afe7e0-p_c.jpg,2026-08-10 09:16,For Sale
26586585,5023 Spyglass Dr,75287,Dallas,TX,32.991024,-96.82112,1189900,303.0,-10000.0,1153500.0,6018.0,5.0,5.0,3923.0,1985.0,0.27999999999999997,singleFamily,44,1056862.0,2025,https://www.zillow.com,https://photos.zillowstatic.com/fp/88d295361e268074d72944629aaeeb29-p_c.jpg,2026-08-10 09:16,For Sale
26760464,5807 Glen Falls Ln,75209,Dallas,TX,32.86401,-96.81352,9625000,1056.0,,9076900.0,7586.0,5.0,8.0,9118.0,2026.0,0.514,singleFamily,51,2015100.0,2025,https://www.zillow.com,https://photos.zillowstatic.com/fp/bb7da9088016786ee4b772862254593b-p_c.jpg,2026-08-10 09:16,For Sale
26931799,9829 Walnut St APT 306,75243,Dallas,TX,32.922836,-96.71392,49900,103.0,,,962.0,1.0,1.0,486.0,2015.0,8.814,condo,29,61970.0,2025,https://www.zillow.com,https://photos.zillowstatic.com/fp/7057ef64a5adce55f965e21a33560f10-p_c.jpg,2026-08-10 09:16,For Sale
53070068,7130 Debbe Dr,75252,Dallas,TX,32.993587,-96.78202,1123000,340.0,-15000.0,1074700.0,4567.0,4.0,4.0,3300.0,1982.0,0.25,singleFamily,48,877766.0,2025,https://www.zillow.com,https://photos.zillowstatic.com/fp/d232aab584f8839102da2105be43e01e-p_c.jpg,2026-08-10 09:16,For Sale
26879828,3543 Ridgebriar Dr,75234,Dallas,TX,32.915077,-96.85929,365000,166.0,,359000.0,2805.0,4.0,2.0,2205.0,1962.0,7579.44,singleFamily,65,329140.0,2025,https://www.zillow.com,https://photos.zillowstatic.com/fp/310debec9fb56c24b49bda0a5bf5b0dd-p_c.jpg,2026-08-10 09:16,For Sale
26843946,9314 Livenshire Dr,75238,Dallas,TX,32.874485,-96.70414,575000,295.0,,,,3.0,2.0,1952.0,1956.0,7971.48,singleFamily,3,518160.0,2025,https://www.zillow.com,https://photos.zillowstatic.com/fp/31eb9e0fb863cd89fdb60dd3030eab04-p_c.jpg,2026-08-10 09:16,For Sale
67961530,2522 Wilhurt Ave,75216,Dallas,TX,32.703674,-96.78344,140000,113.0,-9900.0,,1902.0,4.0,2.0,1244.0,1940.0,6359.76,singleFamily,71,246150.0,2025,https://www.zillow.com,https://photos.zillowstatic.com/fp/cf00a5b9db34c932e46b63392ef8d893-p_c.jpg,2026-08-10 09:16,For Sale
26693423,4323 Brown St APT 237,75219,Dallas,TX,32.809963,-96.81728,160000,219.0,,,,2.0,1.0,730.0,1972.0,0.699,condo,11,175200.0,2025,https://www.zillow.com,https://photos.zillowstatic.com/fp/9b9b30962944a1b36d32fc16319c56d6-p_c.jpg,2026-08-10 09:16,For Sale
111960412,5609 Lindell Ave #3,75206,Dallas,TX,32.809193,-96.769035,420000,263.0,-15000.0,416000.0,2849.0,2.0,2.0,1596.0,2007.0,7187.4,condo,143,487890.0,2025,https://www.zillow.com,https://photos.zillowstatic.com/fp/c675180b48a8869123719ea0d2c2af6b-p_c.jpg,2026-08-10 09:16,For Sale
96526232,6708 Natures Way,75236,Dallas,TX,32.68508,-96.93573,649900,192.0,,631600.0,5572.0,4.0,4.0,3388.0,2011.0,10193.04,singleFamily,3,552250.0,2025,https://www.zillow.com,https://photos.zillowstatic.com/fp/8549b765fb48283d9cb0091959a8c84f-p_c.jpg,2026-08-10 09:16,For Sale
26828798,5939 Melshire Dr,75230,Dallas,TX,32.914536,-96.80572,1600000,560.0,,1512500.0,6868.0,4.0,3.0,2859.0,1958.0,0.369,singleFamily,0,1361290.0,2025,https://www.zillow.com,https://photos.zillowstatic.com/fp/fe7e1db1e86486de7ca77f05475663cb-p_c.jpg,2026-08-10 09:16,For Sale
26927701,4023 Wycliff Ave APT 204,75219,Dallas,TX,32.819965,-96.807594,275000,187.0,,267400.0,3181.0,3.0,2.0,1470.0,1965.0,0.263,condo,87,330000.0,2025,https://www.zillow.com,https://photos.zillowstatic.com/fp/feafb3b3e33f580f691b017c6d51886a-p_c.jpg,2026-08-10 09:16,For Sale
26748516,6347 Chesley Ln,75214,Dallas,TX,32.84717,-96.753494,1350000,357.0,,1282500.0,6199.0,6.0,4.0,3781.0,1970.0,0.272,singleFamily,3,1068220.0,2025,https://www.zillow.com,https://photos.zillowstatic.com/fp/c57193d1d948f2482b079ab2deb54607-p_c.jpg,2026-08-10 09:16,For Sale
26778007,3275 S Edgefield Ave,75224,Dallas,TX,32.70868,-96.84406,235000,99.0,,221600.0,3310.0,4.0,3.0,2370.0,1954.0,0.257,singleFamily,17,282510.0,2025,https://www.zillow.com,https://photos.zillowstatic.com/fp/2ec335359c7a72542eab68c491f017b2-p_c.jpg,2026-08-10 09:16,For Sale
26842735,10708 Cassandra Way,75228,Dallas,TX,32.840527,-96.66427,200000,145.0,-25000.0,192600.0,1936.0,3.0,1.0,1375.0,1954.0,7492.32,singleFamily,65,294180.0,2025,https://www.zillow.com,https://photos.zillowstatic.com/fp/d1ec32a8c53cd66bc4fdf2be4a187ba3-p_c.jpg,2026-08-10 09:16,For Sale
26698888,5332 Edmondson Ave,75209,Dallas,TX,32.833755,-96.8202,1825000,534.0,,,,3.0,4.0,3419.0,1950.0,9016.92,singleFamily,2,1783760.0,2025,https://www.zillow.com,https://photos.zillowstatic.com/fp/98e08498c470fb450a44cd034a9f306b-p_c.jpg,2026-08-10 09:16,For Sale
26718972,2911 S Denley Dr,75216,Dallas,TX,32.7115,-96.8058,269000,189.0,,262200.0,1953.0,3.0,2.0,1425.0,1930.0,7492.32,singleFamily,11,192320.0,2025,https://www.zillow.com,https://photos.zillowstatic.com/fp/1f95efb4faf996e7e8161cefd768b1dc-p_c.jpg,2026-08-10 09:16,For Sale
26681410,2416 Pennsylvania Ave,75215,Dallas,TX,32.76401,-96.77055,364900,175.0,-35000.0,364000.0,2803.0,3.0,3.0,2086.0,2026.0,3123.252,singleFamily,38,62000.0,2025,https://www.zillow.com,https://photos.zillowstatic.com/fp/fedf883caac79b2a0a9758f31478c35f-p_c.jpg,2026-08-10 09:16,For Sale
26883717,8434 Bellingham Dr,75228,Dallas,TX,32.798855,-96.69426,499900,209.0,-49100.0,489700.0,3907.0,5.0,3.0,2395.0,1964.0,8929.8,singleFamily,31,509210.0,2025,https://www.zillow.com,https://photos.zillowstatic.com/fp/fc706f85d2a602daef17a9d4e64b4448-p_c.jpg,2026-08-10 09:16,For Sale
26809826,3193 Northaven Rd,75229,Dallas,TX,32.903557,-96.8707,1000000,348.0,,944300.0,5562.0,4.0,5.0,2874.0,1960.0,0.29,singleFamily,6,501650.0,2025,https://www.zillow.com,https://photos.zillowstatic.com/fp/cb2fbb02cdd75125c6a4f323bf91e54a-p_c.jpg,2026-08-10 09:16,For Sale
26749480,6475 Trammel Dr,75214,Dallas,TX,32.845467,-96.74986,1750000,401.0,-50000.0,1701300.0,7755.0,4.0,5.0,4362.0,2026.0,9347.976,singleFamily,15,431940.0,2025,https://www.zillow.com,https://photos.zillowstatic.com/fp/6f9f044139ab82e0a8d420c7e280b827-p_c.jpg,2026-08-10 09:16,For Sale
26707558,6910 Huff Trl,75214,Dallas,TX,32.836407,-96.73795,1975000,467.0,-70000.0,1898000.0,11405.0,4.0,5.0,4228.0,2012.0,7753.68,singleFamily,80,1728600.0,2025,https://www.zillow.com,https://photos.zillowstatic.com/fp/145865099f3425d44e2dd484e47f90ee-p_c.jpg,2026-08-10 09:16,For Sale
441552458,1143 Riverwood Rd,75217,Dallas,TX,32.697395,-96.69045,399000,178.0,-20000.0,398500.0,2888.0,3.0,3.0,2239.0,2026.0,0.319,singleFamily,72,,,https://www.zillow.com,https://photos.zillowstatic.com/fp/9ad4aacec723bdb0bf68234466089f0a-p_c.jpg,2026-08-10 09:16,For Sale
26757998,5216 Palomar Ln,75229,Dallas,TX,32.889263,-96.81688,9950000,1053.0,,9182200.0,37480.0,6.0,9.0,9446.0,2022.0,1.13,singleFamily,27,6218000.0,2025,https://www.zillow.com,https://photos.zillowstatic.com/fp/f0ac659860e743efb2feecb2dcf7d9c7-p_c.jpg,2026-08-10 09:16,For Sale
26734267,4405 Wildwood Rd,75209,Dallas,TX,32.855816,-96.83644,6700000,949.0,,6309100.0,5159.0,6.0,9.0,7061.0,2026.0,0.4234,singleFamily,10,1254260.0,2025,https://www.zillow.com,https://photos.zillowstatic.com/fp/40dd81399133143cc4c573bb2d87afb8-p_c.jpg,2026-08-10 09:16,For Sale
26905994,4335 Northaven Rd,75229,Dallas,TX,32.90258,-96.83474,1599000,473.0,,1519500.0,6944.0,3.0,3.0,3378.0,1995.0,0.372,singleFamily,2,1317250.0,2025,https://www.zillow.com,https://photos.zillowstatic.com/fp/1d479fd8c8294e9bb77e8fa152790883-p_c.jpg,2026-08-10 09:16,For Sale
26930508,4130 Wycliff Ave #104,75219,Dallas,TX,32.819424,-96.80576,360000,325.0,,349100.0,2462.0,2.0,3.0,1108.0,1984.0,0.325,singleFamily,2,354560.0,2025,https://www.zillow.com,https://photos.zillowstatic.com/fp/a2bec080d7599f44de5661e7fab14607-p_c.jpg,2026-08-10 09:16,For Sale
26686856,3911 Kynard St,75215,Dallas,TX,32.759335,-96.76191,135000,109.0,,,1811.0,4.0,2.0,1236.0,1935.0,9713.88,singleFamily,5,201010.0,2025,https://www.zillow.com,https://photos.zillowstatic.com/fp/36dccd6728af55c6f8eb110a4fdefcfd-p_c.jpg,2026-08-10 09:16,For Sale
26850852,8805 Rolling Rock Ln,75238,Dallas,TX,32.86894,-96.69409,545000,275.0,,525000.0,3334.0,3.0,3.0,1979.0,1956.0,0.32,singleFamily,2,531680.0,2025,https://www.zillow.com,https://photos.zillowstatic.com/fp/ce3d7ba1069d82486f19bcd0fb98bd3e-p_c.jpg,2026-08-10 09:16,For Sale
26782706,1833 Deer Path Dr,75216,Dallas,TX,32.711143,-96.76864,150000,123.0,-20000.0,,1951.0,4.0,2.0,1220.0,1949.0,7503.0,singleFamily,40,90000.0,2025,https://www.zillow.com,https://photos.zillowstatic.com/fp/26d5d33509319c19775886d404a018eb-p_c.jpg,2026-08-10 09:16,For Sale
26588508,4212 Joshua Ln,75287,Dallas,TX,32.99952,-96.83774,575000,225.0,-10000.0,567600.0,3493.0,4.0,3.0,2551.0,1981.0,8712.0,singleFamily,73,491420.0,2025,https://www.zillow.com,https://photos.zillowstatic.com/fp/1ebfeb6a5ff5587357fb8301d0bdd990-p_c.jpg,2026-08-10 09:16,For Sale
26680664,1726 Driskell St,75215,Dallas,TX,32.755207,-96.76747,400000,148.0,-25000.0,399200.0,3375.0,5.0,3.0,2700.0,2026.0,7492.32,singleFamily,169,264390.0,2025,https://www.zillow.com,https://photos.zillowstatic.com/fp/5c4259d94c037232f1d4ff086b284119-p_c.jpg,2026-08-10 09:16,For Sale
26833738,1926 Nomas St,75212,Dallas,TX,32.78079,-96.85145,820000,240.0,,603800.0,1564.0,5.0,4.0,3412.0,2026.0,5758.632,singleFamily,3,201430.0,2025,https://www.zillow.com,https://photos.zillowstatic.com/fp/01178469fb18aacd1dcdf5ea9a3899de-p_c.jpg,2026-08-10 09:16,For Sale
67964599,1505 Elm St APT 404,75201,Dallas,TX,32.78161,-96.79958,169999,129.0,-10000.0,165200.0,3152.0,1.0,2.0,1322.0,1957.0,10018.8,condo,19,230000.0,2025,https://www.zillow.com,https://photos.zillowstatic.com/fp/4807975b2953934de4f890ada3fdbada-p_c.jpg,2026-08-10 09:16,For Sale
26758315,10747 Bushire Dr,75229,Dallas,TX,32.89348,-96.83389,1900000,592.0,,1786800.0,6364.0,4.0,4.0,3208.0,1969.0,0.41700000000000004,singleFamily,15,1181890.0,2025,https://www.zillow.com,https://photos.zillowstatic.com/fp/4d0576c4a98157a59aed1a95c0e0b41a-p_c.jpg,2026-08-10 09:16,For Sale
26856493,3110 Palo Alto Dr,75241,Dallas,TX,32.655975,-96.77257,264900,221.0,,262100.0,1768.0,4.0,2.0,1198.0,1959.0,0.374,singleFamily,10,182930.0,2025,https://www.zillow.com,https://photos.zillowstatic.com/fp/fcbcfcab6b2c7b5fc116743b4440484b-p_c.jpg,2026-08-10 09:16,For Sale
26707221,6984 Bob O Link Dr,75214,Dallas,TX,32.83283,-96.7392,2699000,549.0,,2609300.0,3260.0,5.0,7.0,4920.0,2026.0,7501.032,singleFamily,5,830620.0,2025,https://www.zillow.com,https://photos.zillowstatic.com/fp/120ba321c96a9b9f1fb1f6a45bad33d8-p_c.jpg,2026-08-10 09:16,For Sale
26887274,6505 Laurel Valley Rd,75248,Dallas,TX,32.96689,-96.79593,899900,335.0,,860200.0,4201.0,3.0,3.0,2684.0,1979.0,6141.96,singleFamily,10,888260.0,2025,https://www.zillow.com,https://photos.zillowstatic.com/fp/4e76eb47d106a9cb12d30170ca2687e9-p_c.jpg,2026-08-10 09:16,For Sale
26873018,15746 Overmead Cir,75248,Dallas,TX,32.962303,-96.782295,648000,302.0,-7000.0,,,4.0,3.0,2147.0,1972.0,7405.2,singleFamily,40,427010.0,2025,https://www.zillow.com,https://photos.zillowstatic.com/fp/97fe8598aed0bf9bae480adaced35b28-p_c.jpg,2026-08-10 09:16,For Sale
336888193,737 N Zang Blvd #103,75208,Dallas,TX,32.752045,-96.824524,595000,310.0,,,,3.0,4.0,1919.0,2020.0,0.29200000000000004,condo,5,600650.0,2025,https://www.zillow.com,https://photos.zillowstatic.com/fp/ae8c76001d81555568d67051b3440bd0-p_c.jpg,2026-08-10 09:16,For Sale
26713724,813 Brooks Ave,75208,Dallas,TX,32.736347,-96.8368,350000,188.0,,,,3.0,2.0,1858.0,1922.0,6795.36,singleFamily,3,294570.0,2025,https://www.zillow.com,https://photos.zillowstatic.com/fp/2771d17f42299e61fa0e022a4da696e7-p_c.jpg,2026-08-10 09:16,For Sale
26890250,11901 Woodbridge Dr,75243,Dallas,TX,32.91062,-96.71476,585000,213.0,,,,4.0,3.0,2742.0,1980.0,0.255,singleFamily,5,471240.0,2025,https://www.zillow.com,https://photos.zillowstatic.com/fp/9343800107cb5e909e0072cbbf325c1b-p_c.jpg,2026-08-10 09:16,For Sale
26788810,4106 Lively Ln,75220,Dallas,TX,32.87246,-96.84316,1645000,389.0,,1568500.0,7244.0,4.0,4.0,4228.0,2007.0,9147.6,singleFamily,2,1441140.0,2025,https://www.zillow.com,https://photos.zillowstatic.com/fp/6b233af09bab1a25e51db56f092478f6-p_c.jpg,2026-08-10 09:16,For Sale
26679573,3321 Cole Ave APT 116,75204,Dallas,TX,32.806034,-96.80029,350000,335.0,,335400.0,1996.0,2.0,2.0,1044.0,1961.0,0.8099999999999999,condo,9,401940.0,2025,https://www.zillow.com,https://photos.zillowstatic.com/fp/485e33fa8c0fd25af10c2ff1ee4aff86-p_c.jpg,2026-08-10 09:16,For Sale
26784662,3230 Rock Bluff Dr,75227,Dallas,TX,32.765625,-96.69388,279900,156.0,-5100.0,,2420.0,3.0,2.0,1800.0,1958.0,9626.76,singleFamily,52,292430.0,2025,https://www.zillow.com,https://photos.zillowstatic.com/fp/0e11ca6511bd82ff27c6a67897d69e96-p_c.jpg,2026-08-10 09:16,For Sale
26767601,1650 E Elmore Ave,75216,Dallas,TX,32.717663,-96.79793,122000,113.0,,,1797.0,2.0,1.0,1080.0,1939.0,6316.0,singleFamily,43,202070.0,2025,https://www.zillow.com,https://www.zillowstatic.com/static/images/nophoto_p_c.png,2026-08-10 09:16,For Sale
69677129,1122 Jackson St APT 709,75202,Dallas,TX,32.778316,-96.80129,275000,248.0,,272400.0,2154.0,1.0,1.0,1111.0,1925.0,0.984,condo,10,227760.0,2025,https://www.zillow.com,https://photos.zillowstatic.com/fp/311fedb097845313e9484e9f7b7dbb74-p_c.jpg,2026-08-10 09:16,For Sale
26767111,2319 Kathleen Ave,75216,Dallas,TX,32.705616,-96.790436,105000,116.0,-5000.0,,1611.0,3.0,1.0,904.0,1948.0,5924.16,singleFamily,107,167190.0,2025,https://www.zillow.com,https://photos.zillowstatic.com/fp/1ed857364c42c34f4a417389badd9ba8-p_c.jpg,2026-08-10 09:16,For Sale
26752893,7210 Meadow Rd,75230,Dallas,TX,32.88698,-96.78103,1075000,318.0,-20000.0,1034300.0,7010.0,4.0,4.0,3377.0,1969.0,0.298,singleFamily,25,895000.0,2025,https://www.zillow.com,https://photos.zillowstatic.com/fp/c4a6281b0c3a3823c911eac380a69e04-p_c.jpg,2026-08-10 09:16,For Sale
26779439,1631 Windchime Dr,75224,Dallas,TX,32.69317,-96.849174,365000,184.0,-10000.0,357600.0,3487.0,4.0,3.0,1986.0,1968.0,7274.52,singleFamily,35,329600.0,2025,https://www.zillow.com,https://photos.zillowstatic.com/fp/34572a6f102ee139c487f6600ee9b181-p_c.jpg,2026-08-10 09:16,For Sale
96518147,4128 Pluto St,75212,Dallas,TX,32.791786,-96.89073,550000,182.0,,546700.0,4515.0,4.0,4.0,3016.0,2025.0,7666.56,singleFamily,85,600000.0,2025,https://www.zillow.com,https://photos.zillowstatic.com/fp/f520770547ae57c1d6aa0762dc5adbaf-p_c.jpg,2026-08-10 09:16,For Sale
96492086,6634 Cool Morn Dr,75241,Dallas,TX,32.659355,-96.76216,234000,164.0,-5000.0,232900.0,1894.0,3.0,2.0,1424.0,2013.0,6272.64,singleFamily,18,255520.0,2025,https://www.zillow.com,https://photos.zillowstatic.com/fp/7cb65ce02be31200bcd0ede3fafa6903-p_c.jpg,2026-08-10 09:16,For Sale
26748687,6214 Glennox Ln,75214,Dallas,TX,32.84994,-96.75703,1250000,393.0,-25000.0,,,4.0,3.0,3177.0,1970.0,7797.24,singleFamily,24,836100.0,2025,https://www.zillow.com,https://photos.zillowstatic.com/fp/81680869b2e781bf08f53ea3790044b3-p_c.jpg,2026-08-10 09:16,For Sale
26761762,9744 Wisterwood Dr,75238,Dallas,TX,32.873096,-96.72015,840000,370.0,-35000.0,811800.0,4931.0,3.0,3.0,2270.0,1964.0,10105.92,singleFamily,68,845730.0,2025,https://www.zillow.com,https://photos.zillowstatic.com/fp/c8c6834decf02c36a63d98936d9e8026-p_c.jpg,2026-08-10 09:16,For Sale
26846200,8506 Londonderry Ln,75228,Dallas,TX,32.800728,-96.69325,485000,181.0,,471400.0,3146.0,3.0,2.0,2681.0,1977.0,7666.56,singleFamily,0,451210.0,2025,https://www.zillow.com,https://photos.zillowstatic.com/fp/cdf160699a9f12fff3cef1e7cc02a860-p_c.jpg,2026-08-10 09:16,For Sale
26853901,7669 Woodshire Dr,75232,Dallas,TX,32.654984,-96.83963,210000,167.0,,207900.0,1884.0,3.0,2.0,1261.0,1960.0,7492.32,singleFamily,2,255280.0,2025,https://www.zillow.com,https://photos.zillowstatic.com/fp/493e8fa889b9756621ef792fd311b947-p_c.jpg,2026-08-10 09:16,For Sale
26739989,9030 San Benito Way,75218,Dallas,TX,32.822,-96.702095,575000,292.0,-24000.0,,,3.0,2.0,1967.0,1938.0,9583.2,singleFamily,59,597980.0,2025,https://www.zillow.com,https://photos.zillowstatic.com/fp/532ee25b6bab765058a72fa12ca9d3b6-p_c.jpg,2026-08-10 09:16,For Sale
444242369,8181 Douglas Ave #Penthouse 9-12,75225,Dallas,TX,32.86198,-96.80891,17500000,1228.0,,,,5.0,13.0,14250.0,1982.0,0.4255,condo,99,,,https://www.zillow.com,https://photos.zillowstatic.com/fp/740a8ec79973c1a2fb3483c4cdf6d421-p_c.jpg,2026-08-10 09:16,For Sale
26586072,4208 Bretton Bay Cir,75287,Dallas,TX,32.99047,-96.83813,699995,188.0,-8005.0,686800.0,6368.0,5.0,5.0,3731.0,1978.0,0.29,singleFamily,109,854163.0,2025,https://www.zillow.com,https://photos.zillowstatic.com/fp/0d1b05968138dd2efb376093cef5f2a7-p_c.jpg,2026-08-10 09:16,For Sale
26872780,6626 Harvest Glen Dr,75248,Dallas,TX,32.950302,-96.79587,1029500,320.0,,987900.0,6296.0,4.0,4.0,3222.0,1977.0,0.344,singleFamily,17,1054580.0,2025,https://www.zillow.com,https://photos.zillowstatic.com/fp/553182401fe1803f0a34da96676c2e30-p_c.jpg,2026-08-10 09:16,For Sale
26786476,809 Brookhurst Dr,75218,Dallas,TX,32.848106,-96.70634,575000,398.0,,527600.0,2767.0,3.0,2.0,1446.0,1955.0,9104.04,singleFamily,5,609350.0,2025,https://www.zillow.com,https://photos.zillowstatic.com/fp/cfef6d47c4d507c04280a549430bd845-p_c.jpg,2026-08-10 09:16,For Sale
26755876,6124 Lakehurst Ave,75230,Dallas,TX,32.884018,-96.800446,5495000,845.0,,5173600.0,5738.0,5.0,8.0,6502.0,2026.0,0.327,singleFamily,9,1207880.0,2025,https://www.zillow.com,https://photos.zillowstatic.com/fp/fb18013d2a490cde2f6263c82621ffee-p_c.jpg,2026-08-10 09:16,For Sale
60346601,13329 Southview Ln,75240,Dallas,TX,32.929558,-96.76768,275000,170.0,,,,3.0,2.0,1618.0,1968.0,4878.72,singleFamily,97,242430.0,2025,https://www.zillow.com,https://photos.zillowstatic.com/fp/d3f6a62f58a643135991119e237adf46-p_c.jpg,2026-08-10 09:16,For Sale
26826103,1917 Shady Glen Ln,75232,Dallas,TX,32.678864,-96.851944,269000,143.0,,261600.0,2209.0,3.0,2.0,1884.0,1968.0,7971.48,singleFamily,0,298740.0,2025,https://www.zillow.com,https://photos.zillowstatic.com/fp/8ed75df5063a4bd6a513e76c96cba273-p_c.jpg,2026-08-10 09:16,For Sale
441553139,1159 Riverwood Rd,75217,Dallas,TX,32.696877,-96.69022,395000,202.0,,393700.0,2728.0,3.0,2.0,1953.0,2026.0,0.32,singleFamily,100,,,https://www.zillow.com,https://photos.zillowstatic.com/fp/5e60edef3e0dc6d52b2c328b05e87f0f-p_c.jpg,2026-08-10 09:16,For Sale
463741884,332 Avenue E E,75203,Dallas,TX,32.745186,-96.794556,320000,183.0,-14500.0,319200.0,2922.0,3.0,3.0,1747.0,2023.0,4443.12,singleFamily,32,,,https://www.zillow.com,https://photos.zillowstatic.com/fp/4fe6e74274a1e732fa14be9c91dc25fd-p_c.jpg,2026-08-10 09:16,For Sale
462787428,3193 & 3195 Stag Rd,75241,Dallas,TX,32.69554,-96.76238,685000,199.0,-15000.0,679300.0,2678.0,6.0,6.0,3440.0,2026.0,6882.48,multiFamily,72,,,https://www.zillow.com,https://photos.zillowstatic.com/fp/9c6a2122c5adca5037f39bbcd556103b-p_c.jpg,2026-08-10 09:16,For Sale
26844596,2506 Gross Rd,75228,Dallas,TX,32.813946,-96.673035,499900,172.0,-60100.0,496200.0,3414.0,5.0,4.0,2900.0,2026.0,9757.44,singleFamily,66,229740.0,2025,https://www.zillow.com,https://photos.zillowstatic.com/fp/4daa8d36c980689eb1f33c910e84db1a-p_c.jpg,2026-08-10 09:16,For Sale
26903486,6103 Aberdeen Ave,75230,Dallas,TX,32.882557,-96.801414,5695000,999.0,,5343000.0,8363.0,4.0,7.0,5700.0,2026.0,0.35600000000000004,singleFamily,68,2502990.0,2025,https://www.zillow.com,https://photos.zillowstatic.com/fp/a508c0c472ce76b65252713f92f3c64f-p_c.jpg,2026-08-10 09:16,For Sale
26814280,6625 Speight St,75232,Dallas,TX,32.66712,-96.82705,199900,104.0,,200000.0,1353.0,5.0,3.0,1913.0,1949.0,10236.6,singleFamily,4,133220.0,2025,https://www.zillow.com,https://photos.zillowstatic.com/fp/7ad37d6f718ce268a186c1e448abb6ff-p_c.jpg,2026-08-10 09:16,For Sale
2058378212,5548 Sears St,75206,Dallas,TX,32.814423,-96.77279,1075000,421.0,,,,3.0,3.0,2552.0,2023.0,7492.32,singleFamily,2,1092740.0,2025,https://www.zillow.com,https://photos.zillowstatic.com/fp/08b8134fcebc309ea56707adba72eccf-p_c.jpg,2026-08-10 09:16,For Sale
26698597,4523 Metropolitan Ave,75210,Dallas,TX,32.778656,-96.745995,259900,184.0,,,1928.0,3.0,2.0,1415.0,2026.0,5967.72,singleFamily,3,42450.0,2025,https://www.zillow.com,https://photos.zillowstatic.com/fp/a8fe76d9dd50a73d7c8fa0581b165d53-p_c.jpg,2026-08-10 09:16,For Sale
111958964,4039 Congress Ave Suite 201,75219,Dallas,TX,32.80855,-96.81305,474900,310.0,,,,2.0,3.0,1532.0,2007.0,8494.2,townhome,3,321720.0,2025,https://www.zillow.com,https://photos.zillowstatic.com/fp/399061f614ba1f502064614684ad9fd1-p_c.jpg,2026-08-10 09:16,For Sale
333139944,613 N Dwight Ave,75211,Dallas,TX,32.750134,-96.90789,429000,227.0,-20900.0,423500.0,3029.0,4.0,2.0,1894.0,2026.0,8712.0,singleFamily,67,62720.0,2025,https://www.zillow.com,https://photos.zillowstatic.com/fp/4f32e476feac9b5828c28b5dc447e358-p_c.jpg,2026-08-10 09:16,For Sale
26726058,2702 Lawtherwood Ct,75214,Dallas,TX,32.82001,-96.73198,1200000,375.0,,1154000.0,5235.0,4.0,5.0,3197.0,1994.0,6011.28,singleFamily,10,1143870.0,2025,https://www.zillow.com,https://photos.zillowstatic.com/fp/091831c22edd80a28aba937e0b7fc340-p_c.jpg,2026-08-10 09:16,For Sale
26850845,8923 Rolling Rock Ln,75238,Dallas,TX,32.870514,-96.694145,520000,308.0,,500600.0,2841.0,3.0,2.0,1688.0,1956.0,0.254,singleFamily,18,534000.0,2025,https://www.zillow.com,https://photos.zillowstatic.com/fp/3982c902399270ee091885c4a858b59f-p_c.jpg,2026-08-10 09:16,For Sale
162239624,7126 Edgerton Dr,75231,Dallas,TX,32.8549,-96.73759,639000,249.0,-10000.0,618400.0,4250.0,4.0,4.0,2570.0,1955.0,0.313,singleFamily,397,691950.0,2025,https://www.zillow.com,https://photos.zillowstatic.com/fp/157e01a5ba532894c3f548020339249e-p_c.jpg,2026-08-10 09:16,For Sale
26739842,9035 San Benito Way,75218,Dallas,TX,32.822525,-96.702446,1729000,402.0,-50000.0,1683900.0,7741.0,4.0,5.0,4300.0,2026.0,9583.2,singleFamily,43,441580.0,2025,https://www.zillow.com,https://photos.zillowstatic.com/fp/678df14ef6101e4e9f8c19b370b60944-p_c.jpg,2026-08-10 09:16,For Sale
26831966,327 Bon Aire Dr,75218,Dallas,TX,32.859634,-96.706,649900,362.0,-25100.0,,,3.0,3.0,1793.0,1953.0,7318.08,singleFamily,18,466060.0,2025,https://www.zillow.com,https://photos.zillowstatic.com/fp/583c9ced72233bacf847f22e4348c69a-p_c.jpg,2026-08-10 09:16,For Sale
26736375,3819 Wemdon Dr,75220,Dallas,TX,32.86563,-96.85217,1300000,267.0,,1275300.0,6230.0,6.0,8.0,4870.0,2024.0,9321.84,singleFamily,24,1605800.0,2025,https://www.zillow.com,https://photos.zillowstatic.com/fp/7a5f48f0b4fe34073f43f01f11cc250f-p_c.jpg,2026-08-10 09:16,For Sale
26753128,6930 Pemberton Dr,75230,Dallas,TX,32.890812,-96.78589,4095000,547.0,-200000.0,3907700.0,7048.0,5.0,8.0,7488.0,2026.0,0.33699999999999997,singleFamily,45,807110.0,2025,https://www.zillow.com,https://photos.zillowstatic.com/fp/222e57e491a3eb0d423c9cc0d32da74c-p_c.jpg,2026-08-10 09:16,For Sale
26882562,13052 Fall Manor Dr,75243,Dallas,TX,32.92621,-96.712944,476795,182.0,-3000.0,473200.0,3860.0,4.0,3.0,2619.0,1979.0,0.252,singleFamily,52,478820.0,2025,https://www.zillow.com,https://photos.zillowstatic.com/fp/a0577111af8f2bbf085f8cd36b9a9bb1-p_c.jpg,2026-08-10 09:16,For Sale
26707526,6835 Redstart Ln,75214,Dallas,TX,32.837543,-96.73887,3100000,547.0,,2965400.0,4390.0,5.0,7.0,5665.0,2026.0,9060.48,singleFamily,6,888630.0,2025,https://www.zillow.com,https://photos.zillowstatic.com/fp/215596bc7197b96ac091cea755ba5fd6-p_c.jpg,2026-08-10 09:16,For Sale
26875510,7220 Canongate Dr,75248,Dallas,TX,32.97878,-96.78028,750000,336.0,,723700.0,4278.0,4.0,3.0,2232.0,1976.0,8276.4,singleFamily,12,598000.0,2025,https://www.zillow.com,https://photos.zillowstatic.com/fp/8ec08b39eaa336c461e0105e2599bee6-p_c.jpg,2026-08-10 09:16,For Sale
26697311,5318 Denton Dr,75235,Dallas,TX,32.82033,-96.82966,879900,372.0,-15100.0,856300.0,4964.0,3.0,3.0,2365.0,1999.0,7579.44,singleFamily,30,678430.0,2025,https://www.zillow.com,https://photos.zillowstatic.com/fp/f9a81c10f8db4a31caf200d294312b25-p_c.jpg,2026-08-10 09:16,For Sale
26912838,9535 Viewside Dr,75231,Dallas,TX,32.89153,-96.73706,759995,289.0,,735200.0,4332.0,4.0,3.0,2627.0,1980.0,10759.32,singleFamily,16,719000.0,2025,https://www.zillow.com,https://photos.zillowstatic.com/fp/07fc3ab735ecacebe34610f141b61624-p_c.jpg,2026-08-10 09:16,For Sale
26890961,7010 McKamy Blvd,75248,Dallas,TX,32.98315,-96.78468,1299000,328.0,-100000.0,1263700.0,7250.0,5.0,5.0,3966.0,1978.0,0.324,singleFamily,54,1060000.0,2025,https://www.zillow.com,https://photos.zillowstatic.com/fp/dbab2fc0269d01363d658e68d49f1239-p_c.jpg,2026-08-10 09:16,For Sale
26697261,5222 Bradford Dr,75235,Dallas,TX,32.82093,-96.82738,729000,460.0,,703400.0,3715.0,3.0,2.0,1584.0,1929.0,7230.96,singleFamily,17,660000.0,2025,https://www.zillow.com,https://photos.zillowstatic.com/fp/1012dd84c07b4a9caea4fac8bda38974-p_c.jpg,2026-08-10 09:16,For Sale
162361676,9946 Vistadale Dr,75238,Dallas,TX,32.888195,-96.71434,779500,341.0,-5500.0,755900.0,4294.0,4.0,3.0,2286.0,1966.0,8799.12,singleFamily,45,583000.0,2025,https://www.zillow.com,https://photos.zillowstatic.com/fp/bdeb5a26a62df9a6855b93fa3e0fcb84-p_c.jpg,2026-08-10 09:16,For Sale
80228934,1910 Hope St Unit 15,75206,Dallas,TX,32.813038,-96.76904,595000,338.0,,582300.0,3997.0,3.0,4.0,1758.0,2005.0,0.548,townhome,4,559990.0,2025,https://www.zillow.com,https://photos.zillowstatic.com/fp/700e8e2f71b61f3a7503476be531c64e-p_c.jpg,2026-08-10 09:16,For Sale
26807199,10255 Timber Trail Dr,75229,Dallas,TX,32.88647,-96.85776,610000,235.0,-12000.0,586200.0,4059.0,4.0,3.0,2599.0,1964.0,0.48100000000000004,singleFamily,10,762610.0,2025,https://www.zillow.com,https://photos.zillowstatic.com/fp/96d6bda3665d3b7823e9e2dd8ab63b58-p_c.jpg,2026-08-10 09:16,For Sale
96504502,2634 Bainbridge Dr,75237,Dallas,TX,32.663048,-96.862625,619000,259.0,,,,5.0,4.0,2391.0,2026.0,0.619,singleFamily,130,85000.0,2025,https://www.zillow.com,https://photos.zillowstatic.com/fp/b673936ab69f4c245926b291f1d96678-p_c.jpg,2026-08-10 09:16,For Sale
26901389,5335 Bent Tree Forest Dr APT 119,75248,Dallas,TX,32.965923,-96.81654,124900,160.0,-20000.0,,1372.0,1.0,2.0,783.0,1981.0,8.766,singleFamily,142,198790.0,2025,https://www.zillow.com,https://photos.zillowstatic.com/fp/8e2c10f78e61b15e14f30ae8f931eff1-p_c.jpg,2026-08-10 09:16,For Sale
26786001,4837 Ashbrook Rd,75227,Dallas,TX,32.78557,-96.71162,517000,222.0,-2000.0,508200.0,2945.0,4.0,3.0,2328.0,1970.0,0.296,singleFamily,12,325000.0,2025,https://www.zillow.com,https://photos.zillowstatic.com/fp/e228a54a1cdcf9dce2f2e5b3b1cdbda1-p_c.jpg,2026-08-10 09:16,For Sale
26798997,7232 Rosemont Rd,75217,Dallas,TX,32.725903,-96.69686,205000,163.0,,,1810.0,3.0,1.0,1256.0,1933.0,2.0,singleFamily,5,280730.0,2025,https://www.zillow.com,https://photos.zillowstatic.com/fp/8efb3e045a518da6e478113aad5c9d02-p_c.jpg,2026-08-10 09:16,For Sale
53072166,5925 Still Forest Dr,75252,Dallas,TX,32.992638,-96.80584,899000,293.0,,873200.0,5111.0,4.0,3.0,3065.0,1983.0,6098.4,singleFamily,3,705279.0,2025,https://www.zillow.com,https://photos.zillowstatic.com/fp/c4ee76f99b7a25c2a5d21602db0a8138-p_c.jpg,2026-08-10 09:16,For Sale
26810764,3121 Park Ln #1145,75220,Dallas,TX,32.87637,-96.87357,85000,88.0,-2500.0,74500.0,1831.0,2.0,2.0,970.0,1969.0,9.125,townhome,2,135800.0,2025,https://www.zillow.com,https://photos.zillowstatic.com/fp/b7e760e2db8e4b916c2af2247af1b12a-p_c.jpg,2026-08-10 09:16,For Sale
26828913,5723 Meletio Ln,75230,Dallas,TX,32.916756,-96.8106,3599999,629.0,-199001.0,3456500.0,19913.0,5.0,7.0,5725.0,2026.0,0.37,singleFamily,36,1957530.0,2025,https://www.zillow.com,https://photos.zillowstatic.com/fp/3fea3e014e0ce150c7d9ee4720752620-p_c.jpg,2026-08-10 09:16,For Sale
26864854,10148 Dentport Dr,75238,Dallas,TX,32.880157,-96.70981,1125000,347.0,,,,5.0,4.0,3242.0,1967.0,10018.8,singleFamily,23,688000.0,2025,https://www.zillow.com,https://photos.zillowstatic.com/fp/1c9a4ab70df61bfd296f93c1e1d3b5c9-p_c.jpg,2026-08-10 09:16,For Sale
96535061,272 W Lawson Rd Trailer 231,75253,Dallas,TX,32.697445,-96.574326,109999,70.0,-24996.0,,2080.0,3.0,2.0,1568.0,2021.0,6500.0,manufactured,240,4940.0,2020,https://www.zillow.com,https://photos.zillowstatic.com/fp/f57312f0cebc99483a2e0e7e75d0cb0f-p_c.jpg,2026-08-10 09:16,For Sale
26815370,745 Clearwood Dr,75232,Dallas,TX,32.661022,-96.83368,259999,128.0,,255900.0,1779.0,6.0,2.0,2028.0,1956.0,7623.0,singleFamily,7,248940.0,2025,https://www.zillow.com,https://photos.zillowstatic.com/fp/8c925e6967aa37e8a098d4e95ff3e680-p_c.jpg,2026-08-10 09:16,For Sale
26760614,5610 Greenbrier Dr,75209,Dallas,TX,32.857655,-96.8169,2025000,717.0,,1917100.0,4298.0,4.0,2.0,2826.0,1948.0,0.267,singleFamily,4,1790680.0,2025,https://www.zillow.com,https://photos.zillowstatic.com/fp/f41bfe3d14ffc6d930ce9f53d5cf98e1-p_c.jpg,2026-08-10 09:16,For Sale
26883459,11926 Leisure Dr,75243,Dallas,TX,32.911163,-96.71145,175000,118.0,-9900.0,168000.0,2117.0,3.0,3.0,1478.0,1974.0,2613.6,townhome,53,237900.0,2025,https://www.zillow.com,https://photos.zillowstatic.com/fp/bb78898cd61d739bace1d102375e5263-p_c.jpg,2026-08-10 09:16,For Sale
26869003,9517 Fallbrook Dr,75243,Dallas,TX,32.902004,-96.73191,650000,254.0,-15000.0,,,3.0,3.0,2556.0,1973.0,8276.4,singleFamily,66,608420.0,2025,https://www.zillow.com,https://photos.zillowstatic.com/fp/d0fcb1ce9deaff6780213af55ae1a252-p_c.jpg,2026-08-10 09:16,For Sale
26753100,6910 Waggoner Pl,75230,Dallas,TX,32.887016,-96.78613,1499000,484.0,,1432800.0,7518.0,4.0,5.0,3097.0,1971.0,0.332,singleFamily,52,1060890.0,2025,https://www.zillow.com,https://photos.zillowstatic.com/fp/0f0916589e00f9672133fa45a23727f4-p_c.jpg,2026-08-10 09:16,For Sale
26814311,6633 Emhouse St,75232,Dallas,TX,32.66675,-96.828224,240000,138.0,-5000.0,237100.0,2034.0,4.0,2.0,1738.0,1949.0,10062.36,singleFamily,47,265760.0,2025,https://www.zillow.com,https://photos.zillowstatic.com/fp/ac3bc145aec85a5e339c8ee0d2272778-p_c.jpg,2026-08-10 09:16,For Sale
26913325,12919 Woodbend Ln,75243,Dallas,TX,32.918846,-96.73415,299900,185.0,,293700.0,2342.0,3.0,3.0,1620.0,1983.0,2090.88,singleFamily,2,310140.0,2025,https://www.zillow.com,https://photos.zillowstatic.com/fp/a83689c1238c0a640039e4688080d537-p_c.jpg,2026-08-10 09:16,For Sale
26803777,11712 Jamestown Rd,75230,Dallas,TX,32.908096,-96.806816,3250000,553.0,,3067900.0,15508.0,6.0,6.0,5882.0,2018.0,0.367,singleFamily,5,3214410.0,2025,https://www.zillow.com,https://photos.zillowstatic.com/fp/5eaaa5060083c455ed4468e017087d01-p_c.jpg,2026-08-10 09:16,For Sale
26891098,7233 Bayberry Ln,75249,Dallas,TX,32.644577,-96.94688,349900,145.0,-30000.0,,,4.0,3.0,2420.0,1978.0,7666.56,singleFamily,31,339650.0,2025,https://www.zillow.com,https://photos.zillowstatic.com/fp/3b13d3e9775491dfa659be6af0921821-p_c.jpg,2026-08-10 09:16,For Sale
26748957,6050 Melody Ln APT 107,75231,Dallas,TX,32.867275,-96.76023,110000,98.0,-4500.0,,1371.0,2.0,2.0,1127.0,1979.0,,condo,416,150990.0,2025,https://www.zillow.com,https://photos.zillowstatic.com/fp/2a5b64d7e2042cb2b38da9bdf10acd8e-p_c.jpg,2026-08-10 09:16,For Sale
26868720,9406 Hilldale Dr,75231,Dallas,TX,32.889877,-96.74129,995000,364.0,-4900.0,964000.0,6820.0,4.0,4.0,2730.0,1979.0,0.29350000000000004,singleFamily,32,800420.0,2025,https://www.zillow.com,https://photos.zillowstatic.com/fp/4dc973ac4f9cac5e2a24819ea4b14c12-p_c.jpg,2026-08-10 09:16,For Sale
26702619,6203 Marquita Ave,75214,Dallas,TX,32.825874,-96.75789,800000,491.0,,765900.0,3941.0,3.0,2.0,1629.0,1953.0,9321.84,singleFamily,11,777710.0,2025,https://www.zillow.com,https://photos.zillowstatic.com/fp/d6917ee455266f0ce5cf829872f9ef1c-p_c.jpg,2026-08-10 09:16,For Sale
67962082,3164 Saint Dominic Cir,75233,Dallas,TX,32.709225,-96.87288,294900,150.0,,,,4.0,3.0,1960.0,2004.0,8058.6,singleFamily,54,298530.0,2025,https://www.zillow.com,https://photos.zillowstatic.com/fp/108cfe79fb06d993b35985bd04a6d586-p_c.jpg,2026-08-10 09:16,For Sale
463650776,4418 Myrtle,75210,Dallas,TX,32.75643,-96.75614,229900,178.0,-5000.0,229600.0,1939.0,3.0,2.0,1290.0,2026.0,6250.86,singleFamily,37,,,https://www.zillow.com,https://photos.zillowstatic.com/fp/3bf5e8c69b3cc8499afa4f5a2075f4cc-p_c.jpg,2026-08-10 09:16,For Sale
96536144,8820 Eustis Ave,75218,Dallas,TX,32.817764,-96.70191,750000,644.0,,716800.0,2267.0,2.0,2.0,1164.0,2012.0,0.26,singleFamily,11,604480.0,2025,https://www.zillow.com,https://photos.zillowstatic.com/fp/3adc28ea613dbcd7ba0b4271dfbfc20f-p_c.jpg,2026-08-10 09:16,For Sale
96532420,5332 Preservation Ln,75236,Dallas,TX,32.683784,-96.93519,545000,167.0,,532600.0,4040.0,4.0,3.0,3265.0,2012.0,0.351,singleFamily,6,543790.0,2025,https://www.zillow.com,https://photos.zillowstatic.com/fp/4021d04c9247a5e870741e2280508649-p_c.jpg,2026-08-10 09:16,For Sale
26736935,4319 Glenhaven Blvd,75211,Dallas,TX,32.72941,-96.89064,258000,235.0,,256800.0,2019.0,3.0,2.0,1096.0,1944.0,6446.88,singleFamily,6,242000.0,2025,https://www.zillow.com,https://photos.zillowstatic.com/fp/bb082a87cf1c49030d7b5f4fe55377e4-p_c.jpg,2026-08-10 09:16,For Sale
26786620,559 Coolair Dr,75218,Dallas,TX,32.8512,-96.711685,1299000,392.0,-26000.0,1267400.0,5181.0,4.0,4.0,3317.0,2022.0,7056.72,singleFamily,24,1282980.0,2025,https://www.zillow.com,https://photos.zillowstatic.com/fp/1024f048360f54d79269333ba5495690-p_c.jpg,2026-08-10 09:16,For Sale
26723849,1227 Wilbur St,75224,Dallas,TX,32.722607,-96.84315,349000,191.0,,344500.0,2604.0,5.0,2.0,1832.0,1937.0,7840.8,singleFamily,15,382770.0,2025,https://www.zillow.com,https://photos.zillowstatic.com/fp/136f635ebce59281e6d3b69cae63684e-p_c.jpg,2026-08-10 09:16,For Sale
464324863,4004 & 4006 S Denley Dr,75216,Dallas,TX,32.760754,-96.771545,720000,209.0,,,,6.0,8.0,3442.0,2026.0,0.2797,multiFamily,5,,,https://www.zillow.com,https://photos.zillowstatic.com/fp/503310ffb13941223261941699b60b77-p_c.jpg,2026-08-10 09:16,For Sale
26859033,10819 Lochspring Dr,75218,Dallas,TX,32.860165,-96.69968,1050000,385.0,-15000.0,1016300.0,4989.0,5.0,3.0,2730.0,1969.0,0.252,singleFamily,83,674270.0,2025,https://www.zillow.com,https://photos.zillowstatic.com/fp/5057cd36d9ab83978c03e7090e69066b-p_c.jpg,2026-08-10 09:16,For Sale
26848714,6620 Clubhouse Cir,75240,Dallas,TX,32.928497,-96.793976,1295000,293.0,-105000.0,1238500.0,4918.0,4.0,4.0,4419.0,1980.0,0.45999999999999996,singleFamily,13,1028140.0,2025,https://www.zillow.com,https://photos.zillowstatic.com/fp/0a06daf247693fa28665b642c626517f-p_c.jpg,2026-08-10 09:16,For Sale
55172819,3172 Harbinger Ln,75287,Dallas,TX,32.99436,-96.86639,275000,217.0,-24000.0,272200.0,1954.0,2.0,2.0,1268.0,1984.0,4312.44,singleFamily,123,304124.0,2025,https://www.zillow.com,https://photos.zillowstatic.com/fp/a974d831dfd59004825cca0c17791f82-p_c.jpg,2026-08-10 09:16,For Sale
26908289,2635 Oak Bend Ln,75227,Dallas,TX,32.790703,-96.78664,265000,164.0,,259100.0,1873.0,3.0,2.0,1611.0,1986.0,3650.328,singleFamily,4,250090.0,2025,https://www.zillow.com,https://photos.zillowstatic.com/fp/4c9761f09bc2a5ef4376a35fab8eba34-p_c.jpg,2026-08-10 09:16,For Sale
26871596,7308 Tangleglen Dr,75248,Dallas,TX,32.951824,-96.781136,2399999,499.0,,2323900.0,7875.0,5.0,6.0,4807.0,2026.0,0.344,singleFamily,24,707610.0,2025,https://www.zillow.com,https://photos.zillowstatic.com/fp/720ae454b0941e3b8421d61085a0e95a-p_c.jpg,2026-08-10 09:16,For Sale
26847032,9016 Bretshire Dr,75228,Dallas,TX,32.811016,-96.69464,550000,258.0,-5000.0,542700.0,3061.0,3.0,2.0,2134.0,1962.0,8537.76,singleFamily,58,484240.0,2025,https://www.zillow.com,https://photos.zillowstatic.com/fp/7b67c5a29453488cb8ab499d209762a5-p_c.jpg,2026-08-10 09:16,For Sale
26689012,5314 Swiss Ave,75214,Dallas,TX,32.804806,-96.76565,2750000,444.0,-115000.0,,,4.0,6.0,6187.0,1916.0,0.444,singleFamily,170,2240000.0,2025,https://www.zillow.com,https://photos.zillowstatic.com/fp/1e7c5bf2ca643b67e3c974df3ee9ea91-p_c.jpg,2026-08-10 09:16,For Sale
26848500,6929 Elmridge Dr,75240,Dallas,TX,32.935173,-96.78496,1999999,625.0,,1880300.0,6992.0,4.0,4.0,3199.0,1961.0,0.7580000000000001,singleFamily,40,1351460.0,2025,https://www.zillow.com,https://photos.zillowstatic.com/fp/f29ea391556e8c0b369473c36bc55f31-p_c.jpg,2026-08-10 09:16,For Sale
26760260,5726 W Hanover Ave,75209,Dallas,TX,32.854946,-96.81413,2399000,661.0,,2282900.0,7199.0,4.0,4.0,3629.0,2012.0,7492.32,singleFamily,7,1889000.0,2025,https://www.zillow.com,https://photos.zillowstatic.com/fp/45793b860da0cfe4db5b2c96ee9dd9ed-p_c.jpg,2026-08-10 09:16,For Sale
80221886,226 Cliff Heights Cir,75241,Dallas,TX,32.654808,-96.82023,244900,159.0,-10000.0,,,5.0,2.0,1543.0,2006.0,2962.08,singleFamily,33,231660.0,2025,https://www.zillow.com,https://photos.zillowstatic.com/fp/303884ba9ad7d950d131e5d41641717a-p_c.jpg,2026-08-10 09:16,For Sale
26892486,7334 Oakmore Dr,75249,Dallas,TX,32.63114,-96.95059,319997,154.0,,,2796.0,4.0,2.0,2083.0,1979.0,6664.68,singleFamily,39,300810.0,2025,https://www.zillow.com,https://photos.zillowstatic.com/fp/df5bdf5606e9132163a16a7f3accc1e3-p_c.jpg,2026-08-10 09:16,For Sale
26751352,7820 Bryn Mawr Dr,75225,Dallas,TX,32.855736,-96.772224,3395000,619.0,,,,6.0,7.0,5486.0,2006.0,0.257,singleFamily,4,2653500.0,2025,https://www.zillow.com,https://photos.zillowstatic.com/fp/b0308c759be82423ac2d9ae68bb2d3f4-p_c.jpg,2026-08-10 09:16,For Sale
26709762,218 N Rosemont Ave,75208,Dallas,TX,32.747173,-96.84747,475000,247.0,-24900.0,456400.0,3114.0,3.0,2.0,1921.0,1925.0,7318.08,singleFamily,23,454000.0,2025,https://www.zillow.com,https://photos.zillowstatic.com/fp/75c20363b6a40f26452d7efef7a69685-p_c.jpg,2026-08-10 09:16,For Sale
27298891,17909 Brent Dr,75287,Dallas,TX,32.994884,-96.862274,474999,192.0,-15000.0,,,4.0,3.0,2470.0,1998.0,5967.72,singleFamily,136,481274.0,2025,https://www.zillow.com,https://photos.zillowstatic.com/fp/273f58d070bdebb1020343a7978923eb-p_c.jpg,2026-08-10 09:16,For Sale
26851199,8630 Rolling Rock Ln,75238,Dallas,TX,32.866524,-96.692635,699900,336.0,-50100.0,680400.0,3780.0,4.0,4.0,2083.0,1955.0,8058.6,singleFamily,34,661180.0,2025,https://www.zillow.com,https://photos.zillowstatic.com/fp/8fee0696109ab0dfa47d3d6222a8e32d-p_c.jpg,2026-08-10 09:16,For Sale
26756446,6466 Royal Ln,75230,Dallas,TX,32.89444,-96.7937,3200000,537.0,,3076600.0,5790.0,5.0,8.0,5954.0,2026.0,0.3673,singleFamily,14,2181970.0,2025,https://www.zillow.com,https://photos.zillowstatic.com/fp/72faded10d6c59d614b428e0d68a2d55-p_c.jpg,2026-08-10 09:16,For Sale
162404765,8001 Rothington Rd APT 31-37,75227,Dallas,TX,32.782516,-96.68679,580000,142.0,,563600.0,1183.0,8.0,8.0,4084.0,1983.0,9321.84,multiFamily,38,486570.0,2025,https://www.zillow.com,https://photos.zillowstatic.com/fp/7998467842d7a4cb504f5f372895e395-p_c.jpg,2026-08-10 09:16,For Sale
336885743,7333 Valley View Ln Unit 807,75240,Dallas,TX,32.92667,-96.778564,399000,264.0,-13000.0,392000.0,2784.0,2.0,3.0,1514.0,2019.0,871.2,townhome,46,354740.0,2025,https://www.zillow.com,https://photos.zillowstatic.com/fp/321efea4a04ec2a1ca355983f6a11c45-p_c.jpg,2026-08-10 09:16,For Sale
60350395,272 W Lawson Rd Trailer 49,75253,Dallas,TX,32.695274,-96.57487,89999,74.0,,,2107.0,3.0,2.0,1216.0,2002.0,5662.8,manufactured,12,6940.0,2025,https://www.zillow.com,https://photos.zillowstatic.com/fp/38a2368940745c68bb3d31cebe9b0378-p_c.jpg,2026-08-10 09:16,For Sale
26704177,5460 Anita St,75206,Dallas,TX,32.83437,-96.77461,850000,290.0,-29000.0,,,5.0,5.0,2928.0,1956.0,8755.56,multiFamily,94,668380.0,2025,https://www.zillow.com,https://photos.zillowstatic.com/fp/1d509c0b5ea187b94353a4dffeca4787-p_c.jpg,2026-08-10 09:16,For Sale
26715598,2404 Maryland Ave,75216,Dallas,TX,32.718815,-96.81294,225000,188.0,-25000.0,,1910.0,2.0,2.0,1200.0,1925.0,7405.2,multiFamily,109,246000.0,2025,https://www.zillow.com,https://photos.zillowstatic.com/fp/6260a1ce53211b0b4d733c02dd60e959-p_c.jpg,2026-08-10 09:16,For Sale
26696257,907 Monte Vista Dr,75223,Dallas,TX,32.803738,-96.74064,799000,389.0,,,,3.0,2.0,2052.0,1945.0,7666.56,singleFamily,5,820310.0,2025,https://www.zillow.com,https://photos.zillowstatic.com/fp/fe55c7228b152012230ec23ac8f7e278-p_c.jpg,2026-08-10 09:16,For Sale
26687741,4618 Spring Garden Rd,75215,Dallas,TX,32.761597,-96.74742,314900,212.0,-5099.0,313900.0,1950.0,3.0,2.0,1485.0,2026.0,6011.28,singleFamily,156,65000.0,2025,https://www.zillow.com,https://photos.zillowstatic.com/fp/24f82b5a0f88d8fa57e222a8799c066a-p_c.jpg,2026-08-10 09:16,For Sale
26891262,8507 Sugarberry Pl,75249,Dallas,TX,32.64531,-96.94547,209900,150.0,-30000.0,,,3.0,2.0,1403.0,1981.0,7405.2,singleFamily,37,237920.0,2025,https://www.zillow.com,https://photos.zillowstatic.com/fp/1282a8114f89e62d63d4003ec1bfba92-p_c.jpg,2026-08-10 09:16,For Sale
26740748,8702 San Fernando Way,75218,Dallas,TX,32.820957,-96.7085,825000,313.0,-50000.0,818400.0,6141.0,3.0,2.0,2638.0,2014.0,8015.04,singleFamily,143,1262570.0,2025,https://www.zillow.com,https://photos.zillowstatic.com/fp/61b398d8216f961540e664eb86399af2-p_c.jpg,2026-08-10 09:16,For Sale
26698911,3739 N Versailles Ave,75209,Dallas,TX,32.83079,-96.8217,3295000,629.0,,3061600.0,8790.0,5.0,6.0,5242.0,1992.0,8886.24,singleFamily,22,1870470.0,2025,https://www.zillow.com,https://photos.zillowstatic.com/fp/a499cb6ba881eb0d543f2fa183a89704-p_c.jpg,2026-08-10 09:16,For Sale
53390066,1412 Santa Elena Plz,75211,Dallas,TX,32.733715,-96.915115,309500,164.0,-5500.0,305400.0,2542.0,4.0,3.0,1886.0,2000.0,6185.52,singleFamily,68,329800.0,2025,https://www.zillow.com,https://photos.zillowstatic.com/fp/f28dcf185c978c70092bbfb0d19bf917-p_c.jpg,2026-08-10 09:16,For Sale
2059889790,2923 Green Meadow Dr,75228,Dallas,TX,32.8098,-96.69409,399999,174.0,-15001.0,392700.0,1848.0,4.0,3.0,2300.0,1962.0,9104.04,singleFamily,10,,,https://www.zillow.com,https://photos.zillowstatic.com/fp/0048fb63d23dc7916817ea03b61c26cf-p_c.jpg,2026-08-10 09:16,For Sale
26739896,8619 San Benito Way,75218,Dallas,TX,32.81829,-96.70739,1500000,546.0,,,,3.0,3.0,2746.0,2017.0,7927.92,singleFamily,117,1199700.0,2025,https://www.zillow.com,https://photos.zillowstatic.com/fp/e14fad724ea1f5d6726640aed8c35d5e-p_c.jpg,2026-08-10 09:16,For Sale
26701570,6427 Lakewood Blvd,75214,Dallas,TX,32.818043,-96.751884,1700000,464.0,-50000.0,,,5.0,4.0,3662.0,1925.0,8799.12,singleFamily,93,1320700.0,2025,https://www.zillow.com,https://photos.zillowstatic.com/fp/48e1c5704ef78e182648c47376e7d0d1-p_c.jpg,2026-08-10 09:16,For Sale
96503850,1011 S Waverly Dr,75208,Dallas,TX,32.735634,-96.84955,475000,135.0,-24900.0,467800.0,6017.0,5.0,4.0,3506.0,2022.0,7274.52,singleFamily,95,833230.0,2025,https://www.zillow.com,https://photos.zillowstatic.com/fp/18191b0fb386ba9516d4de76b213efe3-p_c.jpg,2026-08-10 09:16,For Sale
26733671,5414 W University Blvd,75209,Dallas,TX,32.84496,-96.81834,1749000,672.0,,,,3.0,3.0,2602.0,1951.0,0.277,singleFamily,15,1330000.0,2025,https://www.zillow.com,https://photos.zillowstatic.com/fp/430ea2b68febf2d21d0cfe94e317755f-p_c.jpg,2026-08-10 09:16,For Sale
26704599,5332 Longview St,75206,Dallas,TX,32.830578,-96.778336,739000,357.0,-20000.0,,,3.0,3.0,2068.0,2005.0,3963.96,singleFamily,91,731620.0,2025,https://www.zillow.com,https://photos.zillowstatic.com/fp/4390a125fc11517c3b759ed69c99bcae-p_c.jpg,2026-08-10 09:16,For Sale
26752176,6902 Deloache Ave,75225,Dallas,TX,32.870697,-96.78647,1349000,446.0,,1313500.0,7629.0,4.0,3.0,3028.0,1979.0,8973.36,singleFamily,31,1325000.0,2025,https://www.zillow.com,https://photos.zillowstatic.com/fp/8ddfa7c3c65b2331b57c7dd5887386aa-p_c.jpg,2026-08-10 09:16,For Sale
26848384,13693 Peyton Dr,75240,Dallas,TX,32.934937,-96.778435,1595000,367.0,-50000.0,1563600.0,7604.0,5.0,6.0,4347.0,2023.0,0.569,singleFamily,60,1255000.0,2025,https://www.zillow.com,https://photos.zillowstatic.com/fp/d163449193dfada43b943e6d54d278ae-p_c.jpg,2026-08-10 09:16,For Sale
96519726,438 Bonnie View Rd,75203,Dallas,TX,32.743176,-96.794655,559000,206.0,,553200.0,3852.0,5.0,3.0,2720.0,2026.0,3920.4,singleFamily,17,90000.0,2025,https://www.zillow.com,https://photos.zillowstatic.com/fp/ba14faaf476395c65314b5bde59d1ac7-p_c.jpg,2026-08-10 09:16,For Sale
26717381,1144 N Windomere Ave,75208,Dallas,TX,32.758827,-96.84359,920000,504.0,,,,3.0,2.0,1826.0,1928.0,7492.32,singleFamily,11,685520.0,2025,https://www.zillow.com,https://photos.zillowstatic.com/fp/f1e0787668fb9df2f04f82ed41bdbee7-p_c.jpg,2026-08-10 09:16,For Sale
26717089,1314 Arborvitae Ave,75224,Dallas,TX,32.730717,-96.823456,314999,219.0,,,2443.0,3.0,2.0,1441.0,1945.0,7318.08,singleFamily,9,148690.0,2021,https://www.zillow.com,https://photos.zillowstatic.com/fp/5d5bc2e4ca6fffb04b8df69875eff7a7-p_c.jpg,2026-08-10 09:16,For Sale
26756970,10920 Strait Ln,75229,Dallas,TX,32.898327,-96.82428,9750000,870.0,-249999.0,9114600.0,7133.0,6.0,10.0,11211.0,2025.0,0.721,singleFamily,102,9362840.0,2025,https://www.zillow.com,https://photos.zillowstatic.com/fp/20d0cf0eb60450b125fba124e6413651-p_c.jpg,2026-08-10 09:16,For Sale
26651508,6040 Fieldstone Dr,75252,Dallas,TX,33.004803,-96.79964,715000,206.0,,688400.0,5098.0,4.0,3.0,3463.0,1993.0,0.32999999999999996,singleFamily,5,739968.0,2025,https://www.zillow.com,https://photos.zillowstatic.com/fp/6b19e36ebfb82fd38bfbb77d6c365c89-p_c.jpg,2026-08-10 09:16,For Sale
26657129,5103 Lincolnshire Ct,75287,Dallas,TX,33.002506,-96.82194,1700000,340.0,,1604200.0,5929.0,6.0,7.0,5007.0,1993.0,10018.8,singleFamily,16,1231218.0,2025,https://www.zillow.com,https://photos.zillowstatic.com/fp/34cf8c606975ced79bfaa28b5e215272-p_c.jpg,2026-08-10 09:16,For Sale
26695666,5606 Mercedes Ave,75206,Dallas,TX,32.828007,-96.7719,945000,529.0,,904800.0,4827.0,3.0,2.0,1788.0,1926.0,7797.24,singleFamily,38,878690.0,2025,https://www.zillow.com,https://photos.zillowstatic.com/fp/1c0f3f35264583788a7cab6693ef375c-p_c.jpg,2026-08-10 09:16,For Sale
26902611,7918 Enclave Way,75218,Dallas,TX,32.808533,-96.72304,899900,298.0,,,,3.0,3.0,3017.0,1998.0,5488.56,singleFamily,5,868050.0,2025,https://www.zillow.com,https://photos.zillowstatic.com/fp/24783da21d0bdc1d868cba5c9024f7e6-p_c.jpg,2026-08-10 09:16,For Sale
96532519,4212 Balch Dr,75216,Dallas,TX,32.710346,-96.768936,410000,195.0,-3000.0,408600.0,3332.0,5.0,3.0,2100.0,2026.0,0.43,singleFamily,11,355330.0,2025,https://www.zillow.com,https://photos.zillowstatic.com/fp/6435cda48ca816e1b6c564998fa90d9a-p_c.jpg,2026-08-10 09:16,For Sale
26746737,10262 Vinemont St,75218,Dallas,TX,32.84527,-96.70069,829900,444.0,-19100.0,797000.0,2864.0,3.0,3.0,1871.0,1962.0,9452.52,singleFamily,24,739900.0,2025,https://www.zillow.com,https://photos.zillowstatic.com/fp/071121d10aff3f9c8b7b83f33d7fafb2-p_c.jpg,2026-08-10 09:16,For Sale
26807068,10331 Cromwell Dr,75229,Dallas,TX,32.887016,-96.86276,450000,216.0,,553400.0,3359.0,3.0,2.0,2088.0,1956.0,0.277,singleFamily,2,485290.0,2025,https://www.zillow.com,https://photos.zillowstatic.com/fp/53893d7047a029d293f9fbb37db5cd56-p_c.jpg,2026-08-10 09:16,For Sale
26872554,6631 Hunters Ridge Dr,75248,Dallas,TX,32.956047,-96.79553,650000,323.0,,,,3.0,2.0,2012.0,1971.0,9844.56,singleFamily,11,491450.0,2025,https://www.zillow.com,https://photos.zillowstatic.com/fp/de795de57b1213633f635f49abaf1fbc-p_c.jpg,2026-08-10 09:16,For Sale
26873687,6908 Clearhaven Dr,75248,Dallas,TX,32.966694,-96.7891,400000,156.0,-25000.0,394300.0,3254.0,3.0,3.0,2568.0,1980.0,3484.8,townhome,100,389500.0,2025,https://www.zillow.com,https://photos.zillowstatic.com/fp/fac160538f4c6983d347712092edebe6-p_c.jpg,2026-08-10 09:16,For Sale
162362971,9606 Glenacre Ln,75243,Dallas,TX,32.895626,-96.724464,400000,191.0,,386500.0,2332.0,3.0,3.0,2094.0,1978.0,3876.84,singleFamily,6,388170.0,2025,https://www.zillow.com,https://photos.zillowstatic.com/fp/f9bb32518915707a161650cef96c81c4-p_c.jpg,2026-08-10 09:16,For Sale
26690193,5818 Vickery Blvd,75206,Dallas,TX,32.8227,-96.76711,830000,490.0,,805700.0,3150.0,3.0,3.0,1694.0,1930.0,7013.16,singleFamily,18,740840.0,2025,https://www.zillow.com,https://photos.zillowstatic.com/fp/a0beaf8c65db81227e15de3916e713f7-p_c.jpg,2026-08-10 09:16,For Sale
96514370,2418 Merlin St,75215,Dallas,TX,32.77463,-96.77442,299900,180.0,14900.0,302100.0,2454.0,3.0,3.0,1669.0,2025.0,,singleFamily,387,90000.0,2025,https://www.zillow.com,https://photos.zillowstatic.com/fp/91b90021b7264137b0710455580e2b4f-p_c.jpg,2026-08-10 09:16,For Sale
26732500,2217 52nd St,75216,Dallas,TX,32.69081,-96.78857,244500,143.0,-4500.0,,2118.0,3.0,2.0,1712.0,1960.0,8232.84,singleFamily,62,234420.0,2025,https://www.zillow.com,https://photos.zillowstatic.com/fp/bab4aed9ac9dd51aa0a1798f7380b796-p_c.jpg,2026-08-10 09:16,For Sale
162298636,3228 Grantwood Dr,75229,Dallas,TX,32.888435,-96.87161,689900,276.0,-35100.0,674700.0,5025.0,4.0,3.0,2500.0,1968.0,0.252,singleFamily,121,669910.0,2025,https://www.zillow.com,https://photos.zillowstatic.com/fp/86db71109e55476dfb827f8bedc35f1e-p_c.jpg,2026-08-10 09:16,For Sale
26804625,12042 Shirestone Ln,75244,Dallas,TX,32.91352,-96.822,1999000,497.0,-150000.0,1881900.0,6009.0,5.0,5.0,4020.0,1975.0,0.369,singleFamily,10,863320.0,2025,https://www.zillow.com,https://photos.zillowstatic.com/fp/467a1c763f93b338ef1840223821a88a-p_c.jpg,2026-08-10 09:16,For Sale
26864385,10830 Ferndale Rd,75238,Dallas,TX,32.892693,-96.713356,779000,254.0,,,,4.0,4.0,3066.0,1968.0,9583.2,singleFamily,34,582480.0,2025,https://www.zillow.com,https://photos.zillowstatic.com/fp/ef75db0ffc4af2a86a79299d2017c3a1-p_c.jpg,2026-08-10 09:16,For Sale
26792774,3867 Beutel Ct,75229,Dallas,TX,32.882236,-96.8512,1195000,240.0,-95000.0,1141700.0,7426.0,6.0,6.0,4989.0,2010.0,0.386,singleFamily,45,1737820.0,2025,https://www.zillow.com,https://photos.zillowstatic.com/fp/fa6824723308ea50247f844733fa7c1b-p_c.jpg,2026-08-10 09:16,For Sale
249773272,17643 Pinyon Ln,75252,Dallas,TX,32.991222,-96.76497,810000,266.0,,786600.0,4515.0,4.0,4.0,3049.0,2017.0,6011.28,singleFamily,3,742533.0,2025,https://www.zillow.com,https://photos.zillowstatic.com/fp/fbd8ce52aab90accbd86156cdc14940d-p_c.jpg,2026-08-10 09:16,For Sale
26779000,1618 Driftwood Dr,75224,Dallas,TX,32.702183,-96.84815,412000,225.0,,402900.0,3436.0,3.0,2.0,1832.0,1956.0,9147.6,singleFamily,19,430500.0,2025,https://www.zillow.com,https://photos.zillowstatic.com/fp/eb83a3454d1021d4b2e2a904f8dbe4c7-p_c.jpg,2026-08-10 09:16,For Sale
26751409,7702 Bryn Mawr Dr,75225,Dallas,TX,32.85572,-96.774895,3395000,607.0,,3158300.0,15120.0,5.0,6.0,5590.0,1946.0,0.257,singleFamily,34,2387870.0,2025,https://www.zillow.com,https://photos.zillowstatic.com/fp/70952d1a3f0142403fb13215baeb57c8-p_c.jpg,2026-08-10 09:16,For Sale
26885113,4008 Fairlakes Dr,75228,Dallas,TX,32.841698,-96.639046,582000,191.0,,563700.0,3177.0,3.0,3.0,3040.0,1985.0,8799.12,singleFamily,11,503470.0,2025,https://www.zillow.com,https://photos.zillowstatic.com/fp/b8e51c06b2fde725de45b513fc075c5d-p_c.jpg,2026-08-10 09:16,For Sale
248829937,5143 Brickellia Dr,75209,Dallas,TX,32.826637,-96.817856,685000,354.0,,674900.0,4380.0,3.0,4.0,1935.0,2019.0,1393.92,singleFamily,3,691920.0,2025,https://www.zillow.com,https://photos.zillowstatic.com/fp/67519fff8b71a622c99a74398ac1d199-p_c.jpg,2026-08-10 09:16,For Sale
26705505,6729 Ravendale Ln,75214,Dallas,TX,32.842293,-96.74659,2150000,491.0,,2087900.0,4801.0,4.0,5.0,4375.0,2026.0,7840.8,singleFamily,32,702880.0,2025,https://www.zillow.com,https://photos.zillowstatic.com/fp/cdec63728925ffddecb19e8d094f70bd-p_c.jpg,2026-08-10 09:16,For Sale
463515469,3315 Kyser St,75216,Dallas,TX,32.71051,-96.76295,344900,223.0,,342000.0,2435.0,3.0,3.0,1547.0,2026.0,0.31620000000000004,singleFamily,7,,,https://www.zillow.com,https://photos.zillowstatic.com/fp/509ecfc365d2efcecb699f3f8b94898f-p_c.jpg,2026-08-10 09:16,For Sale
26691592,5147 Miller Ave,75206,Dallas,TX,32.82156,-96.7827,899900,362.0,,865800.0,5326.0,3.0,3.0,2485.0,2005.0,4007.52,singleFamily,3,832220.0,2025,https://www.zillow.com,https://photos.zillowstatic.com/fp/905a4bb46d14ba58c5240a91f5e81ddf-p_c.jpg,2026-08-10 09:16,For Sale
26810454,3152 Walnut Hill Ln,75229,Dallas,TX,32.880596,-96.86962,299900,221.0,-29100.0,293000.0,2626.0,2.0,2.0,1357.0,1955.0,9844.56,singleFamily,205,312630.0,2025,https://www.zillow.com,https://photos.zillowstatic.com/fp/ed56e43cfc9654b21b99eee5add98d59-p_c.jpg,2026-08-10 09:16,For Sale
26774877,3502 S Marsalis Ave,75216,Dallas,TX,32.701714,-96.81426,124900,105.0,,,,2.0,1.0,1195.0,1950.0,9016.92,singleFamily,5,167000.0,2025,https://www.zillow.com,https://photos.zillowstatic.com/fp/2dac7b3a7bd30ad4002b647bba4f2d19-p_c.jpg,2026-08-10 09:16,For Sale
26785621,5125 Ashbrook Rd,75227,Dallas,TX,32.78793,-96.70643,479000,211.0,,474800.0,2783.0,3.0,2.0,2274.0,1966.0,9104.04,singleFamily,1,410140.0,2025,https://www.zillow.com,https://photos.zillowstatic.com/fp/f291274298df1c7ceed0af5f89e796c0-p_c.jpg,2026-08-10 09:16,For Sale
26818646,2007 Red Cloud Dr,75217,Dallas,TX,32.747482,-96.65272,189999,175.0,-10001.0,189000.0,1703.0,3.0,2.0,1084.0,1982.0,3092.76,singleFamily,269,190260.0,2025,https://www.zillow.com,https://photos.zillowstatic.com/fp/bcf12e3be5345d789ad6d9dcd30505e3-p_c.jpg,2026-08-10 09:16,For Sale
26845080,7552 Baxtershire Dr,75230,Dallas,TX,32.90629,-96.774666,4240000,701.0,-10000.0,3940600.0,7673.0,6.0,6.0,6047.0,1984.0,0.367,singleFamily,86,1642670.0,2025,https://www.zillow.com,https://photos.zillowstatic.com/fp/b301c9263d033b61250d7ef7324b20ca-p_c.jpg,2026-08-10 09:16,For Sale
26897881,2611 Colby St,75204,Dallas,TX,32.794273,-96.7986,775000,312.0,,752800.0,5074.0,2.0,3.0,2484.0,1997.0,1611.72,townhome,34,628000.0,2025,https://www.zillow.com,https://photos.zillowstatic.com/fp/6ccdbecfda794efe42e60bcf14744921-p_c.jpg,2026-08-10 09:16,For Sale
26797558,212 N Long Acre Ln,75217,Dallas,TX,32.715088,-96.70842,180000,113.0,,178300.0,1925.0,3.0,2.0,1586.0,1962.0,10018.8,singleFamily,0,244950.0,2025,https://www.zillow.com,https://photos.zillowstatic.com/fp/132746f99731482b88d8f23f69115542-p_c.jpg,2026-08-10 09:16,For Sale
303984086,9360 Lakemont Dr,75220,Dallas,TX,32.865963,-96.8446,2445000,491.0,-25000.0,2369500.0,7886.0,5.0,5.0,4981.0,2019.0,0.48,singleFamily,39,2218000.0,2025,https://www.zillow.com,https://photos.zillowstatic.com/fp/bfe473c632ca3f1cbecb49e005f01efa-p_c.jpg,2026-08-10 09:16,For Sale
26699986,6718 Victoria Ave,75209,Dallas,TX,32.840225,-96.83092,1325000,293.0,,1283300.0,7617.0,6.0,6.0,4517.0,2023.0,6490.44,singleFamily,34,1350540.0,2025,https://www.zillow.com,https://photos.zillowstatic.com/fp/ce4e73e6ebd78047d646817790caa445-p_c.jpg,2026-08-10 09:16,For Sale
26608853,17816 Cedar Creek Canyon Dr,75252,Dallas,TX,32.995243,-96.810165,989900,250.0,,,,5.0,4.0,3966.0,1983.0,0.27999999999999997,singleFamily,12,875075.0,2025,https://www.zillow.com,https://photos.zillowstatic.com/fp/a67e741016b69405b8427857806a518a-p_c.jpg,2026-08-10 09:16,For Sale
26751141,7418 Fenton Dr,75231,Dallas,TX,32.858208,-96.734825,600000,330.0,,,,2.0,2.0,1817.0,1954.0,7927.92,singleFamily,4,562960.0,2025,https://www.zillow.com,https://photos.zillowstatic.com/fp/088e1ac78ea6ff8cf99110b5394585a8-p_c.jpg,2026-08-10 09:16,For Sale
26893382,8903 Maple Glen Dr,75231,Dallas,TX,32.885426,-96.74128,799000,304.0,-31000.0,,,4.0,3.0,2631.0,1978.0,9365.4,singleFamily,93,770960.0,2025,https://www.zillow.com,https://photos.zillowstatic.com/fp/0c090ff957d4ac9f8c1d4438280cef02-p_c.jpg,2026-08-10 09:16,For Sale
67961401,2714 Throckmorton St #B,75219,Dallas,TX,32.808525,-96.81385,699000,414.0,-26000.0,675700.0,2894.0,2.0,2.0,1688.0,2002.0,3659.04,singleFamily,18,661340.0,2025,https://www.zillow.com,https://photos.zillowstatic.com/fp/3bdb2d662dc8a38e8ebe0189a3645b46-p_c.jpg,2026-08-10 09:16,For Sale
26756580,6032 Burgundy Rd,75230,Dallas,TX,32.896935,-96.802605,2500000,435.0,,2344600.0,14971.0,5.0,6.0,5749.0,2005.0,0.39899999999999997,singleFamily,18,2253320.0,2025,https://www.zillow.com,https://photos.zillowstatic.com/fp/5223c17c52b77bfb4418f86195b8147a-p_c.jpg,2026-08-10 09:16,For Sale
26717497,1119 N Winnetka Ave,75208,Dallas,TX,32.757988,-96.840576,1145000,330.0,-50000.0,1110200.0,6519.0,4.0,4.0,3468.0,1925.0,7753.68,singleFamily,73,900000.0,2025,https://www.zillow.com,https://photos.zillowstatic.com/fp/a7bedce89c4dde84a40608efcd6b2d25-p_c.jpg,2026-08-10 09:16,For Sale
26868994,9612 Atherton Dr,75243,Dallas,TX,32.90284,-96.73166,760000,277.0,-10000.0,,,4.0,3.0,2745.0,1973.0,9147.6,singleFamily,17,780960.0,2025,https://www.zillow.com,https://photos.zillowstatic.com/fp/dc04906239045c182f4f9b2d591d8098-p_c.jpg,2026-08-10 09:16,For Sale
26789287,4186 Brookport Dr,75229,Dallas,TX,32.89332,-96.83887,3495000,628.0,,3313400.0,3132.0,4.0,5.0,5565.0,2022.0,0.5997,singleFamily,19,2840340.0,2025,https://www.zillow.com,https://photos.zillowstatic.com/fp/210041e5e6d5bd5a99d5ecd72b981b3f-p_c.jpg,2026-08-10 09:16,For Sale
26637978,17927 Windflower Way,75252,Dallas,TX,32.996372,-96.80392,385000,177.0,-10000.0,380000.0,3189.0,3.0,3.0,2174.0,1990.0,4225.32,singleFamily,122,454758.0,2025,https://www.zillow.com,https://photos.zillowstatic.com/fp/4c5259b325b83ee8aa05f6f603970e5c-p_c.jpg,2026-08-10 09:16,For Sale
26911661,13251 Pandora Dr,75238,Dallas,TX,32.87431,-96.690414,299999,189.0,-15001.0,,,3.0,3.0,1589.0,1984.0,1132.56,singleFamily,95,454600.0,2025,https://www.zillow.com,https://photos.zillowstatic.com/fp/860080ae8f9015147105f162ca10eef6-p_c.jpg,2026-08-10 09:16,For Sale
26787721,3611 Marsh Lane Pl,75220,Dallas,TX,32.87962,-96.85696,525000,209.0,-50000.0,,,3.0,3.0,2512.0,1953.0,10846.44,singleFamily,124,575000.0,2025,https://www.zillow.com,https://photos.zillowstatic.com/fp/acb7031a247e670b8196f34514758855-p_c.jpg,2026-08-10 09:16,For Sale
26869565,9228 Windy Crest Dr,75243,Dallas,TX,32.906986,-96.73995,1050000,388.0,,,,4.0,3.0,2707.0,1976.0,8102.16,singleFamily,10,753160.0,2025,https://www.zillow.com,https://photos.zillowstatic.com/fp/5b606b0917f0b6cd46f2e8f2a6039862-p_c.jpg,2026-08-10 09:16,For Sale
26790504,3723 Manana Dr,75220,Dallas,TX,32.87418,-96.85506,1750000,359.0,,,,5.0,6.0,4881.0,2026.0,7971.48,singleFamily,3,516980.0,2025,https://www.zillow.com,https://photos.zillowstatic.com/fp/9a6807ed5d74460abdb6121dba297399-p_c.jpg,2026-08-10 09:16,For Sale
26609878,5831 London Ln,75252,Dallas,TX,32.999863,-96.80588,949000,244.0,-29000.0,913200.0,7407.0,4.0,4.0,3897.0,1984.0,0.32999999999999996,singleFamily,13,1021723.0,2025,https://www.zillow.com,https://photos.zillowstatic.com/fp/a05b02bb0652f0948df61583a600cfcd-p_c.jpg,2026-08-10 09:16,For Sale
26740938,8915 Diceman Dr,75218,Dallas,TX,32.822384,-96.70603,550000,357.0,,525500.0,2931.0,3.0,2.0,1540.0,1939.0,7710.12,singleFamily,8,582450.0,2025,https://www.zillow.com,https://photos.zillowstatic.com/fp/4318561357f4e4070895a953a3e4f87a-p_c.jpg,2026-08-10 09:16,For Sale
96520486,2311 Fatima Ave,75241,Dallas,TX,32.671944,-96.78239,495000,184.0,,,,4.0,4.0,2690.0,2026.0,9539.64,singleFamily,16,65000.0,2025,https://www.zillow.com,https://photos.zillowstatic.com/fp/f2991f5a73002cbc0e795e6559cf1ade-p_c.jpg,2026-08-10 09:16,For Sale
67954519,3911 Gilbert Ave APT D,75219,Dallas,TX,32.81531,-96.80458,1199900,427.0,,1151600.0,5095.0,3.0,2.0,2813.0,2004.0,2003.76,townhome,5,1121310.0,2025,https://www.zillow.com,https://photos.zillowstatic.com/fp/c8155294a2183fa1b638a188b8ef96cf-p_c.jpg,2026-08-10 09:16,For Sale
67972329,2850 S Beltline Rd Suite 108,75253,Dallas,TX,32.661823,-96.61505,39500,37.0,-7000.0,,1836.0,2.0,2.0,1056.0,1997.0,1056.0,manufactured,18,2980.0,2025,https://www.zillow.com,https://photos.zillowstatic.com/fp/438050f636f92b0afb9c737f9a9067e2-p_c.jpg,2026-08-10 09:16,For Sale
26706696,6713 Lake Circle Dr,75214,Dallas,TX,32.825207,-96.74542,1799995,375.0,-50000.0,1735400.0,10206.0,5.0,5.0,4800.0,2005.0,8015.04,singleFamily,34,1686660.0,2025,https://www.zillow.com,https://photos.zillowstatic.com/fp/d80e7ef81f99e9322b718b254faebaf1-p_c.jpg,2026-08-10 09:16,For Sale
26672589,5213 Tennington Park,75287,Dallas,TX,33.00334,-96.81992,1275000,298.0,-25000.0,1229600.0,5014.0,4.0,4.0,4281.0,2000.0,8276.4,singleFamily,52,1051156.0,2025,https://www.zillow.com,https://photos.zillowstatic.com/fp/0fbf18b4dea22ce4e161b94e7e3bf15f-p_c.jpg,2026-08-10 09:16,For Sale
26684158,5617 Victor St,75214,Dallas,TX,32.803448,-96.75778,430000,292.0,-20000.0,413700.0,2072.0,3.0,3.0,1473.0,1924.0,7448.76,multiFamily,17,431540.0,2025,https://www.zillow.com,https://photos.zillowstatic.com/fp/6a51ef144439eb7be13b1bdd32c43132-p_c.jpg,2026-08-10 09:16,For Sale
26830179,2351 Kingswood Dr,75228,Dallas,TX,32.7992,-96.71371,184900,190.0,-15000.0,,,3.0,1.0,972.0,1956.0,7492.32,singleFamily,55,282850.0,2025,https://www.zillow.com,https://photos.zillowstatic.com/fp/d366d4195452a0c11c577652f700e9ef-p_c.jpg,2026-08-10 09:16,For Sale
26764165,6714 Day St,75227,Dallas,TX,32.76784,-96.704414,198999,160.0,-11001.0,195300.0,1724.0,3.0,2.0,1243.0,1948.0,7579.44,singleFamily,40,176030.0,2025,https://www.zillow.com,https://photos.zillowstatic.com/fp/4ec22cdcbbeac5969f53d26620269795-p_c.jpg,2026-08-10 09:16,For Sale
26758119,4700 Dorset Rd,75229,Dallas,TX,32.883846,-96.82762,9450000,719.0,-547000.0,8443000.0,7483.0,5.0,8.0,13151.0,1951.0,1.187,singleFamily,187,6546810.0,2025,https://www.zillow.com,https://photos.zillowstatic.com/fp/286151bdb61010284183c163c85e2c3c-p_c.jpg,2026-08-10 09:16,For Sale
26728729,423 W Colorado Blvd,75208,Dallas,TX,32.759712,-96.82833,2045000,478.0,-55000.0,,6499.0,3.0,5.0,4276.0,2021.0,7971.48,singleFamily,23,536000.0,2019,https://www.zillow.com,https://photos.zillowstatic.com/fp/02d2aaa51e6a7caa5d2a447945ac59a3-p_c.jpg,2026-08-10 09:16,For Sale
26912060,12051 Loch Ness Dr,75218,Dallas,TX,32.86082,-96.68852,614900,236.0,,,,3.0,3.0,2610.0,1968.0,0.258,singleFamily,3,534790.0,2025,https://www.zillow.com,https://photos.zillowstatic.com/fp/02b1776288cdd251f42baa04ca0799d0-p_c.jpg,2026-08-10 09:16,For Sale
26809220,3543 Jubilee Trl,75229,Dallas,TX,32.900684,-96.85878,625000,312.0,,599100.0,3144.0,3.0,3.0,2005.0,1959.0,0.314,singleFamily,5,591380.0,2025,https://www.zillow.com,https://photos.zillowstatic.com/fp/b5bf042424fd755c64715422228f7a35-p_c.jpg,2026-08-10 09:16,For Sale
26863069,4618 Country Creek Dr APT 1180,75236,Dallas,TX,32.696316,-96.89988,62000,113.0,-7990.0,,1100.0,1.0,1.0,548.0,1974.0,0.01,condo,134,104120.0,2025,https://www.zillow.com,https://photos.zillowstatic.com/fp/f434b09277163d1324bc52c0808c3d6f-p_c.jpg,2026-08-10 09:16,For Sale
26732872,6923 Robin Rd,75209,Dallas,TX,32.842197,-96.823395,4250000,759.0,,4069700.0,4456.0,4.0,6.0,5597.0,2026.0,0.367,singleFamily,17,996270.0,2025,https://www.zillow.com,https://photos.zillowstatic.com/fp/60d9a0c295a54070906c5ad1e27502bd-p_c.jpg,2026-08-10 09:16,For Sale
26845164,11622 Valley Dale Dr,75230,Dallas,TX,32.90925,-96.77604,1499000,342.0,-75000.0,1454900.0,8664.0,4.0,6.0,4388.0,1983.0,0.63,singleFamily,156,1140000.0,2025,https://www.zillow.com,https://photos.zillowstatic.com/fp/c3d3373305c5059c25dec848b91e6d61-p_c.jpg,2026-08-10 09:16,For Sale
26867777,7122 Winedale Dr,75231,Dallas,TX,32.878986,-96.73931,879900,409.0,-16000.0,854700.0,3672.0,3.0,3.0,2150.0,1976.0,8886.24,singleFamily,41,786450.0,2025,https://www.zillow.com,https://photos.zillowstatic.com/fp/1b3c25be874047bb9e8deb20c1c5ffd2-p_c.jpg,2026-08-10 09:16,For Sale
26870786,6829 Midcrest Dr,75254,Dallas,TX,32.947,-96.78736,1499000,355.0,,,,6.0,6.0,4228.0,1967.0,0.43,singleFamily,38,1230580.0,2025,https://www.zillow.com,https://photos.zillowstatic.com/fp/97dfdcc6795f96608001979324bb9fa4-p_c.jpg,2026-08-10 09:16,For Sale
26752931,7387 Blairview Dr,75230,Dallas,TX,32.881042,-96.77529,2745000,523.0,,2668400.0,6300.0,5.0,6.0,5252.0,2026.0,0.2713,singleFamily,33,976900.0,2025,https://www.zillow.com,https://photos.zillowstatic.com/fp/c644a615e746fe0a0a53f5195e443dab-p_c.jpg,2026-08-10 09:16,For Sale
26755213,6034 Prestonshire Ln,75225,Dallas,TX,32.875477,-96.80261,2699000,,,,6512.0,,,,,0.43199999999999994,land,4,2144160.0,2025,https://www.zillow.com,https://photos.zillowstatic.com/fp/06731f49ab8916c77022f6c38fac3536-p_c.jpg,2026-08-10 09:16,For Sale
26886911,8857 Flint Falls Dr,75243,Dallas,TX,32.89703,-96.738556,645000,253.0,-10000.0,,3972.0,4.0,4.0,2552.0,1975.0,9191.16,singleFamily,31,640090.0,2025,https://www.zillow.com,https://photos.zillowstatic.com/fp/b0466f3c3c30d4314d090763a6c3a593-p_c.jpg,2026-08-10 09:16,For Sale
26841718,2633 Inadale Ave,75228,Dallas,TX,32.817135,-96.66951,299900,114.0,,295300.0,2649.0,3.0,2.0,2621.0,1957.0,8102.16,singleFamily,10,336970.0,2025,https://www.zillow.com,https://photos.zillowstatic.com/fp/750400407098c234e9dbc40df2b16fc1-p_c.jpg,2026-08-10 09:16,For Sale
26931516,9811 Walnut St #203,75243,Dallas,TX,32.922836,-96.71392,78000,87.0,-2000.0,,1478.0,2.0,2.0,894.0,1981.0,8.814,condo,93,107280.0,2025,https://www.zillow.com,https://photos.zillowstatic.com/fp/70e0ca790be601ecdcc67ffe06ba2c04-p_c.jpg,2026-08-10 09:16,For Sale
69677082,1122 Jackson St APT 413,75202,Dallas,TX,32.778316,-96.80129,315000,222.0,,309400.0,2286.0,1.0,1.0,1420.0,1925.0,0.984,condo,18,369200.0,2025,https://www.zillow.com,https://photos.zillowstatic.com/fp/b928ad154616f7c05abae774bbf4d3a7-p_c.jpg,2026-08-10 09:16,For Sale
26803818,5821 Northaven Rd,75230,Dallas,TX,32.902546,-96.808235,3100000,515.0,,2924000.0,7119.0,4.0,6.0,6022.0,2013.0,0.416,singleFamily,21,2627750.0,2025,https://www.zillow.com,https://photos.zillowstatic.com/fp/389940dc5359ac44cd4359bdac844caf-p_c.jpg,2026-08-10 09:16,For Sale
26691864,2215 Madera St,75206,Dallas,TX,32.814247,-96.77663,1495000,546.0,,1443000.0,6985.0,3.0,3.0,2738.0,2016.0,7501.032,singleFamily,2,1124380.0,2025,https://www.zillow.com,https://photos.zillowstatic.com/fp/d4c371a21c492c14f11933cb564d4b76-p_c.jpg,2026-08-10 09:16,For Sale
55701674,18130 Frankford Lakes Cir,75252,Dallas,TX,32.999012,-96.79963,485000,258.0,,471600.0,2806.0,3.0,3.0,1881.0,2003.0,2613.6,singleFamily,22,450876.0,2025,https://www.zillow.com,https://photos.zillowstatic.com/fp/e7d7a1653f10a16491fda455a9debc5e-p_c.jpg,2026-08-10 09:16,For Sale
27338485,2711 Van Gogh Pl,75287,Dallas,TX,33.00472,-96.8632,375000,213.0,,,,3.0,3.0,1757.0,1984.0,4486.68,singleFamily,32,357741.0,2025,https://www.zillow.com,https://photos.zillowstatic.com/fp/3cff9371d7ac95072c4d53b288a7f7ee-p_c.jpg,2026-08-10 09:16,For Sale
26756362,6322 Orchid Ln,75230,Dallas,TX,32.89228,-96.79725,2450000,446.0,-45000.0,2341700.0,7975.0,5.0,6.0,5488.0,2004.0,0.257,singleFamily,44,2723810.0,2025,https://www.zillow.com,https://photos.zillowstatic.com/fp/0a65f0920682548e6a3efd70ada49df5-p_c.jpg,2026-08-10 09:16,For Sale
462030679,3039 River Birch Dr,75253,Dallas,TX,32.658165,-96.6544,299900,187.0,-17000.0,299200.0,2252.0,4.0,2.0,1607.0,2026.0,10010.088,singleFamily,103,,,https://www.zillow.com,https://photos.zillowstatic.com/fp/2b29ae317d9d708b3306ae528560b5b6-p_c.jpg,2026-08-10 09:16,For Sale
26803577,5829 Northmoor Dr,75230,Dallas,TX,32.908752,-96.80784,4495000,622.0,,,5036.0,5.0,7.0,7231.0,2026.0,0.367,singleFamily,11,900000.0,2025,https://www.zillow.com,https://photos.zillowstatic.com/fp/449f764641039140324ebf931d0b4865-p_c.jpg,2026-08-10 09:16,For Sale
26835510,3030 Weisenberger Dr,75212,Dallas,TX,32.77963,-96.8966,585000,140.0,,577900.0,5163.0,5.0,4.0,4180.0,2013.0,0.355,singleFamily,20,624970.0,2025,https://www.zillow.com,https://photos.zillowstatic.com/fp/3a1e5a04d73bc699c3b8a96abce3105b-p_c.jpg,2026-08-10 09:16,For Sale
26820876,2536 56th St,75241,Dallas,TX,32.687935,-96.77936,328000,199.0,,327200.0,2379.0,3.0,2.0,1652.0,2026.0,10672.2,singleFamily,26,70000.0,2025,https://www.zillow.com,https://photos.zillowstatic.com/fp/166f029070724533d9b9a2a83b9ea532-p_c.jpg,2026-08-10 09:16,For Sale
26751247,7428 Walling Ln,75231,Dallas,TX,32.856068,-96.73453,755000,282.0,,729000.0,2457.0,5.0,3.0,2679.0,1963.0,9147.6,multiFamily,48,660240.0,2025,https://www.zillow.com,https://photos.zillowstatic.com/fp/e14e689adc34d488f5d5a79efd5222a2-p_c.jpg,2026-08-10 09:16,For Sale
26812044,6916 Azalea Ln,75230,Dallas,TX,32.897087,-96.7873,5750000,730.0,,5441000.0,7908.0,6.0,7.0,7879.0,2026.0,0.375,singleFamily,31,1044470.0,2025,https://www.zillow.com,https://photos.zillowstatic.com/fp/8fdb8a7513f7275fa0d9982c5a61dddf-p_c.jpg,2026-08-10 09:16,For Sale
26705155,4419 Abrams Rd,75214,Dallas,TX,32.840645,-96.75327,550000,362.0,-29000.0,539300.0,3191.0,3.0,2.0,1518.0,1957.0,9583.2,singleFamily,110,530000.0,2025,https://www.zillow.com,https://photos.zillowstatic.com/fp/bf3307a7c05c0e5450a2650c89dd2200-p_c.jpg,2026-08-10 09:16,For Sale
26722691,2646 Alabama Ave,75216,Dallas,TX,32.71516,-96.819046,599000,187.0,,592300.0,4238.0,4.0,4.0,3200.0,2026.0,7710.12,singleFamily,17,85000.0,2025,https://www.zillow.com,https://photos.zillowstatic.com/fp/d2acfd853d2e722b03e0aa311900a114-p_c.jpg,2026-08-10 09:16,For Sale
26787260,9755 Van Dyke Rd,75218,Dallas,TX,32.85455,-96.71484,2195000,734.0,,2055900.0,5133.0,4.0,3.0,2990.0,1956.0,0.544,singleFamily,66,1150000.0,2025,https://www.zillow.com,https://photos.zillowstatic.com/fp/9ded6e32011621fb64f2b8ee8d3871e4-p_c.jpg,2026-08-10 09:16,For Sale
26858959,12124 Dixfield Dr,75218,Dallas,TX,32.861023,-96.69584,789000,361.0,,773700.0,3420.0,3.0,3.0,2183.0,1969.0,7927.92,singleFamily,3,575450.0,2025,https://www.zillow.com,https://photos.zillowstatic.com/fp/29317a17f38b2376200085abdecfa712-p_c.jpg,2026-08-10 09:16,For Sale
26766682,2606 Fordham Rd,75216,Dallas,TX,32.7058,-96.783295,329000,175.0,,327800.0,2386.0,4.0,3.0,1880.0,2022.0,8842.68,singleFamily,51,336650.0,2025,https://www.zillow.com,https://photos.zillowstatic.com/fp/2701c5dd8615133ba6969349c7485302-p_c.jpg,2026-08-10 09:16,For Sale
26742155,1613 Pat Dr,75228,Dallas,TX,32.842297,-96.68297,200000,245.0,,193700.0,1571.0,2.0,1.0,816.0,1949.0,8128.296,singleFamily,26,228010.0,2025,https://www.zillow.com,https://photos.zillowstatic.com/fp/aed520c6a3ef75e7f474c9f22d3e9386-p_c.jpg,2026-08-10 09:16,For Sale
26808808,3548 Waldorf Dr,75229,Dallas,TX,32.8969,-96.86015,565000,292.0,,541200.0,3384.0,3.0,2.0,1932.0,1955.0,9801.0,singleFamily,3,514250.0,2025,https://www.zillow.com,https://photos.zillowstatic.com/fp/4b0ff6a2cd2c0effc30bb294c6bade06-p_c.jpg,2026-08-10 09:16,For Sale
53077414,5434 Preston Fairways Cir,75252,Dallas,TX,32.990475,-96.809105,735000,226.0,,708900.0,4212.0,4.0,3.0,3249.0,1991.0,6098.4,singleFamily,24,714915.0,2025,https://www.zillow.com,https://photos.zillowstatic.com/fp/726abc526183afad17e099c2d20f4005-p_c.jpg,2026-08-10 09:16,For Sale
26760241,5615 Purdue Ave,75209,Dallas,TX,32.854527,-96.81698,2795000,643.0,,,,4.0,4.0,4346.0,2016.0,7492.32,singleFamily,14,2200840.0,2025,https://www.zillow.com,https://photos.zillowstatic.com/fp/182321dca77123ec85dec11311536406-p_c.jpg,2026-08-10 09:16,For Sale
2088689395,8560 Park Ln APT 75,75231,Dallas,TX,32.868908,-96.755615,135000,104.0,-5000.0,131300.0,1484.0,2.0,3.0,1299.0,1974.0,6.129,condo,67,,,https://www.zillow.com,https://photos.zillowstatic.com/fp/48934a1b8cd003e588a8897d609abaf8-p_c.jpg,2026-08-10 09:16,For Sale
26703265,6120 Kenwood Ave,75214,Dallas,TX,32.833076,-96.76047,1379000,420.0,-10000.0,,,5.0,3.0,3287.0,1940.0,6795.36,singleFamily,23,1092020.0,2025,https://www.zillow.com,https://photos.zillowstatic.com/fp/20a14bf3208975b111ec9fe4bd049a38-p_c.jpg,2026-08-10 09:16,For Sale
26869026,9648 Fallbrook Dr,75243,Dallas,TX,32.901955,-96.73008,900000,293.0,,,6812.0,4.0,4.0,3071.0,1973.0,8450.64,singleFamily,24,589880.0,2025,https://www.zillow.com,https://photos.zillowstatic.com/fp/3776bce9ac51c8ecbc07e6f0c932670f-p_c.jpg,2026-08-10 09:16,For Sale
26787955,3559 Durango Dr,75220,Dallas,TX,32.86767,-96.85897,1125000,311.0,-25000.0,1102900.0,6559.0,5.0,5.0,3612.0,2026.0,10541.52,singleFamily,89,382130.0,2025,https://www.zillow.com,https://photos.zillowstatic.com/fp/6b07d46c811fc61e1d4e5763454f8a12-p_c.jpg,2026-08-10 09:16,For Sale
26755584,6615 Meadow Rd,75230,Dallas,TX,32.88651,-96.79076,2950000,459.0,-49999.0,,21725.0,5.0,7.0,6421.0,1999.0,0.344,singleFamily,145,3495560.0,2023,https://www.zillow.com,https://photos.zillowstatic.com/fp/0985eac8b18a987f661fc3f3080f6764-p_c.jpg,2026-08-10 09:16,For Sale
26762471,4419 Lawnview Ave,75227,Dallas,TX,32.78305,-96.72165,179900,189.0,,170800.0,1687.0,2.0,1.0,950.0,1949.0,6403.32,singleFamily,61,201930.0,2025,https://www.zillow.com,https://photos.zillowstatic.com/fp/62db4fc6e9350773f014b7d2a195265d-p_c.jpg,2026-08-10 09:16,For Sale
248745523,2602 Kings Rd,75219,Dallas,TX,32.81462,-96.82375,1250000,208.0,,,7094.0,7.0,5.0,6000.0,1927.0,0.344,multiFamily,3,430000.0,2025,https://www.zillow.com,https://photos.zillowstatic.com/fp/9e44d394fb73211d3dfcf8e7ded3d794-p_c.jpg,2026-08-10 09:16,For Sale
60346909,1923 Nemechek Ln,75217,Dallas,TX,32.745167,-96.70107,255000,161.0,,,,3.0,2.0,1586.0,2002.0,7492.32,singleFamily,3,264940.0,2025,https://www.zillow.com,https://photos.zillowstatic.com/fp/3a7b2c0393034b36d49894d0c5ffeaf3-p_c.jpg,2026-08-10 09:16,For Sale
26905526,10110 Betty Jane Ln,75229,Dallas,TX,32.883526,-96.85333,1990000,424.0,,,,4.0,5.0,4695.0,1997.0,0.757,singleFamily,48,1325290.0,2025,https://www.zillow.com,https://photos.zillowstatic.com/fp/9f0f0f5199b4c48a210ca0ec5464cdd1-p_c.jpg,2026-08-10 09:16,For Sale
26688370,2725 1st Ave,75210,Dallas,TX,32.767334,-96.750824,258900,144.0,,258200.0,2566.0,3.0,3.0,1800.0,2025.0,5575.68,singleFamily,19,199530.0,2025,https://www.zillow.com,https://photos.zillowstatic.com/fp/eb092f9bc635c7c350acb6986e06ce74-p_c.jpg,2026-08-10 09:16,For Sale
26680596,3708 Spence St,75215,Dallas,TX,32.755756,-96.770706,410000,191.0,-9999.0,407300.0,2926.0,4.0,3.0,2150.0,2026.0,5488.56,singleFamily,114,49600.0,2025,https://www.zillow.com,https://photos.zillowstatic.com/fp/f8b2cef30017da08bfd99f1bc4e15d23-p_c.jpg,2026-08-10 09:16,For Sale
96500365,7909 Ivory Ln,75216,Dallas,TX,32.714127,-96.7487,459900,153.0,-39100.0,454500.0,3999.0,5.0,4.0,3002.0,2023.0,6403.32,singleFamily,41,476130.0,2025,https://www.zillow.com,https://photos.zillowstatic.com/fp/10c7a26806ee7a47a226170c113c9768-p_c.jpg,2026-08-10 09:16,For Sale
26849800,12612 Breckenridge Dr,75230,Dallas,TX,32.919434,-96.78177,740000,291.0,,710700.0,4049.0,3.0,3.0,2541.0,1990.0,10802.88,singleFamily,2,757750.0,2025,https://www.zillow.com,https://photos.zillowstatic.com/fp/f136f29f531c9e44cae2f60c7e994deb-p_c.jpg,2026-08-10 09:16,For Sale
26743385,10520 Lippitt Ave,75218,Dallas,TX,32.85269,-96.700165,695000,385.0,,661600.0,3600.0,3.0,2.0,1803.0,1956.0,7679.628,singleFamily,19,517840.0,2025,https://www.zillow.com,https://photos.zillowstatic.com/fp/34f98e39cab75313ffe3aee6b4ef357a-p_c.jpg,2026-08-10 09:16,For Sale
26850602,8211 Lullwater Dr,75218,Dallas,TX,32.860245,-96.70221,474900,198.0,,458800.0,1842.0,4.0,4.0,2394.0,1968.0,9670.32,multiFamily,9,525440.0,2025,https://www.zillow.com,https://photos.zillowstatic.com/fp/4fd11e5ab1dc7aba584aa6ca29d74bb9-p_c.jpg,2026-08-10 09:16,For Sale
26933117,5565 Preston Oaks Rd APT 262,75254,Dallas,TX,32.94399,-96.81168,235000,179.0,,233400.0,1922.0,2.0,2.0,1313.0,1983.0,7.606,condo,6,288860.0,2025,https://www.zillow.com,https://photos.zillowstatic.com/fp/e4982947f1fb6cfbddb8b9ea167ec3ca-p_c.jpg,2026-08-10 09:16,For Sale
26719823,3134 W Jefferson Blvd,75211,Dallas,TX,32.743885,-96.872894,295000,232.0,,285700.0,2039.0,3.0,2.0,1272.0,1947.0,8799.12,singleFamily,18,277910.0,2025,https://www.zillow.com,https://photos.zillowstatic.com/fp/f732caf878f8b0a3cc66f34bf47ff893-p_c.jpg,2026-08-10 09:16,For Sale
26750613,6417 Lontos Dr,75214,Dallas,TX,32.855434,-96.75006,689000,305.0,,656000.0,2636.0,4.0,2.0,2260.0,1954.0,9626.76,multiFamily,17,593270.0,2025,https://www.zillow.com,https://photos.zillowstatic.com/fp/2dd6994893320801aa3e9420d3f380dd-p_c.jpg,2026-08-10 09:16,For Sale
26645669,4847 Holly Tree Dr,75287,Dallas,TX,32.998787,-96.82273,1199500,295.0,-50400.0,,,4.0,4.0,4062.0,1999.0,10018.8,singleFamily,64,1012714.0,2025,https://www.zillow.com,https://photos.zillowstatic.com/fp/b39dff5d98bf907717816138283ebe82-p_c.jpg,2026-08-10 09:16,For Sale
26881292,4452 Sugar Mill Rd,75244,Dallas,TX,32.918533,-96.83193,1495000,437.0,-80000.0,1432400.0,6938.0,5.0,5.0,3422.0,1966.0,0.37900000000000006,singleFamily,94,1527000.0,2025,https://www.zillow.com,https://photos.zillowstatic.com/fp/86a97f63a4aeca2864caa3d02fb619bf-p_c.jpg,2026-08-10 09:16,For Sale
96503267,310 S Justin Ave,75211,Dallas,TX,32.74358,-96.91107,274900,158.0,,,,5.0,5.0,1742.0,2017.0,8712.0,singleFamily,25,373620.0,2025,https://www.zillow.com,https://photos.zillowstatic.com/fp/1169b0bd2f3a2e5b7bf6bae55b3b223b-p_c.jpg,2026-08-10 09:16,For Sale
26745053,2140 Montalba Ave,75228,Dallas,TX,32.84375,-96.67484,200000,233.0,-10000.0,211000.0,1758.0,2.0,1.0,859.0,1951.0,8494.2,singleFamily,6,250760.0,2025,https://www.zillow.com,https://photos.zillowstatic.com/fp/0befb9d50493fc5658d0ba2781a42b68-p_c.jpg,2026-08-10 09:16,For Sale
463098527,2105 S Denley Dr,75216,Dallas,TX,32.722374,-96.8058,10001,,-19999.0,,,,,,,3223.44,land,60,,,https://www.zillow.com,https://photos.zillowstatic.com/fp/e4b19651b3ec0d478d81b180c741338a-p_c.jpg,2026-08-10 09:16,For Sale
96519586,1407 Pueblo St,75212,Dallas,TX,32.780365,-96.84303,795000,256.0,-29999.0,784800.0,5226.0,4.0,5.0,3100.0,2026.0,7492.32,singleFamily,68,225000.0,2025,https://www.zillow.com,https://photos.zillowstatic.com/fp/421fbd987d1baef9e7c85ba0ec7a4406-p_c.jpg,2026-08-10 09:16,For Sale
26749852,7212 Wake Forrest Dr,75214,Dallas,TX,32.853092,-96.73654,1724900,402.0,,1678400.0,5118.0,4.0,5.0,4289.0,2026.0,7492.32,singleFamily,8,654100.0,2025,https://www.zillow.com,https://photos.zillowstatic.com/fp/3b666726552ccd87588ba77b3dd6953d-p_c.jpg,2026-08-10 09:16,For Sale
26759091,9930 Strait Ln,75220,Dallas,TX,32.878914,-96.82568,4750000,741.0,-240000.0,4313100.0,6798.0,5.0,6.0,6412.0,1971.0,0.951,singleFamily,61,3115610.0,2025,https://www.zillow.com,https://photos.zillowstatic.com/fp/d703d325e6d4af4a408b4d4bd6d72984-p_c.jpg,2026-08-10 09:16,For Sale
26863363,7326 Spring Valley Rd,75254,Dallas,TX,32.939564,-96.77729,1100000,298.0,-89000.0,1066000.0,6375.0,5.0,5.0,3694.0,1961.0,0.507,singleFamily,159,987170.0,2025,https://www.zillow.com,https://photos.zillowstatic.com/fp/e80289cffb392d62972b6516fc4bbe3e-p_c.jpg,2026-08-10 09:16,For Sale
26867492,7151 Cosgrove Dr,75231,Dallas,TX,32.877773,-96.7387,1195000,447.0,,1137800.0,3871.0,4.0,3.0,2673.0,1974.0,9060.48,singleFamily,16,768060.0,2025,https://www.zillow.com,https://photos.zillowstatic.com/fp/776fcadf95d3ba62e76b5e3c20723987-p_c.jpg,2026-08-10 09:16,For Sale
26848810,13032 Copenhill Rd,75240,Dallas,TX,32.926567,-96.79998,1850000,282.0,,,,6.0,5.0,6554.0,2022.0,0.6930000000000001,singleFamily,395,2949030.0,2025,https://www.zillow.com,https://photos.zillowstatic.com/fp/6b5cba26dd0021f6b26ff9b8e2dc0846-p_c.jpg,2026-08-10 09:16,For Sale
457644753,8319 Deep Green Dr,75249,Dallas,TX,32.647186,-96.965416,480000,183.0,,473600.0,4366.0,4.0,4.0,2623.0,2025.0,6298.776,singleFamily,19,,,https://www.zillow.com,https://photos.zillowstatic.com/fp/73f955662f8c4d354613078397bc43b2-p_c.jpg,2026-08-10 09:16,For Sale
96511891,5735 Bon Air Dr,75210,Dallas,TX,32.678123,-96.76711,299000,162.0,,296700.0,2379.0,4.0,2.0,1849.0,2022.0,0.27599999999999997,singleFamily,5,320000.0,2025,https://www.zillow.com,https://photos.zillowstatic.com/fp/d45365e3acc900d180b24769d19cd114-p_c.jpg,2026-08-10 09:16,For Sale
26863657,7717 Meadowhaven Dr,75254,Dallas,TX,32.948135,-96.773544,949900,341.0,-25100.0,,,4.0,4.0,2785.0,1968.0,0.302,singleFamily,11,634100.0,2025,https://www.zillow.com,https://photos.zillowstatic.com/fp/595ccd347a9fc6ea432ae15fac2956bd-p_c.jpg,2026-08-10 09:16,For Sale
453046203,9839 Walnut St APT T206,75243,Dallas,TX,32.916245,-96.736465,66500,65.0,-500.0,,1527.0,2.0,2.0,1031.0,1981.0,,condo,97,,,https://www.zillow.com,https://photos.zillowstatic.com/fp/74d8b81a585e6d3939040f4bfa812cdf-p_c.jpg,2026-08-10 09:16,For Sale
26852317,13630 Willow Bend Rd,75240,Dallas,TX,32.93434,-96.77063,355000,216.0,,,,3.0,2.0,1646.0,1965.0,8973.36,singleFamily,6,340320.0,2025,https://www.zillow.com,https://photos.zillowstatic.com/fp/f376187c2d594c129ec266d0d0263ed7-p_c.jpg,2026-08-10 09:16,For Sale
26787994,3624 Fontana Dr,75220,Dallas,TX,32.869095,-96.85772,925000,344.0,-24000.0,,4766.0,4.0,3.0,2692.0,2026.0,9539.64,singleFamily,93,325800.0,2025,https://www.zillow.com,https://photos.zillowstatic.com/fp/8d045a5d27b6bf25ab2df403df39ac5b-p_c.jpg,2026-08-10 09:16,For Sale
26748679,6306 Glennox Ln,75214,Dallas,TX,32.849808,-96.755,1095000,361.0,,1044100.0,5376.0,4.0,4.0,3034.0,1970.0,8973.36,singleFamily,16,794880.0,2025,https://www.zillow.com,https://photos.zillowstatic.com/fp/eaf8bc9ba33ffc650b1fda647a6179b6-p_c.jpg,2026-08-10 09:16,For Sale
26744017,11319 Lanewood Cir,75218,Dallas,TX,32.85697,-96.686325,350000,273.0,,330500.0,2467.0,3.0,2.0,1280.0,1961.0,7666.56,singleFamily,1,401120.0,2025,https://www.zillow.com,https://photos.zillowstatic.com/fp/88700334c0af07a90efe123d278d819b-p_c.jpg,2026-08-10 09:16,For Sale
26637847,6239 Cupertino Trl,75252,Dallas,TX,33.004425,-96.79697,485000,205.0,,471000.0,3160.0,4.0,3.0,2365.0,1993.0,4356.0,singleFamily,6,448730.0,2025,https://www.zillow.com,https://photos.zillowstatic.com/fp/6d2e1638d057f3e3f5deba1f6146dfa4-p_c.jpg,2026-08-10 09:16,For Sale
26881148,4445 Mill Run Rd,75244,Dallas,TX,32.924343,-96.83252,1199000,381.0,,1150900.0,6059.0,4.0,4.0,3147.0,1967.0,0.344,singleFamily,9,1089210.0,2025,https://www.zillow.com,https://photos.zillowstatic.com/fp/8cc1adfba301f95c31798b16b9bdecbb-p_c.jpg,2026-08-10 09:16,For Sale
26870922,7241 Cliffbrook Dr,75254,Dallas,TX,32.946133,-96.77873,1200000,231.0,,,,5.0,7.0,5197.0,1968.0,0.422,singleFamily,25,1188980.0,2025,https://www.zillow.com,https://photos.zillowstatic.com/fp/2108042d88f9bf849fa256c955d50440-p_c.jpg,2026-08-10 09:16,For Sale
26599158,6710 Windrock Rd,75252,Dallas,TX,32.993553,-96.78871,750000,240.0,,717000.0,6218.0,5.0,4.0,3120.0,1993.0,0.33999999999999997,singleFamily,12,814925.0,2025,https://www.zillow.com,https://photos.zillowstatic.com/fp/64342561b071fba481af819be96c95e3-p_c.jpg,2026-08-10 09:16,For Sale
26875803,16814 Deer Park Dr,75248,Dallas,TX,32.980206,-96.79117,800000,311.0,,,,4.0,3.0,2574.0,1974.0,10454.4,singleFamily,23,753870.0,2025,https://www.zillow.com,https://photos.zillowstatic.com/fp/4b882f2306928a88bd2cce05f091bcd8-p_c.jpg,2026-08-10 09:16,For Sale
26910909,5916 Encore Dr,75240,Dallas,TX,32.936005,-96.80632,699995,268.0,,,,3.0,3.0,2614.0,1986.0,6795.36,singleFamily,1,515480.0,2025,https://www.zillow.com,https://photos.zillowstatic.com/fp/8fb425f90997dbcd40559e9d416d7cf0-p_c.jpg,2026-08-10 09:16,For Sale
96526846,1507 Elk Creek Rd,75253,Dallas,TX,32.688972,-96.61076,509000,208.0,-30000.0,,,5.0,4.0,2445.0,2025.0,0.34500000000000003,singleFamily,139,80000.0,2025,https://www.zillow.com,https://photos.zillowstatic.com/fp/f5818fb2d26de9e733bd0d7e62956251-p_c.jpg,2026-08-10 09:16,For Sale
26772037,2657 Canberra St,75224,Dallas,TX,32.71599,-96.833595,169000,148.0,,223700.0,1866.0,3.0,1.0,1145.0,1948.0,9060.48,singleFamily,0,180000.0,2025,https://www.zillow.com,https://photos.zillowstatic.com/fp/c1c87688c6827a485099776b1f10bf9c-p_c.jpg,2026-08-10 09:16,For Sale
96522330,3210 Carpenter Ave,75215,Dallas,TX,32.762043,-96.75075,384900,194.0,-10000.0,383100.0,2626.0,4.0,3.0,1988.0,2026.0,9365.4,singleFamily,44,65000.0,2025,https://www.zillow.com,https://photos.zillowstatic.com/fp/8de4aa2260a00da0412b0e7c4beb67d4-p_c.jpg,2026-08-10 09:16,For Sale
26862895,4601 Country Creek Dr APT 1004,75236,Dallas,TX,32.698524,-96.89989,170000,162.0,-5000.0,163500.0,1898.0,3.0,2.0,1050.0,1974.0,19.864,condo,64,165000.0,2025,https://www.zillow.com,https://photos.zillowstatic.com/fp/5ea52f529cbfd9d5b2405fa51fac4285-p_c.jpg,2026-08-10 09:16,For Sale
96531016,4610 Steel St,75219,Dallas,TX,32.81339,-96.82358,499000,235.0,-28000.0,,,3.0,4.0,2126.0,2014.0,1524.6,townhome,88,538950.0,2025,https://www.zillow.com,https://photos.zillowstatic.com/fp/1f25e15d6550df6a827e4c41c6beb7ec-p_c.jpg,2026-08-10 09:16,For Sale
26876057,6409 Duffield Dr,75248,Dallas,TX,32.98259,-96.7957,1299900,364.0,-50000.0,,,5.0,4.0,3567.0,1977.0,0.26899999999999996,singleFamily,31,883460.0,2025,https://www.zillow.com,https://photos.zillowstatic.com/fp/47693a486ce828990280f757f099f224-p_c.jpg,2026-08-10 09:16,For Sale
26909252,9551 Gonzales Dr,75227,Dallas,TX,32.76709,-96.65757,119999,128.0,-4001.0,,1308.0,2.0,1.0,940.0,1982.0,3310.56,singleFamily,131,151670.0,2025,https://www.zillow.com,https://photos.zillowstatic.com/fp/d1895d0b21508743ee374dd4d68db170-p_c.jpg,2026-08-10 09:16,For Sale
2087808087,7418 Fair Oaks Ave APT G,75231,Dallas,TX,32.875553,-96.75379,399900,179.0,-25100.0,388300.0,2722.0,3.0,3.0,2230.0,1974.0,0.906,condo,80,,,https://www.zillow.com,https://photos.zillowstatic.com/fp/133f24a941517db48336d558ff2e19c8-p_c.jpg,2026-08-10 09:16,For Sale
26710038,209 S Windomere Ave,75208,Dallas,TX,32.74418,-96.8457,784900,278.0,-14100.0,760200.0,4494.0,4.0,3.0,2821.0,1920.0,7361.64,singleFamily,46,783430.0,2025,https://www.zillow.com,https://photos.zillowstatic.com/fp/763a25a9ecf38e67d6455da2d1663dca-p_c.jpg,2026-08-10 09:16,For Sale
26689227,6122 Bryan Pkwy,75206,Dallas,TX,32.810043,-96.761925,1250000,346.0,,1201600.0,7823.0,4.0,3.0,3617.0,1999.0,6621.12,singleFamily,31,975090.0,2025,https://www.zillow.com,https://photos.zillowstatic.com/fp/a777eccb9d98f34337980c2f7ea3d3dc-p_c.jpg,2026-08-10 09:16,For Sale
26860038,8034 Greenhollow Ln,75240,Dallas,TX,32.93785,-96.76769,418000,200.0,,411800.0,3497.0,5.0,3.0,2086.0,1961.0,8102.16,singleFamily,87,314120.0,2025,https://www.zillow.com,https://photos.zillowstatic.com/fp/d99684671c4bcd078842ebe66e66f571-p_c.jpg,2026-08-10 09:16,For Sale
26748935,6124 Summer Creek Cir,75231,Dallas,TX,32.862965,-96.75722,450000,313.0,,,,2.0,2.0,1440.0,1980.0,3.414,singleFamily,16,461840.0,2025,https://www.zillow.com,https://photos.zillowstatic.com/fp/a3322c806e2be0ca8692900ab0a74af6-p_c.jpg,2026-08-10 09:16,For Sale
26690639,5347 Miller Ave,75206,Dallas,TX,32.821598,-96.77795,1825000,392.0,,1732100.0,8567.0,4.0,6.0,4655.0,2016.0,9583.2,singleFamily,44,1825140.0,2025,https://www.zillow.com,https://photos.zillowstatic.com/fp/a527553393113f0034d4dff77afb9692-p_c.jpg,2026-08-10 09:16,For Sale
26899394,9233 Church Rd APT 103,75231,Dallas,TX,32.886517,-96.73183,315000,229.0,-5000.0,310100.0,1964.0,3.0,2.0,1377.0,1981.0,1.477,condo,43,289170.0,2025,https://www.zillow.com,https://photos.zillowstatic.com/fp/2830840fa2653750433c99484460cc05-p_c.jpg,2026-08-10 09:16,For Sale
26915218,5916 Wisdom Creek Dr,75249,Dallas,TX,32.651264,-96.97505,430000,179.0,,420200.0,3664.0,4.0,3.0,2403.0,1999.0,7884.36,singleFamily,11,353010.0,2025,https://www.zillow.com,https://photos.zillowstatic.com/fp/92527ae284ca5bb3ccdf876503a57ae3-p_c.jpg,2026-08-10 09:16,For Sale
26869347,9406 Arborhill Dr,75243,Dallas,TX,32.905796,-96.73009,865500,298.0,,844300.0,3618.0,3.0,3.0,2903.0,1970.0,8755.56,singleFamily,3,544120.0,2025,https://www.zillow.com,https://photos.zillowstatic.com/fp/ece45a8f72789c19aaf846baa82b4d83-p_c.jpg,2026-08-10 09:16,For Sale
26739956,8718 San Benito Way,75218,Dallas,TX,32.8194,-96.70518,1649000,412.0,-50000.0,,,5.0,5.0,4000.0,2026.0,8058.6,singleFamily,31,505860.0,2025,https://www.zillow.com,https://photos.zillowstatic.com/fp/155e587c9bb3e39e3f39287da04673cd-p_c.jpg,2026-08-10 09:16,For Sale
26684844,713 Wayne St,75223,Dallas,TX,32.797443,-96.75052,715000,228.0,,699300.0,5994.0,4.0,5.0,3130.0,2023.0,7492.32,singleFamily,9,774800.0,2025,https://www.zillow.com,https://photos.zillowstatic.com/fp/1f964acf3511ebcbcfcc562cdc78fb36-p_c.jpg,2026-08-10 09:16,For Sale
26897737,3037 Adolph St,75204,Dallas,TX,32.792965,-96.78876,385000,270.0,,369300.0,2815.0,3.0,2.0,1426.0,1983.0,4094.64,singleFamily,2,510010.0,2025,https://www.zillow.com,https://photos.zillowstatic.com/fp/de05bce314cb51c52e7adae633236565-p_c.jpg,2026-08-10 09:16,For Sale
26704415,5418 Martel Ave,75206,Dallas,TX,32.831528,-96.77648,850000,339.0,,820800.0,5380.0,3.0,3.0,2509.0,2006.0,3397.68,singleFamily,23,801350.0,2025,https://www.zillow.com,https://photos.zillowstatic.com/fp/e3d02668cd0cb5a20f514df0301ace04-p_c.jpg,2026-08-10 09:16,For Sale
26769758,1631 Western Park Ct,75211,Dallas,TX,32.72781,-96.89976,294500,219.0,,286800.0,1844.0,3.0,2.0,1344.0,1964.0,5183.64,singleFamily,11,220990.0,2025,https://www.zillow.com,https://photos.zillowstatic.com/fp/64154cab48c5ff2b8e39c38d30b77913-p_c.jpg,2026-08-10 09:16,For Sale
26808871,3475 Royal Ln,75229,Dallas,TX,32.895477,-96.862526,1649000,288.0,,1600200.0,7455.0,5.0,7.0,5735.0,2026.0,0.254,singleFamily,10,225000.0,2025,https://www.zillow.com,https://photos.zillowstatic.com/fp/a3240ad370a261ec924bd3f659e52f80-p_c.jpg,2026-08-10 09:16,For Sale
84006038,3907 Cole Ave APT 3,75204,Dallas,TX,32.81126,-96.79571,825000,364.0,,791400.0,4190.0,3.0,4.0,2269.0,2006.0,0.545,condo,31,601290.0,2025,https://www.zillow.com,https://photos.zillowstatic.com/fp/3ebdffc0bf59e071da770bb3a35266b8-p_c.jpg,2026-08-10 09:16,For Sale
26874229,6619 Gentle Wind Ln,75248,Dallas,TX,32.962345,-96.792915,585000,292.0,-10000.0,578100.0,4437.0,4.0,2.0,2006.0,1978.0,7579.44,singleFamily,185,495670.0,2025,https://www.zillow.com,https://photos.zillowstatic.com/fp/d266fb7911b36d7fe8345b45486026b0-p_c.jpg,2026-08-10 09:16,For Sale
26815643,451 Southport Dr,75232,Dallas,TX,32.657856,-96.828186,239997,171.0,,236200.0,1878.0,4.0,2.0,1404.0,1956.0,8363.52,singleFamily,13,216240.0,2025,https://www.zillow.com,https://photos.zillowstatic.com/fp/21b5ba1d349f9a3bd391c693f88f33c0-p_c.jpg,2026-08-10 09:16,For Sale
26685421,419 Cameron Ave,75223,Dallas,TX,32.80415,-96.74734,1075000,319.0,,,5458.0,4.0,4.0,3374.0,2026.0,6098.0,singleFamily,31,275170.0,2025,https://www.zillow.com,https://photos.zillowstatic.com/fp/9c3fc9e358ca211b79254b657228f8e7-p_c.jpg,2026-08-10 09:16,For Sale
26808610,3304 Townsend Dr,75229,Dallas,TX,32.89853,-96.868126,1895000,374.0,,1833800.0,7302.0,4.0,6.0,5072.0,2026.0,10018.8,singleFamily,34,541670.0,2025,https://www.zillow.com,https://photos.zillowstatic.com/fp/66b1189d4fd75121da4f78b9d2c2238e-p_c.jpg,2026-08-10 09:16,For Sale
26701636,6402 Westlake Ave,75214,Dallas,TX,32.821693,-96.7527,1699000,420.0,-50999.0,1652700.0,6644.0,4.0,6.0,4045.0,2026.0,7405.2,singleFamily,5,609450.0,2025,https://www.zillow.com,https://photos.zillowstatic.com/fp/127889541df2a14a846a14a021b0180a-p_c.jpg,2026-08-10 09:16,For Sale
96511984,3930 Bowser Ave #12,75219,Dallas,TX,32.814594,-96.80635,595000,326.0,,576500.0,5564.0,2.0,3.0,1825.0,2008.0,0.367,condo,4,623000.0,2025,https://www.zillow.com,https://photos.zillowstatic.com/fp/5d9b60bdc1a22726a7cee7a6850c905e-p_c.jpg,2026-08-10 09:16,For Sale
26847328,1537 Mapleton Dr,75228,Dallas,TX,32.81902,-96.688805,550000,268.0,-25000.0,542400.0,2792.0,3.0,3.0,2054.0,1961.0,8668.44,singleFamily,52,578010.0,2025,https://www.zillow.com,https://photos.zillowstatic.com/fp/32e287728bc7dfb727932e9e35e3285c-p_c.jpg,2026-08-10 09:16,For Sale
26697045,5120 Maple Springs Blvd,75235,Dallas,TX,32.82066,-96.82542,750000,277.0,-50000.0,731600.0,5069.0,4.0,4.0,2706.0,1936.0,10236.6,singleFamily,108,890750.0,2025,https://www.zillow.com,https://photos.zillowstatic.com/fp/6c31fa9fef41334bb52a7b46f139cd02-p_c.jpg,2026-08-10 09:16,For Sale
26736758,1255 Olden St,75211,Dallas,TX,32.73209,-96.88388,245000,179.0,,241100.0,1788.0,4.0,2.0,1368.0,1959.0,0.27299999999999996,singleFamily,2,267260.0,2025,https://www.zillow.com,https://photos.zillowstatic.com/fp/4d9ef53d862be3239d061b65f44db66d-p_c.jpg,2026-08-10 09:16,For Sale
96533206,1846 Nomas St,75212,Dallas,TX,32.780773,-96.85013,549900,171.0,,,4767.0,5.0,4.0,3212.0,2020.0,7971.48,singleFamily,9,703520.0,2025,https://www.zillow.com,https://photos.zillowstatic.com/fp/06227f5e81aeed76380d61e4e9c8d94a-p_c.jpg,2026-08-10 09:16,For Sale
26702846,5946 Mercedes Ave,75206,Dallas,TX,32.827667,-96.76381,1295000,397.0,-55000.0,1266400.0,5992.0,4.0,3.0,3264.0,1932.0,7100.28,singleFamily,72,975380.0,2025,https://www.zillow.com,https://photos.zillowstatic.com/fp/f13e87f704b72c7f3b85dade56cad73a-p_c.jpg,2026-08-10 09:16,For Sale
26807764,3240 Chapel Downs Dr,75229,Dallas,TX,32.88448,-96.8677,489000,211.0,-51000.0,472900.0,4300.0,4.0,3.0,2316.0,1962.0,10018.8,singleFamily,17,473420.0,2025,https://www.zillow.com,https://photos.zillowstatic.com/fp/c866ed8415760ed83fd04b15bbb54a0d-p_c.jpg,2026-08-10 09:16,For Sale
26861163,8332 Midland Ln,75217,Dallas,TX,32.694626,-96.67708,129900,174.0,,131500.0,1389.0,2.0,1.0,746.0,1953.0,0.32,singleFamily,4,162090.0,2025,https://www.zillow.com,https://photos.zillowstatic.com/fp/547b807e9c64ba76e19f3d15cad5b3a7-p_c.jpg,2026-08-10 09:16,For Sale
26792485,9915 Hurley Way,75220,Dallas,TX,32.879414,-96.84532,1674900,460.0,,1609600.0,7726.0,4.0,5.0,3639.0,2020.0,0.278,singleFamily,17,1534500.0,2025,https://www.zillow.com,https://photos.zillowstatic.com/fp/bc42714e9cad4c4a2233aef762667a3b-p_c.jpg,2026-08-10 09:16,For Sale
26908494,10316 Ridge Oak St,75227,Dallas,TX,32.754658,-96.645386,175000,153.0,-4500.0,171500.0,1625.0,2.0,2.0,1143.0,1985.0,4225.32,singleFamily,74,183090.0,2025,https://www.zillow.com,https://photos.zillowstatic.com/fp/08ac9a9cb15c30dec60f1923d39d20ce-p_c.jpg,2026-08-10 09:16,For Sale
26586275,4018 Cobblers Ln,75287,Dallas,TX,32.991554,-96.84342,774900,253.0,-23600.0,763100.0,4206.0,4.0,3.0,3060.0,1984.0,0.25,singleFamily,66,793150.0,2025,https://www.zillow.com,https://photos.zillowstatic.com/fp/b650490d0da250c9de27faf3749fd4b7-p_c.jpg,2026-08-10 09:16,For Sale
26874245,7716 El Santo Ln,75248,Dallas,TX,32.96116,-96.77498,530000,280.0,,511600.0,3007.0,3.0,2.0,1890.0,1967.0,9060.48,singleFamily,69,479560.0,2025,https://www.zillow.com,https://photos.zillowstatic.com/fp/3dcb1126be4fe897661b48bf6c697359-p_c.jpg,2026-08-10 09:16,For Sale
26771571,716 Mayrant Dr,75224,Dallas,TX,32.729748,-96.83485,600000,293.0,,581700.0,2856.0,3.0,2.0,2048.0,1954.0,0.306,singleFamily,17,487750.0,2025,https://www.zillow.com,https://photos.zillowstatic.com/fp/eb2c54a14833d2d1855eaebdade9dddb-p_c.jpg,2026-08-10 09:16,For Sale
26714388,1442 Stella Ave,75216,Dallas,TX,32.727345,-96.802475,499900,161.0,-19100.0,498200.0,4433.0,5.0,4.0,3100.0,2026.0,8058.6,singleFamily,116,180780.0,2025,https://www.zillow.com,https://photos.zillowstatic.com/fp/5e4194e9b3ad3651cb82ccf0e10b6d99-p_c.jpg,2026-08-10 09:16,For Sale
26693370,4416 N Hall St,75219,Dallas,TX,32.81705,-96.81465,1350000,475.0,-25000.0,1300500.0,4750.0,3.0,3.0,2840.0,1924.0,9234.72,singleFamily,53,1115150.0,2025,https://www.zillow.com,https://photos.zillowstatic.com/fp/0279fa3f572cedcb2544d3af55b5aac6-p_c.jpg,2026-08-10 09:16,For Sale
26773680,655 W Pentagon Pkwy,75224,Dallas,TX,32.694656,-96.83374,219000,172.0,,214200.0,2252.0,3.0,2.0,1270.0,1964.0,8712.0,singleFamily,13,235460.0,2025,https://www.zillow.com,https://photos.zillowstatic.com/fp/1bf25421f5e4e685d330abe40a57f9da-p_c.jpg,2026-08-10 09:16,For Sale
26866653,9716 Ravensway Dr,75238,Dallas,TX,32.879955,-96.72069,990000,309.0,,956500.0,4109.0,5.0,5.0,3202.0,1967.0,10497.96,singleFamily,2,730000.0,2025,https://www.zillow.com,https://photos.zillowstatic.com/fp/59a877c2dc66804261046cb1b0e98f28-p_c.jpg,2026-08-10 09:16,For Sale
336884754,9118 Bluff Hollow Ct,75220,Dallas,TX,32.863235,-96.83837,4595000,674.0,,4321400.0,7488.0,4.0,5.0,6814.0,2023.0,0.298,singleFamily,6,3618410.0,2025,https://www.zillow.com,https://photos.zillowstatic.com/fp/aac0165d58c7d37eaf89865cfd71cd09-p_c.jpg,2026-08-10 09:16,For Sale
26739325,8522 Park Ln APT 15,75231,Dallas,TX,32.87035,-96.75758,215000,101.0,-5000.0,205200.0,2162.0,3.0,3.0,2120.0,1979.0,1.235,condo,65,275600.0,2025,https://www.zillow.com,https://photos.zillowstatic.com/fp/93074ac32cf753c068a038fb0c32d087-p_c.jpg,2026-08-10 09:16,For Sale
26705799,7103 Westbrook Ln,75214,Dallas,TX,32.846027,-96.73876,1300000,513.0,,1228200.0,4878.0,4.0,3.0,2535.0,1954.0,10759.32,singleFamily,18,869160.0,2025,https://www.zillow.com,https://photos.zillowstatic.com/fp/0e7faeb8e39de143144061f9dd594631-p_c.jpg,2026-08-10 09:16,For Sale
26766838,2126 Marfa Ave,75216,Dallas,TX,32.70522,-96.7945,265000,187.0,,,,4.0,3.0,1420.0,1950.0,8102.16,singleFamily,2,136200.0,2025,https://www.zillow.com,https://photos.zillowstatic.com/fp/403b3c7b765fc95a137c202d7ab90b2f-p_c.jpg,2026-08-10 09:16,For Sale
26859386,11221 Dalron Dr,75218,Dallas,TX,32.860683,-96.68662,535000,310.0,,,,3.0,2.0,1728.0,1956.0,9844.56,singleFamily,3,473000.0,2025,https://www.zillow.com,https://photos.zillowstatic.com/fp/e38ee7a18df8f9352188eaf25d5708c5-p_c.jpg,2026-08-10 09:16,For Sale
26750513,6646 E Lovers Ln APT 911,75214,Dallas,TX,32.854504,-96.74564,139000,173.0,,132800.0,1564.0,2.0,1.0,805.0,1979.0,5.028,condo,17,132020.0,2025,https://www.zillow.com,https://photos.zillowstatic.com/fp/f5059b9380bb3254c42326ff486178a6-p_c.jpg,2026-08-10 09:16,For Sale
26840765,2251 Hartline Dr,75228,Dallas,TX,32.830006,-96.67914,359950,245.0,,356600.0,2240.0,3.0,2.0,1468.0,1954.0,0.299,singleFamily,5,345160.0,2025,https://www.zillow.com,https://photos.zillowstatic.com/fp/5b72b3c8dc9e60500635bcb1ce137893-p_c.jpg,2026-08-10 09:16,For Sale
26806704,3832 Cabana Ln,75229,Dallas,TX,32.885296,-96.852646,3695000,624.0,,3516200.0,6763.0,5.0,6.0,5924.0,2026.0,0.366,singleFamily,46,858240.0,2025,https://www.zillow.com,https://photos.zillowstatic.com/fp/a18f9d243903cf14fe645fe8539a30f4-p_c.jpg,2026-08-10 09:16,For Sale
96527322,2370 Fatima Ave,75241,Dallas,TX,32.67423,-96.78172,415000,211.0,-24000.0,,,3.0,2.0,1970.0,2025.0,7405.2,singleFamily,31,179880.0,2025,https://www.zillow.com,https://photos.zillowstatic.com/fp/671b138bec0e558599cb2cbde1cfd446-p_c.jpg,2026-08-10 09:16,For Sale
26759320,4424 Glenleigh Dr,75220,Dallas,TX,32.866314,-96.83281,3250000,494.0,-239000.0,,,5.0,7.0,6578.0,2005.0,0.42900000000000005,singleFamily,86,2153250.0,2025,https://www.zillow.com,https://photos.zillowstatic.com/fp/5eb82d854a28af18a012d62a4d3fa131-p_c.jpg,2026-08-10 09:16,For Sale
26838807,10519 Ravenscroft Dr,75230,Dallas,TX,32.89006,-96.77823,569000,265.0,-30000.0,547800.0,3465.0,4.0,3.0,2144.0,1971.0,4748.04,singleFamily,16,480000.0,2025,https://www.zillow.com,https://photos.zillowstatic.com/fp/b57bd5c02b14c7c2d6a31dfa917a3038-p_c.jpg,2026-08-10 09:16,For Sale
349392894,1803 Temper Ln,75253,Dallas,TX,32.68542,-96.60857,236250,184.0,,,,3.0,2.0,1286.0,2024.0,0.2747,singleFamily,32,245280.0,2025,https://www.zillow.com,https://photos.zillowstatic.com/fp/477284bb93eafb3c5225e033850849d0-p_c.jpg,2026-08-10 09:16,For Sale
26881531,4988 Thunder Rd,75244,Dallas,TX,32.923706,-96.821884,409000,143.0,-20000.0,403400.0,3637.0,3.0,3.0,2852.0,1974.0,4007.52,singleFamily,29,360350.0,2025,https://www.zillow.com,https://photos.zillowstatic.com/fp/6b00cc44183605d006512863859c7702-p_c.jpg,2026-08-10 09:16,For Sale
26859880,13899 Brookgreen Dr,75240,Dallas,TX,32.93397,-96.764885,200000,156.0,,193000.0,2211.0,3.0,2.0,1280.0,1969.0,4181.76,townhome,16,274300.0,2025,https://www.zillow.com,https://photos.zillowstatic.com/fp/58b19151f7ffe36390d162d9556a931e-p_c.jpg,2026-08-10 09:16,For Sale
26888828,6234 La Cosa Dr,75248,Dallas,TX,32.959396,-96.79814,599999,242.0,-30001.0,591600.0,4079.0,3.0,3.0,2480.0,1979.0,8058.6,singleFamily,66,596060.0,2025,https://www.zillow.com,https://photos.zillowstatic.com/fp/eeb8756a5cc4846cf5204ba4772ca22b-p_c.jpg,2026-08-10 09:16,For Sale
26758535,4323 Middleton Rd,75229,Dallas,TX,32.88603,-96.836235,3549000,597.0,-142000.0,3412800.0,6281.0,5.0,7.0,5945.0,2023.0,0.428,singleFamily,115,3344760.0,2025,https://www.zillow.com,https://photos.zillowstatic.com/fp/d5b50d5876a2018788fa9195c5ce9651-p_c.jpg,2026-08-10 09:16,For Sale
26780322,2904 Bridal Wreath Ln,75233,Dallas,TX,32.6954,-96.868065,279000,107.0,,262600.0,3278.0,4.0,4.0,2598.0,1970.0,0.334,singleFamily,41,365520.0,2025,https://www.zillow.com,https://photos.zillowstatic.com/fp/4e36aae9bbd2d3bc25262184385ceb7c-p_c.jpg,2026-08-10 09:16,For Sale
26739829,9027 Daytonia Ave,75218,Dallas,TX,32.823032,-96.7036,1650000,403.0,,1606500.0,4191.0,5.0,5.0,4097.0,2026.0,8319.96,singleFamily,16,505820.0,2025,https://www.zillow.com,https://photos.zillowstatic.com/fp/34ad7e1aacbc2e0633f0e9d402191304-p_c.jpg,2026-08-10 09:16,For Sale
26736463,9421 Thornberry Ln,75220,Dallas,TX,32.86412,-96.847145,3250000,427.0,,3125800.0,7068.0,5.0,7.0,7610.0,2026.0,0.334,singleFamily,5,517500.0,2025,https://www.zillow.com,https://photos.zillowstatic.com/fp/73837499bb28f520d8f7be0b9b00457e-p_c.jpg,2026-08-10 09:16,For Sale
26701875,6867 Gaston Ave,75214,Dallas,TX,32.816105,-96.74107,1249950,534.0,,,,4.0,3.0,2340.0,1937.0,0.29500000000000004,singleFamily,100,768020.0,2025,https://www.zillow.com,https://photos.zillowstatic.com/fp/844aac6c511c56e1cfc96b4d8adb5258-p_c.jpg,2026-08-10 09:16,For Sale
26793134,2231 Prichard Ln,75227,Dallas,TX,32.751827,-96.68687,150000,133.0,,178100.0,1709.0,3.0,1.0,1125.0,1953.0,7100.28,singleFamily,2,223120.0,2025,https://www.zillow.com,https://photos.zillowstatic.com/fp/4d74ee31e1efb54ddd1aac7d263c4a23-p_c.jpg,2026-08-10 09:16,For Sale
26685330,416 Mount Auburn Ave,75223,Dallas,TX,32.80185,-96.74993,798900,191.0,,792900.0,7054.0,5.0,5.0,4181.0,2026.0,7230.96,singleFamily,18,500000.0,2025,https://www.zillow.com,https://photos.zillowstatic.com/fp/116d136469d8ab2a027f05d03133e3f9-p_c.jpg,2026-08-10 09:16,For Sale
26851912,13443 Purple Sage Rd,75240,Dallas,TX,32.931225,-96.7755,525000,282.0,,508700.0,2860.0,3.0,2.0,1861.0,1970.0,9191.16,singleFamily,9,406890.0,2025,https://www.zillow.com,https://photos.zillowstatic.com/fp/82a745b43a8f7ed65f6b89ef09298455-p_c.jpg,2026-08-10 09:16,For Sale
53105730,18240 Midway Rd APT 1301,75287,Dallas,TX,32.99956,-96.84251,289900,170.0,-20100.0,286600.0,2690.0,3.0,3.0,1703.0,1997.0,1698.84,condo,19,324083.0,2025,https://www.zillow.com,https://photos.zillowstatic.com/fp/f2684be11bd0c23c7a399073605c6d75-p_c.jpg,2026-08-10 09:16,For Sale
26825639,2214 Trinidad Dr,75232,Dallas,TX,32.6731,-96.85378,360000,198.0,,,2219.0,3.0,2.0,1816.0,1960.0,0.272,singleFamily,3,276660.0,2025,https://www.zillow.com,https://photos.zillowstatic.com/fp/b0a74f48eae4d6b230165d1d0148d63d-p_c.jpg,2026-08-10 09:16,For Sale
26880235,4064 High Summit Dr,75244,Dallas,TX,32.918484,-96.843925,725000,285.0,,695800.0,3355.0,4.0,3.0,2543.0,1969.0,0.28400000000000003,singleFamily,13,580000.0,2025,https://www.zillow.com,https://photos.zillowstatic.com/fp/63be424f4ea50519d5dbd8d6fc2b380a-p_c.jpg,2026-08-10 09:16,For Sale
26680077,4129 Bowser Ave,75219,Dallas,TX,32.816257,-96.80915,708000,179.0,-38900.0,,,3.0,3.0,3956.0,1927.0,6141.96,singleFamily,73,1039410.0,2025,https://www.zillow.com,https://photos.zillowstatic.com/fp/58aaeebd5318249c8317fa1e5fe51600-p_c.jpg,2026-08-10 09:16,For Sale
67951254,630 W Neely St,75208,Dallas,TX,32.750103,-96.83288,430000,304.0,-29000.0,424400.0,2408.0,3.0,2.0,1415.0,2004.0,5183.64,singleFamily,95,476430.0,2025,https://www.zillow.com,https://photos.zillowstatic.com/fp/4011cf6ee7458bace061703b84ac980f-p_c.jpg,2026-08-10 09:16,For Sale
60331605,2534 Las Villas Ave,75211,Dallas,TX,32.717297,-96.911285,290000,187.0,,,2346.0,4.0,2.0,1550.0,2002.0,5227.2,singleFamily,16,280430.0,2025,https://www.zillow.com,https://photos.zillowstatic.com/fp/dcb85a52aa29870b66514ea401ea9d07-p_c.jpg,2026-08-10 09:16,For Sale
26833627,1810 Bickers St,75212,Dallas,TX,32.786808,-96.84838,569000,237.0,-10000.0,563800.0,3271.0,4.0,4.0,2400.0,2026.0,5401.44,singleFamily,37,255620.0,2025,https://www.zillow.com,https://photos.zillowstatic.com/fp/7c93197a3e4fa4d75bf7bc66024c6dca-p_c.jpg,2026-08-10 09:16,For Sale
26843713,8835 Larchwood Dr,75238,Dallas,TX,32.86803,-96.702156,595000,361.0,-4000.0,,,3.0,2.0,1646.0,1955.0,7623.0,singleFamily,17,519030.0,2025,https://www.zillow.com,https://photos.zillowstatic.com/fp/144a4737b96b471c31c4f507626bcc11-p_c.jpg,2026-08-10 09:16,For Sale
26790475,9816 Mixon Dr,75220,Dallas,TX,32.873436,-96.852104,1899999,452.0,,1814700.0,7311.0,5.0,5.0,4208.0,2023.0,0.278,singleFamily,18,1640550.0,2025,https://www.zillow.com,https://photos.zillowstatic.com/fp/3880d4357786fa963514a64900978225-p_c.jpg,2026-08-10 09:16,For Sale
26910893,5750 En Core Dr,75240,Dallas,TX,32.937542,-96.80668,599000,264.0,-21000.0,585300.0,3042.0,3.0,2.0,2268.0,1992.0,6490.44,singleFamily,44,505000.0,2025,https://www.zillow.com,https://photos.zillowstatic.com/fp/ce6b2ab0c9dce989eb9048c3527e110c-p_c.jpg,2026-08-10 09:16,For Sale
26684048,5524 Junius St,75214,Dallas,TX,32.804356,-96.76104,399000,356.0,,,2173.0,2.0,2.0,1120.0,1921.0,7884.36,multiFamily,11,377140.0,2025,https://www.zillow.com,https://photos.zillowstatic.com/fp/7f620407cd8e6501e30f4ceabea5a6b4-p_c.jpg,2026-08-10 09:16,For Sale
26852244,13545 Flagstone Ln,75240,Dallas,TX,32.932228,-96.76995,379000,180.0,,368200.0,3022.0,4.0,2.0,2100.0,1956.0,9844.56,singleFamily,3,280580.0,2025,https://www.zillow.com,https://photos.zillowstatic.com/fp/a6a326c33bfb073c33a69c13745063e6-p_c.jpg,2026-08-10 09:16,For Sale
26687349,4503 Leland Ave,75215,Dallas,TX,32.75277,-96.760185,130000,106.0,,188600.0,1696.0,2.0,1.0,1232.0,1916.0,7056.72,singleFamily,0,131780.0,2025,https://www.zillow.com,https://photos.zillowstatic.com/fp/7b2c58ca1bed16a89429d1823d400079-p_c.jpg,2026-08-10 09:16,For Sale
65391338,6347 Woodland Dr,75225,Dallas,TX,32.872505,-96.79568,5750000,742.0,,5421700.0,22695.0,6.0,7.0,7746.0,1996.0,0.5234,singleFamily,16,2990000.0,2025,https://www.zillow.com,https://photos.zillowstatic.com/fp/4699e93e56dc55d568d3c7ae1fff8e24-p_c.jpg,2026-08-10 09:16,For Sale
443638165,6006 Meadow Crst,75230,Dallas,TX,32.903107,-96.80368,4600000,626.0,,,,5.0,7.0,7354.0,2025.0,0.47729999999999995,singleFamily,30,,,https://www.zillow.com,https://photos.zillowstatic.com/fp/7c81d66ed95cf179f68da927959cf26c-p_c.jpg,2026-08-10 09:16,For Sale
26785776,5323 Blaney Way,75227,Dallas,TX,32.79028,-96.7088,400000,152.0,-10000.0,,2986.0,3.0,3.0,2634.0,1967.0,8929.8,singleFamily,185,395350.0,2025,https://www.zillow.com,https://photos.zillowstatic.com/fp/849de2793b2fc55ea9c564032e92e7e6-p_c.jpg,2026-08-10 09:16,For Sale
26842198,2926 Hillglenn Rd,75228,Dallas,TX,32.825733,-96.66458,350000,192.0,-25000.0,341400.0,2361.0,4.0,2.0,1824.0,1955.0,7579.44,singleFamily,53,315520.0,2025,https://www.zillow.com,https://photos.zillowstatic.com/fp/fd1924163cb96b5c6df9e3958d23a9de-p_c.jpg,2026-08-10 09:16,For Sale
96535320,26 Army Ave,75211,Dallas,TX,32.742653,-96.92349,79900,,-10000.0,,1489.0,,,,,0.554,land,307,96600.0,2025,https://www.zillow.com,https://photos.zillowstatic.com/fp/1f2e81714fed5aad5177b863b1ffad8a-p_c.jpg,2026-08-10 09:16,For Sale
26751475,7920 Goforth Rd,75238,Dallas,TX,32.868027,-96.7285,1185000,492.0,,1124400.0,3471.0,3.0,3.0,2408.0,1981.0,8407.08,singleFamily,0,878450.0,2025,https://www.zillow.com,https://photos.zillowstatic.com/fp/cffbc106649219fe0fdc6e239c32b3c6-p_c.jpg,2026-08-10 09:16,For Sale
26840194,9357 Creel Creek Dr,75228,Dallas,TX,32.82141,-96.69606,865000,264.0,,,,4.0,5.0,3276.0,1965.0,10802.88,singleFamily,25,659130.0,2025,https://www.zillow.com,https://photos.zillowstatic.com/fp/e0cf76f45a566167d60d4f7442643c2a-p_c.jpg,2026-08-10 09:16,For Sale
96501688,13219 Alsatian Ct,75253,Dallas,TX,32.668682,-96.61672,230000,143.0,,229400.0,2041.0,4.0,2.0,1606.0,2015.0,5140.08,singleFamily,31,279930.0,2025,https://www.zillow.com,https://photos.zillowstatic.com/fp/c90c9daf26c7f28ec501469a0ca19981-p_c.jpg,2026-08-10 09:16,For Sale
26755681,6022 Waggoner Dr,75230,Dallas,TX,32.887028,-96.803055,2949000,470.0,,,,5.0,7.0,6274.0,1991.0,0.344,singleFamily,13,2500000.0,2025,https://www.zillow.com,https://photos.zillowstatic.com/fp/bcc7f02d716135f51af37c753fa978d3-p_c.jpg,2026-08-10 09:16,For Sale
26850629,10344 Country Club Dr,75218,Dallas,TX,32.85791,-96.70436,1349000,314.0,,1319700.0,6519.0,4.0,6.0,4298.0,2026.0,7753.68,singleFamily,44,200000.0,2025,https://www.zillow.com,https://photos.zillowstatic.com/fp/24de9c20ffcd6fc4f01dfd8a99d8d67e-p_c.jpg,2026-08-10 09:16,For Sale
26850812,8605 Shagrock Ln,75238,Dallas,TX,32.86581,-96.69424,504000,311.0,,486900.0,2930.0,3.0,2.0,1619.0,1960.0,8058.6,singleFamily,4,541190.0,2025,https://www.zillow.com,https://photos.zillowstatic.com/fp/3d5fe4bf98850e96ce9a86992eca4224-p_c.jpg,2026-08-10 09:16,For Sale
26840055,9020 Westbriar Dr,75228,Dallas,TX,32.815426,-96.696594,500000,296.0,-15000.0,,,3.0,2.0,1688.0,1960.0,7797.24,singleFamily,96,490420.0,2025,https://www.zillow.com,https://photos.zillowstatic.com/fp/9067f3a1f738e6d4d7bed1f2642bd10d-p_c.jpg,2026-08-10 09:16,For Sale
26831226,2320 Chart Dr,75228,Dallas,TX,32.809082,-96.703445,497000,269.0,-2000.0,484800.0,2301.0,2.0,2.0,1849.0,1961.0,0.368,singleFamily,31,470000.0,2025,https://www.zillow.com,https://photos.zillowstatic.com/fp/dc922acf1d4cce49b3e170c0afb721a9-p_c.jpg,2026-08-10 09:16,For Sale
26797645,459 Alcorn Ave,75217,Dallas,TX,32.71899,-96.704094,115000,84.0,,,,3.0,2.0,1362.0,1959.0,9496.08,singleFamily,28,222950.0,2025,https://www.zillow.com,https://photos.zillowstatic.com/fp/351e91e8e897eef96e89b6bdfc276eaf-p_c.jpg,2026-08-10 09:16,For Sale
26586206,4203 Brooktree Ln,75287,Dallas,TX,32.98858,-96.838455,850000,332.0,,818600.0,3557.0,3.0,3.0,2562.0,1982.0,9583.2,singleFamily,4,698216.0,2025,https://www.zillow.com,https://photos.zillowstatic.com/fp/52a65771302df5c37e00af8d1673d16a-p_c.jpg,2026-08-10 09:16,For Sale
26889447,6501 Copper Creek Dr,75248,Dallas,TX,32.96864,-96.795364,949000,349.0,,913000.0,4531.0,4.0,3.0,2723.0,1979.0,10149.48,singleFamily,39,800000.0,2025,https://www.zillow.com,https://photos.zillowstatic.com/fp/430c983c9c9c5668fb86bf5bdd573df6-p_c.jpg,2026-08-10 09:16,For Sale
67965203,3225 Turtle Creek Blvd APT 530,75219,Dallas,TX,32.80584,-96.80469,285000,349.0,-4000.0,275900.0,2133.0,1.0,1.0,816.0,1998.0,3.536,condo,59,277440.0,2025,https://www.zillow.com,https://photos.zillowstatic.com/fp/f2e78f02af3b36f4e811b06b4cd4227a-p_c.jpg,2026-08-10 09:16,For Sale
26869293,9615 Millridge Dr,75243,Dallas,TX,32.90484,-96.729965,635000,258.0,,616200.0,5518.0,4.0,3.0,2460.0,1970.0,8755.56,singleFamily,21,605190.0,2025,https://www.zillow.com,https://photos.zillowstatic.com/fp/5178aa5e9af2c73f495cd330d83b9bb3-p_c.jpg,2026-08-10 09:16,For Sale
26731418,7714 Morton St,75209,Dallas,TX,32.84996,-96.82334,1895000,472.0,,1860800.0,4747.0,5.0,7.0,4018.0,2026.0,7492.32,singleFamily,16,601790.0,2025,https://www.zillow.com,https://photos.zillowstatic.com/fp/c631abae9650d419b214b685e55b97d7-p_c.jpg,2026-08-10 09:16,For Sale
26706589,6520 Sondra Dr,75214,Dallas,TX,32.82633,-96.74906,1795000,460.0,,1718000.0,7651.0,4.0,4.0,3903.0,2008.0,7579.44,singleFamily,19,1465990.0,2025,https://www.zillow.com,https://photos.zillowstatic.com/fp/13a4599de9a22793124417a3a1f6b32e-p_c.jpg,2026-08-10 09:16,For Sale
2067223822,11128 Valleydale Dr #C,75230,Dallas,TX,32.900566,-96.7709,159000,164.0,,152000.0,1551.0,2.0,2.0,969.0,1961.0,9.336,condo,29,,,https://www.zillow.com,https://photos.zillowstatic.com/fp/adaaf01f7713415bb4391d5ec3733985-p_c.jpg,2026-08-10 09:16,For Sale
26854379,10023 Shadyview Dr,75238,Dallas,TX,32.872807,-96.711815,665000,405.0,-5000.0,644300.0,3252.0,3.0,2.0,1642.0,1958.0,8929.8,singleFamily,18,622790.0,2025,https://www.zillow.com,https://photos.zillowstatic.com/fp/896c028e43ddf4c12eb817389889ef93-p_c.jpg,2026-08-10 09:16,For Sale
26693900,6251 Palo Pinto Ave,75214,Dallas,TX,32.82035,-96.75662,1999000,456.0,-150000.0,1946700.0,7782.0,4.0,5.0,4387.0,2026.0,7492.32,singleFamily,79,620580.0,2025,https://www.zillow.com,https://photos.zillowstatic.com/fp/b27a600e5b3abd08719dd35cd703bd58-p_c.jpg,2026-08-10 09:16,For Sale
26729463,2127 Leander Dr,75211,Dallas,TX,32.762867,-96.8583,425000,296.0,,409200.0,2105.0,2.0,1.0,1436.0,1941.0,9539.64,singleFamily,5,424770.0,2025,https://www.zillow.com,https://photos.zillowstatic.com/fp/e1015fd34d719f7aaa8564ef2e510e87-p_c.jpg,2026-08-10 09:16,For Sale
83995086,2239 Wilhurt Ave,75216,Dallas,TX,32.70228,-96.78744,219500,183.0,,217900.0,1828.0,3.0,2.0,1200.0,2007.0,6446.88,singleFamily,6,212870.0,2025,https://www.zillow.com,https://photos.zillowstatic.com/fp/5566c0931134d7f71ddce36d42a89a07-p_c.jpg,2026-08-10 09:16,For Sale
53089558,6032 Ainsdale Ct,75252,Dallas,TX,32.998665,-96.80026,569000,238.0,-10000.0,557800.0,5135.0,4.0,3.0,2387.0,1994.0,6534.0,singleFamily,53,542762.0,2025,https://www.zillow.com,https://photos.zillowstatic.com/fp/7405773a0b6b4a81c3c8857faafa1cc7-p_c.jpg,2026-08-10 09:16,For Sale
96507257,3231 Fairview Ave,75223,Dallas,TX,32.78969,-96.73935,335000,209.0,-13000.0,333200.0,2423.0,4.0,2.0,1600.0,2023.0,7492.32,singleFamily,115,306830.0,2025,https://www.zillow.com,https://photos.zillowstatic.com/fp/c5ec89f37caa22067edfafa6e023aa7e-p_c.jpg,2026-08-10 09:16,For Sale
89402694,7700 Eastern Ave Unit 207,75209,Dallas,TX,32.84957,-96.813934,859900,370.0,,830700.0,4600.0,3.0,3.0,2321.0,2016.0,2.32,condo,9,789140.0,2025,https://www.zillow.com,https://photos.zillowstatic.com/fp/b2b37151259c8804321f3cf386b60f1f-p_c.jpg,2026-08-10 09:16,For Sale
459246451,2972 Audles Ln,75212,Dallas,TX,32.78199,-96.86831,327000,188.0,-10000.0,,,4.0,3.0,1739.0,2023.0,3702.6,singleFamily,31,324170.0,2025,https://www.zillow.com,https://photos.zillowstatic.com/fp/e08d128a894870fd8dd32bad2f27686d-p_c.jpg,2026-08-10 09:16,For Sale
26832259,3321 Coronet Blvd,75212,Dallas,TX,32.78198,-96.83168,1029000,280.0,-30000.0,1004800.0,6920.0,5.0,6.0,3675.0,2024.0,5052.96,singleFamily,102,837460.0,2025,https://www.zillow.com,https://photos.zillowstatic.com/fp/a95512fef5aa61c2e68d5a370e641a45-p_c.jpg,2026-08-10 09:16,For Sale
26865472,10432 Chesterton Dr,75238,Dallas,TX,32.880894,-96.70491,609000,301.0,-20000.0,592400.0,3566.0,4.0,3.0,2025.0,1961.0,9844.56,singleFamily,30,619620.0,2025,https://www.zillow.com,https://photos.zillowstatic.com/fp/e8d498e8c16c242717c9f129c6a82e6b-p_c.jpg,2026-08-10 09:16,For Sale
26731049,6453 Bob O Link Dr,75214,Dallas,TX,32.831985,-96.75054,2699995,510.0,-50000.0,2616900.0,5780.0,5.0,6.0,5293.0,2025.0,7535.88,singleFamily,51,953700.0,2025,https://www.zillow.com,https://photos.zillowstatic.com/fp/a6816a279e07792ca28dcf079fd85a33-p_c.jpg,2026-08-10 09:16,For Sale
26816196,9544 Mercer Dr,75228,Dallas,TX,32.824543,-96.69295,549000,220.0,,535400.0,2351.0,4.0,2.0,2490.0,1945.0,2343.528,multiFamily,3,520420.0,2025,https://www.zillow.com,https://photos.zillowstatic.com/fp/85e20debf469b159fe08cc64ea897fec-p_c.jpg,2026-08-10 09:16,For Sale
26760618,5638 Greenbrier Dr,75209,Dallas,TX,32.857662,-96.81579,3599000,806.0,,,,4.0,5.0,4465.0,2006.0,0.29200000000000004,singleFamily,7,2242850.0,2025,https://www.zillow.com,https://photos.zillowstatic.com/fp/7d00d765bc7f5b7f8afad9be0084cb0a-p_c.jpg,2026-08-10 09:16,For Sale
26758245,4253 Royal Ridge Dr,75229,Dallas,TX,32.88958,-96.83674,980000,394.0,,944600.0,4503.0,3.0,3.0,2489.0,1969.0,9931.68,singleFamily,33,722410.0,2025,https://www.zillow.com,https://photos.zillowstatic.com/fp/b310b36603aa54bfc19331011c4aaec1-p_c.jpg,2026-08-10 09:16,For Sale
26781695,1516 Oak Vista Dr,75232,Dallas,TX,32.6823,-96.8468,365000,165.0,,,,3.0,2.0,2209.0,1983.0,8581.32,singleFamily,3,258000.0,2025,https://www.zillow.com,https://photos.zillowstatic.com/fp/532add20d5f74106ca5a15899676c406-p_c.jpg,2026-08-10 09:16,For Sale
26717053,200 S Shore Dr,75216,Dallas,TX,32.73194,-96.82092,969900,363.0,,929500.0,2831.0,5.0,4.0,2671.0,1940.0,9234.72,singleFamily,16,427570.0,2025,https://www.zillow.com,https://photos.zillowstatic.com/fp/efc8eb8f723bd13c5437dc3cb2510918-p_c.jpg,2026-08-10 09:16,For Sale
26701227,7027 Casa Loma Ave,75214,Dallas,TX,32.81286,-96.73684,2199000,454.0,,2082400.0,7866.0,4.0,6.0,4844.0,2016.0,8232.84,singleFamily,51,1897400.0,2025,https://www.zillow.com,https://photos.zillowstatic.com/fp/9fc7db61d96dd4dd58afcb16996c1f21-p_c.jpg,2026-08-10 09:16,For Sale
26913335,12823 Burninglog Ln,75243,Dallas,TX,32.918713,-96.73485,267000,163.0,,260700.0,2277.0,3.0,4.0,1636.0,1983.0,1960.2,townhome,1,271220.0,2025,https://www.zillow.com,https://photos.zillowstatic.com/fp/d503d890f08702fdf27b59189027a650-p_c.jpg,2026-08-10 09:16,For Sale
26703118,6323 Anita St,75214,Dallas,TX,32.834892,-96.75415,1775000,402.0,-14000.0,1727400.0,7718.0,6.0,6.0,4420.0,2026.0,7962.768,singleFamily,53,732290.0,2025,https://www.zillow.com,https://photos.zillowstatic.com/fp/e44ee960e224a6b32127081c019ccaa3-p_c.jpg,2026-08-10 09:16,For Sale
26731598,7210 Robin Rd,75209,Dallas,TX,32.845406,-96.822235,1595000,385.0,-55000.0,1555200.0,7649.0,5.0,6.0,4140.0,2023.0,7710.12,singleFamily,31,1570210.0,2025,https://www.zillow.com,https://photos.zillowstatic.com/fp/f0310a2fb22a3efd677d8d282f724ed6-p_c.jpg,2026-08-10 09:16,For Sale
26838764,10524 Ravenscroft Dr,75230,Dallas,TX,32.890205,-96.77773,825000,224.0,,783400.0,2954.0,6.0,4.0,3680.0,1969.0,10341.144,multiFamily,10,820460.0,2025,https://www.zillow.com,https://photos.zillowstatic.com/fp/3e7acbdcba5ed478f9335e9aaee86446-p_c.jpg,2026-08-10 09:16,For Sale
26869002,9511 Fallbrook Dr,75243,Dallas,TX,32.901775,-96.73189,740000,180.0,-10000.0,,5420.0,4.0,4.0,4117.0,1973.0,0.262,singleFamily,38,707780.0,2025,https://www.zillow.com,https://photos.zillowstatic.com/fp/4c949f267797820f58e96146a3762ad4-p_c.jpg,2026-08-10 09:16,For Sale
26754794,6815 Park Ln,75225,Dallas,TX,32.873745,-96.78783,2245000,475.0,,2123200.0,7940.0,5.0,7.0,4724.0,2007.0,9844.56,singleFamily,81,2265490.0,2025,https://www.zillow.com,https://photos.zillowstatic.com/fp/2704b71467b011306697dcbb3a90c91b-p_c.jpg,2026-08-10 09:16,For Sale
26686305,2714 Lenway St,75215,Dallas,TX,32.765194,-96.765,180000,148.0,,,2523.0,7.0,4.0,1218.0,1930.0,6141.96,singleFamily,30,138560.0,2025,https://www.zillow.com,https://photos.zillowstatic.com/fp/eb17c3a453aac032687224c5e1219a68-p_c.jpg,2026-08-10 09:16,For Sale
26742692,10447 Sylvia Dr,75228,Dallas,TX,32.837524,-96.68414,365000,235.0,-24900.0,358600.0,2368.0,3.0,2.0,1552.0,1952.0,7187.4,singleFamily,71,402310.0,2025,https://www.zillow.com,https://photos.zillowstatic.com/fp/29e526e82543492112a7060802ec5d04-p_c.jpg,2026-08-10 09:16,For Sale
26786501,849 Berkinshire Dr,75218,Dallas,TX,32.847267,-96.706184,449000,315.0,,441700.0,2707.0,3.0,2.0,1426.0,1954.0,6272.64,singleFamily,33,450060.0,2025,https://www.zillow.com,https://photos.zillowstatic.com/fp/ecdd6f9bba6a835f5ec9621d789103ea-p_c.jpg,2026-08-10 09:16,For Sale
26858141,7030 Blackwood Dr,75231,Dallas,TX,32.874187,-96.73518,1395000,339.0,-80000.0,,,4.0,4.0,4121.0,1993.0,0.261,singleFamily,73,1321450.0,2025,https://www.zillow.com,https://photos.zillowstatic.com/fp/f745b3970283195f49d6384965ffa6df-p_c.jpg,2026-08-10 09:16,For Sale
26922779,4040 Avondale Ave APT 405,75219,Dallas,TX,32.81725,-96.80738,360000,265.0,-10000.0,348900.0,3101.0,2.0,3.0,1360.0,1985.0,1.447,condo,13,339000.0,2025,https://www.zillow.com,https://photos.zillowstatic.com/fp/809e72de614fe1af17faa8a5e62c9d83-p_c.jpg,2026-08-10 09:16,For Sale
96497853,6200 Carlton Garrett St,75215,Dallas,TX,32.73986,-96.75487,499990,200.0,,496700.0,1517.0,4.0,3.0,2495.0,2026.0,5183.64,singleFamily,6,51770.0,2025,https://www.zillow.com,https://photos.zillowstatic.com/fp/edc81139983f9067e1bbdb80ffdf1505-p_c.jpg,2026-08-10 09:16,For Sale
26870818,6715 Glenhurst Dr,75254,Dallas,TX,32.94147,-96.78878,1500000,360.0,,1418300.0,7252.0,4.0,5.0,4171.0,1972.0,0.5670000000000001,singleFamily,19,1267620.0,2025,https://www.zillow.com,https://photos.zillowstatic.com/fp/fbe6bf4a6c62773d7b4ce0ecf225ec5b-p_c.jpg,2026-08-10 09:16,For Sale
96527763,2507 Jim St,75212,Dallas,TX,32.774643,-96.91488,397900,247.0,-1000.0,396500.0,3444.0,5.0,3.0,1611.0,2016.0,6011.28,singleFamily,12,332970.0,2025,https://www.zillow.com,https://photos.zillowstatic.com/fp/1da0665b97475f0667ff25eb20669817-p_c.jpg,2026-08-10 09:16,For Sale
26690226,6047 Vickery Blvd,75206,Dallas,TX,32.82314,-96.76171,684000,378.0,-15000.0,664700.0,3133.0,2.0,2.0,1808.0,1932.0,7013.16,singleFamily,95,585660.0,2025,https://www.zillow.com,https://photos.zillowstatic.com/fp/ff196e095d49546e26a88575b57c0124-p_c.jpg,2026-08-10 09:16,For Sale
248827946,2502 Burlington Blvd,75211,Dallas,TX,32.736893,-96.859276,330000,298.0,,317200.0,1953.0,2.0,1.0,1107.0,1928.0,7840.8,singleFamily,13,283160.0,2025,https://www.zillow.com,https://photos.zillowstatic.com/fp/562f4fde4ae580f84e95ab1d47d09561-p_c.jpg,2026-08-10 09:16,For Sale
26705826,7219 E Mockingbird Ln,75214,Dallas,TX,32.847378,-96.73609,765000,358.0,,732200.0,3441.0,4.0,2.0,2135.0,1953.0,7971.48,singleFamily,31,797700.0,2025,https://www.zillow.com,https://photos.zillowstatic.com/fp/84a39707ceb5858f495013d08f07e4ea-p_c.jpg,2026-08-10 09:16,For Sale
26755002,6452 Walnut Hill Ln,75230,Dallas,TX,32.87963,-96.79444,3195000,510.0,,3078200.0,6890.0,5.0,7.0,6266.0,2026.0,0.362,singleFamily,9,630200.0,2025,https://www.zillow.com,https://photos.zillowstatic.com/fp/cecac340b004806117a8141114469e87-p_c.jpg,2026-08-10 09:16,For Sale
26755451,6739 Walnut Hill Ln,75230,Dallas,TX,32.88025,-96.788605,2150000,450.0,,,,5.0,6.0,4778.0,2026.0,0.263,singleFamily,11,458760.0,2025,https://www.zillow.com,https://photos.zillowstatic.com/fp/85f13eba7e81f8fa944b17831a809c0b-p_c.jpg,2026-08-10 09:16,For Sale
26712191,1815 W Brooklyn Ave,75208,Dallas,TX,32.739494,-96.84982,298500,256.0,-11400.0,289800.0,1882.0,2.0,2.0,1164.0,1924.0,2395.8,multiFamily,47,292530.0,2025,https://www.zillow.com,https://photos.zillowstatic.com/fp/b10ffe5c909b6ad11ddb4213a923cb60-p_c.jpg,2026-08-10 09:16,For Sale
26783093,3102 Kellogg Ave,75216,Dallas,TX,32.713455,-96.791245,130000,164.0,-5000.0,,1375.0,2.0,1.0,792.0,1950.0,0.26899999999999996,singleFamily,73,163310.0,2025,https://www.zillow.com,https://photos.zillowstatic.com/fp/315e178e9b9f032f94b954ba98bff43d-p_c.jpg,2026-08-10 09:16,For Sale
26682979,3403 Knight St,75219,Dallas,TX,32.814262,-96.81016,1250000,508.0,,1184600.0,3934.0,3.0,2.0,2460.0,1914.0,0.258,singleFamily,16,1131420.0,2025,https://www.zillow.com,https://photos.zillowstatic.com/fp/737309db39b5a63f5deec5b70196abab-p_c.jpg,2026-08-10 09:16,For Sale
53101469,18403 Gibbons Dr,75287,Dallas,TX,32.999294,-96.83331,780000,204.0,-19900.0,,,5.0,4.0,3828.0,1996.0,7405.2,singleFamily,149,716354.0,2025,https://www.zillow.com,https://photos.zillowstatic.com/fp/b018e597704cfd56d31165e744f0409d-p_c.jpg,2026-08-10 09:16,For Sale
26789067,3942 Rochelle Dr,75220,Dallas,TX,32.87418,-96.849495,1475000,355.0,-13000.0,,7610.0,5.0,6.0,4152.0,2017.0,8113.0,singleFamily,18,1423000.0,2025,https://www.zillow.com,https://photos.zillowstatic.com/fp/504048fc58104f19790df51d3cb10171-p_c.jpg,2026-08-10 09:16,For Sale
69677111,1122 Jackson St APT 606,75202,Dallas,TX,32.778316,-96.80129,250000,243.0,-45000.0,282700.0,1998.0,1.0,1.0,1028.0,1925.0,0.984,condo,44,253000.0,2025,https://www.zillow.com,https://photos.zillowstatic.com/fp/634d8d4a02e660a55f66cbfaffc8c66e-p_c.jpg,2026-08-10 09:16,For Sale
26707028,6860 Southridge Dr,75214,Dallas,TX,32.82941,-96.74215,3000000,617.0,,2891800.0,3781.0,5.0,6.0,4860.0,2026.0,8712.0,singleFamily,19,934650.0,2025,https://www.zillow.com,https://photos.zillowstatic.com/fp/e158c5202eabd46614eed84e30dd3567-p_c.jpg,2026-08-10 09:16,For Sale
26813485,3560 High Bluff Dr,75234,Dallas,TX,32.912926,-96.85866,295000,163.0,,289900.0,2571.0,4.0,2.0,1810.0,1962.0,0.179,singleFamily,21,320450.0,2025,https://www.zillow.com,https://photos.zillowstatic.com/fp/136e8a5c9f02bfba4657ce4e83434573-p_c.jpg,2026-08-10 09:16,For Sale
26805952,3923 Weeburn Dr,75229,Dallas,TX,32.90733,-96.847534,1250000,458.0,,1209200.0,5722.0,4.0,3.0,2727.0,1964.0,0.367,singleFamily,52,1196530.0,2025,https://www.zillow.com,https://photos.zillowstatic.com/fp/8bbc23a558ee2780f176e9e2e66140e9-p_c.jpg,2026-08-10 09:16,For Sale
26863869,11623 Lochlynn Cir,75228,Dallas,TX,32.85092,-96.657974,230000,137.0,,219700.0,2455.0,3.0,2.0,1674.0,1978.0,8145.72,singleFamily,37,302770.0,2025,https://www.zillow.com,https://photos.zillowstatic.com/fp/61832a4738a1da29e2378dbb9640567f-p_c.jpg,2026-08-10 09:16,For Sale
27338852,2848 Harbinger Ln,75287,Dallas,TX,32.99178,-96.865456,291000,253.0,-1000.0,288500.0,1876.0,2.0,2.0,1148.0,1984.0,3615.48,singleFamily,82,296000.0,2025,https://www.zillow.com,https://photos.zillowstatic.com/fp/3786cced07de3c2c92e815c26c299739-p_c.jpg,2026-08-10 09:16,For Sale
26700974,7119 Coronado Ave,75214,Dallas,TX,32.811356,-96.734856,2395000,497.0,,2299700.0,5692.0,5.0,7.0,4816.0,2026.0,7840.8,singleFamily,19,775170.0,2025,https://www.zillow.com,https://photos.zillowstatic.com/fp/f61d9395aa5171969ace48aa9cb5e0be-p_c.jpg,2026-08-10 09:16,For Sale
26845513,2704 Marbella Ln,75228,Dallas,TX,32.822178,-96.66788,240000,155.0,,239700.0,2191.0,4.0,2.0,1552.0,1955.0,9452.52,singleFamily,4,282300.0,2025,https://www.zillow.com,https://photos.zillowstatic.com/fp/9586862699bd7bc484aeb89c06e842f3-p_c.jpg,2026-08-10 09:16,For Sale
26869110,9604 Robin Meadow Dr,75243,Dallas,TX,32.90022,-96.73132,975000,300.0,,,,4.0,3.0,3250.0,1981.0,0.296,singleFamily,68,930680.0,2025,https://www.zillow.com,https://photos.zillowstatic.com/fp/7e8eed9d1976332854327a8019342f3c-p_c.jpg,2026-08-10 09:16,For Sale
26866539,9624 Greensprint Dr,75238,Dallas,TX,32.88456,-96.72177,1300000,293.0,,,,4.0,5.0,4436.0,1980.0,9452.52,singleFamily,23,993500.0,2025,https://www.zillow.com,https://photos.zillowstatic.com/fp/d29680764065905fb9af72becd7d341e-p_c.jpg,2026-08-10 09:16,For Sale
26755175,6031 Lupton Dr,75225,Dallas,TX,32.877293,-96.80259,5999000,856.0,-101000.0,5705300.0,7191.0,5.0,7.0,7009.0,2025.0,0.43199999999999994,singleFamily,135,2570190.0,2025,https://www.zillow.com,https://photos.zillowstatic.com/fp/48b0e44cb83164412f7f80ee793fdfab-p_c.jpg,2026-08-10 09:16,For Sale
26795670,1623 Fresno St,75217,Dallas,TX,32.740612,-96.693115,240000,109.0,-25000.0,234900.0,2678.0,6.0,2.0,2194.0,1954.0,9888.12,singleFamily,82,338390.0,2025,https://www.zillow.com,https://photos.zillowstatic.com/fp/6438154e2bc5f131cea2c08f8024b641-p_c.jpg,2026-08-10 09:16,For Sale
26690086,5933 Oram St,75206,Dallas,TX,32.814137,-96.76451,950000,292.0,,926500.0,4441.0,4.0,4.0,3259.0,2016.0,3267.0,singleFamily,2,793480.0,2025,https://www.zillow.com,https://photos.zillowstatic.com/fp/38053501686d58c39d5d2584cc12a6b6-p_c.jpg,2026-08-10 09:16,For Sale
2084860104,8560 Park Ln APT 91,75231,Dallas,TX,32.868908,-96.755615,192500,148.0,-5000.0,183100.0,1484.0,2.0,3.0,1299.0,1974.0,6.129,condo,100,,,https://www.zillow.com,https://photos.zillowstatic.com/fp/250d95306c18cf174a79a2064f0c020a-p_c.jpg,2026-08-10 09:16,For Sale
26881106,4316 Rickover Dr,75244,Dallas,TX,32.917934,-96.83574,1695000,501.0,,1635700.0,5140.0,4.0,4.0,3386.0,2024.0,0.302,singleFamily,12,913200.0,2025,https://www.zillow.com,https://photos.zillowstatic.com/fp/7156a0d4b2260de9dfe292be30a3d9b4-p_c.jpg,2026-08-10 09:16,For Sale
67961840,4213 Dickason Ave APT 9,75219,Dallas,TX,32.81071,-96.814095,499000,253.0,-20900.0,489900.0,3337.0,2.0,2.0,1974.0,2004.0,1916.64,townhome,60,567230.0,2025,https://www.zillow.com,https://photos.zillowstatic.com/fp/3a1b8b0e3d634ddb483a2332e960a62b-p_c.jpg,2026-08-10 09:16,For Sale
96533947,3803 Kenilworth St,75210,Dallas,TX,32.765114,-96.74373,104900,156.0,,,,3.0,1.0,672.0,2020.0,4573.8,singleFamily,13,130130.0,2025,https://www.zillow.com,https://photos.zillowstatic.com/fp/4b64e6369e2d03c5bf6628fa60db0eba-p_c.jpg,2026-08-10 09:16,For Sale
26908613,10347 Carolina Oaks Dr,75227,Dallas,TX,32.752884,-96.64401,154000,128.0,,151100.0,1937.0,3.0,2.0,1200.0,1999.0,4660.92,singleFamily,31,238520.0,2025,https://www.zillow.com,https://photos.zillowstatic.com/fp/92b10d65cf9ca57d3f6a1b7eaaf74a04-p_c.jpg,2026-08-10 09:16,For Sale
26767220,2402 E Overton Rd,75216,Dallas,TX,32.708187,-96.79084,280000,143.0,-10000.0,274600.0,2411.0,4.0,4.0,1956.0,1950.0,8407.08,singleFamily,65,191430.0,2025,https://www.zillow.com,https://photos.zillowstatic.com/fp/c1e22b23d5e025f72c0ac557ce5aab48-p_c.jpg,2026-08-10 09:16,For Sale
463361760,1371 Cooper St,75215,Dallas,TX,32.755806,-96.77512,240000,141.0,,240200.0,3007.0,4.0,3.0,1706.0,2026.0,8363.52,singleFamily,51,,,https://www.zillow.com,https://photos.zillowstatic.com/fp/0fc782bd410e4640aa4d991bbfcdec9c-p_c.jpg,2026-08-10 09:16,For Sale
26910840,9107 Sweetwater Dr,75228,Dallas,TX,32.810844,-96.6929,489990,243.0,-10000.0,480900.0,3052.0,3.0,2.0,2019.0,1982.0,8276.4,singleFamily,69,476530.0,2025,https://www.zillow.com,https://photos.zillowstatic.com/fp/9d524a1801e532eeda8c36f1cd541028-p_c.jpg,2026-08-10 09:16,For Sale
26892307,7105 Pineberry Rd,75249,Dallas,TX,32.636818,-96.9457,185000,151.0,-14000.0,183600.0,1551.0,2.0,2.0,1227.0,1981.0,5140.08,singleFamily,86,210150.0,2025,https://www.zillow.com,https://photos.zillowstatic.com/fp/75724265ff120ff4fd9b8f455d307231-p_c.jpg,2026-08-10 09:16,For Sale
26834749,3538 Gallagher St,75212,Dallas,TX,32.784386,-96.87859,599000,236.0,,592300.0,4339.0,4.0,3.0,2534.0,2026.0,6664.68,singleFamily,11,95000.0,2025,https://www.zillow.com,https://photos.zillowstatic.com/fp/e697556a1920b412495a76e80df0a4a8-p_c.jpg,2026-08-10 09:16,For Sale
26757013,11219 Leachman Cir,75229,Dallas,TX,32.900352,-96.82221,5250000,960.0,-245000.0,4844800.0,8401.0,5.0,6.0,5470.0,1972.0,0.594,singleFamily,167,4604060.0,2025,https://www.zillow.com,https://photos.zillowstatic.com/fp/2056db3dc523d4f90aca7f3a26c19ee3-p_c.jpg,2026-08-10 09:16,For Sale
26719822,3102 W Jefferson Blvd,75211,Dallas,TX,32.744076,-96.871544,400000,294.0,,388000.0,2007.0,3.0,2.0,1360.0,1926.0,9757.44,singleFamily,8,222400.0,2025,https://www.zillow.com,https://photos.zillowstatic.com/fp/bd163ecf84ec1a7aed97eef15a1d5536-p_c.jpg,2026-08-10 09:16,For Sale
26756842,5945 Royal Crest Dr,75230,Dallas,TX,32.899727,-96.80551,4490000,738.0,-10000.0,4355800.0,7141.0,5.0,7.0,6083.0,2026.0,0.37900000000000006,singleFamily,169,2200000.0,2025,https://www.zillow.com,https://photos.zillowstatic.com/fp/02c06124303f7f7b1fc62c7a27ce9791-p_c.jpg,2026-08-10 09:16,For Sale
26705388,6755 E Mockingbird Ln,75214,Dallas,TX,32.840637,-96.74415,568000,379.0,-31000.0,546600.0,3186.0,2.0,2.0,1498.0,1956.0,7797.24,singleFamily,31,527210.0,2025,https://www.zillow.com,https://photos.zillowstatic.com/fp/bd9b62aa93eba9fa6efbdbc6e6cf7d44-p_c.jpg,2026-08-10 09:16,For Sale
26812625,2909 Silverton Dr,75229,Dallas,TX,32.89979,-96.8809,374000,251.0,-5000.0,364800.0,2943.0,3.0,2.0,1488.0,1959.0,8102.16,singleFamily,47,365700.0,2025,https://www.zillow.com,https://photos.zillowstatic.com/fp/ff6e0f9f4ea0b0f4d588e2e04d790d58-p_c.jpg,2026-08-10 09:16,For Sale
2091061209,2542 Gladstone Dr,75211,Dallas,TX,32.739933,-96.86088,374900,214.0,-24100.0,361300.0,1805.0,2.0,2.0,1749.0,1920.0,7492.32,multiFamily,36,,,https://www.zillow.com,https://photos.zillowstatic.com/fp/89ef16d46e88afff54ead4e02dbf4ea4-p_c.jpg,2026-08-10 09:16,For Sale
26707212,7153 Cornelia Ln,75214,Dallas,TX,32.830696,-96.73574,2799000,554.0,-50000.0,2727200.0,5747.0,5.0,5.0,5055.0,2025.0,0.26,singleFamily,72,878030.0,2025,https://www.zillow.com,https://photos.zillowstatic.com/fp/b1ffb95db4bc32cdaf4687656d15de22-p_c.jpg,2026-08-10 09:16,For Sale
26830834,8478 Banquo Dr,75228,Dallas,TX,32.806305,-96.70235,428900,299.0,-11000.0,421000.0,2259.0,3.0,2.0,1433.0,1960.0,9060.48,singleFamily,24,380380.0,2025,https://www.zillow.com,https://photos.zillowstatic.com/fp/a248f1d5d5e7ebf2e34fa4dd2812dbb6-p_c.jpg,2026-08-10 09:16,For Sale
26696477,2322 Arroyo Ave,75219,Dallas,TX,32.80856,-96.82431,575000,224.0,-24900.0,570500.0,5029.0,3.0,4.0,2570.0,2024.0,3615.48,singleFamily,318,1350390.0,2025,https://www.zillow.com,https://photos.zillowstatic.com/fp/5b6e38862fe5da621ccf15298057fa74-p_c.jpg,2026-08-10 09:16,For Sale
26714361,623 N Montclair Ave,75208,Dallas,TX,32.75035,-96.8468,675000,373.0,,648900.0,3490.0,3.0,2.0,1811.0,1922.0,6969.6,singleFamily,33,590890.0,2025,https://www.zillow.com,https://photos.zillowstatic.com/fp/36c7eb83f0ff889f4a358eb506532d4e-p_c.jpg,2026-08-10 09:16,For Sale
26847177,1744 Gross Rd,75228,Dallas,TX,32.81449,-96.68626,330000,186.0,-19900.0,323600.0,2944.0,3.0,2.0,1778.0,1964.0,0.261,singleFamily,60,392120.0,2025,https://www.zillow.com,https://photos.zillowstatic.com/fp/45888fa28ba28104ca482befd7439a57-p_c.jpg,2026-08-10 09:16,For Sale
61869969,1999 McKinney Ave APT 1206,75201,Dallas,TX,32.79043,-96.80398,1195000,496.0,,1133400.0,6132.0,2.0,2.0,2407.0,2000.0,0.6681,condo,24,962800.0,2025,https://www.zillow.com,https://photos.zillowstatic.com/fp/1ff8f603521bfdb4a64d017bbce46a4d-p_c.jpg,2026-08-10 09:16,For Sale
96509994,3142 Harmon St,75215,Dallas,TX,32.767475,-96.75661,349990,136.0,10090.0,348900.0,3962.0,3.0,4.0,2579.0,2025.0,3223.44,singleFamily,67,337650.0,2025,https://www.zillow.com,https://photos.zillowstatic.com/fp/f6db96303c1dc421b582a62127fbc845-p_c.jpg,2026-08-10 09:16,For Sale
26843598,9011 Liptonshire Dr,75238,Dallas,TX,32.87073,-96.70545,749900,301.0,-10000.0,731100.0,4227.0,3.0,4.0,2489.0,1955.0,7666.56,singleFamily,122,592860.0,2025,https://www.zillow.com,https://photos.zillowstatic.com/fp/9a048c9f90ec20301b249e1186e9d398-p_c.jpg,2026-08-10 09:16,For Sale
55827181,2305 Worthington St APT 303,75204,Dallas,TX,32.801598,-96.787735,429900,501.0,,285700.0,2419.0,1.0,1.0,858.0,1999.0,1.6654040404040404,condo,0,312050.0,2025,https://www.zillow.com,https://photos.zillowstatic.com/fp/2cb90333ee3e2e089ea9ca06f789cae1-p_c.jpg,2026-08-10 09:16,For Sale
443042885,632-634 Melba St,75208,Dallas,TX,32.747013,-96.833595,795000,225.0,-164000.0,769800.0,3709.0,6.0,6.0,3530.0,2024.0,5619.24,multiFamily,76,,,https://www.zillow.com,https://photos.zillowstatic.com/fp/060928c289864f9dc2cb5d5f3234a3da-p_c.jpg,2026-08-10 09:16,For Sale
303984263,17144 Lacebark Ln,75252,Dallas,TX,32.98381,-96.7646,925000,276.0,,895600.0,5584.0,4.0,4.0,3352.0,2019.0,4573.8,singleFamily,6,820970.0,2025,https://www.zillow.com,https://photos.zillowstatic.com/fp/467d49010c8896b9be43687ab07ca269-p_c.jpg,2026-08-10 09:16,For Sale
26808164,3304 Royal Ln,75229,Dallas,TX,32.894768,-96.86761,1925000,400.0,,1870000.0,5475.0,5.0,7.0,4815.0,2026.0,0.31,singleFamily,15,552040.0,2025,https://www.zillow.com,https://photos.zillowstatic.com/fp/b9fb4012e2ec03b6cdf702944d2c8909-p_c.jpg,2026-08-10 09:16,For Sale
69675159,5219 Chippewa Dr,75212,Dallas,TX,32.76874,-96.90494,290000,221.0,-10000.0,288500.0,2259.0,3.0,2.0,1312.0,2005.0,5488.56,singleFamily,32,264150.0,2025,https://www.zillow.com,https://photos.zillowstatic.com/fp/2112d909c9f673f67df59256d6e6b6b5-p_c.jpg,2026-08-10 09:16,For Sale
26725974,1170 Bally Mote Dr,75218,Dallas,TX,32.827694,-96.7114,925000,480.0,-65000.0,890400.0,3030.0,3.0,2.0,1926.0,1957.0,0.323,singleFamily,34,785810.0,2025,https://www.zillow.com,https://photos.zillowstatic.com/fp/6591f71effeb2237b745a41245eeba63-p_c.jpg,2026-08-10 09:16,For Sale
26759387,4205 Manning Ln,75220,Dallas,TX,32.86799,-96.83763,7200000,900.0,,1558900.0,6085.0,6.0,8.0,8000.0,2026.0,0.5159,singleFamily,2,1094430.0,2025,https://www.zillow.com,https://photos.zillowstatic.com/fp/d565fdeeb5f404ffc754d6b4f0a008e6-p_c.jpg,2026-08-10 09:16,For Sale
462285750,1621 Bannock Ave,75215,Dallas,TX,32.74878,-96.76409,449000,214.0,,446700.0,3051.0,4.0,4.0,2100.0,2026.0,5998.212,singleFamily,93,,,https://www.zillow.com,https://photos.zillowstatic.com/fp/a7867b0886d28d6dafd212024faac89d-p_c.jpg,2026-08-10 09:16,For Sale
26929886,11655 Audelia Rd APT 901,75243,Dallas,TX,32.907795,-96.71874,130000,120.0,,127000.0,1809.0,2.0,3.0,1083.0,1982.0,4.926,condo,6,154730.0,2025,https://www.zillow.com,https://photos.zillowstatic.com/fp/3da93a844978023a642bf75f5545bf01-p_c.jpg,2026-08-10 09:16,For Sale
26804598,12034 Drujon Ln,75244,Dallas,TX,32.91289,-96.82307,2475000,415.0,,2333600.0,7858.0,4.0,6.0,5970.0,2003.0,0.377,singleFamily,14,2357740.0,2025,https://www.zillow.com,https://photos.zillowstatic.com/fp/fb2af591fffbd3feb141d0d9efa1a17c-p_c.jpg,2026-08-10 09:16,For Sale
26758236,4347 Royal Ridge Dr,75229,Dallas,TX,32.889618,-96.83396,2349900,453.0,,,5029.0,5.0,6.0,5184.0,1968.0,0.329,singleFamily,10,972340.0,2025,https://www.zillow.com,https://photos.zillowstatic.com/fp/4a66bd616ccc5a622e2197d6a719dc94-p_c.jpg,2026-08-10 09:16,For Sale
26759674,9525 Alva Ct,75220,Dallas,TX,32.87314,-96.81626,9600000,870.0,-300000.0,8869600.0,7728.0,6.0,9.0,11037.0,2002.0,0.844,singleFamily,83,7000000.0,2025,https://www.zillow.com,https://photos.zillowstatic.com/fp/1af6a1b29c22fa9d3cf7f5391b89367d-p_c.jpg,2026-08-10 09:16,For Sale
26759307,4424 Manning Ln,75220,Dallas,TX,32.867283,-96.83303,3850000,590.0,-100000.0,,,4.0,5.0,6530.0,2007.0,0.414,singleFamily,73,3394880.0,2025,https://www.zillow.com,https://photos.zillowstatic.com/fp/cabba996f4c50ff6d4c637a776fc90be-p_c.jpg,2026-08-10 09:16,For Sale
26769069,925 Knott Pl,75208,Dallas,TX,32.763203,-96.838425,898000,340.0,,,,4.0,4.0,2641.0,1959.0,10802.88,singleFamily,17,727840.0,2025,https://www.zillow.com,https://photos.zillowstatic.com/fp/f69d6577943f3dde50fdc9e2f19176e2-p_c.jpg,2026-08-10 09:16,For Sale
96496175,5328 Manett St,75206,Dallas,TX,32.817657,-96.77831,1595000,468.0,-55000.0,1533600.0,7467.0,5.0,4.0,3411.0,2015.0,7492.32,singleFamily,50,1267630.0,2025,https://www.zillow.com,https://photos.zillowstatic.com/fp/d00389973ebaf780a36141cbf95726a1-p_c.jpg,2026-08-10 09:16,For Sale
26728839,326 Avenue F,75203,Dallas,TX,32.74538,-96.793686,565000,244.0,,558100.0,2505.0,4.0,3.0,2313.0,2026.0,5357.88,singleFamily,12,172860.0,2025,https://www.zillow.com,https://photos.zillowstatic.com/fp/cbd69e9fdf7b7e7e6c424d8096c9c829-p_c.jpg,2026-08-10 09:16,For Sale
26761249,4902 Wenonah Dr,75209,Dallas,TX,32.84119,-96.827255,2122999,473.0,-7000.0,2067700.0,7815.0,4.0,4.0,4487.0,2025.0,9408.96,singleFamily,216,1115990.0,2025,https://www.zillow.com,https://photos.zillowstatic.com/fp/75a2404c1ecede2049b94b29af88198f-p_c.jpg,2026-08-10 09:16,For Sale
26869733,9108 Clayco Dr,75243,Dallas,TX,32.90518,-96.74394,950000,245.0,,,,4.0,3.0,3880.0,1978.0,9561.42,singleFamily,12,764120.0,2025,https://www.zillow.com,https://photos.zillowstatic.com/fp/1a6594a8958a6075070c5a2785bf6b6b-p_c.jpg,2026-08-10 09:16,For Sale
26741586,9906 Losa Dr,75218,Dallas,TX,32.835236,-96.69563,1760000,415.0,-35000.0,,,4.0,4.0,4239.0,2025.0,0.32080000000000003,singleFamily,35,473390.0,2025,https://www.zillow.com,https://photos.zillowstatic.com/fp/613757fa3cfb9d5e482f635cd86738ba-p_c.jpg,2026-08-10 09:16,For Sale
26867704,7318 Danashire Ave,75231,Dallas,TX,32.879368,-96.742,942000,279.0,,903900.0,6151.0,5.0,4.0,3380.0,1984.0,10018.8,singleFamily,18,857000.0,2025,https://www.zillow.com,https://photos.zillowstatic.com/fp/aca2130bf7b0342d2e8471a2422c564e-p_c.jpg,2026-08-10 09:16,For Sale
26847404,1560 Mapleton Dr,75228,Dallas,TX,32.818523,-96.68745,415000,236.0,,403600.0,2391.0,3.0,2.0,1756.0,1961.0,8712.0,singleFamily,5,412250.0,2025,https://www.zillow.com,https://photos.zillowstatic.com/fp/585b119569060dceb0d5538dc2bd8b1e-p_c.jpg,2026-08-10 09:16,For Sale
26754534,6526 Woodland Dr,75225,Dallas,TX,32.872223,-96.792435,4195000,743.0,,,,5.0,7.0,5649.0,2026.0,9844.56,singleFamily,30,1274940.0,2025,https://www.zillow.com,https://photos.zillowstatic.com/fp/d5582da57dbecbc30551060139ee3472-p_c.jpg,2026-08-10 09:16,For Sale
26922691,5757 Martel Ave APT B08,75206,Dallas,TX,32.831596,-96.76839,199999,247.0,,197600.0,1885.0,1.0,2.0,811.0,1983.0,0.5569999999999999,condo,1,218970.0,2025,https://www.zillow.com,https://photos.zillowstatic.com/fp/8ad902f65e420cbe8ac979f43dd220dc-p_c.jpg,2026-08-10 09:16,For Sale
26871446,7992 Fallmeadow Ln,75248,Dallas,TX,32.95837,-96.7695,759000,302.0,-20000.0,746300.0,4946.0,4.0,3.0,2516.0,1966.0,0.271,singleFamily,165,600000.0,2025,https://www.zillow.com,https://photos.zillowstatic.com/fp/02d79de36df622c47a7d7535dd9ea8bd-p_c.jpg,2026-08-10 09:16,For Sale
26758722,10254 Epping Ln,75229,Dallas,TX,32.885906,-96.8318,5100000,1013.0,,4795700.0,7772.0,6.0,5.0,5035.0,2026.0,0.453,singleFamily,27,1352190.0,2025,https://www.zillow.com,https://photos.zillowstatic.com/fp/32e86d99f8675f82ba2c9d2da2a6e649-p_c.jpg,2026-08-10 09:16,For Sale
26645628,4827 Sandestin Dr,75287,Dallas,TX,32.995907,-96.82532,1292000,303.0,,1233900.0,6336.0,5.0,5.0,4265.0,1989.0,0.26,singleFamily,23,1103671.0,2025,https://www.zillow.com,https://photos.zillowstatic.com/fp/e7f1839c9d73478e187437bc06f02253-p_c.jpg,2026-08-10 09:16,For Sale
54021507,18932 Platte River Way,75287,Dallas,TX,33.010117,-96.86224,349900,254.0,-5100.0,,,3.0,2.0,1380.0,1983.0,8058.6,singleFamily,31,310317.0,2025,https://www.zillow.com,https://photos.zillowstatic.com/fp/8642fd0622e87bc66d1cc665d1d85028-p_c.jpg,2026-08-10 09:16,For Sale
26898168,4010 Rawlins St,75219,Dallas,TX,32.813656,-96.808914,789000,275.0,,762400.0,4245.0,2.0,3.0,2871.0,1999.0,3659.04,singleFamily,4,777110.0,2025,https://www.zillow.com,https://photos.zillowstatic.com/fp/e1c639357846a8ae45ccd40355da2d3b-p_c.jpg,2026-08-10 09:16,For Sale
26711063,826 Cedar Hill Ave,75208,Dallas,TX,32.75321,-96.83125,699000,321.0,,667100.0,3454.0,3.0,2.0,2180.0,1925.0,7492.32,singleFamily,2,550000.0,2025,https://www.zillow.com,https://photos.zillowstatic.com/fp/7f2d997ba1e78e68e20160d350152dcd-p_c.jpg,2026-08-10 09:16,For Sale
26808035,3151 Merrell Rd,75229,Dallas,TX,32.88805,-96.87159,599900,281.0,,577400.0,3739.0,4.0,3.0,2136.0,1968.0,10410.84,singleFamily,12,544970.0,2025,https://www.zillow.com,https://photos.zillowstatic.com/fp/00469dbff78415bb9163078496285655-p_c.jpg,2026-08-10 09:16,For Sale
2056173294,3557 Chestnut Oak Dr,75253,Dallas,TX,32.657486,-96.65832,299000,169.0,-9000.0,297600.0,2391.0,4.0,3.0,1770.0,2023.0,10018.8,singleFamily,207,299990.0,2025,https://www.zillow.com,https://photos.zillowstatic.com/fp/deba536fcc484d22e34aa0fbf1b95ac2-p_c.jpg,2026-08-10 09:16,For Sale
53096227,4182 Midrose Trl,75287,Dallas,TX,33.01061,-96.83881,465000,267.0,,459700.0,2320.0,3.0,2.0,1739.0,1997.0,4791.6,singleFamily,16,500639.0,2025,https://www.zillow.com,https://photos.zillowstatic.com/fp/9bebfbd5c4f3a7bad7afb3d4fe5d29d5-p_c.jpg,2026-08-10 09:16,For Sale
26854698,9920 Greenfield Dr,75238,Dallas,TX,32.87817,-96.714226,915000,315.0,,880100.0,3781.0,5.0,3.0,2908.0,1962.0,9147.6,singleFamily,8,596220.0,2025,https://www.zillow.com,https://photos.zillowstatic.com/fp/01b84549b07d1adcb7daedc1f0f065f7-p_c.jpg,2026-08-10 09:16,For Sale
464382487,720 S Masters Dr,75217,Dallas,TX,32.700745,-96.64767,185000,,,,,,,,,2.305,land,3,,,https://www.zillow.com,https://photos.zillowstatic.com/fp/f22d2846aa661fbd6f8c99b645337120-p_c.jpg,2026-08-10 09:16,For Sale
26586502,4808 Sea Pines Dr,75287,Dallas,TX,32.994404,-96.82649,1180000,332.0,,1128900.0,4289.0,4.0,3.0,3550.0,1984.0,0.26,singleFamily,24,1108486.0,2025,https://www.zillow.com,https://photos.zillowstatic.com/fp/38e2785a5ced89d62e5b07438690b327-p_c.jpg,2026-08-10 09:16,For Sale
26811544,10509 Channel Dr,75229,Dallas,TX,32.890144,-96.88014,367000,204.0,-8000.0,355600.0,2746.0,3.0,2.0,1797.0,1958.0,7535.88,singleFamily,53,318110.0,2025,https://www.zillow.com,https://photos.zillowstatic.com/fp/af58e2d19f241df7f1d709f94b4360fb-p_c.jpg,2026-08-10 09:16,For Sale
26631650,6064 Buffridge Trl,75252,Dallas,TX,33.00723,-96.801216,580000,272.0,,559400.0,2831.0,3.0,2.0,2133.0,1990.0,6272.64,singleFamily,18,506061.0,2025,https://www.zillow.com,https://photos.zillowstatic.com/fp/be6b09f928a6cfa237d57b9d8eecd8ac-p_c.jpg,2026-08-10 09:16,For Sale
26857232,4519 Yancy St,75216,Dallas,TX,32.71156,-96.74719,299500,198.0,-500.0,298200.0,2253.0,4.0,2.0,1510.0,2019.0,10759.32,singleFamily,47,309010.0,2025,https://www.zillow.com,https://photos.zillowstatic.com/fp/522db04673ec16faafa4f0aae26ece79-p_c.jpg,2026-08-10 09:16,For Sale
26876743,16140 Chalfont Cir,75248,Dallas,TX,32.967934,-96.80664,739000,248.0,-31000.0,722600.0,3672.0,3.0,3.0,2985.0,1977.0,6708.24,singleFamily,71,668020.0,2025,https://www.zillow.com,https://photos.zillowstatic.com/fp/2760a1bb418f8e30c38a255b0580726c-p_c.jpg,2026-08-10 09:16,For Sale
162813700,5609 Smu Blvd APT 505,75206,Dallas,TX,32.84238,-96.77233,320000,312.0,20000.0,,,2.0,2.0,1025.0,2008.0,0.661,condo,2,322880.0,2025,https://www.zillow.com,https://photos.zillowstatic.com/fp/87d4ef055b98d7e349a791fbbaeef692-p_c.jpg,2026-08-10 09:16,For Sale
26653330,17919 Castle Bend Dr,75287,Dallas,TX,32.99514,-96.831825,1100000,261.0,,1058700.0,5299.0,4.0,4.0,4209.0,1993.0,0.25,singleFamily,34,944840.0,2025,https://www.zillow.com,https://photos.zillowstatic.com/fp/d847ccb2e53242968ff4bf1d24b80730-p_c.jpg,2026-08-10 09:16,For Sale
26759576,5036 Radbrook Pl,75220,Dallas,TX,32.867332,-96.82502,5995000,708.0,,5960100.0,31286.0,6.0,6.0,8462.0,2015.0,1.08,singleFamily,51,5077000.0,2025,https://www.zillow.com,https://photos.zillowstatic.com/fp/e79327d8aad385ed588ac32212b12973-p_c.jpg,2026-08-10 09:16,For Sale
26713898,711 S Rosemont Ave,75208,Dallas,TX,32.739166,-96.84826,285000,207.0,-14000.0,,2586.0,2.0,2.0,1374.0,1924.0,8450.64,singleFamily,98,313930.0,2025,https://www.zillow.com,https://photos.zillowstatic.com/fp/7dd3ca064b3e575b47ba224da0bf8b92-p_c.jpg,2026-08-10 09:16,For Sale
26809012,10931 Marsh Ln,75229,Dallas,TX,32.89747,-96.85655,649900,262.0,,622500.0,5308.0,4.0,3.0,2478.0,1981.0,0.372,singleFamily,58,591530.0,2025,https://www.zillow.com,https://photos.zillowstatic.com/fp/a5e19983897f7e7f02d633aee4ebff15-p_c.jpg,2026-08-10 09:16,For Sale
26807752,3132 Chapel Downs Dr,75229,Dallas,TX,32.884205,-96.87081,649500,267.0,-500.0,643600.0,5122.0,4.0,3.0,2429.0,1962.0,10018.8,singleFamily,170,675000.0,2025,https://www.zillow.com,https://photos.zillowstatic.com/fp/e7063819688226fd0052749f899ea751-p_c.jpg,2026-08-10 09:16,For Sale
61870961,4921 Alcott St,75206,Dallas,TX,32.815807,-96.78614,725000,290.0,,699600.0,4260.0,3.0,3.0,2503.0,2003.0,3310.56,singleFamily,5,661160.0,2025,https://www.zillow.com,https://photos.zillowstatic.com/fp/33e15d6baca98ebcc0eaba16aef54560-p_c.jpg,2026-08-10 09:16,For Sale
26643578,4219 Hollow Oak Dr,75287,Dallas,TX,32.997143,-96.83762,869850,201.0,-30050.0,848200.0,5230.0,5.0,4.0,4327.0,1989.0,8712.0,singleFamily,464,942154.0,2025,https://www.zillow.com,https://photos.zillowstatic.com/fp/fde7a660e79c44058378e3a2925a2f1a-p_c.jpg,2026-08-10 09:16,For Sale
96489737,2450 Stovall Dr,75216,Dallas,TX,32.710796,-96.78968,75000,,,,1591.0,,,,,6534.0,land,0,60000.0,2025,https://www.zillow.com,https://photos.zillowstatic.com/fp/6901b28cb250491992f1d764ad51a569-p_c.jpg,2026-08-10 09:16,For Sale
26877176,5230 Westgrove Dr,75248,Dallas,TX,32.97824,-96.81826,3249000,539.0,-26000.0,,,4.0,7.0,6026.0,1994.0,0.502,singleFamily,114,2435560.0,2025,https://www.zillow.com,https://photos.zillowstatic.com/fp/145d3b7d9e76937e707694afe4ccb690-p_c.jpg,2026-08-10 09:16,For Sale
26710726,1136 Woodlawn Ave,75208,Dallas,TX,32.757515,-96.82941,774900,384.0,-100.0,747100.0,5434.0,3.0,3.0,2017.0,1940.0,7666.56,singleFamily,17,554110.0,2025,https://www.zillow.com,https://photos.zillowstatic.com/fp/4196bf99c41522b0b65b598877cdd863-p_c.jpg,2026-08-10 09:16,For Sale
26714609,1319 Galloway Ave,75216,Dallas,TX,32.736607,-96.80462,255000,216.0,,248300.0,1213.0,3.0,2.0,1182.0,1925.0,7100.28,singleFamily,11,197730.0,2025,https://www.zillow.com,https://photos.zillowstatic.com/fp/92ce494dcebe7ca2ba490dd27f9b12af-p_c.jpg,2026-08-10 09:16,For Sale
448065335,6214 Liberty Hl,75248,Dallas,TX,32.954628,-96.79971,606000,280.0,-5000.0,,,4.0,3.0,2168.0,1984.0,7840.8,singleFamily,114,,,https://www.zillow.com,https://photos.zillowstatic.com/fp/44b409de3e0d9da8cf79098fab1fbcb7-p_c.jpg,2026-08-10 09:16,For Sale
26756679,11040 Tibbs St,75230,Dallas,TX,32.89946,-96.79667,2995000,526.0,-154000.0,2840100.0,15788.0,6.0,6.0,5696.0,2008.0,0.3861,singleFamily,129,2446610.0,2025,https://www.zillow.com,https://photos.zillowstatic.com/fp/d8ae84010c0606a6216d4fa74ff4f005-p_c.jpg,2026-08-10 09:16,For Sale
26871012,6941 Midcrest Dr,75254,Dallas,TX,32.946903,-96.78414,1575000,438.0,,1490800.0,5055.0,5.0,4.0,3599.0,1966.0,0.381,singleFamily,24,995000.0,2025,https://www.zillow.com,https://photos.zillowstatic.com/fp/abbdea0e862c38eb2a24ffb5cd5e14ec-p_c.jpg,2026-08-10 09:16,For Sale
26689423,717 Ridgeway St,75214,Dallas,TX,32.8086,-96.75718,1350000,508.0,,1285200.0,5078.0,3.0,4.0,2656.0,1923.0,8058.6,singleFamily,72,745660.0,2025,https://www.zillow.com,https://photos.zillowstatic.com/fp/760b91f38c0bb791a9116fb08d8441e8-p_c.jpg,2026-08-10 09:16,For Sale
26789892,3872 Cortez Dr,75220,Dallas,TX,32.865982,-96.84994,1375000,332.0,,1325600.0,6479.0,4.0,4.0,4139.0,2024.0,7884.36,singleFamily,17,1105000.0,2025,https://www.zillow.com,https://photos.zillowstatic.com/fp/f8a705b0c01b30d9c69b6fcf0fb8feac-p_c.jpg,2026-08-10 09:16,For Sale
26828680,3836 Kiestmeadow Dr,75233,Dallas,TX,32.70882,-96.88341,379000,169.0,,368900.0,2469.0,3.0,3.0,2249.0,1970.0,9626.76,singleFamily,3,348960.0,2025,https://www.zillow.com,https://photos.zillowstatic.com/fp/4ddc2d4d349b608aaf5e0b77fa460023-p_c.jpg,2026-08-10 09:16,For Sale
26593018,18104 Aramis Ln,75252,Dallas,TX,32.995884,-96.776764,750000,325.0,,717600.0,3732.0,4.0,3.0,2308.0,1981.0,10454.4,singleFamily,11,616897.0,2025,https://www.zillow.com,https://photos.zillowstatic.com/fp/517fc4a62743a8c8e26f14780f79354b-p_c.jpg,2026-08-10 09:16,For Sale
459145277,8714 Quinn St #A,75217,Dallas,TX,32.730892,-96.669975,325000,144.0,,318100.0,1648.0,5.0,4.0,2264.0,1962.0,7056.72,multiFamily,39,,,https://www.zillow.com,https://photos.zillowstatic.com/fp/66823a188d61fbf85b24b2a595aef10d-p_c.jpg,2026-08-10 09:16,For Sale
26808756,10810 Beauty Ln,75229,Dallas,TX,32.895687,-96.86429,575000,351.0,,551600.0,3219.0,3.0,3.0,1636.0,1958.0,10105.92,singleFamily,10,492270.0,2025,https://www.zillow.com,https://photos.zillowstatic.com/fp/94601c4fe97763009803fc3334256012-p_c.jpg,2026-08-10 09:16,For Sale
26925948,8404 Forest Ln APT 203,75243,Dallas,TX,32.90838,-96.758194,139900,188.0,,117900.0,1348.0,1.0,2.0,745.0,1984.0,4.704,condo,3,147000.0,2025,https://www.zillow.com,https://photos.zillowstatic.com/fp/0c14f160fc643c619ffab43793a76d49-p_c.jpg,2026-08-10 09:16,For Sale
26849498,6633 Greenwich Ln,75230,Dallas,TX,32.91177,-96.79103,3795000,522.0,,3657800.0,5701.0,6.0,8.0,7270.0,2026.0,0.37,singleFamily,24,637200.0,2025,https://www.zillow.com,https://photos.zillowstatic.com/fp/a3207a6ed5250f3fdad6c0b175d1e165-p_c.jpg,2026-08-10 09:16,For Sale
162435831,2220 Canton St APT 407,75201,Dallas,TX,32.780376,-96.78904,675000,294.0,-24000.0,649100.0,4359.0,2.0,3.0,2296.0,1925.0,0.9590000000000001,condo,150,519000.0,2025,https://www.zillow.com,https://photos.zillowstatic.com/fp/365bda110c1e00d0248d5b976045f882-p_c.jpg,2026-08-10 09:16,For Sale
26785636,5320 Elkridge Dr,75227,Dallas,TX,32.790108,-96.705605,385000,173.0,-10000.0,384000.0,4222.0,3.0,3.0,2226.0,1966.0,8581.32,singleFamily,121,374960.0,2025,https://www.zillow.com,https://photos.zillowstatic.com/fp/255ad6ddea9b011366c20de836a8b447-p_c.jpg,2026-08-10 09:16,For Sale
26713242,2635 Gladstone Dr,75211,Dallas,TX,32.74054,-96.86269,379000,392.0,,365500.0,1918.0,2.0,2.0,968.0,1940.0,7492.32,singleFamily,17,243640.0,2025,https://www.zillow.com,https://photos.zillowstatic.com/fp/1bbf30db2501f7297bb4ac44338145fa-p_c.jpg,2026-08-10 09:16,For Sale
26789629,1212 Stevens Ridge Dr,75211,Dallas,TX,32.76073,-96.86288,535000,279.0,,517900.0,2371.0,4.0,3.0,1918.0,1960.0,7623.0,singleFamily,4,434730.0,2025,https://www.zillow.com,https://photos.zillowstatic.com/fp/fb41132cac4dd58f935fc2c05d1e7898-p_c.jpg,2026-08-10 09:16,For Sale
26840305,9342 Springwater Dr,75228,Dallas,TX,32.818977,-96.69448,800000,305.0,-25000.0,,,4.0,3.0,2622.0,1964.0,0.26599999999999996,singleFamily,113,663500.0,2025,https://www.zillow.com,https://photos.zillowstatic.com/fp/352899fd5951e50737682e6758441045-p_c.jpg,2026-08-10 09:16,For Sale
26873776,7074 Regalview Cir,75248,Dallas,TX,32.966267,-96.78727,430000,173.0,-25000.0,424500.0,3394.0,4.0,4.0,2481.0,1980.0,3049.2,townhome,143,336070.0,2025,https://www.zillow.com,https://photos.zillowstatic.com/fp/ab43e989118aac49636d95799b9f9a4e-p_c.jpg,2026-08-10 09:16,For Sale
80224298,1200 Main St APT 701,75202,Dallas,TX,32.77981,-96.80127,389900,251.0,,384300.0,3846.0,3.0,3.0,1551.0,1974.0,1.033,condo,67,407000.0,2025,https://www.zillow.com,https://photos.zillowstatic.com/fp/0d4641322368a5ef6c9672c06ecb44c3-p_c.jpg,2026-08-10 09:16,For Sale
80237224,9030 Diceman Dr,75218,Dallas,TX,32.823463,-96.70384,1179000,368.0,,1123900.0,6608.0,4.0,5.0,3200.0,2006.0,9147.6,singleFamily,10,650000.0,2025,https://www.zillow.com,https://photos.zillowstatic.com/fp/5c1f976642b4e646e9b416eb5a55daa8-p_c.jpg,2026-08-10 09:16,For Sale
26701795,6743 Gaston Ave,75214,Dallas,TX,32.816727,-96.74475,3650000,675.0,-245000.0,3430000.0,8238.0,6.0,6.0,5410.0,2004.0,0.49300000000000005,singleFamily,51,1700000.0,2025,https://www.zillow.com,https://photos.zillowstatic.com/fp/a8e3a29961ca975a0e5e0128fca9ba00-p_c.jpg,2026-08-10 09:16,For Sale
26729241,1518 Oak Knoll St,75208,Dallas,TX,32.762928,-96.83254,1330000,418.0,-15000.0,1285700.0,7185.0,4.0,4.0,3180.0,1948.0,0.29200000000000004,singleFamily,82,1895320.0,2025,https://www.zillow.com,https://photos.zillowstatic.com/fp/fca8bb69f60de8b0346af815b3e86b4c-p_c.jpg,2026-08-10 09:16,For Sale
26751579,7735 Deer Trail Dr,75238,Dallas,TX,32.86573,-96.7298,680000,379.0,,,,3.0,3.0,1794.0,1958.0,9539.64,singleFamily,36,614840.0,2025,https://www.zillow.com,https://photos.zillowstatic.com/fp/a92aa780756ed20cf4e9b7b79fd36244-p_c.jpg,2026-08-10 09:16,For Sale
26792745,10050 Gooding Dr,75229,Dallas,TX,32.88201,-96.843,2999900,492.0,300000.0,,,5.0,6.0,6100.0,2025.0,0.344,singleFamily,95,1063050.0,2025,https://www.zillow.com,https://photos.zillowstatic.com/fp/e9185bfb300a957216a9364084346b68-p_c.jpg,2026-08-10 09:16,For Sale
26758340,4225 Reaumur Dr,75229,Dallas,TX,32.893257,-96.8372,1295000,520.0,,,,4.0,3.0,2492.0,1964.0,0.366,singleFamily,4,1006000.0,2025,https://www.zillow.com,https://photos.zillowstatic.com/fp/e71f1c6303c817e8db1550bf137f5dc8-p_c.jpg,2026-08-10 09:16,For Sale
53085100,18653 Vista Del Sol,75287,Dallas,TX,33.003937,-96.83422,485000,227.0,,476900.0,3598.0,3.0,3.0,2135.0,1986.0,6098.4,singleFamily,44,526500.0,2025,https://www.zillow.com,https://photos.zillowstatic.com/fp/d4c0178136ebe9dd1f93021ee9eb22f7-p_c.jpg,2026-08-10 09:16,For Sale
26806748,10236 Crestover Dr,75229,Dallas,TX,32.885918,-96.84944,3390000,407.0,-50000.0,3283200.0,7204.0,5.0,7.0,8323.0,2025.0,0.3694,singleFamily,130,2034810.0,2025,https://www.zillow.com,https://photos.zillowstatic.com/fp/14fb53cc1a06cbe09f46bfff26459170-p_c.jpg,2026-08-10 09:16,For Sale
26756439,6522 Royal Ln,75230,Dallas,TX,32.894436,-96.79213,759000,272.0,,722900.0,5491.0,3.0,2.0,2789.0,1953.0,0.368,singleFamily,4,746290.0,2025,https://www.zillow.com,https://photos.zillowstatic.com/fp/7eaad99ee20ae4d4771aa4a9da5e2594-p_c.jpg,2026-08-10 09:16,For Sale
26789968,3974 Cortez Dr,75220,Dallas,TX,32.865974,-96.84583,1224000,315.0,-25000.0,,7186.0,5.0,5.0,3890.0,1951.0,0.254,singleFamily,69,1242740.0,2025,https://www.zillow.com,https://photos.zillowstatic.com/fp/0c3230a50c98f0facdc6ed77e8b967a4-p_c.jpg,2026-08-10 09:16,For Sale
26803295,11444 Parkchester Dr,75230,Dallas,TX,32.904186,-96.79878,4850000,721.0,,4608900.0,7820.0,5.0,7.0,6729.0,2025.0,0.378,singleFamily,48,905850.0,2025,https://www.zillow.com,https://photos.zillowstatic.com/fp/4d66974dee5eb3967f689ad3cc0240b9-p_c.jpg,2026-08-10 09:16,For Sale
26744749,11216 Barbarosa Dr,75228,Dallas,TX,32.84862,-96.6792,196000,193.0,-3000.0,186500.0,1721.0,2.0,2.0,1018.0,1950.0,7352.928,singleFamily,47,259500.0,2025,https://www.zillow.com,https://photos.zillowstatic.com/fp/b2cee24b3c05c9c10c4e5e1f9d20340c-p_c.jpg,2026-08-10 09:16,For Sale
26756533,6449 Royalton Dr,75230,Dallas,TX,32.897522,-96.79476,1950000,304.0,-50000.0,,,6.0,7.0,6411.0,2020.0,0.367,singleFamily,122,3669250.0,2025,https://www.zillow.com,https://photos.zillowstatic.com/fp/f8792c7f00bd252ff3a8803b172d354b-p_c.jpg,2026-08-10 09:16,For Sale
122301132,1022 Shadyside Ln,75223,Dallas,TX,32.808025,-96.73519,890000,283.0,-10000.0,870300.0,5154.0,3.0,4.0,3147.0,2016.0,4225.32,singleFamily,31,904400.0,2025,https://www.zillow.com,https://photos.zillowstatic.com/fp/6dc905aa43f7a6b878237029c1e53941-p_c.jpg,2026-08-10 09:16,For Sale
26742100,10633 Cayuga Dr,75228,Dallas,TX,32.840736,-96.68464,240000,219.0,,237000.0,1768.0,3.0,1.0,1096.0,1950.0,7405.2,singleFamily,13,287120.0,2025,https://www.zillow.com,https://photos.zillowstatic.com/fp/b3fe4ef0de6dc0ee9046a5175e60ee07-p_c.jpg,2026-08-10 09:16,For Sale
26804535,12108 Fieldwood Ln,75244,Dallas,TX,32.913193,-96.82432,2799999,508.0,-100000.0,2653500.0,7637.0,6.0,7.0,5516.0,2019.0,0.3663,singleFamily,16,2715660.0,2025,https://www.zillow.com,https://photos.zillowstatic.com/fp/6e4b72b4470c4be016ed6bf5dedaf581-p_c.jpg,2026-08-10 09:16,For Sale
96521412,2414 Anderson St,75215,Dallas,TX,32.746178,-96.75496,310000,160.0,,308600.0,3409.0,4.0,4.0,1940.0,2025.0,1873.08,singleFamily,8,18840.0,2025,https://www.zillow.com,https://photos.zillowstatic.com/fp/616bee41c6f4abfee95c28198d1ccf0a-p_c.jpg,2026-08-10 09:16,For Sale
26689746,5914 Velasco Ave,75206,Dallas,TX,32.82066,-96.765144,1395000,364.0,-55000.0,,,4.0,4.0,3830.0,2005.0,8189.28,singleFamily,52,1331580.0,2025,https://www.zillow.com,https://photos.zillowstatic.com/fp/59ef18805c4bf261a937a00c44960bf7-p_c.jpg,2026-08-10 09:16,For Sale
26651486,18728 Thorntree Ln,75252,Dallas,TX,33.00613,-96.802414,825000,243.0,,800200.0,5036.0,4.0,4.0,3393.0,1993.0,8276.4,singleFamily,26,829895.0,2025,https://www.zillow.com,https://photos.zillowstatic.com/fp/fa60cf0fea7e7303fff12e4143e4ff31-p_c.jpg,2026-08-10 09:16,For Sale
26751527,8011 Eagle Trl,75238,Dallas,TX,32.867283,-96.726135,825000,344.0,,782900.0,3249.0,3.0,2.0,2400.0,1955.0,0.255,singleFamily,30,826590.0,2025,https://www.zillow.com,https://photos.zillowstatic.com/fp/7eba97b1c4c6639c0ff5993a599e41f6-p_c.jpg,2026-08-10 09:16,For Sale
162813542,629 Bishop Heights Ln,75208,Dallas,TX,32.75405,-96.83215,750000,284.0,,730300.0,3973.0,4.0,4.0,2638.0,2016.0,6490.44,singleFamily,4,771300.0,2025,https://www.zillow.com,https://photos.zillowstatic.com/fp/a21bd4aa534a96ba8267fb8bbf963338-p_c.jpg,2026-08-10 09:16,For Sale
162814460,6542 E Lovers Ln,75214,Dallas,TX,32.85337,-96.7473,575000,319.0,,558900.0,3561.0,3.0,3.0,1804.0,2015.0,3267.0,singleFamily,10,558100.0,2025,https://www.zillow.com,https://photos.zillowstatic.com/fp/042bbbfcbed8736c70568831f8a84430-p_c.jpg,2026-08-10 09:16,For Sale
26807172,3581 Woodleigh Dr,75229,Dallas,TX,32.8839,-96.85812,599000,219.0,-20000.0,582900.0,4386.0,5.0,3.0,2733.0,1955.0,10323.72,singleFamily,102,528220.0,2025,https://www.zillow.com,https://photos.zillowstatic.com/fp/b75dfa70a523d912b77a01670d534c78-p_c.jpg,2026-08-10 09:16,For Sale
26687945,3335 Spring Ave,75215,Dallas,TX,32.76601,-96.75204,325000,147.0,,,2596.0,3.0,2.0,2215.0,2026.0,7318.08,singleFamily,9,62020.0,2025,https://www.zillow.com,https://photos.zillowstatic.com/fp/62fd6177f1e83bcccae48da3c8fb68b8-p_c.jpg,2026-08-10 09:16,For Sale
26752772,7117 Mimosa Ln,75230,Dallas,TX,32.88373,-96.78175,1595000,509.0,,1509200.0,6564.0,4.0,4.0,3132.0,1964.0,0.306,singleFamily,11,1080000.0,2025,https://www.zillow.com,https://photos.zillowstatic.com/fp/632f8e74a4ba3922d9ef2453aab603be-p_c.jpg,2026-08-10 09:16,For Sale
26829433,5612 Harvest Hill Rd,75230,Dallas,TX,32.922264,-96.810715,255000,222.0,,244600.0,1829.0,2.0,2.0,1150.0,1970.0,3179.88,townhome,10,225470.0,2025,https://www.zillow.com,https://photos.zillowstatic.com/fp/f78d65ff702a9d5b87511cd6aa0d4b19-p_c.jpg,2026-08-10 09:16,For Sale
26839132,7832 Royal Ln APT 211,75230,Dallas,TX,32.897827,-96.77167,103000,144.0,,,,1.0,1.0,713.0,1963.0,2.296,condo,1,113030.0,2025,https://www.zillow.com,https://photos.zillowstatic.com/fp/5e102b712b7a398130d4b49885bbb79a-p_c.jpg,2026-08-10 09:16,For Sale
96490154,4503 Jamaica St,75210,Dallas,TX,32.777107,-96.74534,329999,206.0,,327900.0,2068.0,3.0,2.0,1600.0,2026.0,4617.36,singleFamily,52,39380.0,2025,https://www.zillow.com,https://photos.zillowstatic.com/fp/bf48ffbd4934345377b58dc349daccfc-p_c.jpg,2026-08-10 09:16,For Sale
26752102,7215 Centenary Ave,75225,Dallas,TX,32.862583,-96.78225,3495000,616.0,-305000.0,,,5.0,5.0,5670.0,1998.0,8842.68,singleFamily,83,2528820.0,2025,https://www.zillow.com,https://photos.zillowstatic.com/fp/66204eaeca0fd4336479e5bf0c803348-p_c.jpg,2026-08-10 09:16,For Sale
26924116,5720 Marquita Ave APT 23,75206,Dallas,TX,32.8258,-96.769295,259000,366.0,,249200.0,1704.0,1.0,2.0,707.0,1984.0,0.618,condo,123,236850.0,2025,https://www.zillow.com,https://photos.zillowstatic.com/fp/7f1e328f80f536d70f4ffcef9db2244e-p_c.jpg,2026-08-10 09:16,For Sale
96526413,2401 Peabody Ave,75215,Dallas,TX,32.76466,-96.772224,510000,189.0,-20000.0,506500.0,3624.0,4.0,4.0,2701.0,2025.0,8015.04,singleFamily,10,80000.0,2025,https://www.zillow.com,https://photos.zillowstatic.com/fp/fee39793bbc364cd552411edc3fbbf07-p_c.jpg,2026-08-10 09:16,For Sale
26905998,4315 Northaven Rd,75229,Dallas,TX,32.90258,-96.8358,1770000,488.0,-28000.0,1726800.0,7167.0,4.0,3.0,3627.0,1997.0,0.427,singleFamily,95,1577100.0,2025,https://www.zillow.com,https://photos.zillowstatic.com/fp/54a39644d152ec1abee2fc6b95a293e7-p_c.jpg,2026-08-10 09:16,For Sale
26790221,3737 Dunhaven Rd,75220,Dallas,TX,32.87167,-96.85448,1895000,355.0,-54000.0,1848600.0,7817.0,5.0,7.0,5335.0,2026.0,7579.44,singleFamily,138,515960.0,2025,https://www.zillow.com,https://photos.zillowstatic.com/fp/7b21a00100d551fc39f9c97fc0c58637-p_c.jpg,2026-08-10 09:16,For Sale
300036720,1527 Hickory St,75215,Dallas,TX,32.76908,-96.7874,293664,207.0,-205336.0,292500.0,2367.0,2.0,3.0,1418.0,2021.0,2352.0,singleFamily,86,463230.0,2025,https://www.zillow.com,https://photos.zillowstatic.com/fp/6040d22a17c122b1448e87b0ecea2eff-p_c.jpg,2026-08-10 09:16,For Sale
26890126,6706 La Manga Dr,75248,Dallas,TX,32.971645,-96.79065,760000,292.0,-35000.0,738700.0,3662.0,4.0,3.0,2601.0,1980.0,8276.4,singleFamily,33,825000.0,2025,https://www.zillow.com,https://photos.zillowstatic.com/fp/8b8b517b515b190d97bfa10610d50d24-p_c.jpg,2026-08-10 09:16,For Sale
26809979,11608 Sonnet Dr,75229,Dallas,TX,32.90681,-96.86015,650000,236.0,,625300.0,4521.0,3.0,3.0,2752.0,1959.0,0.301,singleFamily,17,606640.0,2025,https://www.zillow.com,https://photos.zillowstatic.com/fp/337dbbea65325e7a1df84da09841a151-p_c.jpg,2026-08-10 09:16,For Sale
67699792,5223 Denton Dr,75235,Dallas,TX,32.81929,-96.82939,749000,406.0,,722700.0,3350.0,3.0,2.0,1845.0,1945.0,9060.48,singleFamily,2,650130.0,2025,https://www.zillow.com,https://photos.zillowstatic.com/fp/8444c51bee97514a5e837f659301ccd4-p_c.jpg,2026-08-10 09:16,For Sale
26876562,5321 Bent Tree Dr,75248,Dallas,TX,32.979916,-96.817116,1875000,412.0,,,,4.0,4.0,4550.0,1979.0,0.525,singleFamily,132,1766840.0,2025,https://www.zillow.com,https://photos.zillowstatic.com/fp/d0986c351aefce6035b656e31b5fe89e-p_c.jpg,2026-08-10 09:16,For Sale
26924342,3111 Welborn St APT 1703,75219,Dallas,TX,32.80917,-96.80778,3495000,468.0,,3253300.0,7104.0,3.0,4.0,7465.0,1985.0,2.994,condo,51,1045100.0,2025,https://www.zillow.com,https://photos.zillowstatic.com/fp/8b1f7ea7ea4f7857cdb2523341e714e6-p_c.jpg,2026-08-10 09:16,For Sale
26626524,18095 Whispering Gables Ln,75287,Dallas,TX,32.995853,-96.84044,294990,272.0,-10.0,,,2.0,2.0,1083.0,1983.0,4356.0,singleFamily,23,308085.0,2025,https://www.zillow.com,https://photos.zillowstatic.com/fp/d9bcc041579aebbd1347e2e739f356b4-p_c.jpg,2026-08-10 09:16,For Sale
26754381,6615 Northwood Rd,75225,Dallas,TX,32.869884,-96.79081,2999000,508.0,-101000.0,2861200.0,16156.0,5.0,6.0,5898.0,2016.0,10018.8,singleFamily,68,3018410.0,2025,https://www.zillow.com,https://photos.zillowstatic.com/fp/f083cac089b0e11e088aaad39672594a-p_c.jpg,2026-08-10 09:16,For Sale
26707488,7033 Chantilly Ln,75214,Dallas,TX,32.838043,-96.73973,2775000,513.0,-20000.0,2667900.0,5698.0,5.0,6.0,5407.0,2026.0,8973.36,singleFamily,39,790810.0,2025,https://www.zillow.com,https://photos.zillowstatic.com/fp/e0a6fee613313d131b2a1db7695686ae-p_c.jpg,2026-08-10 09:16,For Sale
53390345,509 Elm St APT 503,75202,Dallas,TX,32.779938,-96.807526,239000,283.0,-6000.0,230000.0,1844.0,1.0,1.0,845.0,1930.0,10018.8,condo,95,251840.0,2025,https://www.zillow.com,https://photos.zillowstatic.com/fp/cf35cb8ff9ebd3fc421096ba71feeb82-p_c.jpg,2026-08-10 09:16,For Sale
26758080,4630 S Lindhurst Ave,75229,Dallas,TX,32.88123,-96.82911,4995000,1037.0,,4552100.0,6287.0,4.0,6.0,4817.0,1961.0,0.9,singleFamily,83,3202210.0,2025,https://www.zillow.com,https://photos.zillowstatic.com/fp/ca07131c79d9bc582c36e6d1350022d7-p_c.jpg,2026-08-10 09:16,For Sale
26790118,3957 Gaspar Dr,75220,Dallas,TX,32.86998,-96.84653,2249500,456.0,-45500.0,2161900.0,3391.0,6.0,5.0,4932.0,2026.0,9408.96,singleFamily,72,649550.0,2025,https://www.zillow.com,https://photos.zillowstatic.com/fp/ce1eee0302497df51630d5aaef81b66d-p_c.jpg,2026-08-10 09:16,For Sale
26884260,8309 Londonderry Ln,75228,Dallas,TX,32.79873,-96.69726,370000,201.0,-14500.0,365500.0,2511.0,3.0,2.0,1845.0,1964.0,8015.04,singleFamily,32,433350.0,2025,https://www.zillow.com,https://photos.zillowstatic.com/fp/e1fb277fc255be930fb5fc6a77f8ee1f-p_c.jpg,2026-08-10 09:16,For Sale
54010848,17911 Meadowchase Way,75287,Dallas,TX,32.99258,-96.860535,389900,157.0,-9100.0,,3125.0,4.0,3.0,2481.0,1995.0,5227.2,singleFamily,93,446223.0,2025,https://www.zillow.com,https://photos.zillowstatic.com/fp/2d2bbd8bcc98a3224bb5346b1771b36c-p_c.jpg,2026-08-10 09:16,For Sale
26842201,2938 Hillglenn Rd,75228,Dallas,TX,32.82573,-96.66399,314500,227.0,,307300.0,2388.0,4.0,3.0,1388.0,1954.0,7405.2,singleFamily,19,250010.0,2025,https://www.zillow.com,https://photos.zillowstatic.com/fp/79b85f07d53c2250d221ba98dd85bf30-p_c.jpg,2026-08-10 09:16,For Sale
26866546,9607 Greensprint Dr,75238,Dallas,TX,32.885036,-96.72301,1150000,420.0,-25000.0,1113700.0,3932.0,5.0,4.0,2736.0,1979.0,8668.44,singleFamily,123,806110.0,2025,https://www.zillow.com,https://photos.zillowstatic.com/fp/fbc2f858114d4b740ea70a68d75d24ea-p_c.jpg,2026-08-10 09:16,For Sale
344555563,2404 Colony Ct #2406,75235,Dallas,TX,32.835716,-96.85545,335000,216.0,-5000.0,316800.0,2073.0,4.0,2.0,1552.0,1947.0,6072.264,multiFamily,67,,,https://www.zillow.com,https://photos.zillowstatic.com/fp/d4569230752917f565989118ae61927c-p_c.jpg,2026-08-10 09:16,For Sale
26857892,433 Cleaves St,75203,Dallas,TX,32.753185,-96.803314,550000,229.0,-25000.0,546400.0,4090.0,4.0,3.0,2400.0,2026.0,4007.52,singleFamily,63,95000.0,2025,https://www.zillow.com,https://photos.zillowstatic.com/fp/eda01bcbfe002e9cc3f28b26d425facd-p_c.jpg,2026-08-10 09:16,For Sale
55826302,4548 Via James Jacob,75211,Dallas,TX,32.73773,-96.89652,270000,257.0,-10000.0,,,3.0,2.0,1051.0,2001.0,5270.76,singleFamily,34,227790.0,2025,https://www.zillow.com,https://photos.zillowstatic.com/fp/acabcbe013eb93fb2113bc42ebae4cd8-p_c.jpg,2026-08-10 09:16,For Sale
26844283,12135 Oberlin Dr,75243,Dallas,TX,32.913326,-96.75839,399000,252.0,-26000.0,392800.0,2969.0,4.0,4.0,1583.0,1956.0,7535.88,singleFamily,73,207230.0,2025,https://www.zillow.com,https://photos.zillowstatic.com/fp/59e6f4e25782e28579bc00812387d39e-p_c.jpg,2026-08-10 09:16,For Sale
26914308,8364 Deep Green Dr,75249,Dallas,TX,32.646336,-96.96389,349000,159.0,,341600.0,2784.0,3.0,3.0,2201.0,1990.0,8058.6,singleFamily,23,299530.0,2025,https://www.zillow.com,https://photos.zillowstatic.com/fp/955e8398be84e2deb84a22243d93b1e7-p_c.jpg,2026-08-10 09:16,For Sale
26750181,6616 Pimlico Dr,75214,Dallas,TX,32.850113,-96.744774,625000,389.0,-50000.0,604400.0,3550.0,3.0,2.0,1605.0,1953.0,7318.08,singleFamily,45,562000.0,2025,https://www.zillow.com,https://photos.zillowstatic.com/fp/ba4dd9a68faab5fb11f467f8e18acdb7-p_c.jpg,2026-08-10 09:16,For Sale
26840630,181 Easton Rd,75218,Dallas,TX,32.861126,-96.71036,590000,345.0,-10000.0,,,3.0,2.0,1711.0,1954.0,0.27599999999999997,singleFamily,100,550000.0,2025,https://www.zillow.com,https://photos.zillowstatic.com/fp/0909fa045d7fa7a56adf86a6702cedaf-p_c.jpg,2026-08-10 09:16,For Sale
26734545,4426 Kelton Dr,75209,Dallas,TX,32.85005,-96.83384,450000,334.0,,,,3.0,2.0,1348.0,1947.0,8102.16,singleFamily,3,374880.0,2025,https://www.zillow.com,https://photos.zillowstatic.com/fp/db9dbb2695631383434b225ab265ae87-p_c.jpg,2026-08-10 09:16,For Sale
26858919,12022 Dixfield Dr,75218,Dallas,TX,32.86001,-96.69651,675000,284.0,-50000.0,649600.0,3429.0,4.0,3.0,2374.0,1968.0,9321.84,singleFamily,23,585810.0,2025,https://www.zillow.com,https://photos.zillowstatic.com/fp/99b532dcf7956ebc9c8f7b1b05e7b850-p_c.jpg,2026-08-10 09:16,For Sale
96509556,3615 Rio Blanco Dr,75227,Dallas,TX,32.76801,-96.65049,315000,162.0,,310100.0,2261.0,4.0,3.0,1940.0,2009.0,3397.68,singleFamily,23,272250.0,2025,https://www.zillow.com,https://photos.zillowstatic.com/fp/fe8f900726d98f54ac5a8cfb89ac0d36-p_c.jpg,2026-08-10 09:16,For Sale
26867775,7118 Winedale Dr,75231,Dallas,TX,32.878723,-96.73964,849900,294.0,,820400.0,4321.0,4.0,3.0,2887.0,1976.0,8886.24,singleFamily,9,868720.0,2025,https://www.zillow.com,https://photos.zillowstatic.com/fp/c7ae5a415040235ca68e6571ee3b668a-p_c.jpg,2026-08-10 09:16,For Sale
26923615,3906 Buena Vista St Unit 18,75204,Dallas,TX,32.81189,-96.797264,579900,328.0,,555800.0,3808.0,2.0,3.0,1767.0,1983.0,0.966,condo,8,432920.0,2025,https://www.zillow.com,https://photos.zillowstatic.com/fp/b93a6fff7e21379dafad7d941a55d777-p_c.jpg,2026-08-10 09:16,For Sale
26713094,2511 Gladstone Dr,75211,Dallas,TX,32.740524,-96.85959,459990,248.0,,445800.0,2719.0,3.0,3.0,1852.0,1920.0,7492.32,singleFamily,2,474100.0,2025,https://www.zillow.com,https://photos.zillowstatic.com/fp/68b11437003c87ad363c1bcb58d2df0a-p_c.jpg,2026-08-10 09:16,For Sale
26930368,5325 Bent Tree Forest Dr APT 2230,75248,Dallas,TX,32.965553,-96.8182,150000,146.0,,,,1.0,2.0,1028.0,1983.0,2.564,condo,23,205370.0,2025,https://www.zillow.com,https://photos.zillowstatic.com/fp/05646879b40876c0ad2f398a1a6bb089-p_c.jpg,2026-08-10 09:16,For Sale
26882827,13407 Hedgeapple Dr,75243,Dallas,TX,32.930298,-96.71135,475000,185.0,,,,4.0,2.0,2568.0,1979.0,7884.36,singleFamily,2,395460.0,2025,https://www.zillow.com,https://photos.zillowstatic.com/fp/998fd7d27f213d878b87cb7fcc30f9f5-p_c.jpg,2026-08-10 09:16,For Sale
111957963,4611 Kelton Dr,75209,Dallas,TX,32.850445,-96.83098,1300000,345.0,,,,4.0,3.0,3772.0,1880.0,0.461,singleFamily,19,455040.0,2025,https://www.zillow.com,https://photos.zillowstatic.com/fp/46d494d23cd6767d4b2a903fa41861d7-p_c.jpg,2026-08-10 09:16,For Sale
26693711,6319 Palo Pinto Ave,75214,Dallas,TX,32.820343,-96.75518,799000,,,,,,,,,7492.32,land,0,450000.0,2025,https://www.zillow.com,https://photos.zillowstatic.com/fp/e839a35bbca8b669cc8123bb47f621a8-p_c.jpg,2026-08-10 09:16,For Sale
53389616,1676 Glade Forest Dr,75218,Dallas,TX,32.80505,-96.72278,949000,299.0,-46000.0,921100.0,4601.0,3.0,4.0,3172.0,1999.0,9888.12,singleFamily,58,948760.0,2025,https://www.zillow.com,https://photos.zillowstatic.com/fp/5a26c3a0048ff5238ae8d1152ac3dc36-p_c.jpg,2026-08-10 09:16,For Sale
26811585,10560 Channel Dr,75229,Dallas,TX,32.891445,-96.87913,275000,198.0,,,,3.0,2.0,1386.0,1955.0,7623.0,singleFamily,18,310070.0,2025,https://www.zillow.com,https://photos.zillowstatic.com/fp/c1f71d038cbd275335c0f4c7e844609d-p_c.jpg,2026-08-10 09:16,For Sale
26731951,3709 Mount Royal St,75211,Dallas,TX,32.74563,-96.87993,365000,256.0,-5000.0,359300.0,1594.0,4.0,2.0,1424.0,1942.0,7100.28,multiFamily,137,349080.0,2025,https://www.zillow.com,https://photos.zillowstatic.com/fp/a1396bfaa8c357152231c148f404ca0b-p_c.jpg,2026-08-10 09:16,For Sale
26887131,6115 Bluff Point Dr,75248,Dallas,TX,32.9615,-96.800415,730000,271.0,,704900.0,6621.0,4.0,3.0,2690.0,1982.0,9191.16,singleFamily,5,634010.0,2025,https://www.zillow.com,https://photos.zillowstatic.com/fp/b5f0d9aa46802ebd6d0cc70c7b28ea1b-p_c.jpg,2026-08-10 09:16,For Sale
26789780,3723 Cortez Dr,75220,Dallas,TX,32.866554,-96.855064,1375000,359.0,,,6702.0,5.0,5.0,3830.0,2025.0,8698.932,singleFamily,12,1280020.0,2025,https://www.zillow.com,https://photos.zillowstatic.com/fp/6420c332169c78c563e50e5349d40709-p_c.jpg,2026-08-10 09:16,For Sale
26838897,10521 Sandpiper Ln,75230,Dallas,TX,32.889427,-96.78047,485000,261.0,-20000.0,474900.0,3061.0,3.0,2.0,1859.0,1971.0,6446.88,singleFamily,189,473790.0,2025,https://www.zillow.com,https://photos.zillowstatic.com/fp/4337fa862d43b9c3b2e779eb755195e6-p_c.jpg,2026-08-10 09:16,For Sale
60347631,4034 Rawlins St APT 101,75219,Dallas,TX,32.814045,-96.80962,249000,279.0,,240200.0,2027.0,2.0,2.0,893.0,1984.0,0.41,condo,11,294690.0,2025,https://www.zillow.com,https://photos.zillowstatic.com/fp/844cb9f424e2ddbeb22eeb47d995a1e1-p_c.jpg,2026-08-10 09:16,For Sale
26868859,8732 Arbor Park Ct,75243,Dallas,TX,32.896137,-96.730255,1399000,341.0,,,,4.0,4.0,4099.0,1984.0,0.424,singleFamily,31,1100000.0,2025,https://www.zillow.com,https://photos.zillowstatic.com/fp/6a212a235c6a5126155b7cb3cd7a2cd5-p_c.jpg,2026-08-10 09:16,For Sale
26690662,5346 Miller Ave,75206,Dallas,TX,32.821,-96.77793,815000,435.0,,771400.0,5088.0,3.0,2.0,1872.0,1920.0,9583.2,singleFamily,2,844140.0,2025,https://www.zillow.com,https://photos.zillowstatic.com/fp/b4f4ecedc8d864bf9560f5891457a02b-p_c.jpg,2026-08-10 09:16,For Sale
26873323,7441 Whispering Pines Dr,75248,Dallas,TX,32.968067,-96.778824,650000,283.0,,626800.0,5181.0,4.0,3.0,2296.0,1971.0,0.304,singleFamily,10,580680.0,2025,https://www.zillow.com,https://photos.zillowstatic.com/fp/093a612a4c4c9ea5fb3b071d222dc7a2-p_c.jpg,2026-08-10 09:16,For Sale
26815085,6930 Trailcrest Dr,75232,Dallas,TX,32.663933,-96.835464,245000,138.0,-5000.0,241100.0,2100.0,3.0,2.0,1769.0,1968.0,9278.28,singleFamily,10,235090.0,2025,https://www.zillow.com,https://photos.zillowstatic.com/fp/9ea2f63748165d1e6d43254570324c4a-p_c.jpg,2026-08-10 09:16,For Sale
26739575,1624 Eastus Dr,75208,Dallas,TX,32.765457,-96.83359,2395000,876.0,,2220900.0,3538.0,3.0,3.0,2734.0,1953.0,0.75,singleFamily,19,1540350.0,2025,https://www.zillow.com,https://photos.zillowstatic.com/fp/35db0bcc004af68705275a68612dc60c-p_c.jpg,2026-08-10 09:16,For Sale
69676439,3110 Thomas Ave APT 527,75204,Dallas,TX,32.798294,-96.79458,829000,366.0,,786300.0,3899.0,2.0,2.0,2263.0,1998.0,1.174,condo,4,550720.0,2025,https://www.zillow.com,https://photos.zillowstatic.com/fp/bde915dd8d866350b3d86bee3668b96d-p_c.jpg,2026-08-10 09:16,For Sale
26859450,12319 Sunland St,75218,Dallas,TX,32.863052,-96.68756,425000,255.0,,401300.0,3058.0,3.0,3.0,1669.0,1962.0,7840.8,singleFamily,4,417230.0,2025,https://www.zillow.com,https://photos.zillowstatic.com/fp/b9b4adfada80d58db3393d3985d34f9c-p_c.jpg,2026-08-10 09:16,For Sale
26828777,5925 Williamstown Rd,75230,Dallas,TX,32.91553,-96.80606,3695000,519.0,,3511800.0,6793.0,6.0,8.0,7120.0,2025.0,0.373,singleFamily,34,2518480.0,2025,https://www.zillow.com,https://photos.zillowstatic.com/fp/98fedbf56e8dcb60faa5516d765453c3-p_c.jpg,2026-08-10 09:16,For Sale
26747570,6262 E University Blvd,75214,Dallas,TX,32.846336,-96.75549,675000,332.0,-54900.0,657000.0,4082.0,3.0,2.0,2031.0,1961.0,10018.8,singleFamily,73,727870.0,2025,https://www.zillow.com,https://photos.zillowstatic.com/fp/5441153b317e10aecd83be7af9a3b72d-p_c.jpg,2026-08-10 09:16,For Sale
26903405,9022 Villa Park Cir,75225,Dallas,TX,32.872677,-96.77756,497000,296.0,,,,3.0,2.0,1678.0,1966.0,5183.64,singleFamily,38,361360.0,2025,https://www.zillow.com,https://photos.zillowstatic.com/fp/c4674fb1f5ba550a9cf9cd5d43af343f-p_c.jpg,2026-08-10 09:16,For Sale
26772122,917 De Witt Cir,75224,Dallas,TX,32.720097,-96.83782,300000,200.0,-5000.0,,2217.0,3.0,2.0,1503.0,1953.0,0.252,singleFamily,25,160260.0,2020,https://www.zillow.com,https://photos.zillowstatic.com/fp/74ab85ef3ad816b9f0fbbe3b047a3bb3-p_c.jpg,2026-08-10 09:16,For Sale
26808627,3251 Dothan Ln,75229,Dallas,TX,32.89814,-96.86839,625000,388.0,,599100.0,3691.0,3.0,2.0,1611.0,1960.0,10236.6,singleFamily,24,553100.0,2025,https://www.zillow.com,https://photos.zillowstatic.com/fp/a6e9db03aa4a6293445651048cb3fe20-p_c.jpg,2026-08-10 09:16,For Sale
26931657,9821 Walnut St #304,75243,Dallas,TX,32.922836,-96.71392,48500,115.0,3500.0,,902.0,1.0,1.0,423.0,1981.0,8.814,condo,48,61340.0,2025,https://www.zillow.com,https://photos.zillowstatic.com/fp/4a31b6c739fa135c06e5ae5124520464-p_c.jpg,2026-08-10 09:16,For Sale
162813613,6827 Sunshade Ln,75236,Dallas,TX,32.682747,-96.938324,519500,168.0,-5500.0,510800.0,3886.0,4.0,3.0,3090.0,2015.0,10149.48,singleFamily,63,509140.0,2025,https://www.zillow.com,https://photos.zillowstatic.com/fp/ec02e1d7ec8b4716bc331b736abd7f0b-p_c.jpg,2026-08-10 09:16,For Sale
26714129,2821 Gladstone Dr,75211,Dallas,TX,32.740543,-96.86706,175000,178.0,,165300.0,2058.0,2.0,1.0,982.0,1930.0,7492.32,singleFamily,23,220850.0,2025,https://www.zillow.com,https://photos.zillowstatic.com/fp/61a96cc4a810295f80fa7ecf820c299d-p_c.jpg,2026-08-10 09:16,For Sale
26691133,2502 Elsie Faye Heggins St,75215,Dallas,TX,32.75243,-96.75698,399000,197.0,,393300.0,3269.0,3.0,3.0,2028.0,2023.0,6577.56,singleFamily,3,368440.0,2025,https://www.zillow.com,https://photos.zillowstatic.com/fp/b9908949ab88e1c3ad08ae2f3cc6c545-p_c.jpg,2026-08-10 09:16,For Sale
26703397,6245 Martel Ave,75214,Dallas,TX,32.83199,-96.75821,1699000,392.0,-26000.0,1652900.0,7786.0,5.0,4.0,4337.0,2026.0,6181.164,singleFamily,29,525360.0,2025,https://www.zillow.com,https://photos.zillowstatic.com/fp/beaac0effd77f0d3d12fa8969a3e61c8-p_c.jpg,2026-08-10 09:16,For Sale
26864370,11022 Ferndale Rd,75238,Dallas,TX,32.892773,-96.71707,629900,256.0,-10000.0,622000.0,4445.0,4.0,3.0,2457.0,1967.0,8929.8,singleFamily,65,630880.0,2025,https://www.zillow.com,https://photos.zillowstatic.com/fp/b2e1b804ecfc12d9a2b2f661c8510d72-p_c.jpg,2026-08-10 09:16,For Sale
53071900,6608 Camille Ave,75252,Dallas,TX,32.9998,-96.789604,725000,281.0,-24000.0,705100.0,3547.0,3.0,2.0,2582.0,1982.0,8276.4,singleFamily,90,592624.0,2025,https://www.zillow.com,https://photos.zillowstatic.com/fp/a025b1a95ed947a98579a3d32ff51f34-p_c.jpg,2026-08-10 09:16,For Sale
26753666,6343 Del Norte Ln,75225,Dallas,TX,32.868732,-96.79591,1649000,703.0,,1558400.0,4215.0,3.0,2.0,2345.0,1951.0,0.2571,singleFamily,11,1300000.0,2025,https://www.zillow.com,https://photos.zillowstatic.com/fp/92d47cd1b4d7122a805f5ebad5f7830e-p_c.jpg,2026-08-10 09:16,For Sale
26858963,12106 Landlock Dr,75218,Dallas,TX,32.860355,-96.69358,850000,313.0,-49900.0,822600.0,3533.0,4.0,3.0,2715.0,1968.0,10585.08,singleFamily,21,633670.0,2025,https://www.zillow.com,https://photos.zillowstatic.com/fp/e157857d706d21de1e6587e34da83de0-p_c.jpg,2026-08-10 09:16,For Sale
80236568,5111 Manett St APT 207,75206,Dallas,TX,32.8156,-96.782486,235000,323.0,-4000.0,229300.0,1805.0,1.0,1.0,728.0,2001.0,0.55,condo,51,250000.0,2025,https://www.zillow.com,https://photos.zillowstatic.com/fp/32b8305e950e819515fe5fa843e018e4-p_c.jpg,2026-08-10 09:16,For Sale
26887295,7241 Blythdale Dr,75248,Dallas,TX,32.9819,-96.782394,725000,270.0,-10000.0,715500.0,5072.0,4.0,3.0,2683.0,1976.0,9234.72,singleFamily,43,693880.0,2025,https://www.zillow.com,https://photos.zillowstatic.com/fp/031a4f0222f25ed7082eb01f6e236cb5-p_c.jpg,2026-08-10 09:16,For Sale
26738020,1907 S Tyler St,75224,Dallas,TX,32.726833,-96.83821,295000,230.0,,292000.0,2138.0,2.0,1.0,1280.0,1950.0,7623.0,singleFamily,10,352570.0,2025,https://www.zillow.com,https://photos.zillowstatic.com/fp/98ba1567c39a776437f7b17dafbfff54-p_c.jpg,2026-08-10 09:16,For Sale
26877111,5702 Bent Trl,75248,Dallas,TX,32.97451,-96.81642,2595000,493.0,,,,5.0,5.0,5268.0,1979.0,0.348,singleFamily,143,2293060.0,2025,https://www.zillow.com,https://photos.zillowstatic.com/fp/73f9aed416e5f201d1824ab6fcaba932-p_c.jpg,2026-08-10 09:16,For Sale
26693566,5449 Goodwin Ave,75206,Dallas,TX,32.823803,-96.775276,1799000,444.0,-50000.0,1762400.0,4020.0,5.0,5.0,4055.0,2026.0,8001.972,singleFamily,44,560000.0,2025,https://www.zillow.com,https://photos.zillowstatic.com/fp/70f498c92bdf8b783e5f45c3c2c858ee-p_c.jpg,2026-08-10 09:16,For Sale
26909892,707 W Red Bird Ln,75232,Dallas,TX,32.673737,-96.83475,299900,132.0,-10000.0,295300.0,2470.0,3.0,2.0,2272.0,1984.0,0.28500000000000003,singleFamily,62,288760.0,2025,https://www.zillow.com,https://photos.zillowstatic.com/fp/692c386598b624a9c03ee6ec7580c549-p_c.jpg,2026-08-10 09:16,For Sale
53389838,2242 Ash Grove Way,75228,Dallas,TX,32.810577,-96.70439,619500,249.0,,602900.0,2825.0,3.0,3.0,2487.0,2000.0,4617.36,singleFamily,44,545030.0,2025,https://www.zillow.com,https://photos.zillowstatic.com/fp/f7e77f6d2ec11d252f12041e91ad9b6f-p_c.jpg,2026-08-10 09:16,For Sale
26823950,5412 University Hills Blvd,75241,Dallas,TX,32.679962,-96.80546,165000,141.0,,,1807.0,3.0,2.0,1169.0,1962.0,9381.0,singleFamily,29,186430.0,2025,https://www.zillow.com,https://photos.zillowstatic.com/fp/15d8dfd5ad8b3ddfcb77e7f85ca2d4e5-p_c.jpg,2026-08-10 09:16,For Sale
26826335,1205 Golden Trophy Dr,75232,Dallas,TX,32.66571,-96.8412,270000,178.0,-5000.0,,2027.0,3.0,2.0,1514.0,1965.0,9408.96,singleFamily,114,265730.0,2025,https://www.zillow.com,https://photos.zillowstatic.com/fp/fc0e2ac41d55da065da3e99fd4ac7ad1-p_c.jpg,2026-08-10 09:16,For Sale
96514361,2874 Farragut St,75215,Dallas,TX,32.75401,-96.74714,19995,,,,2335.0,,,,,3441.24,land,70,34340.0,2025,https://www.zillow.com,https://photos.zillowstatic.com/fp/22fea0a54919906b44445391a3ca4754-p_c.jpg,2026-08-10 09:16,For Sale
26839351,10536 Stone Canyon Rd APT 119,75230,Dallas,TX,32.88935,-96.773544,180000,150.0,,161600.0,1768.0,2.0,2.0,1204.0,1970.0,,condo,3,216720.0,2025,https://www.zillow.com,https://photos.zillowstatic.com/fp/b0cd3de72b3d6354b854151f2c68bad6-p_c.jpg,2026-08-10 09:16,For Sale
26924858,4221 Cole Ave APT 202,75205,Dallas,TX,32.817375,-96.79252,389900,302.0,-10000.0,381100.0,2885.0,2.0,2.0,1291.0,1983.0,0.413,condo,19,361380.0,2025,https://www.zillow.com,https://photos.zillowstatic.com/fp/853a8d94ce97813437c3d78e67f91406-p_c.jpg,2026-08-10 09:16,For Sale
26803633,5510 Caladium Dr,75230,Dallas,TX,32.907238,-96.81319,3400000,545.0,,3277100.0,4615.0,5.0,7.0,6240.0,2025.0,0.392,singleFamily,34,3486220.0,2025,https://www.zillow.com,https://photos.zillowstatic.com/fp/ab570aca933741a38448bf41cbf69767-p_c.jpg,2026-08-10 09:16,For Sale
26854244,9661 Lynbrook Dr,75238,Dallas,TX,32.878414,-96.70456,1399000,341.0,,1370700.0,5966.0,5.0,5.0,4102.0,2026.0,8054.244,singleFamily,17,517160.0,2025,https://www.zillow.com,https://photos.zillowstatic.com/fp/daf122428ee435e4a074c919002aeca5-p_c.jpg,2026-08-10 09:16,For Sale
26788533,9831 Lakemont Dr,75220,Dallas,TX,32.87725,-96.843,1599000,401.0,,,,5.0,5.0,3988.0,1953.0,10018.8,singleFamily,31,1418230.0,2025,https://www.zillow.com,https://photos.zillowstatic.com/fp/5006d26d3b7031f3b1d8e29aedcee192-p_c.jpg,2026-08-10 09:16,For Sale
26870104,8716 Echo Valley Dr,75243,Dallas,TX,32.8975,-96.739395,672500,261.0,-17500.0,657700.0,3800.0,4.0,3.0,2578.0,1972.0,8755.56,singleFamily,67,614330.0,2025,https://www.zillow.com,https://photos.zillowstatic.com/fp/ffce8e43168752122f7c622654bcd789-p_c.jpg,2026-08-10 09:16,For Sale
26679953,3525 Turtle Creek Blvd APT 6C,75219,Dallas,TX,32.811165,-96.80309,465000,364.0,,294000.0,2005.0,1.0,1.0,1277.0,1957.0,2.824,condo,2,262460.0,2025,https://www.zillow.com,https://photos.zillowstatic.com/fp/d2b5d5ceb73f361217df0a6cff65d3e7-p_c.jpg,2026-08-10 09:16,For Sale
26705765,7166 Dalewood Ln,75214,Dallas,TX,32.847614,-96.73809,925000,552.0,,881900.0,3954.0,3.0,2.0,1677.0,1953.0,7405.2,singleFamily,26,778630.0,2025,https://www.zillow.com,https://photos.zillowstatic.com/fp/9d71adaa3e9b1f8fa2172b2b8a674b7b-p_c.jpg,2026-08-10 09:16,For Sale
26876428,6033 Daven Oaks Dr,75248,Dallas,TX,32.979107,-96.8002,749000,214.0,-26000.0,727900.0,4805.0,4.0,3.0,3506.0,1977.0,8668.44,singleFamily,74,580420.0,2025,https://www.zillow.com,https://photos.zillowstatic.com/fp/eb9279a5c57af65b13b2f0b887ed8180-p_c.jpg,2026-08-10 09:16,For Sale
26787925,3556 Durango Dr,75220,Dallas,TX,32.867092,-96.85912,260000,209.0,,260200.0,2407.0,3.0,1.0,1242.0,1948.0,9801.0,singleFamily,4,347090.0,2025,https://www.zillow.com,https://photos.zillowstatic.com/fp/cc81b67a1e03d30b7796af1515f3c2fd-p_c.jpg,2026-08-10 09:16,For Sale
26687133,4026 Myrtle St,75215,Dallas,TX,32.75933,-96.758286,180000,149.0,-10000.0,,1779.0,3.0,2.0,1212.0,1923.0,7405.2,singleFamily,367,213490.0,2025,https://www.zillow.com,https://photos.zillowstatic.com/fp/b07ca313a13b87c707e1cae80134fdcb-p_c.jpg,2026-08-10 09:16,For Sale
26706650,6722 Sondra Dr,75214,Dallas,TX,32.82644,-96.74501,2300000,464.0,,2196900.0,11351.0,5.0,6.0,4955.0,2014.0,7971.48,singleFamily,44,2054390.0,2025,https://www.zillow.com,https://photos.zillowstatic.com/fp/6f7f5e921c7d4b3e0d921e039d0754f9-p_c.jpg,2026-08-10 09:16,For Sale
26691221,2909 Lenway St,75215,Dallas,TX,32.76731,-96.763115,87000,104.0,-8000.0,,1386.0,2.0,1.0,836.0,1925.0,5501.628,singleFamily,67,108720.0,2025,https://www.zillow.com,https://photos.zillowstatic.com/fp/9f98a1855062aa8637fb90e450ca4712-p_c.jpg,2026-08-10 09:16,For Sale
26803211,11629 Flamingo Ln,75218,Dallas,TX,32.855083,-96.679,799999,253.0,,786200.0,4830.0,5.0,4.0,3160.0,2026.0,7535.88,singleFamily,11,100000.0,2025,https://www.zillow.com,https://photos.zillowstatic.com/fp/132680f824f68e68fe2467a3a8281323-p_c.jpg,2026-08-10 09:16,For Sale
26809935,3631 Coral Gables Dr,75229,Dallas,TX,32.90614,-96.858406,759000,284.0,-16000.0,730400.0,4300.0,4.0,4.0,2676.0,1958.0,0.2744,singleFamily,27,610120.0,2025,https://www.zillow.com,https://photos.zillowstatic.com/fp/9c5e5e821dcbeb88ee5766dd69f3e56c-p_c.jpg,2026-08-10 09:16,For Sale
26703066,6240 Kenwood Ave,75214,Dallas,TX,32.832672,-96.75654,1898000,439.0,,,,5.0,5.0,4325.0,2026.0,8537.76,singleFamily,31,555230.0,2025,https://www.zillow.com,https://photos.zillowstatic.com/fp/fa2f50d868715fc45672ad0bf58432d2-p_c.jpg,2026-08-10 09:16,For Sale
26782672,1821 Overhill Ln,75216,Dallas,TX,32.711113,-96.796814,209000,171.0,-20000.0,206100.0,2047.0,4.0,2.0,1220.0,1948.0,7623.0,singleFamily,97,185230.0,2025,https://www.zillow.com,https://photos.zillowstatic.com/fp/43152aba4c89a70aadbee33c6b77236a-p_c.jpg,2026-08-10 09:16,For Sale
26828979,5857 Charlestown Dr,75230,Dallas,TX,32.917862,-96.807465,1550000,542.0,,1464900.0,6558.0,5.0,3.0,2862.0,1956.0,0.414,singleFamily,14,1313760.0,2025,https://www.zillow.com,https://photos.zillowstatic.com/fp/34665b2b07b0c0e2c88bc2ea9bebe4e0-p_c.jpg,2026-08-10 09:16,For Sale
26890533,7723 Pennyburn Dr,75248,Dallas,TX,32.983322,-96.77322,889900,261.0,,855300.0,3907.0,5.0,4.0,3412.0,1979.0,0.297,singleFamily,9,869720.0,2025,https://www.zillow.com,https://photos.zillowstatic.com/fp/1871e3ff5da5ad307d94015a97e9c4e3-p_c.jpg,2026-08-10 09:16,For Sale
26752187,7018 Deloache Ave,75225,Dallas,TX,32.870686,-96.78396,1250000,415.0,,,,3.0,3.0,3010.0,1980.0,7710.12,singleFamily,3,1001120.0,2025,https://www.zillow.com,https://photos.zillowstatic.com/fp/70371e53ae36a5716fcdabfd2e6471bc-p_c.jpg,2026-08-10 09:16,For Sale
26903234,7 Knightwood Ct,75225,Dallas,TX,32.875,-96.7777,1600000,391.0,,,,3.0,4.0,4097.0,1994.0,6621.12,singleFamily,13,1650130.0,2025,https://www.zillow.com,https://photos.zillowstatic.com/fp/7af2a213f77b40996cb09df1539dac77-p_c.jpg,2026-08-10 09:16,For Sale
26809810,3129 Saint Croix Dr,75229,Dallas,TX,32.905125,-96.87102,1550000,334.0,-75000.0,1515200.0,7202.0,5.0,7.0,4637.0,2025.0,10585.08,singleFamily,149,384720.0,2025,https://www.zillow.com,https://photos.zillowstatic.com/fp/605d06b2a68cec2bedb208f9dfd80738-p_c.jpg,2026-08-10 09:16,For Sale
26867721,8710 Sanshire Ave,75231,Dallas,TX,32.880333,-96.74547,1095000,405.0,-24000.0,,,4.0,3.0,2703.0,1982.0,10410.84,singleFamily,94,742000.0,2025,https://www.zillow.com,https://photos.zillowstatic.com/fp/097bcb20d6363dfc18e52c9d4ef852c3-p_c.jpg,2026-08-10 09:16,For Sale
26784834,4303 Blackheath Rd,75227,Dallas,TX,32.788654,-96.69583,445000,183.0,-5000.0,440900.0,2610.0,4.0,3.0,2428.0,1972.0,10193.04,singleFamily,58,362810.0,2025,https://www.zillow.com,https://photos.zillowstatic.com/fp/0474949dc537abf6b44497dd73f61bea-p_c.jpg,2026-08-10 09:16,For Sale
80230380,1200 Main St APT 902,75202,Dallas,TX,32.779865,-96.801476,209900,318.0,-10000.0,207200.0,1760.0,1.0,1.0,660.0,1974.0,1.033,condo,153,264000.0,2025,https://www.zillow.com,https://photos.zillowstatic.com/fp/88e583e2f1bcd902dc18ba7517573b60-p_c.jpg,2026-08-10 09:16,For Sale
26751704,7639 Lovers Ln,75225,Dallas,TX,32.85137,-96.775406,1500000,523.0,-50000.0,1453800.0,5847.0,4.0,4.0,2868.0,1946.0,8407.08,singleFamily,156,1269230.0,2025,https://www.zillow.com,https://photos.zillowstatic.com/fp/c51ed64711996573f7948e47031794ca-p_c.jpg,2026-08-10 09:16,For Sale
26732858,7110 Robin Rd,75209,Dallas,TX,32.84354,-96.82257,3795000,547.0,-100000.0,3598600.0,7226.0,5.0,6.0,6939.0,2021.0,0.46009999999999995,singleFamily,32,3296540.0,2025,https://www.zillow.com,https://photos.zillowstatic.com/fp/cedb4ad13825b773337d2b6b5a6c86a8-p_c.jpg,2026-08-10 09:16,For Sale
80228858,1910 Hope St Unit 5,75206,Dallas,TX,32.813038,-96.76904,445000,324.0,,436300.0,3053.0,2.0,3.0,1374.0,2005.0,,condo,13,449300.0,2025,https://www.zillow.com,https://photos.zillowstatic.com/fp/6daf723d65b69940741417639dad030e-p_c.jpg,2026-08-10 09:16,For Sale
26702202,6847 Lakeshore Dr,75214,Dallas,TX,32.82122,-96.742516,4950000,813.0,,,,6.0,7.0,6085.0,2026.0,0.304,singleFamily,17,1310710.0,2025,https://www.zillow.com,https://photos.zillowstatic.com/fp/9143799260f63fa1bffebfac00a3620d-p_c.jpg,2026-08-10 09:16,For Sale
26788933,4041 Beechwood Ln,75220,Dallas,TX,32.876465,-96.84453,875000,430.0,-14000.0,851200.0,4949.0,3.0,3.0,2034.0,1951.0,9234.72,singleFamily,65,842210.0,2025,https://www.zillow.com,https://photos.zillowstatic.com/fp/aa6806eebb07b2169c214464a2ea180c-p_c.jpg,2026-08-10 09:16,For Sale
69675352,4203 Holland Ave APT 10,75219,Dallas,TX,32.817234,-96.80858,315000,279.0,,305600.0,2527.0,2.0,3.0,1131.0,1985.0,0.367,condo,4,339300.0,2025,https://www.zillow.com,https://photos.zillowstatic.com/fp/c5bb711176e992cc43d7fbbdc7d33cad-p_c.jpg,2026-08-10 09:16,For Sale
26747144,9446 Waterview Rd,75218,Dallas,TX,32.845814,-96.71393,2950000,574.0,,2834000.0,7030.0,5.0,7.0,5141.0,2026.0,0.27299999999999996,singleFamily,55,638810.0,2025,https://www.zillow.com,https://photos.zillowstatic.com/fp/6dc9c93f6b14b0727e071ffafecfc86c-p_c.jpg,2026-08-10 09:16,For Sale
26752924,7344 Fieldgate Dr,75230,Dallas,TX,32.88041,-96.77676,1195000,418.0,-30000.0,1164200.0,6121.0,4.0,5.0,2857.0,1965.0,0.304,singleFamily,73,1170570.0,2025,https://www.zillow.com,https://photos.zillowstatic.com/fp/764036d45e70cd35df89844d043cbee4-p_c.jpg,2026-08-10 09:16,For Sale
26807419,3507 Warick Dr,75229,Dallas,TX,32.888542,-96.86217,1589300,369.0,,1540200.0,4570.0,6.0,8.0,4312.0,2026.0,9975.24,singleFamily,11,509620.0,2025,https://www.zillow.com,https://photos.zillowstatic.com/fp/c774a92bece0dcae3315067aedfce059-p_c.jpg,2026-08-10 09:16,For Sale
83999919,5609 La Foy Blvd,75209,Dallas,TX,32.83032,-96.823784,799000,256.0,,776200.0,6467.0,3.0,3.0,3116.0,2005.0,7980.192,singleFamily,23,856760.0,2025,https://www.zillow.com,https://photos.zillowstatic.com/fp/8cb2dd874221a327168e0a4a6eb27884-p_c.jpg,2026-08-10 09:16,For Sale
118218569,1922 Euclid Ave APT D,75206,Dallas,TX,32.814148,-96.7732,625000,287.0,,608600.0,4369.0,3.0,3.0,2174.0,2008.0,1916.64,townhome,13,532310.0,2025,https://www.zillow.com,https://photos.zillowstatic.com/fp/154fed121b74c67c3da0026050e06aa1-p_c.jpg,2026-08-10 09:16,For Sale
162255545,2603 Custer Dr,75216,Dallas,TX,32.703873,-96.78221,250000,205.0,25000.0,248600.0,2003.0,3.0,2.0,1219.0,2015.0,7492.32,singleFamily,46,230400.0,2025,https://www.zillow.com,https://photos.zillowstatic.com/fp/428e6880c30cbf62b9723cb4c1d48fc3-p_c.jpg,2026-08-10 09:16,For Sale
26870528,14023 Highmark Sq,75254,Dallas,TX,32.93978,-96.80318,499000,210.0,,486100.0,3369.0,3.0,3.0,2371.0,1985.0,5614.884,singleFamily,8,484360.0,2025,https://www.zillow.com,https://photos.zillowstatic.com/fp/f676a9bdc32c0f9a3d14e7d7290cbd11-p_c.jpg,2026-08-10 09:16,For Sale
26897935,3009 State St,75204,Dallas,TX,32.79845,-96.796875,799000,356.0,,,,3.0,4.0,2247.0,1999.0,1481.04,townhome,9,690280.0,2025,https://www.zillow.com,https://photos.zillowstatic.com/fp/12ed15c1023bc64ecee67fc58122c5d7-p_c.jpg,2026-08-10 09:16,For Sale
162379155,4984 Thunder Rd,75244,Dallas,TX,32.923786,-96.82209,565000,238.0,,560200.0,4207.0,3.0,3.0,2369.0,1974.0,4138.2,singleFamily,23,559610.0,2025,https://www.zillow.com,https://photos.zillowstatic.com/fp/5cfa79f2d5fb01b321b4b1a290a48333-p_c.jpg,2026-08-10 09:16,For Sale
244052966,6655 Avian Dr,75230,Dallas,TX,32.910847,-96.7916,2095000,474.0,,1990600.0,8074.0,4.0,6.0,4418.0,2017.0,8973.36,singleFamily,23,2056080.0,2025,https://www.zillow.com,https://photos.zillowstatic.com/fp/3c57188c89b77d639ed1207799da9695-p_c.jpg,2026-08-10 09:16,For Sale
26650280,4911 Holly Tree Dr,75287,Dallas,TX,32.998802,-96.82175,1099000,243.0,,1053500.0,6719.0,4.0,5.0,4529.0,1994.0,0.26,singleFamily,11,1007623.0,2025,https://www.zillow.com,https://photos.zillowstatic.com/fp/43f7445dd3465c276ba8683e7f6e428f-p_c.jpg,2026-08-10 09:16,For Sale
26875951,6353 Southpoint Dr,75248,Dallas,TX,32.97805,-96.79835,588000,194.0,,571600.0,4000.0,4.0,4.0,3031.0,1991.0,3179.88,townhome,29,493830.0,2025,https://www.zillow.com,https://photos.zillowstatic.com/fp/e70c1bf78b3ad6d0795904e10634927b-p_c.jpg,2026-08-10 09:16,For Sale
26706655,6628 Sondra Dr,75214,Dallas,TX,32.826427,-96.74608,2300000,487.0,,2185500.0,10984.0,4.0,5.0,4722.0,2007.0,8145.72,singleFamily,41,1800000.0,2025,https://www.zillow.com,https://photos.zillowstatic.com/fp/04ed0949b97bac01c76f835241eb956f-p_c.jpg,2026-08-10 09:16,For Sale
26697336,5423 Stoneleigh Ave,75235,Dallas,TX,32.821514,-96.83041,509000,374.0,,489600.0,2727.0,2.0,2.0,1362.0,1939.0,6708.24,singleFamily,5,426670.0,2025,https://www.zillow.com,https://photos.zillowstatic.com/fp/2a3a9500963825b9e0b8c017906c7d81-p_c.jpg,2026-08-10 09:16,For Sale
27325151,2739 April Hill Ln,75287,Dallas,TX,33.009777,-96.863,325000,253.0,,,,2.0,2.0,1283.0,1983.0,8280.756,singleFamily,2,317227.0,2025,https://www.zillow.com,https://photos.zillowstatic.com/fp/cfd41bf0701061f4a90bfc95b60eeb3b-p_c.jpg,2026-08-10 09:16,For Sale
96534607,4639 Cherbourg St,75216,Dallas,TX,32.70955,-96.742065,209900,146.0,,206900.0,2183.0,3.0,2.0,1436.0,2017.0,7100.28,singleFamily,23,262100.0,2025,https://www.zillow.com,https://photos.zillowstatic.com/fp/d6eb8618e2f04ad5a8d5ce7ad045e082-p_c.jpg,2026-08-10 09:16,For Sale
244111523,5606 La Foy Blvd,75209,Dallas,TX,32.83016,-96.8232,945000,313.0,,,,4.0,3.0,3016.0,2016.0,3271.356,singleFamily,20,978590.0,2025,https://www.zillow.com,https://photos.zillowstatic.com/fp/831d1937a1e8ab146120d2952f808b40-p_c.jpg,2026-08-10 09:16,For Sale
440719007,1901 S Harwood St Unit 301,75215,Dallas,TX,32.772095,-96.78385,399000,247.0,,393900.0,2742.0,2.0,2.0,1614.0,2023.0,0.497,condo,4,492270.0,2025,https://www.zillow.com,https://photos.zillowstatic.com/fp/c1c8923f71c887658372ac5bcbb27018-p_c.jpg,2026-08-10 09:16,For Sale
26804562,4863 Allencrest Ln,75244,Dallas,TX,32.910995,-96.82392,1400000,418.0,-50000.0,1340900.0,4549.0,3.0,2.0,3349.0,1957.0,0.37,singleFamily,41,1047950.0,2025,https://www.zillow.com,https://photos.zillowstatic.com/fp/25073f0950f69bfe1772c1af07cb261d-p_c.jpg,2026-08-10 09:16,For Sale
26835057,3615 McBroom St,75212,Dallas,TX,32.783016,-96.88001,469990,214.0,,461000.0,4358.0,5.0,3.0,2195.0,2021.0,5140.08,singleFamily,14,454500.0,2025,https://www.zillow.com,https://photos.zillowstatic.com/fp/f0c03fa7353c14d246d5a1ca39e29aa0-p_c.jpg,2026-08-10 09:16,For Sale
26928126,8610 Turtle Creek Blvd APT 208,75225,Dallas,TX,32.866764,-96.78853,315000,268.0,,305200.0,2723.0,2.0,2.0,1174.0,1984.0,0.73,condo,10,252410.0,2025,https://www.zillow.com,https://photos.zillowstatic.com/fp/6903f3d27eeb4286f846aa0abd9ec378-p_c.jpg,2026-08-10 09:16,For Sale
26889684,6502 Riverview Ln,75248,Dallas,TX,32.974606,-96.79891,975000,254.0,,945700.0,5046.0,4.0,3.0,3846.0,1980.0,0.26599999999999996,singleFamily,54,1018610.0,2025,https://www.zillow.com,https://photos.zillowstatic.com/fp/2cc1f7f9dd70de79db086c9f7aa457d8-p_c.jpg,2026-08-10 09:16,For Sale
26849828,7241 Helsem Bnd,75230,Dallas,TX,32.9194,-96.7809,724900,255.0,-25000.0,706800.0,4591.0,3.0,4.0,2842.0,1989.0,5793.48,singleFamily,45,928660.0,2025,https://www.zillow.com,https://photos.zillowstatic.com/fp/38a4bc1d77d9755179037e94b0e18de3-p_c.jpg,2026-08-10 09:16,For Sale
26689519,5701 Velasco Ave,75206,Dallas,TX,32.821274,-96.76997,799000,498.0,,769000.0,3064.0,2.0,2.0,1603.0,1919.0,8102.16,singleFamily,88,619600.0,2025,https://www.zillow.com,https://photos.zillowstatic.com/fp/1b285c96257218079d37ad13dbdc6294-p_c.jpg,2026-08-10 09:16,For Sale
26785928,7315 Hunnicut Rd,75227,Dallas,TX,32.78897,-96.71263,250000,125.0,,320000.0,2283.0,3.0,2.0,1996.0,1968.0,8668.44,singleFamily,3,329280.0,2025,https://www.zillow.com,https://photos.zillowstatic.com/fp/54b0afdd756473c9943d07d63cd06f19-p_c.jpg,2026-08-10 09:16,For Sale
162175878,5457 Bonita Ave,75206,Dallas,TX,32.818462,-96.77495,2199995,516.0,-100000.0,2126900.0,6602.0,4.0,5.0,4265.0,2026.0,7753.68,singleFamily,93,606610.0,2025,https://www.zillow.com,https://photos.zillowstatic.com/fp/d4210397d494231283b746598c8fefc0-p_c.jpg,2026-08-10 09:16,For Sale
26786164,4704 Ashbrook Rd,75227,Dallas,TX,32.78273,-96.71294,399000,207.0,,393800.0,2588.0,4.0,3.0,1928.0,1973.0,8886.24,singleFamily,9,302160.0,2025,https://www.zillow.com,https://photos.zillowstatic.com/fp/66625cef11fd775bb9e2d78c0f35af27-p_c.jpg,2026-08-10 09:16,For Sale
96523839,2823 Curvilinear Ct,75227,Dallas,TX,32.761116,-96.66785,370000,195.0,,368000.0,2719.0,4.0,3.0,1899.0,2026.0,5880.6,singleFamily,60,80000.0,2025,https://www.zillow.com,https://photos.zillowstatic.com/fp/e44672a1fe83431716ab4381a28cce94-p_c.jpg,2026-08-10 09:16,For Sale
26773759,811 Tarryall Dr,75224,Dallas,TX,32.693607,-96.83646,399900,172.0,,394700.0,3502.0,4.0,2.0,2325.0,1956.0,0.267,singleFamily,32,270320.0,2025,https://www.zillow.com,https://photos.zillowstatic.com/fp/c012001fe95e0a6154cfb0f66e146bbc-p_c.jpg,2026-08-10 09:16,For Sale
26821468,3623 Castle Hills Dr,75241,Dallas,TX,32.678192,-96.762886,180000,106.0,,178300.0,2028.0,3.0,2.0,1695.0,1959.0,0.26,singleFamily,11,222740.0,2025,https://www.zillow.com,https://photos.zillowstatic.com/fp/5bfa6797d4cef5d8e9269ea2a8f7c896-p_c.jpg,2026-08-10 09:16,For Sale
26740470,1623 San Rafael Dr,75218,Dallas,TX,32.807896,-96.71929,1499900,385.0,-100000.0,1425700.0,4923.0,4.0,3.0,3892.0,1952.0,0.578,singleFamily,32,1396490.0,2025,https://www.zillow.com,https://photos.zillowstatic.com/fp/4a71492105deac6dae7c57d271fcfc25-p_c.jpg,2026-08-10 09:16,For Sale
26707705,6954 Santa Maria Ln,75214,Dallas,TX,32.84119,-96.73964,2550000,551.0,,2423800.0,7978.0,5.0,5.0,4624.0,2026.0,7801.596,singleFamily,72,672890.0,2025,https://www.zillow.com,https://photos.zillowstatic.com/fp/3277d77b52737de52b94ba5630038e60-p_c.jpg,2026-08-10 09:16,For Sale
26807769,3237 Timberview Rd,75229,Dallas,TX,32.88409,-96.86772,549999,256.0,,525900.0,3800.0,3.0,3.0,2145.0,1962.0,10018.8,singleFamily,5,418000.0,2025,https://www.zillow.com,https://photos.zillowstatic.com/fp/7fa711600845852849a15af6edb82462-p_c.jpg,2026-08-10 09:16,For Sale
26819521,10434 Castlerock Dr,75217,Dallas,TX,32.740562,-96.64452,230000,132.0,-25000.0,227100.0,1715.0,4.0,2.0,1737.0,1967.0,7579.44,singleFamily,38,266360.0,2025,https://www.zillow.com,https://photos.zillowstatic.com/fp/07646d7399bb8a981c35c36dd99a697e-p_c.jpg,2026-08-10 09:16,For Sale
26848535,14126 Brookridge Cir,75254,Dallas,TX,32.941216,-96.78431,1415000,245.0,-35000.0,1342700.0,7906.0,6.0,6.0,5786.0,1961.0,0.44599999999999995,singleFamily,52,1684060.0,2025,https://www.zillow.com,https://photos.zillowstatic.com/fp/911104f16abbbad9841a907b08bb5b64-p_c.jpg,2026-08-10 09:16,For Sale
26852644,8709 Forest Green Dr,75243,Dallas,TX,32.908855,-96.75277,400000,190.0,-9900.0,390200.0,2750.0,3.0,3.0,2103.0,1974.0,8755.56,singleFamily,51,360680.0,2025,https://www.zillow.com,https://photos.zillowstatic.com/fp/cfad2c479fa9378dc17fb3005555f701-p_c.jpg,2026-08-10 09:16,For Sale
26858865,11034 Ridgemeadow Dr,75218,Dallas,TX,32.858253,-96.69327,599000,268.0,,570000.0,3518.0,3.0,2.0,2234.0,1964.0,8886.24,singleFamily,12,580730.0,2025,https://www.zillow.com,https://photos.zillowstatic.com/fp/9cf68536a582ee3d678b71ef79a25206-p_c.jpg,2026-08-10 09:16,For Sale
26867067,9523 Highedge Dr,75238,Dallas,TX,32.875874,-96.72639,825000,275.0,,790900.0,3481.0,4.0,3.0,3005.0,1963.0,8755.56,singleFamily,88,753570.0,2025,https://www.zillow.com,https://photos.zillowstatic.com/fp/30fe6cbfda404e8babadb37974a14cce-p_c.jpg,2026-08-10 09:16,For Sale
83995110,9131 Cochran Bluff Ln,75220,Dallas,TX,32.863655,-96.84159,799000,224.0,-50000.0,791000.0,6513.0,4.0,4.0,3561.0,2007.0,6089.688,singleFamily,101,1001910.0,2025,https://www.zillow.com,https://photos.zillowstatic.com/fp/f56847586aebb653b9cefaa56e856053-p_c.jpg,2026-08-10 09:16,For Sale
67970799,14900 Lasater Rd Trailer 365,75253,Dallas,TX,32.67054,-96.613106,55000,42.0,,,1893.0,3.0,2.0,1300.0,1998.0,,manufactured,37,5160.0,2025,https://www.zillow.com,https://photos.zillowstatic.com/fp/5030b7015d2d4e961895947f902e1b76-p_c.jpg,2026-08-10 09:16,For Sale
248827887,6303 E Grand Ave,75223,Dallas,TX,32.798954,-96.74211,750000,223.0,-10000.0,,,6.0,3.0,3366.0,1947.0,9104.04,singleFamily,100,626330.0,2025,https://www.zillow.com,https://photos.zillowstatic.com/fp/19b901abfdb5190980968c4d104f09fa-p_c.jpg,2026-08-10 09:16,For Sale
26687077,2550 Eugene St,75215,Dallas,TX,32.758404,-96.76031,264900,187.0,,261000.0,2339.0,3.0,2.0,1416.0,2020.0,5706.36,singleFamily,14,245790.0,2025,https://www.zillow.com,https://photos.zillowstatic.com/fp/7b63e6024f7334fe021a8bb4f33c334e-p_c.jpg,2026-08-10 09:16,For Sale
26804209,5205 Royal Ln,75229,Dallas,TX,32.895317,-96.81789,3967000,597.0,,,,5.0,8.0,6647.0,1972.0,1.0,singleFamily,75,2210000.0,2025,https://www.zillow.com,https://photos.zillowstatic.com/fp/287986ed7c492dd54e73f5c8f68b497f-p_c.jpg,2026-08-10 09:16,For Sale
26814285,6632 Emhouse St,75232,Dallas,TX,32.66675,-96.82754,199000,112.0,,194800.0,2054.0,4.0,2.0,1783.0,1949.0,9931.68,singleFamily,23,162150.0,2025,https://www.zillow.com,https://photos.zillowstatic.com/fp/779826b93161997288261be771533c33-p_c.jpg,2026-08-10 09:16,For Sale
26741254,9317 Redondo Dr,75218,Dallas,TX,32.828907,-96.70247,1999999,414.0,-199999.0,1953000.0,7123.0,5.0,4.0,4831.0,2026.0,0.488,singleFamily,36,674600.0,2025,https://www.zillow.com,https://photos.zillowstatic.com/fp/9ad2781da56fbe5fbdef3fee4345850f-p_c.jpg,2026-08-10 09:16,For Sale
26760097,4425 Caruth Blvd,75225,Dallas,TX,32.85864,-96.81149,6400000,1015.0,,6080900.0,3456.0,5.0,7.0,6304.0,2026.0,8363.52,singleFamily,53,1396390.0,2025,https://www.zillow.com,https://photos.zillowstatic.com/fp/ba41962a03f27e6070cb0befd20a465f-p_c.jpg,2026-08-10 09:16,For Sale
26685376,514 S Glasgow Dr,75223,Dallas,TX,32.80263,-96.74768,850000,254.0,-45000.0,,,5.0,5.0,3350.0,2025.0,7248.384,singleFamily,111,387210.0,2025,https://www.zillow.com,https://photos.zillowstatic.com/fp/0720e2bc38a8336256d2286af7b527cd-p_c.jpg,2026-08-10 09:16,For Sale
26888478,10015 Chimney Hill Ln,75243,Dallas,TX,32.916225,-96.72445,524990,204.0,,511700.0,3927.0,4.0,3.0,2578.0,1979.0,8886.24,singleFamily,72,460000.0,2025,https://www.zillow.com,https://photos.zillowstatic.com/fp/117992e67b8bdbda7a3ebccbf1a20d44-p_c.jpg,2026-08-10 09:16,For Sale
26803466,12007 Quincy Ln,75230,Dallas,TX,32.912727,-96.81489,2850000,475.0,-50000.0,2768100.0,7979.0,5.0,8.0,5998.0,2025.0,0.37,singleFamily,150,1788170.0,2025,https://www.zillow.com,https://photos.zillowstatic.com/fp/287d6b73ae0cf5e7c44788f98cae909e-p_c.jpg,2026-08-10 09:16,For Sale
26736093,9122 Cochran Heights Dr,75220,Dallas,TX,32.86247,-96.84436,798000,251.0,-37000.0,777300.0,4270.0,3.0,3.0,3174.0,1984.0,5575.68,singleFamily,123,605000.0,2025,https://www.zillow.com,https://photos.zillowstatic.com/fp/cd931b17f2e135c8960c7a721d05a2c8-p_c.jpg,2026-08-10 09:16,For Sale
26748994,6050 Melody Ln APT 121,75231,Dallas,TX,32.86708,-96.76039,113000,100.0,-2000.0,,1765.0,2.0,2.0,1127.0,1979.0,8.072,singleFamily,69,131380.0,2025,https://www.zillow.com,https://photos.zillowstatic.com/fp/96ebf5d4858adfb01fe23b0ffa435d2b-p_c.jpg,2026-08-10 09:16,For Sale
26852406,13990 Far Hills Ln,75240,Dallas,TX,32.936928,-96.77097,500000,,,,,,,,1967.0,10018.8,land,6,454540.0,2025,https://www.zillow.com,https://photos.zillowstatic.com/fp/77431387dfbeccf2c98d116928a860f6-p_c.jpg,2026-08-10 09:16,For Sale
26717375,1114 N Windomere Ave,75208,Dallas,TX,32.757896,-96.843605,999900,478.0,,948800.0,4314.0,3.0,2.0,2093.0,1926.0,0.258,singleFamily,5,823600.0,2025,https://www.zillow.com,https://photos.zillowstatic.com/fp/dd0c9f033aa456a95b6bd5c6e5e3514b-p_c.jpg,2026-08-10 09:16,For Sale
2070166570,7937 Deer Trail Dr,75238,Dallas,TX,32.868435,-96.728035,660000,380.0,,,2772.0,3.0,2.0,1735.0,1955.0,7753.68,singleFamily,5,,,https://www.zillow.com,https://photos.zillowstatic.com/fp/5ce1d4bb1d2c5d47c2cfefbccaacdeb3-p_c.jpg,2026-08-10 09:16,For Sale
26935358,5981 Arapaho Rd APT 1304,75248,Dallas,TX,32.96166,-96.80781,219900,212.0,-10000.0,215700.0,1426.0,2.0,2.0,1038.0,1980.0,6.389,condo,18,225410.0,2025,https://www.zillow.com,https://photos.zillowstatic.com/fp/1dee118aed69cc8805365528c7575a50-p_c.jpg,2026-08-10 09:16,For Sale
53072144,5908 Fallsview Ln,75252,Dallas,TX,32.992977,-96.80649,949000,299.0,,906300.0,5755.0,4.0,3.0,3175.0,1985.0,7840.8,singleFamily,13,746442.0,2025,https://www.zillow.com,https://photos.zillowstatic.com/fp/f64ac8320d24c34fc202f7c293b7b531-p_c.jpg,2026-08-10 09:16,For Sale
26755976,6215 Norway Rd,75230,Dallas,TX,32.888897,-96.799446,4695000,682.0,-300000.0,4379800.0,8311.0,5.0,7.0,6886.0,2010.0,0.4373,singleFamily,139,3636920.0,2025,https://www.zillow.com,https://photos.zillowstatic.com/fp/5bc360334636b2ba310cf607e4a52c3a-p_c.jpg,2026-08-10 09:16,For Sale
26693981,6118 Belmont Ave,75214,Dallas,TX,32.816956,-96.76082,1450000,377.0,-49900.0,,,4.0,4.0,3848.0,2018.0,7492.32,singleFamily,66,1530620.0,2025,https://www.zillow.com,https://photos.zillowstatic.com/fp/a34909ce081dfd6a9abb80c2f2edeb0a-p_c.jpg,2026-08-10 09:16,For Sale
26822634,3250 Pacesetter Dr,75241,Dallas,TX,32.663242,-96.770805,199500,224.0,,,,3.0,2.0,890.0,1973.0,7492.32,singleFamily,3,195190.0,2025,https://www.zillow.com,https://photos.zillowstatic.com/fp/a1036efff5488f553c8965a29ada4b02-p_c.jpg,2026-08-10 09:16,For Sale
26839729,8069 Meadow Rd APT 216,75231,Dallas,TX,32.88831,-96.767525,189900,133.0,-10000.0,,2257.0,2.0,2.0,1433.0,1969.0,3.331,singleFamily,53,231320.0,2025,https://www.zillow.com,https://photos.zillowstatic.com/fp/7c730aa33635d54075618bf0573655dc-p_c.jpg,2026-08-10 09:16,For Sale
26899691,8109 Skillman St APT 3026,75231,Dallas,TX,32.89065,-96.72984,175000,145.0,-5000.0,171300.0,1845.0,3.0,2.0,1205.0,1981.0,3.915,condo,481,163510.0,2025,https://www.zillow.com,https://photos.zillowstatic.com/fp/983d98a605bf629b07fcb9726d3fe114-p_c.jpg,2026-08-10 09:16,For Sale
26877957,6759 La Grange Dr,75241,Dallas,TX,32.66139,-96.754295,124900,132.0,-5000.0,,1573.0,3.0,1.0,948.0,1963.0,9801.0,singleFamily,53,187610.0,2025,https://www.zillow.com,https://photos.zillowstatic.com/fp/c83b993dce3e720d9c678d51b72681bb-p_c.jpg,2026-08-10 09:16,For Sale
26848568,13216 Hillcrest Rd,75240,Dallas,TX,32.92971,-96.785706,1170000,264.0,-50000.0,1116100.0,7312.0,7.0,7.0,4425.0,1981.0,0.5670000000000001,singleFamily,102,955730.0,2025,https://www.zillow.com,https://photos.zillowstatic.com/fp/9156e0f4eb756164ed8f64fc4213abb7-p_c.jpg,2026-08-10 09:16,For Sale
26710807,1228 Haines Ave,75208,Dallas,TX,32.758595,-96.82747,791500,368.0,-1500.0,,,3.0,3.0,2150.0,2023.0,4530.24,singleFamily,122,735000.0,2025,https://www.zillow.com,https://photos.zillowstatic.com/fp/a15f3bb37a880cc2db48065f51682010-p_c.jpg,2026-08-10 09:16,For Sale
26690351,5645 Vickery Blvd,75206,Dallas,TX,32.822723,-96.77035,1699000,526.0,,,,4.0,3.0,3227.0,2014.0,8494.2,singleFamily,74,1543690.0,2025,https://www.zillow.com,https://photos.zillowstatic.com/fp/50e430cd8ed92e68b18439d9b3c01a46-p_c.jpg,2026-08-10 09:16,For Sale
26905140,4720 Urban Ave,75227,Dallas,TX,32.77895,-96.69594,300000,160.0,,,,3.0,3.0,1870.0,1999.0,6403.32,singleFamily,25,283420.0,2025,https://www.zillow.com,https://photos.zillowstatic.com/fp/3d91ae44bac26ff337b082c14c37238f-p_c.jpg,2026-08-10 09:16,For Sale
27305973,3610 Rodale Way,75287,Dallas,TX,33.003693,-96.851685,425000,274.0,,416300.0,2430.0,3.0,2.0,1553.0,1998.0,6098.4,singleFamily,3,446890.0,2025,https://www.zillow.com,https://photos.zillowstatic.com/fp/06123441faa53f876279ef323375520a-p_c.jpg,2026-08-10 09:16,For Sale
26751108,7329 Edgerton Dr,75231,Dallas,TX,32.857544,-96.73505,585000,292.0,-5000.0,576700.0,3266.0,4.0,3.0,2006.0,1960.0,7766.748,singleFamily,143,566090.0,2025,https://www.zillow.com,https://photos.zillowstatic.com/fp/a8746595e435f258fa3ac003af6247c7-p_c.jpg,2026-08-10 09:16,For Sale
26787202,346 Classen Dr,75218,Dallas,TX,32.85826,-96.706924,599000,371.0,-26000.0,586000.0,3700.0,4.0,2.0,1614.0,1952.0,10454.4,singleFamily,32,629120.0,2025,https://www.zillow.com,https://photos.zillowstatic.com/fp/cdcb3390d2518e57f27b0b4440e62e3a-p_c.jpg,2026-08-10 09:16,For Sale
336886774,1747 Leonard St Suite 2601,75201,Dallas,TX,32.78981,-96.79704,17500000,2276.0,,,,4.0,6.0,7688.0,2025.0,0.8300000000000001,condo,495,6334910.0,2025,https://www.zillow.com,https://photos.zillowstatic.com/fp/d7655d47504514c98f614924aa534bc7-p_c.jpg,2026-08-10 09:16,For Sale
26865492,10647 Chesterton Dr,75238,Dallas,TX,32.881405,-96.700714,565000,292.0,-10000.0,,,4.0,2.0,1937.0,1960.0,9888.12,singleFamily,30,490010.0,2025,https://www.zillow.com,https://photos.zillowstatic.com/fp/934eb114dd9c2ade21e8b3b776ca402a-p_c.jpg,2026-08-10 09:16,For Sale
26833357,3610 Vilbig Rd,75212,Dallas,TX,32.786633,-96.84756,426500,181.0,-12500.0,421900.0,3110.0,4.0,3.0,2353.0,2020.0,7840.8,singleFamily,53,570300.0,2025,https://www.zillow.com,https://photos.zillowstatic.com/fp/7f63041710c660cb2a816fb2347570b7-p_c.jpg,2026-08-10 09:16,For Sale
89227722,5205 Capitol Ave Unit 9,75206,Dallas,TX,32.81432,-96.779564,529992,260.0,-10007.0,524100.0,4332.0,2.0,3.0,2042.0,2007.0,0.459,condo,178,541130.0,2025,https://www.zillow.com,https://photos.zillowstatic.com/fp/5c47bd7913f19a2c38f8bfe9bc89818e-p_c.jpg,2026-08-10 09:16,For Sale
26685911,5720 Tremont St,75214,Dallas,TX,32.80491,-96.75674,549000,357.0,-16000.0,530600.0,2555.0,2.0,2.0,1538.0,1921.0,9365.4,singleFamily,37,495000.0,2025,https://www.zillow.com,https://photos.zillowstatic.com/fp/b339d27be3280f7b9eeeda1cc787f6bd-p_c.jpg,2026-08-10 09:16,For Sale
26864100,11480 Audelia Rd #238,75243,Dallas,TX,32.905064,-96.71589,133500,108.0,,126800.0,1786.0,3.0,2.0,1237.0,1980.0,9.993,condo,20,143250.0,2025,https://www.zillow.com,https://photos.zillowstatic.com/fp/8fb7df723f39c10f99c5486df6ea57cb-p_c.jpg,2026-08-10 09:16,For Sale
26896925,2210 Ben Hur St,75253,Dallas,TX,32.676193,-96.61515,115000,106.0,,,1532.0,3.0,1.0,1080.0,1950.0,7409.556,singleFamily,31,194790.0,2025,https://www.zillow.com,https://photos.zillowstatic.com/fp/eccd4c2dba13c1f6b11d5b877097c4f6-p_c.jpg,2026-08-10 09:16,For Sale
26880039,4246 Rosser Sq,75244,Dallas,TX,32.920666,-96.844795,380000,309.0,,366500.0,2392.0,2.0,2.0,1229.0,1981.0,3833.28,singleFamily,2,307740.0,2025,https://www.zillow.com,https://photos.zillowstatic.com/fp/9a75967fcbca97b2460b164fcfd3765d-p_c.jpg,2026-08-10 09:16,For Sale
26877046,5915 Copperwood Ln #1141,75248,Dallas,TX,32.965275,-96.806435,179000,119.0,-10000.0,180100.0,2044.0,2.0,3.0,1501.0,1968.0,11.051,condo,150,279150.0,2025,https://www.zillow.com,https://photos.zillowstatic.com/fp/bc9da94e530b4b3447dc3594ba848a2c-p_c.jpg,2026-08-10 09:16,For Sale
26747623,6147 E University Blvd,75214,Dallas,TX,32.847153,-96.7587,920000,309.0,,880300.0,5866.0,4.0,3.0,2982.0,1961.0,10367.28,singleFamily,9,853340.0,2025,https://www.zillow.com,https://photos.zillowstatic.com/fp/ff7a5f48ab57ac6bacd1b5e003f4498a-p_c.jpg,2026-08-10 09:16,For Sale
26792031,2946 Darby Dr,75227,Dallas,TX,32.761925,-96.67133,319000,158.0,,311900.0,1975.0,5.0,3.0,2019.0,1948.0,9713.88,singleFamily,8,175570.0,2025,https://www.zillow.com,https://photos.zillowstatic.com/fp/840a0dc3538cc099fb51432870df3500-p_c.jpg,2026-08-10 09:16,For Sale
336884824,9921 Kingsway Ave,75230,Dallas,TX,32.884434,-96.7745,2749000,661.0,,,2137.0,4.0,5.0,4158.0,2026.0,6185.52,singleFamily,3,340000.0,2025,https://www.zillow.com,https://photos.zillowstatic.com/fp/712b7521691118e3a570091a6dcb093f-p_c.jpg,2026-08-10 09:16,For Sale
26837932,7530 Yamini Dr,75230,Dallas,TX,32.902946,-96.777054,2299999,474.0,-39001.0,2196300.0,7606.0,4.0,5.0,4848.0,2001.0,0.374,singleFamily,135,1761000.0,2025,https://www.zillow.com,https://photos.zillowstatic.com/fp/5193709c5b9f43e8a69ca2d670849b12-p_c.jpg,2026-08-10 09:16,For Sale
26699726,2415 Bethurum Ave,75215,Dallas,TX,32.744957,-96.754875,171500,172.0,-500.0,,,3.0,2.0,1000.0,1921.0,4878.72,singleFamily,151,121080.0,2025,https://www.zillow.com,https://photos.zillowstatic.com/fp/205bdb374cc877f4d35fb6a15ddd6c4d-p_c.jpg,2026-08-10 09:16,For Sale
67961432,3516 Hamilton Ave,75210,Dallas,TX,32.77102,-96.755035,173500,145.0,-8920.0,,1575.0,3.0,2.0,1195.0,1942.0,6098.4,singleFamily,31,184280.0,2025,https://www.zillow.com,https://photos.zillowstatic.com/fp/f522f084ae92acda35e4214051516882-p_c.jpg,2026-08-10 09:16,For Sale
26681824,3883 Turtle Creek Blvd APT 404,75219,Dallas,TX,32.815575,-96.79938,265000,259.0,,257400.0,2206.0,2.0,2.0,1023.0,1963.0,3.159,condo,23,276210.0,2025,https://www.zillow.com,https://photos.zillowstatic.com/fp/66ae01d10fed71849536f93d737fe1c2-p_c.jpg,2026-08-10 09:16,For Sale
26737457,3807 Falls Dr,75211,Dallas,TX,32.72671,-96.882385,265000,245.0,-4900.0,257800.0,2058.0,3.0,2.0,1083.0,1933.0,7710.12,singleFamily,14,266270.0,2025,https://www.zillow.com,https://photos.zillowstatic.com/fp/e1ff02e1f309c4fa7f92bd4f7834b5c6-p_c.jpg,2026-08-10 09:16,For Sale
89397927,1001 Belleview St #101,75215,Dallas,TX,32.76905,-96.79501,325000,322.0,,316000.0,2210.0,1.0,2.0,1010.0,2007.0,0.9430000000000001,condo,33,323200.0,2025,https://www.zillow.com,https://photos.zillowstatic.com/fp/36ec34df03c03a85e65d150ae2987b85-p_c.jpg,2026-08-10 09:16,For Sale
2118737546,8619 Edgemere Rd APT C,75225,Dallas,TX,32.867054,-96.795784,317500,204.0,,300600.0,3066.0,2.0,2.0,1556.0,1958.0,1.041,condo,9,,,https://www.zillow.com,https://photos.zillowstatic.com/fp/d754e06b8700868da1547fa4bf591098-p_c.jpg,2026-08-10 09:16,For Sale
26813522,3615 High Mesa Dr,75234,Dallas,TX,32.91423,-96.85799,425000,283.0,,,,3.0,2.0,1504.0,1962.0,7448.76,singleFamily,8,316060.0,2025,https://www.zillow.com,https://photos.zillowstatic.com/fp/6e728b1c2666f6066e64b26b8cc07060-p_c.jpg,2026-08-10 09:16,For Sale
80218208,1200 Main St APT 1607,75202,Dallas,TX,32.77981,-96.80127,245000,278.0,,241200.0,2169.0,1.0,1.0,880.0,1974.0,1.0331,condo,1,308000.0,2025,https://www.zillow.com,https://photos.zillowstatic.com/fp/892aca7def5386c5827542e102e71ef0-p_c.jpg,2026-08-10 09:16,For Sale
26890260,10126 Bridgegate Ct,75243,Dallas,TX,32.911427,-96.712555,625000,218.0,,601300.0,4308.0,3.0,3.0,2861.0,1979.0,0.44300000000000006,singleFamily,1,548730.0,2025,https://www.zillow.com,https://photos.zillowstatic.com/fp/65236d217bd0204c6a5c8c0b9017e0f3-p_c.jpg,2026-08-10 09:16,For Sale
55827313,2011 Cedar Springs Rd APT 606,75201,Dallas,TX,32.791203,-96.80547,2750000,591.0,-100000.0,2579500.0,7467.0,2.0,3.0,4655.0,1999.0,0.981,condo,205,2630080.0,2025,https://www.zillow.com,https://photos.zillowstatic.com/fp/4b32446b54d460499210c02631c189bd-p_c.jpg,2026-08-10 09:16,For Sale
26879909,3883 Antigua Cir,75244,Dallas,TX,32.92041,-96.84846,845000,263.0,,,,4.0,3.0,3216.0,1968.0,0.36,singleFamily,37,435070.0,2025,https://www.zillow.com,https://photos.zillowstatic.com/fp/216ee4acf4571949a8548f61113a6335-p_c.jpg,2026-08-10 09:16,For Sale
96515449,333 N Moore St,75203,Dallas,TX,32.7525,-96.804146,485000,265.0,,,3208.0,3.0,3.0,1830.0,2026.0,2439.36,singleFamily,11,80750.0,2025,https://www.zillow.com,https://photos.zillowstatic.com/fp/cae2e21a9787fe852235fd17dd61f6b5-p_c.jpg,2026-08-10 09:16,For Sale
26824554,6431 Rock Canyon Trl,75232,Dallas,TX,32.670288,-96.839554,299000,156.0,,292300.0,2573.0,4.0,3.0,1916.0,1967.0,0.3615,singleFamily,16,331920.0,2025,https://www.zillow.com,https://photos.zillowstatic.com/fp/bf3a18cf81355e214412e724402ee162-p_c.jpg,2026-08-10 09:16,For Sale
339377551,1852 Mecca St,75206,Dallas,TX,32.812443,-96.7625,959000,342.0,,945600.0,7200.0,4.0,4.0,2806.0,2023.0,1398.276,singleFamily,23,838000.0,2025,https://www.zillow.com,https://photos.zillowstatic.com/fp/0776b6582d11ed2333fb02a01598675d-p_c.jpg,2026-08-10 09:16,For Sale
2070562948,10921 Beauty Ln,75229,Dallas,TX,32.897194,-96.86486,1850000,367.0,-50000.0,1805800.0,7379.0,4.0,6.0,5041.0,2026.0,0.283,singleFamily,44,,,https://www.zillow.com,https://photos.zillowstatic.com/fp/a7df57f9d9fa5f1026835cb78319ea1e-p_c.jpg,2026-08-10 09:16,For Sale
26876018,16902 Davenport Ct,75248,Dallas,TX,32.979614,-96.79604,500000,234.0,-15000.0,,,3.0,2.0,2134.0,1978.0,6751.8,singleFamily,56,502920.0,2025,https://www.zillow.com,https://photos.zillowstatic.com/fp/ed5059751490dd8e0aae1ef8b4a59d64-p_c.jpg,2026-08-10 09:16,For Sale
26766009,3129 Marjorie Ave,75216,Dallas,TX,32.703205,-96.76807,175000,130.0,-10000.0,,1792.0,3.0,2.0,1347.0,1953.0,7579.44,singleFamily,13,199950.0,2025,https://www.zillow.com,https://photos.zillowstatic.com/fp/dcab3776e68d9cb72ce21f765face059-p_c.jpg,2026-08-10 09:16,For Sale
26752375,7276 Lupton Cir,75225,Dallas,TX,32.876987,-96.78106,2450000,448.0,,2376900.0,9878.0,4.0,6.0,5469.0,1974.0,0.529,singleFamily,11,1998430.0,2025,https://www.zillow.com,https://photos.zillowstatic.com/fp/bcf7904239dc152c7c88f85a2103e244-p_c.jpg,2026-08-10 09:16,For Sale
336887045,1507 N Garrett Ave Suite 201,75206,Dallas,TX,32.80658,-96.7727,389900,275.0,-10000.0,381700.0,2834.0,2.0,3.0,1416.0,2020.0,0.27299999999999996,condo,101,437000.0,2025,https://www.zillow.com,https://photos.zillowstatic.com/fp/165b2fe562c8a5cdca0ac186943ca33d-p_c.jpg,2026-08-10 09:16,For Sale
26769792,1710 Western Park Dr,75211,Dallas,TX,32.72682,-96.89775,300000,172.0,-19900.0,,,3.0,2.0,1741.0,1965.0,7579.44,singleFamily,92,340000.0,2025,https://www.zillow.com,https://photos.zillowstatic.com/fp/98a82fabb594fbd29ce4f0a9610184ea-p_c.jpg,2026-08-10 09:16,For Sale
26610131,7306 Highland Glen Trl,75248,Dallas,TX,32.98711,-96.781235,499000,248.0,,481600.0,2820.0,3.0,3.0,2009.0,1981.0,6534.0,singleFamily,38,562261.0,2025,https://www.zillow.com,https://photos.zillowstatic.com/fp/c0a9962b732a37422d570b03eb50e06d-p_c.jpg,2026-08-10 09:16,For Sale
26749361,6418 Axton Ln,75214,Dallas,TX,32.84543,-96.75202,610000,389.0,-15000.0,591400.0,3198.0,2.0,2.0,1568.0,1953.0,7405.2,singleFamily,35,623740.0,2025,https://www.zillow.com,https://photos.zillowstatic.com/fp/beb34e931bd6f9a2133e3f96ba5a4cec-p_c.jpg,2026-08-10 09:16,For Sale
26840682,2332 Hartline Dr,75228,Dallas,TX,32.829712,-96.67714,300000,207.0,,,,3.0,4.0,1451.0,1954.0,7187.4,singleFamily,5,298000.0,2025,https://www.zillow.com,https://photos.zillowstatic.com/fp/7a58455a60cc013f7dae20f04a15d72a-p_c.jpg,2026-08-10 09:16,For Sale
26874725,7881 La Cabeza Dr,75248,Dallas,TX,32.971146,-96.76922,725000,341.0,-10000.0,710300.0,3277.0,4.0,2.0,2123.0,1968.0,0.338,singleFamily,93,457990.0,2025,https://www.zillow.com,https://photos.zillowstatic.com/fp/5032e60e0b7156ff475ebc359c22879f-p_c.jpg,2026-08-10 09:16,For Sale
26709098,629 Melba St,75208,Dallas,TX,32.74748,-96.83343,340000,225.0,,327000.0,2248.0,3.0,1.0,1513.0,1920.0,5575.68,singleFamily,21,399370.0,2025,https://www.zillow.com,https://photos.zillowstatic.com/fp/54dd873ad6d1e52fa68a7135b9af4ba7-p_c.jpg,2026-08-10 09:16,For Sale
67965365,3225 Turtle Creek Blvd APT 1040,75219,Dallas,TX,32.806835,-96.80463,200000,372.0,,198500.0,1153.0,1.0,1.0,538.0,1998.0,3.536,condo,4,209820.0,2025,https://www.zillow.com,https://photos.zillowstatic.com/fp/f2e764f788d2371322e5143f3f359123-p_c.jpg,2026-08-10 09:16,For Sale
26785413,5737 Everglade Rd,75227,Dallas,TX,32.785686,-96.702965,409000,207.0,,403500.0,2580.0,4.0,2.0,1978.0,1968.0,8799.12,singleFamily,15,290000.0,2025,https://www.zillow.com,https://photos.zillowstatic.com/fp/d719f819c807959032dd1fcc6a4c47b9-p_c.jpg,2026-08-10 09:16,For Sale
26608895,4055 Seabury Dr,75287,Dallas,TX,33.000923,-96.84105,480000,213.0,,468100.0,3476.0,4.0,2.0,2255.0,1986.0,7840.8,singleFamily,64,509921.0,2025,https://www.zillow.com,https://photos.zillowstatic.com/fp/203ea84d7db33a47a10bc7ef1813cfc1-p_c.jpg,2026-08-10 09:16,For Sale
26775192,4215 Elk Horn Trl,75216,Dallas,TX,32.692493,-96.82023,199900,157.0,-35000.0,197800.0,1916.0,3.0,2.0,1272.0,1960.0,7143.84,singleFamily,136,211870.0,2025,https://www.zillow.com,https://photos.zillowstatic.com/fp/30635b46fd9b79ace5b7de56ac4e9f0a-p_c.jpg,2026-08-10 09:16,For Sale
26686496,3523 Edgewood St,75215,Dallas,TX,32.760727,-96.76876,120000,100.0,,,,4.0,3.0,1200.0,1935.0,5662.8,singleFamily,63,119860.0,2025,https://www.zillow.com,https://photos.zillowstatic.com/fp/366167a2e259473402d82a8317cd91dc-p_c.jpg,2026-08-10 09:16,For Sale
26837674,2310 Costa Mesa Dr,75228,Dallas,TX,32.853058,-96.672325,287980,187.0,,276600.0,2184.0,3.0,1.0,1540.0,1953.0,7666.56,singleFamily,41,282130.0,2025,https://www.zillow.com,https://photos.zillowstatic.com/fp/8db35d1110905113d6ec2c92922a47d0-p_c.jpg,2026-08-10 09:16,For Sale
26872504,6740 Orangewood Dr,75248,Dallas,TX,32.957245,-96.793,899500,371.0,,,,3.0,3.0,2422.0,1970.0,9888.12,singleFamily,11,533340.0,2025,https://www.zillow.com,https://photos.zillowstatic.com/fp/e60c707161a482b8b87f80849b60f5c7-p_c.jpg,2026-08-10 09:16,For Sale
26693674,6331 Lakeshore Dr,75214,Dallas,TX,32.81938,-96.7547,1260000,300.0,-15000.0,1220900.0,7687.0,4.0,5.0,4198.0,2007.0,7492.32,singleFamily,100,1350000.0,2025,https://www.zillow.com,https://photos.zillowstatic.com/fp/17bf88faec6677abdf9957cdeafd5593-p_c.jpg,2026-08-10 09:16,For Sale
26738608,7152 Fair Oaks Ave APT 1122,75231,Dallas,TX,32.872566,-96.7574,119000,123.0,-6490.0,,1464.0,3.0,2.0,964.0,1975.0,8.74,condo,30,105000.0,2025,https://www.zillow.com,https://photos.zillowstatic.com/fp/183348bdae7faa85fb9efdacdbe3323d-p_c.jpg,2026-08-10 09:16,For Sale
26755657,6739 Glendora Ave,75230,Dallas,TX,32.885498,-96.78841,2600000,500.0,,,,5.0,6.0,5204.0,2003.0,0.344,singleFamily,5,2962110.0,2025,https://www.zillow.com,https://photos.zillowstatic.com/fp/2626925c1aa9ff526cce872be0a3924a-p_c.jpg,2026-08-10 09:16,For Sale
456952495,4902 Worth St,75214,Dallas,TX,32.79852,-96.767166,1799000,296.0,,1636700.0,1515.0,11.0,15.0,6072.0,1930.0,9975.24,multiFamily,83,939660.0,2025,https://www.zillow.com,https://photos.zillowstatic.com/fp/b8032c9dfa9557492fca9bf3b4423c32-p_c.jpg,2026-08-10 09:16,For Sale
26866351,8110 Skillman St APT 2019,75231,Dallas,TX,32.89035,-96.72856,65000,114.0,,,1117.0,1.0,1.0,569.0,1980.0,7.875,condo,2,72410.0,2025,https://www.zillow.com,https://photos.zillowstatic.com/fp/350eaa346cb9e0e0cae65ed5ffb0cd7c-p_c.jpg,2026-08-10 09:16,For Sale
26678874,5319 Alton Ave,75214,Dallas,TX,32.79777,-96.75755,399000,233.0,,381700.0,3347.0,3.0,2.0,1716.0,1914.0,7797.24,singleFamily,16,400000.0,2025,https://www.zillow.com,https://photos.zillowstatic.com/fp/b7b3e88d70b0393ca8227999657ed41a-p_c.jpg,2026-08-10 09:16,For Sale
26837455,11116 Westmere Cir,75230,Dallas,TX,32.899246,-96.79108,3250000,901.0,-300000.0,3042400.0,7927.0,3.0,4.0,3608.0,1958.0,0.6985,singleFamily,89,2351940.0,2025,https://www.zillow.com,https://photos.zillowstatic.com/fp/89e0efb183668a41a19cfadfdc8b2d20-p_c.jpg,2026-08-10 09:16,For Sale
26741471,1439 Tranquilla Dr,75218,Dallas,TX,32.831036,-96.694984,1600000,480.0,,1529300.0,6996.0,4.0,4.0,3334.0,2008.0,0.48700000000000004,singleFamily,34,1959080.0,2025,https://www.zillow.com,https://photos.zillowstatic.com/fp/95b2be9027d9ab5a31495fb5d0a9ac35-p_c.jpg,2026-08-10 09:16,For Sale
26694823,5712 Mercedes Ave,75206,Dallas,TX,32.827705,-96.76949,915000,517.0,,,,2.0,2.0,1771.0,1940.0,6751.8,singleFamily,23,716840.0,2025,https://www.zillow.com,https://photos.zillowstatic.com/fp/7713d40e3fe42cb59228d7e7d1928b84-p_c.jpg,2026-08-10 09:16,For Sale
96530276,1906 Euclid Ave Unit C,75206,Dallas,TX,32.81359,-96.7732,735000,286.0,-14999.0,,,2.0,3.0,2573.0,2008.0,8276.4,condo,13,604660.0,2025,https://www.zillow.com,https://photos.zillowstatic.com/fp/974a4b4e40ff6259b43080fb6fda2d7a-p_c.jpg,2026-08-10 09:16,For Sale
457482775,917 S Carroll Ave,75223,Dallas,TX,32.78605,-96.76156,600000,205.0,-25000.0,597200.0,4420.0,4.0,5.0,2921.0,2025.0,6708.24,singleFamily,59,,,https://www.zillow.com,https://photos.zillowstatic.com/fp/0cd627787fd73c7c3c47073fd06f2ace-p_c.jpg,2026-08-10 09:16,For Sale
26866117,9506 Milltrail Dr,75238,Dallas,TX,32.891422,-96.724434,925000,290.0,-14000.0,891900.0,3789.0,4.0,3.0,3189.0,1974.0,10628.64,singleFamily,16,677480.0,2025,https://www.zillow.com,https://photos.zillowstatic.com/fp/5315f84d5399ff321dfa5d60fb1f4222-p_c.jpg,2026-08-10 09:16,For Sale
55825927,802 Haines Ave,75208,Dallas,TX,32.752388,-96.82884,1064000,296.0,-25000.0,1037400.0,4573.0,4.0,3.0,3596.0,1918.0,7274.52,singleFamily,71,754360.0,2025,https://www.zillow.com,https://photos.zillowstatic.com/fp/9f2fb0e81cb3a51669767ffe519b58ec-p_c.jpg,2026-08-10 09:16,For Sale
26856703,2532 Plaza Blvd,75241,Dallas,TX,32.653976,-96.780396,349000,243.0,-21000.0,344400.0,2117.0,3.0,2.0,1434.0,2000.0,0.848,singleFamily,37,285680.0,2025,https://www.zillow.com,https://photos.zillowstatic.com/fp/e070c5a4ec00a791468f379346ad310e-p_c.jpg,2026-08-10 09:16,For Sale
26712700,919 N Clinton Ave,75208,Dallas,TX,32.75461,-96.841835,539000,410.0,-10900.0,529100.0,2701.0,2.0,2.0,1316.0,1921.0,7405.2,singleFamily,115,523670.0,2025,https://www.zillow.com,https://photos.zillowstatic.com/fp/4a0bc39ccf1d5e2d50b65f2c67bea285-p_c.jpg,2026-08-10 09:16,For Sale
26713546,606 W Pembroke Ave,75208,Dallas,TX,32.73799,-96.83242,390000,179.0,-15000.0,,,6.0,4.0,2177.0,1923.0,7640.424,singleFamily,149,283810.0,2025,https://www.zillow.com,https://photos.zillowstatic.com/fp/d04ad9562237408d9af160404b647acc-p_c.jpg,2026-08-10 09:16,For Sale
26898250,4139 Travis St,75204,Dallas,TX,32.816315,-96.79437,879000,421.0,,,,2.0,3.0,2089.0,1996.0,1698.84,townhome,2,652750.0,2025,https://www.zillow.com,https://photos.zillowstatic.com/fp/cf7309bcff25dde1231c0a943feb9e9b-p_c.jpg,2026-08-10 09:16,For Sale
26872005,7108 Hunters Ridge Dr,75248,Dallas,TX,32.955997,-96.78641,899000,263.0,-26000.0,,,4.0,4.0,3415.0,1972.0,0.306,singleFamily,121,699380.0,2025,https://www.zillow.com,https://photos.zillowstatic.com/fp/b271d6e40159e00754148e1414749a1e-p_c.jpg,2026-08-10 09:16,For Sale
60347644,4034 Rawlins St APT 207,75219,Dallas,TX,32.814045,-96.80962,365000,326.0,-5000.0,353400.0,2301.0,2.0,3.0,1119.0,1984.0,0.41,condo,94,324510.0,2025,https://www.zillow.com,https://photos.zillowstatic.com/fp/ef5a31e0b16cffd77056a788b7820e4a-p_c.jpg,2026-08-10 09:16,For Sale
26863163,5711 Margewood Dr,75236,Dallas,TX,32.70186,-96.92134,190000,153.0,-10000.0,,2026.0,3.0,1.0,1240.0,1956.0,0.304,singleFamily,46,264830.0,2025,https://www.zillow.com,https://photos.zillowstatic.com/fp/6bf8eab054882b9e46751a0032e2c1a0-p_c.jpg,2026-08-10 09:16,For Sale
26734433,4252 S Cresthaven Rd,75209,Dallas,TX,32.849632,-96.83716,385000,392.0,,,1951.0,3.0,1.0,981.0,1943.0,7840.8,singleFamily,10,284000.0,2021,https://www.zillow.com,https://photos.zillowstatic.com/fp/557bf6830d3f58b75006c2d787aaec6c-p_c.jpg,2026-08-10 09:16,For Sale
26899191,3901 Turtle Creek Blvd #7,75219,Dallas,TX,32.816788,-96.79974,8900000,1310.0,,,,3.0,6.0,6792.0,1997.0,7535.88,singleFamily,111,3145000.0,2025,https://www.zillow.com,https://photos.zillowstatic.com/fp/da8210692bd7a70faad4b9c3fc7bf180-p_c.jpg,2026-08-10 09:16,For Sale
26809953,3672 Mid Pines Dr,75229,Dallas,TX,32.90698,-96.85665,699000,325.0,-26000.0,680400.0,3347.0,4.0,3.0,2148.0,1959.0,0.36,singleFamily,52,593540.0,2025,https://www.zillow.com,https://photos.zillowstatic.com/fp/6ff66f2494c09d19ac94e4e6d314d5ec-p_c.jpg,2026-08-10 09:16,For Sale
26689678,5938 Llano Ave,75206,Dallas,TX,32.82173,-96.764175,650000,376.0,,,,3.0,2.0,1727.0,1925.0,7579.44,singleFamily,24,570890.0,2025,https://www.zillow.com,https://photos.zillowstatic.com/fp/109d45a1ec128a8996f6b26894516976-p_c.jpg,2026-08-10 09:16,For Sale
54012951,3609 White River Dr,75287,Dallas,TX,33.0034,-96.85203,610000,211.0,,595500.0,4282.0,4.0,3.0,2892.0,1998.0,7927.92,singleFamily,2,556154.0,2025,https://www.zillow.com,https://photos.zillowstatic.com/fp/da9b71ea6ff7cabf715065d39a55ba18-p_c.jpg,2026-08-10 09:16,For Sale
26874944,15816 El Estado Dr,75248,Dallas,TX,32.96416,-96.77137,467000,144.0,,461200.0,1948.0,6.0,4.0,3244.0,1969.0,9191.16,multiFamily,11,516730.0,2025,https://www.zillow.com,https://photos.zillowstatic.com/fp/4ea3718e60cd48bd27b3ea3272609768-p_c.jpg,2026-08-10 09:16,For Sale
26843610,8930 Liptonshire Dr,75238,Dallas,TX,32.87037,-96.70458,1589000,366.0,,1555000.0,3779.0,5.0,4.0,4337.0,2026.0,7683.984,singleFamily,17,495010.0,2025,https://www.zillow.com,https://photos.zillowstatic.com/fp/4f33994696d81cacabaf6ab6d8f2618b-p_c.jpg,2026-08-10 09:16,For Sale
26773954,827 Oak Forest Dr,75232,Dallas,TX,32.69089,-96.83544,259000,186.0,,253600.0,2021.0,3.0,2.0,1393.0,1958.0,7535.88,singleFamily,3,248080.0,2025,https://www.zillow.com,https://photos.zillowstatic.com/fp/621872997478895850c56ab1f2bae193-p_c.jpg,2026-08-10 09:16,For Sale
26751611,8727 Fawn Dr,75238,Dallas,TX,32.86497,-96.73034,799900,418.0,,765000.0,3343.0,3.0,2.0,1912.0,1956.0,7797.24,singleFamily,5,638960.0,2025,https://www.zillow.com,https://photos.zillowstatic.com/fp/0ec29e24db28619f70294616884d1006-p_c.jpg,2026-08-10 09:16,For Sale
26870526,14015 Highmark Sq,75254,Dallas,TX,32.939445,-96.80321,585000,227.0,-15000.0,573500.0,4358.0,3.0,3.0,2575.0,1980.0,6795.36,singleFamily,87,673310.0,2025,https://www.zillow.com,https://photos.zillowstatic.com/fp/4090b396b0eb06e646074b386208bb45-p_c.jpg,2026-08-10 09:16,For Sale
26747114,936 N Buckner Blvd,75218,Dallas,TX,32.84233,-96.70816,450000,316.0,-25000.0,,,2.0,2.0,1422.0,1950.0,10410.84,singleFamily,136,433820.0,2025,https://www.zillow.com,https://photos.zillowstatic.com/fp/b49c9dc176f72e881d698fbf8a76b59e-p_c.jpg,2026-08-10 09:16,For Sale
2060201506,8106 Emsworth Dr,75231,Dallas,TX,32.891563,-96.76447,565000,321.0,-2500.0,554000.0,3246.0,3.0,3.0,1760.0,2022.0,1611.72,singleFamily,57,540000.0,2025,https://www.zillow.com,https://photos.zillowstatic.com/fp/1df1a1999170ab7f820c82f5258cdd73-p_c.jpg,2026-08-10 09:16,For Sale
26691115,2515 Southland St,75215,Dallas,TX,32.753834,-96.75776,515500,255.0,,509600.0,3286.0,4.0,3.0,2020.0,2025.0,7666.56,singleFamily,100,76500.0,2025,https://www.zillow.com,https://photos.zillowstatic.com/fp/7b912645228619ef708d18e38ba0642e-p_c.jpg,2026-08-10 09:16,For Sale
26930024,3310 Fairmount St APT 16B,75201,Dallas,TX,32.801342,-96.808525,550000,303.0,,520900.0,3240.0,2.0,2.0,1813.0,1964.0,2.39,condo,18,571100.0,2025,https://www.zillow.com,https://photos.zillowstatic.com/fp/765283f55ba506ac9e4134faee788826-p_c.jpg,2026-08-10 09:16,For Sale
162813533,645 Kessler Reserve Ct,75208,Dallas,TX,32.756145,-96.833405,1795000,426.0,-80000.0,1742600.0,5536.0,4.0,4.0,4213.0,2015.0,0.34900000000000003,singleFamily,135,1702900.0,2025,https://www.zillow.com,https://photos.zillowstatic.com/fp/21f22f8b9c5cfd50ed8d159a132e2771-p_c.jpg,2026-08-10 09:16,For Sale
26704085,5638 Anita St,75206,Dallas,TX,32.834373,-96.77059,1150000,346.0,,,,3.0,4.0,3326.0,2022.0,4094.64,singleFamily,10,1070500.0,2025,https://www.zillow.com,https://photos.zillowstatic.com/fp/02e2927c09a30e96388e16991c423633-p_c.jpg,2026-08-10 09:16,For Sale
26828018,4651 Timber Wood Dr,75211,Dallas,TX,32.72014,-96.89836,329900,154.0,,320500.0,2056.0,5.0,4.0,2144.0,1963.0,8973.36,singleFamily,5,237090.0,2025,https://www.zillow.com,https://photos.zillowstatic.com/fp/23790aa56fe652e0c971e26a90f297df-p_c.jpg,2026-08-10 09:16,For Sale
26690377,5629 Miller Ave,75206,Dallas,TX,32.821613,-96.770996,1949900,526.0,,1885900.0,5063.0,4.0,5.0,3710.0,2026.0,8015.04,singleFamily,11,638590.0,2025,https://www.zillow.com,https://photos.zillowstatic.com/fp/33421e8c3f5155c7180e64d6e5c6820d-p_c.jpg,2026-08-10 09:16,For Sale
26875990,16833 Davenport Ct,75248,Dallas,TX,32.979626,-96.79679,501500,222.0,-9500.0,489400.0,2701.0,2.0,2.0,2260.0,1978.0,6185.52,singleFamily,44,535410.0,2025,https://www.zillow.com,https://photos.zillowstatic.com/fp/6ba819df39e2b4ba194a70e6997d9bbb-p_c.jpg,2026-08-10 09:16,For Sale
26790496,3766 Manana Dr,75220,Dallas,TX,32.87363,-96.85329,1425000,414.0,-65000.0,1378200.0,5171.0,3.0,3.0,3440.0,2019.0,10323.72,singleFamily,16,1194880.0,2025,https://www.zillow.com,https://photos.zillowstatic.com/fp/3dcfe837efe132ca924b11fbab79b4b1-p_c.jpg,2026-08-10 09:16,For Sale
26882206,9149 Emberglow Ln,75243,Dallas,TX,32.91706,-96.73816,214999,177.0,-5001.0,210800.0,1667.0,2.0,2.0,1213.0,1972.0,5227.2,townhome,30,232490.0,2025,https://www.zillow.com,https://photos.zillowstatic.com/fp/f31869dd701989eb53b5b4fd8e2abc43-p_c.jpg,2026-08-10 09:16,For Sale
26780263,4106 Boulder Dr,75233,Dallas,TX,32.693462,-96.87376,614999,170.0,-1.0,595200.0,4005.0,5.0,4.0,3612.0,1963.0,0.47900000000000004,singleFamily,31,600000.0,2025,https://www.zillow.com,https://photos.zillowstatic.com/fp/4ff8445a0d22ab5dbd67ff6c05ad8b41-p_c.jpg,2026-08-10 09:16,For Sale
26713211,2446 Catherine St,75211,Dallas,TX,32.73787,-96.858795,350000,187.0,-10000.0,345100.0,2716.0,4.0,2.0,1869.0,1921.0,7492.32,singleFamily,114,471250.0,2025,https://www.zillow.com,https://photos.zillowstatic.com/fp/2ea2d4aaa539b6aca8865878d4067b8c-p_c.jpg,2026-08-10 09:16,For Sale
26710165,627 S Willomet Ave,75208,Dallas,TX,32.739414,-96.84081,490000,237.0,-10000.0,,,4.0,3.0,2071.0,1925.0,6969.6,singleFamily,52,359820.0,2025,https://www.zillow.com,https://photos.zillowstatic.com/fp/02d62c18041612bef8f50c3e400b6d65-p_c.jpg,2026-08-10 09:16,For Sale
26661217,18283 Meandering Way,75252,Dallas,TX,33.00046,-96.78263,599990,234.0,-20009.0,584600.0,3679.0,3.0,3.0,2564.0,1996.0,4356.0,singleFamily,56,539718.0,2025,https://www.zillow.com,https://photos.zillowstatic.com/fp/4809344f9242925588bdb2ce19b91fd6-p_c.jpg,2026-08-10 09:16,For Sale
61871464,3505 Turtle Creek Blvd APT 4E,75219,Dallas,TX,32.810642,-96.80315,1280000,675.0,-100000.0,,,2.0,3.0,1896.0,2000.0,2.089,condo,10,926000.0,2025,https://www.zillow.com,https://photos.zillowstatic.com/fp/5e5ebe90b713a0beed79086f93bfffcd-p_c.jpg,2026-08-10 09:16,For Sale
2096491216,3716 W Beverly Dr,75209,Dallas,TX,32.83057,-96.822754,1250000,408.0,-49990.0,1228400.0,7023.0,4.0,4.0,3061.0,2023.0,3702.6,singleFamily,59,998400.0,2025,https://www.zillow.com,https://photos.zillowstatic.com/fp/35c4cc1475f0952c73b3199847cfc76a-p_c.jpg,2026-08-10 09:16,For Sale
26868338,8261 Club Meadows Dr,75243,Dallas,TX,32.89444,-96.74896,675000,272.0,,,,4.0,3.0,2482.0,1978.0,6708.24,singleFamily,73,638020.0,2025,https://www.zillow.com,https://photos.zillowstatic.com/fp/99c862e4767825d8b305d3923b45aabd-p_c.jpg,2026-08-10 09:16,For Sale
26876680,5909 Club Hill Pl,75248,Dallas,TX,32.98529,-96.81676,1349444,336.0,,1287900.0,6031.0,3.0,4.0,4015.0,1985.0,4617.36,singleFamily,10,1658730.0,2025,https://www.zillow.com,https://photos.zillowstatic.com/fp/7505402d7f726cafcb6eb5389a60f077-p_c.jpg,2026-08-10 09:16,For Sale
26851185,8711 Hackney Ln,75238,Dallas,TX,32.86743,-96.692184,475000,321.0,,,,3.0,2.0,1478.0,1960.0,7797.24,singleFamily,23,489270.0,2025,https://www.zillow.com,https://photos.zillowstatic.com/fp/365d3e68e9a8ba46e36e5492da544903-p_c.jpg,2026-08-10 09:16,For Sale
26813793,5907 Shady Crest Trl,75241,Dallas,TX,32.675694,-96.81623,269900,163.0,,267900.0,2111.0,3.0,2.0,1657.0,1961.0,0.28500000000000003,singleFamily,3,254390.0,2025,https://www.zillow.com,https://photos.zillowstatic.com/fp/9b89ee182a53928d398b7a4c8affc630-p_c.jpg,2026-08-10 09:16,For Sale
80232357,1111 S Akard St Unit 314,75215,Dallas,TX,32.772007,-96.794655,269900,234.0,-9600.0,,,2.0,2.0,1152.0,2006.0,0.752,condo,87,324800.0,2025,https://www.zillow.com,https://photos.zillowstatic.com/fp/3cfdabdef925fe3e569919b69073ec6a-p_c.jpg,2026-08-10 09:16,For Sale
26846205,8516 Londonderry Ln,75228,Dallas,TX,32.801346,-96.69252,255000,153.0,,,,3.0,2.0,1667.0,1977.0,7535.88,singleFamily,26,346480.0,2025,https://www.zillow.com,https://photos.zillowstatic.com/fp/b9908bc4d62cb52c8ff84d83779a3f6b-p_c.jpg,2026-08-10 09:16,For Sale
80230979,3372 Mojave Dr,75241,Dallas,TX,32.655685,-96.76571,285000,145.0,-20000.0,283200.0,2245.0,3.0,3.0,1969.0,2006.0,5357.88,singleFamily,20,271460.0,2025,https://www.zillow.com,https://photos.zillowstatic.com/fp/39f47a79f376d0c2f16b62aea89814e2-p_c.jpg,2026-08-10 09:16,For Sale
457405170,2534 Lowery St,75215,Dallas,TX,32.746098,-96.75402,320000,183.0,,318200.0,2707.0,4.0,3.0,1750.0,2025.0,2495.988,singleFamily,29,,,https://www.zillow.com,https://photos.zillowstatic.com/fp/e1d1d8067b2569a41422c876cda1a50c-p_c.jpg,2026-08-10 09:16,For Sale
26760988,5332 Glenwick Ln,75209,Dallas,TX,32.84705,-96.81986,1030000,349.0,-60000.0,1001500.0,5720.0,5.0,3.0,2952.0,1950.0,8973.36,singleFamily,18,714080.0,2025,https://www.zillow.com,https://photos.zillowstatic.com/fp/98ebca02b3c007a93d4c0b19382dc83b-p_c.jpg,2026-08-10 09:16,For Sale
26862580,7923 S Nassau Cir,75217,Dallas,TX,32.706387,-96.68487,245000,196.0,,239100.0,2034.0,4.0,2.0,1248.0,1950.0,7753.68,singleFamily,10,281180.0,2025,https://www.zillow.com,https://photos.zillowstatic.com/fp/427ae674180f572d14613c263ca60bbd-p_c.jpg,2026-08-10 09:16,For Sale
26858713,12316 Coolmeadow Ln,75218,Dallas,TX,32.862774,-96.688995,550000,266.0,,,,3.0,2.0,2068.0,1969.0,7884.36,singleFamily,27,587250.0,2025,https://www.zillow.com,https://photos.zillowstatic.com/fp/2bcd579062eaf05d6a9e17b155ef3665-p_c.jpg,2026-08-10 09:16,For Sale
26785963,5332 Everglade Rd,75227,Dallas,TX,32.78695,-96.70777,549900,159.0,,538600.0,4182.0,5.0,5.0,3458.0,1968.0,0.27,singleFamily,73,434850.0,2025,https://www.zillow.com,https://photos.zillowstatic.com/fp/48a5789d8c45f9eba9addafb5342f10f-p_c.jpg,2026-08-10 09:16,For Sale
26740733,8722 Angora St,75218,Dallas,TX,32.824203,-96.71118,805000,319.0,,770100.0,3944.0,4.0,3.0,2526.0,1949.0,6403.32,singleFamily,11,960860.0,2025,https://www.zillow.com,https://photos.zillowstatic.com/fp/eaa00c06514b8f0bff2c4f4063344a79-p_c.jpg,2026-08-10 09:16,For Sale
26752447,9539 Boedeker Dr,75225,Dallas,TX,32.878326,-96.779015,3490000,620.0,,3330900.0,7792.0,6.0,8.0,5630.0,2026.0,0.3306,singleFamily,37,689720.0,2025,https://www.zillow.com,https://photos.zillowstatic.com/fp/a45c0314d0f00e38ad99c75efe8409b6-p_c.jpg,2026-08-10 09:16,For Sale
26877077,15615 Preston Rd APT 1010,75248,Dallas,TX,32.959766,-96.8059,379000,135.0,,375600.0,3076.0,3.0,3.0,2814.0,1974.0,6.08,condo,12,365820.0,2025,https://www.zillow.com,https://photos.zillowstatic.com/fp/05cda2eca4c746f3d930399e3435226f-p_c.jpg,2026-08-10 09:16,For Sale
333139700,2415 Knight St Unit A,75219,Dallas,TX,32.80655,-96.81917,749900,265.0,,728600.0,4663.0,3.0,4.0,2828.0,2017.0,3920.4,singleFamily,61,720000.0,2025,https://www.zillow.com,https://photos.zillowstatic.com/fp/2156cbaa85179a4bb9992d75581b7dab-p_c.jpg,2026-08-10 09:16,For Sale
96497279,10715 Dixon Branch Dr,75218,Dallas,TX,32.863895,-96.69829,699000,225.0,,678600.0,4473.0,3.0,4.0,3102.0,2010.0,6751.8,singleFamily,32,702640.0,2025,https://www.zillow.com,https://photos.zillowstatic.com/fp/14547d89f3858b4fe752aacc10ed6b01-p_c.jpg,2026-08-10 09:16,For Sale
249767895,18307 Frankford Lakes Cir,75252,Dallas,TX,33.000546,-96.799805,689900,210.0,-10000.0,673500.0,4634.0,4.0,3.0,3279.0,2016.0,3005.64,singleFamily,37,631804.0,2025,https://www.zillow.com,https://photos.zillowstatic.com/fp/8caab691d825ca23e63a06aee849a4f4-p_c.jpg,2026-08-10 09:16,For Sale
26754570,6123 Northwood Rd,75225,Dallas,TX,32.869835,-96.80082,6500000,859.0,,6152900.0,6180.0,5.0,8.0,7568.0,2026.0,0.40499999999999997,singleFamily,123,1512300.0,2025,https://www.zillow.com,https://photos.zillowstatic.com/fp/b2f8f479278df207348083179bd41169-p_c.jpg,2026-08-10 09:16,For Sale
69676388,3110 Thomas Ave APT 111,75204,Dallas,TX,32.798294,-96.79458,699000,326.0,,673300.0,4544.0,4.0,3.0,2142.0,1998.0,1.174,condo,27,578340.0,2025,https://www.zillow.com,https://photos.zillowstatic.com/fp/52670e0ace220e674fd6f73434e5b980-p_c.jpg,2026-08-10 09:16,For Sale
26898261,3368 Miro Pl,75204,Dallas,TX,32.816456,-96.79458,875000,417.0,,842500.0,4312.0,3.0,4.0,2099.0,1997.0,1698.84,townhome,77,707890.0,2025,https://www.zillow.com,https://photos.zillowstatic.com/fp/785b3e3cb73500e8992e79bfd8f1b07b-p_c.jpg,2026-08-10 09:16,For Sale
26774612,3219 Idaho Ave,75216,Dallas,TX,32.705235,-96.8125,110000,117.0,,,1526.0,2.0,1.0,944.0,1948.0,9147.6,singleFamily,18,178370.0,2025,https://www.zillow.com,https://photos.zillowstatic.com/fp/1b8f2b4b2a2703f363dd2097c1bf72bb-p_c.jpg,2026-08-10 09:16,For Sale
26685464,704 Cameron Ave,75223,Dallas,TX,32.802685,-96.74485,334000,294.0,-5000.0,325100.0,2004.0,3.0,2.0,1136.0,1915.0,6708.24,singleFamily,120,298780.0,2025,https://www.zillow.com,https://photos.zillowstatic.com/fp/f720ed57987a5ea4865e417b85cc842b-p_c.jpg,2026-08-10 09:16,For Sale
26875739,6535 Southpoint Dr,75248,Dallas,TX,32.977917,-96.794624,739999,296.0,-10000.0,728500.0,5198.0,4.0,3.0,2499.0,1973.0,9278.28,singleFamily,173,648990.0,2025,https://www.zillow.com,https://photos.zillowstatic.com/fp/ee84b90104e0d36c89ca15544d6ffc23-p_c.jpg,2026-08-10 09:16,For Sale
96491191,8926 Groveland Dr,75218,Dallas,TX,32.819294,-96.70174,1270000,378.0,-20000.0,1237200.0,4962.0,4.0,4.0,3358.0,2020.0,7927.92,singleFamily,80,1200000.0,2025,https://www.zillow.com,https://photos.zillowstatic.com/fp/792d7e8de03db681b642985d4ddbb458-p_c.jpg,2026-08-10 09:16,For Sale
26803654,5811 Preston Haven Dr,75230,Dallas,TX,32.90679,-96.80692,3900000,679.0,-600000.0,3649800.0,7952.0,5.0,7.0,5741.0,2009.0,0.444,singleFamily,65,2353000.0,2025,https://www.zillow.com,https://photos.zillowstatic.com/fp/6a778d12186bd4c5efb3cf6ba2759826-p_c.jpg,2026-08-10 09:16,For Sale
26787124,539 Classen Dr,75218,Dallas,TX,32.856064,-96.706726,1745000,414.0,,1700100.0,6501.0,5.0,5.0,4220.0,2026.0,0.29,singleFamily,34,500000.0,2025,https://www.zillow.com,https://photos.zillowstatic.com/fp/4bad9a1b5564e0c05c1137882671d0c5-p_c.jpg,2026-08-10 09:16,For Sale
26680538,3500 S Harwood St,75215,Dallas,TX,32.76001,-96.770775,549900,214.0,,545200.0,2209.0,4.0,3.0,2566.0,2026.0,4748.04,singleFamily,6,80360.0,2025,https://www.zillow.com,https://photos.zillowstatic.com/fp/412eb965501883a229d76c56f2b22b93-p_c.jpg,2026-08-10 09:16,For Sale
26805240,4034 Alta Vista Ln,75229,Dallas,TX,32.903854,-96.84209,1999999,492.0,-125001.0,,,5.0,6.0,4065.0,1959.0,0.368,singleFamily,143,1119820.0,2025,https://www.zillow.com,https://photos.zillowstatic.com/fp/e31094301a159718fa64b4abaf35bcdb-p_c.jpg,2026-08-10 09:16,For Sale
26880344,4039 Fawnhollow Dr,75244,Dallas,TX,32.91497,-96.841644,2500000,477.0,,,6698.0,5.0,6.0,5244.0,1986.0,0.293,singleFamily,31,821880.0,2025,https://www.zillow.com,https://photos.zillowstatic.com/fp/8f2106bb9b18a76d5cef71ec4f133e56-p_c.jpg,2026-08-10 09:16,For Sale
26838549,10626 Northboro St #9,75230,Dallas,TX,32.89255,-96.77575,340000,234.0,,328300.0,2559.0,3.0,2.0,1450.0,1971.0,3615.48,townhome,17,351560.0,2025,https://www.zillow.com,https://photos.zillowstatic.com/fp/f2f02b86e501c2e5f8573afb0e6cda6d-p_c.jpg,2026-08-10 09:16,For Sale
462647506,3440 Crossman Ave,75212,Dallas,TX,32.78465,-96.84104,849000,223.0,-10000.0,839200.0,5406.0,4.0,4.0,3814.0,2026.0,5749.92,singleFamily,78,,,https://www.zillow.com,https://photos.zillowstatic.com/fp/cf1e450c6623eead9c93d4a9069b5c54-p_c.jpg,2026-08-10 09:16,For Sale
26845273,11083 Erhard Dr,75228,Dallas,TX,32.84135,-96.65294,550000,125.0,-13000.0,541600.0,3738.0,4.0,4.0,4395.0,1955.0,0.551,singleFamily,89,568010.0,2025,https://www.zillow.com,https://photos.zillowstatic.com/fp/7c845e302a75659d0fc651547d33a645-p_c.jpg,2026-08-10 09:16,For Sale
26844547,12436 Oberlin Dr,75243,Dallas,TX,32.917515,-96.75613,440000,212.0,-30000.0,431600.0,2479.0,4.0,3.0,2076.0,1958.0,8058.6,singleFamily,109,256920.0,2025,https://www.zillow.com,https://photos.zillowstatic.com/fp/0d730239870214e2c7f396e47d25897d-p_c.jpg,2026-08-10 09:16,For Sale
26702043,6905 Wabash Cir,75214,Dallas,TX,32.824696,-96.74096,1739000,510.0,-11000.0,1673500.0,6139.0,5.0,3.0,3411.0,1967.0,0.294,singleFamily,72,1453030.0,2025,https://www.zillow.com,https://photos.zillowstatic.com/fp/c1cc4ccc08d3472c675cc0d1a34d9fb9-p_c.jpg,2026-08-10 09:16,For Sale
26880523,4109 Candlenut Ln,75244,Dallas,TX,32.919994,-96.840614,835000,318.0,-34000.0,818200.0,3109.0,4.0,3.0,2628.0,1970.0,10105.92,singleFamily,31,620570.0,2025,https://www.zillow.com,https://photos.zillowstatic.com/fp/c28df89f870766a76a7cf264f9af8908-p_c.jpg,2026-08-10 09:16,For Sale
26804441,4624 Willow Ln,75244,Dallas,TX,32.91397,-96.828636,2895000,579.0,-100000.0,,,4.0,6.0,5003.0,1964.0,0.393,singleFamily,107,2376410.0,2025,https://www.zillow.com,https://photos.zillowstatic.com/fp/cfd84448b53fb5a10ee37cc4e42a92e2-p_c.jpg,2026-08-10 09:16,For Sale
26844864,7210 Baxtershire Dr,75230,Dallas,TX,32.90486,-96.78244,1995000,464.0,-55000.0,,,5.0,5.0,4300.0,1955.0,0.38499999999999995,singleFamily,278,1742070.0,2025,https://www.zillow.com,https://photos.zillowstatic.com/fp/de31787194a379affec30859b5a026c5-p_c.jpg,2026-08-10 09:16,For Sale
26878494,6451 Moonhill Dr,75241,Dallas,TX,32.66149,-96.76671,154300,103.0,-13200.0,,,4.0,2.0,1499.0,1971.0,7143.84,singleFamily,145,227190.0,2025,https://www.zillow.com,https://photos.zillowstatic.com/fp/2264eb83b44a16cbc048154f863bbf48-p_c.jpg,2026-08-10 09:16,For Sale
