zpid,address,zipcode,city,state,latitude,longitude,price,price_per_sqft,price_change,zestimate,rent_zestimate,bedrooms,bathrooms,sqft,year_built,lot_size_acres,property_type,days_on_market,tax_assessed,tax_year,listing_url,photo_url,fetched_at,listing_type
26685947,5911 Reiger Ave,75214,Dallas,TX,32.80565,-96.753265,950000,351.0,,908800.0,5395.0,4.0,4.0,2708.0,1918.0,7492.32,singleFamily,11,713490.0,2025,https://www.zillow.com,https://photos.zillowstatic.com/fp/541665b04155a3fb1b88aae4baf8beb2-p_c.jpg,2026-07-20 10:49,For Sale
69674904,4933 Victor St,75214,Dallas,TX,32.7981,-96.765236,1080000,304.0,,1045500.0,5244.0,4.0,5.0,3549.0,1913.0,7666.56,singleFamily,3,986070.0,2025,https://www.zillow.com,https://photos.zillowstatic.com/fp/34de8f0e5cbafffb5f408ee6ed9856e6-p_c.jpg,2026-07-20 10:49,For Sale
26789989,3724 Highgrove Dr,75220,Dallas,TX,32.86873,-96.85501,1299999,317.0,,,,4.0,4.0,4100.0,2026.0,7435.692,singleFamily,8,407640.0,2025,https://www.zillow.com,https://photos.zillowstatic.com/fp/0d51b13b849366263f8675307050ef44-p_c.jpg,2026-07-20 10:49,For Sale
26864854,10148 Dentport Dr,75238,Dallas,TX,32.880157,-96.70981,1125000,347.0,,,,5.0,4.0,3242.0,1967.0,10018.8,singleFamily,2,688000.0,2025,https://www.zillow.com,https://photos.zillowstatic.com/fp/1c9a4ab70df61bfd296f93c1e1d3b5c9-p_c.jpg,2026-07-20 10:49,For Sale
26586588,5706 Buffridge Trl,75252,Dallas,TX,33.007046,-96.81154,815000,260.0,,,,4.0,4.0,3137.0,1984.0,8276.4,singleFamily,2,750685.0,2025,https://www.zillow.com,https://photos.zillowstatic.com/fp/d76a5113a125a6b957269b781b132082-p_c.jpg,2026-07-20 10:49,For Sale
26851754,13321 Purple Sage Rd,75240,Dallas,TX,32.929237,-96.7778,1200000,457.0,,1139500.0,6177.0,3.0,3.0,2624.0,1966.0,0.355,singleFamily,64,968160.0,2025,https://www.zillow.com,https://photos.zillowstatic.com/fp/f5c3d3e19fb72eee6f71cdbe16794856-p_c.jpg,2026-07-20 10:49,For Sale
2067223822,11128 Valleydale Dr #C,75230,Dallas,TX,32.900566,-96.7709,159000,164.0,-4000.0,,1653.0,2.0,2.0,969.0,1961.0,9.336,condo,8,,,https://www.zillow.com,https://photos.zillowstatic.com/fp/426302b72d59040604c26dff7437ec96-p_c.jpg,2026-07-20 10:49,For Sale
26868720,9406 Hilldale Dr,75231,Dallas,TX,32.889877,-96.74129,999900,366.0,,961300.0,5988.0,4.0,4.0,2730.0,1979.0,0.29350000000000004,singleFamily,11,800420.0,2025,https://www.zillow.com,https://photos.zillowstatic.com/fp/4dc973ac4f9cac5e2a24819ea4b14c12-p_c.jpg,2026-07-20 10:49,For Sale
26841971,2519 Highwood Dr,75228,Dallas,TX,32.829605,-96.671486,439000,195.0,,,,5.0,3.0,2252.0,1956.0,9278.28,singleFamily,2,385020.0,2025,https://www.zillow.com,https://photos.zillowstatic.com/fp/d19cbc064951b20c2c3e8975b29bdad4-p_c.jpg,2026-07-20 10:49,For Sale
26730914,2314 Barberry Dr,75211,Dallas,TX,32.76308,-96.86114,500000,375.0,,,,2.0,2.0,1335.0,1948.0,9365.4,singleFamily,3,431000.0,2025,https://www.zillow.com,https://photos.zillowstatic.com/fp/1fc07ddd25728c73db9978af2a940924-p_c.jpg,2026-07-20 10:49,For Sale
69677240,2323 N Houston St APT 202,75219,Dallas,TX,32.785828,-96.809135,525000,294.0,,497700.0,4071.0,2.0,2.0,1784.0,2005.0,0.912,condo,2,565000.0,2025,https://www.zillow.com,https://photos.zillowstatic.com/fp/307bfeba7d2d7a1fe7133e45d76c3b92-p_c.jpg,2026-07-20 10:49,For Sale
96526869,910 Gallant Fox Dr,75211,Dallas,TX,32.736996,-96.92878,479000,225.0,,477500.0,3720.0,3.0,3.0,2125.0,2026.0,9975.24,singleFamily,17,75000.0,2025,https://www.zillow.com,https://photos.zillowstatic.com/fp/9a091fc719d3013e309b938574458848-p_c.jpg,2026-07-20 10:49,For Sale
26924130,5550 Spring Valley Rd APT A31,75254,Dallas,TX,32.93879,-96.81258,134900,200.0,-8000.0,,1454.0,1.0,1.0,676.0,1983.0,3.0,condo,5,141210.0,2025,https://www.zillow.com,https://photos.zillowstatic.com/fp/3d3f8bde4214335f7756de540e08b4ec-p_c.jpg,2026-07-20 10:49,For Sale
69677073,1122 Jackson St APT 402,75202,Dallas,TX,32.778316,-96.80129,310000,220.0,,305900.0,2530.0,1.0,1.0,1411.0,1925.0,0.984,condo,10,331590.0,2025,https://www.zillow.com,https://photos.zillowstatic.com/fp/ce919da1f067aaf0aeb6d50b3d619ee9-p_c.jpg,2026-07-20 10:49,For Sale
83995167,3102 Kings Rd APT 2212,75219,Dallas,TX,32.81879,-96.81956,265000,274.0,,256800.0,1856.0,2.0,2.0,968.0,2001.0,1.998,condo,7,279020.0,2025,https://www.zillow.com,https://photos.zillowstatic.com/fp/07cf29ccaec82c512b8ce0c127337f3d-p_c.jpg,2026-07-20 10:49,For Sale
26891476,7303 Sorcey Rd,75249,Dallas,TX,32.632874,-96.951454,250000,135.0,,246900.0,2078.0,4.0,2.0,1846.0,1982.0,6708.24,singleFamily,11,286650.0,2025,https://www.zillow.com,https://photos.zillowstatic.com/fp/9490e34983660e1f62ed0a5d2405170c-p_c.jpg,2026-07-20 10:49,For Sale
26785000,4422 Cinnabar Dr,75227,Dallas,TX,32.787308,-96.696236,240000,136.0,,234600.0,2179.0,3.0,2.0,1761.0,1985.0,8407.08,singleFamily,2,288030.0,2025,https://www.zillow.com,https://photos.zillowstatic.com/fp/62d9a6cf996f6d46ca07e158c1165a0b-p_c.jpg,2026-07-20 10:49,For Sale
463300917,3529 Cleveland St,75215,Dallas,TX,32.75582,-96.77514,245000,133.0,,244300.0,3298.0,4.0,4.0,1846.0,2026.0,8363.52,singleFamily,32,,,https://www.zillow.com,https://photos.zillowstatic.com/fp/a61363b7bd78a0e95ffd19ba195f164b-p_c.jpg,2026-07-20 10:49,For Sale
26696299,2230 Garden Dr,75215,Dallas,TX,32.74878,-96.758896,379000,181.0,-10000.0,375100.0,2500.0,3.0,2.0,2092.0,2024.0,5052.96,singleFamily,31,395930.0,2025,https://www.zillow.com,https://photos.zillowstatic.com/fp/a5cba953c774fd3370a2dc62b2a9262e-p_c.jpg,2026-07-20 10:49,For Sale
26908473,2431 Eastern Oaks Dr,75227,Dallas,TX,32.75415,-96.64775,180000,146.0,,178700.0,1844.0,3.0,2.0,1235.0,1986.0,7927.92,singleFamily,13,245770.0,2025,https://www.zillow.com,https://photos.zillowstatic.com/fp/e388972b9d78b13ddd8ea962610f3594-p_c.jpg,2026-07-20 10:49,For Sale
26891340,9519 County View Rd,75249,Dallas,TX,32.635117,-96.95368,257000,183.0,,254700.0,1882.0,5.0,2.0,1408.0,1981.0,7056.72,singleFamily,9,281740.0,2025,https://www.zillow.com,https://photos.zillowstatic.com/fp/261335cf707d937767ad18a25c19432e-p_c.jpg,2026-07-20 10:49,For Sale
26701757,6671 Gaston Ave,75214,Dallas,TX,32.8168,-96.74712,2750000,619.0,,2580100.0,7983.0,4.0,4.0,4446.0,1952.0,0.47600000000000003,singleFamily,3,2124880.0,2025,https://www.zillow.com,https://photos.zillowstatic.com/fp/6283544640adf538c6465d68e3f61db1-p_c.jpg,2026-07-20 10:49,For Sale
26869293,9615 Millridge Dr,75243,Dallas,TX,32.90484,-96.729965,635000,258.0,,621200.0,5077.0,4.0,3.0,2460.0,1970.0,8755.56,singleFamily,0,605190.0,2025,https://www.zillow.com,https://photos.zillowstatic.com/fp/2011eb7a180763fcb0b3143d1adf605d-p_c.jpg,2026-07-20 10:49,For Sale
338241066,18512 Crownover Ct,75252,Dallas,TX,33.003235,-96.79485,609900,252.0,,588800.0,4190.0,3.0,3.0,2419.0,1981.0,8102.16,singleFamily,61,625905.0,2025,https://www.zillow.com,https://photos.zillowstatic.com/fp/5c8b0a7362d6b24c63efb89a53c870b7-p_c.jpg,2026-07-20 10:49,For Sale
26672589,5213 Tennington Park,75287,Dallas,TX,33.00334,-96.81992,1300000,304.0,,1245600.0,5130.0,4.0,4.0,4281.0,2000.0,8276.4,singleFamily,31,1051156.0,2025,https://www.zillow.com,https://photos.zillowstatic.com/fp/fee590c27fc329167cc51a8411fb2d79-p_c.jpg,2026-07-20 10:49,For Sale
26688240,4323 Metropolitan Ave,75210,Dallas,TX,32.776577,-96.74835,313000,213.0,,311800.0,1902.0,3.0,2.0,1467.0,2026.0,6403.32,singleFamily,17,54260.0,2025,https://www.zillow.com,https://photos.zillowstatic.com/fp/4caf686b2eb45ddd2fca74c5fc5b864d-p_c.jpg,2026-07-20 10:49,For Sale
26766682,2606 Fordham Rd,75216,Dallas,TX,32.7058,-96.783295,329000,175.0,,327400.0,2591.0,4.0,3.0,1880.0,2022.0,8842.68,singleFamily,30,336650.0,2025,https://www.zillow.com,https://photos.zillowstatic.com/fp/2701c5dd8615133ba6969349c7485302-p_c.jpg,2026-07-20 10:49,For Sale
26871596,7308 Tangleglen Dr,75248,Dallas,TX,32.951824,-96.781136,2399999,500.0,,2323600.0,4838.0,5.0,6.0,4799.0,2026.0,0.344,singleFamily,3,707610.0,2025,https://www.zillow.com,https://photos.zillowstatic.com/fp/720ae454b0941e3b8421d61085a0e95a-p_c.jpg,2026-07-20 10:49,For Sale
248830188,5160 Brickellia Dr,75209,Dallas,TX,32.826862,-96.817825,640000,338.0,,627900.0,4703.0,3.0,4.0,1895.0,2019.0,1568.16,singleFamily,3,703690.0,2025,https://www.zillow.com,https://photos.zillowstatic.com/fp/fb7f5921d890b18155324fd5bc61fbd2-p_c.jpg,2026-07-20 10:49,For Sale
26904817,6218 Everglade Rd,75227,Dallas,TX,32.78552,-96.69694,370000,170.0,,365700.0,2681.0,4.0,3.0,2180.0,1998.0,6751.8,singleFamily,13,355880.0,2025,https://www.zillow.com,https://photos.zillowstatic.com/fp/fd92f91e0cfcf83e7ff7a635b6b2468b-p_c.jpg,2026-07-20 10:49,For Sale
26586239,4102 Cobblers Ln,75287,Dallas,TX,32.989426,-96.84273,1055000,369.0,-45000.0,,,5.0,4.0,2857.0,1984.0,0.27999999999999997,singleFamily,46,670000.0,2025,https://www.zillow.com,https://photos.zillowstatic.com/fp/df26c7a73bc19b4dbb6bf7a8132ed513-p_c.jpg,2026-07-20 10:49,For Sale
26696182,1010 Valencia St,75223,Dallas,TX,32.80168,-96.741196,1200000,403.0,,,,4.0,6.0,2981.0,1946.0,8319.96,singleFamily,2,1050740.0,2025,https://www.zillow.com,https://photos.zillowstatic.com/fp/8885d2253362439ad72c56d041a0efee-p_c.jpg,2026-07-20 10:49,For Sale
26912414,714 Jalisco Plz,75211,Dallas,TX,32.718307,-96.902885,224995,147.0,-10005.0,222100.0,2242.0,4.0,3.0,1526.0,2001.0,3005.64,singleFamily,85,245910.0,2025,https://www.zillow.com,https://photos.zillowstatic.com/fp/265e49fc37732c5dcee3a45d074e31bb-p_c.jpg,2026-07-20 10:49,For Sale
26825505,5936 Spring Glen Dr,75232,Dallas,TX,32.674526,-96.84193,449500,156.0,-15500.0,442900.0,3447.0,5.0,4.0,2880.0,1965.0,10236.6,singleFamily,108,261350.0,2025,https://www.zillow.com,https://photos.zillowstatic.com/fp/784bf3d76b7a9b40f046b5eb30c7eca8-p_c.jpg,2026-07-20 10:49,For Sale
26756481,6114 Tulip Ln,75230,Dallas,TX,32.8933,-96.80055,5495000,867.0,,5090100.0,21199.0,5.0,6.0,6341.0,2020.0,0.386,singleFamily,6,3494920.0,2025,https://www.zillow.com,https://photos.zillowstatic.com/fp/139a7443c207c104df22e610f938deab-p_c.jpg,2026-07-20 10:49,For Sale
463402992,1900 S Ervay St #609,75215,Dallas,TX,32.769684,-96.78631,1099950,359.0,,,,2.0,3.0,3062.0,2026.0,0.601,condo,27,,,https://www.zillow.com,https://photos.zillowstatic.com/fp/49f4afe8a6423d1b738ee090f090d495-p_c.jpg,2026-07-20 10:49,For Sale
26883410,9902 Wood Forest Dr,75243,Dallas,TX,32.91008,-96.71567,725000,251.0,,,,4.0,3.0,2883.0,1981.0,0.5379999999999999,singleFamily,4,637980.0,2025,https://www.zillow.com,https://photos.zillowstatic.com/fp/1462269fbea5b9481b426fe3afc997a7-p_c.jpg,2026-07-20 10:49,For Sale
26757825,5619 Walnut Hill Ln,75229,Dallas,TX,32.8825,-96.81111,64000000,2362.0,,,,10.0,17.0,27092.0,1938.0,15.687,singleFamily,508,36042650.0,2025,https://www.zillow.com,https://photos.zillowstatic.com/fp/adeac1290c0448b20476ade24a279451-p_c.jpg,2026-07-20 10:49,For Sale
26687302,2329 Stoneman St,75215,Dallas,TX,32.753746,-96.7612,475000,186.0,,,1868.0,5.0,4.0,2550.0,2026.0,7318.08,singleFamily,4,73000.0,2025,https://www.zillow.com,https://photos.zillowstatic.com/fp/6b5e89024f1c7b0dc63a97b3c034fbde-p_c.jpg,2026-07-20 10:49,For Sale
27325391,19010 Tupelo Ln,75287,Dallas,TX,33.01098,-96.86128,209817,134.0,,312500.0,2032.0,3.0,2.0,1568.0,1983.0,4617.36,singleFamily,2,294407.0,2025,https://www.zillow.com,https://photos.zillowstatic.com/fp/a50ca6dfd5ddab739b5e203c919d9618-p_c.jpg,2026-07-20 10:49,For Sale
26702284,7236 Meadow Lake Ave,75214,Dallas,TX,32.82596,-96.73375,1230000,373.0,,1175500.0,7378.0,4.0,4.0,3299.0,1948.0,0.283,singleFamily,2,1150000.0,2025,https://www.zillow.com,https://photos.zillowstatic.com/fp/cfacef46fe6e80ebd8e3e0331cdf8c56-p_c.jpg,2026-07-20 10:49,For Sale
462034543,3027 River Birch Dr,75253,Dallas,TX,32.65842,-96.654106,354900,157.0,-5000.0,353900.0,2638.0,4.0,3.0,2255.0,2026.0,10010.088,singleFamily,82,,,https://www.zillow.com,https://photos.zillowstatic.com/fp/79f311bc09f6d2901aaf0f2ff76e2bae-p_c.jpg,2026-07-20 10:49,For Sale
26698911,3739 N Versailles Ave,75209,Dallas,TX,32.83079,-96.8217,3295000,629.0,,3115700.0,8790.0,5.0,6.0,5242.0,1992.0,8886.24,singleFamily,1,1870470.0,2025,https://www.zillow.com,https://photos.zillowstatic.com/fp/a499cb6ba881eb0d543f2fa183a89704-p_c.jpg,2026-07-20 10:49,For Sale
26687233,2733 Carpenter Ave,75215,Dallas,TX,32.757874,-96.75603,260000,158.0,,,2327.0,3.0,2.0,1643.0,2020.0,7535.88,singleFamily,6,290030.0,2025,https://www.zillow.com,https://photos.zillowstatic.com/fp/f9c8525d91946c0b70b0d0b5c4ed290c-p_c.jpg,2026-07-20 10:49,For Sale
26825607,1608 Matagorda Dr,75232,Dallas,TX,32.673492,-96.84587,788000,206.0,,,,4.0,6.0,3834.0,2022.0,9016.92,singleFamily,2,607680.0,2025,https://www.zillow.com,https://photos.zillowstatic.com/fp/c9a9133466981ab6c89692f9840c8607-p_c.jpg,2026-07-20 10:49,For Sale
26875803,16814 Deer Park Dr,75248,Dallas,TX,32.980206,-96.79117,800000,311.0,,,,4.0,3.0,2574.0,1974.0,10454.4,singleFamily,2,753870.0,2025,https://www.zillow.com,https://photos.zillowstatic.com/fp/4b882f2306928a88bd2cce05f091bcd8-p_c.jpg,2026-07-20 10:49,For Sale
96504415,1000 N Bagley St,75211,Dallas,TX,32.752865,-96.91238,499000,204.0,,496300.0,2155.0,4.0,3.0,2450.0,2026.0,8751.204,singleFamily,10,112500.0,2025,https://www.zillow.com,https://photos.zillowstatic.com/fp/1ceda3079ea85c763e0f60e2ed3b88c8-p_c.jpg,2026-07-20 10:49,For Sale
26746737,10262 Vinemont St,75218,Dallas,TX,32.84527,-96.70069,849000,454.0,,796900.0,2817.0,3.0,3.0,1871.0,1962.0,9452.52,singleFamily,3,739900.0,2025,https://www.zillow.com,https://photos.zillowstatic.com/fp/071121d10aff3f9c8b7b83f33d7fafb2-p_c.jpg,2026-07-20 10:49,For Sale
26931491,9809 Walnut St #208,75243,Dallas,TX,32.922836,-96.71392,34900,37.0,,,1394.0,2.0,1.0,931.0,1981.0,8.814,condo,2,102410.0,2025,https://www.zillow.com,https://photos.zillowstatic.com/fp/a822b0b8e819a09285cc600badcf2a20-p_c.jpg,2026-07-20 10:49,For Sale
26699114,2515 Macon St,75215,Dallas,TX,32.75081,-96.75273,289999,193.0,-5001.0,289500.0,2217.0,3.0,3.0,1500.0,2026.0,3267.0,singleFamily,102,32780.0,2025,https://www.zillow.com,https://photos.zillowstatic.com/fp/68433d24786c5e0ac81731fb4204066f-p_c.jpg,2026-07-20 10:49,For Sale
26748447,6017 Milton St #137,75206,Dallas,TX,32.849773,-96.76334,294000,248.0,-5000.0,214600.0,2528.0,3.0,3.0,1186.0,1970.0,3.655,condo,9,243130.0,2025,https://www.zillow.com,https://photos.zillowstatic.com/fp/2df7148d427ab67c855b5596ff2d7828-p_c.jpg,2026-07-20 10:49,For Sale
26871012,6941 Midcrest Dr,75254,Dallas,TX,32.946903,-96.78414,1575000,438.0,,1481200.0,4597.0,5.0,4.0,3599.0,1966.0,0.381,singleFamily,3,995000.0,2025,https://www.zillow.com,https://photos.zillowstatic.com/fp/abbdea0e862c38eb2a24ffb5cd5e14ec-p_c.jpg,2026-07-20 10:49,For Sale
26744393,10903 Aledo Dr,75228,Dallas,TX,32.84524,-96.68329,289000,231.0,,279300.0,1938.0,3.0,2.0,1251.0,1949.0,7579.44,singleFamily,2,252000.0,2025,https://www.zillow.com,https://photos.zillowstatic.com/fp/06371a3afec92c266cc68a1e66a90fdb-p_c.jpg,2026-07-20 10:49,For Sale
26901532,5335 Bent Tree Forest Dr APT 192,75248,Dallas,TX,32.96596,-96.81657,220000,193.0,,211100.0,1688.0,2.0,2.0,1137.0,1981.0,8.766,condo,37,263570.0,2025,https://www.zillow.com,https://photos.zillowstatic.com/fp/5889ee98762c747320ccc6e5912bd0bb-p_c.jpg,2026-07-20 10:49,For Sale
26696399,5223 Colonial Ave,75215,Dallas,TX,32.744267,-96.759224,230000,139.0,-10000.0,228800.0,2301.0,4.0,2.0,1656.0,2024.0,7013.16,singleFamily,93,433110.0,2025,https://www.zillow.com,https://photos.zillowstatic.com/fp/1ffb12a24ca85cf9a7cc33cbfa96e1b2-p_c.jpg,2026-07-20 10:49,For Sale
26888160,9838 Amberton Pkwy,75243,Dallas,TX,32.92289,-96.73842,310000,176.0,,302800.0,2540.0,4.0,3.0,1760.0,1978.0,3310.56,townhome,7,286080.0,2025,https://www.zillow.com,https://photos.zillowstatic.com/fp/a65717f3733003e30c22bb0a07af8c54-p_c.jpg,2026-07-20 10:49,For Sale
26758062,10010 Strait Ln,75229,Dallas,TX,32.880985,-96.823845,24999900,1498.0,,23041100.0,31583.0,7.0,11.0,16684.0,2026.0,2.218,singleFamily,140,2767500.0,2025,https://www.zillow.com,https://photos.zillowstatic.com/fp/3896b8ebf7800635ab6f68c5c62ce7b5-p_c.jpg,2026-07-20 10:49,For Sale
26739956,8718 San Benito Way,75218,Dallas,TX,32.8194,-96.70518,1649000,412.0,-50000.0,,,5.0,5.0,4000.0,2026.0,8058.6,singleFamily,10,505860.0,2025,https://www.zillow.com,https://photos.zillowstatic.com/fp/155e587c9bb3e39e3f39287da04673cd-p_c.jpg,2026-07-20 10:49,For Sale
26757998,5216 Palomar Ln,75229,Dallas,TX,32.889263,-96.81688,9950000,1053.0,,9139400.0,37480.0,6.0,9.0,9446.0,2022.0,1.13,singleFamily,6,6218000.0,2025,https://www.zillow.com,https://photos.zillowstatic.com/fp/f0ac659860e743efb2feecb2dcf7d9c7-p_c.jpg,2026-07-20 10:49,For Sale
26690781,5344 Richard Ave,75206,Dallas,TX,32.818916,-96.77793,1189000,502.0,,,,3.0,2.0,2367.0,1930.0,9321.84,singleFamily,21,980350.0,2025,https://www.zillow.com,https://photos.zillowstatic.com/fp/9068ee99189e17061929ce2b2f3b6ac2-p_c.jpg,2026-07-20 10:49,For Sale
26680521,3528 Colonial Ave,75215,Dallas,TX,32.757835,-96.77173,225000,69.0,,,2169.0,17.0,5.0,3252.0,1916.0,4835.16,multiFamily,190,281210.0,2025,https://www.zillow.com,https://photos.zillowstatic.com/fp/058c8839fb916be56e561086ca9cc87d-p_c.jpg,2026-07-20 10:49,For Sale
26748687,6214 Glennox Ln,75214,Dallas,TX,32.84994,-96.75703,1300000,409.0,,,,4.0,3.0,3177.0,1970.0,7797.24,singleFamily,4,836100.0,2025,https://www.zillow.com,https://photos.zillowstatic.com/fp/81680869b2e781bf08f53ea3790044b3-p_c.jpg,2026-07-20 10:49,For Sale
26801616,8117 Marvel Dr,75217,Dallas,TX,32.72173,-96.68198,310000,130.0,-15000.0,305100.0,3338.0,4.0,3.0,2384.0,1955.0,7797.24,singleFamily,24,360420.0,2025,https://www.zillow.com,https://photos.zillowstatic.com/fp/90e2eae266d564d9e4c6d3bd8dd52c96-p_c.jpg,2026-07-20 10:49,For Sale
26697337,5419 Stoneleigh Ave,75235,Dallas,TX,32.82149,-96.8303,230000,178.0,130000.0,,2511.0,2.0,1.0,1292.0,1937.0,6795.36,singleFamily,36,433770.0,2025,https://www.zillow.com,https://photos.zillowstatic.com/fp/7dc95ea23b42653a7ad02898e450dae7-p_c.jpg,2026-07-20 10:49,For Sale
26931799,9829 Walnut St APT 306,75243,Dallas,TX,32.922836,-96.71392,49900,103.0,,44100.0,846.0,1.0,1.0,486.0,2015.0,8.814,condo,8,61970.0,2025,https://www.zillow.com,https://photos.zillowstatic.com/fp/7057ef64a5adce55f965e21a33560f10-p_c.jpg,2026-07-20 10:49,For Sale
26803818,5821 Northaven Rd,75230,Dallas,TX,32.902546,-96.808235,3100000,515.0,350000.0,2960000.0,7119.0,4.0,6.0,6022.0,2013.0,0.416,singleFamily,0,2627750.0,2025,https://www.zillow.com,https://photos.zillowstatic.com/fp/389940dc5359ac44cd4359bdac844caf-p_c.jpg,2026-07-20 10:49,For Sale
26608790,5626 Twin Brooks Dr,75252,Dallas,TX,32.996346,-96.8077,1125000,334.0,,,,5.0,4.0,3372.0,1985.0,10454.4,singleFamily,3,772087.0,2025,https://www.zillow.com,https://photos.zillowstatic.com/fp/7475121325a31ceb7fd809689a9e3c9b-p_c.jpg,2026-07-20 10:49,For Sale
26844975,7540 Mason Dells Dr,75230,Dallas,TX,32.90428,-96.77685,1775000,514.0,,1660800.0,7779.0,5.0,4.0,3451.0,1955.0,0.404,singleFamily,2,1394800.0,2025,https://www.zillow.com,https://photos.zillowstatic.com/fp/a9168c5a8cf9bdde10d93ab36b15f08a-p_c.jpg,2026-07-20 10:49,For Sale
26810470,3147 Newcastle Dr,75220,Dallas,TX,32.880196,-96.86986,399900,252.0,-15100.0,389400.0,3240.0,3.0,2.0,1585.0,1956.0,9801.0,singleFamily,24,398050.0,2025,https://www.zillow.com,https://photos.zillowstatic.com/fp/1c4a17a799b630c1f7b3e62946d51003-p_c.jpg,2026-07-20 10:49,For Sale
26686811,3831 Wilder St,75215,Dallas,TX,32.760292,-96.76161,97000,88.0,,121800.0,1662.0,3.0,1.0,1098.0,1927.0,7100.28,singleFamily,4,140460.0,2025,https://www.zillow.com,https://photos.zillowstatic.com/fp/c0ec768ad717adb21bd5e5e0e70f1372-p_c.jpg,2026-07-20 10:49,For Sale
26823950,5412 University Hills Blvd,75241,Dallas,TX,32.679962,-96.80546,165000,141.0,,178500.0,1695.0,3.0,2.0,1169.0,1962.0,9381.0,singleFamily,8,186430.0,2025,https://www.zillow.com,https://photos.zillowstatic.com/fp/15d8dfd5ad8b3ddfcb77e7f85ca2d4e5-p_c.jpg,2026-07-20 10:49,For Sale
26832922,3111 Rutz St,75212,Dallas,TX,32.78001,-96.84512,330067,237.0,,324900.0,2367.0,3.0,2.0,1392.0,2013.0,3615.48,singleFamily,8,287270.0,2025,https://www.zillow.com,https://photos.zillowstatic.com/fp/8f47d05a2d5e13f04891326e99d26077-p_c.jpg,2026-07-20 10:49,For Sale
26803813,5907 Northaven Rd,75230,Dallas,TX,32.90257,-96.80726,1990000,686.0,-110000.0,1885600.0,6713.0,4.0,3.0,2900.0,1959.0,0.474,singleFamily,43,1285750.0,2025,https://www.zillow.com,https://photos.zillowstatic.com/fp/ca34456e9caf61266e8aa35b73fa98e9-p_c.jpg,2026-07-20 10:49,For Sale
26913400,13108 Burninglog Ln,75243,Dallas,TX,32.918385,-96.73215,285000,188.0,,,,3.0,3.0,1516.0,1982.0,2221.56,townhome,3,291160.0,2025,https://www.zillow.com,https://photos.zillowstatic.com/fp/7aec838fba5f3f56a4f04d13d677a391-p_c.jpg,2026-07-20 10:49,For Sale
26645628,4827 Sandestin Dr,75287,Dallas,TX,32.995907,-96.82532,1292000,299.0,,1214600.0,5972.0,5.0,5.0,4326.0,1989.0,0.26,singleFamily,2,1103671.0,2025,https://www.zillow.com,https://photos.zillowstatic.com/fp/e7f1839c9d73478e187437bc06f02253-p_c.jpg,2026-07-20 10:49,For Sale
26698938,3917 Fairfax Ave,75209,Dallas,TX,32.833275,-96.82062,1395000,404.0,,1325800.0,5977.0,4.0,4.0,3449.0,1953.0,0.254,singleFamily,2,1446640.0,2025,https://www.zillow.com,https://photos.zillowstatic.com/fp/d3648a677423bb52198ae25165e0a515-p_c.jpg,2026-07-20 10:49,For Sale
26820876,2536 56th St,75241,Dallas,TX,32.687935,-96.77936,328000,199.0,,,1314.0,3.0,2.0,1652.0,2026.0,10672.2,singleFamily,5,70000.0,2025,https://www.zillow.com,https://photos.zillowstatic.com/fp/08eb8c62202be89359d03b42079f4328-p_c.jpg,2026-07-20 10:49,For Sale
26850691,10357 Baronne Cir,75218,Dallas,TX,32.860115,-96.70382,410000,453.0,-15000.0,401100.0,1909.0,3.0,1.0,905.0,1970.0,0.46299999999999997,singleFamily,38,392280.0,2025,https://www.zillow.com,https://photos.zillowstatic.com/fp/4098c277662c94e81c531615459daf11-p_c.jpg,2026-07-20 10:49,For Sale
26769747,4622 Cedar Tone Dr,75211,Dallas,TX,32.726494,-96.8988,260000,209.0,,242200.0,2258.0,3.0,2.0,1244.0,1965.0,7520.0,singleFamily,5,240160.0,2025,https://www.zillow.com,https://photos.zillowstatic.com/fp/de51e080599de8dc58d1021ef7b9b364-p_c.jpg,2026-07-20 10:49,For Sale
26767601,1650 E Elmore Ave,75216,Dallas,TX,32.717663,-96.79793,122000,113.0,,,1839.0,2.0,1.0,1080.0,1939.0,6316.0,singleFamily,22,202070.0,2025,https://www.zillow.com,https://www.zillowstatic.com/static/images/nophoto_p_c.png,2026-07-20 10:49,For Sale
26870922,7241 Cliffbrook Dr,75254,Dallas,TX,32.946133,-96.77873,1200000,231.0,,,,5.0,7.0,5197.0,1968.0,0.422,singleFamily,4,1188980.0,2025,https://www.zillow.com,https://photos.zillowstatic.com/fp/2108042d88f9bf849fa256c955d50440-p_c.jpg,2026-07-20 10:49,For Sale
55701674,18130 Frankford Lakes Cir,75252,Dallas,TX,32.999012,-96.79963,485000,258.0,,471700.0,2814.0,3.0,3.0,1881.0,2003.0,2613.6,singleFamily,1,450876.0,2025,https://www.zillow.com,https://photos.zillowstatic.com/fp/e7d7a1653f10a16491fda455a9debc5e-p_c.jpg,2026-07-20 10:49,For Sale
96522871,8914 Wadlington Ave,75217,Dallas,TX,32.727043,-96.66635,415000,188.0,,413200.0,2846.0,3.0,4.0,2210.0,2026.0,8450.64,singleFamily,11,50000.0,2025,https://www.zillow.com,https://photos.zillowstatic.com/fp/378c40404d771f0a7ba3b17531cf8e8e-p_c.jpg,2026-07-20 10:49,For Sale
96496406,2123 Southerland Ave,75203,Dallas,TX,32.726994,-96.791306,569900,209.0,-5100.0,,,4.0,4.0,2727.0,2020.0,0.3,singleFamily,37,580670.0,2025,https://www.zillow.com,https://photos.zillowstatic.com/fp/2ac968c18c9baec302a54fb67b10b2a2-p_c.jpg,2026-07-20 10:49,For Sale
26745260,11005 Tascosa St,75228,Dallas,TX,32.846306,-96.67015,225000,140.0,,,,3.0,2.0,1607.0,1953.0,10410.84,singleFamily,4,244540.0,2025,https://www.zillow.com,https://photos.zillowstatic.com/fp/a048c08657456e02a126790e7e112e26-p_c.jpg,2026-07-20 10:49,For Sale
26758220,4506 Isabella Ln,75229,Dallas,TX,32.88928,-96.83244,8400000,1888.0,,,,6.0,8.0,4449.0,1997.0,1.01,singleFamily,27,4309000.0,2025,https://www.zillow.com,https://photos.zillowstatic.com/fp/d8283c53bb83c9322b7d7a9955afe7e0-p_c.jpg,2026-07-20 10:49,For Sale
303981446,4511 Arberry Ln,75219,Dallas,TX,32.815933,-96.81878,559000,242.0,,,,3.0,4.0,2312.0,2021.0,1263.24,townhome,4,649810.0,2025,https://www.zillow.com,https://photos.zillowstatic.com/fp/344ccd9bc9f02fca65c78633515c2949-p_c.jpg,2026-07-20 10:49,For Sale
26850193,9809 Lanshire Dr,75238,Dallas,TX,32.86985,-96.717384,619000,435.0,-10000.0,603500.0,2816.0,3.0,2.0,1423.0,1955.0,8232.84,singleFamily,9,541640.0,2025,https://www.zillow.com,https://photos.zillowstatic.com/fp/3be7275e4d1012d22da83fc68a8fa3ed-p_c.jpg,2026-07-20 10:49,For Sale
26784662,3230 Rock Bluff Dr,75227,Dallas,TX,32.765625,-96.69388,285000,158.0,-15000.0,,2456.0,3.0,2.0,1800.0,1958.0,9626.76,singleFamily,31,292430.0,2025,https://www.zillow.com,https://photos.zillowstatic.com/fp/0e11ca6511bd82ff27c6a67897d69e96-p_c.jpg,2026-07-20 10:49,For Sale
53070068,7130 Debbe Dr,75252,Dallas,TX,32.993587,-96.78202,1138000,345.0,,1078500.0,4590.0,4.0,4.0,3300.0,1982.0,0.25,singleFamily,27,877766.0,2025,https://www.zillow.com,https://photos.zillowstatic.com/fp/d232aab584f8839102da2105be43e01e-p_c.jpg,2026-07-20 10:49,For Sale
333140526,5531 Walnut Hill Ln,75229,Dallas,TX,32.88134,-96.81123,14997000,1250.0,-998000.0,13915200.0,44765.0,5.0,9.0,11997.0,2025.0,1.935,singleFamily,132,9628680.0,2025,https://www.zillow.com,https://photos.zillowstatic.com/fp/b66ba1ba3e875d4f7420766b86704a95-p_c.jpg,2026-07-20 10:49,For Sale
96514370,2418 Merlin St,75215,Dallas,TX,32.77463,-96.77442,299900,180.0,14900.0,300800.0,2617.0,3.0,3.0,1669.0,2025.0,,singleFamily,366,90000.0,2025,https://www.zillow.com,https://photos.zillowstatic.com/fp/91b90021b7264137b0710455580e2b4f-p_c.jpg,2026-07-20 10:49,For Sale
26915309,6319 Lake Bluff Dr,75249,Dallas,TX,32.645866,-96.96924,425900,160.0,-14100.0,420800.0,5076.0,4.0,3.0,2662.0,1989.0,8668.44,singleFamily,59,401520.0,2025,https://www.zillow.com,https://photos.zillowstatic.com/fp/14843502ca97761cfa25df5591962e6b-p_c.jpg,2026-07-20 10:49,For Sale
26759625,5444 Northbrook Dr,75220,Dallas,TX,32.866047,-96.81663,15000000,1192.0,,13775500.0,4528.0,7.0,9.0,12589.0,1950.0,1.621,singleFamily,23,2423400.0,2025,https://www.zillow.com,https://photos.zillowstatic.com/fp/e0a35e71e87a0546dd13a3c40fedef37-p_c.jpg,2026-07-20 10:49,For Sale
26830179,2351 Kingswood Dr,75228,Dallas,TX,32.7992,-96.71371,184900,190.0,-15000.0,,,3.0,1.0,972.0,1956.0,7492.32,singleFamily,34,282850.0,2025,https://www.zillow.com,https://photos.zillowstatic.com/fp/d366d4195452a0c11c577652f700e9ef-p_c.jpg,2026-07-20 10:49,For Sale
96514266,1815 Kingsley Dr,75216,Dallas,TX,32.688026,-96.79526,25000,,-2500.0,,1425.0,,,,,0.622,land,601,112500.0,2025,https://www.zillow.com,https://photos.zillowstatic.com/fp/7ca35be8edb4200e90775bb805a47094-p_c.jpg,2026-07-20 10:49,For Sale
26764165,6714 Day St,75227,Dallas,TX,32.76784,-96.704414,210000,169.0,,204900.0,1768.0,3.0,2.0,1243.0,1948.0,7579.44,singleFamily,19,176030.0,2025,https://www.zillow.com,https://photos.zillowstatic.com/fp/4ec22cdcbbeac5969f53d26620269795-p_c.jpg,2026-07-20 10:49,For Sale
26795670,1623 Fresno St,75217,Dallas,TX,32.740612,-96.693115,240000,109.0,-25000.0,234200.0,2721.0,6.0,2.0,2194.0,1954.0,9888.12,singleFamily,61,338390.0,2025,https://www.zillow.com,https://photos.zillowstatic.com/fp/6438154e2bc5f131cea2c08f8024b641-p_c.jpg,2026-07-20 10:49,For Sale
96532369,4718 Jamaica St,75210,Dallas,TX,32.778385,-96.74374,200000,157.0,,,1525.0,3.0,2.0,1272.0,2011.0,3789.72,singleFamily,19,198600.0,2025,https://www.zillow.com,https://photos.zillowstatic.com/fp/2e3ff2d4d8a07c8836e31a79541826f2-p_c.jpg,2026-07-20 10:49,For Sale
300036720,1527 Hickory St,75215,Dallas,TX,32.76908,-96.7874,319200,225.0,-179800.0,317500.0,2606.0,2.0,3.0,1418.0,2021.0,2352.0,singleFamily,65,463230.0,2025,https://www.zillow.com,https://photos.zillowstatic.com/fp/6040d22a17c122b1448e87b0ecea2eff-p_c.jpg,2026-07-20 10:49,For Sale
26693395,4310 Rawlins St,75219,Dallas,TX,32.816505,-96.81242,1450500,401.0,,1395300.0,6228.0,3.0,3.0,3616.0,1925.0,10062.36,singleFamily,1,1263090.0,2025,https://www.zillow.com,https://photos.zillowstatic.com/fp/fa54f45ee1d33aa4c7bfd49cdab6e3ce-p_c.jpg,2026-07-20 10:49,For Sale
26704284,5621 McCommas Blvd,75206,Dallas,TX,32.8302,-96.771515,1200000,512.0,-49000.0,,,3.0,4.0,2346.0,1928.0,8232.84,singleFamily,38,934880.0,2025,https://www.zillow.com,https://photos.zillowstatic.com/fp/e7eceaed3175176cdb699eb147fea8b0-p_c.jpg,2026-07-20 10:49,For Sale
26855532,8105 Silverdale Dr,75232,Dallas,TX,32.6491,-96.83514,205000,165.0,-25000.0,203500.0,1962.0,3.0,2.0,1240.0,1967.0,7797.24,singleFamily,57,204260.0,2025,https://www.zillow.com,https://photos.zillowstatic.com/fp/112ebd8ce16a0e33ed93d743aac60f6a-p_c.jpg,2026-07-20 10:49,For Sale
26598581,17429 Marianne Cir,75252,Dallas,TX,32.98904,-96.79875,799000,331.0,,762400.0,3969.0,3.0,3.0,2413.0,1983.0,0.424,singleFamily,3,651607.0,2025,https://www.zillow.com,https://photos.zillowstatic.com/fp/574e88106332479fe8707759396e9a8d-p_c.jpg,2026-07-20 10:49,For Sale
26751680,9039 Lanshire Dr,75238,Dallas,TX,32.863712,-96.72612,749900,472.0,,720800.0,3192.0,3.0,2.0,1590.0,1956.0,9426.384,singleFamily,6,707000.0,2025,https://www.zillow.com,https://photos.zillowstatic.com/fp/4ba6394cd7a1036bf5c96c0ca74ebe76-p_c.jpg,2026-07-20 10:49,For Sale
26752893,7210 Meadow Rd,75230,Dallas,TX,32.88698,-96.78103,1095000,324.0,,1051900.0,6140.0,4.0,4.0,3377.0,1969.0,0.298,singleFamily,4,895000.0,2025,https://www.zillow.com,https://photos.zillowstatic.com/fp/c4a6281b0c3a3823c911eac380a69e04-p_c.jpg,2026-07-20 10:49,For Sale
80221886,226 Cliff Heights Cir,75241,Dallas,TX,32.654808,-96.82023,254900,165.0,,,,5.0,2.0,1543.0,2006.0,2962.08,singleFamily,12,231660.0,2025,https://www.zillow.com,https://photos.zillowstatic.com/fp/303884ba9ad7d950d131e5d41641717a-p_c.jpg,2026-07-20 10:49,For Sale
462030608,3026 River Birch Dr,75253,Dallas,TX,32.658195,-96.653404,299900,187.0,,299200.0,2232.0,4.0,2.0,1607.0,2026.0,10010.088,singleFamily,82,,,https://www.zillow.com,https://photos.zillowstatic.com/fp/a161e25129185127f6e5285ab91eaa25-p_c.jpg,2026-07-20 10:49,For Sale
61869969,1999 McKinney Ave APT 1206,75201,Dallas,TX,32.79043,-96.80398,1195000,496.0,,1134000.0,5414.0,2.0,2.0,2407.0,2000.0,0.6681,condo,3,962800.0,2025,https://www.zillow.com,https://photos.zillowstatic.com/fp/1ff8f603521bfdb4a64d017bbce46a4d-p_c.jpg,2026-07-20 10:49,For Sale
26814311,6633 Emhouse St,75232,Dallas,TX,32.66675,-96.828224,245000,141.0,,241600.0,2250.0,4.0,2.0,1738.0,1949.0,10062.36,singleFamily,26,265760.0,2025,https://www.zillow.com,https://photos.zillowstatic.com/fp/ac3bc145aec85a5e339c8ee0d2272778-p_c.jpg,2026-07-20 10:49,For Sale
26878048,3716 Olney Ct,75241,Dallas,TX,32.66375,-96.75931,180000,133.0,-11800.0,,,3.0,2.0,1354.0,1962.0,7710.12,singleFamily,18,201620.0,2025,https://www.zillow.com,https://photos.zillowstatic.com/fp/862de458183d895ca11a5c325479de0f-p_c.jpg,2026-07-20 10:49,For Sale
26898667,3904 Rawlins St APT 110,75219,Dallas,TX,32.812366,-96.807724,325000,293.0,,313200.0,2126.0,2.0,3.0,1111.0,1985.0,0.582,condo,0,294110.0,2025,https://www.zillow.com,https://photos.zillowstatic.com/fp/d502bca5a9f829507fda105634bbaaa0-p_c.jpg,2026-07-20 10:49,For Sale
26851185,8711 Hackney Ln,75238,Dallas,TX,32.86743,-96.692184,475000,321.0,,,,3.0,2.0,1478.0,1960.0,7797.24,singleFamily,2,489270.0,2025,https://www.zillow.com,https://photos.zillowstatic.com/fp/365d3e68e9a8ba46e36e5492da544903-p_c.jpg,2026-07-20 10:49,For Sale
26779439,1631 Windchime Dr,75224,Dallas,TX,32.69317,-96.849174,375000,189.0,,367800.0,3721.0,4.0,3.0,1986.0,1968.0,7274.52,singleFamily,14,329600.0,2025,https://www.zillow.com,https://photos.zillowstatic.com/fp/34572a6f102ee139c487f6600ee9b181-p_c.jpg,2026-07-20 10:49,For Sale
248828051,8121 Ferguson Rd,75228,Dallas,TX,32.80433,-96.71146,465000,150.0,-10000.0,454000.0,2019.0,6.0,4.0,3098.0,1969.0,10628.64,multiFamily,60,514650.0,2025,https://www.zillow.com,https://photos.zillowstatic.com/fp/ad1b13fecf71156c1981f4d68a558ea5-p_c.jpg,2026-07-20 10:49,For Sale
96513896,10617 Bridge Hollow Ct,75229,Dallas,TX,32.891712,-96.821815,11900000,812.0,,,,6.0,10.0,14653.0,2018.0,1.442,singleFamily,24,13054400.0,2025,https://www.zillow.com,https://photos.zillowstatic.com/fp/1cad1d90350deecefe93978d5081628a-p_c.jpg,2026-07-20 10:49,For Sale
26710480,732 Haines Ave,75208,Dallas,TX,32.75202,-96.828835,735000,432.0,,706300.0,2652.0,2.0,3.0,1700.0,1910.0,0.326,singleFamily,11,820000.0,2025,https://www.zillow.com,https://photos.zillowstatic.com/fp/c6c09330d24dda8fca807a3d64bc52b7-p_c.jpg,2026-07-20 10:49,For Sale
26702921,6030 Morningside Ave,75206,Dallas,TX,32.828613,-96.76226,750000,382.0,-80000.0,,,3.0,2.0,1963.0,1948.0,7492.32,singleFamily,44,680570.0,2025,https://www.zillow.com,https://photos.zillowstatic.com/fp/7a39ae7b21bb44be09fadd3e91bb5178-p_c.jpg,2026-07-20 10:49,For Sale
67964626,1505 Elm St APT 1003,75201,Dallas,TX,32.781612,-96.79958,300000,147.0,,295000.0,5231.0,3.0,3.0,2045.0,1957.0,10018.8,condo,2,398780.0,2025,https://www.zillow.com,https://photos.zillowstatic.com/fp/e2a5c5098c238ddaadc3404980133678-p_c.jpg,2026-07-20 10:49,For Sale
26742155,1613 Pat Dr,75228,Dallas,TX,32.842297,-96.68297,200000,245.0,,193600.0,1571.0,2.0,1.0,816.0,1949.0,8128.296,singleFamily,5,228010.0,2025,https://www.zillow.com,https://photos.zillowstatic.com/fp/aed520c6a3ef75e7f474c9f22d3e9386-p_c.jpg,2026-07-20 10:49,For Sale
26843527,10320 Lynford Dr,75238,Dallas,TX,32.86715,-96.7086,1599950,385.0,,1554500.0,2854.0,4.0,6.0,4155.0,2026.0,7666.56,singleFamily,3,467430.0,2025,https://www.zillow.com,https://photos.zillowstatic.com/fp/565c29d35693619cce8552b517c68024-p_c.jpg,2026-07-20 10:49,For Sale
26846390,2304 Babalos Ln,75228,Dallas,TX,32.80822,-96.676125,399999,211.0,-10000.0,393300.0,2834.0,3.0,3.0,1892.0,1968.0,8433.216,singleFamily,26,361940.0,2025,https://www.zillow.com,https://photos.zillowstatic.com/fp/829ca234a8ff634af94febd0aac544b5-p_c.jpg,2026-07-20 10:49,For Sale
26849498,6633 Greenwich Ln,75230,Dallas,TX,32.91177,-96.79103,3795000,522.0,,3671800.0,5701.0,6.0,8.0,7270.0,2026.0,0.37,singleFamily,3,637200.0,2025,https://www.zillow.com,https://photos.zillowstatic.com/fp/a3207a6ed5250f3fdad6c0b175d1e165-p_c.jpg,2026-07-20 10:49,For Sale
26609948,5901 Flintshire Ln,75252,Dallas,TX,33.003475,-96.806114,900000,258.0,1000.0,,,4.0,3.0,3485.0,1983.0,0.25,singleFamily,9,1007778.0,2025,https://www.zillow.com,https://photos.zillowstatic.com/fp/397dfb4c3a7a7efa4e66d4ee7664ae51-p_c.jpg,2026-07-20 10:49,For Sale
26830834,8478 Banquo Dr,75228,Dallas,TX,32.806305,-96.70235,439900,307.0,,428400.0,2112.0,3.0,2.0,1433.0,1960.0,9060.48,singleFamily,3,380380.0,2025,https://www.zillow.com,https://photos.zillowstatic.com/fp/a248f1d5d5e7ebf2e34fa4dd2812dbb6-p_c.jpg,2026-07-20 10:49,For Sale
26892486,7334 Oakmore Dr,75249,Dallas,TX,32.63114,-96.95059,319997,154.0,,,2620.0,4.0,2.0,2083.0,1979.0,6664.68,singleFamily,18,300810.0,2025,https://www.zillow.com,https://photos.zillowstatic.com/fp/df5bdf5606e9132163a16a7f3accc1e3-p_c.jpg,2026-07-20 10:49,For Sale
26709762,218 N Rosemont Ave,75208,Dallas,TX,32.747173,-96.84747,499900,260.0,,484300.0,3152.0,3.0,2.0,1921.0,1925.0,7318.08,singleFamily,2,454000.0,2025,https://www.zillow.com,https://photos.zillowstatic.com/fp/75c20363b6a40f26452d7efef7a69685-p_c.jpg,2026-07-20 10:49,For Sale
27298891,17909 Brent Dr,75287,Dallas,TX,32.994884,-96.862274,474999,192.0,-15000.0,,,4.0,3.0,2470.0,1998.0,5967.72,singleFamily,115,481274.0,2025,https://www.zillow.com,https://photos.zillowstatic.com/fp/b3377790a924d54845f85ee4c527332a-p_c.jpg,2026-07-20 10:49,For Sale
26754886,6517 Prestonshire Ln,75225,Dallas,TX,32.87606,-96.79282,4850000,640.0,,4516900.0,21737.0,6.0,8.0,7584.0,2016.0,0.413,singleFamily,23,3800000.0,2025,https://www.zillow.com,https://photos.zillowstatic.com/fp/83e00841e87b5747d10438cd5f93507e-p_c.jpg,2026-07-20 10:49,For Sale
26931894,9837 Walnut St #207,75243,Dallas,TX,32.922836,-96.71392,125000,121.0,,121600.0,1551.0,2.0,2.0,1031.0,2018.0,8.814,condo,23,123720.0,2025,https://www.zillow.com,https://photos.zillowstatic.com/fp/e8c0329742b664bdf9ca86bb92306687-p_c.jpg,2026-07-20 10:49,For Sale
26914308,8364 Deep Green Dr,75249,Dallas,TX,32.646336,-96.96389,349000,159.0,,341600.0,2838.0,3.0,3.0,2201.0,1990.0,8058.6,singleFamily,2,299530.0,2025,https://www.zillow.com,https://photos.zillowstatic.com/fp/955e8398be84e2deb84a22243d93b1e7-p_c.jpg,2026-07-20 10:49,For Sale
26782150,4708 Dove Creek Way,75232,Dallas,TX,32.687206,-96.84905,269500,162.0,,265100.0,2210.0,3.0,2.0,1664.0,1956.0,0.5680000000000001,singleFamily,40,267150.0,2025,https://www.zillow.com,https://photos.zillowstatic.com/fp/0131330be0542d53ba63bf0eecf35d82-p_c.jpg,2026-07-20 10:49,For Sale
67961530,2522 Wilhurt Ave,75216,Dallas,TX,32.703674,-96.78344,149900,120.0,-10100.0,,1915.0,4.0,2.0,1244.0,1940.0,6359.76,singleFamily,50,246150.0,2025,https://www.zillow.com,https://photos.zillowstatic.com/fp/cf00a5b9db34c932e46b63392ef8d893-p_c.jpg,2026-07-20 10:49,For Sale
26857324,4755 Nome St,75216,Dallas,TX,32.7162,-96.74371,115000,105.0,-15000.0,,1680.0,2.0,2.0,1092.0,1940.0,7448.76,singleFamily,52,171970.0,2025,https://www.zillow.com,https://photos.zillowstatic.com/fp/952535001d053794236a22c71c1ec2ab-p_c.jpg,2026-07-20 10:49,For Sale
26700991,7045 Gaston Pkwy,75214,Dallas,TX,32.81498,-96.73558,899000,466.0,250000.0,863900.0,4353.0,3.0,2.0,1928.0,1958.0,9626.76,singleFamily,2,738230.0,2025,https://www.zillow.com,https://photos.zillowstatic.com/fp/f6f2f4d4d4f1463d83badff60aaf7541-p_c.jpg,2026-07-20 10:49,For Sale
53070026,7135 Debbe Dr,75252,Dallas,TX,32.99405,-96.78181,1125000,345.0,,1063000.0,5632.0,4.0,4.0,3261.0,1982.0,0.25,singleFamily,3,1011120.0,2025,https://www.zillow.com,https://photos.zillowstatic.com/fp/082657ee8b034acc579c2210a6336dcc-p_c.jpg,2026-07-20 10:49,For Sale
26871565,7208 Fernmeadow Dr,75248,Dallas,TX,32.950363,-96.78262,889000,293.0,,866100.0,4536.0,4.0,4.0,3034.0,1969.0,0.321,singleFamily,0,773040.0,2025,https://www.zillow.com,https://photos.zillowstatic.com/fp/2db0c9f6618562e2b61d00e6a162ebe7-p_c.jpg,2026-07-20 10:49,For Sale
67965414,3225 Turtle Creek Blvd APT 1220,75219,Dallas,TX,32.806835,-96.80463,455000,394.0,,436200.0,2183.0,2.0,2.0,1154.0,1998.0,3.536,condo,7,450060.0,2025,https://www.zillow.com,https://photos.zillowstatic.com/fp/cea35a81437dc9bc555f6ab00c7649ca-p_c.jpg,2026-07-20 10:49,For Sale
26680077,4129 Bowser Ave,75219,Dallas,TX,32.816257,-96.80915,746900,189.0,-39100.0,,,3.0,3.0,3956.0,1927.0,6141.96,singleFamily,52,1039410.0,2025,https://www.zillow.com,https://photos.zillowstatic.com/fp/58aaeebd5318249c8317fa1e5fe51600-p_c.jpg,2026-07-20 10:49,For Sale
26703265,6120 Kenwood Ave,75214,Dallas,TX,32.833076,-96.76047,1399000,381.0,,,,5.0,3.0,3674.0,1940.0,6795.36,singleFamily,3,1092020.0,2025,https://www.zillow.com,https://photos.zillowstatic.com/fp/7a33298aeb9773aa9d9874d8e403cdde-p_c.jpg,2026-07-20 10:49,For Sale
26703642,6018 Winton St,75206,Dallas,TX,32.835472,-96.763405,675000,379.0,-24900.0,654000.0,3498.0,2.0,3.0,1783.0,1941.0,6708.24,singleFamily,33,615460.0,2025,https://www.zillow.com,https://photos.zillowstatic.com/fp/4f534e9c457a2acec676f54219b6fd3f-p_c.jpg,2026-07-20 10:49,For Sale
53390066,1412 Santa Elena Plz,75211,Dallas,TX,32.733715,-96.915115,309500,164.0,-5500.0,305400.0,2606.0,4.0,3.0,1886.0,2000.0,6185.52,singleFamily,47,329800.0,2025,https://www.zillow.com,https://photos.zillowstatic.com/fp/f28dcf185c978c70092bbfb0d19bf917-p_c.jpg,2026-07-20 10:49,For Sale
69677337,4130 Newton Ave APT F,75219,Dallas,TX,32.81827,-96.80567,229000,190.0,-21000.0,221400.0,2647.0,1.0,2.0,1208.0,1974.0,9191.16,condo,64,320120.0,2025,https://www.zillow.com,https://photos.zillowstatic.com/fp/c40a6de5799a1cafea5a255068e0d553-p_c.jpg,2026-07-20 10:49,For Sale
26858963,12106 Landlock Dr,75218,Dallas,TX,32.860355,-96.69358,899900,331.0,,869300.0,3369.0,4.0,3.0,2715.0,1968.0,10585.08,singleFamily,0,633670.0,2025,https://www.zillow.com,https://photos.zillowstatic.com/fp/e157857d706d21de1e6587e34da83de0-p_c.jpg,2026-07-20 10:49,For Sale
26822323,6525 Palm Island St,75241,Dallas,TX,32.66635,-96.75114,150000,84.0,-10000.0,,2033.0,4.0,2.0,1790.0,1972.0,7535.88,singleFamily,88,256550.0,2025,https://www.zillow.com,https://photos.zillowstatic.com/fp/11599a24766e68ff098c5ca6bf9b3304-p_c.jpg,2026-07-20 10:49,For Sale
26809208,3542 Jubilee Trl,75229,Dallas,TX,32.900166,-96.8588,815000,303.0,275100.0,881700.0,4283.0,4.0,2.0,2689.0,1962.0,0.319,singleFamily,4,955390.0,2025,https://www.zillow.com,https://photos.zillowstatic.com/fp/f6238c55248120c7a6e02207e3d73720-p_c.jpg,2026-07-20 10:49,For Sale
248830055,3923 Cole Ave #102,75204,Dallas,TX,32.811783,-96.795425,650000,448.0,,630700.0,3365.0,2.0,3.0,1452.0,2016.0,0.327,condo,1,740520.0,2025,https://www.zillow.com,https://photos.zillowstatic.com/fp/a7399a1f3ff0675c1a495f4ca012ad3c-p_c.jpg,2026-07-20 10:49,For Sale
26863869,11623 Lochlynn Cir,75228,Dallas,TX,32.85092,-96.657974,230000,137.0,,227400.0,2296.0,3.0,2.0,1674.0,1978.0,8145.72,singleFamily,16,302770.0,2025,https://www.zillow.com,https://photos.zillowstatic.com/fp/61832a4738a1da29e2378dbb9640567f-p_c.jpg,2026-07-20 10:49,For Sale
26690099,6018 Prospect Ave,75206,Dallas,TX,32.81454,-96.76289,639000,454.0,,613900.0,2648.0,2.0,1.0,1408.0,1925.0,6621.12,singleFamily,3,439490.0,2025,https://www.zillow.com,https://photos.zillowstatic.com/fp/67940f4d05a198d23705223b26c5e212-p_c.jpg,2026-07-20 10:49,For Sale
96508124,4607 Metropolitan Ave,75210,Dallas,TX,32.778957,-96.745674,265000,187.0,-7800.0,,1878.0,3.0,2.0,1415.0,2026.0,5662.8,singleFamily,87,40170.0,2025,https://www.zillow.com,https://photos.zillowstatic.com/fp/a8fe76d9dd50a73d7c8fa0581b165d53-p_c.jpg,2026-07-20 10:49,For Sale
26840929,2647 Province Ln,75228,Dallas,TX,32.823578,-96.668526,279999,182.0,,276000.0,2135.0,4.0,2.0,1542.0,1954.0,8232.84,singleFamily,5,260600.0,2025,https://www.zillow.com,https://photos.zillowstatic.com/fp/c8922eb0e4c4c748bfddb13cfdcf7910-p_c.jpg,2026-07-20 10:49,For Sale
26743999,11367 Lippitt Ave,75218,Dallas,TX,32.856037,-96.68391,409000,264.0,,,,3.0,2.0,1551.0,1958.0,9278.28,singleFamily,3,383870.0,2025,https://www.zillow.com,https://photos.zillowstatic.com/fp/4d7afac6690210ce67c3c2261b2aed8a-p_c.jpg,2026-07-20 10:49,For Sale
26874199,6631 Fireflame Dr,75248,Dallas,TX,32.960667,-96.79233,815000,325.0,-14900.0,,,4.0,3.0,2506.0,1978.0,7492.32,singleFamily,33,540750.0,2025,https://www.zillow.com,https://photos.zillowstatic.com/fp/365949c8946bb9ab043a62d1308d2d8a-p_c.jpg,2026-07-20 10:49,For Sale
26809354,3343 Whitehall Dr,75229,Dallas,TX,32.90122,-96.86415,550000,296.0,,529000.0,3328.0,4.0,2.0,1856.0,1961.0,9931.68,singleFamily,3,528510.0,2025,https://www.zillow.com,https://photos.zillowstatic.com/fp/b04a4804748888ebbb2e172b3b71d34f-p_c.jpg,2026-07-20 10:49,For Sale
26839025,10811 Stone Canyon Pl,75230,Dallas,TX,32.894802,-96.77488,950000,280.0,-25000.0,,,3.0,3.0,3397.0,1978.0,0.309,singleFamily,37,1555000.0,2025,https://www.zillow.com,https://photos.zillowstatic.com/fp/0604d4af089ac4cb6d344b42a456bcee-p_c.jpg,2026-07-20 10:49,For Sale
26786620,559 Coolair Dr,75218,Dallas,TX,32.8512,-96.711685,1325000,399.0,,1286900.0,6282.0,4.0,4.0,3317.0,2022.0,7056.72,singleFamily,3,1282980.0,2025,https://www.zillow.com,https://photos.zillowstatic.com/fp/1024f048360f54d79269333ba5495690-p_c.jpg,2026-07-20 10:49,For Sale
349392894,1803 Temper Ln,75253,Dallas,TX,32.68542,-96.60857,236250,184.0,,,,3.0,2.0,1286.0,2024.0,0.2747,singleFamily,11,245280.0,2025,https://www.zillow.com,https://photos.zillowstatic.com/fp/477284bb93eafb3c5225e033850849d0-p_c.jpg,2026-07-20 10:49,For Sale
26826282,1729 Boca Chica Dr,75232,Dallas,TX,32.67108,-96.84865,799000,201.0,,772900.0,4205.0,4.0,2.0,3966.0,1958.0,0.393,singleFamily,23,396160.0,2025,https://www.zillow.com,https://photos.zillowstatic.com/fp/cecfa45ce6be5a66867c81389b58e44a-p_c.jpg,2026-07-20 10:49,For Sale
162433132,5550 Spring Valley Rd APT G24,75254,Dallas,TX,32.93879,-96.81258,202000,200.0,,196000.0,1765.0,2.0,2.0,1012.0,1983.0,4356.0,condo,0,196020.0,2025,https://www.zillow.com,https://photos.zillowstatic.com/fp/99e34b5112ad8686d67f74984f362c93-p_c.jpg,2026-07-20 10:49,For Sale
26694823,5712 Mercedes Ave,75206,Dallas,TX,32.827705,-96.76949,915000,517.0,,,,2.0,2.0,1771.0,1940.0,6751.8,singleFamily,2,716840.0,2025,https://www.zillow.com,https://photos.zillowstatic.com/fp/7713d40e3fe42cb59228d7e7d1928b84-p_c.jpg,2026-07-20 10:49,For Sale
26858919,12022 Dixfield Dr,75218,Dallas,TX,32.86001,-96.69651,675000,284.0,-50000.0,655500.0,3584.0,4.0,3.0,2374.0,1968.0,9321.84,singleFamily,2,585810.0,2025,https://www.zillow.com,https://photos.zillowstatic.com/fp/99b532dcf7956ebc9c8f7b1b05e7b850-p_c.jpg,2026-07-20 10:49,For Sale
26815085,6930 Trailcrest Dr,75232,Dallas,TX,32.663933,-96.835464,245000,138.0,-5000.0,236700.0,2062.0,3.0,2.0,1769.0,1968.0,9278.28,singleFamily,59,235090.0,2025,https://www.zillow.com,https://photos.zillowstatic.com/fp/9ea2f63748165d1e6d43254570324c4a-p_c.jpg,2026-07-20 10:49,For Sale
26704599,5332 Longview St,75206,Dallas,TX,32.830578,-96.778336,739000,357.0,-20000.0,,,3.0,3.0,2068.0,2005.0,3963.96,singleFamily,70,731620.0,2025,https://www.zillow.com,https://photos.zillowstatic.com/fp/4390a125fc11517c3b759ed69c99bcae-p_c.jpg,2026-07-20 10:49,For Sale
26717377,1126 N Windomere Ave,75208,Dallas,TX,32.758278,-96.8436,750000,416.0,-29000.0,,,3.0,2.0,1803.0,1925.0,7492.32,singleFamily,101,696410.0,2025,https://www.zillow.com,https://photos.zillowstatic.com/fp/51ab4b95869147bc69d5fb27f4ec7040-p_c.jpg,2026-07-20 10:49,For Sale
26850712,707 Bondstone Dr,75218,Dallas,TX,32.85229,-96.70435,825000,332.0,-39000.0,797500.0,4337.0,3.0,2.0,2488.0,1962.0,0.302,singleFamily,33,875000.0,2025,https://www.zillow.com,https://photos.zillowstatic.com/fp/58c7d81253729e9ccde613e94e8ce432-p_c.jpg,2026-07-20 10:49,For Sale
162169838,601 Cristler Ave,75223,Dallas,TX,32.802513,-96.7469,299000,145.0,-26000.0,298400.0,2831.0,4.0,3.0,2060.0,1922.0,7143.84,multiFamily,72,419230.0,2025,https://www.zillow.com,https://photos.zillowstatic.com/fp/180911ff5bc2b832485f93a3c05820c2-p_c.jpg,2026-07-20 10:49,For Sale
26586502,4808 Sea Pines Dr,75287,Dallas,TX,32.994404,-96.82649,1180000,332.0,,1132700.0,5082.0,4.0,3.0,3550.0,1984.0,0.26,singleFamily,3,1108486.0,2025,https://www.zillow.com,https://photos.zillowstatic.com/fp/38e2785a5ced89d62e5b07438690b327-p_c.jpg,2026-07-20 10:49,For Sale
26809829,3175 Northaven Rd,75229,Dallas,TX,32.9041,-96.871254,1875000,347.0,,403400.0,2625.0,5.0,6.0,5406.0,2026.0,0.364,singleFamily,9,325760.0,2025,https://www.zillow.com,https://photos.zillowstatic.com/fp/2986158ee29631ccb1f1a6777f368c83-p_c.jpg,2026-07-20 10:49,For Sale
26857232,4519 Yancy St,75216,Dallas,TX,32.71156,-96.74719,300000,199.0,,296100.0,2299.0,4.0,2.0,1510.0,2019.0,10759.32,singleFamily,26,309010.0,2025,https://www.zillow.com,https://photos.zillowstatic.com/fp/522db04673ec16faafa4f0aae26ece79-p_c.jpg,2026-07-20 10:49,For Sale
26896925,2210 Ben Hur St,75253,Dallas,TX,32.676193,-96.61515,115000,106.0,,183800.0,1669.0,3.0,1.0,1080.0,1950.0,7409.556,singleFamily,10,194790.0,2025,https://www.zillow.com,https://photos.zillowstatic.com/fp/eccd4c2dba13c1f6b11d5b877097c4f6-p_c.jpg,2026-07-20 10:49,For Sale
26750994,6396 Abrams Ct,75231,Dallas,TX,32.86111,-96.74454,379000,256.0,-10000.0,374200.0,2113.0,2.0,2.0,1480.0,1980.0,4094.64,singleFamily,92,376000.0,2025,https://www.zillow.com,https://photos.zillowstatic.com/fp/6579eefe10fe52f79b6704876798de9f-p_c.jpg,2026-07-20 10:49,For Sale
463650754,1904 McBroom St,75212,Dallas,TX,32.78237,-96.85047,799000,250.0,-26000.0,782300.0,4938.0,4.0,4.0,3200.0,2026.0,6141.96,singleFamily,16,,,https://www.zillow.com,https://photos.zillowstatic.com/fp/0110a4737654b219f2717f2d2973bd9d-p_c.jpg,2026-07-20 10:49,For Sale
26714129,2821 Gladstone Dr,75211,Dallas,TX,32.740543,-96.86706,175000,178.0,,,1886.0,2.0,1.0,982.0,1930.0,7492.32,singleFamily,2,220850.0,2025,https://www.zillow.com,https://photos.zillowstatic.com/fp/61a96cc4a810295f80fa7ecf820c299d-p_c.jpg,2026-07-20 10:49,For Sale
26657047,18008 Windflower Way,75252,Dallas,TX,32.997227,-96.80298,395000,211.0,,,,3.0,3.0,1869.0,1992.0,3049.2,singleFamily,16,450784.0,2025,https://www.zillow.com,https://photos.zillowstatic.com/fp/4e4f260f4db983be815f69dd40efd366-p_c.jpg,2026-07-20 10:49,For Sale
26857892,433 Cleaves St,75203,Dallas,TX,32.753185,-96.803314,550000,229.0,-25000.0,546500.0,4079.0,4.0,3.0,2400.0,2026.0,4007.52,singleFamily,42,95000.0,2025,https://www.zillow.com,https://photos.zillowstatic.com/fp/eda01bcbfe002e9cc3f28b26d425facd-p_c.jpg,2026-07-20 10:49,For Sale
26729594,1902 Norfolk Ave,75203,Dallas,TX,32.732082,-96.79639,339999,161.0,-10000.0,334800.0,2589.0,3.0,2.0,2108.0,1938.0,7361.64,singleFamily,32,363050.0,2025,https://www.zillow.com,https://photos.zillowstatic.com/fp/aadc73c23d3ea5caccfd4b7061a810ed-p_c.jpg,2026-07-20 10:49,For Sale
26855122,1306 Aldenwood Dr,75232,Dallas,TX,32.652504,-96.842575,165000,124.0,,213900.0,1712.0,3.0,2.0,1328.0,1977.0,8232.84,singleFamily,5,217830.0,2025,https://www.zillow.com,https://photos.zillowstatic.com/fp/d102361abf8d7ba60a19f90264159595-p_c.jpg,2026-07-20 10:49,For Sale
26853832,626 Shadyway Dr,75232,Dallas,TX,32.651527,-96.83278,249900,140.0,-55100.0,,,4.0,2.0,1788.0,1962.0,0.251,singleFamily,132,314330.0,2025,https://www.zillow.com,https://photos.zillowstatic.com/fp/a380b70b271fc17cdf3e2c2b73bda3f2-p_c.jpg,2026-07-20 10:49,For Sale
26813119,11839 High Meadow Dr,75234,Dallas,TX,32.911003,-96.86903,350000,224.0,,340400.0,2784.0,3.0,2.0,1560.0,1960.0,7927.92,singleFamily,4,306620.0,2025,https://www.zillow.com,https://photos.zillowstatic.com/fp/ebf1d165552b20502d83d73c0f20aca1-p_c.jpg,2026-07-20 10:49,For Sale
26790034,3808 Gaspar Dr,75220,Dallas,TX,32.869553,-96.85256,537000,411.0,253000.0,518800.0,2609.0,3.0,2.0,1306.0,1951.0,7143.84,singleFamily,1,473790.0,2025,https://www.zillow.com,https://photos.zillowstatic.com/fp/e647c434ac1e79fa9788d184920f352f-p_c.jpg,2026-07-20 10:49,For Sale
26743268,10832 Creekmere Dr,75218,Dallas,TX,32.85045,-96.69275,650000,327.0,,619300.0,2943.0,3.0,2.0,1986.0,1963.0,8799.12,singleFamily,12,567030.0,2025,https://www.zillow.com,https://photos.zillowstatic.com/fp/84538fa839d28783cfd43a9d16c8c643-p_c.jpg,2026-07-20 10:49,For Sale
67970799,14900 Lasater Rd Trailer 365,75253,Dallas,TX,32.67054,-96.613106,55000,42.0,,,1893.0,3.0,2.0,1300.0,1998.0,,manufactured,16,5160.0,2025,https://www.zillow.com,https://photos.zillowstatic.com/fp/5030b7015d2d4e961895947f902e1b76-p_c.jpg,2026-07-20 10:49,For Sale
162379155,4984 Thunder Rd,75244,Dallas,TX,32.923786,-96.82209,565000,238.0,,550800.0,4065.0,3.0,3.0,2369.0,1974.0,4138.2,singleFamily,2,559610.0,2025,https://www.zillow.com,https://photos.zillowstatic.com/fp/5cfa79f2d5fb01b321b4b1a290a48333-p_c.jpg,2026-07-20 10:49,For Sale
26813206,3323 High Brook Dr,75234,Dallas,TX,32.911716,-96.86583,430000,248.0,,415500.0,2760.0,3.0,2.0,1734.0,1961.0,7884.36,singleFamily,3,300000.0,2025,https://www.zillow.com,https://photos.zillowstatic.com/fp/0dba75a1f2c5b77c615c054fbe1dab30-p_c.jpg,2026-07-20 10:49,For Sale
26927701,4023 Wycliff Ave APT 204,75219,Dallas,TX,32.819965,-96.807594,275000,187.0,,266600.0,3032.0,3.0,2.0,1470.0,1965.0,0.263,condo,66,330000.0,2025,https://www.zillow.com,https://photos.zillowstatic.com/fp/feafb3b3e33f580f691b017c6d51886a-p_c.jpg,2026-07-20 10:49,For Sale
26849264,6815 Woodmark Ct,75230,Dallas,TX,32.91886,-96.78672,1315000,382.0,,1245000.0,6700.0,5.0,4.0,3441.0,1975.0,0.58,singleFamily,13,1059940.0,2025,https://www.zillow.com,https://photos.zillowstatic.com/fp/ca5240dd75577835cfc688fcf982ad68-p_c.jpg,2026-07-20 10:49,For Sale
26903149,7215 Lane Park Dr,75225,Dallas,TX,32.87223,-96.7813,1125000,405.0,,1073800.0,4342.0,3.0,3.0,2779.0,1983.0,5619.24,singleFamily,1,828560.0,2025,https://www.zillow.com,https://photos.zillowstatic.com/fp/ca8d8515d59cd6e4daa677991e1374d5-p_c.jpg,2026-07-20 10:49,For Sale
26827468,4577 Silver Springs Dr,75211,Dallas,TX,32.715897,-96.89581,295000,228.0,,285300.0,2186.0,3.0,2.0,1296.0,1961.0,7927.92,singleFamily,8,255490.0,2025,https://www.zillow.com,https://photos.zillowstatic.com/fp/fabb8df4118021a49e163bd4c49a055a-p_c.jpg,2026-07-20 10:49,For Sale
26840670,2335 Hartline Dr,75228,Dallas,TX,32.83021,-96.67694,399000,285.0,,389000.0,2186.0,4.0,2.0,1398.0,1954.0,9147.6,singleFamily,0,264210.0,2025,https://www.zillow.com,https://photos.zillowstatic.com/fp/ca641ce9f438c447a304cebd56eb145d-p_c.jpg,2026-07-20 10:49,For Sale
26887063,8517 Clover Meadow Dr,75243,Dallas,TX,32.894066,-96.73541,625000,192.0,-35000.0,617400.0,6465.0,4.0,4.0,3248.0,1978.0,0.29,singleFamily,242,755630.0,2025,https://www.zillow.com,https://photos.zillowstatic.com/fp/5d294644ce75c9ffbe9e95faf94f67a2-p_c.jpg,2026-07-20 10:49,For Sale
26701272,7015 Coronado Ave,75214,Dallas,TX,32.811996,-96.73766,950000,396.0,,903500.0,5825.0,3.0,3.0,2396.0,1945.0,7448.76,singleFamily,10,880820.0,2025,https://www.zillow.com,https://photos.zillowstatic.com/fp/e398d18a16cf881b0b0bf7b7563bf5bb-p_c.jpg,2026-07-20 10:49,For Sale
26812044,6916 Azalea Ln,75230,Dallas,TX,32.897087,-96.7873,5750000,730.0,,3564000.0,7908.0,6.0,7.0,7879.0,2026.0,0.375,singleFamily,10,1044470.0,2025,https://www.zillow.com,https://photos.zillowstatic.com/fp/8fdb8a7513f7275fa0d9982c5a61dddf-p_c.jpg,2026-07-20 10:49,For Sale
26866539,9624 Greensprint Dr,75238,Dallas,TX,32.88456,-96.72177,1300000,293.0,,,,4.0,5.0,4436.0,1980.0,9452.52,singleFamily,2,993500.0,2025,https://www.zillow.com,https://photos.zillowstatic.com/fp/d29680764065905fb9af72becd7d341e-p_c.jpg,2026-07-20 10:49,For Sale
26695666,5606 Mercedes Ave,75206,Dallas,TX,32.828007,-96.7719,945000,529.0,,903900.0,5137.0,3.0,2.0,1788.0,1926.0,7797.24,singleFamily,17,878690.0,2025,https://www.zillow.com,https://photos.zillowstatic.com/fp/1c0f3f35264583788a7cab6693ef375c-p_c.jpg,2026-07-20 10:49,For Sale
26697311,5318 Denton Dr,75235,Dallas,TX,32.82033,-96.82966,895000,378.0,,865000.0,4724.0,3.0,3.0,2365.0,1999.0,7579.44,singleFamily,9,678430.0,2025,https://www.zillow.com,https://photos.zillowstatic.com/fp/34bed49bf1d61677050cba50f7d6f41d-p_c.jpg,2026-07-20 10:49,For Sale
26795489,1454 Whitley Dr,75217,Dallas,TX,32.736538,-96.68992,150000,100.0,-18000.0,,1833.0,4.0,2.0,1499.0,1951.0,7797.24,singleFamily,48,240190.0,2025,https://www.zillow.com,https://photos.zillowstatic.com/fp/95e17f722c4cc1c89478e45c7ea613a2-p_c.jpg,2026-07-20 10:49,For Sale
26780263,4106 Boulder Dr,75233,Dallas,TX,32.693462,-96.87376,615000,170.0,,592500.0,4352.0,5.0,4.0,3612.0,1963.0,0.47900000000000004,singleFamily,10,600000.0,2025,https://www.zillow.com,https://photos.zillowstatic.com/fp/4ff8445a0d22ab5dbd67ff6c05ad8b41-p_c.jpg,2026-07-20 10:49,For Sale
53071042,18636 Crownover Ct,75252,Dallas,TX,33.00516,-96.79521,600000,248.0,,579600.0,4239.0,3.0,3.0,2422.0,1981.0,10454.4,singleFamily,16,572707.0,2025,https://www.zillow.com,https://photos.zillowstatic.com/fp/71aaadd36a4a30898a9793fa53a28302-p_c.jpg,2026-07-20 10:49,For Sale
26823234,1743 Indian Summer Trl,75241,Dallas,TX,32.6743,-96.7936,189900,78.0,-10000.0,186500.0,2667.0,3.0,3.0,2427.0,1962.0,0.40499999999999997,singleFamily,71,190870.0,2025,https://www.zillow.com,https://photos.zillowstatic.com/fp/adbfddfde02a514444608af1d819b22e-p_c.jpg,2026-07-20 10:49,For Sale
339377551,1852 Mecca St,75206,Dallas,TX,32.812443,-96.7625,959000,342.0,,943500.0,7880.0,4.0,4.0,2806.0,2023.0,1398.276,singleFamily,2,838000.0,2025,https://www.zillow.com,https://photos.zillowstatic.com/fp/0776b6582d11ed2333fb02a01598675d-p_c.jpg,2026-07-20 10:49,For Sale
96529449,4322 Robert L Parish Sr Ave,75210,Dallas,TX,32.770184,-96.740906,149900,146.0,-10000.0,149100.0,1779.0,3.0,2.0,1028.0,2021.0,5619.24,singleFamily,32,234310.0,2025,https://www.zillow.com,https://photos.zillowstatic.com/fp/0dfcf39515f8132fd1a4f09b8589bead-p_c.jpg,2026-07-20 10:49,For Sale
26704415,5418 Martel Ave,75206,Dallas,TX,32.831528,-96.77648,850000,339.0,,821100.0,5456.0,3.0,3.0,2509.0,2006.0,3397.68,singleFamily,2,801350.0,2025,https://www.zillow.com,https://photos.zillowstatic.com/fp/e3d02668cd0cb5a20f514df0301ace04-p_c.jpg,2026-07-20 10:49,For Sale
2070165159,6808 Wofford Ave,75227,Dallas,TX,32.768658,-96.702805,190000,184.0,-9000.0,187600.0,1628.0,2.0,2.0,1035.0,1948.0,6621.12,singleFamily,76,,,https://www.zillow.com,https://photos.zillowstatic.com/fp/6eb04fabecf2a679ffcb8e24d46b3a2c-p_c.jpg,2026-07-20 10:49,For Sale
26883459,11926 Leisure Dr,75243,Dallas,TX,32.911163,-96.71145,175000,118.0,-9900.0,179200.0,2234.0,3.0,3.0,1478.0,1974.0,2613.6,townhome,32,237900.0,2025,https://www.zillow.com,https://photos.zillowstatic.com/fp/bb78898cd61d739bace1d102375e5263-p_c.jpg,2026-07-20 10:49,For Sale
245228881,5914 Lindell Ave #200,75206,Dallas,TX,32.808662,-96.766045,459000,284.0,,,,2.0,3.0,1619.0,2015.0,7187.4,condo,9,480640.0,2025,https://www.zillow.com,https://photos.zillowstatic.com/fp/877e10efab0f0f97e02f9ce531ac15c9-p_c.jpg,2026-07-20 10:49,For Sale
26703725,6044 Kenwood Ave,75206,Dallas,TX,32.833076,-96.76233,825000,475.0,,,,2.0,2.0,1736.0,1940.0,7187.4,singleFamily,24,779980.0,2025,https://www.zillow.com,https://photos.zillowstatic.com/fp/dd5162c093cd2cdadf1be36a61f43162-p_c.jpg,2026-07-20 10:49,For Sale
26905140,4720 Urban Ave,75227,Dallas,TX,32.77895,-96.69594,300000,160.0,,,,3.0,3.0,1870.0,1999.0,6403.32,singleFamily,4,283420.0,2025,https://www.zillow.com,https://photos.zillowstatic.com/fp/3d91ae44bac26ff337b082c14c37238f-p_c.jpg,2026-07-20 10:49,For Sale
26912834,7718 Arborside Dr,75231,Dallas,TX,32.885506,-96.74431,749000,339.0,,719400.0,4165.0,3.0,3.0,2207.0,1979.0,9539.64,singleFamily,12,707450.0,2025,https://www.zillow.com,https://photos.zillowstatic.com/fp/eb20dc655f0912729986637e3bdabbd8-p_c.jpg,2026-07-20 10:49,For Sale
26882562,13052 Fall Manor Dr,75243,Dallas,TX,32.92621,-96.712944,489795,187.0,-5205.0,482000.0,3760.0,4.0,3.0,2619.0,1979.0,0.252,singleFamily,31,478820.0,2025,https://www.zillow.com,https://photos.zillowstatic.com/fp/a0577111af8f2bbf085f8cd36b9a9bb1-p_c.jpg,2026-07-20 10:49,For Sale
26689227,6122 Bryan Pkwy,75206,Dallas,TX,32.810043,-96.761925,1250000,346.0,,1197000.0,7814.0,4.0,3.0,3617.0,1999.0,6621.12,singleFamily,10,975090.0,2025,https://www.zillow.com,https://photos.zillowstatic.com/fp/a777eccb9d98f34337980c2f7ea3d3dc-p_c.jpg,2026-07-20 10:49,For Sale
26749347,6405 Glennox Ln,75214,Dallas,TX,32.850258,-96.75257,695000,209.0,-30000.0,677500.0,6737.0,5.0,4.0,3330.0,1953.0,0.256,singleFamily,65,726710.0,2025,https://www.zillow.com,https://photos.zillowstatic.com/fp/f36a5073d75d9f6e012cf239716c3c4a-p_c.jpg,2026-07-20 10:49,For Sale
26689678,5938 Llano Ave,75206,Dallas,TX,32.82173,-96.764175,650000,376.0,,,,3.0,2.0,1727.0,1925.0,7579.44,singleFamily,3,570890.0,2025,https://www.zillow.com,https://photos.zillowstatic.com/fp/109d45a1ec128a8996f6b26894516976-p_c.jpg,2026-07-20 10:49,For Sale
457426493,3639 Pueblo St,75212,Dallas,TX,32.78095,-96.88061,449000,254.0,,443200.0,3043.0,3.0,4.0,1765.0,2025.0,7361.64,singleFamily,9,,,https://www.zillow.com,https://photos.zillowstatic.com/fp/70387f31fd3b51cd171270563321b1ef-p_c.jpg,2026-07-20 10:49,For Sale
26586585,5023 Spyglass Dr,75287,Dallas,TX,32.991024,-96.82112,1199900,306.0,,1162300.0,6822.0,5.0,5.0,3923.0,1985.0,0.27999999999999997,singleFamily,23,1056862.0,2025,https://www.zillow.com,https://photos.zillowstatic.com/fp/4d0515aaaee5da6d516cb174bdab5cca-p_c.jpg,2026-07-20 10:49,For Sale
26840194,9357 Creel Creek Dr,75228,Dallas,TX,32.82141,-96.69606,865000,264.0,,,,4.0,5.0,3276.0,1965.0,10802.88,singleFamily,4,659130.0,2025,https://www.zillow.com,https://photos.zillowstatic.com/fp/d6824caea686556c43545829761a4aed-p_c.jpg,2026-07-20 10:49,For Sale
26825463,5910 Cedar Glen Dr,75232,Dallas,TX,32.676098,-96.84037,199991,138.0,,207500.0,2024.0,3.0,2.0,1450.0,1963.0,8145.72,singleFamily,5,245940.0,2025,https://www.zillow.com,https://photos.zillowstatic.com/fp/cb9d4b2e5ff3095df9c9ff5c50d18eff-p_c.jpg,2026-07-20 10:49,For Sale
462787428,3193 & 3195 Stag Rd,75241,Dallas,TX,32.69554,-96.76238,685000,199.0,-15000.0,679500.0,2641.0,6.0,6.0,3440.0,2026.0,6882.48,multiFamily,51,,,https://www.zillow.com,https://photos.zillowstatic.com/fp/9c6a2122c5adca5037f39bbcd556103b-p_c.jpg,2026-07-20 10:49,For Sale
26736375,3819 Wemdon Dr,75220,Dallas,TX,32.86563,-96.85217,1300000,267.0,,1271500.0,6894.0,6.0,8.0,4870.0,2024.0,9321.84,singleFamily,3,1605800.0,2025,https://www.zillow.com,https://photos.zillowstatic.com/fp/7a5f48f0b4fe34073f43f01f11cc250f-p_c.jpg,2026-07-20 10:49,For Sale
26873071,15745 Havenrock Cir,75248,Dallas,TX,32.9643,-96.78187,675000,276.0,-24000.0,658100.0,4973.0,4.0,3.0,2447.0,1970.0,7361.64,singleFamily,24,487960.0,2025,https://www.zillow.com,https://photos.zillowstatic.com/fp/55445e4a9bd873c12a893424317c1985-p_c.jpg,2026-07-20 10:49,For Sale
80232237,6939 Chackbay Ln,75227,Dallas,TX,32.788902,-96.715324,469000,186.0,,461600.0,3082.0,3.0,2.0,2528.0,2006.0,7535.88,singleFamily,0,482740.0,2025,https://www.zillow.com,https://photos.zillowstatic.com/fp/6c61451e9155861ff025e2c48f9edf3d-p_c.jpg,2026-07-20 10:49,For Sale
26814285,6632 Emhouse St,75232,Dallas,TX,32.66675,-96.82754,199000,112.0,,173100.0,1533.0,4.0,2.0,1783.0,1949.0,9931.68,singleFamily,2,162150.0,2025,https://www.zillow.com,https://photos.zillowstatic.com/fp/779826b93161997288261be771533c33-p_c.jpg,2026-07-20 10:49,For Sale
60346601,13329 Southview Ln,75240,Dallas,TX,32.929558,-96.76768,275000,170.0,,,,3.0,2.0,1618.0,1968.0,4878.72,singleFamily,76,242430.0,2025,https://www.zillow.com,https://photos.zillowstatic.com/fp/d3f6a62f58a643135991119e237adf46-p_c.jpg,2026-07-20 10:49,For Sale
26739842,9035 San Benito Way,75218,Dallas,TX,32.822525,-96.702446,1729000,402.0,-50000.0,1687200.0,7829.0,4.0,5.0,4300.0,2026.0,9583.2,singleFamily,22,441580.0,2025,https://www.zillow.com,https://photos.zillowstatic.com/fp/678df14ef6101e4e9f8c19b370b60944-p_c.jpg,2026-07-20 10:49,For Sale
26598532,6209 Baymar Ln,75252,Dallas,TX,32.989975,-96.79703,1248000,381.0,,1181000.0,5719.0,5.0,3.0,3272.0,1983.0,0.58,singleFamily,10,820024.0,2025,https://www.zillow.com,https://photos.zillowstatic.com/fp/e029882721e7b5e90b0dc1567c6f1fcf-p_c.jpg,2026-07-20 10:49,For Sale
26709098,629 Melba St,75208,Dallas,TX,32.74748,-96.83343,340000,234.0,,333000.0,1950.0,3.0,1.0,1456.0,1920.0,5575.68,singleFamily,0,399370.0,2025,https://www.zillow.com,https://photos.zillowstatic.com/fp/54dd873ad6d1e52fa68a7135b9af4ba7-p_c.jpg,2026-07-20 10:49,For Sale
26903405,9022 Villa Park Cir,75225,Dallas,TX,32.872677,-96.77756,497000,296.0,,,,3.0,2.0,1678.0,1966.0,5183.64,singleFamily,17,361360.0,2025,https://www.zillow.com,https://photos.zillowstatic.com/fp/c4674fb1f5ba550a9cf9cd5d43af343f-p_c.jpg,2026-07-20 10:49,For Sale
26690226,6047 Vickery Blvd,75206,Dallas,TX,32.82314,-96.76171,684000,378.0,-15000.0,665700.0,3291.0,2.0,2.0,1808.0,1932.0,7013.16,singleFamily,74,585660.0,2025,https://www.zillow.com,https://photos.zillowstatic.com/fp/ff196e095d49546e26a88575b57c0124-p_c.jpg,2026-07-20 10:49,For Sale
162362971,9606 Glenacre Ln,75243,Dallas,TX,32.895626,-96.724464,425000,203.0,-10000.0,416100.0,2342.0,3.0,3.0,2094.0,1978.0,3876.84,singleFamily,71,388170.0,2025,https://www.zillow.com,https://photos.zillowstatic.com/fp/c0ae7b4049303065b761d75f269df208-p_c.jpg,2026-07-20 10:49,For Sale
80242095,6131 Balcony Ln,75241,Dallas,TX,32.668285,-96.77045,268000,130.0,,,2479.0,3.0,2.0,2060.0,2006.0,5488.56,singleFamily,9,310830.0,2025,https://www.zillow.com,https://photos.zillowstatic.com/fp/903aebd373c414bb2b3c65a8d67281a6-p_c.jpg,2026-07-20 10:49,For Sale
26706213,6625 Bob O Link Dr,75214,Dallas,TX,32.831596,-96.745895,2875000,702.0,,,,4.0,3.0,4098.0,1949.0,0.335,singleFamily,10,1900230.0,2025,https://www.zillow.com,https://photos.zillowstatic.com/fp/5df7519a31cdb0116a65f83fc6d1f5c8-p_c.jpg,2026-07-20 10:49,For Sale
26882782,13426 Whispering Hills Dr,75243,Dallas,TX,32.930664,-96.708855,379000,207.0,,372900.0,2545.0,3.0,2.0,1828.0,1979.0,7753.68,singleFamily,4,369580.0,2025,https://www.zillow.com,https://photos.zillowstatic.com/fp/90f81a6eada6384c72953ee04fa2a2db-p_c.jpg,2026-07-20 10:49,For Sale
26817361,9925 Homeplace Dr,75217,Dallas,TX,32.72489,-96.65167,215000,189.0,,208400.0,1844.0,3.0,2.0,1140.0,1970.0,7579.44,singleFamily,0,227030.0,2025,https://www.zillow.com,https://photos.zillowstatic.com/fp/d405e18c87fef20852628cf05c87cffd-p_c.jpg,2026-07-20 10:49,For Sale
26808610,3304 Townsend Dr,75229,Dallas,TX,32.89853,-96.868126,1895000,374.0,,1834700.0,7302.0,4.0,6.0,5072.0,2026.0,10018.8,singleFamily,13,541670.0,2025,https://www.zillow.com,https://photos.zillowstatic.com/fp/66b1189d4fd75121da4f78b9d2c2238e-p_c.jpg,2026-07-20 10:49,For Sale
336871821,1504 Burlew St Unit 101,75204,Dallas,TX,32.80067,-96.77944,500000,332.0,,487500.0,2873.0,2.0,3.0,1505.0,2017.0,0.261,townhome,10,443980.0,2025,https://www.zillow.com,https://photos.zillowstatic.com/fp/d5937063c6a3c3fb0629b44f011316a3-p_c.jpg,2026-07-20 10:49,For Sale
26760464,5807 Glen Falls Ln,75209,Dallas,TX,32.86401,-96.81352,9625000,1056.0,,9067000.0,7586.0,5.0,8.0,9118.0,2026.0,0.514,singleFamily,30,2015100.0,2025,https://www.zillow.com,https://photos.zillowstatic.com/fp/bb7da9088016786ee4b772862254593b-p_c.jpg,2026-07-20 10:49,For Sale
26866916,9544 Crestedge Dr,75238,Dallas,TX,32.877815,-96.724594,1150000,393.0,,1100000.0,3637.0,4.0,3.0,2924.0,1968.0,9757.44,singleFamily,18,922200.0,2025,https://www.zillow.com,https://photos.zillowstatic.com/fp/77a800736ef6650b16442a7f22118ba7-p_c.jpg,2026-07-20 10:49,For Sale
26704291,5535 McCommas Blvd,75206,Dallas,TX,32.83021,-96.773,1175000,512.0,-24000.0,1139600.0,5959.0,4.0,3.0,2294.0,1928.0,8624.88,singleFamily,48,935000.0,2025,https://www.zillow.com,https://photos.zillowstatic.com/fp/b1a60f2881ee45a403d8c7b76f79fe56-p_c.jpg,2026-07-20 10:49,For Sale
96515292,4858 Nuevo Laredo Ct,75236,Dallas,TX,32.680622,-96.90645,289900,172.0,,284600.0,2246.0,4.0,2.0,1690.0,2015.0,6155.028,singleFamily,11,298110.0,2025,https://www.zillow.com,https://photos.zillowstatic.com/fp/0ba0fe7ddc71ae096b55fa81bf4593e7-p_c.jpg,2026-07-20 10:49,For Sale
463650776,4418 Myrtle,75210,Dallas,TX,32.75643,-96.75614,249900,194.0,-5000.0,249700.0,1996.0,3.0,2.0,1290.0,2026.0,6250.86,singleFamily,16,,,https://www.zillow.com,https://photos.zillowstatic.com/fp/3bf5e8c69b3cc8499afa4f5a2075f4cc-p_c.jpg,2026-07-20 10:49,For Sale
26653330,17919 Castle Bend Dr,75287,Dallas,TX,32.99514,-96.831825,1100000,261.0,,1059600.0,5572.0,4.0,4.0,4209.0,1993.0,0.25,singleFamily,13,944840.0,2025,https://www.zillow.com,https://photos.zillowstatic.com/fp/d847ccb2e53242968ff4bf1d24b80730-p_c.jpg,2026-07-20 10:49,For Sale
2059990719,5233 Terry St,75223,Dallas,TX,32.79585,-96.75711,584900,270.0,,,,3.0,3.0,2166.0,2022.0,3615.48,singleFamily,7,553130.0,2025,https://www.zillow.com,https://photos.zillowstatic.com/fp/acde0fbaa4d2f2be80da2dcdbc1b6a81-p_c.jpg,2026-07-20 10:49,For Sale
84004785,4111 Newton Ave APT 38,75219,Dallas,TX,32.818935,-96.80592,599000,325.0,,581200.0,4482.0,2.0,3.0,1842.0,2007.0,1742.4,townhome,1,644700.0,2025,https://www.zillow.com,https://photos.zillowstatic.com/fp/f1556df0896a1ceacfa1d302acc85232-p_c.jpg,2026-07-20 10:49,For Sale
80228837,13731 Biggs St,75253,Dallas,TX,32.68139,-96.59222,227000,139.0,-3000.0,,,4.0,2.0,1638.0,2004.0,5227.2,singleFamily,323,228290.0,2025,https://www.zillow.com,https://photos.zillowstatic.com/fp/b46ee95d5284bf4a32a160246f9bd7ee-p_c.jpg,2026-07-20 10:49,For Sale
26701570,6427 Lakewood Blvd,75214,Dallas,TX,32.818043,-96.751884,1750000,478.0,-40000.0,,,5.0,4.0,3662.0,1925.0,8799.12,singleFamily,72,1320700.0,2025,https://www.zillow.com,https://photos.zillowstatic.com/fp/48e1c5704ef78e182648c47376e7d0d1-p_c.jpg,2026-07-20 10:49,For Sale
26712875,818 N Windomere Ave,75208,Dallas,TX,32.753063,-96.845024,439897,481.0,,424000.0,2143.0,2.0,1.0,915.0,1921.0,2439.36,singleFamily,2,267420.0,2025,https://www.zillow.com,https://photos.zillowstatic.com/fp/19cac6d745540bd680e622ef85ddddb5-p_c.jpg,2026-07-20 10:49,For Sale
26869026,9648 Fallbrook Dr,75243,Dallas,TX,32.901955,-96.73008,900000,266.0,,,4914.0,4.0,4.0,3385.0,1973.0,8450.64,singleFamily,3,589880.0,2025,https://www.zillow.com,https://photos.zillowstatic.com/fp/c37343fcf704fbe9ab55a3717249480d-p_c.jpg,2026-07-20 10:49,For Sale
26806969,3609 Stables Ln,75229,Dallas,TX,32.882267,-96.86013,550000,196.0,,597700.0,1824.0,4.0,4.0,2808.0,1970.0,8380.944,multiFamily,3,505410.0,2025,https://www.zillow.com,https://photos.zillowstatic.com/fp/49f02c1b8cae2708d58b9e3a6ec1a94f-p_c.jpg,2026-07-20 10:49,For Sale
26739317,8522 Park Ln APT 6,75231,Dallas,TX,32.870304,-96.75759,185000,87.0,-5000.0,,,2.0,3.0,2120.0,1979.0,1.235,singleFamily,149,275600.0,2025,https://www.zillow.com,https://photos.zillowstatic.com/fp/96e6d3893c340538e772cd272313ee47-p_c.jpg,2026-07-20 10:49,For Sale
26787259,635 Classen Dr,75218,Dallas,TX,32.85325,-96.703964,525000,243.0,-25000.0,513700.0,3809.0,3.0,2.0,2160.0,1959.0,10284.516,singleFamily,73,548350.0,2025,https://www.zillow.com,https://photos.zillowstatic.com/fp/b0fe86d31a1bc4bea2713036639ab4cd-p_c.jpg,2026-07-20 10:49,For Sale
26693208,4311 N Hall St,75219,Dallas,TX,32.81537,-96.81385,1300000,385.0,,,,3.0,4.0,3377.0,1923.0,0.47000000000000003,singleFamily,2,1021100.0,2025,https://www.zillow.com,https://photos.zillowstatic.com/fp/6eb75b6c29f8bc2b7df60871202388f2-p_c.jpg,2026-07-20 10:49,For Sale
26732830,5012 Wateka Dr,75209,Dallas,TX,32.843914,-96.82558,655000,346.0,,625000.0,4008.0,3.0,3.0,1892.0,1946.0,8058.6,singleFamily,0,650000.0,2025,https://www.zillow.com,https://photos.zillowstatic.com/fp/19a84e837a5d527fbd4cd919808eebb2-p_c.jpg,2026-07-20 10:49,For Sale
26678921,4725 Swiss Ave,75204,Dallas,TX,32.80015,-96.772545,639000,267.0,-10000.0,618500.0,3872.0,4.0,3.0,2396.0,1910.0,7013.16,singleFamily,59,486770.0,2025,https://www.zillow.com,https://photos.zillowstatic.com/fp/686121dc4f9f4c716b68bf8106acea2a-p_c.jpg,2026-07-20 10:49,For Sale
26900699,14151 Montfort Dr APT 252,75254,Dallas,TX,32.941467,-96.81606,250000,189.0,50000.0,,,2.0,2.0,1323.0,1981.0,10.632,singleFamily,31,238140.0,2025,https://www.zillow.com,https://photos.zillowstatic.com/fp/6171f7d31bf84dfb29d625a7f09e414d-p_c.jpg,2026-07-20 10:49,For Sale
463361760,1371 Cooper St,75215,Dallas,TX,32.755806,-96.77512,240000,141.0,,240200.0,3042.0,4.0,3.0,1706.0,2026.0,8363.52,singleFamily,30,,,https://www.zillow.com,https://photos.zillowstatic.com/fp/0fc782bd410e4640aa4d991bbfcdec9c-p_c.jpg,2026-07-20 10:49,For Sale
26879828,3543 Ridgebriar Dr,75234,Dallas,TX,32.915077,-96.85929,365000,166.0,,354100.0,2825.0,4.0,2.0,2205.0,1962.0,7579.44,singleFamily,44,329140.0,2025,https://www.zillow.com,https://photos.zillowstatic.com/fp/310debec9fb56c24b49bda0a5bf5b0dd-p_c.jpg,2026-07-20 10:49,For Sale
26892307,7105 Pineberry Rd,75249,Dallas,TX,32.636818,-96.9457,185000,151.0,-14000.0,183800.0,1611.0,2.0,2.0,1227.0,1981.0,5140.08,singleFamily,65,210150.0,2025,https://www.zillow.com,https://photos.zillowstatic.com/fp/75724265ff120ff4fd9b8f455d307231-p_c.jpg,2026-07-20 10:49,For Sale
453046203,9839 Walnut St APT T206,75243,Dallas,TX,32.916245,-96.736465,66500,65.0,-500.0,,1496.0,2.0,2.0,1031.0,1981.0,,condo,76,,,https://www.zillow.com,https://photos.zillowstatic.com/fp/74d8b81a585e6d3939040f4bfa812cdf-p_c.jpg,2026-07-20 10:49,For Sale
26632277,4133 Winding Way Ct,75287,Dallas,TX,33.00884,-96.83971,399000,176.0,-31000.0,395500.0,3872.0,3.0,2.0,2268.0,1986.0,7405.2,singleFamily,135,539667.0,2025,https://www.zillow.com,https://photos.zillowstatic.com/fp/65f37f0fa21a264d044b89aa425962bd-p_c.jpg,2026-07-20 10:49,For Sale
26702846,5946 Mercedes Ave,75206,Dallas,TX,32.827667,-96.76381,1295000,397.0,-55000.0,1266000.0,6000.0,4.0,3.0,3264.0,1932.0,7100.28,singleFamily,51,975380.0,2025,https://www.zillow.com,https://photos.zillowstatic.com/fp/f13e87f704b72c7f3b85dade56cad73a-p_c.jpg,2026-07-20 10:49,For Sale
26725800,7141 Twin Tree Ln,75214,Dallas,TX,32.84448,-96.73464,2300000,708.0,,2127300.0,6056.0,3.0,3.0,3247.0,1956.0,0.485,singleFamily,4,1646090.0,2025,https://www.zillow.com,https://photos.zillowstatic.com/fp/c685ce1f5d1d41c5f00abdeebdd89b26-p_c.jpg,2026-07-20 10:49,For Sale
26784363,3822 Vandervort Dr,75216,Dallas,TX,32.71742,-96.765434,469900,149.0,-4600.0,,,4.0,4.0,3150.0,1955.0,0.373,singleFamily,87,276450.0,2025,https://www.zillow.com,https://photos.zillowstatic.com/fp/c32f5ea196010687ce89a5698cc7383f-p_c.jpg,2026-07-20 10:49,For Sale
26728729,423 W Colorado Blvd,75208,Dallas,TX,32.759712,-96.82833,2100000,491.0,,,6499.0,3.0,5.0,4276.0,2021.0,7971.48,singleFamily,2,536000.0,2019,https://www.zillow.com,https://photos.zillowstatic.com/fp/bd5d94ceaa868fef40586cda1c5f4ce3-p_c.jpg,2026-07-20 10:49,For Sale
80241858,1966 Courtside Dr,75051,Grand Prairie,TX,32.724297,-96.97499,334900,143.0,,330500.0,3063.0,5.0,4.0,2339.0,2006.0,5009.4,singleFamily,9,440890.0,2025,https://www.zillow.com,https://photos.zillowstatic.com/fp/a011d47a348a5f29917a9d088720f67a-p_c.jpg,2026-07-20 10:49,For Sale
26889447,6501 Copper Creek Dr,75248,Dallas,TX,32.96864,-96.795364,949000,349.0,,910500.0,4467.0,4.0,3.0,2723.0,1979.0,10149.48,singleFamily,18,800000.0,2025,https://www.zillow.com,https://photos.zillowstatic.com/fp/430c983c9c9c5668fb86bf5bdd573df6-p_c.jpg,2026-07-20 10:49,For Sale
53390345,509 Elm St APT 503,75202,Dallas,TX,32.779938,-96.807526,239000,283.0,-6000.0,229600.0,1893.0,1.0,1.0,845.0,1930.0,10018.8,condo,74,251840.0,2025,https://www.zillow.com,https://photos.zillowstatic.com/fp/cf35cb8ff9ebd3fc421096ba71feeb82-p_c.jpg,2026-07-20 10:49,For Sale
26825735,2137 Sea Island Dr,75232,Dallas,TX,32.674866,-96.8532,250000,111.0,,,,3.0,3.0,2248.0,1965.0,8189.28,singleFamily,81,308040.0,2025,https://www.zillow.com,https://photos.zillowstatic.com/fp/5b355f72f5bf48719afbe619b23f3843-p_c.jpg,2026-07-20 10:49,For Sale
442925159,7207 Gaston Ave #902,75206,Dallas,TX,32.813904,-96.731186,459000,338.0,,451500.0,2588.0,2.0,3.0,1357.0,2024.0,1.1,condo,2,437370.0,2025,https://www.zillow.com,https://photos.zillowstatic.com/fp/cc3e4f2b2b42cf24999bf9bcd6a34d58-p_c.jpg,2026-07-20 10:49,For Sale
26848810,13032 Copenhill Rd,75240,Dallas,TX,32.926567,-96.79998,1850000,282.0,,,,6.0,5.0,6554.0,2022.0,0.6930000000000001,singleFamily,374,2949030.0,2025,https://www.zillow.com,https://photos.zillowstatic.com/fp/3d7bc47876944a252595566299294e9f-p_c.jpg,2026-07-20 10:49,For Sale
26867067,9523 Highedge Dr,75238,Dallas,TX,32.875874,-96.72639,825000,275.0,,790100.0,3667.0,4.0,3.0,3005.0,1963.0,8755.56,singleFamily,67,753570.0,2025,https://www.zillow.com,https://photos.zillowstatic.com/fp/30fe6cbfda404e8babadb37974a14cce-p_c.jpg,2026-07-20 10:49,For Sale
162198132,610 Winston St,75208,Dallas,TX,32.751064,-96.83214,850000,278.0,,760100.0,1893.0,4.0,4.0,3056.0,1943.0,7971.48,multiFamily,2,852920.0,2025,https://www.zillow.com,https://photos.zillowstatic.com/fp/96faf3aa2871798efc09d6dc4e02d1eb-p_c.jpg,2026-07-20 10:49,For Sale
26812269,3048 Airhaven St,75229,Dallas,TX,32.905598,-96.874115,335000,174.0,-15000.0,,,3.0,2.0,1928.0,1981.0,5314.32,singleFamily,149,391660.0,2025,https://www.zillow.com,https://photos.zillowstatic.com/fp/504c796b67f901725a3a0ed28532582c-p_c.jpg,2026-07-20 10:49,For Sale
26898419,5901 Palo Pinto Ave,75206,Dallas,TX,32.820164,-96.76564,1600000,438.0,,1529600.0,7965.0,4.0,3.0,3649.0,1915.0,8825.256,singleFamily,24,1008920.0,2025,https://www.zillow.com,https://photos.zillowstatic.com/fp/e32c2ce21ee20e225d62cc247244f4c3-p_c.jpg,2026-07-20 10:49,For Sale
26723274,1634 E Missouri Ave,75216,Dallas,TX,32.71842,-96.798645,310000,152.0,,306900.0,2931.0,4.0,2.0,2041.0,2021.0,7579.44,singleFamily,13,335790.0,2025,https://www.zillow.com,https://photos.zillowstatic.com/fp/37ae855f3d1ba4dcbf6a93469e24db92-p_c.jpg,2026-07-20 10:49,For Sale
26691221,2909 Lenway St,75215,Dallas,TX,32.76731,-96.763115,87000,104.0,-8000.0,,1355.0,2.0,1.0,836.0,1925.0,5501.628,singleFamily,46,108720.0,2025,https://www.zillow.com,https://photos.zillowstatic.com/fp/9f98a1855062aa8637fb90e450ca4712-p_c.jpg,2026-07-20 10:49,For Sale
26805952,3923 Weeburn Dr,75229,Dallas,TX,32.90733,-96.847534,1250000,458.0,,1190600.0,6134.0,4.0,3.0,2727.0,1964.0,0.367,singleFamily,31,1196530.0,2025,https://www.zillow.com,https://photos.zillowstatic.com/fp/8bbc23a558ee2780f176e9e2e66140e9-p_c.jpg,2026-07-20 10:49,For Sale
26756970,10920 Strait Ln,75229,Dallas,TX,32.898327,-96.82428,9750000,870.0,-249999.0,9131500.0,7133.0,6.0,10.0,11211.0,2025.0,0.721,singleFamily,81,9362840.0,2025,https://www.zillow.com,https://photos.zillowstatic.com/fp/20d0cf0eb60450b125fba124e6413651-p_c.jpg,2026-07-20 10:49,For Sale
26834831,4015 Shadrack Dr,75212,Dallas,TX,32.790714,-96.87954,140000,162.0,-15000.0,,1930.0,2.0,1.0,864.0,1952.0,10585.08,singleFamily,40,180660.0,2025,https://www.zillow.com,https://photos.zillowstatic.com/fp/e4a643fc84cef42bfa7ee6496e211573-p_c.jpg,2026-07-20 10:49,For Sale
245229176,9111 Lanshire Dr,75238,Dallas,TX,32.864655,-96.72504,1699000,451.0,,,1923.0,4.0,4.0,3769.0,2018.0,8015.04,singleFamily,3,500000.0,2025,https://www.zillow.com,https://photos.zillowstatic.com/fp/7da20f5e718a9cb8488754109fde39f8-p_c.jpg,2026-07-20 10:49,For Sale
26753128,6930 Pemberton Dr,75230,Dallas,TX,32.890812,-96.78589,4295000,574.0,,4113500.0,7048.0,5.0,8.0,7488.0,2026.0,0.33699999999999997,singleFamily,24,807110.0,2025,https://www.zillow.com,https://photos.zillowstatic.com/fp/222e57e491a3eb0d423c9cc0d32da74c-p_c.jpg,2026-07-20 10:49,For Sale
26711728,305 E 6th St,75203,Dallas,TX,32.754063,-96.81996,325000,210.0,,288000.0,2508.0,2.0,1.0,1550.0,1930.0,6054.0,singleFamily,2,413330.0,2025,https://www.zillow.com,https://photos.zillowstatic.com/fp/8f1776322625f856b7ff99eeadc0207f-p_c.jpg,2026-07-20 10:49,For Sale
96503850,1011 S Waverly Dr,75208,Dallas,TX,32.735634,-96.84955,499900,143.0,-25100.0,494400.0,6239.0,5.0,4.0,3506.0,2022.0,7274.52,singleFamily,74,833230.0,2025,https://www.zillow.com,https://photos.zillowstatic.com/fp/18191b0fb386ba9516d4de76b213efe3-p_c.jpg,2026-07-20 10:49,For Sale
26714388,1442 Stella Ave,75216,Dallas,TX,32.727345,-96.802475,499900,161.0,-19100.0,498100.0,4548.0,5.0,4.0,3100.0,2026.0,8058.6,singleFamily,95,180780.0,2025,https://www.zillow.com,https://photos.zillowstatic.com/fp/5e4194e9b3ad3651cb82ccf0e10b6d99-p_c.jpg,2026-07-20 10:49,For Sale
26848080,1815 Oates Dr,75228,Dallas,TX,32.822083,-96.6836,390000,311.0,,380000.0,2251.0,3.0,2.0,1256.0,1960.0,9147.6,singleFamily,2,382440.0,2025,https://www.zillow.com,https://photos.zillowstatic.com/fp/9f78412e70b67c14184a12c7c41cfbb1-p_c.jpg,2026-07-20 10:49,For Sale
26741361,9422 Hermosa Dr,75218,Dallas,TX,32.827496,-96.69863,1249000,440.0,,1181400.0,4264.0,3.0,3.0,2837.0,1949.0,0.592,singleFamily,5,958310.0,2025,https://www.zillow.com,https://photos.zillowstatic.com/fp/fd3b1dc1e6389f75a2dd13a9e3eb1544-p_c.jpg,2026-07-20 10:49,For Sale
26754258,6811 Del Norte Ln,75225,Dallas,TX,32.868965,-96.78791,1499000,396.0,-51000.0,,,4.0,5.0,3789.0,2015.0,4791.6,singleFamily,86,1492580.0,2025,https://www.zillow.com,https://photos.zillowstatic.com/fp/4c3cc54dd5cf68e90c41ed1bcd996097-p_c.jpg,2026-07-20 10:49,For Sale
26689166,5617 Swiss Ave,75214,Dallas,TX,32.80813,-96.76333,2400000,602.0,-150000.0,2266400.0,7670.0,4.0,3.0,3985.0,1919.0,0.372,singleFamily,72,1780650.0,2025,https://www.zillow.com,https://photos.zillowstatic.com/fp/e472fbe5cebc1456d694bdef4354e3d4-p_c.jpg,2026-07-20 10:49,For Sale
26691115,2515 Southland St,75215,Dallas,TX,32.753834,-96.75776,515500,255.0,,509200.0,3017.0,4.0,3.0,2020.0,2025.0,7666.56,singleFamily,79,76500.0,2025,https://www.zillow.com,https://photos.zillowstatic.com/fp/7b912645228619ef708d18e38ba0642e-p_c.jpg,2026-07-20 10:49,For Sale
26830313,8031 Fall River Dr,75228,Dallas,TX,32.797714,-96.70722,325000,256.0,,316100.0,2127.0,3.0,2.0,1272.0,1957.0,8450.64,singleFamily,3,326650.0,2025,https://www.zillow.com,https://photos.zillowstatic.com/fp/4a7a679ef96ce53092b5a0071b925aa4-p_c.jpg,2026-07-20 10:49,For Sale
96515450,8918 Wadlington Ave,75217,Dallas,TX,32.727043,-96.66635,415000,188.0,,,1736.0,3.0,4.0,2210.0,2026.0,8450.64,singleFamily,3,50000.0,2025,https://www.zillow.com,https://photos.zillowstatic.com/fp/378c40404d771f0a7ba3b17531cf8e8e-p_c.jpg,2026-07-20 10:49,For Sale
96498607,1320 Compton St,75203,Dallas,TX,32.742943,-96.80467,485000,205.0,,,,4.0,3.0,2368.0,2025.0,4138.2,singleFamily,3,393160.0,2025,https://www.zillow.com,https://photos.zillowstatic.com/fp/a834022ca0eab781d8344dc7e72a04fa-p_c.jpg,2026-07-20 10:49,For Sale
26706696,6713 Lake Circle Dr,75214,Dallas,TX,32.825207,-96.74542,1799995,375.0,-50000.0,1767600.0,10206.0,5.0,5.0,4800.0,2005.0,8015.04,singleFamily,13,1686660.0,2025,https://www.zillow.com,https://photos.zillowstatic.com/fp/d80e7ef81f99e9322b718b254faebaf1-p_c.jpg,2026-07-20 10:49,For Sale
444242369,8181 Douglas Ave #Penthouse 9-12,75225,Dallas,TX,32.86198,-96.80891,17500000,1228.0,,,,5.0,13.0,14250.0,1982.0,0.4255,condo,78,,,https://www.zillow.com,https://photos.zillowstatic.com/fp/740a8ec79973c1a2fb3483c4cdf6d421-p_c.jpg,2026-07-20 10:49,For Sale
26706498,6522 McCommas Blvd,75214,Dallas,TX,32.828957,-96.748436,1245000,447.0,,,,3.0,3.0,2787.0,1979.0,10672.2,singleFamily,10,1187370.0,2025,https://www.zillow.com,https://photos.zillowstatic.com/fp/59ad570f1aeef93250c02a70dd7e5c52-p_c.jpg,2026-07-20 10:49,For Sale
26866798,9605 Crestedge Dr,75238,Dallas,TX,32.878563,-96.72302,715000,295.0,-34900.0,,,4.0,3.0,2420.0,1966.0,10585.08,singleFamily,3,799050.0,2025,https://www.zillow.com,https://photos.zillowstatic.com/fp/7b7bbbeb9ead19c2e715b275ba6ed9af-p_c.jpg,2026-07-20 10:49,For Sale
96534607,4639 Cherbourg St,75216,Dallas,TX,32.70955,-96.742065,209900,146.0,,206900.0,2183.0,3.0,2.0,1436.0,2017.0,7100.28,singleFamily,2,262100.0,2025,https://www.zillow.com,https://photos.zillowstatic.com/fp/d6eb8618e2f04ad5a8d5ce7ad045e082-p_c.jpg,2026-07-20 10:49,For Sale
96535061,272 W Lawson Rd Trailer 231,75253,Dallas,TX,32.697445,-96.574326,109999,,-24996.0,,2080.0,3.0,2.0,0.0,2021.0,6500.0,manufactured,219,4940.0,2020,https://www.zillow.com,https://photos.zillowstatic.com/fp/f57312f0cebc99483a2e0e7e75d0cb0f-p_c.jpg,2026-07-20 10:49,For Sale
26875946,6333 Southpoint Dr,75248,Dallas,TX,32.977695,-96.79861,389900,222.0,,380900.0,2830.0,3.0,3.0,1760.0,1988.0,3049.2,townhome,1,389700.0,2025,https://www.zillow.com,https://photos.zillowstatic.com/fp/b149acdb078c7625dbd843ba0008ca9e-p_c.jpg,2026-07-20 10:49,For Sale
26824713,912 Glen Oaks Blvd,75232,Dallas,TX,32.674522,-96.8369,390000,190.0,-25000.0,381400.0,2534.0,3.0,3.0,2058.0,1964.0,0.347,singleFamily,137,403540.0,2025,https://www.zillow.com,https://photos.zillowstatic.com/fp/06067c713fb08ea35650c245c7bf0577-p_c.jpg,2026-07-20 10:49,For Sale
26843039,10870 Cassandra Way,75228,Dallas,TX,32.843506,-96.66248,240000,182.0,-29000.0,,1949.0,4.0,2.0,1320.0,1955.0,7300.0,singleFamily,61,236200.0,2025,https://www.zillow.com,https://photos.zillowstatic.com/fp/9e355116f3bcb453ed2e8b7930166b39-p_c.jpg,2026-07-20 10:49,For Sale
26759091,9930 Strait Ln,75220,Dallas,TX,32.878914,-96.82568,4750000,741.0,-240000.0,4369700.0,6798.0,5.0,6.0,6412.0,1971.0,0.951,singleFamily,40,3115610.0,2025,https://www.zillow.com,https://photos.zillowstatic.com/fp/d703d325e6d4af4a408b4d4bd6d72984-p_c.jpg,2026-07-20 10:49,For Sale
26859828,13786 Brookgreen Cir,75240,Dallas,TX,32.93397,-96.766754,238000,198.0,,,,3.0,2.0,1200.0,1968.0,3223.44,townhome,2,279520.0,2025,https://www.zillow.com,https://photos.zillowstatic.com/fp/3ee79f22e4c41d613f29cac489c0cf62-p_c.jpg,2026-07-20 10:49,For Sale
96503267,310 S Justin Ave,75211,Dallas,TX,32.74358,-96.91107,274900,158.0,,,,5.0,5.0,1742.0,2017.0,8712.0,singleFamily,4,373620.0,2025,https://www.zillow.com,https://photos.zillowstatic.com/fp/1169b0bd2f3a2e5b7bf6bae55b3b223b-p_c.jpg,2026-07-20 10:49,For Sale
26704895,6225 Saint Moritz Ave,75214,Dallas,TX,32.8377,-96.75709,1780,2.0,,,1749.0,2.0,1.0,901.0,1950.0,3702.6,townhome,20,572030.0,2025,https://www.zillow.com,https://photos.zillowstatic.com/fp/fca9c29a374800b9f9a4ca4215dbea80-p_c.jpg,2026-07-20 10:49,For Sale
26751251,7476 Walling Ln,75231,Dallas,TX,32.855,-96.73583,685000,258.0,,665700.0,2155.0,4.0,4.0,2656.0,1963.0,9321.84,multiFamily,2,630000.0,2025,https://www.zillow.com,https://photos.zillowstatic.com/fp/0671e5f1e5c917ec8bcfb487acb2b6f8-p_c.jpg,2026-07-20 10:49,For Sale
26765857,3032 Dahlia Dr,75216,Dallas,TX,32.69769,-96.767334,100000,103.0,,,1412.0,2.0,1.0,972.0,1955.0,7579.44,singleFamily,21,145680.0,2025,https://www.zillow.com,https://photos.zillowstatic.com/fp/fead36c13381e0a7fd1c41b6e03f6530-p_c.jpg,2026-07-20 10:49,For Sale
26718221,919 Salmon Dr,75208,Dallas,TX,32.757355,-96.83844,579000,429.0,-20000.0,560000.0,2491.0,2.0,1.0,1350.0,1930.0,7492.32,singleFamily,30,550410.0,2025,https://www.zillow.com,https://photos.zillowstatic.com/fp/08e176f74b18564e95d77baf387534e4-p_c.jpg,2026-07-20 10:49,For Sale
26881531,4988 Thunder Rd,75244,Dallas,TX,32.923706,-96.821884,449000,157.0,,438800.0,2715.0,3.0,3.0,2852.0,1974.0,4007.52,singleFamily,8,360350.0,2025,https://www.zillow.com,https://photos.zillowstatic.com/fp/6b00cc44183605d006512863859c7702-p_c.jpg,2026-07-20 10:49,For Sale
244052966,6655 Avian Dr,75230,Dallas,TX,32.910847,-96.7916,2095000,474.0,,1993600.0,8074.0,4.0,6.0,4418.0,2017.0,8973.36,singleFamily,2,2056080.0,2025,https://www.zillow.com,https://photos.zillowstatic.com/fp/3c57188c89b77d639ed1207799da9695-p_c.jpg,2026-07-20 10:49,For Sale
96516875,5727 Mountain Hollow Dr,75249,Dallas,TX,32.658775,-96.96468,450000,131.0,,442000.0,3695.0,4.0,3.0,3423.0,2011.0,0.309,singleFamily,1,510040.0,2025,https://www.zillow.com,https://photos.zillowstatic.com/fp/9e545a8cf800f2ee39afe42d4d733506-p_c.jpg,2026-07-20 10:49,For Sale
26870526,14015 Highmark Sq,75254,Dallas,TX,32.939445,-96.80321,585000,227.0,-15000.0,573800.0,4044.0,3.0,3.0,2575.0,1980.0,6795.36,singleFamily,66,673310.0,2025,https://www.zillow.com,https://photos.zillowstatic.com/fp/4090b396b0eb06e646074b386208bb45-p_c.jpg,2026-07-20 10:49,For Sale
26607707,6214 Berthoud Pass,75252,Dallas,TX,32.991364,-96.798355,599995,275.0,,,,3.0,2.0,2182.0,1984.0,7840.8,singleFamily,32,542540.0,2025,https://www.zillow.com,https://photos.zillowstatic.com/fp/c1d49dc558301a521c8812b04605be91-p_c.jpg,2026-07-20 10:49,For Sale
26717497,1119 N Winnetka Ave,75208,Dallas,TX,32.757988,-96.840576,1195000,345.0,-60000.0,1155200.0,6272.0,4.0,4.0,3468.0,1925.0,7753.68,singleFamily,52,900000.0,2025,https://www.zillow.com,https://photos.zillowstatic.com/fp/fc13bb38a5559bfb942e01a1d28b5682-p_c.jpg,2026-07-20 10:49,For Sale
26854696,9908 Greenfield Dr,75238,Dallas,TX,32.87817,-96.7147,545000,280.0,,534200.0,3513.0,3.0,2.0,1946.0,1963.0,10018.8,singleFamily,24,564970.0,2025,https://www.zillow.com,https://photos.zillowstatic.com/fp/716e2db44d0bd8f75b11656e4aeb2356-p_c.jpg,2026-07-20 10:49,For Sale
26812115,7211 Lavendale Cir,75230,Dallas,TX,32.896835,-96.78146,975000,323.0,,926200.0,5292.0,3.0,3.0,3021.0,1978.0,0.286,singleFamily,1,1023450.0,2025,https://www.zillow.com,https://photos.zillowstatic.com/fp/d5aaae6eeeb9eba709a11aa917619bdd-p_c.jpg,2026-07-20 10:49,For Sale
26870786,6829 Midcrest Dr,75254,Dallas,TX,32.947,-96.78736,1499000,355.0,,,,6.0,6.0,4228.0,1967.0,0.43,singleFamily,17,1230580.0,2025,https://www.zillow.com,https://photos.zillowstatic.com/fp/97dfdcc6795f96608001979324bb9fa4-p_c.jpg,2026-07-20 10:49,For Sale
26732500,2217 52nd St,75216,Dallas,TX,32.69081,-96.78857,249000,145.0,-6000.0,,2143.0,3.0,2.0,1712.0,1960.0,8232.84,singleFamily,41,234420.0,2025,https://www.zillow.com,https://photos.zillowstatic.com/fp/bab4aed9ac9dd51aa0a1798f7380b796-p_c.jpg,2026-07-20 10:49,For Sale
26759936,8605 Preston Rd,75225,Dallas,TX,32.868378,-96.80515,17500000,1931.0,-5500000.0,,,2.0,6.0,9062.0,1996.0,3.204,singleFamily,258,8696530.0,2025,https://www.zillow.com,https://photos.zillowstatic.com/fp/ddd282a73cbd1cbf70b64d742471e30f-p_c.jpg,2026-07-20 10:49,For Sale
26684155,5631 Victor St,75214,Dallas,TX,32.803726,-96.75742,449000,408.0,,431600.0,2379.0,2.0,2.0,1100.0,1983.0,7318.08,singleFamily,3,412070.0,2025,https://www.zillow.com,https://photos.zillowstatic.com/fp/360352e3850fabd94aa0f4fa6b600914-p_c.jpg,2026-07-20 10:49,For Sale
26780322,2904 Bridal Wreath Ln,75233,Dallas,TX,32.6954,-96.868065,279000,107.0,,268000.0,3314.0,4.0,4.0,2598.0,1970.0,0.334,singleFamily,20,365520.0,2025,https://www.zillow.com,https://photos.zillowstatic.com/fp/4e36aae9bbd2d3bc25262184385ceb7c-p_c.jpg,2026-07-20 10:49,For Sale
26808627,3251 Dothan Ln,75229,Dallas,TX,32.89814,-96.86839,625000,388.0,,599100.0,3581.0,3.0,2.0,1611.0,1960.0,10236.6,singleFamily,3,553100.0,2025,https://www.zillow.com,https://photos.zillowstatic.com/fp/a6e9db03aa4a6293445651048cb3fe20-p_c.jpg,2026-07-20 10:49,For Sale
303982872,3130 N Harwood St APT 2802,75201,Dallas,TX,32.7971,-96.811295,2850000,959.0,,2684900.0,7203.0,3.0,4.0,2973.0,2018.0,1.87,condo,1,1931410.0,2025,https://www.zillow.com,https://photos.zillowstatic.com/fp/f65b5ca67fcde2a3d869acf6d9d25f3a-p_c.jpg,2026-07-20 10:49,For Sale
26839646,10437 High Hollows Dr #220,75230,Dallas,TX,32.887913,-96.77305,180000,110.0,,222800.0,2411.0,2.0,3.0,1632.0,1969.0,5.566,singleFamily,1,326400.0,2025,https://www.zillow.com,https://photos.zillowstatic.com/fp/32f8b0bc5cbb006ae0e4f0039ddb3c07-p_c.jpg,2026-07-20 10:49,For Sale
26877123,5922 Bent Trl,75248,Dallas,TX,32.97128,-96.81789,1750000,394.0,,1641700.0,7712.0,5.0,5.0,4447.0,1979.0,0.358,singleFamily,2,1653000.0,2025,https://www.zillow.com,https://photos.zillowstatic.com/fp/769bf184ffda2cfc94b1eed1a1e34334-p_c.jpg,2026-07-20 10:49,For Sale
26586072,4208 Bretton Bay Cir,75287,Dallas,TX,32.99047,-96.83813,699995,188.0,-8005.0,686400.0,6473.0,5.0,5.0,3731.0,1978.0,0.29,singleFamily,88,854163.0,2025,https://www.zillow.com,https://photos.zillowstatic.com/fp/0d1b05968138dd2efb376093cef5f2a7-p_c.jpg,2026-07-20 10:49,For Sale
26754534,6526 Woodland Dr,75225,Dallas,TX,32.872223,-96.792435,4195000,743.0,,,,5.0,7.0,5649.0,2026.0,9844.56,singleFamily,9,1274940.0,2025,https://www.zillow.com,https://photos.zillowstatic.com/fp/d5582da57dbecbc30551060139ee3472-p_c.jpg,2026-07-20 10:49,For Sale
336884520,6804 Webster St,75209,Dallas,TX,32.841133,-96.83295,869000,351.0,,845500.0,4492.0,2.0,3.0,2479.0,2020.0,3136.32,singleFamily,20,823710.0,2025,https://www.zillow.com,https://photos.zillowstatic.com/fp/813337013e3bd4d23d8b9e2e507a1834-p_c.jpg,2026-07-20 10:49,For Sale
26748957,6050 Melody Ln APT 107,75231,Dallas,TX,32.867275,-96.76023,110000,98.0,-4500.0,,1334.0,2.0,2.0,1127.0,1979.0,,condo,395,150990.0,2025,https://www.zillow.com,https://photos.zillowstatic.com/fp/2a5b64d7e2042cb2b38da9bdf10acd8e-p_c.jpg,2026-07-20 10:49,For Sale
303983810,3130 N Harwood St APT 1401,75201,Dallas,TX,32.7971,-96.811295,1712000,767.0,,1634300.0,5272.0,3.0,4.0,2231.0,2018.0,1.87,condo,1,1278970.0,2025,https://www.zillow.com,https://photos.zillowstatic.com/fp/95937d2dd7db388e286c62f412b1362e-p_c.jpg,2026-07-20 10:49,For Sale
96520931,1926 Pueblo St,75212,Dallas,TX,32.78009,-96.85149,475000,216.0,,,,3.0,4.0,2195.0,2025.0,2178.0,singleFamily,13,54900.0,2025,https://www.zillow.com,https://photos.zillowstatic.com/fp/b279916eb14f87a3733cec4b02ece814-p_c.jpg,2026-07-20 10:49,For Sale
2121669386,2535 Wedglea Dr APT 224,75211,Dallas,TX,32.75738,-96.8611,187500,178.0,,183300.0,1817.0,2.0,2.0,1056.0,1983.0,1.992,condo,10,245000.0,2025,https://www.zillow.com,https://photos.zillowstatic.com/fp/ad6e9482da292317a4f816baa38d7bdc-p_c.jpg,2026-07-20 10:49,For Sale
26737100,910 Reverchon Dr,75211,Dallas,TX,32.751904,-96.8625,319900,297.0,,309200.0,2044.0,3.0,1.0,1077.0,1944.0,6708.24,singleFamily,2,301460.0,2025,https://www.zillow.com,https://photos.zillowstatic.com/fp/e54833d1c3cd1541706d7500be50f758-p_c.jpg,2026-07-20 10:49,For Sale
26900761,5616 Preston Oaks Rd APT 508,75254,Dallas,TX,32.94263,-96.8128,224900,215.0,,219300.0,1783.0,2.0,2.0,1046.0,1981.0,6.932,condo,38,250710.0,2025,https://www.zillow.com,https://photos.zillowstatic.com/fp/81ef17fa1dd2c1f98ddd92644b22b5b5-p_c.jpg,2026-07-20 10:49,For Sale
26739325,8522 Park Ln APT 15,75231,Dallas,TX,32.87035,-96.75758,220000,104.0,,210900.0,1942.0,3.0,3.0,2120.0,1979.0,1.235,condo,44,275600.0,2025,https://www.zillow.com,https://photos.zillowstatic.com/fp/93074ac32cf753c068a038fb0c32d087-p_c.jpg,2026-07-20 10:49,For Sale
26762471,4419 Lawnview Ave,75227,Dallas,TX,32.78305,-96.72165,179900,189.0,,172200.0,1661.0,2.0,1.0,950.0,1949.0,6403.32,singleFamily,40,201930.0,2025,https://www.zillow.com,https://photos.zillowstatic.com/fp/62db4fc6e9350773f014b7d2a195265d-p_c.jpg,2026-07-20 10:49,For Sale
26822369,3035 Simpson Stuart Rd,75241,Dallas,TX,32.670807,-96.77128,27000,,,,1703.0,,,,,2.075,land,30,158090.0,2025,https://www.zillow.com,https://photos.zillowstatic.com/fp/506f70a26574b3b41765043268c32a11-p_c.jpg,2026-07-20 10:49,For Sale
26811544,10509 Channel Dr,75229,Dallas,TX,32.890144,-96.88014,367000,204.0,-8000.0,354900.0,3418.0,3.0,2.0,1797.0,1958.0,7535.88,singleFamily,32,318110.0,2025,https://www.zillow.com,https://photos.zillowstatic.com/fp/af58e2d19f241df7f1d709f94b4360fb-p_c.jpg,2026-07-20 10:49,For Sale
26869977,9329 Seagrove Dr,75243,Dallas,TX,32.898903,-96.74026,610000,267.0,,591400.0,3471.0,4.0,3.0,2287.0,1972.0,8755.56,singleFamily,1,600470.0,2025,https://www.zillow.com,https://photos.zillowstatic.com/fp/c75df784d22f5bac00182a4bcfe3c85f-p_c.jpg,2026-07-20 10:49,For Sale
26759779,5431 Edlen Dr,75220,Dallas,TX,32.879017,-96.81423,7400000,852.0,,,,5.0,7.0,8683.0,2000.0,1.0,singleFamily,48,5803920.0,2025,https://www.zillow.com,https://photos.zillowstatic.com/fp/2fe66a8d05f954b8b10f0e561c9df5e3-p_c.jpg,2026-07-20 10:49,For Sale
26689423,717 Ridgeway St,75214,Dallas,TX,32.8086,-96.75718,1350000,508.0,,1286000.0,5450.0,3.0,4.0,2656.0,1923.0,8058.6,singleFamily,51,745660.0,2025,https://www.zillow.com,https://photos.zillowstatic.com/fp/760b91f38c0bb791a9116fb08d8441e8-p_c.jpg,2026-07-20 10:49,For Sale
26848568,13216 Hillcrest Rd,75240,Dallas,TX,32.92971,-96.785706,1170000,264.0,-50000.0,1110000.0,7735.0,7.0,7.0,4425.0,1981.0,0.5670000000000001,singleFamily,81,955730.0,2025,https://www.zillow.com,https://photos.zillowstatic.com/fp/9156e0f4eb756164ed8f64fc4213abb7-p_c.jpg,2026-07-20 10:49,For Sale
244108721,1856 Stevens Bluff Ln,75208,Dallas,TX,32.751305,-96.84929,725000,258.0,,704800.0,4630.0,3.0,5.0,2809.0,2017.0,2482.92,singleFamily,3,771250.0,2025,https://www.zillow.com,https://photos.zillowstatic.com/fp/2a12c295760fb01bc9ae3127df0ea7d0-p_c.jpg,2026-07-20 10:49,For Sale
96504502,2634 Bainbridge Dr,75237,Dallas,TX,32.663048,-96.862625,619000,259.0,,,,5.0,4.0,2391.0,2026.0,0.619,singleFamily,109,85000.0,2025,https://www.zillow.com,https://photos.zillowstatic.com/fp/b673936ab69f4c245926b291f1d96678-p_c.jpg,2026-07-20 10:49,For Sale
26845080,7552 Baxtershire Dr,75230,Dallas,TX,32.90629,-96.774666,4250000,703.0,-100000.0,3958000.0,7673.0,6.0,6.0,6047.0,1984.0,0.367,singleFamily,65,1642670.0,2025,https://www.zillow.com,https://photos.zillowstatic.com/fp/b301c9263d033b61250d7ef7324b20ca-p_c.jpg,2026-07-20 10:49,For Sale
26882206,9149 Emberglow Ln,75243,Dallas,TX,32.91706,-96.73816,220000,181.0,-5000.0,213700.0,1702.0,2.0,2.0,1213.0,1972.0,5227.2,townhome,9,232490.0,2025,https://www.zillow.com,https://photos.zillowstatic.com/fp/f31869dd701989eb53b5b4fd8e2abc43-p_c.jpg,2026-07-20 10:49,For Sale
26803466,12007 Quincy Ln,75230,Dallas,TX,32.912727,-96.81489,2900000,483.0,-40000.0,2811700.0,7979.0,5.0,8.0,5998.0,2025.0,0.37,singleFamily,129,1788170.0,2025,https://www.zillow.com,https://photos.zillowstatic.com/fp/287d6b73ae0cf5e7c44788f98cae909e-p_c.jpg,2026-07-20 10:49,For Sale
26932287,6108 Abrams Rd #610,75231,Dallas,TX,32.858376,-96.746574,89000,120.0,,,,2.0,2.0,743.0,1984.0,4.299,condo,9,117000.0,2025,https://www.zillow.com,https://photos.zillowstatic.com/fp/dc0b57b2d34e96755f8057f47094089f-p_c.jpg,2026-07-20 10:49,For Sale
26741586,9906 Losa Dr,75218,Dallas,TX,32.835236,-96.69563,1795000,423.0,,,,4.0,4.0,4239.0,2025.0,0.32080000000000003,singleFamily,14,473390.0,2025,https://www.zillow.com,https://photos.zillowstatic.com/fp/613757fa3cfb9d5e482f635cd86738ba-p_c.jpg,2026-07-20 10:49,For Sale
26681824,3883 Turtle Creek Blvd APT 404,75219,Dallas,TX,32.815575,-96.79938,265000,259.0,,255400.0,2217.0,2.0,2.0,1023.0,1963.0,3.159,condo,2,276210.0,2025,https://www.zillow.com,https://photos.zillowstatic.com/fp/66ae01d10fed71849536f93d737fe1c2-p_c.jpg,2026-07-20 10:49,For Sale
26767220,2402 E Overton Rd,75216,Dallas,TX,32.708187,-96.79084,290000,148.0,,288100.0,2454.0,4.0,4.0,1956.0,1950.0,8407.08,singleFamily,44,191430.0,2025,https://www.zillow.com,https://photos.zillowstatic.com/fp/c1e22b23d5e025f72c0ac557ce5aab48-p_c.jpg,2026-07-20 10:49,For Sale
61871494,3505 Turtle Creek Blvd APT 11E,75219,Dallas,TX,32.810642,-96.80315,1690000,778.0,,1580400.0,6848.0,2.0,4.0,2173.0,2000.0,2.089,condo,3,1155950.0,2025,https://www.zillow.com,https://photos.zillowstatic.com/fp/ed8fd09c3048b9745716e6604d11e2c4-p_c.jpg,2026-07-20 10:49,For Sale
26752931,7387 Blairview Dr,75230,Dallas,TX,32.881042,-96.77529,2745000,523.0,,2670500.0,6300.0,5.0,6.0,5252.0,2026.0,0.2713,singleFamily,12,976900.0,2025,https://www.zillow.com,https://photos.zillowstatic.com/fp/c644a615e746fe0a0a53f5195e443dab-p_c.jpg,2026-07-20 10:49,For Sale
26903486,6103 Aberdeen Ave,75230,Dallas,TX,32.882557,-96.801414,5695000,999.0,,5360900.0,8363.0,4.0,7.0,5700.0,2026.0,0.35600000000000004,singleFamily,47,2502990.0,2025,https://www.zillow.com,https://photos.zillowstatic.com/fp/2c394f6fffa822953701bed449229c2f-p_c.jpg,2026-07-20 10:49,For Sale
26897881,2611 Colby St,75204,Dallas,TX,32.794273,-96.7986,775000,312.0,,745400.0,4228.0,2.0,3.0,2484.0,1997.0,1611.72,townhome,13,628000.0,2025,https://www.zillow.com,https://photos.zillowstatic.com/fp/6ccdbecfda794efe42e60bcf14744921-p_c.jpg,2026-07-20 10:49,For Sale
303985595,5404 Winton St,75206,Dallas,TX,32.835358,-96.7765,799999,367.0,-25000.0,786200.0,6115.0,4.0,3.0,2179.0,2018.0,4051.08,singleFamily,39,806090.0,2025,https://www.zillow.com,https://photos.zillowstatic.com/fp/921a8e8935f528254795c862617698c4-p_c.jpg,2026-07-20 10:49,For Sale
26752424,6936 Stefani Dr,75225,Dallas,TX,32.87816,-96.78539,1200000,431.0,,,5704.0,4.0,3.0,2784.0,1967.0,0.30647382920110194,singleFamily,73,800000.0,2025,https://www.zillow.com,https://photos.zillowstatic.com/fp/11ae8562cb0bb5b2c71e07f66484b236-p_c.jpg,2026-07-20 10:49,For Sale
26739989,9030 San Benito Way,75218,Dallas,TX,32.822,-96.702095,575000,292.0,-24000.0,,,3.0,2.0,1967.0,1938.0,9583.2,singleFamily,38,597980.0,2025,https://www.zillow.com,https://photos.zillowstatic.com/fp/532ee25b6bab765058a72fa12ca9d3b6-p_c.jpg,2026-07-20 10:49,For Sale
26748364,5082 Matilda St APT 221,75206,Dallas,TX,32.8487,-96.76688,220000,212.0,,190700.0,1914.0,2.0,2.0,1038.0,1969.0,,condo,2,221090.0,2025,https://www.zillow.com,https://photos.zillowstatic.com/fp/98abbcb87288e969dc6bd8284793ef0a-p_c.jpg,2026-07-20 10:49,For Sale
26770242,3606 Texas Dr,75211,Dallas,TX,32.723667,-96.87948,289900,177.0,-10000.0,289300.0,2587.0,5.0,3.0,1634.0,1949.0,6098.4,singleFamily,198,194420.0,2025,https://www.zillow.com,https://photos.zillowstatic.com/fp/3091c25d07a03af2becd6061a55a14be-p_c.jpg,2026-07-20 10:49,For Sale
26742606,10547 Cayuga Dr,75228,Dallas,TX,32.83927,-96.68544,399900,211.0,,389700.0,2675.0,4.0,2.0,1894.0,1951.0,7361.64,singleFamily,2,417050.0,2025,https://www.zillow.com,https://photos.zillowstatic.com/fp/629e98cba556a005dbf04dca3566911f-p_c.jpg,2026-07-20 10:49,For Sale
26758722,10254 Epping Ln,75229,Dallas,TX,32.885906,-96.8318,5100000,1013.0,,4802400.0,7772.0,6.0,5.0,5035.0,2026.0,0.453,singleFamily,6,1352190.0,2025,https://www.zillow.com,https://photos.zillowstatic.com/fp/32e86d99f8675f82ba2c9d2da2a6e649-p_c.jpg,2026-07-20 10:49,For Sale
26690351,5645 Vickery Blvd,75206,Dallas,TX,32.822723,-96.77035,1699000,526.0,,,,4.0,3.0,3227.0,2014.0,8494.2,singleFamily,53,1543690.0,2025,https://www.zillow.com,https://photos.zillowstatic.com/fp/faa22aa792b686f17f213d793cf6669e-p_c.jpg,2026-07-20 10:49,For Sale
26795752,1315 Whitley Dr,75217,Dallas,TX,32.735058,-96.69235,264500,160.0,-10000.0,263300.0,2312.0,4.0,2.0,1653.0,2022.0,0.28800000000000003,singleFamily,58,206020.0,2025,https://www.zillow.com,https://photos.zillowstatic.com/fp/bdf086f83d0f64244f2dbf67f92fdf3b-p_c.jpg,2026-07-20 10:49,For Sale
26908613,10347 Carolina Oaks Dr,75227,Dallas,TX,32.752884,-96.64401,154000,128.0,,155100.0,1973.0,3.0,2.0,1200.0,1999.0,4660.92,singleFamily,10,238520.0,2025,https://www.zillow.com,https://photos.zillowstatic.com/fp/92b10d65cf9ca57d3f6a1b7eaaf74a04-p_c.jpg,2026-07-20 10:49,For Sale
26838955,10504 Berry Knoll Dr,75230,Dallas,TX,32.8887,-96.78231,549000,209.0,,,3519.0,3.0,3.0,2632.0,1971.0,0.25,multiFamily,14,524300.0,2025,https://www.zillow.com,https://photos.zillowstatic.com/fp/d3251bd4fde8759ccdfaecab20f86cef-p_c.jpg,2026-07-20 10:49,For Sale
26639461,18007 Windtop Ln,75287,Dallas,TX,32.994576,-96.84169,849900,298.0,,823600.0,3558.0,4.0,3.0,2850.0,1987.0,0.2565,singleFamily,8,705645.0,2025,https://www.zillow.com,https://photos.zillowstatic.com/fp/f6a4edcc7207ef14f7e4c8fac58f8de3-p_c.jpg,2026-07-20 10:49,For Sale
26745379,2816 Encino Dr,75228,Dallas,TX,32.847054,-96.667,209900,171.0,-5100.0,,,3.0,1.0,1224.0,1953.0,8058.6,singleFamily,79,184820.0,2025,https://www.zillow.com,https://photos.zillowstatic.com/fp/fa5dc37c4a9f43da0f8c9783a6844473-p_c.jpg,2026-07-20 10:49,For Sale
26787260,9755 Van Dyke Rd,75218,Dallas,TX,32.85455,-96.71484,2195000,734.0,,2053400.0,5008.0,4.0,3.0,2990.0,1956.0,0.544,singleFamily,45,1150000.0,2025,https://www.zillow.com,https://photos.zillowstatic.com/fp/9ded6e32011621fb64f2b8ee8d3871e4-p_c.jpg,2026-07-20 10:49,For Sale
26704691,4347 Somerville Ave,75206,Dallas,TX,32.839962,-96.7627,1674000,386.0,,1627700.0,2716.0,5.0,4.0,4337.0,2026.0,6956.532,singleFamily,2,539140.0,2025,https://www.zillow.com,https://photos.zillowstatic.com/fp/3fd74b19aa5116174575b57500f8eb07-p_c.jpg,2026-07-20 10:49,For Sale
26803712,5510 Del Roy Dr,75230,Dallas,TX,32.90527,-96.81247,3994000,662.0,-105000.0,3843600.0,7898.0,6.0,7.0,6036.0,2026.0,0.42600000000000005,singleFamily,72,835470.0,2025,https://www.zillow.com,https://photos.zillowstatic.com/fp/ed20a87644a57fa1d194dcf3c81958db-p_c.jpg,2026-07-20 10:49,For Sale
26883717,8434 Bellingham Dr,75228,Dallas,TX,32.798855,-96.69426,549000,229.0,,533800.0,4041.0,5.0,3.0,2395.0,1964.0,8929.8,singleFamily,10,509210.0,2025,https://www.zillow.com,https://photos.zillowstatic.com/fp/fc706f85d2a602daef17a9d4e64b4448-p_c.jpg,2026-07-20 10:49,For Sale
26742758,1826 Crest Ridge Dr,75228,Dallas,TX,32.835213,-96.683846,395000,263.0,,,,4.0,3.0,1503.0,1953.0,8232.84,singleFamily,2,367200.0,2025,https://www.zillow.com,https://photos.zillowstatic.com/fp/0c81541f868d861493ae853dff2fc7a7-p_c.jpg,2026-07-20 10:49,For Sale
26851496,6766 Northaven Rd,75230,Dallas,TX,32.900932,-96.78869,4199000,946.0,-196000.0,3938200.0,7634.0,5.0,5.0,4437.0,2019.0,0.942,singleFamily,26,5337960.0,2025,https://www.zillow.com,https://photos.zillowstatic.com/fp/64615944d74097be165d31e4e91973d7-p_c.jpg,2026-07-20 10:49,For Sale
26890126,6706 La Manga Dr,75248,Dallas,TX,32.971645,-96.79065,810000,311.0,,775300.0,3624.0,4.0,3.0,2601.0,1980.0,8276.4,singleFamily,12,825000.0,2025,https://www.zillow.com,https://photos.zillowstatic.com/fp/8b8b517b515b190d97bfa10610d50d24-p_c.jpg,2026-07-20 10:49,For Sale
26685537,4347 Dickason Ave APT 214,75219,Dallas,TX,32.81261,-96.81543,159990,265.0,-5010.0,151000.0,1254.0,1.0,1.0,603.0,1965.0,0.982,condo,122,145360.0,2025,https://www.zillow.com,https://photos.zillowstatic.com/fp/f5bae59ca255868df848c2e947276e6f-p_c.jpg,2026-07-20 10:49,For Sale
26690676,5311 Willis Ave,75206,Dallas,TX,32.820522,-96.77941,835000,537.0,,794700.0,4463.0,3.0,2.0,1556.0,1920.0,7797.24,singleFamily,39,735450.0,2025,https://www.zillow.com,https://photos.zillowstatic.com/fp/d097fe5c35eebc33a3158d8ebe98f525-p_c.jpg,2026-07-20 10:49,For Sale
26788533,9831 Lakemont Dr,75220,Dallas,TX,32.87725,-96.843,1599000,401.0,,,,5.0,5.0,3988.0,1953.0,10018.8,singleFamily,10,1418230.0,2025,https://www.zillow.com,https://photos.zillowstatic.com/fp/5006d26d3b7031f3b1d8e29aedcee192-p_c.jpg,2026-07-20 10:49,For Sale
26882898,12929 Jasoncrest Trl,75243,Dallas,TX,32.925285,-96.71173,500000,202.0,,487300.0,2990.0,4.0,3.0,2474.0,1985.0,0.299,singleFamily,39,390380.0,2025,https://www.zillow.com,https://photos.zillowstatic.com/fp/01063a1c3d4c090313770946a093e2fb-p_c.jpg,2026-07-20 10:49,For Sale
26935653,8601 Park Ln APT 737,75231,Dallas,TX,32.77744,-96.79231,149000,188.0,-1000.0,143300.0,1336.0,1.0,1.0,794.0,1982.0,4.332,condo,51,166070.0,2025,https://www.zillow.com,https://photos.zillowstatic.com/fp/1077d4f31d43b2dbd1e3e73972377e68-p_c.jpg,2026-07-20 10:49,For Sale
96507257,3231 Fairview Ave,75223,Dallas,TX,32.78969,-96.73935,335000,209.0,-13000.0,332200.0,2261.0,4.0,2.0,1600.0,2023.0,7492.32,singleFamily,94,306830.0,2025,https://www.zillow.com,https://photos.zillowstatic.com/fp/c5ec89f37caa22067edfafa6e023aa7e-p_c.jpg,2026-07-20 10:49,For Sale
26740666,8314 San Cristobal Dr,75218,Dallas,TX,32.81077,-96.71232,3850000,551.0,,3014200.0,4749.0,5.0,6.0,6986.0,2026.0,0.528,singleFamily,10,915050.0,2025,https://www.zillow.com,https://photos.zillowstatic.com/fp/bf4d77a02361683d91489579ec252db0-p_c.jpg,2026-07-20 10:49,For Sale
26808249,3316 Princess Ln,75229,Dallas,TX,32.89209,-96.86705,2194000,447.0,,,,5.0,8.0,4905.0,2027.0,10367.28,singleFamily,7,561390.0,2025,https://www.zillow.com,https://photos.zillowstatic.com/fp/82aecea25716727d6796d93696093eec-p_c.jpg,2026-07-20 10:49,For Sale
26804525,4719 Forest Ln,75244,Dallas,TX,32.90999,-96.827194,2989000,431.0,,2822700.0,7839.0,5.0,6.0,6931.0,2016.0,0.622,singleFamily,11,2397370.0,2025,https://www.zillow.com,https://photos.zillowstatic.com/fp/370c7444d0725a9198f9b0742c50b74a-p_c.jpg,2026-07-20 10:49,For Sale
26830811,2341 Pinebluff Dr,75228,Dallas,TX,32.805843,-96.70647,499900,261.0,-19100.0,489700.0,2457.0,3.0,3.0,1919.0,1962.0,9147.6,singleFamily,31,486790.0,2025,https://www.zillow.com,https://photos.zillowstatic.com/fp/ca76d6d85d3a38837333474362f84ca3-p_c.jpg,2026-07-20 10:49,For Sale
162813534,655 Kessler Reserve Ct,75208,Dallas,TX,32.75595,-96.83342,2250000,499.0,-100000.0,2169800.0,6959.0,4.0,5.0,4506.0,2016.0,0.324,singleFamily,95,2006540.0,2025,https://www.zillow.com,https://photos.zillowstatic.com/fp/14862d26b73eba65207dcabf4ffc1413-p_c.jpg,2026-07-20 10:49,For Sale
26794401,1718 Joan Dr,75217,Dallas,TX,32.74221,-96.69704,214800,150.0,-3200.0,,,3.0,2.0,1428.0,1957.0,7448.76,singleFamily,76,234160.0,2025,https://www.zillow.com,https://photos.zillowstatic.com/fp/582bcd163eb4ab1a71b69e785936b18c-p_c.jpg,2026-07-20 10:49,For Sale
26702043,6905 Wabash Cir,75214,Dallas,TX,32.824696,-96.74096,1750000,513.0,,1669700.0,6233.0,5.0,3.0,3411.0,1967.0,0.294,singleFamily,51,1453030.0,2025,https://www.zillow.com,https://photos.zillowstatic.com/fp/c1cc4ccc08d3472c675cc0d1a34d9fb9-p_c.jpg,2026-07-20 10:49,For Sale
26831862,226 Leda Dr,75218,Dallas,TX,32.86082,-96.707535,450000,385.0,,,,3.0,1.0,1168.0,1953.0,8232.84,singleFamily,2,453000.0,2025,https://www.zillow.com,https://photos.zillowstatic.com/fp/d8f0a5527eab7088a3ff0b804e49263b-p_c.jpg,2026-07-20 10:49,For Sale
26876057,6409 Duffield Dr,75248,Dallas,TX,32.98259,-96.7957,1349900,378.0,,,,5.0,4.0,3567.0,1977.0,0.26899999999999996,singleFamily,10,883460.0,2025,https://www.zillow.com,https://photos.zillowstatic.com/fp/47693a486ce828990280f757f099f224-p_c.jpg,2026-07-20 10:49,For Sale
26758245,4253 Royal Ridge Dr,75229,Dallas,TX,32.88958,-96.83674,980000,394.0,,933800.0,4029.0,3.0,3.0,2489.0,1969.0,9931.68,singleFamily,12,722410.0,2025,https://www.zillow.com,https://photos.zillowstatic.com/fp/b310b36603aa54bfc19331011c4aaec1-p_c.jpg,2026-07-20 10:49,For Sale
26698802,5322 W Mockingbird Ln,75209,Dallas,TX,32.8364,-96.820786,1050000,456.0,-25000.0,1027500.0,4196.0,3.0,3.0,2303.0,1979.0,7927.92,singleFamily,99,1062700.0,2025,https://www.zillow.com,https://photos.zillowstatic.com/fp/ef8d61c12202377135cebd0625b1ace3-p_c.jpg,2026-07-20 10:49,For Sale
67961432,3516 Hamilton Ave,75210,Dallas,TX,32.77102,-96.755035,182420,153.0,,175800.0,1657.0,3.0,2.0,1195.0,1942.0,6098.4,singleFamily,10,184280.0,2025,https://www.zillow.com,https://photos.zillowstatic.com/fp/f522f084ae92acda35e4214051516882-p_c.jpg,2026-07-20 10:49,For Sale
26810321,3141 Darvany Dr,75220,Dallas,TX,32.87844,-96.873955,419999,261.0,,407200.0,3101.0,3.0,2.0,1612.0,1968.0,7492.32,singleFamily,11,354750.0,2025,https://www.zillow.com,https://photos.zillowstatic.com/fp/2f4f53e7deb1c81ad149bb4b5985128c-p_c.jpg,2026-07-20 10:49,For Sale
26759674,9525 Alva Ct,75220,Dallas,TX,32.87314,-96.81626,9600000,870.0,-300000.0,8823900.0,7728.0,6.0,9.0,11037.0,2002.0,0.844,singleFamily,62,7000000.0,2025,https://www.zillow.com,https://photos.zillowstatic.com/fp/1af6a1b29c22fa9d3cf7f5391b89367d-p_c.jpg,2026-07-20 10:49,For Sale
26889684,6502 Riverview Ln,75248,Dallas,TX,32.974606,-96.79891,975000,254.0,,944700.0,5955.0,4.0,3.0,3846.0,1980.0,0.26599999999999996,singleFamily,33,1018610.0,2025,https://www.zillow.com,https://photos.zillowstatic.com/fp/2cc1f7f9dd70de79db086c9f7aa457d8-p_c.jpg,2026-07-20 10:49,For Sale
26704956,6347 Sudbury Dr,75214,Dallas,TX,32.839447,-96.75316,749000,485.0,,718800.0,3276.0,3.0,2.0,1544.0,1950.0,9104.04,singleFamily,4,673600.0,2025,https://www.zillow.com,https://photos.zillowstatic.com/fp/cd785c5d6a35ad81ca71a1592d22a97a-p_c.jpg,2026-07-20 10:49,For Sale
26790438,3975 Clover Ln,75220,Dallas,TX,32.870937,-96.84592,875000,589.0,,837300.0,3262.0,3.0,2.0,1486.0,1952.0,0.27,singleFamily,3,714000.0,2025,https://www.zillow.com,https://photos.zillowstatic.com/fp/e5132b8eda8118a3be8f11564d9b0539-p_c.jpg,2026-07-20 10:49,For Sale
26878764,3707 Judge Dupree Dr,75241,Dallas,TX,32.667046,-96.76175,160000,117.0,,155500.0,1934.0,4.0,2.0,1364.0,1971.0,7579.44,singleFamily,37,215830.0,2025,https://www.zillow.com,https://photos.zillowstatic.com/fp/0b55e4a47cc56ce8f4af266c15473c6e-p_c.jpg,2026-07-20 10:49,For Sale
26694735,6162 Prospect Ave,75214,Dallas,TX,32.814735,-96.75886,2275000,537.0,,2191300.0,5889.0,5.0,6.0,4233.0,2026.0,9408.96,singleFamily,47,638060.0,2025,https://www.zillow.com,https://photos.zillowstatic.com/fp/745bf77c7a71bb880d0cd305dc0dfd45-p_c.jpg,2026-07-20 10:49,For Sale
462103308,9319 Chimney Corner Ln,75243,Dallas,TX,32.92031,-96.73659,229900,174.0,-10100.0,225000.0,2031.0,3.0,2.0,1321.0,1974.0,3092.76,townhome,66,,,https://www.zillow.com,https://photos.zillowstatic.com/fp/27c8cff38a98f67d9a22cb35142f736c-p_c.jpg,2026-07-20 10:49,For Sale
26879712,6027 Verde Way,75211,Dallas,TX,32.74321,-96.92595,470000,196.0,,461900.0,3142.0,4.0,3.0,2400.0,2026.0,9496.08,singleFamily,3,47440.0,2025,https://www.zillow.com,https://photos.zillowstatic.com/fp/38bb0075132d075d2e46245ab64a2c62-p_c.jpg,2026-07-20 10:49,For Sale
26759518,5310 Rock Cliff Pl,75209,Dallas,TX,32.863102,-96.82189,7150000,1088.0,,3627400.0,9059.0,5.0,5.0,6570.0,2000.0,1.5800045913682277,singleFamily,0,3758410.0,2025,https://www.zillow.com,https://www.zillowstatic.com/static/images/nophoto_p_c.png,2026-07-20 10:49,For Sale
53077414,5434 Preston Fairways Cir,75252,Dallas,TX,32.990475,-96.809105,735000,226.0,,708300.0,3983.0,4.0,3.0,3249.0,1991.0,6098.4,singleFamily,3,714915.0,2025,https://www.zillow.com,https://photos.zillowstatic.com/fp/061b172d3d681312ddbd0d78c3d210c5-p_c.jpg,2026-07-20 10:49,For Sale
2059857584,5718 Over Downs Dr,75230,Dallas,TX,32.890553,-96.80669,1150000,464.0,,1104200.0,7597.0,3.0,3.0,2476.0,1980.0,6359.76,singleFamily,6,,,https://www.zillow.com,https://photos.zillowstatic.com/fp/f24edc6e895a14f468c104fc5e12ac8a-p_c.jpg,2026-07-20 10:49,For Sale
162255545,2603 Custer Dr,75216,Dallas,TX,32.703873,-96.78221,250000,205.0,25000.0,248600.0,1997.0,3.0,2.0,1219.0,2015.0,7492.32,singleFamily,25,230400.0,2025,https://www.zillow.com,https://photos.zillowstatic.com/fp/428e6880c30cbf62b9723cb4c1d48fc3-p_c.jpg,2026-07-20 10:49,For Sale
26767111,2319 Kathleen Ave,75216,Dallas,TX,32.705616,-96.790436,115000,127.0,-5000.0,,1532.0,3.0,1.0,904.0,1948.0,5924.16,singleFamily,86,167190.0,2025,https://www.zillow.com,https://photos.zillowstatic.com/fp/1ed857364c42c34f4a417389badd9ba8-p_c.jpg,2026-07-20 10:49,For Sale
96531210,6908 Truth Dr,75236,Dallas,TX,32.700516,-96.94369,575000,170.0,,559400.0,4949.0,3.0,4.0,3375.0,2022.0,0.28500000000000003,singleFamily,3,420830.0,2025,https://www.zillow.com,https://photos.zillowstatic.com/fp/fc6cd37e5730ee3503a438da9890623c-p_c.jpg,2026-07-20 10:49,For Sale
26703066,6240 Kenwood Ave,75214,Dallas,TX,32.832672,-96.75654,1898000,439.0,,,,5.0,5.0,4325.0,2026.0,8537.76,singleFamily,10,555230.0,2025,https://www.zillow.com,https://photos.zillowstatic.com/fp/fa2f50d868715fc45672ad0bf58432d2-p_c.jpg,2026-07-20 10:49,For Sale
26740356,8423 Santa Clara Dr,75218,Dallas,TX,32.816525,-96.713554,1795000,528.0,,1681500.0,5453.0,4.0,3.0,3400.0,1947.0,0.459,singleFamily,11,1303670.0,2025,https://www.zillow.com,https://photos.zillowstatic.com/fp/4698947141bc0b6c708b619ebc5fa83b-p_c.jpg,2026-07-20 10:49,For Sale
83999919,5609 La Foy Blvd,75209,Dallas,TX,32.83032,-96.823784,799000,256.0,,773900.0,4517.0,3.0,3.0,3116.0,2005.0,7980.192,singleFamily,2,856760.0,2025,https://www.zillow.com,https://photos.zillowstatic.com/fp/8cb2dd874221a327168e0a4a6eb27884-p_c.jpg,2026-07-20 10:49,For Sale
26809935,3631 Coral Gables Dr,75229,Dallas,TX,32.90614,-96.858406,775000,290.0,,733000.0,4193.0,4.0,4.0,2676.0,1958.0,0.2744,singleFamily,6,610120.0,2025,https://www.zillow.com,https://photos.zillowstatic.com/fp/9c5e5e821dcbeb88ee5766dd69f3e56c-p_c.jpg,2026-07-20 10:49,For Sale
96514968,1721 Avenue B,75203,Dallas,TX,32.74578,-96.79752,590000,229.0,,,1275.0,4.0,4.0,2574.0,2026.0,8494.2,singleFamily,1,75000.0,2025,https://www.zillow.com,https://photos.zillowstatic.com/fp/bbf98462306a8e80eb732aff6a866da2-p_c.jpg,2026-07-20 10:49,For Sale
26742649,10513 Aledo Dr,75228,Dallas,TX,32.837868,-96.68508,245000,222.0,,238700.0,1814.0,3.0,1.0,1106.0,1950.0,7710.12,singleFamily,2,247230.0,2025,https://www.zillow.com,https://photos.zillowstatic.com/fp/4cbccb5c02c969362aaa2f9ef932dd12-p_c.jpg,2026-07-20 10:49,For Sale
26888791,6010 La Cosa Dr,75248,Dallas,TX,32.959442,-96.80371,649999,299.0,,627800.0,3999.0,3.0,3.0,2174.0,1979.0,8232.84,singleFamily,6,587940.0,2025,https://www.zillow.com,https://photos.zillowstatic.com/fp/c5ef7389868ebbceb3b5de7e3f66a9e0-p_c.jpg,2026-07-20 10:49,For Sale
26888478,10015 Chimney Hill Ln,75243,Dallas,TX,32.916225,-96.72445,524990,204.0,,511000.0,4158.0,4.0,3.0,2578.0,1979.0,8886.24,singleFamily,51,460000.0,2025,https://www.zillow.com,https://photos.zillowstatic.com/fp/117992e67b8bdbda7a3ebccbf1a20d44-p_c.jpg,2026-07-20 10:49,For Sale
26847177,1744 Gross Rd,75228,Dallas,TX,32.81449,-96.68626,330000,186.0,-19900.0,322200.0,2737.0,3.0,2.0,1778.0,1964.0,0.261,singleFamily,39,392120.0,2025,https://www.zillow.com,https://photos.zillowstatic.com/fp/45888fa28ba28104ca482befd7439a57-p_c.jpg,2026-07-20 10:49,For Sale
26833627,1810 Bickers St,75212,Dallas,TX,32.786808,-96.84838,579000,241.0,,572200.0,3208.0,4.0,4.0,2400.0,2026.0,5401.44,singleFamily,16,255620.0,2025,https://www.zillow.com,https://photos.zillowstatic.com/fp/7c93197a3e4fa4d75bf7bc66024c6dca-p_c.jpg,2026-07-20 10:49,For Sale
69676388,3110 Thomas Ave APT 111,75204,Dallas,TX,32.798294,-96.79458,699000,326.0,,671900.0,4237.0,4.0,3.0,2142.0,1998.0,1.174,condo,6,578340.0,2025,https://www.zillow.com,https://photos.zillowstatic.com/fp/52670e0ace220e674fd6f73434e5b980-p_c.jpg,2026-07-20 10:49,For Sale
26691864,2215 Madera St,75206,Dallas,TX,32.814247,-96.77663,1545000,564.0,-50000.0,1484400.0,7643.0,3.0,3.0,2738.0,2016.0,7501.032,singleFamily,87,1124380.0,2025,https://www.zillow.com,https://photos.zillowstatic.com/fp/a893b3403aeeae1fab6cdaba9470d9d1-p_c.jpg,2026-07-20 10:49,For Sale
26734131,4229 Bluffview Blvd,75209,Dallas,TX,32.85287,-96.8382,1399000,288.0,650000.0,1341500.0,7688.0,4.0,4.0,4854.0,2007.0,10367.28,singleFamily,12,1097230.0,2025,https://www.zillow.com,https://photos.zillowstatic.com/fp/dbb095768d9849639e7c32ee3b24dee3-p_c.jpg,2026-07-20 10:49,For Sale
26755175,6031 Lupton Dr,75225,Dallas,TX,32.877293,-96.80259,6100000,870.0,-100000.0,5773500.0,7191.0,5.0,7.0,7009.0,2025.0,0.43199999999999994,singleFamily,114,2570190.0,2025,https://www.zillow.com,https://photos.zillowstatic.com/fp/48b0e44cb83164412f7f80ee793fdfab-p_c.jpg,2026-07-20 10:49,For Sale
26854259,10615 Larchfield Ln,75238,Dallas,TX,32.876965,-96.70288,625000,367.0,,604400.0,3216.0,3.0,2.0,1703.0,1955.0,7405.2,singleFamily,1,552300.0,2025,https://www.zillow.com,https://photos.zillowstatic.com/fp/277b288cdd3a74a4887fd5b81272adbe-p_c.jpg,2026-07-20 10:49,For Sale
26860038,8034 Greenhollow Ln,75240,Dallas,TX,32.93785,-96.76769,418000,200.0,,412200.0,3195.0,5.0,3.0,2086.0,1961.0,8102.16,singleFamily,66,314120.0,2025,https://www.zillow.com,https://photos.zillowstatic.com/fp/d99684671c4bcd078842ebe66e66f571-p_c.jpg,2026-07-20 10:49,For Sale
26702391,7122 Lakewood Blvd,75214,Dallas,TX,32.82184,-96.734665,3850000,556.0,-145000.0,3636000.0,6289.0,4.0,6.0,6929.0,2021.0,0.363,singleFamily,61,2503830.0,2025,https://www.zillow.com,https://photos.zillowstatic.com/fp/6be89693973e2fab0b47bff9cffaacd0-p_c.jpg,2026-07-20 10:49,For Sale
26786182,4643 Ashbrook Rd,75227,Dallas,TX,32.78266,-96.71354,375000,167.0,,369800.0,2821.0,3.0,3.0,2243.0,1973.0,8407.08,singleFamily,4,362030.0,2025,https://www.zillow.com,https://photos.zillowstatic.com/fp/aa44890ecfb28ba5d2b4cc5fa57e3c0e-p_c.jpg,2026-07-20 10:49,For Sale
26858893,10950 Scotsmeadow Dr,75218,Dallas,TX,32.859093,-96.69466,750000,350.0,,726700.0,3531.0,3.0,3.0,2140.0,1960.0,8624.88,singleFamily,5,648990.0,2025,https://www.zillow.com,https://photos.zillowstatic.com/fp/170ad24b0effa4c7582ef9f76f452cdf-p_c.jpg,2026-07-20 10:49,For Sale
26843713,8835 Larchwood Dr,75238,Dallas,TX,32.868053,-96.70213,599000,364.0,-16000.0,,,3.0,2.0,1646.0,1955.0,7623.0,singleFamily,36,519030.0,2025,https://www.zillow.com,https://photos.zillowstatic.com/fp/73f3745903da56f5552cbf4c064137c5-p_c.jpg,2026-07-20 10:49,For Sale
26848384,13693 Peyton Dr,75240,Dallas,TX,32.934937,-96.778435,1695000,390.0,,1634100.0,7604.0,5.0,6.0,4347.0,2023.0,0.569,singleFamily,39,1255000.0,2025,https://www.zillow.com,https://photos.zillowstatic.com/fp/d163449193dfada43b943e6d54d278ae-p_c.jpg,2026-07-20 10:49,For Sale
26893721,7001 Kingshollow Dr,75248,Dallas,TX,32.967854,-96.78662,1025000,322.0,-25000.0,993200.0,5279.0,4.0,4.0,3181.0,1978.0,0.338,singleFamily,65,942630.0,2025,https://www.zillow.com,https://photos.zillowstatic.com/fp/1a8767bd07ff3f69113b5b573530ff4d-p_c.jpg,2026-07-20 10:49,For Sale
26930368,5325 Bent Tree Forest Dr APT 2230,75248,Dallas,TX,32.965553,-96.8182,150000,146.0,,,,1.0,2.0,1028.0,1983.0,2.564,condo,2,205370.0,2025,https://www.zillow.com,https://photos.zillowstatic.com/fp/05646879b40876c0ad2f398a1a6bb089-p_c.jpg,2026-07-20 10:49,For Sale
26859518,7211 Valley View Pl,75240,Dallas,TX,32.927677,-96.78114,995000,308.0,-55000.0,,,4.0,4.0,3232.0,1978.0,0.571,singleFamily,62,1138740.0,2025,https://www.zillow.com,https://photos.zillowstatic.com/fp/15bdbeab4c21af31344e4381dff301dd-p_c.jpg,2026-07-20 10:49,For Sale
162350069,1113 Brock St,75203,Dallas,TX,32.734318,-96.78945,242000,199.0,,237900.0,2126.0,3.0,2.0,1217.0,1948.0,8799.12,singleFamily,9,258070.0,2025,https://www.zillow.com,https://photos.zillowstatic.com/fp/8f7d668c83d978918a2b6b8b320020fd-p_c.jpg,2026-07-20 10:49,For Sale
26814145,135 Mannington Dr,75232,Dallas,TX,32.6716,-96.82432,270000,168.0,,293700.0,2175.0,3.0,2.0,1606.0,1948.0,0.43,singleFamily,2,257230.0,2025,https://www.zillow.com,https://photos.zillowstatic.com/fp/3a13224bfbf6162e4278d754721e79dc-p_c.jpg,2026-07-20 10:49,For Sale
162224612,4130 Cochran Chapel Rd,75209,Dallas,TX,32.860207,-96.84044,9150000,1018.0,,,,5.0,8.0,8984.0,2002.0,3.38,singleFamily,134,6872000.0,2025,https://www.zillow.com,https://photos.zillowstatic.com/fp/9974a556fdec25115f607399b11c6488-p_c.jpg,2026-07-20 10:49,For Sale
2070121656,13635 Weald Green St,75240,Dallas,TX,32.933163,-96.76757,250000,197.0,-10000.0,246100.0,2161.0,3.0,2.0,1272.0,1968.0,3267.0,townhome,102,,,https://www.zillow.com,https://photos.zillowstatic.com/fp/7b4cd31cae5b73ec226918e1cd1e09bf-p_c.jpg,2026-07-20 10:49,For Sale
26831952,10450 Solta Dr,75218,Dallas,TX,32.860786,-96.70644,1249000,363.0,-26000.0,1214900.0,6266.0,4.0,5.0,3439.0,2018.0,7884.36,singleFamily,31,1019330.0,2025,https://www.zillow.com,https://photos.zillowstatic.com/fp/18df4349af328fd6920f3d9d5812980f-p_c.jpg,2026-07-20 10:49,For Sale
26813754,5906 Rocky Ridge Rd,75241,Dallas,TX,32.675884,-96.81898,289900,190.0,39900.0,286000.0,1939.0,3.0,2.0,1523.0,1960.0,10105.92,singleFamily,3,343440.0,2025,https://www.zillow.com,https://photos.zillowstatic.com/fp/ef84ee3f69612fb0c0f9ea37e135fa15-p_c.jpg,2026-07-20 10:49,For Sale
26846205,8516 Londonderry Ln,75228,Dallas,TX,32.801346,-96.69252,255000,153.0,,,,3.0,2.0,1667.0,1977.0,7535.88,singleFamily,5,346480.0,2025,https://www.zillow.com,https://photos.zillowstatic.com/fp/b9908bc4d62cb52c8ff84d83779a3f6b-p_c.jpg,2026-07-20 10:49,For Sale
26884862,11218 Buchanan Dr,75228,Dallas,TX,32.84821,-96.656494,325000,170.0,,,,4.0,3.0,1908.0,1963.0,8363.52,singleFamily,10,309850.0,2025,https://www.zillow.com,https://photos.zillowstatic.com/fp/67898661cde8442d1dbcf8de02312c03-p_c.jpg,2026-07-20 10:49,For Sale
26758535,4323 Middleton Rd,75229,Dallas,TX,32.88603,-96.836235,3549000,597.0,-142000.0,3407000.0,6281.0,5.0,7.0,5945.0,2023.0,0.428,singleFamily,94,3344760.0,2025,https://www.zillow.com,https://photos.zillowstatic.com/fp/d5b50d5876a2018788fa9195c5ce9651-p_c.jpg,2026-07-20 10:49,For Sale
26643578,4219 Hollow Oak Dr,75287,Dallas,TX,32.997143,-96.83762,899900,208.0,-15000.0,879200.0,5328.0,5.0,4.0,4327.0,1989.0,8712.0,singleFamily,443,942154.0,2025,https://www.zillow.com,https://photos.zillowstatic.com/fp/fde7a660e79c44058378e3a2925a2f1a-p_c.jpg,2026-07-20 10:49,For Sale
26759576,5036 Radbrook Pl,75220,Dallas,TX,32.867332,-96.82502,5995000,708.0,,5663700.0,31286.0,6.0,6.0,8462.0,2015.0,1.08,singleFamily,30,5077000.0,2025,https://www.zillow.com,https://photos.zillowstatic.com/fp/e79327d8aad385ed588ac32212b12973-p_c.jpg,2026-07-20 10:49,For Sale
338039945,381 E Greenbriar Ln #1001,75203,Dallas,TX,32.763397,-96.81688,575000,381.0,,559600.0,2932.0,2.0,3.0,1511.0,2022.0,1045.44,townhome,0,446520.0,2025,https://www.zillow.com,https://photos.zillowstatic.com/fp/545f7a696b49c865f16af8c9cd0877fa-p_c.jpg,2026-07-20 10:49,For Sale
26680596,3708 Spence St,75215,Dallas,TX,32.755756,-96.770706,410000,191.0,-9999.0,406500.0,2547.0,4.0,3.0,2150.0,2026.0,5488.56,singleFamily,93,49600.0,2025,https://www.zillow.com,https://photos.zillowstatic.com/fp/f8b2cef30017da08bfd99f1bc4e15d23-p_c.jpg,2026-07-20 10:49,For Sale
26867518,7010 Claybrook Dr,75231,Dallas,TX,32.876457,-96.74088,795000,299.0,,768900.0,3896.0,4.0,3.0,2657.0,1979.0,9147.6,singleFamily,19,763000.0,2025,https://www.zillow.com,https://photos.zillowstatic.com/fp/ef005d87b3c7c55ab1d6d2c64f803a01-p_c.jpg,2026-07-20 10:49,For Sale
84006038,3907 Cole Ave APT 3,75204,Dallas,TX,32.81126,-96.79571,825000,364.0,,791400.0,5750.0,3.0,4.0,2269.0,2006.0,0.545,townhome,10,601290.0,2025,https://www.zillow.com,https://photos.zillowstatic.com/fp/0d2b74326922e4bff3c19a4eed74c49c-p_c.jpg,2026-07-20 10:49,For Sale
26890961,7010 McKamy Blvd,75248,Dallas,TX,32.98315,-96.78468,1299000,328.0,-100000.0,1252800.0,7527.0,5.0,5.0,3966.0,1978.0,0.324,singleFamily,33,1060000.0,2025,https://www.zillow.com,https://photos.zillowstatic.com/fp/dbab2fc0269d01363d658e68d49f1239-p_c.jpg,2026-07-20 10:49,For Sale
162372942,6610 Southpoint Dr,75248,Dallas,TX,32.977703,-96.79332,1199000,318.0,-76000.0,1155200.0,6736.0,4.0,4.0,3765.0,1973.0,9539.64,singleFamily,57,962490.0,2025,https://www.zillow.com,https://photos.zillowstatic.com/fp/8ab8bc4ba0b976e4e3483d97af615283-p_c.jpg,2026-07-20 10:49,For Sale
26848500,6929 Elmridge Dr,75240,Dallas,TX,32.935173,-96.78496,1999999,625.0,,1877400.0,5996.0,4.0,4.0,3199.0,1961.0,0.7580000000000001,singleFamily,19,1351460.0,2025,https://www.zillow.com,https://photos.zillowstatic.com/fp/f29ea391556e8c0b369473c36bc55f31-p_c.jpg,2026-07-20 10:49,For Sale
26809012,10931 Marsh Ln,75229,Dallas,TX,32.89747,-96.85655,649900,262.0,,623500.0,5421.0,4.0,3.0,2478.0,1981.0,0.372,singleFamily,37,591530.0,2025,https://www.zillow.com,https://photos.zillowstatic.com/fp/a5e19983897f7e7f02d633aee4ebff15-p_c.jpg,2026-07-20 10:49,For Sale
96514361,2874 Farragut St,75215,Dallas,TX,32.75401,-96.74714,19995,,,,2335.0,,,,,3441.24,land,49,34340.0,2025,https://www.zillow.com,https://photos.zillowstatic.com/fp/22fea0a54919906b44445391a3ca4754-p_c.jpg,2026-07-20 10:49,For Sale
26691921,1916 Euclid Ave,75206,Dallas,TX,32.814,-96.77331,950000,357.0,,921900.0,4830.0,3.0,4.0,2661.0,2005.0,3484.8,singleFamily,2,754450.0,2025,https://www.zillow.com,https://photos.zillowstatic.com/fp/5b08547eba1aaeb10742a0cb9544a984-p_c.jpg,2026-07-20 10:49,For Sale
26789060,3908 Rochelle Dr,75220,Dallas,TX,32.874886,-96.85059,1575000,368.0,,,,4.0,4.0,4281.0,2024.0,7492.32,singleFamily,3,1689680.0,2025,https://www.zillow.com,https://photos.zillowstatic.com/fp/5deb3f76091a2aabd7476bfb5efc60bc-p_c.jpg,2026-07-20 10:49,For Sale
26754134,6211 W Northwest Hwy APT 2306,75225,Dallas,TX,32.866318,-96.79989,295000,261.0,,292500.0,2829.0,2.0,2.0,1132.0,1966.0,4.259,condo,11,311300.0,2025,https://www.zillow.com,https://photos.zillowstatic.com/fp/5938a22e0f3bd72b1d269d8cbee5e78e-p_c.jpg,2026-07-20 10:49,For Sale
69632546,18156 Frankford Lakes Cir,75252,Dallas,TX,32.999615,-96.79933,459000,260.0,,445100.0,2672.0,2.0,3.0,1764.0,2005.0,2178.0,singleFamily,3,449957.0,2025,https://www.zillow.com,https://photos.zillowstatic.com/fp/b99f92509c216ae44fcfe3df02710e4f-p_c.jpg,2026-07-20 10:49,For Sale
26772122,917 De Witt Cir,75224,Dallas,TX,32.720097,-96.83782,305000,203.0,,,2217.0,3.0,2.0,1503.0,1953.0,0.252,singleFamily,4,160260.0,2020,https://www.zillow.com,https://photos.zillowstatic.com/fp/74ab85ef3ad816b9f0fbbe3b047a3bb3-p_c.jpg,2026-07-20 10:49,For Sale
96514863,1312 Valley St,75203,Dallas,TX,32.74361,-96.80501,420000,206.0,,,2968.0,3.0,3.0,2034.0,2023.0,3615.48,singleFamily,4,435880.0,2025,https://www.zillow.com,https://photos.zillowstatic.com/fp/92dc8b8f1fd2878f6ea928eb001b66d3-p_c.jpg,2026-07-20 10:49,For Sale
26880423,4115 Calculus Dr,75244,Dallas,TX,32.91821,-96.842964,1025000,337.0,-75000.0,,,4.0,4.0,3045.0,1972.0,0.296,singleFamily,23,1041880.0,2025,https://www.zillow.com,https://photos.zillowstatic.com/fp/b9701c0ae775e66647fc9e1a3583ece1-p_c.jpg,2026-07-20 10:49,For Sale
162359545,5404 Bourquin St,75210,Dallas,TX,32.762302,-96.73272,299999,195.0,,298100.0,2098.0,4.0,2.0,1538.0,2024.0,6185.52,singleFamily,3,297930.0,2025,https://www.zillow.com,https://photos.zillowstatic.com/fp/afb3a36828f49832fde27ea7f24db1d6-p_c.jpg,2026-07-20 10:49,For Sale
455152761,2414 Merlin St,75215,Dallas,TX,32.775078,-96.77428,299900,164.0,14900.0,297800.0,2749.0,3.0,3.0,1832.0,2025.0,,singleFamily,366,,,https://www.zillow.com,https://photos.zillowstatic.com/fp/91b90021b7264137b0710455580e2b4f-p_c.jpg,2026-07-20 10:49,For Sale
96509556,3615 Rio Blanco Dr,75227,Dallas,TX,32.76801,-96.65049,315000,162.0,,310700.0,2234.0,4.0,3.0,1940.0,2009.0,3397.68,singleFamily,2,272250.0,2025,https://www.zillow.com,https://photos.zillowstatic.com/fp/fe8f900726d98f54ac5a8cfb89ac0d36-p_c.jpg,2026-07-20 10:49,For Sale
26588508,4212 Joshua Ln,75287,Dallas,TX,32.99952,-96.83774,595000,233.0,-25000.0,586400.0,3454.0,4.0,3.0,2551.0,1981.0,8712.0,singleFamily,52,491420.0,2025,https://www.zillow.com,https://photos.zillowstatic.com/fp/1ebfeb6a5ff5587357fb8301d0bdd990-p_c.jpg,2026-07-20 10:49,For Sale
333139944,613 N Dwight Ave,75211,Dallas,TX,32.750134,-96.90789,449900,238.0,-19099.0,444000.0,3163.0,4.0,2.0,1894.0,2026.0,8712.0,singleFamily,46,62720.0,2025,https://www.zillow.com,https://photos.zillowstatic.com/fp/4f32e476feac9b5828c28b5dc447e358-p_c.jpg,2026-07-20 10:49,For Sale
26754570,6123 Northwood Rd,75225,Dallas,TX,32.869835,-96.80082,6500000,859.0,,6167400.0,6180.0,5.0,8.0,7568.0,2026.0,0.40499999999999997,singleFamily,102,1512300.0,2025,https://www.zillow.com,https://photos.zillowstatic.com/fp/b2f8f479278df207348083179bd41169-p_c.jpg,2026-07-20 10:49,For Sale
26899070,3919 Cole Ave APT 101,75204,Dallas,TX,32.811615,-96.79551,425000,355.0,-25000.0,411100.0,2901.0,2.0,2.0,1196.0,1981.0,0.255,condo,109,340860.0,2025,https://www.zillow.com,https://photos.zillowstatic.com/fp/cbf1f247d56f573ad65abe8d6006c6b4-p_c.jpg,2026-07-20 10:49,For Sale
2088689395,8560 Park Ln APT 75,75231,Dallas,TX,32.868908,-96.755615,140000,108.0,-15000.0,146900.0,1431.0,2.0,3.0,1299.0,1974.0,6.129,condo,46,,,https://www.zillow.com,https://photos.zillowstatic.com/fp/48934a1b8cd003e588a8897d609abaf8-p_c.jpg,2026-07-20 10:49,For Sale
26701875,6867 Gaston Ave,75214,Dallas,TX,32.816105,-96.74107,1249950,534.0,,,,4.0,3.0,2340.0,1937.0,0.29500000000000004,singleFamily,79,768020.0,2025,https://www.zillow.com,https://photos.zillowstatic.com/fp/844aac6c511c56e1cfc96b4d8adb5258-p_c.jpg,2026-07-20 10:49,For Sale
26732724,6402 Vanderbilt Ave,75214,Dallas,TX,32.824703,-96.75266,795000,468.0,,764300.0,4167.0,3.0,2.0,1700.0,1949.0,7405.2,singleFamily,11,620000.0,2025,https://www.zillow.com,https://photos.zillowstatic.com/fp/1607a51be44d4b799f3586a52cb5b359-p_c.jpg,2026-07-20 10:49,For Sale
2070421854,8750 Park Ln #C-136,75231,Dallas,TX,32.868683,-96.74953,119900,125.0,,,1658.0,2.0,2.0,960.0,1982.0,2.126,condo,2,,,https://www.zillow.com,https://photos.zillowstatic.com/fp/86d62ff38599c5a4dfd65dba660c222d-p_c.jpg,2026-07-20 10:49,For Sale
26872672,6646 Hillbriar Dr,75248,Dallas,TX,32.953167,-96.79552,575000,228.0,,556400.0,4262.0,4.0,3.0,2517.0,1972.0,10541.52,singleFamily,9,589320.0,2025,https://www.zillow.com,https://photos.zillowstatic.com/fp/78c9632a350233e358f0950a5914bca1-p_c.jpg,2026-07-20 10:49,For Sale
26850073,2730 San Diego Dr,75228,Dallas,TX,32.853935,-96.66775,225000,231.0,-20000.0,218200.0,1867.0,3.0,2.0,974.0,1955.0,7623.0,singleFamily,145,192500.0,2025,https://www.zillow.com,https://photos.zillowstatic.com/fp/b1fd6976e3fde1f43aa4a2d3b7b10a72-p_c.jpg,2026-07-20 10:49,For Sale
26682434,4900 Victor St,75214,Dallas,TX,32.797035,-96.76548,875000,310.0,,844100.0,4651.0,3.0,3.0,2826.0,1984.0,9191.16,singleFamily,23,860870.0,2025,https://www.zillow.com,https://photos.zillowstatic.com/fp/fe8ffcf30a984f1d6c0b5b3c786536a6-p_c.jpg,2026-07-20 10:49,For Sale
69675393,1122 Jackson St APT 1103,75202,Dallas,TX,32.778316,-96.80129,374000,361.0,,359400.0,2134.0,1.0,2.0,1035.0,1925.0,0.984,condo,39,336380.0,2025,https://www.zillow.com,https://photos.zillowstatic.com/fp/27490b4063d9452a319ee8fdceaa09e7-p_c.jpg,2026-07-20 10:49,For Sale
26865492,10647 Chesterton Dr,75238,Dallas,TX,32.881405,-96.700714,575000,297.0,,,,4.0,2.0,1937.0,1960.0,9888.12,singleFamily,9,490010.0,2025,https://www.zillow.com,https://photos.zillowstatic.com/fp/934eb114dd9c2ade21e8b3b776ca402a-p_c.jpg,2026-07-20 10:49,For Sale
26743846,11328 Flamingo Ln,75218,Dallas,TX,32.85391,-96.684586,460000,345.0,,441500.0,2566.0,3.0,2.0,1335.0,1955.0,8581.32,singleFamily,31,431460.0,2025,https://www.zillow.com,https://photos.zillowstatic.com/fp/50c7549f7d191002b8cfe79244098f9d-p_c.jpg,2026-07-20 10:49,For Sale
26805596,3785 Crown Shore Dr,75244,Dallas,TX,32.913235,-96.85218,685000,233.0,-50000.0,,,4.0,2.0,2945.0,1964.0,9844.56,singleFamily,74,625000.0,2025,https://www.zillow.com,https://photos.zillowstatic.com/fp/42f555fc67cb0e6c486b206af09512a7-p_c.jpg,2026-07-20 10:49,For Sale
26758119,4700 Dorset Rd,75229,Dallas,TX,32.883846,-96.82762,9450000,719.0,-547000.0,8450600.0,7483.0,5.0,8.0,13151.0,1951.0,1.187,singleFamily,166,6546810.0,2025,https://www.zillow.com,https://photos.zillowstatic.com/fp/286151bdb61010284183c163c85e2c3c-p_c.jpg,2026-07-20 10:49,For Sale
80224298,1200 Main St APT 701,75202,Dallas,TX,32.77981,-96.80127,389900,251.0,,384100.0,4893.0,3.0,3.0,1551.0,1974.0,1.033,condo,46,407000.0,2025,https://www.zillow.com,https://photos.zillowstatic.com/fp/0d4641322368a5ef6c9672c06ecb44c3-p_c.jpg,2026-07-20 10:49,For Sale
26737457,3807 Falls Dr,75211,Dallas,TX,32.72671,-96.882385,269900,249.0,269900.0,,1959.0,3.0,2.0,1083.0,1933.0,7710.12,singleFamily,38,266270.0,2025,https://www.zillow.com,https://photos.zillowstatic.com/fp/e1ff02e1f309c4fa7f92bd4f7834b5c6-p_c.jpg,2026-07-20 10:49,For Sale
26769595,4577 Bonanza Ln,75211,Dallas,TX,32.72279,-96.89731,240000,236.0,,232900.0,1641.0,3.0,2.0,1018.0,1963.0,7361.64,singleFamily,5,192620.0,2025,https://www.zillow.com,https://photos.zillowstatic.com/fp/2df701780e6620d07331380e43d62c2d-p_c.jpg,2026-07-20 10:49,For Sale
26787955,3559 Durango Dr,75220,Dallas,TX,32.86767,-96.85897,1125000,311.0,-25000.0,1102000.0,6705.0,5.0,5.0,3612.0,2026.0,10541.52,singleFamily,68,382130.0,2025,https://www.zillow.com,https://photos.zillowstatic.com/fp/6b07d46c811fc61e1d4e5763454f8a12-p_c.jpg,2026-07-20 10:49,For Sale
26914550,5668 Centeridge Dr,75249,Dallas,TX,32.658012,-96.96212,220000,149.0,,221200.0,2189.0,3.0,2.0,1476.0,1997.0,5723.784,singleFamily,17,280610.0,2025,https://www.zillow.com,https://photos.zillowstatic.com/fp/06748a8045dbe4dfd50a4f7e180000b2-p_c.jpg,2026-07-20 10:49,For Sale
26707212,7153 Cornelia Ln,75214,Dallas,TX,32.830696,-96.73574,2799000,554.0,-50000.0,2717500.0,5747.0,5.0,5.0,5055.0,2025.0,0.26,singleFamily,51,878030.0,2025,https://www.zillow.com,https://photos.zillowstatic.com/fp/b1ffb95db4bc32cdaf4687656d15de22-p_c.jpg,2026-07-20 10:49,For Sale
26843500,10440 Lanshire Dr,75238,Dallas,TX,32.86803,-96.70598,1699000,380.0,,,,5.0,7.0,4470.0,2025.0,7187.4,singleFamily,1,509950.0,2025,https://www.zillow.com,https://photos.zillowstatic.com/fp/7fab539e2b18ccef202e00bd93ce6755-p_c.jpg,2026-07-20 10:49,For Sale
26767128,2334 Kathleen Ave,75216,Dallas,TX,32.70549,-96.7896,200000,156.0,,202200.0,1532.0,3.0,1.0,1284.0,1948.0,6011.28,singleFamily,2,206840.0,2025,https://www.zillow.com,https://photos.zillowstatic.com/fp/2a1e7ac70cca03a82bf738e4a88992ce-p_c.jpg,2026-07-20 10:49,For Sale
26796661,6208 Fenway St,75217,Dallas,TX,32.72877,-96.71546,269000,147.0,,266100.0,1812.0,4.0,3.0,1835.0,1963.0,7492.32,singleFamily,2,204440.0,2025,https://www.zillow.com,https://photos.zillowstatic.com/fp/237bdd41d888a7e2f89de53f4b273276-p_c.jpg,2026-07-20 10:49,For Sale
26838448,7510 Pebblestone Dr,75230,Dallas,TX,32.89045,-96.77602,275000,262.0,,263100.0,1936.0,2.0,2.0,1050.0,1969.0,0.521,townhome,1,238700.0,2025,https://www.zillow.com,https://photos.zillowstatic.com/fp/7ab393a492e6d0d7b713bfafc06d5618-p_c.jpg,2026-07-20 10:49,For Sale
53389616,1676 Glade Forest Dr,75218,Dallas,TX,32.80505,-96.72278,949000,299.0,-46000.0,920000.0,4545.0,3.0,4.0,3172.0,1999.0,9888.12,singleFamily,37,948760.0,2025,https://www.zillow.com,https://photos.zillowstatic.com/fp/0ce029d969bd66d13c5618e53f3f6202-p_c.jpg,2026-07-20 10:49,For Sale
26729241,1518 Oak Knoll St,75208,Dallas,TX,32.762928,-96.83254,1345000,423.0,-50000.0,1298600.0,7264.0,4.0,4.0,3180.0,1948.0,0.29200000000000004,singleFamily,61,1895320.0,2025,https://www.zillow.com,https://photos.zillowstatic.com/fp/fca8bb69f60de8b0346af815b3e86b4c-p_c.jpg,2026-07-20 10:49,For Sale
26901389,5335 Bent Tree Forest Dr APT 119,75248,Dallas,TX,32.965923,-96.81654,124900,160.0,-20000.0,,1266.0,1.0,2.0,783.0,1981.0,8.766,singleFamily,121,198790.0,2025,https://www.zillow.com,https://photos.zillowstatic.com/fp/8e2c10f78e61b15e14f30ae8f931eff1-p_c.jpg,2026-07-20 10:49,For Sale
26755584,6615 Meadow Rd,75230,Dallas,TX,32.88651,-96.79076,2999999,467.0,-150001.0,,21725.0,5.0,7.0,6421.0,1999.0,0.344,singleFamily,124,3495560.0,2023,https://www.zillow.com,https://photos.zillowstatic.com/fp/0985eac8b18a987f661fc3f3080f6764-p_c.jpg,2026-07-20 10:49,For Sale
26747606,6317 E University Blvd,75214,Dallas,TX,32.846394,-96.754456,1295000,502.0,,,,4.0,4.0,2579.0,1961.0,0.272,singleFamily,23,716420.0,2025,https://www.zillow.com,https://photos.zillowstatic.com/fp/c05355cfc863b760cc35a45ce2477354-p_c.jpg,2026-07-20 10:49,For Sale
26731260,7619 Kenwell St,75209,Dallas,TX,32.849133,-96.8277,1650000,402.0,,,,4.0,5.0,4104.0,2024.0,8842.68,singleFamily,9,754090.0,2025,https://www.zillow.com,https://photos.zillowstatic.com/fp/8fe8ac9c1ca7165abe4b76330c7d23b9-p_c.jpg,2026-07-20 10:49,For Sale
26773770,724 W Five Mile Pkwy,75224,Dallas,TX,32.693787,-96.83543,350000,159.0,,,,3.0,3.0,2207.0,1957.0,0.367,singleFamily,30,310310.0,2025,https://www.zillow.com,https://photos.zillowstatic.com/fp/fa4358fdd3f6c9c804de85c84b4aa60e-p_c.jpg,2026-07-20 10:49,For Sale
26864385,10830 Ferndale Rd,75238,Dallas,TX,32.892693,-96.713356,779000,254.0,,,,4.0,4.0,3066.0,1968.0,9583.2,singleFamily,13,582480.0,2025,https://www.zillow.com,https://photos.zillowstatic.com/fp/ef75db0ffc4af2a86a79299d2017c3a1-p_c.jpg,2026-07-20 10:49,For Sale
26726763,2630 Langdon Ave,75235,Dallas,TX,32.839355,-96.85553,360000,274.0,,263100.0,2184.0,3.0,1.0,1316.0,1938.0,8145.72,singleFamily,3,258350.0,2025,https://www.zillow.com,https://photos.zillowstatic.com/fp/a8d3727e8650e240e653fa7ea16bc7ef-p_c.jpg,2026-07-20 10:49,For Sale
249829719,8145 Snapdragon Way,75252,Dallas,TX,32.993587,-96.76156,495000,256.0,,482000.0,2758.0,3.0,3.0,1934.0,2017.0,2787.84,townhome,4,256212.0,2025,https://www.zillow.com,https://photos.zillowstatic.com/fp/fc659d409081ed8747edaf658243cd7f-p_c.jpg,2026-07-20 10:49,For Sale
26722466,923 Hartsdale Dr,75211,Dallas,TX,32.75318,-96.86922,295000,202.0,,315000.0,2214.0,3.0,2.0,1464.0,1941.0,7492.32,singleFamily,3,286030.0,2025,https://www.zillow.com,https://photos.zillowstatic.com/fp/ed1f3ccd2d0aa6a21566fc726ae2fcaa-p_c.jpg,2026-07-20 10:49,For Sale
26854263,9621 Lanward Dr,75238,Dallas,TX,32.87759,-96.70276,1600000,368.0,,1554600.0,3192.0,5.0,5.0,4350.0,2026.0,7496.676,singleFamily,2,517430.0,2025,https://www.zillow.com,https://photos.zillowstatic.com/fp/03a617992a630f998e1e6332103a2814-p_c.jpg,2026-07-20 10:49,For Sale
26742743,10331 Eastwood Dr,75228,Dallas,TX,32.836155,-96.682785,538999,291.0,-11001.0,530600.0,2740.0,3.0,2.0,1850.0,2026.0,0.257,singleFamily,34,252970.0,2025,https://www.zillow.com,https://photos.zillowstatic.com/fp/410b97ed93a67116aefc0ab1e370fc47-p_c.jpg,2026-07-20 10:49,For Sale
26897946,1802 N Prairie Ave,75204,Dallas,TX,32.806522,-96.77788,405000,287.0,,,,3.0,3.0,1412.0,1997.0,3528.36,singleFamily,20,431690.0,2025,https://www.zillow.com,https://photos.zillowstatic.com/fp/a58a177485e18bff04bab7e62cc8fbc7-p_c.jpg,2026-07-20 10:49,For Sale
96506446,1015 Crow Ct,75051,Grand Prairie,TX,32.734306,-96.991905,348000,188.0,-2000.0,343000.0,2767.0,4.0,3.0,1853.0,2009.0,5401.44,singleFamily,4,314680.0,2025,https://www.zillow.com,https://photos.zillowstatic.com/fp/cbfe267bb47ff223b8eb0fb29275d5f8-p_c.jpg,2026-07-20 10:49,For Sale
26872702,6741 Regalbluff Dr,75248,Dallas,TX,32.95281,-96.79272,819000,227.0,-60000.0,797600.0,5600.0,4.0,4.0,3609.0,1974.0,0.338,singleFamily,43,676000.0,2025,https://www.zillow.com,https://photos.zillowstatic.com/fp/7fcb85f485c225a252c24600c06336b1-p_c.jpg,2026-07-20 10:49,For Sale
26864424,9827 Vistadale Dr,75238,Dallas,TX,32.8887,-96.71662,789000,321.0,-10000.0,767000.0,4066.0,4.0,3.0,2456.0,1966.0,8799.12,singleFamily,72,765280.0,2025,https://www.zillow.com,https://photos.zillowstatic.com/fp/20ef7df580bd246517b5c4e257a657c6-p_c.jpg,2026-07-20 10:49,For Sale
26821198,2447 E Pentagon Pkwy,75241,Dallas,TX,32.68448,-96.77835,99000,102.0,-11000.0,,1535.0,3.0,1.0,966.0,1959.0,6664.68,singleFamily,33,136430.0,2025,https://www.zillow.com,https://photos.zillowstatic.com/fp/7d62a682c0539efaed5f6a831bdb4def-p_c.jpg,2026-07-20 10:49,For Sale
26871446,7992 Fallmeadow Ln,75248,Dallas,TX,32.95837,-96.7695,779000,310.0,-20999.0,762300.0,4796.0,4.0,3.0,2516.0,1966.0,0.271,singleFamily,144,600000.0,2025,https://www.zillow.com,https://photos.zillowstatic.com/fp/02d79de36df622c47a7d7535dd9ea8bd-p_c.jpg,2026-07-20 10:49,For Sale
26858018,4421 Allencrest Ln,75244,Dallas,TX,32.911297,-96.83279,1300000,511.0,,1242200.0,4905.0,4.0,3.0,2544.0,1963.0,0.372,singleFamily,8,961560.0,2025,https://www.zillow.com,https://photos.zillowstatic.com/fp/3a91b9e150a797264e2f07bc6e444a56-p_c.jpg,2026-07-20 10:49,For Sale
26688812,4305 Canal St,75210,Dallas,TX,32.774113,-96.746,125000,78.0,,144500.0,2215.0,4.0,2.0,1600.0,1954.0,7753.68,singleFamily,2,161480.0,2025,https://www.zillow.com,https://photos.zillowstatic.com/fp/08d4bc5c3b5325f155327450507f31ab-p_c.jpg,2026-07-20 10:49,For Sale
26865881,9503 Summerhill Ln,75238,Dallas,TX,32.893238,-96.72212,429000,206.0,-10000.0,420700.0,2666.0,3.0,3.0,2080.0,1978.0,9888.12,singleFamily,46,427630.0,2025,https://www.zillow.com,https://photos.zillowstatic.com/fp/f1f8a495b4a59ea4368ad643b83f3cd9-p_c.jpg,2026-07-20 10:49,For Sale
26867514,7104 Claybrook Dr,75231,Dallas,TX,32.87703,-96.7402,899000,365.0,-26000.0,876600.0,4932.0,4.0,3.0,2465.0,1976.0,9060.48,singleFamily,38,996310.0,2025,https://www.zillow.com,https://photos.zillowstatic.com/fp/7d837c7845d989e7bb0008fa16c7a7e9-p_c.jpg,2026-07-20 10:49,For Sale
162175878,5457 Bonita Ave,75206,Dallas,TX,32.818462,-96.77495,2199995,516.0,-100000.0,2129200.0,6602.0,4.0,5.0,4265.0,2026.0,7753.68,singleFamily,72,606610.0,2025,https://www.zillow.com,https://photos.zillowstatic.com/fp/d4210397d494231283b746598c8fefc0-p_c.jpg,2026-07-20 10:49,For Sale
26716146,1531 Iowa Ave,75216,Dallas,TX,32.725986,-96.80222,285991,191.0,,276900.0,1505.0,4.0,2.0,1500.0,1952.0,7710.12,singleFamily,2,150950.0,2025,https://www.zillow.com,https://photos.zillowstatic.com/fp/521d351fbb86cebb346339bcf2839f31-p_c.jpg,2026-07-20 10:49,For Sale
26899394,9233 Church Rd APT 103,75231,Dallas,TX,32.886517,-96.73183,320000,232.0,-5000.0,313900.0,2007.0,3.0,2.0,1377.0,1981.0,1.477,condo,22,289170.0,2025,https://www.zillow.com,https://photos.zillowstatic.com/fp/2830840fa2653750433c99484460cc05-p_c.jpg,2026-07-20 10:49,For Sale
26731598,7210 Robin Rd,75209,Dallas,TX,32.845406,-96.822235,1700000,411.0,,1637700.0,7649.0,5.0,6.0,4140.0,2023.0,7710.12,singleFamily,10,1570210.0,2025,https://www.zillow.com,https://photos.zillowstatic.com/fp/f0310a2fb22a3efd677d8d282f724ed6-p_c.jpg,2026-07-20 10:49,For Sale
26914332,5919 Ranchero Ln,75236,Dallas,TX,32.681995,-96.92422,695000,249.0,,665100.0,4338.0,3.0,3.0,2794.0,1996.0,4.709,singleFamily,36,607240.0,2025,https://www.zillow.com,https://photos.zillowstatic.com/fp/7c8713c9f0fa0760dc826e60c820bc74-p_c.jpg,2026-07-20 10:49,For Sale
26901772,5750 Phoenix Dr APT 22,75231,Dallas,TX,32.875942,-96.75966,70000,116.0,-5000.0,,1152.0,1.0,1.0,605.0,1981.0,2.007,condo,91,108410.0,2025,https://www.zillow.com,https://photos.zillowstatic.com/fp/08a5036a5eef13d238f3fc173a3f58db-p_c.jpg,2026-07-20 10:49,For Sale
26899191,3901 Turtle Creek Blvd #7,75219,Dallas,TX,32.816788,-96.79974,8900000,1310.0,,,,3.0,6.0,6792.0,1997.0,7535.88,singleFamily,90,3145000.0,2025,https://www.zillow.com,https://photos.zillowstatic.com/fp/da8210692bd7a70faad4b9c3fc7bf180-p_c.jpg,2026-07-20 10:49,For Sale
26702047,6933 Delrose Dr,75214,Dallas,TX,32.825703,-96.7398,2790000,728.0,,2624300.0,7648.0,4.0,4.0,3835.0,1979.0,0.49599999999999994,singleFamily,38,1850080.0,2025,https://www.zillow.com,https://photos.zillowstatic.com/fp/3c7540458c0312d1b9882ec9d9a38e1b-p_c.jpg,2026-07-20 10:49,For Sale
162361676,9946 Vistadale Dr,75238,Dallas,TX,32.888195,-96.71434,785000,343.0,,,,4.0,3.0,2286.0,1966.0,8799.12,singleFamily,24,583000.0,2025,https://www.zillow.com,https://photos.zillowstatic.com/fp/c515e35fc0ce64b7e10ecf808ffe36ed-p_c.jpg,2026-07-20 10:49,For Sale
2056836283,2724 Hondo Ave,75219,Dallas,TX,32.812157,-96.81847,478000,255.0,,,,3.0,3.0,1876.0,2023.0,3005.64,condo,2,560710.0,2025,https://www.zillow.com,https://photos.zillowstatic.com/fp/e50f04aeff195f2716bfedae60970143-p_c.jpg,2026-07-20 10:49,For Sale
26851066,9235 Rolling Rock Ln,75238,Dallas,TX,32.87389,-96.694115,499000,263.0,-26000.0,,,3.0,2.0,1895.0,1974.0,10410.84,singleFamily,45,483760.0,2025,https://www.zillow.com,https://photos.zillowstatic.com/fp/a8ea4d522322c287e4d53de4d342aee6-p_c.jpg,2026-07-20 10:49,For Sale
26867092,6900 Skillman St APT 205,75231,Dallas,TX,32.870605,-96.73447,215000,210.0,,,,2.0,2.0,1024.0,1981.0,3.88,singleFamily,3,215000.0,2025,https://www.zillow.com,https://photos.zillowstatic.com/fp/871160a6b06aa08f489e16ede1b3cca1-p_c.jpg,2026-07-20 10:49,For Sale
26688251,3608 Metropolitan Ave,75210,Dallas,TX,32.77104,-96.75375,299990,209.0,-5010.0,297300.0,2011.0,4.0,3.0,1432.0,1936.0,6098.4,singleFamily,101,109810.0,2025,https://www.zillow.com,https://photos.zillowstatic.com/fp/2e8a79b82ce44143b2d08d0a761324db-p_c.jpg,2026-07-20 10:49,For Sale
26699234,2835 Macon St,75215,Dallas,TX,32.75089,-96.74779,265000,177.0,-4999.0,264600.0,2126.0,3.0,3.0,1500.0,2026.0,2613.6,singleFamily,114,18450.0,2025,https://www.zillow.com,https://photos.zillowstatic.com/fp/fb24836fc4245b88247128799607d427-p_c.jpg,2026-07-20 10:49,For Sale
26586762,5939 Bent Creek Trl,75252,Dallas,TX,33.00974,-96.8047,549900,265.0,-5100.0,538800.0,3023.0,4.0,3.0,2078.0,1982.0,10018.8,singleFamily,38,591441.0,2025,https://www.zillow.com,https://photos.zillowstatic.com/fp/c146195c576d0e21ad0e447be2459dff-p_c.jpg,2026-07-20 10:49,For Sale
303984742,2157 Wenge Ln,75219,Dallas,TX,32.80958,-96.82855,659000,320.0,,647200.0,4185.0,3.0,4.0,2059.0,2022.0,1219.68,townhome,0,662520.0,2025,https://www.zillow.com,https://photos.zillowstatic.com/fp/ad18285ed197e47dfc091daa4fc5ae10-p_c.jpg,2026-07-20 10:49,For Sale
303985268,8205 Plumbago Way,75252,Dallas,TX,32.98507,-96.7605,839000,270.0,,815600.0,4891.0,4.0,4.0,3113.0,2019.0,7187.4,singleFamily,9,788290.0,2025,https://www.zillow.com,https://photos.zillowstatic.com/fp/5a5bd0e1dea216a3c2184c2ef628d28d-p_c.jpg,2026-07-20 10:49,For Sale
96502655,6322 S Lancaster Rd,75241,Dallas,TX,32.66862,-96.78269,279000,192.0,-10000.0,278100.0,2044.0,3.0,2.0,1453.0,2022.0,6011.28,singleFamily,24,315190.0,2025,https://www.zillow.com,https://photos.zillowstatic.com/fp/3d037e4294a28b03c985c91435d93087-p_c.jpg,2026-07-20 10:49,For Sale
96502343,2555 Hooper St,75215,Dallas,TX,32.748844,-96.75109,299000,219.0,,297600.0,2063.0,3.0,2.0,1364.0,2026.0,4660.92,singleFamily,17,46420.0,2025,https://www.zillow.com,https://photos.zillowstatic.com/fp/f59ddaec8680a8deca9eae6c3934bdd5-p_c.jpg,2026-07-20 10:49,For Sale
26757872,5111 Meaders Ln,75229,Dallas,TX,32.885555,-96.820595,5600000,626.0,,,,6.0,8.0,8949.0,1953.0,0.9199999999999999,singleFamily,55,3082930.0,2025,https://www.zillow.com,https://photos.zillowstatic.com/fp/41dc031e26a8901deced042fe94b921f-p_c.jpg,2026-07-20 10:49,For Sale
26760348,5711 Bryn Mawr Dr,75209,Dallas,TX,32.85644,-96.81465,2795000,728.0,-200000.0,,,4.0,4.0,3838.0,2010.0,8058.6,singleFamily,104,2035150.0,2025,https://www.zillow.com,https://photos.zillowstatic.com/fp/c4ba8eea60eb18bf217024a6d7ef13d6-p_c.jpg,2026-07-20 10:49,For Sale
26750186,6706 Pimlico Dr,75214,Dallas,TX,32.8507,-96.74407,750000,350.0,-49900.0,729300.0,5590.0,4.0,3.0,2140.0,1954.0,7405.2,singleFamily,38,607580.0,2025,https://www.zillow.com,https://photos.zillowstatic.com/fp/b8269d748e4f4c968f51e3b59018252a-p_c.jpg,2026-07-20 10:49,For Sale
96500680,2836 Kilburn Ave,75216,Dallas,TX,32.70151,-96.77502,268900,171.0,,267800.0,2457.0,4.0,2.0,1574.0,2018.0,7710.12,singleFamily,10,288380.0,2025,https://www.zillow.com,https://photos.zillowstatic.com/fp/56662bc3a634f753481a1882642f2cce-p_c.jpg,2026-07-20 10:49,For Sale
55172819,3172 Harbinger Ln,75287,Dallas,TX,32.99436,-96.86639,275000,217.0,-24000.0,271900.0,1953.0,2.0,2.0,1268.0,1984.0,4312.44,singleFamily,102,304124.0,2025,https://www.zillow.com,https://photos.zillowstatic.com/fp/a974d831dfd59004825cca0c17791f82-p_c.jpg,2026-07-20 10:49,For Sale
26866546,9607 Greensprint Dr,75238,Dallas,TX,32.885036,-96.72301,1150000,420.0,-25000.0,1113900.0,3836.0,5.0,4.0,2736.0,1979.0,8668.44,singleFamily,102,806110.0,2025,https://www.zillow.com,https://photos.zillowstatic.com/fp/fbc2f858114d4b740ea70a68d75d24ea-p_c.jpg,2026-07-20 10:49,For Sale
26760097,4425 Caruth Blvd,75225,Dallas,TX,32.85864,-96.81149,6400000,1015.0,,6065800.0,3456.0,5.0,7.0,6304.0,2026.0,8363.52,singleFamily,32,1396390.0,2025,https://www.zillow.com,https://photos.zillowstatic.com/fp/ba41962a03f27e6070cb0befd20a465f-p_c.jpg,2026-07-20 10:49,For Sale
26712173,514 S Marlborough Ave,75208,Dallas,TX,32.74074,-96.8512,615000,266.0,,605800.0,3525.0,3.0,3.0,2314.0,1924.0,7448.76,singleFamily,1,294490.0,2025,https://www.zillow.com,https://photos.zillowstatic.com/fp/e52aaa13bb4666dcd43f6da0ca987397-p_c.jpg,2026-07-20 10:49,For Sale
26803295,11444 Parkchester Dr,75230,Dallas,TX,32.904186,-96.79878,4850000,721.0,,4615500.0,7820.0,5.0,7.0,6729.0,2025.0,0.378,singleFamily,27,905850.0,2025,https://www.zillow.com,https://photos.zillowstatic.com/fp/4d66974dee5eb3967f689ad3cc0240b9-p_c.jpg,2026-07-20 10:49,For Sale
96501688,13219 Alsatian Ct,75253,Dallas,TX,32.668682,-96.61672,230000,143.0,,229300.0,2041.0,4.0,2.0,1606.0,2015.0,5140.08,singleFamily,10,279930.0,2025,https://www.zillow.com,https://photos.zillowstatic.com/fp/c90c9daf26c7f28ec501469a0ca19981-p_c.jpg,2026-07-20 10:49,For Sale
26745532,2618 Centerville Rd,75228,Dallas,TX,32.842564,-96.6685,255000,195.0,,248000.0,1871.0,3.0,2.0,1308.0,1952.0,7274.52,singleFamily,51,209480.0,2025,https://www.zillow.com,https://photos.zillowstatic.com/fp/debc174351252ea6b814096e60c5834e-p_c.jpg,2026-07-20 10:49,For Sale
26785636,5320 Elkridge Dr,75227,Dallas,TX,32.790108,-96.705605,385000,173.0,-10000.0,383600.0,3294.0,3.0,3.0,2226.0,1966.0,8581.32,singleFamily,100,374960.0,2025,https://www.zillow.com,https://photos.zillowstatic.com/fp/255ad6ddea9b011366c20de836a8b447-p_c.jpg,2026-07-20 10:49,For Sale
26874249,7736 El Santo Ln,75248,Dallas,TX,32.961174,-96.77407,479000,207.0,,465700.0,3646.0,4.0,2.0,2312.0,1966.0,9147.6,singleFamily,12,560070.0,2025,https://www.zillow.com,https://photos.zillowstatic.com/fp/b18c91d75647b5237be89ac223bd4468-p_c.jpg,2026-07-20 10:49,For Sale
26755935,6039 Waggoner Dr,75230,Dallas,TX,32.887676,-96.80235,6295000,1018.0,,5644400.0,7605.0,3.0,5.0,6184.0,2000.0,0.459,singleFamily,160,2763000.0,2025,https://www.zillow.com,https://photos.zillowstatic.com/fp/a03051057336f1970613755f0326259b-p_c.jpg,2026-07-20 10:49,For Sale
26742550,1439 Casa Vale Dr,75218,Dallas,TX,32.8389,-96.68896,290000,277.0,,278900.0,1806.0,2.0,1.0,1048.0,1950.0,6926.04,singleFamily,52,253750.0,2025,https://www.zillow.com,https://photos.zillowstatic.com/fp/5a5334cfd580b11b38e9e2381dbb1452-p_c.jpg,2026-07-20 10:49,For Sale
26751409,7702 Bryn Mawr Dr,75225,Dallas,TX,32.85572,-96.774895,3395000,607.0,,3194900.0,15120.0,5.0,6.0,5590.0,1946.0,0.257,singleFamily,13,2387870.0,2025,https://www.zillow.com,https://photos.zillowstatic.com/fp/70952d1a3f0142403fb13215baeb57c8-p_c.jpg,2026-07-20 10:49,For Sale
336886774,1747 Leonard St Suite 2601,75201,Dallas,TX,32.78981,-96.79704,17500000,2276.0,,,,4.0,6.0,7688.0,2025.0,0.8300000000000001,condo,474,6334910.0,2025,https://www.zillow.com,https://photos.zillowstatic.com/fp/d7655d47504514c98f614924aa534bc7-p_c.jpg,2026-07-20 10:49,For Sale
26759441,4394 Cochran Chapel Cir,75209,Dallas,TX,32.863483,-96.835884,650000,274.0,,626700.0,4027.0,3.0,3.0,2370.0,1979.0,9321.84,townhome,24,400000.0,2025,https://www.zillow.com,https://photos.zillowstatic.com/fp/86a69ef551a0effdf346bc7188631711-p_c.jpg,2026-07-20 10:49,For Sale
96534309,4825 Jesus Maria Ct,75236,Dallas,TX,32.682865,-96.90509,266700,185.0,,260900.0,2009.0,4.0,2.0,1442.0,2010.0,6577.56,singleFamily,3,256650.0,2025,https://www.zillow.com,https://photos.zillowstatic.com/fp/0877a9b05587fbedc376b33203802a71-p_c.jpg,2026-07-20 10:49,For Sale
26737909,2614 Marjorie Ave,75216,Dallas,TX,32.6963,-96.77991,350000,197.0,,,1450.0,4.0,2.0,1780.0,2026.0,0.3899,singleFamily,9,75000.0,2025,https://www.zillow.com,https://photos.zillowstatic.com/fp/ec397804ce766a70f6c374e47e7720e3-p_c.jpg,2026-07-20 10:49,For Sale
26881292,4452 Sugar Mill Rd,75244,Dallas,TX,32.918533,-96.83193,1495000,437.0,-80000.0,1432500.0,6844.0,5.0,5.0,3422.0,1966.0,0.37900000000000006,singleFamily,73,1527000.0,2025,https://www.zillow.com,https://photos.zillowstatic.com/fp/86a97f63a4aeca2864caa3d02fb619bf-p_c.jpg,2026-07-20 10:49,For Sale
26790291,3845 Van Ness Ln,75220,Dallas,TX,32.872776,-96.84987,1799995,378.0,,1745300.0,2895.0,6.0,7.0,4760.0,2025.0,8232.84,singleFamily,9,430000.0,2025,https://www.zillow.com,https://photos.zillowstatic.com/fp/3ef0f7403ed33841322f3048a3a8619b-p_c.jpg,2026-07-20 10:49,For Sale
26756362,6322 Orchid Ln,75230,Dallas,TX,32.89228,-96.79725,2495000,455.0,-30000.0,2366100.0,7975.0,5.0,6.0,5488.0,2004.0,0.257,singleFamily,23,2723810.0,2025,https://www.zillow.com,https://photos.zillowstatic.com/fp/0a65f0920682548e6a3efd70ada49df5-p_c.jpg,2026-07-20 10:49,For Sale
26931516,9811 Walnut St #203,75243,Dallas,TX,32.922836,-96.71392,78000,87.0,-2000.0,,1440.0,2.0,2.0,894.0,1981.0,8.814,condo,72,107280.0,2025,https://www.zillow.com,https://photos.zillowstatic.com/fp/70e0ca790be601ecdcc67ffe06ba2c04-p_c.jpg,2026-07-20 10:49,For Sale
26689012,5314 Swiss Ave,75214,Dallas,TX,32.804806,-96.76565,2750000,444.0,-115000.0,,,4.0,6.0,6187.0,1916.0,0.444,singleFamily,149,2240000.0,2025,https://www.zillow.com,https://photos.zillowstatic.com/fp/1e7c5bf2ca643b67e3c974df3ee9ea91-p_c.jpg,2026-07-20 10:49,For Sale
447762889,2204 Dunloe Ave,75228,Dallas,TX,32.8366,-96.67776,275000,171.0,-10000.0,269900.0,2140.0,4.0,2.0,1607.0,1952.0,0.259,singleFamily,38,,,https://www.zillow.com,https://photos.zillowstatic.com/fp/72c1ef04475f9069fbe103e1737de5df-p_c.jpg,2026-07-20 10:49,For Sale
26694572,3610 Kenilworth St,75210,Dallas,TX,32.76358,-96.74493,139900,130.0,,,,3.0,2.0,1080.0,2021.0,6359.76,singleFamily,32,228700.0,2025,https://www.zillow.com,https://photos.zillowstatic.com/fp/4712ac68bdc1d9f3a5c2bd33752ace1c-p_c.jpg,2026-07-20 10:49,For Sale
96527322,2370 Fatima Ave,75241,Dallas,TX,32.67423,-96.78172,439000,223.0,-31000.0,,,3.0,2.0,1970.0,2025.0,7405.2,singleFamily,10,179880.0,2025,https://www.zillow.com,https://photos.zillowstatic.com/fp/7ed7311afbea5d55afe567725f06882b-p_c.jpg,2026-07-20 10:49,For Sale
26809108,3763 Vinecrest Dr,75229,Dallas,TX,32.8984,-96.853226,985000,334.0,-135000.0,954500.0,4859.0,4.0,3.0,2948.0,1962.0,0.38,singleFamily,39,829700.0,2025,https://www.zillow.com,https://photos.zillowstatic.com/fp/2d6fc98d9f82acce438ee0a95c3661f3-p_c.jpg,2026-07-20 10:49,For Sale
26681410,2416 Pennsylvania Ave,75215,Dallas,TX,32.76401,-96.77055,399900,192.0,,397200.0,2772.0,3.0,3.0,2086.0,2026.0,3123.252,singleFamily,17,62000.0,2025,https://www.zillow.com,https://photos.zillowstatic.com/fp/789134472956205ab7ade21721c2541b-p_c.jpg,2026-07-20 10:49,For Sale
26692778,3624 N Fitzhugh Ave,75204,Dallas,TX,32.818962,-96.797325,3995000,751.0,,,,5.0,7.0,5321.0,2026.0,7200.468,singleFamily,79,2208040.0,2025,https://www.zillow.com,https://photos.zillowstatic.com/fp/0e9003566a5cd25351c84b074191c85b-p_c.jpg,2026-07-20 10:49,For Sale
2070604023,4223 Delano Pl #105,75204,Dallas,TX,32.802887,-96.78494,375000,375.0,-10000.0,368100.0,2251.0,1.0,2.0,1000.0,2022.0,6751.8,townhome,94,,,https://www.zillow.com,https://photos.zillowstatic.com/fp/7172fd94e5764137a78c0233e76d3f74-p_c.jpg,2026-07-20 10:49,For Sale
26775819,3916 Kushla Ave,75216,Dallas,TX,32.69539,-96.8089,199000,126.0,-16000.0,195300.0,2211.0,4.0,2.0,1582.0,1956.0,7492.32,singleFamily,152,223060.0,2025,https://www.zillow.com,https://photos.zillowstatic.com/fp/c3cf1f7d9d5e5b0582e75aec891502d7-p_c.jpg,2026-07-20 10:49,For Sale
26842493,3234 San Lucas Ave,75228,Dallas,TX,32.831047,-96.66074,324999,261.0,,316900.0,1962.0,3.0,2.0,1246.0,1954.0,9300.06,singleFamily,19,283020.0,2025,https://www.zillow.com,https://photos.zillowstatic.com/fp/b80cd3cf71e10554028176fc66a3a06d-p_c.jpg,2026-07-20 10:49,For Sale
96520486,2311 Fatima Ave,75241,Dallas,TX,32.671944,-96.78239,495000,184.0,-14900.0,,,4.0,4.0,2690.0,2026.0,9539.64,singleFamily,58,65000.0,2025,https://www.zillow.com,https://photos.zillowstatic.com/fp/f2991f5a73002cbc0e795e6559cf1ade-p_c.jpg,2026-07-20 10:49,For Sale
26922602,6065 Milton St APT 133,75206,Dallas,TX,32.8494,-96.76171,189900,199.0,,185200.0,1753.0,2.0,2.0,955.0,1970.0,0.8099999999999999,condo,4,211550.0,2025,https://www.zillow.com,https://photos.zillowstatic.com/fp/01fd03b02104550b0cc51eca09526308-p_c.jpg,2026-07-20 10:49,For Sale
463697518,6200-6202 Goliad Ave,75214,Dallas,TX,32.817894,-96.75853,795000,288.0,,761300.0,,5.0,3.0,2756.0,1931.0,7492.32,multiFamily,12,,,https://www.zillow.com,https://photos.zillowstatic.com/fp/6424a5b85ebd08771fd5222de45f6ade-p_c.jpg,2026-07-20 10:49,For Sale
96515601,4211 Rawlins St Unit 347,75219,Dallas,TX,32.81473,-96.81203,565000,347.0,,542400.0,3149.0,2.0,3.0,1628.0,2006.0,2.531,condo,3,420840.0,2025,https://www.zillow.com,https://photos.zillowstatic.com/fp/45091c9e4b99b28ae1614840c61b5f71-p_c.jpg,2026-07-20 10:49,For Sale
26690629,5326 Vickery Blvd,75206,Dallas,TX,32.82209,-96.77877,1199990,513.0,,1137200.0,5937.0,3.0,3.0,2340.0,1920.0,8494.2,singleFamily,44,865540.0,2025,https://www.zillow.com,https://photos.zillowstatic.com/fp/47c1238ff04b84d267770830b942b278-p_c.jpg,2026-07-20 10:49,For Sale
446010520,3503 Dickason Ave #B,75219,Dallas,TX,32.806007,-96.80706,999999,438.0,,958400.0,3788.0,2.0,4.0,2281.0,1981.0,1306.8,townhome,3,,,https://www.zillow.com,https://photos.zillowstatic.com/fp/0f5941bca12aeda292ab46cb01c37057-p_c.jpg,2026-07-20 10:49,For Sale
26857947,4432 Willow Ln,75244,Dallas,TX,32.91401,-96.83275,1799000,430.0,,,7594.0,5.0,6.0,4181.0,1963.0,0.39,singleFamily,51,1225310.0,2025,https://www.zillow.com,https://photos.zillowstatic.com/fp/7c21527e067075cabb50409039790298-p_c.jpg,2026-07-20 10:49,For Sale
67964607,1505 Elm St APT 603,75201,Dallas,TX,32.781612,-96.79958,295000,144.0,-30000.0,290000.0,5231.0,3.0,3.0,2045.0,1957.0,10018.8,condo,163,377510.0,2025,https://www.zillow.com,https://photos.zillowstatic.com/fp/453ab50d7e963083f88b9723b70383a3-p_c.jpg,2026-07-20 10:49,For Sale
26806773,10206 Sherbrook Ln,75229,Dallas,TX,32.883705,-96.84728,775000,427.0,,743700.0,3325.0,3.0,2.0,1815.0,1955.0,0.371,singleFamily,11,673510.0,2025,https://www.zillow.com,https://photos.zillowstatic.com/fp/1dc0d2a88ed1d064292c0d305ef6503d-p_c.jpg,2026-07-20 10:49,For Sale
302787562,2515 Old Mill Rd,75287,Carrollton,TX,32.98999,-96.869675,419900,243.0,,410300.0,3124.0,3.0,2.0,1730.0,1982.0,7840.8,singleFamily,79,402838.0,2025,https://www.zillow.com,https://photos.zillowstatic.com/fp/e10ea22e6301f5f94b3426ecf508abe0-p_c.jpg,2026-07-20 10:49,For Sale
26742554,1223 Casa Vale Dr,75218,Dallas,TX,32.84112,-96.691635,285000,374.0,,,,2.0,1.0,762.0,1950.0,7187.4,singleFamily,17,205000.0,2025,https://www.zillow.com,https://photos.zillowstatic.com/fp/a65a941902cb7fb3dfc6758f3cd90aac-p_c.jpg,2026-07-20 10:49,For Sale
26813485,3560 High Bluff Dr,75234,Dallas,TX,32.912926,-96.85866,295000,163.0,,287000.0,2549.0,4.0,2.0,1810.0,1962.0,0.179,singleFamily,0,320450.0,2025,https://www.zillow.com,https://photos.zillowstatic.com/fp/136e8a5c9f02bfba4657ce4e83434573-p_c.jpg,2026-07-20 10:49,For Sale
26718820,2725 Aster St,75211,Dallas,TX,32.736023,-96.864624,275000,170.0,-5000.0,275500.0,2691.0,4.0,2.0,1615.0,1937.0,6054.84,singleFamily,22,266180.0,2025,https://www.zillow.com,https://photos.zillowstatic.com/fp/427868af0c11dea8a666abcd55b06a30-p_c.jpg,2026-07-20 10:49,For Sale
26846223,3304 Bellingham Ct,75228,Dallas,TX,32.799725,-96.69249,390000,169.0,-9999.0,386800.0,2455.0,4.0,2.0,2301.0,1977.0,9931.68,singleFamily,108,410090.0,2025,https://www.zillow.com,https://photos.zillowstatic.com/fp/eda027cd89bf55cf88ea2c63b672dbae-p_c.jpg,2026-07-20 10:49,For Sale
26714601,1350 Strickland St,75216,Dallas,TX,32.737034,-96.80334,305000,195.0,,298400.0,1845.0,3.0,2.0,1568.0,1925.0,7100.28,singleFamily,3,276440.0,2025,https://www.zillow.com,https://photos.zillowstatic.com/fp/47caff6bfc16ae36bd6e8ce9d3f5b819-p_c.jpg,2026-07-20 10:49,For Sale
26858724,12025 Loch Ness Dr,75218,Dallas,TX,32.86031,-96.68953,799000,282.0,-51000.0,,,4.0,3.0,2837.0,1971.0,0.366,singleFamily,79,579740.0,2025,https://www.zillow.com,https://photos.zillowstatic.com/fp/21181737d9a23f60d9f8005ccd240bad-p_c.jpg,2026-07-20 10:49,For Sale
463948947,4121 Summitt Ridge Dr,75216,Dallas,TX,32.69397,-96.81696,285000,175.0,,,,4.0,2.0,1625.0,1954.0,7492.32,singleFamily,2,,,https://www.zillow.com,https://photos.zillowstatic.com/fp/9cb5bf673279f74848aa72c69a62ebc9-p_c.jpg,2026-07-20 10:49,For Sale
26785219,5610 Enchanted Ln,75227,Dallas,TX,32.790222,-96.70444,435000,244.0,,431600.0,2744.0,3.0,3.0,1781.0,1963.0,7535.88,singleFamily,8,329770.0,2025,https://www.zillow.com,https://photos.zillowstatic.com/fp/f0d430b7cf0f6969f0bfb5f702dddac2-p_c.jpg,2026-07-20 10:49,For Sale
26732858,7110 Robin Rd,75209,Dallas,TX,32.84354,-96.82257,3795000,547.0,-100000.0,3587200.0,7226.0,5.0,6.0,6939.0,2021.0,0.46009999999999995,singleFamily,11,3296540.0,2025,https://www.zillow.com,https://photos.zillowstatic.com/fp/cedb4ad13825b773337d2b6b5a6c86a8-p_c.jpg,2026-07-20 10:49,For Sale
463794991,1507 E Waco Ave,75216,Dallas,TX,32.736443,-96.801254,275000,173.0,,,,4.0,2.0,1590.0,1925.0,7187.4,singleFamily,9,,,https://www.zillow.com,https://photos.zillowstatic.com/fp/1d4c6ec40f9debb89a8a64b28e89e430-p_c.jpg,2026-07-20 10:49,For Sale
26830702,2553 Dorrington Dr,75228,Dallas,TX,32.80181,-96.70226,469900,294.0,,454800.0,2526.0,3.0,2.0,1601.0,1958.0,8145.72,singleFamily,2,349180.0,2025,https://www.zillow.com,https://photos.zillowstatic.com/fp/0df9ca4c16afb49ef44afde524fdb2d2-p_c.jpg,2026-07-20 10:49,For Sale
26851199,8630 Rolling Rock Ln,75238,Dallas,TX,32.866524,-96.692635,750000,360.0,,722400.0,3714.0,4.0,4.0,2083.0,1955.0,8058.6,singleFamily,13,661180.0,2025,https://www.zillow.com,https://photos.zillowstatic.com/fp/8fee0696109ab0dfa47d3d6222a8e32d-p_c.jpg,2026-07-20 10:49,For Sale
26754803,6730 Park Ln,75225,Dallas,TX,32.87319,-96.78844,3895000,654.0,-95000.0,3674600.0,7900.0,5.0,6.0,5957.0,2022.0,10149.48,singleFamily,64,3013410.0,2025,https://www.zillow.com,https://photos.zillowstatic.com/fp/9426aa290780995e00064a826f8f6a65-p_c.jpg,2026-07-20 10:49,For Sale
26874964,15529 El Estado Dr,75248,Dallas,TX,32.96019,-96.77055,599000,215.0,,577200.0,3787.0,6.0,4.0,2784.0,1967.0,10280.16,multiFamily,12,457890.0,2025,https://www.zillow.com,https://photos.zillowstatic.com/fp/4168dda6cfcf15080ad5ed2830af712a-p_c.jpg,2026-07-20 10:49,For Sale
26790707,3705 Seguin Dr,75220,Dallas,TX,32.878757,-96.855865,500000,208.0,-25000.0,501300.0,4155.0,3.0,2.0,2399.0,1951.0,9278.28,singleFamily,249,673540.0,2025,https://www.zillow.com,https://photos.zillowstatic.com/fp/0498695e56b0ae321fd47dcd9ef8ad25-p_c.jpg,2026-07-20 10:49,For Sale
26694156,6162 Llano Ave,75214,Dallas,TX,32.821747,-96.75902,1495000,380.0,-70000.0,,,4.0,4.0,3939.0,2007.0,7492.32,singleFamily,94,1439860.0,2025,https://www.zillow.com,https://photos.zillowstatic.com/fp/76ea8900dc6faf87dfae1bd90cb2f63d-p_c.jpg,2026-07-20 10:49,For Sale
26886911,8857 Flint Falls Dr,75243,Dallas,TX,32.89703,-96.738556,655000,257.0,,633200.0,3672.0,4.0,4.0,2552.0,1975.0,9191.16,singleFamily,10,640090.0,2025,https://www.zillow.com,https://photos.zillowstatic.com/fp/b0466f3c3c30d4314d090763a6c3a593-p_c.jpg,2026-07-20 10:49,For Sale
26899133,4608 Gilbert Ave,75219,Dallas,TX,32.822643,-96.811935,1400000,448.0,440000.0,1338200.0,5407.0,3.0,4.0,3122.0,2001.0,2874.96,townhome,14,1117690.0,2025,https://www.zillow.com,https://photos.zillowstatic.com/fp/e2db28f310c0b71fbccf8b13664d8bd8-p_c.jpg,2026-07-20 10:49,For Sale
26691606,5211 Miller Ave,75206,Dallas,TX,32.82157,-96.78186,1395000,502.0,,1326500.0,6795.0,3.0,4.0,2780.0,2009.0,7797.24,singleFamily,16,1151370.0,2025,https://www.zillow.com,https://photos.zillowstatic.com/fp/9066edd47c84235350e647fa1b2a3ba9-p_c.jpg,2026-07-20 10:49,For Sale
26862122,1915 Prairie View Dr,75235,Dallas,TX,32.81595,-96.848076,319900,130.0,,300600.0,3678.0,5.0,3.0,2465.0,1954.0,6795.36,singleFamily,61,247280.0,2025,https://www.zillow.com,https://photos.zillowstatic.com/fp/0a13e2d6b5ab33c31c473ec9db090432-p_c.jpg,2026-07-20 10:49,For Sale
26705826,7219 E Mockingbird Ln,75214,Dallas,TX,32.847378,-96.73609,765000,358.0,,733500.0,3356.0,4.0,2.0,2135.0,1953.0,7971.48,singleFamily,10,797700.0,2025,https://www.zillow.com,https://photos.zillowstatic.com/fp/b4d0412dc0f01c38206ae38c026eb9c4-p_c.jpg,2026-07-20 10:49,For Sale
26850629,10344 Country Club Dr,75218,Dallas,TX,32.85791,-96.70436,1349000,314.0,,1322200.0,6837.0,4.0,6.0,4298.0,2026.0,7753.68,singleFamily,23,200000.0,2025,https://www.zillow.com,https://photos.zillowstatic.com/fp/24de9c20ffcd6fc4f01dfd8a99d8d67e-p_c.jpg,2026-07-20 10:49,For Sale
26891767,7334 Blue Sage Dr,75249,Dallas,TX,32.640484,-96.95329,289000,187.0,,285600.0,2103.0,3.0,2.0,1542.0,1977.0,6882.48,singleFamily,2,230000.0,2025,https://www.zillow.com,https://photos.zillowstatic.com/fp/3c54c3b9a038a8042ac3963385dba138-p_c.jpg,2026-07-20 10:49,For Sale
26735473,6802 Lockheed Ave,75209,Dallas,TX,32.84106,-96.82926,995000,314.0,,966600.0,2395.0,4.0,4.0,3169.0,2021.0,7579.44,singleFamily,2,1097830.0,2025,https://www.zillow.com,https://photos.zillowstatic.com/fp/72a5ea951368a8eb099532ad9d5d7061-p_c.jpg,2026-07-20 10:49,For Sale
53389146,5602 Reiger Ave,75214,Dallas,TX,32.80205,-96.757095,650000,290.0,-25000.0,630500.0,3856.0,4.0,3.0,2238.0,1927.0,5227.2,singleFamily,38,485000.0,2025,https://www.zillow.com,https://photos.zillowstatic.com/fp/e3fd6be797089f0258d76b10fd54bcbf-p_c.jpg,2026-07-20 10:49,For Sale
26681927,3883 Turtle Creek Blvd APT 1005,75219,Dallas,TX,32.815575,-96.79938,154900,232.0,,153100.0,1574.0,1.0,1.0,667.0,1963.0,3.159,condo,13,224780.0,2025,https://www.zillow.com,https://photos.zillowstatic.com/fp/275ec29de7cda98c53cda663e3b00446-p_c.jpg,2026-07-20 10:49,For Sale
26829062,12504 Renoir Ln,75230,Dallas,TX,32.91878,-96.80405,999999,238.0,-199001.0,963600.0,7943.0,5.0,4.0,4207.0,1981.0,0.32999999999999996,singleFamily,55,993250.0,2025,https://www.zillow.com,https://photos.zillowstatic.com/fp/182d9a1cba18503e5be0e2c358ea2dc1-p_c.jpg,2026-07-20 10:49,For Sale
26701362,6958 Coronado Ave,75214,Dallas,TX,32.811596,-96.738655,1650000,455.0,,,,4.0,4.0,3628.0,2021.0,7013.16,singleFamily,9,1591320.0,2025,https://www.zillow.com,https://photos.zillowstatic.com/fp/088fe3e8631744e962232988f2644ad7-p_c.jpg,2026-07-20 10:49,For Sale
26748533,6214 Danbury Ln,75214,Dallas,TX,32.848488,-96.75715,1295000,344.0,,1228500.0,7704.0,4.0,4.0,3766.0,1970.0,8624.88,singleFamily,52,980000.0,2025,https://www.zillow.com,https://photos.zillowstatic.com/fp/291d78fc610b9724c75a208a4776078d-p_c.jpg,2026-07-20 10:49,For Sale
26752561,3 Royal Terrace Ct,75225,Dallas,TX,32.87795,-96.77805,899000,265.0,,,,3.0,3.0,3397.0,1979.0,5270.76,singleFamily,41,1245000.0,2025,https://www.zillow.com,https://photos.zillowstatic.com/fp/1acb6d0f2467ba03be68156d60d28f02-p_c.jpg,2026-07-20 10:49,For Sale
26686305,2714 Lenway St,75215,Dallas,TX,32.765194,-96.765,180000,148.0,,184500.0,1911.0,7.0,4.0,1218.0,1930.0,6141.96,singleFamily,9,138560.0,2025,https://www.zillow.com,https://photos.zillowstatic.com/fp/eb17c3a453aac032687224c5e1219a68-p_c.jpg,2026-07-20 10:49,For Sale
26712191,1815 W Brooklyn Ave,75208,Dallas,TX,32.739494,-96.84982,309900,266.0,-9100.0,299200.0,1856.0,2.0,2.0,1164.0,1924.0,2395.8,multiFamily,26,292530.0,2025,https://www.zillow.com,https://photos.zillowstatic.com/fp/b10ffe5c909b6ad11ddb4213a923cb60-p_c.jpg,2026-07-20 10:49,For Sale
26871906,6810 Town Bluff Dr,75248,Dallas,TX,32.95476,-96.791534,715000,226.0,-2500.0,700800.0,4769.0,4.0,3.0,3161.0,1974.0,0.331,singleFamily,67,721940.0,2025,https://www.zillow.com,https://photos.zillowstatic.com/fp/ce0c120b4727d0e6702bfb6b67cf6064-p_c.jpg,2026-07-20 10:49,For Sale
26859659,13351 Kit Ln,75240,Dallas,TX,32.93011,-96.76611,555000,176.0,-10000.0,537200.0,1837.0,6.0,4.0,3162.0,1968.0,0.258,multiFamily,131,504500.0,2025,https://www.zillow.com,https://photos.zillowstatic.com/fp/d8e27de30488254a87d1048fae90dc20-p_c.jpg,2026-07-20 10:49,For Sale
26725974,1170 Bally Mote Dr,75218,Dallas,TX,32.827694,-96.7114,990000,514.0,,942100.0,2965.0,3.0,2.0,1926.0,1957.0,0.323,singleFamily,13,785810.0,2025,https://www.zillow.com,https://photos.zillowstatic.com/fp/2a3f8c32a5e9494e3e9218a0bf21a505-p_c.jpg,2026-07-20 10:49,For Sale
26752796,7142 Lakehurst Ave,75230,Dallas,TX,32.88415,-96.7803,1497000,455.0,-90000.0,,,5.0,4.0,3290.0,1964.0,0.283,singleFamily,38,1177720.0,2025,https://www.zillow.com,https://photos.zillowstatic.com/fp/38497791253e6aa09682a818db348598-p_c.jpg,2026-07-20 10:49,For Sale
84004706,3210 Carlisle St Unit 48,75204,Dallas,TX,32.8048,-96.80165,620000,382.0,,,,2.0,3.0,1622.0,2006.0,2.568,condo,5,567000.0,2025,https://www.zillow.com,https://photos.zillowstatic.com/fp/2d019ae73f1b92a4c8dca7477d09f5b8-p_c.jpg,2026-07-20 10:49,For Sale
26838952,10503 Berry Knoll Dr,75230,Dallas,TX,32.888714,-96.78253,529000,232.0,,,4226.0,4.0,3.0,2284.0,1971.0,4586.0,singleFamily,14,471430.0,2025,https://www.zillow.com,https://photos.zillowstatic.com/fp/8b516cdae35aeba7613885a3564deb88-p_c.jpg,2026-07-20 10:49,For Sale
26803468,11947 Quincy Ln,75230,Dallas,TX,32.912132,-96.814674,2899000,423.0,-96000.0,2820700.0,6803.0,5.0,7.0,6856.0,2025.0,0.35900000000000004,singleFamily,66,1211780.0,2025,https://www.zillow.com,https://photos.zillowstatic.com/fp/9e9a00a6dd3288b263c05d2527a34ef6-p_c.jpg,2026-07-20 10:49,For Sale
26779171,2306 W Five Mile Pkwy,75224,Dallas,TX,32.702217,-96.85569,360000,228.0,-10000.0,356300.0,5130.0,3.0,3.0,1582.0,1959.0,0.256,singleFamily,80,386130.0,2025,https://www.zillow.com,https://photos.zillowstatic.com/fp/f883ce725f8206ed44d97882645158a6-p_c.jpg,2026-07-20 10:49,For Sale
333139155,14373 Wrangler Way,75253,Dallas,TX,32.67319,-96.585754,310000,121.0,-15000.0,309300.0,2650.0,5.0,5.0,2572.0,2019.0,6141.96,singleFamily,83,324670.0,2025,https://www.zillow.com,https://photos.zillowstatic.com/fp/566d2a9b9dfa3b3f657726ac98e0a4c9-p_c.jpg,2026-07-20 10:49,For Sale
26730964,6457 Ellsworth Ave,75214,Dallas,TX,32.83385,-96.75039,3799000,752.0,,,,5.0,7.0,5050.0,2026.0,8363.52,singleFamily,59,852600.0,2025,https://www.zillow.com,https://photos.zillowstatic.com/fp/6c0ed2ccaa9612870f782df8f94a0989-p_c.jpg,2026-07-20 10:49,For Sale
53071145,6403 Genstar Ln,75252,Dallas,TX,33.00282,-96.79369,945000,319.0,-15000.0,923600.0,5197.0,4.0,4.0,2960.0,1979.0,8276.4,singleFamily,48,639603.0,2025,https://www.zillow.com,https://photos.zillowstatic.com/fp/36846dff614b72538eb3f56ae0b352de-p_c.jpg,2026-07-20 10:49,For Sale
55826302,4548 Via James Jacob,75211,Dallas,TX,32.73773,-96.89652,280000,266.0,,,,3.0,2.0,1051.0,2001.0,5270.76,singleFamily,13,227790.0,2025,https://www.zillow.com,https://photos.zillowstatic.com/fp/acabcbe013eb93fb2113bc42ebae4cd8-p_c.jpg,2026-07-20 10:49,For Sale
26708234,430 E 8th St,75203,Dallas,TX,32.75033,-96.8178,3099000,268.0,,,,2.0,3.0,11580.0,2025.0,0.4249,condo,2,264190.0,2023,https://www.zillow.com,https://photos.zillowstatic.com/fp/6d0b3cfdb61afc149e07fb5c2ae703b7-p_c.jpg,2026-07-20 10:49,For Sale
26880344,4039 Fawnhollow Dr,75244,Dallas,TX,32.91497,-96.841644,2500000,477.0,,,5486.0,5.0,6.0,5244.0,1986.0,0.293,singleFamily,10,821880.0,2025,https://www.zillow.com,https://photos.zillowstatic.com/fp/0ac6bea31b22db56bcc09af1b8f17ae2-p_c.jpg,2026-07-20 10:49,For Sale
26843598,9011 Liptonshire Dr,75238,Dallas,TX,32.87073,-96.70545,749900,301.0,-10000.0,733600.0,4316.0,4.0,4.0,2489.0,1955.0,7666.56,singleFamily,101,592860.0,2025,https://www.zillow.com,https://photos.zillowstatic.com/fp/e6f1285e75c13d46f4ed9d3b8a2ecba2-p_c.jpg,2026-07-20 10:49,For Sale
339370572,4119 Munger Ave,75204,Dallas,TX,32.802013,-96.785,599900,256.0,-46000.0,590100.0,4301.0,3.0,4.0,2341.0,2020.0,1698.84,townhome,64,626370.0,2025,https://www.zillow.com,https://photos.zillowstatic.com/fp/efed13fad8b2d2f46ec7e6daa72ebb2f-p_c.jpg,2026-07-20 10:49,For Sale
26883793,8036 Woodhue Cir,75228,Dallas,TX,32.796597,-96.705666,304500,122.0,-10400.0,309700.0,3619.0,4.0,2.0,2490.0,1963.0,10541.52,singleFamily,282,501050.0,2025,https://www.zillow.com,https://photos.zillowstatic.com/fp/fffe6c74b1eeb4948f64c09c4b5f2472-p_c.jpg,2026-07-20 10:49,For Sale
26863657,7717 Meadowhaven Dr,75254,Dallas,TX,32.948135,-96.773544,989000,355.0,-10000.0,950500.0,3645.0,4.0,4.0,2785.0,1968.0,0.302,singleFamily,38,634100.0,2025,https://www.zillow.com,https://photos.zillowstatic.com/fp/595ccd347a9fc6ea432ae15fac2956bd-p_c.jpg,2026-07-20 10:49,For Sale
26785914,7322 Hunnicut Rd,75227,Dallas,TX,32.789425,-96.71207,529900,219.0,-15100.0,,,4.0,3.0,2419.0,1969.0,8407.08,singleFamily,54,262600.0,2025,https://www.zillow.com,https://photos.zillowstatic.com/fp/ea7a6d8d8dc194d700b5152a6268a903-p_c.jpg,2026-07-20 10:49,For Sale
26609033,4123 Lawngate Dr,75287,Dallas,TX,33.003246,-96.839935,434900,219.0,-15000.0,,,3.0,3.0,1990.0,1984.0,8276.4,singleFamily,51,496236.0,2025,https://www.zillow.com,https://photos.zillowstatic.com/fp/b4328aac16b269164f9c91c1063b80f0-p_c.jpg,2026-07-20 10:49,For Sale
26697198,5111 Stoneleigh Ave,75235,Dallas,TX,32.81882,-96.82717,528000,377.0,-17000.0,517300.0,2937.0,3.0,2.0,1402.0,1940.0,7605.576,singleFamily,53,512640.0,2025,https://www.zillow.com,https://photos.zillowstatic.com/fp/5f1d557d67dd36a0c86d1489441871cd-p_c.jpg,2026-07-20 10:49,For Sale
457405170,2534 Lowery St,75215,Dallas,TX,32.746098,-96.75402,320000,183.0,,318200.0,2466.0,4.0,3.0,1750.0,2025.0,2495.988,singleFamily,8,,,https://www.zillow.com,https://photos.zillowstatic.com/fp/e1d1d8067b2569a41422c876cda1a50c-p_c.jpg,2026-07-20 10:49,For Sale
26807218,10144 Rockmoor Ct,75229,Dallas,TX,32.88554,-96.857185,1750000,360.0,,,,5.0,7.0,4867.0,2026.0,0.324,singleFamily,22,400000.0,2025,https://www.zillow.com,https://photos.zillowstatic.com/fp/f3efe40447a481fb57f0cdff21e30a9e-p_c.jpg,2026-07-20 10:49,For Sale
26906831,948 Carom Way,75217,Dallas,TX,32.728287,-96.64656,259000,138.0,-900.0,,,5.0,3.0,1875.0,1985.0,7884.36,singleFamily,66,238950.0,2025,https://www.zillow.com,https://photos.zillowstatic.com/fp/b3ee944f437c6231f547df991878d174-p_c.jpg,2026-07-20 10:49,For Sale
26810614,3045 Park Ln APT 1001,75220,Dallas,TX,32.87647,-96.87539,110000,114.0,-10000.0,,1763.0,2.0,2.0,969.0,1969.0,9.125,townhome,53,125970.0,2025,https://www.zillow.com,https://photos.zillowstatic.com/fp/6b5160ad12d89232872a19808026b837-p_c.jpg,2026-07-20 10:49,For Sale
26700656,7011 Hammond Ave,75223,Dallas,TX,32.806015,-96.73771,549950,385.0,-19050.0,532400.0,2553.0,2.0,2.0,1427.0,1938.0,7148.196,singleFamily,60,455000.0,2025,https://www.zillow.com,https://photos.zillowstatic.com/fp/65a5fe63de83c227179651f98a34e8c0-p_c.jpg,2026-07-20 10:49,For Sale
89397927,1001 Belleview St #101,75215,Dallas,TX,32.76905,-96.79501,325000,322.0,,321700.0,2182.0,1.0,2.0,1010.0,2007.0,0.9430000000000001,condo,12,323200.0,2025,https://www.zillow.com,https://photos.zillowstatic.com/fp/36ec34df03c03a85e65d150ae2987b85-p_c.jpg,2026-07-20 10:49,For Sale
26733960,3013 Emmett St,75211,Dallas,TX,32.7328,-96.87069,209900,164.0,-100.0,204300.0,2260.0,4.0,2.0,1281.0,1942.0,7143.84,singleFamily,38,245660.0,2025,https://www.zillow.com,https://photos.zillowstatic.com/fp/ccd3ff84abb1ede9e716f0d4a2c4a155-p_c.jpg,2026-07-20 10:49,For Sale
26678996,713 N Carroll Ave,75246,Dallas,TX,32.79606,-96.77314,550000,130.0,,,4824.0,3.0,5.0,4221.0,1903.0,5000.688,singleFamily,304,547470.0,2025,https://www.zillow.com,https://photos.zillowstatic.com/fp/f7957d5af64d844e0f1f43c596a04fb4-p_c.jpg,2026-07-20 10:49,For Sale
26813135,3332 High Lark Dr,75234,Dallas,TX,32.91042,-96.86567,425000,283.0,,,,3.0,2.0,1504.0,1961.0,7405.2,singleFamily,11,260000.0,2025,https://www.zillow.com,https://photos.zillowstatic.com/fp/d147fa4c21c8116012249aa468a9098b-p_c.jpg,2026-07-20 10:49,For Sale
96518147,4128 Pluto St,75212,Dallas,TX,32.791786,-96.89073,550000,185.0,,544200.0,4495.0,4.0,4.0,2974.0,2022.0,7666.56,singleFamily,64,600000.0,2025,https://www.zillow.com,https://photos.zillowstatic.com/fp/f520770547ae57c1d6aa0762dc5adbaf-p_c.jpg,2026-07-20 10:49,For Sale
26807867,3115 Walnut Hill Ln,75229,Dallas,TX,32.88122,-96.871086,524000,243.0,7000.0,504800.0,3198.0,3.0,3.0,2159.0,1973.0,10323.72,singleFamily,18,520370.0,2025,https://www.zillow.com,https://photos.zillowstatic.com/fp/f696345e0f0b0ae96c3ef1cc99397834-p_c.jpg,2026-07-20 10:49,For Sale
26767956,2210 Dugald Pl,75216,Dallas,TX,32.719063,-96.787476,280000,182.0,,,,3.0,2.0,1541.0,1952.0,10105.92,singleFamily,2,297350.0,2025,https://www.zillow.com,https://photos.zillowstatic.com/fp/23c59bee9f16fceb4ce26408ae3ae5ec-p_c.jpg,2026-07-20 10:49,For Sale
26705765,7166 Dalewood Ln,75214,Dallas,TX,32.847614,-96.73809,925000,552.0,,894400.0,4145.0,3.0,2.0,1677.0,1953.0,7405.2,singleFamily,5,778630.0,2025,https://www.zillow.com,https://photos.zillowstatic.com/fp/9d71adaa3e9b1f8fa2172b2b8a674b7b-p_c.jpg,2026-07-20 10:49,For Sale
245229488,710 High Garden Pl,75208,Dallas,TX,32.75143,-96.8484,634900,274.0,,619400.0,3830.0,3.0,4.0,2319.0,2017.0,3441.24,singleFamily,3,679490.0,2025,https://www.zillow.com,https://photos.zillowstatic.com/fp/1c3f6c1ed1f56e1de0e55731f8c13e91-p_c.jpg,2026-07-20 10:49,For Sale
27338485,2711 Van Gogh Pl,75287,Dallas,TX,33.00472,-96.8632,375000,213.0,,,,3.0,3.0,1757.0,1984.0,4486.68,singleFamily,11,357741.0,2025,https://www.zillow.com,https://photos.zillowstatic.com/fp/3cff9371d7ac95072c4d53b288a7f7ee-p_c.jpg,2026-07-20 10:49,For Sale
26908325,2607 Winter Oak St,75227,Dallas,TX,32.756203,-96.6416,260000,174.0,,254000.0,2037.0,4.0,2.0,1496.0,1985.0,4181.76,singleFamily,15,246330.0,2025,https://www.zillow.com,https://photos.zillowstatic.com/fp/b5d45ec4ab9d32d1ee30a2c2fce63549-p_c.jpg,2026-07-20 10:49,For Sale
55145251,3219 Renaissance Dr,75287,Dallas,TX,32.995758,-96.86498,390000,229.0,,382400.0,2406.0,3.0,3.0,1704.0,1992.0,4051.08,singleFamily,40,362000.0,2025,https://www.zillow.com,https://photos.zillowstatic.com/fp/f29855b099c460b60c2094cdb5670da5-p_c.jpg,2026-07-20 10:49,For Sale
26910479,3232 Rosebank Dr,75228,Dallas,TX,32.806366,-96.678185,294900,215.0,-5000.0,289800.0,2029.0,3.0,2.0,1373.0,1993.0,3789.72,singleFamily,21,238390.0,2025,https://www.zillow.com,https://photos.zillowstatic.com/fp/fd9572fa2b5c00a7745e7be29f4e1846-p_c.jpg,2026-07-20 10:49,For Sale
26741003,9034 Forest Hills Blvd,75218,Dallas,TX,32.825687,-96.70626,1395000,338.0,-80000.0,1373100.0,7098.0,4.0,4.0,4132.0,2026.0,8145.72,singleFamily,46,534300.0,2025,https://www.zillow.com,https://photos.zillowstatic.com/fp/fac07d19a58924ef6ea8030da08690d6-p_c.jpg,2026-07-20 10:49,For Sale
26836680,2401 Ingersoll St,75212,Dallas,TX,32.772038,-96.90527,315000,250.0,,310000.0,2232.0,3.0,2.0,1260.0,1935.0,7492.32,singleFamily,8,226680.0,2025,https://www.zillow.com,https://photos.zillowstatic.com/fp/56938333fec666f80bc69ddf3ee25dbe-p_c.jpg,2026-07-20 10:49,For Sale
26740518,8457 San Benito Way,75218,Dallas,TX,32.815937,-96.71068,3350000,630.0,,3136200.0,7053.0,4.0,4.0,5320.0,2018.0,0.5319999999999999,singleFamily,33,2263840.0,2025,https://www.zillow.com,https://photos.zillowstatic.com/fp/f0f2b1dd0fb2c0a737714e11f519b05c-p_c.jpg,2026-07-20 10:49,For Sale
303984086,9360 Lakemont Dr,75220,Dallas,TX,32.865963,-96.8446,2470000,496.0,-25000.0,2377700.0,7886.0,5.0,5.0,4981.0,2019.0,0.48,singleFamily,18,2218000.0,2025,https://www.zillow.com,https://photos.zillowstatic.com/fp/bfe473c632ca3f1cbecb49e005f01efa-p_c.jpg,2026-07-20 10:49,For Sale
26807792,3060 Timberview Rd,75229,Dallas,TX,32.88321,-96.872246,635000,259.0,,609900.0,3962.0,4.0,3.0,2454.0,1963.0,10018.8,singleFamily,37,509110.0,2025,https://www.zillow.com,https://photos.zillowstatic.com/fp/7b7b0bab43ab5ccea3302f0918f81de0-p_c.jpg,2026-07-20 10:49,For Sale
26707558,6910 Huff Trl,75214,Dallas,TX,32.836407,-96.73795,2095000,496.0,-40000.0,1994100.0,11405.0,4.0,5.0,4228.0,2012.0,7753.68,singleFamily,59,1728600.0,2025,https://www.zillow.com,https://photos.zillowstatic.com/fp/44ac042ea43b5911ef5806be8d6b7a09-p_c.jpg,2026-07-20 10:49,For Sale
26844596,2506 Gross Rd,75228,Dallas,TX,32.813946,-96.673035,560000,193.0,,558000.0,3606.0,5.0,4.0,2900.0,2026.0,9757.44,singleFamily,45,229740.0,2025,https://www.zillow.com,https://photos.zillowstatic.com/fp/4daa8d36c980689eb1f33c910e84db1a-p_c.jpg,2026-07-20 10:49,For Sale
53085100,18653 Vista Del Sol,75287,Dallas,TX,33.003937,-96.83422,485000,227.0,,476300.0,4118.0,3.0,3.0,2135.0,1986.0,6098.4,singleFamily,23,526500.0,2025,https://www.zillow.com,https://photos.zillowstatic.com/fp/d4c0178136ebe9dd1f93021ee9eb22f7-p_c.jpg,2026-07-20 10:49,For Sale
26708394,312 Leads St,75203,Dallas,TX,32.746197,-96.80804,325000,172.0,,319500.0,3347.0,4.0,3.0,1886.0,1925.0,8755.56,singleFamily,67,254400.0,2025,https://www.zillow.com,https://photos.zillowstatic.com/fp/60e89df6ecb62ea344f0e91b022df97d-p_c.jpg,2026-07-20 10:49,For Sale
26858526,8617 Flicker Ln,75238,Dallas,TX,32.86585,-96.686455,319900,283.0,,316600.0,2022.0,3.0,2.0,1131.0,1962.0,7710.12,singleFamily,11,301600.0,2025,https://www.zillow.com,https://photos.zillowstatic.com/fp/beb2b5a16c2e36426c4df4ac0ef1bd1a-p_c.jpg,2026-07-20 10:49,For Sale
26789993,3744 Highgrove Dr,75220,Dallas,TX,32.86872,-96.854195,899000,340.0,,,,4.0,3.0,2646.0,2015.0,7448.76,singleFamily,11,974220.0,2025,https://www.zillow.com,https://photos.zillowstatic.com/fp/e606ea9a4b5ba32b3b43be0ef7b93a29-p_c.jpg,2026-07-20 10:49,For Sale
96522330,3210 Carpenter Ave,75215,Dallas,TX,32.762043,-96.75075,394900,199.0,,392400.0,2643.0,4.0,3.0,1988.0,2026.0,9365.4,singleFamily,23,65000.0,2025,https://www.zillow.com,https://photos.zillowstatic.com/fp/8de4aa2260a00da0412b0e7c4beb67d4-p_c.jpg,2026-07-20 10:49,For Sale
26807766,3256 Chapel Downs Dr,75229,Dallas,TX,32.884525,-96.86717,575000,238.0,-25000.0,556100.0,4664.0,4.0,3.0,2419.0,1962.0,0.254,singleFamily,26,482370.0,2025,https://www.zillow.com,https://photos.zillowstatic.com/fp/f52f8c2e6965ce058aa4640cb8ad8d7f-p_c.jpg,2026-07-20 10:49,For Sale
26749361,6418 Axton Ln,75214,Dallas,TX,32.84543,-96.75202,625000,399.0,,598700.0,2966.0,2.0,2.0,1568.0,1953.0,7405.2,singleFamily,14,623740.0,2025,https://www.zillow.com,https://photos.zillowstatic.com/fp/beb34e931bd6f9a2133e3f96ba5a4cec-p_c.jpg,2026-07-20 10:49,For Sale
26723468,1138 Nolte Dr,75208,Dallas,TX,32.733387,-96.84173,730000,239.0,,712200.0,3292.0,4.0,4.0,3058.0,2025.0,0.27599999999999997,singleFamily,12,301630.0,2025,https://www.zillow.com,https://photos.zillowstatic.com/fp/0809abd4102b94fba114d329460ddf10-p_c.jpg,2026-07-20 10:49,For Sale
96521412,2414 Anderson St,75215,Dallas,TX,32.746178,-96.75496,325000,168.0,,323000.0,2645.0,4.0,4.0,1940.0,2025.0,1873.08,singleFamily,52,18840.0,2025,https://www.zillow.com,https://photos.zillowstatic.com/fp/160602db0a0c542379fedd78ae06e6a3-p_c.jpg,2026-07-20 10:49,For Sale
96521947,3104 Delafield Ln,75227,Dallas,TX,32.76434,-96.67444,348000,208.0,-2000.0,345600.0,2567.0,4.0,2.0,1672.0,2026.0,10062.36,singleFamily,89,90000.0,2025,https://www.zillow.com,https://photos.zillowstatic.com/fp/b49b111d69daf87dfd2f3ff399e34905-p_c.jpg,2026-07-20 10:49,For Sale
26833357,3610 Vilbig Rd,75212,Dallas,TX,32.786633,-96.84756,439000,187.0,,431100.0,3159.0,4.0,3.0,2353.0,2020.0,7840.8,singleFamily,32,570300.0,2025,https://www.zillow.com,https://photos.zillowstatic.com/fp/7f63041710c660cb2a816fb2347570b7-p_c.jpg,2026-07-20 10:49,For Sale
26832847,3402 Crossman Ave,75212,Dallas,TX,32.783436,-96.840996,349900,222.0,,343100.0,2728.0,3.0,2.0,1575.0,2022.0,4835.16,singleFamily,11,422560.0,2025,https://www.zillow.com,https://photos.zillowstatic.com/fp/09c46d25737b0bdfea4faa964260ea9a-p_c.jpg,2026-07-20 10:49,For Sale
463985820,4001 Saddleback Dr,75227,Dallas,TX,32.77093,-96.672386,261499,177.0,,,,3.0,2.0,1474.0,2026.0,,singleFamily,0,,,https://www.zillow.com,https://photos.zillowstatic.com/fp/06daad41ead327c10487c08bef5fd92b-p_c.jpg,2026-07-20 10:49,For Sale
26704680,4203 Camden Ave,75206,Dallas,TX,32.83673,-96.76372,699000,260.0,-41000.0,,,3.0,3.0,2686.0,1939.0,6272.64,singleFamily,297,558390.0,2025,https://www.zillow.com,https://photos.zillowstatic.com/fp/c32ae53db6a7730827af6d931e344571-p_c.jpg,2026-07-20 10:49,For Sale
26843362,9077 Longmont Dr,75238,Dallas,TX,32.871124,-96.707535,599000,393.0,-11000.0,,,4.0,2.0,1523.0,1955.0,7971.48,singleFamily,66,533340.0,2025,https://www.zillow.com,https://photos.zillowstatic.com/fp/95cd478cba66917d2417248fda974133-p_c.jpg,2026-07-20 10:49,For Sale
303985202,4625 Weldon St,75204,Dallas,TX,32.81006,-96.78567,879900,347.0,-19100.0,857200.0,5591.0,3.0,3.0,2536.0,2018.0,5009.4,singleFamily,30,898960.0,2025,https://www.zillow.com,https://photos.zillowstatic.com/fp/285fc56f6712bab02850e6e1c40734bc-p_c.jpg,2026-07-20 10:49,For Sale
26732007,1330 Fordham Rd,75216,Dallas,TX,32.69529,-96.805534,239000,196.0,,232900.0,1869.0,3.0,2.0,1219.0,1947.0,8624.88,singleFamily,2,230890.0,2025,https://www.zillow.com,https://photos.zillowstatic.com/fp/3c9033f4731f0f21f600ad4e1be8f857-p_c.jpg,2026-07-20 10:49,For Sale
162397046,9801 Royal Ln APT 701,75231,Dallas,TX,32.895798,-96.72865,179900,169.0,,173800.0,1769.0,2.0,2.0,1067.0,1981.0,5.727,condo,3,209530.0,2025,https://www.zillow.com,https://photos.zillowstatic.com/fp/28a93cd586713ee4078540b38fb0cb9a-p_c.jpg,2026-07-20 10:49,For Sale
26645669,4847 Holly Tree Dr,75287,Dallas,TX,32.998787,-96.82273,1199500,295.0,-50400.0,,,4.0,4.0,4062.0,1999.0,10018.8,singleFamily,43,1012714.0,2025,https://www.zillow.com,https://photos.zillowstatic.com/fp/b39dff5d98bf907717816138283ebe82-p_c.jpg,2026-07-20 10:49,For Sale
463951431,6304 Covington Ln,75214,Dallas,TX,32.804775,-96.74898,969500,305.0,,,,3.0,3.0,3179.0,2025.0,3920.4,singleFamily,2,,,https://www.zillow.com,https://photos.zillowstatic.com/fp/14e6cfccaee45e54e036ad3b290bf944-p_c.jpg,2026-07-20 10:49,For Sale
96530526,1634 Marfa Ave,75216,Dallas,TX,32.702263,-96.80103,349900,177.0,,348300.0,2793.0,4.0,3.0,1977.0,2026.0,9016.92,singleFamily,20,95000.0,2025,https://www.zillow.com,https://photos.zillowstatic.com/fp/ed6d3c1d2aa45aeae8c9830c3f403863-p_c.jpg,2026-07-20 10:49,For Sale
26811640,2953 Bay Oaks Dr,75229,Dallas,TX,32.888966,-96.878334,345000,234.0,-15000.0,335600.0,2549.0,3.0,2.0,1475.0,1955.0,8276.4,singleFamily,57,318910.0,2025,https://www.zillow.com,https://photos.zillowstatic.com/fp/cff69ced790502213835b04a409a6e58-p_c.jpg,2026-07-20 10:49,For Sale
26693370,4416 N Hall St,75219,Dallas,TX,32.81705,-96.81465,1375000,484.0,-24000.0,1326700.0,5139.0,3.0,3.0,2840.0,1924.0,9234.72,singleFamily,32,1115150.0,2025,https://www.zillow.com,https://photos.zillowstatic.com/fp/0279fa3f572cedcb2544d3af55b5aac6-p_c.jpg,2026-07-20 10:49,For Sale
26869110,9604 Robin Meadow Dr,75243,Dallas,TX,32.90022,-96.73132,975000,300.0,,,,4.0,3.0,3250.0,1981.0,0.296,singleFamily,47,930680.0,2025,https://www.zillow.com,https://photos.zillowstatic.com/fp/7e8eed9d1976332854327a8019342f3c-p_c.jpg,2026-07-20 10:49,For Sale
84000725,3210 Carlisle St Unit 19,75204,Dallas,TX,32.8048,-96.80165,750000,290.0,,715100.0,4419.0,2.0,3.0,2583.0,2008.0,2.568,townhome,45,756010.0,2025,https://www.zillow.com,https://photos.zillowstatic.com/fp/5656d9c548b7b6613f8ae55290d54722-p_c.jpg,2026-07-20 10:49,For Sale
162239624,7126 Edgerton Dr,75231,Dallas,TX,32.8549,-96.73759,639000,249.0,-10000.0,627000.0,4347.0,4.0,4.0,2570.0,1955.0,0.313,singleFamily,376,691950.0,2025,https://www.zillow.com,https://photos.zillowstatic.com/fp/157e01a5ba532894c3f548020339249e-p_c.jpg,2026-07-20 10:49,For Sale
89226021,238 Creek Cove Dr,75217,Dallas,TX,32.715973,-96.70971,201999,152.0,-8000.0,201700.0,1784.0,3.0,3.0,1330.0,2008.0,2178.0,townhome,52,207090.0,2025,https://www.zillow.com,https://photos.zillowstatic.com/fp/1e149806935d2a187b1bcec3aa258d6e-p_c.jpg,2026-07-20 10:49,For Sale
26792535,4013 Valley Ridge Rd,75220,Dallas,TX,32.87735,-96.84569,765000,513.0,,747900.0,3233.0,3.0,2.0,1490.0,1953.0,7318.08,singleFamily,3,786160.0,2025,https://www.zillow.com,https://photos.zillowstatic.com/fp/e4787dd76acbe1ad1bfc7b4cfa54dc4b-p_c.jpg,2026-07-20 10:49,For Sale
248827887,6303 E Grand Ave,75223,Dallas,TX,32.798954,-96.74211,750000,223.0,-10000.0,,,6.0,3.0,3366.0,1947.0,9104.04,singleFamily,79,626330.0,2025,https://www.zillow.com,https://photos.zillowstatic.com/fp/19b901abfdb5190980968c4d104f09fa-p_c.jpg,2026-07-20 10:49,For Sale
26686693,3717 Myrtle St,75215,Dallas,TX,32.751225,-96.764694,249990,231.0,50000.0,129300.0,1486.0,2.0,1.0,1084.0,1950.0,4428.0,singleFamily,4,95000.0,2025,https://www.zillow.com,https://photos.zillowstatic.com/fp/3f483e66e1409eecfa99ff225d8896c5-p_c.jpg,2026-07-20 10:49,For Sale
26715382,818 E Woodin Blvd,75216,Dallas,TX,32.72244,-96.81238,239000,183.0,-20000.0,235000.0,1904.0,3.0,2.0,1304.0,1917.0,8015.04,singleFamily,24,259520.0,2025,https://www.zillow.com,https://photos.zillowstatic.com/fp/4b27c08c642954a63b1f940b6a9ae8e0-p_c.jpg,2026-07-20 10:49,For Sale
26689519,5701 Velasco Ave,75206,Dallas,TX,32.821274,-96.76997,799000,498.0,,768200.0,3089.0,2.0,2.0,1603.0,1919.0,8102.16,singleFamily,67,619600.0,2025,https://www.zillow.com,https://photos.zillowstatic.com/fp/1b285c96257218079d37ad13dbdc6294-p_c.jpg,2026-07-20 10:49,For Sale
26867777,7122 Winedale Dr,75231,Dallas,TX,32.878986,-96.73931,895900,417.0,-19100.0,865200.0,3770.0,3.0,3.0,2150.0,1976.0,8886.24,singleFamily,20,786450.0,2025,https://www.zillow.com,https://photos.zillowstatic.com/fp/1b3c25be874047bb9e8deb20c1c5ffd2-p_c.jpg,2026-07-20 10:49,For Sale
26761212,6524 Kenwell St,75209,Dallas,TX,32.83809,-96.82659,875000,433.0,,,,3.0,3.0,2020.0,1948.0,8581.32,singleFamily,6,832680.0,2025,https://www.zillow.com,https://photos.zillowstatic.com/fp/6987d4850b4c7f4538357049d96fa2a0-p_c.jpg,2026-07-20 10:49,For Sale
26910840,9107 Sweetwater Dr,75228,Dallas,TX,32.810844,-96.6929,489990,243.0,-10000.0,480500.0,3055.0,3.0,2.0,2019.0,1982.0,8276.4,singleFamily,48,476530.0,2025,https://www.zillow.com,https://photos.zillowstatic.com/fp/04f36032ba3217f40033f94ec11df015-p_c.jpg,2026-07-20 10:49,For Sale
26680664,1726 Driskell St,75215,Dallas,TX,32.755207,-96.76747,400000,148.0,-25000.0,399100.0,2957.0,5.0,3.0,2700.0,2026.0,7492.32,singleFamily,148,264390.0,2025,https://www.zillow.com,https://photos.zillowstatic.com/fp/5c4259d94c037232f1d4ff086b284119-p_c.jpg,2026-07-20 10:49,For Sale
26877176,5230 Westgrove Dr,75248,Dallas,TX,32.97824,-96.81826,3275000,543.0,-75000.0,,,4.0,7.0,6026.0,1994.0,0.502,singleFamily,93,2435560.0,2025,https://www.zillow.com,https://photos.zillowstatic.com/fp/145d3b7d9e76937e707694afe4ccb690-p_c.jpg,2026-07-20 10:49,For Sale
26715598,2404 Maryland Ave,75216,Dallas,TX,32.718815,-96.81294,250000,208.0,,235500.0,1679.0,2.0,2.0,1200.0,1925.0,7405.2,multiFamily,88,246000.0,2025,https://www.zillow.com,https://photos.zillowstatic.com/fp/6260a1ce53211b0b4d733c02dd60e959-p_c.jpg,2026-07-20 10:49,For Sale
26871299,7512 Woodstone Ln,75248,Dallas,TX,32.955345,-96.7779,1300000,306.0,,1235200.0,5540.0,5.0,4.0,4253.0,1967.0,0.308,singleFamily,37,699860.0,2025,https://www.zillow.com,https://photos.zillowstatic.com/fp/2c2cbbf15cb86101846157906946f603-p_c.jpg,2026-07-20 10:49,For Sale
26806704,3832 Cabana Ln,75229,Dallas,TX,32.885296,-96.852646,3695000,624.0,,,6763.0,5.0,6.0,5924.0,2026.0,0.366,singleFamily,25,858240.0,2025,https://www.zillow.com,https://photos.zillowstatic.com/fp/a18f9d243903cf14fe645fe8539a30f4-p_c.jpg,2026-07-20 10:49,For Sale
26741463,1407 Tranquilla Dr,75218,Dallas,TX,32.832645,-96.696915,1399900,318.0,-75100.0,1319400.0,6994.0,4.0,5.0,4397.0,1945.0,0.381,singleFamily,3,851320.0,2025,https://www.zillow.com,https://photos.zillowstatic.com/fp/2c87bc46295e4e0beb5aee4844761312-p_c.jpg,2026-07-20 10:49,For Sale
459145277,8714 Quinn St #A,75217,Dallas,TX,32.730892,-96.669975,325000,144.0,,318000.0,1650.0,5.0,4.0,2264.0,1962.0,7056.72,multiFamily,18,,,https://www.zillow.com,https://photos.zillowstatic.com/fp/66823a188d61fbf85b24b2a595aef10d-p_c.jpg,2026-07-20 10:49,For Sale
26696999,5114 Parkland Ave,75235,Dallas,TX,32.81797,-96.8286,649900,475.0,,626800.0,2409.0,3.0,2.0,1368.0,1925.0,8712.0,singleFamily,9,435800.0,2025,https://www.zillow.com,https://photos.zillowstatic.com/fp/85fcaeb3c374f3835ef8019999d31b1c-p_c.jpg,2026-07-20 10:49,For Sale
26808184,3326 Regent Dr,75229,Dallas,TX,32.893864,-96.86677,859000,342.0,-16000.0,829600.0,4096.0,4.0,3.0,2510.0,1958.0,10062.36,singleFamily,23,686000.0,2025,https://www.zillow.com,https://photos.zillowstatic.com/fp/3054d45566952f8467d304ea879bea60-p_c.jpg,2026-07-20 10:49,For Sale
26739896,8619 San Benito Way,75218,Dallas,TX,32.81829,-96.70739,1500000,546.0,,,,3.0,3.0,2746.0,2017.0,7927.92,singleFamily,96,1199700.0,2025,https://www.zillow.com,https://photos.zillowstatic.com/fp/e14fad724ea1f5d6726640aed8c35d5e-p_c.jpg,2026-07-20 10:49,For Sale
80051288,6146 Stapleford Cir,75252,Dallas,TX,33.002033,-96.7994,775000,285.0,-24900.0,759700.0,5094.0,4.0,4.0,2718.0,2011.0,5227.2,singleFamily,85,843984.0,2025,https://www.zillow.com,https://photos.zillowstatic.com/fp/675c18cc842794a3e718b5d0a9e842d6-p_c.jpg,2026-07-20 10:49,For Sale
26874819,7830 La Sobrina Dr,75248,Dallas,TX,32.968426,-96.77097,719000,309.0,-5900.0,,,4.0,3.0,2328.0,1968.0,8232.84,singleFamily,33,555310.0,2025,https://www.zillow.com,https://photos.zillowstatic.com/fp/974e7cab1c674d135f88a4a322e01c2a-p_c.jpg,2026-07-20 10:49,For Sale
26661217,18283 Meandering Way,75252,Dallas,TX,33.00046,-96.78263,619999,242.0,,598500.0,3503.0,3.0,3.0,2564.0,1996.0,4356.0,singleFamily,35,539718.0,2025,https://www.zillow.com,https://photos.zillowstatic.com/fp/4809344f9242925588bdb2ce19b91fd6-p_c.jpg,2026-07-20 10:49,For Sale
26876018,16902 Davenport Ct,75248,Dallas,TX,32.979614,-96.79604,500000,234.0,-15000.0,,,3.0,2.0,2134.0,1978.0,6751.8,singleFamily,35,502920.0,2025,https://www.zillow.com,https://photos.zillowstatic.com/fp/ed5059751490dd8e0aae1ef8b4a59d64-p_c.jpg,2026-07-20 10:49,For Sale
26875709,6811 Ledyard Dr,75248,Dallas,TX,32.978096,-96.79002,820000,269.0,,790800.0,5763.0,4.0,3.0,3043.0,1973.0,8276.4,singleFamily,10,374460.0,2025,https://www.zillow.com,https://photos.zillowstatic.com/fp/6917d760d9f45e3848c2e7f0e3ba8198-p_c.jpg,2026-07-20 10:49,For Sale
441552458,1143 Riverwood Rd,75217,Dallas,TX,32.697395,-96.69045,419000,187.0,-10000.0,417500.0,2790.0,3.0,3.0,2239.0,2026.0,0.319,singleFamily,51,,,https://www.zillow.com,https://photos.zillowstatic.com/fp/9ad4aacec723bdb0bf68234466089f0a-p_c.jpg,2026-07-20 10:49,For Sale
26853018,8734 Westfield Dr,75243,Dallas,TX,32.90191,-96.7518,479950,324.0,,456900.0,2618.0,3.0,2.0,1482.0,1958.0,7666.56,singleFamily,9,427070.0,2025,https://www.zillow.com,https://photos.zillowstatic.com/fp/27a8e962917d18cba50fb00fc250bd84-p_c.jpg,2026-07-20 10:49,For Sale
26753143,7023 Brookshire Dr,75230,Dallas,TX,32.89117,-96.784,1795000,445.0,-54500.0,1730300.0,7919.0,5.0,4.0,4034.0,1970.0,0.31,singleFamily,108,896740.0,2025,https://www.zillow.com,https://photos.zillowstatic.com/fp/83fed295466cf92963922c66abc67e85-p_c.jpg,2026-07-20 10:49,For Sale
54021507,18932 Platte River Way,75287,Dallas,TX,33.010117,-96.86224,365000,264.0,,358100.0,2543.0,3.0,2.0,1380.0,1983.0,8058.6,singleFamily,10,310317.0,2025,https://www.zillow.com,https://photos.zillowstatic.com/fp/53d19a37001a855e722f9982e22b30d5-p_c.jpg,2026-07-20 10:49,For Sale
26711887,1226 S Ewing Ave,75216,Dallas,TX,32.734055,-96.81112,590000,214.0,,577500.0,3176.0,3.0,3.0,2761.0,2022.0,6621.12,singleFamily,1,557000.0,2025,https://www.zillow.com,https://photos.zillowstatic.com/fp/88aab1be6535057265a45597cc649e0f-p_c.jpg,2026-07-20 10:49,For Sale
26854147,9639 Leaside Dr,75238,Dallas,TX,32.877926,-96.70655,625000,313.0,,,,4.0,2.0,1994.0,1958.0,7797.24,singleFamily,10,519460.0,2025,https://www.zillow.com,https://photos.zillowstatic.com/fp/ecf431231f90d875ce482da4439ab57b-p_c.jpg,2026-07-20 10:49,For Sale
26911627,13324 Pandora Cir,75238,Dallas,TX,32.87335,-96.69067,382000,240.0,112000.0,371200.0,2098.0,2.0,3.0,1589.0,1985.0,3902.976,singleFamily,5,449090.0,2025,https://www.zillow.com,https://photos.zillowstatic.com/fp/f3952fb6501f69bd4e7c71cd2dec7d64-p_c.jpg,2026-07-20 10:49,For Sale
26699986,6718 Victoria Ave,75209,Dallas,TX,32.840225,-96.83092,1325000,293.0,,1283300.0,7617.0,6.0,6.0,4517.0,2023.0,6490.44,singleFamily,13,1350540.0,2025,https://www.zillow.com,https://photos.zillowstatic.com/fp/ce4e73e6ebd78047d646817790caa445-p_c.jpg,2026-07-20 10:49,For Sale
26868338,8261 Club Meadows Dr,75243,Dallas,TX,32.89444,-96.74896,675000,272.0,,,,4.0,3.0,2482.0,1978.0,6708.24,singleFamily,52,638020.0,2025,https://www.zillow.com,https://photos.zillowstatic.com/fp/99c862e4767825d8b305d3923b45aabd-p_c.jpg,2026-07-20 10:49,For Sale
26869003,9517 Fallbrook Dr,75243,Dallas,TX,32.902004,-96.73191,665000,260.0,-10000.0,,,3.0,3.0,2556.0,1973.0,8276.4,singleFamily,45,608420.0,2025,https://www.zillow.com,https://photos.zillowstatic.com/fp/d0fcb1ce9deaff6780213af55ae1a252-p_c.jpg,2026-07-20 10:49,For Sale
26803675,5812 Preston Haven Dr,75230,Dallas,TX,32.90626,-96.80687,4145000,625.0,-50000.0,4009700.0,5368.0,6.0,8.0,6630.0,2026.0,0.392,singleFamily,79,1319770.0,2025,https://www.zillow.com,https://photos.zillowstatic.com/fp/e1844053c2558a096480c37c29f5c992-p_c.jpg,2026-07-20 10:49,For Sale
26773759,811 Tarryall Dr,75224,Dallas,TX,32.693607,-96.83646,399900,172.0,,394500.0,3040.0,4.0,2.0,2325.0,1956.0,0.267,singleFamily,11,270320.0,2025,https://www.zillow.com,https://photos.zillowstatic.com/fp/c012001fe95e0a6154cfb0f66e146bbc-p_c.jpg,2026-07-20 10:49,For Sale
26848535,14126 Brookridge Cir,75254,Dallas,TX,32.941216,-96.78431,1450000,251.0,,1392200.0,7906.0,6.0,6.0,5786.0,1961.0,0.44599999999999995,singleFamily,31,1684060.0,2025,https://www.zillow.com,https://photos.zillowstatic.com/fp/911104f16abbbad9841a907b08bb5b64-p_c.jpg,2026-07-20 10:49,For Sale
26677957,1319 Birkenhead Ct,75204,Dallas,TX,32.79216,-96.78737,624000,258.0,,,,3.0,3.0,2421.0,1979.0,3702.6,singleFamily,21,645290.0,2025,https://www.zillow.com,https://photos.zillowstatic.com/fp/7af3d9279cef4777dcc2cc6be982e774-p_c.jpg,2026-07-20 10:49,For Sale
122301132,1022 Shadyside Ln,75223,Dallas,TX,32.808025,-96.73519,900000,286.0,,874400.0,4990.0,3.0,4.0,3147.0,2016.0,4225.32,singleFamily,10,904400.0,2025,https://www.zillow.com,https://photos.zillowstatic.com/fp/6dc905aa43f7a6b878237029c1e53941-p_c.jpg,2026-07-20 10:49,For Sale
53071900,6608 Camille Ave,75252,Dallas,TX,32.9998,-96.789604,749000,290.0,,720300.0,3348.0,3.0,2.0,2582.0,1982.0,8276.4,singleFamily,69,592624.0,2025,https://www.zillow.com,https://photos.zillowstatic.com/fp/a025b1a95ed947a98579a3d32ff51f34-p_c.jpg,2026-07-20 10:49,For Sale
26760193,5718 Stanford Ave,75209,Dallas,TX,32.852898,-96.81446,2095000,476.0,-104000.0,2004200.0,6506.0,4.0,4.0,4398.0,2006.0,7949.7,singleFamily,106,1994790.0,2025,https://www.zillow.com,https://photos.zillowstatic.com/fp/dac2748c5d00b21950a055603430afac-p_c.jpg,2026-07-20 10:49,For Sale
26812228,3046 Westforest Dr,75229,Dallas,TX,32.904594,-96.874245,335000,204.0,-10000.0,327500.0,2594.0,3.0,2.0,1645.0,1983.0,4748.04,singleFamily,44,314570.0,2025,https://www.zillow.com,https://photos.zillowstatic.com/fp/cfc42ad0a72042b00013e3ead3feebfc-p_c.jpg,2026-07-20 10:49,For Sale
26858713,12316 Coolmeadow Ln,75218,Dallas,TX,32.862774,-96.688995,550000,266.0,,532400.0,3332.0,3.0,2.0,2068.0,1969.0,7884.36,singleFamily,6,587250.0,2025,https://www.zillow.com,https://photos.zillowstatic.com/fp/24c428889ed978518fdf338f0132b458-p_c.jpg,2026-07-20 10:49,For Sale
26598492,17324 Stedman Dr,75252,Dallas,TX,32.988815,-96.794624,825000,313.0,,789500.0,3280.0,3.0,3.0,2634.0,1999.0,0.26,singleFamily,7,574000.0,2025,https://www.zillow.com,https://photos.zillowstatic.com/fp/6f47e8cacfd5864c630ec63200c84a24-p_c.jpg,2026-07-20 10:49,For Sale
462579429,1999 McKinney Ave APT 605,75205,Dallas,TX,32.79043,-96.80398,799000,330.0,,,,2.0,2.0,2421.0,2000.0,0.668,condo,73,,,https://www.zillow.com,https://photos.zillowstatic.com/fp/bb39f99e44965bc6d04110e9afb863df-p_c.jpg,2026-07-20 10:49,For Sale
96490154,4503 Jamaica St,75210,Dallas,TX,32.777107,-96.74534,329999,206.0,,327900.0,1995.0,3.0,2.0,1600.0,2026.0,4617.36,singleFamily,31,39380.0,2025,https://www.zillow.com,https://photos.zillowstatic.com/fp/bf48ffbd4934345377b58dc349daccfc-p_c.jpg,2026-07-20 10:49,For Sale
26913157,17168 Club Hill Dr,75248,Dallas,TX,32.982437,-96.81453,4500000,602.0,,4076200.0,7702.0,4.0,5.0,7480.0,1984.0,0.723,singleFamily,94,2633860.0,2025,https://www.zillow.com,https://photos.zillowstatic.com/fp/1fedf277429d1018bd5d256cdc00237e-p_c.jpg,2026-07-20 10:49,For Sale
303984637,1478 Barrel Dr,75253,Dallas,TX,32.67136,-96.58665,290000,181.0,-10000.0,288900.0,1935.0,4.0,2.0,1604.0,2019.0,6011.28,singleFamily,107,267880.0,2025,https://www.zillow.com,https://photos.zillowstatic.com/fp/d3f93c165e2eaaa9e29205e2bd51b46b-p_c.jpg,2026-07-20 10:49,For Sale
26689533,5833 Velasco Ave,75206,Dallas,TX,32.821278,-96.76652,750000,273.0,-25000.0,,,4.0,2.0,2752.0,1920.0,7710.12,multiFamily,103,566750.0,2025,https://www.zillow.com,https://photos.zillowstatic.com/fp/c97fe54b27d35fb1280edd1c1b080c16-p_c.jpg,2026-07-20 10:49,For Sale
95054497,2824 Saint Bernard Dr,75233,Dallas,TX,32.71249,-96.86712,283000,186.0,-9000.0,,,4.0,2.0,1521.0,2015.0,5209.776,singleFamily,68,290000.0,2025,https://www.zillow.com,https://photos.zillowstatic.com/fp/a8f078add930526b1d7faa9eba178a0f-p_c.jpg,2026-07-20 10:49,For Sale
26830772,2330 Cody Dr,75228,Dallas,TX,32.80678,-96.70512,485000,276.0,,471600.0,2265.0,3.0,3.0,1757.0,1962.0,8712.0,singleFamily,3,415070.0,2025,https://www.zillow.com,https://photos.zillowstatic.com/fp/2aa7e1fd8fe435ec0ad11b90c1f8d47b-p_c.jpg,2026-07-20 10:49,For Sale
26908358,10464 Woodleaf Dr,75227,Dallas,TX,32.755257,-96.64325,200000,174.0,,196600.0,1775.0,3.0,2.0,1147.0,1984.0,3920.4,singleFamily,43,205980.0,2025,https://www.zillow.com,https://photos.zillowstatic.com/fp/87a16cd6bd188f795ea11c64ab490de1-p_c.jpg,2026-07-20 10:49,For Sale
26834604,4107 Vineyard Dr,75212,Dallas,TX,32.79156,-96.87639,454900,217.0,-5000.0,,,4.0,2.0,2100.0,2026.0,7230.96,singleFamily,54,145000.0,2025,https://www.zillow.com,https://photos.zillowstatic.com/fp/5c32ea3295f422bd335a45677b223ea9-p_c.jpg,2026-07-20 10:49,For Sale
26852644,8709 Forest Green Dr,75243,Dallas,TX,32.908855,-96.75277,420000,200.0,-9900.0,406300.0,2819.0,3.0,3.0,2103.0,1974.0,8755.56,singleFamily,30,360680.0,2025,https://www.zillow.com,https://photos.zillowstatic.com/fp/cfad2c479fa9378dc17fb3005555f701-p_c.jpg,2026-07-20 10:49,For Sale
26741471,1439 Tranquilla Dr,75218,Dallas,TX,32.831036,-96.694984,1600000,480.0,,1528900.0,6846.0,4.0,4.0,3334.0,2008.0,0.48700000000000004,singleFamily,13,1959080.0,2025,https://www.zillow.com,https://photos.zillowstatic.com/fp/95b2be9027d9ab5a31495fb5d0a9ac35-p_c.jpg,2026-07-20 10:49,For Sale
26790354,3830 Dunhaven Rd,75220,Dallas,TX,32.87126,-96.8516,2099000,454.0,,,,6.0,5.0,4622.0,2026.0,7840.8,singleFamily,5,486000.0,2025,https://www.zillow.com,https://photos.zillowstatic.com/fp/4d3ab9ee3f9326ccf5703849fdee1b0c-p_c.jpg,2026-07-20 10:49,For Sale
26707957,419 N Denley Dr,75203,Dallas,TX,32.753475,-96.80574,589000,207.0,,,1088.0,4.0,4.0,2846.0,2026.0,2787.84,singleFamily,4,80750.0,2025,https://www.zillow.com,https://photos.zillowstatic.com/fp/42596b65ae533cbb60cff5bf68555d63-p_c.jpg,2026-07-20 10:49,For Sale
26761762,9744 Wisterwood Dr,75238,Dallas,TX,32.873096,-96.72015,875000,385.0,,838200.0,5017.0,3.0,3.0,2270.0,1964.0,10105.92,singleFamily,47,845730.0,2025,https://www.zillow.com,https://photos.zillowstatic.com/fp/c8c6834decf02c36a63d98936d9e8026-p_c.jpg,2026-07-20 10:49,For Sale
67961401,2714 Throckmorton St #B,75219,Dallas,TX,32.808525,-96.81385,725000,430.0,,698700.0,2948.0,2.0,2.0,1688.0,2002.0,3659.04,singleFamily,73,661340.0,2025,https://www.zillow.com,https://photos.zillowstatic.com/fp/9bf86723737ea4eb292fe1af4de75515-p_c.jpg,2026-07-20 10:49,For Sale
26744749,11216 Barbarosa Dr,75228,Dallas,TX,32.84862,-96.6792,196000,193.0,-3000.0,188500.0,1842.0,2.0,2.0,1018.0,1950.0,7352.928,singleFamily,26,259500.0,2025,https://www.zillow.com,https://photos.zillowstatic.com/fp/b2cee24b3c05c9c10c4e5e1f9d20340c-p_c.jpg,2026-07-20 10:49,For Sale
26887276,6306 Oakleaf Rd,75248,Dallas,TX,32.96487,-96.79694,799000,271.0,-40000.0,771700.0,5249.0,4.0,3.0,2946.0,1979.0,10672.2,singleFamily,44,775800.0,2025,https://www.zillow.com,https://photos.zillowstatic.com/fp/efc659f214037cf0978233ff4c50037a-p_c.jpg,2026-07-20 10:49,For Sale
26793687,2422 Santa Cruz Dr,75227,Dallas,TX,32.75539,-96.69909,299900,204.0,-15100.0,296400.0,1701.0,3.0,2.0,1468.0,1954.0,9496.08,singleFamily,111,251580.0,2025,https://www.zillow.com,https://photos.zillowstatic.com/fp/b1d6610b22ca482f476b19dea04b0607-p_c.jpg,2026-07-20 10:49,For Sale
27294011,3415 Misty Meadow Dr,75287,Dallas,TX,32.993355,-96.86085,469900,182.0,,459500.0,3032.0,3.0,3.0,2587.0,1997.0,6272.64,singleFamily,9,476063.0,2025,https://www.zillow.com,https://photos.zillowstatic.com/fp/7980e1c43cf796d003dc5b101b75da07-p_c.jpg,2026-07-20 10:49,For Sale
26784576,3520 Loganwood Dr,75227,Dallas,TX,32.76885,-96.691605,325000,172.0,,,,3.0,3.0,1885.0,1959.0,7448.76,singleFamily,10,315000.0,2025,https://www.zillow.com,https://photos.zillowstatic.com/fp/c0891ca4a89a5a15ee5230572f7515bd-p_c.jpg,2026-07-20 10:49,For Sale
26703827,5803 Martel Ave,75206,Dallas,TX,32.831593,-96.76767,879000,383.0,-20000.0,,,3.0,3.0,2295.0,2024.0,3092.76,singleFamily,83,780660.0,2025,https://www.zillow.com,https://photos.zillowstatic.com/fp/06c2e45b82197cb75b543f0e10ae6602-p_c.jpg,2026-07-20 10:49,For Sale
26685911,5720 Tremont St,75214,Dallas,TX,32.80491,-96.75674,575000,374.0,,549800.0,2571.0,2.0,2.0,1538.0,1921.0,9365.4,singleFamily,16,495000.0,2025,https://www.zillow.com,https://photos.zillowstatic.com/fp/b339d27be3280f7b9eeeda1cc787f6bd-p_c.jpg,2026-07-20 10:49,For Sale
96520008,520 Woodbine Ave,75203,Dallas,TX,32.742844,-96.799355,419900,217.0,-15100.0,418800.0,2826.0,3.0,4.0,1935.0,2026.0,10236.6,singleFamily,32,90000.0,2025,https://www.zillow.com,https://photos.zillowstatic.com/fp/ca02976c7d54703a289290bd58c91311-p_c.jpg,2026-07-20 10:49,For Sale
26923615,3906 Buena Vista St Unit 18,75204,Dallas,TX,32.81189,-96.797264,589900,334.0,,557500.0,3947.0,2.0,3.0,1767.0,1983.0,0.966,condo,25,432920.0,2025,https://www.zillow.com,https://photos.zillowstatic.com/fp/902a8660b6df9731d4285d34ce3e1777-p_c.jpg,2026-07-20 10:49,For Sale
26802314,8714 Quinn St,75217,Dallas,TX,32.730892,-96.669975,325000,144.0,,318100.0,2655.0,5.0,4.0,2264.0,1962.0,7056.72,singleFamily,20,328390.0,2025,https://www.zillow.com,https://photos.zillowstatic.com/fp/516c7855bbe66ea24aa2448b114982f8-p_c.jpg,2026-07-20 10:49,For Sale
26890003,6520 Clearhaven Cir,75248,Dallas,TX,32.96616,-96.79225,735000,249.0,-14000.0,715300.0,4550.0,4.0,3.0,2953.0,1979.0,7666.56,singleFamily,74,737550.0,2025,https://www.zillow.com,https://photos.zillowstatic.com/fp/03dfb155d690902c5d53ea4f100354b2-p_c.jpg,2026-07-20 10:49,For Sale
26782096,1911 Cassia Dr,75232,Dallas,TX,32.68704,-96.85264,245000,207.0,,239400.0,1754.0,3.0,2.0,1184.0,1958.0,8581.32,singleFamily,2,222620.0,2025,https://www.zillow.com,https://photos.zillowstatic.com/fp/4bbcfc77e8d90456cccb281b811099f3-p_c.jpg,2026-07-20 10:49,For Sale
26682214,2820 Pennsylvania Ave,75215,Dallas,TX,32.76807,-96.76586,365000,199.0,,362900.0,2681.0,4.0,2.0,1835.0,2025.0,6359.76,singleFamily,12,69970.0,2025,https://www.zillow.com,https://photos.zillowstatic.com/fp/3d5a81c2e09a1de7c15a2f4387268f81-p_c.jpg,2026-07-20 10:49,For Sale
26880655,12151 Crestline Ave,75244,Dallas,TX,32.915157,-96.83427,1250000,406.0,-49900.0,1204600.0,4745.0,4.0,3.0,3077.0,1971.0,0.336,singleFamily,46,861260.0,2025,https://www.zillow.com,https://photos.zillowstatic.com/fp/d8cdbad947be0aa88d04e6a3515424e0-p_c.jpg,2026-07-20 10:49,For Sale
26789789,3722 Cortez Dr,75220,Dallas,TX,32.866024,-96.855064,1500000,337.0,,,,5.0,5.0,4456.0,2024.0,9539.64,singleFamily,5,1295000.0,2025,https://www.zillow.com,https://photos.zillowstatic.com/fp/518441c7290618831a313b679c059154-p_c.jpg,2026-07-20 10:49,For Sale
26758080,4630 S Lindhurst Ave,75229,Dallas,TX,32.88123,-96.82911,4995000,1037.0,,4589700.0,6287.0,4.0,6.0,4817.0,1961.0,0.9,singleFamily,62,3202210.0,2025,https://www.zillow.com,https://photos.zillowstatic.com/fp/ca07131c79d9bc582c36e6d1350022d7-p_c.jpg,2026-07-20 10:49,For Sale
162233608,10710 Galena St,75228,Dallas,TX,32.82828,-96.68337,296000,342.0,,296700.0,1783.0,2.0,1.0,866.0,1952.0,7405.0,singleFamily,0,238630.0,2025,https://www.zillow.com,https://photos.zillowstatic.com/fp/85caf8d5242f035d137c518c29a4c0e5-p_c.jpg,2026-07-20 10:49,For Sale
26684901,607 Grandview Ave,75223,Dallas,TX,32.79971,-96.749916,969999,264.0,,954500.0,6373.0,5.0,6.0,3680.0,2026.0,7248.384,singleFamily,83,253940.0,2025,https://www.zillow.com,https://photos.zillowstatic.com/fp/cbae875e2b5aeee83af87652d2b8cc65-p_c.jpg,2026-07-20 10:49,For Sale
80220936,6830 Prairie Flower Trl,75227,Dallas,TX,32.778343,-96.70135,399900,163.0,,397900.0,2446.0,3.0,2.0,2448.0,2006.0,6490.44,singleFamily,30,377770.0,2025,https://www.zillow.com,https://photos.zillowstatic.com/fp/634d9fcbbe643fdf26fb3ea89ef52758-p_c.jpg,2026-07-20 10:49,For Sale
162813546,656 Bishop Heights Ln,75208,Dallas,TX,32.753757,-96.8324,625000,348.0,-10000.0,,,3.0,3.0,1798.0,2015.0,3876.84,singleFamily,44,577130.0,2025,https://www.zillow.com,https://photos.zillowstatic.com/fp/d5503201f9c07583500f906c592546f4-p_c.jpg,2026-07-20 10:49,For Sale
26905998,4315 Northaven Rd,75229,Dallas,TX,32.90258,-96.8358,1770000,488.0,-28000.0,1722700.0,6960.0,4.0,3.0,3627.0,1997.0,0.427,singleFamily,74,1577100.0,2025,https://www.zillow.com,https://photos.zillowstatic.com/fp/54a39644d152ec1abee2fc6b95a293e7-p_c.jpg,2026-07-20 10:49,For Sale
26900027,5006 Cedar Springs Rd APT C,75235,Dallas,TX,32.82116,-96.8226,499950,244.0,-35050.0,491800.0,3265.0,3.0,3.0,2052.0,1999.0,1785.96,townhome,51,482770.0,2025,https://www.zillow.com,https://photos.zillowstatic.com/fp/f0a347ed818dc7e2774aceb10682b66f-p_c.jpg,2026-07-20 10:49,For Sale
26841350,2333 Lockhart Ave,75228,Dallas,TX,32.820415,-96.6762,199900,142.0,-10000.0,209900.0,2054.0,3.0,2.0,1409.0,1954.0,7666.56,singleFamily,76,242000.0,2025,https://www.zillow.com,https://photos.zillowstatic.com/fp/4c755d5534ffa9789442ddf35ff5caca-p_c.jpg,2026-07-20 10:49,For Sale
96509994,3142 Harmon St,75215,Dallas,TX,32.767475,-96.75661,339900,132.0,-9100.0,339000.0,3399.0,3.0,4.0,2579.0,2025.0,3223.44,singleFamily,46,337650.0,2025,https://www.zillow.com,https://photos.zillowstatic.com/fp/f6db96303c1dc421b582a62127fbc845-p_c.jpg,2026-07-20 10:49,For Sale
26789245,10411 Gooding Dr,75229,Dallas,TX,32.88827,-96.84422,1150000,516.0,,1093600.0,5034.0,3.0,3.0,2227.0,1955.0,0.368,singleFamily,6,772200.0,2025,https://www.zillow.com,https://photos.zillowstatic.com/fp/736bc0de817ba8d04f06b6ba231202fa-p_c.jpg,2026-07-20 10:49,For Sale
26812625,2909 Silverton Dr,75229,Dallas,TX,32.89979,-96.8809,385000,259.0,,370500.0,2871.0,3.0,2.0,1488.0,1959.0,8102.16,singleFamily,26,365700.0,2025,https://www.zillow.com,https://photos.zillowstatic.com/fp/64dd373b34560fceffd9d53ffb21a417-p_c.jpg,2026-07-20 10:49,For Sale
53101469,18403 Gibbons Dr,75287,Dallas,TX,32.999294,-96.83331,799900,209.0,-15100.0,,,5.0,4.0,3828.0,1996.0,7405.2,singleFamily,128,716354.0,2025,https://www.zillow.com,https://photos.zillowstatic.com/fp/b018e597704cfd56d31165e744f0409d-p_c.jpg,2026-07-20 10:49,For Sale
26714361,623 N Montclair Ave,75208,Dallas,TX,32.75035,-96.8468,675000,373.0,,650300.0,3391.0,3.0,2.0,1811.0,1922.0,6969.6,singleFamily,12,590890.0,2025,https://www.zillow.com,https://photos.zillowstatic.com/fp/36c7eb83f0ff889f4a358eb506532d4e-p_c.jpg,2026-07-20 10:49,For Sale
26790506,3733 Manana Dr,75220,Dallas,TX,32.874184,-96.85467,1644500,350.0,,1617200.0,7260.0,5.0,6.0,4696.0,2026.0,8189.28,singleFamily,3,457000.0,2025,https://www.zillow.com,https://photos.zillowstatic.com/fp/2a0b32cc271813fffc0043c44afe83e6-p_c.jpg,2026-07-20 10:49,For Sale
26780684,3423 Willow Crest Ln,75233,Dallas,TX,32.69216,-96.8773,360000,134.0,,352400.0,3061.0,4.0,3.0,2689.0,1965.0,0.309,singleFamily,13,383920.0,2025,https://www.zillow.com,https://photos.zillowstatic.com/fp/4176bf22d8fac539786b90ab8f93f9ea-p_c.jpg,2026-07-20 10:49,For Sale
26779260,2133 Ebbtide Ln,75224,Dallas,TX,32.699158,-96.85496,400000,194.0,-15000.0,396600.0,4035.0,3.0,2.0,2067.0,1957.0,0.262,singleFamily,102,378950.0,2025,https://www.zillow.com,https://photos.zillowstatic.com/fp/5b3414cc7a41fbb79a5f1096080745e2-p_c.jpg,2026-07-20 10:49,For Sale
26807440,3625 Ingleside Dr,75229,Dallas,TX,32.8898,-96.859375,675000,397.0,-24000.0,,,3.0,2.0,1699.0,1958.0,9801.0,singleFamily,27,547020.0,2025,https://www.zillow.com,https://photos.zillowstatic.com/fp/159dcaf18b0d2429cb826b7c377e3308-p_c.jpg,2026-07-20 10:49,For Sale
26897855,3307 San Jacinto St,75204,Dallas,TX,32.794907,-96.78823,449900,358.0,,431600.0,2729.0,2.0,2.0,1258.0,1984.0,2639.736,singleFamily,37,395800.0,2025,https://www.zillow.com,https://photos.zillowstatic.com/fp/de42bbaa1114db4f20db6879eb7df1f0-p_c.jpg,2026-07-20 10:49,For Sale
26638109,17910 Windflower Way Unit 2204,75252,Dallas,TX,32.996117,-96.80274,260000,225.0,-29000.0,253800.0,1970.0,2.0,2.0,1155.0,1985.0,,condo,96,281540.0,2025,https://www.zillow.com,https://photos.zillowstatic.com/fp/2af62b8a31999d2445b87491f97333dd-p_c.jpg,2026-07-20 10:49,For Sale
26701636,6402 Westlake Ave,75214,Dallas,TX,32.821693,-96.7527,1799990,445.0,-25010.0,1774600.0,7698.0,4.0,6.0,4045.0,2026.0,7405.2,singleFamily,67,609450.0,2025,https://www.zillow.com,https://photos.zillowstatic.com/fp/9341bc84e21ee46ae3d93d7689bdc940-p_c.jpg,2026-07-20 10:49,For Sale
26863789,14335 Haymeadow Cir,75254,Dallas,TX,32.94435,-96.771255,269900,187.0,,264000.0,2198.0,3.0,3.0,1446.0,1974.0,3267.0,townhome,19,226490.0,2025,https://www.zillow.com,https://photos.zillowstatic.com/fp/c4e6d12c1e020decbcd236a3f370b422-p_c.jpg,2026-07-20 10:49,For Sale
401692393,7010 & 7012 Kingsbury Dr,75231,Dallas,TX,32.862278,-96.74196,575000,242.0,,560600.0,2883.0,4.0,3.0,2376.0,1961.0,10497.96,multiFamily,16,,,https://www.zillow.com,https://photos.zillowstatic.com/fp/a9c3c0048a21f868132595f7a6489b20-p_c.jpg,2026-07-20 10:49,For Sale
26821279,4927 Simpson Stuart Rd,75241,Dallas,TX,32.68555,-96.738014,239999,230.0,,215700.0,1614.0,2.0,1.0,1042.0,1945.0,2.0,singleFamily,1,151980.0,2025,https://www.zillow.com,https://photos.zillowstatic.com/fp/1c5e231c910a326592aa3948bb4b9d2a-p_c.jpg,2026-07-20 10:49,For Sale
333139325,5333 Autumnbrook Ct,75209,Dallas,TX,32.82803,-96.82018,925000,342.0,,907600.0,5876.0,3.0,4.0,2701.0,2020.0,3963.96,singleFamily,46,892520.0,2025,https://www.zillow.com,https://photos.zillowstatic.com/fp/b67821b524c169c84fee899d92383b1d-p_c.jpg,2026-07-20 10:49,For Sale
26694528,3703 York St,75210,Dallas,TX,32.765,-96.74545,298000,175.0,-1000.0,,1995.0,3.0,3.0,1699.0,2025.0,3267.0,singleFamily,151,26000.0,2025,https://www.zillow.com,https://photos.zillowstatic.com/fp/9b87a950a3f0806808cdcb563ebf8510-p_c.jpg,2026-07-20 10:49,For Sale
26787994,3624 Fontana Dr,75220,Dallas,TX,32.869095,-96.85772,925000,344.0,-24000.0,,4639.0,4.0,3.0,2692.0,2026.0,9539.64,singleFamily,72,325800.0,2025,https://www.zillow.com,https://photos.zillowstatic.com/fp/8d045a5d27b6bf25ab2df403df39ac5b-p_c.jpg,2026-07-20 10:49,For Sale
26693714,6307 Palo Pinto Ave,75214,Dallas,TX,32.820343,-96.75566,819000,418.0,,782000.0,4583.0,3.0,2.0,1958.0,1924.0,7492.32,singleFamily,18,820050.0,2025,https://www.zillow.com,https://photos.zillowstatic.com/fp/db54993010ec6abc5f1f9a71e022955d-p_c.jpg,2026-07-20 10:49,For Sale
26841344,2305 Lockhart Ave,75228,Dallas,TX,32.820423,-96.6774,315000,197.0,,307200.0,2424.0,4.0,3.0,1600.0,1954.0,8842.68,singleFamily,12,329060.0,2025,https://www.zillow.com,https://photos.zillowstatic.com/fp/30cef22283a0c4a6799f3032655ac29c-p_c.jpg,2026-07-20 10:49,For Sale
162813613,6827 Sunshade Ln,75236,Dallas,TX,32.682747,-96.938324,519500,168.0,-5500.0,510300.0,3882.0,4.0,3.0,3090.0,2015.0,10149.48,singleFamily,42,509140.0,2025,https://www.zillow.com,https://photos.zillowstatic.com/fp/ec02e1d7ec8b4716bc331b736abd7f0b-p_c.jpg,2026-07-20 10:49,For Sale
26790118,3957 Gaspar Dr,75220,Dallas,TX,32.86998,-96.84653,2249500,456.0,-45500.0,2163800.0,3391.0,6.0,5.0,4932.0,2026.0,9408.96,singleFamily,51,649550.0,2025,https://www.zillow.com,https://photos.zillowstatic.com/fp/ce1eee0302497df51630d5aaef81b66d-p_c.jpg,2026-07-20 10:49,For Sale
26911599,332 Kahala Dr,75218,Dallas,TX,32.856606,-96.70266,699000,226.0,,680700.0,4372.0,4.0,3.0,3089.0,1997.0,5052.96,singleFamily,9,600980.0,2025,https://www.zillow.com,https://photos.zillowstatic.com/fp/f96d3a494a82cb247b454acc650ae9e1-p_c.jpg,2026-07-20 10:49,For Sale
69676228,1872 Summit Ave,75206,Dallas,TX,32.81327,-96.772095,550000,378.0,,533800.0,3157.0,2.0,3.0,1454.0,2005.0,2439.36,singleFamily,9,575760.0,2025,https://www.zillow.com,https://photos.zillowstatic.com/fp/4108a9d118e8dc0a34862ff8085a47bf-p_c.jpg,2026-07-20 10:49,For Sale
26712636,908 N Winnetka Ave,75208,Dallas,TX,32.75432,-96.83996,449999,264.0,-30001.0,438100.0,4114.0,4.0,4.0,1704.0,1918.0,7535.88,singleFamily,34,560400.0,2025,https://www.zillow.com,https://photos.zillowstatic.com/fp/3d1453a13447a1c1dd6d2a99b100d3d6-p_c.jpg,2026-07-20 10:49,For Sale
26711286,1210 Morrell Ave,75203,Dallas,TX,32.738903,-96.80642,351500,195.0,-2500.0,,,4.0,2.0,1801.0,2023.0,6751.8,singleFamily,164,373270.0,2025,https://www.zillow.com,https://photos.zillowstatic.com/fp/693a0edf41599c64ee97e36ea44799c4-p_c.jpg,2026-07-20 10:49,For Sale
26807199,10255 Timber Trail Dr,75229,Dallas,TX,32.88647,-96.85776,649999,250.0,-25001.0,636100.0,4493.0,4.0,3.0,2599.0,1964.0,0.48100000000000004,singleFamily,73,762610.0,2025,https://www.zillow.com,https://photos.zillowstatic.com/fp/78f90566ca524fa4b3d17737fa03541d-p_c.jpg,2026-07-20 10:49,For Sale
26898261,3368 Miro Pl,75204,Dallas,TX,32.816456,-96.79458,875000,417.0,,842900.0,4715.0,3.0,4.0,2099.0,1997.0,1698.84,townhome,56,707890.0,2025,https://www.zillow.com,https://photos.zillowstatic.com/fp/785b3e3cb73500e8992e79bfd8f1b07b-p_c.jpg,2026-07-20 10:49,For Sale
26880523,4109 Candlenut Ln,75244,Dallas,TX,32.919994,-96.840614,869000,331.0,-30000.0,832300.0,3773.0,4.0,3.0,2628.0,1970.0,10105.92,singleFamily,10,620570.0,2025,https://www.zillow.com,https://photos.zillowstatic.com/fp/c28df89f870766a76a7cf264f9af8908-p_c.jpg,2026-07-20 10:49,For Sale
26709952,403 S Willomet Ave,75208,Dallas,TX,32.742317,-96.84079,374999,222.0,-10000.0,353300.0,3053.0,3.0,2.0,1688.0,1945.0,7792.884,singleFamily,73,480060.0,2025,https://www.zillow.com,https://photos.zillowstatic.com/fp/989d3ede585469f8d7678f0799f7956e-p_c.jpg,2026-07-20 10:49,For Sale
26701795,6743 Gaston Ave,75214,Dallas,TX,32.816727,-96.74475,3895000,720.0,-100000.0,3624800.0,8238.0,6.0,6.0,5410.0,2004.0,0.49300000000000005,singleFamily,30,1700000.0,2025,https://www.zillow.com,https://photos.zillowstatic.com/fp/a8e3a29961ca975a0e5e0128fca9ba00-p_c.jpg,2026-07-20 10:49,For Sale
26751579,7735 Deer Trail Dr,75238,Dallas,TX,32.86573,-96.7298,680000,379.0,,,,3.0,3.0,1794.0,1958.0,9539.64,singleFamily,15,614840.0,2025,https://www.zillow.com,https://photos.zillowstatic.com/fp/a92aa780756ed20cf4e9b7b79fd36244-p_c.jpg,2026-07-20 10:49,For Sale
26768026,2534 Millermore St,75216,Dallas,TX,32.71939,-96.78109,365000,208.0,,358000.0,2380.0,4.0,3.0,1753.0,1954.0,9626.76,singleFamily,25,211560.0,2025,https://www.zillow.com,https://photos.zillowstatic.com/fp/ef32a0905bc1939398ccf52b0167389a-p_c.jpg,2026-07-20 10:49,For Sale
26818170,613 Cheyenne Rd,75217,Dallas,TX,32.721992,-96.63956,219000,171.0,-5000.0,217600.0,1927.0,4.0,2.0,1280.0,1952.0,9016.92,singleFamily,82,217910.0,2025,https://www.zillow.com,https://photos.zillowstatic.com/fp/f98a9f36b3441636e0cdb058f1539139-p_c.jpg,2026-07-20 10:49,For Sale
26893382,8903 Maple Glen Dr,75231,Dallas,TX,32.885426,-96.74128,830000,315.0,-19000.0,,,4.0,3.0,2631.0,1978.0,9365.4,singleFamily,72,770960.0,2025,https://www.zillow.com,https://photos.zillowstatic.com/fp/de008f59f4b062363bf71911be39cb55-p_c.jpg,2026-07-20 10:49,For Sale
26741045,9028 Santa Clara Dr,75218,Dallas,TX,32.824165,-96.70469,1100000,411.0,-100000.0,,,4.0,3.0,2675.0,2025.0,8276.4,singleFamily,51,481040.0,2025,https://www.zillow.com,https://photos.zillowstatic.com/fp/8f311c9f2409c652dab6f9e52184c24a-p_c.jpg,2026-07-20 10:49,For Sale
26859033,10819 Lochspring Dr,75218,Dallas,TX,32.860165,-96.69968,1050000,385.0,-15000.0,1014400.0,4939.0,5.0,3.0,2730.0,1969.0,0.252,singleFamily,62,674270.0,2025,https://www.zillow.com,https://photos.zillowstatic.com/fp/5057cd36d9ab83978c03e7090e69066b-p_c.jpg,2026-07-20 10:49,For Sale
26678172,4223 Munger Ave,75204,Dallas,TX,32.802452,-96.78449,649900,329.0,,,,3.0,4.0,1978.0,2020.0,3397.68,townhome,4,641810.0,2025,https://www.zillow.com,https://photos.zillowstatic.com/fp/d8cbce6e9cc2c73fd6e08c3ff568b04f-p_c.jpg,2026-07-20 10:49,For Sale
26874914,15817 El Estado Dr,75248,Dallas,TX,32.964634,-96.771416,320000,210.0,-8000.0,313000.0,2182.0,3.0,2.0,1524.0,1968.0,4791.6,singleFamily,21,314640.0,2025,https://www.zillow.com,https://photos.zillowstatic.com/fp/fe1581da66466c858fafffba4833d8b9-p_c.jpg,2026-07-20 10:49,For Sale
26875508,7212 Canongate Dr,75248,Dallas,TX,32.978935,-96.78077,789900,227.0,-10000.0,,,5.0,3.0,3474.0,1974.0,9016.92,singleFamily,93,900000.0,2025,https://www.zillow.com,https://photos.zillowstatic.com/fp/fdc41b9f4e51a1d7e7c68280d71ae8c5-p_c.jpg,2026-07-20 10:49,For Sale
26849776,12625 Breckenridge Dr #199,75230,Dallas,TX,32.92001,-96.78387,499000,285.0,,403200.0,2464.0,2.0,2.0,1748.0,1974.0,16.552,condo,2,460300.0,2025,https://www.zillow.com,https://photos.zillowstatic.com/fp/7b86a6d4a4253fa3aaecc25eb2b209e6-p_c.jpg,2026-07-20 10:49,For Sale
26712952,630 N Edgefield Ave,75208,Dallas,TX,32.750618,-96.84368,775000,343.0,-14000.0,751700.0,3729.0,3.0,3.0,2257.0,1920.0,7731.9,singleFamily,37,709430.0,2025,https://www.zillow.com,https://photos.zillowstatic.com/fp/e2ea49565490f49327c6ccf631930091-p_c.jpg,2026-07-20 10:49,For Sale
443638165,6006 Meadow Crst,75230,Dallas,TX,32.903107,-96.80368,4600000,626.0,,,,5.0,7.0,7354.0,2025.0,0.47729999999999995,singleFamily,9,,,https://www.zillow.com,https://photos.zillowstatic.com/fp/7c81d66ed95cf179f68da927959cf26c-p_c.jpg,2026-07-20 10:49,For Sale
26836163,4020 Ranger Dr,75212,Dallas,TX,32.790817,-96.89891,399999,186.0,,398500.0,4185.0,4.0,3.0,2147.0,2025.0,7000.092,singleFamily,29,313830.0,2025,https://www.zillow.com,https://photos.zillowstatic.com/fp/1593d07bd3dbbaa3e3016319194b8470-p_c.jpg,2026-07-20 10:49,For Sale
65346465,6101 Baymar Ln,75252,Dallas,TX,32.991,-96.79989,1399999,465.0,-100000.0,1359900.0,4716.0,4.0,5.0,3013.0,2026.0,0.36,singleFamily,115,61875.0,2025,https://www.zillow.com,https://photos.zillowstatic.com/fp/e980f7bf9e68af84038ee64bbcf6d0c8-p_c.jpg,2026-07-20 10:49,For Sale
26751075,7048 Arboreal Dr,75231,Dallas,TX,32.859203,-96.7364,935000,340.0,-25000.0,,,3.0,3.0,2753.0,1960.0,0.254,singleFamily,37,643770.0,2025,https://www.zillow.com,https://photos.zillowstatic.com/fp/cbbf39fdeec44c69783da0ed65bd2169-p_c.jpg,2026-07-20 10:49,For Sale
26710817,126 Neches St,75208,Dallas,TX,32.75597,-96.82495,249000,273.0,-26000.0,243400.0,1977.0,2.0,1.0,912.0,1920.0,2134.44,singleFamily,100,285350.0,2025,https://www.zillow.com,https://photos.zillowstatic.com/fp/e4879db9e3c335db4e904bb9d03e6d34-p_c.jpg,2026-07-20 10:49,For Sale
26751704,7639 Lovers Ln,75225,Dallas,TX,32.85137,-96.775406,1550000,540.0,-50000.0,1490400.0,6323.0,4.0,4.0,2868.0,1946.0,8407.08,singleFamily,135,1269230.0,2025,https://www.zillow.com,https://photos.zillowstatic.com/fp/c51ed64711996573f7948e47031794ca-p_c.jpg,2026-07-20 10:49,For Sale
26807256,3579 Flaxley Dr,75229,Dallas,TX,32.887142,-96.85936,1850000,413.0,-50000.0,1795700.0,7982.0,5.0,6.0,4475.0,2026.0,0.304,singleFamily,86,496700.0,2025,https://www.zillow.com,https://photos.zillowstatic.com/fp/e8bbfa13eb6eb1850f78e66eeb4d7c97-p_c.jpg,2026-07-20 10:49,For Sale
67951254,630 W Neely St,75208,Dallas,TX,32.750103,-96.83288,459000,324.0,-16000.0,453300.0,2298.0,3.0,2.0,1415.0,2004.0,5183.64,singleFamily,74,476430.0,2025,https://www.zillow.com,https://photos.zillowstatic.com/fp/4011cf6ee7458bace061703b84ac980f-p_c.jpg,2026-07-20 10:49,For Sale
26747114,936 N Buckner Blvd,75218,Dallas,TX,32.84233,-96.70816,480000,338.0,-17000.0,,,2.0,2.0,1422.0,1950.0,10410.84,singleFamily,115,433820.0,2025,https://www.zillow.com,https://photos.zillowstatic.com/fp/ac5aa11042f68ae9dde2f88a624cb084-p_c.jpg,2026-07-20 10:49,For Sale
26712651,832 N Winnetka Ave,75208,Dallas,TX,32.753613,-96.83994,639000,453.0,,609000.0,2724.0,2.0,2.0,1410.0,1923.0,7318.08,singleFamily,7,539000.0,2025,https://www.zillow.com,https://photos.zillowstatic.com/fp/6856d83da3df0a5dd247c79cc6cf9624-p_c.jpg,2026-07-20 10:49,For Sale
162298636,3228 Grantwood Dr,75229,Dallas,TX,32.888435,-96.87161,689900,276.0,-35100.0,673100.0,4871.0,4.0,3.0,2500.0,1968.0,0.252,singleFamily,100,669910.0,2025,https://www.zillow.com,https://photos.zillowstatic.com/fp/86db71109e55476dfb827f8bedc35f1e-p_c.jpg,2026-07-20 10:49,For Sale
26873687,6908 Clearhaven Dr,75248,Dallas,TX,32.966694,-96.7891,400000,156.0,-25000.0,393800.0,3257.0,3.0,3.0,2568.0,1980.0,3484.8,townhome,79,389500.0,2025,https://www.zillow.com,https://photos.zillowstatic.com/fp/fac160538f4c6983d347712092edebe6-p_c.jpg,2026-07-20 10:49,For Sale
26912448,2306 Balvanera Plz,75211,Dallas,TX,32.717636,-96.90108,248000,165.0,,242200.0,2240.0,3.0,3.0,1506.0,2000.0,740.52,singleFamily,67,255430.0,2025,https://www.zillow.com,https://photos.zillowstatic.com/fp/c216ec23116e40e9dec01b99adc05429-p_c.jpg,2026-07-20 10:49,For Sale
459246451,2972 Audles Ln,75212,Dallas,TX,32.78199,-96.86831,337000,194.0,,,,4.0,3.0,1739.0,2023.0,3702.6,singleFamily,10,324170.0,2025,https://www.zillow.com,https://photos.zillowstatic.com/fp/e08d128a894870fd8dd32bad2f27686d-p_c.jpg,2026-07-20 10:49,For Sale
54010848,17911 Meadowchase Way,75287,Dallas,TX,32.99258,-96.860535,399000,161.0,-31000.0,,3180.0,4.0,3.0,2481.0,1995.0,5227.2,singleFamily,72,446223.0,2025,https://www.zillow.com,https://photos.zillowstatic.com/fp/2d2bbd8bcc98a3224bb5346b1771b36c-p_c.jpg,2026-07-20 10:49,For Sale
60347644,4034 Rawlins St APT 207,75219,Dallas,TX,32.814045,-96.80962,365000,326.0,-5000.0,355600.0,2245.0,2.0,3.0,1119.0,1984.0,0.41,condo,73,324510.0,2025,https://www.zillow.com,https://photos.zillowstatic.com/fp/186755c15c706fe338e9d67c732f1271-p_c.jpg,2026-07-20 10:49,For Sale
26691812,1848 McMillan Ave,75206,Dallas,TX,32.813263,-96.774414,1849500,552.0,-50000.0,,,4.0,4.0,3352.0,2017.0,8058.6,singleFamily,23,1371310.0,2025,https://www.zillow.com,https://photos.zillowstatic.com/fp/4ae0c071935a4360c17f6c451d76a017-p_c.jpg,2026-07-20 10:49,For Sale
26747570,6262 E University Blvd,75214,Dallas,TX,32.846336,-96.75549,729900,359.0,-39100.0,705600.0,3749.0,3.0,2.0,2031.0,1961.0,10018.8,singleFamily,52,727870.0,2025,https://www.zillow.com,https://photos.zillowstatic.com/fp/5441153b317e10aecd83be7af9a3b72d-p_c.jpg,2026-07-20 10:49,For Sale
26845295,11057 Mandalay Dr,75228,Dallas,TX,32.839825,-96.652725,850000,318.0,-25000.0,824300.0,3314.0,4.0,2.0,2674.0,2019.0,0.43,singleFamily,31,669700.0,2025,https://www.zillow.com,https://photos.zillowstatic.com/fp/58bdb937cb67038eb492c086d75581cf-p_c.jpg,2026-07-20 10:49,For Sale
303985599,1011 Tea Olive Ln,75212,Dallas,TX,32.77719,-96.8389,585000,262.0,,570300.0,3718.0,3.0,4.0,2234.0,2019.0,1742.4,singleFamily,2,644040.0,2025,https://www.zillow.com,https://photos.zillowstatic.com/fp/979cd33d38ceed4609caa087de512456-p_c.jpg,2026-07-20 10:49,For Sale
26787721,3611 Marsh Lane Pl,75220,Dallas,TX,32.87962,-96.85696,525000,209.0,-50000.0,,,3.0,3.0,2512.0,1953.0,10846.44,singleFamily,103,575000.0,2025,https://www.zillow.com,https://photos.zillowstatic.com/fp/acb7031a247e670b8196f34514758855-p_c.jpg,2026-07-20 10:49,For Sale
26586411,4823 Spyglass Dr,75287,Dallas,TX,32.990906,-96.82398,1295000,286.0,-100000.0,1241400.0,6801.0,4.0,5.0,4532.0,1986.0,0.33999999999999997,singleFamily,86,1149941.0,2025,https://www.zillow.com,https://photos.zillowstatic.com/fp/2027c0fb2f9753827f5e4ec875b1e1ce-p_c.jpg,2026-07-20 10:49,For Sale
26648084,5607 Willow Wood Ln,75252,Dallas,TX,33.011772,-96.8129,1039900,244.0,-10100.0,995400.0,6864.0,5.0,5.0,4265.0,2000.0,0.35,singleFamily,56,824199.0,2025,https://www.zillow.com,https://photos.zillowstatic.com/fp/eb76103fce05fd7cab7016ad9e0f997c-p_c.jpg,2026-07-20 10:49,For Sale
26850931,9306 Rolling Rock Ln,75238,Dallas,TX,32.87467,-96.69353,665000,317.0,,647300.0,2398.0,3.0,2.0,2096.0,1974.0,7405.2,singleFamily,10,627520.0,2025,https://www.zillow.com,https://photos.zillowstatic.com/fp/9321e26d7acb2368c8311db6550a7304-p_c.jpg,2026-07-20 10:49,For Sale
26706655,6628 Sondra Dr,75214,Dallas,TX,32.826427,-96.74608,2300000,487.0,,2182500.0,10984.0,4.0,5.0,4722.0,2007.0,8145.72,singleFamily,20,1800000.0,2025,https://www.zillow.com,https://photos.zillowstatic.com/fp/04ed0949b97bac01c76f835241eb956f-p_c.jpg,2026-07-20 10:49,For Sale
96520342,1511 Morrell Ave,75203,Dallas,TX,32.73941,-96.79961,549999,205.0,-15000.0,545500.0,3722.0,4.0,4.0,2683.0,2026.0,7753.68,singleFamily,31,90000.0,2025,https://www.zillow.com,https://photos.zillowstatic.com/fp/acfa459c92de1844a45447db69d2460b-p_c.jpg,2026-07-20 10:49,For Sale
26731323,7626 Kaywood Dr,75209,Dallas,TX,32.84928,-96.82574,2176200,501.0,,,,5.0,5.0,4344.0,2023.0,8668.44,singleFamily,6,1854930.0,2025,https://www.zillow.com,https://photos.zillowstatic.com/fp/631f8e42eb88f6d4d151a4820f86bcc6-p_c.jpg,2026-07-20 10:49,For Sale
26935344,5981 Arapaho Rd APT 1106,75248,Dallas,TX,32.961693,-96.80761,150000,145.0,-14900.0,,2177.0,2.0,2.0,1038.0,1980.0,6.389,singleFamily,173,210050.0,2025,https://www.zillow.com,https://photos.zillowstatic.com/fp/9a802fbd90a51ed8b57772ad803caf8f-p_c.jpg,2026-07-20 10:49,For Sale
26902613,7926 Enclave Way,75218,Dallas,TX,32.80834,-96.723274,739900,336.0,-25100.0,722500.0,3461.0,4.0,3.0,2205.0,1998.0,5000.688,singleFamily,29,653280.0,2025,https://www.zillow.com,https://photos.zillowstatic.com/fp/0db26c77c036d84a3c2afba2bddb69a3-p_c.jpg,2026-07-20 10:49,For Sale
338034512,3432 Rosebud Park Ln,75229,Dallas,TX,32.885006,-96.86503,749000,331.0,,724900.0,3196.0,3.0,3.0,2262.0,2021.0,4051.08,singleFamily,10,592230.0,2025,https://www.zillow.com,https://photos.zillowstatic.com/fp/754c6d9ba5201868e0c4acc8feead309-p_c.jpg,2026-07-20 10:49,For Sale
351318684,1505 N Garrett Ave #204,75206,Dallas,TX,32.806595,-96.77267,399999,282.0,-15001.0,395200.0,2935.0,2.0,3.0,1416.0,2020.0,0.2726,townhome,150,,,https://www.zillow.com,https://photos.zillowstatic.com/fp/251d890f731597125abb2413511ba4a0-p_c.jpg,2026-07-20 10:49,For Sale
26909836,3208 Poplar Springs Ln,75227,Dallas,TX,32.764534,-96.653175,249995,181.0,,245300.0,2131.0,4.0,2.0,1378.0,1987.0,4138.2,singleFamily,9,227440.0,2025,https://www.zillow.com,https://photos.zillowstatic.com/fp/8aeeabfe700bd2124252aa52f039ecca-p_c.jpg,2026-07-20 10:49,For Sale
26759041,4243 Beechwood Ln,75220,Dallas,TX,32.875854,-96.83681,2749000,543.0,,2609400.0,7628.0,4.0,5.0,5063.0,1950.0,0.478,singleFamily,36,1975560.0,2025,https://www.zillow.com,https://photos.zillowstatic.com/fp/44fb943cbaf5ef3ff656c0db08259be4-p_c.jpg,2026-07-20 10:49,For Sale
26807504,3556 Royal Ln,75229,Dallas,TX,32.894787,-96.85995,525000,341.0,-5000.0,513700.0,3574.0,3.0,2.0,1541.0,1961.0,9931.68,singleFamily,101,433460.0,2025,https://www.zillow.com,https://photos.zillowstatic.com/fp/d50d7de3c0cf7cbb1854c9d6612a66be-p_c.jpg,2026-07-20 10:49,For Sale
26828804,5908 Melshire Dr,75230,Dallas,TX,32.913986,-96.80711,1749500,420.0,-49500.0,1674100.0,7549.0,4.0,5.0,4169.0,1958.0,0.3721,singleFamily,102,1547840.0,2025,https://www.zillow.com,https://photos.zillowstatic.com/fp/8064821314d0532b2043275aeff10f45-p_c.jpg,2026-07-20 10:49,For Sale
26723699,1143 Newport Ave,75224,Dallas,TX,32.72548,-96.84185,275000,226.0,,270800.0,2305.0,3.0,2.0,1217.0,1921.0,7274.52,singleFamily,12,279330.0,2025,https://www.zillow.com,https://photos.zillowstatic.com/fp/7c0388232b914e58f01f9efd217cc0f1-p_c.jpg,2026-07-20 10:49,For Sale
461422630,5320 Reiger Ave #106,75214,Dallas,TX,32.799812,-96.75968,384900,267.0,,378900.0,3188.0,2.0,3.0,1442.0,2025.0,0.265,condo,38,,,https://www.zillow.com,https://photos.zillowstatic.com/fp/a600a1fb3ceab3030f7e4497c2511178-p_c.jpg,2026-07-20 10:49,For Sale
26837674,2310 Costa Mesa Dr,75228,Dallas,TX,32.853058,-96.672325,287980,187.0,,276200.0,2200.0,3.0,1.0,1540.0,1953.0,7666.56,singleFamily,20,282130.0,2025,https://www.zillow.com,https://photos.zillowstatic.com/fp/8db35d1110905113d6ec2c92922a47d0-p_c.jpg,2026-07-20 10:49,For Sale
26768168,1603 Bonnie View Rd,75203,Dallas,TX,32.7288,-96.79231,330000,171.0,,,,4.0,3.0,1930.0,1970.0,0.261,singleFamily,100,270030.0,2025,https://www.zillow.com,https://photos.zillowstatic.com/fp/83d46985b6ed79054ddfcc62c1ac51ab-p_c.jpg,2026-07-20 10:49,For Sale
26690753,5336 Willis Ave,75206,Dallas,TX,32.819965,-96.77828,1530000,424.0,,1456500.0,7998.0,5.0,4.0,3607.0,2005.0,7797.24,singleFamily,18,1342110.0,2025,https://www.zillow.com,https://photos.zillowstatic.com/fp/30711a50b9c3e8ee37e68cd8c825a897-p_c.jpg,2026-07-20 10:49,For Sale
344555563,2404 Colony Ct #2406,75235,Dallas,TX,32.835716,-96.85545,340000,219.0,10000.0,,2173.0,4.0,2.0,1552.0,1947.0,6072.264,multiFamily,46,,,https://www.zillow.com,https://photos.zillowstatic.com/fp/d4569230752917f565989118ae61927c-p_c.jpg,2026-07-20 10:49,For Sale
53089558,6032 Ainsdale Ct,75252,Dallas,TX,32.998665,-96.80026,579000,243.0,-20000.0,564800.0,4675.0,4.0,3.0,2387.0,1994.0,6534.0,singleFamily,32,542762.0,2025,https://www.zillow.com,https://photos.zillowstatic.com/fp/7405773a0b6b4a81c3c8857faafa1cc7-p_c.jpg,2026-07-20 10:49,For Sale
53072120,6008 Richwater Dr,75252,Dallas,TX,32.993782,-96.80436,575000,237.0,,554400.0,3302.0,3.0,2.0,2431.0,1986.0,5662.8,singleFamily,8,609646.0,2025,https://www.zillow.com,https://photos.zillowstatic.com/fp/b2fb2a2fc3b2803b3e80d78a4bc99833-p_c.jpg,2026-07-20 10:49,For Sale
26715739,2015 S Ewing Ave,75216,Dallas,TX,32.723373,-96.81118,499000,186.0,-6000.0,492500.0,3527.0,5.0,3.0,2676.0,2022.0,7448.76,singleFamily,34,462000.0,2025,https://www.zillow.com,https://photos.zillowstatic.com/fp/0855e8f98d00b32af248800da1ba71dd-p_c.jpg,2026-07-20 10:49,For Sale
26769195,619 N Hampton Rd,75208,Dallas,TX,32.750214,-96.85719,400000,276.0,,385200.0,2869.0,3.0,2.0,1450.0,1940.0,9801.0,singleFamily,24,387060.0,2025,https://www.zillow.com,https://photos.zillowstatic.com/fp/2e779f39c327681623fb0890d96ae5cd-p_c.jpg,2026-07-20 10:49,For Sale
26849828,7241 Helsem Bnd,75230,Dallas,TX,32.9194,-96.7809,749900,264.0,-25000.0,728300.0,4755.0,3.0,4.0,2842.0,1989.0,5793.48,singleFamily,24,928660.0,2025,https://www.zillow.com,https://photos.zillowstatic.com/fp/38a4bc1d77d9755179037e94b0e18de3-p_c.jpg,2026-07-20 10:49,For Sale
26712869,1414 Kings Hwy,75208,Dallas,TX,32.752922,-96.844246,699000,374.0,,672600.0,3836.0,3.0,2.0,1868.0,1921.0,7274.52,singleFamily,25,650000.0,2025,https://www.zillow.com,https://photos.zillowstatic.com/fp/a0af46e3008ffa1b0f0abba843167c5c-p_c.jpg,2026-07-20 10:49,For Sale
26835007,3741 Toronto St,75212,Dallas,TX,32.78009,-96.88247,440000,162.0,-5000.0,435500.0,3592.0,4.0,3.0,2724.0,2021.0,5575.68,singleFamily,68,521940.0,2025,https://www.zillow.com,https://photos.zillowstatic.com/fp/fdcad6d744c21871974cde189b56691f-p_c.jpg,2026-07-20 10:49,For Sale
26873194,15935 Longvista Dr,75248,Dallas,TX,32.966537,-96.78597,599999,256.0,-50001.0,585700.0,4275.0,4.0,3.0,2343.0,1972.0,9844.56,singleFamily,52,586310.0,2025,https://www.zillow.com,https://photos.zillowstatic.com/fp/a8f309fa2f527eabd9396064c2ed7f4b-p_c.jpg,2026-07-20 10:49,For Sale
26865472,10432 Chesterton Dr,75238,Dallas,TX,32.880894,-96.70491,629000,311.0,,610200.0,3690.0,4.0,3.0,2025.0,1961.0,9844.56,singleFamily,9,619620.0,2025,https://www.zillow.com,https://photos.zillowstatic.com/fp/e8d498e8c16c242717c9f129c6a82e6b-p_c.jpg,2026-07-20 10:49,For Sale
26906064,2955 S Bend Dr,75229,Dallas,TX,32.896416,-96.86191,440000,271.0,,427500.0,2693.0,3.0,3.0,1626.0,1987.0,3049.2,singleFamily,10,384400.0,2025,https://www.zillow.com,https://photos.zillowstatic.com/fp/307f16a63a2d124adb0a040dda8d5b99-p_c.jpg,2026-07-20 10:49,For Sale
26869002,9511 Fallbrook Dr,75243,Dallas,TX,32.901775,-96.73189,750000,182.0,,,5971.0,4.0,4.0,4117.0,1973.0,0.262,singleFamily,17,707780.0,2025,https://www.zillow.com,https://photos.zillowstatic.com/fp/4c949f267797820f58e96146a3762ad4-p_c.jpg,2026-07-20 10:49,For Sale
26844858,7009 Eudora Dr,75230,Dallas,TX,32.904064,-96.78615,1750000,533.0,,,,4.0,4.0,3283.0,1956.0,0.34600000000000003,singleFamily,24,1350950.0,2025,https://www.zillow.com,https://photos.zillowstatic.com/fp/93b7ce9a107146d5ed5a5c4551ec7a0c-p_c.jpg,2026-07-20 10:49,For Sale
26758132,10445 Strait Ln,75229,Dallas,TX,32.888252,-96.8253,6750000,932.0,,6089500.0,7529.0,5.0,6.0,7245.0,1989.0,1.037,singleFamily,64,4562110.0,2025,https://www.zillow.com,https://photos.zillowstatic.com/fp/a7f78fb512e685b2df826104af62a065-p_c.jpg,2026-07-20 10:49,For Sale
26827733,4639 Baystone Dr,75211,Dallas,TX,32.713005,-96.89724,315000,229.0,,305300.0,2166.0,3.0,2.0,1376.0,1962.0,7710.12,singleFamily,5,269640.0,2025,https://www.zillow.com,https://photos.zillowstatic.com/fp/cd5fded111f7c4fc1e18f2e7de6d8899-p_c.jpg,2026-07-20 10:49,For Sale
26888828,6234 La Cosa Dr,75248,Dallas,TX,32.959396,-96.79814,650000,262.0,-24900.0,636300.0,3774.0,3.0,3.0,2480.0,1979.0,8058.6,singleFamily,45,596060.0,2025,https://www.zillow.com,https://photos.zillowstatic.com/fp/eeb8756a5cc4846cf5204ba4772ca22b-p_c.jpg,2026-07-20 10:49,For Sale
26759320,4424 Glenleigh Dr,75220,Dallas,TX,32.866314,-96.83281,3250000,494.0,-239000.0,,,5.0,7.0,6578.0,2005.0,0.42900000000000005,singleFamily,65,2153250.0,2025,https://www.zillow.com,https://photos.zillowstatic.com/fp/5eb82d854a28af18a012d62a4d3fa131-p_c.jpg,2026-07-20 10:49,For Sale
26870729,6517 Briarmeade Dr,75254,Dallas,TX,32.94968,-96.79172,998499,206.0,,,7050.0,5.0,5.0,4850.0,1971.0,0.41499081726354453,singleFamily,37,970000.0,2025,https://www.zillow.com,https://photos.zillowstatic.com/fp/2e75e2e23b63161fadce325d0d80ae0a-p_c.jpg,2026-07-20 10:49,For Sale
26856418,3027 Morgan Dr,75241,Dallas,TX,32.65468,-96.77258,314900,156.0,-5000.0,311600.0,2185.0,4.0,2.0,2022.0,1958.0,0.254,singleFamily,17,212350.0,2025,https://www.zillow.com,https://photos.zillowstatic.com/fp/2adfa75a392a274cca5098c876faca9a-p_c.jpg,2026-07-20 10:49,For Sale
26713546,606 W Pembroke Ave,75208,Dallas,TX,32.73799,-96.83242,390000,179.0,-15000.0,,,6.0,4.0,2177.0,1923.0,7640.424,singleFamily,128,283810.0,2025,https://www.zillow.com,https://photos.zillowstatic.com/fp/d04ad9562237408d9af160404b647acc-p_c.jpg,2026-07-20 10:49,For Sale
26874917,15825 El Estado Dr,75248,Dallas,TX,32.96463,-96.770966,580000,200.0,-10000.0,,,6.0,4.0,2906.0,1968.0,9670.32,singleFamily,121,551890.0,2025,https://www.zillow.com,https://photos.zillowstatic.com/fp/e782b213a976adb2c7bf4ea765b37ee1-p_c.jpg,2026-07-20 10:49,For Sale
26740470,1623 San Rafael Dr,75218,Dallas,TX,32.807896,-96.71929,1650000,424.0,,1545000.0,5064.0,4.0,3.0,3892.0,1952.0,0.578,singleFamily,11,1396490.0,2025,https://www.zillow.com,https://photos.zillowstatic.com/fp/4a71492105deac6dae7c57d271fcfc25-p_c.jpg,2026-07-20 10:49,For Sale
26849863,10932 Dunaway Dr,75228,Dallas,TX,32.843254,-96.65903,289900,194.0,-10000.0,283800.0,2594.0,4.0,2.0,1495.0,1955.0,8189.28,singleFamily,72,249040.0,2025,https://www.zillow.com,https://photos.zillowstatic.com/fp/62b1b9727201b4c253e7de9b4e732d93-p_c.jpg,2026-07-20 10:49,For Sale
26608895,4055 Seabury Dr,75287,Dallas,TX,33.000923,-96.84105,480000,213.0,,468900.0,3529.0,4.0,2.0,2255.0,1986.0,7840.8,singleFamily,43,509921.0,2025,https://www.zillow.com,https://photos.zillowstatic.com/fp/203ea84d7db33a47a10bc7ef1813cfc1-p_c.jpg,2026-07-20 10:49,For Sale
26697721,4851 Cedar Springs Rd APT 182,75219,Dallas,TX,32.81927,-96.822525,128000,152.0,-7000.0,,1510.0,2.0,1.0,841.0,1970.0,6.609,condo,71,164780.0,2025,https://www.zillow.com,https://photos.zillowstatic.com/fp/a3ae9b56cbb0e030e2bfd401a02a2a92-p_c.jpg,2026-07-20 10:49,For Sale
2070562641,5312 Black Hawk St,75212,Dallas,TX,32.767216,-96.90552,317500,191.0,-2500.0,,,4.0,2.0,1664.0,2019.0,4486.68,singleFamily,303,,,https://www.zillow.com,https://photos.zillowstatic.com/fp/a92918ca692dbf3c9ceee76b21f3db6e-p_c.jpg,2026-07-20 10:49,For Sale
96521686,3906 Harlingen St,75212,Dallas,TX,32.78901,-96.90426,565000,188.0,-15000.0,563200.0,5563.0,4.0,4.0,3000.0,2026.0,7230.96,singleFamily,110,100000.0,2025,https://www.zillow.com,https://photos.zillowstatic.com/fp/1141700b14422b49753d49947129604b-p_c.jpg,2026-07-20 10:49,For Sale
26887295,7241 Blythdale Dr,75248,Dallas,TX,32.9819,-96.782394,749000,279.0,-6000.0,733600.0,5119.0,4.0,3.0,2683.0,1976.0,9234.72,singleFamily,22,693880.0,2025,https://www.zillow.com,https://photos.zillowstatic.com/fp/031a4f0222f25ed7082eb01f6e236cb5-p_c.jpg,2026-07-20 10:49,For Sale
336886338,17293 Texas Pistache Dr,75252,Dallas,TX,32.986645,-96.76156,850000,241.0,-35000.0,833100.0,5628.0,5.0,4.0,3530.0,2022.0,7840.8,singleFamily,17,797880.0,2025,https://www.zillow.com,https://photos.zillowstatic.com/fp/88ed04b2cda26fc518ef912a0bf47c81-p_c.jpg,2026-07-20 10:49,For Sale
26835431,3708 Hammerly Dr,75212,Dallas,TX,32.787113,-96.89834,485000,202.0,-40000.0,484100.0,4672.0,4.0,4.0,2400.0,2026.0,0.33299999999999996,singleFamily,51,208370.0,2025,https://www.zillow.com,https://photos.zillowstatic.com/fp/16ac45e5084cb122e367227c1f2f4366-p_c.jpg,2026-07-20 10:49,For Sale
26712443,807 Hollywood Ave,75208,Dallas,TX,32.738033,-96.85574,474900,286.0,-14100.0,460800.0,2901.0,3.0,2.0,1659.0,1926.0,7535.88,singleFamily,32,507840.0,2025,https://www.zillow.com,https://photos.zillowstatic.com/fp/4f8a75d4b9d1cd108cd9bf00da85d977-p_c.jpg,2026-07-20 10:49,For Sale
26626524,18095 Whispering Gables Ln,75287,Dallas,TX,32.995853,-96.84044,300000,277.0,,,,2.0,2.0,1083.0,1983.0,4356.0,singleFamily,2,308085.0,2025,https://www.zillow.com,https://photos.zillowstatic.com/fp/d9bcc041579aebbd1347e2e739f356b4-p_c.jpg,2026-07-20 10:49,For Sale
26931431,9805 Walnut St #204,75243,Dallas,TX,32.922836,-96.71392,75000,84.0,,,1440.0,2.0,2.0,894.0,1981.0,8.814,condo,31,107280.0,2025,https://www.zillow.com,https://photos.zillowstatic.com/fp/53a06c38540d731cb0f744baf7d8ab7e-p_c.jpg,2026-07-20 10:49,For Sale
26741390,1521 El Campo Dr,75218,Dallas,TX,32.82369,-96.70063,1449900,321.0,-48100.0,1383700.0,5916.0,4.0,3.0,4520.0,1945.0,0.485,singleFamily,34,850000.0,2025,https://www.zillow.com,https://photos.zillowstatic.com/fp/3e334b29e036bfc6225b09366a50e508-p_c.jpg,2026-07-20 10:49,For Sale
26862178,5535 Mesa Cir,75235,Dallas,TX,32.81446,-96.85358,599000,143.0,-26000.0,,4402.0,6.0,8.0,4200.0,2026.0,10105.92,multiFamily,112,222360.0,2025,https://www.zillow.com,https://photos.zillowstatic.com/fp/194dc60cec583c6e63bd082a9d442f42-p_c.jpg,2026-07-20 10:49,For Sale
26883076,12706 Whispering Hills Dr,75243,Dallas,TX,32.921013,-96.70871,435000,184.0,,423700.0,3017.0,4.0,3.0,2370.0,1977.0,9496.08,singleFamily,11,456460.0,2025,https://www.zillow.com,https://photos.zillowstatic.com/fp/9646ada43e9030c704b6d65dc9d22b02-p_c.jpg,2026-07-20 10:49,For Sale
26743608,11621 Tuscany Way,75218,Dallas,TX,32.853325,-96.69136,530000,337.0,-25000.0,510600.0,2781.0,3.0,2.0,1575.0,1955.0,7666.56,singleFamily,32,476940.0,2025,https://www.zillow.com,https://photos.zillowstatic.com/fp/3d94d6acf39c2a89c308c95247750c47-p_c.jpg,2026-07-20 10:49,For Sale
26697043,5108 Maple Springs Blvd,75235,Dallas,TX,32.82042,-96.82506,899000,404.0,,858900.0,3955.0,2.0,3.0,2227.0,1983.0,0.371,singleFamily,23,778200.0,2025,https://www.zillow.com,https://photos.zillowstatic.com/fp/21df07b0e8617dd6074d28e770cb6604-p_c.jpg,2026-07-20 10:49,For Sale
67957036,3828 San Jacinto St,75204,Dallas,TX,32.797726,-96.784355,449900,253.0,,437500.0,2672.0,2.0,2.0,1780.0,2003.0,2918.52,townhome,30,490200.0,2025,https://www.zillow.com,https://photos.zillowstatic.com/fp/aa92f242268ff2c388bac15926edd149-p_c.jpg,2026-07-20 10:49,For Sale
26874725,7881 La Cabeza Dr,75248,Dallas,TX,32.971146,-96.76922,735000,346.0,-10000.0,718200.0,2861.0,4.0,2.0,2123.0,1968.0,0.338,singleFamily,72,457990.0,2025,https://www.zillow.com,https://photos.zillowstatic.com/fp/5032e60e0b7156ff475ebc359c22879f-p_c.jpg,2026-07-20 10:49,For Sale
26731049,6453 Bob O Link Dr,75214,Dallas,TX,32.831985,-96.75054,2749995,520.0,,2652600.0,5780.0,5.0,6.0,5293.0,2025.0,7535.88,singleFamily,30,953700.0,2025,https://www.zillow.com,https://photos.zillowstatic.com/fp/a6816a279e07792ca28dcf079fd85a33-p_c.jpg,2026-07-20 10:49,For Sale
96500084,3604 Colonial Ave,75215,Dallas,TX,32.757587,-96.771385,414400,186.0,-100.0,412100.0,2608.0,4.0,3.0,2229.0,2026.0,7649.136,singleFamily,65,310410.0,2025,https://www.zillow.com,https://photos.zillowstatic.com/fp/733ca7620e41a90bbfd91d6512263bf8-p_c.jpg,2026-07-20 10:49,For Sale
26699184,5130 Echo Ave,75215,Dallas,TX,32.751698,-96.74873,360000,197.0,,357700.0,2369.0,4.0,3.0,1826.0,2026.0,4922.28,singleFamily,24,49350.0,2025,https://www.zillow.com,https://photos.zillowstatic.com/fp/9aa5016a069a76e15675591616049c5e-p_c.jpg,2026-07-20 10:49,For Sale
26888475,12401 Pleasant Valley Dr,75243,Dallas,TX,32.916386,-96.72347,470000,189.0,,454500.0,3161.0,4.0,3.0,2493.0,1978.0,0.299,singleFamily,50,452470.0,2025,https://www.zillow.com,https://photos.zillowstatic.com/fp/4edc268d7b265e42863adfa2f4a9cabc-p_c.jpg,2026-07-20 10:49,For Sale
26610131,7306 Highland Glen Trl,75248,Dallas,TX,32.98711,-96.781235,499000,248.0,,481900.0,2905.0,3.0,3.0,2009.0,1981.0,6534.0,singleFamily,17,562261.0,2025,https://www.zillow.com,https://photos.zillowstatic.com/fp/c0a9962b732a37422d570b03eb50e06d-p_c.jpg,2026-07-20 10:49,For Sale
26830912,8454 Swift Ave,75228,Dallas,TX,32.80469,-96.70193,593000,245.0,-5000.0,,,4.0,3.0,2420.0,1962.0,8842.68,singleFamily,156,478000.0,2025,https://www.zillow.com,https://photos.zillowstatic.com/fp/25c2deba169bf454724259fb4711d209-p_c.jpg,2026-07-20 10:49,For Sale
26845807,3130 Hillglenn Rd,75228,Dallas,TX,32.82828,-96.68337,298000,263.0,,287800.0,2062.0,3.0,1.0,1135.0,1955.0,7865.0,singleFamily,1,266380.0,2025,https://www.zillow.com,https://photos.zillowstatic.com/fp/a9ff53e2a8d4dff3f1024deb3d6d4a57-p_c.jpg,2026-07-20 10:49,For Sale
26740176,8210 Garland Rd,75218,Dallas,TX,32.81496,-96.721535,3495000,536.0,,3161300.0,8705.0,6.0,6.0,6519.0,2004.0,1.033,singleFamily,93,2566600.0,2025,https://www.zillow.com,https://photos.zillowstatic.com/fp/cc924622ac02e491e01f7031b7e4a773-p_c.jpg,2026-07-20 10:49,For Sale
96508401,2010 McMillan Ave,75206,Dallas,TX,32.8149,-96.774414,2385000,483.0,-14000.0,2279200.0,4644.0,4.0,5.0,4936.0,2017.0,7492.32,singleFamily,74,1666820.0,2025,https://www.zillow.com,https://photos.zillowstatic.com/fp/22906da4dcad5a31932454f1869f717a-p_c.jpg,2026-07-20 10:49,For Sale
26868187,7738 Lemmonwood Dr,75231,Dallas,TX,32.888332,-96.732735,679000,313.0,,657000.0,3859.0,3.0,3.0,2168.0,1977.0,9931.68,singleFamily,27,624240.0,2025,https://www.zillow.com,https://photos.zillowstatic.com/fp/244b32d6f9cf0394ab8c6ca55480eefa-p_c.jpg,2026-07-20 10:49,For Sale
26878494,6451 Moonhill Dr,75241,Dallas,TX,32.66149,-96.76671,154300,103.0,-13200.0,,,4.0,2.0,1499.0,1971.0,7143.84,singleFamily,124,227190.0,2025,https://www.zillow.com,https://photos.zillowstatic.com/fp/2264eb83b44a16cbc048154f863bbf48-p_c.jpg,2026-07-20 10:49,For Sale
26858141,7030 Blackwood Dr,75231,Dallas,TX,32.874187,-96.73518,1475000,358.0,-20000.0,,,4.0,4.0,4121.0,1993.0,0.261,singleFamily,52,1321450.0,2025,https://www.zillow.com,https://photos.zillowstatic.com/fp/f745b3970283195f49d6384965ffa6df-p_c.jpg,2026-07-20 10:49,For Sale
26915431,5240 Kiwanis Rd,75236,Dallas,TX,32.68488,-96.9337,360000,215.0,-5000.0,355800.0,2703.0,3.0,2.0,1671.0,1984.0,0.511,singleFamily,32,350000.0,2025,https://www.zillow.com,https://photos.zillowstatic.com/fp/2ecc236560fd9a78b622c64f28ed5fa7-p_c.jpg,2026-07-20 10:49,For Sale
26732208,5833 E Mockingbird Ln,75206,Dallas,TX,32.836857,-96.76635,465000,413.0,-20000.0,455700.0,2834.0,3.0,2.0,1127.0,1942.0,6926.04,singleFamily,121,403480.0,2025,https://www.zillow.com,https://photos.zillowstatic.com/fp/6e883bfa0275a86f3a1ed4f7ad31bbf4-p_c.jpg,2026-07-20 10:49,For Sale
26752222,6918 Chevy Chase Ave,75225,Dallas,TX,32.871483,-96.78531,1335000,446.0,,1270800.0,5886.0,3.0,3.0,2995.0,1978.0,7535.88,singleFamily,19,1025000.0,2025,https://www.zillow.com,https://photos.zillowstatic.com/fp/5d5a4451723a0cd62596c91ec301998b-p_c.jpg,2026-07-20 10:49,For Sale
336887045,1507 N Garrett Ave Suite 201,75206,Dallas,TX,32.80658,-96.7727,389900,275.0,-10000.0,386700.0,2864.0,2.0,3.0,1416.0,2020.0,0.27299999999999996,condo,80,437000.0,2025,https://www.zillow.com,https://photos.zillowstatic.com/fp/165b2fe562c8a5cdca0ac186943ca33d-p_c.jpg,2026-07-20 10:49,For Sale
26696156,818 Valencia St,75223,Dallas,TX,32.802418,-96.743065,650000,447.0,,623900.0,2292.0,2.0,2.0,1453.0,1938.0,7056.72,singleFamily,14,656790.0,2025,https://www.zillow.com,https://photos.zillowstatic.com/fp/5e8cb6a1f2e66e0b5978425bf782a558-p_c.jpg,2026-07-20 10:49,For Sale
83892723,3210 Carlisle St Unit 35,75204,Dallas,TX,32.8048,-96.80165,679900,333.0,-10000.0,661400.0,5086.0,2.0,3.0,2041.0,2007.0,2304.324,condo,34,596320.0,2025,https://www.zillow.com,https://photos.zillowstatic.com/fp/ff40279530e8f675371ed52294abe3f5-p_c.jpg,2026-07-20 10:49,For Sale
26841509,2519 Maverick Ave,75228,Dallas,TX,32.82083,-96.67245,300000,160.0,-15000.0,296900.0,2396.0,3.0,3.0,1872.0,1955.0,8450.64,singleFamily,58,313620.0,2025,https://www.zillow.com,https://photos.zillowstatic.com/fp/b46e2f1ece1e36f964a00a95f15c51a2-p_c.jpg,2026-07-20 10:49,For Sale
96505859,515 W Laureland Rd,75232,Dallas,TX,32.675144,-96.829704,515000,204.0,,504900.0,3326.0,5.0,3.0,2520.0,2021.0,0.317,singleFamily,62,457510.0,2025,https://www.zillow.com,https://photos.zillowstatic.com/fp/6b473992175faa2dcfec3b12d0950d01-p_c.jpg,2026-07-20 10:49,For Sale
336888039,1510 N Washington Ave #203,75204,Dallas,TX,32.797203,-96.78424,475000,272.0,-20000.0,468100.0,3417.0,3.0,4.0,1749.0,2021.0,1751.112,condo,19,533500.0,2025,https://www.zillow.com,https://photos.zillowstatic.com/fp/f4ac507db9ab0b3edc09b0e27a13ec82-p_c.jpg,2026-07-20 10:49,For Sale
26844283,12135 Oberlin Dr,75243,Dallas,TX,32.913326,-96.75839,399000,252.0,-26000.0,391800.0,3152.0,4.0,4.0,1583.0,1956.0,7535.88,singleFamily,52,207230.0,2025,https://www.zillow.com,https://photos.zillowstatic.com/fp/59e6f4e25782e28579bc00812387d39e-p_c.jpg,2026-07-20 10:49,For Sale
26827315,3914 Shady Hollow Ln,75233,Dallas,TX,32.694534,-96.885254,346900,159.0,,339500.0,2597.0,3.0,2.0,2182.0,1968.0,10707.048,singleFamily,0,359870.0,2025,https://www.zillow.com,https://photos.zillowstatic.com/fp/79eb20a689c5883a45150475c217873a-p_c.jpg,2026-07-20 10:49,For Sale
26752924,7344 Fieldgate Dr,75230,Dallas,TX,32.88041,-96.77676,1225000,429.0,-50000.0,1189300.0,5906.0,4.0,5.0,2857.0,1965.0,0.304,singleFamily,52,1170570.0,2025,https://www.zillow.com,https://photos.zillowstatic.com/fp/bb775e5311bdca9d07559d4185ceac83-p_c.jpg,2026-07-20 10:49,For Sale
26837932,7530 Yamini Dr,75230,Dallas,TX,32.902946,-96.777054,2299999,474.0,-39001.0,2197200.0,7606.0,4.0,5.0,4848.0,2001.0,0.374,singleFamily,114,1761000.0,2025,https://www.zillow.com,https://photos.zillowstatic.com/fp/5193709c5b9f43e8a69ca2d670849b12-p_c.jpg,2026-07-20 10:49,For Sale
26700516,6915 E Grand Ave,75223,Dallas,TX,32.80347,-96.73731,449999,239.0,,,,3.0,3.0,1885.0,1947.0,7143.84,singleFamily,22,542060.0,2025,https://www.zillow.com,https://photos.zillowstatic.com/fp/0bfe1eda0b7630a58d388088efcfacda-p_c.jpg,2026-07-20 10:49,For Sale
26699726,2415 Bethurum Ave,75215,Dallas,TX,32.744957,-96.754875,172500,173.0,-500.0,,,3.0,2.0,1000.0,1921.0,4878.72,singleFamily,130,121080.0,2025,https://www.zillow.com,https://photos.zillowstatic.com/fp/205bdb374cc877f4d35fb6a15ddd6c4d-p_c.jpg,2026-07-20 10:49,For Sale
26786143,4721 Fallon Pl,75227,Dallas,TX,32.78246,-96.71154,549900,179.0,,537000.0,3419.0,4.0,3.0,3064.0,1982.0,8407.08,singleFamily,19,422580.0,2025,https://www.zillow.com,https://photos.zillowstatic.com/fp/4effa86f56f16378ebe3ef01f045fa11-p_c.jpg,2026-07-20 10:49,For Sale
26854081,9662 Ferndale Rd,75238,Dallas,TX,32.878803,-96.7082,499000,285.0,-20000.0,490400.0,3360.0,3.0,2.0,1748.0,1959.0,9365.4,singleFamily,45,478700.0,2025,https://www.zillow.com,https://photos.zillowstatic.com/fp/0402bb1fe142bcaaced914dd096b5b40-p_c.jpg,2026-07-20 10:49,For Sale
26725171,1919 E Ledbetter Dr,75216,Dallas,TX,32.686172,-96.79123,189999,162.0,,,,3.0,1.0,1172.0,1940.0,6054.84,singleFamily,2,203920.0,2025,https://www.zillow.com,https://photos.zillowstatic.com/fp/ec2381c8ca681b9f2d9361c541ba5f93-p_c.jpg,2026-07-20 10:49,For Sale
84003823,206 River Rock Dr,75217,Dallas,TX,32.71476,-96.71218,259999,168.0,,258300.0,1842.0,3.0,3.0,1545.0,2007.0,4225.32,singleFamily,13,217880.0,2025,https://www.zillow.com,https://photos.zillowstatic.com/fp/788b209fceac37d92b4123562f166ba0-p_c.jpg,2026-07-20 10:49,For Sale
459678621,4618 Columbia Ave #2A,75226,Dallas,TX,32.792915,-96.76568,535000,253.0,,529800.0,3615.0,3.0,3.0,2115.0,2025.0,0.367,singleFamily,2,,,https://www.zillow.com,https://photos.zillowstatic.com/fp/f89d9f58165f5bf72a1aaf67341fdb86-p_c.jpg,2026-07-20 10:49,For Sale
26829840,5731 Harvest Hill Rd APT 1044,75230,Dallas,TX,32.922756,-96.80944,214500,184.0,-5400.0,207000.0,1860.0,3.0,2.0,1165.0,1970.0,9.503,condo,248,251490.0,2025,https://www.zillow.com,https://photos.zillowstatic.com/fp/2e89ec08baf93ddf085139a3dc897207-p_c.jpg,2026-07-20 10:49,For Sale
26741084,9207 Angora St,75218,Dallas,TX,32.829983,-96.706116,735000,263.0,-64000.0,711800.0,3049.0,3.0,2.0,2800.0,1948.0,0.42600000000000005,singleFamily,163,515380.0,2025,https://www.zillow.com,https://photos.zillowstatic.com/fp/1c1c2eb110f62f3d413b3dc3bf66396c-p_c.jpg,2026-07-20 10:49,For Sale
26909252,9551 Gonzales Dr,75227,Dallas,TX,32.76709,-96.65757,124000,132.0,-3000.0,,1496.0,2.0,1.0,940.0,1982.0,3310.56,singleFamily,110,151670.0,2025,https://www.zillow.com,https://photos.zillowstatic.com/fp/d1895d0b21508743ee374dd4d68db170-p_c.jpg,2026-07-20 10:49,For Sale
26705505,6729 Ravendale Ln,75214,Dallas,TX,32.842293,-96.74659,2150000,491.0,,2073400.0,4801.0,4.0,5.0,4375.0,2026.0,7840.8,singleFamily,11,702880.0,2025,https://www.zillow.com,https://photos.zillowstatic.com/fp/cdec63728925ffddecb19e8d094f70bd-p_c.jpg,2026-07-20 10:49,For Sale
26885555,4503 Vandervort Dr,75216,Dallas,TX,32.70708,-96.76031,160000,133.0,-17000.0,,1763.0,3.0,1.0,1207.0,1938.0,0.317,singleFamily,34,199360.0,2025,https://www.zillow.com,https://photos.zillowstatic.com/fp/df6e20ba63f912a90a1bc2f7f0bb321b-p_c.jpg,2026-07-20 10:49,For Sale
26819022,9620 Dale Glade Dr,75217,Dallas,TX,32.742233,-96.65604,250000,189.0,-4800.0,249000.0,1992.0,4.0,2.0,1323.0,1972.0,6621.12,singleFamily,25,205000.0,2025,https://www.zillow.com,https://photos.zillowstatic.com/fp/1af1f0578b43a704c9fa4f5c485e59c5-p_c.jpg,2026-07-20 10:49,For Sale
26586160,4215 Bretton Bay Ln,75287,Dallas,TX,32.99126,-96.837105,773000,276.0,,,,4.0,3.0,2799.0,1979.0,9583.2,singleFamily,17,731495.0,2025,https://www.zillow.com,https://photos.zillowstatic.com/fp/e5eb441870d9b7bae58f0322491808d8-p_c.jpg,2026-07-20 10:49,For Sale
96509247,1942 McBroom St,75212,Dallas,TX,32.782383,-96.85211,519000,252.0,,507400.0,3421.0,4.0,3.0,2058.0,2020.0,5662.8,singleFamily,58,519400.0,2025,https://www.zillow.com,https://photos.zillowstatic.com/fp/81543ca93c19496949187d7589bb8092-p_c.jpg,2026-07-20 10:49,For Sale
463785385,2506 S Denley Dr,75216,Dallas,TX,32.71762,-96.80563,340000,191.0,,337700.0,,4.0,2.0,1780.0,2026.0,9905.544,singleFamily,9,,,https://www.zillow.com,https://photos.zillowstatic.com/fp/079fd39608df5cfd25381e7737a73d5a-p_c.jpg,2026-07-20 10:49,For Sale
26898048,2911 Magnolia Hill Ct,75201,Dallas,TX,32.79339,-96.811455,1800000,755.0,,1659600.0,4803.0,2.0,2.0,2385.0,1996.0,1306.8,townhome,51,1464900.0,2025,https://www.zillow.com,https://photos.zillowstatic.com/fp/7d987758786688396db73022fb9363c4-p_c.jpg,2026-07-20 10:49,For Sale
162392168,13740 Vida Ln,75253,Dallas,TX,32.677017,-96.5969,949900,215.0,,920000.0,3139.0,8.0,6.0,4418.0,1989.0,2.42,singleFamily,25,685600.0,2025,https://www.zillow.com,https://photos.zillowstatic.com/fp/031704ec50cebb3ddf0009448fa26531-p_c.jpg,2026-07-20 10:49,For Sale
26773773,706 W Five Mile Pkwy,75224,Dallas,TX,32.69369,-96.8345,399900,182.0,,,3269.0,3.0,2.0,2193.0,1956.0,0.264,singleFamily,42,311250.0,2025,https://www.zillow.com,https://photos.zillowstatic.com/fp/e870679ad7bee21e516e5f9d5d4208fd-p_c.jpg,2026-07-20 10:49,For Sale
26684704,1023 Mount Auburn Ave,75223,Dallas,TX,32.797306,-96.74557,499000,346.0,-41000.0,487300.0,2449.0,4.0,2.0,1444.0,1947.0,7492.32,singleFamily,65,409870.0,2025,https://www.zillow.com,https://photos.zillowstatic.com/fp/7a5369cb7bb573fdd4e92406aba62b65-p_c.jpg,2026-07-20 10:49,For Sale
351065786,2926 Lorena Jordan Rd,75212,Dallas,TX,32.78252,-96.86816,349999,179.0,-14991.0,346800.0,3154.0,4.0,3.0,1950.0,2024.0,3179.88,singleFamily,67,,,https://www.zillow.com,https://photos.zillowstatic.com/fp/250dee368fe3a951f984b633d1acdefc-p_c.jpg,2026-07-20 10:49,For Sale
26804562,4863 Allencrest Ln,75244,Dallas,TX,32.910995,-96.82392,1450000,433.0,,1377300.0,4795.0,3.0,2.0,3349.0,1957.0,0.37,singleFamily,20,1047950.0,2025,https://www.zillow.com,https://photos.zillowstatic.com/fp/25073f0950f69bfe1772c1af07cb261d-p_c.jpg,2026-07-20 10:49,For Sale
26686496,3523 Edgewood St,75215,Dallas,TX,32.760727,-96.76876,120000,100.0,,,,4.0,3.0,1200.0,1935.0,5662.8,singleFamily,43,119860.0,2025,https://www.zillow.com,https://photos.zillowstatic.com/fp/366167a2e259473402d82a8317cd91dc-p_c.jpg,2026-07-20 10:49,For Sale
122301843,4230 Travis St APT 4,75205,Dallas,TX,32.817852,-96.79298,1125000,478.0,,1076200.0,5746.0,2.0,3.0,2355.0,2012.0,0.826,condo,6,887510.0,2025,https://www.zillow.com,https://photos.zillowstatic.com/fp/370c1aef5840e334b000aee56bb14dba-p_c.jpg,2026-07-20 10:49,For Sale
96530276,1906 Euclid Ave Unit C,75206,Dallas,TX,32.81359,-96.7732,749999,291.0,-25001.0,731000.0,5175.0,2.0,3.0,2573.0,2008.0,8276.4,condo,108,604660.0,2025,https://www.zillow.com,https://photos.zillowstatic.com/fp/d709dbd9e9bd211275fd4fb24e69c857-p_c.jpg,2026-07-20 10:49,For Sale
26687595,2818 Southland St,75215,Dallas,TX,32.756966,-96.75279,369999,183.0,-10000.0,369000.0,2995.0,4.0,3.0,2018.0,2025.0,5880.6,singleFamily,157,81410.0,2025,https://www.zillow.com,https://photos.zillowstatic.com/fp/b6b5fa0e5df140684db2de3058016b73-p_c.jpg,2026-07-20 10:49,For Sale
26637978,17927 Windflower Way,75252,Dallas,TX,32.996372,-96.80392,395000,182.0,-14900.0,388300.0,3042.0,3.0,3.0,2174.0,1990.0,4225.32,singleFamily,101,454758.0,2025,https://www.zillow.com,https://photos.zillowstatic.com/fp/4c5259b325b83ee8aa05f6f603970e5c-p_c.jpg,2026-07-20 10:49,For Sale
26810609,3247 Darvany Dr,75220,Dallas,TX,32.878372,-96.869026,629900,316.0,,613600.0,3585.0,3.0,3.0,1996.0,2021.0,10062.36,singleFamily,16,641300.0,2025,https://www.zillow.com,https://photos.zillowstatic.com/fp/352c4318e3e9efdd260a8389c094c271-p_c.jpg,2026-07-20 10:49,For Sale
26693224,4301 Vandelia St,75219,Dallas,TX,32.814518,-96.81436,1125000,319.0,,1073100.0,3531.0,6.0,4.0,3524.0,1924.0,7492.32,singleFamily,5,746000.0,2025,https://www.zillow.com,https://photos.zillowstatic.com/fp/7f000a5ec359238f40a9786dcc1408c8-p_c.jpg,2026-07-20 10:49,For Sale
67961765,1429 Caddo St APT B,75204,Dallas,TX,32.796803,-96.783554,385000,195.0,-2000.0,377300.0,2619.0,2.0,2.0,1974.0,2004.0,1524.6,townhome,45,396250.0,2025,https://www.zillow.com,https://photos.zillowstatic.com/fp/eea6cc2407c445ef046e8c4e3efb8059-p_c.jpg,2026-07-20 10:49,For Sale
26847328,1537 Mapleton Dr,75228,Dallas,TX,32.81902,-96.688805,599000,292.0,,581900.0,2588.0,3.0,3.0,2054.0,1961.0,8668.44,singleFamily,31,578010.0,2025,https://www.zillow.com,https://photos.zillowstatic.com/fp/32e287728bc7dfb727932e9e35e3285c-p_c.jpg,2026-07-20 10:49,For Sale
26882185,12574 Burninglog Ln,75243,Dallas,TX,32.91795,-96.73645,275000,127.0,,266700.0,2515.0,3.0,3.0,2171.0,1973.0,3005.64,townhome,54,329040.0,2025,https://www.zillow.com,https://photos.zillowstatic.com/fp/fef43289612a50d7dcb3c596921738a0-p_c.jpg,2026-07-20 10:49,For Sale
26689746,5914 Velasco Ave,75206,Dallas,TX,32.82066,-96.765144,1395000,364.0,-55000.0,,,4.0,4.0,3830.0,2005.0,8189.28,singleFamily,31,1331580.0,2025,https://www.zillow.com,https://photos.zillowstatic.com/fp/59ef18805c4bf261a937a00c44960bf7-p_c.jpg,2026-07-20 10:49,For Sale
303984449,1423 Barrel Dr,75253,Dallas,TX,32.672993,-96.58524,274990,162.0,,272800.0,1966.0,3.0,2.0,1700.0,2019.0,5314.32,singleFamily,37,263140.0,2025,https://www.zillow.com,https://photos.zillowstatic.com/fp/032e117332bb8c765df52317cf3db0b2-p_c.jpg,2026-07-20 10:49,For Sale
26725956,8810 Grenore Dr,75218,Dallas,TX,32.827038,-96.71343,1200000,460.0,-50000.0,1147900.0,3889.0,3.0,3.0,2610.0,1958.0,0.2949,singleFamily,45,890620.0,2025,https://www.zillow.com,https://photos.zillowstatic.com/fp/ebfc44bad6065d8d5fca0b89dd5d7697-p_c.jpg,2026-07-20 10:49,For Sale
248830905,5152 Brickellia Dr,75209,Dallas,TX,32.826817,-96.81777,640000,356.0,,,,3.0,4.0,1799.0,2019.0,1611.72,singleFamily,39,645000.0,2025,https://www.zillow.com,https://photos.zillowstatic.com/fp/66ef9bce7bcf215845ec20b7f826e9c0-p_c.jpg,2026-07-20 10:49,For Sale
26700522,6823 E Grand Ave,75223,Dallas,TX,32.802856,-96.737946,769000,400.0,-30000.0,747800.0,2970.0,3.0,3.0,1924.0,1948.0,7143.84,singleFamily,17,528610.0,2025,https://www.zillow.com,https://photos.zillowstatic.com/fp/411f19e2d1c535c607fbccfd9b52ca11-p_c.jpg,2026-07-20 10:49,For Sale
26844697,2510 Bluffton Dr,75228,Dallas,TX,32.842564,-96.6685,265000,162.0,,258000.0,2176.0,4.0,2.0,1640.0,1955.0,7100.28,singleFamily,24,259380.0,2025,https://www.zillow.com,https://photos.zillowstatic.com/fp/8b4c0cf57b3805de64c5347788cf4ca6-p_c.jpg,2026-07-20 10:49,For Sale
55825927,802 Haines Ave,75208,Dallas,TX,32.752388,-96.82884,1089000,303.0,-11000.0,1061800.0,4082.0,4.0,3.0,3596.0,1918.0,7274.52,singleFamily,50,754360.0,2025,https://www.zillow.com,https://photos.zillowstatic.com/fp/9f2fb0e81cb3a51669767ffe519b58ec-p_c.jpg,2026-07-20 10:49,For Sale
249775158,17632 Pinyon Ln,75252,Dallas,TX,32.99108,-96.76442,709000,327.0,-9000.0,691800.0,3538.0,4.0,3.0,2166.0,2018.0,6011.28,singleFamily,17,638768.0,2025,https://www.zillow.com,https://photos.zillowstatic.com/fp/2b8d2bf7583867a8818ac0e8fa91381f-p_c.jpg,2026-07-20 10:49,For Sale
26714614,1310 Galloway Ave,75216,Dallas,TX,32.736103,-96.804985,135000,138.0,,131300.0,1480.0,2.0,1.0,980.0,1924.0,7100.28,singleFamily,8,189710.0,2025,https://www.zillow.com,https://photos.zillowstatic.com/fp/7daa1ab6838c04294f57425c2cd8a92b-p_c.jpg,2026-07-20 10:49,For Sale
249767895,18307 Frankford Lakes Cir,75252,Dallas,TX,33.000546,-96.799805,699900,213.0,,679500.0,4744.0,4.0,3.0,3279.0,2016.0,3005.64,singleFamily,16,631804.0,2025,https://www.zillow.com,https://photos.zillowstatic.com/fp/8caab691d825ca23e63a06aee849a4f4-p_c.jpg,2026-07-20 10:49,For Sale
333140529,2014 White Grove Dr,75228,Dallas,TX,32.804256,-96.716354,549000,246.0,-10000.0,542800.0,3347.0,4.0,3.0,2235.0,2021.0,1829.52,singleFamily,86,656960.0,2025,https://www.zillow.com,https://photos.zillowstatic.com/fp/2a2966da38e971244f2ada74e664016c-p_c.jpg,2026-07-20 10:49,For Sale
26787893,3610 Durango Dr,75220,Dallas,TX,32.86711,-96.858284,810000,270.0,,796900.0,5240.0,4.0,4.0,3000.0,2026.0,10105.92,singleFamily,37,526820.0,2025,https://www.zillow.com,https://photos.zillowstatic.com/fp/1447424716f5a98590edc3d8f38f8d5e-p_c.jpg,2026-07-20 10:49,For Sale
26871072,7040 Oakbluff Dr,75254,Dallas,TX,32.942677,-96.78359,1199999,268.0,-100001.0,1146900.0,5925.0,6.0,5.0,4482.0,1966.0,0.403,singleFamily,149,1097520.0,2025,https://www.zillow.com,https://photos.zillowstatic.com/fp/a5dbfc089a68025dd8d6aae6ea0462fe-p_c.jpg,2026-07-20 10:49,For Sale
26735909,8730 Rexford Dr,75209,Dallas,TX,32.857147,-96.84684,1750000,380.0,-125000.0,1712500.0,7814.0,5.0,6.0,4604.0,2025.0,6969.6,singleFamily,48,1182050.0,2025,https://www.zillow.com,https://photos.zillowstatic.com/fp/4f435a5240bd1f4cbd95420934668c5d-p_c.jpg,2026-07-20 10:49,For Sale
26891098,7233 Bayberry Ln,75249,Dallas,TX,32.644577,-96.94688,379900,157.0,,,,4.0,3.0,2420.0,1978.0,7666.56,singleFamily,10,339650.0,2025,https://www.zillow.com,https://photos.zillowstatic.com/fp/3b13d3e9775491dfa659be6af0921821-p_c.jpg,2026-07-20 10:49,For Sale
26792774,3867 Beutel Ct,75229,Dallas,TX,32.882236,-96.8512,1195000,240.0,-95000.0,1139300.0,7426.0,6.0,6.0,4989.0,2010.0,0.386,singleFamily,24,1737820.0,2025,https://www.zillow.com,https://photos.zillowstatic.com/fp/fa6824723308ea50247f844733fa7c1b-p_c.jpg,2026-07-20 10:49,For Sale
463098527,2105 S Denley Dr,75216,Dallas,TX,32.722374,-96.8058,10001,,-19999.0,,,,,,,3223.44,land,39,,,https://www.zillow.com,https://photos.zillowstatic.com/fp/e4b19651b3ec0d478d81b180c741338a-p_c.jpg,2026-07-20 10:49,For Sale
26847939,2203 Healey Dr,75228,Dallas,TX,32.82515,-96.678825,465000,271.0,,451800.0,2390.0,4.0,2.0,1718.0,1957.0,0.39599999999999996,singleFamily,17,490230.0,2025,https://www.zillow.com,https://photos.zillowstatic.com/fp/c85938eb2180ea2f89bb9f0fefd60cf5-p_c.jpg,2026-07-20 10:49,For Sale
26640306,17704 Cedar Creek Canyon Dr,75252,Dallas,TX,32.992584,-96.81119,1969000,356.0,-30000.0,,,5.0,6.0,5530.0,1988.0,0.413,singleFamily,88,1764319.0,2025,https://www.zillow.com,https://photos.zillowstatic.com/fp/77c8d34ab959d60c8da0740a5904740c-p_c.jpg,2026-07-20 10:49,For Sale
26804636,4326 Mendenhall Dr,75244,Dallas,TX,32.909885,-96.83502,1290000,358.0,,1235500.0,6390.0,4.0,4.0,3607.0,1964.0,0.377,singleFamily,18,1066680.0,2025,https://www.zillow.com,https://photos.zillowstatic.com/fp/f6a45cd849ec2fc76ada26b497165893-p_c.jpg,2026-07-20 10:49,For Sale
26815370,745 Clearwood Dr,75232,Dallas,TX,32.661022,-96.83368,269999,133.0,-10000.0,269400.0,2611.0,6.0,2.0,2028.0,1956.0,7623.0,singleFamily,135,248940.0,2025,https://www.zillow.com,https://photos.zillowstatic.com/fp/1a25d427fd537ead48e8d7929982a541-p_c.jpg,2026-07-20 10:49,For Sale
26884874,11335 Drummond Cir,75228,Dallas,TX,32.847256,-96.65464,395000,183.0,,383100.0,2558.0,3.0,2.0,2154.0,1964.0,0.353,singleFamily,46,354500.0,2025,https://www.zillow.com,https://photos.zillowstatic.com/fp/04ae0fb4606eb357e0c52a754ca5eba9-p_c.jpg,2026-07-20 10:49,For Sale
26650354,4928 Holly Tree Dr,75287,Dallas,TX,32.998314,-96.82091,1325000,313.0,125001.0,1271000.0,4989.0,4.0,4.0,4232.0,1998.0,10454.4,singleFamily,31,1130720.0,2025,https://www.zillow.com,https://photos.zillowstatic.com/fp/79292fc1857ff6466995df2788d00733-p_c.jpg,2026-07-20 10:49,For Sale
26840055,9020 Westbriar Dr,75228,Dallas,TX,32.815426,-96.696594,515000,305.0,-10000.0,,,3.0,2.0,1688.0,1960.0,7797.24,singleFamily,75,490420.0,2025,https://www.zillow.com,https://photos.zillowstatic.com/fp/9067f3a1f738e6d4d7bed1f2642bd10d-p_c.jpg,2026-07-20 10:49,For Sale
53077401,5804 Preston Fairways Dr,75252,Dallas,TX,32.987667,-96.80901,1049900,328.0,-50100.0,1009300.0,5031.0,4.0,3.0,3202.0,1991.0,6969.6,singleFamily,79,801265.0,2025,https://www.zillow.com,https://photos.zillowstatic.com/fp/668709ea62e49065c56360eecd9c98d6-p_c.jpg,2026-07-20 10:49,For Sale
26703646,6031 Winton St,75206,Dallas,TX,32.835915,-96.76285,675000,473.0,,655600.0,3173.0,3.0,1.0,1428.0,1941.0,6664.68,singleFamily,23,633000.0,2025,https://www.zillow.com,https://photos.zillowstatic.com/fp/132795e2550abde65753cafc43915370-p_c.jpg,2026-07-20 10:49,For Sale
26749213,6241 Rincon Way,75214,Dallas,TX,32.85477,-96.75469,715000,222.0,-10000.0,687200.0,2336.0,4.0,4.0,3216.0,1970.0,0.27899999999999997,multiFamily,69,385310.0,2025,https://www.zillow.com,https://photos.zillowstatic.com/fp/e7025776a486f106853288d252efe5ed-p_c.jpg,2026-07-20 10:49,For Sale
26876362,16817 Rustic Meadows Dr,75248,Dallas,TX,32.9807,-96.80396,599000,274.0,,581300.0,4432.0,3.0,3.0,2190.0,1977.0,7448.76,singleFamily,73,592530.0,2025,https://www.zillow.com,https://photos.zillowstatic.com/fp/17f7fcce6020c0cc5a64d7d0d7bdb008-p_c.jpg,2026-07-20 10:49,For Sale
80239514,5122 Vickery Blvd,75206,Dallas,TX,32.822052,-96.7836,995000,384.0,,954400.0,4512.0,3.0,3.0,2592.0,2005.0,4268.88,singleFamily,31,793930.0,2025,https://www.zillow.com,https://photos.zillowstatic.com/fp/6eed26089975758ef545dc274c1f8f29-p_c.jpg,2026-07-20 10:49,For Sale
26827133,3811 Laurel Canyon Dr,75233,Dallas,TX,32.69232,-96.882416,300000,159.0,,294200.0,2515.0,3.0,2.0,1891.0,1967.0,0.26599999999999996,singleFamily,10,322680.0,2025,https://www.zillow.com,https://photos.zillowstatic.com/fp/11ea3fbd9652eb914d00af32677efcf5-p_c.jpg,2026-07-20 10:49,For Sale
26750181,6616 Pimlico Dr,75214,Dallas,TX,32.850113,-96.744774,675000,421.0,,647300.0,3336.0,3.0,2.0,1605.0,1953.0,7318.08,singleFamily,24,562000.0,2025,https://www.zillow.com,https://photos.zillowstatic.com/fp/ba4dd9a68faab5fb11f467f8e18acdb7-p_c.jpg,2026-07-20 10:49,For Sale
26854376,10039 Shadyview Dr,75238,Dallas,TX,32.872803,-96.71113,595000,300.0,-30000.0,579900.0,3758.0,4.0,3.0,1982.0,1959.0,7448.76,singleFamily,2,704070.0,2025,https://www.zillow.com,https://photos.zillowstatic.com/fp/34e05b2413f2c506f0dae9e29f92029a-p_c.jpg,2026-07-20 10:49,For Sale
26708393,223 S Cliff St,75203,Dallas,TX,32.74634,-96.80742,160000,72.0,,,3736.0,6.0,2.0,2208.0,1925.0,8494.2,singleFamily,942,195180.0,2025,https://www.zillow.com,https://www.zillowstatic.com/static/images/nophoto_p_c.png,2026-07-20 10:49,For Sale
303984746,620 Aspen Valley Ln,75208,Dallas,TX,32.750614,-96.85268,537000,247.0,,525500.0,3620.0,3.0,3.0,2174.0,2020.0,2570.04,singleFamily,31,585730.0,2025,https://www.zillow.com,https://photos.zillowstatic.com/fp/0b5a779f554b33a3c73736bc83cf4963-p_c.jpg,2026-07-20 10:49,For Sale
26792481,4006 Walnut Hill Ln,75229,Dallas,TX,32.880005,-96.846016,949900,538.0,-25100.0,,,3.0,2.0,1767.0,1953.0,0.512,singleFamily,37,745000.0,2025,https://www.zillow.com,https://photos.zillowstatic.com/fp/60a47e6abd3431a45abba06892bfd041-p_c.jpg,2026-07-20 10:49,For Sale
26609878,5831 London Ln,75252,Dallas,TX,32.999863,-96.80588,995000,255.0,,947600.0,7261.0,4.0,4.0,3897.0,1984.0,0.32999999999999996,singleFamily,37,1021723.0,2025,https://www.zillow.com,https://photos.zillowstatic.com/fp/816651b6767f319d5a1ede591f58f3e8-p_c.jpg,2026-07-20 10:49,For Sale
53105746,18240 Midway Rd APT 1602,75287,Dallas,TX,32.99956,-96.84251,275000,173.0,-8500.0,272500.0,2659.0,3.0,3.0,1593.0,1996.0,1995.048,condo,65,289388.0,2025,https://www.zillow.com,https://photos.zillowstatic.com/fp/74e4b712ce74f6a6a7add92b389cb3a5-p_c.jpg,2026-07-20 10:49,For Sale
26687337,2212 Marburg St,75215,Dallas,TX,32.75108,-96.76183,465000,182.0,-15000.0,462700.0,2988.0,4.0,3.0,2550.0,2026.0,7884.36,singleFamily,36,79000.0,2025,https://www.zillow.com,https://photos.zillowstatic.com/fp/696abe1249451d0b7c9f4946028deff6-p_c.jpg,2026-07-20 10:49,For Sale
2075376776,1505 Holly Ave,75204,Dallas,TX,32.801632,-96.77805,749900,267.0,,737200.0,4887.0,3.0,4.0,2809.0,2026.0,2121.372,townhome,18,,,https://www.zillow.com,https://photos.zillowstatic.com/fp/ea1d55478a76dca83e9a0b3d5cfbd9f1-p_c.jpg,2026-07-20 10:49,For Sale
26898178,4947 Reiger Ave,75214,Dallas,TX,32.79775,-96.763565,949000,306.0,-46000.0,924500.0,4764.0,4.0,4.0,3100.0,2001.0,9448.164,singleFamily,23,961120.0,2025,https://www.zillow.com,https://photos.zillowstatic.com/fp/59428ba64c08fdaa44c803a254e6f8bf-p_c.jpg,2026-07-20 10:49,For Sale
26805240,4034 Alta Vista Ln,75229,Dallas,TX,32.903854,-96.84209,1999999,492.0,-125001.0,,,5.0,6.0,4065.0,1959.0,0.368,singleFamily,122,1119820.0,2025,https://www.zillow.com,https://photos.zillowstatic.com/fp/e31094301a159718fa64b4abaf35bcdb-p_c.jpg,2026-07-20 10:49,For Sale
26828913,5723 Meletio Ln,75230,Dallas,TX,32.916756,-96.8106,3799000,664.0,,3627000.0,19913.0,5.0,7.0,5725.0,2026.0,0.37,singleFamily,15,1957530.0,2025,https://www.zillow.com,https://photos.zillowstatic.com/fp/3fea3e014e0ce150c7d9ee4720752620-p_c.jpg,2026-07-20 10:49,For Sale
26807447,3534 Ingleside Dr,75229,Dallas,TX,32.889,-96.86073,1749000,383.0,-26000.0,1690300.0,7350.0,5.0,4.0,4571.0,2022.0,0.286,singleFamily,51,1621610.0,2025,https://www.zillow.com,https://photos.zillowstatic.com/fp/af26a0e72b8f2e107f7d1e0fa0db52c2-p_c.jpg,2026-07-20 10:49,For Sale
26737249,4636 Stanford Ave,75209,Dallas,TX,32.852966,-96.83018,1880000,413.0,-65000.0,1818900.0,5517.0,4.0,6.0,4557.0,2014.0,7448.76,singleFamily,101,2036030.0,2025,https://www.zillow.com,https://photos.zillowstatic.com/fp/f18d0078d04ad51581c9e85f67c9ff91-p_c.jpg,2026-07-20 10:49,For Sale
26866582,9565 Dartridge Dr,75238,Dallas,TX,32.883217,-96.72253,950000,387.0,-25000.0,919800.0,3250.0,4.0,3.0,2453.0,1967.0,9757.44,singleFamily,59,653020.0,2025,https://www.zillow.com,https://photos.zillowstatic.com/fp/d6e75b20e8003f86358d8b2210f1320c-p_c.jpg,2026-07-20 10:49,For Sale
248830443,4713 Bryan St APT 504,75204,Dallas,TX,32.803215,-96.77477,425000,274.0,,,,2.0,3.0,1550.0,2017.0,7710.12,condo,3,466210.0,2025,https://www.zillow.com,https://photos.zillowstatic.com/fp/0b434cc35823590007448b6dbc223653-p_c.jpg,2026-07-20 10:49,For Sale
26771649,504 Monssen Dr,75224,Dallas,TX,32.73159,-96.83142,539000,314.0,,531600.0,2816.0,3.0,2.0,1716.0,1951.0,10759.32,singleFamily,6,535110.0,2025,https://www.zillow.com,https://photos.zillowstatic.com/fp/666064a4cb742966d25f2b6c5716c5e7-p_c.jpg,2026-07-20 10:49,For Sale
96527956,1951 Leath St,75212,Dallas,TX,32.78974,-96.85239,685000,242.0,,673100.0,2168.0,4.0,5.0,2835.0,2026.0,4922.28,singleFamily,10,122700.0,2025,https://www.zillow.com,https://photos.zillowstatic.com/fp/98d5e19214a822fc358831691d7c51f5-p_c.jpg,2026-07-20 10:49,For Sale
26905526,10110 Betty Jane Ln,75229,Dallas,TX,32.883526,-96.85333,1990000,424.0,,,,4.0,5.0,4695.0,1997.0,0.757,singleFamily,27,1325290.0,2025,https://www.zillow.com,https://photos.zillowstatic.com/fp/9f0f0f5199b4c48a210ca0ec5464cdd1-p_c.jpg,2026-07-20 10:49,For Sale
26804535,12108 Fieldwood Ln,75244,Dallas,TX,32.913193,-96.82432,2799999,508.0,-100000.0,2676500.0,7999.0,6.0,7.0,5516.0,2019.0,0.3663,singleFamily,87,2715660.0,2025,https://www.zillow.com,https://photos.zillowstatic.com/fp/c620c6336af2fbd1bf18362e1c49e09a-p_c.jpg,2026-07-20 10:49,For Sale
26826335,1205 Golden Trophy Dr,75232,Dallas,TX,32.66571,-96.8412,275000,182.0,-5000.0,,2059.0,3.0,2.0,1514.0,1965.0,9408.96,singleFamily,93,265730.0,2025,https://www.zillow.com,https://photos.zillowstatic.com/fp/fc0e2ac41d55da065da3e99fd4ac7ad1-p_c.jpg,2026-07-20 10:49,For Sale
2064281836,11008 Quail Run St,75238,Dallas,TX,32.87046,-96.69358,589000,385.0,,569700.0,2554.0,3.0,2.0,1530.0,1956.0,0.281,singleFamily,19,,,https://www.zillow.com,https://photos.zillowstatic.com/fp/a8b9994e1e6791769de73ec3c147c8b3-p_c.jpg,2026-07-20 10:49,For Sale
26926316,2220 Canton St APT 401,75201,Dallas,TX,32.780212,-96.7885,1200000,440.0,585000.0,,,2.0,3.0,2729.0,1925.0,0.9590000000000001,condo,72,740080.0,2025,https://www.zillow.com,https://photos.zillowstatic.com/fp/df003a86993349b38489be109af98487-p_c.jpg,2026-07-20 10:49,For Sale
84002683,3915 Congress Ave APT 200,75219,Dallas,TX,32.80821,-96.81255,499500,330.0,,488000.0,3423.0,3.0,3.0,1514.0,2006.0,1742.4,townhome,9,529900.0,2025,https://www.zillow.com,https://photos.zillowstatic.com/fp/22ee1aeef3d44159ef872de753d44577-p_c.jpg,2026-07-20 10:49,For Sale
26759307,4424 Manning Ln,75220,Dallas,TX,32.867283,-96.83303,3850000,590.0,-100000.0,,,4.0,5.0,6530.0,2007.0,0.414,singleFamily,52,3394880.0,2025,https://www.zillow.com,https://photos.zillowstatic.com/fp/cabba996f4c50ff6d4c637a776fc90be-p_c.jpg,2026-07-20 10:49,For Sale
26763599,6709 Lovett Ave,75227,Dallas,TX,32.776863,-96.703766,249900,210.0,,242700.0,1704.0,5.0,2.0,1189.0,1948.0,0.28200000000000003,singleFamily,1,234690.0,2025,https://www.zillow.com,https://photos.zillowstatic.com/fp/210ea9b6b6bfd10f553c6ee65674b842-p_c.jpg,2026-07-20 10:49,For Sale
26888431,12206 Wightman Pl,75243,Dallas,TX,32.91335,-96.73114,311000,187.0,-18500.0,307700.0,2314.0,3.0,3.0,1666.0,1977.0,2744.28,singleFamily,124,352390.0,2025,https://www.zillow.com,https://photos.zillowstatic.com/fp/9d6796f6b180498982242644b76251d6-p_c.jpg,2026-07-20 10:49,For Sale
53389154,4808 Terry St,75223,Dallas,TX,32.791508,-96.76141,449900,207.0,-15100.0,438200.0,2441.0,4.0,3.0,2174.0,1910.0,7248.384,singleFamily,39,355430.0,2025,https://www.zillow.com,https://photos.zillowstatic.com/fp/dc920f0d959004fbdcac3e60d905b9d7-p_c.jpg,2026-07-20 10:49,For Sale
26890629,6611 Fernshaw Dr,75248,Dallas,TX,32.98581,-96.792534,599000,264.0,,579900.0,3431.0,4.0,2.0,2268.0,1977.0,9104.04,singleFamily,38,580900.0,2025,https://www.zillow.com,https://photos.zillowstatic.com/fp/b2b99109b529d74b06cae4dac07d60b2-p_c.jpg,2026-07-20 10:49,For Sale
26743656,11743 Neering Dr,75218,Dallas,TX,32.854717,-96.68973,490000,358.0,-5000.0,482600.0,2497.0,3.0,2.0,1370.0,1955.0,7623.0,singleFamily,109,445480.0,2025,https://www.zillow.com,https://photos.zillowstatic.com/fp/700e4b45ae93829eb8931f10116f7f26-p_c.jpg,2026-07-20 10:49,For Sale
26830750,2351 Saint Francis Ave,75228,Dallas,TX,32.806892,-96.70349,489000,255.0,-10000.0,476900.0,2379.0,3.0,2.0,1918.0,1961.0,9016.92,singleFamily,23,457170.0,2025,https://www.zillow.com,https://photos.zillowstatic.com/fp/666d261373de5e8caca9b5bd4c80f982-p_c.jpg,2026-07-20 10:49,For Sale
26701887,6878 Burwood Ln,75214,Dallas,TX,32.81725,-96.74054,1044000,366.0,-34000.0,,,3.0,3.0,2852.0,1957.0,9056.124,singleFamily,47,975390.0,2025,https://www.zillow.com,https://photos.zillowstatic.com/fp/c9c204c79e00590250a7fd7ac02d4e28-p_c.jpg,2026-07-20 10:49,For Sale
26588578,4323 Quail Hollow Rd,75287,Dallas,TX,33.000412,-96.83471,799999,236.0,-25001.0,780300.0,5105.0,4.0,4.0,3388.0,1981.0,8712.0,singleFamily,66,790552.0,2025,https://www.zillow.com,https://photos.zillowstatic.com/fp/f3fb93a15bde3786abc8dc62212bf2a3-p_c.jpg,2026-07-20 10:49,For Sale
