zpid,address,zipcode,city,state,latitude,longitude,price,price_per_sqft,price_change,zestimate,rent_zestimate,bedrooms,bathrooms,sqft,year_built,lot_size_acres,property_type,days_on_market,tax_assessed,tax_year,listing_url,photo_url,fetched_at,listing_type
26685947,5911 Reiger Ave,75214,Dallas,TX,32.80565,-96.753265,950000,351.0,,908400.0,5972.0,4.0,4.0,2708.0,1918.0,7492.32,singleFamily,4,713490.0,2025,https://www.zillow.com,https://photos.zillowstatic.com/fp/a2ac229ca141e6b0488011f34b416a16-p_c.jpg,2026-07-13 10:57,For Sale
26808610,3304 Townsend Dr,75229,Dallas,TX,32.89853,-96.868126,1895000,374.0,,2040200.0,4169.0,4.0,6.0,5072.0,2026.0,10018.8,singleFamily,6,541670.0,2025,https://www.zillow.com,https://photos.zillowstatic.com/fp/66b1189d4fd75121da4f78b9d2c2238e-p_c.jpg,2026-07-13 10:57,For Sale
26739956,8718 San Benito Way,75218,Dallas,TX,32.8194,-96.70518,1699000,425.0,,,,5.0,5.0,4000.0,2026.0,8058.6,singleFamily,3,505860.0,2025,https://www.zillow.com,https://photos.zillowstatic.com/fp/155e587c9bb3e39e3f39287da04673cd-p_c.jpg,2026-07-13 10:57,For Sale
26850193,9809 Lanshire Dr,75238,Dallas,TX,32.86985,-96.717384,629000,442.0,,612200.0,3001.0,3.0,2.0,1423.0,1955.0,8232.84,singleFamily,2,541640.0,2025,https://www.zillow.com,https://photos.zillowstatic.com/fp/3be7275e4d1012d22da83fc68a8fa3ed-p_c.jpg,2026-07-13 10:57,For Sale
26868720,9406 Hilldale Dr,75231,Dallas,TX,32.889877,-96.74129,999900,366.0,,,6495.0,4.0,4.0,2730.0,1979.0,0.29350000000000004,singleFamily,4,800420.0,2025,https://www.zillow.com,https://photos.zillowstatic.com/fp/4dc973ac4f9cac5e2a24819ea4b14c12-p_c.jpg,2026-07-13 10:57,For Sale
26830912,8454 Swift Ave,75228,Dallas,TX,32.80469,-96.70193,598000,247.0,-9000.0,,,4.0,3.0,2420.0,1962.0,8842.68,singleFamily,149,478000.0,2025,https://www.zillow.com,https://photos.zillowstatic.com/fp/25c2deba169bf454724259fb4711d209-p_c.jpg,2026-07-13 10:57,For Sale
26851754,13321 Purple Sage Rd,75240,Dallas,TX,32.929237,-96.7778,1200000,457.0,,1136900.0,6277.0,3.0,3.0,2624.0,1966.0,0.355,singleFamily,57,968160.0,2025,https://www.zillow.com,https://photos.zillowstatic.com/fp/f5c3d3e19fb72eee6f71cdbe16794856-p_c.jpg,2026-07-13 10:57,For Sale
26785945,7117 Hunnicut Rd,75227,Dallas,TX,32.78558,-96.71361,250000,127.0,,246500.0,2700.0,3.0,2.0,1964.0,1971.0,8398.368,singleFamily,5,313430.0,2025,https://www.zillow.com,https://photos.zillowstatic.com/fp/1b1cf0e3ef2230c54cf31183a0c6281f-p_c.jpg,2026-07-13 10:57,For Sale
69677073,1122 Jackson St APT 402,75202,Dallas,TX,32.778316,-96.80129,310000,220.0,,317300.0,2559.0,1.0,1.0,1411.0,1925.0,0.984,condo,3,331590.0,2025,https://www.zillow.com,https://photos.zillowstatic.com/fp/ce919da1f067aaf0aeb6d50b3d619ee9-p_c.jpg,2026-07-13 10:57,For Sale
338034512,3432 Rosebud Park Ln,75229,Dallas,TX,32.885006,-96.86503,749000,331.0,,724200.0,2984.0,3.0,3.0,2262.0,2021.0,4051.08,singleFamily,3,592230.0,2025,https://www.zillow.com,https://photos.zillowstatic.com/fp/754c6d9ba5201868e0c4acc8feead309-p_c.jpg,2026-07-13 10:57,For Sale
457426493,3639 Pueblo St,75212,Dallas,TX,32.78095,-96.88061,449000,254.0,,442200.0,2981.0,3.0,4.0,1765.0,2025.0,7361.64,singleFamily,2,,,https://www.zillow.com,https://photos.zillowstatic.com/fp/70387f31fd3b51cd171270563321b1ef-p_c.jpg,2026-07-13 10:57,For Sale
26780263,4106 Boulder Dr,75233,Dallas,TX,32.693462,-96.87376,615000,170.0,,594100.0,4262.0,5.0,4.0,3612.0,1963.0,0.47900000000000004,singleFamily,3,600000.0,2025,https://www.zillow.com,https://photos.zillowstatic.com/fp/4ff8445a0d22ab5dbd67ff6c05ad8b41-p_c.jpg,2026-07-13 10:57,For Sale
26748447,6017 Milton St #137,75206,Dallas,TX,32.849773,-96.76334,299000,252.0,,211900.0,2388.0,3.0,3.0,1186.0,1970.0,3.655,condo,2,243130.0,2025,https://www.zillow.com,https://photos.zillowstatic.com/fp/2df7148d427ab67c855b5596ff2d7828-p_c.jpg,2026-07-13 10:57,For Sale
2121669386,2535 Wedglea Dr APT 224,75211,Dallas,TX,32.75738,-96.8611,187500,178.0,,183300.0,1817.0,2.0,2.0,1056.0,1983.0,1.992,condo,3,245000.0,2025,https://www.zillow.com,https://photos.zillowstatic.com/fp/ad6e9482da292317a4f816baa38d7bdc-p_c.jpg,2026-07-13 10:57,For Sale
26703348,6230 Revere Pl,75214,Dallas,TX,32.83076,-96.75875,1375000,450.0,,1293300.0,7628.0,4.0,4.0,3055.0,1940.0,6708.24,singleFamily,2,835540.0,2025,https://www.zillow.com,https://photos.zillowstatic.com/fp/cac360897c1e103dcaf1305b147c5fd4-p_c.jpg,2026-07-13 10:57,For Sale
26780931,6652 Talbot Pkwy,75232,Dallas,TX,32.66704,-96.85383,500000,171.0,,,,3.0,3.0,2931.0,1969.0,0.311,singleFamily,2,325190.0,2025,https://www.zillow.com,https://photos.zillowstatic.com/fp/650d6a72e9f6c66575fb53ddbc690ecb-p_c.jpg,2026-07-13 10:57,For Sale
26731598,7210 Robin Rd,75209,Dallas,TX,32.845406,-96.822235,1700000,411.0,,1636100.0,7649.0,5.0,6.0,4140.0,2023.0,7710.12,singleFamily,3,1570210.0,2025,https://www.zillow.com,https://photos.zillowstatic.com/fp/f0310a2fb22a3efd677d8d282f724ed6-p_c.jpg,2026-07-13 10:57,For Sale
26694208,6277 Prospect Ave,75214,Dallas,TX,32.81534,-96.75568,1400000,468.0,,,,4.0,3.0,2990.0,1933.0,0.293,singleFamily,3,1256790.0,2025,https://www.zillow.com,https://photos.zillowstatic.com/fp/372b92173b5ac6498f67fce85d2c0388-p_c.jpg,2026-07-13 10:57,For Sale
26696299,2230 Garden Dr,75215,Dallas,TX,32.74878,-96.758896,379000,181.0,-10000.0,375000.0,2551.0,3.0,2.0,2092.0,2024.0,5052.96,singleFamily,24,395930.0,2025,https://www.zillow.com,https://photos.zillowstatic.com/fp/a5cba953c774fd3370a2dc62b2a9262e-p_c.jpg,2026-07-13 10:57,For Sale
245228881,5914 Lindell Ave #200,75206,Dallas,TX,32.808662,-96.766045,459000,284.0,,,,2.0,3.0,1619.0,2015.0,7187.4,condo,2,480640.0,2025,https://www.zillow.com,https://photos.zillowstatic.com/fp/877e10efab0f0f97e02f9ce531ac15c9-p_c.jpg,2026-07-13 10:57,For Sale
26697337,5419 Stoneleigh Ave,75235,Dallas,TX,32.82149,-96.8303,100000,77.0,-150000.0,,2397.0,2.0,1.0,1292.0,1937.0,6795.36,singleFamily,29,433770.0,2025,https://www.zillow.com,https://photos.zillowstatic.com/fp/7dc95ea23b42653a7ad02898e450dae7-p_c.jpg,2026-07-13 10:57,For Sale
26830811,2341 Pinebluff Dr,75228,Dallas,TX,32.805843,-96.70647,499900,261.0,-19100.0,488600.0,2429.0,3.0,3.0,1919.0,1962.0,9147.6,singleFamily,24,486790.0,2025,https://www.zillow.com,https://photos.zillowstatic.com/fp/ca76d6d85d3a38837333474362f84ca3-p_c.jpg,2026-07-13 10:57,For Sale
26914660,6204 High Brush Cir,75249,Dallas,TX,32.648445,-96.97089,285000,78.0,-14000.0,280700.0,3676.0,5.0,4.0,3639.0,1989.0,5619.24,singleFamily,60,459860.0,2025,https://www.zillow.com,https://photos.zillowstatic.com/fp/73a31e3329f7c657cb8bc44faa60406b-p_c.jpg,2026-07-13 10:57,For Sale
26679972,3525 Turtle Creek Blvd APT 11D,75219,Dallas,TX,32.811165,-96.80309,625000,300.0,,,,2.0,2.0,2085.0,1957.0,2.824,condo,0,552530.0,2025,https://www.zillow.com,https://photos.zillowstatic.com/fp/b780ef8937cebe785f902e9e6ee97b72-p_c.jpg,2026-07-13 10:57,For Sale
26753107,10401 Shadow Bend Dr,75230,Dallas,TX,32.887066,-96.78481,475000,249.0,,,,3.0,3.0,1905.0,1971.0,5675.868,singleFamily,6,522810.0,2025,https://www.zillow.com,https://photos.zillowstatic.com/fp/bf4c8007f33bf83e3559e4b548a7bdbc-p_c.jpg,2026-07-13 10:57,For Sale
463300917,3529 Cleveland St,75215,Dallas,TX,32.75582,-96.77514,245000,133.0,,244300.0,3298.0,4.0,4.0,1846.0,2026.0,8363.52,singleFamily,25,,,https://www.zillow.com,https://photos.zillowstatic.com/fp/a61363b7bd78a0e95ffd19ba195f164b-p_c.jpg,2026-07-13 10:57,For Sale
96526869,910 Gallant Fox Dr,75211,Dallas,TX,32.736996,-96.92878,479000,225.0,,473400.0,3590.0,3.0,3.0,2125.0,2026.0,9975.24,singleFamily,10,75000.0,2025,https://www.zillow.com,https://photos.zillowstatic.com/fp/9a091fc719d3013e309b938574458848-p_c.jpg,2026-07-13 10:57,For Sale
26790291,3845 Van Ness Ln,75220,Dallas,TX,32.872776,-96.84987,1799995,378.0,,1742700.0,2815.0,6.0,7.0,4760.0,2025.0,8232.84,singleFamily,2,430000.0,2025,https://www.zillow.com,https://photos.zillowstatic.com/fp/3ef0f7403ed33841322f3048a3a8619b-p_c.jpg,2026-07-13 10:57,For Sale
26904817,6218 Everglade Rd,75227,Dallas,TX,32.78552,-96.69694,370000,170.0,,366500.0,2604.0,4.0,3.0,2180.0,1998.0,6751.8,singleFamily,6,355880.0,2025,https://www.zillow.com,https://photos.zillowstatic.com/fp/fd92f91e0cfcf83e7ff7a635b6b2468b-p_c.jpg,2026-07-13 10:57,For Sale
26712651,832 N Winnetka Ave,75208,Dallas,TX,32.753613,-96.83994,639000,453.0,,608200.0,2724.0,2.0,2.0,1410.0,1923.0,7318.08,singleFamily,0,539000.0,2025,https://www.zillow.com,https://photos.zillowstatic.com/fp/6856d83da3df0a5dd247c79cc6cf9624-p_c.jpg,2026-07-13 10:57,For Sale
338241066,18512 Crownover Ct,75252,Dallas,TX,33.003235,-96.79485,609900,252.0,,590000.0,4190.0,3.0,3.0,2419.0,1981.0,8102.16,singleFamily,54,625905.0,2025,https://www.zillow.com,https://photos.zillowstatic.com/fp/5c8b0a7362d6b24c63efb89a53c870b7-p_c.jpg,2026-07-13 10:57,For Sale
26891476,7303 Sorcey Rd,75249,Dallas,TX,32.632874,-96.951454,250000,135.0,,246900.0,2164.0,4.0,2.0,1846.0,1982.0,6708.24,singleFamily,4,286650.0,2025,https://www.zillow.com,https://photos.zillowstatic.com/fp/9490e34983660e1f62ed0a5d2405170c-p_c.jpg,2026-07-13 10:57,For Sale
2067223822,11128 Valleydale Dr #C,75230,Dallas,TX,32.900566,-96.7709,159000,164.0,-4000.0,,1653.0,2.0,2.0,969.0,1961.0,9.336,condo,1,,,https://www.zillow.com,https://photos.zillowstatic.com/fp/a4f0a7d6bf6f0ae806ec2991f7849f34-p_c.jpg,2026-07-13 10:57,For Sale
26803466,12007 Quincy Ln,75230,Dallas,TX,32.912727,-96.81489,2900000,483.0,-40000.0,2803700.0,7979.0,5.0,8.0,5998.0,2025.0,0.37,singleFamily,122,1788170.0,2025,https://www.zillow.com,https://photos.zillowstatic.com/fp/287d6b73ae0cf5e7c44788f98cae909e-p_c.jpg,2026-07-13 10:57,For Sale
26738834,7152 Fair Oaks Ave APT 2186,75231,Dallas,TX,32.872566,-96.7574,110000,113.0,-5000.0,,1586.0,3.0,2.0,975.0,1975.0,8.74,condo,33,90000.0,2025,https://www.zillow.com,https://photos.zillowstatic.com/fp/410421ae194ee3d0d23bed574131abd1-p_c.jpg,2026-07-13 10:57,For Sale
26766682,2606 Fordham Rd,75216,Dallas,TX,32.7058,-96.783295,329000,175.0,,327000.0,2425.0,4.0,3.0,1880.0,2022.0,8842.68,singleFamily,23,336650.0,2025,https://www.zillow.com,https://photos.zillowstatic.com/fp/2701c5dd8615133ba6969349c7485302-p_c.jpg,2026-07-13 10:57,For Sale
26758220,4506 Isabella Ln,75229,Dallas,TX,32.88928,-96.83244,8400000,1888.0,,,,6.0,8.0,4449.0,1997.0,1.01,singleFamily,20,4309000.0,2025,https://www.zillow.com,https://photos.zillowstatic.com/fp/d8283c53bb83c9322b7d7a9955afe7e0-p_c.jpg,2026-07-13 10:57,For Sale
26858228,6812 Sedgwick Dr,75231,Dallas,TX,32.875023,-96.73952,1050000,393.0,,,,4.0,3.0,2672.0,1974.0,10062.36,singleFamily,2,764080.0,2025,https://www.zillow.com,https://photos.zillowstatic.com/fp/2cd6c0b2e0c4c9531b52811a545a8939-p_c.jpg,2026-07-13 10:57,For Sale
26804525,4719 Forest Ln,75244,Dallas,TX,32.90999,-96.827194,2989000,431.0,,2831600.0,7529.0,5.0,6.0,6931.0,2016.0,0.622,singleFamily,4,2397370.0,2025,https://www.zillow.com,https://photos.zillowstatic.com/fp/370c7444d0725a9198f9b0742c50b74a-p_c.jpg,2026-07-13 10:57,For Sale
26789993,3744 Highgrove Dr,75220,Dallas,TX,32.86872,-96.854195,899000,340.0,,,,4.0,3.0,2646.0,2015.0,7448.76,singleFamily,4,974220.0,2025,https://www.zillow.com,https://photos.zillowstatic.com/fp/e606ea9a4b5ba32b3b43be0ef7b93a29-p_c.jpg,2026-07-13 10:57,For Sale
26908473,2431 Eastern Oaks Dr,75227,Dallas,TX,32.75415,-96.64775,180000,146.0,,229500.0,1821.0,3.0,2.0,1235.0,1986.0,7927.92,singleFamily,6,245770.0,2025,https://www.zillow.com,https://photos.zillowstatic.com/fp/e388972b9d78b13ddd8ea962610f3594-p_c.jpg,2026-07-13 10:57,For Sale
26891340,9519 County View Rd,75249,Dallas,TX,32.635117,-96.95368,257000,183.0,,254600.0,1913.0,5.0,2.0,1408.0,1981.0,7056.72,singleFamily,2,281740.0,2025,https://www.zillow.com,https://photos.zillowstatic.com/fp/261335cf707d937767ad18a25c19432e-p_c.jpg,2026-07-13 10:57,For Sale
26757825,5619 Walnut Hill Ln,75229,Dallas,TX,32.8825,-96.81111,64000000,2362.0,,,,10.0,17.0,27092.0,1938.0,15.687,singleFamily,501,36042650.0,2025,https://www.zillow.com,https://photos.zillowstatic.com/fp/adeac1290c0448b20476ade24a279451-p_c.jpg,2026-07-13 10:57,For Sale
26801616,8117 Marvel Dr,75217,Dallas,TX,32.72173,-96.68198,310000,130.0,-15000.0,304700.0,3381.0,4.0,3.0,2384.0,1955.0,7797.24,singleFamily,17,360420.0,2025,https://www.zillow.com,https://photos.zillowstatic.com/fp/90e2eae266d564d9e4c6d3bd8dd52c96-p_c.jpg,2026-07-13 10:57,For Sale
26871303,7721 Chattington Dr,75248,Dallas,TX,32.954308,-96.774475,789900,288.0,,,,4.0,3.0,2746.0,1964.0,0.308,singleFamily,2,718740.0,2025,https://www.zillow.com,https://photos.zillowstatic.com/fp/8b13af33aa81f7bf9b12b5d3ecb478b8-p_c.jpg,2026-07-13 10:57,For Sale
26873159,7330 Alto Caro Dr,75248,Dallas,TX,32.96597,-96.781364,775000,358.0,,747600.0,4439.0,4.0,3.0,2164.0,1970.0,8319.96,singleFamily,3,528160.0,2025,https://www.zillow.com,https://photos.zillowstatic.com/fp/f39d64bfc901ececaf96fe6d05a78f92-p_c.jpg,2026-07-13 10:57,For Sale
26870362,9026 Woodhurst Dr,75243,Dallas,TX,32.903126,-96.746544,715000,268.0,,,,4.0,3.0,2664.0,1980.0,7143.84,singleFamily,2,708360.0,2025,https://www.zillow.com,https://photos.zillowstatic.com/fp/aa5fe212fe1485266b707b9564a50b4c-p_c.jpg,2026-07-13 10:57,For Sale
53071900,6608 Camille Ave,75252,Dallas,TX,32.9998,-96.789604,749000,290.0,,720500.0,3260.0,3.0,2.0,2582.0,1982.0,8276.4,singleFamily,62,592624.0,2025,https://www.zillow.com,https://photos.zillowstatic.com/fp/a025b1a95ed947a98579a3d32ff51f34-p_c.jpg,2026-07-13 10:57,For Sale
26915309,6319 Lake Bluff Dr,75249,Dallas,TX,32.645866,-96.96924,425900,160.0,-14100.0,420900.0,5025.0,4.0,3.0,2662.0,1989.0,8668.44,singleFamily,52,401520.0,2025,https://www.zillow.com,https://photos.zillowstatic.com/fp/14843502ca97761cfa25df5591962e6b-p_c.jpg,2026-07-13 10:57,For Sale
2070562948,10921 Beauty Ln,75229,Dallas,TX,32.897194,-96.86486,1900000,377.0,-95000.0,1840800.0,5666.0,4.0,6.0,5041.0,2026.0,0.283,singleFamily,16,,,https://www.zillow.com,https://photos.zillowstatic.com/fp/a7df57f9d9fa5f1026835cb78319ea1e-p_c.jpg,2026-07-13 10:57,For Sale
26931894,9837 Walnut St #207,75243,Dallas,TX,32.922836,-96.71392,125000,121.0,,121600.0,1589.0,2.0,2.0,1031.0,2018.0,8.814,condo,16,123720.0,2025,https://www.zillow.com,https://photos.zillowstatic.com/fp/e8c0329742b664bdf9ca86bb92306687-p_c.jpg,2026-07-13 10:57,For Sale
96524336,13405 Baldcypress Dr,75253,Dallas,TX,32.676456,-96.60802,275000,178.0,,,,4.0,2.0,1542.0,2017.0,6316.2,singleFamily,11,249820.0,2025,https://www.zillow.com,https://photos.zillowstatic.com/fp/bedca5905a0f8962dac7e0fa6e759b7f-p_c.jpg,2026-07-13 10:57,For Sale
26754258,6811 Del Norte Ln,75225,Dallas,TX,32.868965,-96.78791,1499000,396.0,-51000.0,,,4.0,5.0,3789.0,2015.0,4791.6,singleFamily,79,1492580.0,2025,https://www.zillow.com,https://photos.zillowstatic.com/fp/4c3cc54dd5cf68e90c41ed1bcd996097-p_c.jpg,2026-07-13 10:57,For Sale
26900761,5616 Preston Oaks Rd APT 508,75254,Dallas,TX,32.94263,-96.8128,224900,215.0,,219300.0,1839.0,2.0,2.0,1046.0,1981.0,6.932,condo,31,250710.0,2025,https://www.zillow.com,https://photos.zillowstatic.com/fp/81ef17fa1dd2c1f98ddd92644b22b5b5-p_c.jpg,2026-07-13 10:57,For Sale
26689227,6122 Bryan Pkwy,75206,Dallas,TX,32.810043,-96.761925,1250000,346.0,,1197400.0,7388.0,4.0,3.0,3617.0,1999.0,6621.12,singleFamily,3,975090.0,2025,https://www.zillow.com,https://photos.zillowstatic.com/fp/a777eccb9d98f34337980c2f7ea3d3dc-p_c.jpg,2026-07-13 10:57,For Sale
96496406,2123 Southerland Ave,75203,Dallas,TX,32.726994,-96.791306,569900,209.0,-5100.0,,,4.0,4.0,2727.0,2020.0,0.3,singleFamily,30,580670.0,2025,https://www.zillow.com,https://photos.zillowstatic.com/fp/2ac968c18c9baec302a54fb67b10b2a2-p_c.jpg,2026-07-13 10:57,For Sale
26677885,3288 Lakenheath Pl,75204,Dallas,TX,32.793873,-96.786995,774900,315.0,-24100.0,744800.0,4405.0,2.0,3.0,2460.0,1980.0,2526.48,singleFamily,95,638980.0,2025,https://www.zillow.com,https://photos.zillowstatic.com/fp/712f11c5f449c6f50e0441360b6b6855-p_c.jpg,2026-07-13 10:57,For Sale
26825505,5936 Spring Glen Dr,75232,Dallas,TX,32.674526,-96.84193,449500,156.0,-15500.0,443100.0,3447.0,5.0,4.0,2880.0,1965.0,10236.6,singleFamily,101,261350.0,2025,https://www.zillow.com,https://photos.zillowstatic.com/fp/784bf3d76b7a9b40f046b5eb30c7eca8-p_c.jpg,2026-07-13 10:57,For Sale
26771603,336 N Manus Dr,75224,Dallas,TX,32.73243,-96.82863,750000,312.0,,724600.0,3395.0,3.0,2.0,2401.0,1962.0,0.34500000000000003,singleFamily,3,710000.0,2025,https://www.zillow.com,https://photos.zillowstatic.com/fp/0af45b1915361f8a96abb72ffc3f9518-p_c.jpg,2026-07-13 10:57,For Sale
26701272,7015 Coronado Ave,75214,Dallas,TX,32.811996,-96.73766,950000,396.0,,904600.0,6034.0,3.0,3.0,2396.0,1945.0,7448.76,singleFamily,3,880820.0,2025,https://www.zillow.com,https://photos.zillowstatic.com/fp/e398d18a16cf881b0b0bf7b7563bf5bb-p_c.jpg,2026-07-13 10:57,For Sale
26688240,4323 Metropolitan Ave,75210,Dallas,TX,32.776577,-96.74835,313000,213.0,,311800.0,1960.0,3.0,2.0,1467.0,2026.0,6403.32,singleFamily,10,54260.0,2025,https://www.zillow.com,https://photos.zillowstatic.com/fp/4caf686b2eb45ddd2fca74c5fc5b864d-p_c.jpg,2026-07-13 10:57,For Sale
26858018,4421 Allencrest Ln,75244,Dallas,TX,32.911297,-96.83279,1300000,511.0,,1240100.0,5395.0,4.0,3.0,2544.0,1963.0,0.372,singleFamily,1,961560.0,2025,https://www.zillow.com,https://photos.zillowstatic.com/fp/3a91b9e150a797264e2f07bc6e444a56-p_c.jpg,2026-07-13 10:57,For Sale
26732858,7110 Robin Rd,75209,Dallas,TX,32.84354,-96.82257,3795000,547.0,-100000.0,3618400.0,7226.0,5.0,6.0,6939.0,2021.0,0.46009999999999995,singleFamily,4,3296540.0,2025,https://www.zillow.com,https://photos.zillowstatic.com/fp/cedb4ad13825b773337d2b6b5a6c86a8-p_c.jpg,2026-07-13 10:57,For Sale
26690781,5344 Richard Ave,75206,Dallas,TX,32.818916,-96.77793,1189000,502.0,,,,3.0,2.0,2367.0,1930.0,9321.84,singleFamily,14,980350.0,2025,https://www.zillow.com,https://photos.zillowstatic.com/fp/9068ee99189e17061929ce2b2f3b6ac2-p_c.jpg,2026-07-13 10:57,For Sale
26706498,6522 McCommas Blvd,75214,Dallas,TX,32.828957,-96.748436,1245000,447.0,,,,3.0,3.0,2787.0,1979.0,10672.2,singleFamily,3,1187370.0,2025,https://www.zillow.com,https://photos.zillowstatic.com/fp/59ad570f1aeef93250c02a70dd7e5c52-p_c.jpg,2026-07-13 10:57,For Sale
26874708,7745 La Cabeza Dr,75248,Dallas,TX,32.971485,-96.773544,715000,322.0,,689300.0,3784.0,4.0,3.0,2222.0,1969.0,9147.6,singleFamily,2,494790.0,2025,https://www.zillow.com,https://photos.zillowstatic.com/fp/52801cf734700dd8574059fe6bf2d581-p_c.jpg,2026-07-13 10:57,For Sale
96496038,12114 Jackson Creek Dr,75243,Dallas,TX,32.91297,-96.71682,550000,200.0,,618900.0,3642.0,4.0,4.0,2747.0,2012.0,0.268,singleFamily,4,618010.0,2025,https://www.zillow.com,https://photos.zillowstatic.com/fp/17bfd18a8c4a50108fd4d00b311eebca-p_c.jpg,2026-07-13 10:57,For Sale
96522871,8914 Wadlington Ave,75217,Dallas,TX,32.727043,-96.66635,415000,188.0,,,1629.0,3.0,4.0,2210.0,2026.0,8450.64,singleFamily,4,50000.0,2025,https://www.zillow.com,https://photos.zillowstatic.com/fp/378c40404d771f0a7ba3b17531cf8e8e-p_c.jpg,2026-07-13 10:57,For Sale
303985268,8205 Plumbago Way,75252,Dallas,TX,32.98507,-96.7605,839000,270.0,,815500.0,4819.0,4.0,4.0,3113.0,2019.0,7187.4,singleFamily,2,788290.0,2025,https://www.zillow.com,https://photos.zillowstatic.com/fp/5a5bd0e1dea216a3c2184c2ef628d28d-p_c.jpg,2026-07-13 10:57,For Sale
26812044,6916 Azalea Ln,75230,Dallas,TX,32.897087,-96.7873,5750000,730.0,,1306100.0,6578.0,6.0,7.0,7879.0,2026.0,0.375,singleFamily,3,1044470.0,2025,https://www.zillow.com,https://photos.zillowstatic.com/fp/8fdb8a7513f7275fa0d9982c5a61dddf-p_c.jpg,2026-07-13 10:57,For Sale
26710480,732 Haines Ave,75208,Dallas,TX,32.75202,-96.828835,735000,432.0,,708100.0,2599.0,2.0,3.0,1700.0,1910.0,0.326,singleFamily,4,820000.0,2025,https://www.zillow.com,https://photos.zillowstatic.com/fp/c6c09330d24dda8fca807a3d64bc52b7-p_c.jpg,2026-07-13 10:57,For Sale
84004949,3102 Kings Rd APT 3308,75219,Dallas,TX,32.81879,-96.81956,229000,287.0,,173100.0,1568.0,1.0,1.0,798.0,2001.0,1.998,condo,0,217640.0,2025,https://www.zillow.com,https://photos.zillowstatic.com/fp/3db13714930911d7331a18f60c0efd05-p_c.jpg,2026-07-13 10:57,For Sale
26912414,714 Jalisco Plz,75211,Dallas,TX,32.718307,-96.902885,224995,147.0,-10005.0,221300.0,2356.0,4.0,3.0,1526.0,2001.0,3005.64,singleFamily,78,245910.0,2025,https://www.zillow.com,https://photos.zillowstatic.com/fp/265e49fc37732c5dcee3a45d074e31bb-p_c.jpg,2026-07-13 10:57,For Sale
26758062,10010 Strait Ln,75229,Dallas,TX,32.880985,-96.823845,24999900,1498.0,,22620300.0,31583.0,7.0,11.0,16684.0,2026.0,2.218,singleFamily,133,2767500.0,2025,https://www.zillow.com,https://photos.zillowstatic.com/fp/3896b8ebf7800635ab6f68c5c62ce7b5-p_c.jpg,2026-07-13 10:57,For Sale
26687148,2618 Pine St,75215,Dallas,TX,32.757774,-96.75852,130000,118.0,,159500.0,1394.0,2.0,1.0,1105.0,1935.0,6969.6,singleFamily,0,130000.0,2025,https://www.zillow.com,https://photos.zillowstatic.com/fp/57bfaae26b7ada8981c2a6644669c646-p_c.jpg,2026-07-13 10:57,For Sale
26672589,5213 Tennington Park,75287,Dallas,TX,33.00334,-96.81992,1300000,304.0,,1242200.0,5130.0,4.0,4.0,4281.0,2000.0,8276.4,singleFamily,24,1051156.0,2025,https://www.zillow.com,https://photos.zillowstatic.com/fp/fee590c27fc329167cc51a8411fb2d79-p_c.jpg,2026-07-13 10:57,For Sale
26881108,4332 Rickover Dr,75244,Dallas,TX,32.91792,-96.83508,1136000,391.0,,1089500.0,5422.0,4.0,3.0,2904.0,1970.0,0.293,singleFamily,3,988550.0,2025,https://www.zillow.com,https://photos.zillowstatic.com/fp/2d722a1e4f2b2be71adaf028c488724f-p_c.jpg,2026-07-13 10:57,For Sale
26703066,6240 Kenwood Ave,75214,Dallas,TX,32.832672,-96.75654,1898000,439.0,,,,5.0,5.0,4325.0,2026.0,8537.76,singleFamily,3,555230.0,2025,https://www.zillow.com,https://photos.zillowstatic.com/fp/fa2f50d868715fc45672ad0bf58432d2-p_c.jpg,2026-07-13 10:57,For Sale
26883256,10254 Catalpa Rd,75243,Dallas,TX,32.914413,-96.706825,279000,151.0,,294700.0,2309.0,3.0,2.0,1846.0,1978.0,6882.48,singleFamily,4,291310.0,2025,https://www.zillow.com,https://photos.zillowstatic.com/fp/26fe67cecd5599c251ece5e5959529e7-p_c.jpg,2026-07-13 10:57,For Sale
26586239,4102 Cobblers Ln,75287,Dallas,TX,32.989426,-96.84273,1055000,369.0,-45000.0,,,5.0,4.0,2857.0,1984.0,0.27999999999999997,singleFamily,39,670000.0,2025,https://www.zillow.com,https://photos.zillowstatic.com/fp/faba3b87d5ca6932bee87d1d29c1bcd7-p_c.jpg,2026-07-13 10:57,For Sale
26752176,6902 Deloache Ave,75225,Dallas,TX,32.870697,-96.78647,1349000,446.0,,1292900.0,7497.0,4.0,3.0,3028.0,1979.0,8973.36,singleFamily,3,1325000.0,2025,https://www.zillow.com,https://photos.zillowstatic.com/fp/8ddfa7c3c65b2331b57c7dd5887386aa-p_c.jpg,2026-07-13 10:57,For Sale
26697311,5318 Denton Dr,75235,Dallas,TX,32.82033,-96.82966,895000,378.0,,713400.0,5184.0,3.0,3.0,2365.0,1999.0,7579.44,singleFamily,2,678430.0,2025,https://www.zillow.com,https://photos.zillowstatic.com/fp/34bed49bf1d61677050cba50f7d6f41d-p_c.jpg,2026-07-13 10:57,For Sale
182207838,18311 Justice Ln,75287,Dallas,TX,33.003273,-96.86122,379900,231.0,,373100.0,2461.0,3.0,3.0,1648.0,1994.0,6054.84,singleFamily,3,350280.0,2025,https://www.zillow.com,https://photos.zillowstatic.com/fp/18ba60f6f20332ec0b4575b759fa5000-p_c.jpg,2026-07-13 10:57,For Sale
349392894,1803 Temper Ln,75253,Dallas,TX,32.68542,-96.60857,236250,184.0,,,,3.0,2.0,1286.0,2024.0,0.2747,singleFamily,4,245280.0,2025,https://www.zillow.com,https://photos.zillowstatic.com/fp/477284bb93eafb3c5225e033850849d0-p_c.jpg,2026-07-13 10:57,For Sale
26809829,3175 Northaven Rd,75229,Dallas,TX,32.9041,-96.871254,1875000,347.0,,405000.0,2539.0,5.0,6.0,5406.0,2025.0,0.364,singleFamily,2,325760.0,2025,https://www.zillow.com,https://photos.zillowstatic.com/fp/2986158ee29631ccb1f1a6777f368c83-p_c.jpg,2026-07-13 10:57,For Sale
26753128,6930 Pemberton Dr,75230,Dallas,TX,32.890812,-96.78589,4295000,574.0,,4097600.0,7048.0,5.0,8.0,7488.0,2026.0,0.33699999999999997,singleFamily,17,807110.0,2025,https://www.zillow.com,https://photos.zillowstatic.com/fp/222e57e491a3eb0d423c9cc0d32da74c-p_c.jpg,2026-07-13 10:57,For Sale
26779439,1631 Windchime Dr,75224,Dallas,TX,32.69317,-96.849174,375000,189.0,,367300.0,3664.0,4.0,3.0,1986.0,1968.0,7274.52,singleFamily,7,329600.0,2025,https://www.zillow.com,https://photos.zillowstatic.com/fp/34572a6f102ee139c487f6600ee9b181-p_c.jpg,2026-07-13 10:57,For Sale
26830179,2351 Kingswood Dr,75228,Dallas,TX,32.7992,-96.71371,184900,190.0,-15000.0,,,3.0,1.0,972.0,1956.0,7492.32,singleFamily,27,282850.0,2025,https://www.zillow.com,https://photos.zillowstatic.com/fp/d366d4195452a0c11c577652f700e9ef-p_c.jpg,2026-07-13 10:57,For Sale
26699114,2515 Macon St,75215,Dallas,TX,32.75081,-96.75273,289999,193.0,-5001.0,289400.0,2155.0,3.0,3.0,1500.0,2026.0,3267.0,singleFamily,95,32780.0,2025,https://www.zillow.com,https://photos.zillowstatic.com/fp/68433d24786c5e0ac81731fb4204066f-p_c.jpg,2026-07-13 10:57,For Sale
26734131,4229 Bluffview Blvd,75209,Dallas,TX,32.85287,-96.8382,1399000,288.0,650000.0,1338700.0,7688.0,4.0,4.0,4854.0,2007.0,10367.28,singleFamily,5,1097230.0,2025,https://www.zillow.com,https://photos.zillowstatic.com/fp/dbb095768d9849639e7c32ee3b24dee3-p_c.jpg,2026-07-13 10:57,For Sale
26830972,8426 Swift Ave,75228,Dallas,TX,32.80442,-96.703186,349000,190.0,-50000.0,339500.0,2427.0,4.0,2.0,1835.0,1963.0,8015.04,singleFamily,16,426000.0,2025,https://www.zillow.com,https://photos.zillowstatic.com/fp/7d9797bb227d26721e066801e7022598-p_c.jpg,2026-07-13 10:57,For Sale
26707377,6829 Santa Maria Ln,75214,Dallas,TX,32.83995,-96.74181,999000,477.0,-100000.0,966300.0,5723.0,3.0,3.0,2096.0,1963.0,8973.36,singleFamily,59,841500.0,2025,https://www.zillow.com,https://photos.zillowstatic.com/fp/e777a5df647476da480c1ed0b5ce0c23-p_c.jpg,2026-07-13 10:57,For Sale
26691115,2515 Southland St,75215,Dallas,TX,32.753834,-96.75776,515500,255.0,,509200.0,3017.0,4.0,3.0,2020.0,2025.0,7666.56,singleFamily,72,76500.0,2025,https://www.zillow.com,https://photos.zillowstatic.com/fp/7b912645228619ef708d18e38ba0642e-p_c.jpg,2026-07-13 10:57,For Sale
84006038,3907 Cole Ave APT 3,75204,Dallas,TX,32.81126,-96.79571,825000,364.0,,791600.0,5436.0,3.0,4.0,2269.0,2006.0,0.545,townhome,3,601290.0,2025,https://www.zillow.com,https://photos.zillowstatic.com/fp/0d2b74326922e4bff3c19a4eed74c49c-p_c.jpg,2026-07-13 10:57,For Sale
96520931,1926 Pueblo St,75212,Dallas,TX,32.78009,-96.85149,475000,216.0,,,,3.0,4.0,2195.0,2025.0,2178.0,singleFamily,6,54900.0,2025,https://www.zillow.com,https://photos.zillowstatic.com/fp/96105d66d7cb6e831576ec84ad0cae92-p_c.jpg,2026-07-13 10:57,For Sale
26651508,6040 Fieldstone Dr,75252,Dallas,TX,33.004803,-96.79964,715000,212.0,,688400.0,5180.0,4.0,3.0,3374.0,1993.0,0.32999999999999996,singleFamily,3,739968.0,2025,https://www.zillow.com,https://photos.zillowstatic.com/fp/6b19e36ebfb82fd38bfbb77d6c365c89-p_c.jpg,2026-07-13 10:57,For Sale
26739842,9035 San Benito Way,75218,Dallas,TX,32.822525,-96.702446,1779000,414.0,,1724700.0,3492.0,4.0,5.0,4300.0,2026.0,9583.2,singleFamily,15,441580.0,2025,https://www.zillow.com,https://photos.zillowstatic.com/fp/678df14ef6101e4e9f8c19b370b60944-p_c.jpg,2026-07-13 10:57,For Sale
26759625,5444 Northbrook Dr,75220,Dallas,TX,32.866047,-96.81663,15000000,1192.0,,14077300.0,4528.0,7.0,9.0,12589.0,1950.0,1.621,singleFamily,16,2423400.0,2025,https://www.zillow.com,https://photos.zillowstatic.com/fp/e0a35e71e87a0546dd13a3c40fedef37-p_c.jpg,2026-07-13 10:57,For Sale
26696399,5223 Colonial Ave,75215,Dallas,TX,32.744267,-96.759224,230000,139.0,-10000.0,228900.0,2360.0,4.0,2.0,1656.0,2024.0,7013.16,singleFamily,86,433110.0,2025,https://www.zillow.com,https://photos.zillowstatic.com/fp/1ffb12a24ca85cf9a7cc33cbfa96e1b2-p_c.jpg,2026-07-13 10:57,For Sale
26850712,707 Bondstone Dr,75218,Dallas,TX,32.85229,-96.70435,825000,332.0,-39000.0,797200.0,4272.0,3.0,2.0,2488.0,1962.0,0.302,singleFamily,26,875000.0,2025,https://www.zillow.com,https://photos.zillowstatic.com/fp/58c7d81253729e9ccde613e94e8ce432-p_c.jpg,2026-07-13 10:57,For Sale
26688881,4229 Spring Ave,75210,Dallas,TX,32.772366,-96.74538,139900,137.0,,,,3.0,2.0,1024.0,2020.0,5401.44,singleFamily,25,211400.0,2025,https://www.zillow.com,https://photos.zillowstatic.com/fp/44780babcdde3dbcfb39a44911509c83-p_c.jpg,2026-07-13 10:57,For Sale
26752931,7387 Blairview Dr,75230,Dallas,TX,32.881042,-96.77529,2745000,523.0,,2656400.0,5280.0,5.0,6.0,5252.0,2026.0,0.2713,singleFamily,5,976900.0,2025,https://www.zillow.com,https://photos.zillowstatic.com/fp/385d2af67b050d8f30aba986df88f098-p_c.jpg,2026-07-13 10:57,For Sale
26866811,9677 Crestedge Dr,75238,Dallas,TX,32.877876,-96.72065,1475000,430.0,,1395700.0,4161.0,5.0,5.0,3429.0,1964.0,8755.56,singleFamily,4,1254510.0,2025,https://www.zillow.com,https://photos.zillowstatic.com/fp/23c1c18c908c177a0ba201c06aec5907-p_c.jpg,2026-07-13 10:57,For Sale
463650754,1904 McBroom St,75212,Dallas,TX,32.78237,-96.85047,825000,258.0,,,,4.0,4.0,3200.0,2026.0,6141.96,singleFamily,9,,,https://www.zillow.com,https://photos.zillowstatic.com/fp/0110a4737654b219f2717f2d2973bd9d-p_c.jpg,2026-07-13 10:57,For Sale
96513896,10617 Bridge Hollow Ct,75229,Dallas,TX,32.891712,-96.821815,11900000,812.0,,,,6.0,10.0,14653.0,2018.0,1.442,singleFamily,17,13054400.0,2025,https://www.zillow.com,https://photos.zillowstatic.com/fp/1cad1d90350deecefe93978d5081628a-p_c.jpg,2026-07-13 10:57,For Sale
26865492,10647 Chesterton Dr,75238,Dallas,TX,32.881405,-96.700714,575000,297.0,,,,4.0,2.0,1937.0,1960.0,9888.12,singleFamily,2,490010.0,2025,https://www.zillow.com,https://photos.zillowstatic.com/fp/934eb114dd9c2ade21e8b3b776ca402a-p_c.jpg,2026-07-13 10:57,For Sale
26704284,5621 McCommas Blvd,75206,Dallas,TX,32.8302,-96.771515,1200000,512.0,-49000.0,,,3.0,4.0,2346.0,1928.0,8232.84,singleFamily,31,934880.0,2025,https://www.zillow.com,https://photos.zillowstatic.com/fp/e7eceaed3175176cdb699eb147fea8b0-p_c.jpg,2026-07-13 10:57,For Sale
26873341,7229 Whispering Pines Dr,75248,Dallas,TX,32.96817,-96.78302,699000,303.0,,,6002.0,4.0,3.0,2307.0,1971.0,8276.4,singleFamily,12,668890.0,2025,https://www.zillow.com,https://photos.zillowstatic.com/fp/3220dfdf6375ff533fcb7ec32b3cd686-p_c.jpg,2026-07-13 10:57,For Sale
26869588,9212 Clover Valley Dr,75243,Dallas,TX,32.905056,-96.74028,725000,237.0,,700800.0,4179.0,4.0,3.0,3062.0,1976.0,9975.24,singleFamily,5,709990.0,2025,https://www.zillow.com,https://photos.zillowstatic.com/fp/d7ead12889b11f24c87142293d7afa49-p_c.jpg,2026-07-13 10:57,For Sale
26754134,6211 W Northwest Hwy APT 2306,75225,Dallas,TX,32.866318,-96.79989,295000,261.0,,347200.0,2829.0,2.0,2.0,1132.0,1966.0,4.259,condo,4,311300.0,2025,https://www.zillow.com,https://photos.zillowstatic.com/fp/5938a22e0f3bd72b1d269d8cbee5e78e-p_c.jpg,2026-07-13 10:57,For Sale
26854147,9639 Leaside Dr,75238,Dallas,TX,32.877926,-96.70655,625000,313.0,,,,4.0,2.0,1994.0,1958.0,7797.24,singleFamily,3,519460.0,2025,https://www.zillow.com,https://photos.zillowstatic.com/fp/ecf431231f90d875ce482da4439ab57b-p_c.jpg,2026-07-13 10:57,For Sale
26687692,3103 Elsie Faye Heggins St,75215,Dallas,TX,32.759247,-96.749535,169999,140.0,,178800.0,1536.0,3.0,1.0,1215.0,1951.0,5662.8,singleFamily,0,186410.0,2025,https://www.zillow.com,https://photos.zillowstatic.com/fp/b58e5fd29ad757d39ec68e3c6066fb86-p_c.jpg,2026-07-13 10:57,For Sale
26706213,6625 Bob O Link Dr,75214,Dallas,TX,32.831596,-96.745895,2875000,702.0,,,,4.0,3.0,4098.0,1949.0,0.335,singleFamily,3,1900230.0,2025,https://www.zillow.com,https://photos.zillowstatic.com/fp/5df7519a31cdb0116a65f83fc6d1f5c8-p_c.jpg,2026-07-13 10:57,For Sale
26754534,6526 Woodland Dr,75225,Dallas,TX,32.872223,-96.792435,4195000,743.0,,,,5.0,7.0,5649.0,2026.0,9844.56,singleFamily,2,1274940.0,2025,https://www.zillow.com,https://photos.zillowstatic.com/fp/d5582da57dbecbc30551060139ee3472-p_c.jpg,2026-07-13 10:57,For Sale
26855532,8105 Silverdale Dr,75232,Dallas,TX,32.6491,-96.83514,205000,165.0,-25000.0,203000.0,1962.0,3.0,2.0,1240.0,1967.0,7797.24,singleFamily,50,204260.0,2025,https://www.zillow.com,https://photos.zillowstatic.com/fp/112ebd8ce16a0e33ed93d743aac60f6a-p_c.jpg,2026-07-13 10:57,For Sale
96532369,4718 Jamaica St,75210,Dallas,TX,32.778385,-96.74374,200000,157.0,,,1597.0,3.0,2.0,1272.0,2011.0,3789.72,singleFamily,12,198600.0,2025,https://www.zillow.com,https://photos.zillowstatic.com/fp/2e3ff2d4d8a07c8836e31a79541826f2-p_c.jpg,2026-07-13 10:57,For Sale
26850691,10357 Baronne Cir,75218,Dallas,TX,32.860115,-96.70382,410000,453.0,-15000.0,400400.0,1968.0,3.0,1.0,905.0,1970.0,0.46299999999999997,singleFamily,31,392280.0,2025,https://www.zillow.com,https://photos.zillowstatic.com/fp/4098c277662c94e81c531615459daf11-p_c.jpg,2026-07-13 10:57,For Sale
26875709,6811 Ledyard Dr,75248,Dallas,TX,32.978096,-96.79002,820000,269.0,,789800.0,5994.0,4.0,3.0,3043.0,1973.0,8276.4,singleFamily,3,374460.0,2025,https://www.zillow.com,https://photos.zillowstatic.com/fp/6917d760d9f45e3848c2e7f0e3ba8198-p_c.jpg,2026-07-13 10:57,For Sale
2070165159,6808 Wofford Ave,75227,Dallas,TX,32.768658,-96.702805,190000,184.0,-9000.0,188600.0,1577.0,3.0,2.0,1035.0,1948.0,6621.12,singleFamily,69,,,https://www.zillow.com,https://photos.zillowstatic.com/fp/6eb04fabecf2a679ffcb8e24d46b3a2c-p_c.jpg,2026-07-13 10:57,For Sale
336884520,6804 Webster St,75209,Dallas,TX,32.841133,-96.83295,869000,351.0,,865000.0,5313.0,2.0,3.0,2479.0,2020.0,3136.32,singleFamily,13,823710.0,2025,https://www.zillow.com,https://photos.zillowstatic.com/fp/813337013e3bd4d23d8b9e2e507a1834-p_c.jpg,2026-07-13 10:57,For Sale
26837409,11131 Hillcrest Rd,75230,Dallas,TX,32.899517,-96.78866,2175000,516.0,,2102200.0,4746.0,5.0,6.0,4216.0,2025.0,0.407,singleFamily,19,1775320.0,2025,https://www.zillow.com,https://photos.zillowstatic.com/fp/c6a4c2117f44abde743aa2f65061e875-p_c.jpg,2026-07-13 10:57,For Sale
54021507,18932 Platte River Way,75287,Dallas,TX,33.010117,-96.86224,365000,264.0,,357900.0,2489.0,3.0,2.0,1380.0,1983.0,8058.6,singleFamily,3,310317.0,2025,https://www.zillow.com,https://photos.zillowstatic.com/fp/53d19a37001a855e722f9982e22b30d5-p_c.jpg,2026-07-13 10:57,For Sale
96504415,1000 N Bagley St,75211,Dallas,TX,32.752865,-96.91238,499000,204.0,,,2155.0,4.0,3.0,2450.0,2026.0,8751.204,singleFamily,3,112500.0,2025,https://www.zillow.com,https://photos.zillowstatic.com/fp/1ceda3079ea85c763e0f60e2ed3b88c8-p_c.jpg,2026-07-13 10:57,For Sale
26873018,15746 Overmead Cir,75248,Dallas,TX,32.962303,-96.782295,655000,305.0,,,,4.0,3.0,2147.0,1972.0,7405.2,singleFamily,12,427010.0,2025,https://www.zillow.com,https://photos.zillowstatic.com/fp/3fa75796dc34aac53071e5c973a8997a-p_c.jpg,2026-07-13 10:57,For Sale
162259043,3523 Brandon St,75211,Dallas,TX,32.7314,-96.87906,275000,243.0,,265900.0,2005.0,3.0,2.0,1132.0,1946.0,7492.32,singleFamily,4,205180.0,2025,https://www.zillow.com,https://photos.zillowstatic.com/fp/5f37e3284bebfa6160e8d2fc42b3f219-p_c.jpg,2026-07-13 10:57,For Sale
26932287,6108 Abrams Rd #610,75231,Dallas,TX,32.858376,-96.746574,89000,120.0,,,,2.0,2.0,743.0,1984.0,4.299,condo,2,117000.0,2025,https://www.zillow.com,https://photos.zillowstatic.com/fp/dc0b57b2d34e96755f8057f47094089f-p_c.jpg,2026-07-13 10:57,For Sale
26721244,1818 Marfa Ave,75216,Dallas,TX,32.703957,-96.7982,390000,151.0,,,,4.0,3.0,2583.0,2026.0,7165.62,singleFamily,23,80000.0,2025,https://www.zillow.com,https://photos.zillowstatic.com/fp/f61083d0cb516682a10eb07429b3afc0-p_c.jpg,2026-07-13 10:57,For Sale
26813135,3332 High Lark Dr,75234,Dallas,TX,32.91042,-96.86567,425000,283.0,,,,3.0,2.0,1504.0,1961.0,7405.2,singleFamily,4,260000.0,2025,https://www.zillow.com,https://photos.zillowstatic.com/fp/d147fa4c21c8116012249aa468a9098b-p_c.jpg,2026-07-13 10:57,For Sale
26876057,6409 Duffield Dr,75248,Dallas,TX,32.98259,-96.7957,1349900,378.0,,,,5.0,4.0,3567.0,1977.0,0.26899999999999996,singleFamily,3,883460.0,2025,https://www.zillow.com,https://photos.zillowstatic.com/fp/47693a486ce828990280f757f099f224-p_c.jpg,2026-07-13 10:57,For Sale
26703725,6044 Kenwood Ave,75206,Dallas,TX,32.833076,-96.76233,825000,475.0,,,,2.0,2.0,1736.0,1940.0,7187.4,singleFamily,17,779980.0,2025,https://www.zillow.com,https://photos.zillowstatic.com/fp/dd5162c093cd2cdadf1be36a61f43162-p_c.jpg,2026-07-13 10:57,For Sale
26879828,3543 Ridgebriar Dr,75234,Dallas,TX,32.915077,-96.85929,365000,166.0,,354200.0,2775.0,4.0,2.0,2205.0,1962.0,7579.44,singleFamily,37,329140.0,2025,https://www.zillow.com,https://photos.zillowstatic.com/fp/310debec9fb56c24b49bda0a5bf5b0dd-p_c.jpg,2026-07-13 10:57,For Sale
26822625,3204 Pacesetter Dr,75241,Dallas,TX,32.66597,-96.76499,130000,144.0,,157300.0,1767.0,3.0,2.0,903.0,1971.0,7753.68,singleFamily,12,200990.0,2025,https://www.zillow.com,https://photos.zillowstatic.com/fp/369a5db7446679644a2f9c695b28fa92-p_c.jpg,2026-07-13 10:57,For Sale
96502343,2555 Hooper St,75215,Dallas,TX,32.748844,-96.75109,299000,219.0,,297900.0,2063.0,3.0,2.0,1364.0,2026.0,4660.92,singleFamily,10,46420.0,2025,https://www.zillow.com,https://photos.zillowstatic.com/fp/f59ddaec8680a8deca9eae6c3934bdd5-p_c.jpg,2026-07-13 10:57,For Sale
89397927,1001 Belleview St #101,75215,Dallas,TX,32.76905,-96.79501,325000,322.0,,317400.0,2140.0,1.0,2.0,1010.0,2007.0,0.9430000000000001,condo,5,323200.0,2025,https://www.zillow.com,https://photos.zillowstatic.com/fp/36ec34df03c03a85e65d150ae2987b85-p_c.jpg,2026-07-13 10:57,For Sale
67965414,3225 Turtle Creek Blvd APT 1220,75219,Dallas,TX,32.806835,-96.80463,455000,394.0,,435700.0,2315.0,2.0,2.0,1154.0,1998.0,3.536,condo,0,450060.0,2025,https://www.zillow.com,https://photos.zillowstatic.com/fp/662ce6cce3dee9fb15dee8ce75086656-p_c.jpg,2026-07-13 10:57,For Sale
26822617,3241 Little River Dr,75241,Dallas,TX,32.662792,-96.770966,160000,133.0,,207300.0,1929.0,3.0,2.0,1202.0,1972.0,6838.92,singleFamily,2,226840.0,2025,https://www.zillow.com,https://photos.zillowstatic.com/fp/180f7ecd66f146aea5543862a638a4ac-p_c.jpg,2026-07-13 10:57,For Sale
26839025,10811 Stone Canyon Pl,75230,Dallas,TX,32.894802,-96.77488,950000,280.0,-25000.0,,,3.0,3.0,3397.0,1978.0,0.309,singleFamily,30,1555000.0,2025,https://www.zillow.com,https://photos.zillowstatic.com/fp/8e77754932583e097df299e53d659773-p_c.jpg,2026-07-13 10:57,For Sale
26609948,5901 Flintshire Ln,75252,Dallas,TX,33.003475,-96.806114,899000,258.0,,,,4.0,3.0,3485.0,1983.0,0.25,singleFamily,2,1007778.0,2025,https://www.zillow.com,https://photos.zillowstatic.com/fp/e35db1e4a37d4e48ed442e3065bc4ea7-p_c.jpg,2026-07-13 10:57,For Sale
67962082,3164 Saint Dominic Cir,75233,Dallas,TX,32.709225,-96.87288,294900,150.0,,,,4.0,3.0,1960.0,2004.0,8058.6,singleFamily,26,298530.0,2025,https://www.zillow.com,https://photos.zillowstatic.com/fp/108cfe79fb06d993b35985bd04a6d586-p_c.jpg,2026-07-13 10:57,For Sale
26923183,5100 Verde Valley Ln APT 178,75254,Dallas,TX,32.948143,-96.82086,199000,202.0,,,,1.0,2.0,985.0,1982.0,6.353,condo,12,187150.0,2025,https://www.zillow.com,https://photos.zillowstatic.com/fp/21aa193da02c59f8c360ea620b264233-p_c.jpg,2026-07-13 10:57,For Sale
26863869,11623 Lochlynn Cir,75228,Dallas,TX,32.85092,-96.657974,230000,137.0,,230100.0,2152.0,3.0,2.0,1674.0,1978.0,8145.72,singleFamily,9,302770.0,2025,https://www.zillow.com,https://photos.zillowstatic.com/fp/61832a4738a1da29e2378dbb9640567f-p_c.jpg,2026-07-13 10:57,For Sale
26857892,433 Cleaves St,75203,Dallas,TX,32.753185,-96.803314,550000,229.0,-25000.0,546300.0,3990.0,4.0,3.0,2400.0,2026.0,4007.52,singleFamily,35,95000.0,2025,https://www.zillow.com,https://photos.zillowstatic.com/fp/eda01bcbfe002e9cc3f28b26d425facd-p_c.jpg,2026-07-13 10:57,For Sale
96514266,1815 Kingsley Dr,75216,Dallas,TX,32.688026,-96.79526,25000,,-2500.0,,1425.0,,,,,0.622,land,594,112500.0,2025,https://www.zillow.com,https://photos.zillowstatic.com/fp/7ca35be8edb4200e90775bb805a47094-p_c.jpg,2026-07-13 10:57,For Sale
80221886,226 Cliff Heights Cir,75241,Dallas,TX,32.654808,-96.82023,254900,165.0,,,,5.0,2.0,1543.0,2006.0,2962.08,singleFamily,5,231660.0,2025,https://www.zillow.com,https://photos.zillowstatic.com/fp/303884ba9ad7d950d131e5d41641717a-p_c.jpg,2026-07-13 10:57,For Sale
2059990719,5233 Terry St,75223,Dallas,TX,32.79585,-96.75711,584900,270.0,,,,3.0,3.0,2166.0,2022.0,3615.48,singleFamily,0,553130.0,2025,https://www.zillow.com,https://photos.zillowstatic.com/fp/acde0fbaa4d2f2be80da2dcdbc1b6a81-p_c.jpg,2026-07-13 10:57,For Sale
26739317,8522 Park Ln APT 6,75231,Dallas,TX,32.870304,-96.75759,185000,87.0,-5000.0,,,2.0,3.0,2120.0,1979.0,1.235,singleFamily,142,275600.0,2025,https://www.zillow.com,https://photos.zillowstatic.com/fp/96e6d3893c340538e772cd272313ee47-p_c.jpg,2026-07-13 10:57,For Sale
26788533,9831 Lakemont Dr,75220,Dallas,TX,32.87725,-96.843,1599000,401.0,,,,5.0,5.0,3988.0,1953.0,10018.8,singleFamily,3,1418230.0,2025,https://www.zillow.com,https://photos.zillowstatic.com/fp/5006d26d3b7031f3b1d8e29aedcee192-p_c.jpg,2026-07-13 10:57,For Sale
26714361,623 N Montclair Ave,75208,Dallas,TX,32.75035,-96.8468,675000,373.0,,649600.0,3262.0,3.0,2.0,1811.0,1922.0,6969.6,singleFamily,5,590890.0,2025,https://www.zillow.com,https://photos.zillowstatic.com/fp/36c7eb83f0ff889f4a358eb506532d4e-p_c.jpg,2026-07-13 10:57,For Sale
26871554,7704 La Cosa Dr,75248,Dallas,TX,32.95931,-96.77543,799900,375.0,,544300.0,4039.0,4.0,3.0,2131.0,1968.0,6664.68,singleFamily,5,491660.0,2025,https://www.zillow.com,https://photos.zillowstatic.com/fp/cc9aae60f34fa92d4431579a4b3d086b-p_c.jpg,2026-07-13 10:57,For Sale
26749347,6405 Glennox Ln,75214,Dallas,TX,32.850258,-96.75257,695000,209.0,-30000.0,676800.0,6625.0,5.0,4.0,3330.0,1953.0,0.256,singleFamily,58,726710.0,2025,https://www.zillow.com,https://photos.zillowstatic.com/fp/f36a5073d75d9f6e012cf239716c3c4a-p_c.jpg,2026-07-13 10:57,For Sale
26784662,3230 Rock Bluff Dr,75227,Dallas,TX,32.765625,-96.69388,285000,158.0,-15000.0,,2456.0,3.0,2.0,1800.0,1958.0,9626.76,singleFamily,24,292430.0,2025,https://www.zillow.com,https://photos.zillowstatic.com/fp/0e11ca6511bd82ff27c6a67897d69e96-p_c.jpg,2026-07-13 10:57,For Sale
80242095,6131 Balcony Ln,75241,Dallas,TX,32.668285,-96.77045,268000,130.0,,266000.0,2531.0,3.0,2.0,2060.0,2006.0,5488.56,singleFamily,2,310830.0,2025,https://www.zillow.com,https://photos.zillowstatic.com/fp/903aebd373c414bb2b3c65a8d67281a6-p_c.jpg,2026-07-13 10:57,For Sale
26865472,10432 Chesterton Dr,75238,Dallas,TX,32.880894,-96.70491,629000,311.0,,608600.0,3470.0,4.0,3.0,2025.0,1961.0,9844.56,singleFamily,2,619620.0,2025,https://www.zillow.com,https://photos.zillowstatic.com/fp/e8d498e8c16c242717c9f129c6a82e6b-p_c.jpg,2026-07-13 10:57,For Sale
26743268,10832 Creekmere Dr,75218,Dallas,TX,32.85045,-96.69275,650000,327.0,,569900.0,3118.0,3.0,2.0,1986.0,1963.0,8799.12,singleFamily,5,567030.0,2025,https://www.zillow.com,https://photos.zillowstatic.com/fp/84538fa839d28783cfd43a9d16c8c643-p_c.jpg,2026-07-13 10:57,For Sale
26868859,8732 Arbor Park Ct,75243,Dallas,TX,32.896137,-96.730255,1399000,341.0,,,,4.0,4.0,4099.0,1984.0,0.424,singleFamily,3,1100000.0,2025,https://www.zillow.com,https://photos.zillowstatic.com/fp/7ec1bdc9335be392385aa91d40285c6d-p_c.jpg,2026-07-13 10:57,For Sale
26832922,3111 Rutz St,75212,Dallas,TX,32.78001,-96.84512,330067,237.0,,325300.0,2367.0,3.0,2.0,1392.0,2013.0,3615.48,singleFamily,1,287270.0,2025,https://www.zillow.com,https://photos.zillowstatic.com/fp/8f47d05a2d5e13f04891326e99d26077-p_c.jpg,2026-07-13 10:57,For Sale
26912834,7718 Arborside Dr,75231,Dallas,TX,32.885506,-96.74431,749000,339.0,,718300.0,4417.0,3.0,3.0,2207.0,1979.0,9539.64,singleFamily,5,707450.0,2025,https://www.zillow.com,https://photos.zillowstatic.com/fp/eb20dc655f0912729986637e3bdabbd8-p_c.jpg,2026-07-13 10:57,For Sale
96515292,4858 Nuevo Laredo Ct,75236,Dallas,TX,32.680622,-96.90645,289900,172.0,,284200.0,2246.0,4.0,2.0,1690.0,2015.0,6155.028,singleFamily,4,298110.0,2025,https://www.zillow.com,https://photos.zillowstatic.com/fp/0ba0fe7ddc71ae096b55fa81bf4593e7-p_c.jpg,2026-07-13 10:57,For Sale
60347645,4034 Rawlins St APT 208,75219,Dallas,TX,32.814045,-96.80962,285000,262.0,,,,2.0,2.0,1086.0,1984.0,0.41,condo,5,310000.0,2025,https://www.zillow.com,https://photos.zillowstatic.com/fp/d61e7afabc48f27b47e3463174d83a95-p_c.jpg,2026-07-13 10:57,For Sale
26807284,3577 Merrell Rd,75229,Dallas,TX,32.88808,-96.85938,565000,315.0,,539600.0,3114.0,3.0,2.0,1795.0,1956.0,10759.32,singleFamily,2,547100.0,2025,https://www.zillow.com,https://photos.zillowstatic.com/fp/d36ffc66f410e6c399df77ed5a9d7ff2-p_c.jpg,2026-07-13 10:57,For Sale
26849264,6815 Woodmark Ct,75230,Dallas,TX,32.91886,-96.78672,1315000,382.0,,1261900.0,6700.0,5.0,4.0,3441.0,1975.0,0.58,singleFamily,6,1059940.0,2025,https://www.zillow.com,https://photos.zillowstatic.com/fp/ca5240dd75577835cfc688fcf982ad68-p_c.jpg,2026-07-13 10:57,For Sale
26795670,1623 Fresno St,75217,Dallas,TX,32.740612,-96.693115,240000,109.0,-25000.0,234500.0,2672.0,6.0,2.0,2194.0,1954.0,9888.12,singleFamily,54,338390.0,2025,https://www.zillow.com,https://photos.zillowstatic.com/fp/6438154e2bc5f131cea2c08f8024b641-p_c.jpg,2026-07-13 10:57,For Sale
26750994,6396 Abrams Ct,75231,Dallas,TX,32.86111,-96.74454,379000,256.0,-10000.0,374500.0,2156.0,2.0,2.0,1480.0,1980.0,4094.64,singleFamily,85,376000.0,2025,https://www.zillow.com,https://photos.zillowstatic.com/fp/6579eefe10fe52f79b6704876798de9f-p_c.jpg,2026-07-13 10:57,For Sale
26864385,10830 Ferndale Rd,75238,Dallas,TX,32.892693,-96.713356,779000,254.0,,,,4.0,4.0,3066.0,1968.0,9583.2,singleFamily,6,582480.0,2025,https://www.zillow.com,https://photos.zillowstatic.com/fp/ef75db0ffc4af2a86a79299d2017c3a1-p_c.jpg,2026-07-13 10:57,For Sale
26732724,6402 Vanderbilt Ave,75214,Dallas,TX,32.824703,-96.75266,795000,468.0,,764300.0,3799.0,3.0,2.0,1700.0,1949.0,7405.2,singleFamily,4,620000.0,2025,https://www.zillow.com,https://photos.zillowstatic.com/fp/1607a51be44d4b799f3586a52cb5b359-p_c.jpg,2026-07-13 10:57,For Sale
26702638,6355 Marquita Ave,75214,Dallas,TX,32.825867,-96.753716,872000,478.0,,831800.0,4014.0,3.0,2.0,1826.0,1953.0,8886.24,singleFamily,3,754720.0,2025,https://www.zillow.com,https://photos.zillowstatic.com/fp/a175d7d5cf45b39650a163c66a26618f-p_c.jpg,2026-07-13 10:57,For Sale
26680521,3528 Colonial Ave,75215,Dallas,TX,32.757835,-96.77173,225000,69.0,,,2228.0,17.0,5.0,3252.0,1916.0,4835.16,multiFamily,183,281210.0,2025,https://www.zillow.com,https://photos.zillowstatic.com/fp/058c8839fb916be56e561086ca9cc87d-p_c.jpg,2026-07-13 10:57,For Sale
463754286,8557 Flint Falls Dr,75243,Dallas,TX,32.89703,-96.738556,655000,257.0,,,,4.0,4.0,2552.0,1975.0,9191.16,singleFamily,3,,,https://www.zillow.com,https://photos.zillowstatic.com/fp/b0466f3c3c30d4314d090763a6c3a593-p_c.jpg,2026-07-13 10:57,For Sale
442931082,8218 Manoa Dr,75231,Dallas,TX,32.891308,-96.762665,599900,313.0,,583800.0,2987.0,3.0,3.0,1917.0,2023.0,2047.32,singleFamily,6,510000.0,2025,https://www.zillow.com,https://photos.zillowstatic.com/fp/4a7d135f245e1ab36375be3f13a85077-p_c.jpg,2026-07-13 10:57,For Sale
122301132,1022 Shadyside Ln,75223,Dallas,TX,32.808025,-96.73519,900000,286.0,,874900.0,4990.0,3.0,4.0,3147.0,2016.0,4225.32,singleFamily,3,904400.0,2025,https://www.zillow.com,https://photos.zillowstatic.com/fp/6dc905aa43f7a6b878237029c1e53941-p_c.jpg,2026-07-13 10:57,For Sale
2091106052,2411 N Hall St APT 36,75204,Dallas,TX,32.800224,-96.7954,749999,393.0,,714000.0,3564.0,2.0,3.0,1909.0,2006.0,2.007,condo,3,,,https://www.zillow.com,https://photos.zillowstatic.com/fp/13a09e8fb6c51e6346f03439dc67c812-p_c.jpg,2026-07-13 10:57,For Sale
26912448,2306 Balvanera Plz,75211,Dallas,TX,32.717636,-96.90108,248000,165.0,,241600.0,2271.0,3.0,3.0,1506.0,2000.0,740.52,singleFamily,60,255430.0,2025,https://www.zillow.com,https://photos.zillowstatic.com/fp/c216ec23116e40e9dec01b99adc05429-p_c.jpg,2026-07-13 10:57,For Sale
26690226,6047 Vickery Blvd,75206,Dallas,TX,32.82314,-96.76171,684000,378.0,-15000.0,662600.0,3469.0,2.0,2.0,1808.0,1932.0,7013.16,singleFamily,67,585660.0,2025,https://www.zillow.com,https://photos.zillowstatic.com/fp/ff196e095d49546e26a88575b57c0124-p_c.jpg,2026-07-13 10:57,For Sale
26847349,9647 Vinewood Dr,75228,Dallas,TX,32.82118,-96.68881,479000,297.0,,,,3.0,2.0,1612.0,1964.0,9844.56,singleFamily,2,379450.0,2025,https://www.zillow.com,https://photos.zillowstatic.com/fp/e290c4001a8e5d6bc977e7959f36103e-p_c.jpg,2026-07-13 10:57,For Sale
26717377,1126 N Windomere Ave,75208,Dallas,TX,32.758278,-96.8436,750000,416.0,-29000.0,,,3.0,2.0,1803.0,1925.0,7492.32,singleFamily,94,696410.0,2025,https://www.zillow.com,https://photos.zillowstatic.com/fp/51ab4b95869147bc69d5fb27f4ec7040-p_c.jpg,2026-07-13 10:57,For Sale
2065475230,9308 Chimney Corner Ln,75243,Dallas,TX,32.919853,-96.736824,285000,164.0,,,2428.0,3.0,2.0,1742.0,1977.0,3005.64,townhome,2,,,https://www.zillow.com,https://photos.zillowstatic.com/fp/cf1cba9b0728108ddd8115e96ea72dfb-p_c.jpg,2026-07-13 10:57,For Sale
27298891,17909 Brent Dr,75287,Dallas,TX,32.994884,-96.862274,489999,198.0,-10000.0,,,4.0,3.0,2470.0,1998.0,5967.72,singleFamily,108,481274.0,2025,https://www.zillow.com,https://photos.zillowstatic.com/fp/b3377790a924d54845f85ee4c527332a-p_c.jpg,2026-07-13 10:57,For Sale
26811410,2956 Royal Ln,75229,Dallas,TX,32.894848,-96.87828,275000,187.0,,285100.0,2824.0,3.0,2.0,1474.0,1958.0,8058.6,singleFamily,2,277600.0,2025,https://www.zillow.com,https://photos.zillowstatic.com/fp/ddf0c4e8cddf6c625428d150994817e6-p_c.jpg,2026-07-13 10:57,For Sale
84005780,3210 Carlisle St Unit 37,75204,Dallas,TX,32.8048,-96.80165,699000,303.0,,666900.0,5174.0,2.0,3.0,2306.0,2006.0,2.568,condo,2,749450.0,2025,https://www.zillow.com,https://photos.zillowstatic.com/fp/ec3b9a73577e88c8f7eac1de840b5ed9-p_c.jpg,2026-07-13 10:57,For Sale
26598532,6209 Baymar Ln,75252,Dallas,TX,32.989975,-96.79703,1248000,381.0,,1181100.0,6141.0,5.0,3.0,3272.0,1983.0,0.58,singleFamily,3,820024.0,2025,https://www.zillow.com,https://photos.zillowstatic.com/fp/e029882721e7b5e90b0dc1567c6f1fcf-p_c.jpg,2026-07-13 10:57,For Sale
26739989,9030 San Benito Way,75218,Dallas,TX,32.822,-96.702095,575000,292.0,-24000.0,,,3.0,2.0,1967.0,1938.0,9583.2,singleFamily,31,597980.0,2025,https://www.zillow.com,https://photos.zillowstatic.com/fp/532ee25b6bab765058a72fa12ca9d3b6-p_c.jpg,2026-07-13 10:57,For Sale
26909233,3232 Wilbarger Dr,75227,Dallas,TX,32.764366,-96.660416,125000,99.0,,197900.0,1821.0,3.0,1.0,1258.0,1983.0,4268.88,singleFamily,5,203640.0,2025,https://www.zillow.com,https://photos.zillowstatic.com/fp/13b2d671970a8b1c208651a0bb79107a-p_c.jpg,2026-07-13 10:57,For Sale
26703397,6245 Martel Ave,75214,Dallas,TX,32.83199,-96.75821,1725000,398.0,,1666200.0,3154.0,5.0,4.0,4337.0,2026.0,6181.164,singleFamily,1,525360.0,2025,https://www.zillow.com,https://photos.zillowstatic.com/fp/beaac0effd77f0d3d12fa8969a3e61c8-p_c.jpg,2026-07-13 10:57,For Sale
26712869,1414 Kings Hwy,75208,Dallas,TX,32.752922,-96.844246,699000,374.0,,672000.0,3695.0,3.0,2.0,1868.0,1921.0,7274.52,singleFamily,18,650000.0,2025,https://www.zillow.com,https://photos.zillowstatic.com/fp/a0af46e3008ffa1b0f0abba843167c5c-p_c.jpg,2026-07-13 10:57,For Sale
96502655,6322 S Lancaster Rd,75241,Dallas,TX,32.66862,-96.78269,279000,192.0,-10000.0,278500.0,2044.0,3.0,2.0,1453.0,2022.0,6011.28,singleFamily,17,315190.0,2025,https://www.zillow.com,https://photos.zillowstatic.com/fp/3d037e4294a28b03c985c91435d93087-p_c.jpg,2026-07-13 10:57,For Sale
53389844,2218 Ash Grove Way,75228,Dallas,TX,32.811115,-96.70503,649999,279.0,-19001.0,,,4.0,3.0,2329.0,2001.0,4617.36,singleFamily,66,583460.0,2025,https://www.zillow.com,https://photos.zillowstatic.com/fp/9957113ca0124e7c50f4e4bd6bf57483-p_c.jpg,2026-07-13 10:57,For Sale
463741884,332 Avenue E E,75203,Dallas,TX,32.745186,-96.794556,334500,191.0,,,,3.0,3.0,1747.0,2023.0,4443.12,singleFamily,4,,,https://www.zillow.com,https://photos.zillowstatic.com/fp/4fe6e74274a1e732fa14be9c91dc25fd-p_c.jpg,2026-07-13 10:57,For Sale
26749361,6418 Axton Ln,75214,Dallas,TX,32.84543,-96.75202,625000,399.0,,598200.0,2874.0,2.0,2.0,1568.0,1953.0,7405.2,singleFamily,7,623740.0,2025,https://www.zillow.com,https://photos.zillowstatic.com/fp/beb34e931bd6f9a2133e3f96ba5a4cec-p_c.jpg,2026-07-13 10:57,For Sale
26764165,6714 Day St,75227,Dallas,TX,32.76784,-96.704414,210000,169.0,,206600.0,1347.0,3.0,2.0,1243.0,1948.0,7579.44,singleFamily,12,176030.0,2025,https://www.zillow.com,https://photos.zillowstatic.com/fp/4ec22cdcbbeac5969f53d26620269795-p_c.jpg,2026-07-13 10:57,For Sale
26632277,4133 Winding Way Ct,75287,Dallas,TX,33.00884,-96.83971,399000,176.0,-31000.0,395200.0,3675.0,3.0,2.0,2268.0,1986.0,7405.2,singleFamily,128,539667.0,2025,https://www.zillow.com,https://photos.zillowstatic.com/fp/65f37f0fa21a264d044b89aa425962bd-p_c.jpg,2026-07-13 10:57,For Sale
26701362,6958 Coronado Ave,75214,Dallas,TX,32.811596,-96.738655,1650000,455.0,,,,4.0,4.0,3628.0,2021.0,7013.16,singleFamily,2,1591320.0,2025,https://www.zillow.com,https://photos.zillowstatic.com/fp/088fe3e8631744e962232988f2644ad7-p_c.jpg,2026-07-13 10:57,For Sale
462787428,3193 & 3195 Stag Rd,75241,Dallas,TX,32.69554,-96.76238,685000,199.0,-15000.0,678700.0,2713.0,6.0,6.0,3440.0,2026.0,6882.48,multiFamily,44,,,https://www.zillow.com,https://photos.zillowstatic.com/fp/9c6a2122c5adca5037f39bbcd556103b-p_c.jpg,2026-07-13 10:57,For Sale
69677337,4130 Newton Ave APT F,75219,Dallas,TX,32.81827,-96.80567,229000,190.0,-21000.0,219900.0,2204.0,1.0,2.0,1208.0,1974.0,9191.16,condo,57,320120.0,2025,https://www.zillow.com,https://photos.zillowstatic.com/fp/c40a6de5799a1cafea5a255068e0d553-p_c.jpg,2026-07-13 10:57,For Sale
26874199,6631 Fireflame Dr,75248,Dallas,TX,32.960667,-96.79233,815000,325.0,-14900.0,,,4.0,3.0,2506.0,1978.0,7492.32,singleFamily,26,540750.0,2025,https://www.zillow.com,https://photos.zillowstatic.com/fp/365949c8946bb9ab043a62d1308d2d8a-p_c.jpg,2026-07-13 10:57,For Sale
26685421,419 Cameron Ave,75223,Dallas,TX,32.80415,-96.74734,1075000,319.0,,1061100.0,5743.0,4.0,4.0,3375.0,2026.0,6098.0,singleFamily,3,275170.0,2025,https://www.zillow.com,https://photos.zillowstatic.com/fp/9c3fc9e358ca211b79254b657228f8e7-p_c.jpg,2026-07-13 10:57,For Sale
26851199,8630 Rolling Rock Ln,75238,Dallas,TX,32.866524,-96.692635,750000,360.0,,720600.0,3612.0,4.0,4.0,2083.0,1955.0,8058.6,singleFamily,6,661180.0,2025,https://www.zillow.com,https://photos.zillowstatic.com/fp/8fee0696109ab0dfa47d3d6222a8e32d-p_c.jpg,2026-07-13 10:57,For Sale
26853018,8734 Westfield Dr,75243,Dallas,TX,32.90191,-96.7518,479950,324.0,,454900.0,2618.0,3.0,2.0,1482.0,1958.0,7666.56,singleFamily,2,427070.0,2025,https://www.zillow.com,https://photos.zillowstatic.com/fp/27a8e962917d18cba50fb00fc250bd84-p_c.jpg,2026-07-13 10:57,For Sale
26723274,1634 E Missouri Ave,75216,Dallas,TX,32.71842,-96.798645,310000,152.0,,306900.0,2676.0,4.0,2.0,2041.0,2021.0,7579.44,singleFamily,6,335790.0,2025,https://www.zillow.com,https://photos.zillowstatic.com/fp/37ae855f3d1ba4dcbf6a93469e24db92-p_c.jpg,2026-07-13 10:57,For Sale
83995167,3102 Kings Rd APT 2212,75219,Dallas,TX,32.81879,-96.81956,265000,274.0,,256100.0,1797.0,2.0,2.0,968.0,2001.0,1.998,condo,0,279020.0,2025,https://www.zillow.com,https://photos.zillowstatic.com/fp/07cf29ccaec82c512b8ce0c127337f3d-p_c.jpg,2026-07-13 10:57,For Sale
26785219,5610 Enchanted Ln,75227,Dallas,TX,32.790222,-96.70444,435000,244.0,,431300.0,2791.0,3.0,3.0,1781.0,1963.0,7535.88,singleFamily,1,329770.0,2025,https://www.zillow.com,https://photos.zillowstatic.com/fp/f0d430b7cf0f6969f0bfb5f702dddac2-p_c.jpg,2026-07-13 10:57,For Sale
26751527,8011 Eagle Trl,75238,Dallas,TX,32.867283,-96.726135,825000,344.0,,784400.0,3238.0,3.0,2.0,2400.0,1955.0,0.255,singleFamily,2,826590.0,2025,https://www.zillow.com,https://photos.zillowstatic.com/fp/7eba97b1c4c6639c0ff5993a599e41f6-p_c.jpg,2026-07-13 10:57,For Sale
26911599,332 Kahala Dr,75218,Dallas,TX,32.856606,-96.70266,699000,226.0,,680100.0,3912.0,4.0,3.0,3089.0,1997.0,5052.96,singleFamily,2,600980.0,2025,https://www.zillow.com,https://photos.zillowstatic.com/fp/f96d3a494a82cb247b454acc650ae9e1-p_c.jpg,2026-07-13 10:57,For Sale
248828051,8121 Ferguson Rd,75228,Dallas,TX,32.80433,-96.71146,465000,150.0,-10000.0,454000.0,2107.0,6.0,4.0,3098.0,1969.0,10628.64,multiFamily,53,514650.0,2025,https://www.zillow.com,https://photos.zillowstatic.com/fp/ad1b13fecf71156c1981f4d68a558ea5-p_c.jpg,2026-07-13 10:57,For Sale
96514370,2418 Merlin St,75215,Dallas,TX,32.77463,-96.77442,299900,180.0,14900.0,295200.0,2684.0,3.0,3.0,1669.0,2025.0,,singleFamily,359,90000.0,2025,https://www.zillow.com,https://photos.zillowstatic.com/fp/91b90021b7264137b0710455580e2b4f-p_c.jpg,2026-07-13 10:57,For Sale
26896925,2210 Ben Hur St,75253,Dallas,TX,32.676193,-96.61515,115000,106.0,,182900.0,1616.0,3.0,1.0,1080.0,1950.0,7409.556,singleFamily,3,194790.0,2025,https://www.zillow.com,https://photos.zillowstatic.com/fp/eccd4c2dba13c1f6b11d5b877097c4f6-p_c.jpg,2026-07-13 10:57,For Sale
26906064,2955 S Bend Dr,75229,Dallas,TX,32.896416,-96.86191,440000,271.0,,427000.0,2782.0,3.0,3.0,1626.0,1987.0,3049.2,singleFamily,3,384400.0,2025,https://www.zillow.com,https://photos.zillowstatic.com/fp/307f16a63a2d124adb0a040dda8d5b99-p_c.jpg,2026-07-13 10:57,For Sale
162361676,9946 Vistadale Dr,75238,Dallas,TX,32.888195,-96.71434,785000,343.0,,,,4.0,3.0,2286.0,1966.0,8799.12,singleFamily,17,583000.0,2025,https://www.zillow.com,https://photos.zillowstatic.com/fp/c515e35fc0ce64b7e10ecf808ffe36ed-p_c.jpg,2026-07-13 10:57,For Sale
26883717,8434 Bellingham Dr,75228,Dallas,TX,32.798855,-96.69426,549000,229.0,,533900.0,3817.0,5.0,3.0,2395.0,1964.0,8929.8,singleFamily,3,509210.0,2025,https://www.zillow.com,https://photos.zillowstatic.com/fp/fc706f85d2a602daef17a9d4e64b4448-p_c.jpg,2026-07-13 10:57,For Sale
26853832,626 Shadyway Dr,75232,Dallas,TX,32.651527,-96.83278,249900,140.0,-55100.0,,,4.0,2.0,1788.0,1962.0,0.251,singleFamily,125,314330.0,2025,https://www.zillow.com,https://photos.zillowstatic.com/fp/a380b70b271fc17cdf3e2c2b73bda3f2-p_c.jpg,2026-07-13 10:57,For Sale
26927701,4023 Wycliff Ave APT 204,75219,Dallas,TX,32.819965,-96.807594,275000,187.0,,266100.0,2871.0,3.0,2.0,1470.0,1965.0,0.263,condo,59,330000.0,2025,https://www.zillow.com,https://photos.zillowstatic.com/fp/feafb3b3e33f580f691b017c6d51886a-p_c.jpg,2026-07-13 10:57,For Sale
26732500,2217 52nd St,75216,Dallas,TX,32.69081,-96.78857,255000,149.0,-5000.0,,2143.0,3.0,2.0,1712.0,1960.0,8232.84,singleFamily,34,234420.0,2025,https://www.zillow.com,https://photos.zillowstatic.com/fp/bab4aed9ac9dd51aa0a1798f7380b796-p_c.jpg,2026-07-13 10:57,For Sale
26926331,2220 Canton St #507,75201,Dallas,TX,32.780212,-96.7885,685000,298.0,,672000.0,3232.0,2.0,2.0,2296.0,1925.0,0.9590000000000001,condo,1,640000.0,2025,https://www.zillow.com,https://photos.zillowstatic.com/fp/d26c35c198f329762d607fbcbe108892-p_c.jpg,2026-07-13 10:57,For Sale
27338485,2711 Van Gogh Pl,75287,Dallas,TX,33.00472,-96.8632,375000,213.0,,,,3.0,3.0,1757.0,1984.0,4486.68,singleFamily,4,357741.0,2025,https://www.zillow.com,https://photos.zillowstatic.com/fp/3cff9371d7ac95072c4d53b288a7f7ee-p_c.jpg,2026-07-13 10:57,For Sale
459246451,2972 Audles Ln,75212,Dallas,TX,32.78199,-96.86831,337000,194.0,,,,4.0,3.0,1739.0,2023.0,3702.6,singleFamily,3,324170.0,2025,https://www.zillow.com,https://photos.zillowstatic.com/fp/e08d128a894870fd8dd32bad2f27686d-p_c.jpg,2026-07-13 10:57,For Sale
26762471,4419 Lawnview Ave,75227,Dallas,TX,32.78305,-96.72165,179900,189.0,,173000.0,1684.0,2.0,1.0,950.0,1949.0,6403.32,singleFamily,33,201930.0,2025,https://www.zillow.com,https://photos.zillowstatic.com/fp/62db4fc6e9350773f014b7d2a195265d-p_c.jpg,2026-07-13 10:57,For Sale
333140526,5531 Walnut Hill Ln,75229,Dallas,TX,32.88134,-96.81123,14997000,1250.0,-998000.0,13894500.0,44765.0,5.0,9.0,11997.0,2025.0,1.935,singleFamily,125,9628680.0,2025,https://www.zillow.com,https://photos.zillowstatic.com/fp/b66ba1ba3e875d4f7420766b86704a95-p_c.jpg,2026-07-13 10:57,For Sale
26692111,5207 Mission Ave,75206,Dallas,TX,32.817104,-96.78269,869000,562.0,-30995.0,,,2.0,2.0,1547.0,1925.0,6708.24,singleFamily,10,893400.0,2025,https://www.zillow.com,https://photos.zillowstatic.com/fp/534749d0073cd45d8c92ec52b3f4bb8b-p_c.jpg,2026-07-13 10:57,For Sale
26760464,5807 Glen Falls Ln,75209,Dallas,TX,32.86401,-96.81352,9625000,1056.0,,9060600.0,7586.0,5.0,8.0,9118.0,2026.0,0.514,singleFamily,23,2015100.0,2025,https://www.zillow.com,https://photos.zillowstatic.com/fp/bb7da9088016786ee4b772862254593b-p_c.jpg,2026-07-13 10:57,For Sale
26833627,1810 Bickers St,75212,Dallas,TX,32.786808,-96.84838,579000,241.0,,566900.0,2556.0,4.0,4.0,2400.0,2026.0,5401.44,singleFamily,9,255620.0,2025,https://www.zillow.com,https://photos.zillowstatic.com/fp/7c93197a3e4fa4d75bf7bc66024c6dca-p_c.jpg,2026-07-13 10:57,For Sale
26694852,5740 Morningside Ave,75206,Dallas,TX,32.828663,-96.76843,1495000,515.0,,1434400.0,7589.0,3.0,4.0,2901.0,1925.0,10105.92,singleFamily,44,1304560.0,2025,https://www.zillow.com,https://photos.zillowstatic.com/fp/ec92ed535537bbcf28ed2b8ea231ff87-p_c.jpg,2026-07-13 10:57,For Sale
26872672,6646 Hillbriar Dr,75248,Dallas,TX,32.953167,-96.79552,575000,228.0,,556400.0,4578.0,4.0,3.0,2517.0,1972.0,10541.52,singleFamily,2,589320.0,2025,https://www.zillow.com,https://photos.zillowstatic.com/fp/78c9632a350233e358f0950a5914bca1-p_c.jpg,2026-07-13 10:57,For Sale
26680077,4129 Bowser Ave,75219,Dallas,TX,32.816257,-96.80915,746900,189.0,-39100.0,,,3.0,3.0,3956.0,1927.0,6141.96,singleFamily,45,1039410.0,2025,https://www.zillow.com,https://photos.zillowstatic.com/fp/58aaeebd5318249c8317fa1e5fe51600-p_c.jpg,2026-07-13 10:57,For Sale
26729594,1902 Norfolk Ave,75203,Dallas,TX,32.732082,-96.79639,339999,161.0,-10000.0,333800.0,2410.0,3.0,2.0,2108.0,1938.0,7361.64,singleFamily,25,363050.0,2025,https://www.zillow.com,https://photos.zillowstatic.com/fp/aadc73c23d3ea5caccfd4b7061a810ed-p_c.jpg,2026-07-13 10:57,For Sale
26740666,8314 San Cristobal Dr,75218,Dallas,TX,32.81077,-96.71232,3850000,551.0,,779600.0,3545.0,5.0,6.0,6986.0,2026.0,0.528,singleFamily,3,915050.0,2025,https://www.zillow.com,https://photos.zillowstatic.com/fp/bf4d77a02361683d91489579ec252db0-p_c.jpg,2026-07-13 10:57,For Sale
53071042,18636 Crownover Ct,75252,Dallas,TX,33.00516,-96.79521,600000,248.0,,579800.0,4239.0,3.0,3.0,2422.0,1981.0,10454.4,singleFamily,9,572707.0,2025,https://www.zillow.com,https://photos.zillowstatic.com/fp/71aaadd36a4a30898a9793fa53a28302-p_c.jpg,2026-07-13 10:57,For Sale
96527322,2370 Fatima Ave,75241,Dallas,TX,32.67423,-96.78172,470000,239.0,,,,3.0,2.0,1970.0,2025.0,7405.2,singleFamily,3,179880.0,2025,https://www.zillow.com,https://photos.zillowstatic.com/fp/81ad1242855897c9df4525fee7a00d95-p_c.jpg,2026-07-13 10:57,For Sale
26836236,3811 Harlingen St,75212,Dallas,TX,32.78841,-96.90492,449900,221.0,,,,4.0,3.0,2032.0,2026.0,7274.52,singleFamily,17,100000.0,2025,https://www.zillow.com,https://photos.zillowstatic.com/fp/2b96bddd3253b64e037ce27f37c52f48-p_c.jpg,2026-07-13 10:57,For Sale
26814311,6633 Emhouse St,75232,Dallas,TX,32.66675,-96.828224,245000,141.0,,241800.0,2278.0,4.0,2.0,1738.0,1949.0,10062.36,singleFamily,19,265760.0,2025,https://www.zillow.com,https://photos.zillowstatic.com/fp/ac3bc145aec85a5e339c8ee0d2272778-p_c.jpg,2026-07-13 10:57,For Sale
26704291,5535 McCommas Blvd,75206,Dallas,TX,32.83021,-96.773,1175000,512.0,-24000.0,1136200.0,5362.0,4.0,3.0,2294.0,1928.0,8624.88,singleFamily,41,935000.0,2025,https://www.zillow.com,https://photos.zillowstatic.com/fp/b1a60f2881ee45a403d8c7b76f79fe56-p_c.jpg,2026-07-13 10:57,For Sale
26750186,6706 Pimlico Dr,75214,Dallas,TX,32.8507,-96.74407,750000,350.0,-49900.0,727500.0,5738.0,4.0,3.0,2140.0,1954.0,7405.2,singleFamily,31,607580.0,2025,https://www.zillow.com,https://photos.zillowstatic.com/fp/b8269d748e4f4c968f51e3b59018252a-p_c.jpg,2026-07-13 10:57,For Sale
26865881,9503 Summerhill Ln,75238,Dallas,TX,32.893238,-96.72212,429000,206.0,-10000.0,418800.0,2637.0,3.0,3.0,2080.0,1978.0,9888.12,singleFamily,39,427630.0,2025,https://www.zillow.com,https://photos.zillowstatic.com/fp/f1f8a495b4a59ea4368ad643b83f3cd9-p_c.jpg,2026-07-13 10:57,For Sale
26699986,6718 Victoria Ave,75209,Dallas,TX,32.840225,-96.83092,1325000,293.0,,1289100.0,7430.0,6.0,6.0,4517.0,2023.0,6490.44,singleFamily,6,1350540.0,2025,https://www.zillow.com,https://photos.zillowstatic.com/fp/ce4e73e6ebd78047d646817790caa445-p_c.jpg,2026-07-13 10:57,For Sale
26657047,18008 Windflower Way,75252,Dallas,TX,32.997227,-96.80298,395000,211.0,,,,3.0,3.0,1869.0,1992.0,3049.2,singleFamily,9,450784.0,2025,https://www.zillow.com,https://photos.zillowstatic.com/fp/4e4f260f4db983be815f69dd40efd366-p_c.jpg,2026-07-13 10:57,For Sale
333139944,613 N Dwight Ave,75211,Dallas,TX,32.750134,-96.90789,468999,248.0,-1.0,460900.0,3163.0,4.0,2.0,1894.0,2026.0,8712.0,singleFamily,39,62720.0,2025,https://www.zillow.com,https://photos.zillowstatic.com/fp/4f32e476feac9b5828c28b5dc447e358-p_c.jpg,2026-07-13 10:57,For Sale
96508124,4607 Metropolitan Ave,75210,Dallas,TX,32.778957,-96.745674,265000,187.0,-7800.0,,1925.0,3.0,2.0,1415.0,2026.0,5662.8,singleFamily,80,40170.0,2025,https://www.zillow.com,https://photos.zillowstatic.com/fp/a8fe76d9dd50a73d7c8fa0581b165d53-p_c.jpg,2026-07-13 10:57,For Sale
26903486,6103 Aberdeen Ave,75230,Dallas,TX,32.882557,-96.801414,5695000,999.0,,5370900.0,8363.0,4.0,7.0,5700.0,2026.0,0.35600000000000004,singleFamily,40,2502990.0,2025,https://www.zillow.com,https://photos.zillowstatic.com/fp/e4c1250a907c0446c3d52f3576ebd045-p_c.jpg,2026-07-13 10:57,For Sale
26607707,6214 Berthoud Pass,75252,Dallas,TX,32.991364,-96.798355,599995,275.0,,,,3.0,2.0,2182.0,1984.0,7840.8,singleFamily,25,542540.0,2025,https://www.zillow.com,https://photos.zillowstatic.com/fp/c1d49dc558301a521c8812b04605be91-p_c.jpg,2026-07-13 10:57,For Sale
26884862,11218 Buchanan Dr,75228,Dallas,TX,32.84821,-96.656494,325000,170.0,,,,4.0,3.0,1908.0,1963.0,8363.52,singleFamily,3,309850.0,2025,https://www.zillow.com,https://photos.zillowstatic.com/fp/67898661cde8442d1dbcf8de02312c03-p_c.jpg,2026-07-13 10:57,For Sale
26731260,7619 Kenwell St,75209,Dallas,TX,32.849133,-96.8277,1650000,402.0,,,,4.0,5.0,4104.0,2024.0,8842.68,singleFamily,2,754090.0,2025,https://www.zillow.com,https://photos.zillowstatic.com/fp/8fe8ac9c1ca7165abe4b76330c7d23b9-p_c.jpg,2026-07-13 10:57,For Sale
26846390,2304 Babalos Ln,75228,Dallas,TX,32.80822,-96.676125,409999,217.0,-10000.0,401500.0,3022.0,3.0,3.0,1892.0,1968.0,8433.216,singleFamily,19,361940.0,2025,https://www.zillow.com,https://photos.zillowstatic.com/fp/829ca234a8ff634af94febd0aac544b5-p_c.jpg,2026-07-13 10:57,For Sale
80241858,1966 Courtside Dr,75051,Grand Prairie,TX,32.724297,-96.97499,334900,143.0,,330600.0,2882.0,5.0,4.0,2339.0,2006.0,5009.4,singleFamily,2,440890.0,2025,https://www.zillow.com,https://photos.zillowstatic.com/fp/a011d47a348a5f29917a9d088720f67a-p_c.jpg,2026-07-13 10:57,For Sale
26897881,2611 Colby St,75204,Dallas,TX,32.794273,-96.7986,775000,312.0,,754100.0,5010.0,2.0,3.0,2484.0,1997.0,1611.72,townhome,6,628000.0,2025,https://www.zillow.com,https://photos.zillowstatic.com/fp/6ccdbecfda794efe42e60bcf14744921-p_c.jpg,2026-07-13 10:57,For Sale
26831226,2320 Chart Dr,75228,Dallas,TX,32.809082,-96.703445,499000,270.0,,484900.0,2232.0,2.0,2.0,1849.0,1961.0,0.368,singleFamily,3,470000.0,2025,https://www.zillow.com,https://photos.zillowstatic.com/fp/d4658ff78dd9ad068d722c9cc5cb6631-p_c.jpg,2026-07-13 10:57,For Sale
26739325,8522 Park Ln APT 15,75231,Dallas,TX,32.87035,-96.75758,220000,104.0,,211800.0,2076.0,3.0,3.0,2120.0,1979.0,1.235,condo,37,275600.0,2025,https://www.zillow.com,https://photos.zillowstatic.com/fp/93074ac32cf753c068a038fb0c32d087-p_c.jpg,2026-07-13 10:57,For Sale
96496175,5328 Manett St,75206,Dallas,TX,32.817657,-96.77831,1595000,468.0,-55000.0,1533200.0,7467.0,5.0,4.0,3411.0,2015.0,7492.32,singleFamily,22,1267630.0,2025,https://www.zillow.com,https://photos.zillowstatic.com/fp/d00389973ebaf780a36141cbf95726a1-p_c.jpg,2026-07-13 10:57,For Sale
26610131,7306 Highland Glen Trl,75248,Dallas,TX,32.98711,-96.781235,499000,248.0,,482900.0,2815.0,3.0,3.0,2009.0,1981.0,6534.0,singleFamily,10,562261.0,2025,https://www.zillow.com,https://photos.zillowstatic.com/fp/c0a9962b732a37422d570b03eb50e06d-p_c.jpg,2026-07-13 10:57,For Sale
26890126,6706 La Manga Dr,75248,Dallas,TX,32.971645,-96.79065,810000,311.0,,775800.0,3496.0,4.0,3.0,2601.0,1980.0,8276.4,singleFamily,5,825000.0,2025,https://www.zillow.com,https://photos.zillowstatic.com/fp/8b8b517b515b190d97bfa10610d50d24-p_c.jpg,2026-07-13 10:57,For Sale
26851066,9235 Rolling Rock Ln,75238,Dallas,TX,32.87389,-96.694115,499000,263.0,-26000.0,,,3.0,2.0,1895.0,1974.0,10410.84,singleFamily,38,483760.0,2025,https://www.zillow.com,https://photos.zillowstatic.com/fp/4a44c23ce4fb9fc81880410e5b47804d-p_c.jpg,2026-07-13 10:57,For Sale
26701044,7159 Wildgrove Ave,75214,Dallas,TX,32.81608,-96.73312,2197000,524.0,-103000.0,,,5.0,5.0,4195.0,2026.0,9060.48,singleFamily,66,818680.0,2025,https://www.zillow.com,https://photos.zillowstatic.com/fp/c3eb07c41db5dda388f419e2f5b786e8-p_c.jpg,2026-07-13 10:57,For Sale
26879909,3883 Antigua Cir,75244,Dallas,TX,32.92041,-96.84846,845000,263.0,,,,4.0,3.0,3216.0,1968.0,0.36,singleFamily,9,435070.0,2025,https://www.zillow.com,https://photos.zillowstatic.com/fp/216ee4acf4571949a8548f61113a6335-p_c.jpg,2026-07-13 10:57,For Sale
26754886,6517 Prestonshire Ln,75225,Dallas,TX,32.87606,-96.79282,4850000,640.0,,4510200.0,21737.0,6.0,8.0,7584.0,2016.0,0.413,singleFamily,16,3800000.0,2025,https://www.zillow.com,https://photos.zillowstatic.com/fp/83e00841e87b5747d10438cd5f93507e-p_c.jpg,2026-07-13 10:57,For Sale
27294011,3415 Misty Meadow Dr,75287,Dallas,TX,32.993355,-96.86085,469900,182.0,,459300.0,2831.0,3.0,3.0,2587.0,1997.0,6272.64,singleFamily,2,476063.0,2025,https://www.zillow.com,https://photos.zillowstatic.com/fp/362215c6c5847167cc6eb08e157734c6-p_c.jpg,2026-07-13 10:57,For Sale
26771522,1839 Shelmire Dr,75224,Dallas,TX,32.72763,-96.83644,599900,288.0,,,,3.0,2.0,2080.0,1954.0,0.27999999999999997,singleFamily,4,507090.0,2025,https://www.zillow.com,https://photos.zillowstatic.com/fp/ff9e3c44fc412d7a92d059eed0c06748-p_c.jpg,2026-07-13 10:57,For Sale
26756970,10920 Strait Ln,75229,Dallas,TX,32.898327,-96.82428,9750000,870.0,-249999.0,9093600.0,7133.0,6.0,10.0,11211.0,2025.0,0.721,singleFamily,74,9362840.0,2025,https://www.zillow.com,https://photos.zillowstatic.com/fp/20d0cf0eb60450b125fba124e6413651-p_c.jpg,2026-07-13 10:57,For Sale
26931799,9829 Walnut St APT 306,75243,Dallas,TX,32.922836,-96.71392,49900,103.0,,44600.0,865.0,1.0,1.0,486.0,2015.0,8.814,condo,1,61970.0,2025,https://www.zillow.com,https://photos.zillowstatic.com/fp/7057ef64a5adce55f965e21a33560f10-p_c.jpg,2026-07-13 10:57,For Sale
443638165,6006 Meadow Crst,75230,Dallas,TX,32.903107,-96.80368,4600000,626.0,,,,5.0,7.0,7354.0,2025.0,0.47729999999999995,singleFamily,2,,,https://www.zillow.com,https://photos.zillowstatic.com/fp/7c81d66ed95cf179f68da927959cf26c-p_c.jpg,2026-07-13 10:57,For Sale
26898188,4229 N Hall St APT D,75219,Dallas,TX,32.814472,-96.8133,650000,313.0,,,,2.0,3.0,2078.0,1999.0,2134.44,singleFamily,4,602620.0,2025,https://www.zillow.com,https://photos.zillowstatic.com/fp/1f421936b4155070c68627907c24d973-p_c.jpg,2026-07-13 10:57,For Sale
26653330,17919 Castle Bend Dr,75287,Dallas,TX,32.99514,-96.831825,1100000,261.0,,1033300.0,5432.0,4.0,4.0,4209.0,1993.0,0.25,singleFamily,6,944840.0,2025,https://www.zillow.com,https://photos.zillowstatic.com/fp/d847ccb2e53242968ff4bf1d24b80730-p_c.jpg,2026-07-13 10:57,For Sale
67961530,2522 Wilhurt Ave,75216,Dallas,TX,32.703674,-96.78344,149900,120.0,-10100.0,,1944.0,4.0,2.0,1244.0,1940.0,6359.76,singleFamily,43,246150.0,2025,https://www.zillow.com,https://photos.zillowstatic.com/fp/cf00a5b9db34c932e46b63392ef8d893-p_c.jpg,2026-07-13 10:57,For Sale
26754961,6830 Stefani Dr,75225,Dallas,TX,32.877728,-96.7874,5500000,732.0,,5271500.0,7744.0,5.0,7.0,7517.0,2026.0,0.413,singleFamily,15,1468770.0,2025,https://www.zillow.com,https://photos.zillowstatic.com/fp/b551583c4a8de3af10c5380b36e08b37-p_c.jpg,2026-07-13 10:57,For Sale
336871821,1504 Burlew St Unit 101,75204,Dallas,TX,32.80067,-96.77944,500000,332.0,-10000.0,487400.0,2827.0,2.0,3.0,1505.0,2017.0,0.261,townhome,3,443980.0,2025,https://www.zillow.com,https://photos.zillowstatic.com/fp/d5937063c6a3c3fb0629b44f011316a3-p_c.jpg,2026-07-13 10:57,For Sale
26860038,8034 Greenhollow Ln,75240,Dallas,TX,32.93785,-96.76769,418000,200.0,,414600.0,3014.0,5.0,3.0,2086.0,1961.0,8102.16,singleFamily,59,314120.0,2025,https://www.zillow.com,https://photos.zillowstatic.com/fp/d99684671c4bcd078842ebe66e66f571-p_c.jpg,2026-07-13 10:57,For Sale
26901389,5335 Bent Tree Forest Dr APT 119,75248,Dallas,TX,32.965923,-96.81654,124900,160.0,-20000.0,,1354.0,1.0,2.0,783.0,1981.0,8.766,singleFamily,114,198790.0,2025,https://www.zillow.com,https://photos.zillowstatic.com/fp/8e2c10f78e61b15e14f30ae8f931eff1-p_c.jpg,2026-07-13 10:57,For Sale
26833357,3610 Vilbig Rd,75212,Dallas,TX,32.786633,-96.84756,439000,187.0,,430100.0,3159.0,4.0,3.0,2353.0,2020.0,7840.8,singleFamily,25,570300.0,2025,https://www.zillow.com,https://photos.zillowstatic.com/fp/7f63041710c660cb2a816fb2347570b7-p_c.jpg,2026-07-13 10:57,For Sale
55826302,4548 Via James Jacob,75211,Dallas,TX,32.73773,-96.89652,280000,266.0,,,,3.0,2.0,1051.0,2001.0,5270.76,singleFamily,6,227790.0,2025,https://www.zillow.com,https://photos.zillowstatic.com/fp/acabcbe013eb93fb2113bc42ebae4cd8-p_c.jpg,2026-07-13 10:57,For Sale
26832847,3402 Crossman Ave,75212,Dallas,TX,32.783436,-96.840996,349900,222.0,,343500.0,2728.0,3.0,2.0,1575.0,2022.0,4835.16,singleFamily,4,422560.0,2025,https://www.zillow.com,https://photos.zillowstatic.com/fp/09c46d25737b0bdfea4faa964260ea9a-p_c.jpg,2026-07-13 10:57,For Sale
26857947,4432 Willow Ln,75244,Dallas,TX,32.91401,-96.83275,1799000,430.0,,,7691.0,5.0,6.0,4181.0,1963.0,0.39,singleFamily,44,1225310.0,2025,https://www.zillow.com,https://photos.zillowstatic.com/fp/3b31670be038c9f15ddb6c1f87e35ca0-p_c.jpg,2026-07-13 10:57,For Sale
53390066,1412 Santa Elena Plz,75211,Dallas,TX,32.733715,-96.915115,309500,164.0,-5500.0,304800.0,2567.0,4.0,3.0,1886.0,2000.0,6185.52,singleFamily,40,329800.0,2025,https://www.zillow.com,https://photos.zillowstatic.com/fp/f28dcf185c978c70092bbfb0d19bf917-p_c.jpg,2026-07-13 10:57,For Sale
26740356,8423 Santa Clara Dr,75218,Dallas,TX,32.816525,-96.713554,1795000,528.0,,1674500.0,5453.0,4.0,3.0,3400.0,1947.0,0.459,singleFamily,4,1303670.0,2025,https://www.zillow.com,https://photos.zillowstatic.com/fp/4698947141bc0b6c708b619ebc5fa83b-p_c.jpg,2026-07-13 10:57,For Sale
26752424,6936 Stefani Dr,75225,Dallas,TX,32.87816,-96.78539,1200000,431.0,,,5635.0,4.0,3.0,2784.0,1967.0,0.30647382920110194,singleFamily,66,800000.0,2025,https://www.zillow.com,https://photos.zillowstatic.com/fp/11ae8562cb0bb5b2c71e07f66484b236-p_c.jpg,2026-07-13 10:57,For Sale
26883459,11926 Leisure Dr,75243,Dallas,TX,32.911163,-96.71145,175000,118.0,-9900.0,179800.0,2187.0,3.0,3.0,1478.0,1974.0,2613.6,townhome,25,237900.0,2025,https://www.zillow.com,https://photos.zillowstatic.com/fp/bb78898cd61d739bace1d102375e5263-p_c.jpg,2026-07-13 10:57,For Sale
26742743,10331 Eastwood Dr,75228,Dallas,TX,32.836155,-96.682785,538999,291.0,-11001.0,530300.0,2769.0,3.0,2.0,1850.0,2026.0,0.257,singleFamily,27,252970.0,2025,https://www.zillow.com,https://photos.zillowstatic.com/fp/410b97ed93a67116aefc0ab1e370fc47-p_c.jpg,2026-07-13 10:57,For Sale
69676228,1872 Summit Ave,75206,Dallas,TX,32.81327,-96.772095,550000,378.0,,533000.0,3157.0,2.0,3.0,1454.0,2005.0,2439.36,singleFamily,2,575760.0,2025,https://www.zillow.com,https://photos.zillowstatic.com/fp/4108a9d118e8dc0a34862ff8085a47bf-p_c.jpg,2026-07-13 10:57,For Sale
26857232,4519 Yancy St,75216,Dallas,TX,32.71156,-96.74719,300000,199.0,,295800.0,2220.0,4.0,2.0,1510.0,2019.0,10759.32,singleFamily,19,309010.0,2025,https://www.zillow.com,https://photos.zillowstatic.com/fp/522db04673ec16faafa4f0aae26ece79-p_c.jpg,2026-07-13 10:57,For Sale
26790707,3705 Seguin Dr,75220,Dallas,TX,32.878757,-96.855865,500000,208.0,-25000.0,498900.0,3964.0,3.0,2.0,2399.0,1951.0,9278.28,singleFamily,242,673540.0,2025,https://www.zillow.com,https://photos.zillowstatic.com/fp/0498695e56b0ae321fd47dcd9ef8ad25-p_c.jpg,2026-07-13 10:57,For Sale
26787721,3611 Marsh Lane Pl,75220,Dallas,TX,32.87962,-96.85696,525000,209.0,-50000.0,,,3.0,3.0,2512.0,1953.0,10846.44,singleFamily,96,575000.0,2025,https://www.zillow.com,https://photos.zillowstatic.com/fp/acb7031a247e670b8196f34514758855-p_c.jpg,2026-07-13 10:57,For Sale
26586762,5939 Bent Creek Trl,75252,Dallas,TX,33.00974,-96.8047,555000,267.0,-10000.0,541900.0,3089.0,4.0,3.0,2078.0,1982.0,10018.8,singleFamily,31,591441.0,2025,https://www.zillow.com,https://photos.zillowstatic.com/fp/c146195c576d0e21ad0e447be2459dff-p_c.jpg,2026-07-13 10:57,For Sale
80240634,8018 Arkan Pkwy,75241,Dallas,TX,32.648376,-96.81944,262500,172.0,-2500.0,261000.0,2016.0,3.0,2.0,1529.0,2006.0,5837.04,singleFamily,62,259940.0,2025,https://www.zillow.com,https://photos.zillowstatic.com/fp/04545688c4b64ee05fd248148fecf3db-p_c.jpg,2026-07-13 10:57,For Sale
26854874,7791 Los Gatos Dr,75232,Dallas,TX,32.652737,-96.85389,205000,98.0,,,,4.0,2.0,2092.0,1975.0,4530.24,singleFamily,13,260430.0,2025,https://www.zillow.com,https://photos.zillowstatic.com/fp/0e5697127644331d001e5099cfa008a2-p_c.jpg,2026-07-13 10:57,For Sale
96500680,2836 Kilburn Ave,75216,Dallas,TX,32.70151,-96.77502,268900,171.0,,267500.0,2405.0,4.0,2.0,1574.0,2018.0,7710.12,singleFamily,3,288380.0,2025,https://www.zillow.com,https://photos.zillowstatic.com/fp/56662bc3a634f753481a1882642f2cce-p_c.jpg,2026-07-13 10:57,For Sale
26854696,9908 Greenfield Dr,75238,Dallas,TX,32.87817,-96.7147,545000,280.0,,534500.0,3420.0,3.0,2.0,1946.0,1963.0,10018.8,singleFamily,17,564970.0,2025,https://www.zillow.com,https://photos.zillowstatic.com/fp/716e2db44d0bd8f75b11656e4aeb2356-p_c.jpg,2026-07-13 10:57,For Sale
96507257,3231 Fairview Ave,75223,Dallas,TX,32.78969,-96.73935,348000,218.0,,343700.0,2460.0,4.0,2.0,1600.0,2023.0,7492.32,singleFamily,87,306830.0,2025,https://www.zillow.com,https://photos.zillowstatic.com/fp/c5ec89f37caa22067edfafa6e023aa7e-p_c.jpg,2026-07-13 10:57,For Sale
96521686,3906 Harlingen St,75212,Dallas,TX,32.78901,-96.90426,565000,188.0,-15000.0,563300.0,4482.0,4.0,4.0,3000.0,2026.0,7230.96,singleFamily,103,100000.0,2025,https://www.zillow.com,https://photos.zillowstatic.com/fp/1141700b14422b49753d49947129604b-p_c.jpg,2026-07-13 10:57,For Sale
26747394,6150 Berwyn Ln,75214,Dallas,TX,32.843,-96.75879,824950,387.0,,788900.0,3896.0,3.0,2.0,2131.0,1967.0,9931.68,singleFamily,2,695360.0,2025,https://www.zillow.com,https://photos.zillowstatic.com/fp/4b47291e8ec3dfe614f6bca450099820-p_c.jpg,2026-07-13 10:57,For Sale
26609033,4123 Lawngate Dr,75287,Dallas,TX,33.003246,-96.839935,449900,226.0,-15100.0,,,3.0,3.0,1990.0,1984.0,8276.4,singleFamily,44,496236.0,2025,https://www.zillow.com,https://photos.zillowstatic.com/fp/b4328aac16b269164f9c91c1063b80f0-p_c.jpg,2026-07-13 10:57,For Sale
462937499,1900 S Ervay St #311,75215,Dallas,TX,32.769684,-96.78631,499900,350.0,,,,2.0,3.0,1430.0,2026.0,0.601,condo,38,,,https://www.zillow.com,https://photos.zillowstatic.com/fp/eaa25542a04ba89e38f82d8c8e7e0db4-p_c.jpg,2026-07-13 10:57,For Sale
26880523,4109 Candlenut Ln,75244,Dallas,TX,32.919994,-96.840614,899000,342.0,,860000.0,3519.0,4.0,3.0,2628.0,1970.0,10105.92,singleFamily,3,620570.0,2025,https://www.zillow.com,https://photos.zillowstatic.com/fp/c28df89f870766a76a7cf264f9af8908-p_c.jpg,2026-07-13 10:57,For Sale
26847657,9840 Twin Creek Dr,75228,Dallas,TX,32.827374,-96.68845,568995,263.0,,548200.0,3753.0,2.0,2.0,2166.0,1956.0,0.304,singleFamily,2,513000.0,2025,https://www.zillow.com,https://photos.zillowstatic.com/fp/06d4fa29ff15d93ef9bc784b9a769fcd-p_c.jpg,2026-07-13 10:57,For Sale
26740470,1623 San Rafael Dr,75218,Dallas,TX,32.807896,-96.71929,1650000,424.0,,1595500.0,5064.0,4.0,3.0,3892.0,1952.0,0.578,singleFamily,4,1396490.0,2025,https://www.zillow.com,https://photos.zillowstatic.com/fp/4a71492105deac6dae7c57d271fcfc25-p_c.jpg,2026-07-13 10:57,For Sale
26829283,12484 Montego Plz,75230,Dallas,TX,32.91961,-96.81638,560000,254.0,,542500.0,4571.0,3.0,3.0,2201.0,1979.0,2395.8,townhome,11,497650.0,2025,https://www.zillow.com,https://photos.zillowstatic.com/fp/b497a8bfd541d332575bdd30556d6c4d-p_c.jpg,2026-07-13 10:57,For Sale
26765857,3032 Dahlia Dr,75216,Dallas,TX,32.69769,-96.767334,100000,103.0,,,1412.0,2.0,1.0,972.0,1955.0,7579.44,singleFamily,14,145680.0,2025,https://www.zillow.com,https://photos.zillowstatic.com/fp/fead36c13381e0a7fd1c41b6e03f6530-p_c.jpg,2026-07-13 10:57,For Sale
26848384,13693 Peyton Dr,75240,Dallas,TX,32.934937,-96.778435,1695000,390.0,,1632100.0,7604.0,5.0,6.0,4347.0,2023.0,0.569,singleFamily,32,1255000.0,2025,https://www.zillow.com,https://photos.zillowstatic.com/fp/d163449193dfada43b943e6d54d278ae-p_c.jpg,2026-07-13 10:57,For Sale
26699184,5130 Echo Ave,75215,Dallas,TX,32.751698,-96.74873,360000,197.0,,357500.0,2528.0,4.0,3.0,1826.0,2026.0,4922.28,singleFamily,17,49350.0,2025,https://www.zillow.com,https://photos.zillowstatic.com/fp/9aa5016a069a76e15675591616049c5e-p_c.jpg,2026-07-13 10:57,For Sale
26598492,17324 Stedman Dr,75252,Dallas,TX,32.988815,-96.794624,825000,313.0,,788400.0,3428.0,3.0,3.0,2634.0,1999.0,0.26,singleFamily,0,574000.0,2025,https://www.zillow.com,https://photos.zillowstatic.com/fp/6f47e8cacfd5864c630ec63200c84a24-p_c.jpg,2026-07-13 10:57,For Sale
2070169715,1118 Tenison Memorial Dr,75223,Dallas,TX,32.805264,-96.73562,525000,395.0,,518200.0,2606.0,3.0,2.0,1330.0,1935.0,7143.84,singleFamily,3,,,https://www.zillow.com,https://photos.zillowstatic.com/fp/f46549f8d09f56c3e56392b01d450dfe-p_c.jpg,2026-07-13 10:57,For Sale
26774143,3134 Alaska Ave,75216,Dallas,TX,32.706326,-96.81556,469900,158.0,-10000.0,467000.0,3552.0,5.0,3.0,2977.0,2026.0,8272.044,singleFamily,101,176330.0,2025,https://www.zillow.com,https://photos.zillowstatic.com/fp/1c10114969f819915230180e8f3cc673-p_c.jpg,2026-07-13 10:57,For Sale
26868716,9531 Hilldale Dr,75231,Dallas,TX,32.88983,-96.737305,1369000,300.0,,1320000.0,7676.0,5.0,6.0,4558.0,1978.0,8812.188,singleFamily,31,1082000.0,2025,https://www.zillow.com,https://photos.zillowstatic.com/fp/9a01eab6d6f0238435cebc593d7f5486-p_c.jpg,2026-07-13 10:57,For Sale
26686358,2631 Burger Ave,75215,Dallas,TX,32.76376,-96.76505,295000,205.0,,293600.0,2434.0,3.0,2.0,1437.0,2025.0,4181.76,singleFamily,3,42830.0,2025,https://www.zillow.com,https://photos.zillowstatic.com/fp/a271c88ea536ea91afa96597ce463293-p_c.jpg,2026-07-13 10:57,For Sale
26857324,4755 Nome St,75216,Dallas,TX,32.7162,-96.74371,115000,105.0,-15000.0,,1651.0,2.0,2.0,1092.0,1940.0,7448.76,singleFamily,45,171970.0,2025,https://www.zillow.com,https://photos.zillowstatic.com/fp/952535001d053794236a22c71c1ec2ab-p_c.jpg,2026-07-13 10:57,For Sale
96517223,506 N Moore St,75203,Dallas,TX,32.75419,-96.80369,90000,,,,2679.0,,,,,2874.96,land,0,80750.0,2025,https://www.zillow.com,https://www.zillowstatic.com/static/images/nophoto_p_c.png,2026-07-13 10:57,For Sale
26586585,5023 Spyglass Dr,75287,Dallas,TX,32.991024,-96.82112,1199900,306.0,,1157700.0,6162.0,5.0,5.0,3923.0,1985.0,0.27999999999999997,singleFamily,16,1056862.0,2025,https://www.zillow.com,https://photos.zillowstatic.com/fp/4d0515aaaee5da6d516cb174bdab5cca-p_c.jpg,2026-07-13 10:57,For Sale
26681366,2633 Peabody Ave,75215,Dallas,TX,32.767338,-96.76894,459900,188.0,-15000.0,457000.0,3607.0,4.0,4.0,2448.0,2026.0,4791.6,singleFamily,54,48000.0,2025,https://www.zillow.com,https://photos.zillowstatic.com/fp/a659d9160f8595420cb9ee040651d12c-p_c.jpg,2026-07-13 10:57,For Sale
84000725,3210 Carlisle St Unit 19,75204,Dallas,TX,32.8048,-96.80165,750000,290.0,,713900.0,4317.0,2.0,3.0,2583.0,2008.0,2.568,townhome,38,756010.0,2025,https://www.zillow.com,https://photos.zillowstatic.com/fp/5656d9c548b7b6613f8ae55290d54722-p_c.jpg,2026-07-13 10:57,For Sale
341774501,4029 Ivanhoe Ln,75212,Dallas,TX,32.792294,-96.85557,730000,189.0,-50000.0,722400.0,5297.0,5.0,4.0,3868.0,2023.0,7666.56,singleFamily,289,902480.0,2025,https://www.zillow.com,https://photos.zillowstatic.com/fp/6fa3ac75b3fcee965794e419c9129538-p_c.jpg,2026-07-13 10:57,For Sale
26790458,3935 Dunhaven Rd,75220,Dallas,TX,32.871807,-96.84679,1249900,427.0,,,,4.0,4.0,2929.0,1952.0,10018.8,singleFamily,16,976000.0,2025,https://www.zillow.com,https://photos.zillowstatic.com/fp/ff9e7827e0ecfc184ab7747f805baa96-p_c.jpg,2026-07-13 10:57,For Sale
303984716,5122 Capitol Ave Unit 106,75206,Dallas,TX,32.813595,-96.77947,550000,339.0,,534500.0,3460.0,2.0,3.0,1624.0,2017.0,0.265,condo,2,552160.0,2025,https://www.zillow.com,https://photos.zillowstatic.com/fp/61efedf9914f0aa4328656a4dbd8c07f-p_c.jpg,2026-07-13 10:57,For Sale
26926286,2220 Canton St APT 101,75201,Dallas,TX,32.780212,-96.7885,435000,251.0,-15000.0,419900.0,3217.0,1.0,2.0,1732.0,1925.0,0.9590000000000001,condo,30,528260.0,2025,https://www.zillow.com,https://photos.zillowstatic.com/fp/acda44a8931ec9815c060e12f4c5b3ee-p_c.jpg,2026-07-13 10:57,For Sale
96530526,1634 Marfa Ave,75216,Dallas,TX,32.702263,-96.80103,349900,177.0,,348300.0,2760.0,4.0,3.0,1977.0,2026.0,9016.92,singleFamily,13,95000.0,2025,https://www.zillow.com,https://photos.zillowstatic.com/fp/ed6d3c1d2aa45aeae8c9830c3f403863-p_c.jpg,2026-07-13 10:57,For Sale
162404765,8001 Rothington Rd APT 31-37,75227,Dallas,TX,32.782516,-96.68679,580000,142.0,,560900.0,3472.0,8.0,8.0,4084.0,1983.0,9321.84,multiFamily,10,486570.0,2025,https://www.zillow.com,https://photos.zillowstatic.com/fp/7998467842d7a4cb504f5f372895e395-p_c.jpg,2026-07-13 10:57,For Sale
26923615,3906 Buena Vista St Unit 18,75204,Dallas,TX,32.81189,-96.797264,589900,334.0,,557600.0,3813.0,2.0,3.0,1767.0,1983.0,0.966,condo,18,432920.0,2025,https://www.zillow.com,https://photos.zillowstatic.com/fp/b93a6fff7e21379dafad7d941a55d777-p_c.jpg,2026-07-13 10:57,For Sale
26869002,9511 Fallbrook Dr,75243,Dallas,TX,32.901775,-96.73189,750000,182.0,,,5181.0,4.0,4.0,4117.0,1973.0,0.262,singleFamily,10,707780.0,2025,https://www.zillow.com,https://photos.zillowstatic.com/fp/4c949f267797820f58e96146a3762ad4-p_c.jpg,2026-07-13 10:57,For Sale
26935139,9623 Walnut St APT 8102,75243,Dallas,TX,32.924957,-96.72104,150000,122.0,,,,2.0,3.0,1229.0,1983.0,6.076,condo,1,172200.0,2025,https://www.zillow.com,https://photos.zillowstatic.com/fp/23c4481a4fa6f43f942d89951528a81d-p_c.jpg,2026-07-13 10:57,For Sale
96505846,2402 Conklin St,75212,Dallas,TX,32.77427,-96.83843,169900,,,,1718.0,,,,,6098.4,land,0,183000.0,2025,https://www.zillow.com,https://www.zillowstatic.com/static/images/nophoto_p_c.png,2026-07-13 10:57,For Sale
26846069,8517 Van Pelt Dr,75228,Dallas,TX,32.802868,-96.69437,399900,204.0,,394500.0,2676.0,3.0,2.0,1960.0,1976.0,7448.76,singleFamily,1,348330.0,2025,https://www.zillow.com,https://photos.zillowstatic.com/fp/449775b52817fbe430023bb45546b249-p_c.jpg,2026-07-13 10:57,For Sale
26882206,9149 Emberglow Ln,75243,Dallas,TX,32.91706,-96.73816,225000,185.0,,216900.0,1613.0,2.0,2.0,1213.0,1972.0,5227.2,townhome,2,232490.0,2025,https://www.zillow.com,https://photos.zillowstatic.com/fp/f31869dd701989eb53b5b4fd8e2abc43-p_c.jpg,2026-07-13 10:57,For Sale
26847177,1744 Gross Rd,75228,Dallas,TX,32.81449,-96.68626,330000,186.0,-19900.0,321900.0,2693.0,3.0,2.0,1778.0,1964.0,0.261,singleFamily,32,392120.0,2025,https://www.zillow.com,https://photos.zillowstatic.com/fp/45888fa28ba28104ca482befd7439a57-p_c.jpg,2026-07-13 10:57,For Sale
26806773,10206 Sherbrook Ln,75229,Dallas,TX,32.883705,-96.84728,775000,427.0,,727500.0,3420.0,3.0,2.0,1815.0,1955.0,0.371,singleFamily,4,673510.0,2025,https://www.zillow.com,https://photos.zillowstatic.com/fp/1dc0d2a88ed1d064292c0d305ef6503d-p_c.jpg,2026-07-13 10:57,For Sale
336886338,17293 Texas Pistache Dr,75252,Dallas,TX,32.986645,-96.76156,885000,251.0,-40000.0,863500.0,5481.0,5.0,4.0,3530.0,2022.0,7840.8,singleFamily,10,797880.0,2025,https://www.zillow.com,https://photos.zillowstatic.com/fp/88ed04b2cda26fc518ef912a0bf47c81-p_c.jpg,2026-07-13 10:57,For Sale
96503850,1011 S Waverly Dr,75208,Dallas,TX,32.735634,-96.84955,499900,143.0,-25100.0,494300.0,5555.0,5.0,4.0,3506.0,2022.0,7274.52,singleFamily,67,833230.0,2025,https://www.zillow.com,https://photos.zillowstatic.com/fp/18191b0fb386ba9516d4de76b213efe3-p_c.jpg,2026-07-13 10:57,For Sale
26703642,6018 Winton St,75206,Dallas,TX,32.835472,-96.763405,699900,393.0,,676000.0,3958.0,2.0,3.0,1783.0,1941.0,6708.24,singleFamily,26,615460.0,2025,https://www.zillow.com,https://photos.zillowstatic.com/fp/ab2f2fab001f21c5add5b1f42e308611-p_c.jpg,2026-07-13 10:57,For Sale
26787124,539 Classen Dr,75218,Dallas,TX,32.856064,-96.706726,1745000,414.0,,1700200.0,6356.0,5.0,5.0,4220.0,2026.0,0.29,singleFamily,6,500000.0,2025,https://www.zillow.com,https://photos.zillowstatic.com/fp/4bad9a1b5564e0c05c1137882671d0c5-p_c.jpg,2026-07-13 10:57,For Sale
53390345,509 Elm St APT 503,75202,Dallas,TX,32.779938,-96.807526,239000,283.0,-6000.0,230400.0,1929.0,1.0,1.0,845.0,1930.0,10018.8,condo,67,251840.0,2025,https://www.zillow.com,https://photos.zillowstatic.com/fp/cf35cb8ff9ebd3fc421096ba71feeb82-p_c.jpg,2026-07-13 10:57,For Sale
26685911,5720 Tremont St,75214,Dallas,TX,32.80491,-96.75674,575000,374.0,,549900.0,2611.0,2.0,2.0,1538.0,1921.0,9365.4,singleFamily,9,495000.0,2025,https://www.zillow.com,https://photos.zillowstatic.com/fp/b339d27be3280f7b9eeeda1cc787f6bd-p_c.jpg,2026-07-13 10:57,For Sale
26751579,7735 Deer Trail Dr,75238,Dallas,TX,32.86573,-96.7298,680000,379.0,,,,3.0,3.0,1794.0,1958.0,9539.64,singleFamily,8,614840.0,2025,https://www.zillow.com,https://photos.zillowstatic.com/fp/a92aa780756ed20cf4e9b7b79fd36244-p_c.jpg,2026-07-13 10:57,For Sale
26682214,2820 Pennsylvania Ave,75215,Dallas,TX,32.76807,-96.76586,365000,199.0,,,2885.0,4.0,2.0,1835.0,2025.0,6359.76,singleFamily,5,69970.0,2025,https://www.zillow.com,https://photos.zillowstatic.com/fp/3d5a81c2e09a1de7c15a2f4387268f81-p_c.jpg,2026-07-13 10:57,For Sale
26867518,7010 Claybrook Dr,75231,Dallas,TX,32.876457,-96.74088,795000,299.0,,768800.0,4152.0,4.0,3.0,2657.0,1979.0,9147.6,singleFamily,12,763000.0,2025,https://www.zillow.com,https://photos.zillowstatic.com/fp/ef005d87b3c7c55ab1d6d2c64f803a01-p_c.jpg,2026-07-13 10:57,For Sale
26837455,11116 Westmere Cir,75230,Dallas,TX,32.899246,-96.79108,3250000,901.0,-300000.0,3032500.0,7927.0,3.0,4.0,3608.0,1958.0,0.6985,singleFamily,61,2351940.0,2025,https://www.zillow.com,https://photos.zillowstatic.com/fp/89e0efb183668a41a19cfadfdc8b2d20-p_c.jpg,2026-07-13 10:57,For Sale
26754903,6616 Prestonshire Ln,75225,Dallas,TX,32.875435,-96.7914,6850000,840.0,,6447500.0,6144.0,5.0,7.0,8153.0,2026.0,0.462,singleFamily,20,1711050.0,2025,https://www.zillow.com,https://photos.zillowstatic.com/fp/04a8ad3a067f065706d1d1b3a59e861a-p_c.jpg,2026-07-13 10:57,For Sale
26808947,3616 Townsend Dr,75229,Dallas,TX,32.89888,-96.85857,560000,275.0,,,,3.0,2.0,2038.0,1958.0,10410.84,singleFamily,2,570000.0,2025,https://www.zillow.com,https://photos.zillowstatic.com/fp/48549d1136a4ae26a841cabb907e15ad-p_c.jpg,2026-07-13 10:57,For Sale
26723468,1138 Nolte Dr,75208,Dallas,TX,32.733387,-96.84173,730000,239.0,,711900.0,2116.0,4.0,4.0,3058.0,2025.0,0.27599999999999997,singleFamily,5,301630.0,2025,https://www.zillow.com,https://photos.zillowstatic.com/fp/0809abd4102b94fba114d329460ddf10-p_c.jpg,2026-07-13 10:57,For Sale
96520008,520 Woodbine Ave,75203,Dallas,TX,32.742844,-96.799355,419900,217.0,-15100.0,418600.0,2911.0,3.0,4.0,1935.0,2026.0,10236.6,singleFamily,25,90000.0,2025,https://www.zillow.com,https://photos.zillowstatic.com/fp/ca02976c7d54703a289290bd58c91311-p_c.jpg,2026-07-13 10:57,For Sale
26689423,717 Ridgeway St,75214,Dallas,TX,32.8086,-96.75718,1350000,508.0,,1284400.0,5693.0,3.0,4.0,2656.0,1923.0,8058.6,singleFamily,44,745660.0,2025,https://www.zillow.com,https://photos.zillowstatic.com/fp/760b91f38c0bb791a9116fb08d8441e8-p_c.jpg,2026-07-13 10:57,For Sale
53389146,5602 Reiger Ave,75214,Dallas,TX,32.80205,-96.757095,650000,290.0,-25000.0,630100.0,3662.0,4.0,3.0,2238.0,1927.0,5227.2,singleFamily,31,485000.0,2025,https://www.zillow.com,https://photos.zillowstatic.com/fp/e3fd6be797089f0258d76b10fd54bcbf-p_c.jpg,2026-07-13 10:57,For Sale
26705505,6729 Ravendale Ln,75214,Dallas,TX,32.842293,-96.74659,2150000,491.0,,2072600.0,3455.0,4.0,5.0,4375.0,2026.0,7840.8,singleFamily,4,702880.0,2025,https://www.zillow.com,https://photos.zillowstatic.com/fp/cdec63728925ffddecb19e8d094f70bd-p_c.jpg,2026-07-13 10:57,For Sale
26901130,5626 Preston Oaks Rd APT 25C,75254,Dallas,TX,32.942142,-96.81063,218000,192.0,,212000.0,2063.0,2.0,3.0,1135.0,1981.0,,condo,3,244030.0,2025,https://www.zillow.com,https://photos.zillowstatic.com/fp/28be7074a008217dabccfc45a69fe2f4-p_c.jpg,2026-07-13 10:57,For Sale
26794207,1944 Alhambra St,75217,Dallas,TX,32.74606,-96.69495,171500,122.0,-7500.0,175900.0,1994.0,4.0,2.0,1401.0,1955.0,7893.072,singleFamily,20,209880.0,2025,https://www.zillow.com,https://photos.zillowstatic.com/fp/c24fddbfb37c134d7cb1a9877b1f5f4e-p_c.jpg,2026-07-13 10:57,For Sale
26786501,849 Berkinshire Dr,75218,Dallas,TX,32.847267,-96.706184,449000,315.0,,436100.0,3328.0,3.0,2.0,1426.0,1954.0,6272.64,singleFamily,5,450060.0,2025,https://www.zillow.com,https://photos.zillowstatic.com/fp/ecdd6f9bba6a835f5ec9621d789103ea-p_c.jpg,2026-07-13 10:57,For Sale
26882562,13052 Fall Manor Dr,75243,Dallas,TX,32.92621,-96.712944,495000,189.0,-3991.0,485300.0,3656.0,4.0,3.0,2619.0,1979.0,0.252,singleFamily,24,478820.0,2025,https://www.zillow.com,https://photos.zillowstatic.com/fp/a0577111af8f2bbf085f8cd36b9a9bb1-p_c.jpg,2026-07-13 10:57,For Sale
26810321,3141 Darvany Dr,75220,Dallas,TX,32.87844,-96.873955,419999,261.0,,406800.0,3101.0,3.0,2.0,1612.0,1968.0,7492.32,singleFamily,4,354750.0,2025,https://www.zillow.com,https://photos.zillowstatic.com/fp/2f4f53e7deb1c81ad149bb4b5985128c-p_c.jpg,2026-07-13 10:57,For Sale
26837305,2406 Conklin St,75212,Dallas,TX,32.77443,-96.838425,259900,,,,2205.0,,,,1947.0,5009.4,land,0,249870.0,2025,https://www.zillow.com,https://www.zillowstatic.com/static/images/nophoto_p_c.png,2026-07-13 10:57,For Sale
26745175,10923 Myrtice Dr,75228,Dallas,TX,32.84577,-96.6712,215000,145.0,,177300.0,1718.0,3.0,2.0,1485.0,1952.0,7666.56,singleFamily,0,220580.0,2025,https://www.zillow.com,https://photos.zillowstatic.com/fp/6c659eaf7a60f1136f8b089437a93e05-p_c.jpg,2026-07-13 10:57,For Sale
26803908,5308 Del Roy Dr,75229,Dallas,TX,32.90522,-96.81663,1875000,405.0,-120000.0,,,4.0,5.0,4627.0,2000.0,0.366,singleFamily,53,1552710.0,2025,https://www.zillow.com,https://photos.zillowstatic.com/fp/dafe06753d2c24aae6ce9f0d255f9c57-p_c.jpg,2026-07-13 10:57,For Sale
26746778,10469 Sinclair Ave,75218,Dallas,TX,32.85076,-96.70008,799000,398.0,,,,4.0,3.0,2008.0,1960.0,8973.36,singleFamily,24,609330.0,2025,https://www.zillow.com,https://photos.zillowstatic.com/fp/d09baee347b99162de7f6c5a1627c50f-p_c.jpg,2026-07-13 10:57,For Sale
26837304,2410 Conklin St,75212,Dallas,TX,32.774563,-96.838425,269900,,,,1756.0,,,,,5009.4,land,0,150000.0,2025,https://www.zillow.com,https://www.zillowstatic.com/static/images/nophoto_p_c.png,2026-07-13 10:57,For Sale
26741471,1439 Tranquilla Dr,75218,Dallas,TX,32.831036,-96.694984,1600000,480.0,,1669900.0,6846.0,4.0,4.0,3334.0,2008.0,0.48700000000000004,singleFamily,6,1959080.0,2025,https://www.zillow.com,https://photos.zillowstatic.com/fp/95b2be9027d9ab5a31495fb5d0a9ac35-p_c.jpg,2026-07-13 10:57,For Sale
26897946,1802 N Prairie Ave,75204,Dallas,TX,32.806522,-96.77788,405000,287.0,,,,3.0,3.0,1412.0,1997.0,3528.36,singleFamily,13,431690.0,2025,https://www.zillow.com,https://photos.zillowstatic.com/fp/a58a177485e18bff04bab7e62cc8fbc7-p_c.jpg,2026-07-13 10:57,For Sale
26889447,6501 Copper Creek Dr,75248,Dallas,TX,32.96864,-96.795364,949000,349.0,,910000.0,4229.0,4.0,3.0,2723.0,1979.0,10149.48,singleFamily,11,800000.0,2025,https://www.zillow.com,https://photos.zillowstatic.com/fp/430c983c9c9c5668fb86bf5bdd573df6-p_c.jpg,2026-07-13 10:57,For Sale
26752796,7142 Lakehurst Ave,75230,Dallas,TX,32.88415,-96.7803,1497000,455.0,-90000.0,,,5.0,4.0,3290.0,1964.0,0.283,singleFamily,31,1177720.0,2025,https://www.zillow.com,https://photos.zillowstatic.com/fp/38497791253e6aa09682a818db348598-p_c.jpg,2026-07-13 10:57,For Sale
26747835,6007 E University Blvd APT 132,75206,Dallas,TX,32.8469,-96.76279,234000,240.0,,180500.0,1821.0,1.0,2.0,974.0,1964.0,3.998,condo,0,199670.0,2025,https://www.zillow.com,https://photos.zillowstatic.com/fp/420b83dfbeb057979d0546476a85dc53-p_c.jpg,2026-07-13 10:57,For Sale
26887568,3029 Weather Vane Ln,75228,Dallas,TX,32.856544,-96.65943,300000,173.0,,291400.0,2133.0,3.0,2.0,1731.0,1979.0,7200.468,singleFamily,9,294200.0,2025,https://www.zillow.com,https://photos.zillowstatic.com/fp/26e0bc7dbcef061c73e8bc58db1dd089-p_c.jpg,2026-07-13 10:57,For Sale
61871155,4412 McKinney Ave APT 10,75205,Dallas,TX,32.81989,-96.78853,685000,299.0,,610500.0,5005.0,2.0,3.0,2292.0,2001.0,0.78,condo,4,389640.0,2025,https://www.zillow.com,https://photos.zillowstatic.com/fp/51d64200c5e921e8959175550141e23c-p_c.jpg,2026-07-13 10:57,For Sale
26691079,2618 Carpenter Ave,75215,Dallas,TX,32.755753,-96.757614,425000,207.0,,,,4.0,3.0,2050.0,2023.0,7405.2,singleFamily,45,475410.0,2025,https://www.zillow.com,https://photos.zillowstatic.com/fp/ef3d8f00b432dc481039b057b1b81ce8-p_c.jpg,2026-07-13 10:57,For Sale
26859033,10819 Lochspring Dr,75218,Dallas,TX,32.860165,-96.69968,1065000,390.0,-25000.0,1026600.0,5160.0,5.0,3.0,2730.0,1969.0,0.252,singleFamily,55,674270.0,2025,https://www.zillow.com,https://photos.zillowstatic.com/fp/5057cd36d9ab83978c03e7090e69066b-p_c.jpg,2026-07-13 10:57,For Sale
26685915,5736 Tremont St,75214,Dallas,TX,32.805252,-96.756294,599900,314.0,-15000.0,584400.0,3426.0,4.0,2.0,1912.0,1922.0,9234.72,singleFamily,39,569910.0,2025,https://www.zillow.com,https://photos.zillowstatic.com/fp/88bfe4d96fdcf6251bd807ec6e8d9518-p_c.jpg,2026-07-13 10:57,For Sale
26718221,919 Salmon Dr,75208,Dallas,TX,32.757355,-96.83844,579000,429.0,-20000.0,558800.0,2368.0,2.0,1.0,1350.0,1930.0,7492.32,singleFamily,23,550410.0,2025,https://www.zillow.com,https://photos.zillowstatic.com/fp/08e176f74b18564e95d77baf387534e4-p_c.jpg,2026-07-13 10:57,For Sale
162350069,1113 Brock St,75203,Dallas,TX,32.734318,-96.78945,242000,199.0,,236400.0,2081.0,3.0,2.0,1217.0,1948.0,8799.12,singleFamily,2,258070.0,2025,https://www.zillow.com,https://photos.zillowstatic.com/fp/8f7d668c83d978918a2b6b8b320020fd-p_c.jpg,2026-07-13 10:57,For Sale
26893721,7001 Kingshollow Dr,75248,Dallas,TX,32.967854,-96.78662,1025000,322.0,-25000.0,992700.0,4859.0,4.0,4.0,3181.0,1978.0,0.338,singleFamily,58,942630.0,2025,https://www.zillow.com,https://photos.zillowstatic.com/fp/1a8767bd07ff3f69113b5b573530ff4d-p_c.jpg,2026-07-13 10:57,For Sale
26715598,2404 Maryland Ave,75216,Dallas,TX,32.718815,-96.81294,250000,208.0,,236400.0,1732.0,2.0,2.0,1200.0,1925.0,7405.2,multiFamily,81,246000.0,2025,https://www.zillow.com,https://photos.zillowstatic.com/fp/6260a1ce53211b0b4d733c02dd60e959-p_c.jpg,2026-07-13 10:57,For Sale
26815085,6930 Trailcrest Dr,75232,Dallas,TX,32.663933,-96.835464,250000,141.0,,239300.0,2062.0,3.0,2.0,1769.0,1968.0,9278.28,singleFamily,52,235090.0,2025,https://www.zillow.com,https://photos.zillowstatic.com/fp/9ea2f63748165d1e6d43254570324c4a-p_c.jpg,2026-07-13 10:57,For Sale
26912389,301 Ensenada Plz,75211,Dallas,TX,32.718193,-96.90106,255000,181.0,,251600.0,2227.0,3.0,3.0,1411.0,2000.0,1785.96,townhome,2,233140.0,2025,https://www.zillow.com,https://photos.zillowstatic.com/fp/2582e35c81aaa3522039e5724306768d-p_c.jpg,2026-07-13 10:57,For Sale
26869204,9424 Hunters Creek Dr,75243,Dallas,TX,32.904613,-96.73451,500000,233.0,-50000.0,,,3.0,3.0,2142.0,1969.0,10367.28,singleFamily,81,532650.0,2025,https://www.zillow.com,https://photos.zillowstatic.com/fp/6ecc6c16887c0c4ad181751c3bc4880b-p_c.jpg,2026-07-13 10:57,For Sale
26910840,9107 Sweetwater Dr,75228,Dallas,TX,32.810844,-96.6929,489990,243.0,-10000.0,480200.0,2893.0,3.0,2.0,2019.0,1982.0,8276.4,singleFamily,41,476530.0,2025,https://www.zillow.com,https://photos.zillowstatic.com/fp/04f36032ba3217f40033f94ec11df015-p_c.jpg,2026-07-13 10:57,For Sale
26718779,2742 Burlington Blvd,75211,Dallas,TX,32.737198,-96.865395,409900,256.0,-15000.0,399400.0,2412.0,3.0,2.0,1603.0,1926.0,6446.88,singleFamily,20,325000.0,2025,https://www.zillow.com,https://photos.zillowstatic.com/fp/e0368b82b0a92f488d73250784a6b638-p_c.jpg,2026-07-13 10:57,For Sale
26691756,2311 Madera St,75206,Dallas,TX,32.815357,-96.77795,2300000,491.0,,2220400.0,4500.0,5.0,5.0,4686.0,2026.0,7230.96,singleFamily,23,541610.0,2025,https://www.zillow.com,https://photos.zillowstatic.com/fp/2f80e0a79794749fd23813046b27d84c-p_c.jpg,2026-07-13 10:57,For Sale
26588508,4212 Joshua Ln,75287,Dallas,TX,32.99952,-96.83774,595000,233.0,-25000.0,586300.0,3577.0,4.0,3.0,2551.0,1981.0,8712.0,singleFamily,45,491420.0,2025,https://www.zillow.com,https://photos.zillowstatic.com/fp/1ebfeb6a5ff5587357fb8301d0bdd990-p_c.jpg,2026-07-13 10:57,For Sale
26726908,2014 Berwick Ave,75203,Dallas,TX,32.728386,-96.79678,139999,103.0,,,1873.0,3.0,1.0,1362.0,1925.0,8189.28,singleFamily,26,221210.0,2025,https://www.zillow.com,https://photos.zillowstatic.com/fp/2f2f59dbd513ad52af77893b0654379b-p_c.jpg,2026-07-13 10:57,For Sale
89391200,8813 Tudor Pl,75228,Dallas,TX,32.81364,-96.698135,434900,226.0,,,,3.0,3.0,1927.0,2008.0,2308.68,townhome,17,388000.0,2025,https://www.zillow.com,https://photos.zillowstatic.com/fp/892e063d53439336273a0aaf97fb4cc3-p_c.jpg,2026-07-13 10:57,For Sale
26858134,6818 Truxton Dr,75231,Dallas,TX,32.87335,-96.73894,899900,310.0,-50100.0,872500.0,5118.0,4.0,3.0,2907.0,1972.0,10410.84,singleFamily,31,845560.0,2025,https://www.zillow.com,https://photos.zillowstatic.com/fp/b32c34ca4051957081f1ed596e120c2b-p_c.jpg,2026-07-13 10:57,For Sale
26717497,1119 N Winnetka Ave,75208,Dallas,TX,32.757988,-96.840576,1195000,345.0,-60000.0,1154200.0,6098.0,4.0,4.0,3468.0,1925.0,7753.68,singleFamily,45,900000.0,2025,https://www.zillow.com,https://photos.zillowstatic.com/fp/fc13bb38a5559bfb942e01a1d28b5682-p_c.jpg,2026-07-13 10:57,For Sale
26888160,9838 Amberton Pkwy,75243,Dallas,TX,32.92289,-96.73842,310000,176.0,,302500.0,2635.0,4.0,3.0,1760.0,1978.0,3310.56,townhome,0,286080.0,2025,https://www.zillow.com,https://photos.zillowstatic.com/fp/a65717f3733003e30c22bb0a07af8c54-p_c.jpg,2026-07-13 10:57,For Sale
26834604,4107 Vineyard Dr,75212,Dallas,TX,32.79156,-96.87639,454900,217.0,-5000.0,,,4.0,2.0,2100.0,2026.0,7230.96,singleFamily,47,145000.0,2025,https://www.zillow.com,https://photos.zillowstatic.com/fp/5c32ea3295f422bd335a45677b223ea9-p_c.jpg,2026-07-13 10:57,For Sale
459145277,8714 Quinn St #A,75217,Dallas,TX,32.730892,-96.669975,325000,144.0,,317700.0,1754.0,5.0,4.0,2264.0,1962.0,7056.72,multiFamily,11,,,https://www.zillow.com,https://photos.zillowstatic.com/fp/66823a188d61fbf85b24b2a595aef10d-p_c.jpg,2026-07-13 10:57,For Sale
27339738,2404 Ridgestone Dr,75287,Dallas,TX,32.994434,-96.87104,309900,270.0,,303200.0,2257.0,2.0,2.0,1149.0,1984.0,4007.52,singleFamily,1,255224.0,2025,https://www.zillow.com,https://photos.zillowstatic.com/fp/bcc094e8eaa5392711a868e6ce8bdc00-p_c.jpg,2026-07-13 10:57,For Sale
55826076,4114 Lafayette St,75204,Dallas,TX,32.802574,-96.78623,530000,256.0,,514900.0,3788.0,3.0,4.0,2070.0,2002.0,2352.24,townhome,4,573950.0,2025,https://www.zillow.com,https://photos.zillowstatic.com/fp/828ce34ec860812813f23209f4510cb7-p_c.jpg,2026-07-13 10:57,For Sale
26695594,5126 Ridgedale Ave,75206,Dallas,TX,32.825203,-96.78347,1550000,394.0,-100000.0,1474000.0,7859.0,5.0,5.0,3934.0,2008.0,7230.96,singleFamily,33,1345600.0,2025,https://www.zillow.com,https://photos.zillowstatic.com/fp/c478f379d5210595cc3f32f8ad5286f9-p_c.jpg,2026-07-13 10:57,For Sale
26843713,8835 Larchwood Dr,75238,Dallas,TX,32.868053,-96.70213,599000,364.0,-16000.0,,,3.0,2.0,1646.0,1955.0,7623.0,singleFamily,29,519030.0,2025,https://www.zillow.com,https://photos.zillowstatic.com/fp/73f3745903da56f5552cbf4c064137c5-p_c.jpg,2026-07-13 10:57,For Sale
444242369,8181 Douglas Ave #Penthouse 9-12,75225,Dallas,TX,32.86198,-96.80891,17500000,1228.0,,,,5.0,13.0,14250.0,1982.0,0.4255,condo,71,,,https://www.zillow.com,https://photos.zillowstatic.com/fp/740a8ec79973c1a2fb3483c4cdf6d421-p_c.jpg,2026-07-13 10:57,For Sale
67962590,1633 Duet Dr,75241,Dallas,TX,32.66801,-96.79407,299900,159.0,,,,4.0,2.0,1890.0,2004.0,6708.24,singleFamily,1,254560.0,2025,https://www.zillow.com,https://photos.zillowstatic.com/fp/20ebe2906535f979fc9b1f0b5f0314bc-p_c.jpg,2026-07-13 10:57,For Sale
26684157,5623 Victor St,75214,Dallas,TX,32.80354,-96.75766,615000,263.0,-25000.0,595100.0,3825.0,4.0,2.0,2340.0,1911.0,7492.32,singleFamily,24,588600.0,2025,https://www.zillow.com,https://photos.zillowstatic.com/fp/096ea02c2ca3f3f64782b5a3be30ac69-p_c.jpg,2026-07-13 10:57,For Sale
96501688,13219 Alsatian Ct,75253,Dallas,TX,32.668682,-96.61672,230000,143.0,,229100.0,2041.0,4.0,2.0,1606.0,2015.0,5140.08,singleFamily,3,279930.0,2025,https://www.zillow.com,https://photos.zillowstatic.com/fp/c90c9daf26c7f28ec501469a0ca19981-p_c.jpg,2026-07-13 10:57,For Sale
26856019,8927 Beckleyview Ave,75232,Dallas,TX,32.639076,-96.83289,249999,122.0,,240200.0,2731.0,4.0,3.0,2048.0,1940.0,0.44599999999999995,singleFamily,57,284010.0,2025,https://www.zillow.com,https://photos.zillowstatic.com/fp/77a01c7bb865f452ed51b623053649f1-p_c.jpg,2026-07-13 10:57,For Sale
26639461,18007 Windtop Ln,75287,Dallas,TX,32.994576,-96.84169,849900,298.0,,823600.0,3628.0,4.0,3.0,2850.0,1987.0,0.2565,singleFamily,1,705645.0,2025,https://www.zillow.com,https://photos.zillowstatic.com/fp/f6a4edcc7207ef14f7e4c8fac58f8de3-p_c.jpg,2026-07-13 10:57,For Sale
344555563,2404 Colony Ct #2406,75235,Dallas,TX,32.835716,-96.85545,340000,219.0,10000.0,,2264.0,4.0,2.0,1552.0,1947.0,6072.264,multiFamily,39,,,https://www.zillow.com,https://photos.zillowstatic.com/fp/d4569230752917f565989118ae61927c-p_c.jpg,2026-07-13 10:57,For Sale
96527956,1951 Leath St,75212,Dallas,TX,32.78974,-96.85239,685000,242.0,,,2168.0,4.0,5.0,2835.0,2026.0,4922.28,singleFamily,3,122700.0,2025,https://www.zillow.com,https://photos.zillowstatic.com/fp/98d5e19214a822fc358831691d7c51f5-p_c.jpg,2026-07-13 10:57,For Sale
96501121,14229 Bridgeview Ln,75253,Dallas,TX,32.67728,-96.585976,318000,163.0,,316400.0,2218.0,3.0,3.0,1946.0,2017.0,5749.92,singleFamily,1,280680.0,2025,https://www.zillow.com,https://photos.zillowstatic.com/fp/defeb56783e0d54b09730f3458275c1b-p_c.jpg,2026-07-13 10:57,For Sale
26870526,14015 Highmark Sq,75254,Dallas,TX,32.939445,-96.80321,585000,227.0,-15000.0,572500.0,4164.0,3.0,3.0,2575.0,1980.0,6795.36,singleFamily,59,673310.0,2025,https://www.zillow.com,https://photos.zillowstatic.com/fp/4090b396b0eb06e646074b386208bb45-p_c.jpg,2026-07-13 10:57,For Sale
26858919,12022 Dixfield Dr,75218,Dallas,TX,32.86001,-96.69651,725000,305.0,-25000.0,702500.0,3669.0,4.0,3.0,2374.0,1968.0,9321.84,singleFamily,40,585810.0,2025,https://www.zillow.com,https://photos.zillowstatic.com/fp/99b532dcf7956ebc9c8f7b1b05e7b850-p_c.jpg,2026-07-13 10:57,For Sale
26827468,4577 Silver Springs Dr,75211,Dallas,TX,32.715897,-96.89581,295000,228.0,,284500.0,2225.0,3.0,2.0,1296.0,1961.0,7927.92,singleFamily,1,255490.0,2025,https://www.zillow.com,https://photos.zillowstatic.com/fp/fabb8df4118021a49e163bd4c49a055a-p_c.jpg,2026-07-13 10:57,For Sale
26866916,9544 Crestedge Dr,75238,Dallas,TX,32.877815,-96.724594,1150000,393.0,,1097400.0,3637.0,4.0,3.0,2924.0,1968.0,9757.44,singleFamily,11,922200.0,2025,https://www.zillow.com,https://photos.zillowstatic.com/fp/77a800736ef6650b16442a7f22118ba7-p_c.jpg,2026-07-13 10:57,For Sale
463794991,1507 E Waco Ave,75216,Dallas,TX,32.736443,-96.801254,275000,173.0,,,,4.0,2.0,1590.0,1925.0,7187.4,singleFamily,2,,,https://www.zillow.com,https://photos.zillowstatic.com/fp/1d4c6ec40f9debb89a8a64b28e89e430-p_c.jpg,2026-07-13 10:57,For Sale
26678921,4725 Swiss Ave,75204,Dallas,TX,32.80015,-96.772545,639000,267.0,-10000.0,617700.0,4090.0,4.0,3.0,2396.0,1910.0,7013.16,singleFamily,52,486770.0,2025,https://www.zillow.com,https://photos.zillowstatic.com/fp/686121dc4f9f4c716b68bf8106acea2a-p_c.jpg,2026-07-13 10:57,For Sale
26858141,7030 Blackwood Dr,75231,Dallas,TX,32.874187,-96.73518,1475000,358.0,-20000.0,,,4.0,4.0,4121.0,1993.0,0.261,singleFamily,45,1321450.0,2025,https://www.zillow.com,https://photos.zillowstatic.com/fp/f745b3970283195f49d6384965ffa6df-p_c.jpg,2026-07-13 10:57,For Sale
80231177,10201 Royal Highlands Dr,75238,Dallas,TX,32.887825,-96.72317,864900,410.0,-10000.0,,,4.0,3.0,2112.0,1976.0,9016.92,singleFamily,31,712240.0,2025,https://www.zillow.com,https://photos.zillowstatic.com/fp/50a8a4888b8d6f68b45eb66f270de716-p_c.jpg,2026-07-13 10:57,For Sale
26773759,811 Tarryall Dr,75224,Dallas,TX,32.693607,-96.83646,399900,172.0,,392400.0,2898.0,4.0,2.0,2325.0,1956.0,0.267,singleFamily,4,270320.0,2025,https://www.zillow.com,https://photos.zillowstatic.com/fp/c012001fe95e0a6154cfb0f66e146bbc-p_c.jpg,2026-07-13 10:57,For Sale
26741586,9906 Losa Dr,75218,Dallas,TX,32.835236,-96.69563,1795000,423.0,,,,4.0,4.0,4239.0,2025.0,0.32080000000000003,singleFamily,7,473390.0,2025,https://www.zillow.com,https://photos.zillowstatic.com/fp/613757fa3cfb9d5e482f635cd86738ba-p_c.jpg,2026-07-13 10:57,For Sale
26811544,10509 Channel Dr,75229,Dallas,TX,32.890144,-96.88014,375000,209.0,,361200.0,3318.0,3.0,2.0,1797.0,1958.0,7535.88,singleFamily,25,318110.0,2025,https://www.zillow.com,https://photos.zillowstatic.com/fp/af58e2d19f241df7f1d709f94b4360fb-p_c.jpg,2026-07-13 10:57,For Sale
26785636,5320 Elkridge Dr,75227,Dallas,TX,32.790108,-96.705605,385000,173.0,-10000.0,383800.0,3294.0,3.0,3.0,2226.0,1966.0,8581.32,singleFamily,93,374960.0,2025,https://www.zillow.com,https://photos.zillowstatic.com/fp/255ad6ddea9b011366c20de836a8b447-p_c.jpg,2026-07-13 10:57,For Sale
26740649,8160 San Cristobal Dr,75218,Dallas,TX,32.80834,-96.71589,775000,306.0,-20000.0,742200.0,4477.0,4.0,3.0,2536.0,1972.0,0.254,singleFamily,40,806580.0,2025,https://www.zillow.com,https://photos.zillowstatic.com/fp/d8a800aef8352a7e920d1bc1db632b39-p_c.jpg,2026-07-13 10:57,For Sale
303985595,5404 Winton St,75206,Dallas,TX,32.835358,-96.7765,824999,379.0,-25000.0,807500.0,6115.0,4.0,3.0,2179.0,2018.0,4051.08,singleFamily,32,806090.0,2025,https://www.zillow.com,https://photos.zillowstatic.com/fp/921a8e8935f528254795c862617698c4-p_c.jpg,2026-07-13 10:57,For Sale
26695666,5606 Mercedes Ave,75206,Dallas,TX,32.828007,-96.7719,945000,529.0,,903400.0,4731.0,3.0,2.0,1788.0,1926.0,7797.24,singleFamily,10,878690.0,2025,https://www.zillow.com,https://photos.zillowstatic.com/fp/1c0f3f35264583788a7cab6693ef375c-p_c.jpg,2026-07-13 10:57,For Sale
162169838,601 Cristler Ave,75223,Dallas,TX,32.802513,-96.7469,325000,158.0,,302900.0,2659.0,4.0,3.0,2060.0,1922.0,7143.84,multiFamily,65,419230.0,2025,https://www.zillow.com,https://photos.zillowstatic.com/fp/180911ff5bc2b832485f93a3c05820c2-p_c.jpg,2026-07-13 10:57,For Sale
96522330,3210 Carpenter Ave,75215,Dallas,TX,32.762043,-96.75075,394900,199.0,,392300.0,2643.0,4.0,3.0,1988.0,2026.0,9365.4,singleFamily,16,65000.0,2025,https://www.zillow.com,https://photos.zillowstatic.com/fp/8de4aa2260a00da0412b0e7c4beb67d4-p_c.jpg,2026-07-13 10:57,For Sale
351065786,2926 Lorena Jordan Rd,75212,Dallas,TX,32.78252,-96.86816,349999,179.0,-14991.0,346800.0,3154.0,4.0,3.0,1950.0,2024.0,3179.88,singleFamily,60,,,https://www.zillow.com,https://photos.zillowstatic.com/fp/250dee368fe3a951f984b633d1acdefc-p_c.jpg,2026-07-13 10:57,For Sale
26899394,9233 Church Rd APT 103,75231,Dallas,TX,32.886517,-96.73183,325000,236.0,-20000.0,317000.0,2007.0,3.0,2.0,1377.0,1981.0,1.477,condo,15,289170.0,2025,https://www.zillow.com,https://photos.zillowstatic.com/fp/2830840fa2653750433c99484460cc05-p_c.jpg,2026-07-13 10:57,For Sale
26888478,10015 Chimney Hill Ln,75243,Dallas,TX,32.916225,-96.72445,524990,204.0,,510200.0,4492.0,4.0,3.0,2578.0,1979.0,8886.24,singleFamily,44,460000.0,2025,https://www.zillow.com,https://photos.zillowstatic.com/fp/117992e67b8bdbda7a3ebccbf1a20d44-p_c.jpg,2026-07-13 10:57,For Sale
26836163,4020 Ranger Dr,75212,Dallas,TX,32.790817,-96.89891,399999,186.0,,398600.0,3593.0,4.0,3.0,2147.0,2025.0,7000.092,singleFamily,22,313830.0,2025,https://www.zillow.com,https://photos.zillowstatic.com/fp/1593d07bd3dbbaa3e3016319194b8470-p_c.jpg,2026-07-13 10:57,For Sale
26681410,2416 Pennsylvania Ave,75215,Dallas,TX,32.76401,-96.77055,399900,192.0,,397300.0,2772.0,3.0,3.0,2086.0,2026.0,3123.252,singleFamily,10,62000.0,2025,https://www.zillow.com,https://photos.zillowstatic.com/fp/789134472956205ab7ade21721c2541b-p_c.jpg,2026-07-13 10:57,For Sale
96536265,2006 Oak Garden Ct,75232,Dallas,TX,32.65385,-96.85096,450000,215.0,,,,4.0,3.0,2089.0,2024.0,0.272,singleFamily,22,450000.0,2025,https://www.zillow.com,https://photos.zillowstatic.com/fp/9f8f5623bb56534a321b906a998f1fd0-p_c.jpg,2026-07-13 10:57,For Sale
26831952,10450 Solta Dr,75218,Dallas,TX,32.860786,-96.70644,1249000,363.0,-26000.0,1214100.0,6695.0,4.0,5.0,3439.0,2018.0,7884.36,singleFamily,24,1019330.0,2025,https://www.zillow.com,https://photos.zillowstatic.com/fp/18df4349af328fd6920f3d9d5812980f-p_c.jpg,2026-07-13 10:57,For Sale
96535061,272 W Lawson Rd Trailer 231,75253,Dallas,TX,32.697445,-96.574326,109999,,-24996.0,,2080.0,3.0,2.0,0.0,2021.0,6500.0,manufactured,212,4940.0,2020,https://www.zillow.com,https://photos.zillowstatic.com/fp/f57312f0cebc99483a2e0e7e75d0cb0f-p_c.jpg,2026-07-13 10:57,For Sale
26682434,4900 Victor St,75214,Dallas,TX,32.797035,-96.76548,875000,310.0,,868600.0,4756.0,3.0,3.0,2826.0,1984.0,9191.16,singleFamily,16,860870.0,2025,https://www.zillow.com,https://photos.zillowstatic.com/fp/fe8ffcf30a984f1d6c0b5b3c786536a6-p_c.jpg,2026-07-13 10:57,For Sale
453046203,9839 Walnut St APT T206,75243,Dallas,TX,32.916245,-96.736465,66500,65.0,-500.0,,1521.0,2.0,2.0,1031.0,1981.0,,condo,69,,,https://www.zillow.com,https://photos.zillowstatic.com/fp/74d8b81a585e6d3939040f4bfa812cdf-p_c.jpg,2026-07-13 10:57,For Sale
26902349,2107 Elmwood Blvd,75224,Dallas,TX,32.726025,-96.85425,485000,251.0,,479500.0,2613.0,3.0,3.0,1935.0,1989.0,0.252,singleFamily,2,511420.0,2025,https://www.zillow.com,https://photos.zillowstatic.com/fp/194b1a92aca6bdd6edcf2002f8c5048e-p_c.jpg,2026-07-13 10:57,For Sale
26851496,6766 Northaven Rd,75230,Dallas,TX,32.900932,-96.78869,4199000,946.0,-196000.0,3929000.0,7634.0,5.0,5.0,4437.0,2019.0,0.942,singleFamily,19,5337960.0,2025,https://www.zillow.com,https://photos.zillowstatic.com/fp/0f0da022a1df8f3a13e5d7deb0d1fe2a-p_c.jpg,2026-07-13 10:57,For Sale
26786398,733 Kirkwood Dr,75218,Dallas,TX,32.85002,-96.70548,549000,376.0,-10990.0,544600.0,3248.0,3.0,2.0,1461.0,1955.0,8755.56,singleFamily,67,518960.0,2025,https://www.zillow.com,https://photos.zillowstatic.com/fp/46e3bc6e29b87b0b445a8410fdd054ab-p_c.jpg,2026-07-13 10:57,For Sale
69676421,3110 Thomas Ave APT 338,75204,Dallas,TX,32.798294,-96.79458,449000,461.0,,,,1.0,2.0,973.0,1998.0,1.174,condo,26,428120.0,2025,https://www.zillow.com,https://photos.zillowstatic.com/fp/707aa936b671077a39fa300f10857d8c-p_c.jpg,2026-07-13 10:57,For Sale
26873194,15935 Longvista Dr,75248,Dallas,TX,32.966537,-96.78597,599999,256.0,-50001.0,585300.0,4275.0,4.0,3.0,2343.0,1972.0,9844.56,singleFamily,45,586310.0,2025,https://www.zillow.com,https://photos.zillowstatic.com/fp/a8f309fa2f527eabd9396064c2ed7f4b-p_c.jpg,2026-07-13 10:57,For Sale
26935096,9615 Walnut St #3205,75243,Dallas,TX,32.924957,-96.72104,119000,121.0,,89600.0,1362.0,2.0,1.0,986.0,1982.0,6.076,condo,0,128730.0,2025,https://www.zillow.com,https://photos.zillowstatic.com/fp/8a2172ebe895ae8de1470ea0a4a0b68d-p_c.jpg,2026-07-13 10:57,For Sale
96529449,4322 Robert L Parish Sr Ave,75210,Dallas,TX,32.770184,-96.740906,149900,146.0,-10000.0,149100.0,1779.0,3.0,2.0,1028.0,2021.0,5619.24,singleFamily,25,234310.0,2025,https://www.zillow.com,https://photos.zillowstatic.com/fp/0dfcf39515f8132fd1a4f09b8589bead-p_c.jpg,2026-07-13 10:57,For Sale
53389616,1676 Glade Forest Dr,75218,Dallas,TX,32.80505,-96.72278,949000,299.0,-46000.0,919900.0,4413.0,3.0,4.0,3172.0,1999.0,9888.12,singleFamily,30,948760.0,2025,https://www.zillow.com,https://photos.zillowstatic.com/fp/0ce029d969bd66d13c5618e53f3f6202-p_c.jpg,2026-07-13 10:57,For Sale
26680596,3708 Spence St,75215,Dallas,TX,32.755756,-96.770706,410000,191.0,-9999.0,405300.0,2580.0,4.0,3.0,2150.0,2026.0,5488.56,singleFamily,86,49600.0,2025,https://www.zillow.com,https://photos.zillowstatic.com/fp/f8b2cef30017da08bfd99f1bc4e15d23-p_c.jpg,2026-07-13 10:57,For Sale
303984086,9360 Lakemont Dr,75220,Dallas,TX,32.865963,-96.8446,2470000,496.0,-25000.0,2376200.0,7886.0,5.0,5.0,4981.0,2019.0,0.48,singleFamily,11,2218000.0,2025,https://www.zillow.com,https://photos.zillowstatic.com/fp/bfe473c632ca3f1cbecb49e005f01efa-p_c.jpg,2026-07-13 10:57,For Sale
60346601,13329 Southview Ln,75240,Dallas,TX,32.929558,-96.76768,275000,170.0,,,,3.0,2.0,1618.0,1968.0,4878.72,singleFamily,69,242430.0,2025,https://www.zillow.com,https://photos.zillowstatic.com/fp/d3f6a62f58a643135991119e237adf46-p_c.jpg,2026-07-13 10:57,For Sale
26703646,6031 Winton St,75206,Dallas,TX,32.835915,-96.76285,675000,473.0,,654200.0,3332.0,3.0,1.0,1428.0,1941.0,6664.68,singleFamily,16,633000.0,2025,https://www.zillow.com,https://photos.zillowstatic.com/fp/132795e2550abde65753cafc43915370-p_c.jpg,2026-07-13 10:57,For Sale
26689519,5701 Velasco Ave,75206,Dallas,TX,32.821274,-96.76997,799000,498.0,,767900.0,3136.0,2.0,2.0,1603.0,1919.0,8102.16,singleFamily,60,619600.0,2025,https://www.zillow.com,https://photos.zillowstatic.com/fp/1b285c96257218079d37ad13dbdc6294-p_c.jpg,2026-07-13 10:57,For Sale
26704339,5514 Matalee Ave,75206,Dallas,TX,32.832375,-96.77399,1149000,382.0,,1099700.0,4256.0,3.0,4.0,3006.0,2025.0,4443.12,singleFamily,10,605620.0,2025,https://www.zillow.com,https://photos.zillowstatic.com/fp/59df397697ce82b19d2413604514a212-p_c.jpg,2026-07-13 10:57,For Sale
26706696,6713 Lake Circle Dr,75214,Dallas,TX,32.825207,-96.74542,1849995,385.0,,1784000.0,10206.0,5.0,5.0,4800.0,2005.0,8015.04,singleFamily,6,1686660.0,2025,https://www.zillow.com,https://photos.zillowstatic.com/fp/d80e7ef81f99e9322b718b254faebaf1-p_c.jpg,2026-07-13 10:57,For Sale
26866546,9607 Greensprint Dr,75238,Dallas,TX,32.885036,-96.72301,1150000,420.0,-25000.0,1112900.0,3836.0,5.0,4.0,2736.0,1979.0,8668.44,singleFamily,95,806110.0,2025,https://www.zillow.com,https://photos.zillowstatic.com/fp/fbc2f858114d4b740ea70a68d75d24ea-p_c.jpg,2026-07-13 10:57,For Sale
26841713,2609 Inadale Ave,75228,Dallas,TX,32.817135,-96.670525,290000,220.0,-5000.0,286900.0,2318.0,4.0,2.0,1320.0,1957.0,8102.16,singleFamily,35,212970.0,2025,https://www.zillow.com,https://photos.zillowstatic.com/fp/a63b8bd0f7e81159dff7c128223fd3ac-p_c.jpg,2026-07-13 10:57,For Sale
26897855,3307 San Jacinto St,75204,Dallas,TX,32.794907,-96.78823,449900,358.0,,431500.0,2648.0,2.0,2.0,1258.0,1984.0,2639.736,singleFamily,30,395800.0,2025,https://www.zillow.com,https://photos.zillowstatic.com/fp/de42bbaa1114db4f20db6879eb7df1f0-p_c.jpg,2026-07-13 10:57,For Sale
26727922,2631 Alco Ave,75211,Dallas,TX,32.747105,-96.86168,467000,343.0,,446800.0,2198.0,2.0,1.0,1360.0,1943.0,6969.6,singleFamily,17,368470.0,2025,https://www.zillow.com,https://photos.zillowstatic.com/fp/74b6d05f3223c635b5915b7b249acae5-p_c.jpg,2026-07-13 10:57,For Sale
26874725,7881 La Cabeza Dr,75248,Dallas,TX,32.971146,-96.76922,735000,346.0,-10000.0,717600.0,2954.0,4.0,2.0,2123.0,1968.0,0.338,singleFamily,65,457990.0,2025,https://www.zillow.com,https://photos.zillowstatic.com/fp/5032e60e0b7156ff475ebc359c22879f-p_c.jpg,2026-07-13 10:57,For Sale
249767895,18307 Frankford Lakes Cir,75252,Dallas,TX,33.000546,-96.799805,699900,213.0,,679400.0,3517.0,4.0,3.0,3279.0,2016.0,3005.64,singleFamily,9,631804.0,2025,https://www.zillow.com,https://photos.zillowstatic.com/fp/8caab691d825ca23e63a06aee849a4f4-p_c.jpg,2026-07-13 10:57,For Sale
26756677,6411 Azalea Ln,75230,Dallas,TX,32.897232,-96.79598,2800000,461.0,-50000.0,,,5.0,7.0,6078.0,2014.0,0.322,singleFamily,3,3239820.0,2025,https://www.zillow.com,https://photos.zillowstatic.com/fp/84432ace74ce0c93470561d3fe17f8e9-p_c.jpg,2026-07-13 10:57,For Sale
26789989,3724 Highgrove Dr,75220,Dallas,TX,32.86873,-96.85501,1299999,317.0,,,,4.0,4.0,4100.0,2026.0,7435.692,singleFamily,1,407640.0,2025,https://www.zillow.com,https://photos.zillowstatic.com/fp/0d51b13b849366263f8675307050ef44-p_c.jpg,2026-07-13 10:57,For Sale
26707541,6924 Redstart Ln,75214,Dallas,TX,32.837757,-96.737816,2890000,556.0,,,,5.0,6.0,5198.0,2026.0,9104.04,singleFamily,16,880860.0,2025,https://www.zillow.com,https://photos.zillowstatic.com/fp/5d2b2acc412b9fa00f1b1c010ed83e56-p_c.jpg,2026-07-13 10:57,For Sale
26838396,7605 Woodthrush Dr,75230,Dallas,TX,32.889538,-96.77603,350000,228.0,,319600.0,2343.0,3.0,3.0,1535.0,1969.0,0.521,condo,2,361660.0,2025,https://www.zillow.com,https://photos.zillowstatic.com/fp/7ec7aa7d27dc17ba2ea308d5d7bd650c-p_c.jpg,2026-07-13 10:57,For Sale
26700522,6823 E Grand Ave,75223,Dallas,TX,32.802856,-96.737946,799000,415.0,,770900.0,3316.0,3.0,3.0,1924.0,1948.0,7143.84,singleFamily,10,528610.0,2025,https://www.zillow.com,https://photos.zillowstatic.com/fp/411f19e2d1c535c607fbccfd9b52ca11-p_c.jpg,2026-07-13 10:57,For Sale
26880655,12151 Crestline Ave,75244,Dallas,TX,32.915157,-96.83427,1250000,406.0,-49900.0,1203100.0,4988.0,4.0,3.0,3077.0,1971.0,0.336,singleFamily,39,861260.0,2025,https://www.zillow.com,https://photos.zillowstatic.com/fp/d8cdbad947be0aa88d04e6a3515424e0-p_c.jpg,2026-07-13 10:57,For Sale
26864424,9827 Vistadale Dr,75238,Dallas,TX,32.8887,-96.71662,789000,321.0,-10000.0,765800.0,4066.0,4.0,3.0,2456.0,1966.0,8799.12,singleFamily,65,765280.0,2025,https://www.zillow.com,https://photos.zillowstatic.com/fp/20ef7df580bd246517b5c4e257a657c6-p_c.jpg,2026-07-13 10:57,For Sale
26690351,5645 Vickery Blvd,75206,Dallas,TX,32.822723,-96.77035,1699000,526.0,,,,4.0,3.0,3227.0,2014.0,8494.2,singleFamily,46,1543690.0,2025,https://www.zillow.com,https://photos.zillowstatic.com/fp/faa22aa792b686f17f213d793cf6669e-p_c.jpg,2026-07-13 10:57,For Sale
26767220,2402 E Overton Rd,75216,Dallas,TX,32.708187,-96.79084,290000,148.0,,288100.0,2454.0,4.0,4.0,1956.0,1950.0,8407.08,singleFamily,37,191430.0,2025,https://www.zillow.com,https://photos.zillowstatic.com/fp/c1e22b23d5e025f72c0ac557ce5aab48-p_c.jpg,2026-07-13 10:57,For Sale
26696999,5114 Parkland Ave,75235,Dallas,TX,32.81797,-96.8286,649900,475.0,,626200.0,2552.0,3.0,2.0,1368.0,1925.0,8712.0,singleFamily,2,435800.0,2025,https://www.zillow.com,https://photos.zillowstatic.com/fp/85fcaeb3c374f3835ef8019999d31b1c-p_c.jpg,2026-07-13 10:57,For Sale
26869902,9223 Club Glen Dr,75243,Dallas,TX,32.90173,-96.74409,1150000,286.0,-45000.0,,,4.0,3.0,4026.0,1979.0,10410.84,singleFamily,47,1085440.0,2025,https://www.zillow.com,https://photos.zillowstatic.com/fp/ae21523ef1f510d4873f1a4eb4145e82-p_c.jpg,2026-07-13 10:57,For Sale
26733960,3013 Emmett St,75211,Dallas,TX,32.7328,-96.87069,209900,164.0,-100.0,204300.0,2260.0,4.0,2.0,1281.0,1942.0,7143.84,singleFamily,31,245660.0,2025,https://www.zillow.com,https://photos.zillowstatic.com/fp/ccd3ff84abb1ede9e716f0d4a2c4a155-p_c.jpg,2026-07-13 10:57,For Sale
54010848,17911 Meadowchase Way,75287,Dallas,TX,32.99258,-96.860535,399000,161.0,-31000.0,,3180.0,4.0,3.0,2481.0,1995.0,5227.2,singleFamily,65,446223.0,2025,https://www.zillow.com,https://photos.zillowstatic.com/fp/2d2bbd8bcc98a3224bb5346b1771b36c-p_c.jpg,2026-07-13 10:57,For Sale
26787259,635 Classen Dr,75218,Dallas,TX,32.85325,-96.703964,525000,243.0,-25000.0,512800.0,3646.0,3.0,2.0,2160.0,1959.0,10284.516,singleFamily,66,548350.0,2025,https://www.zillow.com,https://photos.zillowstatic.com/fp/b0fe86d31a1bc4bea2713036639ab4cd-p_c.jpg,2026-07-13 10:57,For Sale
26807218,10144 Rockmoor Ct,75229,Dallas,TX,32.88554,-96.857185,1750000,360.0,,,,5.0,7.0,4867.0,2026.0,0.324,singleFamily,15,400000.0,2025,https://www.zillow.com,https://photos.zillowstatic.com/fp/f3efe40447a481fb57f0cdff21e30a9e-p_c.jpg,2026-07-13 10:57,For Sale
26848500,6929 Elmridge Dr,75240,Dallas,TX,32.935173,-96.78496,1999999,625.0,,1869000.0,6267.0,4.0,4.0,3199.0,1961.0,0.7580000000000001,singleFamily,12,1351460.0,2025,https://www.zillow.com,https://photos.zillowstatic.com/fp/f29ea391556e8c0b369473c36bc55f31-p_c.jpg,2026-07-13 10:57,For Sale
26805887,4044 Boca Bay Dr,75244,Dallas,TX,32.915993,-96.844955,849000,351.0,,813700.0,4226.0,4.0,3.0,2416.0,1962.0,0.268,singleFamily,16,766000.0,2025,https://www.zillow.com,https://photos.zillowstatic.com/fp/a6b60a5ff798c149e2214c36f46be138-p_c.jpg,2026-07-13 10:57,For Sale
96528209,11324 Mounts Run Dr,75218,Dallas,TX,32.863335,-96.69511,730000,216.0,,709700.0,5577.0,4.0,4.0,3376.0,2012.0,5488.56,singleFamily,1,755600.0,2025,https://www.zillow.com,https://photos.zillowstatic.com/fp/e9b99eda8e34b18fdb0eba93b3a2b5e7-p_c.jpg,2026-07-13 10:57,For Sale
26836680,2401 Ingersoll St,75212,Dallas,TX,32.772038,-96.90527,315000,250.0,,309600.0,2307.0,3.0,2.0,1260.0,1935.0,7492.32,singleFamily,1,226680.0,2025,https://www.zillow.com,https://photos.zillowstatic.com/fp/56938333fec666f80bc69ddf3ee25dbe-p_c.jpg,2026-07-13 10:57,For Sale
96497279,10715 Dixon Branch Dr,75218,Dallas,TX,32.863895,-96.69829,699000,225.0,,677800.0,5471.0,3.0,4.0,3102.0,2010.0,6751.8,singleFamily,4,702640.0,2025,https://www.zillow.com,https://photos.zillowstatic.com/fp/14547d89f3858b4fe752aacc10ed6b01-p_c.jpg,2026-07-13 10:57,For Sale
2064281836,11008 Quail Run St,75238,Dallas,TX,32.87046,-96.69358,589000,385.0,,568400.0,2554.0,3.0,2.0,1530.0,1956.0,0.281,singleFamily,12,,,https://www.zillow.com,https://photos.zillowstatic.com/fp/a8b9994e1e6791769de73ec3c147c8b3-p_c.jpg,2026-07-13 10:57,For Sale
26847328,1537 Mapleton Dr,75228,Dallas,TX,32.81902,-96.688805,599000,292.0,,581900.0,2588.0,3.0,3.0,2054.0,1961.0,8668.44,singleFamily,24,578010.0,2025,https://www.zillow.com,https://photos.zillowstatic.com/fp/32e287728bc7dfb727932e9e35e3285c-p_c.jpg,2026-07-13 10:57,For Sale
26882898,12929 Jasoncrest Trl,75243,Dallas,TX,32.925285,-96.71173,500000,202.0,,491700.0,2990.0,4.0,3.0,2474.0,1985.0,0.299,singleFamily,32,390380.0,2025,https://www.zillow.com,https://photos.zillowstatic.com/fp/01063a1c3d4c090313770946a093e2fb-p_c.jpg,2026-07-13 10:57,For Sale
2069956307,4406 S Ottawa Rd,75212,Dallas,TX,32.791405,-96.892456,450000,182.0,,448800.0,3617.0,4.0,2.0,2476.0,2026.0,6233.436,singleFamily,6,,,https://www.zillow.com,https://photos.zillowstatic.com/fp/a8c3f2c5c1386dec0b0bce207e05e484-p_c.jpg,2026-07-13 10:57,For Sale
26767601,1650 E Elmore Ave,75216,Dallas,TX,32.717663,-96.79793,122000,113.0,,,1794.0,2.0,1.0,1080.0,1939.0,6316.0,singleFamily,15,202070.0,2025,https://www.zillow.com,https://www.zillowstatic.com/static/images/nophoto_p_c.png,2026-07-13 10:57,For Sale
26714388,1442 Stella Ave,75216,Dallas,TX,32.727345,-96.802475,519000,167.0,-30000.0,516800.0,4319.0,5.0,4.0,3100.0,2026.0,8058.6,singleFamily,88,180780.0,2025,https://www.zillow.com,https://photos.zillowstatic.com/fp/5e4194e9b3ad3651cb82ccf0e10b6d99-p_c.jpg,2026-07-13 10:57,For Sale
26761762,9744 Wisterwood Dr,75238,Dallas,TX,32.873096,-96.72015,875000,385.0,,836400.0,5017.0,3.0,3.0,2270.0,1964.0,10105.92,singleFamily,40,845730.0,2025,https://www.zillow.com,https://photos.zillowstatic.com/fp/c8c6834decf02c36a63d98936d9e8026-p_c.jpg,2026-07-13 10:57,For Sale
26863789,14335 Haymeadow Cir,75254,Dallas,TX,32.94435,-96.771255,269900,187.0,,263800.0,2038.0,3.0,3.0,1446.0,1974.0,3267.0,townhome,12,226490.0,2025,https://www.zillow.com,https://photos.zillowstatic.com/fp/c4e6d12c1e020decbcd236a3f370b422-p_c.jpg,2026-07-13 10:57,For Sale
462563787,1542 Caldwell St,75223,Dallas,TX,32.782345,-96.75027,310000,176.0,-5000.0,308400.0,2694.0,3.0,2.0,1760.0,2026.0,5445.0,singleFamily,53,,,https://www.zillow.com,https://photos.zillowstatic.com/fp/d55a0d7bfa3f992c3af637573667760f-p_c.jpg,2026-07-13 10:57,For Sale
26702921,6030 Morningside Ave,75206,Dallas,TX,32.828613,-96.76226,830000,423.0,-20000.0,,,3.0,2.0,1963.0,1948.0,7492.32,singleFamily,37,680570.0,2025,https://www.zillow.com,https://photos.zillowstatic.com/fp/7a39ae7b21bb44be09fadd3e91bb5178-p_c.jpg,2026-07-13 10:57,For Sale
2071351210,1920 Dowgate Ct,75204,Dallas,TX,32.80597,-96.77979,560000,284.0,,553200.0,3848.0,3.0,4.0,1974.0,2020.0,1306.8,townhome,2,713290.0,2025,https://www.zillow.com,https://photos.zillowstatic.com/fp/f0f443bc5042ac9e4e48721148b41787-p_c.jpg,2026-07-13 10:57,For Sale
96520342,1511 Morrell Ave,75203,Dallas,TX,32.73941,-96.79961,549999,205.0,-15000.0,543600.0,3681.0,4.0,4.0,2683.0,2026.0,7753.68,singleFamily,24,90000.0,2025,https://www.zillow.com,https://photos.zillowstatic.com/fp/acfa459c92de1844a45447db69d2460b-p_c.jpg,2026-07-13 10:57,For Sale
84002683,3915 Congress Ave APT 200,75219,Dallas,TX,32.80821,-96.81255,499500,330.0,,491300.0,3486.0,3.0,3.0,1514.0,2006.0,1742.4,townhome,2,529900.0,2025,https://www.zillow.com,https://photos.zillowstatic.com/fp/22ee1aeef3d44159ef872de753d44577-p_c.jpg,2026-07-13 10:57,For Sale
26807199,10255 Timber Trail Dr,75229,Dallas,TX,32.88647,-96.85776,649999,250.0,-25001.0,635000.0,4428.0,4.0,3.0,2599.0,1964.0,0.48100000000000004,singleFamily,66,762610.0,2025,https://www.zillow.com,https://photos.zillowstatic.com/fp/78f90566ca524fa4b3d17737fa03541d-p_c.jpg,2026-07-13 10:57,For Sale
26701570,6427 Lakewood Blvd,75214,Dallas,TX,32.818043,-96.751884,1750000,478.0,-40000.0,,,5.0,4.0,3662.0,1925.0,8799.12,singleFamily,65,1320700.0,2025,https://www.zillow.com,https://photos.zillowstatic.com/fp/48e1c5704ef78e182648c47376e7d0d1-p_c.jpg,2026-07-13 10:57,For Sale
26869110,9604 Robin Meadow Dr,75243,Dallas,TX,32.90022,-96.73132,975000,300.0,,,,4.0,3.0,3250.0,1981.0,0.296,singleFamily,40,930680.0,2025,https://www.zillow.com,https://photos.zillowstatic.com/fp/7e8eed9d1976332854327a8019342f3c-p_c.jpg,2026-07-13 10:57,For Sale
26686305,2714 Lenway St,75215,Dallas,TX,32.765194,-96.765,180000,148.0,,186000.0,1952.0,7.0,4.0,1218.0,1930.0,6141.96,singleFamily,2,138560.0,2025,https://www.zillow.com,https://photos.zillowstatic.com/fp/eb17c3a453aac032687224c5e1219a68-p_c.jpg,2026-07-13 10:57,For Sale
84000380,4040 N Hall St APT 304,75219,Dallas,TX,32.812984,-96.81055,353000,294.0,-2000.0,345000.0,2374.0,2.0,2.0,1201.0,2006.0,0.862,condo,52,360300.0,2025,https://www.zillow.com,https://photos.zillowstatic.com/fp/51dec2d82557a525cd032356f3c83ce7-p_c.jpg,2026-07-13 10:57,For Sale
26890961,7010 McKamy Blvd,75248,Dallas,TX,32.98315,-96.78468,1299000,328.0,-100000.0,1252100.0,7527.0,5.0,5.0,3966.0,1978.0,0.324,singleFamily,26,1060000.0,2025,https://www.zillow.com,https://photos.zillowstatic.com/fp/dbab2fc0269d01363d658e68d49f1239-p_c.jpg,2026-07-13 10:57,For Sale
26880423,4115 Calculus Dr,75244,Dallas,TX,32.91821,-96.842964,1100000,361.0,,,,4.0,4.0,3045.0,1972.0,0.296,singleFamily,16,1041880.0,2025,https://www.zillow.com,https://photos.zillowstatic.com/fp/fc0559ec03a99c644dc2a32e08438035-p_c.jpg,2026-07-13 10:57,For Sale
67964471,4121 McKinney Ave APT 50,75204,Dallas,TX,32.815117,-96.79201,475000,255.0,,,,2.0,3.0,1860.0,2003.0,0.9400000000000001,condo,29,530100.0,2025,https://www.zillow.com,https://photos.zillowstatic.com/fp/b791bc98d03e7efd93fb13c2c81cdf61-p_c.jpg,2026-07-13 10:57,For Sale
26823234,1743 Indian Summer Trl,75241,Dallas,TX,32.6743,-96.7936,189900,78.0,-10000.0,195800.0,2497.0,3.0,3.0,2427.0,1962.0,0.40499999999999997,singleFamily,64,190870.0,2025,https://www.zillow.com,https://photos.zillowstatic.com/fp/adbfddfde02a514444608af1d819b22e-p_c.jpg,2026-07-13 10:57,For Sale
26901286,5310 Keller Springs Rd APT 332,75248,Dallas,TX,32.967464,-96.81492,178000,186.0,,178900.0,1581.0,2.0,2.0,957.0,1981.0,5.552,condo,3,186620.0,2025,https://www.zillow.com,https://photos.zillowstatic.com/fp/ea2027a19f03257530e49b1727c48c69-p_c.jpg,2026-07-13 10:57,For Sale
26831635,3037 Valentine St,75215,Dallas,TX,32.742107,-96.7466,350000,199.0,,344900.0,2419.0,3.0,3.0,1756.0,2024.0,4704.48,singleFamily,7,291200.0,2025,https://www.zillow.com,https://photos.zillowstatic.com/fp/7658721164264351afa44f50e123c7de-p_c.jpg,2026-07-13 10:57,For Sale
26780322,2904 Bridal Wreath Ln,75233,Dallas,TX,32.6954,-96.868065,279000,107.0,,273600.0,3009.0,4.0,4.0,2598.0,1970.0,0.334,singleFamily,13,365520.0,2025,https://www.zillow.com,https://photos.zillowstatic.com/fp/4e36aae9bbd2d3bc25262184385ceb7c-p_c.jpg,2026-07-13 10:57,For Sale
96490154,4503 Jamaica St,75210,Dallas,TX,32.777107,-96.74534,329999,206.0,,328000.0,2062.0,3.0,2.0,1600.0,2026.0,4617.36,singleFamily,24,39380.0,2025,https://www.zillow.com,https://photos.zillowstatic.com/fp/bf48ffbd4934345377b58dc349daccfc-p_c.jpg,2026-07-13 10:57,For Sale
26805952,3923 Weeburn Dr,75229,Dallas,TX,32.90733,-96.847534,1250000,458.0,,1190600.0,5825.0,4.0,3.0,2727.0,1964.0,0.367,singleFamily,24,1196530.0,2025,https://www.zillow.com,https://photos.zillowstatic.com/fp/8bbc23a558ee2780f176e9e2e66140e9-p_c.jpg,2026-07-13 10:57,For Sale
26812269,3048 Airhaven St,75229,Dallas,TX,32.905598,-96.874115,335000,174.0,-15000.0,,,3.0,2.0,1928.0,1981.0,5314.32,singleFamily,142,391660.0,2025,https://www.zillow.com,https://photos.zillowstatic.com/fp/504c796b67f901725a3a0ed28532582c-p_c.jpg,2026-07-13 10:57,For Sale
26859659,13351 Kit Ln,75240,Dallas,TX,32.93011,-96.76611,555000,176.0,-10000.0,537600.0,1980.0,6.0,4.0,3162.0,1968.0,0.258,multiFamily,124,504500.0,2025,https://www.zillow.com,https://photos.zillowstatic.com/fp/d8e27de30488254a87d1048fae90dc20-p_c.jpg,2026-07-13 10:57,For Sale
26779175,2329 Southwood Dr,75224,Dallas,TX,32.70125,-96.85583,450000,274.0,,,,4.0,2.0,1643.0,1968.0,0.27,singleFamily,23,263950.0,2025,https://www.zillow.com,https://photos.zillowstatic.com/fp/c11cc14b2eeb154f7d61b8ef44b7fc66-p_c.jpg,2026-07-13 10:57,For Sale
460657543,5445 Terry St,75223,Dallas,TX,32.797497,-96.75476,549999,246.0,-10000.0,545100.0,3871.0,3.0,3.0,2234.0,2026.0,7501.032,singleFamily,139,,,https://www.zillow.com,https://photos.zillowstatic.com/fp/afdb3578ed9fef45cabe5a84f7ea3ad7-p_c.jpg,2026-07-13 10:57,For Sale
26912838,9535 Viewside Dr,75231,Dallas,TX,32.89153,-96.73706,775000,295.0,-14000.0,754000.0,4666.0,4.0,3.0,2627.0,1980.0,10759.32,singleFamily,66,719000.0,2025,https://www.zillow.com,https://photos.zillowstatic.com/fp/07fc3ab735ecacebe34610f141b61624-p_c.jpg,2026-07-13 10:57,For Sale
26714332,1100 S Brighton Ave,75208,Dallas,TX,32.734875,-96.8501,249000,185.0,-18990.0,235700.0,2301.0,3.0,2.0,1344.0,1925.0,5924.16,singleFamily,162,374940.0,2025,https://www.zillow.com,https://photos.zillowstatic.com/fp/b40d14c1637ab68c4ac640f64c584e61-p_c.jpg,2026-07-13 10:57,For Sale
26899133,4608 Gilbert Ave,75219,Dallas,TX,32.822643,-96.811935,1400000,448.0,440000.0,1336900.0,6068.0,3.0,4.0,3122.0,2001.0,2874.96,townhome,7,1117690.0,2025,https://www.zillow.com,https://photos.zillowstatic.com/fp/e2db28f310c0b71fbccf8b13664d8bd8-p_c.jpg,2026-07-13 10:57,For Sale
26873071,15745 Havenrock Cir,75248,Dallas,TX,32.9643,-96.78187,699000,286.0,,676900.0,5173.0,4.0,3.0,2447.0,1970.0,7361.64,singleFamily,17,487960.0,2025,https://www.zillow.com,https://photos.zillowstatic.com/fp/55445e4a9bd873c12a893424317c1985-p_c.jpg,2026-07-13 10:57,For Sale
26932268,6108 Abrams Rd APT 521,75231,Dallas,TX,32.858456,-96.74664,105000,127.0,-20000.0,120700.0,1581.0,2.0,2.0,828.0,2019.0,4.299,condo,91,184680.0,2025,https://www.zillow.com,https://photos.zillowstatic.com/fp/4d31fda48c763b015866c03bb48b5a34-p_c.jpg,2026-07-13 10:57,For Sale
26767111,2319 Kathleen Ave,75216,Dallas,TX,32.705616,-96.790436,115000,127.0,-5000.0,,1492.0,3.0,1.0,904.0,1948.0,5924.16,singleFamily,79,167190.0,2025,https://www.zillow.com,https://photos.zillowstatic.com/fp/1ed857364c42c34f4a417389badd9ba8-p_c.jpg,2026-07-13 10:57,For Sale
26729241,1518 Oak Knoll St,75208,Dallas,TX,32.762928,-96.83254,1345000,423.0,-50000.0,1301900.0,7072.0,4.0,4.0,3180.0,1948.0,0.29200000000000004,singleFamily,54,1895320.0,2025,https://www.zillow.com,https://photos.zillowstatic.com/fp/fca8bb69f60de8b0346af815b3e86b4c-p_c.jpg,2026-07-13 10:57,For Sale
26740748,8702 San Fernando Way,75218,Dallas,TX,32.820957,-96.7085,882000,334.0,-15000.0,872600.0,4736.0,3.0,2.0,2638.0,2014.0,8015.04,singleFamily,115,1262570.0,2025,https://www.zillow.com,https://photos.zillowstatic.com/fp/61b398d8216f961540e664eb86399af2-p_c.jpg,2026-07-13 10:57,For Sale
26807792,3060 Timberview Rd,75229,Dallas,TX,32.88321,-96.872246,635000,259.0,,609900.0,4047.0,4.0,3.0,2454.0,1963.0,10018.8,singleFamily,30,509110.0,2025,https://www.zillow.com,https://photos.zillowstatic.com/fp/7b7b0bab43ab5ccea3302f0918f81de0-p_c.jpg,2026-07-13 10:57,For Sale
26867514,7104 Claybrook Dr,75231,Dallas,TX,32.87703,-96.7402,925000,375.0,-24000.0,901100.0,5358.0,4.0,3.0,2465.0,1976.0,9060.48,singleFamily,31,996310.0,2025,https://www.zillow.com,https://photos.zillowstatic.com/fp/7d837c7845d989e7bb0008fa16c7a7e9-p_c.jpg,2026-07-13 10:57,For Sale
26821198,2447 E Pentagon Pkwy,75241,Dallas,TX,32.68448,-96.77835,99000,102.0,-11000.0,,1535.0,3.0,1.0,966.0,1959.0,6664.68,singleFamily,26,136430.0,2025,https://www.zillow.com,https://photos.zillowstatic.com/fp/7d62a682c0539efaed5f6a831bdb4def-p_c.jpg,2026-07-13 10:57,For Sale
26791860,2526 Pleasant Dr,75227,Dallas,TX,32.771065,-96.689674,280000,175.0,,,1854.0,4.0,2.0,1602.0,1950.0,0.3769742883379247,singleFamily,54,284670.0,2025,https://www.zillow.com,https://photos.zillowstatic.com/fp/ae43f7b25d6ed394cc34cd61864c2713-p_c.jpg,2026-07-13 10:57,For Sale
26870786,6829 Midcrest Dr,75254,Dallas,TX,32.947,-96.78736,1499000,355.0,,,,6.0,6.0,4228.0,1967.0,0.43,singleFamily,10,1230580.0,2025,https://www.zillow.com,https://photos.zillowstatic.com/fp/c54998be10c8b171ea166d1ac7b0781b-p_c.jpg,2026-07-13 10:57,For Sale
26880699,4359 Shady Bend Dr,75244,Dallas,TX,32.917522,-96.83576,1390000,397.0,-60000.0,,,5.0,4.0,3500.0,1970.0,0.29500000000000004,singleFamily,50,1021160.0,2025,https://www.zillow.com,https://photos.zillowstatic.com/fp/4cace3483389fff8a3d25b2973c23dba-p_c.jpg,2026-07-13 10:57,For Sale
122302954,4107 Bowser Ave APT 110,75219,Dallas,TX,32.815628,-96.80854,365000,293.0,,355100.0,2434.0,2.0,2.0,1244.0,2008.0,0.55,condo,3,376370.0,2025,https://www.zillow.com,https://photos.zillowstatic.com/fp/7ae1e1a1628bbfd908445c82a395ce73-p_c.jpg,2026-07-13 10:57,For Sale
26739440,6503 Ridgecrest Rd #109-I,75231,Dallas,TX,32.866634,-96.75133,150000,168.0,,,,1.0,2.0,893.0,1980.0,0.522,condo,11,135680.0,2025,https://www.zillow.com,https://photos.zillowstatic.com/fp/593c3f3d5231d7bfb58c08d343d3badf-p_c.jpg,2026-07-13 10:57,For Sale
26698753,3719 W Beverly Dr,75209,Dallas,TX,32.831146,-96.822975,1598000,499.0,,1553600.0,2179.0,4.0,5.0,3200.0,2026.0,8537.76,singleFamily,1,,,https://www.zillow.com,https://photos.zillowstatic.com/fp/c4e5b9ea9b3e225a09a0164384438617-p_c.jpg,2026-07-13 10:57,For Sale
455152761,2414 Merlin St,75215,Dallas,TX,32.775078,-96.77428,299900,164.0,14900.0,299800.0,2749.0,3.0,3.0,1832.0,2025.0,,singleFamily,359,,,https://www.zillow.com,https://photos.zillowstatic.com/fp/91b90021b7264137b0710455580e2b4f-p_c.jpg,2026-07-13 10:57,For Sale
26751409,7702 Bryn Mawr Dr,75225,Dallas,TX,32.85572,-96.774895,3395000,607.0,,3194900.0,15120.0,5.0,6.0,5590.0,1946.0,0.257,singleFamily,6,2387870.0,2025,https://www.zillow.com,https://photos.zillowstatic.com/fp/70952d1a3f0142403fb13215baeb57c8-p_c.jpg,2026-07-13 10:57,For Sale
26858724,12025 Loch Ness Dr,75218,Dallas,TX,32.86031,-96.68953,799000,282.0,-51000.0,,,4.0,3.0,2837.0,1971.0,0.366,singleFamily,72,579740.0,2025,https://www.zillow.com,https://photos.zillowstatic.com/fp/21181737d9a23f60d9f8005ccd240bad-p_c.jpg,2026-07-13 10:57,For Sale
462103308,9319 Chimney Corner Ln,75243,Dallas,TX,32.92031,-96.73659,229900,174.0,-10100.0,224400.0,2062.0,3.0,2.0,1321.0,1974.0,3092.76,townhome,59,,,https://www.zillow.com,https://photos.zillowstatic.com/fp/27c8cff38a98f67d9a22cb35142f736c-p_c.jpg,2026-07-13 10:57,For Sale
26685905,5705 Tremont St,75214,Dallas,TX,32.804977,-96.75765,599000,307.0,,607300.0,3231.0,3.0,2.0,1952.0,1917.0,8712.0,singleFamily,11,587310.0,2025,https://www.zillow.com,https://photos.zillowstatic.com/fp/9a617c2f5fd0f3ba7bc04fc75b044668-p_c.jpg,2026-07-13 10:57,For Sale
26792774,3867 Beutel Ct,75229,Dallas,TX,32.882236,-96.8512,1195000,240.0,-95000.0,1177800.0,7426.0,6.0,6.0,4989.0,2010.0,0.386,singleFamily,17,1737820.0,2025,https://www.zillow.com,https://photos.zillowstatic.com/fp/fa6824723308ea50247f844733fa7c1b-p_c.jpg,2026-07-13 10:57,For Sale
26794401,1718 Joan Dr,75217,Dallas,TX,32.74221,-96.69704,214800,150.0,-3200.0,,,3.0,2.0,1428.0,1957.0,7448.76,singleFamily,69,234160.0,2025,https://www.zillow.com,https://photos.zillowstatic.com/fp/582bcd163eb4ab1a71b69e785936b18c-p_c.jpg,2026-07-13 10:57,For Sale
26702047,6933 Delrose Dr,75214,Dallas,TX,32.825703,-96.7398,2790000,728.0,,2623900.0,7561.0,4.0,4.0,3835.0,1979.0,0.49599999999999994,singleFamily,31,1850080.0,2025,https://www.zillow.com,https://photos.zillowstatic.com/fp/3c7540458c0312d1b9882ec9d9a38e1b-p_c.jpg,2026-07-13 10:57,For Sale
26758245,4253 Royal Ridge Dr,75229,Dallas,TX,32.88958,-96.83674,980000,394.0,,932000.0,3792.0,3.0,3.0,2489.0,1969.0,9931.68,singleFamily,5,722410.0,2025,https://www.zillow.com,https://photos.zillowstatic.com/fp/b310b36603aa54bfc19331011c4aaec1-p_c.jpg,2026-07-13 10:57,For Sale
26782706,1833 Deer Path Dr,75216,Dallas,TX,32.711143,-96.76864,170000,139.0,,,2063.0,4.0,2.0,1220.0,1949.0,7503.0,singleFamily,12,90000.0,2025,https://www.zillow.com,https://photos.zillowstatic.com/fp/26d5d33509319c19775886d404a018eb-p_c.jpg,2026-07-13 10:57,For Sale
26630618,4234 Timberglen Rd,75287,Dallas,TX,33.003822,-96.83859,499995,233.0,,487500.0,2992.0,3.0,2.0,2146.0,1991.0,6098.4,singleFamily,6,450962.0,2025,https://www.zillow.com,https://photos.zillowstatic.com/fp/9123dc38724f323602e76ecd2d3fef3a-p_c.jpg,2026-07-13 10:57,For Sale
26883076,12706 Whispering Hills Dr,75243,Dallas,TX,32.921013,-96.70871,435000,184.0,,426300.0,3090.0,4.0,3.0,2370.0,1977.0,9496.08,singleFamily,4,456460.0,2025,https://www.zillow.com,https://photos.zillowstatic.com/fp/9646ada43e9030c704b6d65dc9d22b02-p_c.jpg,2026-07-13 10:57,For Sale
26737270,1723 Timbergrove Cir,75208,Dallas,TX,32.75551,-96.84901,899000,441.0,,876000.0,3361.0,3.0,3.0,2040.0,1962.0,0.32999999999999996,singleFamily,39,969190.0,2025,https://www.zillow.com,https://photos.zillowstatic.com/fp/61ed02b3a50d50769bd8163d801b15a2-p_c.jpg,2026-07-13 10:57,For Sale
60347644,4034 Rawlins St APT 207,75219,Dallas,TX,32.814045,-96.80962,365000,326.0,-5000.0,355400.0,2307.0,2.0,3.0,1119.0,1984.0,0.41,condo,66,324510.0,2025,https://www.zillow.com,https://photos.zillowstatic.com/fp/186755c15c706fe338e9d67c732f1271-p_c.jpg,2026-07-13 10:57,For Sale
26698802,5322 W Mockingbird Ln,75209,Dallas,TX,32.8364,-96.820786,1050000,456.0,-25000.0,1025100.0,4473.0,3.0,3.0,2303.0,1979.0,7927.92,singleFamily,92,1062700.0,2025,https://www.zillow.com,https://photos.zillowstatic.com/fp/ef8d61c12202377135cebd0625b1ace3-p_c.jpg,2026-07-13 10:57,For Sale
336887045,1507 N Garrett Ave Suite 201,75206,Dallas,TX,32.80658,-96.7727,389900,275.0,-10000.0,386200.0,2900.0,2.0,3.0,1416.0,2020.0,0.27299999999999996,condo,73,437000.0,2025,https://www.zillow.com,https://photos.zillowstatic.com/fp/165b2fe562c8a5cdca0ac186943ca33d-p_c.jpg,2026-07-13 10:57,For Sale
26835431,3708 Hammerly Dr,75212,Dallas,TX,32.787113,-96.89834,485000,202.0,-40000.0,484200.0,3873.0,4.0,4.0,2400.0,2026.0,0.33299999999999996,singleFamily,44,208370.0,2025,https://www.zillow.com,https://photos.zillowstatic.com/fp/16ac45e5084cb122e367227c1f2f4366-p_c.jpg,2026-07-13 10:57,For Sale
26648084,5607 Willow Wood Ln,75252,Dallas,TX,33.011772,-96.8129,1050000,246.0,,996600.0,6628.0,5.0,5.0,4265.0,2000.0,0.35,singleFamily,49,824199.0,2025,https://www.zillow.com,https://photos.zillowstatic.com/fp/eb76103fce05fd7cab7016ad9e0f997c-p_c.jpg,2026-07-13 10:57,For Sale
26770242,3606 Texas Dr,75211,Dallas,TX,32.723667,-96.87948,289900,177.0,-10000.0,288900.0,2617.0,5.0,3.0,1634.0,1949.0,6098.4,singleFamily,191,194420.0,2025,https://www.zillow.com,https://photos.zillowstatic.com/fp/3091c25d07a03af2becd6061a55a14be-p_c.jpg,2026-07-13 10:57,For Sale
26787202,346 Classen Dr,75218,Dallas,TX,32.85826,-96.706924,625000,387.0,,605200.0,3258.0,4.0,2.0,1614.0,1952.0,10454.4,singleFamily,4,629120.0,2025,https://www.zillow.com,https://photos.zillowstatic.com/fp/cdcb3390d2518e57f27b0b4440e62e3a-p_c.jpg,2026-07-13 10:57,For Sale
26930382,5325 Bent Tree Forest Dr APT 2244,75248,Dallas,TX,32.965553,-96.8182,169900,128.0,,,,2.0,3.0,1324.0,1983.0,2.564,condo,17,212280.0,2025,https://www.zillow.com,https://photos.zillowstatic.com/fp/0256d3299a87a14b605748a2de97c7bc-p_c.jpg,2026-07-13 10:57,For Sale
26845542,3130 Healey Dr,75228,Dallas,TX,32.8242,-96.661995,310000,232.0,,307500.0,1573.0,3.0,2.0,1334.0,1955.0,7797.24,singleFamily,2,252500.0,2025,https://www.zillow.com,https://photos.zillowstatic.com/fp/1e0c3b0a873d35dfcafbb1447386776d-p_c.jpg,2026-07-13 10:57,For Sale
84003823,206 River Rock Dr,75217,Dallas,TX,32.71476,-96.71218,259999,168.0,,258700.0,1807.0,3.0,3.0,1545.0,2007.0,4225.32,singleFamily,6,217880.0,2025,https://www.zillow.com,https://photos.zillowstatic.com/fp/788b209fceac37d92b4123562f166ba0-p_c.jpg,2026-07-13 10:57,For Sale
26901772,5750 Phoenix Dr APT 22,75231,Dallas,TX,32.875942,-96.75966,70000,116.0,-5000.0,,1119.0,1.0,1.0,605.0,1981.0,2.007,condo,84,108410.0,2025,https://www.zillow.com,https://photos.zillowstatic.com/fp/d0d43cbae81ea4fcb201c0af936f60a1-p_c.jpg,2026-07-13 10:57,For Sale
26723699,1143 Newport Ave,75224,Dallas,TX,32.72548,-96.84185,275000,226.0,,271400.0,2262.0,3.0,2.0,1217.0,1921.0,7274.52,singleFamily,5,279330.0,2025,https://www.zillow.com,https://photos.zillowstatic.com/fp/7c0388232b914e58f01f9efd217cc0f1-p_c.jpg,2026-07-13 10:57,For Sale
26705826,7219 E Mockingbird Ln,75214,Dallas,TX,32.847378,-96.73609,765000,358.0,,733200.0,3713.0,4.0,2.0,2135.0,1953.0,7971.48,singleFamily,3,797700.0,2025,https://www.zillow.com,https://photos.zillowstatic.com/fp/b4d0412dc0f01c38206ae38c026eb9c4-p_c.jpg,2026-07-13 10:57,For Sale
26797645,459 Alcorn Ave,75217,Dallas,TX,32.71899,-96.704094,115000,84.0,,,,3.0,2.0,1362.0,1959.0,9496.08,singleFamily,0,222950.0,2025,https://www.zillow.com,https://photos.zillowstatic.com/fp/351e91e8e897eef96e89b6bdfc276eaf-p_c.jpg,2026-07-13 10:57,For Sale
26914332,5919 Ranchero Ln,75236,Dallas,TX,32.681995,-96.92422,695000,249.0,,663800.0,3574.0,3.0,3.0,2794.0,1996.0,4.709,singleFamily,29,607240.0,2025,https://www.zillow.com,https://photos.zillowstatic.com/fp/7c8713c9f0fa0760dc826e60c820bc74-p_c.jpg,2026-07-13 10:57,For Sale
26831168,2536 Saint Francis Ave,75228,Dallas,TX,32.805626,-96.69955,430000,258.0,,,,3.0,2.0,1668.0,1965.0,7884.36,singleFamily,9,443840.0,2025,https://www.zillow.com,https://photos.zillowstatic.com/fp/2c16be89b77abec9f77967d29086f02f-p_c.jpg,2026-07-13 10:57,For Sale
26759936,8605 Preston Rd,75225,Dallas,TX,32.868378,-96.80515,17500000,1931.0,-5500000.0,,,2.0,6.0,9062.0,1996.0,3.204,singleFamily,251,8696530.0,2025,https://www.zillow.com,https://photos.zillowstatic.com/fp/ddd282a73cbd1cbf70b64d742471e30f-p_c.jpg,2026-07-13 10:57,For Sale
26870104,8716 Echo Valley Dr,75243,Dallas,TX,32.8975,-96.739395,672500,261.0,-17500.0,656800.0,4283.0,4.0,3.0,2578.0,1972.0,8755.56,singleFamily,39,614330.0,2025,https://www.zillow.com,https://photos.zillowstatic.com/fp/ffce8e43168752122f7c622654bcd789-p_c.jpg,2026-07-13 10:57,For Sale
26702846,5946 Mercedes Ave,75206,Dallas,TX,32.827667,-96.76381,1295000,397.0,-55000.0,1266000.0,6000.0,4.0,3.0,3264.0,1932.0,7100.28,singleFamily,44,975380.0,2025,https://www.zillow.com,https://photos.zillowstatic.com/fp/f13e87f704b72c7f3b85dade56cad73a-p_c.jpg,2026-07-13 10:57,For Sale
26933861,9600 Royal Ln APT 201,75243,Dallas,TX,32.892155,-96.73763,165000,155.0,,,,2.0,2.0,1064.0,1983.0,3.605,condo,5,191000.0,2025,https://www.zillow.com,https://photos.zillowstatic.com/fp/c680f0e9f0d771c4601b66c7fd9bf943-p_c.jpg,2026-07-13 10:57,For Sale
26691221,2909 Lenway St,75215,Dallas,TX,32.76731,-96.763115,87000,104.0,-8000.0,,1301.0,2.0,1.0,836.0,1925.0,5501.628,singleFamily,39,108720.0,2025,https://www.zillow.com,https://photos.zillowstatic.com/fp/9f98a1855062aa8637fb90e450ca4712-p_c.jpg,2026-07-13 10:57,For Sale
26902376,7043 Inwood Rd,75209,Dallas,TX,32.84341,-96.82193,730000,340.0,,705000.0,4135.0,3.0,3.0,2150.0,1983.0,4965.84,townhome,47,602000.0,2025,https://www.zillow.com,https://photos.zillowstatic.com/fp/1145c378a9e0354b3e1b5f53843ac3fe-p_c.jpg,2026-07-13 10:57,For Sale
26892307,7105 Pineberry Rd,75249,Dallas,TX,32.636818,-96.9457,185000,151.0,-14000.0,183200.0,1611.0,2.0,2.0,1227.0,1981.0,5140.08,singleFamily,58,210150.0,2025,https://www.zillow.com,https://photos.zillowstatic.com/fp/75724265ff120ff4fd9b8f455d307231-p_c.jpg,2026-07-13 10:57,For Sale
26752561,3 Royal Terrace Ct,75225,Dallas,TX,32.87795,-96.77805,899000,265.0,,,,3.0,3.0,3397.0,1979.0,5270.76,singleFamily,34,1245000.0,2025,https://www.zillow.com,https://photos.zillowstatic.com/fp/1acb6d0f2467ba03be68156d60d28f02-p_c.jpg,2026-07-13 10:57,For Sale
96500365,7909 Ivory Ln,75216,Dallas,TX,32.714127,-96.7487,499000,166.0,,489500.0,3550.0,5.0,4.0,3002.0,2023.0,6403.32,singleFamily,13,476130.0,2025,https://www.zillow.com,https://photos.zillowstatic.com/fp/10c7a26806ee7a47a226170c113c9768-p_c.jpg,2026-07-13 10:57,For Sale
26871299,7512 Woodstone Ln,75248,Dallas,TX,32.955345,-96.7779,1300000,306.0,,1235200.0,5540.0,5.0,4.0,4253.0,1967.0,0.308,singleFamily,30,699860.0,2025,https://www.zillow.com,https://photos.zillowstatic.com/fp/2c2cbbf15cb86101846157906946f603-p_c.jpg,2026-07-13 10:57,For Sale
26756856,5818 Gramercy Pl,75230,Dallas,TX,32.895584,-96.80866,1849000,473.0,-50000.0,1781700.0,7890.0,4.0,4.0,3906.0,1956.0,0.413,singleFamily,107,1682090.0,2025,https://www.zillow.com,https://photos.zillowstatic.com/fp/5ae41bb85850a8a894bb5060a575b083-p_c.jpg,2026-07-13 10:57,For Sale
162263258,946 Highland Oaks Dr,75232,Dallas,TX,32.6896,-96.838234,259000,185.0,,253400.0,1947.0,3.0,2.0,1397.0,1961.0,8058.6,singleFamily,2,289450.0,2025,https://www.zillow.com,https://photos.zillowstatic.com/fp/329221cf48ca79043190852e551c3cef-p_c.jpg,2026-07-13 10:57,For Sale
26822323,6525 Palm Island St,75241,Dallas,TX,32.66635,-96.75114,150000,84.0,-10000.0,,2118.0,4.0,2.0,1790.0,1972.0,7535.88,singleFamily,81,256550.0,2025,https://www.zillow.com,https://photos.zillowstatic.com/fp/11599a24766e68ff098c5ca6bf9b3304-p_c.jpg,2026-07-13 10:57,For Sale
26712636,908 N Winnetka Ave,75208,Dallas,TX,32.75432,-96.83996,449999,264.0,-30001.0,453800.0,3402.0,4.0,4.0,1704.0,1918.0,7535.88,singleFamily,27,560400.0,2025,https://www.zillow.com,https://photos.zillowstatic.com/fp/3d1453a13447a1c1dd6d2a99b100d3d6-p_c.jpg,2026-07-13 10:57,For Sale
67965145,3225 Turtle Creek Blvd APT 310,75219,Dallas,TX,32.806835,-96.80463,255000,313.0,,263400.0,1886.0,1.0,1.0,816.0,1998.0,3.536,condo,2,289680.0,2025,https://www.zillow.com,https://photos.zillowstatic.com/fp/fb415d5242ea4d4670e8af4bc0505de7-p_c.jpg,2026-07-13 10:57,For Sale
26915431,5240 Kiwanis Rd,75236,Dallas,TX,32.68488,-96.9337,365000,218.0,-9900.0,361400.0,2545.0,3.0,2.0,1671.0,1984.0,0.511,singleFamily,25,350000.0,2025,https://www.zillow.com,https://photos.zillowstatic.com/fp/2ecc236560fd9a78b622c64f28ed5fa7-p_c.jpg,2026-07-13 10:57,For Sale
26793719,7347 Maringo Dr,75227,Dallas,TX,32.754444,-96.69621,247000,148.0,-10000.0,,,3.0,2.0,1673.0,1954.0,8276.4,singleFamily,82,264750.0,2025,https://www.zillow.com,https://photos.zillowstatic.com/fp/c791ecdfafcbc3f6209e6e7ebfef842b-p_c.jpg,2026-07-13 10:57,For Sale
27273841,3223 Renaissance Dr,75287,Dallas,TX,32.995884,-96.86498,345000,252.0,,338700.0,2153.0,3.0,2.0,1368.0,1991.0,4051.08,singleFamily,2,361045.0,2025,https://www.zillow.com,https://photos.zillowstatic.com/fp/b82c5ed7c4e511dd876b557dfe0f5d8d-p_c.jpg,2026-07-13 10:57,For Sale
333139325,5333 Autumnbrook Ct,75209,Dallas,TX,32.82803,-96.82018,925000,342.0,,907000.0,5876.0,3.0,4.0,2701.0,2020.0,3963.96,singleFamily,39,892520.0,2025,https://www.zillow.com,https://photos.zillowstatic.com/fp/b67821b524c169c84fee899d92383b1d-p_c.jpg,2026-07-13 10:57,For Sale
26898261,3368 Miro Pl,75204,Dallas,TX,32.816456,-96.79458,875000,417.0,,842200.0,4633.0,3.0,4.0,2099.0,1997.0,1698.84,townhome,49,707890.0,2025,https://www.zillow.com,https://photos.zillowstatic.com/fp/785b3e3cb73500e8992e79bfd8f1b07b-p_c.jpg,2026-07-13 10:57,For Sale
162362971,9606 Glenacre Ln,75243,Dallas,TX,32.895626,-96.724464,435000,208.0,-15000.0,424100.0,2385.0,3.0,3.0,2094.0,1978.0,3876.84,singleFamily,64,388170.0,2025,https://www.zillow.com,https://photos.zillowstatic.com/fp/c0ae7b4049303065b761d75f269df208-p_c.jpg,2026-07-13 10:57,For Sale
26691606,5211 Miller Ave,75206,Dallas,TX,32.82157,-96.78186,1395000,502.0,,1328500.0,6795.0,3.0,4.0,2780.0,2009.0,7797.24,singleFamily,9,1151370.0,2025,https://www.zillow.com,https://photos.zillowstatic.com/fp/9066edd47c84235350e647fa1b2a3ba9-p_c.jpg,2026-07-13 10:57,For Sale
26586072,4208 Bretton Bay Cir,75287,Dallas,TX,32.99047,-96.83813,699995,188.0,-8005.0,687800.0,6732.0,5.0,5.0,3731.0,1978.0,0.29,singleFamily,81,854163.0,2025,https://www.zillow.com,https://photos.zillowstatic.com/fp/0d1b05968138dd2efb376093cef5f2a7-p_c.jpg,2026-07-13 10:57,For Sale
26902373,7055 Inwood Rd,75209,Dallas,TX,32.84362,-96.821915,699000,263.0,,675500.0,5456.0,4.0,4.0,2658.0,1983.0,5401.44,townhome,4,611340.0,2025,https://www.zillow.com,https://photos.zillowstatic.com/fp/c9465c3574fc8ac2b826f6096778d888-p_c.jpg,2026-07-13 10:57,For Sale
26848651,6566 Ridgeview Cir,75240,Dallas,TX,32.927986,-96.792366,1000000,305.0,-120000.0,964700.0,7019.0,4.0,5.0,3282.0,1958.0,0.44899999999999995,singleFamily,58,794500.0,2025,https://www.zillow.com,https://photos.zillowstatic.com/fp/743df58e4f710a878681fac53f7bead2-p_c.jpg,2026-07-13 10:57,For Sale
26828415,3115 Gibbs Williams Rd,75233,Dallas,TX,32.698727,-96.871765,849000,264.0,,836500.0,4851.0,3.0,4.0,3210.0,2025.0,0.7225999999999999,singleFamily,8,311600.0,2025,https://www.zillow.com,https://photos.zillowstatic.com/fp/3499fa7b5f122c8dbe2f16c1c24fd365-p_c.jpg,2026-07-13 10:57,For Sale
459247579,6306 Tracy Rd,75241,Dallas,TX,32.669445,-96.77295,369000,224.0,,368100.0,2278.0,3.0,2.0,1647.0,2026.0,6229.08,singleFamily,59,32500.0,2025,https://www.zillow.com,https://photos.zillowstatic.com/fp/9a92ba275a5f153540cd978f9dc191f4-p_c.jpg,2026-07-13 10:57,For Sale
26637986,18007 Windflower Way,75252,Dallas,TX,32.997196,-96.8036,479000,208.0,,463700.0,3078.0,3.0,3.0,2304.0,1991.0,3659.04,singleFamily,2,470877.0,2025,https://www.zillow.com,https://photos.zillowstatic.com/fp/9abb9265fbbde741b6914ed793846081-p_c.jpg,2026-07-13 10:57,For Sale
53071145,6403 Genstar Ln,75252,Dallas,TX,33.00282,-96.79369,960000,324.0,-10000.0,935800.0,5038.0,4.0,4.0,2960.0,1979.0,8276.4,singleFamily,41,639603.0,2025,https://www.zillow.com,https://photos.zillowstatic.com/fp/36846dff614b72538eb3f56ae0b352de-p_c.jpg,2026-07-13 10:57,For Sale
26808184,3326 Regent Dr,75229,Dallas,TX,32.893864,-96.86677,859000,342.0,-16000.0,828300.0,3897.0,4.0,3.0,2510.0,1958.0,10062.36,singleFamily,16,686000.0,2025,https://www.zillow.com,https://photos.zillowstatic.com/fp/3054d45566952f8467d304ea879bea60-p_c.jpg,2026-07-13 10:57,For Sale
26826369,6830 Golf Hill Dr,75232,Dallas,TX,32.664955,-96.84038,330000,150.0,-9500.0,323700.0,2567.0,4.0,2.0,2194.0,1963.0,10105.92,singleFamily,16,311410.0,2025,https://www.zillow.com,https://photos.zillowstatic.com/fp/47daa2c8b118f244b81c1f1fac86d94d-p_c.jpg,2026-07-13 10:57,For Sale
26704599,5332 Longview St,75206,Dallas,TX,32.830578,-96.778336,739000,357.0,-20000.0,,,3.0,3.0,2068.0,2005.0,3963.96,singleFamily,63,731620.0,2025,https://www.zillow.com,https://photos.zillowstatic.com/fp/4390a125fc11517c3b759ed69c99bcae-p_c.jpg,2026-07-13 10:57,For Sale
53085100,18653 Vista Del Sol,75287,Dallas,TX,33.003937,-96.83422,485000,227.0,,474300.0,4118.0,3.0,3.0,2135.0,1986.0,6098.4,singleFamily,16,526500.0,2025,https://www.zillow.com,https://photos.zillowstatic.com/fp/d4c0178136ebe9dd1f93021ee9eb22f7-p_c.jpg,2026-07-13 10:57,For Sale
302787562,2515 Old Mill Rd,75287,Carrollton,TX,32.98999,-96.869675,419900,243.0,,410000.0,3023.0,3.0,2.0,1730.0,1982.0,7840.8,singleFamily,72,402838.0,2025,https://www.zillow.com,https://photos.zillowstatic.com/fp/e10ea22e6301f5f94b3426ecf508abe0-p_c.jpg,2026-07-13 10:57,For Sale
26841344,2305 Lockhart Ave,75228,Dallas,TX,32.820423,-96.6774,315000,197.0,,306000.0,2367.0,4.0,3.0,1600.0,1954.0,8842.68,singleFamily,5,329060.0,2025,https://www.zillow.com,https://photos.zillowstatic.com/fp/30cef22283a0c4a6799f3032655ac29c-p_c.jpg,2026-07-13 10:57,For Sale
26803712,5510 Del Roy Dr,75230,Dallas,TX,32.90527,-96.81247,3994000,662.0,-105000.0,3840300.0,7898.0,6.0,7.0,6036.0,2026.0,0.42600000000000005,singleFamily,65,835470.0,2025,https://www.zillow.com,https://photos.zillowstatic.com/fp/ed20a87644a57fa1d194dcf3c81958db-p_c.jpg,2026-07-13 10:57,For Sale
26758119,4700 Dorset Rd,75229,Dallas,TX,32.883846,-96.82762,9450000,719.0,-547000.0,8450600.0,7483.0,5.0,8.0,13151.0,1951.0,1.187,singleFamily,159,6546810.0,2025,https://www.zillow.com,https://photos.zillowstatic.com/fp/286151bdb61010284183c163c85e2c3c-p_c.jpg,2026-07-13 10:57,For Sale
26910893,5750 En Core Dr,75240,Dallas,TX,32.937542,-96.80668,620000,273.0,,598600.0,3119.0,3.0,2.0,2268.0,1992.0,6490.44,singleFamily,16,505000.0,2025,https://www.zillow.com,https://photos.zillowstatic.com/fp/ce6b2ab0c9dce989eb9048c3527e110c-p_c.jpg,2026-07-13 10:57,For Sale
26880975,4310 Forest Bend Rd,75244,Dallas,TX,32.923344,-96.83516,639999,243.0,,627300.0,3854.0,3.0,3.0,2632.0,1967.0,6011.28,townhome,17,676420.0,2025,https://www.zillow.com,https://photos.zillowstatic.com/fp/7d7a0a25183476ad2d62c615d636bbea-p_c.jpg,2026-07-13 10:57,For Sale
26681927,3883 Turtle Creek Blvd APT 1005,75219,Dallas,TX,32.815575,-96.79938,154900,232.0,,211700.0,1639.0,1.0,1.0,667.0,1963.0,3.159,condo,6,224780.0,2025,https://www.zillow.com,https://photos.zillowstatic.com/fp/275ec29de7cda98c53cda663e3b00446-p_c.jpg,2026-07-13 10:57,For Sale
26898419,5901 Palo Pinto Ave,75206,Dallas,TX,32.820164,-96.76564,1600000,438.0,,1530600.0,7650.0,4.0,3.0,3649.0,1915.0,8825.256,singleFamily,17,1008920.0,2025,https://www.zillow.com,https://photos.zillowstatic.com/fp/e32c2ce21ee20e225d62cc247244f4c3-p_c.jpg,2026-07-13 10:57,For Sale
96495673,3402 Spring Ave,75215,Dallas,TX,32.765728,-96.751465,319999,191.0,-10000.0,318600.0,2246.0,3.0,2.0,1672.0,2026.0,7501.032,singleFamily,102,62090.0,2025,https://www.zillow.com,https://photos.zillowstatic.com/fp/597a3eb2f28a78526f741e769b10d186-p_c.jpg,2026-07-13 10:57,For Sale
162372942,6610 Southpoint Dr,75248,Dallas,TX,32.977703,-96.79332,1199000,318.0,-76000.0,1152000.0,7041.0,4.0,4.0,3765.0,1973.0,9539.64,singleFamily,50,962490.0,2025,https://www.zillow.com,https://photos.zillowstatic.com/fp/8ab8bc4ba0b976e4e3483d97af615283-p_c.jpg,2026-07-13 10:57,For Sale
26741390,1521 El Campo Dr,75218,Dallas,TX,32.82369,-96.70063,1498000,331.0,-27000.0,1424000.0,5916.0,4.0,3.0,4520.0,1945.0,0.485,singleFamily,27,850000.0,2025,https://www.zillow.com,https://photos.zillowstatic.com/fp/3e334b29e036bfc6225b09366a50e508-p_c.jpg,2026-07-13 10:57,For Sale
26741084,9207 Angora St,75218,Dallas,TX,32.829983,-96.706116,735000,263.0,-64000.0,710500.0,2757.0,3.0,2.0,2800.0,1948.0,0.42600000000000005,singleFamily,156,515380.0,2025,https://www.zillow.com,https://photos.zillowstatic.com/fp/1c1c2eb110f62f3d413b3dc3bf66396c-p_c.jpg,2026-07-13 10:57,For Sale
96519726,438 Bonnie View Rd,75203,Dallas,TX,32.743176,-96.794655,565000,208.0,-15000.0,559200.0,3895.0,5.0,3.0,2720.0,2026.0,3920.4,singleFamily,67,90000.0,2025,https://www.zillow.com,https://photos.zillowstatic.com/fp/ba14faaf476395c65314b5bde59d1ac7-p_c.jpg,2026-07-13 10:57,For Sale
26723361,1416 S Waverly Dr,75208,Dallas,TX,32.73002,-96.84893,379000,258.0,,366600.0,2730.0,4.0,2.0,1468.0,1948.0,7230.96,singleFamily,3,241870.0,2025,https://www.zillow.com,https://photos.zillowstatic.com/fp/a09620921b118a1645e2cbecd85fcb9c-p_c.jpg,2026-07-13 10:57,For Sale
26887063,8517 Clover Meadow Dr,75243,Dallas,TX,32.894066,-96.73541,625000,192.0,-35000.0,601400.0,6019.0,4.0,4.0,3248.0,1978.0,0.29,singleFamily,235,755630.0,2025,https://www.zillow.com,https://photos.zillowstatic.com/fp/5d294644ce75c9ffbe9e95faf94f67a2-p_c.jpg,2026-07-13 10:57,For Sale
26874249,7736 El Santo Ln,75248,Dallas,TX,32.961174,-96.77407,479000,207.0,,474300.0,3546.0,4.0,2.0,2312.0,1966.0,9147.6,singleFamily,5,560070.0,2025,https://www.zillow.com,https://photos.zillowstatic.com/fp/b18c91d75647b5237be89ac223bd4468-p_c.jpg,2026-07-13 10:57,For Sale
26609878,5831 London Ln,75252,Dallas,TX,32.999863,-96.80588,995000,255.0,,947000.0,6967.0,4.0,4.0,3897.0,1984.0,0.32999999999999996,singleFamily,30,1021723.0,2025,https://www.zillow.com,https://photos.zillowstatic.com/fp/816651b6767f319d5a1ede591f58f3e8-p_c.jpg,2026-07-13 10:57,For Sale
96518147,4128 Pluto St,75212,Dallas,TX,32.791786,-96.89073,550000,185.0,,544800.0,4270.0,4.0,4.0,2974.0,2022.0,7666.56,singleFamily,57,600000.0,2025,https://www.zillow.com,https://photos.zillowstatic.com/fp/f520770547ae57c1d6aa0762dc5adbaf-p_c.jpg,2026-07-13 10:57,For Sale
26908613,10347 Carolina Oaks Dr,75227,Dallas,TX,32.752884,-96.64401,154000,128.0,,244100.0,2034.0,3.0,2.0,1200.0,1999.0,4660.92,singleFamily,3,238520.0,2025,https://www.zillow.com,https://photos.zillowstatic.com/fp/92b10d65cf9ca57d3f6a1b7eaaf74a04-p_c.jpg,2026-07-13 10:57,For Sale
67971069,14900 Lasater Rd Trailer 361,75253,Dallas,TX,32.68876,-96.563995,28500,23.0,,,2177.0,3.0,2.0,1216.0,2004.0,6500.0,manufactured,12,8970.0,2025,https://www.zillow.com,https://photos.zillowstatic.com/fp/9ceb770b936239ae18688420a9bd6f37-p_c.jpg,2026-07-13 10:57,For Sale
26689746,5914 Velasco Ave,75206,Dallas,TX,32.82066,-96.765144,1395000,364.0,-55000.0,,,4.0,4.0,3830.0,2005.0,8189.28,singleFamily,24,1331580.0,2025,https://www.zillow.com,https://photos.zillowstatic.com/fp/59ef18805c4bf261a937a00c44960bf7-p_c.jpg,2026-07-13 10:57,For Sale
67961432,3516 Hamilton Ave,75210,Dallas,TX,32.77102,-96.755035,182420,153.0,,187500.0,1705.0,3.0,2.0,1195.0,1942.0,6098.4,singleFamily,3,184280.0,2025,https://www.zillow.com,https://photos.zillowstatic.com/fp/f522f084ae92acda35e4214051516882-p_c.jpg,2026-07-13 10:57,For Sale
26700924,7323 Coronado Ave,75214,Dallas,TX,32.809574,-96.73233,1175000,428.0,-75000.0,1136700.0,5201.0,4.0,3.0,2743.0,2006.0,7361.64,singleFamily,32,1215480.0,2025,https://www.zillow.com,https://photos.zillowstatic.com/fp/d80ada1a3e8ebdf7eb924df43c136506-p_c.jpg,2026-07-13 10:57,For Sale
162813613,6827 Sunshade Ln,75236,Dallas,TX,32.682747,-96.938324,519500,168.0,-5500.0,509700.0,3759.0,4.0,3.0,3090.0,2015.0,10149.48,singleFamily,35,509140.0,2025,https://www.zillow.com,https://photos.zillowstatic.com/fp/ec02e1d7ec8b4716bc331b736abd7f0b-p_c.jpg,2026-07-13 10:57,For Sale
69676217,3827 Holland Ave APT B,75219,Dallas,TX,32.813976,-96.80485,715000,328.0,,701700.0,4421.0,3.0,4.0,2181.0,2005.0,1524.6,condo,3,766880.0,2025,https://www.zillow.com,https://photos.zillowstatic.com/fp/d81996d54bfefc628a28f793b8e613cd-p_c.jpg,2026-07-13 10:57,For Sale
26701922,6915 Pasadena Ave,75214,Dallas,TX,32.818405,-96.73866,1995000,451.0,,1922300.0,7914.0,4.0,5.0,4427.0,2016.0,6751.8,singleFamily,32,1936670.0,2025,https://www.zillow.com,https://photos.zillowstatic.com/fp/0c4971a4e1276f40f0d255891267305e-p_c.jpg,2026-07-13 10:57,For Sale
248828035,3035 Townsend Dr,75229,Dallas,TX,32.898933,-96.876495,349000,235.0,,,2738.0,3.0,2.0,1488.0,1959.0,8450.64,singleFamily,53,420930.0,2025,https://www.zillow.com,https://photos.zillowstatic.com/fp/c81f72de36eccba601f5b1888ec393c1-p_c.jpg,2026-07-13 10:57,For Sale
26867067,9523 Highedge Dr,75238,Dallas,TX,32.875874,-96.72639,825000,275.0,,790100.0,3667.0,4.0,3.0,3005.0,1963.0,8755.56,singleFamily,60,753570.0,2025,https://www.zillow.com,https://photos.zillowstatic.com/fp/30fe6cbfda404e8babadb37974a14cce-p_c.jpg,2026-07-13 10:57,For Sale
441552458,1143 Riverwood Rd,75217,Dallas,TX,32.697395,-96.69045,419000,187.0,-10000.0,417800.0,2862.0,3.0,3.0,2239.0,2026.0,0.319,singleFamily,44,,,https://www.zillow.com,https://photos.zillowstatic.com/fp/9ad4aacec723bdb0bf68234466089f0a-p_c.jpg,2026-07-13 10:57,For Sale
26776215,710 E Five Mile Pkwy,75216,Dallas,TX,32.686558,-96.814,289900,209.0,,280800.0,1781.0,3.0,2.0,1390.0,1955.0,8990.784,singleFamily,3,211090.0,2025,https://www.zillow.com,https://photos.zillowstatic.com/fp/cb9098d54ac689ab0da00988dd3bd84d-p_c.jpg,2026-07-13 10:57,For Sale
26891098,7233 Bayberry Ln,75249,Dallas,TX,32.644577,-96.94688,379900,157.0,,,,4.0,3.0,2420.0,1978.0,7666.56,singleFamily,3,339650.0,2025,https://www.zillow.com,https://photos.zillowstatic.com/fp/3b13d3e9775491dfa659be6af0921821-p_c.jpg,2026-07-13 10:57,For Sale
26761312,3304 Inwood Rd,75235,Dallas,TX,32.827904,-96.82822,685000,237.0,-5000.0,668900.0,4978.0,4.0,3.0,2895.0,2001.0,10497.96,singleFamily,73,480450.0,2025,https://www.zillow.com,https://photos.zillowstatic.com/fp/9c32ac2ac857bd4da59319984024c43c-p_c.jpg,2026-07-13 10:57,For Sale
83996324,5711 Ross Ave APT 5,75206,Dallas,TX,32.81142,-96.767975,430000,306.0,-19000.0,425500.0,2855.0,2.0,3.0,1403.0,2007.0,0.306,condo,19,477020.0,2025,https://www.zillow.com,https://photos.zillowstatic.com/fp/93904e593313593a8eecbba96357fa1b-p_c.jpg,2026-07-13 10:57,For Sale
26874964,15529 El Estado Dr,75248,Dallas,TX,32.96019,-96.77055,599000,215.0,,576900.0,4416.0,6.0,4.0,2784.0,1967.0,10280.16,multiFamily,5,457890.0,2025,https://www.zillow.com,https://photos.zillowstatic.com/fp/4168dda6cfcf15080ad5ed2830af712a-p_c.jpg,2026-07-13 10:57,For Sale
26808623,3227 Dothan Ln,75229,Dallas,TX,32.898144,-96.86944,1799999,359.0,-25000.0,1751700.0,6099.0,5.0,6.0,5013.0,2026.0,10193.04,singleFamily,87,527340.0,2025,https://www.zillow.com,https://photos.zillowstatic.com/fp/c9addbeb4b92eb7a07c483b2e4c5c2c0-p_c.jpg,2026-07-13 10:57,For Sale
26879864,3654 Ridgebriar Dr,75234,Dallas,TX,32.914623,-96.85649,500000,271.0,,485600.0,2660.0,4.0,3.0,1848.0,1962.0,7448.76,singleFamily,22,319910.0,2025,https://www.zillow.com,https://photos.zillowstatic.com/fp/feee0f744c4617d7efdc4968bcfe8b37-p_c.jpg,2026-07-13 10:57,For Sale
26756362,6322 Orchid Ln,75230,Dallas,TX,32.89228,-96.79725,2525000,460.0,,2380000.0,7975.0,5.0,6.0,5488.0,2004.0,0.257,singleFamily,16,2723810.0,2025,https://www.zillow.com,https://photos.zillowstatic.com/fp/0a65f0920682548e6a3efd70ada49df5-p_c.jpg,2026-07-13 10:57,For Sale
26689533,5833 Velasco Ave,75206,Dallas,TX,32.821278,-96.76652,750000,273.0,-25000.0,,,4.0,2.0,2752.0,1920.0,7710.12,multiFamily,96,566750.0,2025,https://www.zillow.com,https://photos.zillowstatic.com/fp/c97fe54b27d35fb1280edd1c1b080c16-p_c.jpg,2026-07-13 10:57,For Sale
447762889,2204 Dunloe Ave,75228,Dallas,TX,32.8366,-96.67776,275000,171.0,-10000.0,269500.0,2162.0,4.0,2.0,1607.0,1952.0,0.259,singleFamily,31,,,https://www.zillow.com,https://photos.zillowstatic.com/fp/72c1ef04475f9069fbe103e1737de5df-p_c.jpg,2026-07-13 10:57,For Sale
26731129,4811 Cowan Ave,75209,Dallas,TX,32.84619,-96.82824,1295000,410.0,,1252200.0,6582.0,4.0,4.0,3160.0,2021.0,6272.64,singleFamily,0,1067580.0,2025,https://www.zillow.com,https://photos.zillowstatic.com/fp/55aaf5d0bea48a5531469e1803230fcf-p_c.jpg,2026-07-13 10:57,For Sale
69675159,5219 Chippewa Dr,75212,Dallas,TX,32.76874,-96.90494,305000,232.0,,302500.0,2318.0,3.0,3.0,1312.0,2005.0,5488.56,singleFamily,4,264150.0,2025,https://www.zillow.com,https://photos.zillowstatic.com/fp/2112d909c9f673f67df59256d6e6b6b5-p_c.jpg,2026-07-13 10:57,For Sale
26645669,4847 Holly Tree Dr,75287,Dallas,TX,32.998787,-96.82273,1199500,295.0,-50400.0,,,4.0,4.0,4062.0,1999.0,10018.8,singleFamily,36,1012714.0,2025,https://www.zillow.com,https://photos.zillowstatic.com/fp/b39dff5d98bf907717816138283ebe82-p_c.jpg,2026-07-13 10:57,For Sale
26704177,5460 Anita St,75206,Dallas,TX,32.83437,-96.77461,850000,290.0,-29000.0,,,5.0,5.0,2928.0,1956.0,8755.56,multiFamily,66,668380.0,2025,https://www.zillow.com,https://photos.zillowstatic.com/fp/1d509c0b5ea187b94353a4dffeca4787-p_c.jpg,2026-07-13 10:57,For Sale
26776074,1131 Waweenoc Ave,75216,Dallas,TX,32.690636,-96.80654,200000,178.0,,198000.0,1953.0,3.0,3.0,1126.0,1957.0,7492.32,singleFamily,15,223170.0,2025,https://www.zillow.com,https://photos.zillowstatic.com/fp/0f9c520bd622b2b4fc180c11497eb166-p_c.jpg,2026-07-13 10:57,For Sale
26825098,550 Glen Oaks Blvd,75232,Dallas,TX,32.677773,-96.83362,499000,161.0,,483500.0,3207.0,5.0,3.0,3100.0,1962.0,0.5609999999999999,singleFamily,23,300000.0,2025,https://www.zillow.com,https://photos.zillowstatic.com/fp/63ab21e7ab5c6665ccf74f6285abc56a-p_c.jpg,2026-07-13 10:57,For Sale
26704328,5512 Ellsworth Ave,75206,Dallas,TX,32.833378,-96.773636,895000,338.0,,861500.0,5411.0,3.0,3.0,2649.0,2008.0,3920.4,singleFamily,12,814980.0,2025,https://www.zillow.com,https://photos.zillowstatic.com/fp/24ff3e787e46fb00e541d0cfe93257b5-p_c.jpg,2026-07-13 10:57,For Sale
26610232,4050 Frankford Rd APT 802,75287,Dallas,TX,32.996647,-96.84123,297000,208.0,,291000.0,2386.0,2.0,3.0,1425.0,1982.0,1393.92,condo,5,274974.0,2025,https://www.zillow.com,https://photos.zillowstatic.com/fp/58d2a6d5bd77b2b9c1ec639e7881b6db-p_c.jpg,2026-07-13 10:57,For Sale
26712952,630 N Edgefield Ave,75208,Dallas,TX,32.750618,-96.84368,775000,343.0,-14000.0,750200.0,3729.0,3.0,3.0,2257.0,1920.0,7731.9,singleFamily,30,709430.0,2025,https://www.zillow.com,https://photos.zillowstatic.com/fp/e2ea49565490f49327c6ccf631930091-p_c.jpg,2026-07-13 10:57,For Sale
26854081,9662 Ferndale Rd,75238,Dallas,TX,32.878803,-96.7082,499000,285.0,-20000.0,489500.0,3289.0,3.0,2.0,1748.0,1959.0,9365.4,singleFamily,38,478700.0,2025,https://www.zillow.com,https://photos.zillowstatic.com/fp/0402bb1fe142bcaaced914dd096b5b40-p_c.jpg,2026-07-13 10:57,For Sale
80236340,2830 Colt Ln,75237,Dallas,TX,32.655903,-96.86596,253000,159.0,-17000.0,251100.0,2286.0,4.0,2.0,1587.0,2006.0,5183.64,singleFamily,68,277850.0,2025,https://www.zillow.com,https://photos.zillowstatic.com/fp/a561c591778998638f23fe366965f045-p_c.jpg,2026-07-13 10:57,For Sale
26837674,2310 Costa Mesa Dr,75228,Dallas,TX,32.853058,-96.672325,287980,187.0,,285300.0,2200.0,3.0,1.0,1540.0,1953.0,7666.56,singleFamily,13,282130.0,2025,https://www.zillow.com,https://photos.zillowstatic.com/fp/8db35d1110905113d6ec2c92922a47d0-p_c.jpg,2026-07-13 10:57,For Sale
26759441,4394 Cochran Chapel Cir,75209,Dallas,TX,32.863483,-96.835884,650000,274.0,,625300.0,4177.0,3.0,3.0,2370.0,1979.0,9321.84,townhome,17,400000.0,2025,https://www.zillow.com,https://photos.zillowstatic.com/fp/2bf4dcdf5602ff8ab149b7fe1055c900-p_c.jpg,2026-07-13 10:57,For Sale
26866798,9605 Crestedge Dr,75238,Dallas,TX,32.878563,-96.72302,749900,310.0,-25100.0,,,4.0,3.0,2420.0,1966.0,10585.08,singleFamily,52,799050.0,2025,https://www.zillow.com,https://photos.zillowstatic.com/fp/5f6bad4937b28f49edf6ea20304b200a-p_c.jpg,2026-07-13 10:57,For Sale
26868015,8839 Kingsley Rd,75231,Dallas,TX,32.880745,-96.739555,820000,343.0,,,,3.0,3.0,2388.0,1978.0,9278.28,singleFamily,6,689870.0,2025,https://www.zillow.com,https://photos.zillowstatic.com/fp/b0529ee1e6f53c066ed2f1cc4fe5e6c7-p_c.jpg,2026-07-13 10:57,For Sale
26840138,9124 Vinewood Dr,75228,Dallas,TX,32.816467,-96.69723,664900,298.0,,650900.0,3338.0,3.0,3.0,2228.0,1961.0,9757.44,singleFamily,2,615170.0,2025,https://www.zillow.com,https://photos.zillowstatic.com/fp/86529ace5d189488c532f6e26b9062a8-p_c.jpg,2026-07-13 10:57,For Sale
26759091,9930 Strait Ln,75220,Dallas,TX,32.878914,-96.82568,4750000,741.0,-240000.0,4383600.0,6798.0,5.0,6.0,6412.0,1971.0,0.951,singleFamily,33,3115610.0,2025,https://www.zillow.com,https://photos.zillowstatic.com/fp/d703d325e6d4af4a408b4d4bd6d72984-p_c.jpg,2026-07-13 10:57,For Sale
26889684,6502 Riverview Ln,75248,Dallas,TX,32.974606,-96.79891,975000,254.0,,944700.0,5955.0,4.0,3.0,3846.0,1980.0,0.26599999999999996,singleFamily,26,1018610.0,2025,https://www.zillow.com,https://photos.zillowstatic.com/fp/2cc1f7f9dd70de79db086c9f7aa457d8-p_c.jpg,2026-07-13 10:57,For Sale
26631655,5416 Ventana Trl,75252,Dallas,TX,33.01008,-96.801056,443000,215.0,-4800.0,432400.0,2762.0,3.0,2.0,2056.0,1985.0,6011.28,singleFamily,114,479393.0,2025,https://www.zillow.com,https://photos.zillowstatic.com/fp/9197ba8e170e95f771451a77d008c9ca-p_c.jpg,2026-07-13 10:57,For Sale
69667629,7416 Coronado Ave APT 18,75214,Dallas,TX,32.80819,-96.73156,439000,227.0,,425100.0,3201.0,2.0,2.0,1930.0,2005.0,1263.24,townhome,3,330940.0,2025,https://www.zillow.com,https://photos.zillowstatic.com/fp/debd8331866a97b06eea72bf4afca4cc-p_c.jpg,2026-07-13 10:57,For Sale
26852644,8709 Forest Green Dr,75243,Dallas,TX,32.908855,-96.75277,420000,200.0,-9900.0,404100.0,2852.0,3.0,3.0,2103.0,1974.0,8755.56,singleFamily,23,360680.0,2025,https://www.zillow.com,https://photos.zillowstatic.com/fp/cfad2c479fa9378dc17fb3005555f701-p_c.jpg,2026-07-13 10:57,For Sale
26784363,3822 Vandervort Dr,75216,Dallas,TX,32.71742,-96.765434,474500,151.0,-400.0,,,4.0,4.0,3150.0,1955.0,0.373,singleFamily,80,276450.0,2025,https://www.zillow.com,https://photos.zillowstatic.com/fp/c32f5ea196010687ce89a5698cc7383f-p_c.jpg,2026-07-13 10:57,For Sale
26803813,5907 Northaven Rd,75230,Dallas,TX,32.90257,-96.80726,1990000,686.0,-110000.0,1883400.0,6789.0,4.0,3.0,2900.0,1959.0,0.474,singleFamily,36,1285750.0,2025,https://www.zillow.com,https://photos.zillowstatic.com/fp/ca34456e9caf61266e8aa35b73fa98e9-p_c.jpg,2026-07-13 10:57,For Sale
26685513,2816 Wycliff Ave,75219,Dallas,TX,32.81214,-96.81653,209900,224.0,-15100.0,203500.0,1874.0,2.0,2.0,937.0,1979.0,8842.68,condo,95,255330.0,2025,https://www.zillow.com,https://photos.zillowstatic.com/fp/622c20c22ad94a138a68c15a242ce0ce-p_c.jpg,2026-07-13 10:57,For Sale
67965407,3225 Turtle Creek Blvd APT 1211,75219,Dallas,TX,32.806835,-96.80463,430000,343.0,,414300.0,2579.0,2.0,2.0,1254.0,1998.0,3.536,condo,3,410000.0,2025,https://www.zillow.com,https://photos.zillowstatic.com/fp/e8ee0c8bc91d34d141433c37c7191b37-p_c.jpg,2026-07-13 10:57,For Sale
26759779,5431 Edlen Dr,75220,Dallas,TX,32.879017,-96.81423,7400000,852.0,,,,5.0,7.0,8683.0,2000.0,1.0,singleFamily,41,5803920.0,2025,https://www.zillow.com,https://photos.zillowstatic.com/fp/2fe66a8d05f954b8b10f0e561c9df5e3-p_c.jpg,2026-07-13 10:57,For Sale
26899191,3901 Turtle Creek Blvd #7,75219,Dallas,TX,32.816788,-96.79974,8900000,1310.0,,,,3.0,6.0,6792.0,1997.0,7535.88,singleFamily,83,3145000.0,2025,https://www.zillow.com,https://photos.zillowstatic.com/fp/da8210692bd7a70faad4b9c3fc7bf180-p_c.jpg,2026-07-13 10:57,For Sale
26807867,3115 Walnut Hill Ln,75229,Dallas,TX,32.88122,-96.871086,524000,243.0,7000.0,504700.0,3198.0,3.0,3.0,2159.0,1973.0,10323.72,singleFamily,11,520370.0,2025,https://www.zillow.com,https://photos.zillowstatic.com/fp/f696345e0f0b0ae96c3ef1cc99397834-p_c.jpg,2026-07-13 10:57,For Sale
26888061,9250 Flickering Shadow Dr,75243,Dallas,TX,32.920635,-96.73579,270000,127.0,,,,4.0,3.0,2130.0,1977.0,3005.64,townhome,20,346350.0,2025,https://www.zillow.com,https://photos.zillowstatic.com/fp/a357ad0fa176215f4e1312c27a9f75f6-p_c.jpg,2026-07-13 10:57,For Sale
67965469,3225 Turtle Creek Blvd APT 1509,75219,Dallas,TX,32.806835,-96.80463,399000,321.0,,,,2.0,2.0,1242.0,1998.0,3.536,condo,10,416070.0,2025,https://www.zillow.com,https://photos.zillowstatic.com/fp/fcf520ee95a726ed6f899f71231fccf7-p_c.jpg,2026-07-13 10:57,For Sale
26687337,2212 Marburg St,75215,Dallas,TX,32.75108,-96.76183,480000,188.0,,477000.0,3029.0,4.0,3.0,2550.0,2026.0,7884.36,singleFamily,29,79000.0,2025,https://www.zillow.com,https://photos.zillowstatic.com/fp/696abe1249451d0b7c9f4946028deff6-p_c.jpg,2026-07-13 10:57,For Sale
26880993,4331 Laren Ln,75244,Dallas,TX,32.921654,-96.83499,1199000,384.0,-51000.0,1149500.0,4287.0,4.0,3.0,3120.0,1971.0,0.29500000000000004,singleFamily,11,867180.0,2025,https://www.zillow.com,https://photos.zillowstatic.com/fp/2b8036bcee867d4352bc511ca0abb761-p_c.jpg,2026-07-13 10:57,For Sale
26881531,4988 Thunder Rd,75244,Dallas,TX,32.923706,-96.821884,449000,157.0,,441000.0,2843.0,3.0,3.0,2852.0,1974.0,4007.52,singleFamily,1,360350.0,2025,https://www.zillow.com,https://photos.zillowstatic.com/fp/284e5ce0ae9d5d9c51f3058c48e3ea96-p_c.jpg,2026-07-13 10:57,For Sale
457405170,2534 Lowery St,75215,Dallas,TX,32.746098,-96.75402,320000,183.0,,318400.0,2429.0,4.0,3.0,1750.0,2025.0,2495.988,singleFamily,1,,,https://www.zillow.com,https://photos.zillowstatic.com/fp/e1d1d8067b2569a41422c876cda1a50c-p_c.jpg,2026-07-13 10:57,For Sale
26881292,4452 Sugar Mill Rd,75244,Dallas,TX,32.918533,-96.83193,1495000,437.0,-80000.0,1430300.0,7030.0,5.0,5.0,3422.0,1966.0,0.37900000000000006,singleFamily,66,1527000.0,2025,https://www.zillow.com,https://photos.zillowstatic.com/fp/86a97f63a4aeca2864caa3d02fb619bf-p_c.jpg,2026-07-13 10:57,For Sale
26874914,15817 El Estado Dr,75248,Dallas,TX,32.964634,-96.771416,320000,210.0,-8000.0,313000.0,2020.0,3.0,2.0,1524.0,1968.0,4791.6,singleFamily,14,314640.0,2025,https://www.zillow.com,https://photos.zillowstatic.com/fp/fe1581da66466c858fafffba4833d8b9-p_c.jpg,2026-07-13 10:57,For Sale
26692909,4138 Prescott Ave,75219,Dallas,TX,32.8214,-96.80532,1099000,316.0,-26000.0,1067600.0,7007.0,4.0,5.0,3477.0,2006.0,3571.92,singleFamily,93,1298850.0,2025,https://www.zillow.com,https://photos.zillowstatic.com/fp/373422aa47e8b3e8463825266f10e62c-p_c.jpg,2026-07-13 10:57,For Sale
26843039,10870 Cassandra Way,75228,Dallas,TX,32.843506,-96.66248,240000,182.0,-29000.0,,2014.0,4.0,2.0,1320.0,1955.0,7300.0,singleFamily,54,236200.0,2025,https://www.zillow.com,https://photos.zillowstatic.com/fp/9e355116f3bcb453ed2e8b7930166b39-p_c.jpg,2026-07-13 10:57,For Sale
2070121656,13635 Weald Green St,75240,Dallas,TX,32.933163,-96.76757,250000,197.0,-10000.0,245900.0,2203.0,3.0,2.0,1272.0,1968.0,3267.0,townhome,95,,,https://www.zillow.com,https://photos.zillowstatic.com/fp/7b4cd31cae5b73ec226918e1cd1e09bf-p_c.jpg,2026-07-13 10:57,For Sale
26827133,3811 Laurel Canyon Dr,75233,Dallas,TX,32.69232,-96.882416,300000,159.0,,294400.0,2420.0,3.0,2.0,1891.0,1967.0,0.26599999999999996,singleFamily,3,322680.0,2025,https://www.zillow.com,https://photos.zillowstatic.com/fp/11ea3fbd9652eb914d00af32677efcf5-p_c.jpg,2026-07-13 10:57,For Sale
26732514,2243 Inca Dr,75216,Dallas,TX,32.691914,-96.78826,250000,166.0,-5000.0,247300.0,2111.0,4.0,2.0,1508.0,1959.0,7797.24,singleFamily,59,218690.0,2025,https://www.zillow.com,https://photos.zillowstatic.com/fp/2ee6ea3e79b462eca4c1ef1fb071b047-p_c.jpg,2026-07-13 10:57,For Sale
26853414,8619 Banff Dr,75243,Dallas,TX,32.9042,-96.75512,427000,231.0,-23000.0,445900.0,2812.0,3.0,3.0,1852.0,1960.0,0.2515,singleFamily,11,397300.0,2025,https://www.zillow.com,https://photos.zillowstatic.com/fp/49b59e93a09262bc8eb1122225a2570c-p_c.jpg,2026-07-13 10:57,For Sale
53072120,6008 Richwater Dr,75252,Dallas,TX,32.993782,-96.80436,575000,237.0,,554100.0,3539.0,3.0,2.0,2431.0,1986.0,5662.8,singleFamily,1,609646.0,2025,https://www.zillow.com,https://photos.zillowstatic.com/fp/b2fb2a2fc3b2803b3e80d78a4bc99833-p_c.jpg,2026-07-13 10:57,For Sale
67966191,3204 Wycliff Ave #3216,75219,Dallas,TX,32.814323,-96.81365,469000,275.0,-16000.0,459000.0,3437.0,2.0,3.0,1704.0,2004.0,0.387,condo,115,499000.0,2025,https://www.zillow.com,https://photos.zillowstatic.com/fp/a13b9c8853eeba197aeb1e30421ea3bc-p_c.jpg,2026-07-13 10:57,For Sale
26868426,9205 Moss Farm Ln,75243,Dallas,TX,32.896366,-96.74376,739900,295.0,-20000.0,725100.0,6077.0,4.0,3.0,2509.0,1976.0,7056.72,singleFamily,50,497000.0,2025,https://www.zillow.com,https://photos.zillowstatic.com/fp/9f4a7c495ee855a85667d4d5c65ef802-p_c.jpg,2026-07-13 10:57,For Sale
26843598,9011 Liptonshire Dr,75238,Dallas,TX,32.87073,-96.70545,749900,301.0,-10000.0,732200.0,4600.0,4.0,4.0,2489.0,1955.0,7666.56,singleFamily,94,592860.0,2025,https://www.zillow.com,https://photos.zillowstatic.com/fp/e6f1285e75c13d46f4ed9d3b8a2ecba2-p_c.jpg,2026-07-13 10:57,For Sale
303984720,2114 Wenge Ln,75219,Dallas,TX,32.809242,-96.82861,589995,305.0,,577000.0,3851.0,3.0,4.0,1932.0,2021.0,1393.92,townhome,31,635090.0,2025,https://www.zillow.com,https://photos.zillowstatic.com/fp/b016b01f340c3aa846a9ecc74808c0ef-p_c.jpg,2026-07-13 10:57,For Sale
26869962,9240 Locarno Dr,75243,Dallas,TX,32.899307,-96.74203,644900,260.0,,603500.0,4144.0,3.0,3.0,2481.0,1972.0,8755.56,singleFamily,5,560980.0,2025,https://www.zillow.com,https://photos.zillowstatic.com/fp/e7a408b4305a22f9995137ced311e5cf-p_c.jpg,2026-07-13 10:57,For Sale
26687162,2643 Exline St,75215,Dallas,TX,32.757484,-96.75818,369000,215.0,,,,4.0,2.0,1713.0,2024.0,7492.32,singleFamily,2,163580.0,2025,https://www.zillow.com,https://photos.zillowstatic.com/fp/da1e84e8ac50186165413423fd263939-p_c.jpg,2026-07-13 10:57,For Sale
2121242284,6314 Myrtle St,75215,Dallas,TX,32.739716,-96.74638,429000,213.0,,424600.0,2707.0,4.0,3.0,2015.0,2025.0,5619.24,singleFamily,4,56100.0,2025,https://www.zillow.com,https://photos.zillowstatic.com/fp/31e14666b3e9cde9ca985c4dc755980b-p_c.jpg,2026-07-13 10:57,For Sale
26701553,6511 Gaston Ave,75214,Dallas,TX,32.816643,-96.75113,1149000,502.0,-40000.0,1105700.0,5841.0,3.0,3.0,2290.0,1940.0,0.368,singleFamily,95,748530.0,2025,https://www.zillow.com,https://photos.zillowstatic.com/fp/6442bc7a24f14a528295f38f1b8d20bf-p_c.jpg,2026-07-13 10:57,For Sale
26872535,6716 Roundrock Rd,75248,Dallas,TX,32.95641,-96.79385,735000,304.0,,,,4.0,3.0,2418.0,1971.0,9888.12,singleFamily,15,668550.0,2025,https://www.zillow.com,https://photos.zillowstatic.com/fp/5faa20029afc3f4095013f8b2d5ba373-p_c.jpg,2026-07-13 10:57,For Sale
26842493,3234 San Lucas Ave,75228,Dallas,TX,32.831047,-96.66074,324999,261.0,,317100.0,1962.0,3.0,2.0,1246.0,1954.0,9300.06,singleFamily,12,283020.0,2025,https://www.zillow.com,https://photos.zillowstatic.com/fp/b80cd3cf71e10554028176fc66a3a06d-p_c.jpg,2026-07-13 10:57,For Sale
26900699,14151 Montfort Dr APT 252,75254,Dallas,TX,32.941467,-96.81606,250000,189.0,50000.0,,,2.0,2.0,1323.0,1981.0,10.632,singleFamily,24,238140.0,2025,https://www.zillow.com,https://photos.zillowstatic.com/fp/c00dcb79d7af1b257c74658d51afb68f-p_c.jpg,2026-07-13 10:57,For Sale
26795752,1315 Whitley Dr,75217,Dallas,TX,32.735058,-96.69235,264500,160.0,-10000.0,263300.0,2230.0,4.0,2.0,1653.0,2022.0,0.28800000000000003,singleFamily,51,206020.0,2025,https://www.zillow.com,https://photos.zillowstatic.com/fp/bdf086f83d0f64244f2dbf67f92fdf3b-p_c.jpg,2026-07-13 10:57,For Sale
26909836,3208 Poplar Springs Ln,75227,Dallas,TX,32.764534,-96.653175,249995,181.0,,245400.0,2072.0,4.0,2.0,1378.0,1987.0,4138.2,singleFamily,2,227440.0,2025,https://www.zillow.com,https://photos.zillowstatic.com/fp/8aeeabfe700bd2124252aa52f039ecca-p_c.jpg,2026-07-13 10:57,For Sale
67964953,7736 Meadow Rd APT 102,75230,Dallas,TX,32.886272,-96.77307,289000,178.0,,,,3.0,2.0,1625.0,1966.0,,condo,10,280000.0,2025,https://www.zillow.com,https://photos.zillowstatic.com/fp/d735e095d85c412d01068271c0802311-p_c.jpg,2026-07-13 10:57,For Sale
26680672,3817 Rawlins St APT 103,75219,Dallas,TX,32.811333,-96.807884,345000,313.0,,331100.0,2875.0,2.0,3.0,1102.0,1980.0,1.171,condo,5,330600.0,2025,https://www.zillow.com,https://photos.zillowstatic.com/fp/ae0ba67a59fa56018b20eda974374b37-p_c.jpg,2026-07-13 10:57,For Sale
26782910,2511 Leacrest Dr,75216,Dallas,TX,32.710587,-96.7893,349900,214.0,-5000.0,348000.0,2258.0,4.0,2.0,1632.0,2026.0,6403.32,singleFamily,128,61000.0,2025,https://www.zillow.com,https://photos.zillowstatic.com/fp/1b211a23e5dbb4c9610367b13e939884-p_c.jpg,2026-07-13 10:57,For Sale
84000439,3200 Ross Ave APT 28,75204,Dallas,TX,32.794598,-96.7895,469000,230.0,,434200.0,3419.0,3.0,3.0,2042.0,2011.0,0.817,condo,3,450000.0,2025,https://www.zillow.com,https://photos.zillowstatic.com/fp/7940edf785d10b696004f5a4741cbed4-p_c.jpg,2026-07-13 10:57,For Sale
80236568,5111 Manett St APT 207,75206,Dallas,TX,32.8156,-96.782486,239000,328.0,-6000.0,232000.0,1764.0,1.0,1.0,728.0,2001.0,0.55,condo,23,250000.0,2025,https://www.zillow.com,https://photos.zillowstatic.com/fp/263fdd4a3eed3ec8ccb8cb2b7a708ead-p_c.jpg,2026-07-13 10:57,For Sale
26899070,3919 Cole Ave APT 101,75204,Dallas,TX,32.811615,-96.79551,425000,355.0,-25000.0,414000.0,2901.0,2.0,2.0,1196.0,1981.0,0.255,singleFamily,102,340860.0,2025,https://www.zillow.com,https://photos.zillowstatic.com/fp/cbf1f247d56f573ad65abe8d6006c6b4-p_c.jpg,2026-07-13 10:57,For Sale
26888828,6234 La Cosa Dr,75248,Dallas,TX,32.959396,-96.79814,650000,262.0,-24900.0,635900.0,4085.0,3.0,3.0,2480.0,1979.0,8058.6,singleFamily,38,596060.0,2025,https://www.zillow.com,https://photos.zillowstatic.com/fp/eeb8756a5cc4846cf5204ba4772ca22b-p_c.jpg,2026-07-13 10:57,For Sale
26871906,6810 Town Bluff Dr,75248,Dallas,TX,32.95476,-96.791534,715000,226.0,-2500.0,700500.0,4704.0,4.0,3.0,3161.0,1974.0,0.331,singleFamily,60,721940.0,2025,https://www.zillow.com,https://photos.zillowstatic.com/fp/ce0c120b4727d0e6702bfb6b67cf6064-p_c.jpg,2026-07-13 10:57,For Sale
26758535,4323 Middleton Rd,75229,Dallas,TX,32.88603,-96.836235,3549000,597.0,-142000.0,3400400.0,6281.0,5.0,7.0,5945.0,2023.0,0.428,singleFamily,87,3344760.0,2025,https://www.zillow.com,https://photos.zillowstatic.com/fp/d5b50d5876a2018788fa9195c5ce9651-p_c.jpg,2026-07-13 10:57,For Sale
26704895,6225 Saint Moritz Ave,75214,Dallas,TX,32.8377,-96.75709,1780,2.0,,,1941.0,2.0,1.0,901.0,1950.0,3702.6,townhome,13,572030.0,2025,https://www.zillow.com,https://photos.zillowstatic.com/fp/fca9c29a374800b9f9a4ca4215dbea80-p_c.jpg,2026-07-13 10:57,For Sale
26787260,9755 Van Dyke Rd,75218,Dallas,TX,32.85455,-96.71484,2195000,734.0,,2053700.0,5541.0,4.0,3.0,2990.0,1956.0,0.544,singleFamily,38,1150000.0,2025,https://www.zillow.com,https://photos.zillowstatic.com/fp/9ded6e32011621fb64f2b8ee8d3871e4-p_c.jpg,2026-07-13 10:57,For Sale
26809012,10931 Marsh Ln,75229,Dallas,TX,32.89747,-96.85655,649900,262.0,,622900.0,5240.0,4.0,3.0,2478.0,1981.0,0.372,singleFamily,30,591530.0,2025,https://www.zillow.com,https://photos.zillowstatic.com/fp/a5e19983897f7e7f02d633aee4ebff15-p_c.jpg,2026-07-13 10:57,For Sale
84001098,8342 Timberbrook Ln,75249,Dallas,TX,32.664314,-96.95082,344369,214.0,5000.0,340300.0,2496.0,3.0,3.0,1612.0,2007.0,4007.52,singleFamily,115,309670.0,2025,https://www.zillow.com,https://photos.zillowstatic.com/fp/c804d2f76f3fc541da27f74b80197799-p_c.jpg,2026-07-13 10:57,For Sale
26693674,6331 Lakeshore Dr,75214,Dallas,TX,32.81938,-96.7547,1275000,304.0,-24999.0,1229200.0,7235.0,4.0,5.0,4198.0,2007.0,7492.32,singleFamily,72,1350000.0,2025,https://www.zillow.com,https://photos.zillowstatic.com/fp/17bf88faec6677abdf9957cdeafd5593-p_c.jpg,2026-07-13 10:57,For Sale
80233370,4446 Thunder Rd,75244,Dallas,TX,32.924732,-96.83252,1199000,376.0,,,,4.0,4.0,3186.0,1968.0,0.351,singleFamily,30,893510.0,2025,https://www.zillow.com,https://photos.zillowstatic.com/fp/be5ca29c909df8111213d251f4ee7631-p_c.jpg,2026-07-13 10:57,For Sale
26813762,5706 Rocky Ridge Rd,75241,Dallas,TX,32.677444,-96.81897,539999,179.0,-10001.0,,3084.0,5.0,3.0,3016.0,1959.0,10846.44,singleFamily,44,342170.0,2025,https://www.zillow.com,https://photos.zillowstatic.com/fp/fb95e4b25eb20c1d0bb83b710e5de4da-p_c.jpg,2026-07-13 10:57,For Sale
336886774,1747 Leonard St Suite 2601,75201,Dallas,TX,32.78981,-96.79704,17500000,2276.0,,,,4.0,6.0,7688.0,2025.0,0.8300000000000001,condo,467,6334910.0,2025,https://www.zillow.com,https://photos.zillowstatic.com/fp/d7655d47504514c98f614924aa534bc7-p_c.jpg,2026-07-13 10:57,For Sale
26786143,4721 Fallon Pl,75227,Dallas,TX,32.78246,-96.71154,549900,179.0,,537000.0,3135.0,4.0,3.0,3064.0,1982.0,8407.08,singleFamily,12,422580.0,2025,https://www.zillow.com,https://photos.zillowstatic.com/fp/4effa86f56f16378ebe3ef01f045fa11-p_c.jpg,2026-07-13 10:57,For Sale
26874347,7707 La Avenida Dr,75248,Dallas,TX,32.96373,-96.775444,679000,331.0,,655500.0,4338.0,3.0,2.0,2049.0,1966.0,9583.2,singleFamily,4,480000.0,2025,https://www.zillow.com,https://photos.zillowstatic.com/fp/ea7cf94922282b8a463b8b58768a0f61-p_c.jpg,2026-07-13 10:57,For Sale
26680664,1726 Driskell St,75215,Dallas,TX,32.755207,-96.76747,400000,148.0,-25000.0,399000.0,2957.0,5.0,3.0,2700.0,2026.0,7492.32,singleFamily,141,264390.0,2025,https://www.zillow.com,https://photos.zillowstatic.com/fp/5c4259d94c037232f1d4ff086b284119-p_c.jpg,2026-07-13 10:57,For Sale
26816205,9522 Ash Creek Dr,75228,Dallas,TX,32.822144,-96.69311,549000,211.0,,537500.0,3342.0,4.0,3.0,2604.0,1954.0,0.331,multiFamily,2,327600.0,2025,https://www.zillow.com,https://photos.zillowstatic.com/fp/ce3fdade27aa871f64f6db958e6817a5-p_c.jpg,2026-07-13 10:57,For Sale
26905998,4315 Northaven Rd,75229,Dallas,TX,32.90258,-96.8358,1770000,488.0,-28000.0,1719600.0,6856.0,4.0,3.0,3627.0,1997.0,0.427,singleFamily,67,1577100.0,2025,https://www.zillow.com,https://photos.zillowstatic.com/fp/54a39644d152ec1abee2fc6b95a293e7-p_c.jpg,2026-07-13 10:57,For Sale
26713546,606 W Pembroke Ave,75208,Dallas,TX,32.73799,-96.83242,390000,179.0,-15000.0,,,6.0,4.0,2177.0,1923.0,7640.424,singleFamily,121,283810.0,2025,https://www.zillow.com,https://photos.zillowstatic.com/fp/d04ad9562237408d9af160404b647acc-p_c.jpg,2026-07-13 10:57,For Sale
26926638,4131 Wycliff Ave APT 4,75219,Dallas,TX,32.81999,-96.80562,360000,341.0,,,,2.0,2.0,1056.0,1983.0,0.329,condo,59,310000.0,2025,https://www.zillow.com,https://photos.zillowstatic.com/fp/e28e83c578eba6f82891994c59d2187f-p_c.jpg,2026-07-13 10:57,For Sale
26729424,2240 Lawndale Dr,75211,Dallas,TX,32.762295,-96.860374,549900,298.0,,529400.0,3695.0,3.0,3.0,1844.0,1941.0,7666.56,singleFamily,44,561860.0,2025,https://www.zillow.com,https://photos.zillowstatic.com/fp/3727db49f583844c246d13aef63ff69d-p_c.jpg,2026-07-13 10:57,For Sale
26828913,5723 Meletio Ln,75230,Dallas,TX,32.916756,-96.8106,3799000,664.0,,3645000.0,19913.0,5.0,7.0,5725.0,2026.0,0.37,singleFamily,8,1957530.0,2025,https://www.zillow.com,https://photos.zillowstatic.com/fp/3fea3e014e0ce150c7d9ee4720752620-p_c.jpg,2026-07-13 10:57,For Sale
26830750,2351 Saint Francis Ave,75228,Dallas,TX,32.806892,-96.70349,489000,255.0,-10000.0,476700.0,2436.0,3.0,2.0,1918.0,1961.0,9016.92,singleFamily,16,457170.0,2025,https://www.zillow.com,https://photos.zillowstatic.com/fp/666d261373de5e8caca9b5bd4c80f982-p_c.jpg,2026-07-13 10:57,For Sale
26715382,818 E Woodin Blvd,75216,Dallas,TX,32.72244,-96.81238,239000,183.0,-20000.0,236100.0,1872.0,3.0,2.0,1304.0,1917.0,8015.04,singleFamily,17,259520.0,2025,https://www.zillow.com,https://photos.zillowstatic.com/fp/4b27c08c642954a63b1f940b6a9ae8e0-p_c.jpg,2026-07-13 10:57,For Sale
26812625,2909 Silverton Dr,75229,Dallas,TX,32.89979,-96.8809,385000,259.0,,370300.0,2958.0,3.0,2.0,1488.0,1959.0,8102.16,singleFamily,19,365700.0,2025,https://www.zillow.com,https://photos.zillowstatic.com/fp/64dd373b34560fceffd9d53ffb21a417-p_c.jpg,2026-07-13 10:57,For Sale
26803295,11444 Parkchester Dr,75230,Dallas,TX,32.904186,-96.79878,4850000,721.0,,4597900.0,5825.0,5.0,7.0,6729.0,2025.0,0.378,singleFamily,20,905850.0,2025,https://www.zillow.com,https://photos.zillowstatic.com/fp/83af084f0e455e349137ef6055c39a54-p_c.jpg,2026-07-13 10:57,For Sale
26912907,8934 Greenville Ave,75243,Dallas,TX,32.898563,-96.75061,749000,250.0,,724700.0,3332.0,3.0,3.0,2994.0,1996.0,5140.08,singleFamily,9,640000.0,2025,https://www.zillow.com,https://photos.zillowstatic.com/fp/0db2374ced4b74b15289c0834dd3a6c3-p_c.jpg,2026-07-13 10:57,For Sale
26743492,11707 Rogue Way,75218,Dallas,TX,32.853127,-96.69455,419000,298.0,,,,3.0,2.0,1404.0,1959.0,7797.24,singleFamily,2,458520.0,2025,https://www.zillow.com,https://photos.zillowstatic.com/fp/99eb5b9ba7b99080bd56752fd220c31c-p_c.jpg,2026-07-13 10:57,For Sale
26736093,9122 Cochran Heights Dr,75220,Dallas,TX,32.86247,-96.84436,798000,251.0,-37000.0,776800.0,4128.0,3.0,3.0,3174.0,1984.0,5575.68,singleFamily,95,605000.0,2025,https://www.zillow.com,https://photos.zillowstatic.com/fp/a2e6dd67998bca050f8ac1e2dab3b8ec-p_c.jpg,2026-07-13 10:57,For Sale
463650776,4418 Myrtle,75210,Dallas,TX,32.75643,-96.75614,249900,194.0,-5000.0,,,3.0,2.0,1290.0,2026.0,6250.86,singleFamily,9,,,https://www.zillow.com,https://photos.zillowstatic.com/fp/3bf5e8c69b3cc8499afa4f5a2075f4cc-p_c.jpg,2026-07-13 10:57,For Sale
248830905,5152 Brickellia Dr,75209,Dallas,TX,32.826817,-96.81777,640000,356.0,,,,3.0,4.0,1799.0,2019.0,1611.72,singleFamily,32,645000.0,2025,https://www.zillow.com,https://photos.zillowstatic.com/fp/66ef9bce7bcf215845ec20b7f826e9c0-p_c.jpg,2026-07-13 10:57,For Sale
26689166,5617 Swiss Ave,75214,Dallas,TX,32.80813,-96.76333,2400000,602.0,-150000.0,2268400.0,7085.0,4.0,3.0,3985.0,1919.0,0.372,singleFamily,65,1780650.0,2025,https://www.zillow.com,https://photos.zillowstatic.com/fp/e472fbe5cebc1456d694bdef4354e3d4-p_c.jpg,2026-07-13 10:57,For Sale
26933254,4132 Cole Ave APT 102,75204,Dallas,TX,32.81543,-96.792534,373500,346.0,,356100.0,2239.0,2.0,2.0,1080.0,1983.0,1.076,condo,92,331000.0,2025,https://www.zillow.com,https://photos.zillowstatic.com/fp/b5c21198d904ecc021e9551232a7f355-p_c.jpg,2026-07-13 10:57,For Sale
26755175,6031 Lupton Dr,75225,Dallas,TX,32.877293,-96.80259,6100000,870.0,-100000.0,5731300.0,7191.0,5.0,7.0,7009.0,2025.0,0.43199999999999994,singleFamily,107,2570190.0,2025,https://www.zillow.com,https://photos.zillowstatic.com/fp/48b0e44cb83164412f7f80ee793fdfab-p_c.jpg,2026-07-13 10:57,For Sale
26780684,3423 Willow Crest Ln,75233,Dallas,TX,32.69216,-96.8773,360000,134.0,,353100.0,2965.0,4.0,3.0,2689.0,1965.0,0.309,singleFamily,6,383920.0,2025,https://www.zillow.com,https://photos.zillowstatic.com/fp/4176bf22d8fac539786b90ab8f93f9ea-p_c.jpg,2026-07-13 10:57,For Sale
2060201506,8106 Emsworth Dr,75231,Dallas,TX,32.891563,-96.76447,567500,322.0,,554100.0,3242.0,3.0,3.0,1760.0,2022.0,1611.72,singleFamily,29,540000.0,2025,https://www.zillow.com,https://photos.zillowstatic.com/fp/1df1a1999170ab7f820c82f5258cdd73-p_c.jpg,2026-07-13 10:57,For Sale
26844596,2506 Gross Rd,75228,Dallas,TX,32.813946,-96.673035,560000,193.0,,558200.0,3672.0,5.0,4.0,2900.0,2026.0,9757.44,singleFamily,38,229740.0,2025,https://www.zillow.com,https://photos.zillowstatic.com/fp/4daa8d36c980689eb1f33c910e84db1a-p_c.jpg,2026-07-13 10:57,For Sale
26633938,4315 Creekmeadow Dr,75287,Dallas,TX,32.995464,-96.836174,715000,251.0,-19900.0,702400.0,4191.0,4.0,3.0,2850.0,1986.0,8276.4,singleFamily,58,753343.0,2025,https://www.zillow.com,https://photos.zillowstatic.com/fp/0a6c4ebd49ca8cc41d704b1722acf52b-p_c.jpg,2026-07-13 10:57,For Sale
26693370,4416 N Hall St,75219,Dallas,TX,32.81705,-96.81465,1399000,493.0,-30999.0,1339400.0,5960.0,3.0,3.0,2840.0,1924.0,9234.72,singleFamily,25,1115150.0,2025,https://www.zillow.com,https://photos.zillowstatic.com/fp/0279fa3f572cedcb2544d3af55b5aac6-p_c.jpg,2026-07-13 10:57,For Sale
26739896,8619 San Benito Way,75218,Dallas,TX,32.81829,-96.70739,1500000,546.0,,,,3.0,3.0,2746.0,2017.0,7927.92,singleFamily,89,1199700.0,2025,https://www.zillow.com,https://photos.zillowstatic.com/fp/e14fad724ea1f5d6726640aed8c35d5e-p_c.jpg,2026-07-13 10:57,For Sale
26867695,8009 Abramshire Ave,75231,Dallas,TX,32.88411,-96.74335,759000,306.0,-30000.0,731000.0,3482.0,4.0,3.0,2482.0,1978.0,8712.0,singleFamily,18,651050.0,2025,https://www.zillow.com,https://photos.zillowstatic.com/fp/d82cfd197cbaa1da882048b4052b2029-p_c.jpg,2026-07-13 10:57,For Sale
26677957,1319 Birkenhead Ct,75204,Dallas,TX,32.79216,-96.78737,624000,258.0,,,,3.0,3.0,2421.0,1979.0,3702.6,singleFamily,14,645290.0,2025,https://www.zillow.com,https://photos.zillowstatic.com/fp/d03a9d5e2fb24d367f37799ca7e052b9-p_c.jpg,2026-07-13 10:57,For Sale
26845695,2908 Scottsbluff Dr,75228,Dallas,TX,32.81663,-96.664894,230000,203.0,,223800.0,1732.0,3.0,2.0,1134.0,1955.0,7753.68,singleFamily,6,228540.0,2025,https://www.zillow.com,https://photos.zillowstatic.com/fp/d7d4e0be5e1e61144883883c7cedda50-p_c.jpg,2026-07-13 10:57,For Sale
162255545,2603 Custer Dr,75216,Dallas,TX,32.703873,-96.78221,250000,205.0,25000.0,248400.0,1997.0,3.0,2.0,1219.0,2015.0,7492.32,singleFamily,18,230400.0,2025,https://www.zillow.com,https://photos.zillowstatic.com/fp/428e6880c30cbf62b9723cb4c1d48fc3-p_c.jpg,2026-07-13 10:57,For Sale
26747570,6262 E University Blvd,75214,Dallas,TX,32.846336,-96.75549,729900,359.0,-39100.0,705600.0,3749.0,3.0,2.0,2031.0,1961.0,10018.8,singleFamily,45,727870.0,2025,https://www.zillow.com,https://photos.zillowstatic.com/fp/5441153b317e10aecd83be7af9a3b72d-p_c.jpg,2026-07-13 10:57,For Sale
26761677,9261 Meadowglen Dr,75238,Dallas,TX,32.87078,-96.72456,1675000,420.0,,,,6.0,4.0,3988.0,1961.0,0.267,singleFamily,45,1036490.0,2025,https://www.zillow.com,https://photos.zillowstatic.com/fp/0fa248c241f5a4f92a3f74f7a1eaab52-p_c.jpg,2026-07-13 10:57,For Sale
27338852,2848 Harbinger Ln,75287,Dallas,TX,32.99178,-96.865456,292000,254.0,-1000.0,288500.0,1914.0,2.0,2.0,1148.0,1984.0,3615.48,singleFamily,54,296000.0,2025,https://www.zillow.com,https://photos.zillowstatic.com/fp/3786cced07de3c2c92e815c26c299739-p_c.jpg,2026-07-13 10:57,For Sale
26850043,2711 San Diego Dr,75228,Dallas,TX,32.85439,-96.66847,210000,149.0,-20000.0,220500.0,1888.0,3.0,1.0,1410.0,1955.0,7623.0,singleFamily,47,254200.0,2025,https://www.zillow.com,https://photos.zillowstatic.com/fp/9594482c525e9f574b1bffefa75a6047-p_c.jpg,2026-07-13 10:57,For Sale
26865374,10416 Church Rd,75238,Dallas,TX,32.885963,-96.70532,550000,300.0,-5000.0,,,3.0,2.0,1833.0,1965.0,7535.88,singleFamily,135,517260.0,2025,https://www.zillow.com,https://photos.zillowstatic.com/fp/c09e207410595900c88c02175bc24dbf-p_c.jpg,2026-07-13 10:57,For Sale
26892486,7334 Oakmore Dr,75249,Dallas,TX,32.63114,-96.95059,319997,154.0,,,2568.0,4.0,2.0,2083.0,1979.0,6664.68,singleFamily,11,300810.0,2025,https://www.zillow.com,https://photos.zillowstatic.com/fp/df5bdf5606e9132163a16a7f3accc1e3-p_c.jpg,2026-07-13 10:57,For Sale
26690676,5311 Willis Ave,75206,Dallas,TX,32.820522,-96.77941,835000,537.0,,794500.0,4164.0,3.0,2.0,1556.0,1920.0,7797.24,singleFamily,32,735450.0,2025,https://www.zillow.com,https://photos.zillowstatic.com/fp/d097fe5c35eebc33a3158d8ebe98f525-p_c.jpg,2026-07-13 10:57,For Sale
26788933,4041 Beechwood Ln,75220,Dallas,TX,32.876465,-96.84453,889000,437.0,-10000.0,860100.0,4869.0,3.0,3.0,2034.0,1951.0,9234.72,singleFamily,37,842210.0,2025,https://www.zillow.com,https://photos.zillowstatic.com/fp/aa6806eebb07b2169c214464a2ea180c-p_c.jpg,2026-07-13 10:57,For Sale
26822369,3035 Simpson Stuart Rd,75241,Dallas,TX,32.670807,-96.77128,27000,,,,1703.0,,,,,2.075,land,23,158090.0,2025,https://www.zillow.com,https://photos.zillowstatic.com/fp/506f70a26574b3b41765043268c32a11-p_c.jpg,2026-07-13 10:57,For Sale
67964607,1505 Elm St APT 603,75201,Dallas,TX,32.781612,-96.79958,295000,144.0,-30000.0,290000.0,5289.0,3.0,3.0,2045.0,1957.0,10018.8,condo,156,377510.0,2025,https://www.zillow.com,https://photos.zillowstatic.com/fp/453ab50d7e963083f88b9723b70383a3-p_c.jpg,2026-07-13 10:57,For Sale
26738608,7152 Fair Oaks Ave APT 1122,75231,Dallas,TX,32.872566,-96.7574,129000,134.0,,,1931.0,3.0,2.0,964.0,1975.0,8.74,condo,2,105000.0,2025,https://www.zillow.com,https://photos.zillowstatic.com/fp/183348bdae7faa85fb9efdacdbe3323d-p_c.jpg,2026-07-13 10:57,For Sale
26803468,11947 Quincy Ln,75230,Dallas,TX,32.912132,-96.814674,2995000,437.0,-180000.0,2899400.0,6803.0,5.0,7.0,6856.0,2025.0,0.35900000000000004,singleFamily,59,1211780.0,2025,https://www.zillow.com,https://photos.zillowstatic.com/fp/9e9a00a6dd3288b263c05d2527a34ef6-p_c.jpg,2026-07-13 10:57,For Sale
26805313,4166 Goodfellow Dr,75229,Dallas,TX,32.908607,-96.8386,895000,347.0,-30000.0,,,4.0,4.0,2577.0,1961.0,0.38499999999999995,singleFamily,32,806160.0,2025,https://www.zillow.com,https://photos.zillowstatic.com/fp/6a16cef1a2a8ac3864cd3f08c345f817-p_c.jpg,2026-07-13 10:57,For Sale
67961401,2714 Throckmorton St #B,75219,Dallas,TX,32.808525,-96.81385,725000,430.0,,698500.0,2881.0,2.0,2.0,1688.0,2002.0,3659.04,singleFamily,66,661340.0,2025,https://www.zillow.com,https://photos.zillowstatic.com/fp/9bf86723737ea4eb292fe1af4de75515-p_c.jpg,2026-07-13 10:57,For Sale
26697198,5111 Stoneleigh Ave,75235,Dallas,TX,32.81882,-96.82717,545000,389.0,-5000.0,531600.0,2842.0,3.0,2.0,1402.0,1940.0,7605.576,singleFamily,46,512640.0,2025,https://www.zillow.com,https://photos.zillowstatic.com/fp/5f1d557d67dd36a0c86d1489441871cd-p_c.jpg,2026-07-13 10:57,For Sale
26807504,3556 Royal Ln,75229,Dallas,TX,32.894787,-96.85995,525000,341.0,-5000.0,513200.0,3498.0,3.0,2.0,1541.0,1961.0,9931.68,singleFamily,94,433460.0,2025,https://www.zillow.com,https://photos.zillowstatic.com/fp/d50d7de3c0cf7cbb1854c9d6612a66be-p_c.jpg,2026-07-13 10:57,For Sale
303983100,6004 Hudson St Unit 103,75206,Dallas,TX,32.809956,-96.76522,469000,332.0,,460300.0,3040.0,2.0,3.0,1413.0,2017.0,7013.16,condo,6,485450.0,2025,https://www.zillow.com,https://photos.zillowstatic.com/fp/0feb55b99bbd80c60623dbf9627d857e-p_c.jpg,2026-07-13 10:57,For Sale
338036530,4845 Cedar Springs Rd APT 164,75219,Dallas,TX,32.81927,-96.822525,119000,141.0,,150900.0,1510.0,2.0,1.0,841.0,1970.0,6.609,condo,3,185000.0,2025,https://www.zillow.com,https://photos.zillowstatic.com/fp/22b689063e418ae980e82e95c4b324d5-p_c.jpg,2026-07-13 10:57,For Sale
26693714,6307 Palo Pinto Ave,75214,Dallas,TX,32.820343,-96.75566,819000,418.0,,822500.0,4217.0,3.0,2.0,1958.0,1924.0,7492.32,singleFamily,11,820050.0,2025,https://www.zillow.com,https://photos.zillowstatic.com/fp/db54993010ec6abc5f1f9a71e022955d-p_c.jpg,2026-07-13 10:57,For Sale
26718139,825 Thomasson Dr,75208,Dallas,TX,32.756374,-96.83657,649000,493.0,,,,2.0,2.0,1317.0,1928.0,7492.32,singleFamily,37,680410.0,2025,https://www.zillow.com,https://photos.zillowstatic.com/fp/5690ba415b5379689be015583131c9a8-p_c.jpg,2026-07-13 10:57,For Sale
80241876,7304 Summit Parc Dr,75249,Dallas,TX,32.651115,-96.94734,395000,155.0,,387700.0,2896.0,4.0,3.0,2553.0,2006.0,5924.16,singleFamily,2,367630.0,2025,https://www.zillow.com,https://photos.zillowstatic.com/fp/45d7f1f28b7c1305c4f375fe62ab289a-p_c.jpg,2026-07-13 10:57,For Sale
26862895,4601 Country Creek Dr APT 1004,75236,Dallas,TX,32.698524,-96.89989,175000,167.0,,168200.0,1916.0,3.0,2.0,1050.0,1974.0,19.864,condo,36,165000.0,2025,https://www.zillow.com,https://photos.zillowstatic.com/fp/5ea52f529cbfd9d5b2405fa51fac4285-p_c.jpg,2026-07-13 10:57,For Sale
80224298,1200 Main St APT 701,75202,Dallas,TX,32.77981,-96.80127,389900,251.0,,384300.0,4675.0,3.0,3.0,1551.0,1974.0,1.033,condo,39,407000.0,2025,https://www.zillow.com,https://photos.zillowstatic.com/fp/0d4641322368a5ef6c9672c06ecb44c3-p_c.jpg,2026-07-13 10:57,For Sale
26741003,9034 Forest Hills Blvd,75218,Dallas,TX,32.825687,-96.70626,1395000,338.0,-80000.0,1372800.0,7363.0,4.0,4.0,4132.0,2026.0,8145.72,singleFamily,39,534300.0,2025,https://www.zillow.com,https://photos.zillowstatic.com/fp/fac07d19a58924ef6ea8030da08690d6-p_c.jpg,2026-07-13 10:57,For Sale
26863163,5711 Margewood Dr,75236,Dallas,TX,32.70186,-96.92134,200000,161.0,-25000.0,218700.0,2208.0,3.0,1.0,1240.0,1956.0,0.304,singleFamily,18,264830.0,2025,https://www.zillow.com,https://photos.zillowstatic.com/fp/6bf8eab054882b9e46751a0032e2c1a0-p_c.jpg,2026-07-13 10:57,For Sale
26840305,9342 Springwater Dr,75228,Dallas,TX,32.818977,-96.69448,800000,305.0,-25000.0,,,4.0,3.0,2622.0,1964.0,0.26599999999999996,singleFamily,85,663500.0,2025,https://www.zillow.com,https://photos.zillowstatic.com/fp/6b854ef2dfe71274da03c5a7a634d086-p_c.jpg,2026-07-13 10:57,For Sale
26697790,4845 Cedar Springs Rd #174,75219,Dallas,TX,32.81927,-96.822525,115000,137.0,,,,2.0,1.0,841.0,1970.0,6.609,condo,5,175530.0,2025,https://www.zillow.com,https://photos.zillowstatic.com/fp/351fd8a74ce6413498ac3ddd2b575e2d-p_c.jpg,2026-07-13 10:57,For Sale
26738898,7155 Fair Oaks Ave APT 22,75231,Dallas,TX,32.874084,-96.7578,237000,166.0,-2000.0,228700.0,2231.0,2.0,3.0,1427.0,1974.0,2.986,townhome,31,192650.0,2025,https://www.zillow.com,https://photos.zillowstatic.com/fp/6c26e7b824e8d007f27b320c82e407cc-p_c.jpg,2026-07-13 10:57,For Sale
333139650,5018 Bryan St Unit 203,75206,Dallas,TX,32.805096,-96.77148,400000,262.0,,,,2.0,3.0,1529.0,2018.0,7666.56,condo,5,494210.0,2025,https://www.zillow.com,https://photos.zillowstatic.com/fp/6fad3045438293da0e3f1d8a495e114f-p_c.jpg,2026-07-13 10:57,For Sale
53089558,6032 Ainsdale Ct,75252,Dallas,TX,32.998665,-96.80026,579000,243.0,-20000.0,565300.0,4583.0,4.0,3.0,2387.0,1994.0,6534.0,singleFamily,25,542762.0,2025,https://www.zillow.com,https://photos.zillowstatic.com/fp/7405773a0b6b4a81c3c8857faafa1cc7-p_c.jpg,2026-07-13 10:57,For Sale
162224612,4130 Cochran Chapel Rd,75209,Dallas,TX,32.860207,-96.84044,9150000,1018.0,,,,5.0,8.0,8984.0,2002.0,3.38,singleFamily,127,6872000.0,2025,https://www.zillow.com,https://photos.zillowstatic.com/fp/9974a556fdec25115f607399b11c6488-p_c.jpg,2026-07-13 10:57,For Sale
26777669,3309 Tennessee Ave,75224,Dallas,TX,32.709827,-96.84659,439000,217.0,,423600.0,2849.0,4.0,2.0,2021.0,1951.0,8363.52,singleFamily,3,446410.0,2025,https://www.zillow.com,https://photos.zillowstatic.com/fp/31b2b640dbe0d65d2907067cf6447982-p_c.jpg,2026-07-13 10:57,For Sale
26881369,4708 Forest Bend Rd,75244,Dallas,TX,32.92306,-96.82906,1499000,439.0,,1419300.0,6868.0,4.0,6.0,3417.0,1967.0,0.318,singleFamily,23,1418350.0,2025,https://www.zillow.com,https://photos.zillowstatic.com/fp/76279d712d86a8a91fa97d38d327aa6b-p_c.jpg,2026-07-13 10:57,For Sale
26859518,7211 Valley View Pl,75240,Dallas,TX,32.927677,-96.78114,1050000,325.0,-50000.0,,,4.0,4.0,3232.0,1978.0,0.571,singleFamily,55,1138740.0,2025,https://www.zillow.com,https://photos.zillowstatic.com/fp/15bdbeab4c21af31344e4381dff301dd-p_c.jpg,2026-07-13 10:57,For Sale
53101318,5315 Ambergate Ln,75287,Dallas,TX,32.999886,-96.81687,1499000,288.0,,1425500.0,7581.0,5.0,7.0,5206.0,1996.0,0.31,singleFamily,29,1289147.0,2025,https://www.zillow.com,https://photos.zillowstatic.com/fp/766d1bff0f146cd30f56e88cfdf06334-p_c.jpg,2026-07-13 10:57,For Sale
26887295,7241 Blythdale Dr,75248,Dallas,TX,32.9819,-96.782394,755000,281.0,-10000.0,743100.0,5202.0,4.0,3.0,2683.0,1976.0,9234.72,singleFamily,15,693880.0,2025,https://www.zillow.com,https://photos.zillowstatic.com/fp/031a4f0222f25ed7082eb01f6e236cb5-p_c.jpg,2026-07-13 10:57,For Sale
26746607,10329 Lake Gardens Dr,75218,Dallas,TX,32.844616,-96.6961,595000,288.0,-25000.0,,3342.0,4.0,3.0,2064.0,1955.0,0.253,singleFamily,173,677020.0,2025,https://www.zillow.com,https://photos.zillowstatic.com/fp/f83529f33680f574554c0b4c5e0fe445-p_c.jpg,2026-07-13 10:57,For Sale
463361760,1371 Cooper St,75215,Dallas,TX,32.755806,-96.77512,240000,141.0,,240200.0,3042.0,4.0,3.0,1706.0,2026.0,8363.52,singleFamily,23,,,https://www.zillow.com,https://photos.zillowstatic.com/fp/0fc782bd410e4640aa4d991bbfcdec9c-p_c.jpg,2026-07-13 10:57,For Sale
26709403,810 W 10th St,75208,Dallas,TX,32.744858,-96.836266,550000,279.0,,525200.0,1971.0,4.0,2.0,1974.0,1930.0,6512.22,multiFamily,3,515000.0,2025,https://www.zillow.com,https://photos.zillowstatic.com/fp/02d651da15156a9e4f32f8a5b1ee1c38-p_c.jpg,2026-07-13 10:57,For Sale
26866953,9624 Bellewood Dr,75238,Dallas,TX,32.8743,-96.72172,2250000,496.0,,2175700.0,4425.0,4.0,5.0,4536.0,2026.0,9234.72,singleFamily,37,740000.0,2025,https://www.zillow.com,https://photos.zillowstatic.com/fp/e4ff69b303bdde1c0898e810c152c48a-p_c.jpg,2026-07-13 10:57,For Sale
26742550,1439 Casa Vale Dr,75218,Dallas,TX,32.8389,-96.68896,290000,277.0,,280100.0,1851.0,2.0,1.0,1048.0,1950.0,6926.04,singleFamily,45,253750.0,2025,https://www.zillow.com,https://photos.zillowstatic.com/fp/5a5334cfd580b11b38e9e2381dbb1452-p_c.jpg,2026-07-13 10:57,For Sale
26701887,6878 Burwood Ln,75214,Dallas,TX,32.81725,-96.74054,1078000,378.0,-22000.0,,,3.0,3.0,2852.0,1957.0,9056.124,singleFamily,40,975390.0,2025,https://www.zillow.com,https://photos.zillowstatic.com/fp/c9c204c79e00590250a7fd7ac02d4e28-p_c.jpg,2026-07-13 10:57,For Sale
26705155,4419 Abrams Rd,75214,Dallas,TX,32.840645,-96.75327,579000,381.0,-16000.0,566100.0,2877.0,3.0,2.0,1518.0,1957.0,9583.2,singleFamily,82,530000.0,2025,https://www.zillow.com,https://photos.zillowstatic.com/fp/bf3307a7c05c0e5450a2650c89dd2200-p_c.jpg,2026-07-13 10:57,For Sale
26873518,7214 Authon Dr,75248,Dallas,TX,32.971138,-96.7825,788500,324.0,-11400.0,763400.0,4873.0,4.0,3.0,2432.0,1973.0,8163.144,singleFamily,24,579350.0,2025,https://www.zillow.com,https://photos.zillowstatic.com/fp/4b59a4904a9a925c21ef6ecb03b7e575-p_c.jpg,2026-07-13 10:57,For Sale
303981767,1228 Clifftop Ln,75208,Dallas,TX,32.771706,-96.840744,429000,275.0,-10000.0,,,3.0,3.0,1558.0,2019.0,871.2,singleFamily,108,440000.0,2025,https://www.zillow.com,https://photos.zillowstatic.com/fp/37c94d1938ce308dc50ea450aa18f5e4-p_c.jpg,2026-07-13 10:57,For Sale
26637978,17927 Windflower Way,75252,Dallas,TX,32.996372,-96.80392,395000,182.0,-14900.0,388900.0,3042.0,3.0,3.0,2174.0,1990.0,4225.32,singleFamily,94,454758.0,2025,https://www.zillow.com,https://photos.zillowstatic.com/fp/4c5259b325b83ee8aa05f6f603970e5c-p_c.jpg,2026-07-13 10:57,For Sale
26688251,3608 Metropolitan Ave,75210,Dallas,TX,32.77104,-96.75375,299990,209.0,-5010.0,297300.0,1952.0,4.0,3.0,1432.0,1936.0,6098.4,singleFamily,94,109810.0,2025,https://www.zillow.com,https://photos.zillowstatic.com/fp/2e8a79b82ce44143b2d08d0a761324db-p_c.jpg,2026-07-13 10:57,For Sale
26858526,8617 Flicker Ln,75238,Dallas,TX,32.86585,-96.686455,319900,283.0,,316600.0,1992.0,3.0,2.0,1131.0,1962.0,7710.12,singleFamily,4,301600.0,2025,https://www.zillow.com,https://photos.zillowstatic.com/fp/beb2b5a16c2e36426c4df4ac0ef1bd1a-p_c.jpg,2026-07-13 10:57,For Sale
26680553,3606 Holmes St,75215,Dallas,TX,32.756336,-96.77269,189900,170.0,,184700.0,1652.0,2.0,1.0,1120.0,1925.0,4573.8,singleFamily,18,190070.0,2025,https://www.zillow.com,https://photos.zillowstatic.com/fp/62747795564aaed5efdb3c69b7bf3c75-p_c.jpg,2026-07-13 10:57,For Sale
462579429,1999 McKinney Ave APT 605,75205,Dallas,TX,32.79043,-96.80398,799000,330.0,,,,2.0,2.0,2421.0,2000.0,0.668,condo,66,,,https://www.zillow.com,https://photos.zillowstatic.com/fp/bb39f99e44965bc6d04110e9afb863df-p_c.jpg,2026-07-13 10:57,For Sale
26869003,9517 Fallbrook Dr,75243,Dallas,TX,32.902004,-96.73191,665000,260.0,-10000.0,,,3.0,3.0,2556.0,1973.0,8276.4,singleFamily,38,608420.0,2025,https://www.zillow.com,https://photos.zillowstatic.com/fp/d0fcb1ce9deaff6780213af55ae1a252-p_c.jpg,2026-07-13 10:57,For Sale
26829840,5731 Harvest Hill Rd APT 1044,75230,Dallas,TX,32.922756,-96.80944,214500,184.0,-5400.0,207000.0,1929.0,3.0,2.0,1165.0,1970.0,9.503,condo,241,251490.0,2025,https://www.zillow.com,https://photos.zillowstatic.com/fp/2e89ec08baf93ddf085139a3dc897207-p_c.jpg,2026-07-13 10:57,For Sale
26759674,9525 Alva Ct,75220,Dallas,TX,32.87314,-96.81626,9600000,870.0,-300000.0,8823900.0,7728.0,6.0,9.0,11037.0,2002.0,0.844,singleFamily,55,7000000.0,2025,https://www.zillow.com,https://photos.zillowstatic.com/fp/1af6a1b29c22fa9d3cf7f5391b89367d-p_c.jpg,2026-07-13 10:57,For Sale
26752924,7344 Fieldgate Dr,75230,Dallas,TX,32.88041,-96.77676,1225000,429.0,-50000.0,1193300.0,6033.0,4.0,5.0,2857.0,1965.0,0.304,singleFamily,45,1170570.0,2025,https://www.zillow.com,https://photos.zillowstatic.com/fp/bb775e5311bdca9d07559d4185ceac83-p_c.jpg,2026-07-13 10:57,For Sale
26850629,10344 Country Club Dr,75218,Dallas,TX,32.85791,-96.70436,1349000,314.0,,1320500.0,6256.0,4.0,6.0,4298.0,2026.0,7753.68,singleFamily,16,200000.0,2025,https://www.zillow.com,https://photos.zillowstatic.com/fp/24de9c20ffcd6fc4f01dfd8a99d8d67e-p_c.jpg,2026-07-13 10:57,For Sale
26854698,9920 Greenfield Dr,75238,Dallas,TX,32.87817,-96.714226,925000,318.0,-30000.0,907200.0,3974.0,5.0,3.0,2908.0,1962.0,9147.6,singleFamily,80,596220.0,2025,https://www.zillow.com,https://photos.zillowstatic.com/fp/d7d2155ef2304234be8c4c4ba6ee3572-p_c.jpg,2026-07-13 10:57,For Sale
26707558,6910 Huff Trl,75214,Dallas,TX,32.836407,-96.73795,2095000,496.0,-40000.0,1993100.0,11405.0,4.0,5.0,4228.0,2012.0,7753.68,singleFamily,52,1728600.0,2025,https://www.zillow.com,https://photos.zillowstatic.com/fp/44ac042ea43b5911ef5806be8d6b7a09-p_c.jpg,2026-07-13 10:57,For Sale
26693566,5449 Goodwin Ave,75206,Dallas,TX,32.823803,-96.775276,1849000,456.0,,1799800.0,4020.0,5.0,5.0,4055.0,2026.0,8001.972,singleFamily,16,560000.0,2025,https://www.zillow.com,https://photos.zillowstatic.com/fp/70f498c92bdf8b783e5f45c3c2c858ee-p_c.jpg,2026-07-13 10:57,For Sale
26748957,6050 Melody Ln APT 107,75231,Dallas,TX,32.867275,-96.76023,110000,98.0,-4500.0,,1287.0,2.0,2.0,1127.0,1979.0,,condo,388,150990.0,2025,https://www.zillow.com,https://photos.zillowstatic.com/fp/2a5b64d7e2042cb2b38da9bdf10acd8e-p_c.jpg,2026-07-13 10:57,For Sale
26839729,8069 Meadow Rd APT 216,75231,Dallas,TX,32.88831,-96.767525,210000,147.0,-15000.0,216800.0,2285.0,2.0,2.0,1433.0,1969.0,3.331,singleFamily,25,231320.0,2025,https://www.zillow.com,https://photos.zillowstatic.com/fp/7c730aa33635d54075618bf0573655dc-p_c.jpg,2026-07-13 10:57,For Sale
96491181,4448 Marcell Ave,75211,Dallas,TX,32.731773,-96.89352,460000,223.0,,452000.0,3234.0,4.0,4.0,2067.0,2024.0,7100.28,singleFamily,151,444090.0,2025,https://www.zillow.com,https://photos.zillowstatic.com/fp/fd2a4f1cb4c5adf238289fe93fb7bccf-p_c.jpg,2026-07-13 10:57,For Sale
67961473,5639 Ellsworth Ave,75206,Dallas,TX,32.833923,-96.77051,799999,339.0,-30000.0,778900.0,5058.0,3.0,3.0,2360.0,2003.0,4356.0,singleFamily,39,738560.0,2025,https://www.zillow.com,https://photos.zillowstatic.com/fp/cf8e9042d78d3c01b6234d5fad6b7d4b-p_c.jpg,2026-07-13 10:57,For Sale
83892723,3210 Carlisle St Unit 35,75204,Dallas,TX,32.8048,-96.80165,689900,338.0,,665500.0,4797.0,2.0,3.0,2041.0,2007.0,2304.324,condo,27,596320.0,2025,https://www.zillow.com,https://photos.zillowstatic.com/fp/ff40279530e8f675371ed52294abe3f5-p_c.jpg,2026-07-13 10:57,For Sale
26896779,2071 Cool Mist Ln,75253,Dallas,TX,32.678036,-96.612076,120000,357.0,,85500.0,921.0,2.0,1.0,336.0,1989.0,7405.2,singleFamily,0,88530.0,2025,https://www.zillow.com,https://photos.zillowstatic.com/fp/92b8ef4cb983495f53dd9a474ecb6d13-p_c.jpg,2026-07-13 10:57,For Sale
26637850,6227 Cupertino Trl,75252,Dallas,TX,33.004425,-96.7974,474900,208.0,-24100.0,463700.0,3178.0,3.0,3.0,2284.0,1993.0,4356.0,singleFamily,42,435651.0,2025,https://www.zillow.com,https://photos.zillowstatic.com/fp/9f25f1654903a45c7026fb732c7cc1da-p_c.jpg,2026-07-13 10:57,For Sale
26775357,3910 Vanette Ln,75216,Dallas,TX,32.696903,-96.81758,255000,200.0,,,,3.0,2.0,1277.0,1955.0,7379.064,singleFamily,1,213060.0,2025,https://www.zillow.com,https://photos.zillowstatic.com/fp/6829867ce4846fd639a6a472f56d07cb-p_c.jpg,2026-07-13 10:57,For Sale
26752293,6943 Prestonshire Ln,75225,Dallas,TX,32.875813,-96.78448,1835000,455.0,-115000.0,1722100.0,7401.0,4.0,5.0,4031.0,1964.0,0.416,singleFamily,52,1650000.0,2025,https://www.zillow.com,https://photos.zillowstatic.com/fp/65b0bc62f88d73b5a2da44f16ca1c34c-p_c.jpg,2026-07-13 10:57,For Sale
26823316,7011 Sweet Sue Ln,75241,Dallas,TX,32.663734,-96.80242,118900,113.0,,177800.0,1651.0,3.0,2.0,1051.0,1960.0,7753.68,singleFamily,0,163450.0,2025,https://www.zillow.com,https://www.zillowstatic.com/static/images/nophoto_p_c.png,2026-07-13 10:57,For Sale
26890597,7728 Bantry Ln,75248,Dallas,TX,32.985508,-96.77365,774000,250.0,-25000.0,,,4.0,3.0,3100.0,1978.0,10410.84,singleFamily,68,686560.0,2025,https://www.zillow.com,https://photos.zillowstatic.com/fp/66e4f31fc30da79d46da52465846af27-p_c.jpg,2026-07-13 10:57,For Sale
26847032,9016 Bretshire Dr,75228,Dallas,TX,32.811016,-96.69464,559900,262.0,-10000.0,549800.0,3006.0,3.0,2.0,2134.0,1962.0,8537.76,singleFamily,30,484240.0,2025,https://www.zillow.com,https://photos.zillowstatic.com/fp/481a03070daab44844829417448873bb-p_c.jpg,2026-07-13 10:57,For Sale
26882380,12330 Ferris Creek Ln,75243,Dallas,TX,32.915276,-96.731,320000,182.0,,310000.0,2400.0,3.0,2.0,1755.0,1978.0,8102.16,singleFamily,37,572710.0,2025,https://www.zillow.com,https://photos.zillowstatic.com/fp/9041f140df909bd87e044b7a689b3496-p_c.jpg,2026-07-13 10:57,For Sale
26750703,7012 Wakefield St,75231,Dallas,TX,32.86094,-96.74037,708000,345.0,-11000.0,696800.0,3162.0,3.0,3.0,2052.0,1964.0,9234.72,singleFamily,31,672170.0,2025,https://www.zillow.com,https://photos.zillowstatic.com/fp/a41d31859240c591b9cc0b9c38fe1910-p_c.jpg,2026-07-13 10:57,For Sale
26779260,2133 Ebbtide Ln,75224,Dallas,TX,32.699158,-96.85496,400000,194.0,-15000.0,395700.0,4035.0,3.0,2.0,2067.0,1957.0,0.262,singleFamily,95,378950.0,2025,https://www.zillow.com,https://photos.zillowstatic.com/fp/acce05057cc6e4bc84e0321108f39893-p_c.jpg,2026-07-13 10:57,For Sale
26871994,7240 Hunters Ridge Dr,75248,Dallas,TX,32.955982,-96.78267,955000,363.0,,922500.0,5419.0,5.0,3.0,2633.0,1972.0,0.287,singleFamily,20,792470.0,2025,https://www.zillow.com,https://photos.zillowstatic.com/fp/6bfb627a677820ca87cef0b2ee143b16-p_c.jpg,2026-07-13 10:57,For Sale
26751108,7329 Edgerton Dr,75231,Dallas,TX,32.857544,-96.73505,585000,292.0,-5000.0,577500.0,3112.0,4.0,3.0,2006.0,1960.0,7766.748,singleFamily,115,566090.0,2025,https://www.zillow.com,https://photos.zillowstatic.com/fp/a8746595e435f258fa3ac003af6247c7-p_c.jpg,2026-07-13 10:57,For Sale
26747606,6317 E University Blvd,75214,Dallas,TX,32.846394,-96.754456,1295000,502.0,,,,4.0,4.0,2579.0,1961.0,0.272,singleFamily,16,716420.0,2025,https://www.zillow.com,https://photos.zillowstatic.com/fp/c05355cfc863b760cc35a45ce2477354-p_c.jpg,2026-07-13 10:57,For Sale
26784834,4303 Blackheath Rd,75227,Dallas,TX,32.788654,-96.69583,450000,185.0,,444400.0,2879.0,4.0,3.0,2428.0,1972.0,10193.04,singleFamily,30,362810.0,2025,https://www.zillow.com,https://photos.zillowstatic.com/fp/0474949dc537abf6b44497dd73f61bea-p_c.jpg,2026-07-13 10:57,For Sale
26775523,4111 Vanette Ln,75216,Dallas,TX,32.694298,-96.817955,289900,153.0,,,,3.0,2.0,1890.0,1954.0,7492.32,singleFamily,3,253040.0,2025,https://www.zillow.com,https://photos.zillowstatic.com/fp/72ec7a2b5db29818ac8993c1c67fd2b2-p_c.jpg,2026-07-13 10:57,For Sale
2059242664,4603 Spring Garden St,75215,Dallas,TX,32.76169,-96.748215,129900,120.0,,,,3.0,2.0,1080.0,2020.0,5009.4,singleFamily,13,,,https://www.zillow.com,https://photos.zillowstatic.com/fp/cd35eb5be564f68b50addffe2762a44a-p_c.jpg,2026-07-13 10:57,For Sale
26807440,3625 Ingleside Dr,75229,Dallas,TX,32.8898,-96.859375,675000,397.0,-24000.0,,,3.0,2.0,1699.0,1958.0,9801.0,singleFamily,20,547020.0,2025,https://www.zillow.com,https://photos.zillowstatic.com/fp/159dcaf18b0d2429cb826b7c377e3308-p_c.jpg,2026-07-13 10:57,For Sale
26887276,6306 Oakleaf Rd,75248,Dallas,TX,32.96487,-96.79694,799000,271.0,-40000.0,770900.0,5889.0,4.0,3.0,2946.0,1979.0,10672.2,singleFamily,37,775800.0,2025,https://www.zillow.com,https://photos.zillowstatic.com/fp/efc659f214037cf0978233ff4c50037a-p_c.jpg,2026-07-13 10:57,For Sale
26740176,8210 Garland Rd,75218,Dallas,TX,32.81496,-96.721535,3495000,536.0,,3161300.0,8705.0,6.0,6.0,6519.0,2004.0,1.033,singleFamily,86,2566600.0,2025,https://www.zillow.com,https://photos.zillowstatic.com/fp/cc924622ac02e491e01f7031b7e4a773-p_c.jpg,2026-07-13 10:57,For Sale
26693391,4330 Rawlins St,75219,Dallas,TX,32.81704,-96.81294,880000,303.0,-40000.0,849900.0,6717.0,3.0,3.0,2902.0,1948.0,7840.8,singleFamily,122,994000.0,2025,https://www.zillow.com,https://photos.zillowstatic.com/fp/e2e129bc94d5ab5bf4a6d3d5cb8459a9-p_c.jpg,2026-07-13 10:57,For Sale
26748994,6050 Melody Ln APT 121,75231,Dallas,TX,32.86708,-96.76039,119000,106.0,-16000.0,,1835.0,2.0,2.0,1127.0,1979.0,8.072,singleFamily,41,131380.0,2025,https://www.zillow.com,https://photos.zillowstatic.com/fp/96ebf5d4858adfb01fe23b0ffa435d2b-p_c.jpg,2026-07-13 10:57,For Sale
26731216,7714 Roper St,75209,Dallas,TX,32.850014,-96.82974,1499000,404.0,,1446100.0,7749.0,4.0,3.0,3713.0,2018.0,9626.76,singleFamily,54,1601180.0,2025,https://www.zillow.com,https://photos.zillowstatic.com/fp/b8e117999708a889e9802edf3d4259cc-p_c.jpg,2026-07-13 10:57,For Sale
26731366,7219 Kaywood Dr,75209,Dallas,TX,32.845676,-96.82639,2149000,503.0,-26000.0,2096900.0,2773.0,5.0,6.0,4275.0,2026.0,8145.72,singleFamily,72,478690.0,2025,https://www.zillow.com,https://photos.zillowstatic.com/fp/fed489dd16c4d42ef36019f64c7041a8-p_c.jpg,2026-07-13 10:57,For Sale
26843486,10215 Lynford Dr,75238,Dallas,TX,32.867645,-96.709984,1599900,373.0,-35100.0,,,4.0,5.0,4291.0,2025.0,7710.12,singleFamily,65,350000.0,2025,https://www.zillow.com,https://photos.zillowstatic.com/fp/709c5f9fc790008c3e1cba18ec5f872f-p_c.jpg,2026-07-13 10:57,For Sale
26848568,13216 Hillcrest Rd,75240,Dallas,TX,32.92971,-96.785706,1170000,264.0,-50000.0,1108600.0,7002.0,7.0,7.0,4425.0,1981.0,0.5670000000000001,singleFamily,74,955730.0,2025,https://www.zillow.com,https://photos.zillowstatic.com/fp/9156e0f4eb756164ed8f64fc4213abb7-p_c.jpg,2026-07-13 10:57,For Sale
26866582,9565 Dartridge Dr,75238,Dallas,TX,32.883217,-96.72253,950000,387.0,-25000.0,919500.0,3319.0,4.0,3.0,2453.0,1967.0,9757.44,singleFamily,52,653020.0,2025,https://www.zillow.com,https://photos.zillowstatic.com/fp/d6e75b20e8003f86358d8b2210f1320c-p_c.jpg,2026-07-13 10:57,For Sale
83997797,13336 Patito Pl APT 3,75240,Dallas,TX,32.93042,-96.7623,280000,199.0,,271800.0,2435.0,3.0,3.0,1409.0,2006.0,0.482,condo,3,312560.0,2025,https://www.zillow.com,https://photos.zillowstatic.com/fp/8ac5bb76538b7cbaecc4b16b735907d0-p_c.jpg,2026-07-13 10:57,For Sale
26740149,8914 Eustis Ave,75218,Dallas,TX,32.81829,-96.70121,559000,324.0,-30000.0,540800.0,3588.0,3.0,2.0,1723.0,1938.0,8624.88,singleFamily,74,568010.0,2025,https://www.zillow.com,https://photos.zillowstatic.com/fp/80d0ff1ecb688fcf4ef7639bdc8443be-p_c.jpg,2026-07-13 10:57,For Sale
26856418,3027 Morgan Dr,75241,Dallas,TX,32.65468,-96.77258,319900,158.0,,315700.0,2284.0,4.0,2.0,2022.0,1958.0,0.254,singleFamily,10,212350.0,2025,https://www.zillow.com,https://photos.zillowstatic.com/fp/2adfa75a392a274cca5098c876faca9a-p_c.jpg,2026-07-13 10:57,For Sale
26874917,15825 El Estado Dr,75248,Dallas,TX,32.96463,-96.770966,580000,200.0,-10000.0,,,6.0,4.0,2906.0,1968.0,9670.32,singleFamily,114,551890.0,2025,https://www.zillow.com,https://photos.zillowstatic.com/fp/e782b213a976adb2c7bf4ea765b37ee1-p_c.jpg,2026-07-13 10:57,For Sale
26893382,8903 Maple Glen Dr,75231,Dallas,TX,32.885426,-96.74128,830000,315.0,-19000.0,,,4.0,3.0,2631.0,1978.0,9365.4,singleFamily,65,770960.0,2025,https://www.zillow.com,https://photos.zillowstatic.com/fp/de008f59f4b062363bf71911be39cb55-p_c.jpg,2026-07-13 10:57,For Sale
26797072,607 Bethpage Ave,75217,Dallas,TX,32.72239,-96.71121,304999,135.0,-10001.0,,,4.0,4.0,2256.0,1923.0,6926.04,singleFamily,136,296130.0,2025,https://www.zillow.com,https://photos.zillowstatic.com/fp/b6a44bf1d1ab0ed17fcfceaf07521017-p_c.jpg,2026-07-13 10:57,For Sale
26723517,924 Nolte Dr,75208,Dallas,TX,32.73381,-96.8388,339000,267.0,,280700.0,2326.0,3.0,2.0,1270.0,1924.0,7230.96,singleFamily,7,256170.0,2025,https://www.zillow.com,https://photos.zillowstatic.com/fp/538a685387d85dc3cb45670be6bbaad5-p_c.jpg,2026-07-13 10:57,For Sale
26849494,6608 Longfellow Dr,75230,Dallas,TX,32.9122,-96.792,4250000,618.0,,4062200.0,7944.0,6.0,8.0,6872.0,2026.0,0.367,singleFamily,0,1262050.0,2025,https://www.zillow.com,https://photos.zillowstatic.com/fp/49979d246744f3c17468fb2b6364f7b6-p_c.jpg,2026-07-13 10:57,For Sale
80228837,13731 Biggs St,75253,Dallas,TX,32.68139,-96.59222,227000,139.0,-3000.0,,,4.0,2.0,1638.0,2004.0,5227.2,singleFamily,316,228290.0,2025,https://www.zillow.com,https://photos.zillowstatic.com/fp/b46ee95d5284bf4a32a160246f9bd7ee-p_c.jpg,2026-07-13 10:57,For Sale
26775503,4343 Vanette Ln,75216,Dallas,TX,32.691605,-96.81521,275000,169.0,-4000.0,273600.0,2228.0,4.0,3.0,1625.0,1959.0,8698.932,singleFamily,32,229840.0,2025,https://www.zillow.com,https://photos.zillowstatic.com/fp/d714754016c433bf712d358e0dd58d0f-p_c.jpg,2026-07-13 10:57,For Sale
26769792,1710 Western Park Dr,75211,Dallas,TX,32.72682,-96.89775,319900,184.0,-10000.0,,,3.0,2.0,1741.0,1965.0,7579.44,singleFamily,64,340000.0,2025,https://www.zillow.com,https://photos.zillowstatic.com/fp/98a82fabb594fbd29ce4f0a9610184ea-p_c.jpg,2026-07-13 10:57,For Sale
53093329,5834 Coolwater Cv,75252,Dallas,TX,32.988537,-96.807594,699900,246.0,-25000.0,690500.0,5090.0,3.0,3.0,2842.0,1994.0,6098.4,singleFamily,240,722030.0,2025,https://www.zillow.com,https://photos.zillowstatic.com/fp/0279a3575f5d023d93d87abdc79e55f2-p_c.jpg,2026-07-13 10:57,For Sale
26725974,1170 Bally Mote Dr,75218,Dallas,TX,32.827694,-96.7114,990000,514.0,,828400.0,2965.0,3.0,2.0,1926.0,1957.0,0.323,singleFamily,6,785810.0,2025,https://www.zillow.com,https://photos.zillowstatic.com/fp/2a3f8c32a5e9494e3e9218a0bf21a505-p_c.jpg,2026-07-13 10:57,For Sale
442921644,15109 Caleb Dr,75253,Dallas,TX,32.685516,-96.56119,315000,152.0,,312700.0,2672.0,4.0,2.0,2078.0,2022.0,9452.52,singleFamily,15,339970.0,2025,https://www.zillow.com,https://photos.zillowstatic.com/fp/c2fbaf8a51a3b7dd155d7221c60abc18-p_c.jpg,2026-07-13 10:57,For Sale
26743975,11332 Lanewood Cir,75218,Dallas,TX,32.856495,-96.68572,324999,255.0,,313400.0,2578.0,3.0,2.0,1276.0,1958.0,7666.56,singleFamily,23,391600.0,2025,https://www.zillow.com,https://photos.zillowstatic.com/fp/c60be472104c6f2e5eb52d43db9bbb1b-p_c.jpg,2026-07-13 10:57,For Sale
26686496,3523 Edgewood St,75215,Dallas,TX,32.760727,-96.76876,120000,100.0,,,,4.0,3.0,1200.0,1935.0,5662.8,singleFamily,36,119860.0,2025,https://www.zillow.com,https://photos.zillowstatic.com/fp/366167a2e259473402d82a8317cd91dc-p_c.jpg,2026-07-13 10:57,For Sale
26712443,807 Hollywood Ave,75208,Dallas,TX,32.738033,-96.85574,489000,295.0,,471100.0,2811.0,3.0,2.0,1659.0,1926.0,7535.88,singleFamily,25,507840.0,2025,https://www.zillow.com,https://photos.zillowstatic.com/fp/4f8a75d4b9d1cd108cd9bf00da85d977-p_c.jpg,2026-07-13 10:57,For Sale
26913371,13207 Woodbend Ln,75243,Dallas,TX,32.918945,-96.73134,314999,208.0,-10001.0,308200.0,2037.0,3.0,3.0,1516.0,1982.0,2090.88,townhome,33,256120.0,2025,https://www.zillow.com,https://photos.zillowstatic.com/fp/21c327942f1fe27ae1a94979bb4dda79-p_c.jpg,2026-07-13 10:57,For Sale
26903228,9 Hallshire Ct,75225,Dallas,TX,32.879124,-96.77414,1900000,389.0,505000.0,1792500.0,7632.0,4.0,5.0,4889.0,1985.0,6577.56,singleFamily,30,1746740.0,2025,https://www.zillow.com,https://photos.zillowstatic.com/fp/42343685ca53c7ab1c7319ff63aedeff-p_c.jpg,2026-07-13 10:57,For Sale
53070068,7130 Debbe Dr,75252,Dallas,TX,32.993587,-96.78202,1138000,345.0,,1077100.0,4693.0,4.0,4.0,3300.0,1982.0,0.25,singleFamily,20,877766.0,2025,https://www.zillow.com,https://photos.zillowstatic.com/fp/d232aab584f8839102da2105be43e01e-p_c.jpg,2026-07-13 10:57,For Sale
83995791,2200 Victory Ave APT 2304,75219,Dallas,TX,32.78493,-96.80934,2295000,721.0,,2112700.0,4421.0,3.0,4.0,3184.0,2007.0,1.233,condo,3,1641600.0,2025,https://www.zillow.com,https://photos.zillowstatic.com/fp/b0482eeeb7301cea70b0fb97bc5baf96-p_c.jpg,2026-07-13 10:57,For Sale
444240286,10166 San Lorenzo Dr,75228,Dallas,TX,32.831818,-96.680725,299900,174.0,400.0,289000.0,2632.0,4.0,2.0,1728.0,1954.0,8494.2,singleFamily,422,,,https://www.zillow.com,https://photos.zillowstatic.com/fp/f8160eddc059b003ca274188d15c769a-p_c.jpg,2026-07-13 10:57,For Sale
26700516,6915 E Grand Ave,75223,Dallas,TX,32.80347,-96.73731,449999,239.0,,,,3.0,3.0,1885.0,1947.0,7143.84,singleFamily,15,542060.0,2025,https://www.zillow.com,https://photos.zillowstatic.com/fp/0bfe1eda0b7630a58d388088efcfacda-p_c.jpg,2026-07-13 10:57,For Sale
26731086,4726 Hopkins Ave,75209,Dallas,TX,32.847454,-96.82896,1220500,292.0,-29500.0,1196300.0,7746.0,5.0,5.0,4180.0,2023.0,6272.64,singleFamily,69,1238420.0,2025,https://www.zillow.com,https://photos.zillowstatic.com/fp/32819dcfa9c00a4479aed3046ec1d132-p_c.jpg,2026-07-13 10:57,For Sale
26682213,2816 Pennsylvania Ave,75215,Dallas,TX,32.76797,-96.76597,365000,199.0,,,2884.0,4.0,2.0,1835.0,2025.0,6185.52,singleFamily,5,68240.0,2025,https://www.zillow.com,https://photos.zillowstatic.com/fp/86b9f4fabe18010c9c24fba9dba4b556-p_c.jpg,2026-07-13 10:57,For Sale
26710038,209 S Windomere Ave,75208,Dallas,TX,32.74418,-96.8457,799000,283.0,-1000.0,763900.0,3513.0,4.0,3.0,2821.0,1920.0,7361.64,singleFamily,18,783430.0,2025,https://www.zillow.com,https://photos.zillowstatic.com/fp/763a25a9ecf38e67d6455da2d1663dca-p_c.jpg,2026-07-13 10:57,For Sale
26829145,12437 Montego Plz,75230,Dallas,TX,32.9187,-96.81465,575000,217.0,,,,3.0,3.0,2654.0,1982.0,3223.44,townhome,0,563180.0,2025,https://www.zillow.com,https://photos.zillowstatic.com/fp/a21a5f375aa674a65efa00a442bf51f5-p_c.jpg,2026-07-13 10:57,For Sale
26740518,8457 San Benito Way,75218,Dallas,TX,32.815937,-96.71068,3350000,630.0,,3128200.0,7053.0,4.0,4.0,5320.0,2018.0,0.5319999999999999,singleFamily,26,2263840.0,2025,https://www.zillow.com,https://photos.zillowstatic.com/fp/f0f2b1dd0fb2c0a737714e11f519b05c-p_c.jpg,2026-07-13 10:57,For Sale
26898178,4947 Reiger Ave,75214,Dallas,TX,32.79775,-96.763565,949000,306.0,-46000.0,921800.0,4552.0,4.0,4.0,3100.0,2001.0,9448.164,singleFamily,16,961120.0,2025,https://www.zillow.com,https://photos.zillowstatic.com/fp/59428ba64c08fdaa44c803a254e6f8bf-p_c.jpg,2026-07-13 10:57,For Sale
69674973,744 Cannen John Ln,75204,Dallas,TX,32.79163,-96.787994,529000,294.0,,512400.0,3235.0,3.0,4.0,1799.0,2005.0,1219.68,townhome,17,506000.0,2025,https://www.zillow.com,https://photos.zillowstatic.com/fp/0b72ec3694b858e8146df4150648d5b1-p_c.jpg,2026-07-13 10:57,For Sale
26742554,1223 Casa Vale Dr,75218,Dallas,TX,32.84112,-96.691635,285000,374.0,,,,2.0,1.0,762.0,1950.0,7187.4,singleFamily,10,205000.0,2025,https://www.zillow.com,https://photos.zillowstatic.com/fp/a65a941902cb7fb3dfc6758f3cd90aac-p_c.jpg,2026-07-13 10:57,For Sale
26834831,4015 Shadrack Dr,75212,Dallas,TX,32.790714,-96.87954,140000,162.0,-15000.0,,1958.0,2.0,1.0,864.0,1952.0,10585.08,singleFamily,33,180660.0,2025,https://www.zillow.com,https://photos.zillowstatic.com/fp/e4a643fc84cef42bfa7ee6496e211573-p_c.jpg,2026-07-13 10:57,For Sale
55172819,3172 Harbinger Ln,75287,Dallas,TX,32.99436,-96.86639,275000,217.0,-24000.0,271900.0,1953.0,2.0,2.0,1268.0,1984.0,4312.44,singleFamily,95,304124.0,2025,https://www.zillow.com,https://photos.zillowstatic.com/fp/a974d831dfd59004825cca0c17791f82-p_c.jpg,2026-07-13 10:57,For Sale
26820164,2926 N Prairie Creek Rd,75227,Dallas,TX,32.762196,-96.66522,199000,124.0,,,2063.0,3.0,2.0,1602.0,1962.0,7797.24,singleFamily,66,214160.0,2025,https://www.zillow.com,https://photos.zillowstatic.com/fp/9c16793464937e1c89c683b6a429bc06-p_c.jpg,2026-07-13 10:57,For Sale
26935653,8601 Park Ln APT 737,75231,Dallas,TX,32.77744,-96.79231,149000,188.0,-1000.0,142700.0,1336.0,1.0,1.0,794.0,1982.0,4.332,condo,44,166070.0,2025,https://www.zillow.com,https://photos.zillowstatic.com/fp/1077d4f31d43b2dbd1e3e73972377e68-p_c.jpg,2026-07-13 10:57,For Sale
26749890,7340 Syracuse Dr,75214,Dallas,TX,32.85289,-96.73464,1725000,404.0,-24000.0,1654900.0,7783.0,5.0,7.0,4273.0,1960.0,9713.88,singleFamily,96,1675000.0,2025,https://www.zillow.com,https://photos.zillowstatic.com/fp/83c5d16c86de35a857dd5df3f3274859-p_c.jpg,2026-07-13 10:57,For Sale
26880524,4105 Candlenut Ln,75244,Dallas,TX,32.92,-96.84088,879000,300.0,,854200.0,4136.0,5.0,3.0,2926.0,1970.0,10105.92,singleFamily,6,684570.0,2025,https://www.zillow.com,https://photos.zillowstatic.com/fp/bc5d500fd408c950f7057fae09abf354-p_c.jpg,2026-07-13 10:57,For Sale
26599187,17920 Hillcrest Rd,75252,Dallas,TX,32.995174,-96.78422,495000,219.0,,476400.0,3431.0,3.0,3.0,2264.0,1987.0,6969.6,singleFamily,82,485131.0,2025,https://www.zillow.com,https://photos.zillowstatic.com/fp/d4ca00159f1213c82c93af3f4beb161f-p_c.jpg,2026-07-13 10:57,For Sale
26690629,5326 Vickery Blvd,75206,Dallas,TX,32.82209,-96.77877,1199990,513.0,,1136600.0,5617.0,3.0,3.0,2340.0,1920.0,8494.2,singleFamily,37,865540.0,2025,https://www.zillow.com,https://photos.zillowstatic.com/fp/47c1238ff04b84d267770830b942b278-p_c.jpg,2026-07-13 10:57,For Sale
26809235,3544 Whitehall Dr,75229,Dallas,TX,32.90111,-96.85877,799000,302.0,-80000.0,768500.0,4865.0,3.0,4.0,2642.0,1958.0,0.311,singleFamily,80,921290.0,2025,https://www.zillow.com,https://photos.zillowstatic.com/fp/0bbb38f2d7b86d7c90a5c6fc28e73aef-p_c.jpg,2026-07-13 10:57,For Sale
89404135,6615 Bandera Ave APT 2A,75225,Dallas,TX,32.868,-96.79061,1350000,345.0,,,,2.0,4.0,3916.0,2006.0,1.937,condo,2,1182260.0,2025,https://www.zillow.com,https://photos.zillowstatic.com/fp/70d03fd55754f27c74d03ba4eaca68ad-p_c.jpg,2026-07-13 10:57,For Sale
26820945,5011 Watson Dr,75241,Dallas,TX,32.689365,-96.776306,420000,194.0,-9999.0,418600.0,2685.0,4.0,3.0,2165.0,2026.0,10672.2,singleFamily,65,70000.0,2025,https://www.zillow.com,https://photos.zillowstatic.com/fp/fd0d8ea1eee0e5e04188f76fe20a713b-p_c.jpg,2026-07-13 10:57,For Sale
26701795,6743 Gaston Ave,75214,Dallas,TX,32.816727,-96.74475,3995000,738.0,,3774900.0,8238.0,6.0,6.0,5410.0,2004.0,0.49300000000000005,singleFamily,23,1700000.0,2025,https://www.zillow.com,https://photos.zillowstatic.com/fp/a8e3a29961ca975a0e5e0128fca9ba00-p_c.jpg,2026-07-13 10:57,For Sale
26823021,1630 Indian Summer Trl,75241,Dallas,TX,32.6738,-96.7951,245000,129.0,-5000.0,242600.0,2028.0,3.0,2.0,1893.0,1963.0,8537.76,singleFamily,30,208430.0,2025,https://www.zillow.com,https://photos.zillowstatic.com/fp/cf62b766f674f07f2bf933c4e00c7655-p_c.jpg,2026-07-13 10:57,For Sale
448036154,3525 Colonial Ave,75215,Dallas,TX,32.757557,-96.77212,475000,239.0,,456100.0,1867.0,6.0,6.0,1989.0,1964.0,6446.88,multiFamily,12,,,https://www.zillow.com,https://photos.zillowstatic.com/fp/f7360a3a885145a821c82d38d6944469-p_c.jpg,2026-07-13 10:57,For Sale
26702043,6905 Wabash Cir,75214,Dallas,TX,32.824696,-96.74096,1750000,513.0,,1670500.0,6093.0,5.0,3.0,3411.0,1967.0,0.294,singleFamily,44,1453030.0,2025,https://www.zillow.com,https://photos.zillowstatic.com/fp/c1cc4ccc08d3472c675cc0d1a34d9fb9-p_c.jpg,2026-07-13 10:57,For Sale
96526846,1507 Elk Creek Rd,75253,Dallas,TX,32.688972,-96.61076,539000,220.0,-10000.0,,,5.0,4.0,2445.0,2025.0,0.34500000000000003,singleFamily,111,80000.0,2025,https://www.zillow.com,https://photos.zillowstatic.com/fp/f5818fb2d26de9e733bd0d7e62956251-p_c.jpg,2026-07-13 10:57,For Sale
26773770,724 W Five Mile Pkwy,75224,Dallas,TX,32.693787,-96.83543,350000,159.0,,,,3.0,3.0,2207.0,1957.0,0.367,singleFamily,23,310310.0,2025,https://www.zillow.com,https://photos.zillowstatic.com/fp/fa4358fdd3f6c9c804de85c84b4aa60e-p_c.jpg,2026-07-13 10:57,For Sale
26692710,3622 Cragmont Ave,75205,Dallas,TX,32.821747,-96.79561,3995000,965.0,,,,3.0,4.0,4139.0,2006.0,9278.28,singleFamily,62,3261940.0,2025,https://www.zillow.com,https://photos.zillowstatic.com/fp/d637d2b35a2769c3d8d7d73335f5f2b4-p_c.jpg,2026-07-13 10:57,For Sale
26749446,6516 Danbury Ln,75214,Dallas,TX,32.84712,-96.74945,529000,368.0,-5900.0,514300.0,2773.0,2.0,2.0,1439.0,1953.0,10018.8,singleFamily,87,662340.0,2025,https://www.zillow.com,https://photos.zillowstatic.com/fp/8dce9cbd79914c8fcf00ba943a8b305b-p_c.jpg,2026-07-13 10:57,For Sale
26844858,7009 Eudora Dr,75230,Dallas,TX,32.904064,-96.78615,1750000,533.0,,,,4.0,4.0,3283.0,1956.0,0.34600000000000003,singleFamily,17,1350950.0,2025,https://www.zillow.com,https://photos.zillowstatic.com/fp/93b7ce9a107146d5ed5a5c4551ec7a0c-p_c.jpg,2026-07-13 10:57,For Sale
26748533,6214 Danbury Ln,75214,Dallas,TX,32.848488,-96.75715,1295000,344.0,,1228800.0,7988.0,4.0,4.0,3766.0,1970.0,8624.88,singleFamily,45,980000.0,2025,https://www.zillow.com,https://photos.zillowstatic.com/fp/291d78fc610b9724c75a208a4776078d-p_c.jpg,2026-07-13 10:57,For Sale
26890015,6639 Clearhaven Cir,75248,Dallas,TX,32.96738,-96.792244,895000,285.0,-30000.0,863300.0,4625.0,4.0,4.0,3141.0,1978.0,7840.8,singleFamily,129,937100.0,2025,https://www.zillow.com,https://photos.zillowstatic.com/fp/c50fc55a9f143018be57b8e38d6111a0-p_c.jpg,2026-07-13 10:57,For Sale
26759041,4243 Beechwood Ln,75220,Dallas,TX,32.875854,-96.83681,2749000,543.0,,2619900.0,7628.0,4.0,5.0,5063.0,1950.0,0.478,singleFamily,29,1975560.0,2025,https://www.zillow.com,https://photos.zillowstatic.com/fp/44fb943cbaf5ef3ff656c0db08259be4-p_c.jpg,2026-07-13 10:57,For Sale
26746325,2114 Glengariff Dr,75228,Dallas,TX,32.838326,-96.678154,204900,115.0,-5000.0,,2152.0,3.0,1.0,1786.0,1953.0,7535.88,singleFamily,20,323060.0,2025,https://www.zillow.com,https://photos.zillowstatic.com/fp/96b95aa69f43cabcbf49210b811a5981-p_c.jpg,2026-07-13 10:57,For Sale
26847313,2623 Heatherwood Dr,75228,Dallas,TX,32.821033,-96.68786,524900,254.0,-14100.0,520800.0,2638.0,4.0,3.0,2064.0,1963.0,8232.84,singleFamily,104,453380.0,2025,https://www.zillow.com,https://photos.zillowstatic.com/fp/a3ccd48bcc73658a25108b8c86e7b872-p_c.jpg,2026-07-13 10:57,For Sale
248831004,3923 Cole Ave #101,75204,Dallas,TX,32.811783,-96.795425,1180000,518.0,,1126500.0,5081.0,3.0,4.0,2278.0,2016.0,0.327,condo,18,979540.0,2025,https://www.zillow.com,https://photos.zillowstatic.com/fp/93eb835f58c346f9b55b5e7a0e07596c-p_c.jpg,2026-07-13 10:57,For Sale
96512304,9515 Edith Ln,75220,Dallas,TX,32.869343,-96.83968,1375000,378.0,-24000.0,1338900.0,7985.0,4.0,4.0,3639.0,2010.0,10018.8,singleFamily,155,1293940.0,2025,https://www.zillow.com,https://photos.zillowstatic.com/fp/f4fc4f1daef420ba24fda1de43fc45bf-p_c.jpg,2026-07-13 10:57,For Sale
26933592,4122 Travis St Unit 10,75204,Dallas,TX,32.815697,-96.79403,475000,334.0,,456300.0,3150.0,2.0,3.0,1423.0,1997.0,0.71,condo,53,540740.0,2025,https://www.zillow.com,https://photos.zillowstatic.com/fp/a4676249541d2cadf309652bbf1b526c-p_c.jpg,2026-07-13 10:57,For Sale
26786001,4837 Ashbrook Rd,75227,Dallas,TX,32.78557,-96.71162,519000,223.0,-10900.0,513600.0,2841.0,4.0,3.0,2328.0,1970.0,0.296,singleFamily,89,325000.0,2025,https://www.zillow.com,https://photos.zillowstatic.com/fp/fa3bd635eaa5ba104d4ed235f5976003-p_c.jpg,2026-07-13 10:57,For Sale
26743056,10521 Evangeline Way,75218,Dallas,TX,32.84601,-96.693214,599000,327.0,-10000.0,,2648.0,3.0,2.0,1832.0,1958.0,9278.28,singleFamily,89,534780.0,2025,https://www.zillow.com,https://photos.zillowstatic.com/fp/e815197377f8f707d89620c02e1c146a-p_c.jpg,2026-07-13 10:57,For Sale
80219191,7234 Summit Parc Dr,75249,Dallas,TX,32.651745,-96.945656,329400,179.0,-500.0,324500.0,2312.0,3.0,2.0,1838.0,2006.0,6098.4,singleFamily,30,325290.0,2025,https://www.zillow.com,https://photos.zillowstatic.com/fp/b91697c62d27e4674d7be02413b8a028-p_c.jpg,2026-07-13 10:57,For Sale
303984637,1478 Barrel Dr,75253,Dallas,TX,32.67136,-96.58665,290000,181.0,-10000.0,288600.0,1960.0,4.0,2.0,1604.0,2019.0,6011.28,singleFamily,100,267880.0,2025,https://www.zillow.com,https://photos.zillowstatic.com/fp/d3f93c165e2eaaa9e29205e2bd51b46b-p_c.jpg,2026-07-13 10:57,For Sale
26684543,5436 Terry St,75223,Dallas,TX,32.797646,-96.75391,425000,262.0,,379500.0,2373.0,3.0,2.0,1620.0,1920.0,8250.0,singleFamily,3,395000.0,2025,https://www.zillow.com,https://photos.zillowstatic.com/fp/b3d73ebf85ce0ba52fdc1090f57ebd40-p_c.jpg,2026-07-13 10:57,For Sale
125318110,5525 Winton St,75206,Dallas,TX,32.83578,-96.77263,875000,381.0,-25000.0,852600.0,4899.0,3.0,3.0,2296.0,2013.0,4791.6,singleFamily,58,820250.0,2025,https://www.zillow.com,https://photos.zillowstatic.com/fp/828a30e9817b8bd1d8d0f36448156700-p_c.jpg,2026-07-13 10:57,For Sale
339370572,4119 Munger Ave,75204,Dallas,TX,32.802013,-96.785,599900,256.0,-46000.0,627200.0,4191.0,3.0,4.0,2341.0,2020.0,1698.84,townhome,57,626370.0,2025,https://www.zillow.com,https://photos.zillowstatic.com/fp/efed13fad8b2d2f46ec7e6daa72ebb2f-p_c.jpg,2026-07-13 10:57,For Sale
26792745,10050 Gooding Dr,75229,Dallas,TX,32.88201,-96.843,2999900,492.0,300000.0,,,5.0,6.0,6100.0,2025.0,0.344,singleFamily,67,1063050.0,2025,https://www.zillow.com,https://photos.zillowstatic.com/fp/e9185bfb300a957216a9364084346b68-p_c.jpg,2026-07-13 10:57,For Sale
338034510,3436 Evening Petal Ln,75229,Dallas,TX,32.88445,-96.86464,799000,308.0,-25000.0,778900.0,3794.0,4.0,4.0,2597.0,2021.0,4878.72,singleFamily,52,700000.0,2025,https://www.zillow.com,https://photos.zillowstatic.com/fp/ff269dd355d3484550508ff9ea04e905-p_c.jpg,2026-07-13 10:57,For Sale
96514935,9704 Valley Mills Ln,75227,Dallas,TX,32.76555,-96.65469,298000,219.0,,,1700.0,3.0,2.0,1359.0,2026.0,3659.04,singleFamily,5,50000.0,2025,https://www.zillow.com,https://photos.zillowstatic.com/fp/2aaa551dcf4273151a478c497edbf4f2-p_c.jpg,2026-07-13 10:57,For Sale
26759576,5036 Radbrook Pl,75220,Dallas,TX,32.867332,-96.82502,5995000,708.0,,5698100.0,31286.0,6.0,6.0,8462.0,2015.0,1.08,singleFamily,23,5077000.0,2025,https://www.zillow.com,https://photos.zillowstatic.com/fp/e79327d8aad385ed588ac32212b12973-p_c.jpg,2026-07-13 10:57,For Sale
26878494,6451 Moonhill Dr,75241,Dallas,TX,32.66149,-96.76671,154300,103.0,-13200.0,,,4.0,2.0,1499.0,1971.0,7143.84,singleFamily,117,227190.0,2025,https://www.zillow.com,https://photos.zillowstatic.com/fp/2264eb83b44a16cbc048154f863bbf48-p_c.jpg,2026-07-13 10:57,For Sale
26785914,7322 Hunnicut Rd,75227,Dallas,TX,32.789425,-96.71207,529900,219.0,-15100.0,,,4.0,3.0,2419.0,1969.0,8407.08,singleFamily,47,262600.0,2025,https://www.zillow.com,https://photos.zillowstatic.com/fp/ea7a6d8d8dc194d700b5152a6268a903-p_c.jpg,2026-07-13 10:57,For Sale
26789965,3946 Cortez Dr,75220,Dallas,TX,32.865997,-96.84697,575000,466.0,,552200.0,2419.0,3.0,1.0,1234.0,1951.0,0.286,singleFamily,24,553480.0,2025,https://www.zillow.com,https://photos.zillowstatic.com/fp/d664f4416e238de5ac40476ac8e95a57-p_c.jpg,2026-07-13 10:57,For Sale
26741531,1511 Verano Dr,75218,Dallas,TX,32.83109,-96.69322,785900,460.0,-13100.0,757700.0,3070.0,3.0,2.0,1707.0,1945.0,0.441,singleFamily,30,521060.0,2025,https://www.zillow.com,https://photos.zillowstatic.com/fp/0b859900cdd388615943a2f909df3d93-p_c.jpg,2026-07-13 10:57,For Sale
26808039,3127 Merrell Rd,75229,Dallas,TX,32.888073,-96.872696,462000,250.0,-13000.0,456300.0,3155.0,3.0,2.0,1847.0,1969.0,0.2529,singleFamily,114,460000.0,2025,https://www.zillow.com,https://photos.zillowstatic.com/fp/acf828a3bc15db824915c06cec541979-p_c.jpg,2026-07-13 10:57,For Sale
60346559,6644 Fisher Rd,75214,Dallas,TX,32.84901,-96.74503,515000,388.0,-14000.0,506100.0,3259.0,3.0,2.0,1328.0,1955.0,7666.56,singleFamily,79,389090.0,2025,https://www.zillow.com,https://photos.zillowstatic.com/fp/ec93b0e3c7f2152780f26065871c32a0-p_c.jpg,2026-07-13 10:57,For Sale
26894319,8523 Vista View Dr,75243,Dallas,TX,32.896458,-96.74922,749000,350.0,,722400.0,2757.0,4.0,2.0,2139.0,1980.0,6664.68,singleFamily,20,576710.0,2025,https://www.zillow.com,https://photos.zillowstatic.com/fp/7cc4a517aa55270515aa9aab732f402d-p_c.jpg,2026-07-13 10:57,For Sale
26694528,3703 York St,75210,Dallas,TX,32.765,-96.74545,298000,175.0,-1000.0,,2027.0,3.0,3.0,1699.0,2025.0,3267.0,singleFamily,144,26000.0,2025,https://www.zillow.com,https://photos.zillowstatic.com/fp/9b87a950a3f0806808cdcb563ebf8510-p_c.jpg,2026-07-13 10:57,For Sale
26876743,16140 Chalfont Cir,75248,Dallas,TX,32.967934,-96.80664,770000,258.0,-29000.0,746600.0,3916.0,3.0,3.0,2985.0,1977.0,6708.24,singleFamily,43,668020.0,2025,https://www.zillow.com,https://photos.zillowstatic.com/fp/2760a1bb418f8e30c38a255b0580726c-p_c.jpg,2026-07-13 10:57,For Sale
162298636,3228 Grantwood Dr,75229,Dallas,TX,32.888435,-96.87161,725000,290.0,-24900.0,706300.0,5146.0,4.0,3.0,2500.0,1968.0,0.252,singleFamily,93,669910.0,2025,https://www.zillow.com,https://photos.zillowstatic.com/fp/86db71109e55476dfb827f8bedc35f1e-p_c.jpg,2026-07-13 10:57,For Sale
26758347,4207 Bonham St,75229,Dallas,TX,32.88881,-96.838005,1385000,371.0,,1348700.0,6167.0,4.0,4.0,3738.0,2026.0,7130.772,singleFamily,45,1016080.0,2025,https://www.zillow.com,https://photos.zillowstatic.com/fp/d72d11cbbce58a44fc51a8a4c4cd2f91-p_c.jpg,2026-07-13 10:57,For Sale
26931516,9811 Walnut St #203,75243,Dallas,TX,32.922836,-96.71392,78000,87.0,-2000.0,,1440.0,2.0,2.0,894.0,1981.0,8.814,condo,65,107280.0,2025,https://www.zillow.com,https://photos.zillowstatic.com/fp/70e0ca790be601ecdcc67ffe06ba2c04-p_c.jpg,2026-07-13 10:57,For Sale
26901638,5840 Spring Valley Rd APT 912,75254,Dallas,TX,32.9372,-96.80789,145000,130.0,-5000.0,137700.0,1612.0,2.0,2.0,1116.0,1981.0,8.916,condo,186,178560.0,2025,https://www.zillow.com,https://photos.zillowstatic.com/fp/e82f9062f6cfa7f4f26df68e75663402-p_c.jpg,2026-07-13 10:57,For Sale
67970799,14900 Lasater Rd Trailer 365,75253,Dallas,TX,32.67054,-96.613106,55000,42.0,,,1893.0,3.0,2.0,1300.0,1998.0,,manufactured,9,5160.0,2025,https://www.zillow.com,https://photos.zillowstatic.com/fp/5030b7015d2d4e961895947f902e1b76-p_c.jpg,2026-07-13 10:57,For Sale
26926316,2220 Canton St APT 401,75201,Dallas,TX,32.780212,-96.7885,1200000,440.0,585000.0,,,2.0,3.0,2729.0,1925.0,0.9590000000000001,condo,65,740080.0,2025,https://www.zillow.com,https://photos.zillowstatic.com/fp/df003a86993349b38489be109af98487-p_c.jpg,2026-07-13 10:57,For Sale
300036720,1527 Hickory St,75215,Dallas,TX,32.76908,-96.7874,319200,225.0,-179800.0,317400.0,2441.0,2.0,3.0,1418.0,2021.0,2352.0,singleFamily,58,463230.0,2025,https://www.zillow.com,https://photos.zillowstatic.com/fp/6040d22a17c122b1448e87b0ecea2eff-p_c.jpg,2026-07-13 10:57,For Sale
26739973,8922 San Benito Way,75218,Dallas,TX,32.82069,-96.703636,1450000,430.0,,,,6.0,5.0,3369.0,2025.0,7971.48,singleFamily,3,1098140.0,2025,https://www.zillow.com,https://photos.zillowstatic.com/fp/0522949c02d062dc6b72a980e686251b-p_c.jpg,2026-07-13 10:57,For Sale
26715739,2015 S Ewing Ave,75216,Dallas,TX,32.723373,-96.81118,499000,186.0,-6000.0,491900.0,3288.0,5.0,3.0,2676.0,2022.0,7448.76,singleFamily,27,462000.0,2025,https://www.zillow.com,https://photos.zillowstatic.com/fp/0855e8f98d00b32af248800da1ba71dd-p_c.jpg,2026-07-13 10:57,For Sale
26830331,8030 Hunnicut Rd,75228,Dallas,TX,32.79786,-96.70769,415000,248.0,-5000.0,407900.0,2468.0,3.0,2.0,1673.0,1962.0,8319.96,singleFamily,97,397540.0,2025,https://www.zillow.com,https://photos.zillowstatic.com/fp/2e751373a5dfc9c04aadfd08ed9400eb-p_c.jpg,2026-07-13 10:57,For Sale
463512551,2207 Stevens Woods Ln,75208,Dallas,TX,32.754627,-96.85319,499900,259.0,,,,3.0,2.0,1932.0,1950.0,7840.8,singleFamily,15,,,https://www.zillow.com,https://photos.zillowstatic.com/fp/52126527b000c453dcd05f764f7daba6-p_c.jpg,2026-07-13 10:57,For Sale
248831077,4575 Virginia Ave,75204,Dallas,TX,32.802544,-96.77703,539900,292.0,-10000.0,530000.0,3193.0,2.0,3.0,1846.0,2018.0,1698.84,singleFamily,248,612900.0,2025,https://www.zillow.com,https://photos.zillowstatic.com/fp/4e972148453cce6ae0cf33396053386e-p_c.jpg,2026-07-13 10:57,For Sale
26810966,10042 Brockbank Dr,75229,Dallas,TX,32.882545,-96.876755,325000,242.0,-10000.0,321700.0,2922.0,3.0,2.0,1344.0,1955.0,7492.32,singleFamily,219,239640.0,2025,https://www.zillow.com,https://photos.zillowstatic.com/fp/86eae20fb31c4ffc3e71ecf4ab0f35f7-p_c.jpg,2026-07-13 10:57,For Sale
26727988,2627 W 10th St,75211,Dallas,TX,32.74531,-96.86149,380000,322.0,-15000.0,367200.0,1973.0,2.0,1.0,1180.0,1950.0,7143.84,singleFamily,19,355000.0,2025,https://www.zillow.com,https://photos.zillowstatic.com/fp/7b4109666881237d6b37f84c52818961-p_c.jpg,2026-07-13 10:57,For Sale
26743846,11328 Flamingo Ln,75218,Dallas,TX,32.85391,-96.684586,460000,345.0,,441900.0,2618.0,3.0,2.0,1335.0,1955.0,8581.32,singleFamily,24,431460.0,2025,https://www.zillow.com,https://photos.zillowstatic.com/fp/50c7549f7d191002b8cfe79244098f9d-p_c.jpg,2026-07-13 10:57,For Sale
67963045,2230 Larry Dr,75228,Dallas,TX,32.82383,-96.6786,439000,270.0,,429100.0,2285.0,3.0,2.0,1624.0,2004.0,7753.68,singleFamily,17,391000.0,2025,https://www.zillow.com,https://photos.zillowstatic.com/fp/a15c34ecc12124c0cfb0c80ab7f87912-p_c.jpg,2026-07-13 10:57,For Sale
26738912,7145 Fair Oaks Ave APT 36,75231,Dallas,TX,32.874084,-96.7578,130000,111.0,,144800.0,1589.0,2.0,3.0,1171.0,1974.0,2.986,condo,5,158090.0,2025,https://www.zillow.com,https://photos.zillowstatic.com/fp/a218678c07309fade2d8f3e502d40c25-p_c.jpg,2026-07-13 10:57,For Sale
96505405,1325 Compton St,75203,Dallas,TX,32.74272,-96.80267,595000,229.0,,507200.0,3943.0,3.0,4.0,2600.0,2023.0,3136.32,singleFamily,5,509800.0,2025,https://www.zillow.com,https://photos.zillowstatic.com/fp/ae9e9f33739be5644e6706cf9496867a-p_c.jpg,2026-07-13 10:57,For Sale
26718820,2725 Aster St,75211,Dallas,TX,32.736023,-96.864624,280000,173.0,,277800.0,2511.0,4.0,2.0,1615.0,1937.0,6054.84,singleFamily,15,266180.0,2025,https://www.zillow.com,https://photos.zillowstatic.com/fp/427868af0c11dea8a666abcd55b06a30-p_c.jpg,2026-07-13 10:57,For Sale
26908163,10204 Oak Terrace Cir,75227,Dallas,TX,32.756134,-96.64732,150000,123.0,,,1780.0,3.0,2.0,1217.0,1986.0,4530.24,singleFamily,10,199840.0,2025,https://www.zillow.com,https://photos.zillowstatic.com/fp/4ad8d46b26b62a6b93775c3707e2fd96-p_c.jpg,2026-07-13 10:57,For Sale
162814398,1011 Gallivant Ln,75218,Dallas,TX,32.82912,-96.71034,639999,384.0,-9001.0,629900.0,2687.0,3.0,3.0,1665.0,2016.0,2461.14,singleFamily,43,563360.0,2025,https://www.zillow.com,https://photos.zillowstatic.com/fp/ec82968615e130e903760d5d6c777fce-p_c.jpg,2026-07-13 10:57,For Sale
55826155,4023 Bowser Ave,75219,Dallas,TX,32.8151,-96.80781,849000,311.0,,826200.0,4779.0,2.0,3.0,2728.0,2000.0,2003.76,townhome,3,740000.0,2025,https://www.zillow.com,https://photos.zillowstatic.com/fp/1a1343eea66a35d3d2c675e15e0c4818-p_c.jpg,2026-07-13 10:57,For Sale
26737909,2614 Marjorie Ave,75216,Dallas,TX,32.6963,-96.77991,350000,197.0,,,1450.0,4.0,2.0,1780.0,2026.0,0.3899,singleFamily,2,75000.0,2025,https://www.zillow.com,https://photos.zillowstatic.com/fp/ffbca22700ad4413cd628990eb6a4cc2-p_c.jpg,2026-07-13 10:57,For Sale
26864579,9734 Queenswood Ln,75238,Dallas,TX,32.880493,-96.71466,649500,307.0,-35000.0,,,4.0,3.0,2116.0,1961.0,8319.96,singleFamily,92,587160.0,2025,https://www.zillow.com,https://photos.zillowstatic.com/fp/7bd49d47d48138e71d45cfef525e0d08-p_c.jpg,2026-07-13 10:57,For Sale
26705388,6755 E Mockingbird Ln,75214,Dallas,TX,32.840637,-96.74415,599000,400.0,,577100.0,3301.0,2.0,2.0,1498.0,1956.0,7797.24,singleFamily,3,527210.0,2025,https://www.zillow.com,https://photos.zillowstatic.com/fp/1bc151ca8b5ef37632ad70a2a8b58d87-p_c.jpg,2026-07-13 10:57,For Sale
26643578,4219 Hollow Oak Dr,75287,Dallas,TX,32.997143,-96.83762,899900,208.0,-15000.0,879200.0,5579.0,5.0,4.0,4327.0,1989.0,8712.0,singleFamily,436,942154.0,2025,https://www.zillow.com,https://photos.zillowstatic.com/fp/fde7a660e79c44058378e3a2925a2f1a-p_c.jpg,2026-07-13 10:57,For Sale
463731871,520-522 Woodbine Ave,75203,Dallas,TX,32.742844,-96.799355,839800,217.0,,,,6.0,8.0,3870.0,2026.0,10236.6,multiFamily,4,,,https://www.zillow.com,https://photos.zillowstatic.com/fp/02bedc0ecf521528139e0229c4cbb2fd-p_c.jpg,2026-07-13 10:57,For Sale
303983908,3130 N Harwood St APT 1606,75201,Dallas,TX,32.797085,-96.81129,1599000,717.0,-50999.0,1538800.0,5936.0,3.0,4.0,2231.0,2019.0,1.87,condo,160,1278370.0,2025,https://www.zillow.com,https://photos.zillowstatic.com/fp/4364f7668f2edab162eddc8866db674a-p_c.jpg,2026-07-13 10:57,For Sale
26843362,9077 Longmont Dr,75238,Dallas,TX,32.871124,-96.707535,610000,401.0,-9900.0,,,4.0,2.0,1523.0,1955.0,7971.48,singleFamily,59,533340.0,2025,https://www.zillow.com,https://photos.zillowstatic.com/fp/95cd478cba66917d2417248fda974133-p_c.jpg,2026-07-13 10:57,For Sale
96507548,1810 Kraft St,75212,Dallas,TX,32.783905,-96.84862,750000,250.0,,731600.0,4153.0,4.0,3.0,2995.0,2024.0,4704.48,singleFamily,3,659720.0,2025,https://www.zillow.com,https://photos.zillowstatic.com/fp/670c5c0151a791e578f0fde0fa258d3a-p_c.jpg,2026-07-13 10:57,For Sale
303985202,4625 Weldon St,75204,Dallas,TX,32.81006,-96.78567,899000,354.0,,868900.0,5591.0,3.0,3.0,2536.0,2018.0,5009.4,singleFamily,23,898960.0,2025,https://www.zillow.com,https://photos.zillowstatic.com/fp/4fe36f47d83ad151f63bda958e9161a8-p_c.jpg,2026-07-13 10:57,For Sale
26694572,3610 Kenilworth St,75210,Dallas,TX,32.76358,-96.74493,139900,130.0,,,,3.0,2.0,1080.0,2021.0,6359.76,singleFamily,25,228700.0,2025,https://www.zillow.com,https://photos.zillowstatic.com/fp/4712ac68bdc1d9f3a5c2bd33752ace1c-p_c.jpg,2026-07-13 10:57,For Sale
26750167,6742 Hialeah Dr,75214,Dallas,TX,32.85008,-96.74333,579000,349.0,-16000.0,559200.0,3820.0,4.0,3.0,1660.0,1954.0,7492.32,singleFamily,28,563620.0,2025,https://www.zillow.com,https://photos.zillowstatic.com/fp/54ac7af75b91952603a6bf533c50519c-p_c.jpg,2026-07-13 10:57,For Sale
26712191,1815 W Brooklyn Ave,75208,Dallas,TX,32.739494,-96.84982,319000,274.0,44000.0,306200.0,1798.0,2.0,2.0,1164.0,1924.0,2395.8,multiFamily,19,292530.0,2025,https://www.zillow.com,https://photos.zillowstatic.com/fp/b10ffe5c909b6ad11ddb4213a923cb60-p_c.jpg,2026-07-13 10:57,For Sale
26728952,414 Avenue I,75203,Dallas,TX,32.7447,-96.790855,215000,193.0,,210400.0,2080.0,2.0,1.0,1113.0,1941.0,5445.0,singleFamily,46,171010.0,2025,https://www.zillow.com,https://photos.zillowstatic.com/fp/4f7e446f20e62cbbd83398c9ab39ed0b-p_c.jpg,2026-07-13 10:57,For Sale
26725933,4405 W Lawther Dr,75214,Dallas,TX,32.839657,-96.7307,5950000,,,,,,,,,2.2,land,20,1980000.0,2021,https://www.zillow.com,https://photos.zillowstatic.com/fp/b1eeaccad4a9ed5bd66fd1b0628acf28-p_c.jpg,2026-07-13 10:57,For Sale
26929638,5619 Preston Oaks Rd APT 305,75254,Dallas,TX,32.9443,-96.81006,209000,220.0,-5000.0,202500.0,1645.0,2.0,2.0,950.0,1983.0,2.275,condo,32,247000.0,2025,https://www.zillow.com,https://photos.zillowstatic.com/fp/5c02edb94cef3085b57cbd677de31c21-p_c.jpg,2026-07-13 10:57,For Sale
96519586,1407 Pueblo St,75212,Dallas,TX,32.780365,-96.84303,824999,266.0,-15001.0,811300.0,5190.0,4.0,5.0,3100.0,2026.0,7492.32,singleFamily,40,225000.0,2025,https://www.zillow.com,https://photos.zillowstatic.com/fp/421fbd987d1baef9e7c85ba0ec7a4406-p_c.jpg,2026-07-13 10:57,For Sale
96514987,1967 Gallagher St,75212,Dallas,TX,32.784996,-96.85322,819000,183.0,,,,5.0,4.0,4483.0,2026.0,6490.44,singleFamily,60,161880.0,2025,https://www.zillow.com,https://photos.zillowstatic.com/fp/16db42ed506d380a72dc3353a63e2662-p_c.jpg,2026-07-13 10:57,For Sale
26760097,4425 Caruth Blvd,75225,Dallas,TX,32.85864,-96.81149,6400000,1015.0,,6061900.0,3456.0,5.0,7.0,6304.0,2026.0,8363.52,singleFamily,25,1396390.0,2025,https://www.zillow.com,https://photos.zillowstatic.com/fp/ba41962a03f27e6070cb0befd20a465f-p_c.jpg,2026-07-13 10:57,For Sale
96530273,2622 Bainbridge Dr,75237,Dallas,TX,32.66348,-96.86175,605000,229.0,,,,5.0,4.0,2640.0,2025.0,0.482,singleFamily,24,85000.0,2025,https://www.zillow.com,https://photos.zillowstatic.com/fp/3821192154f9d7fec60c9ef1ccbe9c21-p_c.jpg,2026-07-13 10:57,For Sale
26812228,3046 Westforest Dr,75229,Dallas,TX,32.904594,-96.874245,335000,204.0,-10000.0,327400.0,2454.0,3.0,2.0,1645.0,1983.0,4748.04,singleFamily,37,314570.0,2025,https://www.zillow.com,https://photos.zillowstatic.com/fp/cfc42ad0a72042b00013e3ead3feebfc-p_c.jpg,2026-07-13 10:57,For Sale
96498607,1320 Compton St,75203,Dallas,TX,32.742943,-96.80467,489900,212.0,-5000.0,,,4.0,3.0,2312.0,2023.0,4138.2,singleFamily,89,393160.0,2025,https://www.zillow.com,https://photos.zillowstatic.com/fp/5dd65457af0659e503af689637d40409-p_c.jpg,2026-07-13 10:57,For Sale
26808249,3316 Princess Ln,75229,Dallas,TX,32.89209,-96.86705,2194000,447.0,,,,5.0,8.0,4905.0,2027.0,10367.28,singleFamily,0,561390.0,2025,https://www.zillow.com,https://photos.zillowstatic.com/fp/ef53c2ad87de3ff51f9177fe77c276b6-p_c.jpg,2026-07-13 10:57,For Sale
26804562,4863 Allencrest Ln,75244,Dallas,TX,32.910995,-96.82392,1450000,433.0,,1376700.0,5261.0,3.0,2.0,3349.0,1957.0,0.37,singleFamily,13,1047950.0,2025,https://www.zillow.com,https://photos.zillowstatic.com/fp/25073f0950f69bfe1772c1af07cb261d-p_c.jpg,2026-07-13 10:57,For Sale
26865333,10525 Yorkford Dr,75238,Dallas,TX,32.884777,-96.70225,430000,223.0,-10000.0,430300.0,3678.0,3.0,2.0,1928.0,1961.0,9452.52,singleFamily,108,541030.0,2025,https://www.zillow.com,https://photos.zillowstatic.com/fp/1ca9533bfb4c078e530279a1a2128ef0-p_c.jpg,2026-07-13 10:57,For Sale
401692393,7010 & 7012 Kingsbury Dr,75231,Dallas,TX,32.862278,-96.74196,575000,242.0,,560700.0,2434.0,4.0,3.0,2376.0,1961.0,10497.96,multiFamily,9,,,https://www.zillow.com,https://photos.zillowstatic.com/fp/a9c3c0048a21f868132595f7a6489b20-p_c.jpg,2026-07-13 10:57,For Sale
26710030,214 S Montclair Ave,75208,Dallas,TX,32.7436,-96.846245,699000,329.0,-39000.0,676900.0,2796.0,4.0,3.0,2127.0,1927.0,7318.08,singleFamily,102,631320.0,2025,https://www.zillow.com,https://photos.zillowstatic.com/fp/c4a897b9c49c1db5b46e98adea23d082-p_c.jpg,2026-07-13 10:57,For Sale
26731049,6453 Bob O Link Dr,75214,Dallas,TX,32.831985,-96.75054,2749995,536.0,,2648200.0,5780.0,5.0,6.0,5132.0,2025.0,7535.88,singleFamily,23,953700.0,2025,https://www.zillow.com,https://photos.zillowstatic.com/fp/c45db860f79c56ad3700b05bb744e6a2-p_c.jpg,2026-07-13 10:57,For Sale
26712277,1008 S Oak Cliff Blvd,75208,Dallas,TX,32.735634,-96.85256,345000,316.0,,325500.0,2072.0,2.0,2.0,1092.0,1922.0,8799.12,singleFamily,2,341060.0,2025,https://www.zillow.com,https://photos.zillowstatic.com/fp/17b669b79edff57bb2545454fbf79819-p_c.jpg,2026-07-13 10:57,For Sale
26906180,10923 Gable Cir,75229,Dallas,TX,32.897545,-96.873955,249900,258.0,,241600.0,1801.0,2.0,1.0,967.0,1983.0,2090.88,singleFamily,36,246660.0,2025,https://www.zillow.com,https://photos.zillowstatic.com/fp/e8a233d80b22ce41e837312b5548cd1d-p_c.jpg,2026-07-13 10:57,For Sale
26890003,6520 Clearhaven Cir,75248,Dallas,TX,32.96616,-96.79225,735000,249.0,-14000.0,713600.0,4363.0,4.0,3.0,2953.0,1979.0,7666.56,singleFamily,67,737550.0,2025,https://www.zillow.com,https://photos.zillowstatic.com/fp/03dfb155d690902c5d53ea4f100354b2-p_c.jpg,2026-07-13 10:57,For Sale
26645606,4816 Sandestin Dr,75287,Dallas,TX,32.99534,-96.826256,1295000,289.0,-30000.0,1245900.0,6725.0,5.0,5.0,4488.0,1990.0,0.25,singleFamily,35,1133972.0,2025,https://www.zillow.com,https://photos.zillowstatic.com/fp/ab8743010bf9bf187c59b5665ac628d6-p_c.jpg,2026-07-13 10:57,For Sale
26741749,9916 Cloister Dr,75228,Dallas,TX,32.830875,-96.688866,424000,268.0,,416900.0,2368.0,3.0,2.0,1580.0,1955.0,8407.08,singleFamily,3,413610.0,2025,https://www.zillow.com,https://photos.zillowstatic.com/fp/dbce7b0bb32c0eb510b7f4089016c4be-p_c.jpg,2026-07-13 10:57,For Sale
95054497,2824 Saint Bernard Dr,75233,Dallas,TX,32.71249,-96.86712,283000,186.0,-9000.0,,,4.0,2.0,1521.0,2015.0,5209.776,singleFamily,61,290000.0,2025,https://www.zillow.com,https://photos.zillowstatic.com/fp/a8f078add930526b1d7faa9eba178a0f-p_c.jpg,2026-07-13 10:57,For Sale
460718639,2900 Hawthorne Ave #102,75219,Dallas,TX,32.8155,-96.819435,464900,264.0,-5000.0,460000.0,3630.0,2.0,3.0,1763.0,2026.0,7840.8,condo,47,,,https://www.zillow.com,https://photos.zillowstatic.com/fp/9f07c5912dd40bf96d0eebbd4754bc1a-p_c.jpg,2026-07-13 10:57,For Sale
26901434,5335 Bent Tree Forest Dr APT 144,75248,Dallas,TX,32.96596,-96.81657,209000,184.0,,204400.0,1731.0,2.0,2.0,1137.0,1981.0,8.766,condo,2,244810.0,2025,https://www.zillow.com,https://photos.zillowstatic.com/fp/6e6835b69e12cc1a27ff80035ad26b0f-p_c.jpg,2026-07-13 10:57,For Sale
26864720,9835 Estate Ln,75238,Dallas,TX,32.88401,-96.71641,550000,246.0,-30000.0,539700.0,2937.0,3.0,2.0,2233.0,1962.0,9452.52,singleFamily,137,570920.0,2025,https://www.zillow.com,https://photos.zillowstatic.com/fp/f3703e2f754ba3397cdf80486ed59d97-p_c.jpg,2026-07-13 10:57,For Sale
96521947,3104 Delafield Ln,75227,Dallas,TX,32.76434,-96.67444,348000,208.0,-2000.0,345800.0,2473.0,4.0,2.0,1672.0,2026.0,10062.36,singleFamily,82,90000.0,2025,https://www.zillow.com,https://photos.zillowstatic.com/fp/b49b111d69daf87dfd2f3ff399e34905-p_c.jpg,2026-07-13 10:57,For Sale
248830836,5710 McCommas Blvd #202,75206,Dallas,TX,32.829655,-96.76929,439000,261.0,-20000.0,433800.0,4266.0,2.0,2.0,1684.0,2016.0,0.9740000000000001,condo,66,522040.0,2025,https://www.zillow.com,https://photos.zillowstatic.com/fp/15fd891fdd1b25fc33bf8163f684c491-p_c.jpg,2026-07-13 10:57,For Sale
351318684,1505 N Garrett Ave #204,75206,Dallas,TX,32.806595,-96.77267,399999,282.0,-15001.0,395200.0,3013.0,2.0,3.0,1416.0,2020.0,0.2726,townhome,143,,,https://www.zillow.com,https://photos.zillowstatic.com/fp/251d890f731597125abb2413511ba4a0-p_c.jpg,2026-07-13 10:57,For Sale
26888475,12401 Pleasant Valley Dr,75243,Dallas,TX,32.916386,-96.72347,470000,189.0,,454300.0,3519.0,4.0,3.0,2493.0,1978.0,0.299,singleFamily,43,452470.0,2025,https://www.zillow.com,https://photos.zillowstatic.com/fp/4edc268d7b265e42863adfa2f4a9cabc-p_c.jpg,2026-07-13 10:57,For Sale
26714614,1310 Galloway Ave,75216,Dallas,TX,32.736103,-96.804985,135000,138.0,,134400.0,1480.0,2.0,1.0,980.0,1924.0,7100.28,singleFamily,1,189710.0,2025,https://www.zillow.com,https://photos.zillowstatic.com/fp/7daa1ab6838c04294f57425c2cd8a92b-p_c.jpg,2026-07-13 10:57,For Sale
26898750,3815 Holland Ave APT 1,75219,Dallas,TX,32.813686,-96.804504,399999,335.0,,399200.0,2191.0,2.0,2.0,1194.0,1981.0,8015.04,condo,6,446100.0,2025,https://www.zillow.com,https://photos.zillowstatic.com/fp/1f804d3ac1ee5e73728357a2d2df7062-p_c.jpg,2026-07-13 10:57,For Sale
26716278,1203 Forester Dr,75216,Dallas,TX,32.7348,-96.80665,335000,223.0,-4000.0,333300.0,2239.0,3.0,2.0,1500.0,2025.0,8494.2,singleFamily,127,90000.0,2025,https://www.zillow.com,https://photos.zillowstatic.com/fp/0fe996b555440b67099fa5e550573dbc-p_c.jpg,2026-07-13 10:57,For Sale
26902575,4035 Wembley Ter,75220,Dallas,TX,32.866676,-96.84348,1149000,433.0,,,,3.0,3.0,2651.0,1996.0,6316.2,singleFamily,3,740970.0,2025,https://www.zillow.com,https://photos.zillowstatic.com/fp/d379531c152af1fcc4fe9cda60479f43-p_c.jpg,2026-07-13 10:57,For Sale
26608839,17819 Lost View Rd,75252,Dallas,TX,32.995964,-96.8097,1385000,342.0,,1304900.0,6797.0,5.0,5.0,4049.0,1983.0,10018.8,singleFamily,21,879353.0,2025,https://www.zillow.com,https://photos.zillowstatic.com/fp/5e447cab504675eb9a1fa19fab7c1033-p_c.jpg,2026-07-13 10:57,For Sale
26743656,11743 Neering Dr,75218,Dallas,TX,32.854717,-96.68973,490000,358.0,-5000.0,482600.0,2625.0,3.0,2.0,1370.0,1955.0,7623.0,singleFamily,102,445480.0,2025,https://www.zillow.com,https://photos.zillowstatic.com/fp/700e4b45ae93829eb8931f10116f7f26-p_c.jpg,2026-07-13 10:57,For Sale
26727830,227 S Hampton Rd,75208,Dallas,TX,32.74342,-96.85719,280000,191.0,,269100.0,2464.0,3.0,2.0,1466.0,1939.0,6098.4,singleFamily,45,228840.0,2025,https://www.zillow.com,https://photos.zillowstatic.com/fp/ce2f442304cbf2046aba94dd37307a5f-p_c.jpg,2026-07-13 10:57,For Sale
26743863,11207 Sinclair Ave,75218,Dallas,TX,32.852913,-96.68689,589000,281.0,,,,3.0,2.0,2095.0,1955.0,9539.64,singleFamily,52,520400.0,2025,https://www.zillow.com,https://photos.zillowstatic.com/fp/9c1ba3655e540f36d61d84934179036b-p_c.jpg,2026-07-13 10:57,For Sale
26890583,7610 Bantry Cir,75248,Dallas,TX,32.98553,-96.77634,735000,254.0,,,,4.0,3.0,2890.0,1978.0,10672.2,singleFamily,58,757840.0,2025,https://www.zillow.com,https://photos.zillowstatic.com/fp/5f5bd79d2094fa7d62313fe6cc8cd9d3-p_c.jpg,2026-07-13 10:57,For Sale
26707212,7153 Cornelia Ln,75214,Dallas,TX,32.830696,-96.73574,2799000,554.0,-50000.0,2716500.0,5747.0,5.0,5.0,5055.0,2025.0,0.26,singleFamily,44,878030.0,2025,https://www.zillow.com,https://photos.zillowstatic.com/fp/b1ffb95db4bc32cdaf4687656d15de22-p_c.jpg,2026-07-13 10:57,For Sale
26761250,4906 Wenonah Dr,75209,Dallas,TX,32.84119,-96.82704,2175000,517.0,,2110800.0,3345.0,5.0,4.0,4207.0,2026.0,8973.36,singleFamily,1,717110.0,2025,https://www.zillow.com,https://photos.zillowstatic.com/fp/4a919903b26045c1167408b799071109-p_c.jpg,2026-07-13 10:57,For Sale
26926220,9601 Forest Ln APT 1113,75243,Dallas,TX,32.910088,-96.72775,95000,139.0,10000.0,,1343.0,1.0,1.0,685.0,1983.0,3.813,condo,2,90670.0,2025,https://www.zillow.com,https://photos.zillowstatic.com/fp/06fb745227430dc85edb0587bc81c484-p_c.jpg,2026-07-13 10:57,For Sale
27330666,2607 Harbinger Ln,75287,Dallas,TX,32.993263,-96.86858,395999,172.0,-4000.0,392400.0,2708.0,4.0,2.0,2298.0,1983.0,8537.76,singleFamily,80,421000.0,2025,https://www.zillow.com,https://photos.zillowstatic.com/fp/7bd7ba14f95b97038b10751fbad30d29-p_c.jpg,2026-07-13 10:57,For Sale
26898061,2967 Magnolia Hill Ct,75201,Dallas,TX,32.79382,-96.81076,1495000,627.0,,,,2.0,2.0,2385.0,1996.0,1306.8,townhome,17,1300000.0,2025,https://www.zillow.com,https://photos.zillowstatic.com/fp/5121896c7dcaafa02b6b5847b829e6b8-p_c.jpg,2026-07-13 10:57,For Sale
304024594,17628 Bottlebrush Dr,75252,Dallas,TX,32.990368,-96.75908,569000,246.0,-10000.0,,,4.0,3.0,2311.0,2019.0,4399.56,singleFamily,30,625642.0,2025,https://www.zillow.com,https://photos.zillowstatic.com/fp/06ee5a4ee11013df99feb5fa2a4f44c0-p_c.jpg,2026-07-13 10:57,For Sale
26701332,1811 Bermuda St,75214,Dallas,TX,32.810123,-96.73773,2579000,495.0,,2511400.0,1886.0,5.0,6.0,5214.0,2026.0,9583.2,singleFamily,9,1125000.0,2025,https://www.zillow.com,https://photos.zillowstatic.com/fp/90ed6f10403245412c9280b578f4802f-p_c.jpg,2026-07-13 10:57,For Sale
26868338,8261 Club Meadows Dr,75243,Dallas,TX,32.89444,-96.74896,675000,272.0,,,,4.0,3.0,2482.0,1978.0,6708.24,singleFamily,45,638020.0,2025,https://www.zillow.com,https://photos.zillowstatic.com/fp/99c862e4767825d8b305d3923b45aabd-p_c.jpg,2026-07-13 10:57,For Sale
53389838,2242 Ash Grove Way,75228,Dallas,TX,32.810577,-96.70439,619500,249.0,,602900.0,2874.0,3.0,3.0,2487.0,2000.0,4617.36,singleFamily,16,545030.0,2025,https://www.zillow.com,https://photos.zillowstatic.com/fp/95aa0bcbf908574954a709d296469080-p_c.jpg,2026-07-13 10:57,For Sale
26926874,4402 Holland Ave APT 202,75219,Dallas,TX,32.81978,-96.81057,290000,241.0,-10000.0,284900.0,2630.0,2.0,3.0,1202.0,1983.0,9713.88,condo,89,310120.0,2025,https://www.zillow.com,https://photos.zillowstatic.com/fp/913d7fa276cf91f3e25cf65668c67265-p_c.jpg,2026-07-13 10:57,For Sale
26883950,8226 Hunnicut Rd,75228,Dallas,TX,32.799713,-96.70136,489000,231.0,,474400.0,3064.0,3.0,3.0,2118.0,1967.0,0.363,singleFamily,87,482430.0,2025,https://www.zillow.com,https://photos.zillowstatic.com/fp/114d188f3c2efe3f626d5d5216798f6d-p_c.jpg,2026-07-13 10:57,For Sale
162239624,7126 Edgerton Dr,75231,Dallas,TX,32.8549,-96.73759,649000,253.0,-1000.0,645900.0,4123.0,4.0,4.0,2570.0,1955.0,0.313,singleFamily,369,691950.0,2025,https://www.zillow.com,https://photos.zillowstatic.com/fp/157e01a5ba532894c3f548020339249e-p_c.jpg,2026-07-13 10:57,For Sale
162292129,814 Wideman Dr,75217,Dallas,TX,32.724915,-96.679924,250000,186.0,-10000.0,248600.0,1821.0,3.0,2.0,1344.0,1963.0,7753.68,singleFamily,67,242930.0,2025,https://www.zillow.com,https://photos.zillowstatic.com/fp/3e9fa3da3a920c18c761c57bf305f579-p_c.jpg,2026-07-13 10:57,For Sale
26825014,605 Meadow Heath Cir,75232,Dallas,TX,32.68081,-96.83379,385000,182.0,-15000.0,381200.0,2437.0,3.0,2.0,2114.0,1967.0,0.304,singleFamily,150,389650.0,2025,https://www.zillow.com,https://photos.zillowstatic.com/fp/c08b8bcfd26248b3a962856d927a456d-p_c.jpg,2026-07-13 10:57,For Sale
26806052,3909 Courtshire Dr,75229,Dallas,TX,32.905468,-96.846725,1875000,478.0,,,,4.0,5.0,3921.0,1971.0,0.36519999999999997,singleFamily,44,1093530.0,2025,https://www.zillow.com,https://photos.zillowstatic.com/fp/b7110cc5d4eb1e01fe6751a93628fa6b-p_c.jpg,2026-07-13 10:57,For Sale
26723401,1318 S Montclair Ave,75208,Dallas,TX,32.731808,-96.846565,160000,182.0,,,2532.0,3.0,2.0,881.0,1949.0,7753.68,singleFamily,11,198280.0,2025,https://www.zillow.com,https://www.zillowstatic.com/static/images/nophoto_p_c.png,2026-07-13 10:57,For Sale
84003466,13622 Vida Ln,75253,Dallas,TX,32.67849,-96.5982,175000,122.0,,168500.0,1852.0,4.0,2.0,1440.0,2007.0,10018.8,singleFamily,47,138260.0,2025,https://www.zillow.com,https://photos.zillowstatic.com/fp/36c62b0089fbc0565a44b86980787436-p_c.jpg,2026-07-13 10:57,For Sale
69676182,9520 Ash Creek Dr,75228,Dallas,TX,32.822144,-96.69311,549000,211.0,,536000.0,1963.0,4.0,3.0,2604.0,1954.0,0.331,singleFamily,3,334230.0,2025,https://www.zillow.com,https://photos.zillowstatic.com/fp/f65f2c68a6b32d34598e3e87aa7b2de3-p_c.jpg,2026-07-13 10:57,For Sale
26838952,10503 Berry Knoll Dr,75230,Dallas,TX,32.888714,-96.78253,529000,232.0,,,3882.0,4.0,3.0,2284.0,1971.0,4586.0,singleFamily,7,471430.0,2025,https://www.zillow.com,https://photos.zillowstatic.com/fp/8b516cdae35aeba7613885a3564deb88-p_c.jpg,2026-07-13 10:57,For Sale
96533525,4236 Aztec Dr,75216,Dallas,TX,32.702133,-96.782166,312800,194.0,,311900.0,2474.0,4.0,2.0,1612.0,2026.0,7579.44,singleFamily,17,80000.0,2025,https://www.zillow.com,https://photos.zillowstatic.com/fp/ba4d991f0d30c6521c8a4d9b8d90ab2e-p_c.jpg,2026-07-13 10:57,For Sale
26873687,6908 Clearhaven Dr,75248,Dallas,TX,32.966694,-96.7891,425000,165.0,-25000.0,417900.0,3216.0,3.0,3.0,2568.0,1980.0,3484.8,townhome,72,389500.0,2025,https://www.zillow.com,https://photos.zillowstatic.com/fp/fac160538f4c6983d347712092edebe6-p_c.jpg,2026-07-13 10:57,For Sale
26853359,9324 Clearwater Dr,75243,Dallas,TX,32.903706,-96.75082,460000,247.0,,460200.0,2825.0,3.0,2.0,1866.0,1960.0,10040.58,singleFamily,11,404260.0,2025,https://www.zillow.com,https://photos.zillowstatic.com/fp/1da21d6b4cfe8c2cf103b738962d3f65-p_c.jpg,2026-07-13 10:57,For Sale
26905526,10110 Betty Jane Ln,75229,Dallas,TX,32.883526,-96.85333,1990000,424.0,,,,4.0,5.0,4695.0,1997.0,0.757,singleFamily,20,1325290.0,2025,https://www.zillow.com,https://photos.zillowstatic.com/fp/9f0f0f5199b4c48a210ca0ec5464cdd1-p_c.jpg,2026-07-13 10:57,For Sale
248827887,6303 E Grand Ave,75223,Dallas,TX,32.798954,-96.74211,750000,223.0,-10000.0,,,6.0,3.0,3366.0,1947.0,9104.04,singleFamily,72,626330.0,2025,https://www.zillow.com,https://photos.zillowstatic.com/fp/19b901abfdb5190980968c4d104f09fa-p_c.jpg,2026-07-13 10:57,For Sale
2096491216,3716 W Beverly Dr,75209,Dallas,TX,32.83057,-96.822754,1299990,425.0,-150010.0,1271900.0,6566.0,4.0,4.0,3061.0,2023.0,3702.6,singleFamily,31,998400.0,2025,https://www.zillow.com,https://photos.zillowstatic.com/fp/35c4cc1475f0952c73b3199847cfc76a-p_c.jpg,2026-07-13 10:57,For Sale
26695157,5646 Monticello Ave,75206,Dallas,TX,32.82622,-96.77035,664900,526.0,,630300.0,2410.0,2.0,1.0,1265.0,1926.0,7230.96,singleFamily,89,531500.0,2025,https://www.zillow.com,https://photos.zillowstatic.com/fp/52af45e683ae4a4613bc844f3a9a6d08-p_c.jpg,2026-07-13 10:57,For Sale
26829062,12504 Renoir Ln,75230,Dallas,TX,32.91878,-96.80405,1199000,285.0,,1139500.0,7943.0,5.0,4.0,4207.0,1981.0,0.32999999999999996,singleFamily,48,993250.0,2025,https://www.zillow.com,https://photos.zillowstatic.com/fp/182d9a1cba18503e5be0e2c358ea2dc1-p_c.jpg,2026-07-13 10:57,For Sale
26747720,4819 Skillman St #108,75206,Dallas,TX,32.84604,-96.76255,290000,186.0,65000.0,254100.0,2521.0,2.0,2.0,1555.0,1963.0,4.293,condo,3,295450.0,2025,https://www.zillow.com,https://photos.zillowstatic.com/fp/48e9f48736bac55027958d52e4479b7b-p_c.jpg,2026-07-13 10:57,For Sale
26717936,2539 Sharon St,75211,Dallas,TX,32.73043,-96.86083,269900,203.0,-5000.0,264100.0,2167.0,3.0,2.0,1328.0,1933.0,6882.48,singleFamily,77,275390.0,2025,https://www.zillow.com,https://photos.zillowstatic.com/fp/f4879c8a4cc34afb6b68e5cdb38b20bd-p_c.jpg,2026-07-13 10:57,For Sale
26694156,6162 Llano Ave,75214,Dallas,TX,32.821747,-96.75902,1495000,380.0,-70000.0,,,4.0,4.0,3939.0,2007.0,7492.32,singleFamily,87,1439860.0,2025,https://www.zillow.com,https://photos.zillowstatic.com/fp/76ea8900dc6faf87dfae1bd90cb2f63d-p_c.jpg,2026-07-13 10:57,For Sale
26784576,3520 Loganwood Dr,75227,Dallas,TX,32.76885,-96.691605,325000,172.0,,,,3.0,3.0,1885.0,1959.0,7448.76,singleFamily,3,315000.0,2025,https://www.zillow.com,https://photos.zillowstatic.com/fp/c0891ca4a89a5a15ee5230572f7515bd-p_c.jpg,2026-07-13 10:57,For Sale
26735909,8730 Rexford Dr,75209,Dallas,TX,32.857147,-96.84684,1750000,380.0,-125000.0,1708200.0,7814.0,5.0,6.0,4604.0,2025.0,6969.6,singleFamily,41,1182050.0,2025,https://www.zillow.com,https://photos.zillowstatic.com/fp/4f435a5240bd1f4cbd95420934668c5d-p_c.jpg,2026-07-13 10:57,For Sale
26888488,9931 Chimney Hill Ln,75243,Dallas,TX,32.916225,-96.7269,499000,191.0,-26000.0,485400.0,3282.0,4.0,3.0,2610.0,1979.0,9016.92,singleFamily,59,427440.0,2025,https://www.zillow.com,https://photos.zillowstatic.com/fp/e1abaa301c830c3c4c9f61d816e2deaf-p_c.jpg,2026-07-13 10:57,For Sale
26731032,6402 Kenwood Ave,75214,Dallas,TX,32.832672,-96.7527,1799999,372.0,-100000.0,1772800.0,4421.0,5.0,6.0,4845.0,2026.0,8712.0,singleFamily,58,1333100.0,2025,https://www.zillow.com,https://photos.zillowstatic.com/fp/43cd47fccb88b44c4cc7d092db0627d7-p_c.jpg,2026-07-13 10:57,For Sale
442939119,1606 Old Gate Ln,75218,Dallas,TX,32.823833,-96.70325,1995000,472.0,,,,5.0,4.0,4224.0,2024.0,10062.36,singleFamily,17,1614120.0,2025,https://www.zillow.com,https://photos.zillowstatic.com/fp/6d11ce7bb10f00f2e7b10776349416d2-p_c.jpg,2026-07-13 10:57,For Sale
26720691,3319 Irwindell Blvd,75211,Dallas,TX,32.740105,-96.87489,372500,299.0,-7500.0,363800.0,1839.0,3.0,1.0,1247.0,1945.0,0.258,singleFamily,45,317950.0,2025,https://www.zillow.com,https://photos.zillowstatic.com/fp/e99083f287f86cace3ce9e94d79df295-p_c.jpg,2026-07-13 10:57,For Sale
303983496,1510 Eastus Dr,75208,Dallas,TX,32.762558,-96.83398,2500000,528.0,,2373000.0,7862.0,4.0,5.0,4733.0,2017.0,0.254,singleFamily,6,1971940.0,2025,https://www.zillow.com,https://photos.zillowstatic.com/fp/d82286bf59777291356a66328b4ed435-p_c.jpg,2026-07-13 10:57,For Sale
26835425,4707 Bernal Dr,75212,Dallas,TX,32.786915,-96.89735,345900,154.0,-20000.0,344100.0,3107.0,5.0,2.0,2250.0,2002.0,0.263,singleFamily,18,296740.0,2025,https://www.zillow.com,https://photos.zillowstatic.com/fp/467c4f989b3e416ad623a31f6591e78c-p_c.jpg,2026-07-13 10:57,For Sale
26897859,3323 San Jacinto St,75204,Dallas,TX,32.795166,-96.78833,375000,320.0,-24900.0,366800.0,2448.0,2.0,2.0,1171.0,1984.0,2221.56,singleFamily,150,403690.0,2025,https://www.zillow.com,https://photos.zillowstatic.com/fp/9900a8bd39a6695218df4248b27f1f27-p_c.jpg,2026-07-13 10:57,For Sale
26815370,745 Clearwood Dr,75232,Dallas,TX,32.661022,-96.83368,269999,133.0,-10000.0,269400.0,2780.0,6.0,2.0,2028.0,1956.0,7623.0,singleFamily,128,248940.0,2025,https://www.zillow.com,https://photos.zillowstatic.com/fp/1a25d427fd537ead48e8d7929982a541-p_c.jpg,2026-07-13 10:57,For Sale
26709149,732 W 7th St,75208,Dallas,TX,32.748714,-96.83536,565000,280.0,-10000.0,555800.0,3779.0,3.0,3.0,2020.0,2019.0,2962.08,singleFamily,60,582330.0,2025,https://www.zillow.com,https://photos.zillowstatic.com/fp/ec3583d73a5534e8145c323f20b9ad32-p_c.jpg,2026-07-13 10:57,For Sale
26586229,4220 Brooktree Ln,75287,Dallas,TX,32.988663,-96.836426,599000,207.0,,584100.0,3919.0,4.0,3.0,2893.0,1979.0,0.25,singleFamily,16,663886.0,2025,https://www.zillow.com,https://photos.zillowstatic.com/fp/af0b44f6a160a43ac13d77e1dcdcf3c9-p_c.jpg,2026-07-13 10:57,For Sale
26700487,7119 Vivian Ave,75223,Dallas,TX,32.80625,-96.73614,879000,386.0,-20000.0,853400.0,3488.0,3.0,2.0,2278.0,1940.0,6969.6,singleFamily,93,670000.0,2025,https://www.zillow.com,https://photos.zillowstatic.com/fp/b53e7fc34c0dc9b6c6e47f4489b45170-p_c.jpg,2026-07-13 10:57,For Sale
26745379,2816 Encino Dr,75228,Dallas,TX,32.847054,-96.667,209900,171.0,-5100.0,,,3.0,1.0,1224.0,1953.0,8058.6,singleFamily,72,184820.0,2025,https://www.zillow.com,https://photos.zillowstatic.com/fp/fa5dc37c4a9f43da0f8c9783a6844473-p_c.jpg,2026-07-13 10:57,For Sale
80229145,2950 McKinney Ave APT 211,75204,Dallas,TX,32.800648,-96.80015,359000,325.0,-10000.0,,,1.0,2.0,1105.0,2006.0,1.505,condo,18,382850.0,2025,https://www.zillow.com,https://photos.zillowstatic.com/fp/1d24df4ec610576f5faec21c79473558-p_c.jpg,2026-07-13 10:57,For Sale
26754784,6635 Park Ln,75225,Dallas,TX,32.87375,-96.79011,2995000,537.0,,,,5.0,5.0,5582.0,2014.0,9713.88,singleFamily,55,2554000.0,2025,https://www.zillow.com,https://photos.zillowstatic.com/fp/61a59fc7b15857a35c814eecf003bbfe-p_c.jpg,2026-07-13 10:57,For Sale
26836091,3907 Odessa St,75212,Dallas,TX,32.789024,-96.90168,250000,198.0,,245700.0,1881.0,3.0,2.0,1260.0,1946.0,7274.52,singleFamily,2,244200.0,2025,https://www.zillow.com,https://photos.zillowstatic.com/fp/a775f5fc24afac01a9b7736ace960407-p_c.jpg,2026-07-13 10:57,For Sale
463289517,3649-51 Stables Ln #2,75229,Dallas,TX,32.883,-96.85855,799999,278.0,,763400.0,3111.0,5.0,4.0,2878.0,1968.0,5488.56,multiFamily,26,,,https://www.zillow.com,https://photos.zillowstatic.com/fp/d748e90f3606c2f433740035e3ef4cd8-p_c.jpg,2026-07-13 10:57,For Sale
2070562641,5312 Black Hawk St,75212,Dallas,TX,32.767216,-96.90552,317500,191.0,-2500.0,,,4.0,2.0,1664.0,2019.0,4486.68,singleFamily,296,,,https://www.zillow.com,https://photos.zillowstatic.com/fp/a92918ca692dbf3c9ceee76b21f3db6e-p_c.jpg,2026-07-13 10:57,For Sale
162392168,13740 Vida Ln,75253,Dallas,TX,32.677017,-96.5969,949900,215.0,,921200.0,2893.0,8.0,6.0,4418.0,1989.0,2.42,singleFamily,18,685600.0,2025,https://www.zillow.com,https://photos.zillowstatic.com/fp/031704ec50cebb3ddf0009448fa26531-p_c.jpg,2026-07-13 10:57,For Sale
463822503,3950 Saddleback Dr,75227,Dallas,TX,32.770966,-96.67279,270499,162.0,,,,4.0,2.0,1667.0,2026.0,,singleFamily,0,,,https://www.zillow.com,https://photos.zillowstatic.com/fp/075164a70199364bf9eac9e686a19484-p_c.jpg,2026-07-13 10:57,For Sale
53389154,4808 Terry St,75223,Dallas,TX,32.791508,-96.76141,449900,207.0,-15100.0,438200.0,2613.0,4.0,3.0,2174.0,1910.0,7248.384,singleFamily,32,355430.0,2025,https://www.zillow.com,https://photos.zillowstatic.com/fp/dc920f0d959004fbdcac3e60d905b9d7-p_c.jpg,2026-07-13 10:57,For Sale
336886506,4811 Manett St #101,75204,Dallas,TX,32.812283,-96.78467,549900,339.0,-10000.0,,,2.0,3.0,1622.0,2019.0,6054.84,condo,38,527150.0,2025,https://www.zillow.com,https://photos.zillowstatic.com/fp/af7889b9da296a6be51c98d3719718ec-p_c.jpg,2026-07-13 10:57,For Sale
124267812,6421 Blanch Cir,75214,Dallas,TX,32.824013,-96.7506,3250000,900.0,,3064000.0,7610.0,4.0,5.0,3611.0,2014.0,0.49899999999999994,singleFamily,47,2623470.0,2025,https://www.zillow.com,https://photos.zillowstatic.com/fp/5d69cea182013e5e7320b83790f6392c-p_c.jpg,2026-07-13 10:57,For Sale
26911661,13251 Pandora Dr,75238,Dallas,TX,32.87431,-96.690414,315000,198.0,-14999.0,,,3.0,3.0,1589.0,1984.0,1132.56,singleFamily,67,454600.0,2025,https://www.zillow.com,https://photos.zillowstatic.com/fp/860080ae8f9015147105f162ca10eef6-p_c.jpg,2026-07-13 10:57,For Sale
