zpid,address,zipcode,city,state,latitude,longitude,price,price_per_sqft,price_change,zestimate,rent_zestimate,bedrooms,bathrooms,sqft,year_built,lot_size_acres,property_type,days_on_market,tax_assessed,tax_year,listing_url,photo_url,fetched_at,listing_type
96503167,1415 Fayette St,75203,Dallas,TX,32.742416,-96.801765,624900,219.0,,616300.0,5401.0,4.0,4.0,2858.0,2026.0,4748.04,singleFamily,11.0,65000.0,2025,https://www.zillow.com,https://photos.zillowstatic.com/fp/89230f7be7c7a8e96f83767ca1ca5a03-p_c.jpg,2026-09-21 14:50,For Sale
26804018,11202 Northland Cir,75230,Dallas,TX,32.90122,-96.80873,3999999,677.0,,3848300.0,,5.0,7.0,5908.0,2026.0,0.39599999999999996,singleFamily,10.0,931770.0,2025,https://www.zillow.com,https://photos.zillowstatic.com/fp/3ae4fec037dcc1daa83b68c0dae3e6e3-p_c.jpg,2026-09-21 14:50,For Sale
465333215,11341 Quail Run St,75238,Dallas,TX,32.86968,-96.68495,420000,137.0,,,,6.0,4.0,3060.0,1972.0,9670.32,multiFamily,4.0,,,https://www.zillow.com,https://photos.zillowstatic.com/fp/2a77ff2493ed389e9e902b638e7d6515-p_c.jpg,2026-09-21 14:50,For Sale
69676462,3110 Thomas Ave APT 717,75204,Dallas,TX,32.798294,-96.79458,879990,370.0,,830400.0,4003.0,2.0,2.0,2377.0,1998.0,1.174,condo,2.0,618020.0,2025,https://www.zillow.com,https://photos.zillowstatic.com/fp/8472f3c9e0f9d309fc628545b2e2e62d-p_c.jpg,2026-09-21 14:50,For Sale
26609942,5819 Flintshire Ln,75252,Dallas,TX,33.00349,-96.80802,2350000,392.0,,,,5.0,7.0,6001.0,1984.0,0.27999999999999997,singleFamily,4.0,1181446.0,2025,https://www.zillow.com,https://photos.zillowstatic.com/fp/944ff24f9b5bbb2951da8dc430e04a09-p_c.jpg,2026-09-21 14:50,For Sale
26873803,6908 Windy Ridge Dr,75248,Dallas,TX,32.975456,-96.78789,899000,351.0,,866200.0,4048.0,4.0,3.0,2562.0,1976.0,8450.64,singleFamily,4.0,765520.0,2025,https://www.zillow.com,https://photos.zillowstatic.com/fp/944704e794fbab935c35c0225f397be6-p_c.jpg,2026-09-21 14:50,For Sale
26731158,4811 W University Blvd,75209,Dallas,TX,32.84528,-96.828255,1300000,366.0,,,,4.0,4.0,3550.0,2020.0,8102.16,singleFamily,5.0,980000.0,2025,https://www.zillow.com,https://photos.zillowstatic.com/fp/056b9b72aa55559ec694fec86445bb63-p_c.jpg,2026-09-21 14:50,For Sale
162814509,763 Spanish Oaks Pl,75204,Dallas,TX,32.791077,-96.78695,599000,284.0,,583400.0,3735.0,3.0,4.0,2111.0,2016.0,,singleFamily,9.0,624500.0,2025,https://www.zillow.com,https://photos.zillowstatic.com/fp/4f493c1488e973454f32c320ed92aace-p_c.jpg,2026-09-21 14:50,For Sale
2080553306,8550 Fair Oaks Xing Suite 112,75243,Dallas,TX,32.89644,-96.72767,170000,150.0,,,,2.0,3.0,1133.0,1982.0,7.44,condo,2.0,,,https://www.zillow.com,https://photos.zillowstatic.com/fp/1f7e6f03fe9d0e2944a552d968938251-p_c.jpg,2026-09-21 14:50,For Sale
26696123,1027 Sarasota Cir,75223,Dallas,TX,32.800632,-96.741905,925000,434.0,,883900.0,3269.0,3.0,2.0,2131.0,1936.0,6011.28,singleFamily,11.0,690050.0,2025,https://www.zillow.com,https://photos.zillowstatic.com/fp/b7c892e04aee5595c0b8796fc3fc4f62-p_c.jpg,2026-09-21 14:50,For Sale
26780378,2828 Larkspur Ln,75233,Dallas,TX,32.696636,-96.86709,500000,247.0,,485700.0,2600.0,4.0,3.0,2023.0,1963.0,0.348,singleFamily,16.0,331420.0,2025,https://www.zillow.com,https://photos.zillowstatic.com/fp/b69b2ed07a3b6b73ac54edebe0b7c677-p_c.jpg,2026-09-21 14:50,For Sale
336883017,4628 Country Creek Dr APT 1205,75236,Dallas,TX,32.696934,-96.90001,98000,137.0,,,,1.0,1.0,714.0,1974.0,714.384,condo,12.0,94270.0,2025,https://www.zillow.com,https://photos.zillowstatic.com/fp/08f05aa4347c615df6a326a08966cf51-p_c.jpg,2026-09-21 14:50,For Sale
26764779,7054 Fairdale Ave,75227,Dallas,TX,32.76595,-96.697624,250000,176.0,,244800.0,1920.0,3.0,2.0,1420.0,1946.0,0.404,singleFamily,6.0,284030.0,2025,https://www.zillow.com,https://photos.zillowstatic.com/fp/021af690e33cd5d9c9ac6cac90705244-p_c.jpg,2026-09-21 14:50,For Sale
96500365,7909 Ivory Ln,75216,Dallas,TX,32.714127,-96.7487,399900,133.0,-100.0,398100.0,3830.0,5.0,4.0,3002.0,2023.0,6403.32,singleFamily,83.0,476130.0,2025,https://www.zillow.com,https://photos.zillowstatic.com/fp/10c7a26806ee7a47a226170c113c9768-p_c.jpg,2026-09-21 14:50,For Sale
96526869,910 Gallant Fox Dr,75211,Dallas,TX,32.736996,-96.92878,459000,216.0,-20000.0,455100.0,3175.0,3.0,3.0,2125.0,2026.0,9975.24,singleFamily,80.0,75000.0,2025,https://www.zillow.com,https://photos.zillowstatic.com/fp/9a091fc719d3013e309b938574458848-p_c.jpg,2026-09-21 14:50,For Sale
96532855,6306 Kemrock Dr,75241,Dallas,TX,32.669346,-96.77778,515000,161.0,,514600.0,3625.0,5.0,4.0,3200.0,2026.0,0.33299999999999996,singleFamily,24.0,74750.0,2025,https://www.zillow.com,https://photos.zillowstatic.com/fp/d05f9a324459bac631399d30343d352f-p_c.jpg,2026-09-21 14:50,For Sale
339372860,145 N Henderson Ave Unit 102,75214,Dallas,TX,32.79863,-96.76004,399900,237.0,,390700.0,3417.0,2.0,3.0,1689.0,2020.0,7797.24,condo,3.0,447590.0,2025,https://www.zillow.com,https://photos.zillowstatic.com/fp/ada44164ad602db965e6ce268d2b41d3-p_c.jpg,2026-09-21 14:50,For Sale
26722691,2646 Alabama Ave,75216,Dallas,TX,32.71516,-96.819046,550000,172.0,-25000.0,545100.0,3964.0,5.0,4.0,3200.0,2026.0,7710.12,singleFamily,18.0,85000.0,2025,https://www.zillow.com,https://photos.zillowstatic.com/fp/b9f78b7239a2a4e0c0c222a25619cae8-p_c.jpg,2026-09-21 14:50,For Sale
26768600,818 Lambert St,75203,Dallas,TX,32.73945,-96.79476,440000,144.0,-30000.0,439700.0,4940.0,5.0,4.0,3060.0,2026.0,8624.88,singleFamily,41.0,100370.0,2025,https://www.zillow.com,https://photos.zillowstatic.com/fp/f56051ae2b68ad5e18d413cf0700ea32-p_c.jpg,2026-09-21 14:50,For Sale
333140267,5547 Walnut Hill Ln,75229,Dallas,TX,32.881863,-96.81202,45000000,3261.0,,,,6.0,10.0,13800.0,2025.0,2.032,singleFamily,20.0,13685350.0,2025,https://www.zillow.com,https://photos.zillowstatic.com/fp/34ed27b9d2366116857b22bf97609e61-p_c.jpg,2026-09-21 14:50,For Sale
26841634,2328 Globe Ave,75228,Dallas,TX,32.81489,-96.67548,265000,202.0,-4900.0,259700.0,1989.0,3.0,2.0,1312.0,1957.0,8973.36,singleFamily,30.0,269370.0,2025,https://www.zillow.com,https://photos.zillowstatic.com/fp/0367d9685dd0355ff8652b75c4bc8835-p_c.jpg,2026-09-21 14:50,For Sale
26648910,5112 Spyglass Dr,75287,Dallas,TX,32.990593,-96.82006,1577500,383.0,,1483500.0,4908.0,6.0,5.0,4119.0,1991.0,10454.4,singleFamily,11.0,1102925.0,2025,https://www.zillow.com,https://photos.zillowstatic.com/fp/ff63ff762f1dbeb9aa019486a265555f-p_c.jpg,2026-09-21 14:50,For Sale
26881179,4408 Forest Bend Rd,75244,Dallas,TX,32.922997,-96.83408,1579000,403.0,,,,5.0,4.0,3920.0,1968.0,0.3644,singleFamily,10.0,1073000.0,2025,https://www.zillow.com,https://photos.zillowstatic.com/fp/dcd487b5a3e08c3a1b0782b8f9d21447-p_c.jpg,2026-09-21 14:50,For Sale
26826282,1729 Boca Chica Dr,75232,Dallas,TX,32.67108,-96.84865,699000,176.0,,673300.0,3623.0,4.0,2.0,3966.0,1958.0,0.393,singleFamily,29.0,396160.0,2025,https://www.zillow.com,https://photos.zillowstatic.com/fp/cecfa45ce6be5a66867c81389b58e44a-p_c.jpg,2026-09-21 14:50,For Sale
26757825,5619 Walnut Hill Ln,75229,Dallas,TX,32.8825,-96.81111,64000000,2362.0,,,,10.0,17.0,27092.0,1938.0,15.687,singleFamily,571.0,36042650.0,2025,https://www.zillow.com,https://photos.zillowstatic.com/fp/adeac1290c0448b20476ade24a279451-p_c.jpg,2026-09-21 14:50,For Sale
461476956,9327 Midway Rd,75220,Dallas,TX,32.866207,-96.837944,1995000,445.0,-79000.0,1943600.0,8726.0,5.0,5.0,4485.0,2025.0,10240.956,singleFamily,108.0,,,https://www.zillow.com,https://photos.zillowstatic.com/fp/f4a8fda814668ed611f0366f92690b1e-p_c.jpg,2026-09-21 14:50,For Sale
26701979,6941 Gaston Ave,75214,Dallas,TX,32.815536,-96.737885,2350000,310.0,-3450000.0,2257400.0,,6.0,6.0,7577.0,2025.0,0.987,singleFamily,30.0,3603590.0,2025,https://www.zillow.com,https://photos.zillowstatic.com/fp/ab7f164eef35ee04d4075ab419394e7f-p_c.jpg,2026-09-21 14:50,For Sale
26908289,2635 Oak Bend Ln,75227,Dallas,TX,32.790703,-96.78664,255000,158.0,-10000.0,,2117.0,3.0,2.0,1611.0,1986.0,3650.328,singleFamily,47.0,250090.0,2025,https://www.zillow.com,https://photos.zillowstatic.com/fp/4c9761f09bc2a5ef4376a35fab8eba34-p_c.jpg,2026-09-21 14:50,For Sale
26804900,4447 Alta Vista Ln,75229,Dallas,TX,32.904655,-96.832535,3950000,659.0,,,,5.0,6.0,5998.0,2016.0,0.427,singleFamily,3.0,3172360.0,2025,https://www.zillow.com,https://photos.zillowstatic.com/fp/8d884ecd85cb57e9cac870951c29ba3e-p_c.jpg,2026-09-21 14:50,For Sale
338039993,10010 Strait Ln,75229,Dallas,TX,32.880985,-96.823845,23895000,1432.0,,,,7.0,11.0,16684.0,2026.0,2.218,singleFamily,203.0,7052500.0,2025,https://www.zillow.com,https://photos.zillowstatic.com/fp/3896b8ebf7800635ab6f68c5c62ce7b5-p_c.jpg,2026-09-21 14:50,For Sale
26870431,14109 Rocksprings Ct,75254,Dallas,TX,32.939625,-96.80179,2350000,461.0,,2189800.0,6515.0,5.0,6.0,5100.0,1980.0,0.646,singleFamily,32.0,955000.0,2025,https://www.zillow.com,https://photos.zillowstatic.com/fp/56ec86f729d6c94224aaff0f2ecf7e6a-p_c.jpg,2026-09-21 14:50,For Sale
26696306,6242 Prospect Ave,75214,Dallas,TX,32.814735,-96.75712,1449000,634.0,,,,3.0,3.0,2284.0,1998.0,0.34500000000000003,singleFamily,3.0,1180000.0,2025,https://www.zillow.com,https://photos.zillowstatic.com/fp/7ad53b805abad2513897255dcb677110-p_c.jpg,2026-09-21 14:50,For Sale
26792549,4062 Valley Ridge Rd,75220,Dallas,TX,32.876884,-96.8437,2090000,445.0,,2033100.0,10642.0,5.0,5.0,4697.0,2026.0,7710.12,singleFamily,28.0,550000.0,2025,https://www.zillow.com,https://photos.zillowstatic.com/fp/42724407ddb9603c1fe969d3298d1bd1-p_c.jpg,2026-09-21 14:50,For Sale
26755829,6419 Lakehurst Ave,75230,Dallas,TX,32.884544,-96.79573,3895000,580.0,,,,5.0,7.0,6720.0,2000.0,0.427,singleFamily,3.0,3290000.0,2025,https://www.zillow.com,https://photos.zillowstatic.com/fp/1f4c931fbc4bea7bdb994ccc4c20c92b-p_c.jpg,2026-09-21 14:50,For Sale
2072989191,1223 Stafford St,75208,Dallas,TX,32.77095,-96.84125,1650000,516.0,,1601700.0,,3.0,4.0,3200.0,2026.0,0.342,singleFamily,4.0,,,https://www.zillow.com,https://photos.zillowstatic.com/fp/ff5af5ec425ed2bda3f4cf75843d76c5-p_c.jpg,2026-09-21 14:50,For Sale
26842321,2905 Highwood Dr,75228,Dallas,TX,32.83001,-96.66576,325000,247.0,,316000.0,2417.0,3.0,2.0,1318.0,1954.0,9975.24,singleFamily,23.0,262600.0,2025,https://www.zillow.com,https://photos.zillowstatic.com/fp/be5a3c03b88a24898830213feb9e978e-p_c.jpg,2026-09-21 14:50,For Sale
26754258,6811 Del Norte Ln,75225,Dallas,TX,32.868965,-96.78791,1499000,396.0,,,,4.0,5.0,3789.0,2015.0,4791.6,singleFamily,10.0,1492580.0,2025,https://www.zillow.com,https://photos.zillowstatic.com/fp/8a2b2b3e3d00a00ff08c6ab8e2106ff1-p_c.jpg,2026-09-21 14:50,For Sale
26695264,5539 Ridgedale Ave,75206,Dallas,TX,32.82577,-96.77311,1399000,453.0,,1329700.0,6308.0,4.0,4.0,3087.0,1926.0,7230.96,singleFamily,2.0,1086850.0,2025,https://www.zillow.com,https://photos.zillowstatic.com/fp/5d93b6ec273e6cb281f87891b7c0af50-p_c.jpg,2026-09-21 14:50,For Sale
26694894,5838 Morningside Ave,75206,Dallas,TX,32.828655,-96.76626,899000,415.0,,871000.0,4210.0,3.0,2.0,2168.0,1924.0,7143.84,singleFamily,3.0,846670.0,2025,https://www.zillow.com,https://photos.zillowstatic.com/fp/16306baa42b7d8437f209fba4d636bbc-p_c.jpg,2026-09-21 14:50,For Sale
26739016,7525 Holly Hill Dr APT 10,75231,Dallas,TX,32.88009,-96.75418,150000,140.0,,144400.0,1733.0,2.0,2.0,1069.0,1980.0,2.728,condo,24.0,187080.0,2025,https://www.zillow.com,https://photos.zillowstatic.com/fp/55e3649c04bb7e0ee99124374678fd8e-p_c.jpg,2026-09-21 14:50,For Sale
26866855,9777 Broken Bow Rd,75238,Dallas,TX,32.876736,-96.718895,729500,395.0,,700600.0,2917.0,3.0,2.0,1848.0,1962.0,9104.04,singleFamily,2.0,722850.0,2025,https://www.zillow.com,https://photos.zillowstatic.com/fp/042474b09c3514ed69b031d88c1ab36a-p_c.jpg,2026-09-21 14:50,For Sale
26900086,6920 Gaston Ave,75214,Dallas,TX,32.81493,-96.739174,1699000,412.0,,,,5.0,5.0,4121.0,1982.0,0.467,singleFamily,3.0,1270360.0,2025,https://www.zillow.com,https://photos.zillowstatic.com/fp/6feb2f6814e786cc4ccb14c90b0fea24-p_c.jpg,2026-09-21 14:50,For Sale
341774501,4029 Ivanhoe Ln,75212,Dallas,TX,32.792294,-96.85557,650000,168.0,-80000.0,649100.0,5400.0,5.0,4.0,3868.0,2023.0,7666.56,singleFamily,359.0,902480.0,2025,https://www.zillow.com,https://photos.zillowstatic.com/fp/6fa3ac75b3fcee965794e419c9129538-p_c.jpg,2026-09-21 14:50,For Sale
448162049,1900 S Ervay St #310,75215,Dallas,TX,32.769684,-96.78631,319000,355.0,,,,1.0,2.0,898.0,2026.0,0.601,condo,10.0,,,https://www.zillow.com,https://photos.zillowstatic.com/fp/0abc87b3c716941f0273425e13399def-p_c.jpg,2026-09-21 14:50,For Sale
26869064,9023 Glen Springs Cir,75243,Dallas,TX,32.900352,-96.73036,615000,206.0,,595900.0,5575.0,4.0,3.0,2991.0,1975.0,0.264,singleFamily,6.0,698890.0,2025,https://www.zillow.com,https://photos.zillowstatic.com/fp/149e3da959794a3ab1c2893671c867a6-p_c.jpg,2026-09-21 14:50,For Sale
26755092,6207 Joyce Way,75225,Dallas,TX,32.879406,-96.79949,6999000,859.0,,,,5.0,9.0,8145.0,2025.0,0.501,singleFamily,3.0,2688370.0,2025,https://www.zillow.com,https://photos.zillowstatic.com/fp/04ddebb2de0eb0502bfe4f7187f23052-p_c.jpg,2026-09-21 14:50,For Sale
26719823,3134 W Jefferson Blvd,75211,Dallas,TX,32.743885,-96.872894,279900,220.0,,277800.0,2051.0,3.0,2.0,1272.0,1947.0,8799.12,singleFamily,10.0,277910.0,2025,https://www.zillow.com,https://photos.zillowstatic.com/fp/836fec59f8972ecf1ee96ebd99a7891c-p_c.jpg,2026-09-21 14:50,For Sale
26897017,2232 S Beltline Rd,75253,Dallas,TX,32.670956,-96.60657,200000,117.0,,,,4.0,2.0,1712.0,1953.0,2.62,singleFamily,6.0,390790.0,2025,https://www.zillow.com,https://photos.zillowstatic.com/fp/deb04c9efa9a8dd27d053058737cb723-p_c.jpg,2026-09-21 14:50,For Sale
26688785,4234 Jamaica St,75210,Dallas,TX,32.774414,-96.74749,350000,186.0,,348500.0,2478.0,3.0,3.0,1882.0,2026.0,6272.64,singleFamily,32.0,53290.0,2025,https://www.zillow.com,https://photos.zillowstatic.com/fp/31e5b808132f91227599e9d657575dc4-p_c.jpg,2026-09-21 14:50,For Sale
26898272,4242 Travis St APT 102,75205,Dallas,TX,32.818356,-96.79271,575000,433.0,,559400.0,3374.0,2.0,3.0,1328.0,1981.0,1132.56,townhome,3.0,466340.0,2025,https://www.zillow.com,https://photos.zillowstatic.com/fp/4e281076cd510d3066cea71b098682e6-p_c.jpg,2026-09-21 14:50,For Sale
26693640,6345 Goliad Ave,75214,Dallas,TX,32.818417,-96.75403,1299000,328.0,,,,4.0,5.0,3958.0,2006.0,7492.32,singleFamily,2.0,1438270.0,2025,https://www.zillow.com,https://photos.zillowstatic.com/fp/5d0706cfc543c87167f2d9519b666aa7-p_c.jpg,2026-09-21 14:50,For Sale
465180307,5514 Winton St,75206,Dallas,TX,32.835346,-96.77306,1135000,400.0,,1094800.0,7895.0,3.0,3.0,2840.0,2024.0,3898.62,singleFamily,10.0,,,https://www.zillow.com,https://photos.zillowstatic.com/fp/0f47f366afd6b87bc1772572ba93b6cb-p_c.jpg,2026-09-21 14:50,For Sale
53389404,3312 Throckmorton St,75219,Dallas,TX,32.812103,-96.80947,650000,322.0,-15000.0,639700.0,3822.0,3.0,3.0,2019.0,1999.0,2134.44,townhome,109.0,588080.0,2025,https://www.zillow.com,https://photos.zillowstatic.com/fp/aceb8d9599a502a347bb9b74beb531e8-p_c.jpg,2026-09-21 14:50,For Sale
96535551,10011 Lennox Ln,75229,Dallas,TX,32.88064,-96.827805,12895000,1125.0,,11885500.0,,6.0,9.0,11460.0,2026.0,1.515,singleFamily,19.0,5576710.0,2025,https://www.zillow.com,https://photos.zillowstatic.com/fp/32c2e17721ed5a04e2e6503e44321de3-p_c.jpg,2026-09-21 14:50,For Sale
26914356,5212 Whispering Oaks Dr,75236,Dallas,TX,32.68258,-96.922874,335000,130.0,,326800.0,3637.0,3.0,3.0,2577.0,1987.0,10715.76,singleFamily,3.0,441000.0,2025,https://www.zillow.com,https://photos.zillowstatic.com/fp/902f78c221bc9035a1423061b8305632-p_c.jpg,2026-09-21 14:50,For Sale
67957487,6940 Chapelridge Dr,75249,Dallas,TX,32.657593,-96.94592,399999,127.0,-20001.0,397000.0,3239.0,4.0,3.0,3141.0,2003.0,5706.36,singleFamily,53.0,468610.0,2025,https://www.zillow.com,https://photos.zillowstatic.com/fp/18ff73fe65953a00d14194d18502daa1-p_c.jpg,2026-09-21 14:50,For Sale
26702868,6042 Mercedes Ave,75206,Dallas,TX,32.827644,-96.76177,995000,541.0,,958900.0,3815.0,3.0,3.0,1840.0,1983.0,7927.92,singleFamily,4.0,631700.0,2025,https://www.zillow.com,https://photos.zillowstatic.com/fp/35f64d69f0f14ae3004aca6323d7c814-p_c.jpg,2026-09-21 14:50,For Sale
26760258,5718 W Hanover Ave,75209,Dallas,TX,32.85495,-96.81445,2225000,692.0,,,,4.0,4.0,3213.0,2015.0,7492.32,singleFamily,3.0,1991730.0,2025,https://www.zillow.com,https://photos.zillowstatic.com/fp/49ee991a3241943a0ebef1f9a9557232-p_c.jpg,2026-09-21 14:50,For Sale
26892486,7334 Oakmore Dr,75249,Dallas,TX,32.63114,-96.95059,299897,144.0,-9102.0,,2965.0,4.0,2.0,2083.0,1979.0,6664.68,singleFamily,81.0,300810.0,2025,https://www.zillow.com,https://photos.zillowstatic.com/fp/df5bdf5606e9132163a16a7f3accc1e3-p_c.jpg,2026-09-21 14:50,For Sale
26891340,9519 County View Rd,75249,Dallas,TX,32.635117,-96.95368,257000,183.0,,254600.0,2250.0,5.0,2.0,1408.0,1981.0,7056.72,singleFamily,72.0,281740.0,2025,https://www.zillow.com,https://photos.zillowstatic.com/fp/261335cf707d937767ad18a25c19432e-p_c.jpg,2026-09-21 14:50,For Sale
26825574,5810 Caracas Dr,75232,Dallas,TX,32.67629,-96.84543,280000,182.0,,278700.0,2034.0,3.0,2.0,1537.0,1963.0,10018.8,singleFamily,3.0,298850.0,2025,https://www.zillow.com,https://photos.zillowstatic.com/fp/c55a94d092a759cd8389a190b3457109-p_c.jpg,2026-09-21 14:50,For Sale
26791133,2219 McCutcheon Ln,75227,Dallas,TX,32.751595,-96.67443,189880,88.0,,188100.0,2471.0,4.0,3.0,2163.0,1959.0,7535.88,singleFamily,10.0,270910.0,2025,https://www.zillow.com,https://photos.zillowstatic.com/fp/6e7e50e22a7b837895dbfd99deccd0d5-p_c.jpg,2026-09-21 14:50,For Sale
26910983,13715 Creekside Pl,75240,Dallas,TX,32.933872,-96.78956,995000,275.0,,961200.0,5182.0,4.0,3.0,3624.0,1983.0,6577.56,singleFamily,6.0,1086580.0,2025,https://www.zillow.com,https://photos.zillowstatic.com/fp/ef8f59a7dbafcfb9d12204666a77702f-p_c.jpg,2026-09-21 14:50,For Sale
26813714,5515 Glen Forest Ln,75241,Dallas,TX,32.67929,-96.82003,159000,90.0,,228900.0,2027.0,4.0,2.0,1758.0,1964.0,0.25,singleFamily,2.0,245130.0,2025,https://www.zillow.com,https://photos.zillowstatic.com/fp/ef089a6dfbd1c51a5c914f73e1cc65b7-p_c.jpg,2026-09-21 14:50,For Sale
26888089,9707 Smokefeather Ln,75243,Dallas,TX,32.920444,-96.73845,349000,161.0,,341300.0,2575.0,4.0,3.0,2171.0,1977.0,3267.0,townhome,11.0,299250.0,2025,https://www.zillow.com,https://photos.zillowstatic.com/fp/fa0f086e8bd1a5a10748c186f8f941a4-p_c.jpg,2026-09-21 14:50,For Sale
26806731,10226 Coppedge Ln,75229,Dallas,TX,32.885597,-96.850525,2999000,504.0,,,,5.0,6.0,5956.0,2025.0,0.368,singleFamily,2.0,821060.0,2025,https://www.zillow.com,https://photos.zillowstatic.com/fp/4dcb3ca0677b272bf509d36889e002c6-p_c.jpg,2026-09-21 14:50,For Sale
26873552,7402 Bluefield Dr,75248,Dallas,TX,32.971924,-96.780106,735000,276.0,,709300.0,4248.0,4.0,3.0,2667.0,1973.0,8276.4,singleFamily,3.0,622860.0,2025,https://www.zillow.com,https://photos.zillowstatic.com/fp/f0a011eaeebb21d302d4e9f23f989210-p_c.jpg,2026-09-21 14:50,For Sale
26706994,6707 Southridge Dr,75214,Dallas,TX,32.829487,-96.745384,1425000,584.0,,,,3.0,3.0,2439.0,1950.0,9801.0,singleFamily,2.0,1241180.0,2025,https://www.zillow.com,https://photos.zillowstatic.com/fp/09e4a876272585321233ecd6eabb1fd1-p_c.jpg,2026-09-21 14:50,For Sale
26727671,2510 W Jefferson Blvd,75211,Dallas,TX,32.74756,-96.85934,290000,199.0,,283300.0,2676.0,3.0,2.0,1456.0,1939.0,6577.56,singleFamily,23.0,291640.0,2025,https://www.zillow.com,https://photos.zillowstatic.com/fp/bb4ab789b450903bedb995ab5721aa1b-p_c.jpg,2026-09-21 14:50,For Sale
26696399,5223 Colonial Ave,75215,Dallas,TX,32.744267,-96.759224,214999,130.0,-15001.0,213600.0,2392.0,4.0,2.0,1656.0,2024.0,7013.16,singleFamily,157.0,433110.0,2025,https://www.zillow.com,https://photos.zillowstatic.com/fp/1ffb12a24ca85cf9a7cc33cbfa96e1b2-p_c.jpg,2026-09-21 14:50,For Sale
26877201,5702 Club Oaks Dr,75248,Dallas,TX,32.982136,-96.818726,1599999,380.0,,1518000.0,6252.0,4.0,4.0,4216.0,1977.0,0.36,singleFamily,11.0,1872150.0,2025,https://www.zillow.com,https://photos.zillowstatic.com/fp/415d5afe30e23863aee3d4eddbb69f24-p_c.jpg,2026-09-21 14:50,For Sale
26801105,8752 Woodcastle Dr,75217,Dallas,TX,32.73479,-96.66835,150000,127.0,-9500.0,148900.0,1752.0,3.0,2.0,1182.0,1949.0,8755.56,singleFamily,134.0,225730.0,2025,https://www.zillow.com,https://photos.zillowstatic.com/fp/71eea6337ea22bfac07a52c816c5b3d2-p_c.jpg,2026-09-21 14:50,For Sale
96515804,2507 Fatima Ave,75241,Dallas,TX,32.675823,-96.780785,397700,185.0,-2000.0,396800.0,2640.0,4.0,3.0,2147.0,2026.0,5837.04,singleFamily,66.0,96630.0,2025,https://www.zillow.com,https://photos.zillowstatic.com/fp/fa9850239ea14c72310d640b0a4eab7e-p_c.jpg,2026-09-21 14:50,For Sale
26782428,1520 Sutter St,75216,Dallas,TX,32.713272,-96.8027,150000,105.0,,174000.0,1893.0,3.0,2.0,1423.0,1950.0,9147.6,singleFamily,4.0,213100.0,2025,https://www.zillow.com,https://photos.zillowstatic.com/fp/6fd901e31c23a927d499decc024f8167-p_c.jpg,2026-09-21 14:50,For Sale
26759632,5205 Park Ln,75220,Dallas,TX,32.87472,-96.819115,17750000,1566.0,,,,4.0,7.0,11331.0,2000.0,2.3,singleFamily,34.0,10831260.0,2025,https://www.zillow.com,https://photos.zillowstatic.com/fp/5e79b72d9c8618b14d84ba9fdb4f9ec2-p_c.jpg,2026-09-21 14:50,For Sale
26914550,5668 Centeridge Dr,75249,Dallas,TX,32.658012,-96.96212,150000,102.0,-70000.0,147400.0,2217.0,3.0,2.0,1476.0,1997.0,5723.784,singleFamily,80.0,280610.0,2025,https://www.zillow.com,https://photos.zillowstatic.com/fp/06748a8045dbe4dfd50a4f7e180000b2-p_c.jpg,2026-09-21 14:50,For Sale
26891180,7426 Elderberry Ln,75249,Dallas,TX,32.645588,-96.95042,265000,139.0,,262400.0,3032.0,4.0,3.0,1902.0,1979.0,6969.6,singleFamily,2.0,271000.0,2025,https://www.zillow.com,https://photos.zillowstatic.com/fp/9b8a36b4c73c894c686cdc8011650412-p_c.jpg,2026-09-21 14:50,For Sale
26740770,8715 Forest Hills Blvd,75218,Dallas,TX,32.823067,-96.710236,1300000,456.0,,1252100.0,3067.0,3.0,3.0,2854.0,2018.0,8145.72,singleFamily,2.0,1343460.0,2025,https://www.zillow.com,https://photos.zillowstatic.com/fp/f4ef98569ac0e429f1562f67a10e4084-p_c.jpg,2026-09-21 14:50,For Sale
26814280,6625 Speight St,75232,Dallas,TX,32.66712,-96.82705,187900,98.0,-2000.0,,2466.0,5.0,3.0,1913.0,1949.0,10236.6,singleFamily,46.0,133220.0,2025,https://www.zillow.com,https://photos.zillowstatic.com/fp/7ad37d6f718ce268a186c1e448abb6ff-p_c.jpg,2026-09-21 14:50,For Sale
26752931,7387 Blairview Dr,75230,Dallas,TX,32.881042,-96.77529,2745000,520.0,,2650400.0,8395.0,5.0,7.0,5278.0,2025.0,0.271,singleFamily,1.0,976900.0,2025,https://www.zillow.com,https://photos.zillowstatic.com/fp/0ccd522e558649f5a9b4b028e62fa876-p_c.jpg,2026-09-21 14:50,For Sale
2084006520,5716 Goliad Ave,75206,Dallas,TX,32.818306,-96.769356,850000,326.0,,816300.0,2972.0,4.0,4.0,2608.0,1935.0,8799.12,multiFamily,5.0,,,https://www.zillow.com,https://photos.zillowstatic.com/fp/8012890922acb69ac1204637b599c4a6-p_c.jpg,2026-09-21 14:50,For Sale
125235561,8615 Thorbrush Pl,75238,Dallas,TX,32.86643,-96.70114,709000,269.0,,690500.0,4507.0,3.0,3.0,2635.0,2016.0,5967.72,singleFamily,9.0,666910.0,2025,https://www.zillow.com,https://photos.zillowstatic.com/fp/5148e4ac4fe2ed5a87235af371a5021c-p_c.jpg,2026-09-21 14:50,For Sale
69677129,1122 Jackson St APT 709,75202,Dallas,TX,32.778316,-96.80129,250000,225.0,-15000.0,239700.0,2185.0,1.0,1.0,1111.0,1925.0,0.984,condo,52.0,227760.0,2025,https://www.zillow.com,https://photos.zillowstatic.com/fp/d6336e321e903bf146c3c65a9063bead-p_c.jpg,2026-09-21 14:50,For Sale
27325226,19044 Bilbrook Ln,75287,Dallas,TX,33.010933,-96.86381,370000,224.0,,361900.0,2635.0,4.0,2.0,1653.0,1983.0,8276.4,singleFamily,4.0,358241.0,2025,https://www.zillow.com,https://photos.zillowstatic.com/fp/8058cb013615a85f84aa46fd71acc637-p_c.jpg,2026-09-21 14:50,For Sale
26727309,3323 Ivandell Ave,75211,Dallas,TX,32.736153,-96.875145,450000,352.0,,,,3.0,2.0,1280.0,1948.0,7492.32,singleFamily,2.0,293230.0,2025,https://www.zillow.com,https://photos.zillowstatic.com/fp/98b84be3819c4896fb519ae61166c3ce-p_c.jpg,2026-09-21 14:50,For Sale
26756842,5945 Royal Crest Dr,75230,Dallas,TX,32.899727,-96.80551,4400000,723.0,-75000.0,4239900.0,,5.0,7.0,6083.0,2026.0,0.37900000000000006,singleFamily,14.0,2200000.0,2025,https://www.zillow.com,https://photos.zillowstatic.com/fp/01557ec426853e8cee7552af41f4e726-p_c.jpg,2026-09-21 14:50,For Sale
84004276,6955 Clay Academy Blvd,75236,Dallas,TX,32.698723,-96.94488,575000,149.0,,561400.0,3982.0,4.0,4.0,3861.0,2007.0,8319.96,singleFamily,3.0,556660.0,2025,https://www.zillow.com,https://photos.zillowstatic.com/fp/89e8572bc553cd105a63e75c88f4399b-p_c.jpg,2026-09-21 14:50,For Sale
26805290,4039 Goodfellow Dr,75229,Dallas,TX,32.909172,-96.84171,1499000,433.0,,1408900.0,5365.0,4.0,4.0,3465.0,1963.0,0.367,singleFamily,3.0,770410.0,2025,https://www.zillow.com,https://photos.zillowstatic.com/fp/4ce68e82f4b2c328fc329a8f95964de0-p_c.jpg,2026-09-21 14:50,For Sale
333140526,5531 Walnut Hill Ln,75229,Dallas,TX,32.88134,-96.81123,14997000,1250.0,-998000.0,13892300.0,,5.0,9.0,11997.0,2025.0,1.935,singleFamily,195.0,9628680.0,2025,https://www.zillow.com,https://photos.zillowstatic.com/fp/b66ba1ba3e875d4f7420766b86704a95-p_c.jpg,2026-09-21 14:50,For Sale
26845328,10216 Plummer Dr,75228,Dallas,TX,32.837864,-96.653984,399950,189.0,-56450.0,393700.0,3239.0,3.0,3.0,2114.0,1956.0,0.40199999999999997,singleFamily,37.0,377800.0,2025,https://www.zillow.com,https://photos.zillowstatic.com/fp/603df4b08bc9717464ba2a1cdcea6dc3-p_c.jpg,2026-09-21 14:50,For Sale
96526846,1507 Elk Creek Rd,75253,Dallas,TX,32.688972,-96.61076,509000,208.0,-30000.0,,,5.0,4.0,2445.0,2026.0,0.34500000000000003,singleFamily,181.0,80000.0,2025,https://www.zillow.com,https://photos.zillowstatic.com/fp/cda060923d98fd231e37f90be8f054ef-p_c.jpg,2026-09-21 14:50,For Sale
26701848,6839 Gaston Ave,75214,Dallas,TX,32.816296,-96.742165,1550000,515.0,,,,3.0,5.0,3011.0,1936.0,8929.8,singleFamily,0.0,780310.0,2025,https://www.zillow.com,https://photos.zillowstatic.com/fp/fab42bc85bcb81fbf3ec3ab621f0771e-p_c.jpg,2026-09-21 14:50,For Sale
26829391,5517 Charlestown Dr,75230,Dallas,TX,32.918186,-96.81555,2495000,460.0,,,,5.0,6.0,5422.0,2013.0,0.362,singleFamily,2.0,2655140.0,2025,https://www.zillow.com,https://photos.zillowstatic.com/fp/81913e5d1c2d7feaf2488e07bef988a7-p_c.jpg,2026-09-21 14:50,For Sale
26890250,11901 Woodbridge Dr,75243,Dallas,TX,32.91062,-96.71476,565000,206.0,-14000.0,,,4.0,3.0,2742.0,1980.0,0.25,singleFamily,47.0,471240.0,2025,https://www.zillow.com,https://photos.zillowstatic.com/fp/9343800107cb5e909e0072cbbf325c1b-p_c.jpg,2026-09-21 14:50,For Sale
26696331,5338 Mercedes Ave,75206,Dallas,TX,32.827965,-96.77797,1599000,403.0,,1520100.0,5885.0,5.0,5.0,3963.0,1925.0,7797.24,singleFamily,9.0,1348140.0,2025,https://www.zillow.com,https://photos.zillowstatic.com/fp/2a01703a452d6fd2b67dead86d744517-p_c.jpg,2026-09-21 14:50,For Sale
26790247,9733 Mixon Dr,75220,Dallas,TX,32.871853,-96.853004,1585000,485.0,,,,3.0,4.0,3269.0,2019.0,7971.48,singleFamily,0.0,1357670.0,2025,https://www.zillow.com,https://photos.zillowstatic.com/fp/1127b0f5159dffbc922676bfc03a98d9-p_c.jpg,2026-09-21 14:50,For Sale
26854980,1830 Altadena Ln,75232,Dallas,TX,32.65379,-96.84844,289900,156.0,,283900.0,2167.0,3.0,2.0,1862.0,1968.0,8102.16,singleFamily,5.0,259580.0,2025,https://www.zillow.com,https://photos.zillowstatic.com/fp/d957a16f176cb9f0010bb2891965ca73-p_c.jpg,2026-09-21 14:50,For Sale
26864418,10310 Mosscrest Dr,75238,Dallas,TX,32.88998,-96.71171,1300000,317.0,,1224800.0,6657.0,4.0,4.0,4101.0,1968.0,9016.92,singleFamily,17.0,558000.0,2025,https://www.zillow.com,https://photos.zillowstatic.com/fp/89069007ec602295e84d0ba81ebff1fb-p_c.jpg,2026-09-21 14:50,For Sale
26692603,4519 Rusk Ave,75204,Dallas,TX,32.807957,-96.78516,865000,322.0,,835600.0,5160.0,3.0,3.0,2684.0,2018.0,3267.0,singleFamily,10.0,840530.0,2025,https://www.zillow.com,https://photos.zillowstatic.com/fp/dac95e5487a2a38a01b84fd0215941b4-p_c.jpg,2026-09-21 14:50,For Sale
53077473,6634 Mimms Dr,75252,Dallas,TX,33.000607,-96.78772,1025000,338.0,,986900.0,5142.0,4.0,4.0,3036.0,1985.0,8712.0,singleFamily,2.0,718840.0,2025,https://www.zillow.com,https://photos.zillowstatic.com/fp/1d511e04b972c1b8ae569c410bce1b3a-p_c.jpg,2026-09-21 14:50,For Sale
26850456,9759 Shoreview Rd,75238,Dallas,TX,32.8654,-96.71825,535000,255.0,,,,3.0,2.0,2097.0,1960.0,10410.84,singleFamily,5.0,649010.0,2025,https://www.zillow.com,https://photos.zillowstatic.com/fp/074a656c5abe677d5ba85c7bf478ddc0-p_c.jpg,2026-09-21 14:50,For Sale
26767111,2319 Kathleen Ave,75216,Dallas,TX,32.705616,-96.790436,105000,116.0,-5000.0,,1560.0,3.0,1.0,904.0,1948.0,5924.16,singleFamily,149.0,167190.0,2025,https://www.zillow.com,https://photos.zillowstatic.com/fp/1ed857364c42c34f4a417389badd9ba8-p_c.jpg,2026-09-21 14:50,For Sale
26754473,6438 Deloache Ave,75225,Dallas,TX,32.8703,-96.793785,4325000,678.0,,,,5.0,9.0,6383.0,2021.0,0.41500000000000004,singleFamily,1.0,3892440.0,2025,https://www.zillow.com,https://photos.zillowstatic.com/fp/28b80b044197980cfb1dc2d4989545e6-p_c.jpg,2026-09-21 14:50,For Sale
69667854,3022 Canada Dr,75212,Dallas,TX,32.79221,-96.86945,350000,216.0,,343100.0,2357.0,4.0,2.0,1622.0,2005.0,0.27599999999999997,singleFamily,3.0,330460.0,2025,https://www.zillow.com,https://photos.zillowstatic.com/fp/5cb0d6abcf92b36ae5dd849b222b40d8-p_c.jpg,2026-09-21 14:50,For Sale
26598918,6803 Fernshaw Dr,75248,Dallas,TX,32.98698,-96.791695,565000,242.0,,,,3.0,3.0,2333.0,1978.0,8712.0,singleFamily,6.0,506457.0,2025,https://www.zillow.com,https://photos.zillowstatic.com/fp/942cd82cb0dd86e3235d7f3e10384a37-p_c.jpg,2026-09-21 14:50,For Sale
26806459,3777 Duchess Trl,75229,Dallas,TX,32.893154,-96.853226,1500000,427.0,,1419800.0,5394.0,4.0,3.0,3509.0,1972.0,0.342,singleFamily,9.0,790930.0,2025,https://www.zillow.com,https://photos.zillowstatic.com/fp/8be440a0719a3f07d2221645f5b6c9f9-p_c.jpg,2026-09-21 14:50,For Sale
26812734,3038 Talisman Dr,75229,Dallas,TX,32.902794,-96.87628,420000,201.0,,402900.0,2770.0,3.0,2.0,2088.0,1959.0,7274.52,singleFamily,12.0,373270.0,2025,https://www.zillow.com,https://photos.zillowstatic.com/fp/64648209560f1c16cf143b10a90262c4-p_c.jpg,2026-09-21 14:50,For Sale
26712526,803 S Oak Cliff Blvd,75208,Dallas,TX,32.738186,-96.85335,157000,122.0,,,,3.0,1.0,1288.0,1931.0,7492.32,singleFamily,0.0,311400.0,2025,https://www.zillow.com,https://photos.zillowstatic.com/fp/0d5459e12f30d8db166efea0aa8c1ac5-p_c.jpg,2026-09-21 14:50,For Sale
26870472,6321 Spring Valley Rd,75254,Dallas,TX,32.939075,-96.79835,1599900,321.0,,1512800.0,7029.0,5.0,5.0,4982.0,1984.0,0.653,singleFamily,9.0,1367330.0,2025,https://www.zillow.com,https://photos.zillowstatic.com/fp/be1f926c813eae49d60c5227e5ac1141-p_c.jpg,2026-09-21 14:50,For Sale
26755175,6031 Lupton Dr,75225,Dallas,TX,32.877293,-96.80259,5800000,828.0,-100000.0,5501200.0,,5.0,7.0,7009.0,2025.0,0.43199999999999994,singleFamily,14.0,2570190.0,2025,https://www.zillow.com,https://photos.zillowstatic.com/fp/0ecec814f8494c805c5f940886cdfcc1-p_c.jpg,2026-09-21 14:50,For Sale
26873599,7321 Bluefield Dr,75248,Dallas,TX,32.97239,-96.78037,879000,358.0,,,,4.0,3.0,2456.0,1973.0,8450.64,singleFamily,2.0,555020.0,2025,https://www.zillow.com,https://photos.zillowstatic.com/fp/90746d85cd6e9964d7ecc6b8da0b0e5e-p_c.jpg,2026-09-21 14:50,For Sale
26769792,1710 Western Park Dr,75211,Dallas,TX,32.72682,-96.89775,279900,161.0,-15100.0,,,3.0,2.0,1741.0,1965.0,7579.44,singleFamily,134.0,340000.0,2025,https://www.zillow.com,https://photos.zillowstatic.com/fp/98a82fabb594fbd29ce4f0a9610184ea-p_c.jpg,2026-09-21 14:50,For Sale
120753841,5841 Oram St #1,75206,Dallas,TX,32.814125,-96.76633,560000,400.0,,544600.0,3016.0,2.0,3.0,1400.0,2012.0,7187.4,townhome,3.0,341280.0,2025,https://www.zillow.com,https://photos.zillowstatic.com/fp/b91f2641e735ad36edb1b46ce2ad8c4c-p_c.jpg,2026-09-21 14:50,For Sale
26875830,16821 Park Hill Dr,75248,Dallas,TX,32.980717,-96.78866,974000,312.0,,933000.0,5794.0,4.0,4.0,3120.0,1975.0,0.253,singleFamily,6.0,826290.0,2025,https://www.zillow.com,https://photos.zillowstatic.com/fp/e8225a8e07ea69f7cb66e0b0a7632474-p_c.jpg,2026-09-21 14:50,For Sale
26766886,2130 Kathleen Ave,75216,Dallas,TX,32.7037,-96.7933,379000,180.0,,375600.0,2911.0,5.0,3.0,2100.0,2025.0,7143.84,singleFamily,38.0,70000.0,2025,https://www.zillow.com,https://photos.zillowstatic.com/fp/83a5a5cbb202ac44d304eba5ea82939e-p_c.jpg,2026-09-21 14:50,For Sale
96514370,2418 Merlin St,75215,Dallas,TX,32.77463,-96.77442,299900,180.0,14900.0,298100.0,2600.0,3.0,3.0,1669.0,2025.0,,singleFamily,430.0,90000.0,2025,https://www.zillow.com,https://photos.zillowstatic.com/fp/91b90021b7264137b0710455580e2b4f-p_c.jpg,2026-09-21 14:50,For Sale
26784662,3230 Rock Bluff Dr,75227,Dallas,TX,32.765625,-96.69388,270000,150.0,-5000.0,,2389.0,3.0,2.0,1800.0,1958.0,9626.76,singleFamily,94.0,292430.0,2025,https://www.zillow.com,https://photos.zillowstatic.com/fp/0e11ca6511bd82ff27c6a67897d69e96-p_c.jpg,2026-09-21 14:50,For Sale
26694940,5834 Monticello Ave,75206,Dallas,TX,32.826736,-96.766426,1299900,474.0,,1250900.0,6070.0,4.0,3.0,2740.0,1926.0,7100.28,singleFamily,16.0,989000.0,2025,https://www.zillow.com,https://photos.zillowstatic.com/fp/caf11f65f07a71ac337df234ee1afa63-p_c.jpg,2026-09-21 14:50,For Sale
26860501,333 Levant Ave,75217,Dallas,TX,32.707348,-96.64664,265000,170.0,,257200.0,1797.0,4.0,2.0,1562.0,1945.0,0.26899999999999996,singleFamily,0.0,173370.0,2025,https://www.zillow.com,https://photos.zillowstatic.com/fp/2c202adf1c62d639ca2ba85f17c9129c-p_c.jpg,2026-09-21 14:50,For Sale
26705636,4637 Rockaway Dr,75214,Dallas,TX,32.844624,-96.741684,710000,490.0,,,,2.0,2.0,1450.0,1952.0,8650.0,singleFamily,,666770.0,2025,https://www.zillow.com,https://photos.zillowstatic.com/fp/cd1cefd10339c4115d07bfc3c5532f0f-p_c.jpg,2026-09-21 14:50,For Sale
26728183,2865 Alden Ave,75211,Dallas,TX,32.74245,-96.868164,625000,323.0,,599600.0,2442.0,3.0,2.0,1932.0,1940.0,0.26899999999999996,singleFamily,10.0,443390.0,2025,https://www.zillow.com,https://photos.zillowstatic.com/fp/228065e7d4b4a85a6746c3e0c57e16be-p_c.jpg,2026-09-21 14:50,For Sale
84001037,1043 Condor Dr,75051,Grand Prairie,TX,32.73317,-96.9891,0,0.0,,292000.0,2735.0,4.0,2.0,1853.0,2007.0,6098.4,singleFamily,0.0,325730.0,2025,https://www.zillow.com,https://photos.zillowstatic.com/fp/b455da00d77ba2da28fd33b4bb13f049-p_c.jpg,2026-09-21 14:50,For Sale
96513896,10617 Bridge Hollow Ct,75229,Dallas,TX,32.891712,-96.821815,11500000,785.0,,,,6.0,10.0,14653.0,2018.0,1.442,singleFamily,37.0,13054400.0,2025,https://www.zillow.com,https://photos.zillowstatic.com/fp/1cad1d90350deecefe93978d5081628a-p_c.jpg,2026-09-21 14:50,For Sale
26800779,8949 Shorelark Dr,75217,Dallas,TX,32.740013,-96.66689,299990,155.0,,292600.0,2070.0,4.0,2.0,1939.0,1971.0,8494.2,singleFamily,12.0,286350.0,2025,https://www.zillow.com,https://photos.zillowstatic.com/fp/c960178e8eae04fe70542be203a65b8d-p_c.jpg,2026-09-21 14:50,For Sale
26723849,1227 Wilbur St,75224,Dallas,TX,32.722607,-96.84315,325000,177.0,-24000.0,322500.0,2437.0,5.0,2.0,1832.0,1937.0,7840.8,singleFamily,58.0,382770.0,2025,https://www.zillow.com,https://photos.zillowstatic.com/fp/136f635ebce59281e6d3b69cae63684e-p_c.jpg,2026-09-21 14:50,For Sale
26736534,3727 Hawick Ln,75220,Dallas,TX,32.86377,-96.85484,425000,299.0,,414300.0,2577.0,3.0,1.0,1420.0,1952.0,7448.76,singleFamily,0.0,412370.0,2025,https://www.zillow.com,https://photos.zillowstatic.com/fp/6625702f62cc635d584bddcc295f3061-p_c.jpg,2026-09-21 14:50,For Sale
26705975,6534 Anita St,75214,Dallas,TX,32.834106,-96.74842,3450000,668.0,,3331900.0,3815.0,5.0,7.0,5168.0,2026.0,7248.384,singleFamily,4.0,825730.0,2025,https://www.zillow.com,https://photos.zillowstatic.com/fp/90d88d4d70e614fd4feb9364154f38c4-p_c.jpg,2026-09-21 14:50,For Sale
26810764,3121 Park Ln #1145,75220,Dallas,TX,32.87637,-96.87357,85000,88.0,-2500.0,,1566.0,2.0,2.0,970.0,1969.0,9.125,townhome,45.0,135800.0,2025,https://www.zillow.com,https://photos.zillowstatic.com/fp/b7e760e2db8e4b916c2af2247af1b12a-p_c.jpg,2026-09-21 14:50,For Sale
26686063,311 Paulus Ave,75214,Dallas,TX,32.80821,-96.75009,595000,340.0,,576700.0,4571.0,3.0,3.0,1752.0,1939.0,3833.28,singleFamily,0.0,429590.0,2025,https://www.zillow.com,https://photos.zillowstatic.com/fp/f5400005004157020f09de761640ebe7-p_c.jpg,2026-09-21 14:50,For Sale
26743321,10540 Silverock Dr,75218,Dallas,TX,32.84998,-96.69681,600000,286.0,,567100.0,3404.0,3.0,3.0,2101.0,1962.0,10236.6,singleFamily,3.0,550640.0,2025,https://www.zillow.com,https://photos.zillowstatic.com/fp/f6c4006093ff8795c74963680046d529-p_c.jpg,2026-09-21 14:50,For Sale
53071135,6515 Genstar Ln,75252,Dallas,TX,33.00276,-96.79092,974900,383.0,-9600.0,947600.0,4026.0,4.0,3.0,2546.0,1983.0,7840.8,singleFamily,33.0,522016.0,2025,https://www.zillow.com,https://photos.zillowstatic.com/fp/ad1ec2112206057ab3dc24e2729db75d-p_c.jpg,2026-09-21 14:50,For Sale
465449204,7621 Woodthrush Dr #18,75230,Dallas,TX,32.889538,-96.77603,459000,244.0,,,,2.0,3.0,1880.0,1969.0,0.5207999999999999,condo,1.0,,,https://www.zillow.com,https://photos.zillowstatic.com/fp/55c5636218e55dddc2ade2c97ac97bf0-p_c.jpg,2026-09-21 14:50,For Sale
26839451,10578 High Hollows Dr APT 266,75230,Dallas,TX,32.88935,-96.773544,175000,153.0,-5000.0,,2044.0,2.0,2.0,1141.0,1970.0,10.396,singleFamily,15.0,216790.0,2025,https://www.zillow.com,https://photos.zillowstatic.com/fp/9ef287cbc240e2652f474ada7aa1e64b-p_c.jpg,2026-09-21 14:50,For Sale
26851266,11049 Paddock Cir,75238,Dallas,TX,32.872276,-96.69099,349000,278.0,,,,3.0,2.0,1255.0,1962.0,0.459,singleFamily,0.0,408800.0,2025,https://www.zillow.com,https://photos.zillowstatic.com/fp/d363128d0fb6691698ef99b92e6229c5-p_c.jpg,2026-09-21 14:50,For Sale
26693697,2515 Abrams Rd,75214,Dallas,TX,32.820625,-96.753235,599900,350.0,-25100.0,580100.0,3591.0,3.0,2.0,1714.0,1914.0,7492.32,singleFamily,35.0,441840.0,2025,https://www.zillow.com,https://photos.zillowstatic.com/fp/02a4298b316d67cd9a36a8be05d32118-p_c.jpg,2026-09-21 14:50,For Sale
96514266,1815 Kingsley Dr,75216,Dallas,TX,32.688026,-96.79526,20000,,-2500.0,,,,,,,0.622,land,34.0,112500.0,2025,https://www.zillow.com,https://photos.zillowstatic.com/fp/fec96feb6377826f37e760cc68f5fea7-p_c.jpg,2026-09-21 14:50,For Sale
26690660,5336 Miller Ave,75206,Dallas,TX,32.821,-96.77827,795000,586.0,,754400.0,3485.0,2.0,3.0,1356.0,1920.0,8015.04,singleFamily,1.0,710000.0,2025,https://www.zillow.com,https://photos.zillowstatic.com/fp/a5153e6b31e1a581e4368df5cc1e338a-p_c.jpg,2026-09-21 14:50,For Sale
26901772,5750 Phoenix Dr APT 22,75231,Dallas,TX,32.875942,-96.75966,70000,116.0,-5000.0,,1132.0,1.0,1.0,605.0,1981.0,2.007,condo,154.0,108410.0,2025,https://www.zillow.com,https://photos.zillowstatic.com/fp/08a5036a5eef13d238f3fc173a3f58db-p_c.jpg,2026-09-21 14:50,For Sale
26692787,4119 Rock Creek Dr,75204,Dallas,TX,32.818153,-96.797035,2700000,838.0,,,,3.0,3.0,3221.0,1948.0,8842.68,singleFamily,6.0,996320.0,2025,https://www.zillow.com,https://photos.zillowstatic.com/fp/8714df97c1820d2145d454a7a8386409-p_c.jpg,2026-09-21 14:50,For Sale
80231415,1200 Main St APT 804,75202,Dallas,TX,32.77981,-96.80127,295000,252.0,,293900.0,2343.0,2.0,2.0,1169.0,1974.0,1.033,condo,0.0,344860.0,2025,https://www.zillow.com,https://photos.zillowstatic.com/fp/ce316add370809bb9cd5cca811eb8dac-p_c.jpg,2026-09-21 14:50,For Sale
26756970,10920 Strait Ln,75229,Dallas,TX,32.898327,-96.82428,9750000,870.0,-249999.0,9080200.0,,6.0,10.0,11211.0,2025.0,0.721,singleFamily,144.0,9362840.0,2025,https://www.zillow.com,https://photos.zillowstatic.com/fp/20d0cf0eb60450b125fba124e6413651-p_c.jpg,2026-09-21 14:50,For Sale
462787428,3193 & 3195 Stag Rd,75241,Dallas,TX,32.69554,-96.76238,666000,194.0,-3000.0,662600.0,2425.0,6.0,6.0,3440.0,2026.0,6882.48,multiFamily,114.0,,,https://www.zillow.com,https://photos.zillowstatic.com/fp/9c6a2122c5adca5037f39bbcd556103b-p_c.jpg,2026-09-21 14:50,For Sale
26902285,133 W Greenbriar Ln,75208,Dallas,TX,32.763824,-96.824005,1379000,328.0,-221000.0,1574200.0,7679.0,4.0,4.0,4200.0,1985.0,0.74,singleFamily,7.0,1718080.0,2025,https://www.zillow.com,https://photos.zillowstatic.com/fp/4e7b88ff8205cb1bc239ac6eed599e96-p_c.jpg,2026-09-21 14:50,For Sale
26869989,9223 Seagrove Dr,75243,Dallas,TX,32.89893,-96.743,739000,310.0,,,,4.0,3.0,2381.0,1972.0,8712.0,singleFamily,16.0,626080.0,2025,https://www.zillow.com,https://photos.zillowstatic.com/fp/bfcb0134b9dce2ef2d1cc991dc2965c5-p_c.jpg,2026-09-21 14:50,For Sale
26729554,920 Bison Trl,75208,Dallas,TX,32.75382,-96.853676,685000,503.0,,,,2.0,2.0,1363.0,1950.0,7710.12,singleFamily,6.0,575140.0,2025,https://www.zillow.com,https://photos.zillowstatic.com/fp/9df64d90f41c5280b6d2d2a592699f1e-p_c.jpg,2026-09-21 14:50,For Sale
26821173,2352 Talco Dr,75241,Dallas,TX,32.684216,-96.780846,230000,153.0,,224600.0,1921.0,4.0,2.0,1500.0,1960.0,6708.24,singleFamily,4.0,156440.0,2025,https://www.zillow.com,https://photos.zillowstatic.com/fp/717a0afe32b5059d4f81c8d205257f69-p_c.jpg,2026-09-21 14:50,For Sale
26809013,10923 Marsh Ln,75229,Dallas,TX,32.897175,-96.85655,1399000,368.0,,1358800.0,8882.0,4.0,4.0,3801.0,2024.0,0.371,singleFamily,47.0,1514900.0,2025,https://www.zillow.com,https://photos.zillowstatic.com/fp/1e6e58af65ac3627734ea93eab94bd4b-p_c.jpg,2026-09-21 14:50,For Sale
26693714,6307 Palo Pinto Ave,75214,Dallas,TX,32.820343,-96.75566,789000,403.0,,758700.0,4293.0,3.0,2.0,1958.0,1924.0,7492.32,singleFamily,4.0,820050.0,2025,https://www.zillow.com,https://photos.zillowstatic.com/fp/8e131602e6f596a7a41d459babe35ef7-p_c.jpg,2026-09-21 14:50,For Sale
26890007,6542 Clearhaven Cir,75248,Dallas,TX,32.966217,-96.793304,925000,278.0,,,,4.0,4.0,3330.0,1978.0,0.37,singleFamily,16.0,1041290.0,2025,https://www.zillow.com,https://photos.zillowstatic.com/fp/b0aa065671e6645d6078d92c705c64b8-p_c.jpg,2026-09-21 14:50,For Sale
26725034,4722 Ramona Ave,75216,Dallas,TX,32.68887,-96.799,125000,186.0,,100500.0,1268.0,2.0,1.0,673.0,1947.0,9452.52,singleFamily,1.0,142320.0,2025,https://www.zillow.com,https://photos.zillowstatic.com/fp/c3a5af0c1965f9ca6b4c680a0d5740bd-p_c.jpg,2026-09-21 14:50,For Sale
96530878,5335 Meaders Ln,75229,Dallas,TX,32.88578,-96.81619,10900000,878.0,,9997900.0,,5.0,9.0,12421.0,2009.0,1.1,singleFamily,33.0,10863240.0,2025,https://www.zillow.com,https://photos.zillowstatic.com/fp/31b5660190da20778a3cc161bff64703-p_c.jpg,2026-09-21 14:50,For Sale
26686050,6100 Victor St,75214,Dallas,TX,32.807625,-96.751366,580000,331.0,,557700.0,2972.0,4.0,2.0,1752.0,1916.0,7753.68,singleFamily,6.0,541910.0,2025,https://www.zillow.com,https://photos.zillowstatic.com/fp/82f8fd2cb909985441815c6b84648492-p_c.jpg,2026-09-21 14:50,For Sale
26906589,942 Algonquin Dr,75217,Dallas,TX,32.728477,-96.65169,235000,180.0,,231900.0,1860.0,3.0,2.0,1305.0,2002.0,5096.52,singleFamily,0.0,221610.0,2025,https://www.zillow.com,https://photos.zillowstatic.com/fp/a31984dc3a864aee0d20b91e3bb99e5f-p_c.jpg,2026-09-21 14:50,For Sale
26875246,16308 Fallkirk Dr,75248,Dallas,TX,32.976074,-96.77056,950000,295.0,,911200.0,6581.0,4.0,3.0,3221.0,1976.0,0.258,singleFamily,2.0,807280.0,2025,https://www.zillow.com,https://photos.zillowstatic.com/fp/fa4384d9d33db214ae0732102c6edbc0-p_c.jpg,2026-09-21 14:50,For Sale
26833627,1810 Bickers St,75212,Dallas,TX,32.786808,-96.84838,550000,229.0,-19000.0,548000.0,4799.0,4.0,4.0,2400.0,2026.0,5401.44,singleFamily,80.0,255620.0,2025,https://www.zillow.com,https://photos.zillowstatic.com/fp/7c93197a3e4fa4d75bf7bc66024c6dca-p_c.jpg,2026-09-21 14:50,For Sale
26739677,8600 Forest Hills Blvd,75218,Dallas,TX,32.820942,-96.71194,1200000,468.0,,1153500.0,4281.0,3.0,3.0,2564.0,2020.0,6098.4,singleFamily,4.0,967610.0,2025,https://www.zillow.com,https://photos.zillowstatic.com/fp/e195aefdfd7b78d94e14729e4d3dd7b7-p_c.jpg,2026-09-21 14:50,For Sale
26786620,559 Coolair Dr,75218,Dallas,TX,32.8512,-96.711685,1299000,392.0,,1283300.0,5261.0,4.0,4.0,3317.0,2022.0,7056.72,singleFamily,3.0,1282980.0,2025,https://www.zillow.com,https://photos.zillowstatic.com/fp/ca806f43b1936fd3bf178e072d872888-p_c.jpg,2026-09-21 14:50,For Sale
96516452,8626 Cedar Post Ct,75227,Dallas,TX,32.76887,-96.67239,250000,152.0,,244600.0,2211.0,4.0,2.0,1641.0,2010.0,6185.52,singleFamily,1.0,297230.0,2025,https://www.zillow.com,https://photos.zillowstatic.com/fp/ee60c0d8905f5f08fb6e03ad2c064eb7-p_c.jpg,2026-09-21 14:50,For Sale
26875101,7601 Carta Valley Dr,75248,Dallas,TX,32.97298,-96.77731,750000,280.0,,,,4.0,3.0,2683.0,1975.0,0.27299999999999996,singleFamily,2.0,654300.0,2025,https://www.zillow.com,https://photos.zillowstatic.com/fp/9d52d396064b7d71cbc652998591bec3-p_c.jpg,2026-09-21 14:50,For Sale
26820120,9308 Sandy Hook Cir,75227,Dallas,TX,32.758026,-96.66298,189900,152.0,,,,4.0,2.0,1252.0,1971.0,10846.44,singleFamily,1.0,203760.0,2025,https://www.zillow.com,https://photos.zillowstatic.com/fp/fcac2a824f7f12b5df9bca4325a8bc9c-p_c.jpg,2026-09-21 14:50,For Sale
26728652,1535 Junior Dr,75208,Dallas,TX,32.763325,-96.82843,1675000,592.0,,1557000.0,7752.0,3.0,4.0,2830.0,1958.0,0.374,singleFamily,38.0,1734340.0,2025,https://www.zillow.com,https://photos.zillowstatic.com/fp/247834586942f434266d435cf2817ada-p_c.jpg,2026-09-21 14:50,For Sale
26850712,707 Bondstone Dr,75218,Dallas,TX,32.85229,-96.70435,775000,311.0,-50000.0,755900.0,5183.0,3.0,2.0,2488.0,1962.0,0.302,singleFamily,30.0,875000.0,2025,https://www.zillow.com,https://photos.zillowstatic.com/fp/39b3d6cf62597d382262141b7dff9981-p_c.jpg,2026-09-21 14:50,For Sale
26696257,907 Monte Vista Dr,75223,Dallas,TX,32.803738,-96.74064,769000,375.0,-30000.0,,,3.0,2.0,2052.0,1945.0,7666.56,singleFamily,47.0,820310.0,2025,https://www.zillow.com,https://photos.zillowstatic.com/fp/fe55c7228b152012230ec23ac8f7e278-p_c.jpg,2026-09-21 14:50,For Sale
26758759,4625 Walnut Hill Ln,75229,Dallas,TX,32.880646,-96.82968,6695000,565.0,445000.0,6319600.0,,5.0,8.0,11858.0,2024.0,0.96,singleFamily,18.0,8023830.0,2025,https://www.zillow.com,https://photos.zillowstatic.com/fp/75a480674df140b8453ed6fbbd3ec065-p_c.jpg,2026-09-21 14:50,For Sale
26717503,1151 N Winnetka Ave,75208,Dallas,TX,32.75909,-96.84055,899000,361.0,,863300.0,4583.0,4.0,3.0,2489.0,1924.0,7753.68,singleFamily,9.0,766140.0,2025,https://www.zillow.com,https://photos.zillowstatic.com/fp/8fdcea292c02cb1ba4f00bbd5a9d07ee-p_c.jpg,2026-09-21 14:50,For Sale
465041860,2329 Springhill Dr,75228,Dallas,TX,32.81464,-96.6993,599000,342.0,,577900.0,2626.0,3.0,2.0,1752.0,1960.0,8537.76,singleFamily,12.0,,,https://www.zillow.com,https://photos.zillowstatic.com/fp/656aa431b98d9cfa96a99fe54a96e2e8-p_c.jpg,2026-09-21 14:50,For Sale
26875663,6504 Brentfield Ct,75248,Dallas,TX,32.976658,-96.795265,1075000,314.0,,1024700.0,4156.0,4.0,3.0,3427.0,1986.0,8450.64,singleFamily,6.0,638150.0,2025,https://www.zillow.com,https://photos.zillowstatic.com/fp/64d24c82fbf2e84011530a83c4cafe31-p_c.jpg,2026-09-21 14:50,For Sale
26723422,1108 S Edgefield Ave,75208,Dallas,TX,32.734444,-96.84384,200000,178.0,,,,2.0,1.0,1123.0,1951.0,10802.88,singleFamily,3.0,276620.0,2025,https://www.zillow.com,https://photos.zillowstatic.com/fp/e26fb93e7bf4b0e1b747698ab51ac830-p_c.jpg,2026-09-21 14:50,For Sale
26700524,6815 E Grand Ave,75223,Dallas,TX,32.80265,-96.73815,434950,431.0,,418200.0,1752.0,2.0,1.0,1010.0,1948.0,7143.84,singleFamily,1.0,393550.0,2025,https://www.zillow.com,https://photos.zillowstatic.com/fp/9fe440c992cb632db67b21de93e3317e-p_c.jpg,2026-09-21 14:50,For Sale
26835510,3030 Weisenberger Dr,75212,Dallas,TX,32.77963,-96.8966,585000,140.0,,577600.0,5932.0,5.0,4.0,4180.0,2013.0,0.355,singleFamily,63.0,624970.0,2025,https://www.zillow.com,https://photos.zillowstatic.com/fp/5edf0602732760192774a21536006c4f-p_c.jpg,2026-09-21 14:50,For Sale
26700958,7115 Casa Loma Ave,75214,Dallas,TX,32.81232,-96.734665,1775000,430.0,,1701000.0,8162.0,5.0,5.0,4125.0,2025.0,8058.6,singleFamily,4.0,1745000.0,2025,https://www.zillow.com,https://photos.zillowstatic.com/fp/e23e451cf234c1826eb547147dd121e6-p_c.jpg,2026-09-21 14:50,For Sale
26693538,5611 Richmond Ave,75206,Dallas,TX,32.816593,-96.77174,1375000,368.0,,1305400.0,7895.0,5.0,4.0,3734.0,1927.0,8886.24,singleFamily,3.0,896140.0,2025,https://www.zillow.com,https://photos.zillowstatic.com/fp/3ba737669bedaaaa1960033fde8ddfd5-p_c.jpg,2026-09-21 14:50,For Sale
83996179,3350 Choir St,75237,Dallas,TX,32.652744,-96.86521,315000,214.0,,310300.0,1985.0,3.0,2.0,1472.0,2007.0,7187.4,singleFamily,11.0,274010.0,2025,https://www.zillow.com,https://photos.zillowstatic.com/fp/fe0764378cbc150babaacb3450fe3fc8-p_c.jpg,2026-09-21 14:50,For Sale
26837397,6815 Royal Crest Dr,75230,Dallas,TX,32.90033,-96.789,5175000,758.0,,4930100.0,6313.0,5.0,7.0,6827.0,2026.0,0.367,singleFamily,11.0,1166050.0,2025,https://www.zillow.com,https://photos.zillowstatic.com/fp/c834e677d21b35c8de51333e4fbb03c4-p_c.jpg,2026-09-21 14:50,For Sale
465455130,9839 Walnut St APT T201,75243,Dallas,TX,32.922836,-96.71392,110000,142.0,,,,2.0,2.0,774.0,1984.0,8.0,condo,0.0,,,https://www.zillow.com,https://photos.zillowstatic.com/fp/e1759492d1f639d30607e55928015109-p_c.jpg,2026-09-21 14:50,For Sale
26795919,7244 Charles Ct,75217,Dallas,TX,32.73707,-96.69723,189000,128.0,-10000.0,,,3.0,2.0,1478.0,1953.0,7623.0,singleFamily,45.0,240400.0,2025,https://www.zillow.com,https://photos.zillowstatic.com/fp/e14e71cdfd2b0cc93921952516914866-p_c.jpg,2026-09-21 14:50,For Sale
26751017,6837 Arboreal Dr,75231,Dallas,TX,32.856148,-96.74095,845000,345.0,-5000.0,822000.0,4519.0,3.0,3.0,2448.0,1970.0,9191.16,singleFamily,31.0,605080.0,2025,https://www.zillow.com,https://photos.zillowstatic.com/fp/4161908e511e415eb377a0a487e8474d-p_c.jpg,2026-09-21 14:50,For Sale
84005717,1918 Olive St APT 3701,75201,Dallas,TX,32.789368,-96.80018,6995000,1494.0,,6551800.0,,3.0,4.0,4681.0,2011.0,0.0,condo,4.0,5617200.0,2025,https://www.zillow.com,https://photos.zillowstatic.com/fp/50f972ed17d14b02e9d9d34892518e64-p_c.jpg,2026-09-21 14:50,For Sale
26767220,2402 E Overton Rd,75216,Dallas,TX,32.708187,-96.79084,269990,138.0,-10010.0,265100.0,2534.0,4.0,4.0,1956.0,1950.0,8407.08,singleFamily,107.0,191430.0,2025,https://www.zillow.com,https://photos.zillowstatic.com/fp/c1e22b23d5e025f72c0ac557ce5aab48-p_c.jpg,2026-09-21 14:50,For Sale
26588508,4212 Joshua Ln,75287,Dallas,TX,32.99952,-96.83774,535000,210.0,-10000.0,528600.0,3452.0,4.0,3.0,2551.0,1981.0,8712.0,singleFamily,115.0,491420.0,2025,https://www.zillow.com,https://photos.zillowstatic.com/fp/1ebfeb6a5ff5587357fb8301d0bdd990-p_c.jpg,2026-09-21 14:50,For Sale
26752796,7142 Lakehurst Ave,75230,Dallas,TX,32.88415,-96.7803,1497000,455.0,,,,5.0,4.0,3290.0,1964.0,0.283,singleFamily,11.0,1177720.0,2025,https://www.zillow.com,https://photos.zillowstatic.com/fp/38497791253e6aa09682a818db348598-p_c.jpg,2026-09-21 14:50,For Sale
26717497,1119 N Winnetka Ave,75208,Dallas,TX,32.757988,-96.840576,1050000,303.0,-95000.0,1024800.0,6258.0,4.0,4.0,3468.0,1925.0,7753.68,singleFamily,115.0,900000.0,2025,https://www.zillow.com,https://photos.zillowstatic.com/fp/fc13bb38a5559bfb942e01a1d28b5682-p_c.jpg,2026-09-21 14:50,For Sale
26868211,9609 Viewside Dr,75231,Dallas,TX,32.89147,-96.73622,1295000,403.0,,1281100.0,5298.0,4.0,3.0,3212.0,1979.0,0.251,singleFamily,10.0,885990.0,2025,https://www.zillow.com,https://photos.zillowstatic.com/fp/749d20f6014503747fd087a2299853af-p_c.jpg,2026-09-21 14:50,For Sale
26683222,4020 Buena Vista St,75204,Dallas,TX,32.81392,-96.79631,1250000,500.0,-75000.0,1185000.0,4312.0,2.0,3.0,2500.0,1971.0,3615.48,townhome,19.0,1007250.0,2025,https://www.zillow.com,https://photos.zillowstatic.com/fp/f6f1df4d7ca856bcef785767b69ce6c0-p_c.jpg,2026-09-21 14:50,For Sale
26704140,5530 Anita St,75206,Dallas,TX,32.83438,-96.77254,1150000,491.0,,,,3.0,3.0,2340.0,1939.0,7492.32,singleFamily,3.0,756310.0,2025,https://www.zillow.com,https://photos.zillowstatic.com/fp/ebbb7d4d4974d705b79c7c4a1a79b6cd-p_c.jpg,2026-09-21 14:50,For Sale
80220224,1200 Main St APT 1802,75202,Dallas,TX,32.77981,-96.80127,225000,341.0,,,,1.0,1.0,660.0,1974.0,1.033,condo,0.0,264000.0,2025,https://www.zillow.com,https://photos.zillowstatic.com/fp/cc8ce18e32bed1662b1a4429a8100555-p_c.jpg,2026-09-21 14:50,For Sale
26803295,11444 Parkchester Dr,75230,Dallas,TX,32.904186,-96.79878,4500000,669.0,,,,5.0,7.0,6729.0,2025.0,0.378,singleFamily,0.0,905850.0,2025,https://www.zillow.com,https://photos.zillowstatic.com/fp/4d66974dee5eb3967f689ad3cc0240b9-p_c.jpg,2026-09-21 14:50,For Sale
26738888,7125 Fair Oaks Ave APT 12,75231,Dallas,TX,32.874084,-96.7578,175000,123.0,,171700.0,1847.0,2.0,3.0,1427.0,1974.0,4268.88,condo,2.0,192650.0,2025,https://www.zillow.com,https://photos.zillowstatic.com/fp/b2c4e21190e43984155e7972e7c59eb7-p_c.jpg,2026-09-21 14:50,For Sale
26913043,7007 Spanky Branch Ct,75248,Dallas,TX,32.983727,-96.78976,1699900,215.0,,1631700.0,8199.0,6.0,9.0,7908.0,1995.0,0.812,singleFamily,3.0,1856010.0,2025,https://www.zillow.com,https://photos.zillowstatic.com/fp/34ce41fef1f59e0cebd7d3c03a39fce7-p_c.jpg,2026-09-21 14:50,For Sale
26847328,1537 Mapleton Dr,75228,Dallas,TX,32.81902,-96.688805,550000,268.0,,535100.0,2923.0,3.0,3.0,2054.0,1961.0,8668.44,singleFamily,5.0,578010.0,2025,https://www.zillow.com,https://photos.zillowstatic.com/fp/ff1a0c92faf6cd9d6f86affb6958b57d-p_c.jpg,2026-09-21 14:50,For Sale
26838707,7407 Meadow Oaks Dr,75230,Dallas,TX,32.888165,-96.77839,850000,288.0,,,,4.0,4.0,2947.0,1969.0,10619.928,singleFamily,4.0,900000.0,2025,https://www.zillow.com,https://photos.zillowstatic.com/fp/462074f19a0760cb3fff5e969544a7c4-p_c.jpg,2026-09-21 14:50,For Sale
53090543,17912 Benchmark Dr,75252,Dallas,TX,32.996143,-96.77339,600000,201.0,,588500.0,4911.0,3.0,3.0,2992.0,1996.0,7405.2,singleFamily,2.0,656871.0,2025,https://www.zillow.com,https://photos.zillowstatic.com/fp/08ea8836be9003cdfef907da331291a6-p_c.jpg,2026-09-21 14:50,For Sale
26933823,9696 Walnut St APT 616,75243,Dallas,TX,32.922676,-96.72171,52500,72.0,,63200.0,974.0,1.0,1.0,730.0,1981.0,8.304,condo,2.0,73000.0,2025,https://www.zillow.com,https://photos.zillowstatic.com/fp/afc617cb913c18179dd3b0e713ab3355-p_c.jpg,2026-09-21 14:50,For Sale
26871299,7512 Woodstone Ln,75248,Dallas,TX,32.955345,-96.7779,1275000,300.0,,1219000.0,4829.0,5.0,4.0,4253.0,1967.0,0.308,singleFamily,2.0,699860.0,2025,https://www.zillow.com,https://photos.zillowstatic.com/fp/2c2cbbf15cb86101846157906946f603-p_c.jpg,2026-09-21 14:50,For Sale
26727631,311 N Tennant St,75208,Dallas,TX,32.746452,-96.85607,379900,280.0,-10100.0,374100.0,2765.0,3.0,2.0,1359.0,1949.0,6490.44,singleFamily,59.0,350280.0,2025,https://www.zillow.com,https://photos.zillowstatic.com/fp/632cf1cfd668d84c9312e8f5762e5373-p_c.jpg,2026-09-21 14:50,For Sale
26842337,2923 Materhorn Dr,75228,Dallas,TX,32.82966,-96.66453,544999,249.0,,538900.0,1805.0,4.0,4.0,2187.0,2026.0,7710.12,singleFamily,4.0,233770.0,2025,https://www.zillow.com,https://photos.zillowstatic.com/fp/009172bf9f44e658dd0b8f5b108ae2d0-p_c.jpg,2026-09-21 14:50,For Sale
26793276,2421 Hillburn Dr,75227,Dallas,TX,32.75447,-96.69185,300000,134.0,,292800.0,1165.0,4.0,3.0,2238.0,1953.0,8450.64,singleFamily,3.0,259530.0,2025,https://www.zillow.com,https://photos.zillowstatic.com/fp/4ec389bc945fe47841df2e74fcdad624-p_c.jpg,2026-09-21 14:50,For Sale
26827455,2563 Wood Valley Dr,75211,Dallas,TX,32.716713,-96.89277,240000,238.0,,194700.0,2086.0,4.0,2.0,1010.0,1961.0,8102.16,singleFamily,3.0,219750.0,2025,https://www.zillow.com,https://photos.zillowstatic.com/fp/35179d3661e2de915ee57d2b73aa50cb-p_c.jpg,2026-09-21 14:50,For Sale
26751231,7314 Walling Ln,75231,Dallas,TX,32.8585,-96.73386,865000,316.0,-14000.0,841200.0,4168.0,3.0,3.0,2741.0,1981.0,8624.88,singleFamily,48.0,678560.0,2025,https://www.zillow.com,https://photos.zillowstatic.com/fp/3717a786c833e565ca30b9cef41627fd-p_c.jpg,2026-09-21 14:50,For Sale
26823316,7011 Sweet Sue Ln,75241,Dallas,TX,32.663734,-96.80242,259900,204.0,,255100.0,1635.0,3.0,2.0,1275.0,1960.0,7753.68,singleFamily,2.0,163450.0,2025,https://www.zillow.com,https://photos.zillowstatic.com/fp/29241523451e1658f1f4578cb5ff5a84-p_c.jpg,2026-09-21 14:50,For Sale
303981970,4522 Deere St APT 102,75204,Dallas,TX,32.80715,-96.78383,550000,273.0,,534200.0,4473.0,2.0,3.0,2013.0,2017.0,8494.2,condo,3.0,624030.0,2025,https://www.zillow.com,https://photos.zillowstatic.com/fp/1c7513e944bd2b0e3ae847751581c5f3-p_c.jpg,2026-09-21 14:50,For Sale
26715275,1822 S Marsalis Ave,75216,Dallas,TX,32.725456,-96.81401,489000,200.0,,485800.0,1537.0,4.0,3.0,2450.0,2026.0,8751.204,singleFamily,2.0,155020.0,2025,https://www.zillow.com,https://photos.zillowstatic.com/fp/5d5bf587dd0c88368b0366ec493c181c-p_c.jpg,2026-09-21 14:50,For Sale
26718307,2739 Kingston St,75211,Dallas,TX,32.734173,-96.86537,274750,208.0,,266200.0,2398.0,3.0,2.0,1320.0,1926.0,6272.64,singleFamily,32.0,198260.0,2025,https://www.zillow.com,https://photos.zillowstatic.com/fp/43eeba015107ef3320229cc1fe24af1d-p_c.jpg,2026-09-21 14:50,For Sale
96503850,1011 S Waverly Dr,75208,Dallas,TX,32.735634,-96.84955,465000,133.0,-10000.0,458300.0,6143.0,5.0,4.0,3506.0,2022.0,7274.52,singleFamily,137.0,833230.0,2025,https://www.zillow.com,https://photos.zillowstatic.com/fp/18191b0fb386ba9516d4de76b213efe3-p_c.jpg,2026-09-21 14:50,For Sale
26812472,2945 Allister St,75229,Dallas,TX,32.908005,-96.87669,276500,227.0,,262300.0,1996.0,2.0,2.0,1218.0,1983.0,4486.68,singleFamily,38.0,267000.0,2025,https://www.zillow.com,https://photos.zillowstatic.com/fp/f2340e39145c614a8449c4c81f0e644e-p_c.jpg,2026-09-21 14:50,For Sale
26709276,707 W Brooklyn Ave,75208,Dallas,TX,32.73952,-96.834305,300000,222.0,,315200.0,2192.0,3.0,1.0,1350.0,1940.0,6838.92,singleFamily,1.0,290460.0,2025,https://www.zillow.com,https://photos.zillowstatic.com/fp/ff0545a3dd6e12d0ca9fb53ab63bdfe0-p_c.jpg,2026-09-21 14:50,For Sale
302787562,2515 Old Mill Rd,75287,Carrollton,TX,32.98999,-96.869675,400000,231.0,-19900.0,392600.0,2836.0,3.0,2.0,1730.0,1982.0,7840.8,singleFamily,142.0,402838.0,2025,https://www.zillow.com,https://photos.zillowstatic.com/fp/e10ea22e6301f5f94b3426ecf508abe0-p_c.jpg,2026-09-21 14:50,For Sale
26758535,4323 Middleton Rd,75229,Dallas,TX,32.88603,-96.836235,3549000,597.0,,3370200.0,,5.0,7.0,5945.0,2023.0,0.428,singleFamily,3.0,3344760.0,2025,https://www.zillow.com,https://photos.zillowstatic.com/fp/5a8b5dbfce5cd75a5771bda4a7c4b323-p_c.jpg,2026-09-21 14:50,For Sale
26804228,4745 Crooked Ln,75229,Dallas,TX,32.901352,-96.82594,7950000,1148.0,,7530600.0,,5.0,7.0,6928.0,2018.0,0.8340000000000001,singleFamily,12.0,5437450.0,2025,https://www.zillow.com,https://photos.zillowstatic.com/fp/301a0e9bfaca3c881068d5bcd9449c34-p_c.jpg,2026-09-21 14:50,For Sale
26731144,4722 Cowan Ave,75209,Dallas,TX,32.84572,-96.82915,1790000,451.0,,,,4.0,6.0,3972.0,2026.0,6272.64,singleFamily,9.0,473020.0,2025,https://www.zillow.com,https://photos.zillowstatic.com/fp/d0e2f61870681e291cc4a493773d304c-p_c.jpg,2026-09-21 14:50,For Sale
162815351,1801 Annex Ave Unit 402,75204,Dallas,TX,32.80431,-96.77992,530000,246.0,,514700.0,5138.0,3.0,4.0,2154.0,2016.0,1.83,condo,4.0,528450.0,2025,https://www.zillow.com,https://photos.zillowstatic.com/fp/eb1ccd76aec0d8433b4a1eda3d398824-p_c.jpg,2026-09-21 14:50,For Sale
26848568,13216 Hillcrest Rd,75240,Dallas,TX,32.92971,-96.785706,1100000,249.0,-70000.0,1057400.0,6947.0,7.0,7.0,4425.0,1981.0,0.5670000000000001,singleFamily,144.0,955730.0,2025,https://www.zillow.com,https://photos.zillowstatic.com/fp/6b569e1e7e422c4c74e18510d6847dc6-p_c.jpg,2026-09-21 14:50,For Sale
26912414,714 Jalisco Plz,75211,Dallas,TX,32.718307,-96.902885,224995,147.0,-10005.0,220500.0,2139.0,4.0,3.0,1526.0,2001.0,3005.64,singleFamily,148.0,245910.0,2025,https://www.zillow.com,https://photos.zillowstatic.com/fp/265e49fc37732c5dcee3a45d074e31bb-p_c.jpg,2026-09-21 14:50,For Sale
26890291,10130 Woodlake Dr,75243,Dallas,TX,32.914185,-96.71148,475000,166.0,-20000.0,467800.0,3343.0,4.0,3.0,2866.0,1979.0,9278.28,singleFamily,25.0,477190.0,2025,https://www.zillow.com,https://photos.zillowstatic.com/fp/137e0e56c4d881e5b142026171fb6192-p_c.jpg,2026-09-21 14:50,For Sale
26863315,13907 Carillon Dr,75240,Dallas,TX,32.93751,-96.77431,1395000,431.0,,1321000.0,5735.0,5.0,5.0,3240.0,1969.0,0.40499999999999997,singleFamily,9.0,1019090.0,2025,https://www.zillow.com,https://photos.zillowstatic.com/fp/b26372434c9974bcb50dc302e4709d5b-p_c.jpg,2026-09-21 14:50,For Sale
26736352,3842 Eaton Dr,75220,Dallas,TX,32.864597,-96.8511,1749100,355.0,,1701800.0,2119.0,5.0,6.0,4931.0,2025.0,0.32,singleFamily,4.0,675010.0,2025,https://www.zillow.com,https://photos.zillowstatic.com/fp/30c06e4fd726afb296a7217a454637f8-p_c.jpg,2026-09-21 14:50,For Sale
26931516,9811 Walnut St #203,75243,Dallas,TX,32.922836,-96.71392,76000,85.0,-2000.0,,1298.0,2.0,2.0,894.0,1981.0,8.814,condo,135.0,107280.0,2025,https://www.zillow.com,https://photos.zillowstatic.com/fp/70e0ca790be601ecdcc67ffe06ba2c04-p_c.jpg,2026-09-21 14:50,For Sale
26928357,14151 Montfort Dr APT 327,75254,Dallas,TX,32.941467,-96.81519,115000,139.0,-34500.0,,1483.0,1.0,1.0,829.0,1981.0,,condo,177.0,153370.0,2025,https://www.zillow.com,https://photos.zillowstatic.com/fp/b6ed6715cb727191e760a4b15aa83498-p_c.jpg,2026-09-21 14:50,For Sale
26685793,5231 Beeman Ave,75223,Dallas,TX,32.788246,-96.74468,227500,210.0,,,,3.0,2.0,1084.0,1927.0,7666.56,singleFamily,14.0,119840.0,2025,https://www.zillow.com,https://photos.zillowstatic.com/fp/5acbfc61ba3eaa408d5d076b174b85da-p_c.jpg,2026-09-21 14:50,For Sale
26754705,6034 Park Ln,75225,Dallas,TX,32.87305,-96.80267,4449000,693.0,,,,5.0,7.0,6422.0,2001.0,0.4429981634527089,singleFamily,4.0,2800000.0,2025,https://www.zillow.com,https://photos.zillowstatic.com/fp/14b0e7e3c362cf3c442eacc5123dfe4d-p_c.jpg,2026-09-21 14:50,For Sale
26852528,3207 Truxillo Dr,75228,Dallas,TX,32.847755,-96.66204,299999,122.0,,292300.0,2939.0,4.0,2.0,2466.0,1972.0,0.358,singleFamily,23.0,381270.0,2025,https://www.zillow.com,https://photos.zillowstatic.com/fp/e3edb561fa3a50d991ed7791545a8e7d-p_c.jpg,2026-09-21 14:50,For Sale
96518944,746 Ella Ave,75217,Dallas,TX,32.72611,-96.713974,298999,224.0,,298700.0,,4.0,5.0,1335.0,2026.0,7217.892,singleFamily,5.0,152670.0,2025,https://www.zillow.com,https://photos.zillowstatic.com/fp/eae514fb4a1c986d8e7cc27c03ab6a46-p_c.jpg,2026-09-21 14:50,For Sale
83998286,1910 McBroom St,75212,Dallas,TX,32.782375,-96.85081,329000,287.0,-10900.0,324500.0,2153.0,4.0,2.0,1145.0,2007.0,5749.92,singleFamily,27.0,324950.0,2025,https://www.zillow.com,https://photos.zillowstatic.com/fp/ba46347d57dbbdb571643234f405f5c6-p_c.jpg,2026-09-21 14:50,For Sale
26883372,12324 Creekspan Dr,75243,Dallas,TX,32.915817,-96.715164,609000,215.0,,593400.0,4642.0,4.0,3.0,2830.0,1990.0,0.299,singleFamily,4.0,593120.0,2025,https://www.zillow.com,https://photos.zillowstatic.com/fp/3a704681bf52d08468c288d7c34abaf5-p_c.jpg,2026-09-21 14:50,For Sale
67962082,3164 Saint Dominic Cir,75233,Dallas,TX,32.709225,-96.87288,284900,145.0,-10000.0,,,4.0,3.0,1960.0,2004.0,8058.6,singleFamily,96.0,298530.0,2025,https://www.zillow.com,https://photos.zillowstatic.com/fp/108cfe79fb06d993b35985bd04a6d586-p_c.jpg,2026-09-21 14:50,For Sale
26712663,938 N Clinton Ave,75208,Dallas,TX,32.755276,-96.84115,675000,542.0,,639600.0,2575.0,2.0,2.0,1246.0,1910.0,6098.4,singleFamily,13.0,453540.0,2025,https://www.zillow.com,https://photos.zillowstatic.com/fp/4bc785c6abebcd30ce63b545b1db80f9-p_c.jpg,2026-09-21 14:50,For Sale
26891767,7334 Blue Sage Dr,75249,Dallas,TX,32.640484,-96.95329,273000,177.0,-6000.0,271900.0,2108.0,3.0,2.0,1542.0,1977.0,6882.48,singleFamily,65.0,230000.0,2025,https://www.zillow.com,https://photos.zillowstatic.com/fp/f0799b288577c1827c534ba30aced9fb-p_c.jpg,2026-09-21 14:50,For Sale
26732858,7110 Robin Rd,75209,Dallas,TX,32.84354,-96.82257,3750000,540.0,,3546500.0,,4.0,6.0,6939.0,2021.0,0.45999999999999996,singleFamily,3.0,3296540.0,2025,https://www.zillow.com,https://photos.zillowstatic.com/fp/8f8eee3537c77a7b141f264776ebb784-p_c.jpg,2026-09-21 14:50,For Sale
26689170,5643 Swiss Ave,75214,Dallas,TX,32.808784,-96.76255,2995000,582.0,,,,5.0,5.0,5145.0,1929.0,0.401,singleFamily,24.0,2330000.0,2025,https://www.zillow.com,https://photos.zillowstatic.com/fp/08ad965f59c7ed0fec3acfa191301d3a-p_c.jpg,2026-09-21 14:50,For Sale
303983496,1510 Eastus Dr,75208,Dallas,TX,32.762558,-96.83398,2500000,528.0,,2348600.0,9660.0,4.0,5.0,4733.0,2017.0,0.254,singleFamily,3.0,1971940.0,2025,https://www.zillow.com,https://photos.zillowstatic.com/fp/d82286bf59777291356a66328b4ed435-p_c.jpg,2026-09-21 14:50,For Sale
26758880,3315 Tooms St,75227,Dallas,TX,32.769875,-96.72239,355000,207.0,,338100.0,1993.0,3.0,2.0,1717.0,1950.0,0.302,singleFamily,2.0,293400.0,2025,https://www.zillow.com,https://photos.zillowstatic.com/fp/e1e227aac22dff5778e43e3eca5f024d-p_c.jpg,2026-09-21 14:50,For Sale
60346601,13329 Southview Ln,75240,Dallas,TX,32.929558,-96.76768,250000,155.0,-25000.0,,,3.0,2.0,1618.0,1968.0,4878.72,singleFamily,139.0,242430.0,2025,https://www.zillow.com,https://photos.zillowstatic.com/fp/d3f6a62f58a643135991119e237adf46-p_c.jpg,2026-09-21 14:50,For Sale
162813576,6527 Arborist Ln,75214,Dallas,TX,32.853184,-96.74714,625000,285.0,,608100.0,3887.0,3.0,3.0,2191.0,2015.0,3746.16,singleFamily,10.0,650310.0,2025,https://www.zillow.com,https://photos.zillowstatic.com/fp/9d7f6709e728391469ac55fdb1f58d4e-p_c.jpg,2026-09-21 14:50,For Sale
26691893,2007 Euclid Ave,75206,Dallas,TX,32.814865,-96.77387,875000,492.0,,831800.0,3277.0,2.0,2.0,1779.0,1918.0,7492.32,singleFamily,12.0,607640.0,2025,https://www.zillow.com,https://photos.zillowstatic.com/fp/76070513f7d5e628fa85e7723c7949e2-p_c.jpg,2026-09-21 14:50,For Sale
26748687,6214 Glennox Ln,75214,Dallas,TX,32.84994,-96.75703,1225000,386.0,,,,4.0,3.0,3177.0,1970.0,7797.24,singleFamily,16.0,836100.0,2025,https://www.zillow.com,https://photos.zillowstatic.com/fp/81680869b2e781bf08f53ea3790044b3-p_c.jpg,2026-09-21 14:50,For Sale
80233370,4446 Thunder Rd,75244,Dallas,TX,32.924732,-96.83252,1175000,369.0,-24000.0,,,4.0,4.0,3186.0,1968.0,0.351,singleFamily,24.0,893510.0,2025,https://www.zillow.com,https://photos.zillowstatic.com/fp/9779f9de8d2786adf0b4dae089ebbe91-p_c.jpg,2026-09-21 14:50,For Sale
26750994,6396 Abrams Ct,75231,Dallas,TX,32.86111,-96.74454,369000,249.0,-10000.0,364900.0,2346.0,2.0,2.0,1480.0,1980.0,4094.64,singleFamily,155.0,376000.0,2025,https://www.zillow.com,https://photos.zillowstatic.com/fp/b30e16bb4f84ef2a109c809ba88cc257-p_c.jpg,2026-09-21 14:50,For Sale
26684067,5616 Junius St,75214,Dallas,TX,32.805237,-96.75989,525000,373.0,,505000.0,2678.0,3.0,2.0,1407.0,1912.0,7666.56,singleFamily,3.0,452060.0,2025,https://www.zillow.com,https://photos.zillowstatic.com/fp/fd567efedcb70dc795377fae570666e5-p_c.jpg,2026-09-21 14:50,For Sale
26718972,2911 S Denley Dr,75216,Dallas,TX,32.7115,-96.8058,269000,189.0,,264600.0,1934.0,3.0,2.0,1425.0,1930.0,7492.32,singleFamily,53.0,192320.0,2025,https://www.zillow.com,https://photos.zillowstatic.com/fp/1f95efb4faf996e7e8161cefd768b1dc-p_c.jpg,2026-09-21 14:50,For Sale
26857892,433 Cleaves St,75203,Dallas,TX,32.753185,-96.803314,525000,219.0,,520900.0,,4.0,3.0,2400.0,2026.0,4007.52,singleFamily,3.0,95000.0,2025,https://www.zillow.com,https://photos.zillowstatic.com/fp/c6d34c5d3b6329b6846f9b931057c235-p_c.jpg,2026-09-21 14:50,For Sale
26902498,8319 Midway Rd,75209,Dallas,TX,32.853622,-96.84023,1695000,324.0,,1608300.0,9269.0,5.0,6.0,5237.0,2005.0,0.264,singleFamily,3.0,1300000.0,2025,https://www.zillow.com,https://photos.zillowstatic.com/fp/3eb618d530adc19d6f87af5e6075384e-p_c.jpg,2026-09-21 14:50,For Sale
96514968,1721 Avenue B,75203,Dallas,TX,32.74578,-96.79752,590000,229.0,,580700.0,3984.0,4.0,4.0,2574.0,2026.0,8494.2,singleFamily,64.0,75000.0,2025,https://www.zillow.com,https://photos.zillowstatic.com/fp/970899856c795b8d4003760d857b86c7-p_c.jpg,2026-09-21 14:50,For Sale
26718806,2732 Ivandell Ave,75211,Dallas,TX,32.736366,-96.86491,325000,339.0,,,,2.0,1.0,959.0,1911.0,6185.52,singleFamily,3.0,233170.0,2025,https://www.zillow.com,https://photos.zillowstatic.com/fp/1a35a29cc64f7d6aacc2cfb6b880f5c8-p_c.jpg,2026-09-21 14:50,For Sale
26797532,6620 Atha Dr,75217,Dallas,TX,32.715034,-96.70654,178999,150.0,,176400.0,1908.0,3.0,2.0,1197.0,1963.0,7579.44,singleFamily,27.0,212930.0,2025,https://www.zillow.com,https://photos.zillowstatic.com/fp/a73db11fa18342b74325669cf139f7a2-p_c.jpg,2026-09-21 14:50,For Sale
336886378,8249 Abellia Ct,75252,Dallas,TX,32.984295,-96.75981,840000,311.0,,819500.0,4448.0,4.0,4.0,2703.0,2023.0,5967.72,singleFamily,9.0,699560.0,2025,https://www.zillow.com,https://photos.zillowstatic.com/fp/37131339111bdcd4f001e0d683333f5a-p_c.jpg,2026-09-21 14:50,For Sale
26860053,8148 Clearsprings Rd,75240,Dallas,TX,32.93642,-96.76551,389000,235.0,,378500.0,2736.0,3.0,2.0,1652.0,1966.0,9321.84,singleFamily,23.0,373000.0,2025,https://www.zillow.com,https://photos.zillowstatic.com/fp/15bce428fb63069ee6f51467bf9fbaa8-p_c.jpg,2026-09-21 14:50,For Sale
26876076,17133 Earthwind Dr,75248,Dallas,TX,32.982178,-96.79705,1250000,364.0,,1185900.0,6799.0,4.0,5.0,3433.0,1977.0,0.298,singleFamily,18.0,882590.0,2025,https://www.zillow.com,https://photos.zillowstatic.com/fp/3300d53190ca6feaa358dd89527284bf-p_c.jpg,2026-09-21 14:50,For Sale
53390352,509 Elm St #604,75202,Dallas,TX,32.779938,-96.807526,700000,278.0,,675200.0,4543.0,4.0,3.0,2522.0,1930.0,10018.8,condo,24.0,614410.0,2025,https://www.zillow.com,https://photos.zillowstatic.com/fp/be457e6bdb39de14af239a7e7cf6042b-p_c.jpg,2026-09-21 14:50,For Sale
26759625,5444 Northbrook Dr,75220,Dallas,TX,32.866047,-96.81663,12589000,1000.0,-2411000.0,,,7.0,9.0,12589.0,1950.0,1.621,singleFamily,86.0,2423400.0,2025,https://www.zillow.com,https://photos.zillowstatic.com/fp/e0a35e71e87a0546dd13a3c40fedef37-p_c.jpg,2026-09-21 14:50,For Sale
26703680,6055 Ellsworth Ave,75206,Dallas,TX,32.834328,-96.7619,1898000,403.0,-77000.0,1863500.0,8988.0,4.0,5.0,4714.0,2026.0,6708.24,singleFamily,16.0,705000.0,2025,https://www.zillow.com,https://photos.zillowstatic.com/fp/6da0155f55aa932a0f72b80ac1625d5b-p_c.jpg,2026-09-21 14:50,For Sale
26862258,1646 Briar Cliff Rd,75235,Dallas,TX,32.813343,-96.85002,225000,187.0,-15000.0,,2052.0,3.0,2.0,1204.0,1949.0,5706.36,singleFamily,180.0,350750.0,2025,https://www.zillow.com,https://photos.zillowstatic.com/fp/fa31589e87851caf85dfbb76000921d8-p_c.jpg,2026-09-21 14:50,For Sale
26686383,2501 Lenway St,75215,Dallas,TX,32.762943,-96.76789,399786,157.0,,,,5.0,4.0,2550.0,2022.0,3702.6,singleFamily,9.0,478430.0,2025,https://www.zillow.com,https://photos.zillowstatic.com/fp/e02240d40b74e22ca584982aa0950ca9-p_c.jpg,2026-09-21 14:50,For Sale
26814311,6633 Emhouse St,75232,Dallas,TX,32.66675,-96.828224,240000,138.0,-5000.0,236300.0,2137.0,4.0,2.0,1738.0,1949.0,10062.36,singleFamily,90.0,265760.0,2025,https://www.zillow.com,https://photos.zillowstatic.com/fp/ac3bc145aec85a5e339c8ee0d2272778-p_c.jpg,2026-09-21 14:50,For Sale
26841767,2604 Globe Ave,75228,Dallas,TX,32.81485,-96.670715,259900,203.0,,252400.0,2112.0,3.0,2.0,1282.0,1958.0,8015.04,singleFamily,5.0,254470.0,2025,https://www.zillow.com,https://photos.zillowstatic.com/fp/fd51e2d5ca6540c8dafb293d07b4dc3c-p_c.jpg,2026-09-21 14:50,For Sale
96521600,6641 Happy Trails Dr,75241,Dallas,TX,32.65712,-96.76531,275000,193.0,,271700.0,1918.0,3.0,2.0,1424.0,2010.0,6534.0,singleFamily,8.0,249580.0,2025,https://www.zillow.com,https://photos.zillowstatic.com/fp/8eac2140b166a8a8c90a26e169cb68cd-p_c.jpg,2026-09-21 14:50,For Sale
26755603,6607 Glendora Ave,75230,Dallas,TX,32.885513,-96.79124,2999999,464.0,,2812300.0,10247.0,5.0,6.0,6471.0,1999.0,0.344,singleFamily,32.0,2528900.0,2025,https://www.zillow.com,https://photos.zillowstatic.com/fp/f9584340ece8485f6d17613f179f8bba-p_c.jpg,2026-09-21 14:50,For Sale
464797912,1650/1652 Hudspeth Ave,75216,Dallas,TX,32.701553,-96.79983,675000,164.0,,,,10.0,8.0,4112.0,2024.0,8973.36,multiFamily,27.0,,,https://www.zillow.com,https://photos.zillowstatic.com/fp/d7c91be5b635889a94a8ad86247287ae-p_c.jpg,2026-09-21 14:50,For Sale
26922749,4040 Avondale Ave APT 105,75219,Dallas,TX,32.81725,-96.80738,375000,276.0,,362300.0,3040.0,2.0,3.0,1360.0,1985.0,1.45,condo,9.0,339000.0,2025,https://www.zillow.com,https://photos.zillowstatic.com/fp/1786adc8e20e159faf00ee110b275802-p_c.jpg,2026-09-21 14:50,For Sale
26883613,10414 Black Walnut Dr,75243,Dallas,TX,32.9102,-96.70535,349000,189.0,,339000.0,2546.0,3.0,2.0,1846.0,1978.0,6926.04,singleFamily,4.0,298700.0,2025,https://www.zillow.com,https://photos.zillowstatic.com/fp/a5b7f32f9fdd7bd32de7c31a074a234f-p_c.jpg,2026-09-21 14:50,For Sale
26872825,6015 Blue Bay Dr,75248,Dallas,TX,32.97433,-96.80337,535000,209.0,,517800.0,5245.0,3.0,3.0,2559.0,1978.0,7535.88,singleFamily,24.0,557330.0,2025,https://www.zillow.com,https://photos.zillowstatic.com/fp/4ecb3b3c6466b2a9e8542559183f1902-p_c.jpg,2026-09-21 14:50,For Sale
26783856,4424 Tacoma St,75216,Dallas,TX,32.70418,-96.7744,165000,157.0,-5000.0,167400.0,1745.0,3.0,1.0,1048.0,1951.0,8145.72,singleFamily,7.0,170000.0,2025,https://www.zillow.com,https://photos.zillowstatic.com/fp/5ccd1a2ecd0f41f7fd83c58388de3c13-p_c.jpg,2026-09-21 14:50,For Sale
60346590,11333 Park Central Pl,75230,Dallas,TX,32.904194,-96.77173,499900,271.0,,481300.0,3302.0,3.0,2.0,1846.0,1962.0,6316.2,singleFamily,10.0,370970.0,2025,https://www.zillow.com,https://photos.zillowstatic.com/fp/bfee804ecd7bb5d73e244ee69a9b8673-p_c.jpg,2026-09-21 14:50,For Sale
26689227,6122 Bryan Pkwy,75206,Dallas,TX,32.810043,-96.761925,1250000,346.0,,1193700.0,6528.0,4.0,3.0,3617.0,1999.0,6621.12,singleFamily,73.0,975090.0,2025,https://www.zillow.com,https://photos.zillowstatic.com/fp/a777eccb9d98f34337980c2f7ea3d3dc-p_c.jpg,2026-09-21 14:50,For Sale
26846390,2304 Babalos Ln,75228,Dallas,TX,32.80822,-96.676125,399999,211.0,-10000.0,,,3.0,3.0,1892.0,1968.0,8433.216,singleFamily,89.0,361940.0,2025,https://www.zillow.com,https://photos.zillowstatic.com/fp/829ca234a8ff634af94febd0aac544b5-p_c.jpg,2026-09-21 14:50,For Sale
26790546,3767 Park Ln,75220,Dallas,TX,32.8751,-96.853325,1849500,383.0,,1799600.0,7648.0,5.0,6.0,4827.0,2026.0,8276.4,singleFamily,5.0,610050.0,2025,https://www.zillow.com,https://photos.zillowstatic.com/fp/a77ee3cd8be282a54cc66c83874ec665-p_c.jpg,2026-09-21 14:50,For Sale
26760464,5807 Glen Falls Ln,75209,Dallas,TX,32.86401,-96.81352,8875000,973.0,-420000.0,8474900.0,,5.0,8.0,9118.0,2026.0,0.514,singleFamily,93.0,2015100.0,2025,https://www.zillow.com,https://photos.zillowstatic.com/fp/bb7da9088016786ee4b772862254593b-p_c.jpg,2026-09-21 14:50,For Sale
80230979,3372 Mojave Dr,75241,Dallas,TX,32.655685,-96.76571,270000,137.0,-15000.0,269000.0,2226.0,3.0,3.0,1969.0,2006.0,5357.88,singleFamily,62.0,271460.0,2025,https://www.zillow.com,https://photos.zillowstatic.com/fp/39f47a79f376d0c2f16b62aea89814e2-p_c.jpg,2026-09-21 14:50,For Sale
26915218,5916 Wisdom Creek Dr,75249,Dallas,TX,32.651264,-96.97505,420000,175.0,-4999.0,415300.0,3464.0,4.0,3.0,2403.0,1999.0,7884.36,singleFamily,53.0,353010.0,2025,https://www.zillow.com,https://photos.zillowstatic.com/fp/73f8a6fddeda351b18c9a5e1ca2f4fb5-p_c.jpg,2026-09-21 14:50,For Sale
26696102,608 Monte Vista Dr,75223,Dallas,TX,32.80586,-96.742424,1450000,564.0,,,,3.0,3.0,2570.0,1929.0,0.364,singleFamily,10.0,1033030.0,2025,https://www.zillow.com,https://photos.zillowstatic.com/fp/94b569d49eced86cec4c8d6a7f5450a6-p_c.jpg,2026-09-21 14:50,For Sale
26731677,4217 Delmar Ave,75206,Dallas,TX,32.837242,-96.7658,750000,428.0,-25000.0,738800.0,3289.0,4.0,2.0,1752.0,1942.0,7535.88,singleFamily,37.0,695000.0,2025,https://www.zillow.com,https://photos.zillowstatic.com/fp/e2a3516b3bfc735889ce9e6f0e62bdbb-p_c.jpg,2026-09-21 14:50,For Sale
26806834,10322 Best Dr,75229,Dallas,TX,32.88677,-96.84515,2950000,548.0,,2796300.0,7645.0,4.0,6.0,5385.0,2018.0,0.35,singleFamily,9.0,2563620.0,2025,https://www.zillow.com,https://photos.zillowstatic.com/fp/8960e82ac55d24a9085ea54b75b330bc-p_c.jpg,2026-09-21 14:50,For Sale
465331731,4024 Herschel Ave,75219,Dallas,TX,32.82055,-96.80819,1760000,494.0,,,,4.0,4.0,3563.0,2026.0,7174.332,townhome,4.0,,,https://www.zillow.com,https://photos.zillowstatic.com/fp/6bb61e17172d3371a4ea4fde48929c14-p_c.jpg,2026-09-21 14:50,For Sale
26851448,11616 Wander Ln,75230,Dallas,TX,32.907223,-96.78774,12975000,1377.0,,11618800.0,,5.0,7.0,9420.0,2011.0,2.4,singleFamily,47.0,11029010.0,2025,https://www.zillow.com,https://photos.zillowstatic.com/fp/47f174fd46f0e4d6cefdf901b43f419b-p_c.jpg,2026-09-21 14:50,For Sale
26829971,8115 Ferguson Rd,75228,Dallas,TX,32.804195,-96.71162,390000,129.0,,376300.0,2028.0,6.0,4.0,3020.0,1969.0,10367.28,multiFamily,17.0,502370.0,2025,https://www.zillow.com,https://photos.zillowstatic.com/fp/3eab853033ea450ea1bd7a6ac3acfe62-p_c.jpg,2026-09-21 14:50,For Sale
26821684,3250 Highland Woods Cir,75241,Dallas,TX,32.682358,-96.765076,156000,139.0,-39000.0,,1608.0,3.0,2.0,1123.0,1963.0,9844.56,singleFamily,55.0,257610.0,2025,https://www.zillow.com,https://photos.zillowstatic.com/fp/9389845dbb120d43948417d06faea61c-p_c.jpg,2026-09-21 14:50,For Sale
26863298,5454 Ranchero Ln,75236,Dallas,TX,32.679493,-96.916954,349000,154.0,,346100.0,2951.0,4.0,3.0,2270.0,1967.0,0.941,singleFamily,10.0,368310.0,2025,https://www.zillow.com,https://photos.zillowstatic.com/fp/a94a2a5bc24ffde4b37d0639cbbaafc0-p_c.jpg,2026-09-21 14:50,For Sale
162224612,4130 Cochran Chapel Rd,75209,Dallas,TX,32.860207,-96.84044,9200000,1024.0,,,,5.0,8.0,8984.0,2002.0,3.38,singleFamily,13.0,6872000.0,2025,https://www.zillow.com,https://photos.zillowstatic.com/fp/14aa804843ac3e4d111e7a69c300bcc0-p_c.jpg,2026-09-21 14:50,For Sale
444082473,10911 Beauty Ln,75229,Dallas,TX,32.896557,-96.86486,1990000,376.0,-205000.0,1938600.0,9272.0,5.0,7.0,5297.0,2026.0,0.267,singleFamily,34.0,,,https://www.zillow.com,https://photos.zillowstatic.com/fp/c6b25fded10573adca42ff2e6d07cb30-p_c.jpg,2026-09-21 14:50,For Sale
26838162,11336 Valley Dale Dr,75230,Dallas,TX,32.9041,-96.77227,1350000,386.0,,1280200.0,6681.0,5.0,3.0,3494.0,1958.0,0.367,singleFamily,3.0,1078470.0,2025,https://www.zillow.com,https://photos.zillowstatic.com/fp/9815122da905034b887a1bcb31730318-p_c.jpg,2026-09-21 14:50,For Sale
26903809,4704 Lizzy Dr,75211,Dallas,TX,32.7279,-96.8975,265000,208.0,,,,4.0,2.0,1276.0,1998.0,5183.64,singleFamily,5.0,264510.0,2025,https://www.zillow.com,https://photos.zillowstatic.com/fp/fa19481102f91a32219d3d5b5911bf49-p_c.jpg,2026-09-21 14:50,For Sale
26757727,5814 Meaders Ln,75230,Dallas,TX,32.886227,-96.80807,2690000,557.0,,,,5.0,6.0,4829.0,2006.0,0.436,singleFamily,3.0,2123290.0,2025,https://www.zillow.com,https://photos.zillowstatic.com/fp/dba3b2c14685e6782d344038bfa62c54-p_c.jpg,2026-09-21 14:50,For Sale
26706247,6979 Bob O Link Dr,75214,Dallas,TX,32.833046,-96.740166,3200000,593.0,-50000.0,3062800.0,,5.0,6.0,5399.0,2020.0,9801.0,singleFamily,46.0,2187880.0,2025,https://www.zillow.com,https://photos.zillowstatic.com/fp/59e3e4ec5b17bfdd05b357a76f1b3faa-p_c.jpg,2026-09-21 14:50,For Sale
26689981,5926 Belmont Ave,75206,Dallas,TX,32.81695,-96.76469,699000,387.0,,,,3.0,2.0,1804.0,1926.0,10018.8,singleFamily,6.0,649360.0,2025,https://www.zillow.com,https://photos.zillowstatic.com/fp/f05483a4cd2708b5310c261bbd6ddd4c-p_c.jpg,2026-09-21 14:50,For Sale
26881292,4452 Sugar Mill Rd,75244,Dallas,TX,32.918533,-96.83193,1399000,409.0,-96000.0,1342500.0,6010.0,5.0,5.0,3422.0,1966.0,0.37900000000000006,singleFamily,137.0,1527000.0,2025,https://www.zillow.com,https://photos.zillowstatic.com/fp/86a97f63a4aeca2864caa3d02fb619bf-p_c.jpg,2026-09-21 14:50,For Sale
26763955,6927 Overlook Dr,75227,Dallas,TX,32.76968,-96.70069,259900,231.0,,254100.0,1717.0,3.0,2.0,1125.0,1950.0,7666.56,singleFamily,6.0,208080.0,2025,https://www.zillow.com,https://photos.zillowstatic.com/fp/c3819ae91d639919b9caca2b5bf8bef2-p_c.jpg,2026-09-21 14:50,For Sale
26682810,5416 Worth St,75214,Dallas,TX,32.802494,-96.76172,650000,403.0,,621700.0,3553.0,2.0,2.0,1612.0,1920.0,6272.64,singleFamily,10.0,567660.0,2025,https://www.zillow.com,https://photos.zillowstatic.com/fp/0e7b0a115df0cd4e99d0e6301a77cf5b-p_c.jpg,2026-09-21 14:50,For Sale
26631655,5416 Ventana Trl,75252,Dallas,TX,33.01008,-96.801056,399950,195.0,-30000.0,392600.0,3080.0,3.0,2.0,2056.0,1985.0,6011.28,singleFamily,184.0,479393.0,2025,https://www.zillow.com,https://photos.zillowstatic.com/fp/9197ba8e170e95f771451a77d008c9ca-p_c.jpg,2026-09-21 14:50,For Sale
465331943,15515 El Estado Dr,75248,Dallas,TX,32.96023,-96.76971,599000,215.0,,,,6.0,4.0,2784.0,1967.0,9975.24,multiFamily,4.0,,,https://www.zillow.com,https://photos.zillowstatic.com/fp/ea4a6fc9028ac96782aa1acbce9cfbeb-p_c.jpg,2026-09-21 14:50,For Sale
26821015,2860 56th St,75241,Dallas,TX,32.689857,-96.773506,129999,102.0,,112400.0,1637.0,2.0,1.0,1277.0,1940.0,0.3271,singleFamily,3.0,137550.0,2025,https://www.zillow.com,https://photos.zillowstatic.com/fp/29cc9282eb61a7a0a49997c97f8433fc-p_c.jpg,2026-09-21 14:50,For Sale
84003823,206 River Rock Dr,75217,Dallas,TX,32.71476,-96.71218,225000,146.0,-29799.0,224200.0,1804.0,3.0,3.0,1545.0,2007.0,4225.32,singleFamily,76.0,217880.0,2025,https://www.zillow.com,https://photos.zillowstatic.com/fp/788b209fceac37d92b4123562f166ba0-p_c.jpg,2026-09-21 14:50,For Sale
26678416,4915 Junius St,75214,Dallas,TX,32.799946,-96.768005,1050000,353.0,,997300.0,5901.0,3.0,3.0,2972.0,1919.0,0.262,singleFamily,10.0,775420.0,2025,https://www.zillow.com,https://photos.zillowstatic.com/fp/ed6458a766b33a2d61f5a2961aac8f09-p_c.jpg,2026-09-21 14:50,For Sale
244057090,7846 Verona Pl,75231,Dallas,TX,32.8884,-96.76249,580000,333.0,,567400.0,2954.0,3.0,3.0,1744.0,2017.0,2047.32,singleFamily,5.0,543520.0,2025,https://www.zillow.com,https://photos.zillowstatic.com/fp/f5259daad04ccbad2fd2161a95694da1-p_c.jpg,2026-09-21 14:50,For Sale
26887031,9639 Vista Oaks Dr,75243,Dallas,TX,32.895653,-96.73368,749000,231.0,,724100.0,6543.0,4.0,3.0,3248.0,1976.0,9713.88,singleFamily,9.0,793190.0,2025,https://www.zillow.com,https://photos.zillowstatic.com/fp/3beb99016d9b4a084d7d793b8830c904-p_c.jpg,2026-09-21 14:50,For Sale
26702043,6905 Wabash Cir,75214,Dallas,TX,32.824696,-96.74096,1499000,439.0,-151000.0,1469100.0,6875.0,5.0,3.0,3411.0,1967.0,0.294,singleFamily,115.0,1453030.0,2025,https://www.zillow.com,https://photos.zillowstatic.com/fp/c1cc4ccc08d3472c675cc0d1a34d9fb9-p_c.jpg,2026-09-21 14:50,For Sale
26811185,3161 Waldrop Dr,75229,Dallas,TX,32.89068,-96.87322,359900,247.0,,347500.0,2881.0,3.0,2.0,1456.0,1956.0,0.272,singleFamily,26.0,344720.0,2025,https://www.zillow.com,https://photos.zillowstatic.com/fp/3b032fec39cec77ead550dd4ae611bb0-p_c.jpg,2026-09-21 14:50,For Sale
55827273,2902 State St APT 22,75204,Dallas,TX,32.797253,-96.79766,449000,368.0,,,,2.0,3.0,1221.0,1994.0,0.688,condo,30.0,433460.0,2025,https://www.zillow.com,https://photos.zillowstatic.com/fp/1a4163385722d000b6bd106a0aafc3d8-p_c.jpg,2026-09-21 14:50,For Sale
26756212,6815 Pemberton Dr,75230,Dallas,TX,32.891823,-96.78806,4450000,634.0,,,,5.0,7.0,7021.0,2024.0,0.38199999999999995,singleFamily,25.0,3364430.0,2025,https://www.zillow.com,https://photos.zillowstatic.com/fp/034d9a6c402c25772e1248d5e0542a3f-p_c.jpg,2026-09-21 14:50,For Sale
26757998,5216 Palomar Ln,75229,Dallas,TX,32.889263,-96.81688,9250000,979.0,-700000.0,8393100.0,,6.0,9.0,9446.0,2022.0,1.13,singleFamily,69.0,6218000.0,2025,https://www.zillow.com,https://photos.zillowstatic.com/fp/f0ac659860e743efb2feecb2dcf7d9c7-p_c.jpg,2026-09-21 14:50,For Sale
26825034,5427 Longleaf Ln,75232,Dallas,TX,32.679256,-96.835014,265800,129.0,,265600.0,2907.0,4.0,3.0,2064.0,1962.0,0.26899999999999996,singleFamily,8.0,313330.0,2025,https://www.zillow.com,https://photos.zillowstatic.com/fp/815cc874ece6ec66e64f8b867e06ceaf-p_c.jpg,2026-09-21 14:50,For Sale
26728164,2807 Cain Blvd,75211,Dallas,TX,32.745228,-96.865944,500000,201.0,,,,5.0,5.0,2488.0,1930.0,7361.64,singleFamily,6.0,315000.0,2025,https://www.zillow.com,https://photos.zillowstatic.com/fp/24d338fa77a697d6d48a63892de49780-p_c.jpg,2026-09-21 14:50,For Sale
26881369,4708 Forest Bend Rd,75244,Dallas,TX,32.92307,-96.82909,1399000,409.0,,1322700.0,6174.0,4.0,6.0,3417.0,1967.0,0.318,singleFamily,5.0,1418350.0,2025,https://www.zillow.com,https://photos.zillowstatic.com/fp/9eb074c28f544b6499b2f36ca0d5bf84-p_c.jpg,2026-09-21 14:50,For Sale
26847251,1728 Mapleton Dr,75228,Dallas,TX,32.819675,-96.68527,549990,257.0,,536400.0,2667.0,4.0,2.0,2142.0,1961.0,8058.6,singleFamily,3.0,458970.0,2025,https://www.zillow.com,https://photos.zillowstatic.com/fp/3ba6c33034415626342acbb9fd9ef0e2-p_c.jpg,2026-09-21 14:50,For Sale
26823950,5412 University Hills Blvd,75241,Dallas,TX,32.679962,-96.80546,150000,128.0,-15000.0,,1810.0,3.0,2.0,1169.0,1962.0,9381.0,singleFamily,71.0,186430.0,2025,https://www.zillow.com,https://photos.zillowstatic.com/fp/15d8dfd5ad8b3ddfcb77e7f85ca2d4e5-p_c.jpg,2026-09-21 14:50,For Sale
26747268,649 Peavy Rd,75218,Dallas,TX,32.848106,-96.71082,534000,407.0,-5000.0,526400.0,2843.0,3.0,2.0,1311.0,1948.0,10367.28,singleFamily,32.0,503380.0,2025,https://www.zillow.com,https://photos.zillowstatic.com/fp/6dd3266e37bbb745765b296b94a4a3d1-p_c.jpg,2026-09-21 14:50,For Sale
26877233,6030 Club Oaks Dr,75248,Dallas,TX,32.983055,-96.81675,2300000,418.0,-100000.0,2177100.0,8630.0,4.0,5.0,5497.0,1977.0,0.297,singleFamily,14.0,2075260.0,2025,https://www.zillow.com,https://photos.zillowstatic.com/fp/725f5d94006fde89f6f9d0ef0fecd86d-p_c.jpg,2026-09-21 14:50,For Sale
26890015,6639 Clearhaven Cir,75248,Dallas,TX,32.96738,-96.792244,879000,280.0,,850000.0,5008.0,4.0,4.0,3141.0,1978.0,7840.8,singleFamily,4.0,937100.0,2025,https://www.zillow.com,https://photos.zillowstatic.com/fp/3ad10f7bb28c84c25341a5f8dd609f73-p_c.jpg,2026-09-21 14:50,For Sale
55826135,3625 Brown St,75219,Dallas,TX,32.80493,-96.81126,1875000,502.0,,1779600.0,6387.0,3.0,4.0,3734.0,2001.0,3484.8,townhome,3.0,1589610.0,2025,https://www.zillow.com,https://photos.zillowstatic.com/fp/6fe1db2343bdd2798b2dc11a1fdccf02-p_c.jpg,2026-09-21 14:50,For Sale
54010848,17911 Meadowchase Way,75287,Dallas,TX,32.99258,-96.860535,365000,147.0,-13000.0,,3175.0,4.0,3.0,2481.0,1995.0,5227.2,singleFamily,136.0,446223.0,2025,https://www.zillow.com,https://photos.zillowstatic.com/fp/2d2bbd8bcc98a3224bb5346b1771b36c-p_c.jpg,2026-09-21 14:50,For Sale
26926324,2220 Canton St APT 409,75201,Dallas,TX,32.780212,-96.7885,469000,283.0,,444900.0,3995.0,1.0,2.0,1657.0,1925.0,0.9590000000000001,condo,10.0,505390.0,2025,https://www.zillow.com,https://photos.zillowstatic.com/fp/0c80870012dcfabb654c3368455da183-p_c.jpg,2026-09-21 14:50,For Sale
26698911,3739 N Versailles Ave,75209,Dallas,TX,32.83079,-96.8217,3295000,629.0,,3049400.0,,5.0,6.0,5242.0,1992.0,8886.24,singleFamily,65.0,1870470.0,2025,https://www.zillow.com,https://photos.zillowstatic.com/fp/a499cb6ba881eb0d543f2fa183a89704-p_c.jpg,2026-09-21 14:50,For Sale
53390223,4102 Buena Vista St Unit 13,75204,Dallas,TX,32.81558,-96.79541,279900,356.0,,236700.0,1909.0,1.0,2.0,787.0,1985.0,0.504,condo,3.0,255780.0,2025,https://www.zillow.com,https://photos.zillowstatic.com/fp/323dc087df758762fd5f2586f9f44dcc-p_c.jpg,2026-09-21 14:50,For Sale
26742100,10633 Cayuga Dr,75228,Dallas,TX,32.840736,-96.68464,219900,201.0,-10000.0,214700.0,1733.0,3.0,1.0,1096.0,1950.0,7405.2,singleFamily,56.0,287120.0,2025,https://www.zillow.com,https://photos.zillowstatic.com/fp/b3fe4ef0de6dc0ee9046a5175e60ee07-p_c.jpg,2026-09-21 14:50,For Sale
460665073,2925 Spruce Valley Ln #402,75233,Dallas,TX,32.712906,-96.87679,289000,196.0,-58000.0,,,3.0,2.0,1477.0,2026.0,1.7148,townhome,116.0,,,https://www.zillow.com,https://photos.zillowstatic.com/fp/043fb56795a5bef76217cd67ccab7072-p_c.jpg,2026-09-21 14:50,For Sale
162224616,4120 Cochran Chapel Rd,75209,Dallas,TX,32.86009,-96.84106,7995000,994.0,,7407800.0,,5.0,7.0,8044.0,2006.0,3.0,singleFamily,17.0,5042930.0,2025,https://www.zillow.com,https://photos.zillowstatic.com/fp/98cf9ff1d937ab81a32f09c2a84ad12b-p_c.jpg,2026-09-21 14:50,For Sale
248745541,7575 Saddleridge Dr,75249,Dallas,TX,32.647964,-96.956184,449990,163.0,,443500.0,3387.0,4.0,2.0,2756.0,2017.0,0.261,singleFamily,9.0,459150.0,2025,https://www.zillow.com,https://photos.zillowstatic.com/fp/bad18c78d1a3ae440cf9e49aa2990121-p_c.jpg,2026-09-21 14:50,For Sale
26692821,4650 Christopher Pl,75204,Dallas,TX,32.81829,-96.79816,1550000,600.0,,1458000.0,4266.0,2.0,3.0,2585.0,1969.0,3018.708,townhome,19.0,1013860.0,2025,https://www.zillow.com,https://photos.zillowstatic.com/fp/de9578c2ea3f75a1e0c5959c7d4b6f80-p_c.jpg,2026-09-21 14:50,For Sale
26787728,3618 Marsh Lane Pl,75220,Dallas,TX,32.87916,-96.85715,296000,107.0,-2430.0,,5191.0,4.0,4.0,2776.0,1953.0,7535.88,singleFamily,12.0,409250.0,2025,https://www.zillow.com,https://photos.zillowstatic.com/fp/b181333ad4f52eb63ccdc931770f1990-p_c.jpg,2026-09-21 14:50,For Sale
26851008,10908 Villa Haven Dr,75238,Dallas,TX,32.87491,-96.695885,565000,298.0,,,,3.0,2.0,1895.0,1974.0,6969.6,singleFamily,9.0,505980.0,2025,https://www.zillow.com,https://photos.zillowstatic.com/fp/b773e75c18eb0c5a3edd24811fa5bb56-p_c.jpg,2026-09-21 14:50,For Sale
26840526,10035 Woodgrove Dr,75218,Dallas,TX,32.86355,-96.71222,810000,298.0,,781000.0,3460.0,3.0,3.0,2716.0,1955.0,0.353,singleFamily,9.0,861940.0,2025,https://www.zillow.com,https://photos.zillowstatic.com/fp/26f642490a1d6bac6aa14fec12f3fb56-p_c.jpg,2026-09-21 14:50,For Sale
53389146,5602 Reiger Ave,75214,Dallas,TX,32.80205,-96.757095,625000,279.0,,599700.0,3601.0,4.0,3.0,2238.0,1927.0,5227.2,singleFamily,6.0,485000.0,2025,https://www.zillow.com,https://photos.zillowstatic.com/fp/e3fd6be797089f0258d76b10fd54bcbf-p_c.jpg,2026-09-21 14:50,For Sale
26899111,4209 Wycliff Ave APT A,75219,Dallas,TX,32.819977,-96.804054,629000,304.0,,613900.0,4249.0,3.0,3.0,2070.0,1998.0,1785.96,singleFamily,23.0,444870.0,2025,https://www.zillow.com,https://photos.zillowstatic.com/fp/cdb03087f7da53524782785db3a9b120-p_c.jpg,2026-09-21 14:50,For Sale
60331873,3100 Cole Ave APT 206,75204,Dallas,TX,32.80298,-96.80129,349900,353.0,,335300.0,2490.0,2.0,2.0,990.0,1984.0,0.978,condo,4.0,351450.0,2025,https://www.zillow.com,https://photos.zillowstatic.com/fp/17d05f0d00ca83898283be0b93d6d7a7-p_c.jpg,2026-09-21 14:50,For Sale
26752176,6902 Deloache Ave,75225,Dallas,TX,32.870697,-96.78647,1280000,423.0,-69000.0,1255700.0,7604.0,4.0,3.0,3028.0,1979.0,8973.36,singleFamily,73.0,1325000.0,2025,https://www.zillow.com,https://photos.zillowstatic.com/fp/8ddfa7c3c65b2331b57c7dd5887386aa-p_c.jpg,2026-09-21 14:50,For Sale
26889934,16106 Shadybank Dr,75248,Dallas,TX,32.972324,-96.79664,995000,327.0,,,,4.0,3.0,3040.0,1981.0,9060.48,singleFamily,29.0,1038910.0,2025,https://www.zillow.com,https://photos.zillowstatic.com/fp/03a92cda74687feef18225a97a306487-p_c.jpg,2026-09-21 14:50,For Sale
26844494,12241 Oberlin Dr,75243,Dallas,TX,32.914722,-96.75727,299900,175.0,-25090.0,295000.0,2609.0,4.0,2.0,1718.0,1959.0,7623.0,singleFamily,19.0,271690.0,2025,https://www.zillow.com,https://photos.zillowstatic.com/fp/7a4d2a27351263db266387898f690860-p_c.jpg,2026-09-21 14:50,For Sale
26790118,3957 Gaspar Dr,75220,Dallas,TX,32.86998,-96.84653,2195000,445.0,-54500.0,2128800.0,9239.0,6.0,5.0,4932.0,2026.0,9408.96,singleFamily,114.0,649550.0,2025,https://www.zillow.com,https://photos.zillowstatic.com/fp/ce1eee0302497df51630d5aaef81b66d-p_c.jpg,2026-09-21 14:50,For Sale
26707648,7015 Lyre Ln,75214,Dallas,TX,32.83533,-96.739006,4095000,744.0,,3884500.0,,5.0,6.0,5502.0,2026.0,0.363,singleFamily,26.0,1319420.0,2025,https://www.zillow.com,https://photos.zillowstatic.com/fp/76b93e639d1475a7501d4c006aaf7674-p_c.jpg,2026-09-21 14:50,For Sale
26806617,10230 Marsh Ln,75229,Dallas,TX,32.885693,-96.85548,3595000,445.0,100000.0,3435800.0,,5.0,7.0,8087.0,2024.0,1.2,singleFamily,34.0,2656190.0,2025,https://www.zillow.com,https://photos.zillowstatic.com/fp/94b12cffa646afc6958b1ea14de27c1d-p_c.jpg,2026-09-21 14:50,For Sale
26850873,10945 Middle Knoll Dr,75238,Dallas,TX,32.87608,-96.6947,565000,298.0,,545500.0,2585.0,3.0,2.0,1895.0,1973.0,6054.84,singleFamily,2.0,451120.0,2025,https://www.zillow.com,https://photos.zillowstatic.com/fp/8d939337de227d9408a5803a7b82b13c-p_c.jpg,2026-09-21 14:50,For Sale
26874097,15922 Windy Meadow Dr,75248,Dallas,TX,32.96998,-96.78514,770000,296.0,,743100.0,5734.0,5.0,3.0,2597.0,1975.0,8145.72,singleFamily,4.0,627020.0,2025,https://www.zillow.com,https://photos.zillowstatic.com/fp/b4630e87fcba8f8221d2998d644ecb00-p_c.jpg,2026-09-21 14:50,For Sale
26752222,6918 Chevy Chase Ave,75225,Dallas,TX,32.871483,-96.78531,1295000,432.0,,1242900.0,5915.0,3.0,3.0,2995.0,1978.0,7535.88,singleFamily,4.0,1025000.0,2025,https://www.zillow.com,https://photos.zillowstatic.com/fp/2411f06df1dd51679001e3b5e7996f39-p_c.jpg,2026-09-21 14:50,For Sale
26754784,6635 Park Ln,75225,Dallas,TX,32.87375,-96.79011,2995000,537.0,,,,5.0,5.0,5582.0,2014.0,9713.88,singleFamily,11.0,2554000.0,2025,https://www.zillow.com,https://photos.zillowstatic.com/fp/1a00ee90d94cdcc4314d78d457385ebd-p_c.jpg,2026-09-21 14:50,For Sale
26891206,7326 Boisenberry Ln,75249,Dallas,TX,32.646145,-96.95055,260000,176.0,-10000.0,258400.0,2800.0,4.0,3.0,1476.0,1979.0,9487.368,singleFamily,22.0,246330.0,2025,https://www.zillow.com,https://photos.zillowstatic.com/fp/5565160035419de72101b8b8f51b634c-p_c.jpg,2026-09-21 14:50,For Sale
26851496,6766 Northaven Rd,75230,Dallas,TX,32.900932,-96.78869,3999000,901.0,-150000.0,3803500.0,,5.0,5.0,4437.0,2019.0,0.942,singleFamily,90.0,5337960.0,2025,https://www.zillow.com,https://photos.zillowstatic.com/fp/516d4b1a8940930654b6e456275a8591-p_c.jpg,2026-09-21 14:50,For Sale
26897798,3513 Bryan St,75204,Dallas,TX,32.794403,-96.785225,549000,270.0,,532400.0,3278.0,3.0,3.0,2036.0,1998.0,2700.72,townhome,4.0,584090.0,2025,https://www.zillow.com,https://photos.zillowstatic.com/fp/a90696f4bbae885c69e5cef9b0eecedf-p_c.jpg,2026-09-21 14:50,For Sale
26826084,2133 Oak Valley Ln,75232,Dallas,TX,32.67817,-96.85342,429500,195.0,-20000.0,,,3.0,3.0,2203.0,1967.0,10410.84,singleFamily,19.0,301990.0,2025,https://www.zillow.com,https://photos.zillowstatic.com/fp/2363878e8234d0c64ae848c4f54e2b8b-p_c.jpg,2026-09-21 14:50,For Sale
26882648,10135 Deermont Trl,75243,Dallas,TX,32.927826,-96.70958,625000,183.0,,602500.0,4120.0,5.0,4.0,3424.0,1976.0,8407.08,singleFamily,17.0,470450.0,2025,https://www.zillow.com,https://photos.zillowstatic.com/fp/9027988ddaf32689ad35915629774b8b-p_c.jpg,2026-09-21 14:50,For Sale
26797484,233 Creek Cove Dr,75217,Dallas,TX,32.715996,-96.71027,115000,115.0,-5000.0,112900.0,1791.0,3.0,2.0,996.0,1972.0,3659.04,townhome,173.0,159860.0,2025,https://www.zillow.com,https://photos.zillowstatic.com/fp/0f02eda6c1f4e43c0ffc70463bf1bdcd-p_c.jpg,2026-09-21 14:50,For Sale
96533947,3803 Kenilworth St,75210,Dallas,TX,32.765114,-96.74373,94900,141.0,-10000.0,,,3.0,1.0,672.0,2020.0,4573.8,singleFamily,55.0,130130.0,2025,https://www.zillow.com,https://photos.zillowstatic.com/fp/4b64e6369e2d03c5bf6628fa60db0eba-p_c.jpg,2026-09-21 14:50,For Sale
26869110,9604 Robin Meadow Dr,75243,Dallas,TX,32.90022,-96.73132,950000,292.0,,,,4.0,3.0,3250.0,1981.0,0.296,singleFamily,4.0,930680.0,2025,https://www.zillow.com,https://photos.zillowstatic.com/fp/7e8eed9d1976332854327a8019342f3c-p_c.jpg,2026-09-21 14:50,For Sale
26888826,6226 La Cosa Dr,75248,Dallas,TX,32.959396,-96.79859,624900,237.0,-25000.0,610900.0,3508.0,4.0,3.0,2636.0,1979.0,8058.6,singleFamily,44.0,610420.0,2025,https://www.zillow.com,https://photos.zillowstatic.com/fp/f79c2ba8dfeb7d3615874afae631d72c-p_c.jpg,2026-09-21 14:50,For Sale
67961432,3516 Hamilton Ave,75210,Dallas,TX,32.77102,-96.755035,164900,138.0,-8600.0,,1817.0,3.0,2.0,1195.0,1942.0,6098.4,singleFamily,73.0,184280.0,2025,https://www.zillow.com,https://photos.zillowstatic.com/fp/f522f084ae92acda35e4214051516882-p_c.jpg,2026-09-21 14:50,For Sale
96523086,5719 Bon Air Dr,75241,Dallas,TX,32.67862,-96.7674,405000,214.0,,403400.0,2669.0,3.0,3.0,1889.0,2026.0,0.27599999999999997,singleFamily,19.0,62000.0,2025,https://www.zillow.com,https://photos.zillowstatic.com/fp/3d7cf023b26338470407c5fb48a18c7b-p_c.jpg,2026-09-21 14:50,For Sale
162180688,5211 Goodwin Ave,75206,Dallas,TX,32.82377,-96.781876,899900,588.0,,,,2.0,2.0,1531.0,1925.0,8015.04,singleFamily,10.0,817540.0,2025,https://www.zillow.com,https://photos.zillowstatic.com/fp/299ad50f03a776e84d1d665ab7c9e6c2-p_c.jpg,2026-09-21 14:50,For Sale
26717343,1147 N Windomere Ave,75208,Dallas,TX,32.758976,-96.844246,739000,426.0,-10000.0,715300.0,3702.0,3.0,2.0,1734.0,1937.0,8015.04,singleFamily,23.0,643220.0,2025,https://www.zillow.com,https://photos.zillowstatic.com/fp/232c53c4a8c57cbba0d59cb63e4959ed-p_c.jpg,2026-09-21 14:50,For Sale
26714361,623 N Montclair Ave,75208,Dallas,TX,32.75035,-96.8468,649000,358.0,-11000.0,633900.0,3039.0,3.0,2.0,1811.0,1922.0,6969.6,singleFamily,76.0,590890.0,2025,https://www.zillow.com,https://photos.zillowstatic.com/fp/b32b97dd0adf94a29fe115d7736dea04-p_c.jpg,2026-09-21 14:50,For Sale
26833218,1727 Toronto St,75212,Dallas,TX,32.779633,-96.8475,769000,233.0,,760600.0,5125.0,5.0,5.0,3302.0,2026.0,6011.28,singleFamily,18.0,267470.0,2025,https://www.zillow.com,https://photos.zillowstatic.com/fp/d6a1db220ee01fdd4adfb51c04ee89a3-p_c.jpg,2026-09-21 14:50,For Sale
26731044,6454 Kenwood Ave,75214,Dallas,TX,32.83242,-96.75061,2250000,446.0,,2187500.0,10148.0,5.0,5.0,5041.0,2025.0,7884.36,singleFamily,17.0,890100.0,2025,https://www.zillow.com,https://photos.zillowstatic.com/fp/5e32c6374c05316ead2efee0e6974b21-p_c.jpg,2026-09-21 14:50,For Sale
162813657,4015 Wycliff Ave Unit 2,75219,Dallas,TX,32.81997,-96.80784,675000,331.0,,,,2.0,3.0,2042.0,2015.0,7187.4,condo,1.0,633020.0,2025,https://www.zillow.com,https://photos.zillowstatic.com/fp/68bd46d777c68c2df493c76cb80d9b0c-p_c.jpg,2026-09-21 14:50,For Sale
26690255,5927 Vickery Blvd,75206,Dallas,TX,32.823177,-96.76465,765000,449.0,,,,3.0,2.0,1703.0,1979.0,7013.16,singleFamily,9.0,660000.0,2025,https://www.zillow.com,https://photos.zillowstatic.com/fp/fe4d077ce87d007bc672becfa603f90a-p_c.jpg,2026-09-21 14:50,For Sale
26740048,1906 Lakeland Dr,75218,Dallas,TX,32.816803,-96.706406,475000,451.0,,,,2.0,1.0,1053.0,1950.0,7753.68,singleFamily,11.0,464460.0,2025,https://www.zillow.com,https://photos.zillowstatic.com/fp/14800ec99a740f2d8cce5e77070302c2-p_c.jpg,2026-09-21 14:50,For Sale
26840055,9020 Westbriar Dr,75228,Dallas,TX,32.815426,-96.696594,475000,281.0,-14000.0,,,3.0,2.0,1688.0,1960.0,7797.24,singleFamily,138.0,490420.0,2025,https://www.zillow.com,https://photos.zillowstatic.com/fp/9067f3a1f738e6d4d7bed1f2642bd10d-p_c.jpg,2026-09-21 14:50,For Sale
442921186,4115 Maison Rdg,75219,Dallas,TX,32.804802,-96.81946,699500,333.0,,680800.0,3804.0,3.0,3.0,2100.0,2022.0,3092.76,singleFamily,4.0,670000.0,2025,https://www.zillow.com,https://photos.zillowstatic.com/fp/0595fc339d12a0c42cb34e84dbf55bcb-p_c.jpg,2026-09-21 14:50,For Sale
96511891,5735 Bon Air Dr,75210,Dallas,TX,32.678123,-96.76711,281000,152.0,-8000.0,,2699.0,4.0,2.0,1849.0,2022.0,0.27599999999999997,singleFamily,47.0,320000.0,2025,https://www.zillow.com,https://photos.zillowstatic.com/fp/d45365e3acc900d180b24769d19cd114-p_c.jpg,2026-09-21 14:50,For Sale
26707212,7153 Cornelia Ln,75214,Dallas,TX,32.830696,-96.73574,2699995,534.0,-99005.0,2634200.0,11163.0,5.0,5.0,5055.0,2025.0,0.26,singleFamily,115.0,878030.0,2025,https://www.zillow.com,https://photos.zillowstatic.com/fp/b1ffb95db4bc32cdaf4687656d15de22-p_c.jpg,2026-09-21 14:50,For Sale
26877804,3976 Avocado Dr,75241,Dallas,TX,32.66602,-96.74746,124900,111.0,,,1888.0,3.0,2.0,1125.0,1971.0,7013.16,singleFamily,39.0,185010.0,2025,https://www.zillow.com,https://photos.zillowstatic.com/fp/c183f68745740d50c5036ea7cd2c4692-p_c.jpg,2026-09-21 14:50,For Sale
96528672,1429 E Ann Arbor Ave,75216,Dallas,TX,32.6933,-96.80346,369000,189.0,,367000.0,,4.0,2.0,1957.0,2026.0,9365.4,singleFamily,3.0,142320.0,2025,https://www.zillow.com,https://photos.zillowstatic.com/fp/b8083c33d660a201c59e461466c20419-p_c.jpg,2026-09-21 14:50,For Sale
83995329,8275 Clark Springs Dr,75236,Dallas,TX,32.66663,-96.93935,325000,161.0,-15000.0,322100.0,2573.0,4.0,2.0,2013.0,2007.0,7971.48,singleFamily,26.0,345410.0,2025,https://www.zillow.com,https://photos.zillowstatic.com/fp/6e4caf6a337416cb6920f3862faa58b8-p_c.jpg,2026-09-21 14:50,For Sale
26704305,5552 Longview St,75206,Dallas,TX,32.830616,-96.77247,1250000,394.0,,,,4.0,5.0,3169.0,2023.0,3659.04,singleFamily,9.0,1035470.0,2025,https://www.zillow.com,https://photos.zillowstatic.com/fp/8414300cea436a3cc3743cf9595a9136-p_c.jpg,2026-09-21 14:50,For Sale
26702083,6933 Westlake Ave,75214,Dallas,TX,32.822792,-96.73984,1150000,521.0,,1099800.0,4740.0,3.0,2.0,2207.0,1934.0,8407.08,singleFamily,11.0,865510.0,2025,https://www.zillow.com,https://photos.zillowstatic.com/fp/dbdd7007fef1c6dee0896bb9426547f4-p_c.jpg,2026-09-21 14:50,For Sale
303984242,1918 Olive St Unit 4202,75201,Dallas,TX,32.789368,-96.80018,9995000,2137.0,,9230500.0,,2.0,4.0,4678.0,2020.0,,condo,12.0,8899990.0,2025,https://www.zillow.com,https://photos.zillowstatic.com/fp/0c4e51be1165e45d8d9e4e004a2d1400-p_c.jpg,2026-09-21 14:50,For Sale
26804625,12042 Shirestone Ln,75244,Dallas,TX,32.91352,-96.822,1799000,448.0,-100000.0,1713300.0,7565.0,5.0,5.0,4020.0,1975.0,0.369,singleFamily,52.0,863320.0,2025,https://www.zillow.com,https://photos.zillowstatic.com/fp/467a1c763f93b338ef1840223821a88a-p_c.jpg,2026-09-21 14:50,For Sale
26843629,9007 Leaside Dr,75238,Dallas,TX,32.869865,-96.702095,1549000,381.0,,1511400.0,6508.0,4.0,4.0,4064.0,2023.0,8232.84,singleFamily,2.0,1666200.0,2025,https://www.zillow.com,https://photos.zillowstatic.com/fp/1a28df1d4303b48bdc11cfbeed49b7b7-p_c.jpg,2026-09-21 14:50,For Sale
26808579,3305 Townsend Dr,75229,Dallas,TX,32.898987,-96.86811,1975000,406.0,-124000.0,1920800.0,9026.0,5.0,7.0,4865.0,2026.0,0.275,singleFamily,34.0,510130.0,2025,https://www.zillow.com,https://photos.zillowstatic.com/fp/0aa237dbb1d8561ddde44535eb840f3e-p_c.jpg,2026-09-21 14:50,For Sale
26651486,18728 Thorntree Ln,75252,Dallas,TX,33.00613,-96.802414,795000,234.0,-20000.0,781300.0,5481.0,4.0,4.0,3393.0,1993.0,8276.4,singleFamily,68.0,829895.0,2025,https://www.zillow.com,https://photos.zillowstatic.com/fp/fa60cf0fea7e7303fff12e4143e4ff31-p_c.jpg,2026-09-21 14:50,For Sale
26892606,7205 Cloverglen Dr,75249,Dallas,TX,32.629192,-96.94647,315000,150.0,,311000.0,2410.0,4.0,2.0,2102.0,1978.0,6969.6,singleFamily,3.0,323700.0,2025,https://www.zillow.com,https://photos.zillowstatic.com/fp/5abb42b37edb00ef0d2ff60f8cc8a22b-p_c.jpg,2026-09-21 14:50,For Sale
26863657,7717 Meadowhaven Dr,75254,Dallas,TX,32.948135,-96.773544,899900,323.0,-25000.0,,,4.0,4.0,2785.0,1968.0,0.302,singleFamily,53.0,634100.0,2025,https://www.zillow.com,https://photos.zillowstatic.com/fp/595ccd347a9fc6ea432ae15fac2956bd-p_c.jpg,2026-09-21 14:50,For Sale
26903405,9022 Villa Park Cir,75225,Dallas,TX,32.872677,-96.77756,497000,296.0,,,,3.0,2.0,1678.0,1966.0,5183.64,singleFamily,80.0,361360.0,2025,https://www.zillow.com,https://photos.zillowstatic.com/fp/c4674fb1f5ba550a9cf9cd5d43af343f-p_c.jpg,2026-09-21 14:50,For Sale
53081032,17490 Meandering Way APT 1102,75252,Dallas,TX,32.990818,-96.77777,229900,241.0,,,,2.0,2.0,955.0,1983.0,11.35,condo,3.0,235362.0,2025,https://www.zillow.com,https://photos.zillowstatic.com/fp/951429676e1a8cb5061ffaf593774bcd-p_c.jpg,2026-09-21 14:50,For Sale
26739624,8610 Angora St,75218,Dallas,TX,32.82252,-96.7134,1400000,427.0,-45000.0,,,4.0,4.0,3277.0,2021.0,7971.48,singleFamily,46.0,1235000.0,2025,https://www.zillow.com,https://photos.zillowstatic.com/fp/c6668315c4ec2dd12ecf26a26be28b4a-p_c.jpg,2026-09-21 14:50,For Sale
26930024,3310 Fairmount St APT 16B,75201,Dallas,TX,32.801342,-96.808525,550000,303.0,,520300.0,3721.0,2.0,2.0,1813.0,1964.0,2.39,condo,60.0,571100.0,2025,https://www.zillow.com,https://photos.zillowstatic.com/fp/765283f55ba506ac9e4134faee788826-p_c.jpg,2026-09-21 14:50,For Sale
162435831,2220 Canton St APT 407,75201,Dallas,TX,32.780376,-96.78904,649750,283.0,-25250.0,627300.0,5030.0,2.0,3.0,2296.0,1925.0,0.9590000000000001,condo,192.0,519000.0,2025,https://www.zillow.com,https://photos.zillowstatic.com/fp/365bda110c1e00d0248d5b976045f882-p_c.jpg,2026-09-21 14:50,For Sale
26706655,6628 Sondra Dr,75214,Dallas,TX,32.826427,-96.74608,1995000,422.0,-305000.0,1920000.0,10299.0,4.0,5.0,4722.0,2007.0,8145.72,singleFamily,83.0,1800000.0,2025,https://www.zillow.com,https://photos.zillowstatic.com/fp/04ed0949b97bac01c76f835241eb956f-p_c.jpg,2026-09-21 14:50,For Sale
26886903,8721 Flint Falls Dr,75243,Dallas,TX,32.897724,-96.73853,609990,279.0,,593200.0,3214.0,4.0,3.0,2189.0,1976.0,9060.48,singleFamily,34.0,658060.0,2025,https://www.zillow.com,https://photos.zillowstatic.com/fp/453834f99af160e00f176f71fe02cd72-p_c.jpg,2026-09-21 14:50,For Sale
26707895,708 Blaylock Dr,75203,Dallas,TX,32.756466,-96.81656,450000,361.0,,,,3.0,2.0,1246.0,1948.0,3876.84,singleFamily,24.0,458000.0,2025,https://www.zillow.com,https://photos.zillowstatic.com/fp/47d047afe3a0fb162c89f5d5ecff5d6e-p_c.jpg,2026-09-21 14:50,For Sale
26889684,6502 Riverview Ln,75248,Dallas,TX,32.974606,-96.79891,975000,254.0,,948600.0,5377.0,4.0,3.0,3846.0,1980.0,0.26599999999999996,singleFamily,96.0,1018610.0,2025,https://www.zillow.com,https://photos.zillowstatic.com/fp/2cc1f7f9dd70de79db086c9f7aa457d8-p_c.jpg,2026-09-21 14:50,For Sale
162361676,9946 Vistadale Dr,75238,Dallas,TX,32.888195,-96.71434,725000,317.0,,,,4.0,3.0,2286.0,1966.0,8799.12,singleFamily,9.0,583000.0,2025,https://www.zillow.com,https://photos.zillowstatic.com/fp/c515e35fc0ce64b7e10ecf808ffe36ed-p_c.jpg,2026-09-21 14:50,For Sale
26698597,4523 Metropolitan Ave,75210,Dallas,TX,32.778656,-96.745995,259900,184.0,,258900.0,1800.0,3.0,2.0,1415.0,2026.0,5967.72,singleFamily,45.0,42450.0,2025,https://www.zillow.com,https://photos.zillowstatic.com/fp/a8fe76d9dd50a73d7c8fa0581b165d53-p_c.jpg,2026-09-21 14:50,For Sale
26765239,7519 Red Bud Dr,75227,Dallas,TX,32.77728,-96.69223,129900,164.0,,142500.0,1474.0,2.0,1.0,791.0,1949.0,8102.16,singleFamily,1.0,189630.0,2025,https://www.zillow.com,https://photos.zillowstatic.com/fp/7a08330230fc7e8684d3a7bdfbf273e3-p_c.jpg,2026-09-21 14:50,For Sale
248830465,3541 Kalterra Ct,75219,Dallas,TX,32.813084,-96.80554,649999,314.0,-15001.0,638500.0,5200.0,3.0,3.0,2070.0,2018.0,1481.04,townhome,39.0,625000.0,2025,https://www.zillow.com,https://photos.zillowstatic.com/fp/64535bafc5d8c669a93c89df5e19f45c-p_c.jpg,2026-09-21 14:50,For Sale
26759674,9525 Alva Ct,75220,Dallas,TX,32.87314,-96.81626,9600000,870.0,-300000.0,8926700.0,,6.0,9.0,11037.0,2002.0,0.844,singleFamily,126.0,7000000.0,2025,https://www.zillow.com,https://photos.zillowstatic.com/fp/1af6a1b29c22fa9d3cf7f5391b89367d-p_c.jpg,2026-09-21 14:50,For Sale
26698888,5332 Edmondson Ave,75209,Dallas,TX,32.833755,-96.8202,1775000,519.0,-50000.0,,,3.0,4.0,3419.0,1950.0,9016.92,singleFamily,44.0,1783760.0,2025,https://www.zillow.com,https://photos.zillowstatic.com/fp/98e08498c470fb450a44cd034a9f306b-p_c.jpg,2026-09-21 14:50,For Sale
442933076,6615 Meadow Rd,75230,Dallas,TX,32.88651,-96.79076,2950000,459.0,-49999.0,2750200.0,10488.0,5.0,7.0,6421.0,1999.0,0.344,singleFamily,187.0,2455880.0,2025,https://www.zillow.com,https://photos.zillowstatic.com/fp/0985eac8b18a987f661fc3f3080f6764-p_c.jpg,2026-09-21 14:50,For Sale
67964546,4108 Office Pkwy APT 124,75204,Dallas,TX,32.80439,-96.7877,265000,307.0,,,,1.0,2.0,864.0,2000.0,0.65,condo,25.0,211680.0,2025,https://www.zillow.com,https://photos.zillowstatic.com/fp/11053cb217e946bf196e34257a9edbb5-p_c.jpg,2026-09-21 14:50,For Sale
26837288,2403 Obenchain St,75212,Dallas,TX,32.774548,-96.83718,650000,307.0,,342700.0,,4.0,3.0,2114.0,2025.0,4181.76,singleFamily,2.0,281240.0,2025,https://www.zillow.com,https://photos.zillowstatic.com/fp/64b0911eb5b90eb3f8d1efcbd833a7c1-p_c.jpg,2026-09-21 14:50,For Sale
465209543,7126 Holly Hill Dr,75231,Dallas,TX,32.87452,-96.759186,475000,734.0,,465000.0,1443.0,9.0,9.0,647.0,1983.0,0.918,multiFamily,9.0,,,https://www.zillow.com,https://photos.zillowstatic.com/fp/a38a4b217e3a89cd38d507cff6f9d083-p_c.jpg,2026-09-21 14:50,For Sale
26703556,6000 Revere Pl,75206,Dallas,TX,32.83058,-96.76403,675000,524.0,-24000.0,661000.0,2922.0,3.0,1.0,1289.0,1935.0,7884.36,singleFamily,24.0,662520.0,2025,https://www.zillow.com,https://photos.zillowstatic.com/fp/ffd9fee72d0f46e8ae97519a94a18fe3-p_c.jpg,2026-09-21 14:50,For Sale
26851199,8630 Rolling Rock Ln,75238,Dallas,TX,32.866524,-96.692635,649900,312.0,,626300.0,3903.0,4.0,4.0,2083.0,1955.0,8058.6,singleFamily,5.0,661180.0,2025,https://www.zillow.com,https://photos.zillowstatic.com/fp/8fee0696109ab0dfa47d3d6222a8e32d-p_c.jpg,2026-09-21 14:50,For Sale
26845423,3111 Andrea Dr,75228,Dallas,TX,32.828045,-96.66216,243000,215.0,-3000.0,238400.0,1860.0,4.0,2.0,1128.0,1954.0,7666.56,singleFamily,33.0,240580.0,2025,https://www.zillow.com,https://photos.zillowstatic.com/fp/ac5ea52982219214747ef94f33004f92-p_c.jpg,2026-09-21 14:50,For Sale
55826243,3524 Cedarplaza Ln,75209,Dallas,TX,32.82627,-96.82093,500000,234.0,,,,3.0,3.0,2134.0,2000.0,2352.24,townhome,39.0,430770.0,2025,https://www.zillow.com,https://photos.zillowstatic.com/fp/460541bcbde882359e6c760361d22131-p_c.jpg,2026-09-21 14:50,For Sale
26693892,6250 Palo Pinto Ave,75214,Dallas,TX,32.819813,-96.75662,2275000,522.0,,2204700.0,5076.0,4.0,5.0,4360.0,2026.0,6969.6,singleFamily,2.0,611000.0,2025,https://www.zillow.com,https://photos.zillowstatic.com/fp/bceca6951f493c228fb9c355e2fe43b1-p_c.jpg,2026-09-21 14:50,For Sale
26755876,6124 Lakehurst Ave,75230,Dallas,TX,32.884018,-96.800446,5495000,845.0,,5188100.0,,5.0,8.0,6502.0,2026.0,0.327,singleFamily,52.0,1207880.0,2025,https://www.zillow.com,https://photos.zillowstatic.com/fp/fb18013d2a490cde2f6263c82621ffee-p_c.jpg,2026-09-21 14:50,For Sale
464324863,4004 & 4006 S Denley Dr,75216,Dallas,TX,32.760754,-96.771545,720000,209.0,,712700.0,2672.0,6.0,8.0,3442.0,2026.0,0.2795,multiFamily,47.0,,,https://www.zillow.com,https://photos.zillowstatic.com/fp/7cb9726c7151d4ea574a15d168cc17fa-p_c.jpg,2026-09-21 14:50,For Sale
26876712,16525 Preston Trail Dr,75248,Dallas,TX,32.976166,-96.80783,4900000,512.0,,4593600.0,,6.0,6.0,9570.0,1996.0,1.248,singleFamily,21.0,5444020.0,2025,https://www.zillow.com,https://photos.zillowstatic.com/fp/04122a6e6a2660fc3fa1ce2da161eb34-p_c.jpg,2026-09-21 14:50,For Sale
26750513,6646 E Lovers Ln APT 911,75214,Dallas,TX,32.854504,-96.74564,125900,156.0,-13100.0,131500.0,1531.0,2.0,1.0,805.0,1979.0,5.028,condo,59.0,132020.0,2025,https://www.zillow.com,https://photos.zillowstatic.com/fp/f5059b9380bb3254c42326ff486178a6-p_c.jpg,2026-09-21 14:50,For Sale
26757450,12 Royal Way,75229,Dallas,TX,32.89329,-96.80995,2095000,392.0,,,,4.0,5.0,5343.0,1978.0,7840.8,singleFamily,14.0,1350000.0,2025,https://www.zillow.com,https://photos.zillowstatic.com/fp/b585a62d65449d44c8b4ca6e12e02376-p_c.jpg,2026-09-21 14:50,For Sale
26867873,7221 Pleasant View Dr,75231,Dallas,TX,32.881367,-96.73662,800000,287.0,,,,3.0,3.0,2785.0,1979.0,9191.16,singleFamily,12.0,849380.0,2025,https://www.zillow.com,https://photos.zillowstatic.com/fp/0e609318d4db334163a6fa9a6b50fb9d-p_c.jpg,2026-09-21 14:50,For Sale
26752895,7124 Meadow Rd,75230,Dallas,TX,32.886986,-96.78161,1340000,363.0,-10000.0,,,4.0,4.0,3687.0,1969.0,0.293,singleFamily,61.0,969820.0,2025,https://www.zillow.com,https://photos.zillowstatic.com/fp/ef10f9aeadc1b405cc3cbecd296ec196-p_c.jpg,2026-09-21 14:50,For Sale
26684338,2318 Poplar St,75215,Dallas,TX,32.755436,-96.762955,260000,213.0,,,,3.0,3.0,1219.0,1930.0,7448.76,singleFamily,16.0,155820.0,2025,https://www.zillow.com,https://photos.zillowstatic.com/fp/2dc9adb87f0aca307a61a4cd1e7a6305-p_c.jpg,2026-09-21 14:50,For Sale
26746835,10412 Silverock Dr,75218,Dallas,TX,32.84813,-96.70073,784900,373.0,,,,3.0,3.0,2106.0,1960.0,0.263,singleFamily,18.0,583340.0,2025,https://www.zillow.com,https://photos.zillowstatic.com/fp/a4b1fa814771ff6d3a29ac96ed4f539d-p_c.jpg,2026-09-21 14:50,For Sale
26911681,3024 Encino Dr,75228,Dallas,TX,32.84708,-96.66352,369999,135.0,,,,4.0,3.0,2747.0,1991.0,10062.36,singleFamily,18.0,378110.0,2025,https://www.zillow.com,https://photos.zillowstatic.com/fp/2246b31cdd13f01b291b1c1e771bd1bd-p_c.jpg,2026-09-21 14:50,For Sale
26777780,3153 Shadow Wood Dr,75224,Dallas,TX,32.70887,-96.842255,259000,240.0,,249300.0,1841.0,3.0,1.0,1081.0,1951.0,7710.12,singleFamily,11.0,211920.0,2025,https://www.zillow.com,https://photos.zillowstatic.com/fp/ab36714c22783e7065367052d89457ca-p_c.jpg,2026-09-21 14:50,For Sale
26826103,1917 Shady Glen Ln,75232,Dallas,TX,32.678864,-96.851944,269000,143.0,,264200.0,2252.0,3.0,2.0,1884.0,1968.0,7971.48,singleFamily,43.0,298740.0,2025,https://www.zillow.com,https://photos.zillowstatic.com/fp/8ed75df5063a4bd6a513e76c96cba273-p_c.jpg,2026-09-21 14:50,For Sale
26831412,10256 Casa View Ave,75228,Dallas,TX,32.832577,-96.676834,327500,264.0,,,,3.0,2.0,1239.0,1953.0,9147.6,singleFamily,1.0,248320.0,2025,https://www.zillow.com,https://photos.zillowstatic.com/fp/eebb225cddf8875fd7219f19a2d37f4f-p_c.jpg,2026-09-21 14:50,For Sale
26845870,3264 Hillglenn Rd,75228,Dallas,TX,32.822052,-96.65993,157300,148.0,,,,3.0,1.0,1060.0,1958.0,7710.12,singleFamily,6.0,251070.0,2025,https://www.zillow.com,https://photos.zillowstatic.com/fp/0bf63f1555a3a1ae94a73d9d2dcc32b8-p_c.jpg,2026-09-21 14:50,For Sale
26852244,13545 Flagstone Ln,75240,Dallas,TX,32.932228,-96.76995,349000,166.0,-20000.0,341400.0,2865.0,4.0,2.0,2100.0,1956.0,9844.56,singleFamily,45.0,280580.0,2025,https://www.zillow.com,https://photos.zillowstatic.com/fp/a6a326c33bfb073c33a69c13745063e6-p_c.jpg,2026-09-21 14:50,For Sale
26810415,3303 Lockmoor Ln,75220,Dallas,TX,32.879272,-96.867966,439000,273.0,-20000.0,426400.0,2576.0,3.0,2.0,1610.0,1955.0,0.321,singleFamily,17.0,388480.0,2025,https://www.zillow.com,https://photos.zillowstatic.com/fp/4b8440dd332b66a49d5fb2f524ca9068-p_c.jpg,2026-09-21 14:50,For Sale
26872005,7108 Hunters Ridge Dr,75248,Dallas,TX,32.955997,-96.78641,899000,263.0,,,,4.0,4.0,3415.0,1972.0,0.306,singleFamily,1.0,699380.0,2025,https://www.zillow.com,https://photos.zillowstatic.com/fp/b271d6e40159e00754148e1414749a1e-p_c.jpg,2026-09-21 14:50,For Sale
26761111,4802 W Mockingbird Ln,75209,Dallas,TX,32.836403,-96.82706,480000,273.0,,,,3.0,3.0,1760.0,1949.0,8015.04,singleFamily,12.0,462530.0,2025,https://www.zillow.com,https://photos.zillowstatic.com/fp/cbd9b2dd2009d9541649d0e02708e03c-p_c.jpg,2026-09-21 14:50,For Sale
80224298,1200 Main St APT 701,75202,Dallas,TX,32.77981,-96.80127,389900,251.0,,384400.0,3886.0,3.0,3.0,1551.0,1974.0,1.033,condo,109.0,407000.0,2025,https://www.zillow.com,https://photos.zillowstatic.com/fp/0d4641322368a5ef6c9672c06ecb44c3-p_c.jpg,2026-09-21 14:50,For Sale
26803654,5811 Preston Haven Dr,75230,Dallas,TX,32.90679,-96.80692,3500000,610.0,-400000.0,3297800.0,,5.0,7.0,5741.0,2009.0,0.444,singleFamily,107.0,2353000.0,2025,https://www.zillow.com,https://photos.zillowstatic.com/fp/6a778d12186bd4c5efb3cf6ba2759826-p_c.jpg,2026-09-21 14:50,For Sale
26789121,3938 Lively Ln,75220,Dallas,TX,32.873238,-96.84868,1399000,523.0,,1381700.0,8861.0,3.0,4.0,2674.0,2014.0,8886.24,singleFamily,12.0,1205160.0,2025,https://www.zillow.com,https://photos.zillowstatic.com/fp/39d281b402eea356766fca5113c99b96-p_c.jpg,2026-09-21 14:50,For Sale
96510949,5806 Carlton Garrett St,75216,Dallas,TX,32.741608,-96.75697,410000,195.0,,,,4.0,3.0,2100.0,2026.0,5096.52,singleFamily,0.0,51160.0,2025,https://www.zillow.com,https://photos.zillowstatic.com/fp/a8f95e643d19d97de28a2baccba84af6-p_c.jpg,2026-09-21 14:50,For Sale
26692987,4026 Herschel Ave,75219,Dallas,TX,32.82041,-96.80815,1750000,491.0,,1683300.0,2750.0,4.0,4.0,3563.0,2026.0,7187.4,townhome,3.0,835000.0,2025,https://www.zillow.com,https://photos.zillowstatic.com/fp/c589980c26dd38b59c870081e55cd3bb-p_c.jpg,2026-09-21 14:50,For Sale
26790496,3766 Manana Dr,75220,Dallas,TX,32.87363,-96.85329,1299000,378.0,-51000.0,1268800.0,6006.0,3.0,3.0,3440.0,2019.0,10323.72,singleFamily,58.0,1194880.0,2025,https://www.zillow.com,https://photos.zillowstatic.com/fp/3dcfe837efe132ca924b11fbab79b4b1-p_c.jpg,2026-09-21 14:50,For Sale
26825051,809 Wood River Rd,75232,Dallas,TX,32.676613,-96.83612,357500,152.0,,350300.0,2733.0,4.0,3.0,2357.0,1962.0,0.324,singleFamily,29.0,427240.0,2025,https://www.zillow.com,https://photos.zillowstatic.com/fp/51e14f029f7364ed189576028abd8427-p_c.jpg,2026-09-21 14:50,For Sale
26758303,10748 Saint Lazare Dr,75229,Dallas,TX,32.89435,-96.83415,1495000,479.0,-80000.0,,,4.0,3.0,3118.0,1961.0,0.37900000000000006,singleFamily,11.0,1350270.0,2025,https://www.zillow.com,https://photos.zillowstatic.com/fp/212a6b60f1bb53c2f2aacdf5f2e9edd8-p_c.jpg,2026-09-21 14:50,For Sale
26858534,8632 Kingspoint Dr,75238,Dallas,TX,32.866684,-96.68562,385000,261.0,,374600.0,2194.0,4.0,2.0,1476.0,1963.0,7492.32,singleFamily,3.0,341490.0,2025,https://www.zillow.com,https://photos.zillowstatic.com/fp/774a21f48bab34246bd57c108c9fea31-p_c.jpg,2026-09-21 14:50,For Sale
26879916,12308 Cedar Bend Dr,75244,Dallas,TX,32.916508,-96.85491,899000,353.0,,,,4.0,4.0,2550.0,1966.0,0.251,singleFamily,4.0,669590.0,2025,https://www.zillow.com,https://photos.zillowstatic.com/fp/901e4e36bed46a7a51a6644fe6b5024a-p_c.jpg,2026-09-21 14:50,For Sale
26731216,7714 Roper St,75209,Dallas,TX,32.850014,-96.82974,1449000,390.0,,1399200.0,8992.0,4.0,3.0,3713.0,2018.0,9626.76,singleFamily,23.0,1601180.0,2025,https://www.zillow.com,https://photos.zillowstatic.com/fp/d1e0a5ee9f1ff05f70488c9e9e8e89e4-p_c.jpg,2026-09-21 14:50,For Sale
26864370,11022 Ferndale Rd,75238,Dallas,TX,32.892773,-96.71707,599900,244.0,-10000.0,587500.0,4825.0,4.0,3.0,2457.0,1967.0,8929.8,singleFamily,31.0,630880.0,2025,https://www.zillow.com,https://photos.zillowstatic.com/fp/b2e1b804ecfc12d9a2b2f661c8510d72-p_c.jpg,2026-09-21 14:50,For Sale
26727830,227 S Hampton Rd,75208,Dallas,TX,32.74342,-96.85719,265000,181.0,,267600.0,3081.0,3.0,2.0,1466.0,1939.0,6098.4,singleFamily,3.0,228840.0,2025,https://www.zillow.com,https://photos.zillowstatic.com/fp/63bfd620316829ff0aaf588c452b0884-p_c.jpg,2026-09-21 14:50,For Sale
26836118,4023 Abilene St,75212,Dallas,TX,32.79081,-96.90063,489999,199.0,-10000.0,486800.0,3418.0,4.0,3.0,2462.0,2022.0,7405.2,singleFamily,25.0,464740.0,2025,https://www.zillow.com,https://photos.zillowstatic.com/fp/1cb8e2e7eb8fcf12cf292f8b03ca84cf-p_c.jpg,2026-09-21 14:50,For Sale
80503595,4228 N Hall St,75219,Dallas,TX,32.81495,-96.81289,1750000,465.0,,,,4.0,4.0,3764.0,1927.0,0.256,singleFamily,24.0,1056290.0,2025,https://www.zillow.com,https://photos.zillowstatic.com/fp/68b4ace760ec12ea337efde22f685316-p_c.jpg,2026-09-21 14:50,For Sale
26869117,9632 Robin Meadow Dr,75243,Dallas,TX,32.898876,-96.73055,699999,237.0,,676000.0,6023.0,4.0,4.0,2951.0,1974.0,9408.96,singleFamily,3.0,600000.0,2025,https://www.zillow.com,https://photos.zillowstatic.com/fp/4a5222469511139b46915c99464cbd07-p_c.jpg,2026-09-21 14:50,For Sale
245228857,2421 N Garrett Ave #1,75206,Dallas,TX,32.81356,-96.781136,650000,350.0,,632300.0,4357.0,3.0,4.0,1858.0,2016.0,0.34099999999999997,condo,14.0,649500.0,2025,https://www.zillow.com,https://photos.zillowstatic.com/fp/37a12bad61570787af0b7c3e6b006e9d-p_c.jpg,2026-09-21 14:50,For Sale
26736935,4319 Glenhaven Blvd,75211,Dallas,TX,32.72941,-96.89064,258000,235.0,,250200.0,2077.0,3.0,2.0,1096.0,1944.0,6446.88,singleFamily,48.0,242000.0,2025,https://www.zillow.com,https://photos.zillowstatic.com/fp/87db82da9fa44175b8404b83002e66c1-p_c.jpg,2026-09-21 14:50,For Sale
27338485,2711 Van Gogh Pl,75287,Dallas,TX,33.00472,-96.8632,375000,213.0,,,,3.0,3.0,1757.0,1984.0,4486.68,singleFamily,75.0,357741.0,2025,https://www.zillow.com,https://photos.zillowstatic.com/fp/3cff9371d7ac95072c4d53b288a7f7ee-p_c.jpg,2026-09-21 14:50,For Sale
2061214671,2212 Lea Crest Dr,75216,Dallas,TX,32.707874,-96.79388,165000,137.0,,,,3.0,2.0,1208.0,1947.0,7230.96,singleFamily,25.0,,,https://www.zillow.com,https://photos.zillowstatic.com/fp/0df1467aceb803fcacae05c990c08894-p_c.jpg,2026-09-21 14:50,For Sale
333139324,4820 Dinsmore Ct,75204,Dallas,TX,32.80701,-96.77862,650000,299.0,,643000.0,4131.0,3.0,4.0,2176.0,2020.0,1568.16,singleFamily,11.0,779910.0,2025,https://www.zillow.com,https://photos.zillowstatic.com/fp/453d83fd003cd7ab544e925529f664ae-p_c.jpg,2026-09-21 14:50,For Sale
26691070,2730 Marburg St,75215,Dallas,TX,32.756744,-96.754906,360000,218.0,,358000.0,2320.0,3.0,2.0,1652.0,2026.0,7361.64,singleFamily,12.0,73500.0,2025,https://www.zillow.com,https://photos.zillowstatic.com/fp/43c676a9c05ec99d2bf9182012b8d56e-p_c.jpg,2026-09-21 14:50,For Sale
26697311,5318 Denton Dr,75235,Dallas,TX,32.82033,-96.82966,879900,372.0,-15100.0,857200.0,4869.0,3.0,3.0,2365.0,1999.0,7579.44,singleFamily,72.0,678430.0,2025,https://www.zillow.com,https://photos.zillowstatic.com/fp/faa6e75cd60a651cb7b705c31d943b16-p_c.jpg,2026-09-21 14:50,For Sale
26837022,5304 Chippewa Dr,75212,Dallas,TX,32.768185,-96.90548,799000,245.0,-50000.0,790800.0,4697.0,5.0,3.0,3262.0,2026.0,9844.56,singleFamily,30.0,101000.0,2025,https://www.zillow.com,https://photos.zillowstatic.com/fp/4c107f1e61ef56a7618be60c86cf616a-p_c.jpg,2026-09-21 14:50,For Sale
26599158,6710 Windrock Rd,75252,Dallas,TX,32.993553,-96.78871,699900,224.0,-50100.0,678400.0,5739.0,5.0,4.0,3120.0,1993.0,0.33999999999999997,singleFamily,54.0,814925.0,2025,https://www.zillow.com,https://photos.zillowstatic.com/fp/64342561b071fba481af819be96c95e3-p_c.jpg,2026-09-21 14:50,For Sale
26883134,10115 Laingtree Dr,75243,Dallas,TX,32.920753,-96.70953,465000,192.0,-10000.0,455200.0,2974.0,4.0,3.0,2420.0,1976.0,9147.6,singleFamily,31.0,459530.0,2025,https://www.zillow.com,https://photos.zillowstatic.com/fp/07636254056523bbee9a27620dc2170c-p_c.jpg,2026-09-21 14:50,For Sale
26869002,9511 Fallbrook Dr,75243,Dallas,TX,32.901775,-96.73189,699999,170.0,,,6196.0,4.0,4.0,4117.0,1973.0,0.262,singleFamily,80.0,707780.0,2025,https://www.zillow.com,https://photos.zillowstatic.com/fp/4c949f267797820f58e96146a3762ad4-p_c.jpg,2026-09-21 14:50,For Sale
26685921,5715 Victor St,75214,Dallas,TX,32.804432,-96.756546,350000,255.0,-49000.0,337200.0,2466.0,2.0,2.0,1373.0,1930.0,7492.32,singleFamily,24.0,367330.0,2025,https://www.zillow.com,https://photos.zillowstatic.com/fp/382c33f32718f6bb69f69aa420ea77e5-p_c.jpg,2026-09-21 14:50,For Sale
26753743,6078 Averill Way APT C,75225,Dallas,TX,32.86631,-96.80294,250000,192.0,,242400.0,2759.0,3.0,2.0,1302.0,1956.0,1.492,condo,17.0,240220.0,2025,https://www.zillow.com,https://photos.zillowstatic.com/fp/2a81672fc91dba288b31e81318e1e85e-p_c.jpg,2026-09-21 14:50,For Sale
26708933,633 Strong St,75208,Dallas,TX,32.750626,-96.83678,825000,373.0,,,,4.0,3.0,2210.0,1950.0,9234.72,singleFamily,3.0,733000.0,2025,https://www.zillow.com,https://photos.zillowstatic.com/fp/a61f51e6b11ba6ae92a9dd594e96ae3a-p_c.jpg,2026-09-21 14:50,For Sale
26753617,6124 Del Norte Ln,75225,Dallas,TX,32.86822,-96.80083,1795000,867.0,-100000.0,,,3.0,2.0,2071.0,1950.0,0.321,singleFamily,11.0,1200000.0,2025,https://www.zillow.com,https://photos.zillowstatic.com/fp/77892b168c5b8df3eb0a72a95924633c-p_c.jpg,2026-09-21 14:50,For Sale
26827473,4542 Silver Springs Dr,75211,Dallas,TX,32.715904,-96.89481,0,0.0,,279900.0,2471.0,3.0,2.0,1500.0,1961.0,7405.2,singleFamily,0.0,262410.0,2025,https://www.zillow.com,https://photos.zillowstatic.com/fp/ec42188453b73a51e325a5bab313e054-p_c.jpg,2026-09-21 14:50,For Sale
26759576,5036 Radbrook Pl,75220,Dallas,TX,32.867332,-96.82502,5995000,708.0,,5952300.0,,6.0,6.0,8462.0,2015.0,1.08,singleFamily,93.0,5077000.0,2025,https://www.zillow.com,https://photos.zillowstatic.com/fp/e79327d8aad385ed588ac32212b12973-p_c.jpg,2026-09-21 14:50,For Sale
26740023,8902 San Leandro Dr,75218,Dallas,TX,32.81945,-96.70333,1628000,348.0,,1596800.0,6576.0,4.0,5.0,4676.0,2026.0,9147.6,singleFamily,10.0,507250.0,2025,https://www.zillow.com,https://photos.zillowstatic.com/fp/a61b555e172373a9cfcd258580ee3872-p_c.jpg,2026-09-21 14:50,For Sale
26870526,14015 Highmark Sq,75254,Dallas,TX,32.939445,-96.80321,549000,213.0,-36000.0,541100.0,4198.0,3.0,3.0,2575.0,1980.0,6795.36,singleFamily,130.0,673310.0,2025,https://www.zillow.com,https://photos.zillowstatic.com/fp/4090b396b0eb06e646074b386208bb45-p_c.jpg,2026-09-21 14:50,For Sale
96520661,43 Vanguard Way,75243,Dallas,TX,32.902023,-96.76456,799000,634.0,-26000.0,768600.0,2635.0,2.0,2.0,1260.0,2010.0,5009.4,singleFamily,47.0,783700.0,2025,https://www.zillow.com,https://photos.zillowstatic.com/fp/ec7bcb0cc5e15b1c386d4aac70460cfd-p_c.jpg,2026-09-21 14:50,For Sale
26888478,10015 Chimney Hill Ln,75243,Dallas,TX,32.916225,-96.72445,524990,204.0,,512500.0,4048.0,4.0,3.0,2578.0,1979.0,8886.24,singleFamily,114.0,460000.0,2025,https://www.zillow.com,https://photos.zillowstatic.com/fp/117992e67b8bdbda7a3ebccbf1a20d44-p_c.jpg,2026-09-21 14:50,For Sale
26683908,4310 Bowser Ave APT 109,75219,Dallas,TX,32.81813,-96.810425,495000,272.0,,472800.0,3943.0,2.0,3.0,1822.0,1974.0,0.918,townhome,12.0,433610.0,2025,https://www.zillow.com,https://photos.zillowstatic.com/fp/11623c783484f6a02fc3f90a7ec3e69e-p_c.jpg,2026-09-21 14:50,For Sale
26899120,4116 Prescott Ave,75219,Dallas,TX,32.821407,-96.80621,1165000,378.0,,1124000.0,5118.0,4.0,4.0,3086.0,1998.0,3571.92,singleFamily,3.0,1068040.0,2025,https://www.zillow.com,https://photos.zillowstatic.com/fp/f5fde15bfa330c8304497ee432afd635-p_c.jpg,2026-09-21 14:50,For Sale
96516621,10754 Wyatt Cir,75218,Dallas,TX,32.847996,-96.692116,1500000,655.0,,1417000.0,4097.0,3.0,2.0,2289.0,2009.0,0.612,singleFamily,9.0,768370.0,2025,https://www.zillow.com,https://photos.zillowstatic.com/fp/b308f5666fc6c1406637f124bdb6066b-p_c.jpg,2026-09-21 14:50,For Sale
26887274,6505 Laurel Valley Rd,75248,Dallas,TX,32.96689,-96.79593,850000,317.0,-25000.0,829300.0,3994.0,3.0,3.0,2684.0,1979.0,6141.96,singleFamily,52.0,888260.0,2025,https://www.zillow.com,https://photos.zillowstatic.com/fp/fb1886b8c2a7a27eb2b3f8d4b921b3dd-p_c.jpg,2026-09-21 14:50,For Sale
26810609,3247 Darvany Dr,75220,Dallas,TX,32.878372,-96.869026,574900,289.0,,567600.0,3379.0,3.0,3.0,1991.0,2021.0,10062.36,singleFamily,8.0,641300.0,2025,https://www.zillow.com,https://photos.zillowstatic.com/fp/352c4318e3e9efdd260a8389c094c271-p_c.jpg,2026-09-21 14:50,For Sale
26854244,9661 Lynbrook Dr,75238,Dallas,TX,32.878414,-96.70456,1349000,329.0,-26000.0,1334300.0,7096.0,5.0,5.0,4102.0,2026.0,8054.244,singleFamily,59.0,517160.0,2025,https://www.zillow.com,https://photos.zillowstatic.com/fp/daf122428ee435e4a074c919002aeca5-p_c.jpg,2026-09-21 14:50,For Sale
303984720,2114 Wenge Ln,75219,Dallas,TX,32.809242,-96.82861,589985,305.0,-5.0,582000.0,3795.0,3.0,4.0,1932.0,2021.0,1393.92,townhome,102.0,635090.0,2025,https://www.zillow.com,https://photos.zillowstatic.com/fp/1f08dc7e754a8716c47dcfb6a1203a10-p_c.jpg,2026-09-21 14:50,For Sale
26889846,16239 Shadybank Dr,75248,Dallas,TX,32.970066,-96.79382,1065000,350.0,-35000.0,,,4.0,3.0,3041.0,1980.0,8973.36,singleFamily,17.0,795660.0,2025,https://www.zillow.com,https://photos.zillowstatic.com/fp/19a7a58e10a74e976213ca10ed1e6449-p_c.jpg,2026-09-21 14:50,For Sale
96532519,4212 Balch Dr,75216,Dallas,TX,32.710346,-96.768936,399000,190.0,-11000.0,397300.0,2899.0,5.0,3.0,2100.0,2026.0,0.43,singleFamily,53.0,355330.0,2025,https://www.zillow.com,https://photos.zillowstatic.com/fp/977931ceda1ffcb5134bd1f31289f50b-p_c.jpg,2026-09-21 14:50,For Sale
26891464,7306 Red Osier Rd,75249,Dallas,TX,32.633717,-96.95132,0,0.0,,196600.0,2105.0,3.0,2.0,1700.0,1982.0,6969.6,singleFamily,0.0,290030.0,2025,https://www.zillow.com,https://www.zillowstatic.com/static/images/nophoto_p_c.png,2026-09-21 14:50,For Sale
26691618,5202 Miller Ave,75206,Dallas,TX,32.820984,-96.7822,1350000,468.0,,1288800.0,6132.0,3.0,3.0,2882.0,2009.0,7230.96,singleFamily,9.0,1179350.0,2025,https://www.zillow.com,https://photos.zillowstatic.com/fp/9b576c2ae9b90d419ed0db8e23687ff6-p_c.jpg,2026-09-21 14:50,For Sale
26705387,6759 E Mockingbird Ln,75214,Dallas,TX,32.840755,-96.74401,544900,353.0,,521400.0,3640.0,2.0,2.0,1545.0,1956.0,7840.8,singleFamily,10.0,534000.0,2025,https://www.zillow.com,https://photos.zillowstatic.com/fp/a5dc1a50a3915b14ab75a5af470a8378-p_c.jpg,2026-09-21 14:50,For Sale
26903486,6103 Aberdeen Ave,75230,Dallas,TX,32.882557,-96.801414,5124000,899.0,-571000.0,4874300.0,,4.0,7.0,5700.0,2026.0,0.35600000000000004,singleFamily,110.0,2502990.0,2025,https://www.zillow.com,https://photos.zillowstatic.com/fp/f443d8511227421be0ce17b8c72caabf-p_c.jpg,2026-09-21 14:50,For Sale
80221287,3303 Blackburn St APT 306,75204,Dallas,TX,32.81048,-96.7983,675000,324.0,,666200.0,4154.0,2.0,3.0,2083.0,2001.0,,condo,11.0,676980.0,2025,https://www.zillow.com,https://photos.zillowstatic.com/fp/b215a70fd106bab3412bceb97b827dda-p_c.jpg,2026-09-21 14:50,For Sale
26743608,11621 Tuscany Way,75218,Dallas,TX,32.853325,-96.69136,479900,305.0,-13050.0,467000.0,2949.0,3.0,2.0,1575.0,1955.0,7666.56,singleFamily,95.0,476940.0,2025,https://www.zillow.com,https://photos.zillowstatic.com/fp/3d94d6acf39c2a89c308c95247750c47-p_c.jpg,2026-09-21 14:50,For Sale
26876018,16902 Davenport Ct,75248,Dallas,TX,32.979614,-96.79604,497500,233.0,-2500.0,,,3.0,2.0,2134.0,1978.0,6751.8,singleFamily,98.0,502920.0,2025,https://www.zillow.com,https://photos.zillowstatic.com/fp/ed5059751490dd8e0aae1ef8b4a59d64-p_c.jpg,2026-09-21 14:50,For Sale
26910950,5615 En Core Dr,75240,Dallas,TX,32.936874,-96.80474,649900,255.0,,631500.0,3449.0,3.0,3.0,2545.0,1983.0,5924.16,singleFamily,11.0,507030.0,2025,https://www.zillow.com,https://photos.zillowstatic.com/fp/743fd2482b1ece8658bd824542830f9d-p_c.jpg,2026-09-21 14:50,For Sale
26875160,16212 Spring Creek Rd,75248,Dallas,TX,32.9742,-96.77387,1124000,345.0,-25000.0,1082600.0,5276.0,4.0,4.0,3255.0,1975.0,0.258,singleFamily,18.0,939570.0,2025,https://www.zillow.com,https://photos.zillowstatic.com/fp/cb674fba53ceb16efed894628bd03317-p_c.jpg,2026-09-21 14:50,For Sale
26760429,5826 Farquhar Ln,75209,Dallas,TX,32.86178,-96.813286,1795000,324.0,,,,3.0,5.0,5544.0,1976.0,4791.6,townhome,4.0,1527490.0,2025,https://www.zillow.com,https://photos.zillowstatic.com/fp/7321dc08af4f480ccffe1bd2ae008129-p_c.jpg,2026-09-21 14:50,For Sale
67951348,4129 Easter Ave,75216,Dallas,TX,32.700993,-96.791275,239500,200.0,,235800.0,1837.0,3.0,2.0,1198.0,2004.0,6969.6,singleFamily,10.0,215920.0,2025,https://www.zillow.com,https://photos.zillowstatic.com/fp/75afeff84b1b562d8c2631a6863fb835-p_c.jpg,2026-09-21 14:50,For Sale
26850845,8923 Rolling Rock Ln,75238,Dallas,TX,32.870514,-96.694145,500000,296.0,-20000.0,486600.0,3140.0,3.0,2.0,1688.0,1956.0,0.254,singleFamily,60.0,534000.0,2025,https://www.zillow.com,https://photos.zillowstatic.com/fp/3982c902399270ee091885c4a858b59f-p_c.jpg,2026-09-21 14:50,For Sale
26703220,6203 Kenwood Ave,75214,Dallas,TX,32.833313,-96.75809,749000,527.0,-26000.0,,,2.0,1.0,1421.0,1948.0,5793.48,singleFamily,17.0,542560.0,2025,https://www.zillow.com,https://photos.zillowstatic.com/fp/0a200fe143d9a89003e8ad65f2daa126-p_c.jpg,2026-09-21 14:50,For Sale
26877194,17020 Club Hill Dr,75248,Dallas,TX,32.981743,-96.81799,2475000,450.0,-220000.0,2328800.0,7902.0,5.0,6.0,5506.0,1978.0,0.373,singleFamily,23.0,2000590.0,2025,https://www.zillow.com,https://photos.zillowstatic.com/fp/9b69ba3cd48ee51c4283bfd0d7201636-p_c.jpg,2026-09-21 14:50,For Sale
69670180,3517 Apple Valley Way,75227,Dallas,TX,32.76629,-96.65234,275000,142.0,-10000.0,272400.0,2175.0,5.0,3.0,1934.0,2005.0,4181.76,singleFamily,14.0,318260.0,2025,https://www.zillow.com,https://photos.zillowstatic.com/fp/b0fc5a55f1ffb9154dfb2564a5f75045-p_c.jpg,2026-09-21 14:50,For Sale
26701399,6839 Coronado Ave,75214,Dallas,TX,32.812763,-96.742065,2299000,471.0,,,,5.0,6.0,4877.0,2021.0,7884.36,singleFamily,6.0,2341450.0,2025,https://www.zillow.com,https://photos.zillowstatic.com/fp/8ad1166857e1f93896c4f63a95c5b21f-p_c.jpg,2026-09-21 14:50,For Sale
26687222,4317 Myrtle St,75215,Dallas,TX,32.756977,-96.757286,425000,212.0,,421500.0,3086.0,4.0,3.0,2002.0,2026.0,5039.892,singleFamily,19.0,50400.0,2025,https://www.zillow.com,https://photos.zillowstatic.com/fp/f2f97de49c9e8ca8c681c4ce4a96b322-p_c.jpg,2026-09-21 14:50,For Sale
26888729,10130 Cherry Tree Dr,75243,Dallas,TX,32.915234,-96.71918,0,0.0,,420400.0,2932.0,4.0,2.0,2285.0,1979.0,8712.0,singleFamily,0.0,413850.0,2025,https://www.zillow.com,https://photos.zillowstatic.com/fp/9571675dfb109ad5a76bca446d5015fb-p_c.jpg,2026-09-21 14:50,For Sale
26840954,2655 Larry Dr,75228,Dallas,TX,32.82447,-96.66852,220000,189.0,,218100.0,1837.0,4.0,2.0,1166.0,1954.0,7579.44,singleFamily,2.0,225610.0,2025,https://www.zillow.com,https://photos.zillowstatic.com/fp/b20d455cb774e77e442878ece8b559b0-p_c.jpg,2026-09-21 14:50,For Sale
464436049,820 Lambert St,75203,Dallas,TX,32.739807,-96.794914,440000,144.0,-30000.0,439800.0,4940.0,5.0,4.0,3060.0,2026.0,8624.88,singleFamily,41.0,,,https://www.zillow.com,https://photos.zillowstatic.com/fp/f56051ae2b68ad5e18d413cf0700ea32-p_c.jpg,2026-09-21 14:50,For Sale
26868338,8261 Club Meadows Dr,75243,Dallas,TX,32.89444,-96.74896,650000,262.0,-25000.0,,,4.0,3.0,2482.0,1978.0,6708.24,singleFamily,38.0,638020.0,2025,https://www.zillow.com,https://photos.zillowstatic.com/fp/35182b9b7b9620f79e9da996bf14c5b2-p_c.jpg,2026-09-21 14:50,For Sale
26697763,4851 Cedar Springs Rd #392,75219,Dallas,TX,32.81927,-96.822525,117500,140.0,-5000.0,112700.0,1457.0,2.0,1.0,841.0,1970.0,6.609,condo,36.0,186280.0,2025,https://www.zillow.com,https://photos.zillowstatic.com/fp/adb97f15ec04a9c2c5b9fbb2ac002309-p_c.jpg,2026-09-21 14:50,For Sale
26688585,2662 Sutton St,75210,Dallas,TX,32.769844,-96.74801,249900,156.0,,248900.0,2211.0,3.0,3.0,1604.0,2025.0,4007.52,singleFamily,32.0,221190.0,2025,https://www.zillow.com,https://photos.zillowstatic.com/fp/39f6f892bf7158f2c01a96ac0cfac8e0-p_c.jpg,2026-09-21 14:50,For Sale
26854286,10641 Larchfield Ln,75238,Dallas,TX,32.876995,-96.701836,1325000,367.0,,,,5.0,5.0,3612.0,2025.0,7492.32,singleFamily,2.0,668870.0,2025,https://www.zillow.com,https://photos.zillowstatic.com/fp/9109922b970fe1d4b910059ccf927325-p_c.jpg,2026-09-21 14:50,For Sale
26748935,6124 Summer Creek Cir,75231,Dallas,TX,32.862965,-96.75722,450000,313.0,,,,2.0,2.0,1440.0,1980.0,3.414,singleFamily,58.0,461840.0,2025,https://www.zillow.com,https://photos.zillowstatic.com/fp/a3322c806e2be0ca8692900ab0a74af6-p_c.jpg,2026-09-21 14:50,For Sale
26653330,17919 Castle Bend Dr,75287,Dallas,TX,32.99514,-96.831825,1100000,261.0,,1051300.0,5371.0,4.0,4.0,4209.0,1993.0,0.25,singleFamily,76.0,944840.0,2025,https://www.zillow.com,https://photos.zillowstatic.com/fp/d847ccb2e53242968ff4bf1d24b80730-p_c.jpg,2026-09-21 14:50,For Sale
26751687,9005 Lanshire Dr,75238,Dallas,TX,32.862854,-96.72719,975000,422.0,,,,4.0,3.0,2308.0,1956.0,9408.96,singleFamily,0.0,720010.0,2025,https://www.zillow.com,https://photos.zillowstatic.com/fp/49ba672856de89ebb07f38ddf4f7bb51-p_c.jpg,2026-09-21 14:50,For Sale
26805653,11864 Cold Harbor Ln,75244,Dallas,TX,32.91157,-96.84852,800000,339.0,-25000.0,,,3.0,3.0,2361.0,1963.0,0.33699999999999997,singleFamily,45.0,517000.0,2025,https://www.zillow.com,https://photos.zillowstatic.com/fp/f830f50d08d27e5dc0fd9f695b4a0d23-p_c.jpg,2026-09-21 14:50,For Sale
26898221,3210 Elizabeth St,75204,Dallas,TX,32.814873,-96.79382,1095000,477.0,-100000.0,1039100.0,4178.0,2.0,3.0,2296.0,1983.0,2047.32,townhome,19.0,472980.0,2025,https://www.zillow.com,https://photos.zillowstatic.com/fp/eb816f6e1ae2c9854dbb40c9cb660cce-p_c.jpg,2026-09-21 14:50,For Sale
26755451,6739 Walnut Hill Ln,75230,Dallas,TX,32.88025,-96.788605,2150000,450.0,,,,5.0,6.0,4778.0,2026.0,0.263,singleFamily,53.0,458760.0,2025,https://www.zillow.com,https://photos.zillowstatic.com/fp/85f13eba7e81f8fa944b17831a809c0b-p_c.jpg,2026-09-21 14:50,For Sale
26888791,6010 La Cosa Dr,75248,Dallas,TX,32.959442,-96.80371,625000,287.0,-12500.0,614400.0,3826.0,3.0,3.0,2174.0,1979.0,8232.84,singleFamily,69.0,587940.0,2025,https://www.zillow.com,https://photos.zillowstatic.com/fp/c5ef7389868ebbceb3b5de7e3f66a9e0-p_c.jpg,2026-09-21 14:50,For Sale
26899394,9233 Church Rd APT 103,75231,Dallas,TX,32.886517,-96.73183,310000,225.0,-5000.0,306200.0,1924.0,3.0,2.0,1377.0,1981.0,1.477,condo,85.0,289170.0,2025,https://www.zillow.com,https://photos.zillowstatic.com/fp/2830840fa2653750433c99484460cc05-p_c.jpg,2026-09-21 14:50,For Sale
26856418,3027 Morgan Dr,75241,Dallas,TX,32.65468,-96.77258,280000,138.0,-10000.0,279500.0,2045.0,4.0,2.0,2022.0,1958.0,0.254,singleFamily,80.0,212350.0,2025,https://www.zillow.com,https://photos.zillowstatic.com/fp/2adfa75a392a274cca5098c876faca9a-p_c.jpg,2026-09-21 14:50,For Sale
26933809,9696 Walnut St APT 505,75243,Dallas,TX,32.922676,-96.72171,69000,76.0,4000.0,,1178.0,2.0,2.0,903.0,1981.0,8.304,condo,34.0,94820.0,2025,https://www.zillow.com,https://photos.zillowstatic.com/fp/2a2e6b7899d3eaf9a9f5e995225119e1-p_c.jpg,2026-09-21 14:50,For Sale
26881106,4316 Rickover Dr,75244,Dallas,TX,32.917934,-96.83574,1695000,501.0,,1646200.0,5505.0,4.0,4.0,3386.0,2024.0,0.302,singleFamily,54.0,913200.0,2025,https://www.zillow.com,https://photos.zillowstatic.com/fp/7156a0d4b2260de9dfe292be30a3d9b4-p_c.jpg,2026-09-21 14:50,For Sale
26678465,5020 Junius St,75214,Dallas,TX,32.80122,-96.76551,699000,271.0,-1000.0,677200.0,4860.0,3.0,3.0,2577.0,1913.0,6664.68,singleFamily,53.0,765800.0,2025,https://www.zillow.com,https://photos.zillowstatic.com/fp/3c1bfafcff6cf03878aef5ccf8d4620d-p_c.jpg,2026-09-21 14:50,For Sale
26780684,3423 Willow Crest Ln,75233,Dallas,TX,32.69216,-96.8773,325000,121.0,-17000.0,319600.0,3154.0,4.0,3.0,2689.0,1965.0,0.309,singleFamily,77.0,383920.0,2025,https://www.zillow.com,https://photos.zillowstatic.com/fp/4176bf22d8fac539786b90ab8f93f9ea-p_c.jpg,2026-09-21 14:50,For Sale
55827313,2011 Cedar Springs Rd APT 606,75201,Dallas,TX,32.791203,-96.80547,2750000,591.0,-100000.0,2574800.0,,2.0,3.0,4655.0,1999.0,0.981,condo,247.0,2630080.0,2025,https://www.zillow.com,https://photos.zillowstatic.com/fp/4b32446b54d460499210c02631c189bd-p_c.jpg,2026-09-21 14:50,For Sale
26883793,8036 Woodhue Cir,75228,Dallas,TX,32.796597,-96.705666,284900,114.0,-10000.0,276600.0,4824.0,4.0,2.0,2490.0,1963.0,10541.52,singleFamily,345.0,501050.0,2025,https://www.zillow.com,https://photos.zillowstatic.com/fp/fffe6c74b1eeb4948f64c09c4b5f2472-p_c.jpg,2026-09-21 14:50,For Sale
26788693,4118 Park Ln,75220,Dallas,TX,32.875057,-96.84167,749990,499.0,,718100.0,3352.0,2.0,2.0,1504.0,1951.0,7840.8,singleFamily,4.0,697950.0,2025,https://www.zillow.com,https://photos.zillowstatic.com/fp/de3b3fc3dda10cb5ccf27301b4b005ac-p_c.jpg,2026-09-21 14:50,For Sale
96503267,310 S Justin Ave,75211,Dallas,TX,32.74358,-96.91107,274900,158.0,,,,5.0,5.0,1742.0,2017.0,8712.0,singleFamily,67.0,373620.0,2025,https://www.zillow.com,https://photos.zillowstatic.com/fp/1169b0bd2f3a2e5b7bf6bae55b3b223b-p_c.jpg,2026-09-21 14:50,For Sale
84001098,8342 Timberbrook Ln,75249,Dallas,TX,32.664314,-96.95082,339369,211.0,-5000.0,335500.0,2863.0,3.0,3.0,1612.0,2007.0,4007.52,singleFamily,186.0,309670.0,2025,https://www.zillow.com,https://photos.zillowstatic.com/fp/c804d2f76f3fc541da27f74b80197799-p_c.jpg,2026-09-21 14:50,For Sale
26891098,7233 Bayberry Ln,75249,Dallas,TX,32.644577,-96.94688,349900,145.0,-30000.0,,,4.0,3.0,2420.0,1978.0,7666.56,singleFamily,73.0,339650.0,2025,https://www.zillow.com,https://photos.zillowstatic.com/fp/3b13d3e9775491dfa659be6af0921821-p_c.jpg,2026-09-21 14:50,For Sale
26755935,6039 Waggoner Dr,75230,Dallas,TX,32.887676,-96.80235,6220000,1006.0,,5836800.0,,3.0,5.0,6184.0,2000.0,0.459,singleFamily,19.0,2763000.0,2025,https://www.zillow.com,https://photos.zillowstatic.com/fp/a03051057336f1970613755f0326259b-p_c.jpg,2026-09-21 14:50,For Sale
26790649,3715 Valley Ridge Rd,75220,Dallas,TX,32.87783,-96.85545,549000,461.0,-26000.0,535600.0,2854.0,3.0,2.0,1192.0,1951.0,7927.92,singleFamily,47.0,505000.0,2025,https://www.zillow.com,https://photos.zillowstatic.com/fp/e6f0b8ce4e0b6e05dd6761d74a4253c8-p_c.jpg,2026-09-21 14:50,For Sale
26807792,3060 Timberview Rd,75229,Dallas,TX,32.88321,-96.872246,624000,254.0,-5000.0,608200.0,3867.0,4.0,3.0,2454.0,1963.0,10018.8,singleFamily,100.0,509110.0,2025,https://www.zillow.com,https://photos.zillowstatic.com/fp/7b7b0bab43ab5ccea3302f0918f81de0-p_c.jpg,2026-09-21 14:50,For Sale
26831068,2640 Lakeland Dr,75228,Dallas,TX,32.807304,-96.696335,325900,181.0,,,,3.0,2.0,1803.0,1964.0,8450.64,singleFamily,8.0,427620.0,2025,https://www.zillow.com,https://photos.zillowstatic.com/fp/a4ba17aa10dfae16846043242bfeae09-p_c.jpg,2026-09-21 14:50,For Sale
26809826,3193 Northaven Rd,75229,Dallas,TX,32.903557,-96.8707,950000,331.0,-50000.0,906400.0,5302.0,4.0,5.0,2874.0,1960.0,0.29,singleFamily,48.0,501650.0,2025,https://www.zillow.com,https://photos.zillowstatic.com/fp/9dfd6e6a79cfc4c0f41aa7428dd93206-p_c.jpg,2026-09-21 14:50,For Sale
26734877,5107 Stanford Ave,75209,Dallas,TX,32.85347,-96.82376,3265000,662.0,,3133300.0,,4.0,6.0,4931.0,2023.0,7535.88,singleFamily,37.0,2252000.0,2025,https://www.zillow.com,https://photos.zillowstatic.com/fp/e8b332d8f04687c5018640e2ce0a92ee-p_c.jpg,2026-09-21 14:50,For Sale
26698802,5322 W Mockingbird Ln,75209,Dallas,TX,32.8364,-96.820786,939000,408.0,-11000.0,914600.0,5159.0,3.0,3.0,2303.0,1979.0,7927.92,singleFamily,44.0,1062700.0,2025,https://www.zillow.com,https://photos.zillowstatic.com/fp/af725d360b753671b71abd28ba6622e4-p_c.jpg,2026-09-21 14:50,For Sale
26739989,9030 San Benito Way,75218,Dallas,TX,32.822,-96.702095,575000,292.0,-24000.0,,,3.0,2.0,1967.0,1938.0,9583.2,singleFamily,101.0,597980.0,2025,https://www.zillow.com,https://photos.zillowstatic.com/fp/532ee25b6bab765058a72fa12ca9d3b6-p_c.jpg,2026-09-21 14:50,For Sale
53389616,1676 Glade Forest Dr,75218,Dallas,TX,32.80505,-96.72278,899000,283.0,-26000.0,887100.0,4501.0,3.0,4.0,3172.0,1999.0,9888.12,singleFamily,100.0,948760.0,2025,https://www.zillow.com,https://photos.zillowstatic.com/fp/7790a681d7aef6262ddc245438851c97-p_c.jpg,2026-09-21 14:50,For Sale
26888631,10014 Hickory Crossing St,75243,Dallas,TX,32.913204,-96.72475,549000,195.0,-50000.0,534200.0,3290.0,4.0,3.0,2821.0,1980.0,9104.04,singleFamily,53.0,463610.0,2025,https://www.zillow.com,https://photos.zillowstatic.com/fp/b6fb2ad4b85f2bd9f1f7bacb9040e2e0-p_c.jpg,2026-09-21 14:50,For Sale
96523561,48 Ash Bluff Ln,75248,Dallas,TX,32.976192,-96.812775,5500000,765.0,-350000.0,,,5.0,6.0,7194.0,2013.0,0.8099999999999999,singleFamily,165.0,4200000.0,2025,https://www.zillow.com,https://photos.zillowstatic.com/fp/0917223857efba198bb157b8446390cf-p_c.jpg,2026-09-21 14:50,For Sale
26852644,8709 Forest Green Dr,75243,Dallas,TX,32.908855,-96.75277,385000,183.0,-15000.0,375300.0,2647.0,3.0,3.0,2103.0,1974.0,8755.56,singleFamily,93.0,360680.0,2025,https://www.zillow.com,https://photos.zillowstatic.com/fp/cfad2c479fa9378dc17fb3005555f701-p_c.jpg,2026-09-21 14:50,For Sale
26766682,2606 Fordham Rd,75216,Dallas,TX,32.7058,-96.783295,325000,173.0,-4000.0,324300.0,2375.0,4.0,3.0,1880.0,2022.0,8842.68,singleFamily,93.0,336650.0,2025,https://www.zillow.com,https://photos.zillowstatic.com/fp/2701c5dd8615133ba6969349c7485302-p_c.jpg,2026-09-21 14:50,For Sale
26735764,8523 Lakemont Dr,75209,Dallas,TX,32.85564,-96.84284,1275000,324.0,,1234600.0,7291.0,4.0,5.0,3932.0,2007.0,8232.84,singleFamily,14.0,1121460.0,2025,https://www.zillow.com,https://photos.zillowstatic.com/fp/99b6058e3669b6b3947df0e33d4360b1-p_c.jpg,2026-09-21 14:50,For Sale
26786811,515 Aqua Dr,75218,Dallas,TX,32.85179,-96.7138,1470000,326.0,,1388800.0,5183.0,5.0,6.0,4506.0,1951.0,10280.16,singleFamily,16.0,1028650.0,2025,https://www.zillow.com,https://photos.zillowstatic.com/fp/cc7f92f68d9ac436e4c33060e0088cba-p_c.jpg,2026-09-21 14:50,For Sale
26685915,5736 Tremont St,75214,Dallas,TX,32.805252,-96.756294,549900,288.0,,528400.0,3224.0,4.0,2.0,1912.0,1922.0,9234.72,singleFamily,11.0,569910.0,2025,https://www.zillow.com,https://photos.zillowstatic.com/fp/88bfe4d96fdcf6251bd807ec6e8d9518-p_c.jpg,2026-09-21 14:50,For Sale
26873262,7441 Alto Caro Dr,75248,Dallas,TX,32.966415,-96.77902,799000,353.0,,771000.0,4494.0,4.0,3.0,2261.0,1970.0,8668.44,singleFamily,11.0,543100.0,2025,https://www.zillow.com,https://photos.zillowstatic.com/fp/d82aae44633bc04223e06a582c05789a-p_c.jpg,2026-09-21 14:50,For Sale
26884154,8324 Moorcroft Dr,75228,Dallas,TX,32.801414,-96.698456,480000,194.0,,467000.0,3473.0,4.0,2.0,2480.0,1964.0,9757.44,singleFamily,44.0,500000.0,2025,https://www.zillow.com,https://photos.zillowstatic.com/fp/1d6f77e0a09e758295b95c0323c47d5b-p_c.jpg,2026-09-21 14:50,For Sale
26738126,1807 S Vernon Ave,75224,Dallas,TX,32.727768,-96.83711,475000,233.0,-25000.0,467700.0,2876.0,4.0,2.0,2037.0,1950.0,7884.36,singleFamily,38.0,340000.0,2025,https://www.zillow.com,https://photos.zillowstatic.com/fp/3ffa48580b50c0d5a59def39cf8bb180-p_c.jpg,2026-09-21 14:50,For Sale
26809560,3326 Dartmoor Dr,75229,Dallas,TX,32.905094,-96.86534,750000,321.0,,719500.0,3733.0,5.0,3.0,2333.0,1959.0,0.283,singleFamily,33.0,715010.0,2025,https://www.zillow.com,https://photos.zillowstatic.com/fp/267dd6ad9d1316208dcb9d9a17c2f063-p_c.jpg,2026-09-21 14:50,For Sale
26759802,5543 Edlen Dr,75220,Dallas,TX,32.879005,-96.812126,6795000,764.0,,6399600.0,,5.0,9.0,8892.0,2005.0,0.622,singleFamily,20.0,5636160.0,2025,https://www.zillow.com,https://photos.zillowstatic.com/fp/ee3c9f1b37f15ae583b128c7da5ebe34-p_c.jpg,2026-09-21 14:50,For Sale
26752486,6915 Stefani Dr,75225,Dallas,TX,32.878407,-96.78615,2500000,551.0,,2350100.0,8755.0,4.0,5.0,4538.0,1969.0,0.347,singleFamily,14.0,2153030.0,2025,https://www.zillow.com,https://photos.zillowstatic.com/fp/61825e325814a7428770494ac78a98aa-p_c.jpg,2026-09-21 14:50,For Sale
26696007,603 Clermont Ave,75223,Dallas,TX,32.805023,-96.74385,757000,434.0,,724300.0,2973.0,2.0,2.0,1744.0,1945.0,8450.64,singleFamily,9.0,685000.0,2025,https://www.zillow.com,https://photos.zillowstatic.com/fp/ad6bc487095f22fa1f672090500e5f2f-p_c.jpg,2026-09-21 14:50,For Sale
84006038,3907 Cole Ave APT 3,75204,Dallas,TX,32.81126,-96.79571,799000,352.0,-26000.0,772700.0,5215.0,3.0,4.0,2269.0,2006.0,0.545,condo,73.0,601290.0,2025,https://www.zillow.com,https://photos.zillowstatic.com/fp/3ebdffc0bf59e071da770bb3a35266b8-p_c.jpg,2026-09-21 14:50,For Sale
26739325,8522 Park Ln APT 15,75231,Dallas,TX,32.87035,-96.75758,215000,101.0,-5000.0,206800.0,1991.0,3.0,3.0,2120.0,1979.0,1.235,condo,107.0,275600.0,2025,https://www.zillow.com,https://photos.zillowstatic.com/fp/93074ac32cf753c068a038fb0c32d087-p_c.jpg,2026-09-21 14:50,For Sale
96491853,2503 Lawrence St,75215,Dallas,TX,32.752163,-96.75668,335000,172.0,,333200.0,2989.0,3.0,3.0,1950.0,2025.0,6664.68,singleFamily,17.0,50000.0,2025,https://www.zillow.com,https://photos.zillowstatic.com/fp/f0a8f8f11d26518a831e1a2890aee426-p_c.jpg,2026-09-21 14:50,For Sale
26790528,3722 Park Ln,75220,Dallas,TX,32.8746,-96.85506,1650000,374.0,1000.0,1593300.0,7742.0,5.0,6.0,4413.0,2024.0,8015.04,singleFamily,14.0,1630840.0,2025,https://www.zillow.com,https://photos.zillowstatic.com/fp/b6f97275b6afd2ebae3e8daf45e791fd-p_c.jpg,2026-09-21 14:50,For Sale
26771995,2521 Anzio Dr,75224,Dallas,TX,32.717148,-96.83358,349900,171.0,-12100.0,344100.0,2711.0,3.0,2.0,2044.0,1946.0,8799.12,singleFamily,10.0,258540.0,2025,https://www.zillow.com,https://photos.zillowstatic.com/fp/95b00aa277b1194a6fd3b18cb76e2104-p_c.jpg,2026-09-21 14:50,For Sale
26713772,811 Buckalew St,75208,Dallas,TX,32.738026,-96.83914,195000,155.0,-50000.0,,,3.0,1.0,1260.0,1926.0,6969.6,singleFamily,126.0,304580.0,2025,https://www.zillow.com,https://photos.zillowstatic.com/fp/3de466ad7588d98bc120c7778fc03060-p_c.jpg,2026-09-21 14:50,For Sale
26693267,3131 Wycliff Ave,75219,Dallas,TX,32.8143,-96.81487,275000,190.0,,266300.0,2576.0,2.0,2.0,1445.0,1974.0,0.537,singleFamily,6.0,308690.0,2025,https://www.zillow.com,https://photos.zillowstatic.com/fp/38bf5f1dcd2daee99e748ac5c606330a-p_c.jpg,2026-09-21 14:50,For Sale
162362971,9606 Glenacre Ln,75243,Dallas,TX,32.895626,-96.724464,400000,191.0,,386900.0,2265.0,3.0,3.0,2094.0,1978.0,3876.84,singleFamily,48.0,388170.0,2025,https://www.zillow.com,https://photos.zillowstatic.com/fp/f9bb32518915707a161650cef96c81c4-p_c.jpg,2026-09-21 14:50,For Sale
26691864,2215 Madera St,75206,Dallas,TX,32.814247,-96.77663,1445000,528.0,-50000.0,1395300.0,8176.0,3.0,3.0,2738.0,2016.0,7501.032,singleFamily,44.0,1124380.0,2025,https://www.zillow.com,https://photos.zillowstatic.com/fp/d4c371a21c492c14f11933cb564d4b76-p_c.jpg,2026-09-21 14:50,For Sale
26780949,6870 Talbot Pkwy,75232,Dallas,TX,32.664066,-96.85633,0,0.0,,376100.0,3063.0,3.0,2.0,3122.0,1971.0,0.41,singleFamily,0.0,403920.0,2025,https://www.zillow.com,https://www.zillowstatic.com/static/images/nophoto_p_c.png,2026-09-21 14:50,For Sale
26787039,566 Hambrick Rd,75218,Dallas,TX,32.85345,-96.70637,1199000,348.0,,1164000.0,5913.0,4.0,4.0,3449.0,2018.0,7797.24,singleFamily,9.0,1284530.0,2025,https://www.zillow.com,https://photos.zillowstatic.com/fp/b591290d140ce069cce6648abee58953-p_c.jpg,2026-09-21 14:50,For Sale
26874257,7721 El Padre Ln,75248,Dallas,TX,32.96076,-96.77475,699000,302.0,,675300.0,3848.0,4.0,3.0,2311.0,1966.0,9147.6,singleFamily,4.0,626700.0,2025,https://www.zillow.com,https://photos.zillowstatic.com/fp/6689dd0a13b73ee390da3366eaf4c7e8-p_c.jpg,2026-09-21 14:50,For Sale
53389357,2838 State St,75204,Dallas,TX,32.796867,-96.7982,1249000,374.0,,1192000.0,6435.0,3.0,4.0,3338.0,1999.0,1481.04,townhome,10.0,845820.0,2025,https://www.zillow.com,https://photos.zillowstatic.com/fp/c62da33c68d5ec47e38042d3f3418cf7-p_c.jpg,2026-09-21 14:50,For Sale
26751372,7739 Southwestern Blvd,75225,Dallas,TX,32.857388,-96.77351,1799000,560.0,,1738800.0,5928.0,3.0,3.0,3213.0,1978.0,253.9027,singleFamily,23.0,1848130.0,2025,https://www.zillow.com,https://photos.zillowstatic.com/fp/1d94adb0838e9e9bb753d4df648dc6f4-p_c.jpg,2026-09-21 14:50,For Sale
96499847,6908 Chantilly Ct,75214,Dallas,TX,32.836292,-96.741035,1335000,412.0,,1273800.0,6717.0,4.0,4.0,3244.0,2016.0,5270.76,singleFamily,45.0,1240280.0,2025,https://www.zillow.com,https://photos.zillowstatic.com/fp/c69e2b5cdbf3fb211d2d69687f5daa06-p_c.jpg,2026-09-21 14:50,For Sale
26754400,6828 Chevy Chase Ave,75225,Dallas,TX,32.871284,-96.78751,2395000,522.0,,,,4.0,5.0,4587.0,2007.0,9626.76,singleFamily,35.0,2243180.0,2025,https://www.zillow.com,https://photos.zillowstatic.com/fp/21605d514d3f34cf208feecc0f2a828d-p_c.jpg,2026-09-21 14:50,For Sale
26873190,7225 Heathermore Dr,75248,Dallas,TX,32.9656,-96.78316,735000,306.0,,713700.0,5323.0,5.0,3.0,2402.0,1970.0,8450.64,singleFamily,16.0,641570.0,2025,https://www.zillow.com,https://photos.zillowstatic.com/fp/211c2e25efb0395c9db1d0b4e4cc1eb9-p_c.jpg,2026-09-21 14:50,For Sale
26853365,8805 Westfield Dr,75243,Dallas,TX,32.90235,-96.75093,500000,360.0,,476300.0,3055.0,3.0,2.0,1388.0,1959.0,0.291,singleFamily,0.0,403680.0,2025,https://www.zillow.com,https://photos.zillowstatic.com/fp/c5f2dac01b58ac7402bd672cd770f4d9-p_c.jpg,2026-09-21 14:50,For Sale
27330636,2324 Harbinger Ln,75287,Dallas,TX,32.992004,-96.87208,329900,232.0,-18099.0,,,4.0,3.0,1425.0,1982.0,7993.26,singleFamily,27.0,360245.0,2025,https://www.zillow.com,https://photos.zillowstatic.com/fp/3a55666f5862b29af1b0a8313b59d54c-p_c.jpg,2026-09-21 14:50,For Sale
26736375,3819 Wemdon Dr,75220,Dallas,TX,32.86563,-96.85217,1300000,267.0,,1276300.0,6566.0,6.0,8.0,4870.0,2024.0,9321.84,singleFamily,66.0,1605800.0,2025,https://www.zillow.com,https://photos.zillowstatic.com/fp/7a5f48f0b4fe34073f43f01f11cc250f-p_c.jpg,2026-09-21 14:50,For Sale
26704680,4203 Camden Ave,75206,Dallas,TX,32.83673,-96.76372,698900,260.0,-100.0,,,3.0,3.0,2686.0,1939.0,6272.64,singleFamily,37.0,558390.0,2025,https://www.zillow.com,https://photos.zillowstatic.com/fp/c32ae53db6a7730827af6d931e344571-p_c.jpg,2026-09-21 14:50,For Sale
67965717,5934 Sandhurst Ln APT 208,75206,Dallas,TX,32.843716,-96.764015,285000,264.0,,283500.0,1880.0,2.0,2.0,1080.0,1967.0,4.675,condo,10.0,351000.0,2025,https://www.zillow.com,https://photos.zillowstatic.com/fp/5fb1ac60e7757dc407d9586d200f869b-p_c.jpg,2026-09-21 14:50,For Sale
61871253,2502 Live Oak St APT 329,75204,Dallas,TX,32.786884,-96.790695,250000,311.0,,,,1.0,1.0,804.0,1998.0,1.4953,condo,4.0,233160.0,2025,https://www.zillow.com,https://photos.zillowstatic.com/fp/a686ce8f708e8e79418334595bc4b585-p_c.jpg,2026-09-21 14:50,For Sale
26904817,6218 Everglade Rd,75227,Dallas,TX,32.78552,-96.69694,355000,163.0,-5000.0,353500.0,2757.0,4.0,3.0,2180.0,1998.0,6751.8,singleFamily,76.0,355880.0,2025,https://www.zillow.com,https://photos.zillowstatic.com/fp/fd92f91e0cfcf83e7ff7a635b6b2468b-p_c.jpg,2026-09-21 14:50,For Sale
26707640,7114 Bob O Link Dr,75214,Dallas,TX,32.834183,-96.736626,2550000,460.0,,2468300.0,5942.0,5.0,7.0,5538.0,2026.0,7230.96,singleFamily,10.0,718000.0,2025,https://www.zillow.com,https://photos.zillowstatic.com/fp/f05f3e864e180fe480fb448a6d5fd498-p_c.jpg,2026-09-21 14:50,For Sale
26705799,7103 Westbrook Ln,75214,Dallas,TX,32.846027,-96.73876,1300000,513.0,,1230400.0,4296.0,4.0,3.0,2535.0,1954.0,10759.32,singleFamily,60.0,869160.0,2025,https://www.zillow.com,https://photos.zillowstatic.com/fp/0e7faeb8e39de143144061f9dd594631-p_c.jpg,2026-09-21 14:50,For Sale
26694735,6162 Prospect Ave,75214,Dallas,TX,32.814735,-96.75886,2275000,537.0,,2192400.0,8866.0,5.0,6.0,4233.0,2026.0,9408.96,singleFamily,110.0,638060.0,2025,https://www.zillow.com,https://photos.zillowstatic.com/fp/315790d581aa82bf640f828eede88485-p_c.jpg,2026-09-21 14:50,For Sale
26693581,5555 Goodwin Ave,75206,Dallas,TX,32.82378,-96.77247,2400000,474.0,,2339300.0,10903.0,5.0,6.0,5062.0,2026.0,8799.12,singleFamily,19.0,700000.0,2025,https://www.zillow.com,https://photos.zillowstatic.com/fp/4558635a0731ab2b78aabfee68c6dcce-p_c.jpg,2026-09-21 14:50,For Sale
26814711,7014 Brierfield Dr,75232,Dallas,TX,32.663147,-96.82649,149000,97.0,,146800.0,1916.0,4.0,2.0,1542.0,1956.0,8189.28,singleFamily,11.0,185350.0,2025,https://www.zillow.com,https://photos.zillowstatic.com/fp/18106b686da99e1a691626eb0c491b34-p_c.jpg,2026-09-21 14:50,For Sale
26849521,6811 Bradbury Ln,75230,Dallas,TX,32.912846,-96.78806,1500000,383.0,-150000.0,1428100.0,7649.0,4.0,4.0,3920.0,1958.0,0.35200000000000004,singleFamily,43.0,1190000.0,2025,https://www.zillow.com,https://photos.zillowstatic.com/fp/d5445e397c21fd729e727fb0acf6eb20-p_c.jpg,2026-09-21 14:50,For Sale
26868859,8732 Arbor Park Ct,75243,Dallas,TX,32.896137,-96.730255,1199000,293.0,-200000.0,,,4.0,4.0,4099.0,1984.0,0.424,singleFamily,19.0,1100000.0,2025,https://www.zillow.com,https://photos.zillowstatic.com/fp/6a212a235c6a5126155b7cb3cd7a2cd5-p_c.jpg,2026-09-21 14:50,For Sale
26755002,6452 Walnut Hill Ln,75230,Dallas,TX,32.87963,-96.79444,2899999,463.0,-90001.0,2829600.0,10365.0,5.0,7.0,6266.0,2026.0,0.362,singleFamily,51.0,630200.0,2025,https://www.zillow.com,https://photos.zillowstatic.com/fp/cecac340b004806117a8141114469e87-p_c.jpg,2026-09-21 14:50,For Sale
26911599,332 Kahala Dr,75218,Dallas,TX,32.856606,-96.70266,650000,210.0,-25000.0,641000.0,4753.0,4.0,3.0,3089.0,1997.0,5052.96,singleFamily,73.0,600980.0,2025,https://www.zillow.com,https://photos.zillowstatic.com/fp/a9e6a41e54ebc104076d03be5af67f9f-p_c.jpg,2026-09-21 14:50,For Sale
26897711,3014 Adolph St,75204,Dallas,TX,32.792076,-96.78888,394900,347.0,,380900.0,2351.0,2.0,2.0,1139.0,1982.0,1960.2,singleFamily,23.0,379220.0,2025,https://www.zillow.com,https://photos.zillowstatic.com/fp/292e83d59c32b25369e4f1b62af20b92-p_c.jpg,2026-09-21 14:50,For Sale
464583963,3325 Hammerly Dr,75212,Dallas,TX,32.782494,-96.89904,739900,217.0,,736000.0,4918.0,5.0,4.0,3410.0,2026.0,8267.688,singleFamily,2.0,,,https://www.zillow.com,https://photos.zillowstatic.com/fp/90b471461f978edc730a3cdaa143e899-p_c.jpg,2026-09-21 14:50,For Sale
26868624,8031 Moss Meadows Dr,75231,Dallas,TX,32.887535,-96.743904,738000,378.0,-11000.0,718600.0,4170.0,4.0,3.0,1953.0,1978.0,8145.72,singleFamily,38.0,559000.0,2025,https://www.zillow.com,https://photos.zillowstatic.com/fp/060ebffb55e99cc9634b9c750e1e4872-p_c.jpg,2026-09-21 14:50,For Sale
26729241,1518 Oak Knoll St,75208,Dallas,TX,32.762928,-96.83254,1330000,418.0,-15000.0,1279300.0,7163.0,4.0,4.0,3180.0,1948.0,0.29200000000000004,singleFamily,124.0,1895320.0,2025,https://www.zillow.com,https://photos.zillowstatic.com/fp/fca8bb69f60de8b0346af815b3e86b4c-p_c.jpg,2026-09-21 14:50,For Sale
80224639,4830 Cedar Springs Rd #30,75219,Dallas,TX,32.82026,-96.82125,375000,188.0,-14000.0,370500.0,3751.0,2.0,3.0,1994.0,2005.0,1.944,condo,88.0,369380.0,2025,https://www.zillow.com,https://photos.zillowstatic.com/fp/dcea547126ea22fb644d03f336b0fc70-p_c.jpg,2026-09-21 14:50,For Sale
26760618,5638 Greenbrier Dr,75209,Dallas,TX,32.857662,-96.81579,3450000,773.0,-149000.0,,,4.0,5.0,4465.0,2006.0,0.29200000000000004,singleFamily,49.0,2242850.0,2025,https://www.zillow.com,https://photos.zillowstatic.com/fp/7d00d765bc7f5b7f8afad9be0084cb0a-p_c.jpg,2026-09-21 14:50,For Sale
26882620,13121 Halwin Cir,75243,Dallas,TX,32.927265,-96.717636,540000,209.0,,524400.0,3630.0,3.0,3.0,2581.0,1978.0,8755.56,singleFamily,3.0,370480.0,2025,https://www.zillow.com,https://photos.zillowstatic.com/fp/5de2878facfae6b56fa3e07fd702fc50-p_c.jpg,2026-09-21 14:50,For Sale
26806091,3959 Goodfellow Dr,75229,Dallas,TX,32.909138,-96.84635,1050000,421.0,-49000.0,1010500.0,4656.0,4.0,3.0,2494.0,1969.0,0.416,singleFamily,34.0,822570.0,2025,https://www.zillow.com,https://photos.zillowstatic.com/fp/ac0fe8f03ce599c0d08848fd8695a34a-p_c.jpg,2026-09-21 14:50,For Sale
26683230,4023 Travis St,75204,Dallas,TX,32.81378,-96.795815,1025000,452.0,-24000.0,,,2.0,3.0,2268.0,1971.0,3746.16,townhome,17.0,935600.0,2025,https://www.zillow.com,https://photos.zillowstatic.com/fp/8b46bbe481e992a6fba85e217872aef2-p_c.jpg,2026-09-21 14:50,For Sale
26898811,3105 San Jacinto St APT 306,75204,Dallas,TX,32.79298,-96.79051,229000,203.0,,226800.0,2112.0,2.0,2.0,1128.0,1981.0,2.008,condo,5.0,304560.0,2025,https://www.zillow.com,https://photos.zillowstatic.com/fp/de2c113a2330921889a95b43e2af82c3-p_c.jpg,2026-09-21 14:50,For Sale
26828804,5908 Melshire Dr,75230,Dallas,TX,32.913986,-96.80711,1749500,420.0,-49500.0,1644800.0,7916.0,4.0,5.0,4169.0,1958.0,0.3721,singleFamily,6.0,1547840.0,2025,https://www.zillow.com,https://photos.zillowstatic.com/fp/390da8b68f382d45ec1335cfe55cfacc-p_c.jpg,2026-09-21 14:50,For Sale
26685513,2816 Wycliff Ave,75219,Dallas,TX,32.81214,-96.81653,209900,224.0,-15100.0,204700.0,1926.0,2.0,2.0,937.0,1979.0,8842.68,condo,165.0,255330.0,2025,https://www.zillow.com,https://photos.zillowstatic.com/fp/622c20c22ad94a138a68c15a242ce0ce-p_c.jpg,2026-09-21 14:50,For Sale
162814847,12802 Kyla Jean Ct,75253,Dallas,TX,32.69704,-96.60145,265000,183.0,,261200.0,1927.0,3.0,2.0,1450.0,2017.0,10367.28,singleFamily,24.0,270670.0,2025,https://www.zillow.com,https://photos.zillowstatic.com/fp/c8c0249c3793ebd624e3da8b224cb3dc-p_c.jpg,2026-09-21 14:50,For Sale
465353588,9324 Beckleycrest Ave,75232,Dallas,TX,32.63476,-96.83377,429000,223.0,,,,4.0,2.0,1920.0,2026.0,10384.704,singleFamily,3.0,,,https://www.zillow.com,https://photos.zillowstatic.com/fp/cebd8bd6170099d75fe05014055cb7b9-p_c.jpg,2026-09-21 14:50,For Sale
26812317,3038 Modella Ave,75229,Dallas,TX,32.90655,-96.87465,300000,244.0,-10000.0,292000.0,2091.0,2.0,2.0,1232.0,1983.0,4486.68,singleFamily,120.0,255430.0,2025,https://www.zillow.com,https://photos.zillowstatic.com/fp/7782cced52d8efd43e579fb4fa816b99-p_c.jpg,2026-09-21 14:50,For Sale
26844283,12135 Oberlin Dr,75243,Dallas,TX,32.913326,-96.75839,394500,249.0,-4500.0,390500.0,2894.0,4.0,4.0,1583.0,1956.0,7535.88,singleFamily,115.0,207230.0,2025,https://www.zillow.com,https://photos.zillowstatic.com/fp/59e6f4e25782e28579bc00812387d39e-p_c.jpg,2026-09-21 14:50,For Sale
26690629,5326 Vickery Blvd,75206,Dallas,TX,32.82209,-96.77877,1135000,485.0,,,,3.0,3.0,2340.0,1920.0,8494.2,singleFamily,11.0,865540.0,2025,https://www.zillow.com,https://photos.zillowstatic.com/fp/bd22a7e7427eaac55b54c5b9584a29db-p_c.jpg,2026-09-21 14:50,For Sale
26690351,5645 Vickery Blvd,75206,Dallas,TX,32.822723,-96.77035,1695000,525.0,-5000.0,,,4.0,3.0,3227.0,2014.0,8494.2,singleFamily,116.0,1543690.0,2025,https://www.zillow.com,https://photos.zillowstatic.com/fp/50e430cd8ed92e68b18439d9b3c01a46-p_c.jpg,2026-09-21 14:50,For Sale
26923713,3616 Parkridge Dr APT 108,75234,Dallas,TX,32.911545,-96.858315,140000,143.0,,118800.0,1552.0,2.0,2.0,980.0,1982.0,7.526,condo,3.0,176400.0,2025,https://www.zillow.com,https://photos.zillowstatic.com/fp/56c6ad2e453f1bed1dbf55abc71d35d6-p_c.jpg,2026-09-21 14:50,For Sale
26815151,740 Emberwood Dr,75232,Dallas,TX,32.658802,-96.833466,200000,109.0,,197000.0,2062.0,4.0,2.0,1836.0,1956.0,7579.44,singleFamily,28.0,263670.0,2025,https://www.zillow.com,https://photos.zillowstatic.com/fp/9bb97a4b0ce7beca5ca402132f3b6da1-p_c.jpg,2026-09-21 14:50,For Sale
26868152,9159 Dunmore Dr,75231,Dallas,TX,32.886326,-96.73448,1139900,322.0,-10000.0,1102800.0,5552.0,4.0,4.0,3541.0,1974.0,8842.68,singleFamily,122.0,716600.0,2025,https://www.zillow.com,https://photos.zillowstatic.com/fp/1b77c485a3aef1195cc42749bf00e8ce-p_c.jpg,2026-09-21 14:50,For Sale
26732706,6454 Sondra Dr,75214,Dallas,TX,32.82639,-96.7507,3950000,629.0,-145000.0,3845800.0,,5.0,7.0,6283.0,2026.0,0.312,singleFamily,51.0,1089290.0,2025,https://www.zillow.com,https://photos.zillowstatic.com/fp/971beb516a2c3e579bedbe9fa7054d5b-p_c.jpg,2026-09-21 14:50,For Sale
26762471,4419 Lawnview Ave,75227,Dallas,TX,32.78305,-96.72165,179900,189.0,,,1634.0,2.0,1.0,950.0,1949.0,6403.32,singleFamily,103.0,201930.0,2025,https://www.zillow.com,https://photos.zillowstatic.com/fp/62db4fc6e9350773f014b7d2a195265d-p_c.jpg,2026-09-21 14:50,For Sale
26780322,2904 Bridal Wreath Ln,75233,Dallas,TX,32.6954,-96.868065,279000,107.0,,258400.0,3232.0,4.0,4.0,2598.0,1970.0,0.334,singleFamily,83.0,365520.0,2025,https://www.zillow.com,https://photos.zillowstatic.com/fp/4e36aae9bbd2d3bc25262184385ceb7c-p_c.jpg,2026-09-21 14:50,For Sale
26789448,10815 Pinocchio Dr,75229,Dallas,TX,32.895576,-96.841675,3645000,652.0,-50000.0,3502300.0,,5.0,7.0,5592.0,2026.0,0.365,singleFamily,37.0,875000.0,2025,https://www.zillow.com,https://photos.zillowstatic.com/fp/885c896a4cb05f2dd4ac4d51f513ef87-p_c.jpg,2026-09-21 14:50,For Sale
26809953,3672 Mid Pines Dr,75229,Dallas,TX,32.90698,-96.85665,620000,289.0,-40000.0,601000.0,3748.0,4.0,3.0,2148.0,1959.0,0.36,singleFamily,94.0,593540.0,2025,https://www.zillow.com,https://photos.zillowstatic.com/fp/6ff66f2494c09d19ac94e4e6d314d5ec-p_c.jpg,2026-09-21 14:50,For Sale
26812103,7138 Azalea Ln,75230,Dallas,TX,32.89726,-96.78205,4295000,544.0,,,,6.0,8.0,7888.0,2010.0,0.49000000000000005,singleFamily,39.0,2670210.0,2025,https://www.zillow.com,https://photos.zillowstatic.com/fp/7078c954090c5c0dfacc3669ace49f2e-p_c.jpg,2026-09-21 14:50,For Sale
69669832,3036 Carmel St,75204,Dallas,TX,32.791515,-96.7867,475000,244.0,,461500.0,3453.0,3.0,4.0,1947.0,2005.0,1306.8,townhome,2.0,495570.0,2025,https://www.zillow.com,https://photos.zillowstatic.com/fp/2d5309ce13a680269ba633d260cda117-p_c.jpg,2026-09-21 14:50,For Sale
26738020,1907 S Tyler St,75224,Dallas,TX,32.726833,-96.83821,274990,215.0,-5000.0,268800.0,2163.0,2.0,1.0,1280.0,1950.0,7623.0,singleFamily,52.0,352570.0,2025,https://www.zillow.com,https://photos.zillowstatic.com/fp/ad248b470deb282c7df54d54765ff25c-p_c.jpg,2026-09-21 14:50,For Sale
338034466,1969 Education Way,75217,Dallas,TX,32.6743,-96.646904,285000,152.0,,281900.0,2362.0,3.0,3.0,1881.0,2021.0,6229.08,singleFamily,20.0,318800.0,2025,https://www.zillow.com,https://photos.zillowstatic.com/fp/e9f42650c3ba9f0f55db053f385eefe4-p_c.jpg,2026-09-21 14:50,For Sale
26751108,7329 Edgerton Dr,75231,Dallas,TX,32.857544,-96.73505,550000,274.0,-35000.0,544500.0,3298.0,4.0,3.0,2006.0,1960.0,7766.748,singleFamily,185.0,566090.0,2025,https://www.zillow.com,https://photos.zillowstatic.com/fp/a8746595e435f258fa3ac003af6247c7-p_c.jpg,2026-09-21 14:50,For Sale
26685443,700 Cristler Ave,75223,Dallas,TX,32.802162,-96.74569,424900,330.0,-25100.0,412800.0,2353.0,2.0,2.0,1288.0,1916.0,5837.04,singleFamily,38.0,351830.0,2025,https://www.zillow.com,https://photos.zillowstatic.com/fp/04cf311371ed083cdd92879df0302bdd-p_c.jpg,2026-09-21 14:50,For Sale
26828018,4651 Timber Wood Dr,75211,Dallas,TX,32.72014,-96.89836,309900,145.0,-20000.0,303100.0,3014.0,5.0,4.0,2144.0,1963.0,8973.36,singleFamily,47.0,237090.0,2025,https://www.zillow.com,https://photos.zillowstatic.com/fp/23790aa56fe652e0c971e26a90f297df-p_c.jpg,2026-09-21 14:50,For Sale
124267812,6421 Blanch Cir,75214,Dallas,TX,32.824013,-96.7506,2995000,829.0,-255000.0,2847700.0,,4.0,5.0,3611.0,2014.0,0.49899999999999994,singleFamily,12.0,2623470.0,2025,https://www.zillow.com,https://photos.zillowstatic.com/fp/5d69cea182013e5e7320b83790f6392c-p_c.jpg,2026-09-21 14:50,For Sale
26732943,6716 Oriole Dr,75209,Dallas,TX,32.8397,-96.823975,2795000,592.0,,,,4.0,5.0,4718.0,2020.0,9801.0,singleFamily,11.0,2195900.0,2025,https://www.zillow.com,https://photos.zillowstatic.com/fp/2890713732986fbd8d10150effd89376-p_c.jpg,2026-09-21 14:50,For Sale
26913413,13234 Woodbend Ln,75243,Dallas,TX,32.918724,-96.730934,250000,164.0,,242300.0,1933.0,3.0,3.0,1528.0,1982.0,2221.56,townhome,11.0,310600.0,2025,https://www.zillow.com,https://photos.zillowstatic.com/fp/89e9155b2f03e5bea3628d31d766d2ae-p_c.jpg,2026-09-21 14:50,For Sale
162239624,7126 Edgerton Dr,75231,Dallas,TX,32.8549,-96.73759,610000,237.0,-14000.0,584600.0,4422.0,4.0,4.0,2570.0,1955.0,0.313,singleFamily,439.0,691950.0,2025,https://www.zillow.com,https://photos.zillowstatic.com/fp/157e01a5ba532894c3f548020339249e-p_c.jpg,2026-09-21 14:50,For Sale
80240597,5950 Lindenshire Ln APT 302,75230,Dallas,TX,32.912006,-96.80616,435000,343.0,,415900.0,2318.0,2.0,3.0,1270.0,1990.0,1.7409,townhome,25.0,400050.0,2025,https://www.zillow.com,https://photos.zillowstatic.com/fp/5a9a3bd6fac5c48a110d0c9da1e168af-p_c.jpg,2026-09-21 14:50,For Sale
2118737546,8619 Edgemere Rd APT C,75225,Dallas,TX,32.867054,-96.795784,307000,197.0,-10500.0,293200.0,,2.0,2.0,1556.0,1958.0,1.041,condo,51.0,,,https://www.zillow.com,https://photos.zillowstatic.com/fp/d754e06b8700868da1547fa4bf591098-p_c.jpg,2026-09-21 14:50,For Sale
465085974,2206 Dyson St,75215,Dallas,TX,32.741863,-96.75671,309990,188.0,,,,3.0,3.0,1650.0,2026.0,5401.44,singleFamily,14.0,,,https://www.zillow.com,https://photos.zillowstatic.com/fp/73d4b360f729d296d5f88949a39d58c0-p_c.jpg,2026-09-21 14:50,For Sale
26875371,7606 Dunoon Ave,75248,Dallas,TX,32.979065,-96.77708,1350000,350.0,-25000.0,,,4.0,4.0,3860.0,1977.0,0.262,singleFamily,60.0,977490.0,2025,https://www.zillow.com,https://photos.zillowstatic.com/fp/d979e129d93283bb7747e0d16b8d1644-p_c.jpg,2026-09-21 14:50,For Sale
96533206,1846 Nomas St,75212,Dallas,TX,32.780773,-96.85013,549900,171.0,,,4603.0,5.0,4.0,3212.0,2020.0,7971.48,singleFamily,51.0,703520.0,2025,https://www.zillow.com,https://photos.zillowstatic.com/fp/06227f5e81aeed76380d61e4e9c8d94a-p_c.jpg,2026-09-21 14:50,For Sale
26834604,4107 Vineyard Dr,75212,Dallas,TX,32.79156,-96.87639,449500,211.0,-400.0,,,4.0,2.0,2130.0,2026.0,7230.96,singleFamily,24.0,145000.0,2025,https://www.zillow.com,https://photos.zillowstatic.com/fp/5c32ea3295f422bd335a45677b223ea9-p_c.jpg,2026-09-21 14:50,For Sale
248827887,6303 E Grand Ave,75223,Dallas,TX,32.798954,-96.74211,750000,223.0,-10000.0,,,6.0,3.0,3366.0,1947.0,9104.04,singleFamily,142.0,626330.0,2025,https://www.zillow.com,https://photos.zillowstatic.com/fp/19b901abfdb5190980968c4d104f09fa-p_c.jpg,2026-09-21 14:50,For Sale
26815801,238 Glencairn Dr,75232,Dallas,TX,32.656998,-96.826096,194500,117.0,,,2126.0,4.0,3.0,1656.0,1961.0,10062.36,singleFamily,44.0,285200.0,2025,https://www.zillow.com,https://photos.zillowstatic.com/fp/a0386f03843a54018da9bd47aa3344c6-p_c.jpg,2026-09-21 14:50,For Sale
26849585,11904 Forest Lakes Ln,75230,Dallas,TX,32.910557,-96.795975,1095000,320.0,,1035600.0,6107.0,3.0,4.0,3417.0,1985.0,7927.92,singleFamily,27.0,830000.0,2025,https://www.zillow.com,https://photos.zillowstatic.com/fp/8e9bee665806cba55115013607afa7a2-p_c.jpg,2026-09-21 14:50,For Sale
26869293,9615 Millridge Dr,75243,Dallas,TX,32.90484,-96.729965,615000,250.0,-20000.0,603300.0,5093.0,4.0,3.0,2460.0,1970.0,8755.56,singleFamily,64.0,605190.0,2025,https://www.zillow.com,https://photos.zillowstatic.com/fp/3f1b4fd43ed06089462d55278f537f5a-p_c.jpg,2026-09-21 14:50,For Sale
26769679,4646 Ridge Point Dr,75211,Dallas,TX,32.724712,-96.89839,274950,212.0,-9050.0,269500.0,1797.0,3.0,2.0,1300.0,1964.0,7666.56,singleFamily,25.0,208560.0,2025,https://www.zillow.com,https://photos.zillowstatic.com/fp/5084a10862ded4d2a820d5f49deae671-p_c.jpg,2026-09-21 14:50,For Sale
26648930,5144 Bellerive Dr,75287,Dallas,TX,32.993107,-96.818954,1125000,257.0,,1073500.0,6115.0,4.0,5.0,4369.0,1990.0,0.25,singleFamily,8.0,1103501.0,2025,https://www.zillow.com,https://photos.zillowstatic.com/fp/96fd1caa1951a582ef99a012c3729867-p_c.jpg,2026-09-21 14:50,For Sale
26914320,8316 Autumncrest Ct,75249,Dallas,TX,32.645546,-96.96457,385000,175.0,,377300.0,2852.0,4.0,3.0,2201.0,1989.0,6316.2,singleFamily,3.0,211660.0,2025,https://www.zillow.com,https://photos.zillowstatic.com/fp/b56d0e62c309992be1dd09cc7f899fdb-p_c.jpg,2026-09-21 14:50,For Sale
303984002,5122 Capitol Ave Unit 103,75206,Dallas,TX,32.813595,-96.77947,550000,338.0,,535400.0,3990.0,2.0,3.0,1627.0,2017.0,0.265,condo,11.0,534000.0,2025,https://www.zillow.com,https://photos.zillowstatic.com/fp/1f4f03c199b11b04eab109ca7785970a-p_c.jpg,2026-09-21 14:50,For Sale
26807440,3625 Ingleside Dr,75229,Dallas,TX,32.8898,-96.859375,645000,380.0,-30000.0,,,3.0,2.0,1699.0,1958.0,9801.0,singleFamily,90.0,547020.0,2025,https://www.zillow.com,https://photos.zillowstatic.com/fp/159dcaf18b0d2429cb826b7c377e3308-p_c.jpg,2026-09-21 14:50,For Sale
26637850,6227 Cupertino Trl,75252,Dallas,TX,33.004425,-96.7974,434900,190.0,-14100.0,428700.0,3106.0,3.0,3.0,2284.0,1993.0,4356.0,singleFamily,112.0,435651.0,2025,https://www.zillow.com,https://photos.zillowstatic.com/fp/9f25f1654903a45c7026fb732c7cc1da-p_c.jpg,2026-09-21 14:50,For Sale
26773773,706 W Five Mile Pkwy,75224,Dallas,TX,32.69369,-96.8345,384900,180.0,,,3021.0,3.0,2.0,2136.0,1956.0,0.264,singleFamily,42.0,311250.0,2025,https://www.zillow.com,https://photos.zillowstatic.com/fp/34d2a57898eef98b3583cc31c39ab59f-p_c.jpg,2026-09-21 14:50,For Sale
26707558,6910 Huff Trl,75214,Dallas,TX,32.836407,-96.73795,1975000,467.0,-70000.0,1906200.0,10186.0,4.0,5.0,4228.0,2012.0,7753.68,singleFamily,122.0,1728600.0,2025,https://www.zillow.com,https://photos.zillowstatic.com/fp/44ac042ea43b5911ef5806be8d6b7a09-p_c.jpg,2026-09-21 14:50,For Sale
26880442,4224 High Summit Dr,75244,Dallas,TX,32.918674,-96.839516,1100000,379.0,,1051800.0,2909.0,4.0,3.0,2904.0,1971.0,10628.64,singleFamily,32.0,1069000.0,2025,https://www.zillow.com,https://photos.zillowstatic.com/fp/a89a8eba4660f1f409f47f85ac7454ec-p_c.jpg,2026-09-21 14:50,For Sale
26869003,9517 Fallbrook Dr,75243,Dallas,TX,32.902004,-96.73191,610000,239.0,-10000.0,,,3.0,3.0,2556.0,1973.0,8276.4,singleFamily,108.0,608420.0,2025,https://www.zillow.com,https://photos.zillowstatic.com/fp/d0fcb1ce9deaff6780213af55ae1a252-p_c.jpg,2026-09-21 14:50,For Sale
67957046,4923 Alcott St,75206,Dallas,TX,32.8159,-96.786316,780000,316.0,,,4685.0,3.0,3.0,2471.0,2003.0,4573.8,singleFamily,11.0,791110.0,2025,https://www.zillow.com,https://photos.zillowstatic.com/fp/7b36a83cd5a0d0da67e828a20d529486-p_c.jpg,2026-09-21 14:50,For Sale
26757872,5111 Meaders Ln,75229,Dallas,TX,32.885555,-96.820595,5300000,592.0,-300000.0,,,6.0,8.0,8949.0,1953.0,0.9199999999999999,singleFamily,118.0,3082930.0,2025,https://www.zillow.com,https://photos.zillowstatic.com/fp/41fc0b0e880993420221b15586a5db9e-p_c.jpg,2026-09-21 14:50,For Sale
26718779,2742 Burlington Blvd,75211,Dallas,TX,32.737198,-96.865395,350000,218.0,-25000.0,345800.0,2390.0,3.0,2.0,1603.0,1926.0,6446.88,singleFamily,90.0,325000.0,2025,https://www.zillow.com,https://photos.zillowstatic.com/fp/e0368b82b0a92f488d73250784a6b638-p_c.jpg,2026-09-21 14:50,For Sale
26715382,818 E Woodin Blvd,75216,Dallas,TX,32.72244,-96.81238,235000,180.0,,232900.0,1880.0,3.0,2.0,1304.0,1917.0,8015.04,singleFamily,11.0,259520.0,2025,https://www.zillow.com,https://photos.zillowstatic.com/fp/4b27c08c642954a63b1f940b6a9ae8e0-p_c.jpg,2026-09-21 14:50,For Sale
26836091,3907 Odessa St,75212,Dallas,TX,32.789024,-96.90168,199995,159.0,-50005.0,,2136.0,3.0,2.0,1260.0,1946.0,7274.52,singleFamily,72.0,244200.0,2025,https://www.zillow.com,https://photos.zillowstatic.com/fp/a775f5fc24afac01a9b7736ace960407-p_c.jpg,2026-09-21 14:50,For Sale
26687077,2550 Eugene St,75215,Dallas,TX,32.758404,-96.76031,259900,184.0,-5000.0,257200.0,1814.0,3.0,2.0,1416.0,2020.0,5706.36,singleFamily,57.0,245790.0,2025,https://www.zillow.com,https://photos.zillowstatic.com/fp/7b63e6024f7334fe021a8bb4f33c334e-p_c.jpg,2026-09-21 14:50,For Sale
26838476,7517 Pebblestone Dr #14,75230,Dallas,TX,32.891068,-96.77652,340000,232.0,,326500.0,2217.0,2.0,2.0,1465.0,1971.0,3876.84,townhome,3.0,350670.0,2025,https://www.zillow.com,https://photos.zillowstatic.com/fp/1d3b7f3a0f517f65f6e4116e0b53f165-p_c.jpg,2026-09-21 14:50,For Sale
26748679,6306 Glennox Ln,75214,Dallas,TX,32.849808,-96.755,1075000,354.0,-20000.0,1034800.0,5249.0,4.0,4.0,3034.0,1970.0,8973.36,singleFamily,58.0,794880.0,2025,https://www.zillow.com,https://photos.zillowstatic.com/fp/eaf8bc9ba33ffc650b1fda647a6179b6-p_c.jpg,2026-09-21 14:50,For Sale
26882206,9149 Emberglow Ln,75243,Dallas,TX,32.91706,-96.73816,209999,173.0,-5000.0,206200.0,1674.0,2.0,2.0,1213.0,1972.0,5227.2,townhome,72.0,232490.0,2025,https://www.zillow.com,https://photos.zillowstatic.com/fp/f31869dd701989eb53b5b4fd8e2abc43-p_c.jpg,2026-09-21 14:50,For Sale
26787893,3610 Durango Dr,75220,Dallas,TX,32.86711,-96.858284,789999,263.0,-20001.0,781100.0,5076.0,4.0,4.0,3000.0,2026.0,10105.92,singleFamily,100.0,526820.0,2025,https://www.zillow.com,https://photos.zillowstatic.com/fp/1447424716f5a98590edc3d8f38f8d5e-p_c.jpg,2026-09-21 14:50,For Sale
26903034,7984 Caruth Ct,75225,Dallas,TX,32.85792,-96.77235,1325000,444.0,,1277700.0,4916.0,3.0,3.0,2984.0,1994.0,3833.28,singleFamily,10.0,1136150.0,2025,https://www.zillow.com,https://photos.zillowstatic.com/fp/5d25e8a197c48726a33616b1f68219ed-p_c.jpg,2026-09-21 14:50,For Sale
26734152,4325 Pomona Rd,75209,Dallas,TX,32.85364,-96.83528,3495000,762.0,-100000.0,,,4.0,4.0,4585.0,1934.0,0.439,singleFamily,30.0,2325000.0,2025,https://www.zillow.com,https://photos.zillowstatic.com/fp/52dbe28176964b34b92b6c75529fd542-p_c.jpg,2026-09-21 14:50,For Sale
464302789,13845 Leinsper Green St,75240,Dallas,TX,32.933266,-96.766045,165000,141.0,-20000.0,,,3.0,2.0,1170.0,1969.0,3049.2,townhome,48.0,,,https://www.zillow.com,https://photos.zillowstatic.com/fp/6784009684ee614b01e56db96dee270f-p_c.jpg,2026-09-21 14:50,For Sale
26807752,3132 Chapel Downs Dr,75229,Dallas,TX,32.884205,-96.87081,629000,259.0,-20500.0,624500.0,5052.0,4.0,3.0,2429.0,1962.0,10018.8,singleFamily,213.0,675000.0,2025,https://www.zillow.com,https://photos.zillowstatic.com/fp/4bd93e059c76e8ed2dd705c6823bd7f2-p_c.jpg,2026-09-21 14:50,For Sale
26841691,8917 Freeport Dr,75228,Dallas,TX,32.814877,-96.67689,199900,151.0,,229000.0,1993.0,3.0,2.0,1320.0,1957.0,8973.36,singleFamily,2.0,261570.0,2025,https://www.zillow.com,https://photos.zillowstatic.com/fp/cf3593c838f37035383293a17c8177f0-p_c.jpg,2026-09-21 14:50,For Sale
26757013,11219 Leachman Cir,75229,Dallas,TX,32.900352,-96.82221,4995000,913.0,-255000.0,4614600.0,,5.0,6.0,5470.0,1972.0,0.594,singleFamily,209.0,4604060.0,2025,https://www.zillow.com,https://photos.zillowstatic.com/fp/2056db3dc523d4f90aca7f3a26c19ee3-p_c.jpg,2026-09-21 14:50,For Sale
26842580,3309 San Marcus Ave,75228,Dallas,TX,32.83065,-96.66013,265000,174.0,,257200.0,2220.0,3.0,2.0,1520.0,1955.0,7405.2,singleFamily,2.0,265520.0,2025,https://www.zillow.com,https://photos.zillowstatic.com/fp/21f9dfc232c35e6ddd081ae3c3e6a0df-p_c.jpg,2026-09-21 14:50,For Sale
96497217,2518 Jeff St,75212,Dallas,TX,32.77499,-96.91535,469000,249.0,,467700.0,,4.0,2.0,1883.0,2026.0,6098.4,singleFamily,6.0,90000.0,2025,https://www.zillow.com,https://photos.zillowstatic.com/fp/f48bb183c53eaea3749ee78266ac2751-p_c.jpg,2026-09-21 14:50,For Sale
26690880,5459 Richmond Ave,75206,Dallas,TX,32.816566,-96.77492,1499000,471.0,,1439700.0,9266.0,4.0,4.0,3184.0,2016.0,6926.04,singleFamily,9.0,1136820.0,2025,https://www.zillow.com,https://photos.zillowstatic.com/fp/675ef5c75ed472a405e59d61cb00111a-p_c.jpg,2026-09-21 14:50,For Sale
26806689,10127 Coppedge Ln,75229,Dallas,TX,32.884056,-96.851234,1175000,514.0,,1118800.0,3949.0,3.0,3.0,2286.0,1955.0,0.361,singleFamily,12.0,925000.0,2025,https://www.zillow.com,https://photos.zillowstatic.com/fp/1210d4f2a6614e1d8d94dac25c9740fa-p_c.jpg,2026-09-21 14:50,For Sale
26857430,641 Furlong Dr,75211,Dallas,TX,32.739403,-96.92154,279000,194.0,-7300.0,275300.0,2531.0,4.0,2.0,1440.0,1971.0,7274.52,singleFamily,38.0,282690.0,2025,https://www.zillow.com,https://photos.zillowstatic.com/fp/1d8cc54599dd501a9e2cb94b20e20dba-p_c.jpg,2026-09-21 14:50,For Sale
26808326,3222 Galahad Dr,75229,Dallas,TX,32.890194,-96.869,835000,346.0,,806600.0,4149.0,4.0,3.0,2414.0,1958.0,9365.4,singleFamily,33.0,475000.0,2025,https://www.zillow.com,https://photos.zillowstatic.com/fp/5d65306925a4187cda7b7401db568192-p_c.jpg,2026-09-21 14:50,For Sale
96526733,3914 Harlingen St,75212,Dallas,TX,32.789288,-96.90427,550000,199.0,,,,4.0,5.0,2770.0,2026.0,7126.416,singleFamily,32.0,100000.0,2025,https://www.zillow.com,https://photos.zillowstatic.com/fp/53adbf4207d28785921fa15d58785807-p_c.jpg,2026-09-21 14:50,For Sale
465210565,3145 Stag Rd,75216,Dallas,TX,32.695,-96.763504,325000,156.0,,324500.0,2620.0,3.0,3.0,2088.0,2026.0,6969.6,singleFamily,6.0,,,https://www.zillow.com,https://photos.zillowstatic.com/fp/3c76ca8d35ad4fcec5b7a5f173e6c926-p_c.jpg,2026-09-21 14:50,For Sale
162174971,5817 Richmond Ave,75206,Dallas,TX,32.81639,-96.7672,1749000,505.0,,,,4.0,5.0,3466.0,2021.0,9321.84,singleFamily,16.0,1455990.0,2025,https://www.zillow.com,https://photos.zillowstatic.com/fp/dd1b85be4e5b892c1a4c700ae5c763fe-p_c.jpg,2026-09-21 14:50,For Sale
26704415,5418 Martel Ave,75206,Dallas,TX,32.831528,-96.77648,842500,336.0,-7500.0,821700.0,5611.0,3.0,3.0,2509.0,2006.0,3397.68,singleFamily,10.0,801350.0,2025,https://www.zillow.com,https://photos.zillowstatic.com/fp/e92fe1b5710dbdbedbefb2db1c3f059e-p_c.jpg,2026-09-21 14:50,For Sale
26854147,9639 Leaside Dr,75238,Dallas,TX,32.877926,-96.70655,615000,308.0,-10000.0,,,4.0,2.0,1994.0,1958.0,7797.24,singleFamily,73.0,519460.0,2025,https://www.zillow.com,https://photos.zillowstatic.com/fp/ecf431231f90d875ce482da4439ab57b-p_c.jpg,2026-09-21 14:50,For Sale
26693370,4416 N Hall St,75219,Dallas,TX,32.81705,-96.81465,1225000,431.0,-74000.0,1195400.0,5233.0,3.0,3.0,2840.0,1924.0,9234.72,singleFamily,96.0,1115150.0,2025,https://www.zillow.com,https://photos.zillowstatic.com/fp/0279fa3f572cedcb2544d3af55b5aac6-p_c.jpg,2026-09-21 14:50,For Sale
26630685,18803 Park Grove Ln,75287,Dallas,TX,33.005474,-96.84118,500000,232.0,,,,3.0,3.0,2158.0,1993.0,5662.8,singleFamily,7.0,448280.0,2025,https://www.zillow.com,https://photos.zillowstatic.com/fp/65fa096a14e2218b48b51028ac963619-p_c.jpg,2026-09-21 14:50,For Sale
449335586,4534 Lake Ave #103,75219,Dallas,TX,32.811855,-96.82431,549000,249.0,,541300.0,3945.0,3.0,3.0,2207.0,2025.0,7492.32,townhome,9.0,,,https://www.zillow.com,https://photos.zillowstatic.com/fp/c2977e98e269574d668dcfa40b63c122-p_c.jpg,2026-09-21 14:50,For Sale
26913157,17168 Club Hill Dr,75248,Dallas,TX,32.982437,-96.81453,4200000,561.0,-300000.0,3887600.0,,4.0,5.0,7480.0,1984.0,0.723,singleFamily,157.0,2633860.0,2025,https://www.zillow.com,https://photos.zillowstatic.com/fp/1fedf277429d1018bd5d256cdc00237e-p_c.jpg,2026-09-21 14:50,For Sale
26727938,2610 Alco Ave,75211,Dallas,TX,32.746635,-96.86081,425000,350.0,,408800.0,1874.0,3.0,2.0,1216.0,1944.0,7405.2,singleFamily,4.0,324200.0,2025,https://www.zillow.com,https://photos.zillowstatic.com/fp/a0b865d3536922e0c79da435c5a09e4c-p_c.jpg,2026-09-21 14:50,For Sale
26699234,2835 Macon St,75215,Dallas,TX,32.75089,-96.74779,254900,170.0,-5000.0,254400.0,2131.0,3.0,3.0,1500.0,2026.0,2613.6,singleFamily,43.0,18450.0,2025,https://www.zillow.com,https://photos.zillowstatic.com/fp/8808c4b9605d9dfb589314c4491ef305-p_c.jpg,2026-09-21 14:50,For Sale
26760260,5726 W Hanover Ave,75209,Dallas,TX,32.854946,-96.81413,2199000,606.0,-100000.0,2116400.0,6644.0,4.0,4.0,3629.0,2012.0,7492.32,singleFamily,50.0,1889000.0,2025,https://www.zillow.com,https://photos.zillowstatic.com/fp/45793b860da0cfe4db5b2c96ee9dd9ed-p_c.jpg,2026-09-21 14:50,For Sale
26833357,3610 Vilbig Rd,75212,Dallas,TX,32.786633,-96.84756,479000,204.0,,473600.0,4603.0,4.0,3.0,2353.0,2020.0,7840.8,singleFamily,3.0,570300.0,2025,https://www.zillow.com,https://photos.zillowstatic.com/fp/7e79476644cc52900f9be4a68b2919a6-p_c.jpg,2026-09-21 14:50,For Sale
26871446,7992 Fallmeadow Ln,75248,Dallas,TX,32.95837,-96.7695,675000,268.0,-24000.0,666500.0,4944.0,4.0,3.0,2516.0,1966.0,0.271,singleFamily,207.0,600000.0,2025,https://www.zillow.com,https://photos.zillowstatic.com/fp/b0d80eaf461e0939690c5ff6d017b6da-p_c.jpg,2026-09-21 14:50,For Sale
26910860,9758 Vinewood Dr,75228,Dallas,TX,32.8235,-96.68805,1075000,447.0,,1028700.0,3907.0,3.0,3.0,2403.0,1998.0,9147.6,singleFamily,5.0,702130.0,2025,https://www.zillow.com,https://photos.zillowstatic.com/fp/a8c3868a36aabd052af895f200f8c79d-p_c.jpg,2026-09-21 14:50,For Sale
96531269,4002 Furey St,75212,Dallas,TX,32.790188,-96.876884,699999,170.0,-10001.0,,,6.0,6.0,4116.0,2023.0,7335.504,singleFamily,165.0,853680.0,2025,https://www.zillow.com,https://photos.zillowstatic.com/fp/69ac3d775d36c10742d6ee8f779943a8-p_c.jpg,2026-09-21 14:50,For Sale
303982373,4633 Fairmount St #104,75219,Dallas,TX,32.81415,-96.824,134900,175.0,,132800.0,1737.0,2.0,2.0,773.0,1974.0,0.912,condo,4.0,185520.0,2025,https://www.zillow.com,https://photos.zillowstatic.com/fp/90dc5bc344de3b54159870c2ec75bd99-p_c.jpg,2026-09-21 14:50,For Sale
26871627,7429 Tangleglen Dr,75248,Dallas,TX,32.951626,-96.77923,795000,319.0,,771400.0,3763.0,4.0,4.0,2491.0,1968.0,0.278,singleFamily,12.0,844580.0,2025,https://www.zillow.com,https://photos.zillowstatic.com/fp/88bcd609b7cfa138157177c2711fba31-p_c.jpg,2026-09-21 14:50,For Sale
26911661,13251 Pandora Dr,75238,Dallas,TX,32.87431,-96.690414,295000,186.0,-4999.0,,,3.0,3.0,1589.0,1984.0,1132.56,singleFamily,137.0,454600.0,2025,https://www.zillow.com,https://photos.zillowstatic.com/fp/860080ae8f9015147105f162ca10eef6-p_c.jpg,2026-09-21 14:50,For Sale
26913325,12919 Woodbend Ln,75243,Dallas,TX,32.918846,-96.73415,299900,185.0,,296900.0,2395.0,3.0,3.0,1620.0,1983.0,2090.88,singleFamily,20.0,310140.0,2025,https://www.zillow.com,https://photos.zillowstatic.com/fp/a83689c1238c0a640039e4688080d537-p_c.jpg,2026-09-21 14:50,For Sale
26868878,9123 Windcrest Dr,75243,Dallas,TX,32.902084,-96.73644,819000,292.0,-6000.0,794900.0,4329.0,3.0,3.0,2804.0,1974.0,9191.16,singleFamily,31.0,750510.0,2025,https://www.zillow.com,https://photos.zillowstatic.com/fp/2ee9d8ea58f823ce113742886e6daec1-p_c.jpg,2026-09-21 14:50,For Sale
26790305,9750 Mixon Dr,75220,Dallas,TX,32.872326,-96.8522,1530000,354.0,,1475700.0,10603.0,5.0,5.0,4318.0,2022.0,8189.28,singleFamily,4.0,1674210.0,2025,https://www.zillow.com,https://photos.zillowstatic.com/fp/0391f280e5b05a5afc7f1a81ec1100a3-p_c.jpg,2026-09-21 14:50,For Sale
26726058,2702 Lawtherwood Ct,75214,Dallas,TX,32.82001,-96.73198,1200000,375.0,,1154900.0,5294.0,4.0,5.0,3197.0,1994.0,6011.28,singleFamily,52.0,1143870.0,2025,https://www.zillow.com,https://photos.zillowstatic.com/fp/091831c22edd80a28aba937e0b7fc340-p_c.jpg,2026-09-21 14:50,For Sale
26682081,3883 Turtle Creek Blvd APT 2010,75219,Dallas,TX,32.815258,-96.79936,249988,234.0,-1.0,,,2.0,2.0,1070.0,1963.0,3.159,condo,165.0,315650.0,2025,https://www.zillow.com,https://photos.zillowstatic.com/fp/60a9fbcf8d7a8cf2f595f7b35be8626b-p_c.jpg,2026-09-21 14:50,For Sale
464889797,822 Duluth St,75212,Dallas,TX,32.776237,-96.83675,568900,278.0,,561100.0,3515.0,3.0,3.0,2046.0,2026.0,5000.688,singleFamily,24.0,,,https://www.zillow.com,https://photos.zillowstatic.com/fp/927ee6a0387efe88542f71840b8b09d6-p_c.jpg,2026-09-21 14:50,For Sale
26714628,1327 E Waco Ave,75216,Dallas,TX,32.735672,-96.80432,415000,193.0,,,,4.0,4.0,2154.0,2026.0,6969.6,singleFamily,31.0,67440.0,2019,https://www.zillow.com,https://photos.zillowstatic.com/fp/ff5733ae224145320bc67b68d13ad849-p_c.jpg,2026-09-21 14:50,For Sale
26752893,7210 Meadow Rd,75230,Dallas,TX,32.88698,-96.78103,995000,295.0,-50000.0,970100.0,6580.0,4.0,4.0,3377.0,1969.0,0.298,singleFamily,67.0,895000.0,2025,https://www.zillow.com,https://photos.zillowstatic.com/fp/c4a6281b0c3a3823c911eac380a69e04-p_c.jpg,2026-09-21 14:50,For Sale
2070121489,2244 Aspen Dr,75227,Dallas,TX,32.751,-96.6601,105000,115.0,,99600.0,1235.0,2.0,2.0,915.0,1983.0,1655.28,townhome,58.0,,,https://www.zillow.com,https://photos.zillowstatic.com/fp/4494211483133c752f1f69823cf7f6be-p_c.jpg,2026-09-21 14:50,For Sale
26661217,18283 Meandering Way,75252,Dallas,TX,33.00046,-96.78263,595900,232.0,-4090.0,584200.0,3769.0,3.0,3.0,2564.0,1996.0,4356.0,singleFamily,98.0,539718.0,2025,https://www.zillow.com,https://photos.zillowstatic.com/fp/4809344f9242925588bdb2ce19b91fd6-p_c.jpg,2026-09-21 14:50,For Sale
69677073,1122 Jackson St APT 402,75202,Dallas,TX,32.778316,-96.80129,310000,220.0,,309000.0,2602.0,2.0,1.0,1411.0,1925.0,0.984,condo,73.0,331590.0,2025,https://www.zillow.com,https://photos.zillowstatic.com/fp/ce919da1f067aaf0aeb6d50b3d619ee9-p_c.jpg,2026-09-21 14:50,For Sale
96508399,1516 Hope St,75206,Dallas,TX,32.809925,-96.76928,379999,254.0,,376100.0,3208.0,2.0,3.0,1499.0,2013.0,2482.92,townhome,7.0,500430.0,2025,https://www.zillow.com,https://photos.zillowstatic.com/fp/6bf8890363a31239023a42a07f2965b9-p_c.jpg,2026-09-21 14:50,For Sale
26631632,6029 Buffridge Trl,75252,Dallas,TX,33.00769,-96.802864,925000,282.0,,885000.0,3781.0,6.0,3.0,3280.0,1984.0,6054.84,singleFamily,9.0,552571.0,2025,https://www.zillow.com,https://photos.zillowstatic.com/fp/392a4b43dc8299b6bfd252daea2bd376-p_c.jpg,2026-09-21 14:50,For Sale
26866539,9624 Greensprint Dr,75238,Dallas,TX,32.88456,-96.72177,1199000,270.0,-51000.0,,,4.0,5.0,4436.0,1980.0,9452.52,singleFamily,65.0,993500.0,2025,https://www.zillow.com,https://photos.zillowstatic.com/fp/d29680764065905fb9af72becd7d341e-p_c.jpg,2026-09-21 14:50,For Sale
26792774,3867 Beutel Ct,75229,Dallas,TX,32.882236,-96.8512,1195000,240.0,,1137900.0,7943.0,6.0,6.0,4989.0,2010.0,0.386,singleFamily,9.0,1737820.0,2025,https://www.zillow.com,https://photos.zillowstatic.com/fp/fa6824723308ea50247f844733fa7c1b-p_c.jpg,2026-09-21 14:50,For Sale
26700974,7119 Coronado Ave,75214,Dallas,TX,32.811356,-96.734856,2298000,477.0,3000.0,2233000.0,12459.0,5.0,7.0,4816.0,2026.0,7840.8,singleFamily,61.0,775170.0,2025,https://www.zillow.com,https://photos.zillowstatic.com/fp/8f7d040c74dbb375c32e22ec3ca50644-p_c.jpg,2026-09-21 14:50,For Sale
26809360,3307 Whitehall Dr,75229,Dallas,TX,32.901215,-96.86575,2197300,407.0,,2125300.0,9305.0,5.0,7.0,5403.0,2026.0,0.25339999999999996,singleFamily,31.0,471840.0,2025,https://www.zillow.com,https://photos.zillowstatic.com/fp/8e510e9cd5b1a45eda6d050d63401bca-p_c.jpg,2026-09-21 14:50,For Sale
162813613,6827 Sunshade Ln,75236,Dallas,TX,32.682747,-96.938324,519500,168.0,-5500.0,512500.0,3692.0,4.0,3.0,3090.0,2015.0,10149.48,singleFamily,106.0,509140.0,2025,https://www.zillow.com,https://photos.zillowstatic.com/fp/ec02e1d7ec8b4716bc331b736abd7f0b-p_c.jpg,2026-09-21 14:50,For Sale
69677082,1122 Jackson St APT 413,75202,Dallas,TX,32.778316,-96.80129,315000,222.0,,301300.0,2361.0,1.0,1.0,1420.0,1925.0,0.984,condo,60.0,369200.0,2025,https://www.zillow.com,https://photos.zillowstatic.com/fp/b928ad154616f7c05abae774bbf4d3a7-p_c.jpg,2026-09-21 14:50,For Sale
26686303,2706 Lenway St,75215,Dallas,TX,32.765,-96.765236,299800,120.0,-29200.0,,2782.0,3.0,3.0,2506.0,2025.0,6141.96,singleFamily,129.0,61500.0,2025,https://www.zillow.com,https://photos.zillowstatic.com/fp/f9f17252866dd0d23a0a8213cd3fcb75-p_c.jpg,2026-09-21 14:50,For Sale
444076160,1535 Caldwell St,75223,Dallas,TX,32.78229,-96.75088,300000,226.0,,294500.0,2418.0,3.0,2.0,1330.0,2024.0,4007.52,singleFamily,15.0,,,https://www.zillow.com,https://photos.zillowstatic.com/fp/06f3b86da23350cf42271306a738e663-p_c.jpg,2026-09-21 14:50,For Sale
26757711,5924 Norway Rd,75230,Dallas,TX,32.88841,-96.805244,2850000,619.0,,,,4.0,5.0,4606.0,2003.0,0.363,singleFamily,26.0,2031260.0,2025,https://www.zillow.com,https://photos.zillowstatic.com/fp/c95856b13f117e9586d055e94d475180-p_c.jpg,2026-09-21 14:50,For Sale
26758617,4254 Ridge Rd,75229,Dallas,TX,32.883205,-96.836266,2495000,414.0,,2341200.0,8252.0,5.0,8.0,6030.0,2007.0,0.403,singleFamily,9.0,2737000.0,2025,https://www.zillow.com,https://photos.zillowstatic.com/fp/4bb21130f742865b3b0601c34458be9f-p_c.jpg,2026-09-21 14:50,For Sale
26705806,7138 Westbrook Ln,75214,Dallas,TX,32.846874,-96.737465,950000,425.0,,905800.0,4261.0,3.0,2.0,2235.0,1953.0,7927.92,singleFamily,10.0,961940.0,2025,https://www.zillow.com,https://photos.zillowstatic.com/fp/46c0c314c71ff58dc55e90c1d648f85b-p_c.jpg,2026-09-21 14:50,For Sale
26791161,8827 Barclay St,75227,Dallas,TX,32.75002,-96.67045,260000,176.0,,253600.0,1859.0,3.0,2.0,1474.0,1960.0,7927.92,singleFamily,4.0,261560.0,2025,https://www.zillow.com,https://photos.zillowstatic.com/fp/1c567668bd326350fa8031b9b2975288-p_c.jpg,2026-09-21 14:50,For Sale
26712191,1815 W Brooklyn Ave,75208,Dallas,TX,32.739494,-96.84982,285000,245.0,-13500.0,277900.0,1819.0,2.0,2.0,1164.0,1924.0,2395.8,multiFamily,90.0,292530.0,2025,https://www.zillow.com,https://photos.zillowstatic.com/fp/b10ffe5c909b6ad11ddb4213a923cb60-p_c.jpg,2026-09-21 14:50,For Sale
26693089,3938 Hawthorne Ave,75219,Dallas,TX,32.822414,-96.80963,1650000,483.0,-50000.0,,,3.0,4.0,3413.0,2025.0,7187.4,singleFamily,30.0,2843960.0,2025,https://www.zillow.com,https://photos.zillowstatic.com/fp/4cf63326f7a401c6d546707f503345d2-p_c.jpg,2026-09-21 14:50,For Sale
462145824,2332 Wycliff Ave,75219,Dallas,TX,32.807407,-96.82228,750000,211.0,-75000.0,,,4.0,5.0,3550.0,2026.0,3571.92,singleFamily,38.0,,,https://www.zillow.com,https://photos.zillowstatic.com/fp/48a89e48545c92d10820397229bd66b7-p_c.jpg,2026-09-21 14:50,For Sale
26760997,5335 Emerson Ave,75209,Dallas,TX,32.84661,-96.81987,2399000,563.0,,,,4.0,5.0,4261.0,2013.0,8189.28,singleFamily,11.0,2107130.0,2025,https://www.zillow.com,https://photos.zillowstatic.com/fp/225610fc4ad982d0b8e1f4e236e1ca39-p_c.jpg,2026-09-21 14:50,For Sale
26810078,3741 Weeburn Dr,75229,Dallas,TX,32.907757,-96.85409,499900,183.0,,482400.0,3771.0,4.0,3.0,2736.0,1970.0,4486.68,townhome,10.0,451440.0,2025,https://www.zillow.com,https://photos.zillowstatic.com/fp/3b7cc72be819fc4eadf3db7e42849abb-p_c.jpg,2026-09-21 14:50,For Sale
26859518,7211 Valley View Pl,75240,Dallas,TX,32.927677,-96.78114,950000,294.0,-45000.0,,,4.0,4.0,3232.0,1978.0,0.571,singleFamily,125.0,1138740.0,2025,https://www.zillow.com,https://photos.zillowstatic.com/fp/15bdbeab4c21af31344e4381dff301dd-p_c.jpg,2026-09-21 14:50,For Sale
26806704,3832 Cabana Ln,75229,Dallas,TX,32.885296,-96.852646,3646000,615.0,-49000.0,3498300.0,,5.0,6.0,5924.0,2026.0,0.366,singleFamily,88.0,858240.0,2025,https://www.zillow.com,https://photos.zillowstatic.com/fp/a18f9d243903cf14fe645fe8539a30f4-p_c.jpg,2026-09-21 14:50,For Sale
26849716,6959 Helsem Way #139,75230,Dallas,TX,32.92001,-96.78387,579000,228.0,-10000.0,560300.0,4715.0,3.0,3.0,2534.0,1974.0,17.424,singleFamily,25.0,538390.0,2025,https://www.zillow.com,https://photos.zillowstatic.com/fp/82181d6a62a95bc8a3364f82153c18d7-p_c.jpg,2026-09-21 14:50,For Sale
26752745,7149 Blairview Dr,75230,Dallas,TX,32.88282,-96.7807,925000,410.0,,,,4.0,3.0,2256.0,1963.0,0.258,singleFamily,18.0,935500.0,2025,https://www.zillow.com,https://photos.zillowstatic.com/fp/e0f1f6122538d425e29849f2ec1cfc5e-p_c.jpg,2026-09-21 14:50,For Sale
26845807,3130 Hillglenn Rd,75228,Dallas,TX,32.82828,-96.68337,298000,263.0,,,2090.0,3.0,2.0,1135.0,1955.0,7865.0,singleFamily,64.0,266380.0,2025,https://www.zillow.com,https://photos.zillowstatic.com/fp/a9ff53e2a8d4dff3f1024deb3d6d4a57-p_c.jpg,2026-09-21 14:50,For Sale
26711063,826 Cedar Hill Ave,75208,Dallas,TX,32.75321,-96.83125,649900,298.0,-25000.0,627100.0,3846.0,3.0,2.0,2180.0,1925.0,7492.32,singleFamily,44.0,550000.0,2025,https://www.zillow.com,https://photos.zillowstatic.com/fp/7f2d997ba1e78e68e20160d350152dcd-p_c.jpg,2026-09-21 14:50,For Sale
26754280,6405 Del Norte Ln,75225,Dallas,TX,32.86892,-96.79496,1199000,435.0,-26000.0,1164700.0,5724.0,3.0,3.0,2755.0,2008.0,3397.68,singleFamily,41.0,1198160.0,2025,https://www.zillow.com,https://photos.zillowstatic.com/fp/56b1e8d2fe03672eb22b0bf9bf8ea23a-p_c.jpg,2026-09-21 14:50,For Sale
26697198,5111 Stoneleigh Ave,75235,Dallas,TX,32.81882,-96.82717,499000,356.0,-29000.0,494500.0,2626.0,3.0,2.0,1402.0,1940.0,7605.576,singleFamily,116.0,512640.0,2025,https://www.zillow.com,https://photos.zillowstatic.com/fp/48205038fbe34002e1644088300d2d00-p_c.jpg,2026-09-21 14:50,For Sale
26785868,5131 Menefee Dr,75227,Dallas,TX,32.789818,-96.71063,389500,207.0,,383400.0,2140.0,3.0,2.0,1879.0,1969.0,8886.24,singleFamily,108.0,434490.0,2025,https://www.zillow.com,https://photos.zillowstatic.com/fp/9f26f3b651dc84f7357861e34a38adb5-p_c.jpg,2026-09-21 14:50,For Sale
26872780,6626 Harvest Glen Dr,75248,Dallas,TX,32.950302,-96.79587,1029500,320.0,,1003000.0,5542.0,4.0,4.0,3222.0,1977.0,0.344,singleFamily,59.0,1054580.0,2025,https://www.zillow.com,https://photos.zillowstatic.com/fp/d49af7d1c31fbfa37e071a50dd143b0f-p_c.jpg,2026-09-21 14:50,For Sale
26741084,9207 Angora St,75218,Dallas,TX,32.829983,-96.706116,735000,263.0,-64000.0,712300.0,3213.0,3.0,2.0,2800.0,1948.0,0.42600000000000005,singleFamily,227.0,515380.0,2025,https://www.zillow.com,https://photos.zillowstatic.com/fp/1c1c2eb110f62f3d413b3dc3bf66396c-p_c.jpg,2026-09-21 14:50,For Sale
26872983,15651 Terrace Lawn Cir,75248,Dallas,TX,32.961514,-96.77894,560000,259.0,-37500.0,547800.0,3678.0,4.0,3.0,2159.0,1967.0,7840.8,singleFamily,128.0,575000.0,2025,https://www.zillow.com,https://photos.zillowstatic.com/fp/d0c1ff5499c268a349a0a04c90a52e25-p_c.jpg,2026-09-21 14:50,For Sale
26807665,10131 Pensive Dr,75229,Dallas,TX,32.883636,-96.87405,725000,277.0,25100.0,704900.0,4029.0,4.0,3.0,2620.0,1966.0,0.274,singleFamily,24.0,583990.0,2025,https://www.zillow.com,https://photos.zillowstatic.com/fp/beb54f3055d9da2e364be0d5981fe10e-p_c.jpg,2026-09-21 14:50,For Sale
26783741,2543 E Ann Arbor Ave,75216,Dallas,TX,32.70048,-96.78051,219900,183.0,,,1884.0,3.0,2.0,1202.0,1940.0,6751.8,singleFamily,12.0,230170.0,2025,https://www.zillow.com,https://photos.zillowstatic.com/fp/b6dee5365a4ea9e8e41fade0293a1ab6-p_c.jpg,2026-09-21 14:50,For Sale
300036720,1527 Hickory St,75215,Dallas,TX,32.76908,-96.7874,293664,207.0,-205336.0,292500.0,2322.0,2.0,3.0,1418.0,2021.0,2352.0,singleFamily,128.0,463230.0,2025,https://www.zillow.com,https://photos.zillowstatic.com/fp/6040d22a17c122b1448e87b0ecea2eff-p_c.jpg,2026-09-21 14:50,For Sale
26688370,2725 1st Ave,75210,Dallas,TX,32.767334,-96.750824,258900,144.0,,258300.0,2449.0,3.0,3.0,1800.0,2025.0,5575.68,singleFamily,61.0,199530.0,2025,https://www.zillow.com,https://photos.zillowstatic.com/fp/eb092f9bc635c7c350acb6986e06ce74-p_c.jpg,2026-09-21 14:50,For Sale
26780228,2631 Deep Hill Cir,75233,Dallas,TX,32.691925,-96.861275,389000,171.0,,379500.0,2499.0,4.0,2.0,2270.0,1970.0,0.347,singleFamily,3.0,207350.0,2025,https://www.zillow.com,https://photos.zillowstatic.com/fp/c571e4d14a285abd59e75d491333a118-p_c.jpg,2026-09-21 14:50,For Sale
26879909,3883 Antigua Cir,75244,Dallas,TX,32.92041,-96.84846,799900,249.0,-25100.0,,,4.0,3.0,3216.0,1968.0,0.36,singleFamily,79.0,435070.0,2025,https://www.zillow.com,https://photos.zillowstatic.com/fp/41f326a051de7dc1e41c316de36fbc00-p_c.jpg,2026-09-21 14:50,For Sale
26698718,3627 S Versailles Ave,75209,Dallas,TX,32.829155,-96.82219,799000,599.0,,,,3.0,2.0,1334.0,1946.0,8102.16,singleFamily,5.0,700390.0,2025,https://www.zillow.com,https://photos.zillowstatic.com/fp/4465c96a7d87d88da9750f653cd32416-p_c.jpg,2026-09-21 14:50,For Sale
26630864,4055 Briarbend Rd,75287,Dallas,TX,33.00674,-96.8412,405000,228.0,-10000.0,398700.0,2627.0,3.0,3.0,1774.0,1995.0,5662.8,singleFamily,47.0,410235.0,2025,https://www.zillow.com,https://photos.zillowstatic.com/fp/d8eda834d1027ee9ee0dff7c6fb28dbb-p_c.jpg,2026-09-21 14:50,For Sale
26885140,5607 Mona Ln,75236,Dallas,TX,32.678192,-96.92182,355000,204.0,,,,3.0,2.0,1739.0,1970.0,0.316,singleFamily,5.0,349910.0,2025,https://www.zillow.com,https://photos.zillowstatic.com/fp/98f603fabdc9ef201010734614d6e6b5-p_c.jpg,2026-09-21 14:50,For Sale
26699986,6718 Victoria Ave,75209,Dallas,TX,32.840225,-96.83092,1325000,293.0,,1282200.0,11059.0,6.0,6.0,4517.0,2023.0,6490.44,singleFamily,76.0,1350540.0,2025,https://www.zillow.com,https://photos.zillowstatic.com/fp/ce4e73e6ebd78047d646817790caa445-p_c.jpg,2026-09-21 14:50,For Sale
26678195,1918 Peak St,75204,Dallas,TX,32.799477,-96.78688,799000,358.0,,,,3.0,4.0,2231.0,2026.0,1393.92,townhome,26.0,350630.0,2020,https://www.zillow.com,https://photos.zillowstatic.com/fp/3c33590d826cf01ea38503e6999b3dc5-p_c.jpg,2026-09-21 14:50,For Sale
448069917,4910 Purdue Ave,75209,Dallas,TX,32.853947,-96.82627,2495000,498.0,,2392200.0,9445.0,4.0,6.0,5011.0,2016.0,7230.96,singleFamily,36.0,,,https://www.zillow.com,https://photos.zillowstatic.com/fp/041bf8a936ba149ab5dee22382c3d329-p_c.jpg,2026-09-21 14:50,For Sale
2059857584,5718 Over Downs Dr,75230,Dallas,TX,32.890553,-96.80669,1150000,464.0,,1098100.0,4693.0,3.0,3.0,2476.0,1980.0,6359.76,singleFamily,69.0,,,https://www.zillow.com,https://photos.zillowstatic.com/fp/f24edc6e895a14f468c104fc5e12ac8a-p_c.jpg,2026-09-21 14:50,For Sale
26778007,3275 S Edgefield Ave,75224,Dallas,TX,32.70868,-96.84406,235000,99.0,,216700.0,2827.0,4.0,3.0,2370.0,1954.0,0.257,singleFamily,59.0,282510.0,2025,https://www.zillow.com,https://photos.zillowstatic.com/fp/2ec335359c7a72542eab68c491f017b2-p_c.jpg,2026-09-21 14:50,For Sale
26739180,7522 Holly Hill Dr APT 8,75231,Dallas,TX,32.879498,-96.75309,139900,190.0,,123300.0,1312.0,1.0,1.0,736.0,1979.0,736.164,condo,3.0,125120.0,2025,https://www.zillow.com,https://photos.zillowstatic.com/fp/01358039c0dc440e65ae0a52d90e2b75-p_c.jpg,2026-09-21 14:50,For Sale
26739916,1806 Lakeland Dr,75218,Dallas,TX,32.817528,-96.70729,550000,430.0,,523100.0,3463.0,2.0,1.0,1279.0,1950.0,8668.44,singleFamily,10.0,530000.0,2025,https://www.zillow.com,https://photos.zillowstatic.com/fp/ebf97797363d7d0efe6d78bb940b2cba-p_c.jpg,2026-09-21 14:50,For Sale
26812044,6916 Azalea Ln,75230,Dallas,TX,32.897087,-96.7873,5750000,730.0,,5457900.0,,6.0,7.0,7879.0,2026.0,0.375,singleFamily,73.0,1044470.0,2025,https://www.zillow.com,https://photos.zillowstatic.com/fp/8fdb8a7513f7275fa0d9982c5a61dddf-p_c.jpg,2026-09-21 14:50,For Sale
26845080,7552 Baxtershire Dr,75230,Dallas,TX,32.90629,-96.774666,4240000,701.0,-10000.0,3958100.0,,6.0,6.0,6047.0,1984.0,0.367,singleFamily,128.0,1642670.0,2025,https://www.zillow.com,https://photos.zillowstatic.com/fp/b301c9263d033b61250d7ef7324b20ca-p_c.jpg,2026-09-21 14:50,For Sale
2070421854,8750 Park Ln #C-136,75231,Dallas,TX,32.868683,-96.74953,97900,102.0,-2000.0,,1564.0,2.0,2.0,960.0,1982.0,2.126,condo,65.0,,,https://www.zillow.com,https://photos.zillowstatic.com/fp/86d62ff38599c5a4dfd65dba660c222d-p_c.jpg,2026-09-21 14:50,For Sale
26803542,5709 Forest Ln,75230,Dallas,TX,32.909958,-96.81026,1120000,388.0,-20000.0,1089400.0,5641.0,4.0,3.0,2883.0,1962.0,0.483,singleFamily,151.0,993250.0,2025,https://www.zillow.com,https://photos.zillowstatic.com/fp/0d65427a00c263276a382ccf56a5e63e-p_c.jpg,2026-09-21 14:50,For Sale
339912156,3636 Silver Maple Ln,75253,Dallas,TX,32.66101,-96.65547,0,0.0,,248600.0,2487.0,4.0,2.0,2014.0,2023.0,,singleFamily,0.0,321990.0,2025,https://www.zillow.com,https://photos.zillowstatic.com/fp/289c763aee82d861c6e71edea29bfc7d-p_c.jpg,2026-09-21 14:50,For Sale
26846122,8617 Baumgarten Dr,75228,Dallas,TX,32.804497,-96.693245,499000,224.0,,487500.0,3106.0,4.0,3.0,2224.0,1975.0,7492.32,singleFamily,12.0,377150.0,2025,https://www.zillow.com,https://photos.zillowstatic.com/fp/d81066aae9c00ef5f55dde6c381bb972-p_c.jpg,2026-09-21 14:50,For Sale
26751198,7111 Wild Valley Dr,75231,Dallas,TX,32.855892,-96.73963,789000,371.0,,757100.0,3174.0,3.0,2.0,2126.0,1956.0,7492.32,singleFamily,12.0,673000.0,2025,https://www.zillow.com,https://photos.zillowstatic.com/fp/6b010809c5dc3fd7835cf8f880d3d806-p_c.jpg,2026-09-21 14:50,For Sale
162392168,13740 Vida Ln,75253,Dallas,TX,32.677017,-96.5969,924900,209.0,-25000.0,888100.0,3049.0,8.0,6.0,4418.0,1989.0,2.42,singleFamily,88.0,685600.0,2025,https://www.zillow.com,https://photos.zillowstatic.com/fp/031704ec50cebb3ddf0009448fa26531-p_c.jpg,2026-09-21 14:50,For Sale
26749566,6615 Ridgemont Dr,75214,Dallas,TX,32.848896,-96.74749,799000,452.0,,762900.0,3520.0,3.0,2.0,1766.0,1956.0,0.257,singleFamily,9.0,778340.0,2025,https://www.zillow.com,https://photos.zillowstatic.com/fp/eec8225a2e2dba6d78837783a88b9cef-p_c.jpg,2026-09-21 14:50,For Sale
26775854,1209 Grinnell St,75216,Dallas,TX,32.696968,-96.807976,269995,141.0,,265700.0,2214.0,4.0,2.0,1915.0,1956.0,9757.44,singleFamily,26.0,227860.0,2025,https://www.zillow.com,https://photos.zillowstatic.com/fp/bca3e5f9b9ed789dd0a9612bee8d4043-p_c.jpg,2026-09-21 14:50,For Sale
65391338,6347 Woodland Dr,75225,Dallas,TX,32.872505,-96.79568,5750000,742.0,,5288700.0,,6.0,7.0,7746.0,1996.0,0.5234,singleFamily,58.0,2990000.0,2025,https://www.zillow.com,https://photos.zillowstatic.com/fp/4699e93e56dc55d568d3c7ae1fff8e24-p_c.jpg,2026-09-21 14:50,For Sale
26742462,1407 Rio Hondo Dr,75218,Dallas,TX,32.841846,-96.6881,295000,234.0,,284200.0,2109.0,3.0,1.0,1260.0,1951.0,7579.44,singleFamily,30.0,311730.0,2025,https://www.zillow.com,https://photos.zillowstatic.com/fp/e10c4dfeb5fc75905c2bc544dbc18662-p_c.jpg,2026-09-21 14:50,For Sale
26905973,31 Robledo Dr,75230,Dallas,TX,32.908936,-96.79856,8499000,1062.0,,,,5.0,7.0,8000.0,1993.0,1.02,singleFamily,32.0,2994600.0,2025,https://www.zillow.com,https://photos.zillowstatic.com/fp/979cc6555133bcf480fa373feac69576-p_c.jpg,2026-09-21 14:50,For Sale
26692778,3624 N Fitzhugh Ave,75204,Dallas,TX,32.818962,-96.797325,3995000,751.0,,,,5.0,7.0,5321.0,2026.0,7200.468,singleFamily,142.0,2208040.0,2025,https://www.zillow.com,https://photos.zillowstatic.com/fp/0e9003566a5cd25351c84b074191c85b-p_c.jpg,2026-09-21 14:50,For Sale
26698880,5210 Edmondson Ave,75209,Dallas,TX,32.83299,-96.822495,2150000,660.0,-340000.0,2068100.0,10363.0,3.0,5.0,3258.0,1951.0,0.317,singleFamily,138.0,2100000.0,2025,https://www.zillow.com,https://photos.zillowstatic.com/fp/0d58317b73e16e5278fdc96bd665e586-p_c.jpg,2026-09-21 14:50,For Sale
26910479,3232 Rosebank Dr,75228,Dallas,TX,32.806366,-96.678185,269900,197.0,-5000.0,268000.0,2002.0,3.0,2.0,1373.0,1993.0,3789.72,singleFamily,84.0,238390.0,2025,https://www.zillow.com,https://photos.zillowstatic.com/fp/fd9572fa2b5c00a7745e7be29f4e1846-p_c.jpg,2026-09-21 14:50,For Sale
303984958,1126 Clifftop Ln,75208,Dallas,TX,32.771908,-96.83946,525000,288.0,,513700.0,3551.0,3.0,3.0,1825.0,2018.0,5488.56,singleFamily,8.0,560360.0,2025,https://www.zillow.com,https://photos.zillowstatic.com/fp/453456e93468e32a61753807c7ecb846-p_c.jpg,2026-09-21 14:50,For Sale
26751118,7223 Edgerton Dr,75231,Dallas,TX,32.8562,-96.73668,618500,333.0,-21000.0,605200.0,3197.0,3.0,2.0,1855.0,1954.0,7405.2,singleFamily,45.0,566830.0,2025,https://www.zillow.com,https://photos.zillowstatic.com/fp/908cc73d6bfae43af610fd9a6d6e6c13-p_c.jpg,2026-09-21 14:50,For Sale
244111523,5606 La Foy Blvd,75209,Dallas,TX,32.83016,-96.8232,899000,298.0,,885500.0,5958.0,4.0,3.0,3016.0,2016.0,3271.356,singleFamily,3.0,978590.0,2025,https://www.zillow.com,https://photos.zillowstatic.com/fp/65bb467ea8bf16333647a37b2d510ef0-p_c.jpg,2026-09-21 14:50,For Sale
26847285,2617 Beechmont Dr,75228,Dallas,TX,32.821255,-96.686874,615000,255.0,,598700.0,3926.0,4.0,3.0,2411.0,1962.0,8102.16,singleFamily,5.0,534640.0,2025,https://www.zillow.com,https://photos.zillowstatic.com/fp/efb2c6ed4460b2bb73fba37cfd5ce7e5-p_c.jpg,2026-09-21 14:50,For Sale
26779750,2433 Southwood Dr,75233,Dallas,TX,32.70025,-96.85848,599000,526.0,,,,2.0,1.0,1139.0,1952.0,0.2859963269054178,singleFamily,,250000.0,2025,https://www.zillow.com,https://photos.zillowstatic.com/fp/b4ef4bda6fbe8c1118fd07a6557e7d47-p_c.jpg,2026-09-21 14:50,For Sale
26756773,6038 Azalea Ln,75230,Dallas,TX,32.898075,-96.80236,2750000,514.0,,,,5.0,6.0,5354.0,2003.0,0.425,singleFamily,24.0,2537160.0,2025,https://www.zillow.com,https://photos.zillowstatic.com/fp/7391266bbe66b40cc29f3059f41b83c1-p_c.jpg,2026-09-21 14:50,For Sale
26873284,7240 Whispering Pines Dr,75248,Dallas,TX,32.967693,-96.78254,849990,339.0,,815200.0,5393.0,4.0,3.0,2508.0,1971.0,8799.12,singleFamily,24.0,560480.0,2025,https://www.zillow.com,https://photos.zillowstatic.com/fp/30c5790a6b2a428a9043eeac81ee7215-p_c.jpg,2026-09-21 14:50,For Sale
26793960,7832 Seydel St,75217,Dallas,TX,32.745117,-96.68737,241400,157.0,-3600.0,,,4.0,3.0,1538.0,1954.0,7318.08,singleFamily,20.0,233280.0,2025,https://www.zillow.com,https://photos.zillowstatic.com/fp/1478acb98c6804c0d9ae79932d48aae7-p_c.jpg,2026-09-21 14:50,For Sale
26782529,2806 E Atoll Dr,75216,Dallas,TX,32.7139,-96.798836,188900,114.0,-9000.0,,1917.0,3.0,1.0,1652.0,1951.0,0.339,singleFamily,107.0,224600.0,2025,https://www.zillow.com,https://photos.zillowstatic.com/fp/f39f8f1d5da99eaf705855f71ef8080c-p_c.jpg,2026-09-21 14:50,For Sale
26743008,1217 Fuller Dr,75218,Dallas,TX,32.839985,-96.69332,279000,214.0,,270900.0,2180.0,2.0,1.0,1301.0,1946.0,10236.6,singleFamily,27.0,316130.0,2025,https://www.zillow.com,https://photos.zillowstatic.com/fp/4812d22f4d2beff032eb68606bedb353-p_c.jpg,2026-09-21 14:50,For Sale
26706213,6625 Bob O Link Dr,75214,Dallas,TX,32.831596,-96.745895,2799000,683.0,-76000.0,,,4.0,3.0,4098.0,1949.0,0.335,singleFamily,74.0,1900230.0,2025,https://www.zillow.com,https://photos.zillowstatic.com/fp/5df7519a31cdb0116a65f83fc6d1f5c8-p_c.jpg,2026-09-21 14:50,For Sale
69676236,1852 Summit Ave,75206,Dallas,TX,32.81259,-96.7721,599000,412.0,,581800.0,3018.0,2.0,3.0,1454.0,2005.0,1655.28,townhome,12.0,530000.0,2025,https://www.zillow.com,https://photos.zillowstatic.com/fp/80ad8ed116df3d18749163bb6bb5f628-p_c.jpg,2026-09-21 14:50,For Sale
26748957,6050 Melody Ln APT 107,75231,Dallas,TX,32.867275,-96.76023,110000,98.0,-4500.0,,1349.0,2.0,2.0,1127.0,1979.0,,condo,458.0,150990.0,2025,https://www.zillow.com,https://photos.zillowstatic.com/fp/2a5b64d7e2042cb2b38da9bdf10acd8e-p_c.jpg,2026-09-21 14:50,For Sale
336886774,1747 Leonard St Suite 2601,75201,Dallas,TX,32.78981,-96.79704,17500000,2276.0,,,,4.0,6.0,7688.0,2025.0,0.8300000000000001,condo,537.0,6334910.0,2025,https://www.zillow.com,https://photos.zillowstatic.com/fp/d7655d47504514c98f614924aa534bc7-p_c.jpg,2026-09-21 14:50,For Sale
2070563134,6917 Forest Glen Dr,75230,Dallas,TX,32.913498,-96.78538,1999900,362.0,-50100.0,1924300.0,8169.0,4.0,6.0,5519.0,1999.0,7492.32,singleFamily,152.0,,,https://www.zillow.com,https://photos.zillowstatic.com/fp/967f4a97821118afae5f222d2d77419d-p_c.jpg,2026-09-21 14:50,For Sale
80237224,9030 Diceman Dr,75218,Dallas,TX,32.823463,-96.70384,1160000,363.0,-19000.0,1118600.0,6870.0,4.0,5.0,3200.0,2006.0,9147.6,singleFamily,52.0,650000.0,2025,https://www.zillow.com,https://photos.zillowstatic.com/fp/5c1f976642b4e646e9b416eb5a55daa8-p_c.jpg,2026-09-21 14:50,For Sale
26689705,6045 Velasco Ave,75206,Dallas,TX,32.82126,-96.76174,950000,356.0,,922600.0,2780.0,3.0,4.0,2666.0,2025.0,7971.48,singleFamily,5.0,507230.0,2025,https://www.zillow.com,https://photos.zillowstatic.com/fp/ba604cc29f34b503d6b2d1f033cef9d4-p_c.jpg,2026-09-21 14:50,For Sale
26790354,3830 Dunhaven Rd,75220,Dallas,TX,32.87126,-96.8516,2049000,443.0,-26000.0,,,6.0,5.0,4622.0,2026.0,7840.8,singleFamily,68.0,486000.0,2025,https://www.zillow.com,https://photos.zillowstatic.com/fp/4d3ab9ee3f9326ccf5703849fdee1b0c-p_c.jpg,2026-09-21 14:50,For Sale
162210833,2308 Britton Ave,75216,Dallas,TX,32.719994,-96.806725,499000,191.0,,,2689.0,6.0,5.0,2617.0,1925.0,8842.68,multiFamily,85.0,271220.0,2025,https://www.zillow.com,https://photos.zillowstatic.com/fp/21fd484a74a11f67d520a07d45dbb7fe-p_c.jpg,2026-09-21 14:50,For Sale
26723982,1319 Lansford Ave,75224,Dallas,TX,32.731472,-96.84375,539000,254.0,,,,3.0,3.0,2124.0,1928.0,8929.8,singleFamily,11.0,435320.0,2025,https://www.zillow.com,https://photos.zillowstatic.com/fp/da3c93a11002c861d2662e199e84cef9-p_c.jpg,2026-09-21 14:50,For Sale
26810701,3121 Park Ln APT 1107,75220,Dallas,TX,32.87637,-96.87353,108000,111.0,,94200.0,1569.0,2.0,2.0,970.0,1969.0,9.125,condo,2.0,135800.0,2025,https://www.zillow.com,https://photos.zillowstatic.com/fp/4be43648addf31595a7b947dc93395d1-p_c.jpg,2026-09-21 14:50,For Sale
26790574,3743 Matador Dr,75220,Dallas,TX,32.876034,-96.854294,1895000,380.0,,1837200.0,6921.0,4.0,5.0,4981.0,2026.0,8015.04,singleFamily,32.0,504130.0,2025,https://www.zillow.com,https://photos.zillowstatic.com/fp/6b068f8121d9b1de601b0b2cfef19b69-p_c.jpg,2026-09-21 14:50,For Sale
26833782,1954 Nomas St,75212,Dallas,TX,32.780846,-96.84435,749990,247.0,,739000.0,2856.0,5.0,4.0,3034.0,2026.0,6011.28,singleFamily,8.0,202930.0,2025,https://www.zillow.com,https://photos.zillowstatic.com/fp/b00ad99621e0c2c1a8ffdce5b7badf3b-p_c.jpg,2026-09-21 14:50,For Sale
53077414,5434 Preston Fairways Cir,75252,Dallas,TX,32.990475,-96.809105,719000,221.0,-16000.0,701900.0,4083.0,4.0,3.0,3249.0,1991.0,6098.4,singleFamily,66.0,714915.0,2025,https://www.zillow.com,https://photos.zillowstatic.com/fp/726abc526183afad17e099c2d20f4005-p_c.jpg,2026-09-21 14:50,For Sale
26704233,5622 Matalee Ave,75206,Dallas,TX,32.832394,-96.77123,1075000,399.0,,,7125.0,3.0,4.0,2692.0,2019.0,4486.68,singleFamily,6.0,910000.0,2025,https://www.zillow.com,https://photos.zillowstatic.com/fp/0ac0cd5ea7abc9bc1646c42165ff1c89-p_c.jpg,2026-09-21 14:50,For Sale
26857590,5867 Beau Purple Dr,75211,Dallas,TX,32.74184,-96.92298,350000,226.0,,337400.0,2097.0,4.0,3.0,1552.0,1971.0,7405.2,singleFamily,5.0,268520.0,2025,https://www.zillow.com,https://photos.zillowstatic.com/fp/78fe45b6db257484c4330a6552cbbc05-p_c.jpg,2026-09-21 14:50,For Sale
26701636,6402 Westlake Ave,75214,Dallas,TX,32.821693,-96.7527,1699000,420.0,-50999.0,1675600.0,10758.0,4.0,6.0,4045.0,2026.0,7405.2,singleFamily,47.0,609450.0,2025,https://www.zillow.com,https://photos.zillowstatic.com/fp/127889541df2a14a846a14a021b0180a-p_c.jpg,2026-09-21 14:50,For Sale
26864385,10830 Ferndale Rd,75238,Dallas,TX,32.892693,-96.713356,779000,254.0,,,,4.0,4.0,3066.0,1968.0,9583.2,singleFamily,76.0,582480.0,2025,https://www.zillow.com,https://photos.zillowstatic.com/fp/ef75db0ffc4af2a86a79299d2017c3a1-p_c.jpg,2026-09-21 14:50,For Sale
26852454,13723 Far Hills Ln,75240,Dallas,TX,32.934837,-96.77667,1650000,389.0,,1617400.0,6965.0,5.0,6.0,4246.0,2026.0,10062.36,singleFamily,39.0,562410.0,2025,https://www.zillow.com,https://photos.zillowstatic.com/fp/15f5257895bd237ad1cd15a4792330e2-p_c.jpg,2026-09-21 14:50,For Sale
162175878,5457 Bonita Ave,75206,Dallas,TX,32.818462,-96.77495,2075000,487.0,-124995.0,2025300.0,11085.0,4.0,5.0,4265.0,2026.0,7753.68,singleFamily,135.0,606610.0,2025,https://www.zillow.com,https://photos.zillowstatic.com/fp/d4210397d494231283b746598c8fefc0-p_c.jpg,2026-09-21 14:50,For Sale
26736093,9122 Cochran Heights Dr,75220,Dallas,TX,32.86247,-96.84436,798000,251.0,-37000.0,779600.0,3995.0,3.0,3.0,3174.0,1984.0,5575.68,singleFamily,165.0,605000.0,2025,https://www.zillow.com,https://photos.zillowstatic.com/fp/cd931b17f2e135c8960c7a721d05a2c8-p_c.jpg,2026-09-21 14:50,For Sale
26811795,11535 Strand St,75218,Dallas,TX,32.861076,-96.68059,599000,304.0,-20990.0,590400.0,3510.0,4.0,3.0,1969.0,2026.0,7570.728,singleFamily,128.0,100000.0,2025,https://www.zillow.com,https://photos.zillowstatic.com/fp/4d29a5e7f051fc9610e763038975ee10-p_c.jpg,2026-09-21 14:50,For Sale
26893382,8903 Maple Glen Dr,75231,Dallas,TX,32.885426,-96.74128,799000,304.0,-31000.0,,,4.0,3.0,2631.0,1978.0,9365.4,singleFamily,135.0,770960.0,2025,https://www.zillow.com,https://photos.zillowstatic.com/fp/0c090ff957d4ac9f8c1d4438280cef02-p_c.jpg,2026-09-21 14:50,For Sale
53101469,18403 Gibbons Dr,75287,Dallas,TX,33.00178,-96.84336,799999,209.0,,,4365.0,5.0,4.0,3828.0,1996.0,,singleFamily,5.0,716354.0,2025,https://www.zillow.com,https://photos.zillowstatic.com/fp/8dfc9786afd0986fe3344224274c3524-p_c.jpg,2026-09-21 14:50,For Sale
344555563,2404 Colony Ct #2406,75235,Dallas,TX,32.835716,-96.85545,325000,209.0,-15000.0,319000.0,2046.0,4.0,2.0,1552.0,1947.0,6072.264,multiFamily,109.0,,,https://www.zillow.com,https://photos.zillowstatic.com/fp/d4569230752917f565989118ae61927c-p_c.jpg,2026-09-21 14:50,For Sale
61870016,4231 Travis St APT 23,75205,Dallas,TX,32.818394,-96.7934,400000,405.0,,,,2.0,2.0,987.0,1994.0,1.141,condo,6.0,345450.0,2025,https://www.zillow.com,https://photos.zillowstatic.com/fp/f019a69426aa6cc4aeb44d84d1d415d2-p_c.jpg,2026-09-21 14:50,For Sale
248831004,3923 Cole Ave #101,75204,Dallas,TX,32.811783,-96.795425,1100000,483.0,-50000.0,1062900.0,5034.0,3.0,4.0,2278.0,2016.0,0.327,condo,88.0,979540.0,2025,https://www.zillow.com,https://photos.zillowstatic.com/fp/93eb835f58c346f9b55b5e7a0e07596c-p_c.jpg,2026-09-21 14:50,For Sale
26868573,8026 Westover Dr,75231,Dallas,TX,32.886253,-96.743484,685000,329.0,-15000.0,677700.0,3912.0,4.0,2.0,2079.0,1978.0,7884.36,singleFamily,138.0,667410.0,2025,https://www.zillow.com,https://photos.zillowstatic.com/fp/caa98f7befe2c7f2c2abf8b26b0f83c2-p_c.jpg,2026-09-21 14:50,For Sale
83761577,18238 Brighton Grn,75252,Dallas,TX,32.999435,-96.78537,725000,261.0,,,,3.0,4.0,2778.0,2011.0,9147.6,singleFamily,1.0,635839.0,2025,https://www.zillow.com,https://photos.zillowstatic.com/fp/28c5dcfe5b7b902b3b78aa5bea1f5f23-p_c.jpg,2026-09-21 14:50,For Sale
26749726,7432 E Northwest Hwy #112,75231,Dallas,TX,32.853424,-96.73328,267500,201.0,,,1951.0,2.0,3.0,1331.0,1973.0,4.541000918273646,condo,59.0,295000.0,2025,https://www.zillow.com,https://photos.zillowstatic.com/fp/820349d310d4d5b0b11deea27e6cc638-p_c.jpg,2026-09-21 14:50,For Sale
339349772,4623 Coles Manor Pl,75204,Dallas,TX,32.811592,-96.78764,850000,362.0,,,,3.0,3.0,2346.0,2021.0,2962.08,singleFamily,2.0,849770.0,2025,https://www.zillow.com,https://photos.zillowstatic.com/fp/f10c2b0ed629d475261ce550e0e89c69-p_c.jpg,2026-09-21 14:50,For Sale
26807867,3115 Walnut Hill Ln,75229,Dallas,TX,32.88122,-96.871086,524000,243.0,7000.0,503400.0,4028.0,3.0,3.0,2159.0,1973.0,10323.72,singleFamily,81.0,520370.0,2025,https://www.zillow.com,https://photos.zillowstatic.com/fp/f696345e0f0b0ae96c3ef1cc99397834-p_c.jpg,2026-09-21 14:50,For Sale
26835057,3615 McBroom St,75212,Dallas,TX,32.783016,-96.88001,469990,214.0,,463100.0,3949.0,5.0,3.0,2195.0,2021.0,5140.08,singleFamily,56.0,454500.0,2025,https://www.zillow.com,https://photos.zillowstatic.com/fp/f0c03fa7353c14d246d5a1ca39e29aa0-p_c.jpg,2026-09-21 14:50,For Sale
248827888,6106 Worth St,75214,Dallas,TX,32.809204,-96.753174,565000,341.0,,542800.0,2841.0,3.0,2.0,1657.0,1923.0,6534.0,singleFamily,30.0,514070.0,2025,https://www.zillow.com,https://photos.zillowstatic.com/fp/eb815c037849aec3664d33e996f81758-p_c.jpg,2026-09-21 14:50,For Sale
336884754,9118 Bluff Hollow Ct,75220,Dallas,TX,32.863235,-96.83837,4595000,674.0,,4331900.0,,4.0,5.0,6814.0,2023.0,0.298,singleFamily,48.0,3618410.0,2025,https://www.zillow.com,https://photos.zillowstatic.com/fp/aac0165d58c7d37eaf89865cfd71cd09-p_c.jpg,2026-09-21 14:50,For Sale
69676388,3110 Thomas Ave APT 111,75204,Dallas,TX,32.798294,-96.79458,699000,326.0,,667700.0,3932.0,4.0,3.0,2142.0,1998.0,1.174,condo,69.0,578340.0,2025,https://www.zillow.com,https://photos.zillowstatic.com/fp/52670e0ace220e674fd6f73434e5b980-p_c.jpg,2026-09-21 14:50,For Sale
248827946,2502 Burlington Blvd,75211,Dallas,TX,32.736893,-96.859276,330000,298.0,,316200.0,2154.0,2.0,1.0,1107.0,1928.0,7840.8,singleFamily,55.0,283160.0,2025,https://www.zillow.com,https://photos.zillowstatic.com/fp/562f4fde4ae580f84e95ab1d47d09561-p_c.jpg,2026-09-21 14:50,For Sale
26880039,4246 Rosser Sq,75244,Dallas,TX,32.920666,-96.844795,380000,309.0,,372200.0,2396.0,2.0,2.0,1229.0,1981.0,3833.28,singleFamily,44.0,307740.0,2025,https://www.zillow.com,https://photos.zillowstatic.com/fp/9a75967fcbca97b2460b164fcfd3765d-p_c.jpg,2026-09-21 14:50,For Sale
26874347,7707 La Avenida Dr,75248,Dallas,TX,32.96373,-96.775444,649000,317.0,-10000.0,633200.0,4307.0,3.0,2.0,2049.0,1966.0,9583.2,singleFamily,74.0,480000.0,2025,https://www.zillow.com,https://photos.zillowstatic.com/fp/0d962e3ed96765c2bba094ff933f2c46-p_c.jpg,2026-09-21 14:50,For Sale
26716267,1239 Cedar Haven Ave,75216,Dallas,TX,32.734127,-96.80755,225000,190.0,-7000.0,,1901.0,3.0,2.0,1184.0,1941.0,7797.24,singleFamily,214.0,190960.0,2025,https://www.zillow.com,https://photos.zillowstatic.com/fp/85e4f6ba11ac835eba3ddc3dbba0bde8-p_c.jpg,2026-09-21 14:50,For Sale
111957963,4611 Kelton Dr,75209,Dallas,TX,32.850445,-96.83098,995000,264.0,-305000.0,,,4.0,3.0,3772.0,1880.0,0.461,singleFamily,61.0,455040.0,2025,https://www.zillow.com,https://photos.zillowstatic.com/fp/46d494d23cd6767d4b2a903fa41861d7-p_c.jpg,2026-09-21 14:50,For Sale
26898178,4947 Reiger Ave,75214,Dallas,TX,32.79775,-96.763565,949000,306.0,-46000.0,921600.0,5871.0,4.0,4.0,3100.0,2001.0,9448.164,singleFamily,86.0,961120.0,2025,https://www.zillow.com,https://photos.zillowstatic.com/fp/59428ba64c08fdaa44c803a254e6f8bf-p_c.jpg,2026-09-21 14:50,For Sale
162377119,5405 N Arcadia Dr,75211,Dallas,TX,32.744392,-96.9144,464000,223.0,,450100.0,3248.0,4.0,3.0,2082.0,2021.0,6577.56,singleFamily,10.0,437550.0,2025,https://www.zillow.com,https://photos.zillowstatic.com/fp/6ebb11db5276967f3fef10b8e4dd629a-p_c.jpg,2026-09-21 14:50,For Sale
26732724,6402 Vanderbilt Ave,75214,Dallas,TX,32.824703,-96.75266,774500,456.0,,746800.0,3875.0,3.0,2.0,1700.0,1949.0,7405.2,singleFamily,11.0,620000.0,2025,https://www.zillow.com,https://photos.zillowstatic.com/fp/305c83a3e57b5cf30005a006cd687ce2-p_c.jpg,2026-09-21 14:50,For Sale
26899191,3901 Turtle Creek Blvd #7,75219,Dallas,TX,32.816788,-96.79974,8400000,1237.0,-500000.0,,,3.0,6.0,6792.0,1997.0,7535.88,singleFamily,153.0,3145000.0,2025,https://www.zillow.com,https://photos.zillowstatic.com/fp/da8210692bd7a70faad4b9c3fc7bf180-p_c.jpg,2026-09-21 14:50,For Sale
26773046,1017 Hoke Smith Dr,75224,Dallas,TX,32.70809,-96.838936,250000,175.0,-10000.0,247800.0,2354.0,3.0,2.0,1425.0,1952.0,7230.96,singleFamily,37.0,238000.0,2025,https://www.zillow.com,https://photos.zillowstatic.com/fp/b0f7d92c107480ce7a7e90f2f60c6177-p_c.jpg,2026-09-21 14:50,For Sale
26787260,9755 Van Dyke Rd,75218,Dallas,TX,32.85455,-96.71484,2195000,734.0,,2057600.0,5170.0,4.0,3.0,2990.0,1956.0,0.544,singleFamily,108.0,1150000.0,2025,https://www.zillow.com,https://photos.zillowstatic.com/fp/9ded6e32011621fb64f2b8ee8d3871e4-p_c.jpg,2026-09-21 14:50,For Sale
26887371,16916 Old Pond Dr,75248,Dallas,TX,32.980904,-96.78294,850000,323.0,,818500.0,4589.0,4.0,3.0,2634.0,1977.0,0.309,singleFamily,10.0,853270.0,2025,https://www.zillow.com,https://photos.zillowstatic.com/fp/81b00eb5b4e086345f0efc924dd8bf78-p_c.jpg,2026-09-21 14:50,For Sale
26906071,2927 S Bend Dr,75229,Dallas,TX,32.907413,-96.87998,350000,212.0,-15750.0,,,3.0,3.0,1654.0,1987.0,2874.96,singleFamily,115.0,389460.0,2025,https://www.zillow.com,https://photos.zillowstatic.com/fp/618201eba20f3e7cedb782a4c6f71cb0-p_c.jpg,2026-09-21 14:50,For Sale
26739956,8718 San Benito Way,75218,Dallas,TX,32.8194,-96.70518,1559000,390.0,-40999.0,,,5.0,5.0,4000.0,2026.0,8058.6,singleFamily,73.0,505860.0,2025,https://www.zillow.com,https://photos.zillowstatic.com/fp/155e587c9bb3e39e3f39287da04673cd-p_c.jpg,2026-09-21 14:50,For Sale
26873186,7305 Heathermore Dr,75248,Dallas,TX,32.96559,-96.78224,759000,358.0,,,,4.0,3.0,2120.0,1969.0,8407.08,singleFamily,4.0,533000.0,2025,https://www.zillow.com,https://photos.zillowstatic.com/fp/a4ac503b9024b4dae06e6931c79afdae-p_c.jpg,2026-09-21 14:50,For Sale
26803675,5812 Preston Haven Dr,75230,Dallas,TX,32.90626,-96.80687,4145000,625.0,-50000.0,4009100.0,,6.0,8.0,6630.0,2026.0,0.392,singleFamily,143.0,1319770.0,2025,https://www.zillow.com,https://photos.zillowstatic.com/fp/e1844053c2558a096480c37c29f5c992-p_c.jpg,2026-09-21 14:50,For Sale
26685911,5720 Tremont St,75214,Dallas,TX,32.80491,-96.75674,549000,357.0,-16000.0,532300.0,2620.0,2.0,2.0,1538.0,1921.0,9365.4,singleFamily,80.0,495000.0,2025,https://www.zillow.com,https://photos.zillowstatic.com/fp/b339d27be3280f7b9eeeda1cc787f6bd-p_c.jpg,2026-09-21 14:50,For Sale
26709942,418 S Willomet Ave,75208,Dallas,TX,32.741753,-96.840164,499999,322.0,,482100.0,2187.0,3.0,2.0,1552.0,1945.0,6490.44,singleFamily,10.0,537680.0,2025,https://www.zillow.com,https://photos.zillowstatic.com/fp/1ce892c536ba8c56870b11a6b6c76280-p_c.jpg,2026-09-21 14:50,For Sale
26859930,13640 Flagstone Ln,75240,Dallas,TX,32.931614,-96.76728,260000,217.0,,250300.0,1833.0,2.0,2.0,1200.0,1970.0,3397.68,townhome,4.0,239020.0,2025,https://www.zillow.com,https://photos.zillowstatic.com/fp/a9913449711abf3d5f3b96d12f19c74e-p_c.jpg,2026-09-21 14:50,For Sale
248829263,3923 Cole Ave Unit 201,75204,Dallas,TX,32.811783,-96.795425,875000,460.0,,837500.0,4175.0,2.0,3.0,1902.0,2016.0,0.327,condo,1.0,817860.0,2025,https://www.zillow.com,https://photos.zillowstatic.com/fp/234bcafe84ba5737e874021979f91e54-p_c.jpg,2026-09-21 14:50,For Sale
26686305,2714 Lenway St,75215,Dallas,TX,32.765194,-96.765,180000,148.0,,,2692.0,7.0,4.0,1218.0,1930.0,6141.96,singleFamily,72.0,138560.0,2025,https://www.zillow.com,https://photos.zillowstatic.com/fp/eb17c3a453aac032687224c5e1219a68-p_c.jpg,2026-09-21 14:50,For Sale
26790506,3733 Manana Dr,75220,Dallas,TX,32.874184,-96.85467,1635000,348.0,,1589200.0,2301.0,5.0,6.0,4696.0,2026.0,8189.28,singleFamily,3.0,457000.0,2025,https://www.zillow.com,https://photos.zillowstatic.com/fp/4efb0564e52134762b9268347ce97ad5-p_c.jpg,2026-09-21 14:50,For Sale
402161874,1114 E Woodin Blvd,75216,Dallas,TX,32.7224,-96.808624,389000,185.0,-6000.0,,,4.0,3.0,2099.0,2024.0,10105.92,singleFamily,45.0,422810.0,2025,https://www.zillow.com,https://photos.zillowstatic.com/fp/1ff6f1f9beb47a8dbb7abc21eb4cd460-p_c.jpg,2026-09-21 14:50,For Sale
26685335,523 Martinique Ave,75223,Dallas,TX,32.80137,-96.748665,599999,368.0,-54901.0,581900.0,2658.0,4.0,2.0,1632.0,1963.0,7230.96,singleFamily,60.0,380290.0,2025,https://www.zillow.com,https://photos.zillowstatic.com/fp/294db3ced989c9642285883d2dbe383c-p_c.jpg,2026-09-21 14:50,For Sale
26873200,15905 Longvista Dr,75248,Dallas,TX,32.96533,-96.78599,750000,345.0,-25000.0,,,4.0,2.0,2174.0,1972.0,9931.68,singleFamily,44.0,537870.0,2025,https://www.zillow.com,https://photos.zillowstatic.com/fp/2329465a5215e9a46d15bbaf28b62e77-p_c.jpg,2026-09-21 14:50,For Sale
26718790,2745 Ivandell Ave,75211,Dallas,TX,32.736805,-96.86544,439000,278.0,-16000.0,427800.0,2341.0,3.0,2.0,1580.0,1935.0,6272.64,singleFamily,45.0,438280.0,2025,https://www.zillow.com,https://photos.zillowstatic.com/fp/991cd0f87b732ee6300440e7395d0ab9-p_c.jpg,2026-09-21 14:50,For Sale
69676387,3110 Thomas Ave APT 109,75204,Dallas,TX,32.798294,-96.79458,349900,383.0,-9100.0,339900.0,2124.0,1.0,2.0,914.0,1998.0,1.174,condo,57.0,347320.0,2025,https://www.zillow.com,https://photos.zillowstatic.com/fp/479faaca6ecfa252a3d52f0f84270f55-p_c.jpg,2026-09-21 14:50,For Sale
26864424,9827 Vistadale Dr,75238,Dallas,TX,32.8887,-96.71662,784999,320.0,,754800.0,4376.0,4.0,3.0,2456.0,1966.0,8799.12,singleFamily,31.0,765280.0,2025,https://www.zillow.com,https://photos.zillowstatic.com/fp/970645e34c3c546c178d5f958fd1e0e7-p_c.jpg,2026-09-21 14:50,For Sale
26706724,6726 Lake Circle Dr,75214,Dallas,TX,32.82449,-96.74467,1995000,427.0,-200000.0,,,4.0,5.0,4672.0,2016.0,7405.2,singleFamily,11.0,207340.0,2016,https://www.zillow.com,https://photos.zillowstatic.com/fp/e42e55f2c6a2be2fd152e36023974fa1-p_c.jpg,2026-09-21 14:50,For Sale
464623806,4410 Everdell Pl,75205,Dallas,TX,32.8209,-96.79097,4700000,1244.0,,,,4.0,5.0,3777.0,2027.0,,singleFamily,35.0,,,https://www.zillow.com,https://photos.zillowstatic.com/fp/9f9dd508d18bcae61c182105ffcc9372-p_c.jpg,2026-09-21 14:50,For Sale
26684048,5524 Junius St,75214,Dallas,TX,32.804356,-96.76104,395000,353.0,-4000.0,,2041.0,2.0,2.0,1120.0,1921.0,7884.36,multiFamily,53.0,377140.0,2025,https://www.zillow.com,https://photos.zillowstatic.com/fp/7f620407cd8e6501e30f4ceabea5a6b4-p_c.jpg,2026-09-21 14:50,For Sale
26871012,6941 Midcrest Dr,75254,Dallas,TX,32.946903,-96.78414,1540000,428.0,-35000.0,1469700.0,4938.0,5.0,4.0,3599.0,1966.0,0.381,singleFamily,66.0,995000.0,2025,https://www.zillow.com,https://photos.zillowstatic.com/fp/abbdea0e862c38eb2a24ffb5cd5e14ec-p_c.jpg,2026-09-21 14:50,For Sale
26769106,1657 Nob Hill Rd,75208,Dallas,TX,32.765514,-96.837776,995000,427.0,,,,4.0,2.0,2330.0,1954.0,0.3,singleFamily,9.0,800000.0,2025,https://www.zillow.com,https://photos.zillowstatic.com/fp/e050e0aa6629b10a99b43861ef88dd3c-p_c.jpg,2026-09-21 14:50,For Sale
26755565,6811 Aberdeen Ave,75230,Dallas,TX,32.882484,-96.788025,3250000,582.0,,3035200.0,9169.0,4.0,6.0,5582.0,2005.0,0.265,singleFamily,8.0,2373320.0,2025,https://www.zillow.com,https://photos.zillowstatic.com/fp/c26edcf0a46380374b5d7be00fbc4382-p_c.jpg,2026-09-21 14:50,For Sale
26701334,6903 Coronado Ave,75214,Dallas,TX,32.812527,-96.74086,2895000,599.0,,2769700.0,10333.0,5.0,5.0,4830.0,2026.0,8015.04,singleFamily,18.0,736880.0,2025,https://www.zillow.com,https://photos.zillowstatic.com/fp/be9b8c037b530171ae28503ca6a8bd8b-p_c.jpg,2026-09-21 14:50,For Sale
26933874,9600 Royal Ln #302,75243,Dallas,TX,32.892155,-96.73763,110000,148.0,,,1021.0,1.0,1.0,745.0,1983.0,3.605,condo,1.0,145000.0,2025,https://www.zillow.com,https://photos.zillowstatic.com/fp/13a4106f1498901a1bbe12fdd967102b-p_c.jpg,2026-09-21 14:50,For Sale
26905688,6735 Woodhill Rd,75217,Dallas,TX,32.743355,-96.70447,190900,169.0,-9600.0,194400.0,1640.0,3.0,1.0,1132.0,1982.0,6359.76,singleFamily,73.0,213370.0,2025,https://www.zillow.com,https://photos.zillowstatic.com/fp/508e3399f83b13db62e9d30fe5f4fa71-p_c.jpg,2026-09-21 14:50,For Sale
26711410,1110 Galloway Ave,75216,Dallas,TX,32.736103,-96.80693,329900,218.0,,322100.0,2169.0,3.0,2.0,1516.0,1940.0,6882.48,singleFamily,3.0,330000.0,2025,https://www.zillow.com,https://photos.zillowstatic.com/fp/a81fe61a89971e9dd26dc031c903c466-p_c.jpg,2026-09-21 14:50,For Sale
26826317,6529 Putting Green Dr,75232,Dallas,TX,32.668655,-96.84173,549000,229.0,,532700.0,3031.0,3.0,3.0,2395.0,1965.0,0.633,singleFamily,18.0,401530.0,2025,https://www.zillow.com,https://photos.zillowstatic.com/fp/49eb884c423453fd489858ae72d87448-p_c.jpg,2026-09-21 14:50,For Sale
26872554,6631 Hunters Ridge Dr,75248,Dallas,TX,32.956047,-96.79553,600000,298.0,-25000.0,,,3.0,2.0,2012.0,1971.0,9844.56,singleFamily,54.0,491450.0,2025,https://www.zillow.com,https://photos.zillowstatic.com/fp/de795de57b1213633f635f49abaf1fbc-p_c.jpg,2026-09-21 14:50,For Sale
26691185,2638 Southland St,75215,Dallas,TX,32.75495,-96.75555,348999,218.0,,347000.0,2178.0,3.0,2.0,1600.0,2026.0,7143.84,singleFamily,27.0,128570.0,2025,https://www.zillow.com,https://photos.zillowstatic.com/fp/bf722d71fc723e2a9657d9bfd8114867-p_c.jpg,2026-09-21 14:50,For Sale
26886911,8857 Flint Falls Dr,75243,Dallas,TX,32.89703,-96.738556,630000,247.0,-15000.0,,3710.0,4.0,4.0,2552.0,1975.0,9191.16,singleFamily,74.0,640090.0,2025,https://www.zillow.com,https://photos.zillowstatic.com/fp/b0466f3c3c30d4314d090763a6c3a593-p_c.jpg,2026-09-21 14:50,For Sale
26890890,17209 Graystone Dr,75248,Dallas,TX,32.98536,-96.78063,1320000,331.0,-15000.0,1276700.0,6943.0,4.0,4.0,3986.0,1978.0,0.323,singleFamily,31.0,1000580.0,2025,https://www.zillow.com,https://photos.zillowstatic.com/fp/6d01bcc6df656252520d715f2e7e6a43-p_c.jpg,2026-09-21 14:50,For Sale
26750613,6417 Lontos Dr,75214,Dallas,TX,32.855434,-96.75006,649999,288.0,-25001.0,630800.0,2840.0,4.0,2.0,2260.0,1954.0,9626.76,multiFamily,59.0,593270.0,2025,https://www.zillow.com,https://photos.zillowstatic.com/fp/2dd6994893320801aa3e9420d3f380dd-p_c.jpg,2026-09-21 14:50,For Sale
26792745,10050 Gooding Dr,75229,Dallas,TX,32.88201,-96.843,2699900,443.0,-300000.0,,,5.0,6.0,6100.0,2025.0,0.344,singleFamily,137.0,1063050.0,2025,https://www.zillow.com,https://photos.zillowstatic.com/fp/e9185bfb300a957216a9364084346b68-p_c.jpg,2026-09-21 14:50,For Sale
26782672,1821 Overhill Ln,75216,Dallas,TX,32.711113,-96.796814,189000,155.0,-20000.0,,2056.0,4.0,2.0,1220.0,1948.0,7623.0,singleFamily,23.0,185230.0,2025,https://www.zillow.com,https://photos.zillowstatic.com/fp/66434eb9be33c3533b47dd59221c79c4-p_c.jpg,2026-09-21 14:50,For Sale
53093909,18407 Tettenhall Dr,75252,Dallas,TX,33.000874,-96.80201,499000,240.0,,485000.0,3671.0,3.0,3.0,2080.0,1994.0,5662.8,singleFamily,35.0,485379.0,2025,https://www.zillow.com,https://photos.zillowstatic.com/fp/4d9107c61b2512d708aaeb185b1df13e-p_c.jpg,2026-09-21 14:50,For Sale
60350395,272 W Lawson Rd Trailer 49,75253,Dallas,TX,32.697445,-96.574326,89999,74.0,,,,3.0,2.0,1216.0,2002.0,,manufactured,12.0,6940.0,2025,https://www.zillow.com,https://photos.zillowstatic.com/fp/351f850e931a80393f80258a89c7808c-p_c.jpg,2026-09-21 14:50,For Sale
443638165,6006 Meadow Crst,75230,Dallas,TX,32.903107,-96.80368,4600000,626.0,,,,5.0,7.0,7354.0,2025.0,0.47729999999999995,singleFamily,72.0,,,https://www.zillow.com,https://photos.zillowstatic.com/fp/7c81d66ed95cf179f68da927959cf26c-p_c.jpg,2026-09-21 14:50,For Sale
26843967,10620 Lorwood Dr,75238,Dallas,TX,32.873947,-96.70198,675000,397.0,,,,3.0,3.0,1700.0,1955.0,7666.56,singleFamily,30.0,612800.0,2025,https://www.zillow.com,https://photos.zillowstatic.com/fp/a4033378c0ab3575635d1fc40e983109-p_c.jpg,2026-09-21 14:50,For Sale
26905678,2330 John McCoy Dr,75227,Dallas,TX,32.75454,-96.68816,209000,132.0,,205700.0,1977.0,3.0,2.0,1582.0,2001.0,6403.32,singleFamily,32.0,284250.0,2025,https://www.zillow.com,https://photos.zillowstatic.com/fp/1824259dea9d810887dafbd1b68b36dc-p_c.jpg,2026-09-21 14:50,For Sale
26703118,6323 Anita St,75214,Dallas,TX,32.834892,-96.75415,1739000,393.0,-10000.0,1706800.0,9356.0,6.0,6.0,4420.0,2026.0,7962.768,singleFamily,95.0,732290.0,2025,https://www.zillow.com,https://photos.zillowstatic.com/fp/e44ee960e224a6b32127081c019ccaa3-p_c.jpg,2026-09-21 14:50,For Sale
26847933,2103 Healey Dr,75228,Dallas,TX,32.825203,-96.68004,445000,288.0,,433300.0,3172.0,3.0,2.0,1547.0,1957.0,7666.56,singleFamily,60.0,401670.0,2025,https://www.zillow.com,https://photos.zillowstatic.com/fp/2632a43874b661aa38a2b888aa3b01ab-p_c.jpg,2026-09-21 14:50,For Sale
26691606,5211 Miller Ave,75206,Dallas,TX,32.82157,-96.78186,1395000,502.0,,1329700.0,6611.0,3.0,4.0,2780.0,2009.0,7797.24,singleFamily,79.0,1151370.0,2025,https://www.zillow.com,https://photos.zillowstatic.com/fp/9066edd47c84235350e647fa1b2a3ba9-p_c.jpg,2026-09-21 14:50,For Sale
26811255,3111 Rotan Ln,75229,Dallas,TX,32.89156,-96.8752,385000,264.0,,375600.0,2345.0,3.0,2.0,1456.0,1956.0,10018.8,singleFamily,40.0,332170.0,2025,https://www.zillow.com,https://photos.zillowstatic.com/fp/ce074f2fb582213ad9c1e82178196a35-p_c.jpg,2026-09-21 14:50,For Sale
26867777,7122 Winedale Dr,75231,Dallas,TX,32.878986,-96.73931,854900,398.0,-25000.0,834600.0,3499.0,3.0,3.0,2150.0,1976.0,8886.24,singleFamily,83.0,786450.0,2025,https://www.zillow.com,https://photos.zillowstatic.com/fp/1b3c25be874047bb9e8deb20c1c5ffd2-p_c.jpg,2026-09-21 14:50,For Sale
26867415,9434 Dartridge Dr,75238,Dallas,TX,32.88178,-96.727325,1950000,387.0,,1865900.0,8908.0,5.0,5.0,5039.0,2013.0,10715.76,singleFamily,38.0,1999900.0,2025,https://www.zillow.com,https://photos.zillowstatic.com/fp/b754c130176770defde9efee9f8c8da2-p_c.jpg,2026-09-21 14:50,For Sale
26806004,3807 Pallos Verdas Dr,75229,Dallas,TX,32.90547,-96.85114,3245000,498.0,,,,6.0,7.0,6510.0,2026.0,0.39,singleFamily,45.0,925470.0,2025,https://www.zillow.com,https://photos.zillowstatic.com/fp/37bb69dac110711a0f3da51e612fce78-p_c.jpg,2026-09-21 14:50,For Sale
26700522,6823 E Grand Ave,75223,Dallas,TX,32.802856,-96.737946,699000,363.0,-51000.0,684700.0,3968.0,3.0,3.0,1924.0,1948.0,7143.84,singleFamily,80.0,528610.0,2025,https://www.zillow.com,https://photos.zillowstatic.com/fp/411f19e2d1c535c607fbccfd9b52ca11-p_c.jpg,2026-09-21 14:50,For Sale
26728981,511 Avenue J,75203,Dallas,TX,32.74362,-96.79015,559900,215.0,-20000.0,,,4.0,3.0,2609.0,2026.0,6969.6,singleFamily,37.0,135000.0,2025,https://www.zillow.com,https://photos.zillowstatic.com/fp/440f61f371dc3edc2d0b872866567565-p_c.jpg,2026-09-21 14:50,For Sale
26696962,5107 Denton Dr,75235,Dallas,TX,32.81803,-96.82786,419000,280.0,-20000.0,413900.0,2750.0,3.0,2.0,1496.0,1926.0,8929.8,singleFamily,49.0,406110.0,2025,https://www.zillow.com,https://photos.zillowstatic.com/fp/4e6b8f55f2559d5e80613076e7229043-p_c.jpg,2026-09-21 14:50,For Sale
26933254,4132 Cole Ave APT 102,75204,Dallas,TX,32.81543,-96.792534,373500,346.0,,356100.0,2143.0,2.0,2.0,1080.0,1983.0,1.076,condo,162.0,331000.0,2025,https://www.zillow.com,https://photos.zillowstatic.com/fp/b5c21198d904ecc021e9551232a7f355-p_c.jpg,2026-09-21 14:50,For Sale
26847744,9745 Ash Creek Dr,75228,Dallas,TX,32.826153,-96.68978,427800,262.0,,,,3.0,2.0,1632.0,1955.0,7405.2,singleFamily,10.0,419150.0,2025,https://www.zillow.com,https://photos.zillowstatic.com/fp/b57be51a429ba4820abe6fdeadd9e0fe-p_c.jpg,2026-09-21 14:50,For Sale
26700911,7210 Casa Loma Ave,75214,Dallas,TX,32.81128,-96.73392,1995000,420.0,,1899500.0,10741.0,4.0,5.0,4746.0,2019.0,7361.64,singleFamily,6.0,1883050.0,2025,https://www.zillow.com,https://photos.zillowstatic.com/fp/28f334c35d510a5246314319e4920f62-p_c.jpg,2026-09-21 14:50,For Sale
26910873,5604 Encore Dr,75240,Dallas,TX,32.93669,-96.8042,659900,285.0,,640500.0,3992.0,3.0,2.0,2317.0,1991.0,8450.64,singleFamily,22.0,563310.0,2025,https://www.zillow.com,https://photos.zillowstatic.com/fp/540f45835e10c60065c14bfdfc7d1839-p_c.jpg,2026-09-21 14:50,For Sale
26883459,11926 Leisure Dr,75243,Dallas,TX,32.911163,-96.71145,175000,118.0,-9900.0,168200.0,2075.0,3.0,3.0,1478.0,1974.0,2613.6,townhome,95.0,237900.0,2025,https://www.zillow.com,https://photos.zillowstatic.com/fp/bb78898cd61d739bace1d102375e5263-p_c.jpg,2026-09-21 14:50,For Sale
26890126,6706 La Manga Dr,75248,Dallas,TX,32.971645,-96.79065,760000,292.0,-35000.0,743100.0,3684.0,4.0,3.0,2601.0,1980.0,8276.4,singleFamily,75.0,825000.0,2025,https://www.zillow.com,https://photos.zillowstatic.com/fp/8b8b517b515b190d97bfa10610d50d24-p_c.jpg,2026-09-21 14:50,For Sale
26803566,5610 Forest Ln,75230,Dallas,TX,32.90916,-96.81238,899000,360.0,,856400.0,4738.0,3.0,2.0,2498.0,1956.0,0.369,singleFamily,11.0,752450.0,2025,https://www.zillow.com,https://photos.zillowstatic.com/fp/75d5347818130a0ec2bc519e45777cb5-p_c.jpg,2026-09-21 14:50,For Sale
122301310,2472 Thatcher Dr,75206,Dallas,TX,32.8142,-96.77976,649000,322.0,,632900.0,4228.0,3.0,4.0,2015.0,2014.0,1393.92,townhome,2.0,635760.0,2025,https://www.zillow.com,https://photos.zillowstatic.com/fp/5414adb2022a74b2c8596816b1fe84f4-p_c.jpg,2026-09-21 14:50,For Sale
465358392,4029 Herschel Ave,75219,Dallas,TX,32.82089,-96.808014,1595000,467.0,,,,3.0,4.0,3413.0,2026.0,7187.4,singleFamily,3.0,,,https://www.zillow.com,https://photos.zillowstatic.com/fp/885a10a3c733b2888c53b357d711e038-p_c.jpg,2026-09-21 14:50,For Sale
26834004,1901 Morris St,75212,Dallas,TX,32.783604,-96.850426,579900,242.0,,,,3.0,4.0,2400.0,2026.0,4094.64,singleFamily,3.0,102500.0,2025,https://www.zillow.com,https://photos.zillowstatic.com/fp/d24029b97eca5ea65064d40932727139-p_c.jpg,2026-09-21 14:50,For Sale
26863069,4618 Country Creek Dr APT 1180,75236,Dallas,TX,32.696316,-96.89988,55000,100.0,-7000.0,,1116.0,1.0,1.0,548.0,1974.0,0.01,condo,176.0,104120.0,2025,https://www.zillow.com,https://photos.zillowstatic.com/fp/f434b09277163d1324bc52c0808c3d6f-p_c.jpg,2026-09-21 14:50,For Sale
26699726,2415 Bethurum Ave,75215,Dallas,TX,32.744957,-96.754875,159500,160.0,-500.0,,,3.0,2.0,1000.0,1921.0,4878.72,singleFamily,193.0,121080.0,2025,https://www.zillow.com,https://photos.zillowstatic.com/fp/205bdb374cc877f4d35fb6a15ddd6c4d-p_c.jpg,2026-09-21 14:50,For Sale
26706589,6520 Sondra Dr,75214,Dallas,TX,32.82633,-96.74906,1725000,442.0,-70000.0,1665000.0,7550.0,4.0,4.0,3903.0,2008.0,7579.44,singleFamily,61.0,1465990.0,2025,https://www.zillow.com,https://photos.zillowstatic.com/fp/13a4599de9a22793124417a3a1f6b32e-p_c.jpg,2026-09-21 14:50,For Sale
26719822,3102 W Jefferson Blvd,75211,Dallas,TX,32.744076,-96.871544,379000,279.0,-21000.0,370300.0,2022.0,3.0,2.0,1360.0,1926.0,9757.44,singleFamily,50.0,222400.0,2025,https://www.zillow.com,https://photos.zillowstatic.com/fp/bd163ecf84ec1a7aed97eef15a1d5536-p_c.jpg,2026-09-21 14:50,For Sale
26761212,6524 Kenwell St,75209,Dallas,TX,32.83809,-96.82659,825000,408.0,,,,3.0,3.0,2020.0,1948.0,8581.32,singleFamily,10.0,832680.0,2025,https://www.zillow.com,https://photos.zillowstatic.com/fp/051cd448401a3496ff459ef7ce9df3ee-p_c.jpg,2026-09-21 14:50,For Sale
333140681,3710 Redleaf Ln,75209,Dallas,TX,32.828075,-96.81944,829500,319.0,-19500.0,,,3.0,4.0,2598.0,2022.0,2352.24,singleFamily,48.0,854750.0,2025,https://www.zillow.com,https://photos.zillowstatic.com/fp/7aa598cddd8aa689ea63d21a6fbd65e4-p_c.jpg,2026-09-21 14:50,For Sale
96514471,4001 Abilene St,75212,Dallas,TX,32.790123,-96.90062,485000,191.0,,480500.0,3276.0,4.0,3.0,2539.0,2019.0,8973.36,singleFamily,10.0,414960.0,2025,https://www.zillow.com,https://photos.zillowstatic.com/fp/04395bfb49d7767bf827c4e2104994db-p_c.jpg,2026-09-21 14:50,For Sale
26749481,6481 Trammel Dr,75214,Dallas,TX,32.845505,-96.74969,1695000,424.0,-55000.0,1648900.0,7801.0,4.0,5.0,3997.0,2026.0,9365.4,singleFamily,44.0,442460.0,2025,https://www.zillow.com,https://photos.zillowstatic.com/fp/b5a845bfa70084726dfd88174462fa23-p_c.jpg,2026-09-21 14:50,For Sale
111958223,9980 Rio Doso Dr,75227,Dallas,TX,32.766476,-96.64924,315000,156.0,,310400.0,2307.0,4.0,3.0,2013.0,2015.0,6272.64,singleFamily,3.0,314980.0,2025,https://www.zillow.com,https://photos.zillowstatic.com/fp/28a77689a2270f3a7615625c0104df51-p_c.jpg,2026-09-21 14:50,For Sale
26911510,7212 Helsem Bnd,75230,Dallas,TX,32.92044,-96.78096,1500000,328.0,,1451400.0,6779.0,4.0,6.0,4577.0,1984.0,7100.28,singleFamily,30.0,1332680.0,2025,https://www.zillow.com,https://photos.zillowstatic.com/fp/eb112082fb2d01686b6bc28398719167-p_c.jpg,2026-09-21 14:50,For Sale
60346559,6644 Fisher Rd,75214,Dallas,TX,32.84901,-96.74503,499000,376.0,,479800.0,3105.0,3.0,2.0,1328.0,1955.0,7666.56,singleFamily,12.0,389090.0,2025,https://www.zillow.com,https://photos.zillowstatic.com/fp/ec93b0e3c7f2152780f26065871c32a0-p_c.jpg,2026-09-21 14:50,For Sale
26840929,2647 Province Ln,75228,Dallas,TX,32.823578,-96.668526,269900,175.0,-10099.0,264700.0,2290.0,4.0,2.0,1542.0,1954.0,8232.84,singleFamily,69.0,260600.0,2025,https://www.zillow.com,https://photos.zillowstatic.com/fp/c8922eb0e4c4c748bfddb13cfdcf7910-p_c.jpg,2026-09-21 14:50,For Sale
26718820,2725 Aster St,75211,Dallas,TX,32.736023,-96.864624,255000,158.0,-20000.0,247100.0,2389.0,4.0,2.0,1615.0,1937.0,6054.84,singleFamily,85.0,266180.0,2025,https://www.zillow.com,https://photos.zillowstatic.com/fp/427868af0c11dea8a666abcd55b06a30-p_c.jpg,2026-09-21 14:50,For Sale
26731418,7714 Morton St,75209,Dallas,TX,32.84996,-96.82334,1875000,467.0,-20000.0,1846500.0,8492.0,5.0,7.0,4018.0,2026.0,7492.32,singleFamily,59.0,601790.0,2025,https://www.zillow.com,https://photos.zillowstatic.com/fp/c631abae9650d419b214b685e55b97d7-p_c.jpg,2026-09-21 14:50,For Sale
26880516,4137 Candlenut Ln,75244,Dallas,TX,32.919964,-96.8388,875000,388.0,-5999.0,,3370.0,4.0,3.0,2254.0,1968.0,10018.0,singleFamily,18.0,756840.0,2025,https://www.zillow.com,https://photos.zillowstatic.com/fp/272aef6877959eef2b5fb6f85b8ce175-p_c.jpg,2026-09-21 14:50,For Sale
26898261,3368 Miro Pl,75204,Dallas,TX,32.816456,-96.79458,860000,410.0,-15000.0,832500.0,4402.0,3.0,4.0,2099.0,1997.0,1698.84,townhome,119.0,707890.0,2025,https://www.zillow.com,https://photos.zillowstatic.com/fp/785b3e3cb73500e8992e79bfd8f1b07b-p_c.jpg,2026-09-21 14:50,For Sale
26840194,9357 Creel Creek Dr,75228,Dallas,TX,32.82141,-96.69606,850000,259.0,-15000.0,,,4.0,5.0,3276.0,1965.0,10802.88,singleFamily,67.0,659130.0,2025,https://www.zillow.com,https://photos.zillowstatic.com/fp/cfe7e437502d9965f7fa1eaa154c5b1a-p_c.jpg,2026-09-21 14:50,For Sale
26729363,1414 Doyle Ave,75203,Dallas,TX,32.7429,-96.8018,549500,225.0,,,4659.0,4.0,3.0,2440.0,2026.0,5000.688,singleFamily,31.0,75000.0,2025,https://www.zillow.com,https://photos.zillowstatic.com/fp/668fc20e5857b9eabf759bce32186366-p_c.jpg,2026-09-21 14:50,For Sale
26808761,10918 Beauty Ln,75229,Dallas,TX,32.89679,-96.86429,1275000,333.0,,1214100.0,6171.0,5.0,4.0,3832.0,2010.0,10105.92,singleFamily,4.0,1113630.0,2025,https://www.zillow.com,https://photos.zillowstatic.com/fp/0d58df9943a86d7430a63b174403d9f7-p_c.jpg,2026-09-21 14:50,For Sale
26749934,7003 Bucknell Dr,75214,Dallas,TX,32.85401,-96.7418,1535000,394.0,,1507800.0,3263.0,4.0,4.0,3894.0,2026.0,,singleFamily,2.0,607190.0,2025,https://www.zillow.com,https://photos.zillowstatic.com/fp/cbddc6296cecd97b22c85d65d9135b4a-p_c.jpg,2026-09-21 14:50,For Sale
26701875,6867 Gaston Ave,75214,Dallas,TX,32.816105,-96.74107,1199950,513.0,-50000.0,,,4.0,3.0,2340.0,1937.0,0.29500000000000004,singleFamily,142.0,768020.0,2025,https://www.zillow.com,https://photos.zillowstatic.com/fp/aae84fe61aee8d595f640aa09875acb5-p_c.jpg,2026-09-21 14:50,For Sale
26842198,2926 Hillglenn Rd,75228,Dallas,TX,32.825733,-96.66458,345000,189.0,,337100.0,2446.0,4.0,2.0,1824.0,1955.0,7579.44,singleFamily,5.0,315520.0,2025,https://www.zillow.com,https://photos.zillowstatic.com/fp/cc4d608e944dc48414bc7c3b59fd9edb-p_c.jpg,2026-09-21 14:50,For Sale
26810659,3045 Park Ln APT 1053,75220,Dallas,TX,32.87647,-96.87539,114000,118.0,-1000.0,108800.0,1474.0,2.0,2.0,969.0,1969.0,9.125,condo,59.0,125970.0,2025,https://www.zillow.com,https://photos.zillowstatic.com/fp/8f1b0cfda1f0aa8e05a84de302a77003-p_c.jpg,2026-09-21 14:50,For Sale
26932287,6108 Abrams Rd #610,75231,Dallas,TX,32.858376,-96.746574,86500,116.0,-2500.0,,,2.0,2.0,743.0,1984.0,4.299,condo,72.0,117000.0,2025,https://www.zillow.com,https://photos.zillowstatic.com/fp/dc0b57b2d34e96755f8057f47094089f-p_c.jpg,2026-09-21 14:50,For Sale
26923615,3906 Buena Vista St Unit 18,75204,Dallas,TX,32.81189,-96.797264,579900,328.0,,555300.0,3764.0,2.0,3.0,1767.0,1983.0,0.966,condo,50.0,432920.0,2025,https://www.zillow.com,https://photos.zillowstatic.com/fp/b93a6fff7e21379dafad7d941a55d777-p_c.jpg,2026-09-21 14:50,For Sale
96491181,4448 Marcell Ave,75211,Dallas,TX,32.731773,-96.89352,435000,210.0,,427600.0,3243.0,4.0,4.0,2067.0,2024.0,7100.28,singleFamily,13.0,444090.0,2025,https://www.zillow.com,https://photos.zillowstatic.com/fp/a4949e838068055d93e3b696cc93a600-p_c.jpg,2026-09-21 14:50,For Sale
26785219,5610 Enchanted Ln,75227,Dallas,TX,32.790222,-96.70444,405000,227.0,-14900.0,402500.0,2889.0,3.0,3.0,1781.0,,7535.88,singleFamily,71.0,329770.0,2025,https://www.zillow.com,https://photos.zillowstatic.com/fp/f0d430b7cf0f6969f0bfb5f702dddac2-p_c.jpg,2026-09-21 14:50,For Sale
26734364,4511 Watauga Rd,75209,Dallas,TX,32.859543,-96.83682,6499000,460.0,,5944700.0,,6.0,9.0,14131.0,2005.0,1.029,singleFamily,41.0,8693620.0,2025,https://www.zillow.com,https://photos.zillowstatic.com/fp/47ebbd82fcde615b8621897afc8f3010-p_c.jpg,2026-09-21 14:50,For Sale
26905980,2 Manzano Cir,75230,Dallas,TX,32.90909,-96.79921,3100000,456.0,-195000.0,,,4.0,6.0,6796.0,1994.0,0.626,singleFamily,37.0,2548960.0,2025,https://www.zillow.com,https://photos.zillowstatic.com/fp/919256c036158baac041f7330169b620-p_c.jpg,2026-09-21 14:50,For Sale
26686199,1626 Bannock Ave,75215,Dallas,TX,32.748558,-96.76356,434500,214.0,-500.0,,2856.0,4.0,3.0,2028.0,2026.0,10049.292,singleFamily,40.0,90450.0,2025,https://www.zillow.com,https://photos.zillowstatic.com/fp/ac62b15657a843efcfcb74cb94642bd0-p_c.jpg,2026-09-21 14:50,For Sale
96525453,4505 Crown Knoll Cir,75232,Dallas,TX,32.688984,-96.83224,699000,231.0,,687100.0,3790.0,4.0,4.0,3028.0,2026.0,0.569,singleFamily,14.0,108500.0,2025,https://www.zillow.com,https://photos.zillowstatic.com/fp/516ab593fba78715ad522e762a80a7dd-p_c.jpg,2026-09-21 14:50,For Sale
303982901,4613 Greenborough Ln,75219,Dallas,TX,32.809727,-96.82796,647900,328.0,,636900.0,4102.0,3.0,4.0,1976.0,2024.0,1167.408,townhome,10.0,65000.0,2025,https://www.zillow.com,https://photos.zillowstatic.com/fp/ff084ae2c9b9eab39eb9c435dc4c7cd7-p_c.jpg,2026-09-21 14:50,For Sale
26873071,15745 Havenrock Cir,75248,Dallas,TX,32.9643,-96.78187,669000,273.0,-6000.0,656900.0,4622.0,4.0,3.0,2447.0,1970.0,7361.64,singleFamily,88.0,487960.0,2025,https://www.zillow.com,https://photos.zillowstatic.com/fp/55445e4a9bd873c12a893424317c1985-p_c.jpg,2026-09-21 14:50,For Sale
26822455,3607 Pinebrook Dr,75241,Dallas,TX,32.66796,-96.763794,224900,150.0,-5000.0,,,3.0,3.0,1504.0,1997.0,5662.8,singleFamily,81.0,240960.0,2025,https://www.zillow.com,https://photos.zillowstatic.com/fp/8afda53725ad7c04759744f11eb5a6ed-p_c.jpg,2026-09-21 14:50,For Sale
26640306,17704 Cedar Creek Canyon Dr,75252,Dallas,TX,32.992584,-96.81119,1969000,356.0,-30000.0,,,5.0,6.0,5530.0,1988.0,0.413,singleFamily,151.0,1764319.0,2025,https://www.zillow.com,https://photos.zillowstatic.com/fp/77c8d34ab959d60c8da0740a5904740c-p_c.jpg,2026-09-21 14:50,For Sale
26650304,4936 Sandestin Dr,75287,Dallas,TX,32.995552,-96.82216,1299900,272.0,,1231600.0,6374.0,5.0,6.0,4781.0,1991.0,0.27999999999999997,singleFamily,10.0,1197601.0,2025,https://www.zillow.com,https://photos.zillowstatic.com/fp/feeed76f9826643c81ac0128cc07c773-p_c.jpg,2026-09-21 14:50,For Sale
2069956307,4406 S Ottawa Rd,75212,Dallas,TX,32.791405,-96.892456,430000,174.0,-9900.0,429500.0,3557.0,4.0,2.0,2476.0,2026.0,6233.436,singleFamily,76.0,,,https://www.zillow.com,https://photos.zillowstatic.com/fp/a8c3f2c5c1386dec0b0bce207e05e484-p_c.jpg,2026-09-21 14:50,For Sale
26922351,12215 Ortega St,75253,Dallas,TX,32.699783,-96.59729,249900,159.0,-10000.0,245500.0,1957.0,3.0,2.0,1575.0,1995.0,7492.32,singleFamily,30.0,240690.0,2025,https://www.zillow.com,https://photos.zillowstatic.com/fp/b15c70e933a2e2c7df316b9b8b3f4fc9-p_c.jpg,2026-09-21 14:50,For Sale
26706384,6719 Anita St,75214,Dallas,TX,32.83422,-96.7448,2185000,468.0,,2076200.0,10330.0,4.0,5.0,4673.0,2007.0,0.28800000000000003,singleFamily,9.0,2132890.0,2025,https://www.zillow.com,https://photos.zillowstatic.com/fp/c5b5347bfb115b54a923124d799dbe27-p_c.jpg,2026-09-21 14:50,For Sale
26926529,3707 Gilbert Ave APT 17,75219,Dallas,TX,32.81276,-96.80247,799000,325.0,,770500.0,6498.0,3.0,3.0,2461.0,1997.0,0.734,condo,17.0,635970.0,2025,https://www.zillow.com,https://photos.zillowstatic.com/fp/27d6392a2253485923868316bc2d4e26-p_c.jpg,2026-09-21 14:50,For Sale
26807478,3667 Ingleside Dr,75229,Dallas,TX,32.889786,-96.85754,1889000,375.0,,1832400.0,8795.0,6.0,6.0,5033.0,2026.0,0.257,singleFamily,34.0,553640.0,2025,https://www.zillow.com,https://photos.zillowstatic.com/fp/53c56af9525e722ab22ef7a419929fab-p_c.jpg,2026-09-21 14:50,For Sale
26702604,6222 Monticello Ave,75214,Dallas,TX,32.826336,-96.75713,1775000,409.0,,1730800.0,4091.0,5.0,4.0,4337.0,2026.0,,singleFamily,2.0,747030.0,2025,https://www.zillow.com,https://photos.zillowstatic.com/fp/35c9cdb50bc08ef506ac830de911c80d-p_c.jpg,2026-09-21 14:50,For Sale
96535061,272 W Lawson Rd Trailer 231,75253,Dallas,TX,32.697445,-96.574326,109999,70.0,-24996.0,,,3.0,2.0,1568.0,2021.0,6500.0,manufactured,282.0,4940.0,2020,https://www.zillow.com,https://photos.zillowstatic.com/fp/f57312f0cebc99483a2e0e7e75d0cb0f-p_c.jpg,2026-09-21 14:50,For Sale
26745785,2356 Ballycastle Dr,75228,Dallas,TX,32.8374,-96.67374,240000,135.0,-20000.0,234300.0,2241.0,3.0,2.0,1780.0,1952.0,6882.48,singleFamily,54.0,302270.0,2025,https://www.zillow.com,https://photos.zillowstatic.com/fp/8664fae801c811b6aa69a1b08c18063f-p_c.jpg,2026-09-21 14:50,For Sale
26729168,619 N Oak Cliff Blvd,75208,Dallas,TX,32.75027,-96.854935,635000,432.0,,605800.0,2951.0,2.0,2.0,1471.0,1940.0,8232.84,singleFamily,10.0,475110.0,2025,https://www.zillow.com,https://photos.zillowstatic.com/fp/9446d7cfd27847ec6934361a691f48b7-p_c.jpg,2026-09-21 14:50,For Sale
26691812,1848 McMillan Ave,75206,Dallas,TX,32.813263,-96.774414,1599500,477.0,-50000.0,,,4.0,4.0,3352.0,2017.0,8058.6,singleFamily,39.0,1371310.0,2025,https://www.zillow.com,https://photos.zillowstatic.com/fp/4ae0c071935a4360c17f6c451d76a017-p_c.jpg,2026-09-21 14:50,For Sale
26847322,2677 Heatherwood Dr,75228,Dallas,TX,32.819286,-96.68772,549900,248.0,,538400.0,2740.0,4.0,2.0,2220.0,1962.0,10367.28,singleFamily,2.0,485860.0,2025,https://www.zillow.com,https://photos.zillowstatic.com/fp/a9bca4dd68c0dcb92d6139a5ee5b131d-p_c.jpg,2026-09-21 14:50,For Sale
26630656,4048 Kirkmeadow Ln,75287,Dallas,TX,33.0047,-96.84128,515000,212.0,-14000.0,,,4.0,3.0,2425.0,1993.0,7405.2,singleFamily,60.0,467268.0,2025,https://www.zillow.com,https://photos.zillowstatic.com/fp/63432f8f350531725f6943a289919ea0-p_c.jpg,2026-09-21 14:50,For Sale
26774143,3134 Alaska Ave,75216,Dallas,TX,32.706326,-96.81556,438000,147.0,-20000.0,436700.0,3837.0,5.0,3.0,2977.0,2026.0,8272.044,singleFamily,171.0,176330.0,2025,https://www.zillow.com,https://photos.zillowstatic.com/fp/1c10114969f819915230180e8f3cc673-p_c.jpg,2026-09-21 14:50,For Sale
303984637,1478 Barrel Dr,75253,Dallas,TX,32.67136,-96.58665,280000,175.0,-10000.0,279100.0,1921.0,4.0,2.0,1604.0,2019.0,6011.28,singleFamily,170.0,267880.0,2025,https://www.zillow.com,https://photos.zillowstatic.com/fp/d3f93c165e2eaaa9e29205e2bd51b46b-p_c.jpg,2026-09-21 14:50,For Sale
459248027,3018 Rochester St,75215,Dallas,TX,32.739986,-96.74741,516000,199.0,,511300.0,3498.0,4.0,3.0,2589.0,2026.0,5837.04,singleFamily,40.0,58580.0,2025,https://www.zillow.com,https://photos.zillowstatic.com/fp/70a376848c00aed57b55e73a31b76812-p_c.jpg,2026-09-21 14:50,For Sale
26779435,1611 Windchime Dr,75224,Dallas,TX,32.69319,-96.84827,474999,225.0,,463100.0,2657.0,4.0,3.0,2108.0,1967.0,8319.96,singleFamily,4.0,388660.0,2025,https://www.zillow.com,https://photos.zillowstatic.com/fp/540e9c6989d9df3256efcebfe47740e3-p_c.jpg,2026-09-21 14:50,For Sale
26637847,6239 Cupertino Trl,75252,Dallas,TX,33.004425,-96.79697,485000,205.0,,472600.0,3313.0,4.0,3.0,2365.0,1993.0,4356.0,singleFamily,4.0,448730.0,2025,https://www.zillow.com,https://photos.zillowstatic.com/fp/6a1768dbc6f3e3060b9c4f7c52aca255-p_c.jpg,2026-09-21 14:50,For Sale
26887386,16834 Mossy Oak Dr,75248,Dallas,TX,32.980415,-96.78011,2299000,431.0,,2225000.0,9158.0,6.0,8.0,5328.0,2026.0,9147.6,singleFamily,52.0,675000.0,2025,https://www.zillow.com,https://photos.zillowstatic.com/fp/731009185f3583c9132a0832866e0951-p_c.jpg,2026-09-21 14:50,For Sale
96492450,2723 Lagow St,75210,Dallas,TX,32.771564,-96.74656,356999,206.0,,355500.0,2331.0,4.0,2.0,1737.0,2026.0,5096.52,singleFamily,31.0,43380.0,2025,https://www.zillow.com,https://photos.zillowstatic.com/fp/5c3932eb91ccbf6ef7663b60356bb459-p_c.jpg,2026-09-21 14:50,For Sale
26745721,2402 Norwood Dr,75228,Dallas,TX,32.83913,-96.67283,247000,202.0,-8000.0,240700.0,1859.0,3.0,2.0,1221.0,1952.0,9408.96,singleFamily,46.0,235190.0,2025,https://www.zillow.com,https://photos.zillowstatic.com/fp/e773ff1439023c0a7078d0200cbfdfe9-p_c.jpg,2026-09-21 14:50,For Sale
26797558,212 N Long Acre Ln,75217,Dallas,TX,32.715088,-96.70842,174900,110.0,-5100.0,171700.0,2013.0,3.0,2.0,1586.0,1962.0,10018.8,singleFamily,42.0,244950.0,2025,https://www.zillow.com,https://photos.zillowstatic.com/fp/82e5d7ff7981d3369407e620d43cb236-p_c.jpg,2026-09-21 14:50,For Sale
26591203,7001 Rocky Top Cir,75252,Dallas,TX,32.98959,-96.7814,800000,238.0,-80000.0,,,4.0,4.0,3356.0,1981.0,9583.2,singleFamily,23.0,905192.0,2025,https://www.zillow.com,https://photos.zillowstatic.com/fp/647e7a7ef792193dbf0a22e381de0921-p_c.jpg,2026-09-21 14:50,For Sale
26626524,18095 Whispering Gables Ln,75287,Dallas,TX,32.995853,-96.84044,287000,265.0,-7900.0,,,2.0,2.0,1083.0,1983.0,4356.0,townhome,65.0,308085.0,2025,https://www.zillow.com,https://photos.zillowstatic.com/fp/d9bcc041579aebbd1347e2e739f356b4-p_c.jpg,2026-09-21 14:50,For Sale
26649849,5107 Scarborough Ln,75287,Dallas,TX,33.001713,-96.821655,1400000,278.0,,,,5.0,5.0,5043.0,1993.0,9583.2,singleFamily,4.0,1103889.0,2025,https://www.zillow.com,https://photos.zillowstatic.com/fp/0f724e5492f57654ef9c014d0d3886c2-p_c.jpg,2026-09-21 14:50,For Sale
26759025,4207 Valley Ridge Rd,75220,Dallas,TX,32.87703,-96.8382,3250000,508.0,-145000.0,3105200.0,,5.0,8.0,6402.0,2021.0,0.441,singleFamily,32.0,3750040.0,2025,https://www.zillow.com,https://photos.zillowstatic.com/fp/105f5ff40c35faaab93bcb89ad04258f-p_c.jpg,2026-09-21 14:50,For Sale
26889060,6223 Fox Trl,75248,Dallas,TX,32.95587,-96.79999,575000,309.0,,558100.0,3412.0,3.0,2.0,1860.0,1983.0,7535.88,singleFamily,19.0,491540.0,2025,https://www.zillow.com,https://photos.zillowstatic.com/fp/50d5cb3141a63437d8c20e1edf847add-p_c.jpg,2026-09-21 14:50,For Sale
96530273,2622 Bainbridge Dr,75237,Dallas,TX,32.66348,-96.86175,599000,227.0,-6000.0,,,5.0,4.0,2640.0,2026.0,0.482,singleFamily,94.0,85000.0,2025,https://www.zillow.com,https://photos.zillowstatic.com/fp/3821192154f9d7fec60c9ef1ccbe9c21-p_c.jpg,2026-09-21 14:50,For Sale
26591139,6822 Blue Mesa Dr,75252,Dallas,TX,32.99064,-96.78251,1099000,237.0,-151000.0,1049900.0,6030.0,6.0,5.0,4629.0,1981.0,0.3,singleFamily,18.0,1204367.0,2025,https://www.zillow.com,https://photos.zillowstatic.com/fp/ef98fafe35213002c806db86f039e15c-p_c.jpg,2026-09-21 14:50,For Sale
26910269,5965 Meletio Ln,75230,Dallas,TX,32.916664,-96.80462,2595000,516.0,,,,6.0,5.0,5025.0,1992.0,0.5730000000000001,singleFamily,13.0,2183090.0,2025,https://www.zillow.com,https://photos.zillowstatic.com/fp/ae51cdc1ad93337981bd00ecf8869ef5-p_c.jpg,2026-09-21 14:50,For Sale
69677198,1122 Jackson St APT 1104,75202,Dallas,TX,32.778316,-96.80129,499000,310.0,,488700.0,3044.0,1.0,2.0,1608.0,1925.0,0.984,condo,9.0,450240.0,2025,https://www.zillow.com,https://photos.zillowstatic.com/fp/b38c95da1fcecdfcde35e1c9ba77cb64-p_c.jpg,2026-09-21 14:50,For Sale
53081280,18131 Whispering Gables Ln,75287,Dallas,TX,32.996315,-96.840195,289000,297.0,-11000.0,283800.0,1952.0,2.0,1.0,973.0,1983.0,1781.604,singleFamily,81.0,291510.0,2025,https://www.zillow.com,https://photos.zillowstatic.com/fp/a40f065636fd1a4b62018bde87e35e6d-p_c.jpg,2026-09-21 14:50,For Sale
26754023,6211 W Northwest Hwy APT 900,75225,Dallas,TX,32.866318,-96.79989,225000,199.0,,222600.0,2369.0,2.0,2.0,1132.0,1966.0,4.259,condo,5.0,384880.0,2025,https://www.zillow.com,https://photos.zillowstatic.com/fp/e6f1601420d647f9bbef5cdd5ddd766e-p_c.jpg,2026-09-21 14:50,For Sale
162365206,9034 Gunnison Dr,75231,Dallas,TX,32.882767,-96.73803,1030000,414.0,55000.0,996000.0,4428.0,4.0,2.0,2489.0,1978.0,9147.6,singleFamily,13.0,673470.0,2025,https://www.zillow.com,https://photos.zillowstatic.com/fp/e735efd07ee6d6790a281ac99be28035-p_c.jpg,2026-09-21 14:50,For Sale
26859880,13899 Brookgreen Dr,75240,Dallas,TX,32.93397,-96.764885,200000,156.0,,189800.0,1768.0,3.0,2.0,1280.0,1969.0,4181.76,townhome,58.0,274300.0,2025,https://www.zillow.com,https://photos.zillowstatic.com/fp/58b19151f7ffe36390d162d9556a931e-p_c.jpg,2026-09-21 14:50,For Sale
26630261,5720 Moss Creek Trl,75252,Dallas,TX,33.008812,-96.81058,910000,250.0,-15000.0,,,4.0,3.0,3645.0,1987.0,9583.2,singleFamily,31.0,780870.0,2025,https://www.zillow.com,https://photos.zillowstatic.com/fp/f25ec6f202a70129d72a4a646be79879-p_c.jpg,2026-09-21 14:50,For Sale
26735909,8730 Rexford Dr,75209,Dallas,TX,32.857147,-96.84684,1695000,368.0,-55000.0,1672900.0,7647.0,5.0,6.0,4604.0,2025.0,6969.6,singleFamily,112.0,1182050.0,2025,https://www.zillow.com,https://photos.zillowstatic.com/fp/4f435a5240bd1f4cbd95420934668c5d-p_c.jpg,2026-09-21 14:50,For Sale
26932220,6108 Abrams Rd APT 403,75231,Dallas,TX,32.858376,-96.746574,119933,200.0,,,1233.0,1.0,1.0,600.0,1984.0,4.299,condo,4.0,97880.0,2025,https://www.zillow.com,https://photos.zillowstatic.com/fp/5e298eb4938cc14986b8c0e7c41ece81-p_c.jpg,2026-09-21 14:50,For Sale
26758080,4630 S Lindhurst Ave,75229,Dallas,TX,32.88123,-96.82911,4995000,1037.0,,4506800.0,,4.0,6.0,4817.0,1961.0,0.9,singleFamily,125.0,3202210.0,2025,https://www.zillow.com,https://photos.zillowstatic.com/fp/ca07131c79d9bc582c36e6d1350022d7-p_c.jpg,2026-09-21 14:50,For Sale
26783093,3102 Kellogg Ave,75216,Dallas,TX,32.713455,-96.791245,130000,164.0,-5000.0,,1369.0,2.0,1.0,792.0,1950.0,0.26899999999999996,singleFamily,115.0,163310.0,2025,https://www.zillow.com,https://photos.zillowstatic.com/fp/315e178e9b9f032f94b954ba98bff43d-p_c.jpg,2026-09-21 14:50,For Sale
26831356,10166 San Lorenzo Ave,75228,Dallas,TX,32.831818,-96.680725,284900,165.0,-100.0,276000.0,2655.0,4.0,2.0,1728.0,1955.0,0.26599999999999996,singleFamily,24.0,335070.0,2025,https://www.zillow.com,https://photos.zillowstatic.com/fp/0c171ff7bba4c67de244bd1f6fd107ae-p_c.jpg,2026-09-21 14:50,For Sale
26826447,7309 Broken Tree Trl,75232,Dallas,TX,32.65939,-96.84092,206000,116.0,,201500.0,1838.0,4.0,3.0,1772.0,1962.0,8319.96,singleFamily,2.0,191060.0,2025,https://www.zillow.com,https://photos.zillowstatic.com/fp/13142ff7609347297ee55937c103aa74-p_c.jpg,2026-09-21 14:50,For Sale
26698152,2247 Mail Ave,75235,Dallas,TX,32.832066,-96.85404,2100000,220.0,-187500.0,2012900.0,2990.0,10.0,15.0,9565.0,2026.0,7501.032,multiFamily,183.0,375000.0,2025,https://www.zillow.com,https://photos.zillowstatic.com/fp/7d246db6210bb6751f01770bb6d7da6c-p_c.jpg,2026-09-21 14:50,For Sale
26789965,3946 Cortez Dr,75220,Dallas,TX,32.865997,-96.84697,569000,461.0,-6000.0,550600.0,2711.0,3.0,1.0,1234.0,1951.0,0.286,singleFamily,94.0,553480.0,2025,https://www.zillow.com,https://photos.zillowstatic.com/fp/d664f4416e238de5ac40476ac8e95a57-p_c.jpg,2026-09-21 14:50,For Sale
26608738,5719 Covehaven Dr,75252,Dallas,TX,32.997814,-96.806625,813400,252.0,,783600.0,6716.0,4.0,3.0,3230.0,1984.0,9583.2,singleFamily,5.0,710877.0,2025,https://www.zillow.com,https://photos.zillowstatic.com/fp/39c373b14ef4abbf5cdcfc4f455c1dca-p_c.jpg,2026-09-21 14:50,For Sale
80232357,1111 S Akard St Unit 314,75215,Dallas,TX,32.772007,-96.794655,269900,234.0,-9600.0,,,2.0,2.0,1152.0,2006.0,0.752,condo,129.0,324800.0,2025,https://www.zillow.com,https://photos.zillowstatic.com/fp/3cfdabdef925fe3e569919b69073ec6a-p_c.jpg,2026-09-21 14:50,For Sale
26688782,4310 Jamaica St,75210,Dallas,TX,32.77481,-96.74705,185000,142.0,,99600.0,1245.0,3.0,2.0,1300.0,1926.0,6272.64,singleFamily,4.0,128980.0,2025,https://www.zillow.com,https://photos.zillowstatic.com/fp/7d5cb90be620b20c66bda49886f38c07-p_c.jpg,2026-09-21 14:50,For Sale
26841718,2633 Inadale Ave,75228,Dallas,TX,32.817135,-96.66951,295000,113.0,-4900.0,286100.0,2496.0,3.0,2.0,2621.0,1957.0,8102.16,singleFamily,24.0,336970.0,2025,https://www.zillow.com,https://photos.zillowstatic.com/fp/5a82514c932a1d6824fc834c659007b4-p_c.jpg,2026-09-21 14:50,For Sale
26836235,3815 Harlingen St,75212,Dallas,TX,32.78857,-96.90492,349900,241.0,,,,3.0,3.0,1454.0,1985.0,8929.8,singleFamily,9.0,228630.0,2025,https://www.zillow.com,https://photos.zillowstatic.com/fp/1c78900921d184d3ea08a1b9ffee5ab3-p_c.jpg,2026-09-21 14:50,For Sale
27330641,2303 Silverthorne Dr,75287,Dallas,TX,32.994152,-96.87264,354990,246.0,,,2406.0,3.0,2.0,1444.0,1983.0,9365.4,singleFamily,40.0,380144.0,2025,https://www.zillow.com,https://photos.zillowstatic.com/fp/655dde5907a6ed34d0324fba77ff7e61-p_c.jpg,2026-09-21 14:50,For Sale
26832762,3219 N Winnetka Ave,75212,Dallas,TX,32.781116,-96.840004,207000,166.0,-23000.0,,,3.0,2.0,1245.0,1941.0,5009.4,singleFamily,97.0,276050.0,2025,https://www.zillow.com,https://photos.zillowstatic.com/fp/f11a7060b09e723d0e1245686e26f961-p_c.jpg,2026-09-21 14:50,For Sale
26915354,6049 W Red Bird Ln,75236,Dallas,TX,32.677254,-96.9272,559000,216.0,,536800.0,3587.0,2.0,3.0,2584.0,1983.0,2.213,singleFamily,13.0,526770.0,2025,https://www.zillow.com,https://photos.zillowstatic.com/fp/a57c65f86ca0c337a0b0183e48b6214c-p_c.jpg,2026-09-21 14:50,For Sale
336887827,2450 N Garrett Ave #14,75206,Dallas,TX,32.813892,-96.78088,559990,322.0,-9430.0,549100.0,4279.0,2.0,3.0,1737.0,2019.0,0.459,condo,43.0,607950.0,2025,https://www.zillow.com,https://photos.zillowstatic.com/fp/0021fe1c799bc13e3872cbfe3dc8df9a-p_c.jpg,2026-09-21 14:50,For Sale
26879633,227 S Justin Ave,75211,Dallas,TX,32.744,-96.91179,239000,204.0,,233800.0,1932.0,3.0,1.0,1170.0,1962.0,8886.24,singleFamily,5.0,244120.0,2025,https://www.zillow.com,https://photos.zillowstatic.com/fp/5f857f7ba2c513948aa5b58ab297f522-p_c.jpg,2026-09-21 14:50,For Sale
465426130,"The Kendall Plan, Dallas",75240,Z7kder Dallas,TX,32.820896,-96.73155,1415000,385.0,,,,4.0,4.0,3673.0,2026.0,,singleFamily,2.0,,,https://www.zillow.com,https://photos.zillowstatic.com/fp/bae0d45bc726e252c20653aba2fae620-p_c.jpg,2026-09-21 14:50,For Sale
26846814,2725 Maverick Ave,75228,Dallas,TX,32.820824,-96.667206,250000,187.0,-10000.0,,,3.0,2.0,1334.0,1955.0,7448.76,singleFamily,33.0,246790.0,2025,https://www.zillow.com,https://photos.zillowstatic.com/fp/d8b79abd2814c7bb8b760a59011d69ff-p_c.jpg,2026-09-21 14:50,For Sale
26834469,3513 Nomas St,75212,Dallas,TX,32.782005,-96.877556,589000,164.0,-10000.0,586100.0,5561.0,4.0,4.0,3600.0,2025.0,7492.32,singleFamily,40.0,177600.0,2025,https://www.zillow.com,https://photos.zillowstatic.com/fp/8cb595314a01d98c44919fd0af1a49f0-p_c.jpg,2026-09-21 14:50,For Sale
447177196,"Walsh Plan, Caldwell Lakes",75253,Dallas,TX,32.6904,-96.5593,333999,176.0,-15000.0,,2643.0,4.0,2.0,1902.0,2026.0,,singleFamily,1.0,,,https://www.zillow.com,https://photos.zillowstatic.com/fp/49dd3d2f0136d204bd032857eb37447f-p_c.jpg,2026-09-21 14:50,For Sale
248827968,2350 Dunloe Dr,75228,Dallas,TX,32.836567,-96.674034,350000,211.0,-19000.0,341200.0,1778.0,4.0,2.0,1661.0,1953.0,8799.12,multiFamily,12.0,336580.0,2025,https://www.zillow.com,https://photos.zillowstatic.com/fp/6d84b66b041c2d361e41535ff33858a0-p_c.jpg,2026-09-21 14:50,For Sale
89390271,5816 Birchbrook Dr APT 124,75206,Dallas,TX,32.846935,-96.76684,265000,229.0,,279300.0,1954.0,2.0,2.0,1155.0,1970.0,3.187,condo,2.0,329180.0,2025,https://www.zillow.com,https://photos.zillowstatic.com/fp/7e517add0c90f649260f73147c793d21-p_c.jpg,2026-09-21 14:50,For Sale
26738161,1812 S Cockrell Hill Rd,75211,Dallas,TX,32.72597,-96.891106,139000,66.0,-40000.0,,2281.0,3.0,1.0,2096.0,1946.0,9931.68,singleFamily,19.0,291180.0,2025,https://www.zillow.com,https://photos.zillowstatic.com/fp/cf5474e1ff0a7091a05f983f0b8ee9bd-p_c.jpg,2026-09-21 14:50,For Sale
26825639,2214 Trinidad Dr,75232,Dallas,TX,32.6731,-96.85378,349200,192.0,-10800.0,,2168.0,3.0,2.0,1816.0,1960.0,0.272,singleFamily,45.0,276660.0,2025,https://www.zillow.com,https://photos.zillowstatic.com/fp/9cdf247fd3f7d1d8d33af867e739d1ff-p_c.jpg,2026-09-21 14:50,For Sale
26699184,5130 Echo Ave,75215,Dallas,TX,32.751698,-96.74873,349999,192.0,-10001.0,349100.0,2392.0,4.0,3.0,1826.0,2026.0,4922.28,singleFamily,87.0,49350.0,2025,https://www.zillow.com,https://photos.zillowstatic.com/fp/9aa5016a069a76e15675591616049c5e-p_c.jpg,2026-09-21 14:50,For Sale
26840061,2525 Springhill St,75228,Dallas,TX,32.81461,-96.69627,675000,381.0,,651700.0,2641.0,3.0,2.0,1772.0,1960.0,8973.36,singleFamily,11.0,539040.0,2025,https://www.zillow.com,https://photos.zillowstatic.com/fp/5ce9cfc3d1faa30aa3157312c420baef-p_c.jpg,2026-09-21 14:50,For Sale
465320970,6531 Victoria Ave,75209,Dallas,TX,32.837624,-96.83148,929000,375.0,,,,4.0,4.0,2477.0,2025.0,6098.4,singleFamily,5.0,,,https://www.zillow.com,https://photos.zillowstatic.com/fp/61be3957e29b3c59a55a02d6862dfae4-p_c.jpg,2026-09-21 14:50,For Sale
465087720,1900 S Ervay St #606,75215,Dallas,TX,32.769585,-96.78631,999950,352.0,,,,2.0,3.0,2837.0,2026.0,0.601,condo,14.0,,,https://www.zillow.com,https://photos.zillowstatic.com/fp/b6aef977f098bbe4bf795f7dd9f92731-p_c.jpg,2026-09-21 14:50,For Sale
96491191,8926 Groveland Dr,75218,Dallas,TX,32.819294,-96.70174,1260000,375.0,-10000.0,1228000.0,5051.0,4.0,4.0,3358.0,2020.0,7927.92,singleFamily,123.0,1200000.0,2025,https://www.zillow.com,https://photos.zillowstatic.com/fp/792d7e8de03db681b642985d4ddbb458-p_c.jpg,2026-09-21 14:50,For Sale
53082639,18942 Ravenglen Ct,75287,Dallas,TX,33.009,-96.8409,355987,250.0,,348900.0,2421.0,3.0,3.0,1422.0,1993.0,3484.8,singleFamily,5.0,323065.0,2025,https://www.zillow.com,https://photos.zillowstatic.com/fp/3c8cbfa2fa103dfc07e508e89b0319f3-p_c.jpg,2026-09-21 14:50,For Sale
80223307,3605 Bowser Ct,75219,Dallas,TX,32.817783,-96.8099,695000,317.0,20000.0,678700.0,4615.0,3.0,4.0,2195.0,2006.0,1698.84,townhome,9.0,599390.0,2025,https://www.zillow.com,https://photos.zillowstatic.com/fp/23ecd9671665b4a574991328abcfd431-p_c.jpg,2026-09-21 14:50,For Sale
80221609,1200 Main St APT 2507,75202,Dallas,TX,32.77981,-96.80127,238000,270.0,,,,1.0,1.0,880.0,1974.0,1.033,condo,2.0,308000.0,2025,https://www.zillow.com,https://photos.zillowstatic.com/fp/3f3382a8e753f2d95e139736d5a85291-p_c.jpg,2026-09-21 14:50,For Sale
26783508,4215 Cicero St,75216,Dallas,TX,32.707077,-96.77577,129999,104.0,,,1777.0,3.0,1.0,1252.0,1950.0,8407.08,singleFamily,11.0,192160.0,2025,https://www.zillow.com,https://photos.zillowstatic.com/fp/5f2af19abdcc56955c1ae0f877a9b80a-p_c.jpg,2026-09-21 14:50,For Sale
26709680,311 N Clinton Ave,75208,Dallas,TX,32.747734,-96.84317,499000,274.0,,,,3.0,3.0,1820.0,1927.0,7492.32,singleFamily,3.0,218420.0,2025,https://www.zillow.com,https://photos.zillowstatic.com/fp/5db35768ae0c00603923255f1ee6a467-p_c.jpg,2026-09-21 14:50,For Sale
26703598,6054 Penrose Ave,75206,Dallas,TX,32.83223,-96.76191,1795000,426.0,,1758700.0,8488.0,4.0,5.0,4216.0,2026.0,6621.12,singleFamily,18.0,548230.0,2025,https://www.zillow.com,https://photos.zillowstatic.com/fp/f9d5b82d3d7a19e3abcc8a637f06d74c-p_c.jpg,2026-09-21 14:50,For Sale
26750588,6509 E Lovers Ln,75214,Dallas,TX,32.85295,-96.748566,500000,371.0,-25000.0,,,2.0,2.0,1348.0,1981.0,5227.2,singleFamily,63.0,423720.0,2025,https://www.zillow.com,https://photos.zillowstatic.com/fp/f12e8390f240b37627a17f3bd5d78ac9-p_c.jpg,2026-09-21 14:50,For Sale
26847206,9635 Talina Dr,75228,Dallas,TX,32.817204,-96.684715,399000,274.0,-16000.0,,,3.0,2.0,1456.0,1963.0,0.27,singleFamily,92.0,393000.0,2025,https://www.zillow.com,https://photos.zillowstatic.com/fp/9a643d7fdc7b8707fab0dc270e4abaed-p_c.jpg,2026-09-21 14:50,For Sale
26749575,6644 Santa Anita Dr,75214,Dallas,TX,32.847446,-96.7454,560000,396.0,,539600.0,3125.0,2.0,2.0,1414.0,1955.0,8799.12,singleFamily,32.0,560000.0,2025,https://www.zillow.com,https://photos.zillowstatic.com/fp/c58712c714a1138faf75f472e3dbb665-p_c.jpg,2026-09-21 14:50,For Sale
26924196,5550 Spring Valley Rd APT F15,75254,Dallas,TX,32.93879,-96.81258,104900,154.0,-5000.0,,1190.0,1.0,1.0,680.0,1983.0,3.0,condo,71.0,142070.0,2025,https://www.zillow.com,https://photos.zillowstatic.com/fp/3fea857ea2a2610310671f76b2d37a7c-p_c.jpg,2026-09-21 14:50,For Sale
26630266,5604 Bent Creek Trl,75252,Dallas,TX,33.01041,-96.81206,995000,256.0,-40000.0,,,4.0,4.0,3880.0,1985.0,10018.8,singleFamily,38.0,823354.0,2025,https://www.zillow.com,https://photos.zillowstatic.com/fp/c4ab24704d096197f98985ff83bbdf1b-p_c.jpg,2026-09-21 14:50,For Sale
26812625,2909 Silverton Dr,75229,Dallas,TX,32.89979,-96.8809,355000,239.0,-19000.0,347700.0,2579.0,3.0,2.0,1488.0,1959.0,8102.16,singleFamily,89.0,365700.0,2025,https://www.zillow.com,https://photos.zillowstatic.com/fp/ff6e0f9f4ea0b0f4d588e2e04d790d58-p_c.jpg,2026-09-21 14:50,For Sale
26803777,11712 Jamestown Rd,75230,Dallas,TX,32.908096,-96.806816,3195000,543.0,-55000.0,3030500.0,,6.0,6.0,5882.0,2018.0,0.367,singleFamily,47.0,3214410.0,2025,https://www.zillow.com,https://photos.zillowstatic.com/fp/6893a0fa7136ad006e8f648fbcabd43b-p_c.jpg,2026-09-21 14:50,For Sale
26804482,12023 Fieldwood Ln,75244,Dallas,TX,32.91254,-96.82496,2275000,499.0,-100000.0,2161800.0,9081.0,5.0,6.0,4559.0,1959.0,0.38,singleFamily,37.0,2117740.0,2025,https://www.zillow.com,https://photos.zillowstatic.com/fp/51ad4a2515f517be7419b1b642b2edc6-p_c.jpg,2026-09-21 14:50,For Sale
26858713,12316 Coolmeadow Ln,75218,Dallas,TX,32.862774,-96.688995,550000,266.0,,,,3.0,2.0,2068.0,1969.0,7884.36,singleFamily,69.0,587250.0,2025,https://www.zillow.com,https://photos.zillowstatic.com/fp/a0e60c8816ba5118991084b1d1fee133-p_c.jpg,2026-09-21 14:50,For Sale
336872577,4140 Renee Dr,75227,Dallas,TX,32.775192,-96.66322,268500,213.0,-1500.0,267400.0,2038.0,3.0,2.0,1260.0,2020.0,4225.32,singleFamily,31.0,280770.0,2025,https://www.zillow.com,https://photos.zillowstatic.com/fp/046af99206ebda9655560b5f32c18803-p_c.jpg,2026-09-21 14:50,For Sale
26744656,11206 Desdemona Dr,75228,Dallas,TX,32.84815,-96.67711,249900,220.0,,242200.0,1885.0,3.0,2.0,1136.0,1950.0,7579.44,singleFamily,17.0,261940.0,2025,https://www.zillow.com,https://photos.zillowstatic.com/fp/a07690ea951033e6740d0cb1dff6e76e-p_c.jpg,2026-09-21 14:50,For Sale
53390345,509 Elm St APT 503,75202,Dallas,TX,32.779938,-96.807526,239000,283.0,-6000.0,230200.0,1959.0,1.0,1.0,845.0,1930.0,10018.8,condo,137.0,251840.0,2025,https://www.zillow.com,https://photos.zillowstatic.com/fp/cf35cb8ff9ebd3fc421096ba71feeb82-p_c.jpg,2026-09-21 14:50,For Sale
338040673,427 W 10th St #201,75208,Dallas,TX,32.74545,-96.82964,420000,207.0,,406700.0,2809.0,2.0,3.0,2025.0,2020.0,0.724,condo,4.0,435000.0,2025,https://www.zillow.com,https://photos.zillowstatic.com/fp/bd8d77c9c2e079f1953dc8907d13b881-p_c.jpg,2026-09-21 14:50,For Sale
26901783,5750 Phoenix Dr APT 33,75231,Dallas,TX,32.875942,-96.75966,144000,141.0,-500.0,139700.0,1571.0,2.0,2.0,1023.0,1981.0,2.007,condo,90.0,171850.0,2025,https://www.zillow.com,https://photos.zillowstatic.com/fp/3fc917388ffc11ec0793bd00b31c58e5-p_c.jpg,2026-09-21 14:50,For Sale
26748561,6153 Danbury Ln,75214,Dallas,TX,32.848896,-96.75851,989000,356.0,,952200.0,4706.0,4.0,3.0,2775.0,1969.0,8973.36,singleFamily,28.0,800000.0,2025,https://www.zillow.com,https://photos.zillowstatic.com/fp/4b144a59ef75b047f6dee24ba92e087f-p_c.jpg,2026-09-21 14:50,For Sale
303984566,4620 Munger Ave Unit 105,75204,Dallas,TX,32.805294,-96.779564,430000,270.0,,418100.0,3050.0,2.0,3.0,1590.0,2017.0,0.498,condo,3.0,500850.0,2025,https://www.zillow.com,https://photos.zillowstatic.com/fp/d942779c41670aeb70d6047d3ef03366-p_c.jpg,2026-09-21 14:50,For Sale
26834749,3538 Gallagher St,75212,Dallas,TX,32.784386,-96.87859,599000,236.0,,593600.0,3893.0,4.0,3.0,2534.0,2026.0,6664.68,singleFamily,53.0,95000.0,2025,https://www.zillow.com,https://photos.zillowstatic.com/fp/e697556a1920b412495a76e80df0a4a8-p_c.jpg,2026-09-21 14:50,For Sale
26657129,5103 Lincolnshire Ct,75287,Dallas,TX,33.002506,-96.82194,1678000,335.0,-1000.0,1604200.0,5585.0,6.0,7.0,5007.0,1993.0,10018.8,singleFamily,59.0,1231218.0,2025,https://www.zillow.com,https://photos.zillowstatic.com/fp/34cf8c606975ced79bfaa28b5e215272-p_c.jpg,2026-09-21 14:50,For Sale
26929064,5200 Martel Ave APT 24B,75206,Dallas,TX,32.8313,-96.778946,264000,272.0,-5000.0,255700.0,1888.0,2.0,2.0,971.0,1983.0,6.009,condo,58.0,242750.0,2025,https://www.zillow.com,https://photos.zillowstatic.com/fp/1f801ab45fab8d2ba068e55ef771840c-p_c.jpg,2026-09-21 14:50,For Sale
26777001,1409 Autumn Leaves Trl,75241,Dallas,TX,32.68039,-96.80147,339900,137.0,-30000.0,339900.0,2497.0,4.0,3.0,2474.0,1957.0,9016.92,singleFamily,96.0,258690.0,2025,https://www.zillow.com,https://photos.zillowstatic.com/fp/c86724db5a3888a3c1464a73fad1eb9c-p_c.jpg,2026-09-21 14:50,For Sale
26892307,7105 Pineberry Rd,75249,Dallas,TX,32.636818,-96.9457,185000,151.0,-14000.0,183500.0,1606.0,2.0,2.0,1227.0,1981.0,5140.08,singleFamily,128.0,210150.0,2025,https://www.zillow.com,https://photos.zillowstatic.com/fp/75724265ff120ff4fd9b8f455d307231-p_c.jpg,2026-09-21 14:50,For Sale
26837484,2415 Barnes Bridge Rd,75228,Dallas,TX,32.850895,-96.67141,240000,133.0,-5000.0,,,3.0,2.0,1808.0,1953.0,7413.912,singleFamily,52.0,302180.0,2025,https://www.zillow.com,https://photos.zillowstatic.com/fp/41a09ac824f5666560e493c0fa79a4c2-p_c.jpg,2026-09-21 14:50,For Sale
26719869,409 S Barnett Ave,75211,Dallas,TX,32.742077,-96.87183,299000,235.0,-10000.0,292900.0,1986.0,3.0,2.0,1272.0,1950.0,8668.44,singleFamily,23.0,256010.0,2025,https://www.zillow.com,https://photos.zillowstatic.com/fp/d77d554277e6979a2738f5f4970094b5-p_c.jpg,2026-09-21 14:50,For Sale
462517836,1717 Arts Plz Suite 2309,75201,Dallas,TX,32.791965,-96.795235,3550000,734.0,-350000.0,3516000.0,,3.0,4.0,4839.0,2005.0,4.041,condo,125.0,,,https://www.zillow.com,https://photos.zillowstatic.com/fp/482e2f9d28a72fa3f0e083b3e6702f8c-p_c.jpg,2026-09-21 14:50,For Sale
26850732,846 Creekridge Dr,75218,Dallas,TX,32.849983,-96.70351,920000,383.0,,,,3.0,3.0,2401.0,1963.0,8624.88,singleFamily,16.0,661930.0,2025,https://www.zillow.com,https://photos.zillowstatic.com/fp/fdc223b511caddfe097365e23430114e-p_c.jpg,2026-09-21 14:50,For Sale
26701272,7015 Coronado Ave,75214,Dallas,TX,32.811996,-96.73766,950000,396.0,,909100.0,6281.0,3.0,3.0,2396.0,1945.0,7448.76,singleFamily,73.0,880820.0,2025,https://www.zillow.com,https://photos.zillowstatic.com/fp/e398d18a16cf881b0b0bf7b7563bf5bb-p_c.jpg,2026-09-21 14:50,For Sale
26741043,9038 Santa Clara Dr,75218,Dallas,TX,32.82438,-96.70444,1595000,406.0,,,,4.0,5.0,3927.0,2026.0,8276.4,singleFamily,59.0,518670.0,2025,https://www.zillow.com,https://photos.zillowstatic.com/fp/364c886fc55d22e74397efb8d80abab9-p_c.jpg,2026-09-21 14:50,For Sale
26843660,9011 Livenshire Dr,75238,Dallas,TX,32.87051,-96.70243,1499000,378.0,,1465900.0,6059.0,4.0,4.0,3965.0,2026.0,8006.328,singleFamily,23.0,486230.0,2025,https://www.zillow.com,https://photos.zillowstatic.com/fp/411f5534377068d0455085de92f308c6-p_c.jpg,2026-09-21 14:50,For Sale
26710030,214 S Montclair Ave,75208,Dallas,TX,32.7436,-96.846245,674000,317.0,-11000.0,660700.0,3330.0,3.0,3.0,2127.0,1927.0,7318.08,singleFamily,172.0,631320.0,2025,https://www.zillow.com,https://photos.zillowstatic.com/fp/c4a897b9c49c1db5b46e98adea23d082-p_c.jpg,2026-09-21 14:50,For Sale
26700516,6915 E Grand Ave,75223,Dallas,TX,32.80347,-96.73731,440000,233.0,-9999.0,,,3.0,3.0,1885.0,1947.0,7143.84,singleFamily,85.0,542060.0,2025,https://www.zillow.com,https://photos.zillowstatic.com/fp/0bfe1eda0b7630a58d388088efcfacda-p_c.jpg,2026-09-21 14:50,For Sale
61871532,3505 Turtle Creek Blvd APT 20E,75219,Dallas,TX,32.81039,-96.80235,5300000,871.0,-200000.0,4923700.0,,3.0,4.0,6088.0,2000.0,2.089,condo,310.0,3977000.0,2025,https://www.zillow.com,https://photos.zillowstatic.com/fp/96b2b8e0c1a1f759d4f7711eec29f70b-p_c.jpg,2026-09-21 14:50,For Sale
462285750,1621 Bannock Ave,75215,Dallas,TX,32.74878,-96.76409,440000,210.0,-9000.0,438100.0,3075.0,4.0,4.0,2100.0,2026.0,5998.212,singleFamily,136.0,,,https://www.zillow.com,https://photos.zillowstatic.com/fp/a7867b0886d28d6dafd212024faac89d-p_c.jpg,2026-09-21 14:50,For Sale
26792739,4027 Killion Dr,75229,Dallas,TX,32.883762,-96.845245,3525000,527.0,,,,6.0,9.0,6683.0,2026.0,0.37,singleFamily,17.0,646350.0,2025,https://www.zillow.com,https://photos.zillowstatic.com/fp/ddeeccaf26dd3c39e83044d835793fa6-p_c.jpg,2026-09-21 14:50,For Sale
26686093,5930 Victor St,75214,Dallas,TX,32.80648,-96.75302,725000,240.0,,698700.0,2471.0,6.0,3.0,3018.0,1930.0,8407.08,multiFamily,23.0,542400.0,2025,https://www.zillow.com,https://photos.zillowstatic.com/fp/257346c33131e763956c25d94854bad6-p_c.jpg,2026-09-21 14:50,For Sale
26929601,7151 Gaston Ave APT 910,75214,Dallas,TX,32.81458,-96.73296,290000,267.0,-10000.0,277800.0,2181.0,2.0,3.0,1087.0,1983.0,4.488,condo,25.0,280000.0,2025,https://www.zillow.com,https://photos.zillowstatic.com/fp/0368def589c28b4345a4665bdd822fe5-p_c.jpg,2026-09-21 14:50,For Sale
26685464,704 Cameron Ave,75223,Dallas,TX,32.802685,-96.74485,329000,290.0,-5000.0,322200.0,2885.0,3.0,2.0,1136.0,1915.0,6708.24,singleFamily,162.0,298780.0,2025,https://www.zillow.com,https://photos.zillowstatic.com/fp/f720ed57987a5ea4865e417b85cc842b-p_c.jpg,2026-09-21 14:50,For Sale
67957036,3828 San Jacinto St,75204,Dallas,TX,32.797726,-96.784355,435999,245.0,-2000.0,432000.0,2726.0,2.0,2.0,1780.0,2003.0,2918.52,townhome,93.0,490200.0,2025,https://www.zillow.com,https://photos.zillowstatic.com/fp/aa92f242268ff2c388bac15926edd149-p_c.jpg,2026-09-21 14:50,For Sale
26814285,6632 Emhouse St,75232,Dallas,TX,32.66675,-96.82754,194000,109.0,-5000.0,189100.0,2149.0,4.0,2.0,1783.0,1949.0,9931.68,singleFamily,66.0,162150.0,2025,https://www.zillow.com,https://photos.zillowstatic.com/fp/779826b93161997288261be771533c33-p_c.jpg,2026-09-21 14:50,For Sale
26828798,5939 Melshire Dr,75230,Dallas,TX,32.914536,-96.80572,1600000,560.0,,1510300.0,6750.0,4.0,3.0,2859.0,1958.0,0.369,singleFamily,42.0,1361290.0,2025,https://www.zillow.com,https://photos.zillowstatic.com/fp/fe7e1db1e86486de7ca77f05475663cb-p_c.jpg,2026-09-21 14:50,For Sale
53389450,3637 Reagan St,75219,Dallas,TX,32.814255,-96.80526,924900,330.0,-25000.0,905300.0,5940.0,3.0,3.0,2805.0,2000.0,,singleFamily,2.0,814410.0,2025,https://www.zillow.com,https://photos.zillowstatic.com/fp/020b189814b39935fc24c5370eb45259-p_c.jpg,2026-09-21 14:50,For Sale
26715672,2514 Michigan Ave,75216,Dallas,TX,32.717327,-96.81664,175000,163.0,,170000.0,1656.0,3.0,2.0,1073.0,1948.0,7710.12,singleFamily,12.0,207690.0,2025,https://www.zillow.com,https://photos.zillowstatic.com/fp/028960a4e7b3b696e556f0a1f135cb51-p_c.jpg,2026-09-21 14:50,For Sale
26880391,4016 Willow Ridge Dr,75244,Dallas,TX,32.913692,-96.84266,2795000,497.0,,2685500.0,10030.0,5.0,7.0,5629.0,2027.0,0.271,singleFamily,24.0,680000.0,2025,https://www.zillow.com,https://photos.zillowstatic.com/fp/510324ea71f923bc464299c433a073b0-p_c.jpg,2026-09-21 14:50,For Sale
26763530,6224 Latta St,75227,Dallas,TX,32.76624,-96.71461,265000,222.0,-15000.0,252500.0,1865.0,3.0,2.0,1196.0,1951.0,7840.8,singleFamily,31.0,232310.0,2025,https://www.zillow.com,https://photos.zillowstatic.com/fp/56ceefa1977de4d91d0edc15a7e6a0d5-p_c.jpg,2026-09-21 14:50,For Sale
26744350,1058 N Buckner Blvd,75218,Dallas,TX,32.836742,-96.70457,655000,273.0,,618400.0,3562.0,3.0,2.0,2401.0,1952.0,0.462,singleFamily,4.0,554920.0,2025,https://www.zillow.com,https://photos.zillowstatic.com/fp/e7b6de2328ec9ef4eb90e9fe90fc2634-p_c.jpg,2026-09-21 14:50,For Sale
26891461,7402 Red Osier Rd,75249,Dallas,TX,32.63319,-96.95154,215000,129.0,,213700.0,2132.0,3.0,2.0,1670.0,1982.0,9234.72,singleFamily,31.0,281960.0,2025,https://www.zillow.com,https://photos.zillowstatic.com/fp/7a4c272653f0424b9af6fc94cc3846a1-p_c.jpg,2026-09-21 14:50,For Sale
26754767,6416 Park Ln,75225,Dallas,TX,32.873177,-96.79463,5250000,820.0,,,,5.0,7.0,6400.0,2026.0,0.26,singleFamily,1.0,2058500.0,2025,https://www.zillow.com,https://photos.zillowstatic.com/fp/2b3467f460e87f1eb612f9a8c3d05b76-p_c.jpg,2026-09-21 14:50,For Sale
26705702,6984 Santa Barbara Dr,75214,Dallas,TX,32.844025,-96.74029,1999000,458.0,,1907700.0,8751.0,5.0,5.0,4360.0,2024.0,0.357,singleFamily,44.0,1400000.0,2025,https://www.zillow.com,https://photos.zillowstatic.com/fp/49226fe5a5fd85e77b3894110e4768c4-p_c.jpg,2026-09-21 14:50,For Sale
26891176,7410 Boisenberry Ln,75249,Dallas,TX,32.645645,-96.95113,290000,119.0,5000.0,288800.0,3248.0,4.0,3.0,2435.0,1981.0,7710.12,singleFamily,51.0,318010.0,2025,https://www.zillow.com,https://photos.zillowstatic.com/fp/05e84fc718b2ffe22589eac2626dda3b-p_c.jpg,2026-09-21 14:50,For Sale
447796231,1717 Arts Plz Suite 1910,75201,Dallas,TX,32.791965,-96.795235,1075000,615.0,,,,2.0,2.0,1749.0,2007.0,4.026,condo,2.0,,,https://www.zillow.com,https://photos.zillowstatic.com/fp/e29b87a926064a86cda6a22f2b8862af-p_c.jpg,2026-09-21 14:50,For Sale
