zpid,address,zipcode,city,state,latitude,longitude,price,price_per_sqft,price_change,zestimate,rent_zestimate,bedrooms,bathrooms,sqft,year_built,lot_size_acres,property_type,days_on_market,tax_assessed,tax_year,listing_url,photo_url,fetched_at,listing_type
26739842,9035 San Benito Way,75218,Dallas,TX,32.822525,-96.702446,1779000,414.0,,,5680.0,4.0,5.0,4300.0,2026.0,9583.2,singleFamily,8,441580.0,2025,https://www.zillow.com,https://photos.zillowstatic.com/fp/678df14ef6101e4e9f8c19b370b60944-p_c.jpg,2026-07-06 12:02,For Sale
336884520,6804 Webster St,75209,Dallas,TX,32.841133,-96.83295,869000,351.0,,845600.0,5497.0,2.0,3.0,2479.0,2020.0,3136.32,singleFamily,6,823710.0,2025,https://www.zillow.com,https://photos.zillowstatic.com/fp/813337013e3bd4d23d8b9e2e507a1834-p_c.jpg,2026-07-06 12:02,For Sale
26753128,6930 Pemberton Dr,75230,Dallas,TX,32.890812,-96.78589,4295000,574.0,,4102900.0,7048.0,5.0,8.0,7488.0,2026.0,0.33699999999999997,singleFamily,10,807110.0,2025,https://www.zillow.com,https://photos.zillowstatic.com/fp/222e57e491a3eb0d423c9cc0d32da74c-p_c.jpg,2026-07-06 12:02,For Sale
26758220,4506 Isabella Ln,75229,Dallas,TX,32.88928,-96.83244,8400000,1888.0,,,,6.0,8.0,4449.0,1997.0,1.01,singleFamily,13,4309000.0,2025,https://www.zillow.com,https://photos.zillowstatic.com/fp/d8283c53bb83c9322b7d7a9955afe7e0-p_c.jpg,2026-07-06 12:02,For Sale
26923183,5100 Verde Valley Ln APT 178,75254,Dallas,TX,32.948143,-96.82086,199000,202.0,,,,1.0,2.0,985.0,1982.0,6.353,condo,5,187150.0,2025,https://www.zillow.com,https://photos.zillowstatic.com/fp/21aa193da02c59f8c360ea620b264233-p_c.jpg,2026-07-06 12:02,For Sale
26691756,2311 Madera St,75206,Dallas,TX,32.815357,-96.77795,2300000,491.0,,2223900.0,4500.0,5.0,5.0,4686.0,2026.0,7230.96,singleFamily,16,541610.0,2025,https://www.zillow.com,https://photos.zillowstatic.com/fp/2f80e0a79794749fd23813046b27d84c-p_c.jpg,2026-07-06 12:02,For Sale
26882898,12929 Jasoncrest Trl,75243,Dallas,TX,32.925285,-96.71173,500000,202.0,,486500.0,2990.0,4.0,3.0,2474.0,1985.0,0.299,singleFamily,25,390380.0,2025,https://www.zillow.com,https://photos.zillowstatic.com/fp/01063a1c3d4c090313770946a093e2fb-p_c.jpg,2026-07-06 12:02,For Sale
26869002,9511 Fallbrook Dr,75243,Dallas,TX,32.901775,-96.73189,750000,182.0,,,4669.0,4.0,4.0,4117.0,1973.0,0.262,singleFamily,3,707780.0,2025,https://www.zillow.com,https://photos.zillowstatic.com/fp/4c949f267797820f58e96146a3762ad4-p_c.jpg,2026-07-06 12:02,For Sale
67964953,7736 Meadow Rd APT 102,75230,Dallas,TX,32.886272,-96.77307,289000,178.0,,,,3.0,2.0,1625.0,1966.0,,condo,3,280000.0,2025,https://www.zillow.com,https://photos.zillowstatic.com/fp/d735e095d85c412d01068271c0802311-p_c.jpg,2026-07-06 12:02,For Sale
26738834,7152 Fair Oaks Ave APT 2186,75231,Dallas,TX,32.872566,-96.7574,110000,113.0,-5000.0,,1525.0,3.0,2.0,975.0,1975.0,8.74,condo,26,90000.0,2025,https://www.zillow.com,https://photos.zillowstatic.com/fp/410421ae194ee3d0d23bed574131abd1-p_c.jpg,2026-07-06 12:02,For Sale
26830912,8454 Swift Ave,75228,Dallas,TX,32.80469,-96.70193,598000,247.0,-9000.0,,,4.0,3.0,2420.0,1962.0,8842.68,singleFamily,142,478000.0,2025,https://www.zillow.com,https://photos.zillowstatic.com/fp/25c2deba169bf454724259fb4711d209-p_c.jpg,2026-07-06 12:02,For Sale
90598235,701 S Houston St,79079,Shamrock,TX,32.77403,-96.80687,90000,79.0,,273900.0,1810.0,3.0,2.0,1144.0,,,singleFamily,10,202570.0,2025,https://www.zillow.com,https://photos.zillowstatic.com/fp/f077f7a1fb6cba6a99a7faf1a26caf16-p_c.jpg,2026-07-06 12:02,For Sale
26914660,6204 High Brush Cir,75249,Dallas,TX,32.648445,-96.97089,285000,78.0,-14000.0,296600.0,3676.0,5.0,4.0,3639.0,1989.0,5619.24,singleFamily,53,459860.0,2025,https://www.zillow.com,https://photos.zillowstatic.com/fp/73a31e3329f7c657cb8bc44faa60406b-p_c.jpg,2026-07-06 12:02,For Sale
26871265,7947 Habersham Ln,75248,Dallas,TX,32.95442,-96.76918,100000,34.0,-285500.0,,2423.0,5.0,4.0,2966.0,1966.0,,multiFamily,25,453000.0,2025,https://www.zillow.com,https://photos.zillowstatic.com/fp/a556f6daba9f89d6891ea6966cad398a-p_c.jpg,2026-07-06 12:02,For Sale
26696299,2230 Garden Dr,75215,Dallas,TX,32.74878,-96.758896,389000,186.0,,382800.0,2622.0,3.0,2.0,2092.0,2024.0,5052.96,singleFamily,17,395930.0,2025,https://www.zillow.com,https://photos.zillowstatic.com/fp/a5cba953c774fd3370a2dc62b2a9262e-p_c.jpg,2026-07-06 12:02,For Sale
338241066,18512 Crownover Ct,75252,Dallas,TX,33.003235,-96.79485,609900,252.0,,590000.0,4062.0,3.0,3.0,2419.0,1981.0,8102.16,singleFamily,47,625905.0,2025,https://www.zillow.com,https://photos.zillowstatic.com/fp/5c8b0a7362d6b24c63efb89a53c870b7-p_c.jpg,2026-07-06 12:02,For Sale
26857232,4519 Yancy St,75216,Dallas,TX,32.71156,-96.74719,300000,199.0,,296000.0,2459.0,4.0,2.0,1510.0,2019.0,10759.32,singleFamily,12,309010.0,2025,https://www.zillow.com,https://photos.zillowstatic.com/fp/522db04673ec16faafa4f0aae26ece79-p_c.jpg,2026-07-06 12:02,For Sale
26766682,2606 Fordham Rd,75216,Dallas,TX,32.7058,-96.783295,329000,175.0,,329100.0,2425.0,4.0,3.0,1880.0,2022.0,8842.68,singleFamily,16,336650.0,2025,https://www.zillow.com,https://photos.zillowstatic.com/fp/2701c5dd8615133ba6969349c7485302-p_c.jpg,2026-07-06 12:02,For Sale
463300917,3529 Cleveland St,75215,Dallas,TX,32.75582,-96.77514,245000,133.0,,244300.0,3298.0,4.0,4.0,1846.0,2026.0,8363.52,singleFamily,18,,,https://www.zillow.com,https://photos.zillowstatic.com/fp/a61363b7bd78a0e95ffd19ba195f164b-p_c.jpg,2026-07-06 12:02,For Sale
26824714,918 Glen Oaks Blvd,75232,Dallas,TX,32.6743,-96.837,535000,262.0,,515900.0,3027.0,3.0,3.0,2042.0,1964.0,0.362,singleFamily,17,402800.0,2025,https://www.zillow.com,https://photos.zillowstatic.com/fp/71e808e3006383a6c41768c5145117c8-p_c.jpg,2026-07-06 12:02,For Sale
26697337,5419 Stoneleigh Ave,75235,Dallas,TX,32.82149,-96.8303,100000,77.0,-150000.0,,2397.0,2.0,1.0,1292.0,1937.0,6795.36,singleFamily,22,433770.0,2025,https://www.zillow.com,https://photos.zillowstatic.com/fp/7dc95ea23b42653a7ad02898e450dae7-p_c.jpg,2026-07-06 12:02,For Sale
26825505,5936 Spring Glen Dr,75232,Dallas,TX,32.674526,-96.84193,449500,156.0,-15500.0,442100.0,3285.0,5.0,4.0,2880.0,1965.0,10236.6,singleFamily,94,261350.0,2025,https://www.zillow.com,https://photos.zillowstatic.com/fp/784bf3d76b7a9b40f046b5eb30c7eca8-p_c.jpg,2026-07-06 12:02,For Sale
26638066,17860 Windflower Way Unit 1704,75252,Dallas,TX,32.99627,-96.80295,310000,227.0,,269400.0,2206.0,2.0,3.0,1365.0,1985.0,,condo,5,283022.0,2025,https://www.zillow.com,https://photos.zillowstatic.com/fp/7c24a7d3a25327ccd0700c417a2155eb-p_c.jpg,2026-07-06 12:02,For Sale
26758062,10010 Strait Ln,75229,Dallas,TX,32.880985,-96.823845,24999900,1498.0,,22718600.0,31583.0,7.0,11.0,16684.0,2026.0,2.218,singleFamily,126,2767500.0,2025,https://www.zillow.com,https://photos.zillowstatic.com/fp/3896b8ebf7800635ab6f68c5c62ce7b5-p_c.jpg,2026-07-06 12:02,For Sale
26757825,5619 Walnut Hill Ln,75229,Dallas,TX,32.8825,-96.81111,64000000,2362.0,,,,10.0,17.0,27092.0,1938.0,15.687,singleFamily,494,36042650.0,2025,https://www.zillow.com,https://photos.zillowstatic.com/fp/adeac1290c0448b20476ade24a279451-p_c.jpg,2026-07-06 12:02,For Sale
26926499,3922 Gilbert Ave APT 211,75219,Dallas,TX,32.81597,-96.80422,417000,299.0,,403400.0,3491.0,2.0,3.0,1394.0,1997.0,1.032,condo,10,427160.0,2025,https://www.zillow.com,https://photos.zillowstatic.com/fp/7993ec052b2a81e664821ce5db735c10-p_c.jpg,2026-07-06 12:02,For Sale
26863869,11623 Lochlynn Cir,75228,Dallas,TX,32.85092,-96.657974,230000,137.0,,259200.0,2113.0,3.0,2.0,1674.0,1978.0,8145.72,singleFamily,2,302770.0,2025,https://www.zillow.com,https://photos.zillowstatic.com/fp/61832a4738a1da29e2378dbb9640567f-p_c.jpg,2026-07-06 12:02,For Sale
248831004,3923 Cole Ave #101,75204,Dallas,TX,32.811783,-96.795425,1180000,518.0,,1127400.0,4718.0,3.0,4.0,2278.0,2016.0,0.327,condo,11,979540.0,2025,https://www.zillow.com,https://photos.zillowstatic.com/fp/93eb835f58c346f9b55b5e7a0e07596c-p_c.jpg,2026-07-06 12:02,For Sale
26912414,714 Jalisco Plz,75211,Dallas,TX,32.718307,-96.902885,224995,147.0,-10005.0,221700.0,2449.0,4.0,3.0,1526.0,2001.0,3005.64,singleFamily,71,245910.0,2025,https://www.zillow.com,https://photos.zillowstatic.com/fp/265e49fc37732c5dcee3a45d074e31bb-p_c.jpg,2026-07-06 12:02,For Sale
26699114,2515 Macon St,75215,Dallas,TX,32.75081,-96.75273,289999,193.0,-5001.0,289400.0,2101.0,3.0,3.0,1500.0,2026.0,3267.0,singleFamily,88,32780.0,2025,https://www.zillow.com,https://photos.zillowstatic.com/fp/68433d24786c5e0ac81731fb4204066f-p_c.jpg,2026-07-06 12:02,For Sale
26807218,10144 Rockmoor Ct,75229,Dallas,TX,32.88554,-96.857185,1750000,360.0,,,,5.0,7.0,4867.0,2026.0,0.324,singleFamily,8,400000.0,2025,https://www.zillow.com,https://photos.zillowstatic.com/fp/f3efe40447a481fb57f0cdff21e30a9e-p_c.jpg,2026-07-06 12:02,For Sale
26931894,9837 Walnut St #207,75243,Dallas,TX,32.922836,-96.71392,125000,121.0,,122900.0,1661.0,2.0,2.0,1031.0,2018.0,8.814,condo,9,123720.0,2025,https://www.zillow.com,https://photos.zillowstatic.com/fp/e8c0329742b664bdf9ca86bb92306687-p_c.jpg,2026-07-06 12:02,For Sale
26879909,3883 Antigua Cir,75244,Dallas,TX,32.92041,-96.84846,845000,263.0,,,,4.0,3.0,3216.0,1968.0,0.36,singleFamily,2,435070.0,2025,https://www.zillow.com,https://photos.zillowstatic.com/fp/216ee4acf4571949a8548f61113a6335-p_c.jpg,2026-07-06 12:02,For Sale
96513896,10617 Bridge Hollow Ct,75229,Dallas,TX,32.891712,-96.821815,11900000,812.0,,,,6.0,10.0,14653.0,2018.0,1.442,singleFamily,10,13054400.0,2025,https://www.zillow.com,https://photos.zillowstatic.com/fp/1cad1d90350deecefe93978d5081628a-p_c.jpg,2026-07-06 12:02,For Sale
96524593,5315 Colonial Ave,75215,Dallas,TX,32.74373,-96.758705,119900,71.0,,,,6.0,2.0,1680.0,2020.0,7013.16,singleFamily,18,407150.0,2025,https://www.zillow.com,https://photos.zillowstatic.com/fp/57bfcb4ec922c119ff11aa4513db7495-p_c.jpg,2026-07-06 12:02,For Sale
111960412,5609 Lindell Ave #3,75206,Dallas,TX,32.809193,-96.769035,435000,273.0,-25000.0,430200.0,3102.0,2.0,2.0,1596.0,2007.0,7187.4,condo,108,487890.0,2025,https://www.zillow.com,https://photos.zillowstatic.com/fp/547836cdc35f68fa1d677556e8a0764a-p_c.jpg,2026-07-06 12:02,For Sale
26767444,2655 Jennings Ave,75216,Dallas,TX,32.70777,-96.782394,205000,128.0,,200900.0,2079.0,4.0,2.0,1600.0,2018.0,6664.68,singleFamily,5,269140.0,2025,https://www.zillow.com,https://photos.zillowstatic.com/fp/744e17e85adb2f476a228779d83c7533-p_c.jpg,2026-07-06 12:02,For Sale
26710002,206 S Edgefield Ave,75208,Dallas,TX,32.74384,-96.84383,539000,295.0,,532300.0,2757.0,3.0,3.0,1828.0,1926.0,6838.92,singleFamily,13,595180.0,2025,https://www.zillow.com,https://photos.zillowstatic.com/fp/f2669f0c865cd43d1059cb4640208fc2-p_c.jpg,2026-07-06 12:02,For Sale
26845213,2729 Province Ln,75228,Dallas,TX,32.823566,-96.66688,240000,232.0,,278400.0,1814.0,3.0,2.0,1036.0,1955.0,8015.04,singleFamily,2,257310.0,2025,https://www.zillow.com,https://photos.zillowstatic.com/fp/5ba891e20f6da8a9927bb34c880e13f5-p_c.jpg,2026-07-06 12:02,For Sale
53071042,18636 Crownover Ct,75252,Dallas,TX,33.00516,-96.79521,600000,248.0,,580000.0,4109.0,3.0,3.0,2422.0,1981.0,10454.4,singleFamily,2,572707.0,2025,https://www.zillow.com,https://photos.zillowstatic.com/fp/71aaadd36a4a30898a9793fa53a28302-p_c.jpg,2026-07-06 12:02,For Sale
26915309,6319 Lake Bluff Dr,75249,Dallas,TX,32.645866,-96.96924,425900,160.0,-14100.0,421400.0,5996.0,4.0,3.0,2662.0,1989.0,8668.44,singleFamily,45,401520.0,2025,https://www.zillow.com,https://photos.zillowstatic.com/fp/14843502ca97761cfa25df5591962e6b-p_c.jpg,2026-07-06 12:02,For Sale
26759625,5444 Northbrook Dr,75220,Dallas,TX,32.866047,-96.81663,15000000,1192.0,,14471700.0,4528.0,7.0,9.0,12589.0,1950.0,1.621,singleFamily,9,2423400.0,2025,https://www.zillow.com,https://photos.zillowstatic.com/fp/e0a35e71e87a0546dd13a3c40fedef37-p_c.jpg,2026-07-06 12:02,For Sale
27298891,17909 Brent Dr,75287,Dallas,TX,32.994884,-96.862274,489999,198.0,-10000.0,,,4.0,3.0,2470.0,1998.0,5967.72,singleFamily,101,481274.0,2025,https://www.zillow.com,https://photos.zillowstatic.com/fp/b3377790a924d54845f85ee4c527332a-p_c.jpg,2026-07-06 12:02,For Sale
26680596,3708 Spence St,75215,Dallas,TX,32.755756,-96.770706,410000,191.0,-9999.0,405900.0,2630.0,4.0,3.0,2150.0,2026.0,5488.56,singleFamily,79,49600.0,2025,https://www.zillow.com,https://photos.zillowstatic.com/fp/f8b2cef30017da08bfd99f1bc4e15d23-p_c.jpg,2026-07-06 12:02,For Sale
26757726,5830 Meaders Ln,75230,Dallas,TX,32.886215,-96.80744,2000000,539.0,,1887400.0,7818.0,4.0,4.0,3711.0,1994.0,0.5,singleFamily,10,2075540.0,2025,https://www.zillow.com,https://photos.zillowstatic.com/fp/98c1c3549fca92aa81188ce4bce006a8-p_c.jpg,2026-07-06 12:02,For Sale
96532369,4718 Jamaica St,75210,Dallas,TX,32.778385,-96.74374,200000,157.0,,197500.0,1638.0,3.0,2.0,1272.0,2011.0,3789.72,singleFamily,5,198600.0,2025,https://www.zillow.com,https://photos.zillowstatic.com/fp/2e3ff2d4d8a07c8836e31a79541826f2-p_c.jpg,2026-07-06 12:02,For Sale
26870786,6829 Midcrest Dr,75254,Dallas,TX,32.947,-96.78736,1499000,355.0,,,,6.0,6.0,4228.0,1967.0,0.43,singleFamily,3,1230580.0,2025,https://www.zillow.com,https://photos.zillowstatic.com/fp/c54998be10c8b171ea166d1ac7b0781b-p_c.jpg,2026-07-06 12:02,For Sale
96525332,1651 E Overton Rd,75216,Dallas,TX,32.703884,-96.80119,420000,204.0,,416500.0,2770.0,4.0,3.0,2063.0,2025.0,8712.0,singleFamily,148,95000.0,2025,https://www.zillow.com,https://photos.zillowstatic.com/fp/86e2f139cfe3b218bd506810f546c2a7-p_c.jpg,2026-07-06 12:02,For Sale
26873071,15745 Havenrock Cir,75248,Dallas,TX,32.9643,-96.78187,699000,286.0,,677200.0,5511.0,4.0,3.0,2447.0,1970.0,7361.64,singleFamily,10,487960.0,2025,https://www.zillow.com,https://photos.zillowstatic.com/fp/55445e4a9bd873c12a893424317c1985-p_c.jpg,2026-07-06 12:02,For Sale
67964626,1505 Elm St APT 1003,75201,Dallas,TX,32.781612,-96.79958,325000,159.0,,320300.0,4529.0,3.0,3.0,2045.0,1957.0,10018.8,condo,0,398780.0,2025,https://www.zillow.com,https://photos.zillowstatic.com/fp/bbb1e48be376f87d3661e17e29ef9970-p_c.jpg,2026-07-06 12:02,For Sale
26848500,6929 Elmridge Dr,75240,Dallas,TX,32.935173,-96.78496,1999999,625.0,,1874300.0,6833.0,4.0,4.0,3199.0,1961.0,0.7580000000000001,singleFamily,5,1351460.0,2025,https://www.zillow.com,https://photos.zillowstatic.com/fp/f29ea391556e8c0b369473c36bc55f31-p_c.jpg,2026-07-06 12:02,For Sale
26873341,7229 Whispering Pines Dr,75248,Dallas,TX,32.96817,-96.78302,699000,303.0,,677000.0,6081.0,4.0,3.0,2307.0,1971.0,8276.4,singleFamily,5,668890.0,2025,https://www.zillow.com,https://photos.zillowstatic.com/fp/3220dfdf6375ff533fcb7ec32b3cd686-p_c.jpg,2026-07-06 12:02,For Sale
26723517,924 Nolte Dr,75208,Dallas,TX,32.73381,-96.8388,339000,267.0,,326800.0,2269.0,3.0,2.0,1270.0,1924.0,7230.96,singleFamily,0,256170.0,2025,https://www.zillow.com,https://photos.zillowstatic.com/fp/538a685387d85dc3cb45670be6bbaad5-p_c.jpg,2026-07-06 12:02,For Sale
26701332,1811 Bermuda St,75214,Dallas,TX,32.810123,-96.73773,2579000,495.0,,2535200.0,1886.0,5.0,6.0,5214.0,2026.0,9583.2,singleFamily,2,1125000.0,2025,https://www.zillow.com,https://photos.zillowstatic.com/fp/90ed6f10403245412c9280b578f4802f-p_c.jpg,2026-07-06 12:02,For Sale
462787428,3193 & 3195 Stag Rd,75241,Dallas,TX,32.69554,-96.76238,685000,199.0,-15000.0,678000.0,2513.0,6.0,6.0,3440.0,2026.0,6882.48,multiFamily,37,,,https://www.zillow.com,https://photos.zillowstatic.com/fp/9c6a2122c5adca5037f39bbcd556103b-p_c.jpg,2026-07-06 12:02,For Sale
26828913,5723 Meletio Ln,75230,Dallas,TX,32.916756,-96.8106,3799000,664.0,,,19913.0,5.0,7.0,5725.0,2026.0,0.37,singleFamily,1,1957530.0,2025,https://www.zillow.com,https://photos.zillowstatic.com/fp/3fea3e014e0ce150c7d9ee4720752620-p_c.jpg,2026-07-06 12:02,For Sale
26884919,11312 Cotillion Dr,75228,Dallas,TX,32.84817,-96.65216,349900,136.0,,343300.0,3225.0,4.0,3.0,2567.0,1965.0,9104.04,singleFamily,33,376180.0,2025,https://www.zillow.com,https://photos.zillowstatic.com/fp/09276c83223e1ae6813e15f8057e96cb-p_c.jpg,2026-07-06 12:02,For Sale
463650754,1904 McBroom St,75212,Dallas,TX,32.78237,-96.85047,825000,258.0,,,,4.0,4.0,3200.0,2026.0,6141.96,singleFamily,2,,,https://www.zillow.com,https://photos.zillowstatic.com/fp/0110a4737654b219f2717f2d2973bd9d-p_c.jpg,2026-07-06 12:02,For Sale
26732500,2217 52nd St,75216,Dallas,TX,32.69081,-96.78857,260000,152.0,-5000.0,,2169.0,3.0,2.0,1712.0,1960.0,8232.84,singleFamily,27,234420.0,2025,https://www.zillow.com,https://photos.zillowstatic.com/fp/bab4aed9ac9dd51aa0a1798f7380b796-p_c.jpg,2026-07-06 12:02,For Sale
248828051,8121 Ferguson Rd,75228,Dallas,TX,32.80433,-96.71146,465000,150.0,-10000.0,453900.0,2045.0,6.0,4.0,3098.0,1969.0,10628.64,multiFamily,46,514650.0,2025,https://www.zillow.com,https://photos.zillowstatic.com/fp/ad1b13fecf71156c1981f4d68a558ea5-p_c.jpg,2026-07-06 12:02,For Sale
26691115,2515 Southland St,75215,Dallas,TX,32.753834,-96.75776,515500,255.0,,508800.0,3017.0,4.0,3.0,2020.0,2025.0,7666.56,singleFamily,65,76500.0,2025,https://www.zillow.com,https://photos.zillowstatic.com/fp/7b912645228619ef708d18e38ba0642e-p_c.jpg,2026-07-06 12:02,For Sale
96526869,910 Gallant Fox Dr,75211,Dallas,TX,32.736996,-96.92878,479000,225.0,,488200.0,3289.0,3.0,3.0,2125.0,2026.0,9975.24,singleFamily,3,75000.0,2025,https://www.zillow.com,https://photos.zillowstatic.com/fp/374254ab32efd36227ebf2916c93b37b-p_c.jpg,2026-07-06 12:02,For Sale
26803325,6139 Northaven Rd,75230,Dallas,TX,32.901867,-96.8015,2150000,339.0,-349000.0,2055300.0,7254.0,6.0,6.0,6335.0,2005.0,0.364,singleFamily,32,2947040.0,2025,https://www.zillow.com,https://photos.zillowstatic.com/fp/0a2905c021a9005638611deabe90f5ed-p_c.jpg,2026-07-06 12:02,For Sale
26754886,6517 Prestonshire Ln,75225,Dallas,TX,32.87606,-96.79282,4850000,640.0,,4511800.0,21737.0,6.0,8.0,7584.0,2016.0,0.413,singleFamily,9,3800000.0,2025,https://www.zillow.com,https://photos.zillowstatic.com/fp/83e00841e87b5747d10438cd5f93507e-p_c.jpg,2026-07-06 12:02,For Sale
96507257,3231 Fairview Ave,75223,Dallas,TX,32.78969,-96.73935,348000,218.0,,343300.0,2460.0,4.0,2.0,1600.0,2023.0,7492.32,singleFamily,80,306830.0,2025,https://www.zillow.com,https://photos.zillowstatic.com/fp/c5ec89f37caa22067edfafa6e023aa7e-p_c.jpg,2026-07-06 12:02,For Sale
26680521,3528 Colonial Ave,75215,Dallas,TX,32.757835,-96.77173,225000,69.0,,,2377.0,17.0,5.0,3252.0,1916.0,4835.16,multiFamily,176,281210.0,2025,https://www.zillow.com,https://photos.zillowstatic.com/fp/058c8839fb916be56e561086ca9cc87d-p_c.jpg,2026-07-06 12:02,For Sale
26717377,1126 N Windomere Ave,75208,Dallas,TX,32.758278,-96.8436,750000,416.0,-29000.0,,,3.0,2.0,1803.0,1925.0,7492.32,singleFamily,87,696410.0,2025,https://www.zillow.com,https://photos.zillowstatic.com/fp/51ab4b95869147bc69d5fb27f4ec7040-p_c.jpg,2026-07-06 12:02,For Sale
26801616,8117 Marvel Dr,75217,Dallas,TX,32.72173,-96.68198,325000,136.0,,317000.0,3196.0,4.0,3.0,2384.0,1955.0,7797.24,singleFamily,10,360420.0,2025,https://www.zillow.com,https://photos.zillowstatic.com/fp/90e2eae266d564d9e4c6d3bd8dd52c96-p_c.jpg,2026-07-06 12:02,For Sale
96502343,2555 Hooper St,75215,Dallas,TX,32.748844,-96.75109,299000,219.0,,,1163.0,3.0,2.0,1364.0,2026.0,4660.92,singleFamily,3,46420.0,2025,https://www.zillow.com,https://photos.zillowstatic.com/fp/f59ddaec8680a8deca9eae6c3934bdd5-p_c.jpg,2026-07-06 12:02,For Sale
26756970,10920 Strait Ln,75229,Dallas,TX,32.898327,-96.82428,9750000,870.0,-249999.0,9103200.0,7133.0,6.0,10.0,11211.0,2025.0,0.721,singleFamily,67,9362840.0,2025,https://www.zillow.com,https://photos.zillowstatic.com/fp/20d0cf0eb60450b125fba124e6413651-p_c.jpg,2026-07-06 12:02,For Sale
26760464,5807 Glen Falls Ln,75209,Dallas,TX,32.86401,-96.81352,9625000,1056.0,,9058900.0,7586.0,5.0,8.0,9118.0,2026.0,0.514,singleFamily,16,2015100.0,2025,https://www.zillow.com,https://photos.zillowstatic.com/fp/bb7da9088016786ee4b772862254593b-p_c.jpg,2026-07-06 12:02,For Sale
26695666,5606 Mercedes Ave,75206,Dallas,TX,32.828007,-96.7719,945000,529.0,,908300.0,4970.0,3.0,2.0,1788.0,1926.0,7797.24,singleFamily,3,878690.0,2025,https://www.zillow.com,https://photos.zillowstatic.com/fp/1c0f3f35264583788a7cab6693ef375c-p_c.jpg,2026-07-06 12:02,For Sale
26831168,2536 Saint Francis Ave,75228,Dallas,TX,32.805626,-96.69955,430000,258.0,,,,3.0,2.0,1668.0,1965.0,7884.36,singleFamily,2,443840.0,2025,https://www.zillow.com,https://photos.zillowstatic.com/fp/2c16be89b77abec9f77967d29086f02f-p_c.jpg,2026-07-06 12:02,For Sale
26908325,2607 Winter Oak St,75227,Dallas,TX,32.756203,-96.6416,260000,174.0,,254800.0,1929.0,4.0,2.0,1496.0,1985.0,4181.76,singleFamily,1,246330.0,2025,https://www.zillow.com,https://photos.zillowstatic.com/fp/b5d45ec4ab9d32d1ee30a2c2fce63549-p_c.jpg,2026-07-06 12:02,For Sale
26803813,5907 Northaven Rd,75230,Dallas,TX,32.90257,-96.80726,1990000,686.0,-110000.0,1882500.0,7028.0,4.0,3.0,2900.0,1959.0,0.474,singleFamily,29,1285750.0,2025,https://www.zillow.com,https://photos.zillowstatic.com/fp/ca34456e9caf61266e8aa35b73fa98e9-p_c.jpg,2026-07-06 12:02,For Sale
26707377,6829 Santa Maria Ln,75214,Dallas,TX,32.83995,-96.74181,999000,477.0,-100000.0,965600.0,5723.0,3.0,3.0,2096.0,1963.0,8973.36,singleFamily,52,841500.0,2025,https://www.zillow.com,https://photos.zillowstatic.com/fp/e777a5df647476da480c1ed0b5ce0c23-p_c.jpg,2026-07-06 12:02,For Sale
26586072,4208 Bretton Bay Cir,75287,Dallas,TX,32.99047,-96.83813,699995,188.0,-8005.0,685900.0,6119.0,5.0,5.0,3731.0,1978.0,0.29,singleFamily,74,854163.0,2025,https://www.zillow.com,https://photos.zillowstatic.com/fp/0d1b05968138dd2efb376093cef5f2a7-p_c.jpg,2026-07-06 12:02,For Sale
26688240,4323 Metropolitan Ave,75210,Dallas,TX,32.776577,-96.74835,313000,213.0,,311700.0,1960.0,3.0,2.0,1467.0,2026.0,6403.32,singleFamily,3,54260.0,2025,https://www.zillow.com,https://photos.zillowstatic.com/fp/4caf686b2eb45ddd2fca74c5fc5b864d-p_c.jpg,2026-07-06 12:02,For Sale
96496406,2123 Southerland Ave,75203,Dallas,TX,32.726994,-96.791306,575000,211.0,-24999.0,,,4.0,4.0,2727.0,2020.0,0.3,singleFamily,23,580670.0,2025,https://www.zillow.com,https://photos.zillowstatic.com/fp/2ac968c18c9baec302a54fb67b10b2a2-p_c.jpg,2026-07-06 12:02,For Sale
26721244,1818 Marfa Ave,75216,Dallas,TX,32.703957,-96.7982,390000,151.0,,,,4.0,3.0,2583.0,2026.0,7165.62,singleFamily,16,80000.0,2025,https://www.zillow.com,https://photos.zillowstatic.com/fp/f61083d0cb516682a10eb07429b3afc0-p_c.jpg,2026-07-06 12:02,For Sale
53389844,2218 Ash Grove Way,75228,Dallas,TX,32.811115,-96.70503,649999,279.0,-19001.0,,,4.0,3.0,2329.0,2001.0,4617.36,singleFamily,59,583460.0,2025,https://www.zillow.com,https://photos.zillowstatic.com/fp/9957113ca0124e7c50f4e4bd6bf57483-p_c.jpg,2026-07-06 12:02,For Sale
333140526,5531 Walnut Hill Ln,75229,Dallas,TX,32.88134,-96.81123,14997000,1250.0,-998000.0,13894500.0,44765.0,5.0,9.0,11997.0,2025.0,1.935,singleFamily,118,9628680.0,2025,https://www.zillow.com,https://photos.zillowstatic.com/fp/b66ba1ba3e875d4f7420766b86704a95-p_c.jpg,2026-07-06 12:02,For Sale
26657047,18008 Windflower Way,75252,Dallas,TX,32.997227,-96.80298,395000,211.0,,,,3.0,3.0,1869.0,1992.0,3049.2,singleFamily,2,450784.0,2025,https://www.zillow.com,https://photos.zillowstatic.com/fp/4e4f260f4db983be815f69dd40efd366-p_c.jpg,2026-07-06 12:02,For Sale
26691606,5211 Miller Ave,75206,Dallas,TX,32.82157,-96.78186,1395000,502.0,,1328000.0,6993.0,3.0,4.0,2780.0,2009.0,7797.24,singleFamily,2,1151370.0,2025,https://www.zillow.com,https://photos.zillowstatic.com/fp/9066edd47c84235350e647fa1b2a3ba9-p_c.jpg,2026-07-06 12:02,For Sale
26785636,5320 Elkridge Dr,75227,Dallas,TX,32.790108,-96.705605,385000,173.0,-10000.0,381600.0,3622.0,3.0,3.0,2226.0,1966.0,8581.32,singleFamily,86,374960.0,2025,https://www.zillow.com,https://photos.zillowstatic.com/fp/255ad6ddea9b011366c20de836a8b447-p_c.jpg,2026-07-06 12:02,For Sale
26643513,4420 Highlander Dr,75287,Dallas,TX,32.995834,-96.83384,935000,251.0,,904200.0,4603.0,4.0,4.0,3718.0,1988.0,8712.0,singleFamily,4,834000.0,2025,https://www.zillow.com,https://photos.zillowstatic.com/fp/ff95c72178330dc3b5fc826218cb06ec-p_c.jpg,2026-07-06 12:02,For Sale
303984086,9360 Lakemont Dr,75220,Dallas,TX,32.865963,-96.8446,2495000,501.0,,2414100.0,7886.0,5.0,5.0,4981.0,2019.0,0.48,singleFamily,4,2218000.0,2025,https://www.zillow.com,https://photos.zillowstatic.com/fp/bfe473c632ca3f1cbecb49e005f01efa-p_c.jpg,2026-07-06 12:02,For Sale
26685911,5720 Tremont St,75214,Dallas,TX,32.80491,-96.75674,575000,374.0,,551100.0,2709.0,2.0,2.0,1538.0,1921.0,9365.4,singleFamily,3,495000.0,2025,https://www.zillow.com,https://photos.zillowstatic.com/fp/b339d27be3280f7b9eeeda1cc787f6bd-p_c.jpg,2026-07-06 12:02,For Sale
96508124,4607 Metropolitan Ave,75210,Dallas,TX,32.778957,-96.745674,265000,187.0,-7800.0,,1925.0,3.0,2.0,1415.0,2026.0,5662.8,singleFamily,73,40170.0,2025,https://www.zillow.com,https://photos.zillowstatic.com/fp/a8fe76d9dd50a73d7c8fa0581b165d53-p_c.jpg,2026-07-06 12:02,For Sale
26903486,6103 Aberdeen Ave,75230,Dallas,TX,32.882557,-96.801414,5695000,999.0,,5388500.0,8363.0,4.0,7.0,5700.0,2026.0,0.35600000000000004,singleFamily,33,2502990.0,2025,https://www.zillow.com,https://photos.zillowstatic.com/fp/e4c1250a907c0446c3d52f3576ebd045-p_c.jpg,2026-07-06 12:02,For Sale
2070165159,6808 Wofford Ave,75227,Dallas,TX,32.768658,-96.702805,199000,192.0,-11000.0,197600.0,1577.0,3.0,2.0,1035.0,1948.0,6621.12,singleFamily,62,,,https://www.zillow.com,https://photos.zillowstatic.com/fp/6eb04fabecf2a679ffcb8e24d46b3a2c-p_c.jpg,2026-07-06 12:02,For Sale
53390345,509 Elm St APT 503,75202,Dallas,TX,32.779938,-96.807526,239000,283.0,-6000.0,230000.0,1819.0,1.0,1.0,845.0,1930.0,10018.8,condo,60,251840.0,2025,https://www.zillow.com,https://photos.zillowstatic.com/fp/cf35cb8ff9ebd3fc421096ba71feeb82-p_c.jpg,2026-07-06 12:02,For Sale
26890961,7010 McKamy Blvd,75248,Dallas,TX,32.98315,-96.78468,1299000,328.0,-100000.0,1250900.0,6908.0,5.0,5.0,3966.0,1978.0,0.324,singleFamily,19,1060000.0,2025,https://www.zillow.com,https://photos.zillowstatic.com/fp/dbab2fc0269d01363d658e68d49f1239-p_c.jpg,2026-07-06 12:02,For Sale
69677337,4130 Newton Ave APT F,75219,Dallas,TX,32.81827,-96.80567,229000,190.0,-21000.0,220700.0,2204.0,1.0,2.0,1208.0,1974.0,9191.16,condo,50,320120.0,2025,https://www.zillow.com,https://photos.zillowstatic.com/fp/c40a6de5799a1cafea5a255068e0d553-p_c.jpg,2026-07-06 12:02,For Sale
26681410,2416 Pennsylvania Ave,75215,Dallas,TX,32.76401,-96.77055,399900,192.0,,,1555.0,3.0,3.0,2086.0,2026.0,3123.252,singleFamily,3,62000.0,2025,https://www.zillow.com,https://photos.zillowstatic.com/fp/789134472956205ab7ade21721c2541b-p_c.jpg,2026-07-06 12:02,For Sale
26850712,707 Bondstone Dr,75218,Dallas,TX,32.85229,-96.70435,864000,347.0,,844600.0,4010.0,3.0,2.0,2488.0,1962.0,0.302,singleFamily,19,875000.0,2025,https://www.zillow.com,https://photos.zillowstatic.com/fp/2bab055a967e3bcdf0e86d9598fb2e61-p_c.jpg,2026-07-06 12:02,For Sale
96520503,6038 Plum Dale Rd,75241,Dallas,TX,32.672695,-96.77736,419700,194.0,,417400.0,2606.0,4.0,3.0,2168.0,2026.0,6316.2,singleFamily,10,65000.0,2025,https://www.zillow.com,https://photos.zillowstatic.com/fp/73f68e275c972a6613a933cd5d7f7582-p_c.jpg,2026-07-06 12:02,For Sale
26688881,4229 Spring Ave,75210,Dallas,TX,32.772366,-96.74538,139900,137.0,,,,3.0,2.0,1024.0,2020.0,5401.44,singleFamily,18,211400.0,2025,https://www.zillow.com,https://photos.zillowstatic.com/fp/44780babcdde3dbcfb39a44911509c83-p_c.jpg,2026-07-06 12:02,For Sale
53390066,1412 Santa Elena Plz,75211,Dallas,TX,32.733715,-96.915115,309500,164.0,-5500.0,304600.0,2567.0,4.0,3.0,1886.0,2000.0,6185.52,singleFamily,33,329800.0,2025,https://www.zillow.com,https://photos.zillowstatic.com/fp/f28dcf185c978c70092bbfb0d19bf917-p_c.jpg,2026-07-06 12:02,For Sale
26866916,9544 Crestedge Dr,75238,Dallas,TX,32.877815,-96.724594,1150000,393.0,,1097600.0,3374.0,4.0,3.0,2924.0,1968.0,9757.44,singleFamily,4,922200.0,2025,https://www.zillow.com,https://photos.zillowstatic.com/fp/77a800736ef6650b16442a7f22118ba7-p_c.jpg,2026-07-06 12:02,For Sale
26795670,1623 Fresno St,75217,Dallas,TX,32.740612,-96.693115,240000,109.0,-25000.0,234800.0,2582.0,6.0,2.0,2194.0,1954.0,9888.12,singleFamily,47,338390.0,2025,https://www.zillow.com,https://photos.zillowstatic.com/fp/6438154e2bc5f131cea2c08f8024b641-p_c.jpg,2026-07-06 12:02,For Sale
26888478,10015 Chimney Hill Ln,75243,Dallas,TX,32.916225,-96.72445,524990,204.0,,510200.0,4084.0,4.0,3.0,2578.0,1979.0,8886.24,singleFamily,37,460000.0,2025,https://www.zillow.com,https://photos.zillowstatic.com/fp/117992e67b8bdbda7a3ebccbf1a20d44-p_c.jpg,2026-07-06 12:02,For Sale
26889447,6501 Copper Creek Dr,75248,Dallas,TX,32.96864,-96.795364,949000,349.0,,912000.0,4409.0,4.0,3.0,2723.0,1979.0,10149.48,singleFamily,4,800000.0,2025,https://www.zillow.com,https://photos.zillowstatic.com/fp/430c983c9c9c5668fb86bf5bdd573df6-p_c.jpg,2026-07-06 12:02,For Sale
26766660,2227 Frank Henderson Jr Dr,75216,Dallas,TX,32.70058,-96.78682,365000,166.0,,361800.0,2895.0,3.0,3.0,2201.0,2022.0,6926.04,singleFamily,7,347360.0,2025,https://www.zillow.com,https://photos.zillowstatic.com/fp/35d05b2fd54763da813e5fad9dc8b52f-p_c.jpg,2026-07-06 12:02,For Sale
26804636,4326 Mendenhall Dr,75244,Dallas,TX,32.909885,-96.83502,1290000,358.0,,1253700.0,6652.0,4.0,4.0,3607.0,1964.0,0.377,singleFamily,4,1066680.0,2025,https://www.zillow.com,https://photos.zillowstatic.com/fp/f6a45cd849ec2fc76ada26b497165893-p_c.jpg,2026-07-06 12:02,For Sale
249767895,18307 Frankford Lakes Cir,75252,Dallas,TX,33.000546,-96.799805,699900,213.0,,679700.0,3110.0,4.0,3.0,3279.0,2016.0,3005.64,singleFamily,2,631804.0,2025,https://www.zillow.com,https://photos.zillowstatic.com/fp/a2c3fffdf0977a0e69c2f0a8aeb041ca-p_c.jpg,2026-07-06 12:02,For Sale
26694852,5740 Morningside Ave,75206,Dallas,TX,32.828663,-96.76843,1495000,515.0,,1456600.0,7882.0,3.0,4.0,2901.0,1925.0,10105.92,singleFamily,37,1304560.0,2025,https://www.zillow.com,https://photos.zillowstatic.com/fp/ec92ed535537bbcf28ed2b8ea231ff87-p_c.jpg,2026-07-06 12:02,For Sale
26759779,5431 Edlen Dr,75220,Dallas,TX,32.879017,-96.81423,7400000,852.0,,,,5.0,7.0,8683.0,2000.0,1.0,singleFamily,34,5803920.0,2025,https://www.zillow.com,https://photos.zillowstatic.com/fp/2fe66a8d05f954b8b10f0e561c9df5e3-p_c.jpg,2026-07-06 12:02,For Sale
26764165,6714 Day St,75227,Dallas,TX,32.76784,-96.704414,210000,169.0,,206200.0,1225.0,3.0,2.0,1243.0,1948.0,7579.44,singleFamily,5,176030.0,2025,https://www.zillow.com,https://photos.zillowstatic.com/fp/4ec22cdcbbeac5969f53d26620269795-p_c.jpg,2026-07-06 12:02,For Sale
26854874,7791 Los Gatos Dr,75232,Dallas,TX,32.652737,-96.85389,205000,98.0,,,,4.0,2.0,2092.0,1975.0,4530.24,singleFamily,6,260430.0,2025,https://www.zillow.com,https://photos.zillowstatic.com/fp/0e5697127644331d001e5099cfa008a2-p_c.jpg,2026-07-06 12:02,For Sale
26806508,10564 Cox Ln,75229,Dallas,TX,32.891514,-96.85379,1399000,474.0,,,,4.0,4.0,2950.0,1972.0,0.3,singleFamily,7,1114010.0,2025,https://www.zillow.com,https://photos.zillowstatic.com/fp/9b8e0d1f025453fa64b830ffa39193bd-p_c.jpg,2026-07-06 12:02,For Sale
26908163,10204 Oak Terrace Cir,75227,Dallas,TX,32.756134,-96.64732,150000,123.0,,216300.0,1780.0,3.0,2.0,1217.0,1986.0,4530.24,singleFamily,3,199840.0,2025,https://www.zillow.com,https://photos.zillowstatic.com/fp/4ad8d46b26b62a6b93775c3707e2fd96-p_c.jpg,2026-07-06 12:02,For Sale
26842493,3234 San Lucas Ave,75228,Dallas,TX,32.831047,-96.66074,324999,261.0,,317300.0,1962.0,3.0,2.0,1246.0,1954.0,9300.06,singleFamily,5,283020.0,2025,https://www.zillow.com,https://photos.zillowstatic.com/fp/b80cd3cf71e10554028176fc66a3a06d-p_c.jpg,2026-07-06 12:02,For Sale
26824907,311 Glen Oaks Blvd,75232,Dallas,TX,32.68169,-96.83035,379900,140.0,-14100.0,388600.0,3567.0,4.0,3.0,2723.0,1962.0,0.27999999999999997,singleFamily,33,387280.0,2025,https://www.zillow.com,https://photos.zillowstatic.com/fp/00a2c00ede9148cbedb866e76b5b63d5-p_c.jpg,2026-07-06 12:02,For Sale
67961685,2335 Clark St,75204,Dallas,TX,32.797848,-96.797035,599000,417.0,,,,2.0,3.0,1438.0,2004.0,958.32,townhome,4,666430.0,2025,https://www.zillow.com,https://photos.zillowstatic.com/fp/609b56e3d96f1ccfcfb8afedcd1925d6-p_c.jpg,2026-07-06 12:02,For Sale
26898419,5901 Palo Pinto Ave,75206,Dallas,TX,32.820164,-96.76564,1600000,438.0,,1531000.0,6770.0,4.0,3.0,3649.0,1915.0,8825.256,singleFamily,10,1008920.0,2025,https://www.zillow.com,https://photos.zillowstatic.com/fp/e32c2ce21ee20e225d62cc247244f4c3-p_c.jpg,2026-07-06 12:02,For Sale
26903405,9022 Villa Park Cir,75225,Dallas,TX,32.872677,-96.77756,497000,296.0,,,,3.0,2.0,1678.0,1966.0,5183.64,singleFamily,3,361360.0,2025,https://www.zillow.com,https://photos.zillowstatic.com/fp/c4674fb1f5ba550a9cf9cd5d43af343f-p_c.jpg,2026-07-06 12:02,For Sale
26773376,322 W Brownlee Ave,75224,Dallas,TX,32.709957,-96.82748,290000,187.0,,289200.0,2854.0,3.0,2.0,1551.0,2026.0,7274.52,singleFamily,31,70000.0,2025,https://www.zillow.com,https://photos.zillowstatic.com/fp/ad351ef474eb61e09fb4a69f0fa02722-p_c.jpg,2026-07-06 12:02,For Sale
26892486,7334 Oakmore Dr,75249,Dallas,TX,32.63114,-96.95059,319997,154.0,,,2506.0,4.0,2.0,2083.0,1979.0,6664.68,singleFamily,4,300810.0,2025,https://www.zillow.com,https://photos.zillowstatic.com/fp/df5bdf5606e9132163a16a7f3accc1e3-p_c.jpg,2026-07-06 12:02,For Sale
26610131,7306 Highland Glen Trl,75248,Dallas,TX,32.98711,-96.781235,499000,248.0,,490000.0,2815.0,3.0,3.0,2009.0,1981.0,6534.0,singleFamily,3,562261.0,2025,https://www.zillow.com,https://photos.zillowstatic.com/fp/c0a9962b732a37422d570b03eb50e06d-p_c.jpg,2026-07-06 12:02,For Sale
26770242,3606 Texas Dr,75211,Dallas,TX,32.723667,-96.87948,289900,177.0,-10000.0,288600.0,2617.0,5.0,3.0,1634.0,1949.0,6098.4,singleFamily,184,194420.0,2025,https://www.zillow.com,https://photos.zillowstatic.com/fp/3091c25d07a03af2becd6061a55a14be-p_c.jpg,2026-07-06 12:02,For Sale
80236526,1152 Galicia Ln,75217,Dallas,TX,32.693134,-96.66685,260000,131.0,,250600.0,2347.0,4.0,2.0,1980.0,2006.0,5488.56,singleFamily,4,313490.0,2025,https://www.zillow.com,https://photos.zillowstatic.com/fp/2ffefb7ee14c27be25beec714eeaca9c-p_c.jpg,2026-07-06 12:02,For Sale
26717497,1119 N Winnetka Ave,75208,Dallas,TX,32.757988,-96.840576,1195000,345.0,-60000.0,1153500.0,6098.0,4.0,4.0,3468.0,1925.0,7753.68,singleFamily,38,900000.0,2025,https://www.zillow.com,https://photos.zillowstatic.com/fp/fc13bb38a5559bfb942e01a1d28b5682-p_c.jpg,2026-07-06 12:02,For Sale
26782150,4708 Dove Creek Way,75232,Dallas,TX,32.687206,-96.84905,269500,162.0,,264700.0,2132.0,3.0,2.0,1664.0,1956.0,0.5680000000000001,singleFamily,26,267150.0,2025,https://www.zillow.com,https://photos.zillowstatic.com/fp/0131330be0542d53ba63bf0eecf35d82-p_c.jpg,2026-07-06 12:02,For Sale
26867597,7310 Hundley Blvd,75231,Dallas,TX,32.881535,-96.74287,749000,297.0,-38000.0,,,3.0,3.0,2522.0,1978.0,8319.96,singleFamily,32,650000.0,2025,https://www.zillow.com,https://photos.zillowstatic.com/fp/1a0a58d0b5a48e68253b59bdda92fe8e-p_c.jpg,2026-07-06 12:02,For Sale
26844596,2506 Gross Rd,75228,Dallas,TX,32.813946,-96.673035,560000,193.0,,558300.0,3486.0,5.0,4.0,2900.0,2026.0,9757.44,singleFamily,31,229740.0,2025,https://www.zillow.com,https://photos.zillowstatic.com/fp/4daa8d36c980689eb1f33c910e84db1a-p_c.jpg,2026-07-06 12:02,For Sale
26739325,8522 Park Ln APT 15,75231,Dallas,TX,32.87035,-96.75758,220000,104.0,,211800.0,2045.0,3.0,3.0,2120.0,1979.0,1.235,condo,30,275600.0,2025,https://www.zillow.com,https://photos.zillowstatic.com/fp/93074ac32cf753c068a038fb0c32d087-p_c.jpg,2026-07-06 12:02,For Sale
26805952,3923 Weeburn Dr,75229,Dallas,TX,32.90733,-96.847534,1250000,458.0,,1189400.0,5825.0,4.0,3.0,2727.0,1964.0,0.367,singleFamily,17,1196530.0,2025,https://www.zillow.com,https://photos.zillowstatic.com/fp/8bbc23a558ee2780f176e9e2e66140e9-p_c.jpg,2026-07-06 12:02,For Sale
26739317,8522 Park Ln APT 6,75231,Dallas,TX,32.870304,-96.75759,185000,87.0,-5000.0,,,2.0,3.0,2120.0,1979.0,1.235,singleFamily,135,275600.0,2025,https://www.zillow.com,https://photos.zillowstatic.com/fp/96e6d3893c340538e772cd272313ee47-p_c.jpg,2026-07-06 12:02,For Sale
26728734,1306 Woodlawn Ave,75208,Dallas,TX,32.75984,-96.82937,795000,419.0,,758100.0,5480.0,2.0,2.0,1898.0,1939.0,7666.56,singleFamily,11,1057020.0,2025,https://www.zillow.com,https://photos.zillowstatic.com/fp/842fe7f922be03c773235bdad4091454-p_c.jpg,2026-07-06 12:02,For Sale
26848651,6566 Ridgeview Cir,75240,Dallas,TX,32.927986,-96.792366,1000000,305.0,-120000.0,963200.0,7367.0,4.0,5.0,3282.0,1958.0,0.44899999999999995,singleFamily,51,794500.0,2025,https://www.zillow.com,https://photos.zillowstatic.com/fp/743df58e4f710a878681fac53f7bead2-p_c.jpg,2026-07-06 12:02,For Sale
26881292,4452 Sugar Mill Rd,75244,Dallas,TX,32.918533,-96.83193,1495000,437.0,-80000.0,1422900.0,6828.0,5.0,5.0,3422.0,1966.0,0.37900000000000006,singleFamily,60,1527000.0,2025,https://www.zillow.com,https://photos.zillowstatic.com/fp/86a97f63a4aeca2864caa3d02fb619bf-p_c.jpg,2026-07-06 12:02,For Sale
26680077,4129 Bowser Ave,75219,Dallas,TX,32.816257,-96.80915,746900,189.0,-39100.0,,,3.0,3.0,3956.0,1927.0,6141.96,singleFamily,38,1039410.0,2025,https://www.zillow.com,https://photos.zillowstatic.com/fp/58aaeebd5318249c8317fa1e5fe51600-p_c.jpg,2026-07-06 12:02,For Sale
26912907,8934 Greenville Ave,75243,Dallas,TX,32.898563,-96.75061,749000,250.0,,724800.0,3332.0,3.0,3.0,2994.0,1996.0,5140.08,singleFamily,2,640000.0,2025,https://www.zillow.com,https://photos.zillowstatic.com/fp/0db2374ced4b74b15289c0834dd3a6c3-p_c.jpg,2026-07-06 12:02,For Sale
26745532,2618 Centerville Rd,75228,Dallas,TX,32.842564,-96.6685,255000,195.0,,248900.0,1933.0,3.0,2.0,1308.0,1952.0,7274.52,singleFamily,37,209480.0,2025,https://www.zillow.com,https://photos.zillowstatic.com/fp/debc174351252ea6b814096e60c5834e-p_c.jpg,2026-07-06 12:02,For Sale
26883459,11926 Leisure Dr,75243,Dallas,TX,32.911163,-96.71145,184900,125.0,,179800.0,2058.0,3.0,3.0,1478.0,1974.0,2613.6,townhome,18,237900.0,2025,https://www.zillow.com,https://photos.zillowstatic.com/fp/bb78898cd61d739bace1d102375e5263-p_c.jpg,2026-07-06 12:02,For Sale
26857324,4755 Nome St,75216,Dallas,TX,32.7162,-96.74371,115000,105.0,-15000.0,,1581.0,2.0,2.0,1092.0,1940.0,7448.76,singleFamily,38,171970.0,2025,https://www.zillow.com,https://photos.zillowstatic.com/fp/952535001d053794236a22c71c1ec2ab-p_c.jpg,2026-07-06 12:02,For Sale
26869902,9223 Club Glen Dr,75243,Dallas,TX,32.90173,-96.74409,1150000,286.0,-45000.0,,,4.0,3.0,4026.0,1979.0,10410.84,singleFamily,40,1085440.0,2025,https://www.zillow.com,https://photos.zillowstatic.com/fp/ae21523ef1f510d4873f1a4eb4145e82-p_c.jpg,2026-07-06 12:02,For Sale
26704284,5621 McCommas Blvd,75206,Dallas,TX,32.8302,-96.771515,1249000,532.0,,,,3.0,4.0,2346.0,1928.0,8232.84,singleFamily,24,934880.0,2025,https://www.zillow.com,https://photos.zillowstatic.com/fp/e7eceaed3175176cdb699eb147fea8b0-p_c.jpg,2026-07-06 12:02,For Sale
26754335,6704 Northwood Rd,75225,Dallas,TX,32.869377,-96.78964,2300000,450.0,,2204100.0,8368.0,5.0,6.0,5110.0,2006.0,9321.84,singleFamily,2,2158700.0,2025,https://www.zillow.com,https://photos.zillowstatic.com/fp/6422d9bbf0fa2bb0469cbc2eeb6f1fab-p_c.jpg,2026-07-06 12:02,For Sale
26607707,6214 Berthoud Pass,75252,Dallas,TX,32.991364,-96.798355,599995,275.0,,,,3.0,2.0,2182.0,1984.0,7840.8,singleFamily,18,542540.0,2025,https://www.zillow.com,https://photos.zillowstatic.com/fp/c1d49dc558301a521c8812b04605be91-p_c.jpg,2026-07-06 12:02,For Sale
26736116,4255 Cochran Chapel Rd,75209,Dallas,TX,32.862278,-96.837234,10900000,986.0,-595000.0,,,5.0,8.0,11056.0,2002.0,2.003,singleFamily,135,7387770.0,2025,https://www.zillow.com,https://photos.zillowstatic.com/fp/5e8815a2af30d03f451604378244c9c7-p_c.jpg,2026-07-06 12:02,For Sale
26729241,1518 Oak Knoll St,75208,Dallas,TX,32.762928,-96.83254,1345000,423.0,-50000.0,1301800.0,7072.0,4.0,4.0,3180.0,1948.0,0.29200000000000004,singleFamily,47,1895320.0,2025,https://www.zillow.com,https://photos.zillowstatic.com/fp/fca8bb69f60de8b0346af815b3e86b4c-p_c.jpg,2026-07-06 12:02,For Sale
67962082,3164 Saint Dominic Cir,75233,Dallas,TX,32.709225,-96.87288,294900,150.0,,,,4.0,3.0,1960.0,2004.0,8058.6,singleFamily,19,298530.0,2025,https://www.zillow.com,https://photos.zillowstatic.com/fp/108cfe79fb06d993b35985bd04a6d586-p_c.jpg,2026-07-06 12:02,For Sale
96490665,7817 Red Spring Rd,75241,Dallas,TX,32.65218,-96.82145,415000,189.0,-10000.0,,,4.0,3.0,2190.0,2026.0,5488.56,singleFamily,89,240880.0,2025,https://www.zillow.com,https://photos.zillowstatic.com/fp/ad5f818bb79d7fce838087aae0a2308a-p_c.jpg,2026-07-06 12:02,For Sale
26754961,6830 Stefani Dr,75225,Dallas,TX,32.877728,-96.7874,5500000,732.0,,5251700.0,7744.0,5.0,7.0,7517.0,2026.0,0.413,singleFamily,8,1468770.0,2025,https://www.zillow.com,https://photos.zillowstatic.com/fp/b551583c4a8de3af10c5380b36e08b37-p_c.jpg,2026-07-06 12:02,For Sale
444242369,8181 Douglas Ave #Penthouse 9-12,75225,Dallas,TX,32.86198,-96.80891,17500000,1228.0,,,,5.0,13.0,14250.0,1982.0,0.4255,condo,64,,,https://www.zillow.com,https://photos.zillowstatic.com/fp/740a8ec79973c1a2fb3483c4cdf6d421-p_c.jpg,2026-07-06 12:02,For Sale
96514370,2418 Merlin St,75215,Dallas,TX,32.77463,-96.77442,299900,180.0,14900.0,292000.0,2746.0,3.0,3.0,1669.0,2025.0,,singleFamily,352,90000.0,2025,https://www.zillow.com,https://photos.zillowstatic.com/fp/91b90021b7264137b0710455580e2b4f-p_c.jpg,2026-07-06 12:02,For Sale
26702047,6933 Delrose Dr,75214,Dallas,TX,32.825703,-96.7398,2790000,728.0,,2618500.0,7058.0,4.0,4.0,3835.0,1979.0,0.49599999999999994,singleFamily,24,1850080.0,2025,https://www.zillow.com,https://photos.zillowstatic.com/fp/3c7540458c0312d1b9882ec9d9a38e1b-p_c.jpg,2026-07-06 12:02,For Sale
26780322,2904 Bridal Wreath Ln,75233,Dallas,TX,32.6954,-96.868065,279000,107.0,,356500.0,2811.0,4.0,4.0,2598.0,1970.0,0.334,singleFamily,6,365520.0,2025,https://www.zillow.com,https://photos.zillowstatic.com/fp/4e36aae9bbd2d3bc25262184385ceb7c-p_c.jpg,2026-07-06 12:02,For Sale
26810470,3147 Newcastle Dr,75220,Dallas,TX,32.880196,-96.86986,415000,262.0,,400600.0,3366.0,3.0,2.0,1585.0,1956.0,9801.0,singleFamily,10,398050.0,2025,https://www.zillow.com,https://photos.zillowstatic.com/fp/1c4a17a799b630c1f7b3e62946d51003-p_c.jpg,2026-07-06 12:02,For Sale
26748957,6050 Melody Ln APT 107,75231,Dallas,TX,32.867275,-96.76023,110000,98.0,-4500.0,,1328.0,2.0,2.0,1127.0,1979.0,,condo,381,150990.0,2025,https://www.zillow.com,https://photos.zillowstatic.com/fp/2a5b64d7e2042cb2b38da9bdf10acd8e-p_c.jpg,2026-07-06 12:02,For Sale
336886774,1747 Leonard St Suite 2601,75201,Dallas,TX,32.78981,-96.79704,17500000,2276.0,,,,4.0,6.0,7688.0,2025.0,0.8300000000000001,condo,460,6334910.0,2025,https://www.zillow.com,https://photos.zillowstatic.com/fp/d7655d47504514c98f614924aa534bc7-p_c.jpg,2026-07-06 12:02,For Sale
26814311,6633 Emhouse St,75232,Dallas,TX,32.66675,-96.828224,245000,141.0,,240700.0,2200.0,4.0,2.0,1738.0,1949.0,10062.36,singleFamily,12,265760.0,2025,https://www.zillow.com,https://photos.zillowstatic.com/fp/ac3bc145aec85a5e339c8ee0d2272778-p_c.jpg,2026-07-06 12:02,For Sale
26697653,4859 Cedar Springs Rd #255,75219,Dallas,TX,32.81927,-96.822525,100000,150.0,,102800.0,1296.0,1.0,1.0,665.0,1970.0,6.609,condo,0,116490.0,2025,https://www.zillow.com,https://photos.zillowstatic.com/fp/7a5120c05cd470931791dde2ccc76866-p_c.jpg,2026-07-06 12:02,For Sale
341774501,4029 Ivanhoe Ln,75212,Dallas,TX,32.792294,-96.85557,730000,189.0,-50000.0,721800.0,4962.0,5.0,4.0,3868.0,2023.0,7666.56,singleFamily,282,902480.0,2025,https://www.zillow.com,https://photos.zillowstatic.com/fp/6fa3ac75b3fcee965794e419c9129538-p_c.jpg,2026-07-06 12:02,For Sale
26891681,7323 Ashcrest Ln,75249,Dallas,TX,32.643494,-96.95034,250000,173.0,,247000.0,2360.0,3.0,2.0,1444.0,1976.0,7710.12,singleFamily,3,232290.0,2025,https://www.zillow.com,https://photos.zillowstatic.com/fp/5c5fe6076aef5a4cb4eae6482b235db1-p_c.jpg,2026-07-06 12:02,For Sale
96535061,272 W Lawson Rd Trailer 231,75253,Dallas,TX,32.697445,-96.574326,109999,,-24996.0,,2080.0,3.0,2.0,0.0,2021.0,6500.0,manufactured,205,4940.0,2020,https://www.zillow.com,https://photos.zillowstatic.com/fp/f57312f0cebc99483a2e0e7e75d0cb0f-p_c.jpg,2026-07-06 12:02,For Sale
26701044,7159 Wildgrove Ave,75214,Dallas,TX,32.81608,-96.73312,2197000,533.0,-103000.0,,,5.0,5.0,4120.0,2026.0,9060.48,singleFamily,59,818680.0,2025,https://www.zillow.com,https://photos.zillowstatic.com/fp/c3eb07c41db5dda388f419e2f5b786e8-p_c.jpg,2026-07-06 12:02,For Sale
26754903,6616 Prestonshire Ln,75225,Dallas,TX,32.875435,-96.7914,6850000,840.0,,6453700.0,6144.0,5.0,7.0,8153.0,2026.0,0.462,singleFamily,13,1711050.0,2025,https://www.zillow.com,https://photos.zillowstatic.com/fp/04a8ad3a067f065706d1d1b3a59e861a-p_c.jpg,2026-07-06 12:02,For Sale
26626524,18095 Whispering Gables Ln,75287,Dallas,TX,32.995853,-96.84044,315000,291.0,-10000.0,311000.0,1938.0,2.0,2.0,1083.0,1983.0,4356.0,singleFamily,17,308085.0,2025,https://www.zillow.com,https://photos.zillowstatic.com/fp/d9bcc041579aebbd1347e2e739f356b4-p_c.jpg,2026-07-06 12:02,For Sale
26645669,4847 Holly Tree Dr,75287,Dallas,TX,32.998787,-96.82273,1199500,295.0,-50400.0,,,4.0,4.0,4062.0,1999.0,10018.8,singleFamily,29,1012714.0,2025,https://www.zillow.com,https://photos.zillowstatic.com/fp/b39dff5d98bf907717816138283ebe82-p_c.jpg,2026-07-06 12:02,For Sale
67961530,2522 Wilhurt Ave,75216,Dallas,TX,32.703674,-96.78344,149900,120.0,-10100.0,,2001.0,4.0,2.0,1244.0,1940.0,6359.76,singleFamily,36,246150.0,2025,https://www.zillow.com,https://photos.zillowstatic.com/fp/cf00a5b9db34c932e46b63392ef8d893-p_c.jpg,2026-07-06 12:02,For Sale
26887063,8517 Clover Meadow Dr,75243,Dallas,TX,32.894066,-96.73541,625000,192.0,-35000.0,603500.0,6135.0,4.0,4.0,3248.0,1978.0,0.29,singleFamily,228,755630.0,2025,https://www.zillow.com,https://photos.zillowstatic.com/fp/5d294644ce75c9ffbe9e95faf94f67a2-p_c.jpg,2026-07-06 12:02,For Sale
26874199,6631 Fireflame Dr,75248,Dallas,TX,32.960667,-96.79233,829900,331.0,,,,4.0,3.0,2506.0,1978.0,7492.32,singleFamily,19,540750.0,2025,https://www.zillow.com,https://photos.zillowstatic.com/fp/365949c8946bb9ab043a62d1308d2d8a-p_c.jpg,2026-07-06 12:02,For Sale
26750994,6396 Abrams Ct,75231,Dallas,TX,32.86111,-96.74454,379000,256.0,-10000.0,373100.0,2257.0,2.0,2.0,1480.0,1980.0,4094.64,singleFamily,78,376000.0,2025,https://www.zillow.com,https://photos.zillowstatic.com/fp/6579eefe10fe52f79b6704876798de9f-p_c.jpg,2026-07-06 12:02,For Sale
26696156,818 Valencia St,75223,Dallas,TX,32.802418,-96.743065,650000,447.0,,635300.0,2710.0,2.0,2.0,1453.0,1938.0,7056.72,singleFamily,0,656790.0,2025,https://www.zillow.com,https://photos.zillowstatic.com/fp/5e8cb6a1f2e66e0b5978425bf782a558-p_c.jpg,2026-07-06 12:02,For Sale
96531451,12102 Jackson Creek Dr,75243,Dallas,TX,32.912968,-96.71752,624000,206.0,-1000.0,612200.0,3961.0,4.0,4.0,3034.0,2013.0,0.258,singleFamily,69,631260.0,2025,https://www.zillow.com,https://photos.zillowstatic.com/fp/7c6fbf55d938fe6fa9df292d30ea845d-p_c.jpg,2026-07-06 12:02,For Sale
26864728,9815 Windledge Dr,75238,Dallas,TX,32.884884,-96.71711,650000,271.0,-25000.0,,,4.0,2.0,2398.0,1963.0,8712.0,singleFamily,16,602660.0,2025,https://www.zillow.com,https://photos.zillowstatic.com/fp/5fed37dc5b2a42d0652a9ba93f611d18-p_c.jpg,2026-07-06 12:02,For Sale
26699184,5130 Echo Ave,75215,Dallas,TX,32.751698,-96.74873,360000,197.0,,357800.0,2528.0,4.0,3.0,1826.0,2026.0,4922.28,singleFamily,10,49350.0,2025,https://www.zillow.com,https://photos.zillowstatic.com/fp/9aa5016a069a76e15675591616049c5e-p_c.jpg,2026-07-06 12:02,For Sale
96503850,1011 S Waverly Dr,75208,Dallas,TX,32.735634,-96.84955,499900,143.0,-25100.0,507400.0,5401.0,5.0,4.0,3506.0,2022.0,7274.52,singleFamily,60,833230.0,2025,https://www.zillow.com,https://photos.zillowstatic.com/fp/18191b0fb386ba9516d4de76b213efe3-p_c.jpg,2026-07-06 12:02,For Sale
26701570,6427 Lakewood Blvd,75214,Dallas,TX,32.818043,-96.751884,1750000,478.0,-40000.0,,,5.0,4.0,3662.0,1925.0,8799.12,singleFamily,58,1320700.0,2025,https://www.zillow.com,https://photos.zillowstatic.com/fp/48e1c5704ef78e182648c47376e7d0d1-p_c.jpg,2026-07-06 12:02,For Sale
26751579,7735 Deer Trail Dr,75238,Dallas,TX,32.86573,-96.7298,680000,379.0,,,,3.0,3.0,1794.0,1958.0,9539.64,singleFamily,1,614840.0,2025,https://www.zillow.com,https://photos.zillowstatic.com/fp/a92aa780756ed20cf4e9b7b79fd36244-p_c.jpg,2026-07-06 12:02,For Sale
26854696,9908 Greenfield Dr,75238,Dallas,TX,32.87817,-96.7147,545000,280.0,,533400.0,3476.0,3.0,2.0,1946.0,1963.0,10018.8,singleFamily,10,564970.0,2025,https://www.zillow.com,https://photos.zillowstatic.com/fp/716e2db44d0bd8f75b11656e4aeb2356-p_c.jpg,2026-07-06 12:02,For Sale
26830179,2351 Kingswood Dr,75228,Dallas,TX,32.7992,-96.71371,184900,190.0,-15000.0,,,3.0,1.0,972.0,1956.0,7492.32,singleFamily,20,282850.0,2025,https://www.zillow.com,https://photos.zillowstatic.com/fp/d366d4195452a0c11c577652f700e9ef-p_c.jpg,2026-07-06 12:02,For Sale
26726908,2014 Berwick Ave,75203,Dallas,TX,32.728386,-96.79678,139999,103.0,,,1931.0,3.0,1.0,1362.0,1925.0,8189.28,singleFamily,19,221210.0,2025,https://www.zillow.com,https://photos.zillowstatic.com/fp/2f2f59dbd513ad52af77893b0654379b-p_c.jpg,2026-07-06 12:02,For Sale
69677111,1122 Jackson St APT 606,75202,Dallas,TX,32.778316,-96.80129,295000,287.0,,291700.0,1937.0,1.0,1.0,1028.0,1925.0,0.984,condo,9,253000.0,2025,https://www.zillow.com,https://photos.zillowstatic.com/fp/634d8d4a02e660a55f66cbfaffc8c66e-p_c.jpg,2026-07-06 12:02,For Sale
26860038,8034 Greenhollow Ln,75240,Dallas,TX,32.93785,-96.76769,418000,200.0,,414600.0,2889.0,5.0,3.0,2086.0,1961.0,8102.16,singleFamily,52,314120.0,2025,https://www.zillow.com,https://photos.zillowstatic.com/fp/d99684671c4bcd078842ebe66e66f571-p_c.jpg,2026-07-06 12:02,For Sale
26812501,3043 Allister St,75229,Dallas,TX,32.90753,-96.87399,308800,227.0,-10000.0,306800.0,2162.0,3.0,2.0,1358.0,1983.0,3659.04,singleFamily,92,310090.0,2025,https://www.zillow.com,https://photos.zillowstatic.com/fp/acacd344949cd91aff64f3ed9b12ca71-p_c.jpg,2026-07-06 12:02,For Sale
26812269,3048 Airhaven St,75229,Dallas,TX,32.905598,-96.874115,335000,174.0,-15000.0,,,3.0,2.0,1928.0,1981.0,5314.32,singleFamily,135,391660.0,2025,https://www.zillow.com,https://photos.zillowstatic.com/fp/504c796b67f901725a3a0ed28532582c-p_c.jpg,2026-07-06 12:02,For Sale
26893721,7001 Kingshollow Dr,75248,Dallas,TX,32.967854,-96.78662,1025000,322.0,-25000.0,993500.0,5204.0,4.0,4.0,3181.0,1978.0,0.338,singleFamily,51,942630.0,2025,https://www.zillow.com,https://photos.zillowstatic.com/fp/1a8767bd07ff3f69113b5b573530ff4d-p_c.jpg,2026-07-06 12:02,For Sale
26826036,1811 Reynoldston Ln,75232,Dallas,TX,32.67651,-96.850945,295000,146.0,-5000.0,287500.0,2440.0,3.0,2.0,2022.0,1967.0,0.34500000000000003,singleFamily,35,289140.0,2025,https://www.zillow.com,https://photos.zillowstatic.com/fp/24eacceefa9b3ea697db2fe46a931390-p_c.jpg,2026-07-06 12:02,For Sale
26714388,1442 Stella Ave,75216,Dallas,TX,32.727345,-96.802475,519000,167.0,-30000.0,516500.0,4553.0,5.0,4.0,3100.0,2026.0,8058.6,singleFamily,81,180780.0,2025,https://www.zillow.com,https://photos.zillowstatic.com/fp/5e4194e9b3ad3651cb82ccf0e10b6d99-p_c.jpg,2026-07-06 12:02,For Sale
26850691,10357 Baronne Cir,75218,Dallas,TX,32.860115,-96.70382,425000,470.0,,412100.0,2037.0,3.0,1.0,905.0,1970.0,0.46299999999999997,singleFamily,24,392280.0,2025,https://www.zillow.com,https://photos.zillowstatic.com/fp/4098c277662c94e81c531615459daf11-p_c.jpg,2026-07-06 12:02,For Sale
26694528,3703 York St,75210,Dallas,TX,32.765,-96.74545,298000,175.0,-1000.0,,2068.0,3.0,3.0,1699.0,2025.0,3267.0,singleFamily,137,26000.0,2025,https://www.zillow.com,https://photos.zillowstatic.com/fp/9b87a950a3f0806808cdcb563ebf8510-p_c.jpg,2026-07-06 12:02,For Sale
60346601,13329 Southview Ln,75240,Dallas,TX,32.929558,-96.76768,275000,170.0,,,,3.0,2.0,1618.0,1968.0,4878.72,singleFamily,62,242430.0,2025,https://www.zillow.com,https://photos.zillowstatic.com/fp/d3f6a62f58a643135991119e237adf46-p_c.jpg,2026-07-06 12:02,For Sale
26784363,3822 Vandervort Dr,75216,Dallas,TX,32.71742,-96.765434,474900,151.0,-5000.0,,,4.0,4.0,3150.0,1955.0,0.373,singleFamily,73,276450.0,2025,https://www.zillow.com,https://photos.zillowstatic.com/fp/62115b58f66f1299c10cc6235bf89b9c-p_c.jpg,2026-07-06 12:02,For Sale
26759091,9930 Strait Ln,75220,Dallas,TX,32.878914,-96.82568,4750000,741.0,-240000.0,4614800.0,6798.0,5.0,6.0,6412.0,1971.0,0.951,singleFamily,26,3115610.0,2025,https://www.zillow.com,https://photos.zillowstatic.com/fp/d703d325e6d4af4a408b4d4bd6d72984-p_c.jpg,2026-07-06 12:02,For Sale
26588508,4212 Joshua Ln,75287,Dallas,TX,32.99952,-96.83774,595000,233.0,-25000.0,586000.0,3445.0,4.0,3.0,2551.0,1981.0,8712.0,singleFamily,38,491420.0,2025,https://www.zillow.com,https://photos.zillowstatic.com/fp/1ebfeb6a5ff5587357fb8301d0bdd990-p_c.jpg,2026-07-06 12:02,For Sale
96524336,13405 Baldcypress Dr,75253,Dallas,TX,32.676456,-96.60802,275000,178.0,,,,4.0,2.0,1542.0,2017.0,6316.2,singleFamily,4,249820.0,2025,https://www.zillow.com,https://photos.zillowstatic.com/fp/bedca5905a0f8962dac7e0fa6e759b7f-p_c.jpg,2026-07-06 12:02,For Sale
26680664,1726 Driskell St,75215,Dallas,TX,32.755207,-96.76747,400000,148.0,-25000.0,398900.0,3015.0,5.0,3.0,2700.0,2026.0,7492.32,singleFamily,134,264390.0,2025,https://www.zillow.com,https://photos.zillowstatic.com/fp/5c4259d94c037232f1d4ff086b284119-p_c.jpg,2026-07-06 12:02,For Sale
26870526,14015 Highmark Sq,75254,Dallas,TX,32.939445,-96.80321,600000,233.0,,584300.0,4312.0,3.0,3.0,2575.0,1980.0,6795.36,singleFamily,53,673310.0,2025,https://www.zillow.com,https://photos.zillowstatic.com/fp/4090b396b0eb06e646074b386208bb45-p_c.jpg,2026-07-06 12:02,For Sale
26742743,10331 Eastwood Dr,75228,Dallas,TX,32.836155,-96.682785,538999,291.0,-11001.0,530100.0,2539.0,3.0,2.0,1850.0,2026.0,0.257,singleFamily,20,252970.0,2025,https://www.zillow.com,https://photos.zillowstatic.com/fp/410b97ed93a67116aefc0ab1e370fc47-p_c.jpg,2026-07-06 12:02,For Sale
251446117,1401 Seegar St,75215,Dallas,TX,32.767525,-96.78855,389000,91.0,-30000.0,388700.0,5796.0,5.0,6.0,4293.0,2025.0,2657.16,singleFamily,104,553370.0,2025,https://www.zillow.com,https://photos.zillowstatic.com/fp/88e5c3a5c1469e91160ef8dd3d99d133-p_c.jpg,2026-07-06 12:02,For Sale
26953676,1826 McAlaster St,75104,Cedar Hill,TX,32.632515,-96.95598,210000,130.0,,250800.0,2306.0,3.0,3.0,1611.0,1986.0,4791.6,singleFamily,0,232950.0,2025,https://www.zillow.com,https://photos.zillowstatic.com/fp/ec0c3b19b73966555abd42ff32df8bf0-p_c.jpg,2026-07-06 12:02,For Sale
26899191,3901 Turtle Creek Blvd #7,75219,Dallas,TX,32.816788,-96.79974,8900000,1310.0,,,,3.0,6.0,6792.0,1997.0,7535.88,singleFamily,76,3145000.0,2025,https://www.zillow.com,https://photos.zillowstatic.com/fp/da8210692bd7a70faad4b9c3fc7bf180-p_c.jpg,2026-07-06 12:02,For Sale
26914550,5668 Centeridge Dr,75249,Dallas,TX,32.658012,-96.96212,220000,149.0,,220000.0,2106.0,3.0,2.0,1476.0,1997.0,5723.784,singleFamily,3,280610.0,2025,https://www.zillow.com,https://photos.zillowstatic.com/fp/06748a8045dbe4dfd50a4f7e180000b2-p_c.jpg,2026-07-06 12:02,For Sale
26843039,10870 Cassandra Way,75228,Dallas,TX,32.843506,-96.66248,240000,182.0,-29000.0,,2014.0,4.0,2.0,1320.0,1955.0,7300.0,singleFamily,47,236200.0,2025,https://www.zillow.com,https://photos.zillowstatic.com/fp/9e355116f3bcb453ed2e8b7930166b39-p_c.jpg,2026-07-06 12:02,For Sale
26871906,6810 Town Bluff Dr,75248,Dallas,TX,32.95476,-96.791534,715000,226.0,-2500.0,699500.0,4895.0,4.0,3.0,3161.0,1974.0,0.331,singleFamily,53,721940.0,2025,https://www.zillow.com,https://photos.zillowstatic.com/fp/ce0c120b4727d0e6702bfb6b67cf6064-p_c.jpg,2026-07-06 12:02,For Sale
26792745,10050 Gooding Dr,75229,Dallas,TX,32.88201,-96.843,2699900,443.0,-50100.0,,,5.0,6.0,6100.0,2025.0,0.344,singleFamily,60,1063050.0,2025,https://www.zillow.com,https://photos.zillowstatic.com/fp/e9185bfb300a957216a9364084346b68-p_c.jpg,2026-07-06 12:02,For Sale
26927701,4023 Wycliff Ave APT 204,75219,Dallas,TX,32.819965,-96.807594,275000,187.0,,266000.0,2825.0,3.0,2.0,1470.0,1965.0,0.263,condo,52,330000.0,2025,https://www.zillow.com,https://photos.zillowstatic.com/fp/feafb3b3e33f580f691b017c6d51886a-p_c.jpg,2026-07-06 12:02,For Sale
26874917,15825 El Estado Dr,75248,Dallas,TX,32.96463,-96.770966,580000,200.0,-10000.0,,,6.0,4.0,2906.0,1968.0,9670.32,singleFamily,107,551890.0,2025,https://www.zillow.com,https://photos.zillowstatic.com/fp/e782b213a976adb2c7bf4ea765b37ee1-p_c.jpg,2026-07-06 12:02,For Sale
26696399,5223 Colonial Ave,75215,Dallas,TX,32.744267,-96.759224,240000,145.0,,238400.0,2360.0,4.0,2.0,1656.0,2024.0,7013.16,singleFamily,79,433110.0,2025,https://www.zillow.com,https://photos.zillowstatic.com/fp/1ffb12a24ca85cf9a7cc33cbfa96e1b2-p_c.jpg,2026-07-06 12:02,For Sale
26759936,8605 Preston Rd,75225,Dallas,TX,32.868378,-96.80515,17500000,1931.0,-5500000.0,,,2.0,6.0,9062.0,1996.0,3.204,singleFamily,244,8696530.0,2025,https://www.zillow.com,https://photos.zillowstatic.com/fp/ddd282a73cbd1cbf70b64d742471e30f-p_c.jpg,2026-07-06 12:02,For Sale
26882562,13052 Fall Manor Dr,75243,Dallas,TX,32.92621,-96.712944,495000,189.0,-3991.0,483800.0,3868.0,4.0,3.0,2619.0,1979.0,0.252,singleFamily,17,478820.0,2025,https://www.zillow.com,https://photos.zillowstatic.com/fp/a0577111af8f2bbf085f8cd36b9a9bb1-p_c.jpg,2026-07-06 12:02,For Sale
26678921,4725 Swiss Ave,75204,Dallas,TX,32.80015,-96.772545,639000,267.0,-10000.0,617700.0,3722.0,4.0,3.0,2396.0,1910.0,7013.16,singleFamily,45,486770.0,2025,https://www.zillow.com,https://photos.zillowstatic.com/fp/686121dc4f9f4c716b68bf8106acea2a-p_c.jpg,2026-07-06 12:02,For Sale
2070562948,10921 Beauty Ln,75229,Dallas,TX,32.897194,-96.86486,1900000,377.0,-95000.0,1841000.0,5823.0,4.0,6.0,5041.0,2026.0,0.283,singleFamily,9,,,https://www.zillow.com,https://photos.zillowstatic.com/fp/a7df57f9d9fa5f1026835cb78319ea1e-p_c.jpg,2026-07-06 12:02,For Sale
26755175,6031 Lupton Dr,75225,Dallas,TX,32.877293,-96.80259,6100000,870.0,-100000.0,5773500.0,7191.0,5.0,7.0,7009.0,2025.0,0.43199999999999994,singleFamily,100,2570190.0,2025,https://www.zillow.com,https://photos.zillowstatic.com/fp/48b0e44cb83164412f7f80ee793fdfab-p_c.jpg,2026-07-06 12:02,For Sale
26857947,4432 Willow Ln,75244,Dallas,TX,32.91401,-96.83275,1799000,430.0,,,7691.0,5.0,6.0,4181.0,1963.0,0.39,singleFamily,37,1225310.0,2025,https://www.zillow.com,https://photos.zillowstatic.com/fp/7ae67f2763f07f5ab54b6dc39cb797c2-p_c.jpg,2026-07-06 12:02,For Sale
26716031,1206 Vermont Ave,75216,Dallas,TX,32.72677,-96.807076,425000,118.0,-25000.0,422500.0,3919.0,4.0,4.0,3600.0,2021.0,9104.04,singleFamily,33,298420.0,2025,https://www.zillow.com,https://photos.zillowstatic.com/fp/823d6772ac9bcfad5b996e3928280b2b-p_c.jpg,2026-07-06 12:02,For Sale
26694156,6162 Llano Ave,75214,Dallas,TX,32.821747,-96.75902,1495000,380.0,-70000.0,,,4.0,4.0,3939.0,2007.0,7492.32,singleFamily,80,1439860.0,2025,https://www.zillow.com,https://photos.zillowstatic.com/fp/76ea8900dc6faf87dfae1bd90cb2f63d-p_c.jpg,2026-07-06 12:02,For Sale
26739440,6503 Ridgecrest Rd #109-I,75231,Dallas,TX,32.866634,-96.75133,150000,168.0,,,,1.0,2.0,893.0,1980.0,0.522,condo,4,135680.0,2025,https://www.zillow.com,https://photos.zillowstatic.com/fp/593c3f3d5231d7bfb58c08d343d3badf-p_c.jpg,2026-07-06 12:02,For Sale
463512551,2207 Stevens Woods Ln,75208,Dallas,TX,32.754627,-96.85319,499900,259.0,,,,3.0,2.0,1932.0,1950.0,7840.8,singleFamily,8,,,https://www.zillow.com,https://photos.zillowstatic.com/fp/52126527b000c453dcd05f764f7daba6-p_c.jpg,2026-07-06 12:02,For Sale
26693391,4330 Rawlins St,75219,Dallas,TX,32.81704,-96.81294,880000,303.0,-40000.0,850000.0,6595.0,3.0,3.0,2902.0,1948.0,7840.8,singleFamily,115,994000.0,2025,https://www.zillow.com,https://photos.zillowstatic.com/fp/e2e129bc94d5ab5bf4a6d3d5cb8459a9-p_c.jpg,2026-07-06 12:02,For Sale
26822323,6525 Palm Island St,75241,Dallas,TX,32.66635,-96.75114,150000,84.0,-10000.0,,2097.0,4.0,2.0,1790.0,1972.0,7535.88,singleFamily,74,256550.0,2025,https://www.zillow.com,https://photos.zillowstatic.com/fp/11599a24766e68ff098c5ca6bf9b3304-p_c.jpg,2026-07-06 12:02,For Sale
26715598,2404 Maryland Ave,75216,Dallas,TX,32.718815,-96.81294,250000,208.0,,236400.0,1875.0,2.0,2.0,1200.0,1925.0,7405.2,multiFamily,74,246000.0,2025,https://www.zillow.com,https://photos.zillowstatic.com/fp/6260a1ce53211b0b4d733c02dd60e959-p_c.jpg,2026-07-06 12:02,For Sale
26879828,3543 Ridgebriar Dr,75234,Dallas,TX,32.915077,-96.85929,365000,166.0,,354900.0,2591.0,4.0,2.0,2205.0,1962.0,7579.44,singleFamily,30,329140.0,2025,https://www.zillow.com,https://photos.zillowstatic.com/fp/310debec9fb56c24b49bda0a5bf5b0dd-p_c.jpg,2026-07-06 12:02,For Sale
26784662,3230 Rock Bluff Dr,75227,Dallas,TX,32.765625,-96.69388,300000,167.0,,,2335.0,3.0,2.0,1800.0,1958.0,9626.76,singleFamily,17,292430.0,2025,https://www.zillow.com,https://photos.zillowstatic.com/fp/0e11ca6511bd82ff27c6a67897d69e96-p_c.jpg,2026-07-06 12:02,For Sale
26762471,4419 Lawnview Ave,75227,Dallas,TX,32.78305,-96.72165,179900,189.0,,173000.0,1622.0,2.0,1.0,950.0,1949.0,6403.32,singleFamily,26,201930.0,2025,https://www.zillow.com,https://photos.zillowstatic.com/fp/62db4fc6e9350773f014b7d2a195265d-p_c.jpg,2026-07-06 12:02,For Sale
453046203,9839 Walnut St APT T206,75243,Dallas,TX,32.916245,-96.736465,66500,65.0,-500.0,,1554.0,2.0,2.0,1031.0,1981.0,,condo,62,,,https://www.zillow.com,https://photos.zillowstatic.com/fp/74d8b81a585e6d3939040f4bfa812cdf-p_c.jpg,2026-07-06 12:02,For Sale
26847939,2203 Healey Dr,75228,Dallas,TX,32.82515,-96.678825,465000,271.0,,452500.0,2538.0,4.0,2.0,1718.0,1957.0,0.39599999999999996,singleFamily,3,490230.0,2025,https://www.zillow.com,https://photos.zillowstatic.com/fp/c85938eb2180ea2f89bb9f0fefd60cf5-p_c.jpg,2026-07-06 12:02,For Sale
26739989,9030 San Benito Way,75218,Dallas,TX,32.822,-96.702095,599000,305.0,,,,3.0,2.0,1967.0,1938.0,9583.2,singleFamily,24,597980.0,2025,https://www.zillow.com,https://photos.zillowstatic.com/fp/532ee25b6bab765058a72fa12ca9d3b6-p_c.jpg,2026-07-06 12:02,For Sale
26812616,2953 Silverton Dr,75229,Dallas,TX,32.89979,-96.87901,424900,198.0,,407800.0,3666.0,3.0,2.0,2144.0,1959.0,7971.48,singleFamily,10,388110.0,2025,https://www.zillow.com,https://photos.zillowstatic.com/fp/0ba9979646493bc17583714e8d4e8c48-p_c.jpg,2026-07-06 12:02,For Sale
26887568,3029 Weather Vane Ln,75228,Dallas,TX,32.856544,-96.65943,300000,173.0,,293000.0,2159.0,3.0,2.0,1731.0,1979.0,7200.468,singleFamily,2,294200.0,2025,https://www.zillow.com,https://photos.zillowstatic.com/fp/26e0bc7dbcef061c73e8bc58db1dd089-p_c.jpg,2026-07-06 12:02,For Sale
26892307,7105 Pineberry Rd,75249,Dallas,TX,32.636818,-96.9457,185000,151.0,-14000.0,184000.0,1611.0,2.0,2.0,1227.0,1981.0,5140.08,singleFamily,51,210150.0,2025,https://www.zillow.com,https://photos.zillowstatic.com/fp/75724265ff120ff4fd9b8f455d307231-p_c.jpg,2026-07-06 12:02,For Sale
302787562,2515 Old Mill Rd,75287,Carrollton,TX,32.98999,-96.869675,419900,243.0,,410000.0,2751.0,3.0,2.0,1730.0,1982.0,7840.8,singleFamily,65,402838.0,2025,https://www.zillow.com,https://photos.zillowstatic.com/fp/e10ea22e6301f5f94b3426ecf508abe0-p_c.jpg,2026-07-06 12:02,For Sale
26782706,1833 Deer Path Dr,75216,Dallas,TX,32.711143,-96.76864,170000,139.0,,181900.0,2136.0,4.0,2.0,1220.0,1949.0,7503.0,singleFamily,5,90000.0,2025,https://www.zillow.com,https://photos.zillowstatic.com/fp/26d5d33509319c19775886d404a018eb-p_c.jpg,2026-07-06 12:02,For Sale
344555563,2404 Colony Ct #2406,75235,Dallas,TX,32.835716,-96.85545,340000,219.0,10000.0,329700.0,2219.0,4.0,2.0,1552.0,1947.0,6072.264,multiFamily,32,,,https://www.zillow.com,https://photos.zillowstatic.com/fp/d4569230752917f565989118ae61927c-p_c.jpg,2026-07-06 12:02,For Sale
26741254,9317 Redondo Dr,75218,Dallas,TX,32.828907,-96.70247,2299000,476.0,,2236100.0,6802.0,5.0,4.0,4831.0,2026.0,0.488,singleFamily,1,674600.0,2025,https://www.zillow.com,https://photos.zillowstatic.com/fp/a91e02554e875c9187e8511f1c96e5c0-p_c.jpg,2026-07-06 12:02,For Sale
26723956,1310 Elmwood Blvd,75224,Dallas,TX,32.72984,-96.84375,294900,234.0,,289700.0,2997.0,3.0,2.0,1261.0,1941.0,7623.0,singleFamily,8,253750.0,2025,https://www.zillow.com,https://photos.zillowstatic.com/fp/d22027b272fd3cba2a6f52329d39dae4-p_c.jpg,2026-07-06 12:02,For Sale
26829283,12484 Montego Plz,75230,Dallas,TX,32.91961,-96.81638,560000,254.0,,542700.0,4192.0,3.0,3.0,2201.0,1979.0,2395.8,townhome,4,497650.0,2025,https://www.zillow.com,https://photos.zillowstatic.com/fp/b497a8bfd541d332575bdd30556d6c4d-p_c.jpg,2026-07-06 12:02,For Sale
26702391,7122 Lakewood Blvd,75214,Dallas,TX,32.82184,-96.734665,3850000,556.0,-145000.0,3645300.0,6289.0,4.0,6.0,6929.0,2021.0,0.363,singleFamily,47,2503830.0,2025,https://www.zillow.com,https://photos.zillowstatic.com/fp/6be89693973e2fab0b47bff9cffaacd0-p_c.jpg,2026-07-06 12:02,For Sale
80224298,1200 Main St APT 701,75202,Dallas,TX,32.77981,-96.80127,389900,251.0,,384300.0,4454.0,3.0,3.0,1551.0,1974.0,1.033,condo,32,407000.0,2025,https://www.zillow.com,https://photos.zillowstatic.com/fp/0d4641322368a5ef6c9672c06ecb44c3-p_c.jpg,2026-07-06 12:02,For Sale
26899394,9233 Church Rd APT 103,75231,Dallas,TX,32.886517,-96.73183,345000,251.0,,333900.0,1976.0,3.0,2.0,1377.0,1981.0,1.477,condo,8,289170.0,2025,https://www.zillow.com,https://photos.zillowstatic.com/fp/2830840fa2653750433c99484460cc05-p_c.jpg,2026-07-06 12:02,For Sale
26851754,13321 Purple Sage Rd,75240,Dallas,TX,32.929237,-96.7778,1200000,457.0,,1139400.0,6551.0,3.0,3.0,2624.0,1966.0,0.355,singleFamily,50,968160.0,2025,https://www.zillow.com,https://photos.zillowstatic.com/fp/f5c3d3e19fb72eee6f71cdbe16794856-p_c.jpg,2026-07-06 12:02,For Sale
26787259,635 Classen Dr,75218,Dallas,TX,32.85325,-96.703964,525000,243.0,-25000.0,537200.0,3259.0,3.0,2.0,2160.0,1959.0,10284.516,singleFamily,59,548350.0,2025,https://www.zillow.com,https://photos.zillowstatic.com/fp/b0fe86d31a1bc4bea2713036639ab4cd-p_c.jpg,2026-07-06 12:02,For Sale
26625653,18040 Midway Rd APT 127,75287,Dallas,TX,32.995396,-96.842155,219900,175.0,-5000.0,218300.0,2179.0,2.0,2.0,1257.0,1984.0,1058.508,condo,65,216001.0,2025,https://www.zillow.com,https://photos.zillowstatic.com/fp/96c0082c8a129e9bb7b556a86094bcd8-p_c.jpg,2026-07-06 12:02,For Sale
26703725,6044 Kenwood Ave,75206,Dallas,TX,32.833076,-96.76233,825000,475.0,,,,2.0,2.0,1736.0,1940.0,7187.4,singleFamily,10,779980.0,2025,https://www.zillow.com,https://photos.zillowstatic.com/fp/dd5162c093cd2cdadf1be36a61f43162-p_c.jpg,2026-07-06 12:02,For Sale
26692111,5207 Mission Ave,75206,Dallas,TX,32.817104,-96.78269,899995,582.0,,,,2.0,2.0,1547.0,1925.0,6708.24,singleFamily,3,893400.0,2025,https://www.zillow.com,https://photos.zillowstatic.com/fp/534749d0073cd45d8c92ec52b3f4bb8b-p_c.jpg,2026-07-06 12:02,For Sale
80224401,7214 Summit Parc Dr,75249,Dallas,TX,32.651875,-96.94485,310000,203.0,,304600.0,2136.0,3.0,2.0,1530.0,2006.0,6664.68,singleFamily,5,295610.0,2025,https://www.zillow.com,https://photos.zillowstatic.com/fp/394df921a9b474cf04896591d5b41f75-p_c.jpg,2026-07-06 12:02,For Sale
26807478,3667 Ingleside Dr,75229,Dallas,TX,32.889786,-96.85754,1899000,377.0,-26000.0,1846200.0,7001.0,6.0,6.0,5033.0,2026.0,0.257,singleFamily,93,553640.0,2025,https://www.zillow.com,https://photos.zillowstatic.com/fp/53c56af9525e722ab22ef7a419929fab-p_c.jpg,2026-07-06 12:02,For Sale
26867370,9863 Elmcrest Dr,75238,Dallas,TX,32.883846,-96.72905,1990000,373.0,,1892100.0,4335.0,5.0,6.0,5340.0,1966.0,0.323,singleFamily,40,1645000.0,2025,https://www.zillow.com,https://photos.zillowstatic.com/fp/9e24b2724eab4550cf3285f5c3d8aee0-p_c.jpg,2026-07-06 12:02,For Sale
26586433,4916 Briargrove Ln,75287,Dallas,TX,32.992935,-96.823685,2500000,377.0,,,,5.0,8.0,6623.0,1998.0,0.29,singleFamily,11,1275102.0,2025,https://www.zillow.com,https://photos.zillowstatic.com/fp/9ce20d981f1ebfd32e5f601017037f92-p_c.jpg,2026-07-06 12:02,For Sale
69675393,1122 Jackson St APT 1103,75202,Dallas,TX,32.778316,-96.80129,374000,361.0,,358900.0,2086.0,1.0,2.0,1035.0,1925.0,0.984,condo,25,336380.0,2025,https://www.zillow.com,https://photos.zillowstatic.com/fp/27490b4063d9452a319ee8fdceaa09e7-p_c.jpg,2026-07-06 12:02,For Sale
26848384,13693 Peyton Dr,75240,Dallas,TX,32.934937,-96.778435,1695000,390.0,,1640100.0,7604.0,5.0,6.0,4347.0,2023.0,0.569,singleFamily,25,1255000.0,2025,https://www.zillow.com,https://photos.zillowstatic.com/fp/d163449193dfada43b943e6d54d278ae-p_c.jpg,2026-07-06 12:02,For Sale
26689166,5617 Swiss Ave,75214,Dallas,TX,32.80813,-96.76333,2400000,602.0,-150000.0,2269900.0,6953.0,4.0,3.0,3985.0,1919.0,0.372,singleFamily,58,1780650.0,2025,https://www.zillow.com,https://photos.zillowstatic.com/fp/e472fbe5cebc1456d694bdef4354e3d4-p_c.jpg,2026-07-06 12:02,For Sale
26850629,10344 Country Club Dr,75218,Dallas,TX,32.85791,-96.70436,1349000,314.0,,1337400.0,3024.0,4.0,6.0,4298.0,2026.0,7753.68,singleFamily,9,200000.0,2025,https://www.zillow.com,https://photos.zillowstatic.com/fp/24de9c20ffcd6fc4f01dfd8a99d8d67e-p_c.jpg,2026-07-06 12:02,For Sale
26846383,2210 Babalos Ln,75228,Dallas,TX,32.808224,-96.67772,239900,136.0,-20000.0,232600.0,2201.0,3.0,2.0,1760.0,1968.0,8363.52,singleFamily,9,274970.0,2025,https://www.zillow.com,https://photos.zillowstatic.com/fp/d2089e4b1d73c02c53a140b0b9a972d1-p_c.jpg,2026-07-06 12:02,For Sale
26716278,1203 Forester Dr,75216,Dallas,TX,32.7348,-96.80665,335000,223.0,-4000.0,337000.0,2150.0,3.0,2.0,1500.0,2025.0,8494.2,singleFamily,120,90000.0,2025,https://www.zillow.com,https://photos.zillowstatic.com/fp/0fe996b555440b67099fa5e550573dbc-p_c.jpg,2026-07-06 12:02,For Sale
67964607,1505 Elm St APT 603,75201,Dallas,TX,32.781612,-96.79958,295000,144.0,-30000.0,289700.0,4529.0,3.0,3.0,2045.0,1957.0,10018.8,condo,149,377510.0,2025,https://www.zillow.com,https://photos.zillowstatic.com/fp/453ab50d7e963083f88b9723b70383a3-p_c.jpg,2026-07-06 12:02,For Sale
26790707,3705 Seguin Dr,75220,Dallas,TX,32.878757,-96.855865,500000,208.0,-25000.0,498700.0,4007.0,3.0,2.0,2399.0,1951.0,9278.28,singleFamily,235,673540.0,2025,https://www.zillow.com,https://photos.zillowstatic.com/fp/0498695e56b0ae321fd47dcd9ef8ad25-p_c.jpg,2026-07-06 12:02,For Sale
26929593,7151 Gaston Ave APT 902,75214,Dallas,TX,32.81458,-96.73296,248000,269.0,,224800.0,1752.0,2.0,1.0,921.0,1983.0,4.488,condo,1,290120.0,2025,https://www.zillow.com,https://photos.zillowstatic.com/fp/73e76d6d3fb716899669d0de268a924f-p_c.jpg,2026-07-06 12:02,For Sale
26699234,2835 Macon St,75215,Dallas,TX,32.75089,-96.74779,265000,177.0,-4999.0,264500.0,2224.0,3.0,3.0,1500.0,2026.0,2613.6,singleFamily,100,18450.0,2025,https://www.zillow.com,https://photos.zillowstatic.com/fp/fb24836fc4245b88247128799607d427-p_c.jpg,2026-07-06 12:02,For Sale
96520008,520 Woodbine Ave,75203,Dallas,TX,32.742844,-96.799355,419900,217.0,-15100.0,418600.0,2841.0,3.0,4.0,1935.0,2026.0,10236.6,singleFamily,18,90000.0,2025,https://www.zillow.com,https://photos.zillowstatic.com/fp/ca02976c7d54703a289290bd58c91311-p_c.jpg,2026-07-06 12:02,For Sale
96536265,2006 Oak Garden Ct,75232,Dallas,TX,32.65385,-96.85096,450000,215.0,,,,4.0,3.0,2089.0,2024.0,0.272,singleFamily,15,450000.0,2025,https://www.zillow.com,https://photos.zillowstatic.com/fp/9f8f5623bb56534a321b906a998f1fd0-p_c.jpg,2026-07-06 12:02,For Sale
26756362,6322 Orchid Ln,75230,Dallas,TX,32.89228,-96.79725,2525000,460.0,,2381000.0,7975.0,5.0,6.0,5488.0,2004.0,0.257,singleFamily,9,2723810.0,2025,https://www.zillow.com,https://photos.zillowstatic.com/fp/0a65f0920682548e6a3efd70ada49df5-p_c.jpg,2026-07-06 12:02,For Sale
53101318,5315 Ambergate Ln,75287,Dallas,TX,32.999886,-96.81687,1499000,288.0,,1427100.0,7389.0,5.0,7.0,5206.0,1996.0,0.31,singleFamily,22,1289147.0,2025,https://www.zillow.com,https://photos.zillowstatic.com/fp/6d6f39c4425118a87432aef7592cbd7e-p_c.jpg,2026-07-06 12:02,For Sale
26816206,9528 Ash Creek Dr,75228,Dallas,TX,32.821896,-96.69279,575000,260.0,-24000.0,585100.0,3540.0,5.0,3.0,2208.0,1953.0,0.629,singleFamily,81,502840.0,2025,https://www.zillow.com,https://photos.zillowstatic.com/fp/c280681b3f21fecf11730f73ca6af3fe-p_c.jpg,2026-07-06 12:02,For Sale
26803908,5308 Del Roy Dr,75229,Dallas,TX,32.90522,-96.81663,1995000,431.0,-100000.0,,,4.0,5.0,4627.0,2000.0,0.366,singleFamily,46,1552710.0,2025,https://www.zillow.com,https://photos.zillowstatic.com/fp/dafe06753d2c24aae6ce9f0d255f9c57-p_c.jpg,2026-07-06 12:02,For Sale
26821960,4232 Firewood Dr,75241,Dallas,TX,32.677006,-96.749535,169000,89.0,-9000.0,184600.0,1606.0,3.0,2.0,1900.0,1961.0,10519.74,singleFamily,3,173860.0,2025,https://www.zillow.com,https://photos.zillowstatic.com/fp/ef2989fee70a982143d72692937a0ea0-p_c.jpg,2026-07-06 12:02,For Sale
455152482,2407 Jeffries St,75215,Dallas,TX,32.77574,-96.773994,299900,179.0,,299400.0,2750.0,3.0,3.0,1674.0,2025.0,,singleFamily,33,,,https://www.zillow.com,https://photos.zillowstatic.com/fp/e6cfb8b91e7c28cd7676e7f7bd268be3-p_c.jpg,2026-07-06 12:02,For Sale
53070068,7130 Debbe Dr,75252,Dallas,TX,32.993587,-96.78202,1138000,345.0,,1080200.0,4485.0,4.0,4.0,3300.0,1982.0,0.25,singleFamily,13,877766.0,2025,https://www.zillow.com,https://photos.zillowstatic.com/fp/ea28ff71e864090753675f495112877c-p_c.jpg,2026-07-06 12:02,For Sale
26899133,4608 Gilbert Ave,75219,Dallas,TX,32.822643,-96.811935,1400000,448.0,440000.0,1338800.0,5902.0,3.0,4.0,3122.0,2001.0,2874.96,townhome,0,1117690.0,2025,https://www.zillow.com,https://photos.zillowstatic.com/fp/e2db28f310c0b71fbccf8b13664d8bd8-p_c.jpg,2026-07-06 12:02,For Sale
26746607,10329 Lake Gardens Dr,75218,Dallas,TX,32.844616,-96.6961,595000,288.0,-25000.0,,3398.0,4.0,3.0,2064.0,1955.0,0.253,singleFamily,166,677020.0,2025,https://www.zillow.com,https://photos.zillowstatic.com/fp/f83529f33680f574554c0b4c5e0fe445-p_c.jpg,2026-07-06 12:02,For Sale
162362971,9606 Glenacre Ln,75243,Dallas,TX,32.895626,-96.724464,435000,208.0,-15000.0,424600.0,2323.0,3.0,3.0,2094.0,1978.0,3876.84,singleFamily,57,388170.0,2025,https://www.zillow.com,https://photos.zillowstatic.com/fp/c0ae7b4049303065b761d75f269df208-p_c.jpg,2026-07-06 12:02,For Sale
26693714,6307 Palo Pinto Ave,75214,Dallas,TX,32.820343,-96.75566,819000,418.0,,782600.0,4155.0,3.0,2.0,1958.0,1924.0,7492.32,singleFamily,4,820050.0,2025,https://www.zillow.com,https://photos.zillowstatic.com/fp/db54993010ec6abc5f1f9a71e022955d-p_c.jpg,2026-07-06 12:02,For Sale
26743656,11743 Neering Dr,75218,Dallas,TX,32.854717,-96.68973,490000,358.0,-5000.0,483000.0,2523.0,3.0,2.0,1370.0,1955.0,7623.0,singleFamily,95,445480.0,2025,https://www.zillow.com,https://photos.zillowstatic.com/fp/700e4b45ae93829eb8931f10116f7f26-p_c.jpg,2026-07-06 12:02,For Sale
26715717,1811 Idaho Ave,75216,Dallas,TX,32.725857,-96.81233,649950,203.0,,645800.0,2253.0,6.0,6.0,3208.0,2026.0,7492.32,multiFamily,9,167850.0,2025,https://www.zillow.com,https://photos.zillowstatic.com/fp/f7dd955abd99466dd873d510db2d63b8-p_c.jpg,2026-07-06 12:02,For Sale
26843713,8835 Larchwood Dr,75238,Dallas,TX,32.868053,-96.70213,615000,374.0,-14500.0,,,3.0,2.0,1646.0,1955.0,7623.0,singleFamily,22,519030.0,2025,https://www.zillow.com,https://photos.zillowstatic.com/fp/73f3745903da56f5552cbf4c064137c5-p_c.jpg,2026-07-06 12:02,For Sale
26807867,3115 Walnut Hill Ln,75229,Dallas,TX,32.88122,-96.871086,524000,243.0,7000.0,504500.0,3104.0,3.0,3.0,2159.0,1973.0,10323.72,singleFamily,4,520370.0,2025,https://www.zillow.com,https://photos.zillowstatic.com/fp/f696345e0f0b0ae96c3ef1cc99397834-p_c.jpg,2026-07-06 12:02,For Sale
26871646,7126 Fernmeadow Cir,75248,Dallas,TX,32.95037,-96.78313,995000,282.0,,957300.0,5183.0,5.0,3.0,3525.0,1973.0,0.338,singleFamily,3,875070.0,2025,https://www.zillow.com,https://photos.zillowstatic.com/fp/921bc05f22b4b1dee33b29515dad9a72-p_c.jpg,2026-07-06 12:02,For Sale
55172819,3172 Harbinger Ln,75287,Dallas,TX,32.99436,-96.86639,275000,217.0,-24000.0,272300.0,1953.0,2.0,2.0,1268.0,1984.0,4312.44,singleFamily,88,304124.0,2025,https://www.zillow.com,https://photos.zillowstatic.com/fp/a974d831dfd59004825cca0c17791f82-p_c.jpg,2026-07-06 12:02,For Sale
26848261,13919 Hughes Ln,75240,Dallas,TX,32.936768,-96.798546,4599900,886.0,-100000.0,4274100.0,7759.0,4.0,5.0,5190.0,2022.0,1.182,singleFamily,87,3233730.0,2025,https://www.zillow.com,https://photos.zillowstatic.com/fp/a704fdbdf048e3306944f7d54742f6eb-p_c.jpg,2026-07-06 12:02,For Sale
26751108,7329 Edgerton Dr,75231,Dallas,TX,32.857544,-96.73505,585000,292.0,-5000.0,577200.0,3232.0,4.0,3.0,2006.0,1960.0,7766.748,singleFamily,108,566090.0,2025,https://www.zillow.com,https://photos.zillowstatic.com/fp/a8746595e435f258fa3ac003af6247c7-p_c.jpg,2026-07-06 12:02,For Sale
26756856,5818 Gramercy Pl,75230,Dallas,TX,32.895584,-96.80866,1899000,486.0,-50000.0,1811100.0,7890.0,4.0,4.0,3906.0,1956.0,0.413,singleFamily,100,1682090.0,2025,https://www.zillow.com,https://photos.zillowstatic.com/fp/5ae41bb85850a8a894bb5060a575b083-p_c.jpg,2026-07-06 12:02,For Sale
26691079,2618 Carpenter Ave,75215,Dallas,TX,32.755753,-96.757614,425000,207.0,,,,4.0,3.0,2050.0,2023.0,7405.2,singleFamily,38,475410.0,2025,https://www.zillow.com,https://photos.zillowstatic.com/fp/ef3d8f00b432dc481039b057b1b81ce8-p_c.jpg,2026-07-06 12:02,For Sale
26787721,3611 Marsh Lane Pl,75220,Dallas,TX,32.87962,-96.85696,525000,209.0,-50000.0,,,3.0,3.0,2512.0,1953.0,10846.44,singleFamily,89,575000.0,2025,https://www.zillow.com,https://photos.zillowstatic.com/fp/acb7031a247e670b8196f34514758855-p_c.jpg,2026-07-06 12:02,For Sale
26851496,6766 Northaven Rd,75230,Dallas,TX,32.900932,-96.78869,4199000,946.0,-196000.0,3923100.0,7634.0,5.0,5.0,4437.0,2019.0,0.942,singleFamily,12,5337960.0,2025,https://www.zillow.com,https://photos.zillowstatic.com/fp/64615944d74097be165d31e4e91973d7-p_c.jpg,2026-07-06 12:02,For Sale
26842212,2903 Healey Dr,75228,Dallas,TX,32.825356,-96.66555,375000,309.0,,365500.0,2093.0,3.0,2.0,1212.0,1954.0,7143.84,singleFamily,11,295350.0,2025,https://www.zillow.com,https://photos.zillowstatic.com/fp/21d0f02c51bd14a5e044d0d4056e95c8-p_c.jpg,2026-07-06 12:02,For Sale
26706655,6628 Sondra Dr,75214,Dallas,TX,32.826427,-96.74608,2300000,487.0,,2178100.0,10984.0,4.0,5.0,4722.0,2007.0,8145.72,singleFamily,6,1800000.0,2025,https://www.zillow.com,https://photos.zillowstatic.com/fp/04ed0949b97bac01c76f835241eb956f-p_c.jpg,2026-07-06 12:02,For Sale
96518147,4128 Pluto St,75212,Dallas,TX,32.791786,-96.89073,550000,185.0,,543000.0,4174.0,4.0,4.0,2974.0,2022.0,7666.56,singleFamily,50,600000.0,2025,https://www.zillow.com,https://photos.zillowstatic.com/fp/f520770547ae57c1d6aa0762dc5adbaf-p_c.jpg,2026-07-06 12:02,For Sale
26852214,13206 Blossomheath Ln,75240,Dallas,TX,32.92801,-96.771355,245000,220.0,,245000.0,1870.0,3.0,2.0,1112.0,1958.0,10018.8,singleFamily,6,256520.0,2025,https://www.zillow.com,https://photos.zillowstatic.com/fp/61bc955ddb7a14664096ef0b4e3f17b5-p_c.jpg,2026-07-06 12:02,For Sale
96521947,3104 Delafield Ln,75227,Dallas,TX,32.76434,-96.67444,348000,208.0,-2000.0,346100.0,2446.0,4.0,2.0,1672.0,2026.0,10062.36,singleFamily,75,90000.0,2025,https://www.zillow.com,https://photos.zillowstatic.com/fp/b49b111d69daf87dfd2f3ff399e34905-p_c.jpg,2026-07-06 12:02,For Sale
26733960,3013 Emmett St,75211,Dallas,TX,32.7328,-96.87069,209900,164.0,-100.0,202600.0,2260.0,4.0,2.0,1281.0,1942.0,7143.84,singleFamily,24,245660.0,2025,https://www.zillow.com,https://photos.zillowstatic.com/fp/ccd3ff84abb1ede9e716f0d4a2c4a155-p_c.jpg,2026-07-06 12:02,For Sale
26874229,6619 Gentle Wind Ln,75248,Dallas,TX,32.962345,-96.792915,595000,297.0,-9000.0,587200.0,4274.0,4.0,2.0,2006.0,1978.0,7579.44,singleFamily,150,495670.0,2025,https://www.zillow.com,https://photos.zillowstatic.com/fp/d266fb7911b36d7fe8345b45486026b0-p_c.jpg,2026-07-06 12:02,For Sale
26752796,7142 Lakehurst Ave,75230,Dallas,TX,32.88415,-96.7803,1497000,455.0,-90000.0,,,5.0,4.0,3290.0,1964.0,0.283,singleFamily,24,1177720.0,2025,https://www.zillow.com,https://photos.zillowstatic.com/fp/38497791253e6aa09682a818db348598-p_c.jpg,2026-07-06 12:02,For Sale
26749361,6418 Axton Ln,75214,Dallas,TX,32.84543,-96.75202,625000,399.0,,599200.0,2917.0,2.0,2.0,1568.0,1953.0,7405.2,singleFamily,0,623740.0,2025,https://www.zillow.com,https://photos.zillowstatic.com/fp/beb34e931bd6f9a2133e3f96ba5a4cec-p_c.jpg,2026-07-06 12:02,For Sale
26887852,2953 San Diego Dr,75228,Dallas,TX,32.854248,-96.662926,250000,146.0,-10000.0,247100.0,2066.0,3.0,2.0,1711.0,1981.0,6446.88,singleFamily,321,279350.0,2025,https://www.zillow.com,https://photos.zillowstatic.com/fp/7bd7c5345fecc3fd73073822baa11df2-p_c.jpg,2026-07-06 12:02,For Sale
26822625,3204 Pacesetter Dr,75241,Dallas,TX,32.66597,-96.76499,130000,144.0,,161800.0,1817.0,3.0,2.0,903.0,1971.0,7753.68,singleFamily,5,200990.0,2025,https://www.zillow.com,https://photos.zillowstatic.com/fp/369a5db7446679644a2f9c695b28fa92-p_c.jpg,2026-07-06 12:02,For Sale
26759674,9525 Alva Ct,75220,Dallas,TX,32.87314,-96.81626,9600000,870.0,-300000.0,8823900.0,7728.0,6.0,9.0,11037.0,2002.0,0.844,singleFamily,48,7000000.0,2025,https://www.zillow.com,https://photos.zillowstatic.com/fp/1af6a1b29c22fa9d3cf7f5391b89367d-p_c.jpg,2026-07-06 12:02,For Sale
26758119,4700 Dorset Rd,75229,Dallas,TX,32.883846,-96.82762,9450000,719.0,-547000.0,8450600.0,7483.0,5.0,8.0,13151.0,1951.0,1.187,singleFamily,152,6546810.0,2025,https://www.zillow.com,https://photos.zillowstatic.com/fp/286151bdb61010284183c163c85e2c3c-p_c.jpg,2026-07-06 12:02,For Sale
60347644,4034 Rawlins St APT 207,75219,Dallas,TX,32.814045,-96.80962,365000,326.0,-5000.0,355900.0,2345.0,2.0,3.0,1119.0,1984.0,0.41,condo,59,324510.0,2025,https://www.zillow.com,https://photos.zillowstatic.com/fp/9cd9465723cb0073fac33ec396444ea7-p_c.jpg,2026-07-06 12:02,For Sale
26833357,3610 Vilbig Rd,75212,Dallas,TX,32.786633,-96.84756,439000,187.0,,434200.0,3267.0,4.0,3.0,2353.0,2020.0,7840.8,singleFamily,18,570300.0,2025,https://www.zillow.com,https://photos.zillowstatic.com/fp/7f63041710c660cb2a816fb2347570b7-p_c.jpg,2026-07-06 12:02,For Sale
80242012,7434 Pineberry Rd,75249,Dallas,TX,32.633812,-96.94638,263000,161.0,,259800.0,2343.0,3.0,3.0,1630.0,2006.0,3998.808,singleFamily,58,260000.0,2025,https://www.zillow.com,https://photos.zillowstatic.com/fp/f1459cb81025f7e9b677754e0a671056-p_c.jpg,2026-07-06 12:02,For Sale
26790458,3935 Dunhaven Rd,75220,Dallas,TX,32.871807,-96.84679,1249900,427.0,,,,4.0,4.0,2929.0,1952.0,10018.8,singleFamily,9,976000.0,2025,https://www.zillow.com,https://photos.zillowstatic.com/fp/ff9e7827e0ecfc184ab7747f805baa96-p_c.jpg,2026-07-06 12:02,For Sale
26749347,6405 Glennox Ln,75214,Dallas,TX,32.850258,-96.75257,725000,218.0,-25000.0,701400.0,5810.0,5.0,4.0,3330.0,1953.0,0.256,singleFamily,51,726710.0,2025,https://www.zillow.com,https://photos.zillowstatic.com/fp/f36a5073d75d9f6e012cf239716c3c4a-p_c.jpg,2026-07-06 12:02,For Sale
26883107,12717 Hornbeam Dr,75243,Dallas,TX,32.920685,-96.70821,320995,159.0,-4000.0,321700.0,3949.0,3.0,2.0,2015.0,1983.0,0.29,singleFamily,121,314410.0,2025,https://www.zillow.com,https://photos.zillowstatic.com/fp/9acfcd7808d80fc9f36b6108b0a3928e-p_c.jpg,2026-07-06 12:02,For Sale
26790961,2133 Pleasant Dr,75227,Dallas,TX,32.74997,-96.67894,420000,202.0,-4000.0,412800.0,2939.0,6.0,4.0,2076.0,1962.0,0.326,singleFamily,170,369330.0,2025,https://www.zillow.com,https://photos.zillowstatic.com/fp/52f5c3b8f3eae88cbfd60c29b7d26817-p_c.jpg,2026-07-06 12:02,For Sale
26779260,2133 Ebbtide Ln,75224,Dallas,TX,32.699158,-96.85496,415000,201.0,-10000.0,407900.0,3847.0,3.0,2.0,2067.0,1957.0,0.262,singleFamily,88,378950.0,2025,https://www.zillow.com,https://photos.zillowstatic.com/fp/acce05057cc6e4bc84e0321108f39893-p_c.jpg,2026-07-06 12:02,For Sale
26713546,606 W Pembroke Ave,75208,Dallas,TX,32.73799,-96.83242,390000,179.0,-15000.0,,,6.0,4.0,2177.0,1923.0,7640.424,singleFamily,114,283810.0,2025,https://www.zillow.com,https://photos.zillowstatic.com/fp/d04ad9562237408d9af160404b647acc-p_c.jpg,2026-07-06 12:02,For Sale
26873776,7074 Regalview Cir,75248,Dallas,TX,32.966267,-96.78727,430000,173.0,-25000.0,425200.0,3519.0,4.0,4.0,2481.0,1980.0,3049.2,townhome,108,336070.0,2025,https://www.zillow.com,https://photos.zillowstatic.com/fp/ab43e989118aac49636d95799b9f9a4e-p_c.jpg,2026-07-06 12:02,For Sale
26873194,15935 Longvista Dr,75248,Dallas,TX,32.966537,-96.78597,599999,256.0,-50001.0,583700.0,4275.0,4.0,3.0,2343.0,1972.0,9844.56,singleFamily,38,586310.0,2025,https://www.zillow.com,https://photos.zillowstatic.com/fp/a8f309fa2f527eabd9396064c2ed7f4b-p_c.jpg,2026-07-06 12:02,For Sale
96519726,438 Bonnie View Rd,75203,Dallas,TX,32.743176,-96.794655,565000,208.0,-15000.0,558800.0,3895.0,5.0,3.0,2720.0,2026.0,3920.4,singleFamily,60,90000.0,2025,https://www.zillow.com,https://photos.zillowstatic.com/fp/7dcbfdd3fca5b02e688f034da40b3ed3-p_c.jpg,2026-07-06 12:02,For Sale
26744868,2120 Tisinger Ave,75228,Dallas,TX,32.849495,-96.67477,244000,223.0,,239400.0,2225.0,3.0,2.0,1094.0,1950.0,7927.92,singleFamily,0,178110.0,2025,https://www.zillow.com,https://photos.zillowstatic.com/fp/fcabc54920df7001009792acdc1eb5e9-p_c.jpg,2026-07-06 12:02,For Sale
26833627,1810 Bickers St,75212,Dallas,TX,32.786808,-96.84838,579000,241.0,,566600.0,2198.0,4.0,4.0,2400.0,2026.0,5401.44,singleFamily,2,255620.0,2025,https://www.zillow.com,https://photos.zillowstatic.com/fp/7c93197a3e4fa4d75bf7bc66024c6dca-p_c.jpg,2026-07-06 12:02,For Sale
26836236,3811 Harlingen St,75212,Dallas,TX,32.78841,-96.90492,449900,221.0,,,,4.0,3.0,2032.0,2026.0,7274.52,singleFamily,10,100000.0,2025,https://www.zillow.com,https://photos.zillowstatic.com/fp/2b96bddd3253b64e037ce27f37c52f48-p_c.jpg,2026-07-06 12:02,For Sale
122302497,6655 Lakewood Blvd,75214,Dallas,TX,32.819176,-96.74802,4295000,842.0,,4010300.0,16626.0,5.0,7.0,5099.0,1930.0,0.5700000000000001,singleFamily,38,2614130.0,2025,https://www.zillow.com,https://photos.zillowstatic.com/fp/0ee4c52403e5e56a8ba171b772efab49-p_c.jpg,2026-07-06 12:02,For Sale
26640306,17704 Cedar Creek Canyon Dr,75252,Dallas,TX,32.992584,-96.81119,1999000,361.0,,,,5.0,6.0,5530.0,1988.0,0.413,singleFamily,74,1764319.0,2025,https://www.zillow.com,https://photos.zillowstatic.com/fp/4358db8bc56b40606f0eb2cb9ac4e3ef-p_c.jpg,2026-07-06 12:02,For Sale
26685905,5705 Tremont St,75214,Dallas,TX,32.804977,-96.75765,599000,307.0,,574800.0,3325.0,3.0,2.0,1952.0,1917.0,8712.0,singleFamily,4,587310.0,2025,https://www.zillow.com,https://photos.zillowstatic.com/fp/9a617c2f5fd0f3ba7bc04fc75b044668-p_c.jpg,2026-07-06 12:02,For Sale
26786398,733 Kirkwood Dr,75218,Dallas,TX,32.85002,-96.70548,549000,376.0,-10990.0,544600.0,2936.0,3.0,2.0,1461.0,1955.0,8755.56,singleFamily,60,518960.0,2025,https://www.zillow.com,https://photos.zillowstatic.com/fp/46e3bc6e29b87b0b445a8410fdd054ab-p_c.jpg,2026-07-06 12:02,For Sale
333139944,613 N Dwight Ave,75211,Dallas,TX,32.750134,-96.90789,469000,248.0,-10000.0,461500.0,3084.0,4.0,2.0,1894.0,2026.0,8712.0,singleFamily,32,62720.0,2025,https://www.zillow.com,https://photos.zillowstatic.com/fp/4f32e476feac9b5828c28b5dc447e358-p_c.jpg,2026-07-06 12:02,For Sale
26755584,6615 Meadow Rd,75230,Dallas,TX,32.88651,-96.79076,2999999,467.0,-150001.0,,21725.0,5.0,7.0,6421.0,1999.0,0.344,singleFamily,110,3495560.0,2023,https://www.zillow.com,https://photos.zillowstatic.com/fp/1d2a3d0370d8a3b5df5ea89597ffdaae-p_c.jpg,2026-07-06 12:02,For Sale
26865881,9503 Summerhill Ln,75238,Dallas,TX,32.893238,-96.72212,439000,211.0,,430500.0,2637.0,3.0,3.0,2080.0,1978.0,9888.12,singleFamily,32,427630.0,2025,https://www.zillow.com,https://photos.zillowstatic.com/fp/f1f8a495b4a59ea4368ad643b83f3cd9-p_c.jpg,2026-07-06 12:02,For Sale
26846390,2304 Babalos Ln,75228,Dallas,TX,32.80822,-96.676125,419999,222.0,,408500.0,2719.0,3.0,3.0,1892.0,1968.0,8433.216,singleFamily,12,361940.0,2025,https://www.zillow.com,https://photos.zillowstatic.com/fp/829ca234a8ff634af94febd0aac544b5-p_c.jpg,2026-07-06 12:02,For Sale
96529449,4322 Robert L Parish Sr Ave,75210,Dallas,TX,32.770184,-96.740906,149900,146.0,-10000.0,147400.0,1779.0,3.0,2.0,1028.0,2021.0,5619.24,singleFamily,18,234310.0,2025,https://www.zillow.com,https://photos.zillowstatic.com/fp/0dfcf39515f8132fd1a4f09b8589bead-p_c.jpg,2026-07-06 12:02,For Sale
26779454,4037 Treeline Dr,75224,Dallas,TX,32.694523,-96.848885,299000,137.0,,296700.0,3207.0,4.0,3.0,2175.0,1969.0,9016.92,singleFamily,56,277980.0,2025,https://www.zillow.com,https://photos.zillowstatic.com/fp/4f7600ee405b1955158e2feafaac0d37-p_c.jpg,2026-07-06 12:02,For Sale
26882535,13327 Daystrom Ct,75243,Dallas,TX,32.930805,-96.712425,295000,182.0,,,,3.0,3.0,1619.0,1984.0,6098.4,singleFamily,9,332430.0,2025,https://www.zillow.com,https://photos.zillowstatic.com/fp/c12b6c5c810d12b3fa3bafc38b71e18b-p_c.jpg,2026-07-06 12:02,For Sale
26682434,4900 Victor St,75214,Dallas,TX,32.797035,-96.76548,875000,310.0,,842700.0,4595.0,3.0,3.0,2826.0,1984.0,9191.16,singleFamily,9,860870.0,2025,https://www.zillow.com,https://photos.zillowstatic.com/fp/fe8ffcf30a984f1d6c0b5b3c786536a6-p_c.jpg,2026-07-06 12:02,For Sale
26742554,1223 Casa Vale Dr,75218,Dallas,TX,32.84112,-96.691635,285000,374.0,,,,2.0,1.0,762.0,1950.0,7187.4,singleFamily,3,205000.0,2025,https://www.zillow.com,https://photos.zillowstatic.com/fp/a65a941902cb7fb3dfc6758f3cd90aac-p_c.jpg,2026-07-06 12:02,For Sale
26767601,1650 E Elmore Ave,75216,Dallas,TX,32.717663,-96.79793,122000,113.0,,,1794.0,2.0,1.0,1080.0,1939.0,6316.0,singleFamily,8,202070.0,2025,https://www.zillow.com,https://www.zillowstatic.com/static/images/nophoto_p_c.png,2026-07-06 12:02,For Sale
26823234,1743 Indian Summer Trl,75241,Dallas,TX,32.6743,-96.7936,199900,82.0,-10000.0,196300.0,2253.0,3.0,3.0,2427.0,1962.0,0.40499999999999997,singleFamily,57,190870.0,2025,https://www.zillow.com,https://photos.zillowstatic.com/fp/adbfddfde02a514444608af1d819b22e-p_c.jpg,2026-07-06 12:02,For Sale
26741586,9906 Losa Dr,75218,Dallas,TX,32.835236,-96.69563,1795000,423.0,,,,4.0,4.0,4239.0,2025.0,0.32080000000000003,singleFamily,0,473390.0,2025,https://www.zillow.com,https://photos.zillowstatic.com/fp/613757fa3cfb9d5e482f635cd86738ba-p_c.jpg,2026-07-06 12:02,For Sale
26717769,2619 Emmett St,75211,Dallas,TX,32.733246,-96.86227,689900,233.0,-10000.0,681100.0,3541.0,4.0,4.0,2967.0,2026.0,7013.16,singleFamily,99,189900.0,2025,https://www.zillow.com,https://photos.zillowstatic.com/fp/bf0b3fc80f8153cba47efcbef4817504-p_c.jpg,2026-07-06 12:02,For Sale
26888431,12206 Wightman Pl,75243,Dallas,TX,32.91335,-96.73114,311000,187.0,-18500.0,307400.0,2314.0,3.0,3.0,1666.0,1977.0,2744.28,singleFamily,110,352390.0,2025,https://www.zillow.com,https://photos.zillowstatic.com/fp/9d6796f6b180498982242644b76251d6-p_c.jpg,2026-07-06 12:02,For Sale
26842718,3017 San Medina Ave,75228,Dallas,TX,32.83327,-96.66389,320810,229.0,-15000.0,313500.0,2285.0,3.0,2.0,1400.0,1955.0,9626.76,singleFamily,13,302270.0,2025,https://www.zillow.com,https://photos.zillowstatic.com/fp/8b9a66f9bb96765ae7b007f90dd002e4-p_c.jpg,2026-07-06 12:02,For Sale
26882401,9737 Burney Dr,75243,Dallas,TX,32.921036,-96.720085,570000,227.0,,553900.0,3070.0,4.0,3.0,2514.0,1979.0,9016.92,singleFamily,16,442380.0,2025,https://www.zillow.com,https://photos.zillowstatic.com/fp/757ed7770d908ef67346e125174c526f-p_c.jpg,2026-07-06 12:02,For Sale
26857892,433 Cleaves St,75203,Dallas,TX,32.753185,-96.803314,575000,240.0,-24000.0,570900.0,3785.0,4.0,3.0,2400.0,2026.0,4007.52,singleFamily,28,95000.0,2025,https://www.zillow.com,https://photos.zillowstatic.com/fp/eda01bcbfe002e9cc3f28b26d425facd-p_c.jpg,2026-07-06 12:02,For Sale
26912783,9321 Highedge Cir,75238,Dallas,TX,32.873352,-96.73035,550000,278.0,,531500.0,3647.0,3.0,3.0,1979.0,1985.0,0.26,singleFamily,16,390840.0,2025,https://www.zillow.com,https://photos.zillowstatic.com/fp/f815e735f5ade3b85700ec6bd464b9f0-p_c.jpg,2026-07-06 12:02,For Sale
26715382,818 E Woodin Blvd,75216,Dallas,TX,32.72244,-96.81238,239000,183.0,-20000.0,238300.0,1931.0,3.0,2.0,1304.0,1917.0,8015.04,singleFamily,10,259520.0,2025,https://www.zillow.com,https://photos.zillowstatic.com/fp/4b27c08c642954a63b1f940b6a9ae8e0-p_c.jpg,2026-07-06 12:02,For Sale
26808033,3234 Grantwood Dr,75229,Dallas,TX,32.88843,-96.871315,599000,263.0,,575800.0,3567.0,4.0,3.0,2276.0,1967.0,0.267,singleFamily,26,564510.0,2025,https://www.zillow.com,https://photos.zillowstatic.com/fp/4795443d37eaa5279367943d3ea63b33-p_c.jpg,2026-07-06 12:02,For Sale
26707541,6924 Redstart Ln,75214,Dallas,TX,32.837757,-96.737816,2890000,556.0,,,,5.0,6.0,5198.0,2026.0,9104.04,singleFamily,9,880860.0,2025,https://www.zillow.com,https://photos.zillowstatic.com/fp/5d2b2acc412b9fa00f1b1c010ed83e56-p_c.jpg,2026-07-06 12:02,For Sale
26700929,7330 Casa Loma Ave,75214,Dallas,TX,32.809727,-96.73174,1895000,412.0,-104000.0,1848200.0,5834.0,5.0,6.0,4600.0,2026.0,8102.16,singleFamily,68,510000.0,2025,https://www.zillow.com,https://photos.zillowstatic.com/fp/ecc40e6c9050d4a7ee70c19d77425ded-p_c.jpg,2026-07-06 12:02,For Sale
26740518,8457 San Benito Way,75218,Dallas,TX,32.815937,-96.71068,3350000,630.0,,3129300.0,7397.0,4.0,4.0,5320.0,2018.0,0.5319999999999999,singleFamily,19,2263840.0,2025,https://www.zillow.com,https://photos.zillowstatic.com/fp/f0f2b1dd0fb2c0a737714e11f519b05c-p_c.jpg,2026-07-06 12:02,For Sale
26795105,1536 Celeste Dr,75217,Dallas,TX,32.73957,-96.69854,149900,131.0,,,1706.0,3.0,1.0,1144.0,1954.0,10537.164,singleFamily,12,220290.0,2025,https://www.zillow.com,https://photos.zillowstatic.com/fp/61278d5a984e7df787bf07651f47e790-p_c.jpg,2026-07-06 12:02,For Sale
26845273,11083 Erhard Dr,75228,Dallas,TX,32.84135,-96.65294,563000,128.0,-11000.0,544100.0,3388.0,4.0,8.0,4395.0,1955.0,0.551,singleFamily,54,568010.0,2025,https://www.zillow.com,https://photos.zillowstatic.com/fp/2a987a6d6d9744f3ee45bd5c18d665bb-p_c.jpg,2026-07-06 12:02,For Sale
26685513,2816 Wycliff Ave,75219,Dallas,TX,32.81214,-96.81653,209900,224.0,-15100.0,202500.0,1914.0,2.0,2.0,937.0,1979.0,8842.68,condo,88,255330.0,2025,https://www.zillow.com,https://photos.zillowstatic.com/fp/622c20c22ad94a138a68c15a242ce0ce-p_c.jpg,2026-07-06 12:02,For Sale
96514266,1815 Kingsley Dr,75216,Dallas,TX,32.688026,-96.79526,27500,,-2500.0,,1425.0,,,,,0.622,land,587,112500.0,2025,https://www.zillow.com,https://photos.zillowstatic.com/fp/7ca35be8edb4200e90775bb805a47094-p_c.jpg,2026-07-06 12:02,For Sale
26884996,3614 Parader Ct,75228,Dallas,TX,32.846035,-96.65409,445000,189.0,-5000.0,439500.0,3689.0,5.0,2.0,2350.0,1968.0,9452.52,singleFamily,229,350980.0,2025,https://www.zillow.com,https://photos.zillowstatic.com/fp/70455ee94161cd73e35ffcfc6aaeecee-p_c.jpg,2026-07-06 12:02,For Sale
26714332,1100 S Brighton Ave,75208,Dallas,TX,32.734875,-96.8501,249000,185.0,-18990.0,235700.0,2301.0,3.0,2.0,1344.0,1925.0,5924.16,singleFamily,155,374940.0,2025,https://www.zillow.com,https://photos.zillowstatic.com/fp/b40d14c1637ab68c4ac640f64c584e61-p_c.jpg,2026-07-06 12:02,For Sale
27325059,2740 Cancun Ln,75287,Dallas,TX,33.009136,-96.86319,389900,175.0,,380400.0,2599.0,3.0,2.0,2229.0,1983.0,10323.72,singleFamily,1,426037.0,2025,https://www.zillow.com,https://photos.zillowstatic.com/fp/6443f52a3001c2576e31246b2711e6d3-p_c.jpg,2026-07-06 12:02,For Sale
336884783,9434 Biscayne Blvd,75218,Dallas,TX,32.84267,-96.710175,2395000,381.0,-100000.0,,,6.0,9.0,6278.0,2026.0,0.27,singleFamily,81,588050.0,2025,https://www.zillow.com,https://photos.zillowstatic.com/fp/2878355838468356656ec20f559e4795-p_c.jpg,2026-07-06 12:02,For Sale
26687595,2818 Southland St,75215,Dallas,TX,32.756966,-96.75279,369999,183.0,-10000.0,368700.0,3028.0,4.0,3.0,2018.0,2025.0,5880.6,singleFamily,143,81410.0,2025,https://www.zillow.com,https://photos.zillowstatic.com/fp/b6b5fa0e5df140684db2de3058016b73-p_c.jpg,2026-07-06 12:02,For Sale
26730964,6457 Ellsworth Ave,75214,Dallas,TX,32.83385,-96.75039,3799000,752.0,,,,5.0,7.0,5050.0,2026.0,8363.52,singleFamily,45,852600.0,2025,https://www.zillow.com,https://photos.zillowstatic.com/fp/6c0ed2ccaa9612870f782df8f94a0989-p_c.jpg,2026-07-06 12:02,For Sale
26752424,6936 Stefani Dr,75225,Dallas,TX,32.87816,-96.78539,1200000,431.0,,,5755.0,4.0,3.0,2784.0,1967.0,0.30647382920110194,singleFamily,59,800000.0,2025,https://www.zillow.com,https://photos.zillowstatic.com/fp/11ae8562cb0bb5b2c71e07f66484b236-p_c.jpg,2026-07-06 12:02,For Sale
26643578,4219 Hollow Oak Dr,75287,Dallas,TX,32.997143,-96.83762,899900,208.0,-15000.0,879200.0,5823.0,5.0,4.0,4327.0,1989.0,8712.0,singleFamily,429,942154.0,2025,https://www.zillow.com,https://photos.zillowstatic.com/fp/fde7a660e79c44058378e3a2925a2f1a-p_c.jpg,2026-07-06 12:02,For Sale
84001098,8342 Timberbrook Ln,75249,Dallas,TX,32.664314,-96.95082,344369,214.0,5000.0,340100.0,2754.0,3.0,3.0,1612.0,2007.0,4007.52,singleFamily,109,309670.0,2025,https://www.zillow.com,https://photos.zillowstatic.com/fp/c804d2f76f3fc541da27f74b80197799-p_c.jpg,2026-07-06 12:02,For Sale
300036720,1527 Hickory St,75215,Dallas,TX,32.76908,-96.7874,319200,225.0,-179800.0,317600.0,2497.0,2.0,3.0,1418.0,2021.0,2352.0,singleFamily,51,463230.0,2025,https://www.zillow.com,https://photos.zillowstatic.com/fp/6040d22a17c122b1448e87b0ecea2eff-p_c.jpg,2026-07-06 12:02,For Sale
26698802,5322 W Mockingbird Ln,75209,Dallas,TX,32.8364,-96.820786,1075000,467.0,-25000.0,1044100.0,4378.0,3.0,3.0,2303.0,1979.0,7927.92,singleFamily,85,1062700.0,2025,https://www.zillow.com,https://photos.zillowstatic.com/fp/ef8d61c12202377135cebd0625b1ace3-p_c.jpg,2026-07-06 12:02,For Sale
26910893,5750 En Core Dr,75240,Dallas,TX,32.937542,-96.80668,620000,273.0,,599900.0,3600.0,3.0,2.0,2268.0,1992.0,6490.44,singleFamily,9,505000.0,2025,https://www.zillow.com,https://photos.zillowstatic.com/fp/ce6b2ab0c9dce989eb9048c3527e110c-p_c.jpg,2026-07-06 12:02,For Sale
26906831,948 Carom Way,75217,Dallas,TX,32.728287,-96.64656,259000,138.0,-900.0,,,5.0,3.0,1875.0,1985.0,7884.36,singleFamily,52,238950.0,2025,https://www.zillow.com,https://photos.zillowstatic.com/fp/b3ee944f437c6231f547df991878d174-p_c.jpg,2026-07-06 12:02,For Sale
26586762,5939 Bent Creek Trl,75252,Dallas,TX,33.00974,-96.8047,565000,272.0,-10000.0,549400.0,3089.0,4.0,3.0,2078.0,1982.0,10018.8,singleFamily,24,591441.0,2025,https://www.zillow.com,https://photos.zillowstatic.com/fp/c146195c576d0e21ad0e447be2459dff-p_c.jpg,2026-07-06 12:02,For Sale
26704895,6225 Saint Moritz Ave,75214,Dallas,TX,32.8377,-96.75709,1780,2.0,,,1794.0,2.0,1.0,901.0,1950.0,3702.6,townhome,6,572030.0,2025,https://www.zillow.com,https://photos.zillowstatic.com/fp/fca9c29a374800b9f9a4ca4215dbea80-p_c.jpg,2026-07-06 12:02,For Sale
26794207,1944 Alhambra St,75217,Dallas,TX,32.74606,-96.69495,179000,128.0,,174900.0,1837.0,4.0,2.0,1401.0,1955.0,7893.072,singleFamily,13,209880.0,2025,https://www.zillow.com,https://photos.zillowstatic.com/fp/c24fddbfb37c134d7cb1a9877b1f5f4e-p_c.jpg,2026-07-06 12:02,For Sale
26808623,3227 Dothan Ln,75229,Dallas,TX,32.898144,-96.86944,1799999,359.0,-25000.0,1758600.0,6179.0,5.0,6.0,5013.0,2026.0,10193.04,singleFamily,80,527340.0,2025,https://www.zillow.com,https://photos.zillowstatic.com/fp/c9addbeb4b92eb7a07c483b2e4c5c2c0-p_c.jpg,2026-07-06 12:02,For Sale
26893611,7246 Arbor Oaks Dr,75248,Dallas,TX,32.975502,-96.78178,925000,330.0,-25000.0,,,4.0,3.0,2805.0,1977.0,8494.2,singleFamily,95,850500.0,2025,https://www.zillow.com,https://photos.zillowstatic.com/fp/2c1d97b900485929056fe29f9e0cc0bd-p_c.jpg,2026-07-06 12:02,For Sale
26807504,3556 Royal Ln,75229,Dallas,TX,32.894787,-96.85995,525000,341.0,-5000.0,511000.0,3330.0,3.0,2.0,1541.0,1961.0,9931.68,singleFamily,87,433460.0,2025,https://www.zillow.com,https://photos.zillowstatic.com/fp/d50d7de3c0cf7cbb1854c9d6612a66be-p_c.jpg,2026-07-06 12:02,For Sale
26748316,5050 Matilda St #225,75206,Dallas,TX,32.847866,-96.766846,254900,242.0,,,,2.0,2.0,1055.0,1968.0,3.043,condo,3,224720.0,2025,https://www.zillow.com,https://photos.zillowstatic.com/fp/9f9ad374ea657f0fccd55c63d0d95413-p_c.jpg,2026-07-06 12:02,For Sale
26905998,4315 Northaven Rd,75229,Dallas,TX,32.90258,-96.8358,1770000,488.0,-28000.0,1706700.0,6963.0,4.0,3.0,3627.0,1997.0,0.427,singleFamily,60,1577100.0,2025,https://www.zillow.com,https://photos.zillowstatic.com/fp/54a39644d152ec1abee2fc6b95a293e7-p_c.jpg,2026-07-06 12:02,For Sale
26803712,5510 Del Roy Dr,75230,Dallas,TX,32.90527,-96.81247,4099000,679.0,-100400.0,3942800.0,4496.0,6.0,7.0,6036.0,2026.0,0.42600000000000005,singleFamily,58,835470.0,2025,https://www.zillow.com,https://photos.zillowstatic.com/fp/ed20a87644a57fa1d194dcf3c81958db-p_c.jpg,2026-07-06 12:02,For Sale
26806267,10630 Royal Springs Dr,75229,Dallas,TX,32.89177,-96.844444,1900000,425.0,,,,5.0,5.0,4466.0,2007.0,0.422,singleFamily,5,1855000.0,2025,https://www.zillow.com,https://photos.zillowstatic.com/fp/a5917741f0841d786f6acb565b5dade8-p_c.jpg,2026-07-06 12:02,For Sale
26845080,7552 Baxtershire Dr,75230,Dallas,TX,32.90629,-96.774666,4250000,703.0,-100000.0,3958000.0,7673.0,6.0,6.0,6047.0,1984.0,0.367,singleFamily,51,1642670.0,2025,https://www.zillow.com,https://photos.zillowstatic.com/fp/b301c9263d033b61250d7ef7324b20ca-p_c.jpg,2026-07-06 12:02,For Sale
26889684,6502 Riverview Ln,75248,Dallas,TX,32.974606,-96.79891,975000,254.0,,946400.0,5419.0,4.0,3.0,3846.0,1980.0,0.26599999999999996,singleFamily,19,1018610.0,2025,https://www.zillow.com,https://photos.zillowstatic.com/fp/2cc1f7f9dd70de79db086c9f7aa457d8-p_c.jpg,2026-07-06 12:02,For Sale
26683030,2702 Douglas Ave #126,75219,Dallas,TX,32.81006,-96.81581,220000,224.0,,,,2.0,2.0,982.0,1966.0,1.62,condo,2,248280.0,2025,https://www.zillow.com,https://photos.zillowstatic.com/fp/ae6a0ce9e2ad0b1d2b1536e0c159f52c-p_c.jpg,2026-07-06 12:02,For Sale
26701795,6743 Gaston Ave,75214,Dallas,TX,32.816727,-96.74475,3995000,738.0,,3821600.0,8238.0,6.0,6.0,5410.0,2004.0,0.49300000000000005,singleFamily,16,1700000.0,2025,https://www.zillow.com,https://photos.zillowstatic.com/fp/a4e54ea1ddf212c2551c7b8145f7adfd-p_c.jpg,2026-07-06 12:02,For Sale
26790118,3957 Gaspar Dr,75220,Dallas,TX,32.86998,-96.84653,2249500,456.0,-45500.0,2164600.0,3391.0,6.0,5.0,4932.0,2026.0,9408.96,singleFamily,37,649550.0,2025,https://www.zillow.com,https://photos.zillowstatic.com/fp/ce1eee0302497df51630d5aaef81b66d-p_c.jpg,2026-07-06 12:02,For Sale
26727922,2631 Alco Ave,75211,Dallas,TX,32.747105,-96.86168,467000,343.0,,445400.0,2151.0,2.0,1.0,1360.0,1943.0,6969.6,singleFamily,10,368470.0,2025,https://www.zillow.com,https://photos.zillowstatic.com/fp/7733a1aa539fbe1b99d4dc4008b449c1-p_c.jpg,2026-07-06 12:02,For Sale
26637978,17927 Windflower Way,75252,Dallas,TX,32.996372,-96.80392,395000,182.0,-14900.0,388400.0,3002.0,3.0,3.0,2174.0,1990.0,4225.32,singleFamily,87,454758.0,2025,https://www.zillow.com,https://photos.zillowstatic.com/fp/4c5259b325b83ee8aa05f6f603970e5c-p_c.jpg,2026-07-06 12:02,For Sale
26700522,6823 E Grand Ave,75223,Dallas,TX,32.802856,-96.737946,799000,415.0,,783900.0,3316.0,3.0,3.0,1924.0,1948.0,7143.84,singleFamily,3,528610.0,2025,https://www.zillow.com,https://photos.zillowstatic.com/fp/411f19e2d1c535c607fbccfd9b52ca11-p_c.jpg,2026-07-06 12:02,For Sale
26913157,17168 Club Hill Dr,75248,Dallas,TX,32.982437,-96.81453,4500000,602.0,,4076200.0,7702.0,4.0,5.0,7480.0,1984.0,0.723,singleFamily,80,2633860.0,2025,https://www.zillow.com,https://photos.zillowstatic.com/fp/1fedf277429d1018bd5d256cdc00237e-p_c.jpg,2026-07-06 12:02,For Sale
26706213,6625 Bob O Link Dr,75214,Dallas,TX,32.831596,-96.745895,2875000,702.0,-124000.0,,,4.0,3.0,4098.0,1949.0,0.335,singleFamily,168,1900230.0,2025,https://www.zillow.com,https://photos.zillowstatic.com/fp/a90797a118bfe0994a316865cb62815b-p_c.jpg,2026-07-06 12:02,For Sale
67954563,4043 Gray Oak Pl,75212,Dallas,TX,32.790016,-96.86523,300000,260.0,,292100.0,2062.0,3.0,2.0,1152.0,2003.0,5401.44,singleFamily,3,279160.0,2025,https://www.zillow.com,https://photos.zillowstatic.com/fp/1a77fe706655150d6071bc6ec8d85fdd-p_c.jpg,2026-07-06 12:02,For Sale
26702846,5946 Mercedes Ave,75206,Dallas,TX,32.827667,-96.76381,1295000,397.0,-55000.0,1266700.0,5867.0,4.0,3.0,3264.0,1932.0,7100.28,singleFamily,37,975380.0,2025,https://www.zillow.com,https://photos.zillowstatic.com/fp/f13e87f704b72c7f3b85dade56cad73a-p_c.jpg,2026-07-06 12:02,For Sale
80235082,9009 Arbor Park Dr,75243,Dallas,TX,32.89907,-96.7294,1225000,300.0,,1160700.0,7064.0,4.0,5.0,4082.0,1977.0,0.252,singleFamily,38,894960.0,2025,https://www.zillow.com,https://photos.zillowstatic.com/fp/b8983dd6783f5198e11ad5571b6cfdec-p_c.jpg,2026-07-06 12:02,For Sale
26741956,10014 Estacado Dr,75228,Dallas,TX,32.83032,-96.68622,445000,322.0,-5000.0,436600.0,2370.0,3.0,2.0,1380.0,1951.0,6664.68,singleFamily,59,408370.0,2025,https://www.zillow.com,https://photos.zillowstatic.com/fp/dea31da48f4adc1a290c9332587d1baa-p_c.jpg,2026-07-06 12:02,For Sale
462579429,1999 McKinney Ave APT 605,75205,Dallas,TX,32.79043,-96.80398,799000,330.0,,,,2.0,2.0,2421.0,2000.0,0.668,condo,59,,,https://www.zillow.com,https://photos.zillowstatic.com/fp/bb39f99e44965bc6d04110e9afb863df-p_c.jpg,2026-07-06 12:02,For Sale
26744749,11216 Barbarosa Dr,75228,Dallas,TX,32.84862,-96.6792,199000,195.0,,194100.0,1821.0,2.0,2.0,1018.0,1950.0,7352.928,singleFamily,12,259500.0,2025,https://www.zillow.com,https://photos.zillowstatic.com/fp/b2cee24b3c05c9c10c4e5e1f9d20340c-p_c.jpg,2026-07-06 12:02,For Sale
26739896,8619 San Benito Way,75218,Dallas,TX,32.81829,-96.70739,1500000,546.0,,,,3.0,3.0,2746.0,2017.0,7927.92,singleFamily,82,1199700.0,2025,https://www.zillow.com,https://photos.zillowstatic.com/fp/e14fad724ea1f5d6726640aed8c35d5e-p_c.jpg,2026-07-06 12:02,For Sale
26863363,7326 Spring Valley Rd,75254,Dallas,TX,32.939564,-96.77729,1100000,298.0,-89000.0,1037200.0,6169.0,5.0,5.0,3694.0,1961.0,0.507,singleFamily,124,987170.0,2025,https://www.zillow.com,https://photos.zillowstatic.com/fp/e80289cffb392d62972b6516fc4bbe3e-p_c.jpg,2026-07-06 12:02,For Sale
457482775,917 S Carroll Ave,75223,Dallas,TX,32.78605,-96.76156,625000,214.0,-25000.0,621000.0,4047.0,4.0,5.0,2921.0,2025.0,6708.24,singleFamily,24,,,https://www.zillow.com,https://photos.zillowstatic.com/fp/0cd627787fd73c7c3c47073fd06f2ace-p_c.jpg,2026-07-06 12:02,For Sale
26702043,6905 Wabash Cir,75214,Dallas,TX,32.824696,-96.74096,1750000,513.0,,1692700.0,6093.0,5.0,3.0,3411.0,1967.0,0.294,singleFamily,37,1453030.0,2025,https://www.zillow.com,https://photos.zillowstatic.com/fp/c1cc4ccc08d3472c675cc0d1a34d9fb9-p_c.jpg,2026-07-06 12:02,For Sale
80231177,10201 Royal Highlands Dr,75238,Dallas,TX,32.887825,-96.72317,874900,414.0,,,,4.0,3.0,2112.0,1976.0,9016.92,singleFamily,24,712240.0,2025,https://www.zillow.com,https://photos.zillowstatic.com/fp/50a8a4888b8d6f68b45eb66f270de716-p_c.jpg,2026-07-06 12:02,For Sale
26789069,3950 Rochelle Dr,75220,Dallas,TX,32.874146,-96.849075,1995000,429.0,,1950200.0,2455.0,5.0,6.0,4650.0,2026.0,7710.12,singleFamily,2,500000.0,2025,https://www.zillow.com,https://photos.zillowstatic.com/fp/9f1919d639129bca9ed67e703099fb34-p_c.jpg,2026-07-06 12:02,For Sale
26894306,8518 Richardson Branch Trl,75243,Dallas,TX,32.89573,-96.74962,629900,260.0,,,,3.0,2.0,2420.0,1981.0,8973.36,singleFamily,17,626340.0,2025,https://www.zillow.com,https://photos.zillowstatic.com/fp/83f16719e1c08d732dcdaaa12547bc5b-p_c.jpg,2026-07-06 12:02,For Sale
26689423,717 Ridgeway St,75214,Dallas,TX,32.8086,-96.75718,1350000,508.0,,1285200.0,5693.0,3.0,4.0,2656.0,1923.0,8058.6,singleFamily,37,745660.0,2025,https://www.zillow.com,https://photos.zillowstatic.com/fp/760b91f38c0bb791a9116fb08d8441e8-p_c.jpg,2026-07-06 12:02,For Sale
26874914,15817 El Estado Dr,75248,Dallas,TX,32.964634,-96.771416,328000,215.0,,319000.0,1955.0,3.0,2.0,1524.0,1968.0,4791.6,singleFamily,7,314640.0,2025,https://www.zillow.com,https://photos.zillowstatic.com/fp/fe1581da66466c858fafffba4833d8b9-p_c.jpg,2026-07-06 12:02,For Sale
26701875,6867 Gaston Ave,75214,Dallas,TX,32.816105,-96.74107,1249950,534.0,,,,4.0,3.0,2340.0,1937.0,0.29500000000000004,singleFamily,65,768020.0,2025,https://www.zillow.com,https://photos.zillowstatic.com/fp/844aac6c511c56e1cfc96b4d8adb5258-p_c.jpg,2026-07-06 12:02,For Sale
26852389,13745 Rolling Hills Ln,75240,Dallas,TX,32.936565,-96.77062,495000,229.0,,482800.0,3583.0,4.0,3.0,2164.0,1965.0,10402.128,singleFamily,106,485930.0,2025,https://www.zillow.com,https://photos.zillowstatic.com/fp/daa89631dce27f8ffa7061c9dbcb3ca7-p_c.jpg,2026-07-06 12:02,For Sale
26807792,3060 Timberview Rd,75229,Dallas,TX,32.88321,-96.872246,635000,259.0,,610200.0,4303.0,4.0,3.0,2454.0,1963.0,10018.8,singleFamily,23,509110.0,2025,https://www.zillow.com,https://photos.zillowstatic.com/fp/7b7b0bab43ab5ccea3302f0918f81de0-p_c.jpg,2026-07-06 12:02,For Sale
96522330,3210 Carpenter Ave,75215,Dallas,TX,32.762043,-96.75075,394900,199.0,,392200.0,2643.0,4.0,3.0,1988.0,2026.0,9365.4,singleFamily,9,65000.0,2025,https://www.zillow.com,https://photos.zillowstatic.com/fp/8de4aa2260a00da0412b0e7c4beb67d4-p_c.jpg,2026-07-06 12:02,For Sale
26792625,3888 Walnut Hill Ln,75229,Dallas,TX,32.880016,-96.849236,2395000,461.0,,,,5.0,6.0,5200.0,2026.0,0.51,singleFamily,31,510910.0,2025,https://www.zillow.com,https://photos.zillowstatic.com/fp/89bf8e08ef5c913db7925a9f0c33070a-p_c.jpg,2026-07-06 12:02,For Sale
26740176,8210 Garland Rd,75218,Dallas,TX,32.81496,-96.721535,3495000,536.0,,3161300.0,8705.0,6.0,6.0,6519.0,2004.0,1.033,singleFamily,79,2566600.0,2025,https://www.zillow.com,https://photos.zillowstatic.com/fp/cc924622ac02e491e01f7031b7e4a773-p_c.jpg,2026-07-06 12:02,For Sale
26910479,3232 Rosebank Dr,75228,Dallas,TX,32.806366,-96.678185,299900,218.0,,293100.0,2029.0,3.0,2.0,1373.0,1993.0,3789.72,singleFamily,7,238390.0,2025,https://www.zillow.com,https://photos.zillowstatic.com/fp/fd9572fa2b5c00a7745e7be29f4e1846-p_c.jpg,2026-07-06 12:02,For Sale
26723401,1318 S Montclair Ave,75208,Dallas,TX,32.731808,-96.846565,160000,182.0,,233200.0,2748.0,3.0,2.0,881.0,1949.0,7753.68,singleFamily,4,198280.0,2025,https://www.zillow.com,https://www.zillowstatic.com/static/images/nophoto_p_c.png,2026-07-06 12:02,For Sale
26913371,13207 Woodbend Ln,75243,Dallas,TX,32.918945,-96.73134,314999,208.0,-10001.0,315000.0,2037.0,3.0,3.0,1516.0,1982.0,2090.88,townhome,26,256120.0,2025,https://www.zillow.com,https://photos.zillowstatic.com/fp/21c327942f1fe27ae1a94979bb4dda79-p_c.jpg,2026-07-06 12:02,For Sale
26753047,10695 Pagewood Dr,75230,Dallas,TX,32.89283,-96.77914,1400000,292.0,,,,4.0,5.0,4796.0,1978.0,0.342,singleFamily,25,1916440.0,2025,https://www.zillow.com,https://photos.zillowstatic.com/fp/aaddae5acb4bf2a1b490aa281cf2864e-p_c.jpg,2026-07-06 12:02,For Sale
26834831,4015 Shadrack Dr,75212,Dallas,TX,32.790714,-96.87954,155000,179.0,,,1958.0,2.0,1.0,864.0,1952.0,10585.08,singleFamily,26,180660.0,2025,https://www.zillow.com,https://photos.zillowstatic.com/fp/e4a643fc84cef42bfa7ee6496e211573-p_c.jpg,2026-07-06 12:02,For Sale
2069956307,4406 S Ottawa Rd,75212,Dallas,TX,32.791405,-96.892456,450000,182.0,,448100.0,1548.0,4.0,2.0,2476.0,2026.0,6233.436,singleFamily,6,,,https://www.zillow.com,https://photos.zillowstatic.com/fp/a8c3f2c5c1386dec0b0bce207e05e484-p_c.jpg,2026-07-06 12:02,For Sale
26837473,11028 Edgemere Rd,75230,Dallas,TX,32.898827,-96.79269,4194000,609.0,-101000.0,4043300.0,7741.0,6.0,9.0,6882.0,2026.0,0.34900000000000003,singleFamily,51,1395430.0,2025,https://www.zillow.com,https://photos.zillowstatic.com/fp/7777c7bad971b7b8bc9c7a479a911f6e-p_c.jpg,2026-07-06 12:02,For Sale
26688370,2725 1st Ave,75210,Dallas,TX,32.767334,-96.750824,258900,144.0,-100.0,258400.0,2621.0,3.0,3.0,1800.0,2025.0,5575.68,singleFamily,110,199530.0,2025,https://www.zillow.com,https://photos.zillowstatic.com/fp/eb092f9bc635c7c350acb6986e06ce74-p_c.jpg,2026-07-06 12:02,For Sale
26746778,10469 Sinclair Ave,75218,Dallas,TX,32.85076,-96.70008,799000,398.0,,,,4.0,3.0,2008.0,1960.0,8973.36,singleFamily,17,609330.0,2025,https://www.zillow.com,https://photos.zillowstatic.com/fp/d09baee347b99162de7f6c5a1627c50f-p_c.jpg,2026-07-06 12:02,For Sale
26713232,2606 W 12th St,75211,Dallas,TX,32.740997,-96.86155,338500,264.0,-10500.0,326300.0,2141.0,2.0,2.0,1284.0,1915.0,7405.2,singleFamily,61,393850.0,2025,https://www.zillow.com,https://photos.zillowstatic.com/fp/9136a2d69890c80bfdf9a919077441fc-p_c.jpg,2026-07-06 12:02,For Sale
26703114,6303 Anita St,75214,Dallas,TX,32.834896,-96.75495,739000,484.0,-10000.0,715300.0,2877.0,3.0,2.0,1528.0,1948.0,7840.8,singleFamily,44,658000.0,2025,https://www.zillow.com,https://photos.zillowstatic.com/fp/522ca8a315b22251258de3e77611f2b0-p_c.jpg,2026-07-06 12:02,For Sale
26755834,6404 Lakehurst Ave,75230,Dallas,TX,32.884262,-96.79628,3399000,599.0,-300999.0,3228700.0,4265.0,5.0,7.0,5671.0,2025.0,10018.8,singleFamily,182,3019960.0,2025,https://www.zillow.com,https://photos.zillowstatic.com/fp/d68e913392f621ae6e7dd23ed52d153c-p_c.jpg,2026-07-06 12:02,For Sale
96521487,2317 Jordan Valley Rd,75253,Dallas,TX,32.67841,-96.61997,350000,177.0,,,1365.0,4.0,2.0,1976.0,2026.0,0.25,singleFamily,1,75000.0,2025,https://www.zillow.com,https://photos.zillowstatic.com/fp/727c90aa3930456ba31a90d2e4c16736-p_c.jpg,2026-07-06 12:02,For Sale
26712191,1815 W Brooklyn Ave,75208,Dallas,TX,32.739494,-96.84982,319000,274.0,44000.0,310500.0,1798.0,2.0,2.0,1164.0,1924.0,2395.8,multiFamily,12,292530.0,2025,https://www.zillow.com,https://photos.zillowstatic.com/fp/b10ffe5c909b6ad11ddb4213a923cb60-p_c.jpg,2026-07-06 12:02,For Sale
26888971,15306 Trails End Dr,75248,Dallas,TX,32.956,-96.802155,749000,283.0,-50000.0,,,4.0,3.0,2648.0,1979.0,9539.64,singleFamily,66,546100.0,2025,https://www.zillow.com,https://photos.zillowstatic.com/fp/02cbfda88fa1b04f06949776fb75f268-p_c.jpg,2026-07-06 12:02,For Sale
463650776,4418 Myrtle,75210,Dallas,TX,32.75643,-96.75614,254900,198.0,,,,3.0,2.0,1290.0,2026.0,6250.86,singleFamily,2,,,https://www.zillow.com,https://photos.zillowstatic.com/fp/3bf5e8c69b3cc8499afa4f5a2075f4cc-p_c.jpg,2026-07-06 12:02,For Sale
26890015,6639 Clearhaven Cir,75248,Dallas,TX,32.96738,-96.792244,895000,285.0,-30000.0,863300.0,4956.0,4.0,4.0,3141.0,1978.0,7840.8,singleFamily,122,937100.0,2025,https://www.zillow.com,https://photos.zillowstatic.com/fp/c50fc55a9f143018be57b8e38d6111a0-p_c.jpg,2026-07-06 12:02,For Sale
162224612,4130 Cochran Chapel Rd,75209,Dallas,TX,32.860207,-96.84044,9150000,1018.0,,,,5.0,8.0,8984.0,2002.0,3.38,singleFamily,120,6872000.0,2025,https://www.zillow.com,https://photos.zillowstatic.com/fp/9974a556fdec25115f607399b11c6488-p_c.jpg,2026-07-06 12:02,For Sale
26754803,6730 Park Ln,75225,Dallas,TX,32.87319,-96.78844,3895000,654.0,-95000.0,3698100.0,7900.0,5.0,6.0,5957.0,2022.0,10149.48,singleFamily,50,3013410.0,2025,https://www.zillow.com,https://photos.zillowstatic.com/fp/9426aa290780995e00064a826f8f6a65-p_c.jpg,2026-07-06 12:02,For Sale
26704599,5332 Longview St,75206,Dallas,TX,32.830578,-96.778336,759000,367.0,-16000.0,,,3.0,3.0,2068.0,2005.0,3963.96,singleFamily,56,731620.0,2025,https://www.zillow.com,https://photos.zillowstatic.com/fp/4390a125fc11517c3b759ed69c99bcae-p_c.jpg,2026-07-06 12:02,For Sale
26743101,10615 Swallow Ln,75218,Dallas,TX,32.848198,-96.69411,499000,267.0,,484600.0,2681.0,3.0,2.0,1870.0,1958.0,10236.6,singleFamily,67,492800.0,2025,https://www.zillow.com,https://photos.zillowstatic.com/fp/dd9205e4b822830c8efeb7a3565a5974-p_c.jpg,2026-07-06 12:02,For Sale
80227036,1016 Liberty St Ste 3,75204,Dallas,TX,32.793427,-96.79091,399000,211.0,-40000.0,390300.0,2991.0,3.0,3.0,1887.0,2006.0,0.9319999999999999,condo,59,594410.0,2025,https://www.zillow.com,https://photos.zillowstatic.com/fp/09522c154cfaa8bde23e1f1a5077c6da-p_c.jpg,2026-07-06 12:02,For Sale
26752293,6943 Prestonshire Ln,75225,Dallas,TX,32.875813,-96.78448,1835000,455.0,-115000.0,1722700.0,7401.0,4.0,5.0,4031.0,1964.0,0.416,singleFamily,45,1650000.0,2025,https://www.zillow.com,https://photos.zillowstatic.com/fp/65b0bc62f88d73b5a2da44f16ca1c34c-p_c.jpg,2026-07-06 12:02,For Sale
27325216,19025 Platte River Way,75287,Dallas,TX,33.010918,-96.86281,385000,224.0,,376800.0,2599.0,3.0,2.0,1715.0,1983.0,10454.4,singleFamily,17,340739.0,2025,https://www.zillow.com,https://photos.zillowstatic.com/fp/beeb3c01944f570feb0ea1e79fedc752-p_c.jpg,2026-07-06 12:02,For Sale
26695513,5210 Ridgedale Ave,75206,Dallas,TX,32.825203,-96.781876,940000,558.0,,,,3.0,2.0,1685.0,1926.0,7230.96,singleFamily,17,893160.0,2025,https://www.zillow.com,https://photos.zillowstatic.com/fp/2ea5d05d2a321e228163102b6375b2de-p_c.jpg,2026-07-06 12:02,For Sale
26788538,9903 Lakemont Dr,75220,Dallas,TX,32.878094,-96.842995,799900,456.0,-15100.0,776900.0,3651.0,3.0,2.0,1753.0,1952.0,8537.76,singleFamily,66,783700.0,2025,https://www.zillow.com,https://photos.zillowstatic.com/fp/ba06918418da6083254c2f1dcc8a968e-p_c.jpg,2026-07-06 12:02,For Sale
26707488,7033 Chantilly Ln,75214,Dallas,TX,32.838043,-96.73973,2795000,517.0,,2668400.0,4132.0,5.0,6.0,5407.0,2026.0,8973.36,singleFamily,4,790810.0,2025,https://www.zillow.com,https://photos.zillowstatic.com/fp/e0a6fee613313d131b2a1db7695686ae-p_c.jpg,2026-07-06 12:02,For Sale
26691864,2215 Madera St,75206,Dallas,TX,32.814247,-96.77663,1545000,564.0,-50000.0,1486400.0,6818.0,3.0,3.0,2738.0,2016.0,7501.032,singleFamily,73,1124380.0,2025,https://www.zillow.com,https://photos.zillowstatic.com/fp/67b6c45f98dec198c68be499c02c28e6-p_c.jpg,2026-07-06 12:02,For Sale
53089558,6032 Ainsdale Ct,75252,Dallas,TX,32.998665,-96.80026,579000,243.0,-20000.0,565000.0,4320.0,4.0,3.0,2387.0,1994.0,6534.0,singleFamily,18,542762.0,2025,https://www.zillow.com,https://photos.zillowstatic.com/fp/7405773a0b6b4a81c3c8857faafa1cc7-p_c.jpg,2026-07-06 12:02,For Sale
442926394,7207 Gaston Ave #1002,75206,Dallas,TX,32.813904,-96.731186,459000,338.0,,451000.0,2663.0,2.0,3.0,1357.0,2024.0,1.1,condo,3,437370.0,2025,https://www.zillow.com,https://photos.zillowstatic.com/fp/21c36fbd5f75030769bf4b4af83a36a6-p_c.jpg,2026-07-06 12:02,For Sale
96502655,6322 S Lancaster Rd,75241,Dallas,TX,32.66862,-96.78269,289000,199.0,-10000.0,287700.0,2115.0,3.0,2.0,1453.0,2022.0,6011.28,singleFamily,10,315190.0,2025,https://www.zillow.com,https://photos.zillowstatic.com/fp/3d037e4294a28b03c985c91435d93087-p_c.jpg,2026-07-06 12:02,For Sale
26901789,5750 Phoenix Dr APT 39,75231,Dallas,TX,32.875942,-96.75966,125000,123.0,-10000.0,,,2.0,2.0,1017.0,1981.0,2.007,condo,25,181760.0,2025,https://www.zillow.com,https://photos.zillowstatic.com/fp/1df719da6c67f47eb217346bd0e5750d-p_c.jpg,2026-07-06 12:02,For Sale
27330641,2303 Silverthorne Dr,75287,Dallas,TX,32.994152,-96.87264,354990,246.0,-910.0,,2141.0,3.0,2.0,1444.0,1983.0,9365.4,singleFamily,41,380144.0,2025,https://www.zillow.com,https://photos.zillowstatic.com/fp/da83803a73031c355a0646bfa6b9a3df-p_c.jpg,2026-07-06 12:02,For Sale
26779439,1631 Windchime Dr,75224,Dallas,TX,32.69317,-96.849174,375000,189.0,,367100.0,3472.0,4.0,3.0,1986.0,1968.0,7274.52,singleFamily,0,329600.0,2025,https://www.zillow.com,https://photos.zillowstatic.com/fp/34572a6f102ee139c487f6600ee9b181-p_c.jpg,2026-07-06 12:02,For Sale
26787260,9755 Van Dyke Rd,75218,Dallas,TX,32.85455,-96.71484,2195000,734.0,,2053100.0,5305.0,4.0,3.0,2990.0,1956.0,0.544,singleFamily,31,1150000.0,2025,https://www.zillow.com,https://photos.zillowstatic.com/fp/9ded6e32011621fb64f2b8ee8d3871e4-p_c.jpg,2026-07-06 12:02,For Sale
26806909,10107 Cromwell Dr,75229,Dallas,TX,32.88235,-96.86215,775000,333.0,-7100.0,,,4.0,3.0,2324.0,1970.0,0.253,singleFamily,78,441610.0,2025,https://www.zillow.com,https://photos.zillowstatic.com/fp/1df9265c563dc6e6a6c5e098c2a25b1c-p_c.jpg,2026-07-06 12:02,For Sale
55827313,2011 Cedar Springs Rd APT 606,75201,Dallas,TX,32.791203,-96.80547,2850000,612.0,,2658900.0,15820.0,2.0,3.0,4655.0,1999.0,0.981,condo,170,2630080.0,2025,https://www.zillow.com,https://photos.zillowstatic.com/fp/4b32446b54d460499210c02631c189bd-p_c.jpg,2026-07-06 12:02,For Sale
26697198,5111 Stoneleigh Ave,75235,Dallas,TX,32.81882,-96.82717,545000,389.0,-5000.0,526100.0,2842.0,3.0,2.0,1402.0,1940.0,7605.576,singleFamily,39,512640.0,2025,https://www.zillow.com,https://photos.zillowstatic.com/fp/77e860f20c10b1dcc381f128babeadda-p_c.jpg,2026-07-06 12:02,For Sale
26704339,5514 Matalee Ave,75206,Dallas,TX,32.832375,-96.77399,1149000,382.0,,1102100.0,3142.0,3.0,4.0,3006.0,2025.0,4443.12,singleFamily,3,605620.0,2025,https://www.zillow.com,https://photos.zillowstatic.com/fp/59df397697ce82b19d2413604514a212-p_c.jpg,2026-07-06 12:02,For Sale
26873018,15746 Overmead Cir,75248,Dallas,TX,32.962303,-96.782295,655000,273.0,,,,4.0,3.0,2400.0,1972.0,7405.2,singleFamily,5,427010.0,2025,https://www.zillow.com,https://photos.zillowstatic.com/fp/3fa75796dc34aac53071e5c973a8997a-p_c.jpg,2026-07-06 12:02,For Sale
26731440,7615 Morton St,75209,Dallas,TX,32.848873,-96.82399,2300000,501.0,,2224500.0,2178.0,5.0,7.0,4590.0,2026.0,7492.32,singleFamily,66,500000.0,2025,https://www.zillow.com,https://photos.zillowstatic.com/fp/ad25f3c3c3874b662fd0f11613b2cb2a-p_c.jpg,2026-07-06 12:02,For Sale
27298910,17958 Brent Dr,75287,Dallas,TX,32.99651,-96.86179,450000,199.0,-25000.0,444000.0,2754.0,3.0,3.0,2256.0,1998.0,5000.688,singleFamily,25,409000.0,2025,https://www.zillow.com,https://photos.zillowstatic.com/fp/dfe1df8ee163112340228e46a1737c7b-p_c.jpg,2026-07-06 12:02,For Sale
26677957,1319 Birkenhead Ct,75204,Dallas,TX,32.79216,-96.78737,624000,258.0,,,,3.0,3.0,2421.0,1979.0,3702.6,singleFamily,7,645290.0,2025,https://www.zillow.com,https://photos.zillowstatic.com/fp/d03a9d5e2fb24d367f37799ca7e052b9-p_c.jpg,2026-07-06 12:02,For Sale
26738436,4014 Poinsettia Dr,75211,Dallas,TX,32.72411,-96.8857,265000,249.0,,208600.0,1883.0,3.0,1.0,1064.0,1946.0,0.384,singleFamily,3,224060.0,2025,https://www.zillow.com,https://photos.zillowstatic.com/fp/ad67615d56e8c59401dcdcfa75b6f02a-p_c.jpg,2026-07-06 12:02,For Sale
26912851,8503 Coppertowne Ln,75243,Dallas,TX,32.89599,-96.72702,309000,183.0,-30000.0,300200.0,2593.0,3.0,3.0,1686.0,1983.0,1960.2,townhome,38,359420.0,2025,https://www.zillow.com,https://photos.zillowstatic.com/fp/79ce9956c067f7ccf10879bc193f4fd5-p_c.jpg,2026-07-06 12:02,For Sale
26866546,9607 Greensprint Dr,75238,Dallas,TX,32.885036,-96.72301,1150000,420.0,-25000.0,1114700.0,3880.0,5.0,4.0,2736.0,1979.0,8668.44,singleFamily,88,806110.0,2025,https://www.zillow.com,https://photos.zillowstatic.com/fp/fbc2f858114d4b740ea70a68d75d24ea-p_c.jpg,2026-07-06 12:02,For Sale
462255382,9504-9506 Mercer Dr,75228,Dallas,TX,32.82323,-96.69338,539000,223.0,-10000.0,530100.0,2591.0,4.0,2.0,2421.0,1952.0,0.526,multiFamily,59,,,https://www.zillow.com,https://photos.zillowstatic.com/fp/efbe9e11b05d76244a2b9d498116c0d5-p_c.jpg,2026-07-06 12:02,For Sale
26803654,5811 Preston Haven Dr,75230,Dallas,TX,32.90679,-96.80692,3900000,679.0,-600000.0,3645900.0,7699.0,5.0,7.0,5741.0,2009.0,0.444,singleFamily,30,2353000.0,2025,https://www.zillow.com,https://photos.zillowstatic.com/fp/6a778d12186bd4c5efb3cf6ba2759826-p_c.jpg,2026-07-06 12:02,For Sale
26702921,6030 Morningside Ave,75206,Dallas,TX,32.828613,-96.76226,830000,423.0,-20000.0,,,3.0,2.0,1963.0,1948.0,7492.32,singleFamily,30,680570.0,2025,https://www.zillow.com,https://photos.zillowstatic.com/fp/7a39ae7b21bb44be09fadd3e91bb5178-p_c.jpg,2026-07-06 12:02,For Sale
26864370,11022 Ferndale Rd,75238,Dallas,TX,32.892773,-96.71707,639900,260.0,-10000.0,622800.0,3982.0,4.0,3.0,2457.0,1967.0,8929.8,singleFamily,30,630880.0,2025,https://www.zillow.com,https://photos.zillowstatic.com/fp/b2e1b804ecfc12d9a2b2f661c8510d72-p_c.jpg,2026-07-06 12:02,For Sale
26748994,6050 Melody Ln APT 121,75231,Dallas,TX,32.86708,-96.76039,119000,106.0,-16000.0,,1759.0,2.0,2.0,1127.0,1979.0,8.072,singleFamily,34,131380.0,2025,https://www.zillow.com,https://photos.zillowstatic.com/fp/96ebf5d4858adfb01fe23b0ffa435d2b-p_c.jpg,2026-07-06 12:02,For Sale
26841713,2609 Inadale Ave,75228,Dallas,TX,32.817135,-96.670525,290000,220.0,-5000.0,286100.0,2318.0,4.0,2.0,1320.0,1957.0,8102.16,singleFamily,28,212970.0,2025,https://www.zillow.com,https://photos.zillowstatic.com/fp/a63b8bd0f7e81159dff7c128223fd3ac-p_c.jpg,2026-07-06 12:02,For Sale
26892701,9853 Sophora Cir,75249,Dallas,TX,32.627705,-96.94711,345000,155.0,-15000.0,,2286.0,4.0,2.0,2230.0,1978.0,7143.84,singleFamily,25,360270.0,2025,https://www.zillow.com,https://photos.zillowstatic.com/fp/6e2a24eabf1a8549434751549e3bc3e2-p_c.jpg,2026-07-06 12:02,For Sale
162813534,655 Kessler Reserve Ct,75208,Dallas,TX,32.75595,-96.83342,2250000,499.0,-100000.0,2169300.0,6733.0,4.0,5.0,4506.0,2016.0,0.324,singleFamily,81,2006540.0,2025,https://www.zillow.com,https://photos.zillowstatic.com/fp/14862d26b73eba65207dcabf4ffc1413-p_c.jpg,2026-07-06 12:02,For Sale
26748533,6214 Danbury Ln,75214,Dallas,TX,32.848488,-96.75715,1295000,344.0,,1228700.0,7075.0,4.0,4.0,3766.0,1970.0,8624.88,singleFamily,38,980000.0,2025,https://www.zillow.com,https://photos.zillowstatic.com/fp/291d78fc610b9724c75a208a4776078d-p_c.jpg,2026-07-06 12:02,For Sale
26703118,6323 Anita St,75214,Dallas,TX,32.834892,-96.75415,1799000,407.0,,1749300.0,4513.0,6.0,6.0,4420.0,2026.0,7962.768,singleFamily,18,732290.0,2025,https://www.zillow.com,https://photos.zillowstatic.com/fp/e44ee960e224a6b32127081c019ccaa3-p_c.jpg,2026-07-06 12:02,For Sale
26693674,6331 Lakeshore Dr,75214,Dallas,TX,32.81938,-96.7547,1275000,304.0,-24999.0,1227500.0,7433.0,4.0,5.0,4198.0,2007.0,7492.32,singleFamily,65,1350000.0,2025,https://www.zillow.com,https://photos.zillowstatic.com/fp/17bf88faec6677abdf9957cdeafd5593-p_c.jpg,2026-07-06 12:02,For Sale
333139714,419 W Colorado Blvd,75208,Dallas,TX,32.759697,-96.82812,2499000,513.0,-56000.0,2413300.0,7975.0,4.0,6.0,4871.0,2025.0,7971.48,singleFamily,88,1411780.0,2025,https://www.zillow.com,https://photos.zillowstatic.com/fp/9b3de37d8c277688aa042d2ee06468a3-p_c.jpg,2026-07-06 12:02,For Sale
26758535,4323 Middleton Rd,75229,Dallas,TX,32.88603,-96.836235,3691000,621.0,-200000.0,3522300.0,6281.0,5.0,7.0,5945.0,2023.0,0.428,singleFamily,80,3344760.0,2025,https://www.zillow.com,https://photos.zillowstatic.com/fp/d5b50d5876a2018788fa9195c5ce9651-p_c.jpg,2026-07-06 12:02,For Sale
26810609,3247 Darvany Dr,75220,Dallas,TX,32.878372,-96.869026,629900,316.0,,613300.0,3761.0,3.0,3.0,1996.0,2021.0,10062.36,singleFamily,2,641300.0,2025,https://www.zillow.com,https://photos.zillowstatic.com/fp/352c4318e3e9efdd260a8389c094c271-p_c.jpg,2026-07-06 12:02,For Sale
96521412,2414 Anderson St,75215,Dallas,TX,32.746178,-96.75496,325000,168.0,,322700.0,2683.0,4.0,4.0,1940.0,2025.0,1873.08,singleFamily,38,18840.0,2025,https://www.zillow.com,https://photos.zillowstatic.com/fp/160602db0a0c542379fedd78ae06e6a3-p_c.jpg,2026-07-06 12:02,For Sale
26803466,12007 Quincy Ln,75230,Dallas,TX,32.912727,-96.81489,2940000,490.0,-59900.0,2842200.0,7732.0,5.0,8.0,5998.0,2025.0,0.37,singleFamily,115,1788170.0,2025,https://www.zillow.com,https://photos.zillowstatic.com/fp/f9a9e0ead227fe2b2a71ac147a46f520-p_c.jpg,2026-07-06 12:02,For Sale
96495673,3402 Spring Ave,75215,Dallas,TX,32.765728,-96.751465,319999,191.0,-10000.0,318700.0,2246.0,3.0,2.0,1672.0,2026.0,7501.032,singleFamily,95,62090.0,2025,https://www.zillow.com,https://photos.zillowstatic.com/fp/597a3eb2f28a78526f741e769b10d186-p_c.jpg,2026-07-06 12:02,For Sale
26706816,6403 Westlake Ave,75214,Dallas,TX,32.822224,-96.752655,1495000,412.0,-100000.0,1447700.0,5954.0,3.0,4.0,3632.0,2007.0,8494.2,singleFamily,81,1380000.0,2025,https://www.zillow.com,https://photos.zillowstatic.com/fp/eb78d750209335a90e12999aab441dc7-p_c.jpg,2026-07-06 12:02,For Sale
26701553,6511 Gaston Ave,75214,Dallas,TX,32.816643,-96.75113,1149000,502.0,-40000.0,1108000.0,6062.0,3.0,3.0,2290.0,1940.0,0.368,singleFamily,88,748530.0,2025,https://www.zillow.com,https://photos.zillowstatic.com/fp/6442bc7a24f14a528295f38f1b8d20bf-p_c.jpg,2026-07-06 12:02,For Sale
67965469,3225 Turtle Creek Blvd APT 1509,75219,Dallas,TX,32.806835,-96.80463,399000,321.0,,,,2.0,2.0,1242.0,1998.0,3.536,condo,3,416070.0,2025,https://www.zillow.com,https://photos.zillowstatic.com/fp/fcf520ee95a726ed6f899f71231fccf7-p_c.jpg,2026-07-06 12:02,For Sale
26807447,3534 Ingleside Dr,75229,Dallas,TX,32.889,-96.86073,1749000,383.0,-26000.0,1689100.0,6445.0,5.0,4.0,4571.0,2022.0,0.286,singleFamily,37,1621610.0,2025,https://www.zillow.com,https://photos.zillowstatic.com/fp/af26a0e72b8f2e107f7d1e0fa0db52c2-p_c.jpg,2026-07-06 12:02,For Sale
26693370,4416 N Hall St,75219,Dallas,TX,32.81705,-96.81465,1399000,493.0,-30999.0,1340700.0,5849.0,4.0,4.0,2840.0,1924.0,9234.72,singleFamily,18,1115150.0,2025,https://www.zillow.com,https://photos.zillowstatic.com/fp/0279fa3f572cedcb2544d3af55b5aac6-p_c.jpg,2026-07-06 12:02,For Sale
26849341,12129 Marbrook Dr,75230,Dallas,TX,32.91435,-96.79447,3595000,537.0,,3449500.0,7100.0,6.0,7.0,6700.0,2026.0,0.378,singleFamily,24,1215090.0,2025,https://www.zillow.com,https://photos.zillowstatic.com/fp/2724d443fe981de012a3499de8c256a4-p_c.jpg,2026-07-06 12:02,For Sale
463318381,2307 Kings Rd,75219,Dallas,TX,32.811443,-96.8278,650000,337.0,,628600.0,3886.0,3.0,4.0,1928.0,2026.0,3206.016,singleFamily,3,,,https://www.zillow.com,https://photos.zillowstatic.com/fp/74e7c367c3c5e9b182a931fd11a400e8-p_c.jpg,2026-07-06 12:02,For Sale
26788552,4106 Walnut Hill Ln,75229,Dallas,TX,32.880005,-96.84232,675000,288.0,-25000.0,,,4.0,3.0,2345.0,1953.0,0.459,singleFamily,94,570290.0,2025,https://www.zillow.com,https://photos.zillowstatic.com/fp/16cb262f0c4bb778d2019d4b44e8574d-p_c.jpg,2026-07-06 12:02,For Sale
26869204,9424 Hunters Creek Dr,75243,Dallas,TX,32.904613,-96.73451,550000,257.0,,,,3.0,3.0,2142.0,1969.0,10367.28,singleFamily,74,532650.0,2025,https://www.zillow.com,https://photos.zillowstatic.com/fp/6ecc6c16887c0c4ad181751c3bc4880b-p_c.jpg,2026-07-06 12:02,For Sale
26756217,6707 Pemberton Dr,75230,Dallas,TX,32.891823,-96.7897,4250000,620.0,-249000.0,4021200.0,10486.0,5.0,7.0,6851.0,2021.0,0.38199999999999995,singleFamily,132,3603470.0,2025,https://www.zillow.com,https://photos.zillowstatic.com/fp/342eab535301ea48f610387263ffeddb-p_c.jpg,2026-07-06 12:02,For Sale
26707212,7153 Cornelia Ln,75214,Dallas,TX,32.830696,-96.73574,2799000,554.0,-50000.0,2715400.0,5747.0,5.0,5.0,5055.0,2025.0,0.26,singleFamily,37,878030.0,2025,https://www.zillow.com,https://photos.zillowstatic.com/fp/b1ffb95db4bc32cdaf4687656d15de22-p_c.jpg,2026-07-06 12:02,For Sale
26825098,550 Glen Oaks Blvd,75232,Dallas,TX,32.677773,-96.83362,499000,161.0,,482200.0,3067.0,5.0,3.0,3100.0,1962.0,0.5609999999999999,singleFamily,16,300000.0,2025,https://www.zillow.com,https://photos.zillowstatic.com/fp/63ab21e7ab5c6665ccf74f6285abc56a-p_c.jpg,2026-07-06 12:02,For Sale
26735499,6628 Lockheed Ave,75209,Dallas,TX,32.839314,-96.829285,1649000,383.0,,1610400.0,7277.0,5.0,6.0,4304.0,2026.0,6316.2,singleFamily,30,340320.0,2025,https://www.zillow.com,https://photos.zillowstatic.com/fp/006fa1063f0c169309fcb7a981351a17-p_c.jpg,2026-07-06 12:02,For Sale
26897051,14821 Kleberg Rd,75253,Dallas,TX,32.66382,-96.59625,710000,225.0,-20000.0,692300.0,3304.0,4.0,4.0,3159.0,1968.0,9.4,singleFamily,60,418750.0,2025,https://www.zillow.com,https://photos.zillowstatic.com/fp/359fdc6e3be3e8ccae8f106e3db6a5f9-p_c.jpg,2026-07-06 12:02,For Sale
460657543,5445 Terry St,75223,Dallas,TX,32.797497,-96.75476,549999,246.0,-10000.0,545100.0,3794.0,3.0,3.0,2234.0,2026.0,7501.032,singleFamily,132,,,https://www.zillow.com,https://photos.zillowstatic.com/fp/afdb3578ed9fef45cabe5a84f7ea3ad7-p_c.jpg,2026-07-06 12:02,For Sale
162255545,2603 Custer Dr,75216,Dallas,TX,32.703873,-96.78221,250000,205.0,25000.0,248800.0,1997.0,3.0,2.0,1219.0,2015.0,7492.32,singleFamily,11,230400.0,2025,https://www.zillow.com,https://photos.zillowstatic.com/fp/428e6880c30cbf62b9723cb4c1d48fc3-p_c.jpg,2026-07-06 12:02,For Sale
96534510,3901 Turtle Creek Blvd #15,75219,Dallas,TX,32.816788,-96.79974,5950000,886.0,,5424200.0,7465.0,4.0,9.0,6712.0,2014.0,5532.12,singleFamily,111,3650000.0,2025,https://www.zillow.com,https://photos.zillowstatic.com/fp/d60eac9da72bab20b1da1feb470f3a87-p_c.jpg,2026-07-06 12:02,For Sale
69676421,3110 Thomas Ave APT 338,75204,Dallas,TX,32.798294,-96.79458,449000,461.0,,,,1.0,2.0,973.0,1998.0,1.174,condo,19,428120.0,2025,https://www.zillow.com,https://photos.zillowstatic.com/fp/4e7282ac2372da8daaf1a4b4ad758186-p_c.jpg,2026-07-06 12:02,For Sale
2064281836,11008 Quail Run St,75238,Dallas,TX,32.87046,-96.69358,589000,385.0,,551600.0,2554.0,3.0,2.0,1530.0,1956.0,0.281,singleFamily,5,,,https://www.zillow.com,https://photos.zillowstatic.com/fp/a8b9994e1e6791769de73ec3c147c8b3-p_c.jpg,2026-07-06 12:02,For Sale
96509994,3142 Harmon St,75215,Dallas,TX,32.767475,-96.75661,349000,135.0,-10990.0,347600.0,3507.0,3.0,4.0,2579.0,2025.0,3223.44,singleFamily,32,337650.0,2025,https://www.zillow.com,https://photos.zillowstatic.com/fp/562e87cfd8c823761c2a8bc7e603ddb3-p_c.jpg,2026-07-06 12:02,For Sale
339377550,1844 Mecca St,75206,Dallas,TX,32.812374,-96.7625,949900,330.0,-49100.0,936600.0,7396.0,4.0,5.0,2882.0,2023.0,1393.92,singleFamily,66,947540.0,2025,https://www.zillow.com,https://photos.zillowstatic.com/fp/88819b2c8f90931d26c5170950cff432-p_c.jpg,2026-07-06 12:02,For Sale
26741390,1521 El Campo Dr,75218,Dallas,TX,32.82369,-96.70063,1498000,331.0,-27000.0,1426500.0,5672.0,4.0,3.0,4520.0,1945.0,0.485,singleFamily,20,850000.0,2025,https://www.zillow.com,https://photos.zillowstatic.com/fp/3e334b29e036bfc6225b09366a50e508-p_c.jpg,2026-07-06 12:02,For Sale
26685330,416 Mount Auburn Ave,75223,Dallas,TX,32.80185,-96.74993,799900,191.0,-40000.0,796100.0,6353.0,5.0,5.0,4181.0,2026.0,7230.96,singleFamily,59,500000.0,2025,https://www.zillow.com,https://photos.zillowstatic.com/fp/fe9e6d677260a15f2de6ae1b2e18a5b9-p_c.jpg,2026-07-06 12:02,For Sale
53389616,1676 Glade Forest Dr,75218,Dallas,TX,32.80505,-96.72278,949000,299.0,-46000.0,919800.0,4413.0,3.0,4.0,3172.0,1999.0,9888.12,singleFamily,23,948760.0,2025,https://www.zillow.com,https://photos.zillowstatic.com/fp/0ce029d969bd66d13c5618e53f3f6202-p_c.jpg,2026-07-06 12:02,For Sale
26743846,11328 Flamingo Ln,75218,Dallas,TX,32.85391,-96.684586,460000,345.0,,442500.0,2451.0,3.0,2.0,1335.0,1955.0,8581.32,singleFamily,17,431460.0,2025,https://www.zillow.com,https://photos.zillowstatic.com/fp/50c7549f7d191002b8cfe79244098f9d-p_c.jpg,2026-07-06 12:02,For Sale
26709546,703 Buckalew St,75208,Dallas,TX,32.739113,-96.83911,679900,252.0,,,,4.0,3.0,2700.0,2026.0,6882.48,singleFamily,2,211730.0,2025,https://www.zillow.com,https://photos.zillowstatic.com/fp/09cf68fe598a89e0f95f7287e16c1ba5-p_c.jpg,2026-07-06 12:02,For Sale
26695084,5947 Goodwin Ave,75206,Dallas,TX,32.824085,-96.76384,868999,420.0,-1000.0,842700.0,4113.0,3.0,3.0,2070.0,1938.0,6534.0,singleFamily,135,801570.0,2025,https://www.zillow.com,https://photos.zillowstatic.com/fp/7eba40c1d347edc9fab3741bc34e1e0d-p_c.jpg,2026-07-06 12:02,For Sale
26809012,10931 Marsh Ln,75229,Dallas,TX,32.89747,-96.85655,649900,262.0,,622400.0,5170.0,4.0,3.0,2478.0,1981.0,0.372,singleFamily,23,591530.0,2025,https://www.zillow.com,https://photos.zillowstatic.com/fp/a5e19983897f7e7f02d633aee4ebff15-p_c.jpg,2026-07-06 12:02,For Sale
26809365,3239 Whitehall Dr,75229,Dallas,TX,32.901062,-96.86707,1820000,416.0,-75000.0,1826900.0,6219.0,5.0,6.0,4375.0,2025.0,0.29200000000000004,singleFamily,23,514340.0,2025,https://www.zillow.com,https://photos.zillowstatic.com/fp/1b5ab18653ede1e93695ef00d1949fbb-p_c.jpg,2026-07-06 12:02,For Sale
26758991,4234 Williamsburg Rd,75220,Dallas,TX,32.878807,-96.83715,3995000,571.0,-355000.0,3824600.0,7910.0,5.0,7.0,7000.0,2007.0,0.46299999999999997,singleFamily,18,2813900.0,2025,https://www.zillow.com,https://photos.zillowstatic.com/fp/a4e91acfea830c02cef3d55258e1e81f-p_c.jpg,2026-07-06 12:02,For Sale
162298636,3228 Grantwood Dr,75229,Dallas,TX,32.888435,-96.87161,725000,290.0,-24900.0,706300.0,4922.0,4.0,3.0,2500.0,1968.0,0.252,singleFamily,86,669910.0,2025,https://www.zillow.com,https://photos.zillowstatic.com/fp/86db71109e55476dfb827f8bedc35f1e-p_c.jpg,2026-07-06 12:02,For Sale
26691221,2909 Lenway St,75215,Dallas,TX,32.76731,-96.763115,87000,104.0,-8000.0,,1301.0,2.0,1.0,836.0,1925.0,5501.628,singleFamily,32,108720.0,2025,https://www.zillow.com,https://photos.zillowstatic.com/fp/9f98a1855062aa8637fb90e450ca4712-p_c.jpg,2026-07-06 12:02,For Sale
26759576,5036 Radbrook Pl,75220,Dallas,TX,32.867332,-96.82502,5995000,708.0,,5765100.0,31286.0,6.0,6.0,8462.0,2015.0,1.08,singleFamily,16,5077000.0,2025,https://www.zillow.com,https://photos.zillowstatic.com/fp/e79327d8aad385ed588ac32212b12973-p_c.jpg,2026-07-06 12:02,For Sale
26869485,9412 Timberleaf Dr,75243,Dallas,TX,32.906826,-96.73613,335000,167.0,-15000.0,328700.0,2419.0,3.0,3.0,2004.0,1971.0,3005.64,townhome,37,367570.0,2025,https://www.zillow.com,https://photos.zillowstatic.com/fp/454ff753424e6ae4fb14b5d899e0fe54-p_c.jpg,2026-07-06 12:02,For Sale
26880655,12151 Crestline Ave,75244,Dallas,TX,32.915157,-96.83427,1250000,406.0,-49900.0,1204100.0,4909.0,4.0,3.0,3077.0,1971.0,0.336,singleFamily,32,861260.0,2025,https://www.zillow.com,https://photos.zillowstatic.com/fp/3c82a9dc8619e0403051e0765acab993-p_c.jpg,2026-07-06 12:02,For Sale
26847177,1744 Gross Rd,75228,Dallas,TX,32.81449,-96.68626,349900,197.0,,339600.0,2693.0,3.0,2.0,1778.0,1964.0,0.261,singleFamily,25,392120.0,2025,https://www.zillow.com,https://photos.zillowstatic.com/fp/45888fa28ba28104ca482befd7439a57-p_c.jpg,2026-07-06 12:02,For Sale
26891262,8507 Sugarberry Pl,75249,Dallas,TX,32.64531,-96.94547,239900,171.0,,,,3.0,2.0,1403.0,1981.0,7405.2,singleFamily,2,237920.0,2025,https://www.zillow.com,https://photos.zillowstatic.com/fp/1282a8114f89e62d63d4003ec1bfba92-p_c.jpg,2026-07-06 12:02,For Sale
69674973,744 Cannen John Ln,75204,Dallas,TX,32.79163,-96.787994,529000,294.0,,512500.0,3399.0,3.0,4.0,1799.0,2005.0,1219.68,townhome,10,506000.0,2025,https://www.zillow.com,https://photos.zillowstatic.com/fp/0b72ec3694b858e8146df4150648d5b1-p_c.jpg,2026-07-06 12:02,For Sale
26832259,3321 Coronet Blvd,75212,Dallas,TX,32.78198,-96.83168,1120000,305.0,-50000.0,1087200.0,6689.0,5.0,6.0,3675.0,2024.0,5052.96,singleFamily,67,837460.0,2025,https://www.zillow.com,https://photos.zillowstatic.com/fp/a95512fef5aa61c2e68d5a370e641a45-p_c.jpg,2026-07-06 12:02,For Sale
26838897,10521 Sandpiper Ln,75230,Dallas,TX,32.889427,-96.78047,505000,272.0,6000.0,491600.0,3115.0,3.0,2.0,1859.0,1971.0,6446.88,singleFamily,154,473790.0,2025,https://www.zillow.com,https://photos.zillowstatic.com/fp/4337fa862d43b9c3b2e779eb755195e6-p_c.jpg,2026-07-06 12:02,For Sale
26871299,7512 Woodstone Ln,75248,Dallas,TX,32.955345,-96.7779,1300000,306.0,,1269400.0,5238.0,5.0,4.0,4253.0,1967.0,0.308,singleFamily,23,699860.0,2025,https://www.zillow.com,https://photos.zillowstatic.com/fp/2c2cbbf15cb86101846157906946f603-p_c.jpg,2026-07-06 12:02,For Sale
53071145,6403 Genstar Ln,75252,Dallas,TX,33.00282,-96.79369,970000,328.0,-9995.0,945100.0,4866.0,4.0,4.0,2960.0,1979.0,8276.4,singleFamily,34,639603.0,2025,https://www.zillow.com,https://photos.zillowstatic.com/fp/36846dff614b72538eb3f56ae0b352de-p_c.jpg,2026-07-06 12:02,For Sale
442939119,1606 Old Gate Ln,75218,Dallas,TX,32.823833,-96.70325,1995000,472.0,,,,5.0,4.0,4224.0,2024.0,10062.36,singleFamily,10,1614120.0,2025,https://www.zillow.com,https://photos.zillowstatic.com/fp/6d11ce7bb10f00f2e7b10776349416d2-p_c.jpg,2026-07-06 12:02,For Sale
26786143,4721 Fallon Pl,75227,Dallas,TX,32.78246,-96.71154,549900,179.0,,535300.0,2857.0,4.0,3.0,3064.0,1982.0,8407.08,singleFamily,5,422580.0,2025,https://www.zillow.com,https://photos.zillowstatic.com/fp/4effa86f56f16378ebe3ef01f045fa11-p_c.jpg,2026-07-06 12:02,For Sale
26877176,5230 Westgrove Dr,75248,Dallas,TX,32.97824,-96.81826,3275000,543.0,-75000.0,,,4.0,7.0,6026.0,1994.0,0.502,singleFamily,79,2435560.0,2025,https://www.zillow.com,https://photos.zillowstatic.com/fp/145d3b7d9e76937e707694afe4ccb690-p_c.jpg,2026-07-06 12:02,For Sale
26811097,10355 Carry Back Cir,75229,Dallas,TX,32.886555,-96.87324,679000,292.0,-10000.0,,,4.0,3.0,2322.0,1965.0,0.27299999999999996,singleFamily,173,625280.0,2025,https://www.zillow.com,https://photos.zillowstatic.com/fp/49e8a53353453a98c8ef306b64b4de2a-p_c.jpg,2026-07-06 12:02,For Sale
26880699,4359 Shady Bend Dr,75244,Dallas,TX,32.917522,-96.83576,1390000,397.0,-60000.0,,,5.0,4.0,3500.0,1970.0,0.29500000000000004,singleFamily,43,1021160.0,2025,https://www.zillow.com,https://photos.zillowstatic.com/fp/4cace3483389fff8a3d25b2973c23dba-p_c.jpg,2026-07-06 12:02,For Sale
2059242664,4603 Spring Garden St,75215,Dallas,TX,32.76169,-96.748215,129900,120.0,,,,3.0,2.0,1080.0,2020.0,5009.4,singleFamily,6,,,https://www.zillow.com,https://photos.zillowstatic.com/fp/359b168a45fa4108dbf201989eeb9126-p_c.jpg,2026-07-06 12:02,For Sale
26909389,4215 Scarsdale Ln,75227,Dallas,TX,32.771793,-96.65942,250000,220.0,,245700.0,1812.0,3.0,2.0,1136.0,1987.0,3876.84,singleFamily,3,190680.0,2025,https://www.zillow.com,https://photos.zillowstatic.com/fp/d804ab931580c43e2d0a13f85dfce71f-p_c.jpg,2026-07-06 12:02,For Sale
26856019,8927 Beckleyview Ave,75232,Dallas,TX,32.639076,-96.83289,249999,122.0,,240200.0,2619.0,4.0,3.0,2048.0,1940.0,0.44599999999999995,singleFamily,50,284010.0,2025,https://www.zillow.com,https://photos.zillowstatic.com/fp/77a01c7bb865f452ed51b623053649f1-p_c.jpg,2026-07-06 12:02,For Sale
26765866,3155 E Ledbetter Dr,75216,Dallas,TX,32.698017,-96.765724,169900,121.0,,161700.0,1739.0,3.0,2.0,1400.0,1955.0,9844.56,singleFamily,34,248300.0,2025,https://www.zillow.com,https://photos.zillowstatic.com/fp/3b9de131c35da7ca43602c1a0fbe7542-p_c.jpg,2026-07-06 12:02,For Sale
249775158,17632 Pinyon Ln,75252,Dallas,TX,32.99108,-96.76442,718000,331.0,,696500.0,3492.0,4.0,3.0,2166.0,2018.0,6011.28,singleFamily,3,638768.0,2025,https://www.zillow.com,https://photos.zillowstatic.com/fp/2b8d2bf7583867a8818ac0e8fa91381f-p_c.jpg,2026-07-06 12:02,For Sale
26760348,5711 Bryn Mawr Dr,75209,Dallas,TX,32.85644,-96.81465,2795000,728.0,-200000.0,,,4.0,4.0,3838.0,2010.0,8058.6,singleFamily,90,2035150.0,2025,https://www.zillow.com,https://photos.zillowstatic.com/fp/c4ba8eea60eb18bf217024a6d7ef13d6-p_c.jpg,2026-07-06 12:02,For Sale
67970799,14900 Lasater Rd Trailer 365,75253,Dallas,TX,32.67054,-96.613106,55000,42.0,,177600.0,1893.0,3.0,2.0,1300.0,1998.0,,manufactured,2,5160.0,2025,https://www.zillow.com,https://photos.zillowstatic.com/fp/5030b7015d2d4e961895947f902e1b76-p_c.jpg,2026-07-06 12:02,For Sale
96530526,1634 Marfa Ave,75216,Dallas,TX,32.702263,-96.80103,349900,177.0,,,2195.0,4.0,3.0,1977.0,2026.0,9016.92,singleFamily,6,95000.0,2025,https://www.zillow.com,https://photos.zillowstatic.com/fp/ed6d3c1d2aa45aeae8c9830c3f403863-p_c.jpg,2026-07-06 12:02,For Sale
26911045,13 Downs Lake Cir,75230,Dallas,TX,32.919495,-96.78964,2999000,361.0,,2799700.0,6918.0,5.0,9.0,8319.0,1993.0,0.315,singleFamily,102,2038060.0,2025,https://www.zillow.com,https://photos.zillowstatic.com/fp/a64912888b0e1641eb43b0e862c23567-p_c.jpg,2026-07-06 12:02,For Sale
53085100,18653 Vista Del Sol,75287,Dallas,TX,33.003937,-96.83422,485000,227.0,,475400.0,3983.0,3.0,3.0,2135.0,1986.0,6098.4,singleFamily,9,526500.0,2025,https://www.zillow.com,https://photos.zillowstatic.com/fp/d4c0178136ebe9dd1f93021ee9eb22f7-p_c.jpg,2026-07-06 12:02,For Sale
26718820,2725 Aster St,75211,Dallas,TX,32.736023,-96.864624,280000,173.0,,281400.0,2337.0,4.0,2.0,1615.0,1937.0,6054.84,singleFamily,8,266180.0,2025,https://www.zillow.com,https://photos.zillowstatic.com/fp/427868af0c11dea8a666abcd55b06a30-p_c.jpg,2026-07-06 12:02,For Sale
26854081,9662 Ferndale Rd,75238,Dallas,TX,32.878803,-96.7082,499000,285.0,-20000.0,495100.0,3375.0,3.0,2.0,1748.0,1959.0,9365.4,singleFamily,31,478700.0,2025,https://www.zillow.com,https://photos.zillowstatic.com/fp/0402bb1fe142bcaaced914dd096b5b40-p_c.jpg,2026-07-06 12:02,For Sale
26868426,9205 Moss Farm Ln,75243,Dallas,TX,32.896366,-96.74376,739900,295.0,-20000.0,724500.0,5584.0,4.0,3.0,2509.0,1976.0,7056.72,singleFamily,43,497000.0,2025,https://www.zillow.com,https://photos.zillowstatic.com/fp/9f4a7c495ee855a85667d4d5c65ef802-p_c.jpg,2026-07-06 12:02,For Sale
248827887,6303 E Grand Ave,75223,Dallas,TX,32.798954,-96.74211,750000,223.0,-10000.0,,,6.0,3.0,3366.0,1947.0,9104.04,singleFamily,65,626330.0,2025,https://www.zillow.com,https://photos.zillowstatic.com/fp/19b901abfdb5190980968c4d104f09fa-p_c.jpg,2026-07-06 12:02,For Sale
26834469,3513 Nomas St,75212,Dallas,TX,32.782005,-96.877556,609000,169.0,-30000.0,602100.0,3884.0,4.0,4.0,3600.0,2025.0,7492.32,singleFamily,95,177600.0,2025,https://www.zillow.com,https://photos.zillowstatic.com/fp/bb82142060871c40f46ab836d6867e1d-p_c.jpg,2026-07-06 12:02,For Sale
26768168,1603 Bonnie View Rd,75203,Dallas,TX,32.7288,-96.79231,330000,171.0,,,,4.0,3.0,1930.0,1970.0,0.261,singleFamily,86,270030.0,2025,https://www.zillow.com,https://photos.zillowstatic.com/fp/83d46985b6ed79054ddfcc62c1ac51ab-p_c.jpg,2026-07-06 12:02,For Sale
26711498,823 Havendon Cir,75203,Dallas,TX,32.73713,-96.819595,299900,247.0,-5100.0,,,3.0,2.0,1214.0,1930.0,5880.6,singleFamily,111,95000.0,2025,https://www.zillow.com,https://photos.zillowstatic.com/fp/24f2e656472dca5b3be74cc5a9d736a7-p_c.jpg,2026-07-06 12:02,For Sale
26812228,3046 Westforest Dr,75229,Dallas,TX,32.904594,-96.874245,335000,204.0,-10000.0,326100.0,2454.0,3.0,2.0,1645.0,1983.0,4748.04,singleFamily,30,314570.0,2025,https://www.zillow.com,https://photos.zillowstatic.com/fp/cfc42ad0a72042b00013e3ead3feebfc-p_c.jpg,2026-07-06 12:02,For Sale
26832945,1507 Dennison St,75212,Dallas,TX,32.78194,-96.84403,764995,225.0,-25000.0,754000.0,5216.0,5.0,4.0,3399.0,2026.0,4748.04,singleFamily,46,284760.0,2025,https://www.zillow.com,https://photos.zillowstatic.com/fp/ad09e8aed23d776e646b50938b3a35a6-p_c.jpg,2026-07-06 12:02,For Sale
26863789,14335 Haymeadow Cir,75254,Dallas,TX,32.94435,-96.771255,269900,187.0,,266500.0,2214.0,3.0,3.0,1446.0,1974.0,3267.0,townhome,5,226490.0,2025,https://www.zillow.com,https://photos.zillowstatic.com/fp/c4e6d12c1e020decbcd236a3f370b422-p_c.jpg,2026-07-06 12:02,For Sale
26586160,4215 Bretton Bay Ln,75287,Dallas,TX,32.99126,-96.837105,773000,276.0,,,,4.0,3.0,2799.0,1979.0,9583.2,singleFamily,4,731495.0,2025,https://www.zillow.com,https://photos.zillowstatic.com/fp/dc483002b2ca044b4fb193284ede578c-p_c.jpg,2026-07-06 12:02,For Sale
26923479,2728 Reagan St APT 202,75219,Dallas,TX,32.808113,-96.81266,245000,279.0,,235700.0,2631.0,2.0,2.0,878.0,1983.0,7492.32,condo,4,226960.0,2025,https://www.zillow.com,https://photos.zillowstatic.com/fp/ec8640a34e025855d2be9e18e79f030a-p_c.jpg,2026-07-06 12:02,For Sale
162813680,4411 Bowser Ave APT 310,75219,Dallas,TX,32.81887,-96.81231,399000,321.0,,,,2.0,2.0,1244.0,2008.0,0.551,condo,206,362780.0,2025,https://www.zillow.com,https://photos.zillowstatic.com/fp/a2ca39e76337ba80fa534ebab4669f6e-p_c.jpg,2026-07-06 12:02,For Sale
26791145,8636 Greenmound Ave,75227,Dallas,TX,32.750443,-96.67269,239900,133.0,,260400.0,2188.0,3.0,2.0,1801.0,1959.0,8145.72,singleFamily,3,246880.0,2025,https://www.zillow.com,https://photos.zillowstatic.com/fp/d545705391a59f99045c5b7358f66c66-p_c.jpg,2026-07-06 12:02,For Sale
26790582,9885 Mixon Dr,75220,Dallas,TX,32.876232,-96.85274,1799000,419.0,-51000.0,,,4.0,4.0,4291.0,2022.0,9626.76,singleFamily,37,1608000.0,2025,https://www.zillow.com,https://photos.zillowstatic.com/fp/7ed62335ea02c2f340b96eceddb840a9-p_c.jpg,2026-07-06 12:02,For Sale
53081280,18131 Whispering Gables Ln,75287,Dallas,TX,32.996315,-96.840195,300000,308.0,,293800.0,1684.0,2.0,1.0,973.0,1983.0,1781.604,singleFamily,4,291510.0,2025,https://www.zillow.com,https://photos.zillowstatic.com/fp/a40f065636fd1a4b62018bde87e35e6d-p_c.jpg,2026-07-06 12:02,For Sale
80232357,1111 S Akard St Unit 314,75215,Dallas,TX,32.772007,-96.794655,269900,234.0,-9600.0,,,2.0,2.0,1152.0,2006.0,0.752,condo,52,324800.0,2025,https://www.zillow.com,https://photos.zillowstatic.com/fp/3cfdabdef925fe3e569919b69073ec6a-p_c.jpg,2026-07-06 12:02,For Sale
27338852,2848 Harbinger Ln,75287,Dallas,TX,32.99178,-96.865456,292000,254.0,-1000.0,288400.0,1914.0,2.0,2.0,1148.0,1984.0,3615.48,singleFamily,47,296000.0,2025,https://www.zillow.com,https://photos.zillowstatic.com/fp/3786cced07de3c2c92e815c26c299739-p_c.jpg,2026-07-06 12:02,For Sale
96498226,2626 Bainbridge Dr,75237,Dallas,TX,32.66319,-96.861984,619000,245.0,,,,5.0,4.0,2523.0,2026.0,0.811,singleFamily,17,106250.0,2025,https://www.zillow.com,https://photos.zillowstatic.com/fp/1367876e0e58a3fe701c62e36fe76625-p_c.jpg,2026-07-06 12:02,For Sale
26625564,18040 Midway Rd APT 218,75287,Dallas,TX,32.995396,-96.842155,288000,200.0,-10000.0,,,2.0,2.0,1442.0,1984.0,,condo,73,273951.0,2025,https://www.zillow.com,https://photos.zillowstatic.com/fp/f59961e69bdfd8fcbf16ff0ff9117af7-p_c.jpg,2026-07-06 12:02,For Sale
26689519,5701 Velasco Ave,75206,Dallas,TX,32.821274,-96.76997,799000,498.0,,767900.0,2924.0,2.0,2.0,1603.0,1919.0,8102.16,singleFamily,53,619600.0,2025,https://www.zillow.com,https://photos.zillowstatic.com/fp/1b285c96257218079d37ad13dbdc6294-p_c.jpg,2026-07-06 12:02,For Sale
26694735,6162 Prospect Ave,75214,Dallas,TX,32.814735,-96.75886,2275000,537.0,,2201500.0,5889.0,5.0,6.0,4233.0,2026.0,9408.96,singleFamily,33,638060.0,2025,https://www.zillow.com,https://photos.zillowstatic.com/fp/745bf77c7a71bb880d0cd305dc0dfd45-p_c.jpg,2026-07-06 12:02,For Sale
26845295,11057 Mandalay Dr,75228,Dallas,TX,32.839825,-96.652725,875000,327.0,,858500.0,3314.0,4.0,2.0,2674.0,2019.0,0.43,singleFamily,17,669700.0,2025,https://www.zillow.com,https://photos.zillowstatic.com/fp/0a2e66ed09a286ca52a2fc6a0704bfbe-p_c.jpg,2026-07-06 12:02,For Sale
303983908,3130 N Harwood St APT 1606,75201,Dallas,TX,32.797085,-96.81129,1599000,717.0,-50999.0,1536300.0,6063.0,3.0,4.0,2231.0,2019.0,1.87,condo,153,1278370.0,2025,https://www.zillow.com,https://photos.zillowstatic.com/fp/4364f7668f2edab162eddc8866db674a-p_c.jpg,2026-07-06 12:02,For Sale
26848295,6181 Preston Creek Ct,75240,Dallas,TX,32.9363,-96.80176,2599000,329.0,-100000.0,,,5.0,7.0,7894.0,1971.0,0.646,singleFamily,72,2210920.0,2025,https://www.zillow.com,https://photos.zillowstatic.com/fp/b63d9b462d0d5a291536f2e9446210d2-p_c.jpg,2026-07-06 12:02,For Sale
26738810,7152 Fair Oaks Ave APT 2166,75231,Dallas,TX,32.872566,-96.7574,59500,101.0,,,1094.0,1.0,1.0,588.0,1975.0,8.74,condo,3,72000.0,2025,https://www.zillow.com,https://photos.zillowstatic.com/fp/6579a5b48e2f98b677bf885bae2401b9-p_c.jpg,2026-07-06 12:02,For Sale
463257841,2701 Marburg,75210,Dallas,TX,32.75643,-96.75614,254800,198.0,-100.0,254600.0,1982.0,3.0,2.0,1290.0,2026.0,6250.86,singleFamily,20,,,https://www.zillow.com,https://photos.zillowstatic.com/fp/fb9db79fc567e9d9dd6a7957284be6a4-p_c.jpg,2026-07-06 12:02,For Sale
162248556,5703 Van Winkle Blvd,75235,Dallas,TX,32.815895,-96.857765,155000,197.0,,,1721.0,2.0,1.0,785.0,1950.0,6577.56,singleFamily,7,202580.0,2025,https://www.zillow.com,https://photos.zillowstatic.com/fp/67de110299a0816a189722a2a5a56ccf-p_c.jpg,2026-07-06 12:02,For Sale
26717012,1614 Seevers Ave,75216,Dallas,TX,32.727894,-96.82125,312000,197.0,-7000.0,333200.0,2087.0,3.0,3.0,1584.0,1959.0,7013.16,singleFamily,93,318880.0,2025,https://www.zillow.com,https://photos.zillowstatic.com/fp/571a5ddf343776bb4cdf563a76593327-p_c.jpg,2026-07-06 12:02,For Sale
461422630,5320 Reiger Ave #106,75214,Dallas,TX,32.799812,-96.75968,384900,267.0,,378600.0,2729.0,2.0,3.0,1442.0,2025.0,0.265,condo,24,,,https://www.zillow.com,https://photos.zillowstatic.com/fp/a600a1fb3ceab3030f7e4497c2511178-p_c.jpg,2026-07-06 12:02,For Sale
53093329,5834 Coolwater Cv,75252,Dallas,TX,32.988537,-96.807594,699900,246.0,-25000.0,689300.0,4913.0,3.0,3.0,2842.0,1994.0,6098.4,singleFamily,233,722030.0,2025,https://www.zillow.com,https://photos.zillowstatic.com/fp/0279a3575f5d023d93d87abdc79e55f2-p_c.jpg,2026-07-06 12:02,For Sale
53077401,5804 Preston Fairways Dr,75252,Dallas,TX,32.987667,-96.80901,1049900,328.0,-50100.0,1009800.0,4897.0,4.0,3.0,3202.0,1991.0,6969.6,singleFamily,65,801265.0,2025,https://www.zillow.com,https://photos.zillowstatic.com/fp/668709ea62e49065c56360eecd9c98d6-p_c.jpg,2026-07-06 12:02,For Sale
26870729,6517 Briarmeade Dr,75254,Dallas,TX,32.94968,-96.79172,998499,206.0,,,6175.0,5.0,5.0,4850.0,1971.0,0.41499081726354453,singleFamily,23,970000.0,2025,https://www.zillow.com,https://photos.zillowstatic.com/fp/2e75e2e23b63161fadce325d0d80ae0a-p_c.jpg,2026-07-06 12:02,For Sale
53071124,6432 Wrenwood Dr,75252,Dallas,TX,33.003117,-96.79207,525000,241.0,-25000.0,512600.0,2835.0,3.0,2.0,2180.0,1981.0,7840.8,singleFamily,27,507679.0,2025,https://www.zillow.com,https://photos.zillowstatic.com/fp/935e02b75397be798027e001443fa138-p_c.jpg,2026-07-06 12:02,For Sale
26854698,9920 Greenfield Dr,75238,Dallas,TX,32.87817,-96.714226,925000,318.0,-30000.0,908400.0,4179.0,5.0,3.0,2908.0,1962.0,9147.6,singleFamily,73,596220.0,2025,https://www.zillow.com,https://photos.zillowstatic.com/fp/ca1b069aaeebf4b029bb431adb87ab6c-p_c.jpg,2026-07-06 12:02,For Sale
26803468,11947 Quincy Ln,75230,Dallas,TX,32.912132,-96.814674,2995000,437.0,-180000.0,2907200.0,6803.0,5.0,7.0,6856.0,2025.0,0.35900000000000004,singleFamily,52,1211780.0,2025,https://www.zillow.com,https://photos.zillowstatic.com/fp/9e9a00a6dd3288b263c05d2527a34ef6-p_c.jpg,2026-07-06 12:02,For Sale
26869122,8904 Meadowknoll Dr,75243,Dallas,TX,32.89797,-96.72979,1175000,264.0,,1125500.0,7101.0,5.0,6.0,4458.0,2006.0,0.299,singleFamily,80,1138430.0,2025,https://www.zillow.com,https://photos.zillowstatic.com/fp/63c7007b6d873dab62329d87b9313953-p_c.jpg,2026-07-06 12:02,For Sale
96503740,707 Buckalew St,75208,Dallas,TX,32.73898,-96.83911,699900,250.0,,,,5.0,3.0,2800.0,2026.0,6969.6,singleFamily,2,211740.0,2025,https://www.zillow.com,https://photos.zillowstatic.com/fp/9a625af1088b6812135670994a8a2b1b-p_c.jpg,2026-07-06 12:02,For Sale
53081092,17490 Meandering Way APT 2203,75252,Dallas,TX,32.990818,-96.77718,249000,211.0,,253800.0,1981.0,3.0,3.0,1178.0,1983.0,11.35,condo,2,279248.0,2025,https://www.zillow.com,https://photos.zillowstatic.com/fp/c0bba7362b9dda7608f0bc4377177502-p_c.jpg,2026-07-06 12:02,For Sale
26691268,3514 Dunbar St,75215,Dallas,TX,32.768063,-96.76077,335000,204.0,-4500.0,333600.0,2439.0,3.0,2.0,1646.0,2026.0,5488.56,singleFamily,100,50000.0,2025,https://www.zillow.com,https://photos.zillowstatic.com/fp/356c6d2f2b39de5f12f38ed169ef989c-p_c.jpg,2026-07-06 12:02,For Sale
26834015,2043 Canada Dr,75212,Dallas,TX,32.79305,-96.855064,780000,216.0,-44900.0,768500.0,4795.0,4.0,4.0,3603.0,2020.0,8333.028,singleFamily,82,849810.0,2025,https://www.zillow.com,https://photos.zillowstatic.com/fp/8fee6827fb357b21c9a2305b46d72e87-p_c.jpg,2026-07-06 12:02,For Sale
26725581,2511 Burlington Blvd,75211,Dallas,TX,32.737427,-96.859604,345000,310.0,,336600.0,2143.0,2.0,1.0,1112.0,1925.0,7492.32,singleFamily,34,341070.0,2025,https://www.zillow.com,https://photos.zillowstatic.com/fp/fc3188e54b18fad466d59971deff8ef8-p_c.jpg,2026-07-06 12:02,For Sale
26749814,7229 Haverford Dr,75214,Dallas,TX,32.851215,-96.737785,1499999,413.0,-50001.0,1462200.0,6944.0,4.0,5.0,3634.0,2020.0,7623.0,singleFamily,94,1203300.0,2025,https://www.zillow.com,https://photos.zillowstatic.com/fp/3484090a1d350c2c15f55435ba845dc5-p_c.jpg,2026-07-06 12:02,For Sale
26818646,2007 Red Cloud Dr,75217,Dallas,TX,32.747482,-96.65272,200000,185.0,-15000.0,198000.0,1663.0,3.0,2.0,1084.0,1982.0,3092.76,singleFamily,234,190260.0,2025,https://www.zillow.com,https://photos.zillowstatic.com/fp/c4b839bf9a615bbba93acf8eec017965-p_c.jpg,2026-07-06 12:02,For Sale
26690629,5326 Vickery Blvd,75206,Dallas,TX,32.82209,-96.77877,1199990,513.0,,1137900.0,5560.0,3.0,3.0,2340.0,1920.0,8494.2,singleFamily,30,865540.0,2025,https://www.zillow.com,https://photos.zillowstatic.com/fp/c99af7459b919b5469d4881837b74a9d-p_c.jpg,2026-07-06 12:02,For Sale
96526846,1507 Elk Creek Rd,75253,Dallas,TX,32.688972,-96.61076,549000,225.0,-20000.0,,,5.0,4.0,2445.0,2025.0,0.34500000000000003,singleFamily,104,80000.0,2025,https://www.zillow.com,https://photos.zillowstatic.com/fp/f5818fb2d26de9e733bd0d7e62956251-p_c.jpg,2026-07-06 12:02,For Sale
26728442,2010 Mayflower Dr,75208,Dallas,TX,32.758034,-96.85496,1145000,434.0,-50000.0,1101200.0,4783.0,4.0,4.0,2638.0,1935.0,7361.64,singleFamily,62,701660.0,2025,https://www.zillow.com,https://photos.zillowstatic.com/fp/21ddcacba8e2494aeece4b643c9b73ce-p_c.jpg,2026-07-06 12:02,For Sale
26866798,9605 Crestedge Dr,75238,Dallas,TX,32.878563,-96.72302,749900,310.0,-25100.0,,,4.0,3.0,2420.0,1966.0,10585.08,singleFamily,45,799050.0,2025,https://www.zillow.com,https://photos.zillowstatic.com/fp/5f6bad4937b28f49edf6ea20304b200a-p_c.jpg,2026-07-06 12:02,For Sale
26880281,4117 Boca Bay Dr,75244,Dallas,TX,32.916332,-96.84317,1050000,326.0,,1002000.0,4686.0,4.0,3.0,3216.0,1970.0,0.278,singleFamily,3,1165000.0,2025,https://www.zillow.com,https://photos.zillowstatic.com/fp/5b19f07ec189fc5f0a7cc2fd1576d6f4-p_c.jpg,2026-07-06 12:02,For Sale
67961401,2714 Throckmorton St #B,75219,Dallas,TX,32.808525,-96.81385,725000,430.0,,698300.0,2852.0,2.0,2.0,1688.0,2002.0,3659.04,singleFamily,59,661340.0,2025,https://www.zillow.com,https://photos.zillowstatic.com/fp/9bf86723737ea4eb292fe1af4de75515-p_c.jpg,2026-07-06 12:02,For Sale
26750186,6706 Pimlico Dr,75214,Dallas,TX,32.8507,-96.74407,799900,374.0,,769600.0,5881.0,4.0,3.0,2140.0,1954.0,7405.2,singleFamily,24,607580.0,2025,https://www.zillow.com,https://photos.zillowstatic.com/fp/b8269d748e4f4c968f51e3b59018252a-p_c.jpg,2026-07-06 12:02,For Sale
162404765,8001 Rothington Rd APT 31-37,75227,Dallas,TX,32.782516,-96.68679,580000,142.0,,561200.0,4364.0,8.0,8.0,4084.0,1983.0,9321.84,multiFamily,3,486570.0,2025,https://www.zillow.com,https://photos.zillowstatic.com/fp/7998467842d7a4cb504f5f372895e395-p_c.jpg,2026-07-06 12:02,For Sale
89377914,1648 Tampa Bay Dr,75217,Dallas,TX,32.68452,-96.66233,239000,154.0,,234300.0,2158.0,4.0,2.0,1549.0,2008.0,7492.32,singleFamily,3,264270.0,2025,https://www.zillow.com,https://photos.zillowstatic.com/fp/9da7957083a83c11d834b0eebb0ed3e7-p_c.jpg,2026-07-06 12:02,For Sale
162435831,2220 Canton St APT 407,75201,Dallas,TX,32.780376,-96.78904,699000,304.0,,667500.0,3600.0,2.0,3.0,2296.0,1925.0,0.9590000000000001,condo,115,519000.0,2025,https://www.zillow.com,https://photos.zillowstatic.com/fp/365bda110c1e00d0248d5b976045f882-p_c.jpg,2026-07-06 12:02,For Sale
80236340,2830 Colt Ln,75237,Dallas,TX,32.655903,-96.86596,253000,159.0,-17000.0,251300.0,2286.0,4.0,2.0,1587.0,2006.0,5183.64,singleFamily,61,277850.0,2025,https://www.zillow.com,https://photos.zillowstatic.com/fp/a561c591778998638f23fe366965f045-p_c.jpg,2026-07-06 12:02,For Sale
2063170855,2425 Crossman Ave,75212,Dallas,TX,32.774944,-96.84146,450000,175.0,-25000.0,445600.0,4418.0,4.0,5.0,2572.0,2021.0,3049.2,singleFamily,265,630470.0,2025,https://www.zillow.com,https://photos.zillowstatic.com/fp/3789a1f5d9a0428a8c76ad8f7061157c-p_c.jpg,2026-07-06 12:02,For Sale
26741003,9034 Forest Hills Blvd,75218,Dallas,TX,32.825687,-96.70626,1475000,357.0,,1443400.0,6744.0,4.0,4.0,4132.0,2026.0,8145.72,singleFamily,32,534300.0,2025,https://www.zillow.com,https://photos.zillowstatic.com/fp/fac07d19a58924ef6ea8030da08690d6-p_c.jpg,2026-07-06 12:02,For Sale
26868716,9531 Hilldale Dr,75231,Dallas,TX,32.88983,-96.737305,1369000,300.0,,1320600.0,7676.0,5.0,6.0,4558.0,1978.0,8812.188,singleFamily,24,1082000.0,2025,https://www.zillow.com,https://photos.zillowstatic.com/fp/9a01eab6d6f0238435cebc593d7f5486-p_c.jpg,2026-07-06 12:02,For Sale
26701640,6418 Westlake Ave,75214,Dallas,TX,32.821693,-96.75204,1395000,498.0,,,,3.0,3.0,2804.0,1934.0,7230.96,singleFamily,30,955640.0,2025,https://www.zillow.com,https://photos.zillowstatic.com/fp/70c3a4f87917ab2eb5e0b38f6c6e4c34-p_c.jpg,2026-07-06 12:02,For Sale
26690351,5645 Vickery Blvd,75206,Dallas,TX,32.822723,-96.77035,1699000,526.0,,,,4.0,3.0,3227.0,2014.0,8494.2,singleFamily,39,1543690.0,2025,https://www.zillow.com,https://photos.zillowstatic.com/fp/faa22aa792b686f17f213d793cf6669e-p_c.jpg,2026-07-06 12:02,For Sale
26810966,10042 Brockbank Dr,75229,Dallas,TX,32.882545,-96.876755,325000,242.0,-10000.0,315000.0,2668.0,3.0,2.0,1344.0,1955.0,7492.32,singleFamily,212,239640.0,2025,https://www.zillow.com,https://photos.zillowstatic.com/fp/86eae20fb31c4ffc3e71ecf4ab0f35f7-p_c.jpg,2026-07-06 12:02,For Sale
26782815,2913 Kellogg Ave,75216,Dallas,TX,32.713203,-96.79237,275000,156.0,-2500.0,,2423.0,4.0,2.0,1761.0,2019.0,7492.32,singleFamily,52,304040.0,2025,https://www.zillow.com,https://photos.zillowstatic.com/fp/3608d4aa1a9d4bf887d97ff1b11f8d42-p_c.jpg,2026-07-06 12:02,For Sale
96530273,2622 Bainbridge Dr,75237,Dallas,TX,32.66348,-96.86175,605000,229.0,,,,5.0,4.0,2640.0,2025.0,0.482,singleFamily,17,85000.0,2025,https://www.zillow.com,https://photos.zillowstatic.com/fp/3821192154f9d7fec60c9ef1ccbe9c21-p_c.jpg,2026-07-06 12:02,For Sale
96535320,26 Army Ave,75211,Dallas,TX,32.742653,-96.92349,79900,,-10000.0,,1489.0,,,,,0.554,land,272,96600.0,2025,https://www.zillow.com,https://photos.zillowstatic.com/fp/1f2e81714fed5aad5177b863b1ffad8a-p_c.jpg,2026-07-06 12:02,For Sale
26752447,9539 Boedeker Dr,75225,Dallas,TX,32.878326,-96.779015,3490000,620.0,,3340600.0,9011.0,6.0,8.0,5630.0,2026.0,0.3306,singleFamily,2,689720.0,2025,https://www.zillow.com,https://photos.zillowstatic.com/fp/f9c8a25411d5f78076cbb7566ec71315-p_c.jpg,2026-07-06 12:02,For Sale
26912448,2306 Balvanera Plz,75211,Dallas,TX,32.717636,-96.90108,248000,165.0,,241100.0,2311.0,3.0,3.0,1506.0,2000.0,740.52,singleFamily,53,255430.0,2025,https://www.zillow.com,https://photos.zillowstatic.com/fp/c216ec23116e40e9dec01b99adc05429-p_c.jpg,2026-07-06 12:02,For Sale
26750730,7148 Walling Ln,75231,Dallas,TX,32.86126,-96.736404,589000,303.0,,573000.0,3717.0,3.0,3.0,1942.0,1959.0,9016.92,singleFamily,17,560000.0,2025,https://www.zillow.com,https://photos.zillowstatic.com/fp/83308b25872e79e20e819ba456a36d2c-p_c.jpg,2026-07-06 12:02,For Sale
84000725,3210 Carlisle St Unit 19,75204,Dallas,TX,32.8048,-96.80165,750000,290.0,,713300.0,5280.0,2.0,3.0,2583.0,2008.0,2.568,townhome,31,756010.0,2025,https://www.zillow.com,https://photos.zillowstatic.com/fp/5656d9c548b7b6613f8ae55290d54722-p_c.jpg,2026-07-06 12:02,For Sale
89391200,8813 Tudor Pl,75228,Dallas,TX,32.81364,-96.698135,434900,226.0,,,,3.0,3.0,1927.0,2008.0,2308.68,townhome,10,388000.0,2025,https://www.zillow.com,https://photos.zillowstatic.com/fp/892e063d53439336273a0aaf97fb4cc3-p_c.jpg,2026-07-06 12:02,For Sale
26912982,7602 Chadwick Ct,75248,Dallas,TX,32.985226,-96.77817,625000,244.0,,,,3.0,3.0,2562.0,1992.0,4530.24,singleFamily,3,551230.0,2025,https://www.zillow.com,https://photos.zillowstatic.com/fp/b3bbc2f3b252350ffe97b64c6ca6f01b-p_c.jpg,2026-07-06 12:02,For Sale
162361676,9946 Vistadale Dr,75238,Dallas,TX,32.888195,-96.71434,785000,343.0,,,,4.0,3.0,2286.0,1966.0,8799.12,singleFamily,10,583000.0,2025,https://www.zillow.com,https://photos.zillowstatic.com/fp/c515e35fc0ce64b7e10ecf808ffe36ed-p_c.jpg,2026-07-06 12:02,For Sale
162169838,601 Cristler Ave,75223,Dallas,TX,32.802513,-96.7469,325000,158.0,,302900.0,2576.0,4.0,3.0,2060.0,1922.0,7143.84,multiFamily,58,419230.0,2025,https://www.zillow.com,https://photos.zillowstatic.com/fp/180911ff5bc2b832485f93a3c05820c2-p_c.jpg,2026-07-06 12:02,For Sale
26822369,3035 Simpson Stuart Rd,75241,Dallas,TX,32.670807,-96.77128,27000,,,,1703.0,,,,,2.075,land,16,158090.0,2025,https://www.zillow.com,https://photos.zillowstatic.com/fp/506f70a26574b3b41765043268c32a11-p_c.jpg,2026-07-06 12:02,For Sale
26683222,4020 Buena Vista St,75204,Dallas,TX,32.81392,-96.79631,1350000,540.0,-50000.0,1296100.0,5162.0,2.0,3.0,2500.0,1971.0,3615.48,townhome,150,1007250.0,2025,https://www.zillow.com,https://photos.zillowstatic.com/fp/3652a146ca474fe2c5d695bec06a0013-p_c.jpg,2026-07-06 12:02,For Sale
26609878,5831 London Ln,75252,Dallas,TX,32.999863,-96.80588,995000,255.0,,946500.0,6595.0,4.0,4.0,3897.0,1984.0,0.32999999999999996,singleFamily,23,1021723.0,2025,https://www.zillow.com,https://photos.zillowstatic.com/fp/816651b6767f319d5a1ede591f58f3e8-p_c.jpg,2026-07-06 12:02,For Sale
26765857,3032 Dahlia Dr,75216,Dallas,TX,32.69769,-96.767334,100000,103.0,,,1392.0,2.0,1.0,972.0,1955.0,7579.44,singleFamily,7,145680.0,2025,https://www.zillow.com,https://photos.zillowstatic.com/fp/fead36c13381e0a7fd1c41b6e03f6530-p_c.jpg,2026-07-06 12:02,For Sale
26750181,6616 Pimlico Dr,75214,Dallas,TX,32.850113,-96.744774,675000,421.0,,646400.0,3388.0,3.0,2.0,1605.0,1953.0,7318.08,singleFamily,10,562000.0,2025,https://www.zillow.com,https://photos.zillowstatic.com/fp/ba4dd9a68faab5fb11f467f8e18acdb7-p_c.jpg,2026-07-06 12:02,For Sale
65346465,6101 Baymar Ln,75252,Dallas,TX,32.991,-96.79989,1399999,465.0,-100000.0,1360000.0,4716.0,4.0,5.0,3013.0,2026.0,0.36,singleFamily,101,61875.0,2025,https://www.zillow.com,https://photos.zillowstatic.com/fp/e980f7bf9e68af84038ee64bbcf6d0c8-p_c.jpg,2026-07-06 12:02,For Sale
67965670,5916 Sandhurst Ln APT 225,75206,Dallas,TX,32.843716,-96.764015,300000,287.0,,288200.0,1852.0,2.0,2.0,1046.0,1967.0,4.675,condo,3,333000.0,2025,https://www.zillow.com,https://photos.zillowstatic.com/fp/bde23297b170d658e462b899b0fc4085-p_c.jpg,2026-07-06 12:02,For Sale
2075376776,1505 Holly Ave,75204,Dallas,TX,32.801632,-96.77805,749900,267.0,,,1534.0,3.0,4.0,2809.0,2026.0,2121.372,townhome,4,,,https://www.zillow.com,https://photos.zillowstatic.com/fp/ea1d55478a76dca83e9a0b3d5cfbd9f1-p_c.jpg,2026-07-06 12:02,For Sale
26757798,5959 Colhurst St,75230,Dallas,TX,32.881477,-96.804436,4995000,578.0,-500000.0,4669100.0,7928.0,6.0,9.0,8638.0,2017.0,0.75,singleFamily,65,4201070.0,2025,https://www.zillow.com,https://photos.zillowstatic.com/fp/25a7c6ce149857268516eb24bf8f67ba-p_c.jpg,2026-07-06 12:02,For Sale
26776851,1255 E Pentagon Pkwy,75216,Dallas,TX,32.684673,-96.80468,220000,140.0,,240700.0,1947.0,3.0,2.0,1572.0,1955.0,7710.12,singleFamily,2,245900.0,2025,https://www.zillow.com,https://photos.zillowstatic.com/fp/edd651c6d751dde56c3e99eb9b9acef1-p_c.jpg,2026-07-06 12:02,For Sale
333139155,14373 Wrangler Way,75253,Dallas,TX,32.67319,-96.585754,325000,126.0,,322300.0,2635.0,5.0,5.0,2572.0,2019.0,6141.96,singleFamily,69,324670.0,2025,https://www.zillow.com,https://photos.zillowstatic.com/fp/20f215674375ba4bd3d8aabfe6ff5965-p_c.jpg,2026-07-06 12:02,For Sale
26866953,9624 Bellewood Dr,75238,Dallas,TX,32.8743,-96.72172,2250000,496.0,,2177700.0,4138.0,4.0,5.0,4536.0,2026.0,9234.72,singleFamily,30,740000.0,2025,https://www.zillow.com,https://photos.zillowstatic.com/fp/e4ff69b303bdde1c0898e810c152c48a-p_c.jpg,2026-07-06 12:02,For Sale
26835431,3708 Hammerly Dr,75212,Dallas,TX,32.787113,-96.89834,485000,202.0,-40000.0,484100.0,3624.0,4.0,4.0,2400.0,2026.0,0.33299999999999996,singleFamily,37,208370.0,2025,https://www.zillow.com,https://photos.zillowstatic.com/fp/16ac45e5084cb122e367227c1f2f4366-p_c.jpg,2026-07-06 12:02,For Sale
26700516,6915 E Grand Ave,75223,Dallas,TX,32.80347,-96.73731,449999,239.0,,,,3.0,3.0,1885.0,1947.0,7143.84,singleFamily,8,542060.0,2025,https://www.zillow.com,https://photos.zillowstatic.com/fp/0bfe1eda0b7630a58d388088efcfacda-p_c.jpg,2026-07-06 12:02,For Sale
26834604,4107 Vineyard Dr,75212,Dallas,TX,32.79156,-96.87639,454900,217.0,-5000.0,,,4.0,2.0,2100.0,2026.0,7230.96,singleFamily,40,145000.0,2025,https://www.zillow.com,https://photos.zillowstatic.com/fp/5c32ea3295f422bd335a45677b223ea9-p_c.jpg,2026-07-06 12:02,For Sale
26890583,7610 Bantry Cir,75248,Dallas,TX,32.98553,-96.77634,735000,254.0,,,,4.0,3.0,2890.0,1978.0,10672.2,singleFamily,51,757840.0,2025,https://www.zillow.com,https://photos.zillowstatic.com/fp/5f5bd79d2094fa7d62313fe6cc8cd9d3-p_c.jpg,2026-07-06 12:02,For Sale
26648084,5607 Willow Wood Ln,75252,Dallas,TX,33.011772,-96.8129,1050000,246.0,,997700.0,6311.0,5.0,5.0,4265.0,2000.0,0.35,singleFamily,42,824199.0,2025,https://www.zillow.com,https://photos.zillowstatic.com/fp/eb76103fce05fd7cab7016ad9e0f997c-p_c.jpg,2026-07-06 12:02,For Sale
96508358,2403 Dathe St,75215,Dallas,TX,32.760777,-96.76708,375000,197.0,-5000.0,,2438.0,3.0,3.0,1904.0,2021.0,4704.48,singleFamily,93,372000.0,2025,https://www.zillow.com,https://photos.zillowstatic.com/fp/07c626d91e679a42da170c84df960469-p_c.jpg,2026-07-06 12:02,For Sale
26720691,3319 Irwindell Blvd,75211,Dallas,TX,32.740105,-96.87489,372500,299.0,-7500.0,356100.0,1799.0,3.0,1.0,1247.0,1945.0,0.258,singleFamily,38,317950.0,2025,https://www.zillow.com,https://photos.zillowstatic.com/fp/e99083f287f86cace3ce9e94d79df295-p_c.jpg,2026-07-06 12:02,For Sale
26875990,16833 Davenport Ct,75248,Dallas,TX,32.979626,-96.79679,518000,229.0,,501900.0,2994.0,3.0,2.0,2260.0,1978.0,6185.52,singleFamily,9,535410.0,2025,https://www.zillow.com,https://photos.zillowstatic.com/fp/6ba819df39e2b4ba194a70e6997d9bbb-p_c.jpg,2026-07-06 12:02,For Sale
26809395,3342 Whitehall Dr,75229,Dallas,TX,32.900738,-96.86418,1850000,381.0,,1793800.0,6199.0,5.0,6.0,4856.0,2026.0,10802.88,singleFamily,35,499540.0,2025,https://www.zillow.com,https://photos.zillowstatic.com/fp/7a02e1d512ff86e2e83b04ad432ef360-p_c.jpg,2026-07-06 12:02,For Sale
26901783,5750 Phoenix Dr APT 33,75231,Dallas,TX,32.875942,-96.75966,145000,142.0,,141600.0,1602.0,2.0,2.0,1023.0,1981.0,2.007,condo,12,171850.0,2025,https://www.zillow.com,https://photos.zillowstatic.com/fp/3fc917388ffc11ec0793bd00b31c58e5-p_c.jpg,2026-07-06 12:02,For Sale
336886338,17293 Texas Pistache Dr,75252,Dallas,TX,32.986645,-96.76156,925000,262.0,,898600.0,5046.0,5.0,4.0,3530.0,2022.0,7840.8,singleFamily,3,797880.0,2025,https://www.zillow.com,https://photos.zillowstatic.com/fp/88ed04b2cda26fc518ef912a0bf47c81-p_c.jpg,2026-07-06 12:02,For Sale
26824713,912 Glen Oaks Blvd,75232,Dallas,TX,32.674522,-96.8369,415000,202.0,,402700.0,2544.0,3.0,3.0,2058.0,1964.0,0.347,singleFamily,123,403540.0,2025,https://www.zillow.com,https://photos.zillowstatic.com/fp/06067c713fb08ea35650c245c7bf0577-p_c.jpg,2026-07-06 12:02,For Sale
26746587,1049 Forestgrove Dr,75218,Dallas,TX,32.846146,-96.695045,774900,298.0,,,3226.0,3.0,3.0,2600.0,1969.0,0.36845730027548207,singleFamily,49,700090.0,2025,https://www.zillow.com,https://photos.zillowstatic.com/fp/9c64937dcdad14145c64c2d6e0fb72ee-p_c.jpg,2026-07-06 12:02,For Sale
96500365,7909 Ivory Ln,75216,Dallas,TX,32.714127,-96.7487,499000,166.0,,490100.0,3435.0,5.0,4.0,3002.0,2023.0,6403.32,singleFamily,6,476130.0,2025,https://www.zillow.com,https://photos.zillowstatic.com/fp/10c7a26806ee7a47a226170c113c9768-p_c.jpg,2026-07-06 12:02,For Sale
26909114,9520 Culberson St,75227,Dallas,TX,32.76502,-96.65812,160000,173.0,,156700.0,1463.0,2.0,1.0,926.0,1983.0,8581.32,singleFamily,19,167290.0,2025,https://www.zillow.com,https://photos.zillowstatic.com/fp/aee9a25318fa7e143137184ac8362d05-p_c.jpg,2026-07-06 12:02,For Sale
26897859,3323 San Jacinto St,75204,Dallas,TX,32.795166,-96.78833,375000,320.0,-24900.0,367300.0,2359.0,2.0,2.0,1171.0,1984.0,2221.56,singleFamily,143,403690.0,2025,https://www.zillow.com,https://photos.zillowstatic.com/fp/9900a8bd39a6695218df4248b27f1f27-p_c.jpg,2026-07-06 12:02,For Sale
26851066,9235 Rolling Rock Ln,75238,Dallas,TX,32.87389,-96.694115,525000,277.0,,,,3.0,2.0,1895.0,1974.0,10410.84,singleFamily,31,483760.0,2025,https://www.zillow.com,https://photos.zillowstatic.com/fp/4a44c23ce4fb9fc81880410e5b47804d-p_c.jpg,2026-07-06 12:02,For Sale
96502972,3108 Sunny Brae Dr,75204,Dallas,TX,32.79573,-96.7917,505000,265.0,-14900.0,497200.0,3640.0,3.0,3.0,1906.0,2017.0,1306.8,townhome,122,519970.0,2025,https://www.zillow.com,https://photos.zillowstatic.com/fp/69c13e36f6d8a82a0202d9ad7a039b23-p_c.jpg,2026-07-06 12:02,For Sale
26753143,7023 Brookshire Dr,75230,Dallas,TX,32.89117,-96.784,1849500,458.0,-45500.0,1778000.0,7919.0,5.0,4.0,4034.0,1970.0,0.31,singleFamily,94,896740.0,2025,https://www.zillow.com,https://photos.zillowstatic.com/fp/83fed295466cf92963922c66abc67e85-p_c.jpg,2026-07-06 12:02,For Sale
26869110,9604 Robin Meadow Dr,75243,Dallas,TX,32.90022,-96.73132,975000,300.0,,,,4.0,3.0,3250.0,1981.0,0.296,singleFamily,33,930680.0,2025,https://www.zillow.com,https://photos.zillowstatic.com/fp/7e8eed9d1976332854327a8019342f3c-p_c.jpg,2026-07-06 12:02,For Sale
96523839,2823 Curvilinear Ct,75227,Dallas,TX,32.761116,-96.66785,370000,195.0,,368000.0,2636.0,4.0,3.0,1899.0,2026.0,5880.6,singleFamily,25,80000.0,2025,https://www.zillow.com,https://photos.zillowstatic.com/fp/e44672a1fe83431716ab4381a28cce94-p_c.jpg,2026-07-06 12:02,For Sale
26863024,4655 Country Creek Dr APT 1135,75236,Dallas,TX,32.698532,-96.899925,149900,110.0,,141900.0,1998.0,3.0,2.0,1368.0,1974.0,19.864,condo,3,150480.0,2025,https://www.zillow.com,https://photos.zillowstatic.com/fp/a9333dbf6e1c26a1fbef3161790412b0-p_c.jpg,2026-07-06 12:02,For Sale
26735909,8730 Rexford Dr,75209,Dallas,TX,32.857147,-96.84684,1750000,380.0,-125000.0,1711300.0,7814.0,5.0,6.0,4604.0,2025.0,6969.6,singleFamily,34,1182050.0,2025,https://www.zillow.com,https://photos.zillowstatic.com/fp/4f435a5240bd1f4cbd95420934668c5d-p_c.jpg,2026-07-06 12:02,For Sale
69228173,2848 Woodside St #7A,75204,Dallas,TX,32.798122,-96.799355,875000,374.0,,832600.0,4677.0,2.0,3.0,2342.0,2003.0,0.383,condo,23,652000.0,2025,https://www.zillow.com,https://photos.zillowstatic.com/fp/c490d1e37e35fcf8db1a0e86a5cad3e2-p_c.jpg,2026-07-06 12:02,For Sale
26901389,5335 Bent Tree Forest Dr APT 119,75248,Dallas,TX,32.965923,-96.81654,144900,185.0,-5000.0,,1478.0,1.0,2.0,783.0,1981.0,8.766,singleFamily,107,198790.0,2025,https://www.zillow.com,https://photos.zillowstatic.com/fp/8e2c10f78e61b15e14f30ae8f931eff1-p_c.jpg,2026-07-06 12:02,For Sale
26700656,7011 Hammond Ave,75223,Dallas,TX,32.806015,-96.73771,549950,385.0,-19050.0,531700.0,2553.0,2.0,2.0,1427.0,1938.0,7148.196,singleFamily,46,455000.0,2025,https://www.zillow.com,https://photos.zillowstatic.com/fp/65a5fe63de83c227179651f98a34e8c0-p_c.jpg,2026-07-06 12:02,For Sale
26900630,6122 Ridgecrest Rd APT 2007,75231,Dallas,TX,32.868073,-96.75692,95000,121.0,-10000.0,,964.0,1.0,1.0,785.0,1981.0,0.6799999999999999,condo,294,140560.0,2025,https://www.zillow.com,https://photos.zillowstatic.com/fp/79378837388563cde1a1ddc1e19df9f3-p_c.jpg,2026-07-06 12:02,For Sale
26876825,15927 Preston Rd #A,75248,Dallas,TX,32.965385,-96.80624,199000,132.0,,,1971.0,2.0,3.0,1509.0,1968.0,11.051,condo,2,245000.0,2025,https://www.zillow.com,https://photos.zillowstatic.com/fp/47321d4f77a7044796ac9604ac1fb401-p_c.jpg,2026-07-06 12:02,For Sale
26848568,13216 Hillcrest Rd,75240,Dallas,TX,32.92971,-96.785706,1170000,264.0,-50000.0,1094400.0,7002.0,7.0,7.0,4425.0,1981.0,0.5670000000000001,singleFamily,67,955730.0,2025,https://www.zillow.com,https://photos.zillowstatic.com/fp/0ac9021227ea5dd08aa73fa2a529d259-p_c.jpg,2026-07-06 12:02,For Sale
26725933,4405 W Lawther Dr,75214,Dallas,TX,32.839657,-96.7307,5950000,,,,,,,,,2.2,land,13,1980000.0,2021,https://www.zillow.com,https://photos.zillowstatic.com/fp/b1eeaccad4a9ed5bd66fd1b0628acf28-p_c.jpg,2026-07-06 12:02,For Sale
26845423,3111 Andrea Dr,75228,Dallas,TX,32.828045,-96.66216,275000,244.0,-4000.0,269500.0,2015.0,4.0,2.0,1128.0,1954.0,7666.56,singleFamily,117,240580.0,2025,https://www.zillow.com,https://photos.zillowstatic.com/fp/0f9ac88b6f55ffe633ee3b9706591d24-p_c.jpg,2026-07-06 12:02,For Sale
69230797,3110 Thomas Ave APT 517,75204,Dallas,TX,32.798294,-96.79458,735000,309.0,,699400.0,3962.0,2.0,2.0,2377.0,1998.0,1.174,condo,73,618020.0,2025,https://www.zillow.com,https://photos.zillowstatic.com/fp/a5124a0f50a42ef51b869ea064799759-p_c.jpg,2026-07-06 12:02,For Sale
26905526,10110 Betty Jane Ln,75229,Dallas,TX,32.883526,-96.85333,1990000,424.0,,,,4.0,5.0,4695.0,1997.0,0.757,singleFamily,13,1325290.0,2025,https://www.zillow.com,https://photos.zillowstatic.com/fp/9f0f0f5199b4c48a210ca0ec5464cdd1-p_c.jpg,2026-07-06 12:02,For Sale
26695594,5126 Ridgedale Ave,75206,Dallas,TX,32.825203,-96.78347,1550000,394.0,-100000.0,1474500.0,7859.0,5.0,5.0,3934.0,2008.0,7230.96,singleFamily,26,1345600.0,2025,https://www.zillow.com,https://photos.zillowstatic.com/fp/c478f379d5210595cc3f32f8ad5286f9-p_c.jpg,2026-07-06 12:02,For Sale
26704291,5535 McCommas Blvd,75206,Dallas,TX,32.83021,-96.773,1199000,523.0,,1168700.0,5536.0,4.0,3.0,2294.0,1928.0,8624.88,singleFamily,34,935000.0,2025,https://www.zillow.com,https://photos.zillowstatic.com/fp/338d1aaf4f015ef156d5d986bf302836-p_c.jpg,2026-07-06 12:02,For Sale
26837674,2310 Costa Mesa Dr,75228,Dallas,TX,32.853058,-96.672325,287980,187.0,,285600.0,2090.0,3.0,1.0,1540.0,1953.0,7666.56,singleFamily,6,282130.0,2025,https://www.zillow.com,https://photos.zillowstatic.com/fp/8db35d1110905113d6ec2c92922a47d0-p_c.jpg,2026-07-06 12:02,For Sale
26872702,6741 Regalbluff Dr,75248,Dallas,TX,32.95281,-96.79272,899000,249.0,-26000.0,867700.0,5121.0,4.0,4.0,3609.0,1974.0,0.338,singleFamily,29,676000.0,2025,https://www.zillow.com,https://photos.zillowstatic.com/fp/7fcb85f485c225a252c24600c06336b1-p_c.jpg,2026-07-06 12:02,For Sale
96506181,7813 Oak Garden Trl,75232,Dallas,TX,32.652798,-96.85119,260000,169.0,-8000.0,257800.0,2122.0,3.0,2.0,1540.0,2014.0,7927.92,singleFamily,79,331880.0,2025,https://www.zillow.com,https://photos.zillowstatic.com/fp/ab504678e8e79ba8473e9c502a2a2266-p_c.jpg,2026-07-06 12:02,For Sale
67961290,2323 Clark St,75204,Dallas,TX,32.79773,-96.79689,739000,424.0,-10000.0,718700.0,3535.0,2.0,3.0,1744.0,2004.0,1001.88,townhome,45,666430.0,2025,https://www.zillow.com,https://photos.zillowstatic.com/fp/7b4ae2d5c579d0e4e62d3bd36f235c28-p_c.jpg,2026-07-06 12:02,For Sale
26860366,10431 Kinslow Dr,75217,Dallas,TX,32.710964,-96.64428,179000,145.0,-10000.0,176300.0,1881.0,3.0,3.0,1232.0,1979.0,7492.32,singleFamily,59,216100.0,2025,https://www.zillow.com,https://photos.zillowstatic.com/fp/3c54859695531e60ef3b2286dfd22313-p_c.jpg,2026-07-06 12:02,For Sale
26858141,7030 Blackwood Dr,75231,Dallas,TX,32.874187,-96.73518,1475000,358.0,-20000.0,,,4.0,4.0,4121.0,1993.0,0.261,singleFamily,38,1321450.0,2025,https://www.zillow.com,https://photos.zillowstatic.com/fp/f745b3970283195f49d6384965ffa6df-p_c.jpg,2026-07-06 12:02,For Sale
26772191,2622 Wynnewood Dr,75224,Dallas,TX,32.717064,-96.838394,325000,167.0,-4000.0,322300.0,2540.0,3.0,2.0,1943.0,1951.0,9278.28,singleFamily,233,302060.0,2025,https://www.zillow.com,https://photos.zillowstatic.com/fp/7735b208ef5642e35ce6c01b53882b42-p_c.jpg,2026-07-06 12:02,For Sale
401692393,7010 & 7012 Kingsbury Dr,75231,Dallas,TX,32.862278,-96.74196,575000,242.0,,,2185.0,4.0,3.0,2376.0,1961.0,10497.96,multiFamily,2,,,https://www.zillow.com,https://photos.zillowstatic.com/fp/a9c3c0048a21f868132595f7a6489b20-p_c.jpg,2026-07-06 12:02,For Sale
26703827,5803 Martel Ave,75206,Dallas,TX,32.831593,-96.76767,879000,383.0,-20000.0,,,3.0,3.0,2295.0,2024.0,3092.76,singleFamily,70,780660.0,2025,https://www.zillow.com,https://photos.zillowstatic.com/fp/06c2e45b82197cb75b543f0e10ae6602-p_c.jpg,2026-07-06 12:02,For Sale
26689746,5914 Velasco Ave,75206,Dallas,TX,32.82066,-96.765144,1450000,379.0,,,,4.0,4.0,3830.0,2005.0,8189.28,singleFamily,17,1331580.0,2025,https://www.zillow.com,https://photos.zillowstatic.com/fp/59ef18805c4bf261a937a00c44960bf7-p_c.jpg,2026-07-06 12:02,For Sale
26689533,5833 Velasco Ave,75206,Dallas,TX,32.821278,-96.76652,750000,273.0,-25000.0,,,4.0,2.0,2752.0,1920.0,7710.12,multiFamily,89,566750.0,2025,https://www.zillow.com,https://photos.zillowstatic.com/fp/c97fe54b27d35fb1280edd1c1b080c16-p_c.jpg,2026-07-06 12:02,For Sale
26752222,6918 Chevy Chase Ave,75225,Dallas,TX,32.871483,-96.78531,1335000,446.0,,1270800.0,6793.0,3.0,3.0,2995.0,1978.0,7535.88,singleFamily,5,1025000.0,2025,https://www.zillow.com,https://photos.zillowstatic.com/fp/5d5a4451723a0cd62596c91ec301998b-p_c.jpg,2026-07-06 12:02,For Sale
26804209,5205 Royal Ln,75229,Dallas,TX,32.895317,-96.81789,3967000,597.0,,,,5.0,8.0,6647.0,1972.0,1.0,singleFamily,40,2210000.0,2025,https://www.zillow.com,https://photos.zillowstatic.com/fp/287986ed7c492dd54e73f5c8f68b497f-p_c.jpg,2026-07-06 12:02,For Sale
26696331,5338 Mercedes Ave,75206,Dallas,TX,32.827965,-96.77797,1699000,429.0,,1614600.0,7579.0,5.0,5.0,3963.0,1925.0,7797.24,singleFamily,16,1348140.0,2025,https://www.zillow.com,https://photos.zillowstatic.com/fp/2a01703a452d6fd2b67dead86d744517-p_c.jpg,2026-07-06 12:02,For Sale
27339786,2540 Sunscape Ln,75287,Dallas,TX,32.99605,-96.87103,399000,260.0,,390500.0,2528.0,3.0,2.0,1535.0,1984.0,4704.48,singleFamily,3,376578.0,2025,https://www.zillow.com,https://photos.zillowstatic.com/fp/7717c03c17b42aad9a9bdcd9f09175ca-p_c.jpg,2026-07-06 12:02,For Sale
26706650,6722 Sondra Dr,75214,Dallas,TX,32.82644,-96.74501,2300000,464.0,,2188300.0,11351.0,5.0,6.0,4955.0,2014.0,7971.48,singleFamily,9,2054390.0,2025,https://www.zillow.com,https://photos.zillowstatic.com/fp/6f7f5e921c7d4b3e0d921e039d0754f9-p_c.jpg,2026-07-06 12:02,For Sale
26701237,6917 Casa Loma Ave,75214,Dallas,TX,32.81337,-96.73981,2999900,579.0,,,,4.0,6.0,5177.0,2025.0,10497.96,singleFamily,5,1011460.0,2025,https://www.zillow.com,https://photos.zillowstatic.com/fp/b6b7f47ca102504489dc301525b2f36b-p_c.jpg,2026-07-06 12:02,For Sale
26820945,5011 Watson Dr,75241,Dallas,TX,32.689365,-96.776306,420000,194.0,-9999.0,418300.0,2757.0,4.0,3.0,2165.0,2026.0,10672.2,singleFamily,58,70000.0,2025,https://www.zillow.com,https://photos.zillowstatic.com/fp/fd0d8ea1eee0e5e04188f76fe20a713b-p_c.jpg,2026-07-06 12:02,For Sale
26645606,4816 Sandestin Dr,75287,Dallas,TX,32.99534,-96.826256,1295000,289.0,-30000.0,1256900.0,6725.0,5.0,5.0,4488.0,1990.0,0.25,singleFamily,28,1133972.0,2025,https://www.zillow.com,https://photos.zillowstatic.com/fp/ab8743010bf9bf187c59b5665ac628d6-p_c.jpg,2026-07-06 12:02,For Sale
26632277,4133 Winding Way Ct,75287,Dallas,TX,33.00884,-96.83971,430000,190.0,-20000.0,425200.0,3503.0,3.0,2.0,2268.0,1986.0,7405.2,singleFamily,121,539667.0,2025,https://www.zillow.com,https://photos.zillowstatic.com/fp/65f37f0fa21a264d044b89aa425962bd-p_c.jpg,2026-07-06 12:02,For Sale
463357610,4009 Saddleback Dr,75227,Dallas,TX,32.77312,-96.67097,237499,188.0,,236800.0,2150.0,3.0,2.0,1260.0,2025.0,5662.8,singleFamily,2,,,https://www.zillow.com,https://photos.zillowstatic.com/fp/c5bbb6a69714e5ea7eba5447412c3601-p_c.jpg,2026-07-06 12:02,For Sale
26747606,6317 E University Blvd,75214,Dallas,TX,32.846394,-96.754456,1295000,502.0,,,,4.0,4.0,2579.0,1961.0,0.272,singleFamily,9,716420.0,2025,https://www.zillow.com,https://photos.zillowstatic.com/fp/c05355cfc863b760cc35a45ce2477354-p_c.jpg,2026-07-06 12:02,For Sale
26884780,11336 Drummond Dr,75228,Dallas,TX,32.846848,-96.65439,364900,187.0,-11100.0,359400.0,2385.0,3.0,2.0,1956.0,1964.0,9321.84,singleFamily,57,339210.0,2025,https://www.zillow.com,https://photos.zillowstatic.com/fp/8056231fba7aa72e396643dd8eb9a9f5-p_c.jpg,2026-07-06 12:02,For Sale
26803653,11616 Jamestown Rd,75230,Dallas,TX,32.907127,-96.80683,2649000,460.0,-100000.0,,6224.0,5.0,7.0,5754.0,2022.0,0.38499999999999995,singleFamily,143,2919220.0,2025,https://www.zillow.com,https://photos.zillowstatic.com/fp/550350993dda32ff0839c2dc0f2d90f8-p_c.jpg,2026-07-06 12:02,For Sale
26829062,12504 Renoir Ln,75230,Dallas,TX,32.91878,-96.80405,1199000,285.0,,1139100.0,7943.0,5.0,4.0,4207.0,1981.0,0.32999999999999996,singleFamily,41,993250.0,2025,https://www.zillow.com,https://photos.zillowstatic.com/fp/182d9a1cba18503e5be0e2c358ea2dc1-p_c.jpg,2026-07-06 12:02,For Sale
67965641,5904 Sandhurst Ln APT 149,75206,Dallas,TX,32.843716,-96.764015,325000,310.0,,297200.0,2020.0,2.0,2.0,1050.0,1967.0,4.675,condo,3,322000.0,2025,https://www.zillow.com,https://photos.zillowstatic.com/fp/069946ef5bab34c4113e2aa580a07af3-p_c.jpg,2026-07-06 12:02,For Sale
26700943,7327 Casa Loma Ave,75214,Dallas,TX,32.81022,-96.73147,1899000,404.0,-98000.0,,,4.0,6.0,4706.0,2025.0,7230.96,singleFamily,61,462190.0,2025,https://www.zillow.com,https://photos.zillowstatic.com/fp/242517a491f7b28314b8e6fd1152f369-p_c.jpg,2026-07-06 12:02,For Sale
463131106,5533 Forsan Way,75230,Dallas,TX,32.91005,-96.81181,2095000,557.0,,2026400.0,,3.0,4.0,3761.0,2026.0,4791.6,singleFamily,24,,,https://www.zillow.com,https://photos.zillowstatic.com/fp/81b5cec71f54ffa55cc4acd7a786a427-p_c.jpg,2026-07-06 12:02,For Sale
83997570,4605 Lester Dr,75219,Dallas,TX,32.8136,-96.82416,449995,241.0,,437600.0,3117.0,2.0,3.0,1869.0,2007.0,2657.16,townhome,32,449000.0,2025,https://www.zillow.com,https://photos.zillowstatic.com/fp/c43b9d518d0e7437aea585310d5facb6-p_c.jpg,2026-07-06 12:02,For Sale
304021712,17730 Bottlebrush Dr,75252,Dallas,TX,32.99154,-96.75904,568000,235.0,-11000.0,559100.0,3729.0,4.0,3.0,2414.0,2018.0,4399.56,singleFamily,100,602816.0,2025,https://www.zillow.com,https://photos.zillowstatic.com/fp/07ecba74c3e4d27894da8af2dfaaf566-p_c.jpg,2026-07-06 12:02,For Sale
26752561,3 Royal Terrace Ct,75225,Dallas,TX,32.87795,-96.77805,899000,265.0,,,,3.0,3.0,3397.0,1979.0,5270.76,singleFamily,27,1245000.0,2025,https://www.zillow.com,https://photos.zillowstatic.com/fp/1acb6d0f2467ba03be68156d60d28f02-p_c.jpg,2026-07-06 12:02,For Sale
26931516,9811 Walnut St #203,75243,Dallas,TX,32.922836,-96.71392,78000,87.0,-2000.0,,1440.0,2.0,2.0,894.0,1981.0,8.814,condo,58,107280.0,2025,https://www.zillow.com,https://photos.zillowstatic.com/fp/70e0ca790be601ecdcc67ffe06ba2c04-p_c.jpg,2026-07-06 12:02,For Sale
26678639,5611 Alton Ave,75214,Dallas,TX,32.800278,-96.75465,220000,186.0,-15000.0,,1944.0,2.0,1.0,1180.0,1911.0,4181.76,singleFamily,205,292640.0,2025,https://www.zillow.com,https://photos.zillowstatic.com/fp/24d187ed7392ac095d3ef3bccc2b880a-p_c.jpg,2026-07-06 12:02,For Sale
26631655,5416 Ventana Trl,75252,Dallas,TX,33.01008,-96.801056,443000,215.0,-4800.0,426800.0,2849.0,3.0,2.0,2056.0,1985.0,6011.28,singleFamily,107,479393.0,2025,https://www.zillow.com,https://photos.zillowstatic.com/fp/9197ba8e170e95f771451a77d008c9ca-p_c.jpg,2026-07-06 12:02,For Sale
26763751,6326 Petain Ave,75227,Dallas,TX,32.776157,-96.7082,145900,116.0,,,1747.0,3.0,1.0,1258.0,1949.0,7143.84,singleFamily,7,249030.0,2025,https://www.zillow.com,https://photos.zillowstatic.com/fp/77f9512cb6db3c579e701674c9e1f986-p_c.jpg,2026-07-06 12:02,For Sale
26680553,3606 Holmes St,75215,Dallas,TX,32.756336,-96.77269,189900,170.0,,187200.0,1652.0,2.0,1.0,1120.0,1925.0,4573.8,singleFamily,11,190070.0,2025,https://www.zillow.com,https://photos.zillowstatic.com/fp/62747795564aaed5efdb3c69b7bf3c75-p_c.jpg,2026-07-06 12:02,For Sale
26693566,5449 Goodwin Ave,75206,Dallas,TX,32.823803,-96.775276,1849000,456.0,,1799500.0,4020.0,5.0,5.0,4055.0,2026.0,8001.972,singleFamily,9,560000.0,2025,https://www.zillow.com,https://photos.zillowstatic.com/fp/70f498c92bdf8b783e5f45c3c2c858ee-p_c.jpg,2026-07-06 12:02,For Sale
26897182,14034 Vida Ln,75253,Dallas,TX,32.674854,-96.59461,329000,194.0,,,,4.0,2.0,1700.0,1978.0,0.8800000000000001,singleFamily,5,313160.0,2025,https://www.zillow.com,https://photos.zillowstatic.com/fp/17b4d92b421fffc043661ff369c877f4-p_c.jpg,2026-07-06 12:02,For Sale
26899430,9696 Walnut St APT 1107,75243,Dallas,TX,32.922672,-96.72186,89900,90.0,-5100.0,,1422.0,2.0,2.0,1003.0,1981.0,8.304,condo,299,105320.0,2025,https://www.zillow.com,https://photos.zillowstatic.com/fp/0b4c8cc987afb43325c2ed303440fbb8-p_c.jpg,2026-07-06 12:02,For Sale
26880423,4115 Calculus Dr,75244,Dallas,TX,32.91821,-96.842964,1100000,361.0,,,,4.0,4.0,3045.0,1972.0,0.296,singleFamily,9,1041880.0,2025,https://www.zillow.com,https://photos.zillowstatic.com/fp/fc0559ec03a99c644dc2a32e08438035-p_c.jpg,2026-07-06 12:02,For Sale
248830836,5710 McCommas Blvd #202,75206,Dallas,TX,32.829655,-96.76929,439000,261.0,-20000.0,433800.0,4266.0,2.0,2.0,1684.0,2016.0,0.9740000000000001,condo,59,522040.0,2025,https://www.zillow.com,https://photos.zillowstatic.com/fp/15fd891fdd1b25fc33bf8163f684c491-p_c.jpg,2026-07-06 12:02,For Sale
26874286,7636 La Risa Dr,75248,Dallas,TX,32.962345,-96.77598,699000,332.0,,688300.0,3013.0,3.0,2.0,2104.0,1970.0,8929.8,singleFamily,19,529800.0,2025,https://www.zillow.com,https://photos.zillowstatic.com/fp/a32805fbb2bcc3e240967778a2c0ecf3-p_c.jpg,2026-07-06 12:02,For Sale
26747152,9457 Waterview Rd,75218,Dallas,TX,32.8464,-96.71432,4499999,624.0,,4275200.0,6425.0,5.0,9.0,7213.0,2026.0,0.274,singleFamily,130,1600000.0,2025,https://www.zillow.com,https://photos.zillowstatic.com/fp/c9f66ef648aec961dd971ccd9f8f07b4-p_c.jpg,2026-07-06 12:02,For Sale
463098527,2105 S Denley Dr,75216,Dallas,TX,32.722374,-96.8058,10001,,-19999.0,,,,,,,3223.44,land,25,,,https://www.zillow.com,https://photos.zillowstatic.com/fp/e4b19651b3ec0d478d81b180c741338a-p_c.jpg,2026-07-06 12:02,For Sale
26807172,3581 Woodleigh Dr,75229,Dallas,TX,32.8839,-96.85812,619000,226.0,-30000.0,587800.0,4461.0,5.0,3.0,2733.0,1955.0,10323.72,singleFamily,67,528220.0,2025,https://www.zillow.com,https://photos.zillowstatic.com/fp/b75dfa70a523d912b77a01670d534c78-p_c.jpg,2026-07-06 12:02,For Sale
26718221,919 Salmon Dr,75208,Dallas,TX,32.757355,-96.83844,579000,429.0,-20000.0,557700.0,2429.0,2.0,1.0,1350.0,1930.0,7492.32,singleFamily,16,550410.0,2025,https://www.zillow.com,https://photos.zillowstatic.com/fp/08e176f74b18564e95d77baf387534e4-p_c.jpg,2026-07-06 12:02,For Sale
67965392,3225 Turtle Creek Blvd APT 1134,75219,Dallas,TX,32.806835,-96.80463,325000,398.0,,,,1.0,1.0,816.0,1998.0,3.536,condo,2,318240.0,2025,https://www.zillow.com,https://photos.zillowstatic.com/fp/e6266e44bf26521028f3020713a3562f-p_c.jpg,2026-07-06 12:02,For Sale
2070604023,4223 Delano Pl #105,75204,Dallas,TX,32.802887,-96.78494,385000,385.0,-10000.0,376400.0,2159.0,1.0,2.0,1000.0,2022.0,6751.8,townhome,80,,,https://www.zillow.com,https://photos.zillowstatic.com/fp/7172fd94e5764137a78c0233e76d3f74-p_c.jpg,2026-07-06 12:02,For Sale
26684877,617 Parkview Ave,75223,Dallas,TX,32.798725,-96.750374,849900,210.0,-40000.0,844200.0,6089.0,4.0,5.0,4049.0,2026.0,7230.96,singleFamily,39,510000.0,2025,https://www.zillow.com,https://photos.zillowstatic.com/fp/e130c0d7bd6da606d0b972f8f77ee8c7-p_c.jpg,2026-07-06 12:02,For Sale
463469335,410 N Oak Cliff Blvd,75208,Dallas,TX,32.74801,-96.852425,410000,324.0,,403600.0,,2.0,2.0,1264.0,1942.0,7448.76,multiFamily,9,,,https://www.zillow.com,https://photos.zillowstatic.com/fp/6c1ee8034141f6e8356db7ca8f9194ab-p_c.jpg,2026-07-06 12:02,For Sale
26693447,4347 Avondale Ave,75219,Dallas,TX,32.817657,-96.8005,3750000,1204.0,,3506300.0,7598.0,2.0,3.0,3114.0,2014.0,8058.6,singleFamily,18,1682470.0,2025,https://www.zillow.com,https://photos.zillowstatic.com/fp/c6063651314f68fc231dd336afe3968d-p_c.jpg,2026-07-06 12:02,For Sale
26710165,627 S Willomet Ave,75208,Dallas,TX,32.739414,-96.84081,500000,241.0,-10000.0,,,4.0,3.0,2071.0,1925.0,6969.6,singleFamily,17,359820.0,2025,https://www.zillow.com,https://photos.zillowstatic.com/fp/02d62c18041612bef8f50c3e400b6d65-p_c.jpg,2026-07-06 12:02,For Sale
26686586,2314 Dathe St,75215,Dallas,TX,32.760155,-96.76711,220000,159.0,,,,3.0,2.0,1388.0,1930.0,5619.24,singleFamily,3,119700.0,2025,https://www.zillow.com,https://photos.zillowstatic.com/fp/96e460d3e238eec2c0da13be688e6159-p_c.jpg,2026-07-06 12:02,For Sale
26706136,6606 Winton St,75214,Dallas,TX,32.83487,-96.74718,3174000,583.0,,3072100.0,5752.0,5.0,7.0,5441.0,2025.0,7753.68,singleFamily,22,807910.0,2025,https://www.zillow.com,https://photos.zillowstatic.com/fp/12618c0461c7685a195f838a6912d70c-p_c.jpg,2026-07-06 12:02,For Sale
26803295,11444 Parkchester Dr,75230,Dallas,TX,32.904186,-96.79878,4850000,721.0,,4612000.0,5825.0,5.0,7.0,6729.0,2025.0,0.378,singleFamily,13,905850.0,2025,https://www.zillow.com,https://photos.zillowstatic.com/fp/83af084f0e455e349137ef6055c39a54-p_c.jpg,2026-07-06 12:02,For Sale
96523561,48 Ash Bluff Ln,75248,Dallas,TX,32.976192,-96.812775,5850000,813.0,-145000.0,,,5.0,6.0,7194.0,2013.0,0.8099999999999999,singleFamily,87,4200000.0,2025,https://www.zillow.com,https://photos.zillowstatic.com/fp/0917223857efba198bb157b8446390cf-p_c.jpg,2026-07-06 12:02,For Sale
26915431,5240 Kiwanis Rd,75236,Dallas,TX,32.68488,-96.9337,374900,224.0,-4100.0,370000.0,2628.0,3.0,2.0,1671.0,1984.0,0.511,singleFamily,18,350000.0,2025,https://www.zillow.com,https://photos.zillowstatic.com/fp/2ecc236560fd9a78b622c64f28ed5fa7-p_c.jpg,2026-07-06 12:02,For Sale
26727494,3530 Gibsondell Ave,75211,Dallas,TX,32.73751,-96.878624,649900,227.0,-10000.0,637600.0,3962.0,4.0,4.0,2869.0,2026.0,6011.28,singleFamily,62,286380.0,2025,https://www.zillow.com,https://photos.zillowstatic.com/fp/ebf56006e93d43f673de8c7b513ab3ab-p_c.jpg,2026-07-06 12:02,For Sale
162392168,13740 Vida Ln,75253,Dallas,TX,32.677017,-96.5969,949900,215.0,,924600.0,2150.0,8.0,6.0,4418.0,1989.0,2.42,singleFamily,11,685600.0,2025,https://www.zillow.com,https://photos.zillowstatic.com/fp/031704ec50cebb3ddf0009448fa26531-p_c.jpg,2026-07-06 12:02,For Sale
26752924,7344 Fieldgate Dr,75230,Dallas,TX,32.88041,-96.77676,1225000,429.0,-50000.0,1181600.0,6033.0,4.0,5.0,2857.0,1965.0,0.304,singleFamily,38,1170570.0,2025,https://www.zillow.com,https://photos.zillowstatic.com/fp/bb775e5311bdca9d07559d4185ceac83-p_c.jpg,2026-07-06 12:02,For Sale
55825927,802 Haines Ave,75208,Dallas,TX,32.752388,-96.82884,1089000,303.0,-11000.0,1060600.0,3387.0,4.0,3.0,3596.0,1918.0,7274.52,singleFamily,36,754360.0,2025,https://www.zillow.com,https://photos.zillowstatic.com/fp/9f2fb0e81cb3a51669767ffe519b58ec-p_c.jpg,2026-07-06 12:02,For Sale
54010848,17911 Meadowchase Way,75287,Dallas,TX,32.99258,-96.860535,399000,161.0,-31000.0,,3097.0,4.0,3.0,2481.0,1995.0,5227.2,singleFamily,58,446223.0,2025,https://www.zillow.com,https://photos.zillowstatic.com/fp/2d2bbd8bcc98a3224bb5346b1771b36c-p_c.jpg,2026-07-06 12:02,For Sale
463361760,1371 Cooper St,75215,Dallas,TX,32.755806,-96.77512,240000,141.0,,240300.0,3042.0,4.0,3.0,1706.0,2026.0,8363.52,singleFamily,16,,,https://www.zillow.com,https://photos.zillowstatic.com/fp/0fc782bd410e4640aa4d991bbfcdec9c-p_c.jpg,2026-07-06 12:02,For Sale
26808184,3326 Regent Dr,75229,Dallas,TX,32.893864,-96.86677,875000,349.0,,839400.0,3797.0,4.0,3.0,2510.0,1958.0,10062.36,singleFamily,9,686000.0,2025,https://www.zillow.com,https://photos.zillowstatic.com/fp/db9d49b35d9f5333ee30458a90f201ae-p_c.jpg,2026-07-06 12:02,For Sale
26859659,13351 Kit Ln,75240,Dallas,TX,32.93011,-96.76611,555000,176.0,-10000.0,536800.0,1951.0,6.0,4.0,3162.0,1968.0,0.258,multiFamily,117,504500.0,2025,https://www.zillow.com,https://photos.zillowstatic.com/fp/d8e27de30488254a87d1048fae90dc20-p_c.jpg,2026-07-06 12:02,For Sale
26856418,3027 Morgan Dr,75241,Dallas,TX,32.65468,-96.77258,319900,158.0,,314800.0,2228.0,4.0,2.0,2022.0,1958.0,0.254,singleFamily,3,212350.0,2025,https://www.zillow.com,https://photos.zillowstatic.com/fp/2adfa75a392a274cca5098c876faca9a-p_c.jpg,2026-07-06 12:02,For Sale
26586462,17515 River Hill Dr,75287,Dallas,TX,32.991657,-96.82755,2365000,398.0,-59000.0,2241400.0,7147.0,5.0,6.0,5944.0,1985.0,0.89,singleFamily,75,2111000.0,2025,https://www.zillow.com,https://photos.zillowstatic.com/fp/7f1290e1ff6dca66b3ad7d7f53f469d0-p_c.jpg,2026-07-06 12:02,For Sale
26831635,3037 Valentine St,75215,Dallas,TX,32.742107,-96.7466,350000,199.0,,345300.0,2419.0,3.0,3.0,1756.0,2024.0,4704.48,singleFamily,0,291200.0,2025,https://www.zillow.com,https://photos.zillowstatic.com/fp/7658721164264351afa44f50e123c7de-p_c.jpg,2026-07-06 12:02,For Sale
26859033,10819 Lochspring Dr,75218,Dallas,TX,32.860165,-96.69968,1090000,399.0,,1041400.0,4773.0,5.0,3.0,2730.0,1969.0,0.252,singleFamily,48,674270.0,2025,https://www.zillow.com,https://photos.zillowstatic.com/fp/5057cd36d9ab83978c03e7090e69066b-p_c.jpg,2026-07-06 12:02,For Sale
26815370,745 Clearwood Dr,75232,Dallas,TX,32.661022,-96.83368,269999,133.0,-10000.0,268900.0,2667.0,6.0,2.0,2028.0,1956.0,7623.0,singleFamily,121,248940.0,2025,https://www.zillow.com,https://photos.zillowstatic.com/fp/1a25d427fd537ead48e8d7929982a541-p_c.jpg,2026-07-06 12:02,For Sale
96493342,2123 Diversey St,75201,Dallas,TX,32.780315,-96.790504,649000,259.0,-30000.0,636700.0,4929.0,3.0,4.0,2509.0,2011.0,1568.16,townhome,151,714490.0,2025,https://www.zillow.com,https://photos.zillowstatic.com/fp/1024f2b8348ccbb5be0a2836a2bfdd5d-p_c.jpg,2026-07-06 12:02,For Sale
26789989,3724 Highgrove Dr,75220,Dallas,TX,32.86873,-96.85501,1349900,329.0,-40000.0,,,4.0,4.0,4100.0,2026.0,7448.76,singleFamily,46,407640.0,2025,https://www.zillow.com,https://photos.zillowstatic.com/fp/69f52aa4fef736549c798ed0a2ffeeb2-p_c.jpg,2026-07-06 12:02,For Sale
26757872,5111 Meaders Ln,75229,Dallas,TX,32.885555,-96.820595,5600000,626.0,,,,6.0,8.0,8949.0,1953.0,0.9199999999999999,singleFamily,41,3082930.0,2025,https://www.zillow.com,https://photos.zillowstatic.com/fp/41dc031e26a8901deced042fe94b921f-p_c.jpg,2026-07-06 12:02,For Sale
26815085,6930 Trailcrest Dr,75232,Dallas,TX,32.663933,-96.835464,250000,141.0,,243400.0,2006.0,3.0,2.0,1769.0,1968.0,9278.28,singleFamily,45,235090.0,2025,https://www.zillow.com,https://photos.zillowstatic.com/fp/9ea2f63748165d1e6d43254570324c4a-p_c.jpg,2026-07-06 12:02,For Sale
26914332,5919 Ranchero Ln,75236,Dallas,TX,32.681995,-96.92422,695000,249.0,,678800.0,3293.0,3.0,3.0,2794.0,1996.0,4.709,singleFamily,22,607240.0,2025,https://www.zillow.com,https://photos.zillowstatic.com/fp/7c8713c9f0fa0760dc826e60c820bc74-p_c.jpg,2026-07-06 12:02,For Sale
26859518,7211 Valley View Pl,75240,Dallas,TX,32.927677,-96.78114,1050000,325.0,-50000.0,,,4.0,4.0,3232.0,1978.0,0.571,singleFamily,48,1138740.0,2025,https://www.zillow.com,https://photos.zillowstatic.com/fp/15bdbeab4c21af31344e4381dff301dd-p_c.jpg,2026-07-06 12:02,For Sale
26877111,5702 Bent Trl,75248,Dallas,TX,32.97451,-96.81642,2595000,493.0,,,,5.0,5.0,5268.0,1979.0,0.348,singleFamily,108,2293060.0,2025,https://www.zillow.com,https://photos.zillowstatic.com/fp/73f9aed416e5f201d1824ab6fcaba932-p_c.jpg,2026-07-06 12:02,For Sale
244111419,8254 Laflin Ln,75231,Dallas,TX,32.88959,-96.76209,578000,330.0,-11500.0,569500.0,2883.0,3.0,3.0,1750.0,2016.0,1655.28,singleFamily,116,534960.0,2025,https://www.zillow.com,https://photos.zillowstatic.com/fp/f28ab0a57c69512ee9cd0c7cbf95f30e-p_c.jpg,2026-07-06 12:02,For Sale
459145277,8714 Quinn St #A,75217,Dallas,TX,32.730892,-96.669975,325000,144.0,,,1783.0,5.0,4.0,2264.0,1962.0,7056.72,multiFamily,4,,,https://www.zillow.com,https://photos.zillowstatic.com/fp/66823a188d61fbf85b24b2a595aef10d-p_c.jpg,2026-07-06 12:02,For Sale
26804525,4719 Forest Ln,75244,Dallas,TX,32.90999,-96.827194,3100000,447.0,,2912200.0,15409.0,5.0,6.0,6931.0,2016.0,0.622,singleFamily,103,2397370.0,2025,https://www.zillow.com,https://photos.zillowstatic.com/fp/85b3e7dd05c9acbc598099c97b81b2b1-p_c.jpg,2026-07-06 12:02,For Sale
26723983,1323 Lansford Ave,75224,Dallas,TX,32.731407,-96.84388,579900,276.0,-5100.0,568500.0,3404.0,3.0,3.0,2100.0,1926.0,9321.84,singleFamily,30,438140.0,2025,https://www.zillow.com,https://photos.zillowstatic.com/fp/804144e0bf6ee4b9a27a61bd1994da48-p_c.jpg,2026-07-06 12:02,For Sale
26695831,5406 Mercedes Ave,75206,Dallas,TX,32.82796,-96.777054,1589000,598.0,-60000.0,1526100.0,5499.0,3.0,2.0,2658.0,1929.0,7797.24,singleFamily,26,1137940.0,2025,https://www.zillow.com,https://photos.zillowstatic.com/fp/2f6204c26fed9fb828c450df19cecc63-p_c.jpg,2026-07-06 12:02,For Sale
26717936,2539 Sharon St,75211,Dallas,TX,32.73043,-96.86083,269900,203.0,-5000.0,263500.0,2105.0,3.0,2.0,1328.0,1933.0,6882.48,singleFamily,70,275390.0,2025,https://www.zillow.com,https://photos.zillowstatic.com/fp/f4879c8a4cc34afb6b68e5cdb38b20bd-p_c.jpg,2026-07-06 12:02,For Sale
26924887,4229 Cole Ave APT 108,75205,Dallas,TX,32.817818,-96.79228,390000,343.0,,376800.0,2971.0,2.0,3.0,1137.0,1982.0,0.62,condo,17,369530.0,2025,https://www.zillow.com,https://photos.zillowstatic.com/fp/be59437c7bef697834c485d78e2674db-p_c.jpg,2026-07-06 12:02,For Sale
448031067,2232 Hooper St,75215,Dallas,TX,32.7455,-96.7568,598000,171.0,,,,6.0,6.0,3500.0,2024.0,5052.96,multiFamily,100,,,https://www.zillow.com,https://photos.zillowstatic.com/fp/d71f68ee8a80f3d23f3406c58e2ecc01-p_c.jpg,2026-07-06 12:02,For Sale
96527644,1933 E Dickey Dr,75051,Grand Prairie,TX,32.72042,-96.975365,325000,213.0,,319100.0,2328.0,3.0,2.0,1529.0,2011.0,5183.64,singleFamily,23,323630.0,2025,https://www.zillow.com,https://photos.zillowstatic.com/fp/6690aa170a312e47ce18db959a60e8b3-p_c.jpg,2026-07-06 12:02,For Sale
26878494,6451 Moonhill Dr,75241,Dallas,TX,32.66149,-96.76671,154300,103.0,-13200.0,,,4.0,2.0,1499.0,1971.0,7143.84,singleFamily,110,227190.0,2025,https://www.zillow.com,https://photos.zillowstatic.com/fp/2264eb83b44a16cbc048154f863bbf48-p_c.jpg,2026-07-06 12:02,For Sale
26901772,5750 Phoenix Dr APT 22,75231,Dallas,TX,32.875942,-96.75966,70000,116.0,-5000.0,,1078.0,1.0,1.0,605.0,1981.0,2.007,condo,77,108410.0,2025,https://www.zillow.com,https://photos.zillowstatic.com/fp/d321aa8a2638568bb432513c8dcdf8ae-p_c.jpg,2026-07-06 12:02,For Sale
26697215,2819 Maple Springs Blvd,75235,Dallas,TX,32.817924,-96.8259,429000,363.0,-20000.0,417000.0,2585.0,2.0,2.0,1181.0,1946.0,8799.12,singleFamily,23,426490.0,2025,https://www.zillow.com,https://photos.zillowstatic.com/fp/f62ea1f56cb90b2d940726c0ed9eebed-p_c.jpg,2026-07-06 12:02,For Sale
26931132,5300 Keller Springs Rd APT 2055,75248,Dallas,TX,32.96763,-96.816536,168000,184.0,,162300.0,1553.0,2.0,2.0,915.0,1982.0,8.598,condo,29,201300.0,2025,https://www.zillow.com,https://photos.zillowstatic.com/fp/311f8a6c01b0f0a6b82c09d6abf0252f-p_c.jpg,2026-07-06 12:02,For Sale
26757013,11219 Leachman Cir,75229,Dallas,TX,32.900352,-96.82221,5250000,960.0,-245000.0,4810200.0,8401.0,5.0,6.0,5470.0,1972.0,0.594,singleFamily,132,4604060.0,2025,https://www.zillow.com,https://photos.zillowstatic.com/fp/2056db3dc523d4f90aca7f3a26c19ee3-p_c.jpg,2026-07-06 12:02,For Sale
2092839996,3012 Brockbank Ct,75220,Dallas,TX,32.87516,-96.8754,159900,153.0,-5100.0,153500.0,1830.0,2.0,2.0,1048.0,1968.0,4.426,condo,42,,,https://www.zillow.com,https://photos.zillowstatic.com/fp/b77a32c2fad46c2e0a7277c1ac815c0c-p_c.jpg,2026-07-06 12:02,For Sale
26685537,4347 Dickason Ave APT 214,75219,Dallas,TX,32.81261,-96.81543,159990,265.0,-5010.0,151000.0,1325.0,1.0,1.0,603.0,1965.0,0.982,condo,108,145360.0,2025,https://www.zillow.com,https://photos.zillowstatic.com/fp/f5bae59ca255868df848c2e947276e6f-p_c.jpg,2026-07-06 12:02,For Sale
26863657,7717 Meadowhaven Dr,75254,Dallas,TX,32.948135,-96.773544,989000,355.0,-10000.0,957800.0,3575.0,4.0,4.0,2785.0,1968.0,0.302,singleFamily,24,634100.0,2025,https://www.zillow.com,https://photos.zillowstatic.com/fp/595ccd347a9fc6ea432ae15fac2956bd-p_c.jpg,2026-07-06 12:02,For Sale
26807151,3616 Woodleigh Dr,75229,Dallas,TX,32.883484,-96.85786,760000,338.0,-14000.0,745800.0,4671.0,4.0,3.0,2250.0,1956.0,9888.12,singleFamily,135,555460.0,2025,https://www.zillow.com,https://photos.zillowstatic.com/fp/3360c465a2f9cc567c3474e994dbf1dc-p_c.jpg,2026-07-06 12:02,For Sale
26774143,3134 Alaska Ave,75216,Dallas,TX,32.706326,-96.81556,479900,161.0,-10000.0,476700.0,3463.0,5.0,3.0,2977.0,2026.0,8272.044,singleFamily,94,176330.0,2025,https://www.zillow.com,https://photos.zillowstatic.com/fp/9a2b3e92a03ff8b99c9473bea4388f60-p_c.jpg,2026-07-06 12:02,For Sale
26809715,3239 Saint Croix Dr,75229,Dallas,TX,32.905045,-96.868675,375000,256.0,,358800.0,2718.0,4.0,2.0,1462.0,1960.0,9844.56,singleFamily,3,357300.0,2025,https://www.zillow.com,https://photos.zillowstatic.com/fp/8aa00b74ce088d868747af950361b1a1-p_c.jpg,2026-07-06 12:02,For Sale
26685915,5736 Tremont St,75214,Dallas,TX,32.805252,-96.756294,614900,322.0,-20000.0,601200.0,3356.0,4.0,2.0,1912.0,1922.0,9234.72,singleFamily,32,569910.0,2025,https://www.zillow.com,https://photos.zillowstatic.com/fp/b28dae100f894dba8a640f4f9f89bd46-p_c.jpg,2026-07-06 12:02,For Sale
26804535,12108 Fieldwood Ln,75244,Dallas,TX,32.913193,-96.82432,2799999,508.0,-100000.0,2679300.0,6381.0,6.0,7.0,5516.0,2019.0,0.3663,singleFamily,73,2715660.0,2025,https://www.zillow.com,https://photos.zillowstatic.com/fp/c620c6336af2fbd1bf18362e1c49e09a-p_c.jpg,2026-07-06 12:02,For Sale
26725943,8832 Antrim Dr,75218,Dallas,TX,32.82702,-96.711845,650000,294.0,-65000.0,642500.0,3359.0,3.0,3.0,2214.0,1955.0,0.281,singleFamily,79,688290.0,2025,https://www.zillow.com,https://photos.zillowstatic.com/fp/7c0319ca3f062aeff769552aafcd173b-p_c.jpg,2026-07-06 12:02,For Sale
26830811,2341 Pinebluff Dr,75228,Dallas,TX,32.805843,-96.70647,519000,270.0,,503800.0,2516.0,3.0,3.0,1919.0,1962.0,9147.6,singleFamily,17,486790.0,2025,https://www.zillow.com,https://photos.zillowstatic.com/fp/057c33c71827639d50f8dc66671e4d73-p_c.jpg,2026-07-06 12:02,For Sale
26933254,4132 Cole Ave APT 102,75204,Dallas,TX,32.81543,-96.792534,373500,346.0,,357100.0,2200.0,2.0,2.0,1080.0,1983.0,1.076,condo,85,331000.0,2025,https://www.zillow.com,https://photos.zillowstatic.com/fp/b5c21198d904ecc021e9551232a7f355-p_c.jpg,2026-07-06 12:02,For Sale
26754767,6416 Park Ln,75225,Dallas,TX,32.873177,-96.79463,5295000,827.0,,,,5.0,7.0,6400.0,2026.0,0.26,singleFamily,122,2058500.0,2025,https://www.zillow.com,https://photos.zillowstatic.com/fp/ecf401fffb5aca9037cd4772fbe83268-p_c.jpg,2026-07-06 12:02,For Sale
26705155,4419 Abrams Rd,75214,Dallas,TX,32.840645,-96.75327,595000,392.0,-5000.0,581100.0,2645.0,3.0,2.0,1518.0,1957.0,9583.2,singleFamily,75,530000.0,2025,https://www.zillow.com,https://photos.zillowstatic.com/fp/bf3307a7c05c0e5450a2650c89dd2200-p_c.jpg,2026-07-06 12:02,For Sale
26825735,2137 Sea Island Dr,75232,Dallas,TX,32.674866,-96.8532,250000,111.0,,,,3.0,3.0,2248.0,1965.0,8189.28,singleFamily,67,308040.0,2025,https://www.zillow.com,https://photos.zillowstatic.com/fp/5b355f72f5bf48719afbe619b23f3843-p_c.jpg,2026-07-06 12:02,For Sale
26828415,3115 Gibbs Williams Rd,75233,Dallas,TX,32.698727,-96.871765,849000,264.0,,838400.0,4537.0,3.0,4.0,3210.0,2025.0,0.7225999999999999,singleFamily,1,311600.0,2025,https://www.zillow.com,https://photos.zillowstatic.com/fp/3499fa7b5f122c8dbe2f16c1c24fd365-p_c.jpg,2026-07-06 12:02,For Sale
448065335,6214 Liberty Hl,75248,Dallas,TX,32.954628,-96.79971,612000,282.0,-10000.0,,,4.0,3.0,2168.0,1984.0,7840.8,singleFamily,79,,,https://www.zillow.com,https://photos.zillowstatic.com/fp/44b409de3e0d9da8cf79098fab1fbcb7-p_c.jpg,2026-07-06 12:02,For Sale
26849835,7155 Helsem Bnd,75230,Dallas,TX,32.919395,-96.78057,849900,260.0,-49100.0,824500.0,5531.0,3.0,3.0,3264.0,1984.0,6355.404,singleFamily,92,979450.0,2025,https://www.zillow.com,https://photos.zillowstatic.com/fp/2746263fd6dcf9f3193f070821080de5-p_c.jpg,2026-07-06 12:02,For Sale
96512304,9515 Edith Ln,75220,Dallas,TX,32.869343,-96.83968,1375000,378.0,-24000.0,1339100.0,7985.0,4.0,4.0,3639.0,2010.0,10018.8,singleFamily,148,1293940.0,2025,https://www.zillow.com,https://photos.zillowstatic.com/fp/f4fc4f1daef420ba24fda1de43fc45bf-p_c.jpg,2026-07-06 12:02,For Sale
440951153,2315 S Vernon Ave,75224,Dallas,TX,32.72306,-96.837166,1000000,250.0,,973000.0,2700.0,6.0,8.0,4000.0,2025.0,7100.28,multiFamily,55,,,https://www.zillow.com,https://photos.zillowstatic.com/fp/ef6da124793dd7f07bbf3416ca61c9bb-p_c.jpg,2026-07-06 12:02,For Sale
26935653,8601 Park Ln APT 737,75231,Dallas,TX,32.77744,-96.79231,150000,189.0,,143500.0,1419.0,1.0,1.0,794.0,1982.0,4.332,condo,37,166070.0,2025,https://www.zillow.com,https://photos.zillowstatic.com/fp/1077d4f31d43b2dbd1e3e73972377e68-p_c.jpg,2026-07-06 12:02,For Sale
26704328,5512 Ellsworth Ave,75206,Dallas,TX,32.833378,-96.773636,895000,338.0,,862600.0,5411.0,3.0,3.0,2649.0,2008.0,3920.4,singleFamily,5,814980.0,2025,https://www.zillow.com,https://photos.zillowstatic.com/fp/24ff3e787e46fb00e541d0cfe93257b5-p_c.jpg,2026-07-06 12:02,For Sale
2070121656,13635 Weald Green St,75240,Dallas,TX,32.933163,-96.76757,260000,204.0,-10000.0,255100.0,2143.0,3.0,2.0,1272.0,1968.0,3267.0,townhome,88,,,https://www.zillow.com,https://photos.zillowstatic.com/fp/7b4cd31cae5b73ec226918e1cd1e09bf-p_c.jpg,2026-07-06 12:02,For Sale
96494371,531 W Laureland Rd,75232,Dallas,TX,32.675148,-96.83036,514000,178.0,-900.0,509700.0,3697.0,4.0,4.0,2890.0,2022.0,0.318,singleFamily,151,505260.0,2025,https://www.zillow.com,https://photos.zillowstatic.com/fp/3bdac40ab26193a57849481d996dabda-p_c.jpg,2026-07-06 12:02,For Sale
26838952,10503 Berry Knoll Dr,75230,Dallas,TX,32.888714,-96.78253,529000,232.0,,505000.0,4053.0,4.0,3.0,2284.0,1971.0,4586.0,singleFamily,0,471430.0,2025,https://www.zillow.com,https://photos.zillowstatic.com/fp/8b516cdae35aeba7613885a3564deb88-p_c.jpg,2026-07-06 12:02,For Sale
26731086,4726 Hopkins Ave,75209,Dallas,TX,32.847454,-96.82896,1250000,299.0,-49900.0,1223900.0,7746.0,5.0,5.0,4180.0,2023.0,6272.64,singleFamily,62,1238420.0,2025,https://www.zillow.com,https://photos.zillowstatic.com/fp/32819dcfa9c00a4479aed3046ec1d132-p_c.jpg,2026-07-06 12:02,For Sale
26701636,6402 Westlake Ave,75214,Dallas,TX,32.821693,-96.7527,1825000,451.0,-50000.0,1796800.0,7891.0,4.0,6.0,4045.0,2026.0,7405.2,singleFamily,53,609450.0,2025,https://www.zillow.com,https://photos.zillowstatic.com/fp/a0dfd5432276e30ab325e555c26132ff-p_c.jpg,2026-07-06 12:02,For Sale
26788933,4041 Beechwood Ln,75220,Dallas,TX,32.876465,-96.84453,889000,437.0,-10000.0,860100.0,4869.0,3.0,3.0,2034.0,1951.0,9234.72,singleFamily,30,842210.0,2025,https://www.zillow.com,https://photos.zillowstatic.com/fp/aa6806eebb07b2169c214464a2ea180c-p_c.jpg,2026-07-06 12:02,For Sale
26923615,3906 Buena Vista St Unit 18,75204,Dallas,TX,32.81189,-96.797264,589900,334.0,,585700.0,2901.0,2.0,3.0,1767.0,1983.0,0.966,condo,11,432920.0,2025,https://www.zillow.com,https://photos.zillowstatic.com/fp/b93a6fff7e21379dafad7d941a55d777-p_c.jpg,2026-07-06 12:02,For Sale
463667532,7803 Lost Mirage Dr,75232,Dallas,TX,32.653362,-96.84582,330000,193.0,,,,3.0,3.0,1710.0,2026.0,0.25,singleFamily,0,,,https://www.zillow.com,https://photos.zillowstatic.com/fp/961fc99ce0d5a05062d6ba5596433dfb-p_c.jpg,2026-07-06 12:02,For Sale
26633883,4503 Bretton Bay Ln,75287,Dallas,TX,32.993492,-96.83408,839900,244.0,,813900.0,4843.0,4.0,4.0,3446.0,1986.0,0.29,singleFamily,24,838934.0,2025,https://www.zillow.com,https://photos.zillowstatic.com/fp/3ba8744a004fba5618a53457b1a73b91-p_c.jpg,2026-07-06 12:02,For Sale
96520342,1511 Morrell Ave,75203,Dallas,TX,32.73941,-96.79961,564999,211.0,,561100.0,3538.0,4.0,4.0,2683.0,2026.0,7753.68,singleFamily,17,90000.0,2025,https://www.zillow.com,https://photos.zillowstatic.com/fp/acfa459c92de1844a45447db69d2460b-p_c.jpg,2026-07-06 12:02,For Sale
26678996,713 N Carroll Ave,75246,Dallas,TX,32.79606,-96.77314,550000,130.0,,505500.0,4232.0,3.0,5.0,4221.0,1903.0,5000.688,singleFamily,290,547470.0,2025,https://www.zillow.com,https://photos.zillowstatic.com/fp/f7957d5af64d844e0f1f43c596a04fb4-p_c.jpg,2026-07-06 12:02,For Sale
26811544,10509 Channel Dr,75229,Dallas,TX,32.890144,-96.88014,375000,209.0,,366200.0,2956.0,3.0,2.0,1797.0,1958.0,7535.88,singleFamily,18,318110.0,2025,https://www.zillow.com,https://photos.zillowstatic.com/fp/af58e2d19f241df7f1d709f94b4360fb-p_c.jpg,2026-07-06 12:02,For Sale
441552552,1151 Riverwood Rd,75217,Dallas,TX,32.69713,-96.69045,379000,217.0,,377200.0,2455.0,3.0,3.0,1750.0,2026.0,0.321,singleFamily,26,,,https://www.zillow.com,https://photos.zillowstatic.com/fp/9edb8b73a270f4baf1759055373c7a5e-p_c.jpg,2026-07-06 12:02,For Sale
162813613,6827 Sunshade Ln,75236,Dallas,TX,32.682747,-96.938324,525000,170.0,,512400.0,3759.0,4.0,3.0,3090.0,2015.0,10149.48,singleFamily,28,509140.0,2025,https://www.zillow.com,https://photos.zillowstatic.com/fp/ec02e1d7ec8b4716bc331b736abd7f0b-p_c.jpg,2026-07-06 12:02,For Sale
96524811,9501 Teagarden Rd,75217,Dallas,TX,32.67672,-96.66075,125000,,,,1365.0,,,,,1.01,land,3,105000.0,2025,https://www.zillow.com,https://photos.zillowstatic.com/fp/1cc88da0e23fbba7c1d2ba7b84558e14-p_c.jpg,2026-07-06 12:02,For Sale
26756807,5948 Azalea Ln,75230,Dallas,TX,32.898117,-96.80523,3259990,659.0,-119910.0,3108300.0,8135.0,5.0,5.0,4946.0,2012.0,0.43199999999999994,singleFamily,22,2935970.0,2025,https://www.zillow.com,https://photos.zillowstatic.com/fp/b42b5dd10ae371803da1f0ad81eece2d-p_c.jpg,2026-07-06 12:02,For Sale
442923863,1512 Villars St,75204,Dallas,TX,32.79561,-96.78582,999000,332.0,,966900.0,5917.0,4.0,3.0,3009.0,2026.0,4952.772,singleFamily,4,406530.0,2025,https://www.zillow.com,https://photos.zillowstatic.com/fp/8f5a60e02d3d36708383fa037c72597a-p_c.jpg,2026-07-06 12:02,For Sale
26746325,2114 Glengariff Dr,75228,Dallas,TX,32.838326,-96.678154,204900,115.0,-5000.0,203600.0,2041.0,3.0,1.0,1786.0,1953.0,7535.88,singleFamily,13,323060.0,2025,https://www.zillow.com,https://photos.zillowstatic.com/fp/96b95aa69f43cabcbf49210b811a5981-p_c.jpg,2026-07-06 12:02,For Sale
96515571,20 Vanguard Way,75243,Dallas,TX,32.9032,-96.763535,1350000,585.0,300000.0,1271600.0,3134.0,2.0,3.0,2308.0,2017.0,0.26599999999999996,singleFamily,51,1350000.0,2025,https://www.zillow.com,https://photos.zillowstatic.com/fp/ef310e34b6ccbee937d60c02a46e4327-p_c.jpg,2026-07-06 12:02,For Sale
26806704,3832 Cabana Ln,75229,Dallas,TX,32.885296,-96.852646,3695000,624.0,,,4701.0,5.0,6.0,5924.0,2026.0,0.366,apartment,11,858240.0,2025,https://www.zillow.com,https://photos.zillowstatic.com/fp/a18f9d243903cf14fe645fe8539a30f4-p_c.jpg,2026-07-06 12:02,For Sale
27338316,2909 Gainesborough Dr,75287,Dallas,TX,33.00586,-96.857796,435000,164.0,-15000.0,430100.0,3893.0,4.0,3.0,2656.0,1984.0,0.256,singleFamily,182,620692.0,2025,https://www.zillow.com,https://photos.zillowstatic.com/fp/d491678f8b4c9b289bce14b63b922acc-p_c.jpg,2026-07-06 12:02,For Sale
26836163,4020 Ranger Dr,75212,Dallas,TX,32.790817,-96.89891,399999,186.0,,398100.0,3320.0,4.0,3.0,2147.0,2025.0,7000.092,singleFamily,15,313830.0,2025,https://www.zillow.com,https://photos.zillowstatic.com/fp/1593d07bd3dbbaa3e3016319194b8470-p_c.jpg,2026-07-06 12:02,For Sale
26847032,9016 Bretshire Dr,75228,Dallas,TX,32.811016,-96.69464,569900,267.0,-15000.0,556400.0,2974.0,3.0,2.0,2134.0,1962.0,8537.76,singleFamily,23,484240.0,2025,https://www.zillow.com,https://photos.zillowstatic.com/fp/481a03070daab44844829417448873bb-p_c.jpg,2026-07-06 12:02,For Sale
67971069,14900 Lasater Rd Trailer 361,75253,Dallas,TX,32.68876,-96.563995,28500,23.0,,151900.0,2177.0,3.0,2.0,1216.0,2004.0,6500.0,manufactured,5,8970.0,2025,https://www.zillow.com,https://photos.zillowstatic.com/fp/9ceb770b936239ae18688420a9bd6f37-p_c.jpg,2026-07-06 12:02,For Sale
26787285,9824 Witham St,75220,Dallas,TX,32.874104,-96.86152,575000,487.0,,554100.0,2800.0,3.0,2.0,1180.0,1954.0,8015.04,singleFamily,2,472920.0,2025,https://www.zillow.com,https://photos.zillowstatic.com/fp/2eef30934f4dbd7711e3052cd5b196f0-p_c.jpg,2026-07-06 12:02,For Sale
26819521,10434 Castlerock Dr,75217,Dallas,TX,32.740562,-96.64452,280000,161.0,,271900.0,1716.0,4.0,2.0,1737.0,1967.0,7579.44,singleFamily,3,266360.0,2025,https://www.zillow.com,https://photos.zillowstatic.com/fp/07646d7399bb8a981c35c36dd99a697e-p_c.jpg,2026-07-06 12:02,For Sale
26911006,13836 Rockbend Pl,75240,Dallas,TX,32.935722,-96.788185,995000,389.0,,950800.0,5228.0,3.0,3.0,2560.0,1988.0,6577.56,singleFamily,43,812450.0,2025,https://www.zillow.com,https://photos.zillowstatic.com/fp/374c0698eb7758063a7f209388207c51-p_c.jpg,2026-07-06 12:02,For Sale
26598983,6634 Shell Flower Ln,75252,Dallas,TX,32.98875,-96.78976,1199999,257.0,,,,4.0,5.0,4677.0,2000.0,0.33999999999999997,singleFamily,12,997449.0,2025,https://www.zillow.com,https://photos.zillowstatic.com/fp/f926dcbebd3b2a7210c82fade3be2d9d-p_c.jpg,2026-07-06 12:02,For Sale
55826057,2906 Thomas Ave,75204,Dallas,TX,32.796646,-96.796715,1150000,335.0,-75000.0,1092200.0,6616.0,3.0,4.0,3428.0,2000.0,2308.68,townhome,117,954970.0,2025,https://www.zillow.com,https://photos.zillowstatic.com/fp/828885b5351119f3becbb631c58189d3-p_c.jpg,2026-07-06 12:02,For Sale
67965203,3225 Turtle Creek Blvd APT 530,75219,Dallas,TX,32.80584,-96.80469,289000,354.0,,282700.0,2081.0,1.0,1.0,816.0,1998.0,3.536,condo,24,277440.0,2025,https://www.zillow.com,https://photos.zillowstatic.com/fp/f2e78f02af3b36f4e811b06b4cd4227a-p_c.jpg,2026-07-06 12:02,For Sale
26844798,2720 Blyth Dr,75228,Dallas,TX,32.813034,-96.667625,239900,261.0,,225400.0,1764.0,3.0,1.0,920.0,1956.0,183.0579,singleFamily,1,193950.0,2025,https://www.zillow.com,https://photos.zillowstatic.com/fp/bc967e6e4522a025b1f47fe9d436bedf-p_c.jpg,2026-07-06 12:02,For Sale
26913023,16650 Cleary Cir,75248,Dallas,TX,32.98445,-96.77111,385000,268.0,-15000.0,,,2.0,2.0,1439.0,1984.0,4922.28,singleFamily,17,347350.0,2025,https://www.zillow.com,https://photos.zillowstatic.com/fp/1f3425e2051e99c8243e2ce28e6e22de-p_c.jpg,2026-07-06 12:02,For Sale
26803659,5819 Del Roy Dr,75230,Dallas,TX,32.905746,-96.80711,3950000,623.0,-45000.0,3791800.0,7669.0,6.0,8.0,6336.0,2026.0,0.35,singleFamily,30,1183300.0,2025,https://www.zillow.com,https://photos.zillowstatic.com/fp/8b220b8890c22a2bce57b07bf572833e-p_c.jpg,2026-07-06 12:02,For Sale
26745657,10526 Andover Dr,75228,Dallas,TX,32.83983,-96.66907,389999,244.0,-5000.0,387200.0,2026.0,3.0,2.0,1600.0,1952.0,9278.28,singleFamily,111,303000.0,2025,https://www.zillow.com,https://photos.zillowstatic.com/fp/0786f3c8acba0578bfb204ed418b0953-p_c.jpg,2026-07-06 12:02,For Sale
26697721,4851 Cedar Springs Rd APT 182,75219,Dallas,TX,32.81927,-96.822525,150000,178.0,-15000.0,,1473.0,2.0,1.0,841.0,1970.0,6.609,condo,57,164780.0,2025,https://www.zillow.com,https://photos.zillowstatic.com/fp/a3ae9b56cbb0e030e2bfd401a02a2a92-p_c.jpg,2026-07-06 12:02,For Sale
26806748,10236 Crestover Dr,75229,Dallas,TX,32.885918,-96.84944,3390000,407.0,-50000.0,3313500.0,4943.0,5.0,7.0,8323.0,2025.0,0.3694,singleFamily,95,2034810.0,2025,https://www.zillow.com,https://photos.zillowstatic.com/fp/14fb53cc1a06cbe09f46bfff26459170-p_c.jpg,2026-07-06 12:02,For Sale
26930010,3310 Fairmount St #12E,75201,Dallas,TX,32.801342,-96.808525,595000,322.0,,560200.0,3625.0,2.0,2.0,1847.0,1964.0,2.39,condo,1,517160.0,2025,https://www.zillow.com,https://photos.zillowstatic.com/fp/1e8cc70dc05d5071565cbfe0ae9cf6ba-p_c.jpg,2026-07-06 12:02,For Sale
26831173,8521 Sweetwater Dr,75228,Dallas,TX,32.807274,-96.700966,465000,260.0,-10000.0,460600.0,2439.0,3.0,2.0,1790.0,1961.0,8712.0,singleFamily,73,447600.0,2025,https://www.zillow.com,https://photos.zillowstatic.com/fp/df9b5c3b2ef89836108c03c62d1a1683-p_c.jpg,2026-07-06 12:02,For Sale
461289274,5103-5111 Live Oak St,75206,Dallas,TX,32.80523,-96.77022,7500000,200.0,,,2179.0,60.0,44.0,37420.0,1957.0,1.29,multiFamily,102,,,https://www.zillow.com,https://photos.zillowstatic.com/fp/95784bbcf7fae9151c55edc3854703cc-p_c.jpg,2026-07-06 12:02,For Sale
26752102,7215 Centenary Ave,75225,Dallas,TX,32.862583,-96.78225,3495000,616.0,-305000.0,,,5.0,5.0,5670.0,1998.0,8842.68,singleFamily,48,2528820.0,2025,https://www.zillow.com,https://photos.zillowstatic.com/fp/66204eaeca0fd4336479e5bf0c803348-p_c.jpg,2026-07-06 12:02,For Sale
26806709,10142 Coppedge Ln,75229,Dallas,TX,32.884655,-96.85054,2799000,495.0,,,,5.0,6.0,5650.0,2025.0,0.347,singleFamily,2,2608730.0,2025,https://www.zillow.com,https://photos.zillowstatic.com/fp/bcd5f0daee8586ece0ad5c34a5d65d84-p_c.jpg,2026-07-06 12:02,For Sale
26755451,6739 Walnut Hill Ln,75230,Dallas,TX,32.88025,-96.788605,2265000,474.0,-25000.0,,,5.0,6.0,4778.0,2026.0,0.263,singleFamily,80,458760.0,2025,https://www.zillow.com,https://photos.zillowstatic.com/fp/85f13eba7e81f8fa944b17831a809c0b-p_c.jpg,2026-07-06 12:02,For Sale
26709208,708 W 10th St,75208,Dallas,TX,32.74485,-96.83446,575000,257.0,375000.0,,1882.0,2.0,4.0,2235.0,2025.0,6359.76,condo,27,190080.0,2019,https://www.zillow.com,https://photos.zillowstatic.com/fp/d92ad882abdc2ee5ad864f9f65f24970-p_c.jpg,2026-07-06 12:02,For Sale
26739617,8619 Angora St,75218,Dallas,TX,32.823116,-96.71362,550000,473.0,,533700.0,2010.0,2.0,1.0,1162.0,1940.0,7710.12,singleFamily,31,491740.0,2025,https://www.zillow.com,https://photos.zillowstatic.com/fp/e8fd19d3b8d04e037685608c7d372523-p_c.jpg,2026-07-06 12:02,For Sale
26911661,13251 Pandora Dr,75238,Dallas,TX,32.87431,-96.690414,315000,198.0,-14999.0,,,3.0,3.0,1589.0,1984.0,1132.56,singleFamily,60,454600.0,2025,https://www.zillow.com,https://photos.zillowstatic.com/fp/860080ae8f9015147105f162ca10eef6-p_c.jpg,2026-07-06 12:02,For Sale
69675397,4241 Rawlins St APT 14,75219,Dallas,TX,32.815334,-96.812546,650000,294.0,,,,2.0,3.0,2209.0,2005.0,1.302,condo,10,628000.0,2025,https://www.zillow.com,https://photos.zillowstatic.com/fp/996cb9dd81ad0c52ac60bef574023eba-p_c.jpg,2026-07-06 12:02,For Sale
2070166570,7937 Deer Trail Dr,75238,Dallas,TX,32.868435,-96.728035,679000,391.0,-20000.0,,2772.0,3.0,2.0,1735.0,1955.0,8276.4,singleFamily,118,,,https://www.zillow.com,https://photos.zillowstatic.com/fp/5ce1d4bb1d2c5d47c2cfefbccaacdeb3-p_c.jpg,2026-07-06 12:02,For Sale
26926316,2220 Canton St APT 401,75201,Dallas,TX,32.780212,-96.7885,1200000,440.0,585000.0,,,2.0,3.0,2729.0,1925.0,0.9590000000000001,condo,58,740080.0,2025,https://www.zillow.com,https://photos.zillowstatic.com/fp/df003a86993349b38489be109af98487-p_c.jpg,2026-07-06 12:02,For Sale
69667924,1732 Murdock Rd,75217,Dallas,TX,32.690865,-96.68256,235000,144.0,-20000.0,233800.0,2179.0,5.0,2.0,1632.0,2005.0,8276.4,singleFamily,139,241530.0,2025,https://www.zillow.com,https://photos.zillowstatic.com/fp/e9a7d0a7453849acd359a0da016e591d-p_c.jpg,2026-07-06 12:02,For Sale
80234784,1200 Main St APT 2408,75202,Dallas,TX,32.77981,-96.80127,250000,284.0,,243400.0,2171.0,2.0,1.0,880.0,1974.0,1.033,condo,6,271980.0,2025,https://www.zillow.com,https://photos.zillowstatic.com/fp/3ae0b7d5fe405d1afaa9d243dc6316b5-p_c.jpg,2026-07-06 12:02,For Sale
26856703,2532 Plaza Blvd,75241,Dallas,TX,32.653976,-96.780396,370000,258.0,,361600.0,2061.0,3.0,2.0,1434.0,2000.0,0.848,singleFamily,2,285680.0,2025,https://www.zillow.com,https://photos.zillowstatic.com/fp/e070c5a4ec00a791468f379346ad310e-p_c.jpg,2026-07-06 12:02,For Sale
26851871,13460 Mill Grove Ln,75240,Dallas,TX,32.932392,-96.7762,529950,218.0,-70000.0,515300.0,4332.0,5.0,3.0,2429.0,1965.0,10149.48,singleFamily,96,455640.0,2025,https://www.zillow.com,https://photos.zillowstatic.com/fp/feef71f6dcadcc384b5d0cd94d3671f9-p_c.jpg,2026-07-06 12:02,For Sale
26885145,5731 Mona Ln,75236,Dallas,TX,32.67677,-96.92184,549000,141.0,-25000.0,536400.0,4809.0,4.0,5.0,3905.0,1969.0,0.5760000000000001,singleFamily,134,426690.0,2025,https://www.zillow.com,https://photos.zillowstatic.com/fp/7024d29973f969a7e7046faa8b7beefb-p_c.jpg,2026-07-06 12:02,For Sale
26835007,3741 Toronto St,75212,Dallas,TX,32.78009,-96.88247,445000,163.0,-5000.0,438600.0,3646.0,4.0,3.0,2724.0,2021.0,5575.68,singleFamily,54,521940.0,2025,https://www.zillow.com,https://photos.zillowstatic.com/fp/fdcad6d744c21871974cde189b56691f-p_c.jpg,2026-07-06 12:02,For Sale
26882147,9142 Emberglow Ln,75243,Dallas,TX,32.91655,-96.73829,219000,195.0,-6000.0,212600.0,1621.0,2.0,2.0,1123.0,1972.0,2787.84,townhome,67,220110.0,2025,https://www.zillow.com,https://photos.zillowstatic.com/fp/39e6cd763079da64250cf4649fb81d11-p_c.jpg,2026-07-06 12:02,For Sale
162813533,645 Kessler Reserve Ct,75208,Dallas,TX,32.756145,-96.833405,1795000,426.0,-80000.0,1750000.0,5035.0,4.0,4.0,4213.0,2015.0,0.34900000000000003,singleFamily,100,1702900.0,2025,https://www.zillow.com,https://photos.zillowstatic.com/fp/21f22f8b9c5cfd50ed8d159a132e2771-p_c.jpg,2026-07-06 12:02,For Sale
26868338,8261 Club Meadows Dr,75243,Dallas,TX,32.89444,-96.74896,675000,272.0,,,,4.0,3.0,2482.0,1978.0,6708.24,singleFamily,38,638020.0,2025,https://www.zillow.com,https://photos.zillowstatic.com/fp/99c862e4767825d8b305d3923b45aabd-p_c.jpg,2026-07-06 12:02,For Sale
26847947,2243 Larry Dr,75228,Dallas,TX,32.82425,-96.678,289000,218.0,-10000.0,285300.0,2286.0,3.0,2.0,1328.0,1956.0,8712.0,singleFamily,59,347500.0,2025,https://www.zillow.com,https://photos.zillowstatic.com/fp/f2bde3253f146ce1a790469e0333d844-p_c.jpg,2026-07-06 12:02,For Sale
26703103,6228 Winton St,75214,Dallas,TX,32.83526,-96.757034,404900,331.0,-6600.0,393600.0,1669.0,2.0,2.0,1223.0,1984.0,2835.0,singleFamily,97,315000.0,2025,https://www.zillow.com,https://photos.zillowstatic.com/fp/c00636e008b37a376bb16585c50b94be-p_c.jpg,2026-07-06 12:02,For Sale
26812625,2909 Silverton Dr,75229,Dallas,TX,32.89979,-96.8809,385000,259.0,,369600.0,3020.0,3.0,2.0,1488.0,1959.0,8102.16,singleFamily,12,365700.0,2025,https://www.zillow.com,https://photos.zillowstatic.com/fp/64dd373b34560fceffd9d53ffb21a417-p_c.jpg,2026-07-06 12:02,For Sale
55827161,2305 Worthington St APT 216,75204,Dallas,TX,32.79578,-96.79886,474900,278.0,-20000.0,464000.0,4084.0,3.0,2.0,1706.0,1999.0,1.6654,condo,59,563830.0,2025,https://www.zillow.com,https://photos.zillowstatic.com/fp/b86e204adf5e24aa7168235e07f1567e-p_c.jpg,2026-07-06 12:02,For Sale
26754258,6811 Del Norte Ln,75225,Dallas,TX,32.868965,-96.78791,1499000,396.0,-51000.0,,,4.0,5.0,3789.0,2015.0,4791.6,singleFamily,72,1492580.0,2025,https://www.zillow.com,https://photos.zillowstatic.com/fp/6e37266e91736f1bf2b09a9374ab36ae-p_c.jpg,2026-07-06 12:02,For Sale
26888828,6234 La Cosa Dr,75248,Dallas,TX,32.959396,-96.79814,674900,272.0,-25000.0,658300.0,3947.0,3.0,3.0,2480.0,1979.0,8058.6,singleFamily,31,596060.0,2025,https://www.zillow.com,https://photos.zillowstatic.com/fp/eeb8756a5cc4846cf5204ba4772ca22b-p_c.jpg,2026-07-06 12:02,For Sale
26702985,6367 McCommas Blvd,75214,Dallas,TX,32.82958,-96.753136,1913450,447.0,,,7615.0,5.0,6.0,4283.0,2026.0,6403.32,singleFamily,3,374990.0,2025,https://www.zillow.com,https://photos.zillowstatic.com/fp/07dbc659324244bcb8a8ebd8099087fc-p_c.jpg,2026-07-06 12:02,For Sale
26731482,7518 Caillet St,75209,Dallas,TX,32.847927,-96.82453,950000,472.0,-50000.0,1043800.0,4136.0,4.0,3.0,2014.0,1948.0,7492.32,singleFamily,38,650250.0,2025,https://www.zillow.com,https://photos.zillowstatic.com/fp/9ad4d79b96a31ca4a4c403d3bacd5e96-p_c.jpg,2026-07-06 12:02,For Sale
26887276,6306 Oakleaf Rd,75248,Dallas,TX,32.96487,-96.79694,839000,285.0,,814000.0,5589.0,4.0,3.0,2946.0,1979.0,10672.2,singleFamily,30,775800.0,2025,https://www.zillow.com,https://photos.zillowstatic.com/fp/efc659f214037cf0978233ff4c50037a-p_c.jpg,2026-07-06 12:02,For Sale
53389146,5602 Reiger Ave,75214,Dallas,TX,32.80205,-96.757095,675000,302.0,,663500.0,3867.0,4.0,3.0,2238.0,1927.0,5227.2,singleFamily,24,485000.0,2025,https://www.zillow.com,https://photos.zillowstatic.com/fp/e3fd6be797089f0258d76b10fd54bcbf-p_c.jpg,2026-07-06 12:02,For Sale
26729424,2240 Lawndale Dr,75211,Dallas,TX,32.762295,-96.860374,549900,298.0,,538100.0,3866.0,3.0,3.0,1844.0,1941.0,7666.56,singleFamily,37,561860.0,2025,https://www.zillow.com,https://photos.zillowstatic.com/fp/3727db49f583844c246d13aef63ff69d-p_c.jpg,2026-07-06 12:02,For Sale
61871222,2502 Live Oak St APT 235,75204,Dallas,TX,32.786884,-96.790695,410000,293.0,,398200.0,2539.0,2.0,2.0,1398.0,1998.0,1.495,condo,2,391440.0,2025,https://www.zillow.com,https://photos.zillowstatic.com/fp/8494751a6499043b9722e8947a9d90fa-p_c.jpg,2026-07-06 12:02,For Sale
26890003,6520 Clearhaven Cir,75248,Dallas,TX,32.96616,-96.79225,749000,254.0,-11000.0,727500.0,4595.0,4.0,3.0,2953.0,1979.0,7666.56,singleFamily,60,737550.0,2025,https://www.zillow.com,https://photos.zillowstatic.com/fp/03dfb155d690902c5d53ea4f100354b2-p_c.jpg,2026-07-06 12:02,For Sale
26593015,18116 Aramis Ln,75252,Dallas,TX,32.996536,-96.77676,739000,223.0,-9000.0,,,4.0,3.0,3318.0,1980.0,9147.6,singleFamily,57,762000.0,2025,https://www.zillow.com,https://photos.zillowstatic.com/fp/66c5118680a9313d544c90891047dca9-p_c.jpg,2026-07-06 12:02,For Sale
26843486,10215 Lynford Dr,75238,Dallas,TX,32.867645,-96.709984,1599900,373.0,-35100.0,,,4.0,5.0,4291.0,2025.0,7710.12,singleFamily,58,350000.0,2025,https://www.zillow.com,https://photos.zillowstatic.com/fp/709c5f9fc790008c3e1cba18ec5f872f-p_c.jpg,2026-07-06 12:02,For Sale
457644753,8319 Deep Green Dr,75249,Dallas,TX,32.64711,-96.96511,480000,183.0,-10000.0,475500.0,3692.0,4.0,4.0,2623.0,2025.0,6298.776,singleFamily,171,,,https://www.zillow.com,https://photos.zillowstatic.com/fp/73f955662f8c4d354613078397bc43b2-p_c.jpg,2026-07-06 12:02,For Sale
26776074,1131 Waweenoc Ave,75216,Dallas,TX,32.690636,-96.80654,200000,178.0,,199800.0,1912.0,3.0,3.0,1126.0,1957.0,7492.32,singleFamily,8,223170.0,2025,https://www.zillow.com,https://photos.zillowstatic.com/fp/0f9c520bd622b2b4fc180c11497eb166-p_c.jpg,2026-07-06 12:02,For Sale
55145251,3219 Renaissance Dr,75287,Dallas,TX,32.995758,-96.86498,390000,229.0,,382600.0,2469.0,3.0,3.0,1704.0,1992.0,4051.08,singleFamily,26,362000.0,2025,https://www.zillow.com,https://photos.zillowstatic.com/fp/f29855b099c460b60c2094cdb5670da5-p_c.jpg,2026-07-06 12:02,For Sale
26899070,3919 Cole Ave APT 101,75204,Dallas,TX,32.811615,-96.79551,425000,355.0,-25000.0,414000.0,2901.0,2.0,2.0,1196.0,1981.0,0.255,singleFamily,95,340860.0,2025,https://www.zillow.com,https://photos.zillowstatic.com/fp/cbf1f247d56f573ad65abe8d6006c6b4-p_c.jpg,2026-07-06 12:02,For Sale
26913826,9447 Crimnson Ct,75217,Dallas,TX,32.669235,-96.662,200000,205.0,-5000.0,191400.0,1743.0,2.0,2.0,977.0,1998.0,5749.92,singleFamily,19,209430.0,2025,https://www.zillow.com,https://photos.zillowstatic.com/fp/c6405bb4ab9af815076ea778910b7a6f-p_c.jpg,2026-07-06 12:02,For Sale
26588578,4323 Quail Hollow Rd,75287,Dallas,TX,33.000412,-96.83471,799999,236.0,-25001.0,780400.0,5022.0,4.0,4.0,3388.0,1981.0,8712.0,singleFamily,52,790552.0,2025,https://www.zillow.com,https://photos.zillowstatic.com/fp/f3fb93a15bde3786abc8dc62212bf2a3-p_c.jpg,2026-07-06 12:02,For Sale
26869003,9517 Fallbrook Dr,75243,Dallas,TX,32.902004,-96.73191,675000,264.0,,,,3.0,3.0,2556.0,1973.0,8276.4,singleFamily,31,608420.0,2025,https://www.zillow.com,https://photos.zillowstatic.com/fp/d0fcb1ce9deaff6780213af55ae1a252-p_c.jpg,2026-07-06 12:02,For Sale
26709441,820 W 8th St,75208,Dallas,TX,32.747868,-96.836754,465000,283.0,-34000.0,453700.0,2694.0,3.0,3.0,1646.0,1930.0,5662.8,singleFamily,38,487930.0,2025,https://www.zillow.com,https://photos.zillowstatic.com/fp/5435ac50bf49ca02f163807791df15e1-p_c.jpg,2026-07-06 12:02,For Sale
26803730,5815 Boca Raton Dr,75230,Dallas,TX,32.904774,-96.80739,2080000,526.0,-40000.0,1978500.0,5939.0,4.0,4.0,3958.0,2004.0,0.354,singleFamily,30,1881010.0,2025,https://www.zillow.com,https://photos.zillowstatic.com/fp/28cc3664a64745dbad1de2b0b85cb012-p_c.jpg,2026-07-06 12:02,For Sale
96533525,4236 Aztec Dr,75216,Dallas,TX,32.702133,-96.782166,312800,194.0,,312000.0,2474.0,4.0,2.0,1612.0,2026.0,7579.44,singleFamily,10,80000.0,2025,https://www.zillow.com,https://photos.zillowstatic.com/fp/ba4d991f0d30c6521c8a4d9b8d90ab2e-p_c.jpg,2026-07-06 12:02,For Sale
55827293,2011 Cedar Springs Rd APT 305,75201,Dallas,TX,32.791115,-96.80551,999000,433.0,-51000.0,961200.0,6414.0,2.0,2.0,2306.0,1999.0,0.981,condo,73,1026170.0,2025,https://www.zillow.com,https://photos.zillowstatic.com/fp/94aa49d6530ee0efddce46147739fbfb-p_c.jpg,2026-07-06 12:02,For Sale
80223505,1200 Main St APT 1806,75202,Dallas,TX,32.77981,-96.80127,374900,272.0,-15000.0,,,2.0,2.0,1379.0,1974.0,1.033,condo,62,461970.0,2025,https://www.zillow.com,https://photos.zillowstatic.com/fp/2404e8ae4194839d537862b494c237a9-p_c.jpg,2026-07-06 12:02,For Sale
26773770,724 W Five Mile Pkwy,75224,Dallas,TX,32.693787,-96.83543,350000,159.0,,,,3.0,3.0,2207.0,1957.0,0.367,singleFamily,16,310310.0,2025,https://www.zillow.com,https://photos.zillowstatic.com/fp/fa4358fdd3f6c9c804de85c84b4aa60e-p_c.jpg,2026-07-06 12:02,For Sale
26905980,2 Manzano Cir,75230,Dallas,TX,32.90909,-96.79921,3500000,515.0,,,,4.0,6.0,6796.0,1994.0,0.626,singleFamily,17,2548960.0,2025,https://www.zillow.com,https://photos.zillowstatic.com/fp/74ab7a4627215094333a9d70b1858e54-p_c.jpg,2026-07-06 12:02,For Sale
2091061209,2542 Gladstone Dr,75211,Dallas,TX,32.739933,-96.86088,399000,228.0,,211800.0,1667.0,2.0,2.0,1749.0,1920.0,7492.32,multiFamily,1,,,https://www.zillow.com,https://photos.zillowstatic.com/fp/89ef16d46e88afff54ead4e02dbf4ea4-p_c.jpg,2026-07-06 12:02,For Sale
26754897,6446 Prestonshire Ln,75225,Dallas,TX,32.875435,-96.79348,4295000,561.0,,4018600.0,23660.0,5.0,7.0,7658.0,2014.0,0.413,singleFamily,83,4100000.0,2025,https://www.zillow.com,https://photos.zillowstatic.com/fp/d8f87dcdda8c7ded6aa463f6e33bd752-p_c.jpg,2026-07-06 12:02,For Sale
95053654,3243 Buckskin Dr,75241,Dallas,TX,32.65444,-96.76488,247900,173.0,,,2039.0,3.0,2.0,1429.0,2011.0,4486.68,singleFamily,41,268000.0,2025,https://www.zillow.com,https://photos.zillowstatic.com/fp/e9bba7ffd8e119657cb76c3d0157377d-p_c.jpg,2026-07-06 12:02,For Sale
26805887,4044 Boca Bay Dr,75244,Dallas,TX,32.915993,-96.844955,849000,351.0,,813800.0,4099.0,4.0,3.0,2416.0,1962.0,0.268,singleFamily,9,766000.0,2025,https://www.zillow.com,https://photos.zillowstatic.com/fp/a6b60a5ff798c149e2214c36f46be138-p_c.jpg,2026-07-06 12:02,For Sale
26785219,5610 Enchanted Ln,75227,Dallas,TX,32.790222,-96.70444,449000,252.0,-25900.0,,,3.0,3.0,1781.0,1963.0,7535.88,singleFamily,60,329770.0,2025,https://www.zillow.com,https://photos.zillowstatic.com/fp/e86edbf97d4628e7de97f395c2a84f68-p_c.jpg,2026-07-06 12:02,For Sale
26712869,1414 Kings Hwy,75208,Dallas,TX,32.752922,-96.844246,699000,374.0,,671300.0,3975.0,3.0,2.0,1868.0,1921.0,7274.52,singleFamily,11,650000.0,2025,https://www.zillow.com,https://photos.zillowstatic.com/fp/a0af46e3008ffa1b0f0abba843167c5c-p_c.jpg,2026-07-06 12:02,For Sale
26924342,3111 Welborn St APT 1703,75219,Dallas,TX,32.80917,-96.80778,3495000,468.0,,3343700.0,7104.0,3.0,4.0,7465.0,1985.0,2.994,condo,16,1045100.0,2025,https://www.zillow.com,https://photos.zillowstatic.com/fp/8b1f7ea7ea4f7857cdb2523341e714e6-p_c.jpg,2026-07-06 12:02,For Sale
26739522,6738 Eastridge Dr APT 101,75231,Dallas,TX,32.86749,-96.75028,264900,151.0,-10000.0,,,2.0,2.0,1755.0,1979.0,0.673,condo,9,190000.0,2025,https://www.zillow.com,https://photos.zillowstatic.com/fp/c53dc9cf9544defcd26e94c5ef6d0642-p_c.jpg,2026-07-06 12:02,For Sale
26767111,2319 Kathleen Ave,75216,Dallas,TX,32.705616,-96.790436,120000,133.0,-5000.0,,1538.0,3.0,1.0,904.0,1948.0,5924.16,singleFamily,72,167190.0,2025,https://www.zillow.com,https://photos.zillowstatic.com/fp/1ed857364c42c34f4a417389badd9ba8-p_c.jpg,2026-07-06 12:02,For Sale
26688660,3906 Metropolitan Ave,75210,Dallas,TX,32.772846,-96.75175,80000,91.0,-19000.0,,1400.0,2.0,1.0,880.0,1925.0,6272.64,singleFamily,23,111430.0,2025,https://www.zillow.com,https://photos.zillowstatic.com/fp/00ce7563cb0ea29e3a977135c8517b4f-p_c.jpg,2026-07-06 12:02,For Sale
69677158,1122 Jackson St APT 820,75202,Dallas,TX,32.778316,-96.80129,249000,243.0,-1000.0,237700.0,1934.0,1.0,1.0,1024.0,1925.0,0.984,condo,45,240640.0,2025,https://www.zillow.com,https://photos.zillowstatic.com/fp/efd5ecfabdc4d084900f286dd6be7cc2-p_c.jpg,2026-07-06 12:02,For Sale
53389999,12010 Lueders Ln,75230,Dallas,TX,32.913162,-96.778625,1450000,405.0,,1381500.0,6350.0,4.0,4.0,3579.0,2000.0,3615.48,singleFamily,45,1564960.0,2025,https://www.zillow.com,https://photos.zillowstatic.com/fp/38b02ade7801823a9b014dd71436ed44-p_c.jpg,2026-07-06 12:02,For Sale
26745379,2816 Encino Dr,75228,Dallas,TX,32.847054,-96.667,209900,171.0,-5100.0,,,3.0,1.0,1224.0,1953.0,8058.6,singleFamily,65,184820.0,2025,https://www.zillow.com,https://photos.zillowstatic.com/fp/fa5dc37c4a9f43da0f8c9783a6844473-p_c.jpg,2026-07-06 12:02,For Sale
26708394,312 Leads St,75203,Dallas,TX,32.746197,-96.80804,325000,172.0,,320900.0,3122.0,4.0,3.0,1886.0,1925.0,8755.56,singleFamily,53,254400.0,2025,https://www.zillow.com,https://photos.zillowstatic.com/fp/60e89df6ecb62ea344f0e91b022df97d-p_c.jpg,2026-07-06 12:02,For Sale
26801053,8736 Comer Dr,75217,Dallas,TX,32.736507,-96.66839,198000,255.0,-7000.0,193800.0,1436.0,2.0,1.0,776.0,1949.0,7274.52,singleFamily,65,175730.0,2025,https://www.zillow.com,https://photos.zillowstatic.com/fp/ca612ac03eb84944ec637d5a3f9bd7ec-p_c.jpg,2026-07-06 12:02,For Sale
26831952,10450 Solta Dr,75218,Dallas,TX,32.860786,-96.70644,1249000,363.0,-26000.0,1212500.0,6392.0,4.0,5.0,3439.0,2018.0,7884.36,singleFamily,17,1019330.0,2025,https://www.zillow.com,https://photos.zillowstatic.com/fp/18df4349af328fd6920f3d9d5812980f-p_c.jpg,2026-07-06 12:02,For Sale
26804386,4931 Northaven Rd,75229,Dallas,TX,32.90263,-96.82271,1750000,,-100000.0,,,,,,,1.161,land,146,1602180.0,2025,https://www.zillow.com,https://photos.zillowstatic.com/fp/c0fd38dc1644f2d9bda4c5da685533cc-p_c.jpg,2026-07-06 12:02,For Sale
26826194,1440 Acapulco Dr,75232,Dallas,TX,32.67047,-96.843765,479000,151.0,,467800.0,3459.0,4.0,3.0,3176.0,1958.0,0.377,singleFamily,17,400000.0,2025,https://www.zillow.com,https://photos.zillowstatic.com/fp/df5502fd6348c0afe5008a5a6992ee5d-p_c.jpg,2026-07-06 12:02,For Sale
26849320,12114 Prestonridge Rd,75230,Dallas,TX,32.913967,-96.79172,3480000,559.0,,,,5.0,7.0,6226.0,2017.0,0.37,singleFamily,33,3125000.0,2025,https://www.zillow.com,https://photos.zillowstatic.com/fp/b46755e0a2746a2190879fd247f78402-p_c.jpg,2026-07-06 12:02,For Sale
26802818,11528 Sinclair Ave,75218,Dallas,TX,32.853012,-96.680405,219000,194.0,-4000.0,212900.0,2246.0,3.0,2.0,1126.0,1950.0,8407.08,singleFamily,59,271770.0,2025,https://www.zillow.com,https://photos.zillowstatic.com/fp/5794fcf793ae7ec94209781824829548-p_c.jpg,2026-07-06 12:02,For Sale
26754400,6828 Chevy Chase Ave,75225,Dallas,TX,32.871284,-96.78751,2395000,522.0,-100000.0,,,4.0,5.0,4587.0,2007.0,9626.76,singleFamily,66,2243180.0,2025,https://www.zillow.com,https://photos.zillowstatic.com/fp/21605d514d3f34cf208feecc0f2a828d-p_c.jpg,2026-07-06 12:02,For Sale
26805451,4139 Allencrest Ln,75244,Dallas,TX,32.9113,-96.84122,2250000,425.0,,2106100.0,7985.0,5.0,5.0,5289.0,1968.0,0.366,singleFamily,52,1782790.0,2025,https://www.zillow.com,https://photos.zillowstatic.com/fp/f11f61ca8cf912d171fd0d4b75f17cbf-p_c.jpg,2026-07-06 12:02,For Sale
26586229,4220 Brooktree Ln,75287,Dallas,TX,32.988663,-96.836426,599000,207.0,,584000.0,3696.0,4.0,3.0,2893.0,1979.0,0.25,singleFamily,9,663886.0,2025,https://www.zillow.com,https://photos.zillowstatic.com/fp/af0b44f6a160a43ac13d77e1dcdcf3c9-p_c.jpg,2026-07-06 12:02,For Sale
26876743,16140 Chalfont Cir,75248,Dallas,TX,32.967934,-96.80664,799000,268.0,,768700.0,3732.0,3.0,3.0,2985.0,1977.0,6708.24,singleFamily,36,668020.0,2025,https://www.zillow.com,https://photos.zillowstatic.com/fp/2760a1bb418f8e30c38a255b0580726c-p_c.jpg,2026-07-06 12:02,For Sale
248830365,4828 Caxton Ct,75204,Dallas,TX,32.80886,-96.78034,775000,398.0,-25000.0,755700.0,3783.0,3.0,4.0,1948.0,2018.0,1524.6,townhome,66,739950.0,2025,https://www.zillow.com,https://photos.zillowstatic.com/fp/fae625c7a36d526ea076bc74135c4932-p_c.jpg,2026-07-06 12:02,For Sale
26907693,9415 Olde Towne Row,75227,Dallas,TX,32.75171,-96.65973,84990,75.0,-5010.0,,1288.0,2.0,2.0,1140.0,1983.0,1520.244,townhome,97,116640.0,2025,https://www.zillow.com,https://photos.zillowstatic.com/fp/198d61f93daae4abb40ee0ec4d988241-p_c.jpg,2026-07-06 12:02,For Sale
89376577,14115 Kelann Ct,75253,Dallas,TX,32.67478,-96.59201,360000,114.0,-8000.0,358100.0,2853.0,5.0,4.0,3160.0,2007.0,0.263,singleFamily,101,350410.0,2025,https://www.zillow.com,https://photos.zillowstatic.com/fp/14d377fa2bca25f7549cbecf46d22e7f-p_c.jpg,2026-07-06 12:02,For Sale
26686949,3806 Crozier St,75215,Dallas,TX,32.758877,-96.764595,75000,131.0,,,1176.0,1.0,1.0,574.0,1926.0,3441.24,singleFamily,24,74140.0,2025,https://www.zillow.com,https://photos.zillowstatic.com/fp/5b7d6f3ad09046f4047a15dc128e108a-p_c.jpg,2026-07-06 12:02,For Sale
26821124,5170 Cardiff St,75241,Dallas,TX,32.688538,-96.77146,215000,154.0,,,1955.0,3.0,2.0,1395.0,1957.0,10454.4,singleFamily,2,175000.0,2025,https://www.zillow.com,https://photos.zillowstatic.com/fp/64af519e5865896fa4e4e879089c4073-p_c.jpg,2026-07-06 12:02,For Sale
26731951,3709 Mount Royal St,75211,Dallas,TX,32.74563,-96.87993,370000,260.0,-9000.0,361500.0,1565.0,4.0,2.0,1424.0,1942.0,7100.28,multiFamily,102,349080.0,2025,https://www.zillow.com,https://photos.zillowstatic.com/fp/a1396bfaa8c357152231c148f404ca0b-p_c.jpg,2026-07-06 12:02,For Sale
26775503,4343 Vanette Ln,75216,Dallas,TX,32.691605,-96.81521,279000,172.0,,276600.0,2314.0,4.0,3.0,1625.0,1959.0,8698.932,singleFamily,25,229840.0,2025,https://www.zillow.com,https://photos.zillowstatic.com/fp/d714754016c433bf712d358e0dd58d0f-p_c.jpg,2026-07-06 12:02,For Sale
455152761,2414 Merlin St,75215,Dallas,TX,32.775078,-96.77428,299900,164.0,14900.0,299800.0,2749.0,3.0,3.0,1832.0,2025.0,,singleFamily,352,,,https://www.zillow.com,https://photos.zillowstatic.com/fp/91b90021b7264137b0710455580e2b4f-p_c.jpg,2026-07-06 12:02,For Sale
26875769,6505 Beckwith Ct,75248,Dallas,TX,32.97916,-96.795364,1100000,332.0,,1056800.0,5174.0,4.0,3.0,3312.0,1975.0,9757.44,singleFamily,65,938770.0,2025,https://www.zillow.com,https://photos.zillowstatic.com/fp/57bb540d4e097fd2d937b549e660f69b-p_c.jpg,2026-07-06 12:02,For Sale
26804562,4863 Allencrest Ln,75244,Dallas,TX,32.910995,-96.82392,1450000,433.0,,1380100.0,6461.0,3.0,2.0,3349.0,1957.0,0.37,singleFamily,6,1047950.0,2025,https://www.zillow.com,https://photos.zillowstatic.com/fp/25073f0950f69bfe1772c1af07cb261d-p_c.jpg,2026-07-06 12:02,For Sale
26808146,10548 Marquis Ln,75229,Dallas,TX,32.89157,-96.86459,1185000,459.0,-44000.0,,,4.0,4.0,2579.0,1958.0,10367.28,singleFamily,128,880890.0,2025,https://www.zillow.com,https://photos.zillowstatic.com/fp/537e96291d7c0afd0664a8b518552814-p_c.jpg,2026-07-06 12:02,For Sale
26803675,5812 Preston Haven Dr,75230,Dallas,TX,32.90626,-96.80687,4145000,625.0,-50000.0,4004100.0,6849.0,6.0,8.0,6630.0,2026.0,0.392,singleFamily,65,1319770.0,2025,https://www.zillow.com,https://photos.zillowstatic.com/fp/e1844053c2558a096480c37c29f5c992-p_c.jpg,2026-07-06 12:02,For Sale
26832157,10906 Listi Dr,75238,Dallas,TX,32.87174,-96.695984,440000,284.0,,433400.0,2496.0,3.0,2.0,1548.0,1981.0,6490.44,singleFamily,3,411940.0,2025,https://www.zillow.com,https://photos.zillowstatic.com/fp/fc1a1200523882d2d113eeccf1f3cc3d-p_c.jpg,2026-07-06 12:02,For Sale
26809235,3544 Whitehall Dr,75229,Dallas,TX,32.90111,-96.85877,799000,302.0,-80000.0,763300.0,4725.0,3.0,4.0,2642.0,1958.0,0.311,singleFamily,73,921290.0,2025,https://www.zillow.com,https://photos.zillowstatic.com/fp/0bbb38f2d7b86d7c90a5c6fc28e73aef-p_c.jpg,2026-07-06 12:02,For Sale
96509247,1942 McBroom St,75212,Dallas,TX,32.782383,-96.85211,519000,252.0,,505800.0,3437.0,4.0,3.0,2058.0,2020.0,5662.8,singleFamily,44,519400.0,2025,https://www.zillow.com,https://photos.zillowstatic.com/fp/81543ca93c19496949187d7589bb8092-p_c.jpg,2026-07-06 12:02,For Sale
26844280,12156 Dandridge Dr,75243,Dallas,TX,32.913555,-96.758766,343785,205.0,-6115.0,334400.0,2803.0,3.0,3.0,1677.0,1956.0,7535.88,singleFamily,123,291170.0,2025,https://www.zillow.com,https://photos.zillowstatic.com/fp/cc88438e4ff571157555e9f24953d862-p_c.jpg,2026-07-06 12:02,For Sale
26661217,18283 Meandering Way,75252,Dallas,TX,33.00046,-96.78263,619999,242.0,,598500.0,3518.0,3.0,3.0,2564.0,1996.0,4356.0,singleFamily,21,539718.0,2025,https://www.zillow.com,https://photos.zillowstatic.com/fp/4809344f9242925588bdb2ce19b91fd6-p_c.jpg,2026-07-06 12:02,For Sale
84000380,4040 N Hall St APT 304,75219,Dallas,TX,32.812984,-96.81055,355000,296.0,,344700.0,2374.0,2.0,2.0,1201.0,2006.0,0.862,condo,45,360300.0,2025,https://www.zillow.com,https://photos.zillowstatic.com/fp/51dec2d82557a525cd032356f3c83ce7-p_c.jpg,2026-07-06 12:02,For Sale
26865333,10525 Yorkford Dr,75238,Dallas,TX,32.884777,-96.70225,430000,223.0,-10000.0,430700.0,3747.0,3.0,2.0,1928.0,1961.0,9452.52,singleFamily,101,541030.0,2025,https://www.zillow.com,https://photos.zillowstatic.com/fp/1ca9533bfb4c078e530279a1a2128ef0-p_c.jpg,2026-07-06 12:02,For Sale
26703262,6108 Kenwood Ave,75214,Dallas,TX,32.833206,-96.76108,1649000,367.0,,1607800.0,7311.0,5.0,4.0,4496.0,2026.0,6804.072,singleFamily,17,735300.0,2025,https://www.zillow.com,https://photos.zillowstatic.com/fp/026d6c84f13b743c5385943cb3cec157-p_c.jpg,2026-07-06 12:02,For Sale
124267812,6421 Blanch Cir,75214,Dallas,TX,32.824013,-96.7506,3250000,900.0,,3057400.0,7610.0,4.0,5.0,3611.0,2014.0,0.49899999999999994,singleFamily,40,2623470.0,2025,https://www.zillow.com,https://photos.zillowstatic.com/fp/5d69cea182013e5e7320b83790f6392c-p_c.jpg,2026-07-06 12:02,For Sale
26680847,4808 Gurley Ave,75223,Dallas,TX,32.790554,-96.74405,150000,123.0,-10000.0,,2363.0,4.0,2.0,1224.0,1946.0,7248.384,singleFamily,26,174470.0,2025,https://www.zillow.com,https://photos.zillowstatic.com/fp/587a9e3fe30b867e682bda21c6c76e49-p_c.jpg,2026-07-06 12:02,For Sale
26922656,5407 Bryan St APT B104,75206,Dallas,TX,32.807228,-96.766235,250000,237.0,-34499.0,240400.0,2265.0,2.0,2.0,1054.0,1985.0,0.8926000000000001,condo,171,328510.0,2025,https://www.zillow.com,https://photos.zillowstatic.com/fp/09bda07cd8e5329ed08938eb21a922f9-p_c.jpg,2026-07-06 12:02,For Sale
26897855,3307 San Jacinto St,75204,Dallas,TX,32.794907,-96.78823,449900,358.0,,431300.0,2592.0,2.0,2.0,1258.0,1984.0,2639.736,singleFamily,23,395800.0,2025,https://www.zillow.com,https://photos.zillowstatic.com/fp/de42bbaa1114db4f20db6879eb7df1f0-p_c.jpg,2026-07-06 12:02,For Sale
26838160,11348 Valley Dale Dr,75230,Dallas,TX,32.904636,-96.77241,2399000,555.0,-51000.0,2277800.0,7497.0,5.0,5.0,4325.0,1958.0,0.367,singleFamily,87,2300970.0,2025,https://www.zillow.com,https://photos.zillowstatic.com/fp/bccdb432a03f6a939dc242d5b833c374-p_c.jpg,2026-07-06 12:02,For Sale
26677885,3288 Lakenheath Pl,75204,Dallas,TX,32.793873,-96.786995,774900,315.0,-24100.0,745700.0,4826.0,2.0,3.0,2460.0,1980.0,2526.48,singleFamily,88,638980.0,2025,https://www.zillow.com,https://photos.zillowstatic.com/fp/644bdf2a566d3abc72d05eb75f5e3e0c-p_c.jpg,2026-07-06 12:02,For Sale
2060605880,5811 Hudson St,75206,Dallas,TX,32.810337,-96.767235,965000,371.0,,,1770.0,3.0,4.0,2603.0,2026.0,7230.96,singleFamily,5,,,https://www.zillow.com,https://photos.zillowstatic.com/fp/e32d2b7e58723d039b73ff60ab8fbe8d-p_c.jpg,2026-07-06 12:02,For Sale
26864424,9827 Vistadale Dr,75238,Dallas,TX,32.8887,-96.71662,789000,321.0,-10000.0,767400.0,4066.0,4.0,3.0,2456.0,1966.0,8799.12,singleFamily,58,765280.0,2025,https://www.zillow.com,https://photos.zillowstatic.com/fp/20ef7df580bd246517b5c4e257a657c6-p_c.jpg,2026-07-06 12:02,For Sale
26706967,6834 Northridge Dr,75214,Dallas,TX,32.830135,-96.743065,3450000,644.0,-45000.0,3350700.0,4445.0,5.0,6.0,5358.0,2026.0,0.24,singleFamily,101,1090750.0,2025,https://www.zillow.com,https://photos.zillowstatic.com/fp/395096786e5617f83b50b37f9e284947-p_c.jpg,2026-07-06 12:02,For Sale
26686496,3523 Edgewood St,75215,Dallas,TX,32.760727,-96.76876,120000,100.0,,,,4.0,3.0,1200.0,1935.0,5662.8,singleFamily,29,119860.0,2025,https://www.zillow.com,https://photos.zillowstatic.com/fp/366167a2e259473402d82a8317cd91dc-p_c.jpg,2026-07-06 12:02,For Sale
26807752,3132 Chapel Downs Dr,75229,Dallas,TX,32.884205,-96.87081,650000,268.0,-25000.0,640900.0,4324.0,4.0,3.0,2429.0,1962.0,10018.8,singleFamily,135,675000.0,2025,https://www.zillow.com,https://photos.zillowstatic.com/fp/e7063819688226fd0052749f899ea751-p_c.jpg,2026-07-06 12:02,For Sale
96496175,5328 Manett St,75206,Dallas,TX,32.817657,-96.77831,1650000,484.0,,1574100.0,7467.0,5.0,4.0,3411.0,2015.0,7492.32,singleFamily,15,1267630.0,2025,https://www.zillow.com,https://photos.zillowstatic.com/fp/d00389973ebaf780a36141cbf95726a1-p_c.jpg,2026-07-06 12:02,For Sale
303984720,2114 Wenge Ln,75219,Dallas,TX,32.809242,-96.82861,589995,305.0,,576900.0,3851.0,3.0,4.0,1932.0,2021.0,1393.92,townhome,24,635090.0,2025,https://www.zillow.com,https://photos.zillowstatic.com/fp/05998c2ce019c9a2de87f3f2741204d9-p_c.jpg,2026-07-06 12:02,For Sale
26935344,5981 Arapaho Rd APT 1106,75248,Dallas,TX,32.961693,-96.80761,150000,145.0,-14900.0,,1977.0,2.0,2.0,1038.0,1980.0,6.389,singleFamily,159,210050.0,2025,https://www.zillow.com,https://photos.zillowstatic.com/fp/9a802fbd90a51ed8b57772ad803caf8f-p_c.jpg,2026-07-06 12:02,For Sale
162194713,435 W 9th St,75208,Dallas,TX,32.74662,-96.82979,2750000,905.0,,,1843.0,18.0,16.0,3040.0,1925.0,5270.76,multiFamily,3,656000.0,2025,https://www.zillow.com,https://photos.zillowstatic.com/fp/fcef8d4a2074db2337cac61bf6fc4a96-p_c.jpg,2026-07-06 12:02,For Sale
26784834,4303 Blackheath Rd,75227,Dallas,TX,32.788654,-96.69583,450000,185.0,,443700.0,2844.0,4.0,3.0,2428.0,1972.0,10193.04,singleFamily,23,362810.0,2025,https://www.zillow.com,https://photos.zillowstatic.com/fp/0474949dc537abf6b44497dd73f61bea-p_c.jpg,2026-07-06 12:02,For Sale
26903228,9 Hallshire Ct,75225,Dallas,TX,32.879124,-96.77414,1900000,389.0,505000.0,1835300.0,7632.0,4.0,5.0,4889.0,1985.0,6577.56,singleFamily,23,1746740.0,2025,https://www.zillow.com,https://photos.zillowstatic.com/fp/42343685ca53c7ab1c7319ff63aedeff-p_c.jpg,2026-07-06 12:02,For Sale
26686935,3817 Latimer St,75215,Dallas,TX,32.758835,-96.764114,79800,100.0,-8200.0,,1386.0,2.0,1.0,800.0,1926.0,3528.36,singleFamily,110,91200.0,2025,https://www.zillow.com,https://photos.zillowstatic.com/fp/57a52c969ab244a7ae2c8f63f4913c21-p_c.jpg,2026-07-06 12:02,For Sale
26860589,709 Edgeworth Dr,75217,Dallas,TX,32.700817,-96.6363,140000,57.0,,,2378.0,4.0,2.0,2444.0,1955.0,0.42300000000000004,singleFamily,112,346210.0,2025,https://www.zillow.com,https://photos.zillowstatic.com/fp/9d443288f1639858601b5e9ed007cbb6-p_c.jpg,2026-07-06 12:02,For Sale
26708197,1023 Church St,75203,Dallas,TX,32.750202,-96.808266,329999,173.0,,329400.0,2878.0,3.0,2.0,1903.0,2025.0,5357.88,singleFamily,94,182860.0,2025,https://www.zillow.com,https://photos.zillowstatic.com/fp/6b0dddf94bdabe7825815a8a2a0704a8-p_c.jpg,2026-07-06 12:02,For Sale
26929979,3310 Fairmount St #7D,75201,Dallas,TX,32.801342,-96.808525,799000,356.0,,752700.0,4312.0,2.0,2.0,2247.0,1964.0,2.39,condo,34,539280.0,2025,https://www.zillow.com,https://photos.zillowstatic.com/fp/fd5ae5ad2ea0c1910536d989c653ae3b-p_c.jpg,2026-07-06 12:02,For Sale
2058375883,6003 Spring Flower Trl,75248,Dallas,TX,32.978806,-96.80328,539900,265.0,-10000.0,,,3.0,2.0,2037.0,1977.0,7405.2,singleFamily,177,,,https://www.zillow.com,https://photos.zillowstatic.com/fp/d7b51493e2497dc060d701e2f74eeb6b-p_c.jpg,2026-07-06 12:02,For Sale
26911753,8524 Breakers Point,75243,Dallas,TX,32.897224,-96.75773,799000,286.0,-20000.0,,,3.0,3.0,2793.0,1993.0,0.263,singleFamily,42,742350.0,2025,https://www.zillow.com,https://photos.zillowstatic.com/fp/664f33cfcda41d6d789449418a9b30a2-p_c.jpg,2026-07-06 12:02,For Sale
2070562641,5312 Black Hawk St,75212,Dallas,TX,32.767216,-96.90552,317500,191.0,-2500.0,,,4.0,2.0,1664.0,2019.0,4486.68,singleFamily,289,,,https://www.zillow.com,https://photos.zillowstatic.com/fp/b8b80acddb6148d5c1641a644d4c8317-p_c.jpg,2026-07-06 12:02,For Sale
26797072,607 Bethpage Ave,75217,Dallas,TX,32.72239,-96.71121,304999,135.0,-10001.0,,,4.0,4.0,2256.0,1923.0,6926.04,singleFamily,129,296130.0,2025,https://www.zillow.com,https://photos.zillowstatic.com/fp/b6a44bf1d1ab0ed17fcfceaf07521017-p_c.jpg,2026-07-06 12:02,For Sale
26779171,2306 W Five Mile Pkwy,75224,Dallas,TX,32.702217,-96.85569,360000,228.0,-10000.0,355700.0,5206.0,3.0,3.0,1582.0,1959.0,0.256,singleFamily,66,386130.0,2025,https://www.zillow.com,https://photos.zillowstatic.com/fp/f883ce725f8206ed44d97882645158a6-p_c.jpg,2026-07-06 12:02,For Sale
26843598,9011 Liptonshire Dr,75238,Dallas,TX,32.87073,-96.70545,749900,301.0,-10000.0,733200.0,4425.0,4.0,4.0,2489.0,1955.0,7666.56,singleFamily,87,592860.0,2025,https://www.zillow.com,https://photos.zillowstatic.com/fp/e6f1285e75c13d46f4ed9d3b8a2ecba2-p_c.jpg,2026-07-06 12:02,For Sale
96500084,3604 Colonial Ave,75215,Dallas,TX,32.757587,-96.771385,414400,186.0,-100.0,411500.0,2688.0,4.0,3.0,2229.0,2026.0,7649.136,singleFamily,51,310410.0,2025,https://www.zillow.com,https://photos.zillowstatic.com/fp/733ca7620e41a90bbfd91d6512263bf8-p_c.jpg,2026-07-06 12:02,For Sale
26930382,5325 Bent Tree Forest Dr APT 2244,75248,Dallas,TX,32.965553,-96.8182,169900,128.0,,,,2.0,3.0,1324.0,1983.0,2.564,condo,10,212280.0,2025,https://www.zillow.com,https://photos.zillowstatic.com/fp/0256d3299a87a14b605748a2de97c7bc-p_c.jpg,2026-07-06 12:02,For Sale
26749890,7340 Syracuse Dr,75214,Dallas,TX,32.85289,-96.73464,1725000,404.0,-24000.0,1658600.0,7401.0,5.0,7.0,4273.0,1960.0,9713.88,singleFamily,89,1675000.0,2025,https://www.zillow.com,https://photos.zillowstatic.com/fp/83c5d16c86de35a857dd5df3f3274859-p_c.jpg,2026-07-06 12:02,For Sale
26897830,3635 Bryan St,75204,Dallas,TX,32.795097,-96.78436,578000,342.0,-6000.0,558700.0,3299.0,2.0,2.0,1692.0,1984.0,2962.08,singleFamily,159,568000.0,2025,https://www.zillow.com,https://photos.zillowstatic.com/fp/d0e7e9f5a730e29a7d5e59215a79b694-p_c.jpg,2026-07-06 12:02,For Sale
96520486,2311 Fatima Ave,75241,Dallas,TX,32.671944,-96.78239,509900,190.0,-9100.0,,,4.0,4.0,2690.0,2026.0,9539.64,singleFamily,44,65000.0,2025,https://www.zillow.com,https://photos.zillowstatic.com/fp/f2991f5a73002cbc0e795e6559cf1ade-p_c.jpg,2026-07-06 12:02,For Sale
26871966,14810 Knollview Dr,75248,Dallas,TX,32.950333,-96.78659,682500,234.0,-2500.0,661300.0,5601.0,4.0,3.0,2912.0,1971.0,0.353,singleFamily,100,777100.0,2025,https://www.zillow.com,https://photos.zillowstatic.com/fp/5123508207e984afe5856a3a21698fe0-p_c.jpg,2026-07-06 12:02,For Sale
26852644,8709 Forest Green Dr,75243,Dallas,TX,32.908855,-96.75277,429900,204.0,-8100.0,415300.0,2814.0,3.0,3.0,2103.0,1974.0,8755.56,singleFamily,16,360680.0,2025,https://www.zillow.com,https://photos.zillowstatic.com/fp/cfad2c479fa9378dc17fb3005555f701-p_c.jpg,2026-07-06 12:02,For Sale
26848206,5829 Preston Valley Dr,75240,Dallas,TX,32.938255,-96.80649,399500,222.0,,,,2.0,2.0,1797.0,1985.0,3571.92,townhome,13,325440.0,2025,https://www.zillow.com,https://photos.zillowstatic.com/fp/41630480b119f5bf58fc7d98fee0a47c-p_c.jpg,2026-07-06 12:02,For Sale
26740748,8702 San Fernando Way,75218,Dallas,TX,32.820957,-96.7085,897000,340.0,-38000.0,883500.0,4391.0,3.0,2.0,2638.0,2014.0,8015.04,singleFamily,108,1262570.0,2025,https://www.zillow.com,https://photos.zillowstatic.com/fp/61b398d8216f961540e664eb86399af2-p_c.jpg,2026-07-06 12:02,For Sale
26845533,2719 Oates Dr,75228,Dallas,TX,32.821804,-96.66725,277000,196.0,-2000.0,269400.0,2223.0,4.0,2.0,1410.0,1954.0,7884.36,singleFamily,66,258060.0,2025,https://www.zillow.com,https://photos.zillowstatic.com/fp/73068e9addd5876426215d072340754d-p_c.jpg,2026-07-06 12:02,For Sale
26737662,3350 Grafton Ave,75211,Dallas,TX,32.729916,-96.87638,299000,157.0,-16000.0,293800.0,2755.0,4.0,3.0,1904.0,1949.0,7274.52,singleFamily,51,307460.0,2025,https://www.zillow.com,https://photos.zillowstatic.com/fp/e52e03e21c3847d52d5f7402fbc55416-p_c.jpg,2026-07-06 12:02,For Sale
26709988,340 S Edgefield Ave,75208,Dallas,TX,32.741657,-96.84386,549900,392.0,-15100.0,,,2.0,2.0,1404.0,1926.0,7492.32,singleFamily,81,573890.0,2025,https://www.zillow.com,https://photos.zillowstatic.com/fp/9693d977fc7a3086e303ec9e05831815-p_c.jpg,2026-07-06 12:02,For Sale
26878764,3707 Judge Dupree Dr,75241,Dallas,TX,32.667046,-96.76175,160000,117.0,,155500.0,1988.0,4.0,2.0,1364.0,1971.0,7579.44,singleFamily,23,215830.0,2025,https://www.zillow.com,https://photos.zillowstatic.com/fp/0b55e4a47cc56ce8f4af266c15473c6e-p_c.jpg,2026-07-06 12:02,For Sale
2070176263,8005 Rothington Rd APT 17,75227,Dallas,TX,32.78363,-96.68543,649000,131.0,,632400.0,1748.0,8.0,12.0,4960.0,1983.0,10149.48,multiFamily,59,,,https://www.zillow.com,https://photos.zillowstatic.com/fp/a15c5d948c8ce4e1a8b4cb6fc8e1fd59-p_c.jpg,2026-07-06 12:02,For Sale
26727988,2627 W 10th St,75211,Dallas,TX,32.74531,-96.86149,395000,335.0,,379400.0,1910.0,2.0,1.0,1180.0,1950.0,7143.84,singleFamily,12,355000.0,2025,https://www.zillow.com,https://photos.zillowstatic.com/fp/c417a7ab89b7f4bf313c405c001a69c9-p_c.jpg,2026-07-06 12:02,For Sale
26902596,8826 Eustis Ave,75218,Dallas,TX,32.81788,-96.70176,499900,,,579000.0,3424.0,,,,1938.0,10715.76,land,4,595100.0,2025,https://www.zillow.com,https://photos.zillowstatic.com/fp/e1ada4482e2c7a964afa520a56c11002-p_c.jpg,2026-07-06 12:02,For Sale
26648857,17508 Muirfield Dr,75287,Dallas,TX,32.99124,-96.82243,1499990,319.0,,1422900.0,6874.0,4.0,6.0,4697.0,1995.0,10454.4,singleFamily,10,1197025.0,2025,https://www.zillow.com,https://photos.zillowstatic.com/fp/90592e3aba50d20cc083f9f5b5348653-p_c.jpg,2026-07-06 12:02,For Sale
447636340,7311 Wildbird Ln,75235,Dallas,TX,32.829918,-96.854774,450000,255.0,,443400.0,3057.0,3.0,3.0,1763.0,2025.0,2090.88,singleFamily,16,358150.0,2025,https://www.zillow.com,https://photos.zillowstatic.com/fp/3c9c11a1c458a8890f272de934b44543-p_c.jpg,2026-07-06 12:02,For Sale
26681366,2633 Peabody Ave,75215,Dallas,TX,32.767338,-96.76894,474900,194.0,-14600.0,471100.0,3499.0,4.0,4.0,2448.0,2026.0,4791.6,singleFamily,47,48000.0,2025,https://www.zillow.com,https://photos.zillowstatic.com/fp/a659d9160f8595420cb9ee040651d12c-p_c.jpg,2026-07-06 12:02,For Sale
26858134,6818 Truxton Dr,75231,Dallas,TX,32.87335,-96.73894,950000,327.0,,916100.0,5596.0,4.0,3.0,2907.0,1972.0,10410.84,singleFamily,24,845560.0,2025,https://www.zillow.com,https://photos.zillowstatic.com/fp/b32c34ca4051957081f1ed596e120c2b-p_c.jpg,2026-07-06 12:02,For Sale
26867518,7010 Claybrook Dr,75231,Dallas,TX,32.876457,-96.74088,795000,299.0,,769100.0,4374.0,4.0,3.0,2657.0,1979.0,9147.6,singleFamily,5,763000.0,2025,https://www.zillow.com,https://photos.zillowstatic.com/fp/ef005d87b3c7c55ab1d6d2c64f803a01-p_c.jpg,2026-07-06 12:02,For Sale
26759441,4394 Cochran Chapel Cir,75209,Dallas,TX,32.863483,-96.835884,650000,274.0,,626500.0,4377.0,3.0,3.0,2370.0,1979.0,9321.84,townhome,10,400000.0,2025,https://www.zillow.com,https://photos.zillowstatic.com/fp/2bf4dcdf5602ff8ab149b7fe1055c900-p_c.jpg,2026-07-06 12:02,For Sale
26898061,2967 Magnolia Hill Ct,75201,Dallas,TX,32.79382,-96.81076,1495000,627.0,,,,2.0,2.0,2385.0,1996.0,1306.8,townhome,10,1300000.0,2025,https://www.zillow.com,https://photos.zillowstatic.com/fp/5121896c7dcaafa02b6b5847b829e6b8-p_c.jpg,2026-07-06 12:02,For Sale
26876562,5321 Bent Tree Dr,75248,Dallas,TX,32.979916,-96.817116,1875000,412.0,,,,4.0,4.0,4550.0,1979.0,0.525,singleFamily,97,1766840.0,2025,https://www.zillow.com,https://photos.zillowstatic.com/fp/d0986c351aefce6035b656e31b5fe89e-p_c.jpg,2026-07-06 12:02,For Sale
162372942,6610 Southpoint Dr,75248,Dallas,TX,32.977703,-96.79332,1275000,339.0,-63750.0,1216400.0,5956.0,4.0,4.0,3765.0,1973.0,9539.64,singleFamily,43,962490.0,2025,https://www.zillow.com,https://photos.zillowstatic.com/fp/8ab8bc4ba0b976e4e3483d97af615283-p_c.jpg,2026-07-06 12:02,For Sale
26731169,4702 W University Blvd,75209,Dallas,TX,32.84464,-96.829956,449000,594.0,-50000.0,433700.0,2405.0,2.0,1.0,756.0,1943.0,6098.4,singleFamily,180,416000.0,2025,https://www.zillow.com,https://photos.zillowstatic.com/fp/7b5bd1e81508b2f566527b3497a0c0ce-p_c.jpg,2026-07-06 12:02,For Sale
26869079,9515 Robin Meadow Dr,75243,Dallas,TX,32.90084,-96.73193,719000,255.0,-15000.0,701900.0,4105.0,3.0,3.0,2817.0,1975.0,8668.44,singleFamily,66,692370.0,2025,https://www.zillow.com,https://photos.zillowstatic.com/fp/3c20671b15e7dede73f26446e10bf5ac-p_c.jpg,2026-07-06 12:02,For Sale
26789440,10939 Pinocchio Dr,75229,Dallas,TX,32.897938,-96.84164,3495000,596.0,,3348200.0,6755.0,5.0,7.0,5869.0,2026.0,0.365,singleFamily,96,937850.0,2025,https://www.zillow.com,https://photos.zillowstatic.com/fp/c6c14a78c1fcc9ed6799ba250972c2a9-p_c.jpg,2026-07-06 12:02,For Sale
26712753,1143 Kings Hwy,75208,Dallas,TX,32.751373,-96.84061,899900,369.0,,,,4.0,3.0,2440.0,1913.0,7623.0,singleFamily,17,599590.0,2025,https://www.zillow.com,https://photos.zillowstatic.com/fp/ed9138eee74f3d1c3f10beee1d96bb69-p_c.jpg,2026-07-06 12:02,For Sale
26785776,5323 Blaney Way,75227,Dallas,TX,32.79028,-96.7088,420000,159.0,-10000.0,,2887.0,3.0,3.0,2634.0,1967.0,8929.8,singleFamily,150,395350.0,2025,https://www.zillow.com,https://photos.zillowstatic.com/fp/849de2793b2fc55ea9c564032e92e7e6-p_c.jpg,2026-07-06 12:02,For Sale
26738015,1812 Boyd St,75224,Dallas,TX,32.727634,-96.83869,475000,236.0,,465700.0,3092.0,4.0,2.0,2016.0,1960.0,7753.68,singleFamily,51,304610.0,2025,https://www.zillow.com,https://photos.zillowstatic.com/fp/b025df13a69c4a42197f85b7b1d15e52-p_c.jpg,2026-07-06 12:02,For Sale
26740649,8160 San Cristobal Dr,75218,Dallas,TX,32.80834,-96.71589,775000,306.0,-20000.0,742800.0,4477.0,4.0,3.0,2536.0,1972.0,0.254,singleFamily,33,806580.0,2025,https://www.zillow.com,https://photos.zillowstatic.com/fp/d8a800aef8352a7e920d1bc1db632b39-p_c.jpg,2026-07-06 12:02,For Sale
26690753,5336 Willis Ave,75206,Dallas,TX,32.819965,-96.77828,1530000,424.0,,1470600.0,7998.0,5.0,4.0,3607.0,2005.0,7797.24,singleFamily,4,1342110.0,2025,https://www.zillow.com,https://photos.zillowstatic.com/fp/30711a50b9c3e8ee37e68cd8c825a897-p_c.jpg,2026-07-06 12:02,For Sale
26721758,2942 Maryland Ave,75216,Dallas,TX,32.70987,-96.81301,170000,131.0,,181900.0,1708.0,3.0,1.0,1301.0,1941.0,7187.4,singleFamily,2,205640.0,2025,https://www.zillow.com,https://photos.zillowstatic.com/fp/f6de3dfc9536a7900281a3b9c1ccd978-p_c.jpg,2026-07-06 12:02,For Sale
26692630,4414 Abbott Ave,75205,Dallas,TX,32.82127,-96.794525,2625000,706.0,-124000.0,2500900.0,7002.0,3.0,4.0,3716.0,2023.0,6534.0,singleFamily,129,3850000.0,2025,https://www.zillow.com,https://photos.zillowstatic.com/fp/c2af814853dfa576c1b6f08dc8dd0942-p_c.jpg,2026-07-06 12:02,For Sale
26630772,4124 Briarbend Rd,75287,Dallas,TX,33.006054,-96.84,499999,208.0,-10001.0,492700.0,3326.0,4.0,3.0,2402.0,1993.0,6969.6,singleFamily,123,471252.0,2025,https://www.zillow.com,https://photos.zillowstatic.com/fp/c905a69fb0843c693ac76c355ded458d-p_c.jpg,2026-07-06 12:02,For Sale
26828804,5908 Melshire Dr,75230,Dallas,TX,32.913986,-96.80711,1799000,432.0,,1694500.0,7549.0,4.0,5.0,4169.0,1958.0,0.3721,singleFamily,88,1547840.0,2025,https://www.zillow.com,https://photos.zillowstatic.com/fp/8064821314d0532b2043275aeff10f45-p_c.jpg,2026-07-06 12:02,For Sale
26879555,102 S Tillery St,75211,Dallas,TX,32.745926,-96.91368,289900,238.0,,,2144.0,3.0,2.0,1218.0,1935.0,9234.72,singleFamily,101,231830.0,2025,https://www.zillow.com,https://photos.zillowstatic.com/fp/13e1b870b963d40f25c8c3a4f15a4e1d-p_c.jpg,2026-07-06 12:02,For Sale
26760097,4425 Caruth Blvd,75225,Dallas,TX,32.85864,-96.81149,6400000,1015.0,,6080000.0,3456.0,5.0,7.0,6304.0,2026.0,8363.52,singleFamily,18,1396390.0,2025,https://www.zillow.com,https://photos.zillowstatic.com/fp/ba41962a03f27e6070cb0befd20a465f-p_c.jpg,2026-07-06 12:02,For Sale
26890597,7728 Bantry Ln,75248,Dallas,TX,32.985508,-96.77365,799000,258.0,-25000.0,,,4.0,3.0,3100.0,1978.0,10410.84,singleFamily,61,686560.0,2025,https://www.zillow.com,https://photos.zillowstatic.com/fp/66e4f31fc30da79d46da52465846af27-p_c.jpg,2026-07-06 12:02,For Sale
441552458,1143 Riverwood Rd,75217,Dallas,TX,32.697395,-96.69045,419000,187.0,-10000.0,417400.0,2826.0,3.0,3.0,2239.0,2026.0,0.319,singleFamily,37,,,https://www.zillow.com,https://photos.zillowstatic.com/fp/9ad4aacec723bdb0bf68234466089f0a-p_c.jpg,2026-07-06 12:02,For Sale
460761465,1845 Pollard St,75208,Dallas,TX,32.771896,-96.849815,545000,242.0,,540000.0,4161.0,3.0,4.0,2250.0,2026.0,7405.2,singleFamily,30,,,https://www.zillow.com,https://photos.zillowstatic.com/fp/1f5db1e410fafbdfdab6b1b2f4b42731-p_c.jpg,2026-07-06 12:02,For Sale
26737249,4636 Stanford Ave,75209,Dallas,TX,32.852966,-96.83018,1880000,413.0,-65000.0,1810500.0,5517.0,4.0,6.0,4557.0,2014.0,7448.76,singleFamily,88,2036030.0,2025,https://www.zillow.com,https://photos.zillowstatic.com/fp/f18d0078d04ad51581c9e85f67c9ff91-p_c.jpg,2026-07-06 12:02,For Sale
26688794,4222 Frank St,75210,Dallas,TX,32.773502,-96.74719,289500,189.0,-500.0,,,4.0,3.0,1534.0,2023.0,5793.48,singleFamily,27,270400.0,2025,https://www.zillow.com,https://photos.zillowstatic.com/fp/684d43aba7b70321fa4a02fc19914cc9-p_c.jpg,2026-07-06 12:02,For Sale
162196591,826 N Bishop Ave,75208,Dallas,TX,32.753212,-96.82749,950000,262.0,,905000.0,1892.0,4.0,4.0,3620.0,1925.0,7361.64,multiFamily,17,690000.0,2025,https://www.zillow.com,https://photos.zillowstatic.com/fp/30761b2875b1481cda5ac2b39d436cf8-p_c.jpg,2026-07-06 12:02,For Sale
26702035,6933 Wabash Cir,75214,Dallas,TX,32.82483,-96.73956,2375000,517.0,,2299800.0,7918.0,5.0,6.0,4592.0,1967.0,9365.4,singleFamily,32,2346990.0,2025,https://www.zillow.com,https://photos.zillowstatic.com/fp/5ccb2eab2fb0dd2c5b2b7c534924962a-p_c.jpg,2026-07-06 12:02,For Sale
26847222,2714 Felicia Ct,75228,Dallas,TX,32.816135,-96.68472,400000,275.0,,389600.0,2079.0,3.0,2.0,1456.0,1963.0,7797.24,singleFamily,7,376610.0,2025,https://www.zillow.com,https://photos.zillowstatic.com/fp/bb728919daf1753320eb2a8428e310ab-p_c.jpg,2026-07-06 12:02,For Sale
26807256,3579 Flaxley Dr,75229,Dallas,TX,32.887142,-96.85936,1850000,413.0,-50000.0,1796400.0,6977.0,5.0,6.0,4475.0,2026.0,0.304,singleFamily,72,496700.0,2025,https://www.zillow.com,https://photos.zillowstatic.com/fp/30e0781624e140ecc33e5464695e746d-p_c.jpg,2026-07-06 12:02,For Sale
26697043,5108 Maple Springs Blvd,75235,Dallas,TX,32.82042,-96.82506,899000,404.0,,858400.0,4052.0,2.0,3.0,2227.0,1983.0,0.371,singleFamily,9,778200.0,2025,https://www.zillow.com,https://photos.zillowstatic.com/fp/21df07b0e8617dd6074d28e770cb6604-p_c.jpg,2026-07-06 12:02,For Sale
26735183,3216 Sharon St,75211,Dallas,TX,32.72951,-96.87361,299900,231.0,-7100.0,291900.0,2251.0,3.0,2.0,1300.0,1943.0,7361.64,singleFamily,74,194170.0,2025,https://www.zillow.com,https://photos.zillowstatic.com/fp/60cd5db3e8c8a14894fb925f17107142-p_c.jpg,2026-07-06 12:02,For Sale
26887295,7241 Blythdale Dr,75248,Dallas,TX,32.9819,-96.782394,765000,285.0,-20000.0,742100.0,4449.0,4.0,3.0,2683.0,1976.0,9234.72,singleFamily,8,693880.0,2025,https://www.zillow.com,https://photos.zillowstatic.com/fp/031a4f0222f25ed7082eb01f6e236cb5-p_c.jpg,2026-07-06 12:02,For Sale
84003466,13622 Vida Ln,75253,Dallas,TX,32.67849,-96.5982,175000,122.0,,169400.0,1852.0,4.0,2.0,1440.0,2007.0,10018.8,singleFamily,40,138260.0,2025,https://www.zillow.com,https://photos.zillowstatic.com/fp/36c62b0089fbc0565a44b86980787436-p_c.jpg,2026-07-06 12:02,For Sale
26700487,7119 Vivian Ave,75223,Dallas,TX,32.80625,-96.73614,879000,386.0,-20000.0,846100.0,3677.0,3.0,2.0,2278.0,1940.0,6969.6,singleFamily,86,670000.0,2025,https://www.zillow.com,https://photos.zillowstatic.com/fp/b53e7fc34c0dc9b6c6e47f4489b45170-p_c.jpg,2026-07-06 12:02,For Sale
67961962,2207 Kessler Woods Ct,75208,Dallas,TX,32.75273,-96.85391,1995000,513.0,-130000.0,1912500.0,6302.0,3.0,4.0,3889.0,2004.0,8102.16,singleFamily,79,1769020.0,2025,https://www.zillow.com,https://photos.zillowstatic.com/fp/36ea6bd9b60e2840fe9e25f70f816aea-p_c.jpg,2026-07-06 12:02,For Sale
26653410,5832 Mossbrook Trl,75252,Dallas,TX,33.0117,-96.80678,679900,207.0,-19100.0,659800.0,3762.0,4.0,3.0,3280.0,1995.0,6969.6,singleFamily,106,575717.0,2025,https://www.zillow.com,https://photos.zillowstatic.com/fp/0ab7b4bfd4ed7e70d6c7753d55419942-p_c.jpg,2026-07-06 12:02,For Sale
26692710,3622 Cragmont Ave,75205,Dallas,TX,32.821747,-96.79561,3995000,965.0,,,,3.0,4.0,4139.0,2006.0,9278.28,singleFamily,55,3261940.0,2025,https://www.zillow.com,https://photos.zillowstatic.com/fp/d637d2b35a2769c3d8d7d73335f5f2b4-p_c.jpg,2026-07-06 12:02,For Sale
26878271,3540 Frosty Trl,75241,Dallas,TX,32.663918,-96.76166,269900,201.0,,267100.0,2047.0,4.0,2.0,1344.0,1969.0,7034.94,singleFamily,2,256060.0,2025,https://www.zillow.com,https://photos.zillowstatic.com/fp/37dab367bcdfe5fab5eebadfe17c37a1-p_c.jpg,2026-07-06 12:02,For Sale
26740599,8222 San Leandro Dr,75218,Dallas,TX,32.81029,-96.71481,3400000,640.0,-100000.0,3249700.0,7283.0,5.0,6.0,5314.0,2026.0,0.3,singleFamily,109,846570.0,2025,https://www.zillow.com,https://photos.zillowstatic.com/fp/bf7dc34307e1e41c701d1fcc07febc53-p_c.jpg,2026-07-06 12:02,For Sale
67957283,5213 Mimi Ct,75211,Dallas,TX,32.720142,-96.91237,275000,216.0,,271000.0,2143.0,3.0,2.0,1276.0,2003.0,5445.0,singleFamily,8,253290.0,2025,https://www.zillow.com,https://photos.zillowstatic.com/fp/ec0f8de34b666ae63fee1e73d4b68027-p_c.jpg,2026-07-06 12:02,For Sale
61871532,3505 Turtle Creek Blvd APT 20E,75219,Dallas,TX,32.81039,-96.80235,5300000,871.0,-200000.0,4911200.0,7938.0,3.0,4.0,6088.0,2000.0,2.089,condo,233,3977000.0,2025,https://www.zillow.com,https://photos.zillowstatic.com/fp/96b2b8e0c1a1f759d4f7711eec29f70b-p_c.jpg,2026-07-06 12:02,For Sale
26767314,2475 Volga Ave,75216,Dallas,TX,32.706654,-96.78672,200000,164.0,-40000.0,,1841.0,3.0,2.0,1220.0,1950.0,6272.64,singleFamily,51,216970.0,2025,https://www.zillow.com,https://photos.zillowstatic.com/fp/e54cacf85101ee193844f93f920bf774-p_c.jpg,2026-07-06 12:02,For Sale
26650354,4928 Holly Tree Dr,75287,Dallas,TX,32.998314,-96.82091,1325000,313.0,125001.0,1267900.0,4883.0,4.0,4.0,4232.0,1998.0,10454.4,singleFamily,17,1130720.0,2025,https://www.zillow.com,https://photos.zillowstatic.com/fp/79292fc1857ff6466995df2788d00733-p_c.jpg,2026-07-06 12:02,For Sale
26848637,6606 Stonebrook Cir,75240,Dallas,TX,32.9274,-96.79087,775000,328.0,,733600.0,3786.0,3.0,2.0,2360.0,1959.0,0.39599999999999996,singleFamily,9,576020.0,2025,https://www.zillow.com,https://photos.zillowstatic.com/fp/498e562497f3ac2326fd9c688cbfa5c8-p_c.jpg,2026-07-06 12:02,For Sale
26875619,6822 Saint Anne St,75248,Dallas,TX,32.97677,-96.78947,749500,288.0,-10000.0,733300.0,4418.0,4.0,3.0,2600.0,1973.0,8799.12,singleFamily,93,604060.0,2025,https://www.zillow.com,https://photos.zillowstatic.com/fp/460a8c3592b0281a00aa64802f60fa0e-p_c.jpg,2026-07-06 12:02,For Sale
458852081,11236 Quail Run St,75238,Dallas,TX,32.86922,-96.68746,349900,228.0,-25100.0,346300.0,2284.0,3.0,3.0,1532.0,1970.0,7749.324,singleFamily,152,,,https://www.zillow.com,https://photos.zillowstatic.com/fp/90181a4a4d5002cede0c156f9b8d40c9-p_c.jpg,2026-07-06 12:02,For Sale
26862122,1915 Prairie View Dr,75235,Dallas,TX,32.81595,-96.848076,319900,130.0,,300600.0,4259.0,5.0,3.0,2465.0,1954.0,6795.36,singleFamily,47,247280.0,2025,https://www.zillow.com,https://photos.zillowstatic.com/fp/0a13e2d6b5ab33c31c473ec9db090432-p_c.jpg,2026-07-06 12:02,For Sale
26753347,6335 W Northwest Hwy APT 1314,75225,Dallas,TX,32.865997,-96.79742,299900,169.0,,298300.0,3170.0,2.0,2.0,1770.0,1966.0,2.229,condo,9,451350.0,2025,https://www.zillow.com,https://photos.zillowstatic.com/fp/b5cad5763e5d4cd31d9daf6e168fe201-p_c.jpg,2026-07-06 12:02,For Sale
26829840,5731 Harvest Hill Rd APT 1044,75230,Dallas,TX,32.922756,-96.80944,214500,184.0,-5400.0,207000.0,1990.0,3.0,2.0,1165.0,1970.0,9.503,condo,234,251490.0,2025,https://www.zillow.com,https://photos.zillowstatic.com/fp/2e89ec08baf93ddf085139a3dc897207-p_c.jpg,2026-07-06 12:02,For Sale
459247579,6306 Tracy Rd,75241,Dallas,TX,32.669445,-96.77295,369000,224.0,,367800.0,2364.0,3.0,2.0,1647.0,2026.0,6229.08,singleFamily,52,32500.0,2025,https://www.zillow.com,https://photos.zillowstatic.com/fp/9a92ba275a5f153540cd978f9dc191f4-p_c.jpg,2026-07-06 12:02,For Sale
26721511,2834 Michigan Ave,75216,Dallas,TX,32.711933,-96.816696,154000,140.0,,145600.0,1422.0,2.0,2.0,1100.0,1958.0,7710.12,singleFamily,2,170560.0,2025,https://www.zillow.com,https://photos.zillowstatic.com/fp/1733ed841509ae38a8cb65690b22e321-p_c.jpg,2026-07-06 12:02,For Sale
26915432,5210 Cliff Haven Dr,75236,Dallas,TX,32.68334,-96.93062,550000,186.0,-37000.0,,,4.0,3.0,2964.0,1992.0,0.64,singleFamily,37,519980.0,2025,https://www.zillow.com,https://photos.zillowstatic.com/fp/87b31a685542542e90808d1badf86c5f-p_c.jpg,2026-07-06 12:02,For Sale
26884874,11335 Drummond Cir,75228,Dallas,TX,32.847256,-96.65464,395000,183.0,,382900.0,2606.0,3.0,2.0,2154.0,1964.0,0.353,singleFamily,32,354500.0,2025,https://www.zillow.com,https://photos.zillowstatic.com/fp/04ae0fb4606eb357e0c52a754ca5eba9-p_c.jpg,2026-07-06 12:02,For Sale
26754570,6123 Northwood Rd,75225,Dallas,TX,32.869835,-96.80082,6500000,859.0,,6161800.0,6180.0,5.0,8.0,7568.0,2026.0,0.40499999999999997,singleFamily,88,1512300.0,2025,https://www.zillow.com,https://photos.zillowstatic.com/fp/b2f8f479278df207348083179bd41169-p_c.jpg,2026-07-06 12:02,For Sale
26741837,9710 Cloister Dr,75228,Dallas,TX,32.826977,-96.68982,625000,340.0,-25000.0,611000.0,2743.0,3.0,3.0,1839.0,1953.0,9583.2,singleFamily,25,502000.0,2025,https://www.zillow.com,https://photos.zillowstatic.com/fp/a0477eaa3e1fcda302d80e31fa6ea982-p_c.jpg,2026-07-06 12:02,For Sale
26853359,9324 Clearwater Dr,75243,Dallas,TX,32.903706,-96.75082,460000,247.0,,479500.0,2862.0,3.0,2.0,1866.0,1960.0,10040.58,singleFamily,4,404260.0,2025,https://www.zillow.com,https://photos.zillowstatic.com/fp/1da21d6b4cfe8c2cf103b738962d3f65-p_c.jpg,2026-07-06 12:02,For Sale
26838193,11411 Park Central Pl,75230,Dallas,TX,32.905224,-96.77197,410000,204.0,-10000.0,,,2.0,2.0,2012.0,1963.0,6490.44,singleFamily,83,421930.0,2025,https://www.zillow.com,https://photos.zillowstatic.com/fp/35fd085252f0816f5d247d2ebdd4dd68-p_c.jpg,2026-07-06 12:02,For Sale
26599187,17920 Hillcrest Rd,75252,Dallas,TX,32.995174,-96.78422,495000,219.0,,479600.0,3266.0,3.0,3.0,2264.0,1987.0,6969.6,singleFamily,75,485131.0,2025,https://www.zillow.com,https://photos.zillowstatic.com/fp/d4ca00159f1213c82c93af3f4beb161f-p_c.jpg,2026-07-06 12:02,For Sale
26716866,1403 Cedar Oaks Blvd,75216,Dallas,TX,32.731136,-96.81925,249999,171.0,,249300.0,1882.0,3.0,2.0,1466.0,1941.0,10105.92,singleFamily,7,303840.0,2025,https://www.zillow.com,https://photos.zillowstatic.com/fp/05281b90f2602911bd41a391812a0158-p_c.jpg,2026-07-06 12:02,For Sale
26822072,3846 Happy Canyon Dr,75241,Dallas,TX,32.673306,-96.755936,169900,139.0,,169500.0,1861.0,4.0,1.0,1221.0,1961.0,7100.28,singleFamily,8,191010.0,2025,https://www.zillow.com,https://photos.zillowstatic.com/fp/4f8873893cc401f9a68bbe910ed0c34e-p_c.jpg,2026-07-06 12:02,For Sale
26789817,3890 Davila Dr,75220,Dallas,TX,32.867832,-96.84925,1850000,375.0,,1805300.0,3194.0,4.0,6.0,4937.0,2027.0,8363.52,singleFamily,4,435240.0,2025,https://www.zillow.com,https://photos.zillowstatic.com/fp/a9925f7e21a4890e21d4b21c49a2c108-p_c.jpg,2026-07-06 12:02,For Sale
80218734,4117 Herschel Ave #4119A,75219,Dallas,TX,32.82097,-96.80618,350000,333.0,,,,1.0,1.0,1050.0,1930.0,7187.4,condo,65,299250.0,2025,https://www.zillow.com,https://photos.zillowstatic.com/fp/bd830c6a0ced6a7887abae2f11622bbc-p_c.jpg,2026-07-06 12:02,For Sale
26880173,3856 Antigua Dr,75244,Dallas,TX,32.919403,-96.849106,699900,313.0,,,,4.0,3.0,2237.0,1968.0,10018.8,singleFamily,24,575130.0,2025,https://www.zillow.com,https://photos.zillowstatic.com/fp/f4129a8e6d68d47723ea0276210e3723-p_c.jpg,2026-07-06 12:02,For Sale
26757450,12 Royal Way,75229,Dallas,TX,32.89329,-96.80995,2287000,428.0,-108000.0,,,4.0,5.0,5343.0,1978.0,7840.8,singleFamily,142,1350000.0,2025,https://www.zillow.com,https://photos.zillowstatic.com/fp/24672dba84b191009c778e79714a7106-p_c.jpg,2026-07-06 12:02,For Sale
26734851,5111 W Amherst Ave,75209,Dallas,TX,32.85248,-96.82363,2395000,452.0,-100000.0,2286400.0,15692.0,5.0,7.0,5303.0,2019.0,7056.72,singleFamily,118,2346680.0,2025,https://www.zillow.com,https://photos.zillowstatic.com/fp/20fd4517ccf69c3d8dff25d0513de3df-p_c.jpg,2026-07-06 12:02,For Sale
26882380,12330 Ferris Creek Ln,75243,Dallas,TX,32.915276,-96.731,320000,182.0,,311000.0,2400.0,3.0,2.0,1755.0,1978.0,8102.16,singleFamily,30,572710.0,2025,https://www.zillow.com,https://photos.zillowstatic.com/fp/9041f140df909bd87e044b7a689b3496-p_c.jpg,2026-07-06 12:02,For Sale
26890553,7623 Kevin Dr,75248,Dallas,TX,32.983402,-96.7761,859900,308.0,-10000.0,841300.0,4640.0,4.0,3.0,2790.0,1979.0,10541.52,singleFamily,45,735490.0,2025,https://www.zillow.com,https://photos.zillowstatic.com/fp/1aa96b98a4ca4af9d8bb075b58352e81-p_c.jpg,2026-07-06 12:02,For Sale
80051288,6146 Stapleford Cir,75252,Dallas,TX,33.002033,-96.7994,799900,294.0,,782600.0,4983.0,4.0,4.0,2718.0,2011.0,5227.2,singleFamily,71,843984.0,2025,https://www.zillow.com,https://photos.zillowstatic.com/fp/675c18cc842794a3e718b5d0a9e842d6-p_c.jpg,2026-07-06 12:02,For Sale
26755935,6039 Waggoner Dr,75230,Dallas,TX,32.887676,-96.80235,6295000,1018.0,,5644300.0,7605.0,3.0,5.0,6184.0,2000.0,0.459,singleFamily,146,2763000.0,2025,https://www.zillow.com,https://photos.zillowstatic.com/fp/a03051057336f1970613755f0326259b-p_c.jpg,2026-07-06 12:02,For Sale
462517836,1717 Arts Plz Suite 2309,75201,Dallas,TX,32.791965,-96.795235,3550000,734.0,-350000.0,3330500.0,,3.0,4.0,4839.0,2005.0,4.041,condo,48,,,https://www.zillow.com,https://photos.zillowstatic.com/fp/482e2f9d28a72fa3f0e083b3e6702f8c-p_c.jpg,2026-07-06 12:02,For Sale
26898699,4205 Avondale Ave APT 103,75219,Dallas,TX,32.81771,-96.80409,120000,200.0,-9000.0,122500.0,1504.0,1.0,1.0,601.0,1965.0,0.9298000000000001,condo,32,154600.0,2025,https://www.zillow.com,https://photos.zillowstatic.com/fp/0bf6e8875ca17a702572bfd918384e1c-p_c.jpg,2026-07-06 12:02,For Sale
26878048,3716 Olney Ct,75241,Dallas,TX,32.66375,-96.75931,191800,142.0,-3200.0,188600.0,1858.0,3.0,2.0,1354.0,1962.0,7710.12,singleFamily,4,201620.0,2025,https://www.zillow.com,https://photos.zillowstatic.com/fp/6a66ee854a0bbde3270c1b0ea4830b98-p_c.jpg,2026-07-06 12:02,For Sale
53389838,2242 Ash Grove Way,75228,Dallas,TX,32.810577,-96.70439,619500,249.0,,602500.0,2657.0,3.0,3.0,2487.0,2000.0,4617.36,singleFamily,9,545030.0,2025,https://www.zillow.com,https://photos.zillowstatic.com/fp/95aa0bcbf908574954a709d296469080-p_c.jpg,2026-07-06 12:02,For Sale
69676136,2845 Lee St,75206,Dallas,TX,32.81651,-96.78756,1099000,464.0,-26000.0,1062200.0,6006.0,2.0,3.0,2366.0,2005.0,3746.16,townhome,58,900000.0,2025,https://www.zillow.com,https://photos.zillowstatic.com/fp/61f15da780f597addc681599ea57841b-p_c.jpg,2026-07-06 12:02,For Sale
26688891,2723 Morning Ave,75210,Dallas,TX,32.773067,-96.74593,89990,121.0,-60000.0,143300.0,1362.0,3.0,1.0,741.0,1945.0,6054.84,singleFamily,54,96740.0,2025,https://www.zillow.com,https://www.zillowstatic.com/static/images/nophoto_p_c.png,2026-07-06 12:02,For Sale
26693331,4519 Rawlins St,75219,Dallas,TX,32.81825,-96.81566,385000,217.0,,374600.0,3244.0,3.0,3.0,1773.0,1968.0,2.531,townhome,24,416660.0,2025,https://www.zillow.com,https://photos.zillowstatic.com/fp/66940e15c03ef5bd8f008efcd8a3e939-p_c.jpg,2026-07-06 12:02,For Sale
26932090,9520 Royal Ln APT 114,75243,Dallas,TX,32.892105,-96.73886,50000,95.0,,65500.0,884.0,1.0,1.0,524.0,1983.0,1.224,condo,32,62000.0,2025,https://www.zillow.com,https://www.zillowstatic.com/static/images/nophoto_p_c.png,2026-07-06 12:02,For Sale
26897946,1802 N Prairie Ave,75204,Dallas,TX,32.806522,-96.77788,405000,287.0,,,,3.0,3.0,1412.0,1997.0,3528.36,singleFamily,6,431690.0,2025,https://www.zillow.com,https://photos.zillowstatic.com/fp/a58a177485e18bff04bab7e62cc8fbc7-p_c.jpg,2026-07-06 12:02,For Sale
2127020242,8550 Fair Oaks Xing APT 115,75243,Dallas,TX,32.8965,-96.72774,180000,161.0,,,2146.0,2.0,3.0,1121.0,1982.0,7.44,singleFamily,90,,,https://www.zillow.com,https://photos.zillowstatic.com/fp/7026186c7db87254141495d389827dd4-p_c.jpg,2026-07-06 12:02,For Sale
26912838,9535 Viewside Dr,75231,Dallas,TX,32.89153,-96.73706,775000,295.0,-14000.0,754500.0,5021.0,4.0,3.0,2627.0,1980.0,10759.32,singleFamily,59,719000.0,2025,https://www.zillow.com,https://photos.zillowstatic.com/fp/07fc3ab735ecacebe34610f141b61624-p_c.jpg,2026-07-06 12:02,For Sale
26747570,6262 E University Blvd,75214,Dallas,TX,32.846336,-96.75549,729900,359.0,-39100.0,704200.0,3749.0,3.0,2.0,2031.0,1961.0,10018.8,singleFamily,38,727870.0,2025,https://www.zillow.com,https://photos.zillowstatic.com/fp/5441153b317e10aecd83be7af9a3b72d-p_c.jpg,2026-07-06 12:02,For Sale
26803519,5615 Brookstown Dr,75230,Dallas,TX,32.911007,-96.81323,2649000,630.0,-40000.0,2486300.0,7570.0,5.0,6.0,4206.0,1962.0,0.4,singleFamily,150,2647880.0,2025,https://www.zillow.com,https://photos.zillowstatic.com/fp/38a01e3bf395bbaf3f813eee1823867e-p_c.jpg,2026-07-06 12:02,For Sale
