zpid,address,zipcode,city,state,latitude,longitude,price,price_per_sqft,price_change,zestimate,rent_zestimate,bedrooms,bathrooms,sqft,year_built,lot_size_acres,property_type,days_on_market,tax_assessed,tax_year,listing_url,photo_url,fetched_at,listing_type
26792625,3888 Walnut Hill Ln,75229,Dallas,TX,32.880016,-96.849236,2395000,461.0,,,,5.0,6.0,5200.0,2026.0,0.51,singleFamily,10,510910.0,2025,https://www.zillow.com,https://photos.zillowstatic.com/fp/89bf8e08ef5c913db7925a9f0c33070a-p_c.jpg,2026-06-15 13:52,For Sale
26735909,8730 Rexford Dr,75209,Dallas,TX,32.857147,-96.84684,1875000,407.0,,1821300.0,4325.0,5.0,6.0,4604.0,2025.0,6969.6,singleFamily,13,1182050.0,2025,https://www.zillow.com,https://photos.zillowstatic.com/fp/4f435a5240bd1f4cbd95420934668c5d-p_c.jpg,2026-06-15 13:52,For Sale
26882898,12929 Jasoncrest Trl,75243,Dallas,TX,32.925285,-96.71173,500000,202.0,,485500.0,3048.0,4.0,3.0,2474.0,1985.0,0.299,singleFamily,4,390380.0,2025,https://www.zillow.com,https://photos.zillowstatic.com/fp/01063a1c3d4c090313770946a093e2fb-p_c.jpg,2026-06-15 13:52,For Sale
26776695,5321 Mystic Trl,75241,Dallas,TX,32.68021,-96.810135,275000,163.0,,274800.0,2013.0,3.0,2.0,1689.0,1959.0,0.342,singleFamily,30,294850.0,2025,https://www.zillow.com,https://photos.zillowstatic.com/fp/6ad859b061fac67817b660d1902e6338-p_c.jpg,2026-06-15 13:52,For Sale
338241066,18512 Crownover Ct,75252,Dallas,TX,33.003235,-96.79485,609900,252.0,,594800.0,4157.0,3.0,3.0,2419.0,1981.0,8102.16,singleFamily,26,625905.0,2025,https://www.zillow.com,https://photos.zillowstatic.com/fp/5c8b0a7362d6b24c63efb89a53c870b7-p_c.jpg,2026-06-15 13:52,For Sale
26767256,2502 E Overton Rd,75216,Dallas,TX,32.709087,-96.78899,158999,149.0,-10001.0,,1828.0,3.0,2.0,1064.0,1952.0,9539.64,singleFamily,44,190810.0,2025,https://www.zillow.com,https://photos.zillowstatic.com/fp/ac77b03435eaf15eb669716b4bc7bf09-p_c.jpg,2026-06-15 13:52,For Sale
26825505,5936 Spring Glen Dr,75232,Dallas,TX,32.674526,-96.84193,449500,156.0,-15500.0,439000.0,3439.0,5.0,4.0,2880.0,1965.0,10236.6,singleFamily,73,261350.0,2025,https://www.zillow.com,https://photos.zillowstatic.com/fp/784bf3d76b7a9b40f046b5eb30c7eca8-p_c.jpg,2026-06-15 13:52,For Sale
26699114,2515 Macon St,75215,Dallas,TX,32.75081,-96.75273,295000,197.0,-5000.0,294400.0,2155.0,3.0,3.0,1500.0,2026.0,3267.0,singleFamily,67,32780.0,2025,https://www.zillow.com,https://photos.zillowstatic.com/fp/68433d24786c5e0ac81731fb4204066f-p_c.jpg,2026-06-15 13:52,For Sale
26758062,10010 Strait Ln,75229,Dallas,TX,32.880985,-96.823845,24999900,1498.0,,22644000.0,31583.0,7.0,11.0,16684.0,2026.0,2.218,singleFamily,105,2767500.0,2025,https://www.zillow.com,https://photos.zillowstatic.com/fp/3896b8ebf7800635ab6f68c5c62ce7b5-p_c.jpg,2026-06-15 13:52,For Sale
26757825,5619 Walnut Hill Ln,75229,Dallas,TX,32.8825,-96.81111,64000000,2362.0,,,,10.0,17.0,27092.0,1938.0,15.687,singleFamily,473,36042650.0,2025,https://www.zillow.com,https://photos.zillowstatic.com/fp/adeac1290c0448b20476ade24a279451-p_c.jpg,2026-06-15 13:52,For Sale
26726025,7206 Tokalon Dr,75214,Dallas,TX,32.821648,-96.733025,2500000,808.0,,2336200.0,4975.0,2.0,3.0,3095.0,1949.0,0.5459999999999999,singleFamily,3,1758000.0,2025,https://www.zillow.com,https://photos.zillowstatic.com/fp/b300819d98652b5c7e8701e473c758af-p_c.jpg,2026-06-15 13:52,For Sale
26871265,7947 Habersham Ln,75248,Dallas,TX,32.95442,-96.76918,100000,34.0,-285500.0,366700.0,4703.0,5.0,4.0,2966.0,1966.0,,multiFamily,4,453000.0,2025,https://www.zillow.com,https://photos.zillowstatic.com/fp/a556f6daba9f89d6891ea6966cad398a-p_c.jpg,2026-06-15 13:52,For Sale
26704284,5621 McCommas Blvd,75206,Dallas,TX,32.8302,-96.771515,1249000,532.0,,,,4.0,4.0,2346.0,1928.0,8232.84,singleFamily,3,934880.0,2025,https://www.zillow.com,https://photos.zillowstatic.com/fp/e7eceaed3175176cdb699eb147fea8b0-p_c.jpg,2026-06-15 13:52,For Sale
26709208,708 W 10th St,75208,Dallas,TX,32.74485,-96.83446,250000,112.0,,,1882.0,2.0,4.0,2235.0,2025.0,6359.76,condo,6,190080.0,2019,https://www.zillow.com,https://photos.zillowstatic.com/fp/d92ad882abdc2ee5ad864f9f65f24970-p_c.jpg,2026-06-15 13:52,For Sale
26909557,9404 Pinehaven Dr,75227,Dallas,TX,32.77079,-96.6617,229000,144.0,-20900.0,223900.0,2068.0,4.0,2.0,1590.0,1985.0,5606.172,singleFamily,65,240630.0,2025,https://www.zillow.com,https://photos.zillowstatic.com/fp/47a8fa880fac42fdb12547823ed1a4f6-p_c.jpg,2026-06-15 13:52,For Sale
53390066,1412 Santa Elena Plz,75211,Dallas,TX,32.733715,-96.915115,315000,167.0,,312100.0,2661.0,4.0,4.0,1886.0,2000.0,6185.52,singleFamily,12,329800.0,2025,https://www.zillow.com,https://photos.zillowstatic.com/fp/f28dcf185c978c70092bbfb0d19bf917-p_c.jpg,2026-06-15 13:52,For Sale
26750703,7012 Wakefield St,75231,Dallas,TX,32.86094,-96.74037,719000,350.0,,697800.0,3685.0,3.0,3.0,2052.0,1964.0,9234.72,singleFamily,3,672170.0,2025,https://www.zillow.com,https://photos.zillowstatic.com/fp/a41d31859240c591b9cc0b9c38fe1910-p_c.jpg,2026-06-15 13:52,For Sale
248827887,6303 E Grand Ave,75223,Dallas,TX,32.798954,-96.74211,750000,223.0,-10000.0,,,6.0,3.0,3366.0,1947.0,9104.04,singleFamily,44,626330.0,2025,https://www.zillow.com,https://photos.zillowstatic.com/fp/19b901abfdb5190980968c4d104f09fa-p_c.jpg,2026-06-15 13:52,For Sale
26683859,4211 Holland Ave APT 105,75219,Dallas,TX,32.817482,-96.80887,159000,216.0,,147600.0,1637.0,2.0,1.0,735.0,1970.0,0.551,condo,4,211000.0,2025,https://www.zillow.com,https://photos.zillowstatic.com/fp/45fa425a3177db7893dabf806d4cd47e-p_c.jpg,2026-06-15 13:52,For Sale
26884919,11312 Cotillion Dr,75228,Dallas,TX,32.84817,-96.65216,349900,136.0,,339100.0,3589.0,4.0,3.0,2567.0,1965.0,9104.04,singleFamily,12,376180.0,2025,https://www.zillow.com,https://photos.zillowstatic.com/fp/09276c83223e1ae6813e15f8057e96cb-p_c.jpg,2026-06-15 13:52,For Sale
26911421,6911 Forest Glen Blvd,75230,Dallas,TX,32.9135,-96.78559,2400000,386.0,,,,4.0,6.0,6212.0,1998.0,7492.32,singleFamily,25,2106820.0,2025,https://www.zillow.com,https://photos.zillowstatic.com/fp/a66ad3ba48690be51b5b95a89d33d283-p_c.jpg,2026-06-15 13:52,For Sale
333139700,2415 Knight St Unit A,75219,Dallas,TX,32.80655,-96.81917,749900,265.0,,725900.0,4605.0,3.0,4.0,2828.0,2017.0,3920.4,singleFamily,5,720000.0,2025,https://www.zillow.com,https://photos.zillowstatic.com/fp/2156cbaa85179a4bb9992d75581b7dab-p_c.jpg,2026-06-15 13:52,For Sale
26754258,6811 Del Norte Ln,75225,Dallas,TX,32.868965,-96.78791,1550000,409.0,-49000.0,,,4.0,5.0,3789.0,2015.0,4791.6,singleFamily,51,1492580.0,2025,https://www.zillow.com,https://photos.zillowstatic.com/fp/650a8472356cc37f3fdd004bc616282a-p_c.jpg,2026-06-15 13:52,For Sale
67964626,1505 Elm St APT 1003,75201,Dallas,TX,32.78161,-96.79958,325000,159.0,,319600.0,4700.0,3.0,3.0,2045.0,1957.0,10018.8,condo,11,398780.0,2025,https://www.zillow.com,https://photos.zillowstatic.com/fp/9e0b36dde1f8e854f608cb613e84094c-p_c.jpg,2026-06-15 13:52,For Sale
303984720,2114 Wenge Ln,75219,Dallas,TX,32.809242,-96.82861,589995,305.0,,579000.0,3710.0,3.0,4.0,1932.0,2021.0,1393.92,townhome,4,635090.0,2025,https://www.zillow.com,https://photos.zillowstatic.com/fp/e78d0a3698833874fa370b1c62499d77-p_c.jpg,2026-06-15 13:52,For Sale
26696399,5223 Colonial Ave,75215,Dallas,TX,32.744267,-96.759224,240000,145.0,,237600.0,2318.0,4.0,2.0,1656.0,2024.0,7013.16,singleFamily,59,433110.0,2025,https://www.zillow.com,https://photos.zillowstatic.com/fp/1ffb12a24ca85cf9a7cc33cbfa96e1b2-p_c.jpg,2026-06-15 13:52,For Sale
333139325,5333 Autumnbrook Ct,75209,Dallas,TX,32.82803,-96.82018,925000,342.0,,897700.0,5650.0,3.0,4.0,2701.0,2020.0,3963.96,singleFamily,12,892520.0,2025,https://www.zillow.com,https://photos.zillowstatic.com/fp/b67821b524c169c84fee899d92383b1d-p_c.jpg,2026-06-15 13:52,For Sale
248830905,5152 Brickellia Dr,75209,Dallas,TX,32.826817,-96.81777,640000,356.0,,,,3.0,4.0,1799.0,2019.0,1611.72,singleFamily,4,645000.0,2025,https://www.zillow.com,https://photos.zillowstatic.com/fp/66ef9bce7bcf215845ec20b7f826e9c0-p_c.jpg,2026-06-15 13:52,For Sale
26752924,7344 Fieldgate Dr,75230,Dallas,TX,32.88041,-96.77676,1275000,446.0,-50000.0,1211600.0,5669.0,4.0,5.0,2857.0,1965.0,0.304,singleFamily,17,1170570.0,2025,https://www.zillow.com,https://photos.zillowstatic.com/fp/bb775e5311bdca9d07559d4185ceac83-p_c.jpg,2026-06-15 13:52,For Sale
26706912,6630 Westlake Ave,75214,Dallas,TX,32.821712,-96.746925,899900,356.0,,856000.0,5807.0,3.0,3.0,2529.0,1976.0,10846.44,singleFamily,3,1116930.0,2025,https://www.zillow.com,https://photos.zillowstatic.com/fp/4f86778a149cdf8f807c6c8979b674ee-p_c.jpg,2026-06-15 13:52,For Sale
96530276,1906 Euclid Ave Unit C,75206,Dallas,TX,32.81359,-96.7732,775000,301.0,-14000.0,751600.0,4913.0,2.0,3.0,2573.0,2008.0,8276.4,condo,73,604660.0,2025,https://www.zillow.com,https://photos.zillowstatic.com/fp/d709dbd9e9bd211275fd4fb24e69c857-p_c.jpg,2026-06-15 13:52,For Sale
26634336,18765 Vista Del Sol,75287,Dallas,TX,33.006218,-96.834015,549999,224.0,,536100.0,3370.0,3.0,3.0,2457.0,1990.0,3920.4,singleFamily,6,484831.0,2025,https://www.zillow.com,https://photos.zillowstatic.com/fp/8f83361e50b1eb101a2035f79ae83df6-p_c.jpg,2026-06-15 13:52,For Sale
27298891,17909 Brent Dr,75287,Dallas,TX,32.994884,-96.862274,489999,198.0,-10000.0,,,4.0,3.0,2470.0,1998.0,5967.72,singleFamily,80,481274.0,2025,https://www.zillow.com,https://photos.zillowstatic.com/fp/dc973ce50f73c9148c0244d817d3f1e1-p_c.jpg,2026-06-15 13:52,For Sale
53389404,3312 Throckmorton St,75219,Dallas,TX,32.812103,-96.80947,685000,339.0,,663500.0,3733.0,3.0,3.0,2019.0,1999.0,2134.44,townhome,11,588080.0,2025,https://www.zillow.com,https://photos.zillowstatic.com/fp/5e6e22304552ef5789fd9265ae22c820-p_c.jpg,2026-06-15 13:52,For Sale
462285750,1621 Bannock Ave,75215,Dallas,TX,32.74878,-96.76409,449000,214.0,,445500.0,2876.0,4.0,4.0,2100.0,2026.0,5998.212,singleFamily,38,,,https://www.zillow.com,https://photos.zillowstatic.com/fp/a7867b0886d28d6dafd212024faac89d-p_c.jpg,2026-06-15 13:52,For Sale
26680521,3528 Colonial Ave,75215,Dallas,TX,32.757835,-96.77173,225000,69.0,,,3239.0,17.0,5.0,3252.0,1916.0,4835.16,multiFamily,155,281210.0,2025,https://www.zillow.com,https://photos.zillowstatic.com/fp/058c8839fb916be56e561086ca9cc87d-p_c.jpg,2026-06-15 13:52,For Sale
26931132,5300 Keller Springs Rd APT 2055,75248,Dallas,TX,32.96763,-96.816536,168000,184.0,,166300.0,1566.0,2.0,2.0,915.0,1982.0,8.598,condo,8,201300.0,2025,https://www.zillow.com,https://photos.zillowstatic.com/fp/311f8a6c01b0f0a6b82c09d6abf0252f-p_c.jpg,2026-06-15 13:52,For Sale
26702047,6933 Delrose Dr,75214,Dallas,TX,32.825703,-96.7398,2790000,728.0,,2612000.0,6615.0,4.0,4.0,3835.0,1979.0,0.49599999999999994,singleFamily,3,1850080.0,2025,https://www.zillow.com,https://photos.zillowstatic.com/fp/3c7540458c0312d1b9882ec9d9a38e1b-p_c.jpg,2026-06-15 13:52,For Sale
96514370,2418 Merlin St,75215,Dallas,TX,32.77463,-96.77442,299900,180.0,14900.0,304900.0,2794.0,3.0,3.0,1669.0,2025.0,,singleFamily,331,90000.0,2025,https://www.zillow.com,https://photos.zillowstatic.com/fp/91b90021b7264137b0710455580e2b4f-p_c.jpg,2026-06-15 13:52,For Sale
26695468,5301 Monticello Ave,75206,Dallas,TX,32.826702,-96.77974,1675000,470.0,,,,4.0,4.0,3566.0,2005.0,7840.8,singleFamily,2,1246760.0,2025,https://www.zillow.com,https://photos.zillowstatic.com/fp/d0c2546afc6b988ab3e50baa142b8046-p_c.jpg,2026-06-15 13:52,For Sale
26738834,7152 Fair Oaks Ave APT 2186,75231,Dallas,TX,32.872566,-96.7574,115000,118.0,,113100.0,1496.0,3.0,2.0,975.0,1975.0,8.74,condo,5,90000.0,2025,https://www.zillow.com,https://photos.zillowstatic.com/fp/410421ae194ee3d0d23bed574131abd1-p_c.jpg,2026-06-15 13:52,For Sale
26832901,3311 Rutz St,75212,Dallas,TX,32.782307,-96.84512,369900,158.0,-15100.0,365700.0,3769.0,3.0,3.0,2342.0,2022.0,3615.48,singleFamily,180,627880.0,2025,https://www.zillow.com,https://photos.zillowstatic.com/fp/390daf6a2b2e70f7daab7a12e99c9dc4-p_c.jpg,2026-06-15 13:52,For Sale
26750994,6396 Abrams Ct,75231,Dallas,TX,32.86111,-96.74454,389000,263.0,-10000.0,381300.0,2386.0,2.0,2.0,1480.0,1980.0,4094.64,singleFamily,57,376000.0,2025,https://www.zillow.com,https://photos.zillowstatic.com/fp/6579eefe10fe52f79b6704876798de9f-p_c.jpg,2026-06-15 13:52,For Sale
26862258,1646 Briar Cliff Rd,75235,Dallas,TX,32.813343,-96.85002,225000,187.0,-15000.0,,2116.0,3.0,2.0,1204.0,1949.0,5706.36,singleFamily,82,350750.0,2025,https://www.zillow.com,https://photos.zillowstatic.com/fp/fa31589e87851caf85dfbb76000921d8-p_c.jpg,2026-06-15 13:52,For Sale
96513896,10617 Bridge Hollow Ct,75229,Dallas,TX,32.891716,-96.821815,12900000,880.0,,,,6.0,10.0,14653.0,2018.0,1.442,singleFamily,135,13054400.0,2025,https://www.zillow.com,https://photos.zillowstatic.com/fp/f1ff92924720936e0a69b725c1811b44-p_c.jpg,2026-06-15 13:52,For Sale
26879828,3543 Ridgebriar Dr,75234,Dallas,TX,32.915077,-96.85929,365000,166.0,,354100.0,2484.0,4.0,2.0,2205.0,1962.0,7579.44,singleFamily,9,329140.0,2025,https://www.zillow.com,https://photos.zillowstatic.com/fp/310debec9fb56c24b49bda0a5bf5b0dd-p_c.jpg,2026-06-15 13:52,For Sale
333140526,5531 Walnut Hill Ln,75229,Dallas,TX,32.88134,-96.81123,15995000,1333.0,,14686400.0,44765.0,5.0,9.0,11997.0,2025.0,1.935,singleFamily,97,9628680.0,2025,https://www.zillow.com,https://photos.zillowstatic.com/fp/b66ba1ba3e875d4f7420766b86704a95-p_c.jpg,2026-06-15 13:52,For Sale
26717377,1126 N Windomere Ave,75208,Dallas,TX,32.758278,-96.8436,750000,416.0,-29000.0,,,3.0,2.0,1803.0,1925.0,7492.32,singleFamily,66,696410.0,2025,https://www.zillow.com,https://photos.zillowstatic.com/fp/51ab4b95869147bc69d5fb27f4ec7040-p_c.jpg,2026-06-15 13:52,For Sale
26812269,3048 Airhaven St,75229,Dallas,TX,32.905598,-96.874115,335000,174.0,-15000.0,,,3.0,2.0,1928.0,1981.0,5314.32,singleFamily,114,391660.0,2025,https://www.zillow.com,https://photos.zillowstatic.com/fp/504c796b67f901725a3a0ed28532582c-p_c.jpg,2026-06-15 13:52,For Sale
26888089,9707 Smokefeather Ln,75243,Dallas,TX,32.920444,-96.73845,359000,165.0,,281900.0,2615.0,4.0,3.0,2171.0,1977.0,3267.0,townhome,2,299250.0,2025,https://www.zillow.com,https://photos.zillowstatic.com/fp/fa0f086e8bd1a5a10748c186f8f941a4-p_c.jpg,2026-06-15 13:52,For Sale
26757939,5214 Royal Ln,75229,Dallas,TX,32.89423,-96.81772,10995000,992.0,,10002800.0,2604.0,5.0,8.0,11081.0,2017.0,1.785,singleFamily,44,7303740.0,2025,https://www.zillow.com,https://photos.zillowstatic.com/fp/cb56097d67c82b550b194c5e17cdb825-p_c.jpg,2026-06-15 13:52,For Sale
84002338,2712 Throckmorton St #A,75219,Dallas,TX,32.80843,-96.81397,750000,449.0,,,,2.0,2.0,1672.0,2006.0,3746.16,singleFamily,4,688590.0,2025,https://www.zillow.com,https://photos.zillowstatic.com/fp/a1d56245a19c441e2d3b6325ac5a7de1-p_c.jpg,2026-06-15 13:52,For Sale
26915309,6319 Lake Bluff Dr,75249,Dallas,TX,32.645866,-96.96924,445000,167.0,,436000.0,6280.0,4.0,3.0,2662.0,1989.0,8668.44,singleFamily,24,401520.0,2025,https://www.zillow.com,https://photos.zillowstatic.com/fp/14843502ca97761cfa25df5591962e6b-p_c.jpg,2026-06-15 13:52,For Sale
26803466,12007 Quincy Ln,75230,Dallas,TX,32.912727,-96.81489,2940000,490.0,-59900.0,2830900.0,7732.0,5.0,8.0,5998.0,2025.0,0.37,singleFamily,94,1788170.0,2025,https://www.zillow.com,https://photos.zillowstatic.com/fp/f9a9e0ead227fe2b2a71ac147a46f520-p_c.jpg,2026-06-15 13:52,For Sale
26625653,18040 Midway Rd APT 127,75287,Dallas,TX,32.995396,-96.842155,219900,175.0,-5000.0,217000.0,2201.0,2.0,2.0,1257.0,1984.0,1058.508,condo,44,216001.0,2025,https://www.zillow.com,https://photos.zillowstatic.com/fp/96c0082c8a129e9bb7b556a86094bcd8-p_c.jpg,2026-06-15 13:52,For Sale
96534771,2506 Givendale Rd,75241,Dallas,TX,32.677624,-96.78057,55000,,,,1859.0,,,,,9104.04,land,0,32500.0,2025,https://www.zillow.com,https://photos.zillowstatic.com/fp/721f1bf9bca1f3274bce98f64faad3f9-p_c.jpg,2026-06-15 13:52,For Sale
248828051,8121 Ferguson Rd,75228,Dallas,TX,32.80433,-96.71146,465000,150.0,-10000.0,452600.0,1962.0,6.0,4.0,3098.0,1969.0,10628.64,multiFamily,25,514650.0,2025,https://www.zillow.com,https://photos.zillowstatic.com/fp/ad1b13fecf71156c1981f4d68a558ea5-p_c.jpg,2026-06-15 13:52,For Sale
26826987,3837 Kimball Ridge Dr,75233,Dallas,TX,32.696194,-96.882164,345000,162.0,,335300.0,2711.0,3.0,3.0,2135.0,1963.0,0.29,singleFamily,12,378540.0,2025,https://www.zillow.com,https://photos.zillowstatic.com/fp/00784e694009095c972ee232cb405146-p_c.jpg,2026-06-15 13:52,For Sale
244057047,5451 Ashby Grove St,75209,Dallas,TX,32.827637,-96.82163,749000,332.0,-16000.0,,,3.0,3.0,2254.0,2017.0,2962.08,singleFamily,80,697700.0,2025,https://www.zillow.com,https://photos.zillowstatic.com/fp/b5cacf5445c8d7449660e7e7418563ca-p_c.jpg,2026-06-15 13:52,For Sale
26923544,5505 Live Oak St #102,75206,Dallas,TX,32.808254,-96.76648,275000,291.0,,274800.0,2081.0,2.0,3.0,945.0,1982.0,0.638,condo,6,283500.0,2025,https://www.zillow.com,https://photos.zillowstatic.com/fp/4f85ef10db5d3381a637ce2f34907b9c-p_c.jpg,2026-06-15 13:52,For Sale
96527792,1023 Crow Ct,75051,Grand Prairie,TX,32.734005,-96.99189,264000,125.0,-5000.0,264400.0,2922.0,4.0,3.0,2111.0,2009.0,5488.56,singleFamily,3,346960.0,2025,https://www.zillow.com,https://photos.zillowstatic.com/fp/66ee075c465e47569ca40113e4736cbc-p_c.jpg,2026-06-15 13:52,For Sale
26691221,2909 Lenway St,75215,Dallas,TX,32.76731,-96.763115,95000,114.0,,,1346.0,2.0,1.0,836.0,1925.0,5501.628,singleFamily,11,108720.0,2025,https://www.zillow.com,https://www.zillowstatic.com/static/images/nophoto_p_c.png,2026-06-15 13:52,For Sale
26828651,3714 Kiest Knoll Dr,75233,Dallas,TX,32.707565,-96.88226,300000,129.0,,,2336.0,3.0,2.0,2324.0,1970.0,10454.4,singleFamily,94,369860.0,2025,https://www.zillow.com,https://photos.zillowstatic.com/fp/36f5d029a58381c47ea3dadc0b569050-p_c.jpg,2026-06-15 13:52,For Sale
26796801,726 Helena Ave,75217,Dallas,TX,32.725418,-96.71512,119999,93.0,,,1841.0,3.0,2.0,1294.0,1955.0,7056.72,singleFamily,21,202890.0,2025,https://www.zillow.com,https://photos.zillowstatic.com/fp/afbc8a1897dc90895362d24a52465175-p_c.jpg,2026-06-15 13:52,For Sale
26871147,7654 Indian Springs Rd,75248,Dallas,TX,32.951073,-96.77613,1599000,338.0,,1089300.0,6762.0,3.0,5.0,4734.0,1963.0,0.328,singleFamily,5,1001270.0,2025,https://www.zillow.com,https://photos.zillowstatic.com/fp/bb7876924faf120775a72786db2eb9ca-p_c.jpg,2026-06-15 13:52,For Sale
26808970,3537 Townsend Dr,75229,Dallas,TX,32.89942,-96.8604,589000,330.0,,563100.0,3416.0,3.0,2.0,1784.0,1957.0,10149.48,singleFamily,3,564650.0,2025,https://www.zillow.com,https://photos.zillowstatic.com/fp/0dde023c33ef4e99d7702f1dda178c39-p_c.jpg,2026-06-15 13:52,For Sale
26739989,9030 San Benito Way,75218,Dallas,TX,32.822,-96.702095,599000,305.0,,,,3.0,2.0,1967.0,1938.0,9583.2,singleFamily,3,597980.0,2025,https://www.zillow.com,https://photos.zillowstatic.com/fp/532ee25b6bab765058a72fa12ca9d3b6-p_c.jpg,2026-06-15 13:52,For Sale
96507257,3231 Fairview Ave,75223,Dallas,TX,32.78969,-96.73935,348000,218.0,,343000.0,2418.0,4.0,2.0,1600.0,2023.0,7492.32,singleFamily,59,306830.0,2025,https://www.zillow.com,https://photos.zillowstatic.com/fp/c5ec89f37caa22067edfafa6e023aa7e-p_c.jpg,2026-06-15 13:52,For Sale
26830107,2223 Forest Oaks Dr,75228,Dallas,TX,32.810135,-96.704475,419000,304.0,,407000.0,2218.0,3.0,2.0,1377.0,1955.0,8276.4,singleFamily,4,293410.0,2025,https://www.zillow.com,https://photos.zillowstatic.com/fp/cb646043408ef3519b97dd9dfd331d2d-p_c.jpg,2026-06-15 13:52,For Sale
26927701,4023 Wycliff Ave APT 204,75219,Dallas,TX,32.819965,-96.807594,275000,187.0,,266700.0,3200.0,3.0,2.0,1470.0,1965.0,0.263,condo,31,330000.0,2025,https://www.zillow.com,https://photos.zillowstatic.com/fp/feafb3b3e33f580f691b017c6d51886a-p_c.jpg,2026-06-15 13:52,For Sale
60347658,3100 Cole Ave APT 216,75204,Dallas,TX,32.80298,-96.80129,349000,377.0,,306200.0,2392.0,2.0,2.0,925.0,1984.0,0.978,condo,3,328380.0,2025,https://www.zillow.com,https://photos.zillowstatic.com/fp/dcf15ef576c167ca908b000680931df9-p_c.jpg,2026-06-15 13:52,For Sale
26825735,2137 Sea Island Dr,75232,Dallas,TX,32.674866,-96.8532,250000,111.0,,,,3.0,3.0,2248.0,1965.0,8189.28,singleFamily,46,308040.0,2025,https://www.zillow.com,https://photos.zillowstatic.com/fp/5b355f72f5bf48719afbe619b23f3843-p_c.jpg,2026-06-15 13:52,For Sale
96508124,4607 Metropolitan Ave,75210,Dallas,TX,32.778957,-96.745674,265000,187.0,-7800.0,,1919.0,3.0,2.0,1415.0,2026.0,5662.8,singleFamily,52,40170.0,2025,https://www.zillow.com,https://photos.zillowstatic.com/fp/a8fe76d9dd50a73d7c8fa0581b165d53-p_c.jpg,2026-06-15 13:52,For Sale
26795670,1623 Fresno St,75217,Dallas,TX,32.740612,-96.693115,240000,109.0,-25000.0,233900.0,2611.0,6.0,2.0,2194.0,1954.0,9888.12,singleFamily,26,338390.0,2025,https://www.zillow.com,https://photos.zillowstatic.com/fp/6438154e2bc5f131cea2c08f8024b641-p_c.jpg,2026-06-15 13:52,For Sale
26809012,10931 Marsh Ln,75229,Dallas,TX,32.89747,-96.85655,649900,262.0,,621100.0,5293.0,4.0,3.0,2478.0,1981.0,0.372,singleFamily,2,591530.0,2025,https://www.zillow.com,https://photos.zillowstatic.com/fp/a5e19983897f7e7f02d633aee4ebff15-p_c.jpg,2026-06-15 13:52,For Sale
26706136,6606 Winton St,75214,Dallas,TX,32.83487,-96.74718,3174000,583.0,,3053500.0,4059.0,5.0,7.0,5441.0,2025.0,7753.68,singleFamily,1,807910.0,2025,https://www.zillow.com,https://photos.zillowstatic.com/fp/12618c0461c7685a195f838a6912d70c-p_c.jpg,2026-06-15 13:52,For Sale
248827889,3614 Latimer St,75215,Dallas,TX,32.761738,-96.765976,337000,170.0,,,2388.0,4.0,3.0,1977.0,2026.0,6272.64,singleFamily,3,64230.0,2025,https://www.zillow.com,https://photos.zillowstatic.com/fp/7b39c926ea106c7e2c17a33839f565c0-p_c.jpg,2026-06-15 13:52,For Sale
26703114,6303 Anita St,75214,Dallas,TX,32.834896,-96.75495,749000,490.0,,716500.0,3195.0,3.0,2.0,1528.0,1948.0,7840.8,singleFamily,23,658000.0,2025,https://www.zillow.com,https://photos.zillowstatic.com/fp/522ca8a315b22251258de3e77611f2b0-p_c.jpg,2026-06-15 13:52,For Sale
26750186,6706 Pimlico Dr,75214,Dallas,TX,32.8507,-96.74407,799900,374.0,,768700.0,5534.0,4.0,3.0,2140.0,1954.0,7405.2,singleFamily,3,607580.0,2025,https://www.zillow.com,https://photos.zillowstatic.com/fp/b8269d748e4f4c968f51e3b59018252a-p_c.jpg,2026-06-15 13:52,For Sale
26866704,9635 Angleridge Rd,75238,Dallas,TX,32.880543,-96.722496,850000,266.0,,,,4.0,3.0,3193.0,1965.0,9801.0,singleFamily,4,851000.0,2025,https://www.zillow.com,https://photos.zillowstatic.com/fp/1a1b96384d09f382fe0faf56c1143a07-p_c.jpg,2026-06-15 13:52,For Sale
80231177,10201 Royal Highlands Dr,75238,Dallas,TX,32.887825,-96.72317,874900,414.0,,,,4.0,3.0,2112.0,1976.0,9016.92,singleFamily,3,712240.0,2025,https://www.zillow.com,https://photos.zillowstatic.com/fp/50a8a4888b8d6f68b45eb66f270de716-p_c.jpg,2026-06-15 13:52,For Sale
26586762,5939 Bent Creek Trl,75252,Dallas,TX,33.00974,-96.8047,575000,277.0,,553300.0,2876.0,4.0,3.0,2078.0,1982.0,10018.8,singleFamily,3,591441.0,2025,https://www.zillow.com,https://photos.zillowstatic.com/fp/c146195c576d0e21ad0e447be2459dff-p_c.jpg,2026-06-15 13:52,For Sale
2102499889,6123 Rincon Way,75214,Dallas,TX,32.85553,-96.7567,429900,227.0,-10000.0,419400.0,3509.0,3.0,3.0,1895.0,1970.0,5532.12,singleFamily,79,,,https://www.zillow.com,https://photos.zillowstatic.com/fp/0c2ccde3a173b664e541d388289104a6-p_c.jpg,2026-06-15 13:52,For Sale
26690676,5311 Willis Ave,75206,Dallas,TX,32.820522,-96.77941,835000,537.0,,794000.0,4152.0,3.0,2.0,1556.0,1920.0,7797.24,singleFamily,4,735450.0,2025,https://www.zillow.com,https://photos.zillowstatic.com/fp/d097fe5c35eebc33a3158d8ebe98f525-p_c.jpg,2026-06-15 13:52,For Sale
162362971,9606 Glenacre Ln,75243,Dallas,TX,32.895626,-96.724464,450000,215.0,,433800.0,2263.0,3.0,3.0,2094.0,1978.0,3876.84,singleFamily,36,388170.0,2025,https://www.zillow.com,https://photos.zillowstatic.com/fp/c0ae7b4049303065b761d75f269df208-p_c.jpg,2026-06-15 13:52,For Sale
26909252,9551 Gonzales Dr,75227,Dallas,TX,32.76709,-96.65757,127000,135.0,-5000.0,,1393.0,2.0,1.0,940.0,1982.0,3310.56,singleFamily,75,151670.0,2025,https://www.zillow.com,https://photos.zillowstatic.com/fp/d1895d0b21508743ee374dd4d68db170-p_c.jpg,2026-06-15 13:52,For Sale
53101318,5315 Ambergate Ln,75287,Dallas,TX,32.999886,-96.81687,1499000,288.0,,1426100.0,7313.0,5.0,7.0,5206.0,1996.0,0.31,singleFamily,2,1289147.0,2025,https://www.zillow.com,https://photos.zillowstatic.com/fp/766d1bff0f146cd30f56e88cfdf06334-p_c.jpg,2026-06-15 13:52,For Sale
26717497,1119 N Winnetka Ave,75208,Dallas,TX,32.757988,-96.840576,1285000,371.0,,1222800.0,6950.0,4.0,4.0,3468.0,1925.0,7753.68,singleFamily,17,900000.0,2025,https://www.zillow.com,https://photos.zillowstatic.com/fp/fc13bb38a5559bfb942e01a1d28b5682-p_c.jpg,2026-06-15 13:52,For Sale
26742610,10527 Cayuga Dr,75228,Dallas,TX,32.838676,-96.68577,185000,144.0,,,1823.0,3.0,2.0,1288.0,1955.0,7535.88,singleFamily,7,318470.0,2025,https://www.zillow.com,https://photos.zillowstatic.com/fp/45f4292cdc66bca091725698f5f648f0-p_c.jpg,2026-06-15 13:52,For Sale
26689429,720 Skillman St,75214,Dallas,TX,32.808407,-96.75769,825000,279.0,-14000.0,789400.0,4819.0,4.0,3.0,2960.0,1922.0,7361.64,singleFamily,6,694560.0,2025,https://www.zillow.com,https://photos.zillowstatic.com/fp/acb91b0e7ca4e32f104c8da662a07ff0-p_c.jpg,2026-06-15 13:52,For Sale
69677337,4130 Newton Ave APT F,75219,Dallas,TX,32.81827,-96.80567,250000,207.0,,241300.0,2463.0,1.0,2.0,1208.0,1974.0,9191.16,condo,29,320120.0,2025,https://www.zillow.com,https://photos.zillowstatic.com/fp/c40a6de5799a1cafea5a255068e0d553-p_c.jpg,2026-06-15 13:52,For Sale
96535061,272 W Lawson Rd Trailer 231,75253,Dallas,TX,32.697445,-96.574326,109999,,-24996.0,,2080.0,3.0,2.0,0.0,2021.0,6500.0,manufactured,184,4940.0,2020,https://www.zillow.com,https://photos.zillowstatic.com/fp/f57312f0cebc99483a2e0e7e75d0cb0f-p_c.jpg,2026-06-15 13:52,For Sale
26697337,5419 Stoneleigh Ave,75235,Dallas,TX,32.82149,-96.8303,250000,193.0,,433700.0,2514.0,2.0,1.0,1292.0,1937.0,6795.36,singleFamily,2,433770.0,2025,https://www.zillow.com,https://photos.zillowstatic.com/fp/7dc95ea23b42653a7ad02898e450dae7-p_c.jpg,2026-06-15 13:52,For Sale
27338350,18703 Rembrandt Ter,75287,Dallas,TX,33.007423,-96.85985,555000,202.0,,540200.0,4309.0,3.0,3.0,2743.0,1985.0,8581.32,singleFamily,7,525770.0,2025,https://www.zillow.com,https://photos.zillowstatic.com/fp/d3d5733d79828d48028ff6bef758642f-p_c.jpg,2026-06-15 13:52,For Sale
26889875,6415 Barkwood Ln,75248,Dallas,TX,32.97008,-96.79677,1399900,373.0,,1329800.0,5292.0,4.0,4.0,3751.0,1980.0,0.33699999999999997,singleFamily,10,941720.0,2025,https://www.zillow.com,https://photos.zillowstatic.com/fp/607c8eb39695e0c9f87d0bd7840558bb-p_c.jpg,2026-06-15 13:52,For Sale
55172512,2723 Dali Dr,75287,Dallas,TX,33.00448,-96.86424,359000,232.0,,348000.0,2017.0,2.0,2.0,1549.0,1984.0,0.27,singleFamily,2,383469.0,2025,https://www.zillow.com,https://photos.zillowstatic.com/fp/3b62485cc6ef04854a7dacd49c678a76-p_c.jpg,2026-06-15 13:52,For Sale
26850691,10357 Baronne Cir,75218,Dallas,TX,32.860115,-96.70382,425000,470.0,,409700.0,2044.0,3.0,1.0,905.0,1970.0,0.46299999999999997,singleFamily,3,392280.0,2025,https://www.zillow.com,https://photos.zillowstatic.com/fp/4098c277662c94e81c531615459daf11-p_c.jpg,2026-06-15 13:52,For Sale
26873071,15745 Havenrock Cir,75248,Dallas,TX,32.9643,-96.78187,699000,286.0,,675600.0,4012.0,4.0,3.0,2447.0,1970.0,7361.64,singleFamily,45,487960.0,2025,https://www.zillow.com,https://photos.zillowstatic.com/fp/877599d7a570477ad41f5f2aa2b54321-p_c.jpg,2026-06-15 13:52,For Sale
67961530,2522 Wilhurt Ave,75216,Dallas,TX,32.703674,-96.78344,160000,129.0,,,2001.0,4.0,2.0,1244.0,1940.0,6359.76,singleFamily,15,246150.0,2025,https://www.zillow.com,https://photos.zillowstatic.com/fp/cf00a5b9db34c932e46b63392ef8d893-p_c.jpg,2026-06-15 13:52,For Sale
27291927,18072 Kelly Blvd,75287,Dallas,TX,33.00002,-96.86356,295000,236.0,-5000.0,290900.0,2119.0,3.0,2.0,1250.0,1998.0,4007.52,singleFamily,31,257818.0,2025,https://www.zillow.com,https://photos.zillowstatic.com/fp/470a9e8e84357d74031cb5a1eae23f2f-p_c.jpg,2026-06-15 13:52,For Sale
26882205,9145 Emberglow Ln,75243,Dallas,TX,32.91696,-96.73825,239000,197.0,,233900.0,1816.0,2.0,2.0,1213.0,1972.0,1210.968,townhome,18,247730.0,2025,https://www.zillow.com,https://photos.zillowstatic.com/fp/e1ad6e734d180c1fee36d141e0768ff4-p_c.jpg,2026-06-15 13:52,For Sale
455152482,2407 Jeffries St,75215,Dallas,TX,32.77574,-96.773994,299900,179.0,,299200.0,2798.0,3.0,3.0,1674.0,2025.0,,singleFamily,12,,,https://www.zillow.com,https://photos.zillowstatic.com/fp/e6cfb8b91e7c28cd7676e7f7bd268be3-p_c.jpg,2026-06-15 13:52,For Sale
2078209540,10644 Boedeker St,75230,Dallas,TX,32.892097,-96.777695,319900,221.0,,308700.0,2667.0,3.0,2.0,1450.0,1971.0,3702.6,townhome,10,,,https://www.zillow.com,https://photos.zillowstatic.com/fp/4a16a1ec629928cc91be87d79dc93058-p_c.jpg,2026-06-15 13:52,For Sale
462188440,233 Woodoat Rd,75165,Waxahachie,TX,32.79852,-96.79852,574900,221.0,-3000.0,569600.0,5174.0,4.0,4.0,2599.0,2026.0,9147.6,singleFamily,40,,,https://www.zillow.com,https://photos.zillowstatic.com/fp/d84c819e4eff6b9d1fa681b408ae0a32-p_c.jpg,2026-06-15 13:52,For Sale
26768168,1603 Bonnie View Rd,75203,Dallas,TX,32.7288,-96.79231,330000,171.0,,,,4.0,3.0,1930.0,1970.0,0.261,singleFamily,65,270030.0,2025,https://www.zillow.com,https://photos.zillowstatic.com/fp/83d46985b6ed79054ddfcc62c1ac51ab-p_c.jpg,2026-06-15 13:52,For Sale
96525332,1651 E Overton Rd,75216,Dallas,TX,32.703884,-96.80119,420000,204.0,,418000.0,2944.0,4.0,3.0,2063.0,2025.0,8712.0,singleFamily,127,95000.0,2025,https://www.zillow.com,https://photos.zillowstatic.com/fp/86e2f139cfe3b218bd506810f546c2a7-p_c.jpg,2026-06-15 13:52,For Sale
26694852,5740 Morningside Ave,75206,Dallas,TX,32.828663,-96.76843,1495000,515.0,,1426000.0,7794.0,3.0,4.0,2901.0,1925.0,10105.92,singleFamily,16,1304560.0,2025,https://www.zillow.com,https://photos.zillowstatic.com/fp/ec92ed535537bbcf28ed2b8ea231ff87-p_c.jpg,2026-06-15 13:52,For Sale
26832699,3114 Conroe St,75212,Dallas,TX,32.78004,-96.837616,772000,257.0,-8000.0,760100.0,4315.0,4.0,3.0,3000.0,2024.0,4791.6,singleFamily,26,762040.0,2025,https://www.zillow.com,https://photos.zillowstatic.com/fp/b90eea67c549ef53a2b6bb11ee62015d-p_c.jpg,2026-06-15 13:52,For Sale
300036720,1527 Hickory St,75215,Dallas,TX,32.76908,-96.7874,336000,237.0,-163000.0,332600.0,2472.0,2.0,3.0,1418.0,2021.0,2352.0,singleFamily,30,463230.0,2025,https://www.zillow.com,https://photos.zillowstatic.com/fp/6040d22a17c122b1448e87b0ecea2eff-p_c.jpg,2026-06-15 13:52,For Sale
26883107,12717 Hornbeam Dr,75243,Dallas,TX,32.920685,-96.70821,324995,161.0,-4000.0,321500.0,4446.0,3.0,2.0,2015.0,1983.0,0.29,singleFamily,100,314410.0,2025,https://www.zillow.com,https://photos.zillowstatic.com/fp/a52a17819bc84382155141766e658b1d-p_c.jpg,2026-06-15 13:52,For Sale
60346601,13329 Southview Ln,75240,Dallas,TX,32.929558,-96.76768,275000,170.0,,,,3.0,2.0,1618.0,1968.0,4878.72,singleFamily,41,242430.0,2025,https://www.zillow.com,https://photos.zillowstatic.com/fp/d3f6a62f58a643135991119e237adf46-p_c.jpg,2026-06-15 13:52,For Sale
26874881,7818 Alto Caro Dr,75248,Dallas,TX,32.965878,-96.771835,739000,344.0,,713500.0,2786.0,4.0,3.0,2147.0,1967.0,8668.44,singleFamily,3,529940.0,2025,https://www.zillow.com,https://photos.zillowstatic.com/fp/e6d90cb96ba8a767c6a5c63d172dfcfe-p_c.jpg,2026-06-15 13:52,For Sale
26773376,322 W Brownlee Ave,75224,Dallas,TX,32.709957,-96.82748,290000,187.0,,289100.0,3066.0,3.0,2.0,1551.0,2026.0,7274.52,singleFamily,10,70000.0,2025,https://www.zillow.com,https://photos.zillowstatic.com/fp/ad351ef474eb61e09fb4a69f0fa02722-p_c.jpg,2026-06-15 13:52,For Sale
96531451,12102 Jackson Creek Dr,75243,Dallas,TX,32.912968,-96.71752,624000,206.0,-1000.0,613700.0,4321.0,4.0,4.0,3034.0,2013.0,0.258,singleFamily,48,631260.0,2025,https://www.zillow.com,https://photos.zillowstatic.com/fp/7c6fbf55d938fe6fa9df292d30ea845d-p_c.jpg,2026-06-15 13:52,For Sale
26586072,4208 Bretton Bay Cir,75287,Dallas,TX,32.99047,-96.83813,708000,190.0,-20985.0,688600.0,6591.0,5.0,5.0,3731.0,1978.0,0.29,singleFamily,53,854163.0,2025,https://www.zillow.com,https://photos.zillowstatic.com/fp/0d1b05968138dd2efb376093cef5f2a7-p_c.jpg,2026-06-15 13:52,For Sale
26695831,5406 Mercedes Ave,75206,Dallas,TX,32.82796,-96.777054,1649000,620.0,,1553300.0,5786.0,3.0,2.0,2658.0,1929.0,7797.24,singleFamily,5,1137940.0,2025,https://www.zillow.com,https://photos.zillowstatic.com/fp/2fe4e5d4aaac52a6a2074a334199caf8-p_c.jpg,2026-06-15 13:52,For Sale
26914578,5651 Centeridge Dr,75249,Dallas,TX,32.657757,-96.962456,249900,167.0,,244600.0,2015.0,3.0,2.0,1492.0,1988.0,6751.8,singleFamily,3,276510.0,2025,https://www.zillow.com,https://photos.zillowstatic.com/fp/11405702ba17e1db7f31c315bba742dd-p_c.jpg,2026-06-15 13:52,For Sale
26840287,9519 Springwater Dr,75228,Dallas,TX,32.82239,-96.69538,639000,269.0,,618600.0,3343.0,4.0,3.0,2375.0,1965.0,10628.64,singleFamily,9,639610.0,2025,https://www.zillow.com,https://photos.zillowstatic.com/fp/18842ba9e6cfe461155d96be7952ebfe-p_c.jpg,2026-06-15 13:52,For Sale
26843039,10870 Cassandra Way,75228,Dallas,TX,32.843506,-96.66248,269000,204.0,,,2068.0,4.0,2.0,1320.0,1955.0,7300.0,singleFamily,26,236200.0,2025,https://www.zillow.com,https://photos.zillowstatic.com/fp/9e355116f3bcb453ed2e8b7930166b39-p_c.jpg,2026-06-15 13:52,For Sale
26858134,6818 Truxton Dr,75231,Dallas,TX,32.87335,-96.73894,950000,327.0,,914200.0,5143.0,4.0,3.0,2907.0,1972.0,10410.84,singleFamily,3,845560.0,2025,https://www.zillow.com,https://photos.zillowstatic.com/fp/b32c34ca4051957081f1ed596e120c2b-p_c.jpg,2026-06-15 13:52,For Sale
26691079,2618 Carpenter Ave,75215,Dallas,TX,32.755753,-96.757614,425000,207.0,,,,4.0,3.0,2050.0,2023.0,7405.2,singleFamily,17,475410.0,2025,https://www.zillow.com,https://photos.zillowstatic.com/fp/ef3d8f00b432dc481039b057b1b81ce8-p_c.jpg,2026-06-15 13:52,For Sale
53071132,6527 Genstar Ln,75252,Dallas,TX,33.00275,-96.79025,599400,268.0,-500.0,,3505.0,3.0,2.0,2235.0,1979.0,8712.0,singleFamily,31,537904.0,2025,https://www.zillow.com,https://photos.zillowstatic.com/fp/4738aa7bf0717eb634c53a86c4f8b09e-p_c.jpg,2026-06-15 13:52,For Sale
26700999,7142 Shook Ave,75214,Dallas,TX,32.815247,-96.73496,1049000,418.0,,996000.0,4962.0,3.0,2.0,2508.0,1954.0,9234.72,singleFamily,23,945380.0,2025,https://www.zillow.com,https://photos.zillowstatic.com/fp/176a06f4288d7c23efdf0353c30a2cfc-p_c.jpg,2026-06-15 13:52,For Sale
26880173,3856 Antigua Dr,75244,Dallas,TX,32.919403,-96.849106,699900,313.0,,,,4.0,3.0,2237.0,1968.0,10018.8,singleFamily,3,575130.0,2025,https://www.zillow.com,https://photos.zillowstatic.com/fp/f4129a8e6d68d47723ea0276210e3723-p_c.jpg,2026-06-15 13:52,For Sale
26752796,7142 Lakehurst Ave,75230,Dallas,TX,32.88415,-96.7803,1587000,482.0,,,,5.0,4.0,3290.0,1964.0,0.283,singleFamily,3,1177720.0,2025,https://www.zillow.com,https://photos.zillowstatic.com/fp/34a6632933e467bdc7e90f25b23a1d89-p_c.jpg,2026-06-15 13:52,For Sale
26703976,5710 Kenwood Ave,75206,Dallas,TX,32.832848,-96.769585,815000,565.0,,801100.0,3987.0,3.0,2.0,1443.0,1945.0,6446.88,singleFamily,17,712800.0,2025,https://www.zillow.com,https://photos.zillowstatic.com/fp/18dbd4e261ba88133ecf14b66d6c3514-p_c.jpg,2026-06-15 13:52,For Sale
26878494,6451 Moonhill Dr,75241,Dallas,TX,32.66149,-96.76671,154300,103.0,-13200.0,,,4.0,2.0,1499.0,1971.0,7143.84,singleFamily,89,227190.0,2025,https://www.zillow.com,https://photos.zillowstatic.com/fp/2264eb83b44a16cbc048154f863bbf48-p_c.jpg,2026-06-15 13:52,For Sale
26825052,815 Wood River Rd,75232,Dallas,TX,32.676704,-96.83642,173000,84.0,,,2264.0,3.0,2.0,2063.0,1968.0,0.304,singleFamily,40,304710.0,2025,https://www.zillow.com,https://photos.zillowstatic.com/fp/3772813582ce8db295c4f5d8c11229c9-p_c.jpg,2026-06-15 13:52,For Sale
26853837,807 Havenwood Dr,75232,Dallas,TX,32.656685,-96.835655,235000,108.0,-5000.0,232400.0,2388.0,4.0,2.0,2172.0,1960.0,0.26,singleFamily,34,297100.0,2025,https://www.zillow.com,https://photos.zillowstatic.com/fp/c906c089b0eeea2181e561e863d2d5a5-p_c.jpg,2026-06-15 13:52,For Sale
26809365,3239 Whitehall Dr,75229,Dallas,TX,32.901062,-96.86707,1895000,433.0,,1536700.0,4931.0,5.0,6.0,4375.0,2025.0,0.29200000000000004,singleFamily,2,514340.0,2025,https://www.zillow.com,https://photos.zillowstatic.com/fp/1b5ab18653ede1e93695ef00d1949fbb-p_c.jpg,2026-06-15 13:52,For Sale
67964471,4121 McKinney Ave APT 50,75204,Dallas,TX,32.815117,-96.79201,475000,255.0,,,,2.0,3.0,1860.0,2003.0,0.9400000000000001,condo,2,530100.0,2025,https://www.zillow.com,https://photos.zillowstatic.com/fp/b791bc98d03e7efd93fb13c2c81cdf61-p_c.jpg,2026-06-15 13:52,For Sale
26899191,3901 Turtle Creek Blvd #7,75219,Dallas,TX,32.816788,-96.79974,8900000,1310.0,,,,3.0,6.0,6792.0,1997.0,7535.88,singleFamily,55,3145000.0,2025,https://www.zillow.com,https://photos.zillowstatic.com/fp/da8210692bd7a70faad4b9c3fc7bf180-p_c.jpg,2026-06-15 13:52,For Sale
26912448,2306 Balvanera Plz,75211,Dallas,TX,32.717636,-96.90108,248000,165.0,,239100.0,2319.0,3.0,3.0,1506.0,2000.0,740.52,singleFamily,32,255430.0,2025,https://www.zillow.com,https://photos.zillowstatic.com/fp/c216ec23116e40e9dec01b99adc05429-p_c.jpg,2026-06-15 13:52,For Sale
80233389,45 Kennington Ct,75248,Dallas,TX,32.970066,-96.8148,2700000,446.0,,2530300.0,6955.0,4.0,6.0,6059.0,2006.0,0.378,singleFamily,24,2300000.0,2025,https://www.zillow.com,https://photos.zillowstatic.com/fp/96c925880bc7ed387c56fe2ab083e9ec-p_c.jpg,2026-06-15 13:52,For Sale
26752424,6936 Stefani Dr,75225,Dallas,TX,32.87816,-96.78539,1200000,431.0,,,5693.0,4.0,3.0,2784.0,1967.0,0.30647382920110194,singleFamily,38,800000.0,2025,https://www.zillow.com,https://photos.zillowstatic.com/fp/11ae8562cb0bb5b2c71e07f66484b236-p_c.jpg,2026-06-15 13:52,For Sale
26714332,1100 S Brighton Ave,75208,Dallas,TX,32.734875,-96.8501,249000,185.0,-18990.0,236600.0,2443.0,3.0,2.0,1344.0,1925.0,5924.16,singleFamily,134,374940.0,2025,https://www.zillow.com,https://photos.zillowstatic.com/fp/b40d14c1637ab68c4ac640f64c584e61-p_c.jpg,2026-06-15 13:52,For Sale
26678921,4725 Swiss Ave,75204,Dallas,TX,32.80015,-96.772545,649000,271.0,,621000.0,4499.0,4.0,3.0,2396.0,1910.0,7013.16,singleFamily,24,486770.0,2025,https://www.zillow.com,https://photos.zillowstatic.com/fp/686121dc4f9f4c716b68bf8106acea2a-p_c.jpg,2026-06-15 13:52,For Sale
26704599,5332 Longview St,75206,Dallas,TX,32.830578,-96.778336,759000,367.0,-16000.0,,,3.0,3.0,2068.0,2005.0,3963.96,singleFamily,35,731620.0,2025,https://www.zillow.com,https://photos.zillowstatic.com/fp/4390a125fc11517c3b759ed69c99bcae-p_c.jpg,2026-06-15 13:52,For Sale
26706818,6413 Westlake Ave,75214,Dallas,TX,32.82222,-96.752235,1639000,534.0,-56000.0,1566900.0,5434.0,4.0,4.0,3068.0,1972.0,8842.68,singleFamily,31,1410000.0,2025,https://www.zillow.com,https://photos.zillowstatic.com/fp/cea2c3f17f2363b03daba86593c358be-p_c.jpg,2026-06-15 13:52,For Sale
26787721,3611 Marsh Lane Pl,75220,Dallas,TX,32.87962,-96.85696,525000,209.0,-50000.0,,,3.0,3.0,2512.0,1953.0,10846.44,singleFamily,68,575000.0,2025,https://www.zillow.com,https://photos.zillowstatic.com/fp/acb7031a247e670b8196f34514758855-p_c.jpg,2026-06-15 13:52,For Sale
26887063,8517 Clover Meadow Dr,75243,Dallas,TX,32.894066,-96.73541,625000,192.0,-35000.0,616200.0,4631.0,4.0,4.0,3248.0,1978.0,0.29,singleFamily,207,755630.0,2025,https://www.zillow.com,https://photos.zillowstatic.com/fp/5d294644ce75c9ffbe9e95faf94f67a2-p_c.jpg,2026-06-15 13:52,For Sale
26808033,3234 Grantwood Dr,75229,Dallas,TX,32.88843,-96.871315,599000,263.0,,573700.0,3793.0,4.0,3.0,2276.0,1967.0,0.267,singleFamily,5,564510.0,2025,https://www.zillow.com,https://photos.zillowstatic.com/fp/4795443d37eaa5279367943d3ea63b33-p_c.jpg,2026-06-15 13:52,For Sale
26857947,4432 Willow Ln,75244,Dallas,TX,32.91401,-96.83275,1799000,430.0,,,7032.0,5.0,6.0,4181.0,1963.0,0.39,singleFamily,16,1225310.0,2025,https://www.zillow.com,https://photos.zillowstatic.com/fp/3b31670be038c9f15ddb6c1f87e35ca0-p_c.jpg,2026-06-15 13:52,For Sale
26690629,5326 Vickery Blvd,75206,Dallas,TX,32.82209,-96.77877,1199990,513.0,,1137800.0,6032.0,3.0,3.0,2340.0,1920.0,8494.2,singleFamily,9,865540.0,2025,https://www.zillow.com,https://photos.zillowstatic.com/fp/c99af7459b919b5469d4881837b74a9d-p_c.jpg,2026-06-15 13:52,For Sale
26848384,13693 Peyton Dr,75240,Dallas,TX,32.934937,-96.778435,1695000,390.0,,1999900.0,7604.0,5.0,6.0,4347.0,2023.0,0.569,singleFamily,4,1255000.0,2025,https://www.zillow.com,https://photos.zillowstatic.com/fp/d163449193dfada43b943e6d54d278ae-p_c.jpg,2026-06-15 13:52,For Sale
26822180,6224 Highland Hills Dr,75241,Dallas,TX,32.671944,-96.75964,130000,95.0,,180100.0,1771.0,4.0,2.0,1364.0,1970.0,7230.96,singleFamily,4,193920.0,2025,https://www.zillow.com,https://photos.zillowstatic.com/fp/f64f0125e0c911a2425d778da752a76a-p_c.jpg,2026-06-15 13:52,For Sale
26785054,7153 Teresita Trl,75227,Dallas,TX,32.792137,-96.68907,355000,159.0,-15000.0,353200.0,3039.0,4.0,3.0,2232.0,1978.0,0.255,singleFamily,107,335020.0,2025,https://www.zillow.com,https://photos.zillowstatic.com/fp/ba8feed89f2c8a231a2c8d4384da2463-p_c.jpg,2026-06-15 13:52,For Sale
304024594,17628 Bottlebrush Dr,75252,Dallas,TX,32.990368,-96.75908,597000,258.0,,,,4.0,3.0,2311.0,2019.0,4399.56,singleFamily,2,625642.0,2025,https://www.zillow.com,https://photos.zillowstatic.com/fp/06ee5a4ee11013df99feb5fa2a4f44c0-p_c.jpg,2026-06-15 13:52,For Sale
26839025,10811 Stone Canyon Pl,75230,Dallas,TX,32.894802,-96.77488,975000,287.0,,,,3.0,3.0,3397.0,1978.0,0.309,singleFamily,3,1555000.0,2025,https://www.zillow.com,https://photos.zillowstatic.com/fp/8e77754932583e097df299e53d659773-p_c.jpg,2026-06-15 13:52,For Sale
26782150,4708 Dove Creek Way,75232,Dallas,TX,32.687206,-96.84905,269500,162.0,,245000.0,2351.0,3.0,2.0,1664.0,1956.0,0.5680000000000001,singleFamily,5,267150.0,2025,https://www.zillow.com,https://photos.zillowstatic.com/fp/0131330be0542d53ba63bf0eecf35d82-p_c.jpg,2026-06-15 13:52,For Sale
55145251,3219 Renaissance Dr,75287,Dallas,TX,32.995758,-96.86498,390000,229.0,,382400.0,2427.0,3.0,3.0,1704.0,1992.0,4051.08,singleFamily,6,362000.0,2025,https://www.zillow.com,https://photos.zillowstatic.com/fp/f29855b099c460b60c2094cdb5670da5-p_c.jpg,2026-06-15 13:52,For Sale
67965203,3225 Turtle Creek Blvd APT 530,75219,Dallas,TX,32.80584,-96.80469,289000,354.0,,284000.0,2053.0,1.0,1.0,816.0,1998.0,3.536,condo,3,277440.0,2025,https://www.zillow.com,https://photos.zillowstatic.com/fp/f2e78f02af3b36f4e811b06b4cd4227a-p_c.jpg,2026-06-15 13:52,For Sale
26807792,3060 Timberview Rd,75229,Dallas,TX,32.88321,-96.872246,635000,259.0,,609200.0,3964.0,4.0,3.0,2454.0,1963.0,10018.8,singleFamily,2,509110.0,2025,https://www.zillow.com,https://photos.zillowstatic.com/fp/7b7b0bab43ab5ccea3302f0918f81de0-p_c.jpg,2026-06-15 13:52,For Sale
444242369,8181 Douglas Ave #Penthouse 9-12,75225,Dallas,TX,32.86198,-96.80891,17500000,1228.0,,,,5.0,13.0,14250.0,1982.0,0.4255,condo,43,,,https://www.zillow.com,https://photos.zillowstatic.com/fp/740a8ec79973c1a2fb3483c4cdf6d421-p_c.jpg,2026-06-15 13:52,For Sale
26759936,8605 Preston Rd,75225,Dallas,TX,32.868378,-96.80515,17500000,1931.0,-5500000.0,,,2.0,6.0,9062.0,1996.0,3.204,singleFamily,223,8696530.0,2025,https://www.zillow.com,https://photos.zillowstatic.com/fp/ddd282a73cbd1cbf70b64d742471e30f-p_c.jpg,2026-06-15 13:52,For Sale
26803813,5907 Northaven Rd,75230,Dallas,TX,32.90257,-96.80726,2100000,724.0,,1988000.0,6555.0,4.0,3.0,2900.0,1959.0,0.474,singleFamily,8,1285750.0,2025,https://www.zillow.com,https://photos.zillowstatic.com/fp/ca34456e9caf61266e8aa35b73fa98e9-p_c.jpg,2026-06-15 13:52,For Sale
26686496,3523 Edgewood St,75215,Dallas,TX,32.760727,-96.76876,120000,100.0,,,,4.0,3.0,1200.0,1935.0,5662.8,singleFamily,8,119860.0,2025,https://www.zillow.com,https://photos.zillowstatic.com/fp/366167a2e259473402d82a8317cd91dc-p_c.jpg,2026-06-15 13:52,For Sale
26744180,9934 Galway Dr,75218,Dallas,TX,32.838593,-96.69824,720000,339.0,,677800.0,3387.0,3.0,2.0,2125.0,1960.0,0.335,singleFamily,3,590030.0,2025,https://www.zillow.com,https://photos.zillowstatic.com/fp/c1b76fd229a88b89360624c499b68f7a-p_c.jpg,2026-06-15 13:52,For Sale
96517489,3248 Potters House Way,75236,Dallas,TX,32.697968,-96.94724,494500,161.0,-4500.0,486700.0,3535.0,4.0,3.0,3068.0,2012.0,9583.2,singleFamily,38,519970.0,2025,https://www.zillow.com,https://photos.zillowstatic.com/fp/e868168e889cd3bafbe2b82d5a59e309-p_c.jpg,2026-06-15 13:52,For Sale
26866953,9624 Bellewood Dr,75238,Dallas,TX,32.8743,-96.72172,2250000,496.0,,2187100.0,4999.0,4.0,5.0,4536.0,2026.0,9234.72,singleFamily,9,740000.0,2025,https://www.zillow.com,https://photos.zillowstatic.com/fp/e4ff69b303bdde1c0898e810c152c48a-p_c.jpg,2026-06-15 13:52,For Sale
96516875,5727 Mountain Hollow Dr,75249,Dallas,TX,32.658775,-96.96468,450000,131.0,,442200.0,4137.0,4.0,3.0,3423.0,2011.0,0.309,singleFamily,4,510040.0,2025,https://www.zillow.com,https://photos.zillowstatic.com/fp/9e545a8cf800f2ee39afe42d4d733506-p_c.jpg,2026-06-15 13:52,For Sale
303984242,1918 Olive St Unit 4202,75201,Dallas,TX,32.78935,-96.800224,11500000,2458.0,,10664600.0,5074.0,2.0,4.0,4678.0,2020.0,,condo,195,8899990.0,2025,https://www.zillow.com,https://photos.zillowstatic.com/fp/b0e6d74d3346417389064823dfa7a7ce-p_c.jpg,2026-06-15 13:52,For Sale
69667641,936 W Colorado Blvd,75208,Dallas,TX,32.75837,-96.83838,1600000,395.0,,1526300.0,7492.0,4.0,4.0,4050.0,2005.0,0.38799999999999996,singleFamily,2,1200000.0,2025,https://www.zillow.com,https://photos.zillowstatic.com/fp/2f1ce23b972ec7075a966e2013afb51a-p_c.jpg,2026-06-15 13:52,For Sale
26637822,6031 Willow Wood Ln,75252,Dallas,TX,33.011288,-96.803055,450000,244.0,,,,2.0,3.0,1842.0,1986.0,3920.4,singleFamily,4,397068.0,2025,https://www.zillow.com,https://photos.zillowstatic.com/fp/f2edb0b70276b5319d425a5a05388890-p_c.jpg,2026-06-15 13:52,For Sale
26759041,4243 Beechwood Ln,75220,Dallas,TX,32.875854,-96.83681,2749000,543.0,,2383800.0,7628.0,4.0,5.0,5063.0,1950.0,0.478,singleFamily,1,1975560.0,2025,https://www.zillow.com,https://photos.zillowstatic.com/fp/5b0c2b310bdd0eaf23264dc6ec48d854-p_c.jpg,2026-06-15 13:52,For Sale
26875951,6353 Southpoint Dr,75248,Dallas,TX,32.97805,-96.79835,599900,198.0,-15000.0,,,4.0,4.0,3031.0,1991.0,3179.88,singleFamily,37,493830.0,2025,https://www.zillow.com,https://photos.zillowstatic.com/fp/1bf5ef700ea58748e5fe8c5869cca9f3-p_c.jpg,2026-06-15 13:52,For Sale
26707164,7034 Cornelia Ln,75214,Dallas,TX,32.82831,-96.73753,1600000,493.0,,,5919.0,5.0,3.0,3248.0,1952.0,0.3540633608815427,singleFamily,24,1553790.0,2025,https://www.zillow.com,https://photos.zillowstatic.com/fp/4d9435e621008c4d26fc88ae88c1f5e3-p_c.jpg,2026-06-15 13:52,For Sale
53389146,5602 Reiger Ave,75214,Dallas,TX,32.80205,-96.757095,675000,302.0,,648200.0,3832.0,4.0,3.0,2238.0,1927.0,5227.2,singleFamily,3,485000.0,2025,https://www.zillow.com,https://photos.zillowstatic.com/fp/e3fd6be797089f0258d76b10fd54bcbf-p_c.jpg,2026-06-15 13:52,For Sale
26904817,6218 Everglade Rd,75227,Dallas,TX,32.78552,-96.69694,370000,170.0,,369300.0,2650.0,4.0,3.0,2180.0,1998.0,6751.8,singleFamily,2,355880.0,2025,https://www.zillow.com,https://photos.zillowstatic.com/fp/fd92f91e0cfcf83e7ff7a635b6b2468b-p_c.jpg,2026-06-15 13:52,For Sale
338040266,7333 Valley View Ln #604,75240,Dallas,TX,32.92667,-96.778564,515000,260.0,,500900.0,3329.0,2.0,3.0,1984.0,2019.0,1306.8,townhome,24,475140.0,2025,https://www.zillow.com,https://photos.zillowstatic.com/fp/e784aa491b3e7a2c8b72759268fedf2f-p_c.jpg,2026-06-15 13:52,For Sale
249773989,17605 Crabapple Ct,75252,Dallas,TX,32.99067,-96.76403,1100000,247.0,,1056700.0,4597.0,5.0,5.0,4459.0,2017.0,8363.52,singleFamily,3,997881.0,2025,https://www.zillow.com,https://photos.zillowstatic.com/fp/c31f270f2a732c5d7e606afc5a3f8428-p_c.jpg,2026-06-15 13:52,For Sale
26703533,6011 McCommas Blvd,75206,Dallas,TX,32.83021,-96.76371,899000,365.0,-101000.0,863800.0,5004.0,2.0,3.0,2464.0,1935.0,7666.56,singleFamily,64,864000.0,2025,https://www.zillow.com,https://photos.zillowstatic.com/fp/754441fc1723378c2ed1faa5b87f265a-p_c.jpg,2026-06-15 13:52,For Sale
54010848,17911 Meadowchase Way,75287,Dallas,TX,32.99258,-96.860535,399000,161.0,-31000.0,,3058.0,4.0,3.0,2481.0,1995.0,5227.2,singleFamily,37,446223.0,2025,https://www.zillow.com,https://photos.zillowstatic.com/fp/2d2bbd8bcc98a3224bb5346b1771b36c-p_c.jpg,2026-06-15 13:52,For Sale
26878764,3707 Judge Dupree Dr,75241,Dallas,TX,32.667046,-96.76175,160000,117.0,,181300.0,1821.0,4.0,2.0,1364.0,1971.0,7579.44,singleFamily,2,215830.0,2025,https://www.zillow.com,https://photos.zillowstatic.com/fp/0b55e4a47cc56ce8f4af266c15473c6e-p_c.jpg,2026-06-15 13:52,For Sale
26872152,6907 Hillwood Ln,75248,Dallas,TX,32.957848,-96.79019,675000,240.0,,650100.0,3902.0,4.0,3.0,2811.0,1971.0,0.28400000000000003,singleFamily,2,727530.0,2025,https://www.zillow.com,https://photos.zillowstatic.com/fp/2b9aa69aca8d168fd9889935b6e3ea51-p_c.jpg,2026-06-15 13:52,For Sale
344555563,2404 Colony Ct #2406,75235,Dallas,TX,32.835716,-96.85545,340000,219.0,10000.0,,3120.0,4.0,2.0,1552.0,1947.0,6072.264,multiFamily,11,,,https://www.zillow.com,https://photos.zillowstatic.com/fp/d4569230752917f565989118ae61927c-p_c.jpg,2026-06-15 13:52,For Sale
26706748,6631 Sunnyland Ln,75214,Dallas,TX,32.8278,-96.74609,1350000,464.0,,1281000.0,5507.0,5.0,4.0,2912.0,1950.0,8232.84,singleFamily,5,972720.0,2025,https://www.zillow.com,https://photos.zillowstatic.com/fp/99384337c0e9693f9f4174baa28d01d1-p_c.jpg,2026-06-15 13:52,For Sale
26807900,3337 Whirlaway Rd,75229,Dallas,TX,32.882435,-96.866615,845000,273.0,-15000.0,816600.0,4660.0,5.0,4.0,3093.0,1961.0,10193.04,singleFamily,13,476690.0,2025,https://www.zillow.com,https://photos.zillowstatic.com/fp/7381f9fccf88b53199a1ce3eff39cd9c-p_c.jpg,2026-06-15 13:52,For Sale
96521412,2414 Anderson St,75215,Dallas,TX,32.746178,-96.75496,325000,168.0,,322900.0,2639.0,4.0,4.0,1940.0,2025.0,1873.08,singleFamily,18,18840.0,2025,https://www.zillow.com,https://photos.zillowstatic.com/fp/160602db0a0c542379fedd78ae06e6a3-p_c.jpg,2026-06-15 13:52,For Sale
26585965,5420 Hilton Head Dr,75287,Dallas,TX,32.987755,-96.82439,1139900,290.0,,1089300.0,6037.0,5.0,4.0,3931.0,1982.0,0.37,singleFamily,11,957000.0,2025,https://www.zillow.com,https://photos.zillowstatic.com/fp/19bffdfb82880d22fa8a997675418300-p_c.jpg,2026-06-15 13:52,For Sale
26690351,5645 Vickery Blvd,75206,Dallas,TX,32.822723,-96.77035,1699000,526.0,,,,4.0,3.0,3227.0,2014.0,8494.2,singleFamily,18,1543690.0,2025,https://www.zillow.com,https://photos.zillowstatic.com/fp/faa22aa792b686f17f213d793cf6669e-p_c.jpg,2026-06-15 13:52,For Sale
26888478,10015 Chimney Hill Ln,75243,Dallas,TX,32.916225,-96.72445,524990,204.0,,510000.0,4517.0,4.0,3.0,2578.0,1979.0,8886.24,singleFamily,16,460000.0,2025,https://www.zillow.com,https://photos.zillowstatic.com/fp/117992e67b8bdbda7a3ebccbf1a20d44-p_c.jpg,2026-06-15 13:52,For Sale
26703463,6231 McCommas Blvd,75214,Dallas,TX,32.82956,-96.75874,2250000,445.0,-25000.0,2170800.0,6734.0,5.0,6.0,5057.0,2025.0,7274.52,singleFamily,33,1162370.0,2025,https://www.zillow.com,https://photos.zillowstatic.com/fp/95b6696b03a62661f10aa33cc60a0c3e-p_c.jpg,2026-06-15 13:52,For Sale
26773797,841 Brookwood Dr,75224,Dallas,TX,32.71034,-96.84375,275000,163.0,,,1803.0,3.0,2.0,1690.0,1960.0,9988.0,singleFamily,25,284190.0,2025,https://www.zillow.com,https://photos.zillowstatic.com/fp/e627fa63f9252856e712b6e3b27d1a63-p_c.jpg,2026-06-15 13:52,For Sale
53389844,2218 Ash Grove Way,75228,Dallas,TX,32.811115,-96.70503,669000,287.0,,,,4.0,3.0,2329.0,2001.0,4617.36,singleFamily,38,583460.0,2025,https://www.zillow.com,https://photos.zillowstatic.com/fp/5b4d5da99dd26258b930a31a32f9045c-p_c.jpg,2026-06-15 13:52,For Sale
26714388,1442 Stella Ave,75216,Dallas,TX,32.727345,-96.802475,519000,167.0,-30000.0,517100.0,4413.0,5.0,4.0,3100.0,2026.0,8058.6,singleFamily,60,180780.0,2025,https://www.zillow.com,https://photos.zillowstatic.com/fp/5e4194e9b3ad3651cb82ccf0e10b6d99-p_c.jpg,2026-06-15 13:52,For Sale
67961836,4213 Dickason Ave APT 27,75219,Dallas,TX,32.81071,-96.814095,450000,228.0,-49900.0,437600.0,3149.0,2.0,2.0,1974.0,2004.0,1916.64,townhome,38,520000.0,2025,https://www.zillow.com,https://photos.zillowstatic.com/fp/e94369ad4b1ee43884f696c6b8c739ab-p_c.jpg,2026-06-15 13:52,For Sale
26741837,9710 Cloister Dr,75228,Dallas,TX,32.826977,-96.68982,650000,353.0,,631100.0,2682.0,3.0,3.0,1839.0,1953.0,9583.2,singleFamily,4,502000.0,2025,https://www.zillow.com,https://photos.zillowstatic.com/fp/f5e8f4c2a1ce3e2265b94a13431461b4-p_c.jpg,2026-06-15 13:52,For Sale
26898319,3719 Douglas Ave,75219,Dallas,TX,32.817707,-96.80801,725000,338.0,,699600.0,4313.0,3.0,3.0,2144.0,1996.0,3484.8,singleFamily,30,804640.0,2025,https://www.zillow.com,https://photos.zillowstatic.com/fp/1a7993950dc9a1e36b3b10d0d0361ffd-p_c.jpg,2026-06-15 13:52,For Sale
96490665,7817 Red Spring Rd,75241,Dallas,TX,32.65218,-96.82145,425000,194.0,-10000.0,,,4.0,3.0,2190.0,2026.0,5488.56,singleFamily,68,240880.0,2025,https://www.zillow.com,https://photos.zillowstatic.com/fp/ad5f818bb79d7fce838087aae0a2308a-p_c.jpg,2026-06-15 13:52,For Sale
26748569,6126 Highgate Ln,75214,Dallas,TX,32.849133,-96.7593,825000,348.0,-24000.0,799000.0,4553.0,3.0,2.0,2368.0,1971.0,8929.8,singleFamily,32,781060.0,2025,https://www.zillow.com,https://photos.zillowstatic.com/fp/994500028e5426b4ff15e03378e0967b-p_c.jpg,2026-06-15 13:52,For Sale
67961401,2714 Throckmorton St #B,75219,Dallas,TX,32.808525,-96.81385,725000,430.0,,697000.0,2996.0,2.0,2.0,1688.0,2002.0,3659.04,singleFamily,38,661340.0,2025,https://www.zillow.com,https://photos.zillowstatic.com/fp/2b142abeedc6d704a9fd5ddaf5eaef3e-p_c.jpg,2026-06-15 13:52,For Sale
26683537,3417 Pondrom St,75215,Dallas,TX,32.762173,-96.76905,115000,104.0,-10000.0,,2590.0,4.0,4.0,1104.0,1936.0,6229.08,singleFamily,28,136600.0,2025,https://www.zillow.com,https://photos.zillowstatic.com/fp/3cc0b306fad3dc210f07632055c81a9c-p_c.jpg,2026-06-15 13:52,For Sale
26785636,5320 Elkridge Dr,75227,Dallas,TX,32.790108,-96.705605,395000,177.0,,389500.0,3212.0,3.0,3.0,2226.0,1966.0,8581.32,singleFamily,65,374960.0,2025,https://www.zillow.com,https://photos.zillowstatic.com/fp/255ad6ddea9b011366c20de836a8b447-p_c.jpg,2026-06-15 13:52,For Sale
26701979,6941 Gaston Ave,75214,Dallas,TX,32.815536,-96.737885,5800000,746.0,-249729.0,5522800.0,7586.0,6.0,6.0,7777.0,2025.0,0.987,singleFamily,128,3603590.0,2025,https://www.zillow.com,https://photos.zillowstatic.com/fp/488b494e7aa62ae04b1e6f5a6b3703f5-p_c.jpg,2026-06-15 13:52,For Sale
2060201506,8106 Emsworth Dr,75231,Dallas,TX,32.891563,-96.76447,567500,322.0,,515500.0,3249.0,3.0,3.0,1760.0,2022.0,1611.72,singleFamily,2,540000.0,2025,https://www.zillow.com,https://photos.zillowstatic.com/fp/1df1a1999170ab7f820c82f5258cdd73-p_c.jpg,2026-06-15 13:52,For Sale
89377914,1648 Tampa Bay Dr,75217,Dallas,TX,32.68452,-96.66233,249997,161.0,-20002.0,241000.0,2189.0,4.0,2.0,1549.0,2008.0,7492.32,singleFamily,32,264270.0,2025,https://www.zillow.com,https://photos.zillowstatic.com/fp/9da7957083a83c11d834b0eebb0ed3e7-p_c.jpg,2026-06-15 13:52,For Sale
26694528,3703 York St,75210,Dallas,TX,32.765,-96.74545,298000,175.0,-1000.0,,2112.0,3.0,3.0,1699.0,2025.0,3267.0,singleFamily,116,26000.0,2025,https://www.zillow.com,https://photos.zillowstatic.com/fp/9b87a950a3f0806808cdcb563ebf8510-p_c.jpg,2026-06-15 13:52,For Sale
26874917,15825 El Estado Dr,75248,Dallas,TX,32.96463,-96.770966,590000,203.0,-10000.0,,,6.0,4.0,2906.0,1968.0,9670.32,singleFamily,86,551890.0,2025,https://www.zillow.com,https://photos.zillowstatic.com/fp/e782b213a976adb2c7bf4ea765b37ee1-p_c.jpg,2026-06-15 13:52,For Sale
26874249,7736 El Santo Ln,75248,Dallas,TX,32.961174,-96.77407,479000,207.0,-20000.0,470400.0,3612.0,4.0,2.0,2312.0,1966.0,9147.6,singleFamily,220,560070.0,2025,https://www.zillow.com,https://photos.zillowstatic.com/fp/5b34d63adc5906b6f384e02097ffc000-p_c.jpg,2026-06-15 13:52,For Sale
26914332,5919 Ranchero Ln,75236,Dallas,TX,32.681995,-96.92422,695000,249.0,,662400.0,2971.0,3.0,3.0,2794.0,1996.0,4.709,singleFamily,1,607240.0,2025,https://www.zillow.com,https://photos.zillowstatic.com/fp/7c8713c9f0fa0760dc826e60c820bc74-p_c.jpg,2026-06-15 13:52,For Sale
26876653,17214 Club Hill Dr,75248,Dallas,TX,32.98387,-96.814285,6595000,736.0,-404000.0,,,5.0,7.0,8964.0,1982.0,9234.72,singleFamily,66,4747970.0,2025,https://www.zillow.com,https://photos.zillowstatic.com/fp/5f5b8ed2c8c6df84539b3325cf678bd5-p_c.jpg,2026-06-15 13:52,For Sale
89370267,1712 Ironworks Dr,75253,Dallas,TX,32.683006,-96.60577,239900,171.0,,237900.0,1740.0,3.0,2.0,1401.0,2008.0,5619.24,singleFamily,2,240670.0,2025,https://www.zillow.com,https://photos.zillowstatic.com/fp/460105cbbf1f13536a81b6480c6c7a7b-p_c.jpg,2026-06-15 13:52,For Sale
304021712,17730 Bottlebrush Dr,75252,Dallas,TX,32.99154,-96.75904,589000,244.0,-10999.0,577200.0,3642.0,4.0,3.0,2414.0,2018.0,4399.56,singleFamily,79,602816.0,2025,https://www.zillow.com,https://photos.zillowstatic.com/fp/07ecba74c3e4d27894da8af2dfaaf566-p_c.jpg,2026-06-15 13:52,For Sale
26756908,11224 Northgate Cir,75230,Dallas,TX,32.901997,-96.80593,3995000,649.0,,3790900.0,21171.0,6.0,7.0,6160.0,2023.0,0.367,singleFamily,9,3561650.0,2025,https://www.zillow.com,https://photos.zillowstatic.com/fp/6267a02352a71d6ef2750e2bb9a45700-p_c.jpg,2026-06-15 13:52,For Sale
441552458,1143 Riverwood Rd,75217,Dallas,TX,32.697395,-96.69045,429000,192.0,,427500.0,3179.0,3.0,3.0,2239.0,2026.0,0.319,singleFamily,16,,,https://www.zillow.com,https://photos.zillowstatic.com/fp/9ad4aacec723bdb0bf68234466089f0a-p_c.jpg,2026-06-15 13:52,For Sale
26736116,4255 Cochran Chapel Rd,75209,Dallas,TX,32.862278,-96.837234,10900000,986.0,-595000.0,,,5.0,8.0,11056.0,2002.0,2.003,singleFamily,114,7387770.0,2025,https://www.zillow.com,https://photos.zillowstatic.com/fp/5e8815a2af30d03f451604378244c9c7-p_c.jpg,2026-06-15 13:52,For Sale
53389426,5726 La Vista Dr,75206,Dallas,TX,32.812546,-96.76811,550000,233.0,-49900.0,541900.0,4493.0,3.0,3.0,2359.0,1999.0,1742.4,townhome,40,564530.0,2025,https://www.zillow.com,https://photos.zillowstatic.com/fp/d45c0d3241b8e9647695ddbcd966aaa4-p_c.jpg,2026-06-15 13:52,For Sale
26749337,6438 E Lovers Ln,75214,Dallas,TX,32.850693,-96.75112,560000,427.0,,,,2.0,2.0,1310.0,1954.0,8755.56,singleFamily,2,539030.0,2025,https://www.zillow.com,https://photos.zillowstatic.com/fp/748267abbb0eb9f6573e35ba8f8d8ad9-p_c.jpg,2026-06-15 13:52,For Sale
26759779,5431 Edlen Dr,75220,Dallas,TX,32.879017,-96.81423,7400000,852.0,,,,5.0,7.0,8683.0,2000.0,1.0,singleFamily,13,5803920.0,2025,https://www.zillow.com,https://photos.zillowstatic.com/fp/2fe66a8d05f954b8b10f0e561c9df5e3-p_c.jpg,2026-06-15 13:52,For Sale
67961725,2111 Clark St APT H,75204,Dallas,TX,32.795803,-96.79481,549000,261.0,,531500.0,3893.0,2.0,3.0,2100.0,2003.0,1219.68,townhome,33,545320.0,2025,https://www.zillow.com,https://photos.zillowstatic.com/fp/d5b9a625342d3fb32f0b514efda335b8-p_c.jpg,2026-06-15 13:52,For Sale
26751108,7329 Edgerton Dr,75231,Dallas,TX,32.857544,-96.73505,585000,292.0,-5000.0,576300.0,3269.0,4.0,3.0,2006.0,1960.0,7766.748,singleFamily,87,566090.0,2025,https://www.zillow.com,https://photos.zillowstatic.com/fp/a8746595e435f258fa3ac003af6247c7-p_c.jpg,2026-06-15 13:52,For Sale
26863657,7717 Meadowhaven Dr,75254,Dallas,TX,32.948135,-96.773544,999000,359.0,,724700.0,3575.0,4.0,4.0,2785.0,1968.0,0.302,singleFamily,3,634100.0,2025,https://www.zillow.com,https://photos.zillowstatic.com/fp/595ccd347a9fc6ea432ae15fac2956bd-p_c.jpg,2026-06-15 13:52,For Sale
26710369,216 N Waverly Dr,75208,Dallas,TX,32.746502,-96.848755,635000,423.0,-14000.0,,2637.0,3.0,3.0,1500.0,1921.0,6201.0,singleFamily,18,344240.0,2025,https://www.zillow.com,https://photos.zillowstatic.com/fp/55f235160b79b85b757ea90ed1171206-p_c.jpg,2026-06-15 13:52,For Sale
2070562641,5312 Black Hawk St,75212,Dallas,TX,32.767216,-96.90552,317500,191.0,-2500.0,,,4.0,2.0,1664.0,2019.0,4486.68,singleFamily,268,,,https://www.zillow.com,https://photos.zillowstatic.com/fp/b8b80acddb6148d5c1641a644d4c8317-p_c.jpg,2026-06-15 13:52,For Sale
248829166,5160 Artemesia Ln,75209,Dallas,TX,32.826607,-96.818214,700000,362.0,-15000.0,687300.0,4616.0,3.0,4.0,1935.0,2018.0,1393.92,singleFamily,80,689950.0,2025,https://www.zillow.com,https://photos.zillowstatic.com/fp/c252f5371d0393e90750d2e50eadcb00-p_c.jpg,2026-06-15 13:52,For Sale
26717495,1111 N Winnetka Ave,75208,Dallas,TX,32.757713,-96.840576,725000,300.0,-50000.0,703400.0,4273.0,3.0,2.0,2416.0,1926.0,7840.8,singleFamily,33,667710.0,2025,https://www.zillow.com,https://photos.zillowstatic.com/fp/d712888b0f95b0776b514ad7c12fdaec-p_c.jpg,2026-06-15 13:52,For Sale
26608807,5623 Plumtree Dr,75252,Dallas,TX,32.99564,-96.80818,1050000,293.0,,1000900.0,5705.0,4.0,4.0,3585.0,1983.0,10018.8,singleFamily,19,838973.0,2025,https://www.zillow.com,https://photos.zillowstatic.com/fp/2bf0d921f93a049017701ff10e9a4bf0-p_c.jpg,2026-06-15 13:52,For Sale
26714909,1727 Ramsey Ave,75216,Dallas,TX,32.726795,-96.82075,699000,259.0,,151100.0,1507.0,4.0,5.0,2702.0,2026.0,7727.544,singleFamily,0,153000.0,2025,https://www.zillow.com,https://photos.zillowstatic.com/fp/6d6ea9881b29fde0149618b39da6dc69-p_c.jpg,2026-06-15 13:52,For Sale
26869003,9517 Fallbrook Dr,75243,Dallas,TX,32.902004,-96.73191,675000,264.0,,,,3.0,3.0,2556.0,1973.0,8276.4,singleFamily,10,608420.0,2025,https://www.zillow.com,https://photos.zillowstatic.com/fp/d0fcb1ce9deaff6780213af55ae1a252-p_c.jpg,2026-06-15 13:52,For Sale
26756970,10920 Strait Ln,75229,Dallas,TX,32.898327,-96.82428,9750000,870.0,-249999.0,9096300.0,7133.0,6.0,10.0,11211.0,2025.0,0.721,singleFamily,46,9362840.0,2025,https://www.zillow.com,https://photos.zillowstatic.com/fp/20d0cf0eb60450b125fba124e6413651-p_c.jpg,2026-06-15 13:52,For Sale
26900077,2630 Lakeforest Ct,75214,Dallas,TX,32.815388,-96.73142,640000,373.0,,626100.0,4130.0,3.0,2.0,1718.0,1994.0,5488.56,singleFamily,3,677000.0,2025,https://www.zillow.com,https://photos.zillowstatic.com/fp/0b1da2a28121a5b0ecbe08e479472bd0-p_c.jpg,2026-06-15 13:52,For Sale
26694650,3115 Reynolds Ave,75223,Dallas,TX,32.786644,-96.741325,139000,112.0,-21000.0,,,4.0,2.0,1244.0,1926.0,7100.28,singleFamily,95,155740.0,2025,https://www.zillow.com,https://photos.zillowstatic.com/fp/cf25b21c70ee17f65e0f5073e4826da1-p_c.jpg,2026-06-15 13:52,For Sale
26875101,7601 Carta Valley Dr,75248,Dallas,TX,32.97298,-96.77731,750000,280.0,,720900.0,5232.0,4.0,3.0,2683.0,1975.0,0.27299999999999996,singleFamily,10,654300.0,2025,https://www.zillow.com,https://photos.zillowstatic.com/fp/2d46261242bdb15a8e66873bfd0c8009-p_c.jpg,2026-06-15 13:52,For Sale
26734906,5023 W Purdue St,75209,Dallas,TX,32.854473,-96.82425,1299000,570.0,-50000.0,1239800.0,4887.0,3.0,3.0,2280.0,1939.0,7444.404,singleFamily,55,905420.0,2025,https://www.zillow.com,https://photos.zillowstatic.com/fp/b25df90784abb6ff41cc23ec39496a57-p_c.jpg,2026-06-15 13:52,For Sale
26906831,948 Carom Way,75217,Dallas,TX,32.728287,-96.64656,259900,139.0,,,,5.0,3.0,1875.0,1985.0,7884.36,singleFamily,31,238950.0,2025,https://www.zillow.com,https://photos.zillowstatic.com/fp/b3ee944f437c6231f547df991878d174-p_c.jpg,2026-06-15 13:52,For Sale
26807670,3066 Ponder Pl,75229,Dallas,TX,32.883717,-96.87463,500000,277.0,,,,3.0,3.0,1806.0,1966.0,0.29200000000000004,singleFamily,11,467120.0,2025,https://www.zillow.com,https://photos.zillowstatic.com/fp/6731c0350544ab805fdd028b4d3e61f1-p_c.jpg,2026-06-15 13:52,For Sale
351065786,2926 Lorena Jordan Rd,75212,Dallas,TX,32.78252,-96.86816,364990,187.0,-10000.0,360300.0,3077.0,4.0,3.0,1950.0,2024.0,3179.88,singleFamily,32,,,https://www.zillow.com,https://photos.zillowstatic.com/fp/250dee368fe3a951f984b633d1acdefc-p_c.jpg,2026-06-15 13:52,For Sale
162169838,601 Cristler Ave,75223,Dallas,TX,32.802513,-96.7469,325000,158.0,,304700.0,2136.0,4.0,3.0,2060.0,1922.0,7143.84,multiFamily,37,419230.0,2025,https://www.zillow.com,https://photos.zillowstatic.com/fp/180911ff5bc2b832485f93a3c05820c2-p_c.jpg,2026-06-15 13:52,For Sale
26702914,6002 Morningside Ave,75206,Dallas,TX,32.82863,-96.76346,949000,565.0,,,,3.0,2.0,1679.0,1948.0,8450.64,singleFamily,9,870650.0,2025,https://www.zillow.com,https://photos.zillowstatic.com/fp/939d468165b0ea5fdd4f248115004223-p_c.jpg,2026-06-15 13:52,For Sale
26829465,5808 Harvest Hill Rd,75230,Dallas,TX,32.92225,-96.807335,267500,202.0,-22500.0,,,3.0,3.0,1323.0,1970.0,3005.64,townhome,37,225670.0,2025,https://www.zillow.com,https://photos.zillowstatic.com/fp/c823e9c8459ad20da7d1112bc5f4a113-p_c.jpg,2026-06-15 13:52,For Sale
26882380,12330 Ferris Creek Ln,75243,Dallas,TX,32.915276,-96.731,320000,182.0,,322200.0,2484.0,3.0,2.0,1755.0,1978.0,8102.16,singleFamily,9,572710.0,2025,https://www.zillow.com,https://photos.zillowstatic.com/fp/9041f140df909bd87e044b7a689b3496-p_c.jpg,2026-06-15 13:52,For Sale
26911661,13251 Pandora Dr,75238,Dallas,TX,32.87431,-96.690414,315000,198.0,-14999.0,,,3.0,3.0,1589.0,1984.0,1132.56,singleFamily,39,454600.0,2025,https://www.zillow.com,https://photos.zillowstatic.com/fp/860080ae8f9015147105f162ca10eef6-p_c.jpg,2026-06-15 13:52,For Sale
26680596,3708 Spence St,75215,Dallas,TX,32.755756,-96.770706,419999,195.0,-5000.0,414100.0,2657.0,4.0,3.0,2150.0,2026.0,5488.56,singleFamily,58,49600.0,2025,https://www.zillow.com,https://photos.zillowstatic.com/fp/f8b2cef30017da08bfd99f1bc4e15d23-p_c.jpg,2026-06-15 13:52,For Sale
26689166,5617 Swiss Ave,75214,Dallas,TX,32.80813,-96.76333,2400000,602.0,-150000.0,2408900.0,6529.0,4.0,3.0,3985.0,1919.0,0.372,singleFamily,37,1780650.0,2025,https://www.zillow.com,https://photos.zillowstatic.com/fp/e472fbe5cebc1456d694bdef4354e3d4-p_c.jpg,2026-06-15 13:52,For Sale
26871299,7512 Woodstone Ln,75248,Dallas,TX,32.955345,-96.7779,1300000,306.0,,1254200.0,5369.0,5.0,4.0,4253.0,1967.0,0.308,singleFamily,2,699860.0,2025,https://www.zillow.com,https://photos.zillowstatic.com/fp/2c2cbbf15cb86101846157906946f603-p_c.jpg,2026-06-15 13:52,For Sale
26903486,6103 Aberdeen Ave,75230,Dallas,TX,32.882557,-96.801414,5695000,999.0,,5494600.0,8363.0,4.0,7.0,5700.0,2026.0,0.35600000000000004,singleFamily,12,2502990.0,2025,https://www.zillow.com,https://photos.zillowstatic.com/fp/3b18744a3ff84ec39c5b53024d882e3c-p_c.jpg,2026-06-15 13:52,For Sale
26844283,12135 Oberlin Dr,75243,Dallas,TX,32.913326,-96.75839,425000,268.0,,421200.0,2845.0,4.0,4.0,1583.0,1956.0,7535.88,singleFamily,17,207230.0,2025,https://www.zillow.com,https://photos.zillowstatic.com/fp/59e6f4e25782e28579bc00812387d39e-p_c.jpg,2026-06-15 13:52,For Sale
162814398,1011 Gallivant Ln,75218,Dallas,TX,32.82912,-96.71034,649000,390.0,-10000.0,635700.0,2790.0,3.0,3.0,1665.0,2016.0,2461.14,singleFamily,15,563360.0,2025,https://www.zillow.com,https://photos.zillowstatic.com/fp/ec82968615e130e903760d5d6c777fce-p_c.jpg,2026-06-15 13:52,For Sale
26713129,2534 Gladstone Dr,75211,Dallas,TX,32.73993,-96.86056,549500,257.0,,,,4.0,3.0,2136.0,2018.0,7492.32,singleFamily,4,565980.0,2025,https://www.zillow.com,https://photos.zillowstatic.com/fp/f659ac69ff649b97b72e343ddf43caaa-p_c.jpg,2026-06-15 13:52,For Sale
26703827,5803 Martel Ave,75206,Dallas,TX,32.831593,-96.76767,899000,392.0,-16000.0,,,3.0,3.0,2295.0,2024.0,3092.76,singleFamily,49,780660.0,2025,https://www.zillow.com,https://photos.zillowstatic.com/fp/2eb45aca242476c7820b55c12a272adb-p_c.jpg,2026-06-15 13:52,For Sale
60346656,2214 Worthington St,75204,Dallas,TX,32.7956,-96.79747,1275000,371.0,-175000.0,1241500.0,7801.0,3.0,5.0,3437.0,2002.0,1219.68,townhome,94,2008430.0,2025,https://www.zillow.com,https://photos.zillowstatic.com/fp/a5f96c00b73db1a2d2c54b44139acba6-p_c.jpg,2026-06-15 13:52,For Sale
26859659,13351 Kit Ln,75240,Dallas,TX,32.93011,-96.76611,555000,176.0,-10000.0,533900.0,4033.0,6.0,4.0,3162.0,1968.0,0.258,multiFamily,96,504500.0,2025,https://www.zillow.com,https://photos.zillowstatic.com/fp/d8e27de30488254a87d1048fae90dc20-p_c.jpg,2026-06-15 13:52,For Sale
26759091,9930 Strait Ln,75220,Dallas,TX,32.878914,-96.82568,4990000,778.0,,4926300.0,6798.0,5.0,6.0,6412.0,1971.0,0.951,singleFamily,5,3115610.0,2025,https://www.zillow.com,https://photos.zillowstatic.com/fp/d703d325e6d4af4a408b4d4bd6d72984-p_c.jpg,2026-06-15 13:52,For Sale
26871966,14810 Knollview Dr,75248,Dallas,TX,32.950333,-96.78659,685000,235.0,-10000.0,671000.0,4967.0,4.0,3.0,2912.0,1971.0,0.353,singleFamily,79,777100.0,2025,https://www.zillow.com,https://photos.zillowstatic.com/fp/5123508207e984afe5856a3a21698fe0-p_c.jpg,2026-06-15 13:52,For Sale
53071900,6608 Camille Ave,75252,Dallas,TX,32.9998,-96.789604,749000,290.0,,728700.0,3089.0,3.0,2.0,2582.0,1982.0,8276.4,singleFamily,34,592624.0,2025,https://www.zillow.com,https://photos.zillowstatic.com/fp/a025b1a95ed947a98579a3d32ff51f34-p_c.jpg,2026-06-15 13:52,For Sale
80228837,13731 Biggs St,75253,Dallas,TX,32.68139,-96.59222,227000,139.0,-3000.0,,,4.0,2.0,1638.0,2004.0,5227.2,singleFamily,288,228290.0,2025,https://www.zillow.com,https://photos.zillowstatic.com/fp/b46ee95d5284bf4a32a160246f9bd7ee-p_c.jpg,2026-06-15 13:52,For Sale
26748533,6214 Danbury Ln,75214,Dallas,TX,32.848488,-96.75715,1295000,344.0,,1226500.0,6137.0,4.0,4.0,3766.0,1970.0,8624.88,singleFamily,17,980000.0,2025,https://www.zillow.com,https://photos.zillowstatic.com/fp/291d78fc610b9724c75a208a4776078d-p_c.jpg,2026-06-15 13:52,For Sale
26767111,2319 Kathleen Ave,75216,Dallas,TX,32.705616,-96.790436,130000,144.0,-5000.0,,1526.0,3.0,1.0,904.0,1948.0,5924.16,singleFamily,51,167190.0,2025,https://www.zillow.com,https://photos.zillowstatic.com/fp/1ed857364c42c34f4a417389badd9ba8-p_c.jpg,2026-06-15 13:52,For Sale
26684099,5621 Tremont St,75214,Dallas,TX,32.804237,-96.75859,925000,272.0,,,,4.0,4.0,3399.0,1950.0,8232.84,singleFamily,4,651600.0,2025,https://www.zillow.com,https://photos.zillowstatic.com/fp/4791032a3abc80559504e71103a490b7-p_c.jpg,2026-06-15 13:52,For Sale
455632134,5705 Live Oak St #B,75206,Dallas,TX,32.810696,-96.763626,490000,330.0,-10000.0,485600.0,3539.0,2.0,3.0,1483.0,2026.0,5749.92,singleFamily,23,,,https://www.zillow.com,https://photos.zillowstatic.com/fp/a66b74356a5b9e659d2c8f8682c22b35-p_c.jpg,2026-06-15 13:52,For Sale
26868338,8261 Club Meadows Dr,75243,Dallas,TX,32.89444,-96.74896,675000,272.0,,,,4.0,3.0,2482.0,1978.0,6708.24,singleFamily,17,638020.0,2025,https://www.zillow.com,https://photos.zillowstatic.com/fp/99c862e4767825d8b305d3923b45aabd-p_c.jpg,2026-06-15 13:52,For Sale
26599187,17920 Hillcrest Rd,75252,Dallas,TX,32.995174,-96.78422,495000,219.0,,473500.0,3367.0,3.0,3.0,2264.0,1987.0,6969.6,singleFamily,54,485131.0,2025,https://www.zillow.com,https://photos.zillowstatic.com/fp/d4ca00159f1213c82c93af3f4beb161f-p_c.jpg,2026-06-15 13:52,For Sale
53389616,1676 Glade Forest Dr,75218,Dallas,TX,32.80505,-96.72278,995000,314.0,,952900.0,4844.0,4.0,4.0,3172.0,1999.0,9888.12,singleFamily,2,948760.0,2025,https://www.zillow.com,https://photos.zillowstatic.com/fp/fe3f6fcfb40976c65ea55a96e4c3c11e-p_c.jpg,2026-06-15 13:52,For Sale
453046203,9839 Walnut St APT T206,75243,Dallas,TX,32.916245,-96.736465,66500,65.0,-500.0,,1463.0,2.0,2.0,1031.0,1981.0,,condo,41,,,https://www.zillow.com,https://photos.zillowstatic.com/fp/74d8b81a585e6d3939040f4bfa812cdf-p_c.jpg,2026-06-15 13:52,For Sale
26871906,6810 Town Bluff Dr,75248,Dallas,TX,32.95476,-96.791534,719950,228.0,-17550.0,697400.0,4766.0,4.0,3.0,3161.0,1974.0,0.331,singleFamily,32,721940.0,2025,https://www.zillow.com,https://photos.zillowstatic.com/fp/bc742c27e2a6c9fb671da352e914e77c-p_c.jpg,2026-06-15 13:52,For Sale
461904732,4911 Clover Haven St,75227,Dallas,TX,32.786057,-96.68791,240990,179.0,-4000.0,240600.0,1887.0,3.0,2.0,1348.0,1986.0,3876.84,singleFamily,53,,,https://www.zillow.com,https://photos.zillowstatic.com/fp/1cca90c73b0e892bf3a3ba88ba0de31c-p_c.jpg,2026-06-15 13:52,For Sale
26897741,3021 Adolph St,75204,Dallas,TX,32.792656,-96.78921,595000,337.0,,,3520.0,3.0,2.0,1764.0,1983.0,5880.6,singleFamily,43,611530.0,2025,https://www.zillow.com,https://photos.zillowstatic.com/fp/396d48a56078ef66122237eed22ea9b5-p_c.jpg,2026-06-15 13:52,For Sale
26789989,3724 Highgrove Dr,75220,Dallas,TX,32.86873,-96.85501,1389900,339.0,,,,4.0,4.0,4100.0,2026.0,7448.76,singleFamily,25,407640.0,2025,https://www.zillow.com,https://photos.zillowstatic.com/fp/69f52aa4fef736549c798ed0a2ffeeb2-p_c.jpg,2026-06-15 13:52,For Sale
26609878,5831 London Ln,75252,Dallas,TX,32.999863,-96.80588,995000,255.0,,945300.0,5464.0,4.0,4.0,3897.0,1984.0,0.32999999999999996,singleFamily,2,1021723.0,2025,https://www.zillow.com,https://photos.zillowstatic.com/fp/816651b6767f319d5a1ede591f58f3e8-p_c.jpg,2026-06-15 13:52,For Sale
26893611,7246 Arbor Oaks Dr,75248,Dallas,TX,32.975502,-96.78178,925000,330.0,-25000.0,,,4.0,3.0,2805.0,1977.0,8494.2,singleFamily,74,850500.0,2025,https://www.zillow.com,https://photos.zillowstatic.com/fp/2c1d97b900485929056fe29f9e0cc0bd-p_c.jpg,2026-06-15 13:52,For Sale
26826036,1811 Reynoldston Ln,75232,Dallas,TX,32.67651,-96.850945,300000,148.0,,291000.0,2461.0,3.0,2.0,2022.0,1967.0,0.34500000000000003,singleFamily,14,289140.0,2025,https://www.zillow.com,https://photos.zillowstatic.com/fp/24eacceefa9b3ea697db2fe46a931390-p_c.jpg,2026-06-15 13:52,For Sale
448090458,10846 Sharondale Dr,75228,Dallas,TX,32.836918,-96.657875,275000,206.0,-14000.0,,,3.0,2.0,1336.0,1955.0,7927.92,singleFamily,17,,,https://www.zillow.com,https://photos.zillowstatic.com/fp/dcaf28cd12e84197c6160c90fefcd3bb-p_c.jpg,2026-06-15 13:52,For Sale
26758759,4625 Walnut Hill Ln,75229,Dallas,TX,32.880646,-96.82968,6985000,589.0,-60000.0,6523500.0,8662.0,5.0,7.0,11858.0,2024.0,0.96,singleFamily,150,8023830.0,2025,https://www.zillow.com,https://photos.zillowstatic.com/fp/103375634ea892680148e97dc49f5824-p_c.jpg,2026-06-15 13:52,For Sale
26637978,17927 Windflower Way,75252,Dallas,TX,32.996372,-96.80392,409900,189.0,-10000.0,401200.0,2989.0,3.0,3.0,2174.0,1990.0,4225.32,singleFamily,66,454758.0,2025,https://www.zillow.com,https://photos.zillowstatic.com/fp/4c5259b325b83ee8aa05f6f603970e5c-p_c.jpg,2026-06-15 13:52,For Sale
26870526,14015 Highmark Sq,75254,Dallas,TX,32.939445,-96.80321,600000,233.0,,580200.0,4058.0,3.0,3.0,2575.0,1980.0,6795.36,singleFamily,32,673310.0,2025,https://www.zillow.com,https://photos.zillowstatic.com/fp/4090b396b0eb06e646074b386208bb45-p_c.jpg,2026-06-15 13:52,For Sale
26867597,7310 Hundley Blvd,75231,Dallas,TX,32.881535,-96.74287,787000,312.0,,,,3.0,3.0,2522.0,1978.0,8319.96,singleFamily,11,650000.0,2025,https://www.zillow.com,https://photos.zillowstatic.com/fp/07e539ca9e2c3dfde793c6b2db2b32d3-p_c.jpg,2026-06-15 13:52,For Sale
26860589,709 Edgeworth Dr,75217,Dallas,TX,32.700817,-96.6363,140000,57.0,,,2629.0,4.0,2.0,2444.0,1955.0,0.42300000000000004,singleFamily,91,346210.0,2025,https://www.zillow.com,https://photos.zillowstatic.com/fp/a0e3a55a341157723918c6682a224424-p_c.jpg,2026-06-15 13:52,For Sale
26909393,4019 Scarsdale Ln,75227,Dallas,TX,32.771774,-96.6591,180000,171.0,-19000.0,177700.0,1828.0,3.0,2.0,1050.0,1995.0,3746.16,singleFamily,102,182830.0,2025,https://www.zillow.com,https://photos.zillowstatic.com/fp/f1675729592fc7ba2bc452575f727eb3-p_c.jpg,2026-06-15 13:52,For Sale
26657065,5951 Rosebud Dr,75252,Dallas,TX,32.997143,-96.80201,399000,222.0,,397600.0,2692.0,2.0,3.0,1801.0,1993.0,3049.2,singleFamily,6,408125.0,2025,https://www.zillow.com,https://photos.zillowstatic.com/fp/53fdcc55acad421a214af66869a14263-p_c.jpg,2026-06-15 13:52,For Sale
26750173,6723 Santa Anita Dr,75214,Dallas,TX,32.849342,-96.74358,499000,392.0,-16000.0,481900.0,3023.0,3.0,2.0,1272.0,1954.0,7405.2,singleFamily,23,514190.0,2025,https://www.zillow.com,https://photos.zillowstatic.com/fp/ada1a7e157143dc09e76fe52f38a9510-p_c.jpg,2026-06-15 13:52,For Sale
26885136,5403 Mona Ln,75236,Dallas,TX,32.67995,-96.92182,399000,187.0,-10999.0,388900.0,3098.0,4.0,3.0,2136.0,1965.0,0.316,singleFamily,8,300000.0,2025,https://www.zillow.com,https://photos.zillowstatic.com/fp/d052888a617550f0e62f8074e1747345-p_c.jpg,2026-06-15 13:52,For Sale
26857324,4755 Nome St,75216,Dallas,TX,32.7162,-96.74371,130000,119.0,,,1672.0,2.0,2.0,1092.0,1940.0,7448.76,singleFamily,17,171970.0,2025,https://www.zillow.com,https://photos.zillowstatic.com/fp/952535001d053794236a22c71c1ec2ab-p_c.jpg,2026-06-15 13:52,For Sale
26862895,4601 Country Creek Dr APT 1004,75236,Dallas,TX,32.698524,-96.89989,175000,167.0,,171500.0,1817.0,3.0,2.0,1050.0,1974.0,19.864,condo,9,165000.0,2025,https://www.zillow.com,https://photos.zillowstatic.com/fp/5ea52f529cbfd9d5b2405fa51fac4285-p_c.jpg,2026-06-15 13:52,For Sale
26822323,6525 Palm Island St,75241,Dallas,TX,32.66635,-96.75114,160000,89.0,,154900.0,1961.0,4.0,2.0,1790.0,1972.0,7535.88,singleFamily,53,256550.0,2025,https://www.zillow.com,https://photos.zillowstatic.com/fp/11599a24766e68ff098c5ca6bf9b3304-p_c.jpg,2026-06-15 13:52,For Sale
26899070,3919 Cole Ave APT 101,75204,Dallas,TX,32.811615,-96.79551,425000,355.0,-25000.0,412700.0,2489.0,2.0,2.0,1196.0,1981.0,0.255,singleFamily,74,340860.0,2025,https://www.zillow.com,https://photos.zillowstatic.com/fp/cbf1f247d56f573ad65abe8d6006c6b4-p_c.jpg,2026-06-15 13:52,For Sale
26860038,8034 Greenhollow Ln,75240,Dallas,TX,32.93785,-96.76769,418000,200.0,,416300.0,2942.0,5.0,3.0,2086.0,1961.0,8102.16,singleFamily,31,314120.0,2025,https://www.zillow.com,https://photos.zillowstatic.com/fp/d99684671c4bcd078842ebe66e66f571-p_c.jpg,2026-06-15 13:52,For Sale
26756994,10989 Crooked Creek Dr,75229,Dallas,TX,32.898315,-96.8227,4199000,796.0,-196000.0,4001400.0,18137.0,4.0,6.0,5276.0,2014.0,0.922,singleFamily,4,3674490.0,2025,https://www.zillow.com,https://photos.zillowstatic.com/fp/7ce1db50b7f8eb4315c61968c5ac8533-p_c.jpg,2026-06-15 13:52,For Sale
26755175,6031 Lupton Dr,75225,Dallas,TX,32.877293,-96.80259,6100000,870.0,-100000.0,5843400.0,7191.0,5.0,7.0,7009.0,2025.0,0.43199999999999994,singleFamily,79,2570190.0,2025,https://www.zillow.com,https://photos.zillowstatic.com/fp/48b0e44cb83164412f7f80ee793fdfab-p_c.jpg,2026-06-15 13:52,For Sale
26820164,2926 N Prairie Creek Rd,75227,Dallas,TX,32.762196,-96.66522,199000,124.0,,193300.0,2078.0,3.0,2.0,1602.0,1962.0,7797.24,singleFamily,38,214160.0,2025,https://www.zillow.com,https://photos.zillowstatic.com/fp/9c16793464937e1c89c683b6a429bc06-p_c.jpg,2026-06-15 13:52,For Sale
26686935,3817 Latimer St,75215,Dallas,TX,32.758835,-96.764114,79800,100.0,-8200.0,,1370.0,2.0,1.0,800.0,1926.0,3528.36,singleFamily,89,91200.0,2025,https://www.zillow.com,https://photos.zillowstatic.com/fp/57a52c969ab244a7ae2c8f63f4913c21-p_c.jpg,2026-06-15 13:52,For Sale
26870510,14104 Regency Pl,75254,Dallas,TX,32.940018,-96.8019,515000,246.0,,502600.0,2878.0,3.0,2.0,2096.0,1982.0,4486.68,singleFamily,2,449000.0,2025,https://www.zillow.com,https://photos.zillowstatic.com/fp/2e8af368db4f0d343d81b6907fcabb6f-p_c.jpg,2026-06-15 13:52,For Sale
333138912,1815 Browder St Unit E,75215,Dallas,TX,32.768303,-96.788536,469000,232.0,,462600.0,2997.0,3.0,4.0,2022.0,2015.0,740.52,townhome,5,448440.0,2025,https://www.zillow.com,https://photos.zillowstatic.com/fp/1455f4378003e4b5807c5a1535c24016-p_c.jpg,2026-06-15 13:52,For Sale
26787893,3610 Durango Dr,75220,Dallas,TX,32.86711,-96.858284,810000,270.0,,796700.0,2776.0,4.0,4.0,3000.0,2026.0,10105.92,singleFamily,2,526820.0,2025,https://www.zillow.com,https://photos.zillowstatic.com/fp/1447424716f5a98590edc3d8f38f8d5e-p_c.jpg,2026-06-15 13:52,For Sale
26698802,5322 W Mockingbird Ln,75209,Dallas,TX,32.8364,-96.820786,1100000,478.0,-49000.0,1064800.0,6794.0,3.0,3.0,2303.0,1979.0,7927.92,singleFamily,64,1062700.0,2025,https://www.zillow.com,https://photos.zillowstatic.com/fp/7b47b8d9d4b9e7b0c75cf14c1b3b6bd4-p_c.jpg,2026-06-15 13:52,For Sale
26826963,3644 Kimball Ridge Pl,75233,Dallas,TX,32.698097,-96.88151,209900,118.0,-5000.0,,2464.0,3.0,2.0,1776.0,1964.0,0.27899999999999997,singleFamily,5,325490.0,2025,https://www.zillow.com,https://photos.zillowstatic.com/fp/e7177d71d7c3256d176719ea05c57907-p_c.jpg,2026-06-15 13:52,For Sale
303984637,1478 Barrel Dr,75253,Dallas,TX,32.67136,-96.58665,300000,187.0,-10000.0,298100.0,1911.0,4.0,2.0,1604.0,2019.0,6011.28,singleFamily,72,267880.0,2025,https://www.zillow.com,https://photos.zillowstatic.com/fp/d3f93c165e2eaaa9e29205e2bd51b46b-p_c.jpg,2026-06-15 13:52,For Sale
455152761,2414 Merlin St,75215,Dallas,TX,32.775078,-96.77428,299900,164.0,14900.0,299700.0,2794.0,3.0,3.0,1832.0,2025.0,,singleFamily,331,,,https://www.zillow.com,https://photos.zillowstatic.com/fp/91b90021b7264137b0710455580e2b4f-p_c.jpg,2026-06-15 13:52,For Sale
26847313,2623 Heatherwood Dr,75228,Dallas,TX,32.821033,-96.68786,539000,261.0,-10000.0,531800.0,2573.0,4.0,3.0,2064.0,1963.0,8232.84,singleFamily,77,453380.0,2025,https://www.zillow.com,https://photos.zillowstatic.com/fp/a3ccd48bcc73658a25108b8c86e7b872-p_c.jpg,2026-06-15 13:52,For Sale
96498607,1320 Compton St,75203,Dallas,TX,32.742943,-96.80467,499900,216.0,-20000.0,,,4.0,3.0,2312.0,2023.0,4138.2,singleFamily,61,393160.0,2025,https://www.zillow.com,https://photos.zillowstatic.com/fp/5dd65457af0659e503af689637d40409-p_c.jpg,2026-06-15 13:52,For Sale
26703631,6016 E Mockingbird Ln,75206,Dallas,TX,32.836266,-96.7636,475000,353.0,-15000.0,466100.0,2186.0,2.0,2.0,1346.0,1973.0,2178.0,townhome,94,421000.0,2025,https://www.zillow.com,https://photos.zillowstatic.com/fp/9a4959f5d6a7dbdbe4874eb3cee6fc2b-p_c.jpg,2026-06-15 13:52,For Sale
26787994,3624 Fontana Dr,75220,Dallas,TX,32.869095,-96.85772,949000,353.0,,,4536.0,4.0,3.0,2692.0,2026.0,9539.64,singleFamily,37,325800.0,2025,https://www.zillow.com,https://photos.zillowstatic.com/fp/8d045a5d27b6bf25ab2df403df39ac5b-p_c.jpg,2026-06-15 13:52,For Sale
26786398,733 Kirkwood Dr,75218,Dallas,TX,32.85002,-96.70548,565000,387.0,-10000.0,559600.0,2938.0,3.0,2.0,1461.0,1955.0,8755.56,singleFamily,39,518960.0,2025,https://www.zillow.com,https://photos.zillowstatic.com/fp/80927bc485455aab983949646a2efdeb-p_c.jpg,2026-06-15 13:52,For Sale
26865881,9503 Summerhill Ln,75238,Dallas,TX,32.893238,-96.72212,439000,211.0,,423900.0,2204.0,3.0,3.0,2080.0,1978.0,9888.12,singleFamily,12,427630.0,2025,https://www.zillow.com,https://photos.zillowstatic.com/fp/f1f8a495b4a59ea4368ad643b83f3cd9-p_c.jpg,2026-06-15 13:52,For Sale
26812501,3043 Allister St,75229,Dallas,TX,32.90753,-96.87399,338800,249.0,9912.0,334600.0,2214.0,3.0,2.0,1358.0,1983.0,3659.04,singleFamily,72,310090.0,2025,https://www.zillow.com,https://photos.zillowstatic.com/fp/acacd344949cd91aff64f3ed9b12ca71-p_c.jpg,2026-06-15 13:52,For Sale
55826016,15632 Moondust Dr,75248,Dallas,TX,32.961597,-96.785,409000,215.0,-15999.0,395600.0,3219.0,3.0,4.0,1902.0,1979.0,5009.4,singleFamily,192,357770.0,2025,https://www.zillow.com,https://photos.zillowstatic.com/fp/d8975337394f25c7e9be1a2f459cb11f-p_c.jpg,2026-06-15 13:52,For Sale
26683222,4020 Buena Vista St,75204,Dallas,TX,32.81392,-96.79631,1400000,560.0,-75000.0,1338700.0,4948.0,2.0,3.0,2500.0,1971.0,3615.48,townhome,129,1007250.0,2025,https://www.zillow.com,https://photos.zillowstatic.com/fp/3652a146ca474fe2c5d695bec06a0013-p_c.jpg,2026-06-15 13:52,For Sale
26702900,5947 Mercedes Ave,75206,Dallas,TX,32.828197,-96.76381,969000,467.0,-10000.0,937000.0,4500.0,3.0,2.0,2076.0,1948.0,7100.28,singleFamily,46,793000.0,2025,https://www.zillow.com,https://photos.zillowstatic.com/fp/2bd31d06d3e217f35d098b3b3aa350c7-p_c.jpg,2026-06-15 13:52,For Sale
26912851,8503 Coppertowne Ln,75243,Dallas,TX,32.89599,-96.72702,339000,201.0,-20999.0,327400.0,2820.0,3.0,3.0,1686.0,1983.0,1960.2,singleFamily,17,359420.0,2025,https://www.zillow.com,https://photos.zillowstatic.com/fp/79ce9956c067f7ccf10879bc193f4fd5-p_c.jpg,2026-06-15 13:52,For Sale
26630737,4267 Timberglen Rd,75287,Dallas,TX,33.004353,-96.83765,425000,220.0,,416000.0,2764.0,3.0,2.0,1930.0,1992.0,3920.4,singleFamily,16,418446.0,2025,https://www.zillow.com,https://photos.zillowstatic.com/fp/b259e76474a135dc0c206c56637be88f-p_c.jpg,2026-06-15 13:52,For Sale
26678996,713 N Carroll Ave,75246,Dallas,TX,32.79606,-96.77314,550000,130.0,,509100.0,5437.0,3.0,5.0,4221.0,1903.0,5000.688,singleFamily,269,547470.0,2025,https://www.zillow.com,https://photos.zillowstatic.com/fp/f7957d5af64d844e0f1f43c596a04fb4-p_c.jpg,2026-06-15 13:52,For Sale
26849344,12065 De Or Dr,75230,Dallas,TX,32.9131,-96.80249,559000,234.0,-36000.0,541200.0,3813.0,3.0,3.0,2392.0,1973.0,,townhome,172,525030.0,2025,https://www.zillow.com,https://photos.zillowstatic.com/fp/30af7ff5b4ce4dcb601199cb9f560bbe-p_c.jpg,2026-06-15 13:52,For Sale
26843598,9011 Liptonshire Dr,75238,Dallas,TX,32.87073,-96.70545,759900,305.0,-5000.0,735200.0,4245.0,4.0,4.0,2489.0,1955.0,7666.56,singleFamily,66,592860.0,2025,https://www.zillow.com,https://photos.zillowstatic.com/fp/e6f1285e75c13d46f4ed9d3b8a2ecba2-p_c.jpg,2026-06-15 13:52,For Sale
84005717,1918 Olive St APT 3701,75201,Dallas,TX,32.78935,-96.800224,7995000,1708.0,,7536600.0,7018.0,3.0,4.0,4681.0,2011.0,0.0,condo,88,5617200.0,2025,https://www.zillow.com,https://photos.zillowstatic.com/fp/9704a9a16f5a3a28388f0bf4a859f6cd-p_c.jpg,2026-06-15 13:52,For Sale
26748726,6329 E Lovers Ln,75214,Dallas,TX,32.851227,-96.754036,750000,356.0,-25000.0,722600.0,3717.0,3.0,2.0,2107.0,1957.0,8668.44,singleFamily,30,667140.0,2025,https://www.zillow.com,https://photos.zillowstatic.com/fp/7d116d26b52fc4ab30a0a01241eb094e-p_c.jpg,2026-06-15 13:52,For Sale
26832259,3321 Coronet Blvd,75212,Dallas,TX,32.78198,-96.83168,1170000,318.0,-30000.0,1163900.0,6704.0,5.0,6.0,3675.0,2024.0,5052.96,singleFamily,46,837460.0,2025,https://www.zillow.com,https://photos.zillowstatic.com/fp/a95512fef5aa61c2e68d5a370e641a45-p_c.jpg,2026-06-15 13:52,For Sale
2063170855,2425 Crossman Ave,75212,Dallas,TX,32.774944,-96.84146,450000,175.0,-25000.0,445300.0,4101.0,4.0,5.0,2572.0,2021.0,3049.2,singleFamily,244,630470.0,2025,https://www.zillow.com,https://photos.zillowstatic.com/fp/3789a1f5d9a0428a8c76ad8f7061157c-p_c.jpg,2026-06-15 13:52,For Sale
53070029,7028 Nicki St,75252,Dallas,TX,32.994423,-96.78222,799000,201.0,,757800.0,5536.0,5.0,4.0,3985.0,1981.0,0.27,singleFamily,4,993865.0,2025,https://www.zillow.com,https://photos.zillowstatic.com/fp/367c45ec5d9bf03f9d1832c86bdeef00-p_c.jpg,2026-06-15 13:52,For Sale
26744366,1035 Waterford Dr,75218,Dallas,TX,32.839935,-96.70422,925000,281.0,-25000.0,875600.0,5238.0,4.0,4.0,3293.0,1953.0,0.4,singleFamily,31,729680.0,2025,https://www.zillow.com,https://photos.zillowstatic.com/fp/e518870270a7d529d746eea75e4f04b2-p_c.jpg,2026-06-15 13:52,For Sale
333140681,3710 Redleaf Ln,75209,Dallas,TX,32.828075,-96.81944,849000,327.0,,,,3.0,4.0,2598.0,2022.0,2352.24,singleFamily,52,854750.0,2025,https://www.zillow.com,https://photos.zillowstatic.com/fp/7aa598cddd8aa689ea63d21a6fbd65e4-p_c.jpg,2026-06-15 13:52,For Sale
26733960,3013 Emmett St,75211,Dallas,TX,32.7328,-96.87069,220000,172.0,,233800.0,2299.0,4.0,2.0,1281.0,1942.0,7143.84,singleFamily,3,245660.0,2025,https://www.zillow.com,https://photos.zillowstatic.com/fp/ccd3ff84abb1ede9e716f0d4a2c4a155-p_c.jpg,2026-06-15 13:52,For Sale
26906180,10923 Gable Cir,75229,Dallas,TX,32.897545,-96.873955,249900,258.0,,249100.0,1842.0,2.0,1.0,967.0,1983.0,2090.88,singleFamily,8,246660.0,2025,https://www.zillow.com,https://photos.zillowstatic.com/fp/e8a233d80b22ce41e837312b5548cd1d-p_c.jpg,2026-06-15 13:52,For Sale
26824907,311 Glen Oaks Blvd,75232,Dallas,TX,32.68169,-96.83035,415000,152.0,,403400.0,3609.0,4.0,3.0,2723.0,1962.0,0.27999999999999997,singleFamily,12,387280.0,2025,https://www.zillow.com,https://photos.zillowstatic.com/fp/00a2c00ede9148cbedb866e76b5b63d5-p_c.jpg,2026-06-15 13:52,For Sale
53093329,5834 Coolwater Cv,75252,Dallas,TX,32.988537,-96.807594,699900,246.0,-25000.0,688900.0,4805.0,3.0,3.0,2842.0,1994.0,6098.4,singleFamily,212,722030.0,2025,https://www.zillow.com,https://photos.zillowstatic.com/fp/0279a3575f5d023d93d87abdc79e55f2-p_c.jpg,2026-06-15 13:52,For Sale
96518147,4128 Pluto St,75212,Dallas,TX,32.791786,-96.89073,550000,185.0,,543500.0,4404.0,4.0,4.0,2974.0,2022.0,7666.56,singleFamily,29,600000.0,2025,https://www.zillow.com,https://photos.zillowstatic.com/fp/f520770547ae57c1d6aa0762dc5adbaf-p_c.jpg,2026-06-15 13:52,For Sale
60347184,4030 Holly Leaf Ct,75212,Dallas,TX,32.790154,-96.86008,400000,157.0,,387300.0,2579.0,3.0,3.0,2544.0,2002.0,5357.88,singleFamily,30,443850.0,2025,https://www.zillow.com,https://photos.zillowstatic.com/fp/e8af6fc8743caa6269716f2bbf5d1bc9-p_c.jpg,2026-06-15 13:52,For Sale
26700924,7323 Coronado Ave,75214,Dallas,TX,32.809574,-96.73233,1250000,456.0,,1199100.0,4731.0,4.0,3.0,2743.0,2006.0,7361.64,singleFamily,4,1215480.0,2025,https://www.zillow.com,https://photos.zillowstatic.com/fp/d80ada1a3e8ebdf7eb924df43c136506-p_c.jpg,2026-06-15 13:52,For Sale
26823234,1743 Indian Summer Trl,75241,Dallas,TX,32.6743,-96.7936,199900,82.0,-10000.0,195900.0,2608.0,3.0,3.0,2427.0,1962.0,0.40499999999999997,singleFamily,36,190870.0,2025,https://www.zillow.com,https://photos.zillowstatic.com/fp/adbfddfde02a514444608af1d819b22e-p_c.jpg,2026-06-15 13:52,For Sale
26876331,6011 Davenport Rd,75248,Dallas,TX,32.976517,-96.80284,624900,273.0,,603800.0,5853.0,3.0,2.0,2285.0,1977.0,7579.44,singleFamily,23,551370.0,2025,https://www.zillow.com,https://photos.zillowstatic.com/fp/9c685d1d3ed7fcb23e5e6c1bfe5536ad-p_c.jpg,2026-06-15 13:52,For Sale
26714275,1116 S Montreal Ave,75208,Dallas,TX,32.734135,-96.853935,399999,310.0,,402400.0,2212.0,2.0,2.0,1291.0,1925.0,7753.68,singleFamily,5,431920.0,2025,https://www.zillow.com,https://photos.zillowstatic.com/fp/e056b265e9d64038161f0de9532b36db-p_c.jpg,2026-06-15 13:52,For Sale
53077401,5804 Preston Fairways Dr,75252,Dallas,TX,32.987667,-96.80901,1100000,344.0,,1051800.0,4756.0,4.0,3.0,3202.0,1991.0,6969.6,singleFamily,44,801265.0,2025,https://www.zillow.com,https://photos.zillowstatic.com/fp/4832abb6aeb325c54978864e20e676ba-p_c.jpg,2026-06-15 13:52,For Sale
26812228,3046 Westforest Dr,75229,Dallas,TX,32.904594,-96.874245,345000,210.0,,345000.0,2409.0,3.0,2.0,1645.0,1983.0,4748.04,singleFamily,9,314570.0,2025,https://www.zillow.com,https://photos.zillowstatic.com/fp/cfc42ad0a72042b00013e3ead3feebfc-p_c.jpg,2026-06-15 13:52,For Sale
26758119,4700 Dorset Rd,75229,Dallas,TX,32.883846,-96.82762,9450000,719.0,-547000.0,8971100.0,7483.0,5.0,8.0,13151.0,1951.0,1.187,singleFamily,131,6546810.0,2025,https://www.zillow.com,https://photos.zillowstatic.com/fp/286151bdb61010284183c163c85e2c3c-p_c.jpg,2026-06-15 13:52,For Sale
26760348,5711 Bryn Mawr Dr,75209,Dallas,TX,32.85644,-96.81465,2795000,728.0,-200000.0,,,4.0,4.0,3838.0,2010.0,8058.6,singleFamily,69,2035150.0,2025,https://www.zillow.com,https://photos.zillowstatic.com/fp/c4ba8eea60eb18bf217024a6d7ef13d6-p_c.jpg,2026-06-15 13:52,For Sale
26791860,2526 Pleasant Dr,75227,Dallas,TX,32.771065,-96.689674,280000,175.0,,,1932.0,4.0,2.0,1602.0,1950.0,0.3769742883379247,singleFamily,26,284670.0,2025,https://www.zillow.com,https://photos.zillowstatic.com/fp/ae43f7b25d6ed394cc34cd61864c2713-p_c.jpg,2026-06-15 13:52,For Sale
26860366,10431 Kinslow Dr,75217,Dallas,TX,32.710964,-96.64428,189000,153.0,-6000.0,184700.0,1910.0,3.0,3.0,1232.0,1979.0,7492.32,singleFamily,38,216100.0,2025,https://www.zillow.com,https://photos.zillowstatic.com/fp/3c54859695531e60ef3b2286dfd22313-p_c.jpg,2026-06-15 13:52,For Sale
26850740,10118 Medlock Dr,75218,Dallas,TX,32.85129,-96.704025,924999,316.0,-50001.0,894800.0,4296.0,4.0,4.0,2929.0,1963.0,8755.56,singleFamily,30,772810.0,2025,https://www.zillow.com,https://photos.zillowstatic.com/fp/2b0160fc56a0d7a3dab847fec37d9e77-p_c.jpg,2026-06-15 13:52,For Sale
26732500,2217 52nd St,75216,Dallas,TX,32.69081,-96.78857,270000,158.0,,,2169.0,3.0,2.0,1712.0,1960.0,8232.84,singleFamily,6,234420.0,2025,https://www.zillow.com,https://photos.zillowstatic.com/fp/bab4aed9ac9dd51aa0a1798f7380b796-p_c.jpg,2026-06-15 13:52,For Sale
26804535,12108 Fieldwood Ln,75244,Dallas,TX,32.913193,-96.82432,2899999,526.0,-50000.0,2764800.0,6381.0,6.0,7.0,5516.0,2019.0,0.3663,singleFamily,52,2715660.0,2025,https://www.zillow.com,https://photos.zillowstatic.com/fp/c620c6336af2fbd1bf18362e1c49e09a-p_c.jpg,2026-06-15 13:52,For Sale
26838897,10521 Sandpiper Ln,75230,Dallas,TX,32.889427,-96.78047,505000,272.0,6000.0,490000.0,3591.0,3.0,2.0,1859.0,1971.0,6446.88,singleFamily,133,473790.0,2025,https://www.zillow.com,https://photos.zillowstatic.com/fp/156fb6c6a6078310d1161c4f1103c58b-p_c.jpg,2026-06-15 13:52,For Sale
69228173,2848 Woodside St #7A,75204,Dallas,TX,32.798122,-96.799355,875000,374.0,,833900.0,4063.0,2.0,3.0,2342.0,2003.0,0.383,condo,2,652000.0,2025,https://www.zillow.com,https://photos.zillowstatic.com/fp/c490d1e37e35fcf8db1a0e86a5cad3e2-p_c.jpg,2026-06-15 13:52,For Sale
251446117,1401 Seegar St,75215,Dallas,TX,32.767525,-96.78855,419000,98.0,-30000.0,417000.0,5739.0,5.0,6.0,4293.0,2025.0,2657.16,singleFamily,83,553370.0,2025,https://www.zillow.com,https://photos.zillowstatic.com/fp/88e5c3a5c1469e91160ef8dd3d99d133-p_c.jpg,2026-06-15 13:52,For Sale
26902261,714 W Canty St,75208,Dallas,TX,32.7521,-96.83409,275000,231.0,,267400.0,2435.0,2.0,3.0,1193.0,1981.0,3310.56,townhome,25,357880.0,2025,https://www.zillow.com,https://photos.zillowstatic.com/fp/aad37a47df6e4cc788a730575b9bf9c8-p_c.jpg,2026-06-15 13:52,For Sale
26931753,9827 Walnut St #210,75243,Dallas,TX,32.922752,-96.713715,59000,57.0,-10000.0,55700.0,1500.0,2.0,2.0,1031.0,1983.0,8.8143,condo,184,113410.0,2025,https://www.zillow.com,https://photos.zillowstatic.com/fp/2d53b4ef5d251f8ca2b79eccfe93777a-p_c.jpg,2026-06-15 13:52,For Sale
26803908,5308 Del Roy Dr,75229,Dallas,TX,32.90522,-96.81663,1995000,431.0,-100000.0,,,4.0,5.0,4627.0,2000.0,0.366,singleFamily,25,1552710.0,2025,https://www.zillow.com,https://photos.zillowstatic.com/fp/dafe06753d2c24aae6ce9f0d255f9c57-p_c.jpg,2026-06-15 13:52,For Sale
26890553,7623 Kevin Dr,75248,Dallas,TX,32.983402,-96.7761,869900,312.0,-5100.0,847900.0,4553.0,4.0,3.0,2790.0,1979.0,10541.52,singleFamily,24,735490.0,2025,https://www.zillow.com,https://photos.zillowstatic.com/fp/1aa96b98a4ca4af9d8bb075b58352e81-p_c.jpg,2026-06-15 13:52,For Sale
53390345,509 Elm St APT 503,75202,Dallas,TX,32.779938,-96.807526,239000,283.0,-6000.0,231600.0,1813.0,1.0,1.0,845.0,1930.0,10018.8,condo,39,251840.0,2025,https://www.zillow.com,https://photos.zillowstatic.com/fp/cf35cb8ff9ebd3fc421096ba71feeb82-p_c.jpg,2026-06-15 13:52,For Sale
26847470,9432 Dixie Ln,75228,Dallas,TX,32.821594,-96.69131,625000,261.0,,604000.0,3421.0,4.0,3.0,2391.0,1968.0,0.376,singleFamily,16,544870.0,2025,https://www.zillow.com,https://photos.zillowstatic.com/fp/5489cf802a52b3abbf80c2d42d822d4c-p_c.jpg,2026-06-15 13:52,For Sale
26739325,8522 Park Ln APT 15,75231,Dallas,TX,32.87035,-96.75758,220000,104.0,,217400.0,1627.0,3.0,3.0,2120.0,1979.0,1.235,condo,9,275600.0,2025,https://www.zillow.com,https://photos.zillowstatic.com/fp/93074ac32cf753c068a038fb0c32d087-p_c.jpg,2026-06-15 13:52,For Sale
26899447,9696 Walnut St APT 1304,75243,Dallas,TX,32.916245,-96.736465,110000,122.0,,,1392.0,1.0,2.0,903.0,1981.0,8.304499540863178,condo,8,94820.0,2025,https://www.zillow.com,https://photos.zillowstatic.com/fp/567952263d57b5c4d26a02b1db9ca846-p_c.jpg,2026-06-15 13:52,For Sale
26754047,6211 W Northwest Hwy APT 1107,75225,Dallas,TX,32.866318,-96.79989,325000,291.0,,371800.0,2636.0,1.0,2.0,1115.0,1966.0,4.259,condo,2,415000.0,2025,https://www.zillow.com,https://photos.zillowstatic.com/fp/893c7937121c46b91b2171829c8cab9c-p_c.jpg,2026-06-15 13:52,For Sale
26873152,7272 Alto Caro Dr,75248,Dallas,TX,32.965984,-96.78296,575000,278.0,,631200.0,4462.0,4.0,3.0,2066.0,1969.0,8537.76,singleFamily,0,557980.0,2025,https://www.zillow.com,https://photos.zillowstatic.com/fp/1b45ae2791da481426f395cffebb619c-p_c.jpg,2026-06-15 13:52,For Sale
26746469,10208 Lake Gardens Dr,75218,Dallas,TX,32.843025,-96.697,475000,356.0,,,,2.0,2.0,1335.0,1951.0,0.2555,singleFamily,29,599920.0,2025,https://www.zillow.com,https://photos.zillowstatic.com/fp/c1530a858806604dd4993c3accdfac7c-p_c.jpg,2026-06-15 13:52,For Sale
26679084,4827 Tremont St,75246,Dallas,TX,32.797615,-96.76747,500000,169.0,,483300.0,3375.0,4.0,2.0,2956.0,1924.0,7492.32,singleFamily,2,386180.0,2025,https://www.zillow.com,https://photos.zillowstatic.com/fp/57be6637e0d65171d367e7b256ae71d7-p_c.jpg,2026-06-15 13:52,For Sale
26707898,507 Sabine St,75203,Dallas,TX,32.756256,-96.81636,260000,208.0,-15000.0,254400.0,2169.0,2.0,2.0,1248.0,1945.0,5009.4,singleFamily,76,325760.0,2025,https://www.zillow.com,https://photos.zillowstatic.com/fp/c888a1fe75e4de8f88a3c6249c445edc-p_c.jpg,2026-06-15 13:52,For Sale
67961290,2323 Clark St,75204,Dallas,TX,32.79773,-96.79689,749000,429.0,-40500.0,722800.0,3387.0,2.0,3.0,1744.0,2004.0,1001.88,townhome,24,666430.0,2025,https://www.zillow.com,https://photos.zillowstatic.com/fp/7b4ae2d5c579d0e4e62d3bd36f235c28-p_c.jpg,2026-06-15 13:52,For Sale
53085100,18653 Vista Del Sol,75287,Dallas,TX,33.003937,-96.83422,495000,232.0,,482100.0,3700.0,3.0,3.0,2135.0,1986.0,6098.4,singleFamily,37,526500.0,2025,https://www.zillow.com,https://photos.zillowstatic.com/fp/d4c0178136ebe9dd1f93021ee9eb22f7-p_c.jpg,2026-06-15 13:52,For Sale
26790961,2133 Pleasant Dr,75227,Dallas,TX,32.74997,-96.67894,420000,202.0,-4000.0,414800.0,2853.0,6.0,4.0,2076.0,1962.0,0.326,singleFamily,149,369330.0,2025,https://www.zillow.com,https://photos.zillowstatic.com/fp/52f5c3b8f3eae88cbfd60c29b7d26817-p_c.jpg,2026-06-15 13:52,For Sale
26704186,5441 Ellsworth Ave,75206,Dallas,TX,32.833916,-96.77545,1249900,388.0,,756000.0,2272.0,3.0,4.0,3225.0,2025.0,4051.08,singleFamily,2,628160.0,2025,https://www.zillow.com,https://photos.zillowstatic.com/fp/3a1bf24d66c8ac1ea2ba536f73743fd2-p_c.jpg,2026-06-15 13:52,For Sale
462103308,9319 Chimney Corner Ln,75243,Dallas,TX,32.92031,-96.73659,240000,182.0,,233900.0,2143.0,3.0,2.0,1321.0,1974.0,3092.76,townhome,31,,,https://www.zillow.com,https://photos.zillowstatic.com/fp/27c8cff38a98f67d9a22cb35142f736c-p_c.jpg,2026-06-15 13:52,For Sale
26765866,3155 E Ledbetter Dr,75216,Dallas,TX,32.698017,-96.765724,169900,121.0,,165300.0,1803.0,3.0,2.0,1400.0,1955.0,9844.56,singleFamily,14,248300.0,2025,https://www.zillow.com,https://photos.zillowstatic.com/fp/3b9de131c35da7ca43602c1a0fbe7542-p_c.jpg,2026-06-15 13:52,For Sale
342130368,3332 Rutledge St,75215,Dallas,TX,32.766384,-96.75243,179500,124.0,-500.0,,,2.0,2.0,1450.0,1974.0,4617.36,multiFamily,89,,,https://www.zillow.com,https://photos.zillowstatic.com/fp/f5b28a772d776d29466fbbc3bfce8175-p_c.jpg,2026-06-15 13:52,For Sale
303981767,1228 Clifftop Ln,75208,Dallas,TX,32.771706,-96.840744,429000,275.0,-10000.0,,,3.0,3.0,1558.0,2019.0,871.2,singleFamily,81,440000.0,2025,https://www.zillow.com,https://photos.zillowstatic.com/fp/37c94d1938ce308dc50ea450aa18f5e4-p_c.jpg,2026-06-15 13:52,For Sale
26908494,10316 Ridge Oak St,75227,Dallas,TX,32.754658,-96.645386,179500,157.0,-400.0,174500.0,1692.0,2.0,2.0,1143.0,1985.0,4225.32,singleFamily,18,183090.0,2025,https://www.zillow.com,https://photos.zillowstatic.com/fp/08ac9a9cb15c30dec60f1923d39d20ce-p_c.jpg,2026-06-15 13:52,For Sale
26732953,6820 Oriole Dr,75209,Dallas,TX,32.84094,-96.82392,899000,641.0,,854900.0,3623.0,3.0,2.0,1402.0,1947.0,9801.0,singleFamily,3,657060.0,2025,https://www.zillow.com,https://www.zillowstatic.com/static/images/nophoto_p_c.png,2026-06-15 13:52,For Sale
249775159,17617 Crabapple Ct,75252,Dallas,TX,32.991035,-96.76408,950000,271.0,,,,4.0,4.0,3505.0,2017.0,7361.64,singleFamily,9,861552.0,2025,https://www.zillow.com,https://photos.zillowstatic.com/fp/516ef36df1cad833a8acd8975f92a48f-p_c.jpg,2026-06-15 13:52,For Sale
26858240,6917 Truxton Dr,75231,Dallas,TX,32.874096,-96.73685,929000,343.0,,,,4.0,3.0,2706.0,1972.0,10585.08,singleFamily,3,774890.0,2025,https://www.zillow.com,https://photos.zillowstatic.com/fp/0423f1230c3ebfee42c071cbf02ca7c8-p_c.jpg,2026-06-15 13:52,For Sale
26905269,4937 Lomax Dr,75227,Dallas,TX,32.782734,-96.693085,209000,189.0,,206500.0,1545.0,2.0,2.0,1105.0,1987.0,3615.48,singleFamily,3,213290.0,2025,https://www.zillow.com,https://photos.zillowstatic.com/fp/fd3f19758a237a0a25727fbaa565a6fb-p_c.jpg,2026-06-15 13:52,For Sale
26686949,3806 Crozier St,75215,Dallas,TX,32.758877,-96.764595,75000,131.0,,79800.0,1059.0,1.0,1.0,574.0,1926.0,3441.24,singleFamily,3,74140.0,2025,https://www.zillow.com,https://photos.zillowstatic.com/fp/5b7d6f3ad09046f4047a15dc128e108a-p_c.jpg,2026-06-15 13:52,For Sale
26897855,3307 San Jacinto St,75204,Dallas,TX,32.794907,-96.78823,449900,358.0,,428700.0,2429.0,2.0,2.0,1258.0,1984.0,2639.736,singleFamily,2,395800.0,2025,https://www.zillow.com,https://photos.zillowstatic.com/fp/de42bbaa1114db4f20db6879eb7df1f0-p_c.jpg,2026-06-15 13:52,For Sale
26588578,4323 Quail Hollow Rd,75287,Dallas,TX,33.000412,-96.83471,825000,244.0,-25000.0,803700.0,4999.0,4.0,4.0,3388.0,1981.0,8712.0,singleFamily,31,790552.0,2025,https://www.zillow.com,https://photos.zillowstatic.com/fp/1c0149da0b51c91b5c7842eaad9959e6-p_c.jpg,2026-06-15 13:52,For Sale
60346991,3021 Lago Vista Ct,75236,Dallas,TX,32.707554,-96.89867,230000,213.0,-10000.0,235800.0,1921.0,3.0,2.0,1080.0,2001.0,3659.04,singleFamily,52,225250.0,2025,https://www.zillow.com,https://photos.zillowstatic.com/fp/7c8eed3f865f4d4c10c4bd54c9003845-p_c.jpg,2026-06-15 13:52,For Sale
122303155,3351 Sylvan Ave,75212,Dallas,TX,32.783184,-96.83617,859000,262.0,-20000.0,845200.0,6244.0,4.0,6.0,3278.0,2025.0,5823.972,singleFamily,219,144750.0,2025,https://www.zillow.com,https://photos.zillowstatic.com/fp/4cb40f530c1c546715a2ce0dd8444250-p_c.jpg,2026-06-15 13:52,For Sale
26788998,3982 Beechwood Ln,75220,Dallas,TX,32.87595,-96.846855,875000,449.0,,,,4.0,3.0,1950.0,1951.0,7579.44,singleFamily,3,818210.0,2025,https://www.zillow.com,https://photos.zillowstatic.com/fp/1f30c47372bdd832618d918b7b81e4bb-p_c.jpg,2026-06-15 13:52,For Sale
26701044,7159 Wildgrove Ave,75214,Dallas,TX,32.81608,-96.73312,2197000,533.0,-103000.0,,,5.0,5.0,4120.0,2026.0,9060.48,singleFamily,39,818680.0,2025,https://www.zillow.com,https://photos.zillowstatic.com/fp/c3eb07c41db5dda388f419e2f5b786e8-p_c.jpg,2026-06-15 13:52,For Sale
26685915,5736 Tremont St,75214,Dallas,TX,32.805252,-96.756294,634900,332.0,,608100.0,3205.0,4.0,2.0,1912.0,1922.0,9234.72,singleFamily,11,569910.0,2025,https://www.zillow.com,https://photos.zillowstatic.com/fp/b28dae100f894dba8a640f4f9f89bd46-p_c.jpg,2026-06-15 13:52,For Sale
2070121656,13635 Weald Green St,75240,Dallas,TX,32.933163,-96.76757,260000,204.0,-10000.0,252800.0,2104.0,3.0,2.0,1272.0,1968.0,3267.0,townhome,67,,,https://www.zillow.com,https://photos.zillowstatic.com/fp/7b4cd31cae5b73ec226918e1cd1e09bf-p_c.jpg,2026-06-15 13:52,For Sale
26706517,6415 Mercedes Ave,75214,Dallas,TX,32.828617,-96.75156,1395000,524.0,,,,4.0,3.0,2662.0,1975.0,9365.4,singleFamily,17,1083950.0,2025,https://www.zillow.com,https://photos.zillowstatic.com/fp/db291926b207a3b3b47d087cbdbb5ecd-p_c.jpg,2026-06-15 13:52,For Sale
26875769,6505 Beckwith Ct,75248,Dallas,TX,32.97916,-96.795364,1100000,332.0,,1072400.0,4787.0,4.0,3.0,3312.0,1975.0,9757.44,singleFamily,44,938770.0,2025,https://www.zillow.com,https://photos.zillowstatic.com/fp/1f7401a54d7bb46400478d46e7748743-p_c.jpg,2026-06-15 13:52,For Sale
26713546,606 W Pembroke Ave,75208,Dallas,TX,32.73799,-96.83242,390000,179.0,-15000.0,,,6.0,4.0,2177.0,1923.0,7640.424,singleFamily,93,283810.0,2025,https://www.zillow.com,https://photos.zillowstatic.com/fp/d04ad9562237408d9af160404b647acc-p_c.jpg,2026-06-15 13:52,For Sale
26804598,12034 Drujon Ln,75244,Dallas,TX,32.91289,-96.82307,2499000,419.0,-101000.0,2388900.0,8221.0,5.0,6.0,5970.0,2003.0,0.377,singleFamily,40,2357740.0,2025,https://www.zillow.com,https://photos.zillowstatic.com/fp/9cc851c5179965c86e4a28111f60a047-p_c.jpg,2026-06-15 13:52,For Sale
26739896,8619 San Benito Way,75218,Dallas,TX,32.81829,-96.70739,1500000,546.0,,,,3.0,3.0,2746.0,2017.0,7927.92,singleFamily,61,1199700.0,2025,https://www.zillow.com,https://photos.zillowstatic.com/fp/e14fad724ea1f5d6726640aed8c35d5e-p_c.jpg,2026-06-15 13:52,For Sale
26690788,5343 Bonita Ave,75206,Dallas,TX,32.818398,-96.778114,1899000,528.0,,,,4.0,4.0,3600.0,2016.0,9888.12,singleFamily,1,1400000.0,2025,https://www.zillow.com,https://photos.zillowstatic.com/fp/3cd50bfb82d64e1ab79c015a07dd3e8e-p_c.jpg,2026-06-15 13:52,For Sale
26753113,10417 Shadow Bend Dr,75230,Dallas,TX,32.887703,-96.784996,399900,226.0,,385400.0,3145.0,3.0,3.0,1770.0,1972.0,4573.8,townhome,26,469430.0,2025,https://www.zillow.com,https://photos.zillowstatic.com/fp/48d1ec40934043b3d8cad9516d14b3ce-p_c.jpg,2026-06-15 13:52,For Sale
26872983,15651 Terrace Lawn Cir,75248,Dallas,TX,32.961514,-96.77894,595000,276.0,-54000.0,576900.0,3300.0,4.0,3.0,2159.0,1967.0,7840.8,singleFamily,30,575000.0,2025,https://www.zillow.com,https://photos.zillowstatic.com/fp/d0c1ff5499c268a349a0a04c90a52e25-p_c.jpg,2026-06-15 13:52,For Sale
26732208,5833 E Mockingbird Ln,75206,Dallas,TX,32.836857,-96.76635,465000,413.0,-20000.0,451100.0,2973.0,3.0,2.0,1127.0,1942.0,6926.04,singleFamily,86,403480.0,2025,https://www.zillow.com,https://photos.zillowstatic.com/fp/6e883bfa0275a86f3a1ed4f7ad31bbf4-p_c.jpg,2026-06-15 13:52,For Sale
26812317,3038 Modella Ave,75229,Dallas,TX,32.90655,-96.87465,310000,252.0,,302500.0,1942.0,2.0,2.0,1232.0,1983.0,4486.68,singleFamily,22,255430.0,2025,https://www.zillow.com,https://photos.zillowstatic.com/fp/7782cced52d8efd43e579fb4fa816b99-p_c.jpg,2026-06-15 13:52,For Sale
26735523,6550 Lockheed Ave,75209,Dallas,TX,32.838158,-96.82926,599990,383.0,-37010.0,579200.0,3349.0,3.0,3.0,1568.0,1944.0,7579.44,singleFamily,31,563000.0,2025,https://www.zillow.com,https://photos.zillowstatic.com/fp/541b29a35a95ae14301d166bb8cbef66-p_c.jpg,2026-06-15 13:52,For Sale
336884377,5135 Miller Ave,75206,Dallas,TX,32.821556,-96.7831,1199950,342.0,-30050.0,1161000.0,7272.0,3.0,4.0,3506.0,2019.0,3963.96,singleFamily,31,1171320.0,2025,https://www.zillow.com,https://photos.zillowstatic.com/fp/5fba2e2b340ab52eb013438d578504a7-p_c.jpg,2026-06-15 13:52,For Sale
26746587,1049 Forestgrove Dr,75218,Dallas,TX,32.846146,-96.695045,774900,298.0,,,3377.0,3.0,3.0,2600.0,1969.0,0.36845730027548207,singleFamily,28,700090.0,2025,https://www.zillow.com,https://photos.zillowstatic.com/fp/9c64937dcdad14145c64c2d6e0fb72ee-p_c.jpg,2026-06-15 13:52,For Sale
26866267,9410 Shady Valley Dr,75238,Dallas,TX,32.887432,-96.72168,1199000,348.0,,,,4.0,4.0,3446.0,1977.0,9452.52,singleFamily,11,1057110.0,2025,https://www.zillow.com,https://photos.zillowstatic.com/fp/94d787653bb553157f642f1ac0521326-p_c.jpg,2026-06-15 13:52,For Sale
26760154,5730 W Amherst Ave,75209,Dallas,TX,32.85191,-96.81404,1350000,465.0,-95000.0,,,2.0,2.0,2902.0,2008.0,7501.032,singleFamily,152,1637580.0,2025,https://www.zillow.com,https://photos.zillowstatic.com/fp/ebf968f2d3a313d281e2b6eded602615-p_c.jpg,2026-06-15 13:52,For Sale
84001792,2242 Forest Hollow Park,75228,Dallas,TX,32.808662,-96.70724,650000,258.0,-25000.0,637900.0,2552.0,3.0,3.0,2519.0,2007.0,1089.0,singleFamily,45,659470.0,2025,https://www.zillow.com,https://photos.zillowstatic.com/fp/d40c7dbf13afa678b5f45f2cc7ae4546-p_c.jpg,2026-06-15 13:52,For Sale
26794509,2009 Las Cruces Ln,75217,Dallas,TX,32.746864,-96.69332,155000,106.0,-10000.0,,1885.0,3.0,2.0,1462.0,1954.0,7361.64,singleFamily,24,237650.0,2025,https://www.zillow.com,https://photos.zillowstatic.com/fp/5b808f90342d643d36b80e628bc71c2c-p_c.jpg,2026-06-15 13:52,For Sale
26709441,820 W 8th St,75208,Dallas,TX,32.747868,-96.836754,499000,303.0,-26000.0,482400.0,2845.0,3.0,3.0,1646.0,1930.0,5662.8,singleFamily,17,487930.0,2025,https://www.zillow.com,https://photos.zillowstatic.com/fp/5435ac50bf49ca02f163807791df15e1-p_c.jpg,2026-06-15 13:52,For Sale
26860054,8142 Clear Springs Rd,75240,Dallas,TX,32.936535,-96.765686,375000,231.0,-15000.0,,,3.0,2.0,1624.0,1965.0,9670.32,singleFamily,103,376360.0,2025,https://www.zillow.com,https://photos.zillowstatic.com/fp/7809b92995810651f8d25367358655be-p_c.jpg,2026-06-15 13:52,For Sale
26637850,6227 Cupertino Trl,75252,Dallas,TX,33.004425,-96.7974,474900,208.0,-24100.0,462900.0,3104.0,3.0,3.0,2284.0,1993.0,4356.0,singleFamily,14,435651.0,2025,https://www.zillow.com,https://photos.zillowstatic.com/fp/9f25f1654903a45c7026fb732c7cc1da-p_c.jpg,2026-06-15 13:52,For Sale
26870582,6218 Stonehill Dr,75254,Dallas,TX,32.94813,-96.796455,1225000,284.0,-50000.0,,,4.0,4.0,4310.0,1973.0,0.373,singleFamily,94,1300000.0,2025,https://www.zillow.com,https://photos.zillowstatic.com/fp/50e892540b61fecafa5552c5f4fcdc8e-p_c.jpg,2026-06-15 13:52,For Sale
26843713,8835 Larchwood Dr,75238,Dallas,TX,32.868053,-96.70213,669999,407.0,,,,3.0,2.0,1646.0,1955.0,7623.0,singleFamily,1,519030.0,2025,https://www.zillow.com,https://photos.zillowstatic.com/fp/73f3745903da56f5552cbf4c064137c5-p_c.jpg,2026-06-15 13:52,For Sale
26806052,3909 Courtshire Dr,75229,Dallas,TX,32.905468,-96.846725,1875000,478.0,,,,4.0,5.0,3921.0,1971.0,0.36519999999999997,singleFamily,16,1093530.0,2025,https://www.zillow.com,https://photos.zillowstatic.com/fp/b7110cc5d4eb1e01fe6751a93628fa6b-p_c.jpg,2026-06-15 13:52,For Sale
26762471,4419 Lawnview Ave,75227,Dallas,TX,32.78305,-96.72165,179900,189.0,,180100.0,1689.0,2.0,1.0,950.0,1949.0,6403.32,singleFamily,5,201930.0,2025,https://www.zillow.com,https://photos.zillowstatic.com/fp/62db4fc6e9350773f014b7d2a195265d-p_c.jpg,2026-06-15 13:52,For Sale
26857535,831 Kelso Dr,75211,Dallas,TX,32.73693,-96.92314,299000,160.0,-1000.0,294400.0,2869.0,5.0,3.0,1873.0,1970.0,7753.68,singleFamily,87,245510.0,2025,https://www.zillow.com,https://photos.zillowstatic.com/fp/fdc3acf76de8ac2a7ed962e5c27702ec-p_c.jpg,2026-06-15 13:52,For Sale
26694156,6162 Llano Ave,75214,Dallas,TX,32.821747,-96.75902,1565000,397.0,-10000.0,,,4.0,4.0,3939.0,2007.0,7492.32,singleFamily,59,1439860.0,2025,https://www.zillow.com,https://photos.zillowstatic.com/fp/76ea8900dc6faf87dfae1bd90cb2f63d-p_c.jpg,2026-06-15 13:52,For Sale
26752561,3 Royal Terrace Ct,75225,Dallas,TX,32.87795,-96.77805,899000,265.0,,,,3.0,3.0,3397.0,1979.0,5270.76,singleFamily,6,1245000.0,2025,https://www.zillow.com,https://photos.zillowstatic.com/fp/1acb6d0f2467ba03be68156d60d28f02-p_c.jpg,2026-06-15 13:52,For Sale
26862122,1915 Prairie View Dr,75235,Dallas,TX,32.81595,-96.848076,319900,130.0,,305900.0,4181.0,5.0,3.0,2465.0,1954.0,6795.36,singleFamily,26,247280.0,2025,https://www.zillow.com,https://photos.zillowstatic.com/fp/0a13e2d6b5ab33c31c473ec9db090432-p_c.jpg,2026-06-15 13:52,For Sale
26852805,8405 Greenstone Dr,75243,Dallas,TX,32.903976,-96.76012,425000,215.0,,409000.0,2821.0,4.0,2.0,1977.0,1963.0,0.254,singleFamily,16,408100.0,2025,https://www.zillow.com,https://photos.zillowstatic.com/fp/d7b3db56c95f82053c0ef25b881ecdb3-p_c.jpg,2026-06-15 13:52,For Sale
26637825,6019 Willow Wood Ln,75252,Dallas,TX,33.011295,-96.80345,425000,199.0,,407900.0,2823.0,2.0,2.0,2138.0,1986.0,4356.0,singleFamily,11,417282.0,2025,https://www.zillow.com,https://photos.zillowstatic.com/fp/78ed70a0f12498319fb747851f370167-p_c.jpg,2026-06-15 13:52,For Sale
67964607,1505 Elm St APT 603,75201,Dallas,TX,32.781612,-96.79958,295000,144.0,-30000.0,290800.0,4700.0,3.0,3.0,2045.0,1957.0,10018.8,condo,128,377510.0,2025,https://www.zillow.com,https://photos.zillowstatic.com/fp/59e46325020b879337016f1c3d9cebc3-p_c.jpg,2026-06-15 13:52,For Sale
26725943,8832 Antrim Dr,75218,Dallas,TX,32.82702,-96.711845,715000,323.0,-15000.0,695100.0,3359.0,3.0,3.0,2214.0,1955.0,0.281,singleFamily,58,688290.0,2025,https://www.zillow.com,https://photos.zillowstatic.com/fp/7c0319ca3f062aeff769552aafcd173b-p_c.jpg,2026-06-15 13:52,For Sale
26793371,7433 Vallejo Dr,75227,Dallas,TX,32.75497,-96.694695,209000,150.0,-20000.0,205500.0,1899.0,3.0,2.0,1396.0,1954.0,9321.84,singleFamily,86,241490.0,2025,https://www.zillow.com,https://photos.zillowstatic.com/fp/51b623c5817fa16a548b2f0b15429b49-p_c.jpg,2026-06-15 13:52,For Sale
244111419,8254 Laflin Ln,75231,Dallas,TX,32.88959,-96.76209,589500,337.0,-10000.0,580100.0,2881.0,3.0,3.0,1750.0,2016.0,1655.28,singleFamily,95,534960.0,2025,https://www.zillow.com,https://photos.zillowstatic.com/fp/f28ab0a57c69512ee9cd0c7cbf95f30e-p_c.jpg,2026-06-15 13:52,For Sale
462787428,3193 & 3195 Stag Rd,75241,Dallas,TX,32.69554,-96.76238,700000,203.0,,696700.0,2301.0,6.0,6.0,3440.0,2026.0,6882.48,multiFamily,16,,,https://www.zillow.com,https://photos.zillowstatic.com/fp/9c6a2122c5adca5037f39bbcd556103b-p_c.jpg,2026-06-15 13:52,For Sale
26811097,10355 Carry Back Cir,75229,Dallas,TX,32.886555,-96.87324,689000,297.0,-10000.0,,,4.0,3.0,2322.0,1965.0,0.27299999999999996,singleFamily,152,625280.0,2025,https://www.zillow.com,https://photos.zillowstatic.com/fp/8221630f473211375dddddc85fec7b13-p_c.jpg,2026-06-15 13:52,For Sale
26688240,4323 Metropolitan Ave,75210,Dallas,TX,32.776577,-96.74835,325000,222.0,,323200.0,1958.0,3.0,2.0,1467.0,2026.0,6403.32,singleFamily,33,54260.0,2025,https://www.zillow.com,https://photos.zillowstatic.com/fp/77c07f75b356d552105366e5d465ca9c-p_c.jpg,2026-06-15 13:52,For Sale
26693391,4330 Rawlins St,75219,Dallas,TX,32.81704,-96.81294,880000,303.0,-40000.0,842600.0,6095.0,3.0,3.0,2902.0,1948.0,7840.8,singleFamily,95,994000.0,2025,https://www.zillow.com,https://photos.zillowstatic.com/fp/e2e129bc94d5ab5bf4a6d3d5cb8459a9-p_c.jpg,2026-06-15 13:52,For Sale
96519726,438 Bonnie View Rd,75203,Dallas,TX,32.743176,-96.794655,580000,213.0,-10000.0,577100.0,3812.0,5.0,3.0,2720.0,2026.0,3920.4,singleFamily,39,90000.0,2025,https://www.zillow.com,https://photos.zillowstatic.com/fp/7aa987128b04c4af191e76b9da5e192d-p_c.jpg,2026-06-15 13:52,For Sale
26718139,825 Thomasson Dr,75208,Dallas,TX,32.756374,-96.83657,649000,493.0,,,,2.0,2.0,1317.0,1928.0,7492.32,singleFamily,9,680410.0,2025,https://www.zillow.com,https://photos.zillowstatic.com/fp/5690ba415b5379689be015583131c9a8-p_c.jpg,2026-06-15 13:52,For Sale
26795489,1454 Whitley Dr,75217,Dallas,TX,32.736538,-96.68992,175000,117.0,,171500.0,1722.0,4.0,2.0,1499.0,1951.0,7797.24,singleFamily,13,240190.0,2025,https://www.zillow.com,https://photos.zillowstatic.com/fp/95e17f722c4cc1c89478e45c7ea613a2-p_c.jpg,2026-06-15 13:52,For Sale
26688781,4318 Jamaica St,75210,Dallas,TX,32.775017,-96.746826,225000,185.0,,92000.0,1284.0,3.0,2.0,1214.0,1918.0,6185.52,singleFamily,0,92510.0,2025,https://www.zillow.com,https://photos.zillowstatic.com/fp/21f5e63c13168fb4fce4789c3a5bfe44-p_c.jpg,2026-06-15 13:52,For Sale
96515982,7722 Oak Garden Trl,75232,Dallas,TX,32.653942,-96.84984,350000,178.0,-15000.0,361400.0,2698.0,4.0,2.0,1970.0,2022.0,7666.56,singleFamily,0,409750.0,2025,https://www.zillow.com,https://photos.zillowstatic.com/fp/6f9ab6c64043fc11c3f561b0eb538da6-p_c.jpg,2026-06-15 13:52,For Sale
26683690,4015 Holland Ave APT 106,75219,Dallas,TX,32.815624,-96.80677,419000,381.0,,400300.0,2356.0,2.0,2.0,1100.0,1978.0,0.735,condo,4,423500.0,2025,https://www.zillow.com,https://photos.zillowstatic.com/fp/86733e9aeecedce88b5c643d7fa3a4a5-p_c.jpg,2026-06-15 13:52,For Sale
26851066,9235 Rolling Rock Ln,75238,Dallas,TX,32.87389,-96.694115,525000,277.0,,,,3.0,2.0,1895.0,1974.0,10410.84,singleFamily,10,483760.0,2025,https://www.zillow.com,https://photos.zillowstatic.com/fp/4a44c23ce4fb9fc81880410e5b47804d-p_c.jpg,2026-06-15 13:52,For Sale
26770242,3606 Texas Dr,75211,Dallas,TX,32.723667,-96.87948,299900,184.0,-15000.0,296200.0,2751.0,5.0,3.0,1634.0,1949.0,6098.4,singleFamily,163,194420.0,2025,https://www.zillow.com,https://photos.zillowstatic.com/fp/3091c25d07a03af2becd6061a55a14be-p_c.jpg,2026-06-15 13:52,For Sale
26776593,823 Penguin Dr,75241,Dallas,TX,32.67974,-96.811775,350000,172.0,,,2167.0,3.0,2.0,2035.0,1956.0,10541.0,singleFamily,56,330880.0,2025,https://www.zillow.com,https://www.zillowstatic.com/static/images/nophoto_p_c.png,2026-06-15 13:52,For Sale
96503850,1011 S Waverly Dr,75208,Dallas,TX,32.735634,-96.84955,525000,150.0,,512400.0,5510.0,5.0,4.0,3506.0,2022.0,7274.52,singleFamily,39,833230.0,2025,https://www.zillow.com,https://photos.zillowstatic.com/fp/18191b0fb386ba9516d4de76b213efe3-p_c.jpg,2026-06-15 13:52,For Sale
26890629,6611 Fernshaw Dr,75248,Dallas,TX,32.98581,-96.792534,599000,264.0,,579300.0,3309.0,4.0,2.0,2268.0,1977.0,9104.04,singleFamily,3,580900.0,2025,https://www.zillow.com,https://photos.zillowstatic.com/fp/b2b99109b529d74b06cae4dac07d60b2-p_c.jpg,2026-06-15 13:52,For Sale
26751704,7639 Lovers Ln,75225,Dallas,TX,32.85137,-96.775406,1550000,540.0,-50000.0,1488300.0,6529.0,4.0,4.0,2868.0,1946.0,8407.08,singleFamily,100,1269230.0,2025,https://www.zillow.com,https://photos.zillowstatic.com/fp/c51ed64711996573f7948e47031794ca-p_c.jpg,2026-06-15 13:52,For Sale
26749347,6405 Glennox Ln,75214,Dallas,TX,32.850258,-96.75257,750000,225.0,-20000.0,719500.0,5213.0,5.0,4.0,3330.0,1953.0,0.256,singleFamily,30,726710.0,2025,https://www.zillow.com,https://photos.zillowstatic.com/fp/0bfcab816201b5bc6c813d5c582d5252-p_c.jpg,2026-06-15 13:52,For Sale
26888488,9931 Chimney Hill Ln,75243,Dallas,TX,32.916225,-96.7269,499000,191.0,-26000.0,487800.0,3216.0,4.0,3.0,2610.0,1979.0,9016.92,singleFamily,32,427440.0,2025,https://www.zillow.com,https://photos.zillowstatic.com/fp/e1abaa301c830c3c4c9f61d816e2deaf-p_c.jpg,2026-06-15 13:52,For Sale
26684105,5506 Worth St,75214,Dallas,TX,32.803165,-96.760796,525000,374.0,,515400.0,3397.0,3.0,2.0,1404.0,1917.0,7492.32,singleFamily,24,457020.0,2025,https://www.zillow.com,https://photos.zillowstatic.com/fp/69d20393ea682437531e782d96a8383e-p_c.jpg,2026-06-15 13:52,For Sale
26749446,6516 Danbury Ln,75214,Dallas,TX,32.84712,-96.74945,534900,372.0,-15100.0,516800.0,2905.0,2.0,2.0,1439.0,1953.0,10018.8,singleFamily,59,662340.0,2025,https://www.zillow.com,https://photos.zillowstatic.com/fp/8dce9cbd79914c8fcf00ba943a8b305b-p_c.jpg,2026-06-15 13:52,For Sale
26768740,2010 Dudley St,75203,Dallas,TX,32.73454,-96.79588,149900,128.0,,133300.0,1738.0,3.0,1.0,1169.0,1941.0,5614.884,singleFamily,0,169780.0,2025,https://www.zillow.com,https://photos.zillowstatic.com/fp/5eab70832e55ecfabfa4c060a38d7a67-p_c.jpg,2026-06-15 13:52,For Sale
26906071,2927 S Bend Dr,75229,Dallas,TX,32.907413,-96.87998,374750,227.0,76250.0,,,3.0,3.0,1654.0,1987.0,2874.96,singleFamily,17,389460.0,2025,https://www.zillow.com,https://photos.zillowstatic.com/fp/618201eba20f3e7cedb782a4c6f71cb0-p_c.jpg,2026-06-15 13:52,For Sale
26786511,846 Peavy Rd,75218,Dallas,TX,32.846157,-96.706726,474900,348.0,-24100.0,472300.0,3000.0,3.0,2.0,1364.0,1954.0,8102.16,singleFamily,76,547740.0,2025,https://www.zillow.com,https://photos.zillowstatic.com/fp/77f4028a7ab786de8420de7bd985bb93-p_c.jpg,2026-06-15 13:52,For Sale
26865869,9621 Summerhill Ln,75238,Dallas,TX,32.89351,-96.720184,230000,209.0,,275300.0,2061.0,2.0,2.0,1100.0,1977.0,2526.48,townhome,4,327480.0,2025,https://www.zillow.com,https://photos.zillowstatic.com/fp/443ee99aeade553b603cb84f6896a537-p_c.jpg,2026-06-15 13:52,For Sale
162422137,5909 Malmesbury Rd,75252,Dallas,TX,32.986614,-96.80642,510000,286.0,-7500.0,504200.0,2785.0,3.0,3.0,1782.0,2004.0,1873.08,townhome,65,451260.0,2025,https://www.zillow.com,https://photos.zillowstatic.com/fp/6805234f6061d4eda186669ab3a47286-p_c.jpg,2026-06-15 13:52,For Sale
26892307,7105 Pineberry Rd,75249,Dallas,TX,32.636818,-96.9457,199000,162.0,199000.0,197100.0,1624.0,2.0,2.0,1227.0,1981.0,5140.08,singleFamily,30,210150.0,2025,https://www.zillow.com,https://photos.zillowstatic.com/fp/75724265ff120ff4fd9b8f455d307231-p_c.jpg,2026-06-15 13:52,For Sale
26876745,16132 Chalfont Cir,75248,Dallas,TX,32.96777,-96.806915,649900,302.0,,,,2.0,2.0,2155.0,1979.0,6141.96,singleFamily,33,570520.0,2025,https://www.zillow.com,https://photos.zillowstatic.com/fp/729ca76057f6df2ed562034d8725a32d-p_c.jpg,2026-06-15 13:52,For Sale
26688370,2725 1st Ave,75210,Dallas,TX,32.767334,-96.750824,259000,144.0,-6000.0,258100.0,2539.0,3.0,3.0,1800.0,2025.0,5575.68,singleFamily,89,199530.0,2025,https://www.zillow.com,https://photos.zillowstatic.com/fp/eb092f9bc635c7c350acb6986e06ce74-p_c.jpg,2026-06-15 13:52,For Sale
26887276,6306 Oakleaf Rd,75248,Dallas,TX,32.96487,-96.79694,839000,285.0,,806000.0,5228.0,4.0,3.0,2946.0,1979.0,10672.2,singleFamily,9,775800.0,2025,https://www.zillow.com,https://photos.zillowstatic.com/fp/efc659f214037cf0978233ff4c50037a-p_c.jpg,2026-06-15 13:52,For Sale
26717819,2610 Brandon St,75211,Dallas,TX,32.731777,-96.86195,149990,139.0,-12510.0,,1817.0,3.0,1.0,1080.0,1926.0,6838.92,singleFamily,17,200650.0,2025,https://www.zillow.com,https://photos.zillowstatic.com/fp/8a064a7e527c6430b4340c9a364d6b16-p_c.jpg,2026-06-15 13:52,For Sale
26860294,3536 Delford Cir,75228,Dallas,TX,32.844803,-96.65973,365000,172.0,,354000.0,3098.0,5.0,2.0,2120.0,1960.0,8015.04,singleFamily,18,366690.0,2025,https://www.zillow.com,https://photos.zillowstatic.com/fp/49a65ffaab174d5b84277eedb6c3113d-p_c.jpg,2026-06-15 13:52,For Sale
26869902,9223 Club Glen Dr,75243,Dallas,TX,32.90173,-96.74409,1150000,286.0,-45000.0,,,4.0,3.0,4026.0,1979.0,10410.84,singleFamily,19,1085440.0,2025,https://www.zillow.com,https://photos.zillowstatic.com/fp/ae21523ef1f510d4873f1a4eb4145e82-p_c.jpg,2026-06-15 13:52,For Sale
26863807,14370 Haymeadow Cir,75254,Dallas,TX,32.944008,-96.769615,294900,165.0,-5000.0,288500.0,2517.0,3.0,3.0,1785.0,1974.0,3005.64,townhome,58,256830.0,2025,https://www.zillow.com,https://photos.zillowstatic.com/fp/a1547d8ae76b6c0f2872bddc5efd399b-p_c.jpg,2026-06-15 13:52,For Sale
84003466,13622 Vida Ln,75253,Dallas,TX,32.67849,-96.5982,175000,122.0,,170900.0,1847.0,4.0,2.0,1440.0,2007.0,10018.8,singleFamily,19,138260.0,2025,https://www.zillow.com,https://photos.zillowstatic.com/fp/36c62b0089fbc0565a44b86980787436-p_c.jpg,2026-06-15 13:52,For Sale
26689533,5833 Velasco Ave,75206,Dallas,TX,32.821278,-96.76652,750000,273.0,-25000.0,,,4.0,2.0,2752.0,1920.0,7710.12,multiFamily,68,566750.0,2025,https://www.zillow.com,https://photos.zillowstatic.com/fp/c97fe54b27d35fb1280edd1c1b080c16-p_c.jpg,2026-06-15 13:52,For Sale
26867067,9523 Highedge Dr,75238,Dallas,TX,32.875874,-96.72639,825000,275.0,,789700.0,3803.0,4.0,3.0,3005.0,1963.0,8755.56,singleFamily,33,753570.0,2025,https://www.zillow.com,https://photos.zillowstatic.com/fp/30fe6cbfda404e8babadb37974a14cce-p_c.jpg,2026-06-15 13:52,For Sale
26874725,7881 La Cabeza Dr,75248,Dallas,TX,32.971146,-96.76922,745000,351.0,-5000.0,722600.0,2828.0,4.0,2.0,2123.0,1968.0,0.338,singleFamily,37,457990.0,2025,https://www.zillow.com,https://photos.zillowstatic.com/fp/a571d60e337045f127c69eac9ac7001f-p_c.jpg,2026-06-15 13:52,For Sale
26871833,6954 Leameadow Dr,75248,Dallas,TX,32.954334,-96.7871,649900,207.0,,625800.0,4504.0,5.0,3.0,3133.0,1971.0,0.331,singleFamily,37,753290.0,2025,https://www.zillow.com,https://photos.zillowstatic.com/fp/72ff8a0b2b56ebc5443347c41c0498d3-p_c.jpg,2026-06-15 13:52,For Sale
26729241,1518 Oak Knoll St,75208,Dallas,TX,32.762928,-96.83254,1395000,439.0,-55000.0,1326000.0,7749.0,4.0,4.0,3180.0,1948.0,0.29200000000000004,singleFamily,26,1895320.0,2025,https://www.zillow.com,https://photos.zillowstatic.com/fp/7893fc64bef8611e2f8e2781fbf1070c-p_c.jpg,2026-06-15 13:52,For Sale
26786736,429 Parkhurst Dr,75218,Dallas,TX,32.85364,-96.71174,645000,359.0,,620600.0,2865.0,3.0,2.0,1798.0,1951.0,9234.72,singleFamily,24,528490.0,2025,https://www.zillow.com,https://photos.zillowstatic.com/fp/608e37bd276ac6e8894deed536b03c3f-p_c.jpg,2026-06-15 13:52,For Sale
26892826,7318 Emory Oak Ln,75249,Dallas,TX,32.6288,-96.950294,275000,180.0,-10000.0,273400.0,1935.0,3.0,2.0,1529.0,1978.0,7143.84,singleFamily,38,279000.0,2025,https://www.zillow.com,https://photos.zillowstatic.com/fp/5ec632e43fbb01323e88401bfdbb73aa-p_c.jpg,2026-06-15 13:52,For Sale
26810197,3755 Northview Ln,75229,Dallas,TX,32.903606,-96.8534,2150000,431.0,,2057100.0,8586.0,6.0,7.0,4986.0,2016.0,0.37,singleFamily,66,1767120.0,2025,https://www.zillow.com,https://photos.zillowstatic.com/fp/43fb388124a08e17963d768f12b097f3-p_c.jpg,2026-06-15 13:52,For Sale
26749388,6406 Chesley Ln,75214,Dallas,TX,32.84665,-96.75261,625000,315.0,,596600.0,3216.0,3.0,2.0,1983.0,1953.0,0.259,singleFamily,7,619140.0,2025,https://www.zillow.com,https://photos.zillowstatic.com/fp/cec879a818f3b4e368eb33780d521df2-p_c.jpg,2026-06-15 13:52,For Sale
26881130,4456 Thunder Rd,75244,Dallas,TX,32.92473,-96.83212,1200000,408.0,-25000.0,1172100.0,4891.0,5.0,3.0,2941.0,1968.0,0.348,singleFamily,53,726280.0,2025,https://www.zillow.com,https://photos.zillowstatic.com/fp/d5a8b3acd3b04c15b46cdc5f7f04e00a-p_c.jpg,2026-06-15 13:52,For Sale
26843362,9077 Longmont Dr,75238,Dallas,TX,32.871124,-96.707535,619900,407.0,-5100.0,,,4.0,2.0,1523.0,1955.0,7971.48,singleFamily,31,533340.0,2025,https://www.zillow.com,https://photos.zillowstatic.com/fp/95cd478cba66917d2417248fda974133-p_c.jpg,2026-06-15 13:52,For Sale
26747570,6262 E University Blvd,75214,Dallas,TX,32.846336,-96.75549,769000,379.0,,735100.0,3749.0,3.0,2.0,2031.0,1961.0,10018.8,singleFamily,17,727870.0,2025,https://www.zillow.com,https://photos.zillowstatic.com/fp/5441153b317e10aecd83be7af9a3b72d-p_c.jpg,2026-06-15 13:52,For Sale
26761762,9744 Wisterwood Dr,75238,Dallas,TX,32.873096,-96.72015,875000,385.0,,834200.0,4732.0,3.0,3.0,2270.0,1964.0,10105.92,singleFamily,13,845730.0,2025,https://www.zillow.com,https://photos.zillowstatic.com/fp/c8c6834decf02c36a63d98936d9e8026-p_c.jpg,2026-06-15 13:52,For Sale
26700783,710 Newell Ave,75223,Dallas,TX,32.806065,-96.74113,1125000,474.0,,,,4.0,4.0,2371.0,1926.0,7143.84,singleFamily,28,846250.0,2025,https://www.zillow.com,https://photos.zillowstatic.com/fp/efac3a40174a42ed44b16933bc603327-p_c.jpg,2026-06-15 13:52,For Sale
26610126,17216 Ikel Dr,75248,Dallas,TX,32.98679,-96.7816,563900,291.0,-5000.0,,,3.0,3.0,1941.0,1981.0,6969.6,singleFamily,37,594911.0,2025,https://www.zillow.com,https://photos.zillowstatic.com/fp/164bff70340976bbc3c2a3d4a3f26aca-p_c.jpg,2026-06-15 13:52,For Sale
26695084,5947 Goodwin Ave,75206,Dallas,TX,32.824085,-96.76384,868999,420.0,-1000.0,844400.0,4816.0,3.0,3.0,2070.0,1938.0,6534.0,singleFamily,114,801570.0,2025,https://www.zillow.com,https://photos.zillowstatic.com/fp/7eba40c1d347edc9fab3741bc34e1e0d-p_c.jpg,2026-06-15 13:52,For Sale
162224612,4130 Cochran Chapel Rd,75209,Dallas,TX,32.860207,-96.84044,9150000,1018.0,,,,5.0,8.0,8984.0,2002.0,3.38,singleFamily,99,6872000.0,2025,https://www.zillow.com,https://photos.zillowstatic.com/fp/9974a556fdec25115f607399b11c6488-p_c.jpg,2026-06-15 13:52,For Sale
26835007,3741 Toronto St,75212,Dallas,TX,32.78009,-96.88247,450000,165.0,-25000.0,441200.0,3788.0,4.0,3.0,2724.0,2021.0,5575.68,singleFamily,33,521940.0,2025,https://www.zillow.com,https://photos.zillowstatic.com/fp/fdcad6d744c21871974cde189b56691f-p_c.jpg,2026-06-15 13:52,For Sale
26747033,9427 Hobart St,75218,Dallas,TX,32.844303,-96.7132,1039000,400.0,,971200.0,6698.0,4.0,4.0,2598.0,1947.0,7710.12,singleFamily,25,529810.0,2025,https://www.zillow.com,https://photos.zillowstatic.com/fp/a4cddc15d5a2b5257a02b8a89c039eb1-p_c.jpg,2026-06-15 13:52,For Sale
26681350,2718 South Blvd,75215,Dallas,TX,32.769196,-96.76976,265000,130.0,,258100.0,2524.0,3.0,2.0,2038.0,1920.0,9626.76,singleFamily,39,172000.0,2025,https://www.zillow.com,https://photos.zillowstatic.com/fp/e175c04ac8c7bcf17b0247420894683c-p_c.jpg,2026-06-15 13:52,For Sale
84001098,8342 Timberbrook Ln,75249,Dallas,TX,32.664314,-96.95082,344369,214.0,5000.0,341900.0,2547.0,3.0,3.0,1612.0,2007.0,4007.52,singleFamily,88,309670.0,2025,https://www.zillow.com,https://photos.zillowstatic.com/fp/c804d2f76f3fc541da27f74b80197799-p_c.jpg,2026-06-15 13:52,For Sale
96508401,2010 McMillan Ave,75206,Dallas,TX,32.8149,-96.774414,2399000,486.0,-101000.0,2286700.0,4644.0,4.0,5.0,4936.0,2017.0,7492.32,singleFamily,39,1666820.0,2025,https://www.zillow.com,https://photos.zillowstatic.com/fp/22906da4dcad5a31932454f1869f717a-p_c.jpg,2026-06-15 13:52,For Sale
26888120,9822 Amberton Pkwy,75243,Dallas,TX,32.922054,-96.738434,185500,108.0,-4000.0,,2354.0,3.0,2.0,1715.0,1978.0,3310.56,townhome,100,283960.0,2025,https://www.zillow.com,https://photos.zillowstatic.com/fp/bbea435ca77d2920041659b0e22ad6a3-p_c.jpg,2026-06-15 13:52,For Sale
26751075,7048 Arboreal Dr,75231,Dallas,TX,32.859203,-96.7364,960000,349.0,,,,3.0,3.0,2753.0,1960.0,0.254,singleFamily,2,643770.0,2025,https://www.zillow.com,https://photos.zillowstatic.com/fp/71b669105368b90748947d7157fb921e-p_c.jpg,2026-06-15 13:52,For Sale
26705186,6452 Lange Cir,75214,Dallas,TX,32.841766,-96.75068,899500,479.0,,,,3.0,3.0,1878.0,1958.0,9844.56,singleFamily,14,912800.0,2025,https://www.zillow.com,https://photos.zillowstatic.com/fp/7c115f0942f9852758875069b3ca5686-p_c.jpg,2026-06-15 13:52,For Sale
333139706,1805 Granite Falls Ct,75204,Dallas,TX,32.800087,-96.7859,489000,298.0,,476600.0,3045.0,2.0,3.0,1643.0,2019.0,1001.88,townhome,3,510000.0,2025,https://www.zillow.com,https://photos.zillowstatic.com/fp/c848b15b869f72d4e8c3c9ebe55ea51a-p_c.jpg,2026-06-15 13:52,For Sale
26689519,5701 Velasco Ave,75206,Dallas,TX,32.821274,-96.76997,799000,498.0,,765600.0,3277.0,2.0,2.0,1603.0,1919.0,8102.16,singleFamily,33,619600.0,2025,https://www.zillow.com,https://photos.zillowstatic.com/fp/1b285c96257218079d37ad13dbdc6294-p_c.jpg,2026-06-15 13:52,For Sale
26704680,4203 Camden Ave,75206,Dallas,TX,32.83673,-96.76372,699000,260.0,-41000.0,,,3.0,3.0,2686.0,1939.0,6272.64,singleFamily,262,558390.0,2025,https://www.zillow.com,https://photos.zillowstatic.com/fp/c32ae53db6a7730827af6d931e344571-p_c.jpg,2026-06-15 13:52,For Sale
162372942,6610 Southpoint Dr,75248,Dallas,TX,32.977703,-96.79332,1275000,339.0,-63750.0,1216500.0,5563.0,4.0,4.0,3765.0,1973.0,9539.64,singleFamily,22,962490.0,2025,https://www.zillow.com,https://photos.zillowstatic.com/fp/7e90407073160e553e6f8cc1a00e4ffa-p_c.jpg,2026-06-15 13:52,For Sale
26875845,6725 Caulfield Dr,75248,Dallas,TX,32.981922,-96.79075,900000,221.0,,870400.0,6815.0,5.0,5.0,4076.0,1974.0,0.27,singleFamily,37,902000.0,2025,https://www.zillow.com,https://photos.zillowstatic.com/fp/73d43f312db99d85ec713b77ba23737c-p_c.jpg,2026-06-15 13:52,For Sale
26726438,3815 Cauthorn Dr,75210,Dallas,TX,32.762817,-96.74039,135000,84.0,,,1585.0,3.0,2.0,1604.0,1948.0,7100.28,singleFamily,195,170730.0,2025,https://www.zillow.com,https://photos.zillowstatic.com/fp/b778e252b9172f90be74840483bb17e2-p_c.jpg,2026-06-15 13:52,For Sale
26888431,12206 Wightman Pl,75243,Dallas,TX,32.91335,-96.73114,329500,198.0,-9050.0,325300.0,2347.0,3.0,3.0,1666.0,1977.0,2744.28,singleFamily,89,352390.0,2025,https://www.zillow.com,https://photos.zillowstatic.com/fp/9d6796f6b180498982242644b76251d6-p_c.jpg,2026-06-15 13:52,For Sale
26677885,3288 Lakenheath Pl,75204,Dallas,TX,32.793873,-96.786995,774900,315.0,-24100.0,736900.0,3837.0,2.0,3.0,2460.0,1980.0,2526.48,singleFamily,67,638980.0,2025,https://www.zillow.com,https://photos.zillowstatic.com/fp/644bdf2a566d3abc72d05eb75f5e3e0c-p_c.jpg,2026-06-15 13:52,For Sale
96497307,1314 Lucchese Ln,75253,Dallas,TX,32.674526,-96.5842,250000,159.0,,,,3.0,2.0,1568.0,2017.0,5749.92,singleFamily,11,258300.0,2025,https://www.zillow.com,https://photos.zillowstatic.com/fp/0b96d472fe1ca693eb2ac9e8da971546-p_c.jpg,2026-06-15 13:52,For Sale
26861224,8112 Arlene Ln,75217,Dallas,TX,32.691376,-96.68189,269500,168.0,-5000.0,272900.0,2178.0,4.0,3.0,1600.0,1949.0,7710.12,singleFamily,36,169010.0,2025,https://www.zillow.com,https://photos.zillowstatic.com/fp/46c6442d80b4753b7572f7d3549c9cdb-p_c.jpg,2026-06-15 13:52,For Sale
26859540,7109 Alpha Rd,75240,Dallas,TX,32.932,-96.78157,842500,286.0,-22500.0,811100.0,6801.0,4.0,4.0,2945.0,1978.0,0.324,singleFamily,39,878000.0,2025,https://www.zillow.com,https://photos.zillowstatic.com/fp/49ed622f938f5ec6efc95fd53356b95f-p_c.jpg,2026-06-15 13:52,For Sale
461184211,5530 Reiger Ave #5528,75214,Dallas,TX,32.801636,-96.757385,525000,163.0,-24950.0,516800.0,4350.0,6.0,4.0,3230.0,1927.0,10715.76,multiFamily,86,,,https://www.zillow.com,https://photos.zillowstatic.com/fp/232566ee52da4c860984b27001cd910e-p_c.jpg,2026-06-15 13:52,For Sale
26811611,2930 Bellknoll Ln,75229,Dallas,TX,32.890114,-96.8788,375000,257.0,,344800.0,2656.0,3.0,2.0,1461.0,1955.0,8102.16,singleFamily,2,289090.0,2025,https://www.zillow.com,https://photos.zillowstatic.com/fp/84e2d0c685f75b773bba2a08e3bfbe39-p_c.jpg,2026-06-15 13:52,For Sale
26869122,8904 Meadowknoll Dr,75243,Dallas,TX,32.89797,-96.72979,1175000,264.0,,1124100.0,6028.0,5.0,6.0,4458.0,2006.0,0.299,singleFamily,60,1138430.0,2025,https://www.zillow.com,https://photos.zillowstatic.com/fp/63c7007b6d873dab62329d87b9313953-p_c.jpg,2026-06-15 13:52,For Sale
27273832,3307 Renaissance Dr,75287,Dallas,TX,32.99672,-96.86475,359990,252.0,,353300.0,2240.0,3.0,2.0,1431.0,1992.0,4007.52,singleFamily,62,323000.0,2025,https://www.zillow.com,https://photos.zillowstatic.com/fp/402b952a6cb919e7e00f9ea7161ef8f5-p_c.jpg,2026-06-15 13:52,For Sale
302787562,2515 Old Mill Rd,75287,Carrollton,TX,32.98999,-96.869675,419900,243.0,,408600.0,2907.0,3.0,2.0,1730.0,1982.0,7840.8,singleFamily,44,402838.0,2025,https://www.zillow.com,https://photos.zillowstatic.com/fp/e10ea22e6301f5f94b3426ecf508abe0-p_c.jpg,2026-06-15 13:52,For Sale
26908358,10464 Woodleaf Dr,75227,Dallas,TX,32.755257,-96.64325,200000,174.0,,194900.0,1775.0,3.0,2.0,1147.0,1984.0,3920.4,singleFamily,8,205980.0,2025,https://www.zillow.com,https://photos.zillowstatic.com/fp/a8d46b5550873a6a1fc483295515b437-p_c.jpg,2026-06-15 13:52,For Sale
26691115,2515 Southland St,75215,Dallas,TX,32.753834,-96.75776,515500,255.0,,510800.0,2993.0,4.0,3.0,2020.0,2025.0,7666.56,singleFamily,44,76500.0,2025,https://www.zillow.com,https://photos.zillowstatic.com/fp/7b912645228619ef708d18e38ba0642e-p_c.jpg,2026-06-15 13:52,For Sale
26699026,2738 Lawrence St,75215,Dallas,TX,32.75502,-96.75246,115000,92.0,-15000.0,,1917.0,4.0,1.0,1248.0,1923.0,5532.12,singleFamily,39,144670.0,2025,https://www.zillow.com,https://photos.zillowstatic.com/fp/9dd6f17d4db8f685d215d99bd9302b5b-p_c.jpg,2026-06-15 13:52,For Sale
26813038,2942 Townsend Dr,75229,Dallas,TX,32.89847,-96.87949,415000,216.0,,409300.0,3224.0,4.0,3.0,1923.0,1959.0,8407.08,singleFamily,12,441520.0,2025,https://www.zillow.com,https://photos.zillowstatic.com/fp/bb5958d933745b1a0a1269a25c83c081-p_c.jpg,2026-06-15 13:52,For Sale
26888475,12401 Pleasant Valley Dr,75243,Dallas,TX,32.916386,-96.72347,470000,189.0,,452600.0,3589.0,4.0,3.0,2493.0,1978.0,0.299,singleFamily,15,452470.0,2025,https://www.zillow.com,https://photos.zillowstatic.com/fp/4edc268d7b265e42863adfa2f4a9cabc-p_c.jpg,2026-06-15 13:52,For Sale
26818646,2007 Red Cloud Dr,75217,Dallas,TX,32.747482,-96.65272,200000,185.0,-15000.0,197800.0,1663.0,3.0,2.0,1084.0,1982.0,3092.76,singleFamily,213,190260.0,2025,https://www.zillow.com,https://photos.zillowstatic.com/fp/c4b839bf9a615bbba93acf8eec017965-p_c.jpg,2026-06-15 13:52,For Sale
60347644,4034 Rawlins St APT 207,75219,Dallas,TX,32.814045,-96.80962,365000,326.0,-5000.0,354400.0,2395.0,2.0,3.0,1119.0,1984.0,0.41,condo,38,324510.0,2025,https://www.zillow.com,https://photos.zillowstatic.com/fp/6fd8241dd712eb8d520acff248099355-p_c.jpg,2026-06-15 13:52,For Sale
26707558,6910 Huff Trl,75214,Dallas,TX,32.836407,-96.73795,2140000,506.0,,2002800.0,11405.0,4.0,5.0,4228.0,2012.0,7753.68,singleFamily,24,1728600.0,2025,https://www.zillow.com,https://photos.zillowstatic.com/fp/145865099f3425d44e2dd484e47f90ee-p_c.jpg,2026-06-15 13:52,For Sale
96496406,2123 Southerland Ave,75203,Dallas,TX,32.726994,-96.791306,599999,220.0,,,,4.0,4.0,2727.0,2020.0,0.3,singleFamily,2,580670.0,2025,https://www.zillow.com,https://photos.zillowstatic.com/fp/2ac968c18c9baec302a54fb67b10b2a2-p_c.jpg,2026-06-15 13:52,For Sale
26901619,5840 Spring Valley Rd APT 803,75254,Dallas,TX,32.94731,-96.7995,210000,168.0,11000.0,,2057.0,3.0,2.0,1250.0,1985.0,8.915702479338844,condo,65,178160.0,2025,https://www.zillow.com,https://photos.zillowstatic.com/fp/942e7667c87177c4d56f54036f3bcb96-p_c.jpg,2026-06-15 13:52,For Sale
26747180,649 Northlake Dr,75218,Dallas,TX,32.846478,-96.71209,579000,375.0,-20900.0,,,3.0,2.0,1546.0,1947.0,10410.84,singleFamily,59,622250.0,2025,https://www.zillow.com,https://photos.zillowstatic.com/fp/893a3116165045cc65f94c2c15350064-p_c.jpg,2026-06-15 13:52,For Sale
80233370,4446 Thunder Rd,75244,Dallas,TX,32.924732,-96.83252,1199000,376.0,,,,4.0,4.0,3186.0,1968.0,0.351,singleFamily,2,893510.0,2025,https://www.zillow.com,https://photos.zillowstatic.com/fp/0b07a17df2d1c7e0eaeb084a3ab89bf0-p_c.jpg,2026-06-15 13:52,For Sale
26838955,10504 Berry Knoll Dr,75230,Dallas,TX,32.8887,-96.78239,549000,209.0,-30000.0,530000.0,4881.0,3.0,3.0,2632.0,1971.0,0.254,singleFamily,111,524300.0,2025,https://www.zillow.com,https://photos.zillowstatic.com/fp/398210584faf4faf2a2e8060a44b7058-p_c.jpg,2026-06-15 13:52,For Sale
26648978,5132 Quail Lake Dr,75287,Dallas,TX,32.99391,-96.820404,1749000,367.0,,1661000.0,6949.0,5.0,6.0,4770.0,1995.0,10018.8,singleFamily,47,1130685.0,2025,https://www.zillow.com,https://photos.zillowstatic.com/fp/82b1857811eb36d7c6bc583b5e7803bc-p_c.jpg,2026-06-15 13:52,For Sale
457361713,6945 Mustang Isle Dr,75228,Dallas,TX,32.791985,-96.71612,334999,203.0,-10000.0,334200.0,2560.0,3.0,3.0,1647.0,2025.0,4791.6,townhome,240,10000.0,2025,https://www.zillow.com,https://photos.zillowstatic.com/fp/bfadd1c870d47de25f9798bc9dd6c140-p_c.jpg,2026-06-15 13:52,For Sale
162175878,5457 Bonita Ave,75206,Dallas,TX,32.818462,-96.77495,2199995,516.0,-100000.0,2132500.0,6602.0,4.0,5.0,4265.0,2026.0,7753.68,singleFamily,37,606610.0,2025,https://www.zillow.com,https://photos.zillowstatic.com/fp/d4210397d494231283b746598c8fefc0-p_c.jpg,2026-06-15 13:52,For Sale
26750167,6742 Hialeah Dr,75214,Dallas,TX,32.85008,-96.74333,595000,358.0,,568900.0,3852.0,4.0,3.0,1660.0,1954.0,7492.32,singleFamily,0,563620.0,2025,https://www.zillow.com,https://photos.zillowstatic.com/fp/54ac7af75b91952603a6bf533c50519c-p_c.jpg,2026-06-15 13:52,For Sale
95054497,2824 Saint Bernard Dr,75233,Dallas,TX,32.71249,-96.86712,292000,192.0,,,,4.0,2.0,1521.0,2015.0,5209.776,singleFamily,33,290000.0,2025,https://www.zillow.com,https://photos.zillowstatic.com/fp/a8f078add930526b1d7faa9eba178a0f-p_c.jpg,2026-06-15 13:52,For Sale
26672616,4242 N Capistrano Dr APT 106,75287,Dallas,TX,33.006493,-96.83508,265000,191.0,-4900.0,258700.0,1943.0,2.0,2.0,1384.0,1986.0,740.52,condo,65,287558.0,2025,https://www.zillow.com,https://photos.zillowstatic.com/fp/e8776c31015278117a16c7c72211f504-p_c.jpg,2026-06-15 13:52,For Sale
26785914,7322 Hunnicut Rd,75227,Dallas,TX,32.789425,-96.71207,545000,225.0,,,,4.0,3.0,2419.0,1969.0,8407.08,singleFamily,19,262600.0,2025,https://www.zillow.com,https://photos.zillowstatic.com/fp/ea7a6d8d8dc194d700b5152a6268a903-p_c.jpg,2026-06-15 13:52,For Sale
96506073,3504 Keyridge Dr,75241,Dallas,TX,32.682056,-96.76293,344900,147.0,-100.0,,,5.0,3.0,2352.0,2021.0,9539.64,singleFamily,112,393230.0,2025,https://www.zillow.com,https://photos.zillowstatic.com/fp/0549c563c74f7b9432b97a2decc12d00-p_c.jpg,2026-06-15 13:52,For Sale
26709165,712 W 8th St,75208,Dallas,TX,32.74785,-96.834595,515000,280.0,-10000.0,498500.0,3042.0,4.0,3.0,1837.0,1930.0,5749.92,singleFamily,41,507730.0,2025,https://www.zillow.com,https://photos.zillowstatic.com/fp/68aa99826b06a012f55c015aef0a9a30-p_c.jpg,2026-06-15 13:52,For Sale
26737457,3807 Falls Dr,75211,Dallas,TX,32.72671,-96.882385,279900,258.0,,271500.0,1763.0,3.0,2.0,1083.0,1933.0,7710.12,singleFamily,3,266270.0,2025,https://www.zillow.com,https://photos.zillowstatic.com/fp/db5a952ba10ce175fcdb6d86dde6cf0e-p_c.jpg,2026-06-15 13:52,For Sale
26866798,9605 Crestedge Dr,75238,Dallas,TX,32.878563,-96.72302,749900,310.0,-25100.0,,,4.0,3.0,2420.0,1966.0,10585.08,singleFamily,24,799050.0,2025,https://www.zillow.com,https://photos.zillowstatic.com/fp/5f6bad4937b28f49edf6ea20304b200a-p_c.jpg,2026-06-15 13:52,For Sale
26626390,4406 Windward Cir,75287,Dallas,TX,33.008568,-96.834045,449900,199.0,-9100.0,443400.0,2448.0,3.0,2.0,2256.0,1982.0,5227.2,singleFamily,41,460063.0,2025,https://www.zillow.com,https://photos.zillowstatic.com/fp/a3f9a792839948b4b8d3bec904804aa4-p_c.jpg,2026-06-15 13:52,For Sale
26716031,1206 Vermont Ave,75216,Dallas,TX,32.72677,-96.807076,450000,125.0,,444500.0,3970.0,4.0,4.0,3600.0,2021.0,9104.04,singleFamily,12,298420.0,2025,https://www.zillow.com,https://photos.zillowstatic.com/fp/823d6772ac9bcfad5b996e3928280b2b-p_c.jpg,2026-06-15 13:52,For Sale
26729424,2240 Lawndale Dr,75211,Dallas,TX,32.762295,-96.860374,549900,298.0,,527500.0,3787.0,3.0,3.0,1844.0,1941.0,7666.56,singleFamily,16,561860.0,2025,https://www.zillow.com,https://photos.zillowstatic.com/fp/3727db49f583844c246d13aef63ff69d-p_c.jpg,2026-06-15 13:52,For Sale
67961461,2800 Carter St,75210,Dallas,TX,32.77622,-96.74224,299999,210.0,-10000.0,299000.0,1924.0,3.0,2.0,1430.0,2026.0,6621.12,singleFamily,87,56380.0,2025,https://www.zillow.com,https://photos.zillowstatic.com/fp/8f1a92a58dfadd361d1705cb73b8fedd-p_c.jpg,2026-06-15 13:52,For Sale
61869872,4241 Buena Vista St APT 2,75205,Dallas,TX,32.819,-96.79435,449999,382.0,,431100.0,2633.0,1.0,2.0,1177.0,1994.0,0.643,condo,3,429610.0,2025,https://www.zillow.com,https://photos.zillowstatic.com/fp/6894269f62e56d0ce9bf8d0c035b5b95-p_c.jpg,2026-06-15 13:52,For Sale
27338315,2915 Gainesborough Dr,75287,Dallas,TX,33.00582,-96.85756,480000,171.0,-5000.0,471500.0,3599.0,4.0,3.0,2806.0,1992.0,10367.28,singleFamily,107,527633.0,2025,https://www.zillow.com,https://photos.zillowstatic.com/fp/c4eaf9facf3f74dc2bdc45bfa92c4a7d-p_c.jpg,2026-06-15 13:52,For Sale
55825927,802 Haines Ave,75208,Dallas,TX,32.752388,-96.82884,1100000,306.0,,1066100.0,4918.0,4.0,3.0,3596.0,1918.0,7274.52,singleFamily,15,754360.0,2025,https://www.zillow.com,https://photos.zillowstatic.com/fp/9d96a7a78a5002f3898fe4da827c3af1-p_c.jpg,2026-06-15 13:52,For Sale
26875619,6822 Saint Anne St,75248,Dallas,TX,32.97677,-96.78947,759500,292.0,-25500.0,738100.0,4532.0,4.0,3.0,2600.0,1973.0,8799.12,singleFamily,72,604060.0,2025,https://www.zillow.com,https://photos.zillowstatic.com/fp/6ebae8e61430fec1ab1c1cdaa25390af-p_c.jpg,2026-06-15 13:52,For Sale
26749610,6632 Ridgemont Dr,75214,Dallas,TX,32.84875,-96.74644,740000,418.0,,706200.0,4291.0,3.0,3.0,1770.0,1955.0,8973.36,singleFamily,3,675360.0,2025,https://www.zillow.com,https://photos.zillowstatic.com/fp/26d744db121edf8b7016c4944b1a1a9f-p_c.jpg,2026-06-15 13:52,For Sale
96514361,2874 Farragut St,75215,Dallas,TX,32.75401,-96.74714,19995,,,,2335.0,,,,,3441.24,land,14,34340.0,2025,https://www.zillow.com,https://photos.zillowstatic.com/fp/22fea0a54919906b44445391a3ca4754-p_c.jpg,2026-06-15 13:52,For Sale
26883034,10105 Rita Rd,75243,Dallas,TX,32.92251,-96.710884,614999,197.0,,594400.0,3912.0,4.0,4.0,3117.0,1979.0,9583.2,singleFamily,9,511470.0,2025,https://www.zillow.com,https://photos.zillowstatic.com/fp/642dbb1662bf851fa528bae9d631256a-p_c.jpg,2026-06-15 13:52,For Sale
26643578,4219 Hollow Oak Dr,75287,Dallas,TX,32.997143,-96.83762,899900,208.0,-15000.0,894900.0,5994.0,5.0,4.0,4327.0,1989.0,8712.0,singleFamily,408,942154.0,2025,https://www.zillow.com,https://photos.zillowstatic.com/fp/fde7a660e79c44058378e3a2925a2f1a-p_c.jpg,2026-06-15 13:52,For Sale
336886774,1747 Leonard St Suite 2601,75201,Dallas,TX,32.78981,-96.79704,17500000,2276.0,,,,4.0,6.0,7688.0,2025.0,0.8300000000000001,condo,439,6334910.0,2025,https://www.zillow.com,https://photos.zillowstatic.com/fp/d7655d47504514c98f614924aa534bc7-p_c.jpg,2026-06-15 13:52,For Sale
26870574,6802 Bert Ln,75240,Dallas,TX,32.938572,-96.78763,1970000,344.0,-10000.0,1868400.0,7970.0,5.0,6.0,5722.0,1978.0,0.42000000000000004,singleFamily,101,684900.0,2015,https://www.zillow.com,https://photos.zillowstatic.com/fp/b776e1c60e46421e9260a8b46675e209-p_c.jpg,2026-06-15 13:52,For Sale
26699718,2532 Lowery St,75215,Dallas,TX,32.746048,-96.754074,299000,171.0,-10000.0,,2551.0,4.0,3.0,1750.0,2025.0,2495.988,singleFamily,89,115550.0,2024,https://www.zillow.com,https://photos.zillowstatic.com/fp/1ae9764292e1fd90d82e741b4a88072f-p_c.jpg,2026-06-15 13:52,For Sale
96495294,9228 Beckleyview Ave,75232,Dallas,TX,32.63641,-96.83223,355000,218.0,-5000.0,351600.0,2352.0,4.0,2.0,1632.0,2022.0,5009.4,singleFamily,57,337900.0,2025,https://www.zillow.com,https://photos.zillowstatic.com/fp/f18635ed28eb42d6494e00dde3d7d13d-p_c.jpg,2026-06-15 13:52,For Sale
26588508,4212 Joshua Ln,75287,Dallas,TX,32.99952,-96.83774,645000,253.0,-10000.0,633200.0,3231.0,4.0,3.0,2551.0,1981.0,8712.0,singleFamily,17,491420.0,2025,https://www.zillow.com,https://photos.zillowstatic.com/fp/e073b353fc4f8a33357925050a6b03a7-p_c.jpg,2026-06-15 13:52,For Sale
26680077,4129 Bowser Ave,75219,Dallas,TX,32.816257,-96.80915,786000,199.0,,,,3.0,3.0,3956.0,1927.0,6141.96,singleFamily,17,1039410.0,2025,https://www.zillow.com,https://photos.zillowstatic.com/fp/58aaeebd5318249c8317fa1e5fe51600-p_c.jpg,2026-06-15 13:52,For Sale
26701640,6418 Westlake Ave,75214,Dallas,TX,32.821693,-96.75204,1395000,498.0,,,,3.0,3.0,2804.0,1934.0,7230.96,singleFamily,9,955640.0,2025,https://www.zillow.com,https://photos.zillowstatic.com/fp/5fabacbbc3e01177e68ca600110e0045-p_c.jpg,2026-06-15 13:52,For Sale
26899538,9696 Walnut St APT 2016,75243,Dallas,TX,32.922676,-96.72171,55000,75.0,,75800.0,1147.0,1.0,1.0,730.0,1981.0,8.304,condo,4,73000.0,2025,https://www.zillow.com,https://photos.zillowstatic.com/fp/e9c81738ac0c1046e2d9f15dc4a979d3-p_c.jpg,2026-06-15 13:52,For Sale
26873776,7074 Regalview Cir,75248,Dallas,TX,32.966267,-96.78727,455000,183.0,-7000.0,448100.0,3707.0,4.0,4.0,2481.0,1980.0,3049.2,townhome,88,336070.0,2025,https://www.zillow.com,https://photos.zillowstatic.com/fp/ab43e989118aac49636d95799b9f9a4e-p_c.jpg,2026-06-15 13:52,For Sale
96517914,10017 Tokowa Dr,75217,Dallas,TX,32.736702,-96.65134,305000,181.0,,301200.0,2285.0,3.0,3.0,1684.0,2022.0,8886.24,singleFamily,10,330720.0,2025,https://www.zillow.com,https://photos.zillowstatic.com/fp/163e9cb65d6a45f0b6e429a4288cc86e-p_c.jpg,2026-06-15 13:52,For Sale
26903228,9 Hallshire Ct,75225,Dallas,TX,32.879124,-96.77414,1900000,389.0,505000.0,1789700.0,7632.0,4.0,5.0,4889.0,1985.0,6577.56,singleFamily,2,1746740.0,2025,https://www.zillow.com,https://photos.zillowstatic.com/fp/42343685ca53c7ab1c7319ff63aedeff-p_c.jpg,2026-06-15 13:52,For Sale
26757505,5722 Orchid Ln,75230,Dallas,TX,32.89209,-96.80667,1895000,541.0,,,,4.0,4.0,3500.0,2022.0,5227.2,singleFamily,13,1598980.0,2025,https://www.zillow.com,https://photos.zillowstatic.com/fp/df37a3d36674d1ddc8882445b7c2d73f-p_c.jpg,2026-06-15 13:52,For Sale
26609859,5822 London Ln,75252,Dallas,TX,32.999393,-96.80652,1500000,301.0,,1409900.0,6666.0,4.0,6.0,4976.0,1984.0,0.3,singleFamily,2,1200000.0,2025,https://www.zillow.com,https://photos.zillowstatic.com/fp/ceaf749b6d385da30e977253936e768b-p_c.jpg,2026-06-15 13:52,For Sale
26593049,7315 Debbe Dr,75252,Dallas,TX,32.994427,-96.77833,640000,243.0,,611700.0,3959.0,4.0,3.0,2637.0,1981.0,10018.8,singleFamily,9,693792.0,2025,https://www.zillow.com,https://photos.zillowstatic.com/fp/e1f658f675aebc13abd56b03be2f8b5c-p_c.jpg,2026-06-15 13:52,For Sale
27324814,18915 Tupelo Ln,75287,Dallas,TX,33.010216,-96.86181,289900,225.0,,286400.0,2023.0,3.0,2.0,1286.0,1984.0,5227.2,townhome,16,264880.0,2025,https://www.zillow.com,https://photos.zillowstatic.com/fp/e042d9eb600b5f8570c2a6395dae88de-p_c.jpg,2026-06-15 13:52,For Sale
26782308,1574 Madrid St,75216,Dallas,TX,32.71587,-96.80003,299869,120.0,,,,6.0,4.0,2500.0,1948.0,7840.8,singleFamily,6,244450.0,2025,https://www.zillow.com,https://photos.zillowstatic.com/fp/07a80d3982a3d4b7e299b4ad508acc74-p_c.jpg,2026-06-15 13:52,For Sale
26841713,2609 Inadale Ave,75228,Dallas,TX,32.817135,-96.670525,300000,227.0,,290800.0,1936.0,4.0,2.0,1320.0,1957.0,8102.16,singleFamily,7,212970.0,2025,https://www.zillow.com,https://photos.zillowstatic.com/fp/a63b8bd0f7e81159dff7c128223fd3ac-p_c.jpg,2026-06-15 13:52,For Sale
67951254,630 W Neely St,75208,Dallas,TX,32.750103,-96.83288,459000,324.0,-16000.0,451300.0,2856.0,3.0,2.0,1415.0,2004.0,5183.64,singleFamily,39,476430.0,2025,https://www.zillow.com,https://photos.zillowstatic.com/fp/4011cf6ee7458bace061703b84ac980f-p_c.jpg,2026-06-15 13:52,For Sale
80222863,2319 Great Light Dr,75228,Dallas,TX,32.806015,-96.676315,340000,192.0,,333100.0,2256.0,3.0,2.0,1767.0,2006.0,5619.24,singleFamily,16,291000.0,2025,https://www.zillow.com,https://photos.zillowstatic.com/fp/c2b06cba1c71a74c0ebe43602288eb8e-p_c.jpg,2026-06-15 13:52,For Sale
26767686,2666 Kellogg Ave,75216,Dallas,TX,32.717056,-96.79431,169900,138.0,-10000.0,177900.0,1827.0,3.0,2.0,1228.0,1983.0,6708.24,singleFamily,9,203240.0,2025,https://www.zillow.com,https://photos.zillowstatic.com/fp/bb16e657e4983e8c35d0dc28327e43b3-p_c.jpg,2026-06-15 13:52,For Sale
26695594,5126 Ridgedale Ave,75206,Dallas,TX,32.825203,-96.78347,1550000,394.0,-100000.0,1473500.0,7859.0,5.0,5.0,3934.0,2008.0,7230.96,singleFamily,5,1345600.0,2025,https://www.zillow.com,https://photos.zillowstatic.com/fp/c478f379d5210595cc3f32f8ad5286f9-p_c.jpg,2026-06-15 13:52,For Sale
27338852,2848 Harbinger Ln,75287,Dallas,TX,32.99178,-96.865456,295000,257.0,,287500.0,1880.0,2.0,2.0,1148.0,1984.0,3615.48,singleFamily,26,296000.0,2025,https://www.zillow.com,https://photos.zillowstatic.com/fp/3786cced07de3c2c92e815c26c299739-p_c.jpg,2026-06-15 13:52,For Sale
26645669,4847 Holly Tree Dr,75287,Dallas,TX,32.998787,-96.82273,1249900,308.0,,,,4.0,4.0,4062.0,1999.0,10018.8,singleFamily,8,1012714.0,2025,https://www.zillow.com,https://photos.zillowstatic.com/fp/b39dff5d98bf907717816138283ebe82-p_c.jpg,2026-06-15 13:52,For Sale
448065335,6214 Liberty Hl,75248,Dallas,TX,32.954628,-96.79971,612000,282.0,-10000.0,,,4.0,3.0,2168.0,1984.0,7840.8,singleFamily,58,,,https://www.zillow.com,https://photos.zillowstatic.com/fp/44b409de3e0d9da8cf79098fab1fbcb7-p_c.jpg,2026-06-15 13:52,For Sale
26773713,631 Cove Hollow Dr,75224,Dallas,TX,32.69571,-96.83353,194900,139.0,,192000.0,2104.0,3.0,2.0,1404.0,1965.0,8407.08,singleFamily,9,307390.0,2025,https://www.zillow.com,https://photos.zillowstatic.com/fp/a526527f18714fa3b9d27f898ec7f293-p_c.jpg,2026-06-15 13:52,For Sale
26735874,3856 Shorecrest Dr,75209,Dallas,TX,32.85844,-96.84552,650000,452.0,,621200.0,2574.0,2.0,2.0,1439.0,1951.0,7705.764,singleFamily,66,600000.0,2025,https://www.zillow.com,https://photos.zillowstatic.com/fp/dbed8c1baf645024097e5e639842fe54-p_c.jpg,2026-06-15 13:52,For Sale
26902778,1536 Waterside Ct,75218,Dallas,TX,32.808582,-96.72421,645000,221.0,-30000.0,632200.0,4251.0,4.0,3.0,2923.0,1993.0,5009.4,singleFamily,108,824540.0,2025,https://www.zillow.com,https://photos.zillowstatic.com/fp/bdc012b77abde1e12c92e0489c0320e2-p_c.jpg,2026-06-15 13:52,For Sale
26708393,223 S Cliff St,75203,Dallas,TX,32.74634,-96.80742,160000,72.0,,,2943.0,6.0,2.0,2208.0,1925.0,8494.2,singleFamily,907,195180.0,2025,https://www.zillow.com,https://www.zillowstatic.com/static/images/nophoto_p_c.png,2026-06-15 13:52,For Sale
26631667,5612 Ventana Trl,75252,Dallas,TX,33.008102,-96.80108,515000,222.0,-24000.0,509500.0,4200.0,4.0,3.0,2321.0,1992.0,6011.28,singleFamily,116,536762.0,2025,https://www.zillow.com,https://photos.zillowstatic.com/fp/4819273a8aca71357cf56012f361bb22-p_c.jpg,2026-06-15 13:52,For Sale
80240634,8018 Arkan Pkwy,75241,Dallas,TX,32.648376,-96.81944,265000,173.0,,262200.0,1994.0,3.0,2.0,1529.0,2006.0,5837.04,singleFamily,34,259940.0,2025,https://www.zillow.com,https://photos.zillowstatic.com/fp/04545688c4b64ee05fd248148fecf3db-p_c.jpg,2026-06-15 13:52,For Sale
26608895,4055 Seabury Dr,75287,Dallas,TX,33.000923,-96.84105,480000,213.0,,467200.0,3294.0,4.0,2.0,2255.0,1986.0,7840.8,singleFamily,8,509921.0,2025,https://www.zillow.com,https://photos.zillowstatic.com/fp/203ea84d7db33a47a10bc7ef1813cfc1-p_c.jpg,2026-06-15 13:52,For Sale
26869249,9421 Meadowknoll Dr,75243,Dallas,TX,32.905148,-96.733536,699000,268.0,,662600.0,3683.0,4.0,3.0,2609.0,1970.0,8755.56,singleFamily,3,610000.0,2025,https://www.zillow.com,https://photos.zillowstatic.com/fp/46184fcc991b2e212158bd47d531ac3a-p_c.jpg,2026-06-15 13:52,For Sale
96522111,6912 Capella Park Ave,75236,Dallas,TX,32.701317,-96.94389,525000,170.0,,513100.0,4288.0,4.0,4.0,3083.0,2019.0,0.267,singleFamily,4,518000.0,2025,https://www.zillow.com,https://photos.zillowstatic.com/fp/0188d8a86ff3fd295c77251d080279a1-p_c.jpg,2026-06-15 13:52,For Sale
26910873,5604 En Core Dr,75240,Dallas,TX,32.93669,-96.8042,669000,289.0,,653800.0,3512.0,3.0,2.0,2317.0,1991.0,8450.64,singleFamily,49,563310.0,2025,https://www.zillow.com,https://photos.zillowstatic.com/fp/27844a21d2294af22fc632696163d629-p_c.jpg,2026-06-15 13:52,For Sale
26898048,2911 Magnolia Hill Ct,75201,Dallas,TX,32.79339,-96.811455,1800000,755.0,,1671900.0,6054.0,2.0,2.0,2385.0,1996.0,1306.8,townhome,16,1464900.0,2025,https://www.zillow.com,https://photos.zillowstatic.com/fp/c8237bb9ae6deadee241ada90c03856a-p_c.jpg,2026-06-15 13:52,For Sale
26729524,811 N Oak Cliff Blvd,75208,Dallas,TX,32.75271,-96.85491,699900,454.0,-9100.0,,,3.0,2.0,1541.0,1945.0,8015.04,singleFamily,33,510560.0,2025,https://www.zillow.com,https://photos.zillowstatic.com/fp/1a932fd013b437c5dbc51bfaa7cab7f3-p_c.jpg,2026-06-15 13:52,For Sale
26755603,6607 Glendora Ave,75230,Dallas,TX,32.885513,-96.79124,2999999,464.0,-249901.0,2857700.0,18287.0,5.0,6.0,6471.0,1999.0,0.344,singleFamily,93,2528900.0,2025,https://www.zillow.com,https://photos.zillowstatic.com/fp/cc93151897fdab39360be422015b052e-p_c.jpg,2026-06-15 13:52,For Sale
26858880,10919 Ridgemeadow Dr,75218,Dallas,TX,32.85872,-96.69603,849900,377.0,,,,3.0,3.0,2253.0,1968.0,9060.48,singleFamily,10,629550.0,2025,https://www.zillow.com,https://photos.zillowstatic.com/fp/f3357b6424b129df0834bfe44e5c60d3-p_c.jpg,2026-06-15 13:52,For Sale
95054495,2839 Saint David Dr,75233,Dallas,TX,32.712208,-96.86796,324900,177.0,,323500.0,2698.0,5.0,2.0,1839.0,2015.0,5183.64,singleFamily,3,341810.0,2025,https://www.zillow.com,https://photos.zillowstatic.com/fp/abfe4617f61ab074b59cbda48d6157e2-p_c.jpg,2026-06-15 13:52,For Sale
26712952,630 N Edgefield Ave,75208,Dallas,TX,32.750618,-96.84368,789000,350.0,,830000.0,3809.0,3.0,3.0,2257.0,1920.0,7731.9,singleFamily,2,709430.0,2025,https://www.zillow.com,https://photos.zillowstatic.com/fp/e2ea49565490f49327c6ccf631930091-p_c.jpg,2026-06-15 13:52,For Sale
26680664,1726 Driskell St,75215,Dallas,TX,32.755207,-96.76747,400000,148.0,-25000.0,398700.0,3029.0,5.0,3.0,2700.0,2026.0,7492.32,singleFamily,113,264390.0,2025,https://www.zillow.com,https://photos.zillowstatic.com/fp/5c4259d94c037232f1d4ff086b284119-p_c.jpg,2026-06-15 13:52,For Sale
26749213,6241 Rincon Way,75214,Dallas,TX,32.85477,-96.75469,715000,222.0,-10000.0,684800.0,2670.0,4.0,4.0,3216.0,1970.0,0.27899999999999997,multiFamily,34,385310.0,2025,https://www.zillow.com,https://photos.zillowstatic.com/fp/e7025776a486f106853288d252efe5ed-p_c.jpg,2026-06-15 13:52,For Sale
26907606,10339 Limestone Dr,75217,Dallas,TX,32.744865,-96.64644,150000,166.0,,146200.0,1282.0,2.0,1.0,906.0,1983.0,2962.08,singleFamily,23,177450.0,2025,https://www.zillow.com,https://photos.zillowstatic.com/fp/30199aaf29ff129723f9e78b68858a2d-p_c.jpg,2026-06-15 13:52,For Sale
26721244,1818 Marfa Ave,75216,Dallas,TX,32.703957,-96.7982,394900,153.0,-4100.0,,,4.0,3.0,2583.0,2026.0,7165.62,singleFamily,104,80000.0,2025,https://www.zillow.com,https://photos.zillowstatic.com/fp/70ca25b495eeec04088886f17ca81bcc-p_c.jpg,2026-06-15 13:52,For Sale
2070176263,8005 Rothington Rd APT 17,75227,Dallas,TX,32.78363,-96.68543,649000,131.0,,631600.0,1612.0,8.0,12.0,4960.0,1983.0,10149.48,multiFamily,38,,,https://www.zillow.com,https://photos.zillowstatic.com/fp/a15c5d948c8ce4e1a8b4cb6fc8e1fd59-p_c.jpg,2026-06-15 13:52,For Sale
26881434,4616 Sugar Mill Rd,75244,Dallas,TX,32.918533,-96.82878,1200000,369.0,,1150400.0,4748.0,4.0,3.0,3248.0,1965.0,0.373,singleFamily,3,965780.0,2025,https://www.zillow.com,https://photos.zillowstatic.com/fp/30bb1b267060a05ecffff6180be15fb5-p_c.jpg,2026-06-15 13:52,For Sale
26832560,3346 Sylvan Ave,75212,Dallas,TX,32.783054,-96.83545,240000,303.0,,152200.0,1728.0,2.0,1.0,792.0,1947.0,5575.68,singleFamily,0,236360.0,2025,https://www.zillow.com,https://photos.zillowstatic.com/fp/37af3a1d5a35ed102d2b08a4a748a487-p_c.jpg,2026-06-15 13:52,For Sale
53070023,7123 Debbe Dr,75252,Dallas,TX,32.99406,-96.78269,950000,300.0,,904800.0,4939.0,5.0,3.0,3167.0,1981.0,0.25,singleFamily,11,897328.0,2025,https://www.zillow.com,https://photos.zillowstatic.com/fp/ecdda8c1b45fa3e059674e1a83eb20f4-p_c.jpg,2026-06-15 13:52,For Sale
26784688,3537 Rockbluff Dr,75227,Dallas,TX,32.768276,-96.693275,259000,176.0,,,,3.0,2.0,1468.0,1959.0,0.188,singleFamily,3,254890.0,2025,https://www.zillow.com,https://photos.zillowstatic.com/fp/cddd522abbc8c5a537e5f1b54a629963-p_c.jpg,2026-06-15 13:52,For Sale
26677983,2203 Allen St,75204,Dallas,TX,32.795895,-96.79658,2325000,677.0,,2196000.0,7811.0,3.0,4.0,3435.0,2000.0,3049.2,singleFamily,37,1917270.0,2025,https://www.zillow.com,https://photos.zillowstatic.com/fp/f8a29f5d125c6ff8153be754a11284c7-p_c.jpg,2026-06-15 13:52,For Sale
333140529,2014 White Grove Dr,75228,Dallas,TX,32.804256,-96.716354,549000,246.0,-10000.0,541000.0,2870.0,4.0,3.0,2235.0,2021.0,1829.52,singleFamily,51,656960.0,2025,https://www.zillow.com,https://photos.zillowstatic.com/fp/26d281678dcee5d0e57c3ba745536d01-p_c.jpg,2026-06-15 13:52,For Sale
26859033,10819 Lochspring Dr,75218,Dallas,TX,32.860165,-96.69968,1090000,399.0,,1043700.0,5289.0,5.0,3.0,2730.0,1969.0,0.252,singleFamily,27,674270.0,2025,https://www.zillow.com,https://photos.zillowstatic.com/fp/5057cd36d9ab83978c03e7090e69066b-p_c.jpg,2026-06-15 13:52,For Sale
26696257,907 Monte Vista Dr,75223,Dallas,TX,32.803738,-96.74064,829000,404.0,-20000.0,,,3.0,2.0,2052.0,1945.0,7666.56,singleFamily,67,820310.0,2025,https://www.zillow.com,https://photos.zillowstatic.com/fp/f3ebe264889a12c98d1c9e8b86ba3be8-p_c.jpg,2026-06-15 13:52,For Sale
96501568,1931 Muncie Ave,75212,Dallas,TX,32.775227,-96.851326,449000,215.0,-10000.0,444000.0,3452.0,3.0,3.0,2093.0,2025.0,7100.28,singleFamily,69,106500.0,2025,https://www.zillow.com,https://photos.zillowstatic.com/fp/66cb4690ea40fc17ed16ca003832822a-p_c.jpg,2026-06-15 13:52,For Sale
26775503,4343 Vanette Ln,75216,Dallas,TX,32.691605,-96.81521,279000,172.0,,,2046.0,4.0,3.0,1625.0,1959.0,8698.932,singleFamily,4,229840.0,2025,https://www.zillow.com,https://photos.zillowstatic.com/fp/d714754016c433bf712d358e0dd58d0f-p_c.jpg,2026-06-15 13:52,For Sale
162404765,8001 Rothington Rd APT 31-37,75227,Dallas,TX,32.782516,-96.68679,580000,142.0,,564900.0,1714.0,8.0,8.0,4084.0,1983.0,9321.84,multiFamily,238,486570.0,2025,https://www.zillow.com,https://photos.zillowstatic.com/fp/80387fcdd4867b45b57ed8c49e0029f2-p_c.jpg,2026-06-15 13:52,For Sale
26699726,2415 Bethurum Ave,75215,Dallas,TX,32.744957,-96.754875,173500,174.0,-500.0,,,3.0,2.0,1000.0,1921.0,4878.72,singleFamily,95,121080.0,2025,https://www.zillow.com,https://photos.zillowstatic.com/fp/205bdb374cc877f4d35fb6a15ddd6c4d-p_c.jpg,2026-06-15 13:52,For Sale
26880699,4359 Shady Bend Dr,75244,Dallas,TX,32.917522,-96.83576,1390000,397.0,-60000.0,,,5.0,4.0,3500.0,1970.0,0.29500000000000004,singleFamily,22,1021160.0,2025,https://www.zillow.com,https://photos.zillowstatic.com/fp/4cace3483389fff8a3d25b2973c23dba-p_c.jpg,2026-06-15 13:52,For Sale
69675013,4025 Hawthorne Ave,75219,Dallas,TX,32.822865,-96.80814,1049000,431.0,,1005900.0,5014.0,3.0,4.0,2435.0,2005.0,3136.32,townhome,41,894400.0,2025,https://www.zillow.com,https://photos.zillowstatic.com/fp/9326142e5f00b71cbad511c8d9f26974-p_c.jpg,2026-06-15 13:52,For Sale
26789121,3938 Lively Ln,75220,Dallas,TX,32.873238,-96.84868,1450000,542.0,,1382200.0,6904.0,3.0,4.0,2674.0,2014.0,8886.24,singleFamily,72,1205160.0,2025,https://www.zillow.com,https://photos.zillowstatic.com/fp/39d281b402eea356766fca5113c99b96-p_c.jpg,2026-06-15 13:52,For Sale
26648084,5607 Willow Wood Ln,75252,Dallas,TX,33.011772,-96.8129,1050000,246.0,,1023000.0,6442.0,5.0,5.0,4265.0,2000.0,0.35,singleFamily,21,824199.0,2025,https://www.zillow.com,https://photos.zillowstatic.com/fp/eb76103fce05fd7cab7016ad9e0f997c-p_c.jpg,2026-06-15 13:52,For Sale
26888948,6004 White Rose Trl,75248,Dallas,TX,32.95697,-96.80426,599500,228.0,-50000.0,,4085.0,4.0,3.0,2629.0,1979.0,10236.6,singleFamily,31,711250.0,2025,https://www.zillow.com,https://photos.zillowstatic.com/fp/b9759a5c3398dd245938bcf6d4f9f72f-p_c.jpg,2026-06-15 13:52,For Sale
26924088,630 W Canty St APT B3,75208,Dallas,TX,32.752045,-96.83288,290500,271.0,,243200.0,1928.0,2.0,2.0,1071.0,1982.0,0.8830000000000001,condo,0,273130.0,2025,https://www.zillow.com,https://photos.zillowstatic.com/fp/6a957073b0bdd4a5a4c64613786a5301-p_c.jpg,2026-06-15 13:52,For Sale
303984819,1332 Lucchese Ln,75253,Dallas,TX,32.674145,-96.58467,305000,145.0,-5000.0,303100.0,2234.0,4.0,3.0,2105.0,2018.0,5662.8,singleFamily,107,276680.0,2025,https://www.zillow.com,https://photos.zillowstatic.com/fp/b5e02c44427077be10a6cece2ad0d239-p_c.jpg,2026-06-15 13:52,For Sale
26742720,10350 Desdemona Dr,75228,Dallas,TX,32.83757,-96.6814,299000,145.0,-21000.0,293100.0,2361.0,4.0,2.0,2055.0,1952.0,8276.4,singleFamily,19,394790.0,2025,https://www.zillow.com,https://photos.zillowstatic.com/fp/be3441a2099b15f5715a443bdfe0936c-p_c.jpg,2026-06-15 13:52,For Sale
26807752,3132 Chapel Downs Dr,75229,Dallas,TX,32.884205,-96.87081,650000,268.0,-25000.0,659500.0,3975.0,4.0,3.0,2429.0,1962.0,10018.8,singleFamily,114,675000.0,2025,https://www.zillow.com,https://photos.zillowstatic.com/fp/e7063819688226fd0052749f899ea751-p_c.jpg,2026-06-15 13:52,For Sale
26755041,6724 Walnut Hill Ln,75230,Dallas,TX,32.879604,-96.789314,699000,399.0,-30000.0,672400.0,3382.0,3.0,2.0,1751.0,1949.0,0.29,singleFamily,73,667260.0,2025,https://www.zillow.com,https://photos.zillowstatic.com/fp/6ac233deb231f87b0efda7c3ed3e7fed-p_c.jpg,2026-06-15 13:52,For Sale
80230333,2830 Gospel Dr,75237,Dallas,TX,32.654057,-96.86591,250000,147.0,,246200.0,2033.0,3.0,2.0,1695.0,2006.0,5488.56,singleFamily,32,269800.0,2025,https://www.zillow.com,https://photos.zillowstatic.com/fp/e6455c0bb3e8b9324f6ee8ea71f7d263-p_c.jpg,2026-06-15 13:52,For Sale
26849798,12608 Breckenridge Dr,75230,Dallas,TX,32.919247,-96.78178,800000,271.0,,766400.0,4617.0,4.0,4.0,2955.0,1981.0,5575.68,singleFamily,244,845590.0,2025,https://www.zillow.com,https://photos.zillowstatic.com/fp/c233688d661c4db543970fb321434915-p_c.jpg,2026-06-15 13:52,For Sale
26710002,206 S Edgefield Ave,75208,Dallas,TX,32.74384,-96.84383,565000,309.0,-10000.0,538400.0,2847.0,3.0,3.0,1828.0,1926.0,6838.92,singleFamily,81,595180.0,2025,https://www.zillow.com,https://photos.zillowstatic.com/fp/47d27720119bf5607414d802d801cbb8-p_c.jpg,2026-06-15 13:52,For Sale
444240286,10166 San Lorenzo Dr,75228,Dallas,TX,32.831818,-96.680725,299900,174.0,400.0,291200.0,2662.0,4.0,2.0,1728.0,1954.0,8494.2,singleFamily,394,,,https://www.zillow.com,https://photos.zillowstatic.com/fp/f8160eddc059b003ca274188d15c769a-p_c.jpg,2026-06-15 13:52,For Sale
53071145,6403 Genstar Ln,75252,Dallas,TX,33.00282,-96.79369,997000,337.0,,961400.0,5168.0,4.0,4.0,2960.0,1979.0,8276.4,singleFamily,13,639603.0,2025,https://www.zillow.com,https://photos.zillowstatic.com/fp/36846dff614b72538eb3f56ae0b352de-p_c.jpg,2026-06-15 13:52,For Sale
26838193,11411 Park Central Pl,75230,Dallas,TX,32.905224,-96.77197,420000,209.0,-5000.0,,,2.0,2.0,2012.0,1963.0,6490.44,singleFamily,62,421930.0,2025,https://www.zillow.com,https://photos.zillowstatic.com/fp/35fd085252f0816f5d247d2ebdd4dd68-p_c.jpg,2026-06-15 13:52,For Sale
26745532,2618 Centerville Rd,75228,Dallas,TX,32.842564,-96.6685,255000,195.0,,251600.0,1968.0,3.0,2.0,1308.0,1952.0,7274.52,singleFamily,16,209480.0,2025,https://www.zillow.com,https://photos.zillowstatic.com/fp/debc174351252ea6b814096e60c5834e-p_c.jpg,2026-06-15 13:52,For Sale
96527012,6549 Compass Ridge Dr,75249,Dallas,TX,32.64729,-96.9725,339900,119.0,-10000.0,338300.0,3401.0,4.0,4.0,2846.0,2011.0,7753.68,singleFamily,146,443210.0,2025,https://www.zillow.com,https://photos.zillowstatic.com/fp/7be7e4a0cf1d4165cc39fe2adb8f1394-p_c.jpg,2026-06-15 13:52,For Sale
26868929,9405 Rocky Branch Dr,75243,Dallas,TX,32.89981,-96.73746,824500,256.0,,,,5.0,4.0,3218.0,1976.0,0.281,singleFamily,37,976850.0,2025,https://www.zillow.com,https://photos.zillowstatic.com/fp/3b4036b9140fc71d17d4c34b1b3b7bac-p_c.jpg,2026-06-15 13:52,For Sale
26782063,4712 Mark Trail Way,75232,Dallas,TX,32.687134,-96.8534,234900,154.0,-4100.0,234400.0,2132.0,3.0,2.0,1524.0,1958.0,7971.48,singleFamily,33,225410.0,2025,https://www.zillow.com,https://photos.zillowstatic.com/fp/60a3317dba9220f3ef794d0f902604d8-p_c.jpg,2026-06-15 13:52,For Sale
26849221,6437 Churchill Way,75230,Dallas,TX,32.917362,-96.79414,2695000,444.0,-100000.0,2622600.0,2436.0,5.0,6.0,6075.0,2025.0,0.367,singleFamily,160,480000.0,2025,https://www.zillow.com,https://photos.zillowstatic.com/fp/ed823a009df87030ba1eb3589e887095-p_c.jpg,2026-06-15 13:52,For Sale
60346559,6644 Fisher Rd,75214,Dallas,TX,32.84901,-96.74503,529000,398.0,-10000.0,519100.0,3314.0,3.0,2.0,1328.0,1955.0,7666.56,singleFamily,51,389090.0,2025,https://www.zillow.com,https://photos.zillowstatic.com/fp/ec93b0e3c7f2152780f26065871c32a0-p_c.jpg,2026-06-15 13:52,For Sale
122303012,2315 Routh St,75201,Dallas,TX,32.7948,-96.80032,1900000,796.0,,1814200.0,5889.0,6.0,4.0,2388.0,1899.0,5009.4,singleFamily,268,1321880.0,2025,https://www.zillow.com,https://photos.zillowstatic.com/fp/b4ef29a221eb98c8f47e49892e0b3e11-p_c.jpg,2026-06-15 13:52,For Sale
26748994,6050 Melody Ln APT 121,75231,Dallas,TX,32.86708,-96.76039,119000,106.0,-16000.0,,1473.0,2.0,2.0,1127.0,1979.0,8.072,singleFamily,13,131380.0,2025,https://www.zillow.com,https://photos.zillowstatic.com/fp/96ebf5d4858adfb01fe23b0ffa435d2b-p_c.jpg,2026-06-15 13:52,For Sale
26704222,5623 Matalee Ave,75206,Dallas,TX,32.83294,-96.77126,1765220,428.0,,1686400.0,7842.0,5.0,6.0,4120.0,2014.0,7274.52,singleFamily,3,1245000.0,2025,https://www.zillow.com,https://photos.zillowstatic.com/fp/da88d8785041f89e6322893eb6a7ed67-p_c.jpg,2026-06-15 13:52,For Sale
26910549,1811 Abshire Ln,75228,Dallas,TX,32.81065,-96.68347,214500,134.0,,211100.0,1934.0,3.0,2.0,1600.0,1981.0,3441.24,townhome,17,214290.0,2025,https://www.zillow.com,https://photos.zillowstatic.com/fp/25924153bb382d2ff8839ecf9cd7f553-p_c.jpg,2026-06-15 13:52,For Sale
463232869,2925 Spruce Valley Ln #404,75233,Dallas,TX,32.712917,-96.876785,347500,235.0,,,,3.0,2.0,1477.0,2026.0,1.7148,townhome,0,,,https://www.zillow.com,https://photos.zillowstatic.com/fp/10e6551bcc3542a69bc119284e407149-p_c.jpg,2026-06-15 13:52,For Sale
26727668,2522 W Jefferson Blvd,75211,Dallas,TX,32.747566,-96.85981,350000,255.0,,352100.0,2050.0,3.0,2.0,1372.0,1939.0,7100.28,singleFamily,8,384060.0,2025,https://www.zillow.com,https://photos.zillowstatic.com/fp/1bf0233a6a0c5253056dc1b9c968bdb1-p_c.jpg,2026-06-15 13:52,For Sale
26855112,1422 Aldenwood Dr,75232,Dallas,TX,32.65249,-96.84474,255000,191.0,-10000.0,251100.0,1710.0,3.0,2.0,1338.0,1977.0,8319.96,singleFamily,71,214750.0,2025,https://www.zillow.com,https://photos.zillowstatic.com/fp/835865946439043c9ad6629d93df0031-p_c.jpg,2026-06-15 13:52,For Sale
26633883,4503 Bretton Bay Ln,75287,Dallas,TX,32.993492,-96.83408,839900,244.0,,819300.0,5678.0,4.0,4.0,3446.0,1986.0,0.29,singleFamily,4,838934.0,2025,https://www.zillow.com,https://photos.zillowstatic.com/fp/3ba8744a004fba5618a53457b1a73b91-p_c.jpg,2026-06-15 13:52,For Sale
26691864,2215 Madera St,75206,Dallas,TX,32.814247,-96.77663,1545000,564.0,-50000.0,1488500.0,7417.0,3.0,3.0,2738.0,2016.0,7501.032,singleFamily,52,1124380.0,2025,https://www.zillow.com,https://photos.zillowstatic.com/fp/1758f902762bda5fdcb6e0f0031399a6-p_c.jpg,2026-06-15 13:52,For Sale
26593044,7335 Debbe Dr,75252,Dallas,TX,32.99426,-96.777054,1035000,324.0,-15000.0,996900.0,4225.0,4.0,3.0,3192.0,1980.0,9583.2,singleFamily,52,771217.0,2025,https://www.zillow.com,https://photos.zillowstatic.com/fp/c055b6338f17389fb1d429af1b516a0f-p_c.jpg,2026-06-15 13:52,For Sale
26608992,4011 Kentshire Ln,75287,Dallas,TX,33.002197,-96.843216,440000,201.0,-10000.0,,,4.0,3.0,2184.0,1988.0,8276.4,singleFamily,169,495178.0,2025,https://www.zillow.com,https://photos.zillowstatic.com/fp/a503d072f326b8a5a2d71f5492cb896a-p_c.jpg,2026-06-15 13:52,For Sale
248831950,1833 Euclid Ave Unit 5,75206,Dallas,TX,32.812424,-96.77388,595000,383.0,,,,2.0,3.0,1554.0,2016.0,0.339,condo,2,567000.0,2025,https://www.zillow.com,https://photos.zillowstatic.com/fp/e2a1fe7a0034f416c8d0d9fdf13bf30d-p_c.jpg,2026-06-15 13:52,For Sale
67952258,13741 Biggs St,75253,Dallas,TX,32.68098,-96.59223,209700,172.0,-10000.0,209100.0,1751.0,3.0,2.0,1218.0,2003.0,5052.96,singleFamily,187,228280.0,2025,https://www.zillow.com,https://photos.zillowstatic.com/fp/de835c2dec8c1bab9a88f28945c82f87-p_c.jpg,2026-06-15 13:52,For Sale
26738141,504 S Gilpin Ave,75211,Dallas,TX,32.740864,-96.88076,239900,178.0,,237400.0,2610.0,3.0,2.0,1344.0,1945.0,6011.28,singleFamily,12,213400.0,2025,https://www.zillow.com,https://photos.zillowstatic.com/fp/affb8fb33c53afe7fbd5a3313201b967-p_c.jpg,2026-06-15 13:52,For Sale
26924862,4221 Cole Ave APT 206,75205,Dallas,TX,32.817375,-96.79247,369000,301.0,-9000.0,,,2.0,2.0,1225.0,1983.0,0.41319999999999996,condo,144,361380.0,2025,https://www.zillow.com,https://photos.zillowstatic.com/fp/5e73b5b7c436896480d1f0bdf8446258-p_c.jpg,2026-06-15 13:52,For Sale
26883793,8036 Woodhue Cir,75228,Dallas,TX,32.796597,-96.705666,314900,126.0,-10000.0,310800.0,3720.0,4.0,2.0,2490.0,1963.0,10541.52,singleFamily,247,501050.0,2025,https://www.zillow.com,https://photos.zillowstatic.com/fp/fffe6c74b1eeb4948f64c09c4b5f2472-p_c.jpg,2026-06-15 13:52,For Sale
26869110,9604 Robin Meadow Dr,75243,Dallas,TX,32.90022,-96.73132,975000,300.0,,,,4.0,3.0,3250.0,1981.0,0.296,singleFamily,12,930680.0,2025,https://www.zillow.com,https://photos.zillowstatic.com/fp/7e8eed9d1976332854327a8019342f3c-p_c.jpg,2026-06-15 13:52,For Sale
55148052,3507 Briargrove Ln,75287,Dallas,TX,32.99316,-96.859535,499000,197.0,-10000.0,491800.0,3168.0,4.0,3.0,2527.0,1995.0,8799.12,singleFamily,93,520467.0,2025,https://www.zillow.com,https://photos.zillowstatic.com/fp/00785d7386c06dbadbeabcc5e588e5f4-p_c.jpg,2026-06-15 13:52,For Sale
26694234,5259 Saint Charles Ave,75223,Dallas,TX,32.789314,-96.74337,795000,179.0,,,7053.0,7.0,5.0,4439.0,2022.0,7579.44,singleFamily,16,481150.0,2025,https://www.zillow.com,https://photos.zillowstatic.com/fp/0ac5f7daa1d3ba8d7ba471a46ca09fdc-p_c.jpg,2026-06-15 13:52,For Sale
26843718,8815 Larchwood Dr,75238,Dallas,TX,32.86804,-96.70112,569000,408.0,,549300.0,2591.0,3.0,2.0,1396.0,1959.0,7318.08,singleFamily,2,483870.0,2025,https://www.zillow.com,https://photos.zillowstatic.com/fp/5088a43f1c2fb93be1112f752d0ba7f3-p_c.jpg,2026-06-15 13:52,For Sale
118220206,5922 Hudson St Unit 4,75206,Dallas,TX,32.809704,-96.76593,439000,342.0,,428600.0,2909.0,2.0,3.0,1283.0,2010.0,8929.8,townhome,4,453980.0,2025,https://www.zillow.com,https://photos.zillowstatic.com/fp/47cc2e6ceb5558e6f3d9ce0efb9b43d9-p_c.jpg,2026-06-15 13:52,For Sale
26923377,4504 Bowser Ave APT D,75219,Dallas,TX,32.8054,-96.81302,699000,361.0,,,4790.0,3.0,4.0,1935.0,1997.0,8015.0,condo,9,595980.0,2025,https://www.zillow.com,https://photos.zillowstatic.com/fp/a87818abec250c0b73a57fe00000255b-p_c.jpg,2026-06-15 13:52,For Sale
53389999,12010 Lueders Ln,75230,Dallas,TX,32.913162,-96.778625,1450000,405.0,,1393800.0,6898.0,4.0,4.0,3579.0,2000.0,3615.48,singleFamily,24,1564960.0,2025,https://www.zillow.com,https://photos.zillowstatic.com/fp/38b02ade7801823a9b014dd71436ed44-p_c.jpg,2026-06-15 13:52,For Sale
26704796,6171 Ravendale Ln,75214,Dallas,TX,32.83857,-96.75842,619900,378.0,-19100.0,,,2.0,2.0,1640.0,1950.0,7710.12,singleFamily,106,636200.0,2025,https://www.zillow.com,https://photos.zillowstatic.com/fp/3d75df8d342d5a2b8a3cadc10ab5f955-p_c.jpg,2026-06-15 13:52,For Sale
26780228,2631 Deep Hill Cir,75233,Dallas,TX,32.691925,-96.861275,399000,176.0,,379900.0,2584.0,4.0,2.0,2270.0,1970.0,0.347,singleFamily,26,207350.0,2025,https://www.zillow.com,https://photos.zillowstatic.com/fp/22a869ac6d42a1718eff40f5f205cf90-p_c.jpg,2026-06-15 13:52,For Sale
26892417,7254 Pineberry Rd,75249,Dallas,TX,32.63511,-96.947365,197000,173.0,-3000.0,194200.0,1572.0,2.0,2.0,1136.0,1981.0,3310.56,singleFamily,17,175000.0,2025,https://www.zillow.com,https://photos.zillowstatic.com/fp/2013bd6cb64a83c4d4143d9408f2347b-p_c.jpg,2026-06-15 13:52,For Sale
339370572,4119 Munger Ave,75204,Dallas,TX,32.802013,-96.785,645900,276.0,-14000.0,632900.0,4063.0,3.0,4.0,2341.0,2020.0,1698.84,townhome,29,626370.0,2025,https://www.zillow.com,https://photos.zillowstatic.com/fp/efed13fad8b2d2f46ec7e6daa72ebb2f-p_c.jpg,2026-06-15 13:52,For Sale
26740649,8160 San Cristobal Dr,75218,Dallas,TX,32.80834,-96.71589,795000,313.0,,744700.0,4742.0,4.0,3.0,2536.0,1972.0,0.254,singleFamily,12,806580.0,2025,https://www.zillow.com,https://photos.zillowstatic.com/fp/d8a800aef8352a7e920d1bc1db632b39-p_c.jpg,2026-06-15 13:52,For Sale
26725009,4737 Kildare Ave,75216,Dallas,TX,32.703087,-96.80295,129500,153.0,-10000.0,,1390.0,2.0,1.0,847.0,1945.0,7670.916,singleFamily,52,159720.0,2025,https://www.zillow.com,https://photos.zillowstatic.com/fp/a7cedae674810a8ef89ade34ffb40c20-p_c.jpg,2026-06-15 13:52,For Sale
26931407,9803 Walnut St #302,75243,Dallas,TX,32.922455,-96.715614,51500,122.0,,,877.0,1.0,1.0,423.0,1981.0,,condo,68,61340.0,2025,https://www.zillow.com,https://photos.zillowstatic.com/fp/0899ff30a2590896186aaed9038988e1-p_c.jpg,2026-06-15 13:52,For Sale
26752102,7215 Centenary Ave,75225,Dallas,TX,32.862583,-96.78225,3495000,616.0,-305000.0,,,5.0,5.0,5670.0,1998.0,8842.68,singleFamily,27,2528820.0,2025,https://www.zillow.com,https://photos.zillowstatic.com/fp/66204eaeca0fd4336479e5bf0c803348-p_c.jpg,2026-06-15 13:52,For Sale
26687320,2312 Stoneman St,75215,Dallas,TX,32.752983,-96.761246,429999,204.0,-9900.0,426800.0,3073.0,4.0,3.0,2106.0,2026.0,6272.64,singleFamily,61,62550.0,2025,https://www.zillow.com,https://photos.zillowstatic.com/fp/22c0044c33d86dec887ae3b547b26a52-p_c.jpg,2026-06-15 13:52,For Sale
26926874,4402 Holland Ave APT 202,75219,Dallas,TX,32.81978,-96.81057,290000,241.0,-10000.0,282800.0,2806.0,2.0,3.0,1202.0,1983.0,9713.88,condo,61,310120.0,2025,https://www.zillow.com,https://photos.zillowstatic.com/fp/913d7fa276cf91f3e25cf65668c67265-p_c.jpg,2026-06-15 13:52,For Sale
26743656,11743 Neering Dr,75218,Dallas,TX,32.854717,-96.68973,499000,364.0,-10000.0,491400.0,2514.0,3.0,2.0,1370.0,1955.0,7623.0,singleFamily,74,445480.0,2025,https://www.zillow.com,https://photos.zillowstatic.com/fp/700e4b45ae93829eb8931f10116f7f26-p_c.jpg,2026-06-15 13:52,For Sale
26858127,6912 Truxton Dr,75231,Dallas,TX,32.873585,-96.73705,850000,318.0,,818100.0,5638.0,4.0,3.0,2675.0,1973.0,10367.28,singleFamily,38,812290.0,2025,https://www.zillow.com,https://photos.zillowstatic.com/fp/64a6e125202b7c045feff96f476a5f14-p_c.jpg,2026-06-15 13:52,For Sale
26874198,6635 Fireflame Dr,75248,Dallas,TX,32.960663,-96.79211,488000,258.0,-10000.0,477000.0,2866.0,3.0,2.0,1891.0,1978.0,7274.52,singleFamily,107,493800.0,2025,https://www.zillow.com,https://photos.zillowstatic.com/fp/a13a7e1382e8fb7cc405599c0d0ac2a1-p_c.jpg,2026-06-15 13:52,For Sale
26723983,1323 Lansford Ave,75224,Dallas,TX,32.731407,-96.84388,585000,279.0,,573300.0,2812.0,3.0,3.0,2100.0,1926.0,9321.84,singleFamily,9,438140.0,2025,https://www.zillow.com,https://photos.zillowstatic.com/fp/804144e0bf6ee4b9a27a61bd1994da48-p_c.jpg,2026-06-15 13:52,For Sale
26851496,6766 Northaven Rd,75230,Dallas,TX,32.900932,-96.78869,4199000,946.0,-196000.0,3967000.0,7634.0,5.0,5.0,4437.0,2019.0,0.942,singleFamily,95,5337960.0,2025,https://www.zillow.com,https://photos.zillowstatic.com/fp/516d4b1a8940930654b6e456275a8591-p_c.jpg,2026-06-15 13:52,For Sale
26876743,16140 Chalfont Cir,75248,Dallas,TX,32.967934,-96.80664,799000,268.0,,769500.0,3698.0,3.0,3.0,2985.0,1977.0,6708.24,singleFamily,15,668020.0,2025,https://www.zillow.com,https://photos.zillowstatic.com/fp/2760a1bb418f8e30c38a255b0580726c-p_c.jpg,2026-06-15 13:52,For Sale
26803325,6139 Northaven Rd,75230,Dallas,TX,32.901867,-96.8015,2499000,394.0,-151000.0,2602400.0,7254.0,6.0,6.0,6335.0,2005.0,0.364,singleFamily,11,2947040.0,2025,https://www.zillow.com,https://photos.zillowstatic.com/fp/ffb3428a0e17046a4d7a5cecac726eb7-p_c.jpg,2026-06-15 13:52,For Sale
26720523,408 W Montana Ave,75224,Dallas,TX,32.721043,-96.82873,160000,121.0,,,3188.0,3.0,2.0,1318.0,1930.0,0.297,singleFamily,5,176410.0,2025,https://www.zillow.com,https://photos.zillowstatic.com/fp/a921790a5835305d8dbfbffb093c7e5f-p_c.jpg,2026-06-15 13:52,For Sale
26740748,8702 San Fernando Way,75218,Dallas,TX,32.820957,-96.7085,897000,340.0,-38000.0,883000.0,4073.0,3.0,2.0,2638.0,2014.0,8015.04,singleFamily,87,1262570.0,2025,https://www.zillow.com,https://photos.zillowstatic.com/fp/61b398d8216f961540e664eb86399af2-p_c.jpg,2026-06-15 13:52,For Sale
26811640,2953 Bay Oaks Dr,75229,Dallas,TX,32.888966,-96.878334,360000,244.0,,349700.0,2585.0,3.0,2.0,1475.0,1955.0,8276.4,singleFamily,22,318910.0,2025,https://www.zillow.com,https://photos.zillowstatic.com/fp/cff69ced790502213835b04a409a6e58-p_c.jpg,2026-06-15 13:52,For Sale
26699234,2835 Macon St,75215,Dallas,TX,32.75089,-96.74779,269999,180.0,-5000.0,269400.0,2304.0,3.0,3.0,1500.0,2026.0,2613.6,singleFamily,79,18450.0,2025,https://www.zillow.com,https://photos.zillowstatic.com/fp/fb24836fc4245b88247128799607d427-p_c.jpg,2026-06-15 13:52,For Sale
26868716,9531 Hilldale Dr,75231,Dallas,TX,32.88983,-96.737305,1369000,300.0,,1299000.0,6309.0,5.0,6.0,4558.0,1978.0,8812.188,singleFamily,3,1082000.0,2025,https://www.zillow.com,https://photos.zillowstatic.com/fp/9a01eab6d6f0238435cebc593d7f5486-p_c.jpg,2026-06-15 13:52,For Sale
26761249,4902 Wenonah Dr,75209,Dallas,TX,32.84119,-96.827255,2129999,475.0,-20000.0,2088100.0,6803.0,4.0,4.0,4487.0,2025.0,9408.96,singleFamily,160,1115990.0,2025,https://www.zillow.com,https://photos.zillowstatic.com/fp/75a2404c1ecede2049b94b29af88198f-p_c.jpg,2026-06-15 13:52,For Sale
26856019,8927 Beckleyview Ave,75232,Dallas,TX,32.639076,-96.83289,249999,122.0,,242900.0,2683.0,4.0,3.0,2048.0,1940.0,0.44599999999999995,singleFamily,29,284010.0,2025,https://www.zillow.com,https://photos.zillowstatic.com/fp/77a01c7bb865f452ed51b623053649f1-p_c.jpg,2026-06-15 13:52,For Sale
26717936,2539 Sharon St,75211,Dallas,TX,32.73043,-96.86083,274900,207.0,-14100.0,269300.0,2307.0,3.0,2.0,1328.0,1933.0,6882.48,singleFamily,49,275390.0,2025,https://www.zillow.com,https://photos.zillowstatic.com/fp/f4879c8a4cc34afb6b68e5cdb38b20bd-p_c.jpg,2026-06-15 13:52,For Sale
26736513,3729 Almazan Dr,75220,Dallas,TX,32.86472,-96.85481,435000,363.0,,,2499.0,3.0,1.0,1200.0,1951.0,7260.0,singleFamily,3,387270.0,2025,https://www.zillow.com,https://photos.zillowstatic.com/fp/0f99451344103d055be1f63c0aa56e37-p_c.jpg,2026-06-15 13:52,For Sale
26682802,5400 Worth St,75214,Dallas,TX,32.80214,-96.762184,599900,326.0,-15100.0,584500.0,3831.0,3.0,2.0,1838.0,1919.0,6926.04,singleFamily,66,643570.0,2025,https://www.zillow.com,https://photos.zillowstatic.com/fp/251ca00b18a6cd5a4ed78797ddd11c1a-p_c.jpg,2026-06-15 13:52,For Sale
461422630,5320 Reiger Ave #106,75214,Dallas,TX,32.799812,-96.75968,384900,267.0,,380300.0,2969.0,2.0,3.0,1442.0,2025.0,0.265,condo,3,,,https://www.zillow.com,https://photos.zillowstatic.com/fp/a600a1fb3ceab3030f7e4497c2511178-p_c.jpg,2026-06-15 13:52,For Sale
26908871,10356 Shelburne Dr,75227,Dallas,TX,32.7517,-96.64486,190000,140.0,,197100.0,1794.0,3.0,2.0,1362.0,1985.0,3310.56,singleFamily,3,219030.0,2025,https://www.zillow.com,https://photos.zillowstatic.com/fp/4ba245a727237c822205e5e194ee3c64-p_c.jpg,2026-06-15 13:52,For Sale
27298910,17958 Brent Dr,75287,Dallas,TX,32.99651,-96.86179,475000,211.0,,470700.0,2794.0,3.0,3.0,2256.0,1998.0,5000.688,singleFamily,4,409000.0,2025,https://www.zillow.com,https://photos.zillowstatic.com/fp/dfe1df8ee163112340228e46a1737c7b-p_c.jpg,2026-06-15 13:52,For Sale
26739617,8619 Angora St,75218,Dallas,TX,32.823116,-96.71362,550000,473.0,,520800.0,2077.0,2.0,1.0,1162.0,1940.0,7710.12,singleFamily,10,491740.0,2025,https://www.zillow.com,https://photos.zillowstatic.com/fp/e8fd19d3b8d04e037685608c7d372523-p_c.jpg,2026-06-15 13:52,For Sale
26717776,2610 Emmett St,75211,Dallas,TX,32.732723,-96.86194,649000,240.0,-10000.0,641700.0,3792.0,4.0,4.0,2700.0,2026.0,7056.72,singleFamily,48,231740.0,2025,https://www.zillow.com,https://photos.zillowstatic.com/fp/f1076df28f33ad03c24a7b30b30c486c-p_c.jpg,2026-06-15 13:52,For Sale
26848651,6566 Ridgeview Cir,75240,Dallas,TX,32.927986,-96.792366,1200000,366.0,,1159100.0,7163.0,4.0,5.0,3282.0,1958.0,0.44899999999999995,singleFamily,30,794500.0,2025,https://www.zillow.com,https://photos.zillowstatic.com/fp/743df58e4f710a878681fac53f7bead2-p_c.jpg,2026-06-15 13:52,For Sale
26691266,3506 Dunbar St,75215,Dallas,TX,32.768356,-96.761116,300000,174.0,,294400.0,2076.0,4.0,2.0,1728.0,1925.0,5501.628,singleFamily,109,123240.0,2025,https://www.zillow.com,https://photos.zillowstatic.com/fp/899e45edadacd95614fbc94fe554b0cd-p_c.jpg,2026-06-15 13:52,For Sale
26737270,1723 Timbergrove Cir,75208,Dallas,TX,32.75551,-96.84901,899000,441.0,,873300.0,3350.0,3.0,3.0,2040.0,1962.0,0.32999999999999996,singleFamily,11,969190.0,2025,https://www.zillow.com,https://photos.zillowstatic.com/fp/61ed02b3a50d50769bd8163d801b15a2-p_c.jpg,2026-06-15 13:52,For Sale
26725581,2511 Burlington Blvd,75211,Dallas,TX,32.737427,-96.859604,345000,310.0,,342500.0,2224.0,2.0,1.0,1112.0,1925.0,7492.32,singleFamily,13,341070.0,2025,https://www.zillow.com,https://photos.zillowstatic.com/fp/fc3188e54b18fad466d59971deff8ef8-p_c.jpg,2026-06-15 13:52,For Sale
26864720,9835 Estate Ln,75238,Dallas,TX,32.88401,-96.71641,550000,246.0,-30000.0,538000.0,3264.0,3.0,2.0,2233.0,1962.0,9452.52,singleFamily,109,570920.0,2025,https://www.zillow.com,https://photos.zillowstatic.com/fp/f3703e2f754ba3397cdf80486ed59d97-p_c.jpg,2026-06-15 13:52,For Sale
26756807,5948 Azalea Ln,75230,Dallas,TX,32.898117,-96.80523,3379900,683.0,,3198200.0,8135.0,5.0,5.0,4946.0,2012.0,0.43199999999999994,singleFamily,1,2935970.0,2025,https://www.zillow.com,https://photos.zillowstatic.com/fp/b42b5dd10ae371803da1f0ad81eece2d-p_c.jpg,2026-06-15 13:52,For Sale
26703419,6117 Martel Ave,75214,Dallas,TX,32.83186,-96.760796,850000,520.0,-9000.0,810000.0,3247.0,2.0,2.0,1635.0,1938.0,6534.0,singleFamily,108,677600.0,2025,https://www.zillow.com,https://photos.zillowstatic.com/fp/0974614abd837c7698742ef93fe7bc50-p_c.jpg,2026-06-15 13:52,For Sale
26847177,1744 Gross Rd,75228,Dallas,TX,32.81449,-96.68626,349900,197.0,,338300.0,2595.0,3.0,2.0,1778.0,1964.0,0.261,singleFamily,4,392120.0,2025,https://www.zillow.com,https://photos.zillowstatic.com/fp/45888fa28ba28104ca482befd7439a57-p_c.jpg,2026-06-15 13:52,For Sale
26880496,4006 Flintridge Dr,75244,Dallas,TX,32.91996,-96.842964,635000,296.0,46000.0,,,4.0,3.0,2142.0,1970.0,0.27299999999999996,singleFamily,66,495000.0,2025,https://www.zillow.com,https://photos.zillowstatic.com/fp/3f65ff895f8e3e224b03b5eb09231439-p_c.jpg,2026-06-15 13:52,For Sale
26830912,8454 Swift Ave,75228,Dallas,TX,32.80469,-96.70193,607000,251.0,-5000.0,,,4.0,3.0,2420.0,1962.0,8842.68,singleFamily,121,478000.0,2025,https://www.zillow.com,https://photos.zillowstatic.com/fp/56a670f49accd1210af962d695264a07-p_c.jpg,2026-06-15 13:52,For Sale
26757072,4611 Bobbitt Dr,75229,Dallas,TX,32.897736,-96.82923,5499000,674.0,-250000.0,,,5.0,6.0,8158.0,2019.0,0.6629999999999999,singleFamily,44,4874330.0,2025,https://www.zillow.com,https://photos.zillowstatic.com/fp/775eb8748ba9f9cda31e0b5dda8948fd-p_c.jpg,2026-06-15 13:52,For Sale
26808039,3127 Merrell Rd,75229,Dallas,TX,32.888073,-96.872696,475000,257.0,-14999.0,461400.0,3216.0,3.0,2.0,1847.0,1969.0,0.2529,singleFamily,87,460000.0,2025,https://www.zillow.com,https://photos.zillowstatic.com/fp/acf828a3bc15db824915c06cec541979-p_c.jpg,2026-06-15 13:52,For Sale
26829062,12504 Renoir Ln,75230,Dallas,TX,32.91878,-96.80405,1199000,285.0,,1138300.0,6777.0,5.0,4.0,4207.0,1981.0,0.32999999999999996,singleFamily,20,993250.0,2025,https://www.zillow.com,https://photos.zillowstatic.com/fp/182d9a1cba18503e5be0e2c358ea2dc1-p_c.jpg,2026-06-15 13:52,For Sale
26893382,8903 Maple Glen Dr,75231,Dallas,TX,32.885426,-96.74128,849000,323.0,-16000.0,,,4.0,3.0,2631.0,1978.0,9365.4,singleFamily,37,770960.0,2025,https://www.zillow.com,https://photos.zillowstatic.com/fp/de008f59f4b062363bf71911be39cb55-p_c.jpg,2026-06-15 13:52,For Sale
26701440,622 N Brookside Dr,75214,Dallas,TX,32.812443,-96.75075,998000,372.0,,,,2.0,2.0,2685.0,1961.0,0.347,singleFamily,10,764650.0,2025,https://www.zillow.com,https://photos.zillowstatic.com/fp/1db4418dd7c2b9d0a61742cbef540e33-p_c.jpg,2026-06-15 13:52,For Sale
26743601,11016 Lippitt Ave,75218,Dallas,TX,32.854553,-96.69177,600000,327.0,-25000.0,579300.0,3201.0,3.0,2.0,1836.0,1955.0,0.298,singleFamily,33,545560.0,2025,https://www.zillow.com,https://photos.zillowstatic.com/fp/54e7c77075f8044a73c20b32fed9c2d7-p_c.jpg,2026-06-15 13:52,For Sale
26854698,9920 Greenfield Dr,75238,Dallas,TX,32.87817,-96.714226,965000,332.0,-10000.0,940500.0,4311.0,5.0,3.0,2908.0,1962.0,9147.6,singleFamily,52,596220.0,2025,https://www.zillow.com,https://photos.zillowstatic.com/fp/ca1b069aaeebf4b029bb431adb87ab6c-p_c.jpg,2026-06-15 13:52,For Sale
339377550,1844 Mecca St,75206,Dallas,TX,32.812374,-96.7625,999000,347.0,-51000.0,982900.0,7742.0,4.0,5.0,2882.0,2023.0,1393.92,singleFamily,45,947540.0,2025,https://www.zillow.com,https://photos.zillowstatic.com/fp/88819b2c8f90931d26c5170950cff432-p_c.jpg,2026-06-15 13:52,For Sale
26806508,10564 Cox Ln,75229,Dallas,TX,32.891514,-96.85379,1499000,508.0,-76000.0,,,4.0,4.0,2950.0,1972.0,0.3,singleFamily,48,1114010.0,2025,https://www.zillow.com,https://photos.zillowstatic.com/fp/9b8e0d1f025453fa64b830ffa39193bd-p_c.jpg,2026-06-15 13:52,For Sale
26678787,4617 Sycamore St,75204,Dallas,TX,32.800446,-96.77391,500000,311.0,,499900.0,3126.0,2.0,2.0,1608.0,1912.0,7100.28,singleFamily,9,456910.0,2025,https://www.zillow.com,https://photos.zillowstatic.com/fp/fc618e5754eee234f0e9cda9fee2e818-p_c.jpg,2026-06-15 13:52,For Sale
26731086,4726 Hopkins Ave,75209,Dallas,TX,32.847454,-96.82896,1250000,299.0,-49900.0,1222400.0,7746.0,5.0,5.0,4180.0,2023.0,6272.64,singleFamily,41,1238420.0,2025,https://www.zillow.com,https://photos.zillowstatic.com/fp/32819dcfa9c00a4479aed3046ec1d132-p_c.jpg,2026-06-15 13:52,For Sale
26828988,5650 Charlestown Dr,75230,Dallas,TX,32.917236,-96.81222,2450000,460.0,,2299400.0,8706.0,5.0,6.0,5323.0,2011.0,0.422,singleFamily,5,2583660.0,2025,https://www.zillow.com,https://photos.zillowstatic.com/fp/9c681f188775d71eb861bb4621c0b297-p_c.jpg,2026-06-15 13:52,For Sale
26851754,13321 Purple Sage Rd,75240,Dallas,TX,32.929237,-96.7778,1200000,457.0,,1134000.0,6436.0,3.0,3.0,2624.0,1966.0,0.355,singleFamily,29,968160.0,2025,https://www.zillow.com,https://photos.zillowstatic.com/fp/f5c3d3e19fb72eee6f71cdbe16794856-p_c.jpg,2026-06-15 13:52,For Sale
26705372,6746 Braeburn Dr,75214,Dallas,TX,32.841564,-96.74374,799900,481.0,-10000.0,781200.0,3510.0,3.0,2.0,1664.0,1955.0,8581.32,singleFamily,80,762140.0,2025,https://www.zillow.com,https://photos.zillowstatic.com/fp/ac71606f5231d7a18fe4514c5bc927fa-p_c.jpg,2026-06-15 13:52,For Sale
96495673,3402 Spring Ave,75215,Dallas,TX,32.765728,-96.751465,319999,191.0,-10000.0,319100.0,2242.0,3.0,2.0,1672.0,2026.0,7501.032,singleFamily,75,62090.0,2025,https://www.zillow.com,https://photos.zillowstatic.com/fp/597a3eb2f28a78526f741e769b10d186-p_c.jpg,2026-06-15 13:52,For Sale
26787260,9755 Van Dyke Rd,75218,Dallas,TX,32.85455,-96.71484,2195000,734.0,,2069000.0,5322.0,4.0,3.0,2990.0,1956.0,0.544,singleFamily,10,1150000.0,2025,https://www.zillow.com,https://photos.zillowstatic.com/fp/9ded6e32011621fb64f2b8ee8d3871e4-p_c.jpg,2026-06-15 13:52,For Sale
26702035,6933 Wabash Cir,75214,Dallas,TX,32.82483,-96.73956,2375000,517.0,,2222500.0,7222.0,5.0,6.0,4592.0,1967.0,9365.4,singleFamily,11,2346990.0,2025,https://www.zillow.com,https://photos.zillowstatic.com/fp/5ccb2eab2fb0dd2c5b2b7c534924962a-p_c.jpg,2026-06-15 13:52,For Sale
26792745,10050 Gooding Dr,75229,Dallas,TX,32.88201,-96.843,2750000,451.0,,,,5.0,6.0,6100.0,2025.0,0.344,singleFamily,39,1063050.0,2025,https://www.zillow.com,https://photos.zillowstatic.com/fp/e9185bfb300a957216a9364084346b68-p_c.jpg,2026-06-15 13:52,For Sale
26744074,10817 Caprock Cir,75218,Dallas,TX,32.85597,-96.69739,775000,399.0,-24900.0,,,3.0,2.0,1943.0,1960.0,0.311,singleFamily,44,570740.0,2025,https://www.zillow.com,https://photos.zillowstatic.com/fp/2f6abcca0a5e552bf88cc9904c671109-p_c.jpg,2026-06-15 13:52,For Sale
26911006,13836 Rockbend Pl,75240,Dallas,TX,32.935722,-96.788185,995000,389.0,,966500.0,5763.0,3.0,3.0,2560.0,1988.0,6577.56,singleFamily,22,812450.0,2025,https://www.zillow.com,https://photos.zillowstatic.com/fp/374c0698eb7758063a7f209388207c51-p_c.jpg,2026-06-15 13:52,For Sale
26717138,2522 W Clarendon Dr,75211,Dallas,TX,32.734673,-96.86013,249500,198.0,-25400.0,242600.0,2400.0,4.0,2.0,1262.0,1924.0,6817.14,singleFamily,158,220070.0,2025,https://www.zillow.com,https://photos.zillowstatic.com/fp/30c5477f7ac1a80753bff9ebda47a8e9-p_c.jpg,2026-06-15 13:52,For Sale
26825628,1909 W Red Bird Ln,75232,Dallas,TX,32.672066,-96.85094,485000,206.0,,,,4.0,3.0,2355.0,1960.0,9888.12,singleFamily,45,303000.0,2025,https://www.zillow.com,https://photos.zillowstatic.com/fp/930fbf915892a8c922f2bfc3cba3c877-p_c.jpg,2026-06-15 13:52,For Sale
111960412,5609 Lindell Ave #3,75206,Dallas,TX,32.809193,-96.769035,435000,273.0,-25000.0,427400.0,2988.0,2.0,2.0,1596.0,2007.0,7187.4,condo,87,487890.0,2025,https://www.zillow.com,https://photos.zillowstatic.com/fp/547836cdc35f68fa1d677556e8a0764a-p_c.jpg,2026-06-15 13:52,For Sale
26695574,5134 Vanderbilt Ave,75206,Dallas,TX,32.824234,-96.78314,1749000,538.0,,,,4.0,4.0,3250.0,2021.0,7257.096,singleFamily,13,1503770.0,2025,https://www.zillow.com,https://photos.zillowstatic.com/fp/208af2873cf7f76c248dbf9c397e7560-p_c.jpg,2026-06-15 13:52,For Sale
26873194,15935 Longvista Dr,75248,Dallas,TX,32.966537,-96.78597,650000,277.0,,628300.0,5275.0,4.0,3.0,2343.0,1972.0,9844.56,singleFamily,17,586310.0,2025,https://www.zillow.com,https://photos.zillowstatic.com/fp/a8f309fa2f527eabd9396064c2ed7f4b-p_c.jpg,2026-06-15 13:52,For Sale
26809395,3342 Whitehall Dr,75229,Dallas,TX,32.900738,-96.86418,1850000,381.0,,1799000.0,3025.0,5.0,6.0,4856.0,2026.0,10802.88,singleFamily,14,499540.0,2025,https://www.zillow.com,https://photos.zillowstatic.com/fp/7a02e1d512ff86e2e83b04ad432ef360-p_c.jpg,2026-06-15 13:52,For Sale
333138961,6016 Hudson St #2,75206,Dallas,TX,32.810246,-96.76487,450000,317.0,,437500.0,3288.0,2.0,3.0,1420.0,2018.0,7013.16,condo,0,542330.0,2025,https://www.zillow.com,https://photos.zillowstatic.com/fp/914819dc4fcf1cfaf4b990d4d258ddd5-p_c.jpg,2026-06-15 13:52,For Sale
26702921,6030 Morningside Ave,75206,Dallas,TX,32.828613,-96.76226,870000,443.0,,,,3.0,2.0,1963.0,1948.0,7492.32,singleFamily,9,680570.0,2025,https://www.zillow.com,https://photos.zillowstatic.com/fp/7a39ae7b21bb44be09fadd3e91bb5178-p_c.jpg,2026-06-15 13:52,For Sale
60331422,4231 Bowser Ave,75219,Dallas,TX,32.817005,-96.81027,600000,296.0,,582700.0,3670.0,3.0,3.0,2026.0,2002.0,2003.76,townhome,17,570000.0,2025,https://www.zillow.com,https://photos.zillowstatic.com/fp/49c69c54f639161d938d0815d2f32e82-p_c.jpg,2026-06-15 13:52,For Sale
339349828,8150 Bromley Dr,75231,Dallas,TX,32.891182,-96.76371,669900,287.0,,654400.0,4157.0,3.0,4.0,2337.0,2023.0,1624.788,singleFamily,4,686250.0,2025,https://www.zillow.com,https://photos.zillowstatic.com/fp/f6b6c7651aeb7036ca45b65eba4cb672-p_c.jpg,2026-06-15 13:52,For Sale
89376577,14115 Kelann Ct,75253,Dallas,TX,32.67478,-96.59201,360000,114.0,-8000.0,357600.0,3109.0,5.0,4.0,3160.0,2007.0,0.263,singleFamily,80,350410.0,2025,https://www.zillow.com,https://photos.zillowstatic.com/fp/14d377fa2bca25f7549cbecf46d22e7f-p_c.jpg,2026-06-15 13:52,For Sale
26716278,1203 Forester Dr,75216,Dallas,TX,32.7348,-96.80665,340000,227.0,-5000.0,338300.0,2150.0,3.0,2.0,1500.0,2025.0,8494.2,singleFamily,99,90000.0,2025,https://www.zillow.com,https://photos.zillowstatic.com/fp/0fe996b555440b67099fa5e550573dbc-p_c.jpg,2026-06-15 13:52,For Sale
462933530,4522 Kolloch Dr,75216,Dallas,TX,32.706432,-96.75807,329000,159.0,,327400.0,3124.0,3.0,3.0,2075.0,2026.0,9583.2,singleFamily,10,,,https://www.zillow.com,https://photos.zillowstatic.com/fp/5b9e2f745f8f553d3897b80d29d71d9c-p_c.jpg,2026-06-15 13:52,For Sale
67961473,5639 Ellsworth Ave,75206,Dallas,TX,32.833923,-96.77051,829999,352.0,,820300.0,4926.0,3.0,3.0,2360.0,2003.0,4356.0,singleFamily,12,738560.0,2025,https://www.zillow.com,https://photos.zillowstatic.com/fp/cf8e9042d78d3c01b6234d5fad6b7d4b-p_c.jpg,2026-06-15 13:52,For Sale
26682784,5428 Victor St,75214,Dallas,TX,32.801655,-96.759674,435000,284.0,-14000.0,419200.0,2335.0,2.0,2.0,1531.0,1983.0,7405.2,singleFamily,94,473900.0,2025,https://www.zillow.com,https://photos.zillowstatic.com/fp/369f61f8822a6706878e00697d82dbe1-p_c.jpg,2026-06-15 13:52,For Sale
26912612,8602 Brittania Way,75243,Dallas,TX,32.897354,-96.72443,362000,182.0,,352100.0,2694.0,3.0,3.0,1984.0,1992.0,3005.64,singleFamily,5,422540.0,2025,https://www.zillow.com,https://photos.zillowstatic.com/fp/0ce5be7e693166c3ba9506b8660d17cc-p_c.jpg,2026-06-15 13:52,For Sale
26753608,6016 Del Norte Ln,75225,Dallas,TX,32.8682,-96.80334,1350000,717.0,,,,2.0,2.0,1884.0,1950.0,0.0,singleFamily,4,1041230.0,2025,https://www.zillow.com,https://photos.zillowstatic.com/fp/7a50879a877d54252be7b741b18f1712-p_c.jpg,2026-06-15 13:52,For Sale
26707212,7153 Cornelia Ln,75214,Dallas,TX,32.830696,-96.73574,2849000,564.0,,2798800.0,5747.0,5.0,5.0,5055.0,2025.0,0.26,singleFamily,17,878030.0,2025,https://www.zillow.com,https://photos.zillowstatic.com/fp/b1ffb95db4bc32cdaf4687656d15de22-p_c.jpg,2026-06-15 13:52,For Sale
124854153,10565 Plumwood Pkwy,75238,Dallas,TX,32.866817,-96.70282,719900,241.0,-90.0,,,4.0,3.0,2983.0,2015.0,3267.0,singleFamily,94,699820.0,2025,https://www.zillow.com,https://photos.zillowstatic.com/fp/b49f8b275e83c13d10bc96f70603fade-p_c.jpg,2026-06-15 13:52,For Sale
26685330,416 Mount Auburn Ave,75223,Dallas,TX,32.80185,-96.74993,839900,201.0,-8000.0,826800.0,6278.0,5.0,5.0,4181.0,2026.0,7230.96,singleFamily,38,500000.0,2025,https://www.zillow.com,https://photos.zillowstatic.com/fp/88e0dfaea4594b85937b663bda2d7342-p_c.jpg,2026-06-15 13:52,For Sale
26710030,214 S Montclair Ave,75208,Dallas,TX,32.7436,-96.846245,699000,329.0,-39000.0,679200.0,2939.0,4.0,3.0,2127.0,1927.0,7318.08,singleFamily,74,631320.0,2025,https://www.zillow.com,https://photos.zillowstatic.com/fp/c4a897b9c49c1db5b46e98adea23d082-p_c.jpg,2026-06-15 13:52,For Sale
26758368,4347 Bonham St,75229,Dallas,TX,32.88877,-96.83458,1525000,486.0,,1455800.0,7933.0,3.0,5.0,3141.0,2020.0,6751.8,singleFamily,31,1160000.0,2025,https://www.zillow.com,https://photos.zillowstatic.com/fp/6805d86385829dfbe3dce60f52ac33a3-p_c.jpg,2026-06-15 13:52,For Sale
26876476,6008 Springflower Trl,75248,Dallas,TX,32.978374,-96.802826,550000,279.0,-25000.0,556900.0,4418.0,3.0,3.0,1971.0,1977.0,7492.32,singleFamily,9,503600.0,2025,https://www.zillow.com,https://photos.zillowstatic.com/fp/7101455a6864ab8a4ec691701ffdcbc7-p_c.jpg,2026-06-15 13:52,For Sale
26794401,1718 Joan Dr,75217,Dallas,TX,32.74221,-96.69704,222200,156.0,-3400.0,,,3.0,2.0,1428.0,1957.0,7448.76,singleFamily,41,234160.0,2025,https://www.zillow.com,https://photos.zillowstatic.com/fp/582bcd163eb4ab1a71b69e785936b18c-p_c.jpg,2026-06-15 13:52,For Sale
26874290,7716 La Risa Dr,75248,Dallas,TX,32.962345,-96.775024,533500,230.0,-16500.0,516900.0,3890.0,4.0,4.0,2317.0,1969.0,8886.24,singleFamily,417,465660.0,2025,https://www.zillow.com,https://photos.zillowstatic.com/fp/c846a4abfde875b9caf9b6f577a5f3ad-p_c.jpg,2026-06-15 13:52,For Sale
26633938,4315 Creekmeadow Dr,75287,Dallas,TX,32.995464,-96.836174,734900,258.0,-15100.0,719500.0,4047.0,4.0,3.0,2850.0,1986.0,8276.4,singleFamily,30,753343.0,2025,https://www.zillow.com,https://photos.zillowstatic.com/fp/0a6c4ebd49ca8cc41d704b1722acf52b-p_c.jpg,2026-06-15 13:52,For Sale
26882185,12574 Burninglog Ln,75243,Dallas,TX,32.91795,-96.73645,275000,127.0,,265500.0,2513.0,3.0,3.0,2171.0,1973.0,3005.64,townhome,19,329040.0,2025,https://www.zillow.com,https://photos.zillowstatic.com/fp/fef43289612a50d7dcb3c596921738a0-p_c.jpg,2026-06-15 13:52,For Sale
26690226,6047 Vickery Blvd,75206,Dallas,TX,32.82314,-96.76171,699000,387.0,,671300.0,3458.0,2.0,2.0,1808.0,1932.0,7013.16,singleFamily,39,585660.0,2025,https://www.zillow.com,https://photos.zillowstatic.com/fp/f0e251c3a7deb0eecdacfee6508f55c2-p_c.jpg,2026-06-15 13:52,For Sale
26898261,3368 Miro Pl,75204,Dallas,TX,32.816456,-96.79458,875000,417.0,,840900.0,4305.0,3.0,4.0,2099.0,1997.0,1698.84,townhome,21,707890.0,2025,https://www.zillow.com,https://photos.zillowstatic.com/fp/785b3e3cb73500e8992e79bfd8f1b07b-p_c.jpg,2026-06-15 13:52,For Sale
61871439,4231 Travis St #17,75205,Dallas,TX,32.818394,-96.7934,349900,339.0,,,,2.0,2.0,1031.0,1994.0,1.141,condo,2,360850.0,2025,https://www.zillow.com,https://photos.zillowstatic.com/fp/555629f46003dcecd582a0dda8504b65-p_c.jpg,2026-06-15 13:52,For Sale
26709988,340 S Edgefield Ave,75208,Dallas,TX,32.741657,-96.84386,549900,392.0,-15100.0,,,2.0,2.0,1404.0,1926.0,7492.32,singleFamily,60,573890.0,2025,https://www.zillow.com,https://photos.zillowstatic.com/fp/9693d977fc7a3086e303ec9e05831815-p_c.jpg,2026-06-15 13:52,For Sale
26890716,6409 Norbury Dr,75248,Dallas,TX,32.985207,-96.79068,725000,253.0,,709900.0,4497.0,5.0,3.0,2864.0,1978.0,10802.88,singleFamily,23,642020.0,2025,https://www.zillow.com,https://photos.zillowstatic.com/fp/41661a58e1d13917c3ad6a2bc41dba9f-p_c.jpg,2026-06-15 13:52,For Sale
26924012,10500 Lake June Rd #I02,75217,Dallas,TX,32.73256,-96.64433,69000,63.0,-16000.0,,1528.0,2.0,2.0,1103.0,1984.0,7.74,singleFamily,140,106760.0,2025,https://www.zillow.com,https://photos.zillowstatic.com/fp/173b7663fb86ae5709aaaad8a22227c3-p_c.jpg,2026-06-15 13:52,For Sale
26834604,4107 Vineyard Dr,75212,Dallas,TX,32.79156,-96.87639,464900,221.0,-5000.0,,,4.0,2.0,2100.0,2026.0,7230.96,singleFamily,19,145000.0,2025,https://www.zillow.com,https://photos.zillowstatic.com/fp/b7ab3e1b2c1d5a63b8866cf0cc5ea024-p_c.jpg,2026-06-15 13:52,For Sale
96501364,1718 Gallagher St,75212,Dallas,TX,32.784576,-96.84715,475000,247.0,,465800.0,3324.0,4.0,3.0,1923.0,2020.0,5009.4,singleFamily,3,446870.0,2025,https://www.zillow.com,https://photos.zillowstatic.com/fp/c9a2a49172120d612d06d8c8c7fb07cd-p_c.jpg,2026-06-15 13:52,For Sale
26741003,9034 Forest Hills Blvd,75218,Dallas,TX,32.825687,-96.70626,1475000,357.0,,1444300.0,3974.0,4.0,4.0,4132.0,2026.0,8145.72,singleFamily,11,534300.0,2025,https://www.zillow.com,https://photos.zillowstatic.com/fp/fac07d19a58924ef6ea8030da08690d6-p_c.jpg,2026-06-15 13:52,For Sale
80051288,6146 Stapleford Cir,75252,Dallas,TX,33.002033,-96.7994,799900,294.0,,777900.0,5263.0,4.0,4.0,2718.0,2011.0,5227.2,singleFamily,50,843984.0,2025,https://www.zillow.com,https://photos.zillowstatic.com/fp/675c18cc842794a3e718b5d0a9e842d6-p_c.jpg,2026-06-15 13:52,For Sale
26840908,2637 Marbella Ln,75228,Dallas,TX,32.82268,-96.66872,195000,206.0,,192000.0,1696.0,3.0,1.0,946.0,1954.0,7666.56,singleFamily,10,198000.0,2025,https://www.zillow.com,https://photos.zillowstatic.com/fp/0e01aa0e8c1987b5a460ec6cc62dc8b9-p_c.jpg,2026-06-15 13:52,For Sale
96500084,3604 Colonial Ave,75215,Dallas,TX,32.757587,-96.771385,414400,186.0,-100.0,411600.0,2728.0,4.0,3.0,2229.0,2026.0,7649.136,singleFamily,30,310410.0,2025,https://www.zillow.com,https://photos.zillowstatic.com/fp/733ca7620e41a90bbfd91d6512263bf8-p_c.jpg,2026-06-15 13:52,For Sale
26850473,9634 Shoreview Rd,75238,Dallas,TX,32.86526,-96.72061,799800,461.0,-25200.0,777300.0,3304.0,3.0,2.0,1734.0,1958.0,9395.892,singleFamily,46,798710.0,2025,https://www.zillow.com,https://photos.zillowstatic.com/fp/262941fee2f454d082aa5e496f3780b2-p_c.jpg,2026-06-15 13:52,For Sale
26734579,4615 Stigall St,75209,Dallas,TX,32.848835,-96.83103,440000,365.0,,431200.0,2480.0,3.0,2.0,1205.0,1945.0,7187.4,singleFamily,22,364590.0,2025,https://www.zillow.com,https://photos.zillowstatic.com/fp/ff03f1c729c6a7d563ac9f25f3816213-p_c.jpg,2026-06-15 13:52,For Sale
26857892,433 Cleaves St,75203,Dallas,TX,32.753185,-96.803314,575000,240.0,-24000.0,596000.0,3883.0,4.0,3.0,2400.0,2026.0,4007.52,singleFamily,7,95000.0,2025,https://www.zillow.com,https://photos.zillowstatic.com/fp/eda01bcbfe002e9cc3f28b26d425facd-p_c.jpg,2026-06-15 13:52,For Sale
26806964,10018 Cromwell Dr,75229,Dallas,TX,32.881554,-96.86159,779000,296.0,,746900.0,4400.0,4.0,3.0,2636.0,1969.0,10367.28,singleFamily,3,596870.0,2025,https://www.zillow.com,https://photos.zillowstatic.com/fp/c9daa57eb93347fb13d4384325b26a70-p_c.jpg,2026-06-15 13:52,For Sale
248827968,2350 Dunloe Dr,75228,Dallas,TX,32.836567,-96.674034,369000,222.0,,366100.0,2175.0,4.0,2.0,1661.0,1953.0,8799.12,multiFamily,9,336580.0,2025,https://www.zillow.com,https://photos.zillowstatic.com/fp/86a4400ac970261f74ea8b18cf53143b-p_c.jpg,2026-06-15 13:52,For Sale
26662239,18711 Tall Oak Dr,75287,Dallas,TX,33.00554,-96.833336,550000,230.0,,537800.0,3073.0,4.0,3.0,2391.0,1996.0,5227.2,singleFamily,19,569634.0,2025,https://www.zillow.com,https://photos.zillowstatic.com/fp/1d27fbe3bf8bd17cb85ca6aebd6a819a-p_c.jpg,2026-06-15 13:52,For Sale
26745379,2816 Encino Dr,75228,Dallas,TX,32.847054,-96.667,215000,176.0,,,,3.0,1.0,1224.0,1953.0,8058.6,singleFamily,44,184820.0,2025,https://www.zillow.com,https://photos.zillowstatic.com/fp/fa5dc37c4a9f43da0f8c9783a6844473-p_c.jpg,2026-06-15 13:52,For Sale
26890433,7711 Turnberry Ln,75248,Dallas,TX,32.98159,-96.77256,1100000,321.0,,1051300.0,3971.0,4.0,4.0,3429.0,1977.0,0.307,singleFamily,24,785000.0,2025,https://www.zillow.com,https://photos.zillowstatic.com/fp/7373e07136f0a827166d840e15b03a0f-p_c.jpg,2026-06-15 13:52,For Sale
26844547,12436 Oberlin Dr,75243,Dallas,TX,32.917515,-96.75613,440000,212.0,-30000.0,430500.0,2703.0,4.0,3.0,2076.0,1958.0,8058.6,singleFamily,53,256920.0,2025,https://www.zillow.com,https://photos.zillowstatic.com/fp/0d730239870214e2c7f396e47d25897d-p_c.jpg,2026-06-15 13:52,For Sale
26713232,2606 W 12th St,75211,Dallas,TX,32.740997,-96.86155,349000,272.0,,340200.0,2236.0,2.0,2.0,1284.0,1915.0,7405.2,singleFamily,40,393850.0,2025,https://www.zillow.com,https://photos.zillowstatic.com/fp/9136a2d69890c80bfdf9a919077441fc-p_c.jpg,2026-06-15 13:52,For Sale
26893584,7320 Brentfield Dr,75248,Dallas,TX,32.974648,-96.7807,800000,331.0,,771500.0,4095.0,4.0,3.0,2417.0,1977.0,9408.96,singleFamily,17,617010.0,2025,https://www.zillow.com,https://photos.zillowstatic.com/fp/faab5b9b63783133dd5f43feb6ed6b7e-p_c.jpg,2026-06-15 13:52,For Sale
26906687,10304 Pondwood Dr,75217,Dallas,TX,32.729027,-96.6455,280000,145.0,,,,4.0,2.0,1930.0,1999.0,7487.964,singleFamily,3,323090.0,2025,https://www.zillow.com,https://photos.zillowstatic.com/fp/57226a6f381a3df9e322fb49ec8c3589-p_c.jpg,2026-06-15 13:52,For Sale
303984086,9360 Lakemont Dr,75220,Dallas,TX,32.865963,-96.8446,2495000,501.0,-105000.0,2385200.0,7886.0,5.0,5.0,4981.0,2019.0,0.48,singleFamily,80,2218000.0,2025,https://www.zillow.com,https://photos.zillowstatic.com/fp/bfe473c632ca3f1cbecb49e005f01efa-p_c.jpg,2026-06-15 13:52,For Sale
26740873,8910 San Fernando Way,75218,Dallas,TX,32.824726,-96.70902,640000,351.0,-10000.0,,,3.0,2.0,1822.0,1946.0,0.258,singleFamily,58,678050.0,2025,https://www.zillow.com,https://photos.zillowstatic.com/fp/31823f829834ba003df5c22f8db657fd-p_c.jpg,2026-06-15 13:52,For Sale
26852833,9411 Pinewood Dr,75243,Dallas,TX,32.903988,-96.76062,520000,248.0,-5000.0,495000.0,2972.0,4.0,2.0,2096.0,1963.0,10280.16,singleFamily,167,428150.0,2025,https://www.zillow.com,https://photos.zillowstatic.com/fp/2396b2bc05ccb8011b5d757b69759199-p_c.jpg,2026-06-15 13:52,For Sale
69667924,1732 Murdock Rd,75217,Dallas,TX,32.690865,-96.68256,235000,144.0,-20000.0,233100.0,2202.0,5.0,2.0,1632.0,2005.0,8276.4,singleFamily,118,241530.0,2025,https://www.zillow.com,https://photos.zillowstatic.com/fp/e9a7d0a7453849acd359a0da016e591d-p_c.jpg,2026-06-15 13:52,For Sale
26710908,824 Elsbeth St,75208,Dallas,TX,32.75322,-96.825005,325000,175.0,-22500.0,,2828.0,4.0,1.0,1854.0,1945.0,6882.48,singleFamily,65,486570.0,2025,https://www.zillow.com,https://photos.zillowstatic.com/fp/e30513c82f71fb87b6c22f3cbfb5f5fd-p_c.jpg,2026-06-15 13:52,For Sale
53101443,4403 Andora Ct,75287,Dallas,TX,33.00017,-96.83283,775000,223.0,,,,3.0,3.0,3475.0,1997.0,8712.0,singleFamily,4,771686.0,2025,https://www.zillow.com,https://photos.zillowstatic.com/fp/dd540a41e22d689d2351cf3548c1db95-p_c.jpg,2026-06-15 13:52,For Sale
26704177,5460 Anita St,75206,Dallas,TX,32.83437,-96.77461,879000,300.0,-20000.0,,,5.0,5.0,2928.0,1956.0,8755.56,multiFamily,38,668380.0,2025,https://www.zillow.com,https://photos.zillowstatic.com/fp/1d509c0b5ea187b94353a4dffeca4787-p_c.jpg,2026-06-15 13:52,For Sale
26754400,6828 Chevy Chase Ave,75225,Dallas,TX,32.871284,-96.78751,2395000,522.0,-100000.0,,,4.0,5.0,4587.0,2007.0,9626.76,singleFamily,45,2243180.0,2025,https://www.zillow.com,https://photos.zillowstatic.com/fp/21605d514d3f34cf208feecc0f2a828d-p_c.jpg,2026-06-15 13:52,For Sale
26716011,1247 Georgia Ave,75216,Dallas,TX,32.725246,-96.80577,279000,193.0,-9000.0,271300.0,2185.0,3.0,2.0,1442.0,1914.0,9931.68,singleFamily,73,190910.0,2025,https://www.zillow.com,https://photos.zillowstatic.com/fp/b4682852d1fcb415f5fbadd313ed8ee8-p_c.jpg,2026-06-15 13:52,For Sale
26866546,9607 Greensprint Dr,75238,Dallas,TX,32.885036,-96.72301,1150000,420.0,-25000.0,1113800.0,4399.0,5.0,4.0,2736.0,1979.0,8668.44,singleFamily,67,806110.0,2025,https://www.zillow.com,https://photos.zillowstatic.com/fp/fbc2f858114d4b740ea70a68d75d24ea-p_c.jpg,2026-06-15 13:52,For Sale
26782815,2913 Kellogg Ave,75216,Dallas,TX,32.713203,-96.79237,277500,158.0,-2500.0,,2499.0,4.0,2.0,1761.0,2019.0,7492.32,singleFamily,31,304040.0,2025,https://www.zillow.com,https://photos.zillowstatic.com/fp/3608d4aa1a9d4bf887d97ff1b11f8d42-p_c.jpg,2026-06-15 13:52,For Sale
26701887,6878 Burwood Ln,75214,Dallas,TX,32.81725,-96.74054,1100000,386.0,-15000.0,,,3.0,3.0,2852.0,1957.0,9056.124,singleFamily,12,975390.0,2025,https://www.zillow.com,https://photos.zillowstatic.com/fp/c9c204c79e00590250a7fd7ac02d4e28-p_c.jpg,2026-06-15 13:52,For Sale
26737377,3834 Shelley Blvd,75211,Dallas,TX,32.72807,-96.88348,175000,160.0,,168200.0,1941.0,3.0,1.0,1096.0,1938.0,8363.52,singleFamily,13,210610.0,2025,https://www.zillow.com,https://photos.zillowstatic.com/fp/bf04c57772c6afc4e28e3e285fbd6e57-p_c.jpg,2026-06-15 13:52,For Sale
80229697,5710 La Vista Dr,75206,Dallas,TX,32.812546,-96.7689,719900,277.0,-10000.0,711700.0,4621.0,3.0,4.0,2602.0,2006.0,1263.24,townhome,80,647050.0,2025,https://www.zillow.com,https://photos.zillowstatic.com/fp/708c6c4c6f3f0ae2d9c05f7f915a8031-p_c.jpg,2026-06-15 13:52,For Sale
26767541,2661 Hudspeth Ave,75216,Dallas,TX,32.70992,-96.78409,273900,192.0,-100.0,267100.0,1834.0,3.0,2.0,1425.0,1951.0,7056.72,singleFamily,94,193770.0,2025,https://www.zillow.com,https://photos.zillowstatic.com/fp/b54d5939680371bb504cc51c90cd2e2e-p_c.jpg,2026-06-15 13:52,For Sale
26684159,5615 Victor St,75214,Dallas,TX,32.803352,-96.757904,525000,230.0,,492900.0,3211.0,4.0,2.0,2278.0,1910.0,7840.8,multiFamily,82,399150.0,2025,https://www.zillow.com,https://photos.zillowstatic.com/fp/08f66d071521e2b70c301cdf7c014ffc-p_c.jpg,2026-06-15 13:52,For Sale
26865137,10612 Estate Ln,75238,Dallas,TX,32.882633,-96.70192,535000,330.0,,,,3.0,2.0,1622.0,1960.0,8581.32,singleFamily,10,460000.0,2025,https://www.zillow.com,https://photos.zillowstatic.com/fp/ba9da0a2135f374a6d1bf3b1e397b94e-p_c.jpg,2026-06-15 13:52,For Sale
26891675,7309 Ashcrest Ln,75249,Dallas,TX,32.643272,-96.94913,249000,182.0,-6000.0,,,3.0,2.0,1369.0,1976.0,7579.44,singleFamily,72,228570.0,2025,https://www.zillow.com,https://photos.zillowstatic.com/fp/c199fa3377a496e840719f1d4b01a775-p_c.jpg,2026-06-15 13:52,For Sale
26807172,3581 Woodleigh Dr,75229,Dallas,TX,32.8839,-96.85812,619000,226.0,-30000.0,595300.0,3544.0,5.0,3.0,2733.0,1955.0,10323.72,singleFamily,46,528220.0,2025,https://www.zillow.com,https://photos.zillowstatic.com/fp/b75dfa70a523d912b77a01670d534c78-p_c.jpg,2026-06-15 13:52,For Sale
26893721,7001 Kingshollow Dr,75248,Dallas,TX,32.967854,-96.78662,1050000,330.0,-25000.0,1007800.0,5936.0,4.0,4.0,3181.0,1978.0,0.338,singleFamily,30,942630.0,2025,https://www.zillow.com,https://photos.zillowstatic.com/fp/1a8767bd07ff3f69113b5b573530ff4d-p_c.jpg,2026-06-15 13:52,For Sale
162435831,2220 Canton St APT 407,75201,Dallas,TX,32.780376,-96.78904,699000,304.0,,669700.0,4630.0,2.0,3.0,2296.0,1925.0,0.9590000000000001,condo,94,519000.0,2025,https://www.zillow.com,https://photos.zillowstatic.com/fp/365bda110c1e00d0248d5b976045f882-p_c.jpg,2026-06-15 13:52,For Sale
26815780,522 Glencairn Dr,75232,Dallas,TX,32.655025,-96.82984,144900,117.0,-10000.0,,1768.0,3.0,2.0,1236.0,1961.0,0.252,singleFamily,319,185560.0,2025,https://www.zillow.com,https://photos.zillowstatic.com/fp/35e3e34959ce2ae04a19080a7232fbca-p_c.jpg,2026-06-15 13:52,For Sale
83995110,9131 Cochran Bluff Ln,75220,Dallas,TX,32.863655,-96.84159,849000,238.0,-50000.0,833700.0,6687.0,4.0,4.0,3561.0,2007.0,6089.688,singleFamily,45,1001910.0,2025,https://www.zillow.com,https://photos.zillowstatic.com/fp/f56847586aebb653b9cefaa56e856053-p_c.jpg,2026-06-15 13:52,For Sale
26869293,9615 Millridge Dr,75243,Dallas,TX,32.90484,-96.729965,635000,258.0,-15000.0,,,3.0,3.0,2460.0,1970.0,8755.56,singleFamily,18,605190.0,2025,https://www.zillow.com,https://photos.zillowstatic.com/fp/164c60bc82c361b524ef1aaf305097cb-p_c.jpg,2026-06-15 13:52,For Sale
26702043,6905 Wabash Cir,75214,Dallas,TX,32.824696,-96.74096,1750000,513.0,,1654600.0,5681.0,5.0,3.0,3411.0,1967.0,0.294,singleFamily,17,1453030.0,2025,https://www.zillow.com,https://photos.zillowstatic.com/fp/c1cc4ccc08d3472c675cc0d1a34d9fb9-p_c.jpg,2026-06-15 13:52,For Sale
26805313,4166 Goodfellow Dr,75229,Dallas,TX,32.908607,-96.8386,925000,359.0,,,,4.0,4.0,2577.0,1961.0,0.38499999999999995,singleFamily,5,806160.0,2025,https://www.zillow.com,https://photos.zillowstatic.com/fp/73847d9905796c5f5c981eab0ba57a05-p_c.jpg,2026-06-15 13:52,For Sale
53101469,18403 Gibbons Dr,75287,Dallas,TX,32.999294,-96.83331,825000,216.0,-24000.0,,,5.0,4.0,3828.0,1996.0,7405.2,singleFamily,94,716354.0,2025,https://www.zillow.com,https://photos.zillowstatic.com/fp/b018e597704cfd56d31165e744f0409d-p_c.jpg,2026-06-15 13:52,For Sale
248829401,3312 Walchard Ct,75229,Dallas,TX,32.884598,-96.86679,825000,272.0,,819300.0,4308.0,3.0,3.0,3030.0,2019.0,6272.64,singleFamily,12,711890.0,2025,https://www.zillow.com,https://photos.zillowstatic.com/fp/c66650726abcc0c5d15f1d0eb4ad2862-p_c.jpg,2026-06-15 13:52,For Sale
26703642,6018 Winton St,75206,Dallas,TX,32.835472,-96.763405,722500,405.0,-22500.0,710200.0,4016.0,2.0,3.0,1783.0,1941.0,6708.24,singleFamily,75,615460.0,2025,https://www.zillow.com,https://photos.zillowstatic.com/fp/6dfd2b69cefb160b84c841cb9b8841b3-p_c.jpg,2026-06-15 13:52,For Sale
26890583,7610 Bantry Cir,75248,Dallas,TX,32.98553,-96.77634,735000,254.0,,,,4.0,3.0,2890.0,1978.0,10672.2,singleFamily,30,757840.0,2025,https://www.zillow.com,https://photos.zillowstatic.com/fp/6a75ab841929942488ed6aa915c78476-p_c.jpg,2026-06-15 13:52,For Sale
26741531,1511 Verano Dr,75218,Dallas,TX,32.83109,-96.69322,799000,468.0,,776000.0,2538.0,3.0,2.0,1707.0,1945.0,0.441,singleFamily,2,521060.0,2025,https://www.zillow.com,https://photos.zillowstatic.com/fp/0b859900cdd388615943a2f909df3d93-p_c.jpg,2026-06-15 13:52,For Sale
26716122,1506 Vermont Ave,75216,Dallas,TX,32.72643,-96.803185,275000,164.0,,259900.0,1564.0,4.0,2.0,1672.0,1922.0,6969.6,multiFamily,34,237180.0,2025,https://www.zillow.com,https://photos.zillowstatic.com/fp/42b7960c9c1a1de275c709f724962489-p_c.jpg,2026-06-15 13:52,For Sale
462255382,9504-9506 Mercer Dr,75228,Dallas,TX,32.82323,-96.69338,549000,227.0,,538900.0,2334.0,4.0,2.0,2421.0,1952.0,0.526,multiFamily,38,,,https://www.zillow.com,https://photos.zillowstatic.com/fp/efbe9e11b05d76244a2b9d498116c0d5-p_c.jpg,2026-06-15 13:52,For Sale
440951153,2315 S Vernon Ave,75224,Dallas,TX,32.72306,-96.837166,1000000,250.0,,986100.0,2410.0,6.0,8.0,4000.0,2025.0,7100.28,multiFamily,34,,,https://www.zillow.com,https://photos.zillowstatic.com/fp/ef6da124793dd7f07bbf3416ca61c9bb-p_c.jpg,2026-06-15 13:52,For Sale
2054404729,7539 Edgeware Rd,75228,Dallas,TX,32.791626,-96.7145,380000,241.0,,376500.0,2674.0,3.0,3.0,1580.0,2023.0,1498.464,townhome,2,,,https://www.zillow.com,https://photos.zillowstatic.com/fp/e8eaf06b0549bd8e75c1db00d4d9322d-p_c.jpg,2026-06-15 13:52,For Sale
26858919,12022 Dixfield Dr,75218,Dallas,TX,32.86001,-96.69651,750000,316.0,,720100.0,3524.0,4.0,3.0,2374.0,1968.0,9321.84,singleFamily,13,585810.0,2025,https://www.zillow.com,https://photos.zillowstatic.com/fp/99b532dcf7956ebc9c8f7b1b05e7b850-p_c.jpg,2026-06-15 13:52,For Sale
448031067,2232 Hooper St,75215,Dallas,TX,32.7455,-96.7568,598000,171.0,,,,6.0,6.0,3500.0,2024.0,5052.96,multiFamily,79,,,https://www.zillow.com,https://photos.zillowstatic.com/fp/d71f68ee8a80f3d23f3406c58e2ecc01-p_c.jpg,2026-06-15 13:52,For Sale
26685047,6011 E Grand Ave,75223,Dallas,TX,32.797127,-96.74425,277500,206.0,-12499.0,,2474.0,3.0,2.0,1344.0,1947.0,5488.56,singleFamily,275,366720.0,2025,https://www.zillow.com,https://photos.zillowstatic.com/fp/a8f97181cf5571c8931d6169f1defc27-p_c.jpg,2026-06-15 13:52,For Sale
26868426,9205 Moss Farm Ln,75243,Dallas,TX,32.896366,-96.74376,769900,307.0,-20000.0,748000.0,5499.0,4.0,3.0,2509.0,1976.0,7056.72,singleFamily,22,497000.0,2025,https://www.zillow.com,https://photos.zillowstatic.com/fp/9f4a7c495ee855a85667d4d5c65ef802-p_c.jpg,2026-06-15 13:52,For Sale
26678830,4321 Sycamore St,75204,Dallas,TX,32.79792,-96.77683,449000,257.0,-26000.0,439700.0,4448.0,4.0,4.0,1750.0,1903.0,6751.8,singleFamily,221,274010.0,2025,https://www.zillow.com,https://photos.zillowstatic.com/fp/802e5266b0d24042806364d947d52836-p_c.jpg,2026-06-15 13:52,For Sale
26688660,3906 Metropolitan Ave,75210,Dallas,TX,32.772846,-96.75175,115000,131.0,,96000.0,1434.0,2.0,1.0,880.0,1925.0,6272.64,singleFamily,2,111430.0,2025,https://www.zillow.com,https://photos.zillowstatic.com/fp/00ce7563cb0ea29e3a977135c8517b4f-p_c.jpg,2026-06-15 13:52,For Sale
26814768,419 Highcrest Dr,75232,Dallas,TX,32.663494,-96.828674,215000,149.0,-10000.0,220500.0,1757.0,4.0,2.0,1440.0,1956.0,8102.16,singleFamily,38,232890.0,2025,https://www.zillow.com,https://photos.zillowstatic.com/fp/36aba78f5b1a6d785bb59e9c7e47bb8f-p_c.jpg,2026-06-15 13:52,For Sale
303985595,5404 Winton St,75206,Dallas,TX,32.835358,-96.7765,849999,390.0,,864300.0,6849.0,4.0,3.0,2179.0,2018.0,4051.08,singleFamily,4,806090.0,2025,https://www.zillow.com,https://photos.zillowstatic.com/fp/260bb93c3c1cc13c59a6ab58737e2bf3-p_c.jpg,2026-06-15 13:52,For Sale
26831507,2523 San Medina Ave,75228,Dallas,TX,32.833187,-96.671455,340000,269.0,,,,3.0,2.0,1266.0,1955.0,7797.24,singleFamily,3,278440.0,2025,https://www.zillow.com,https://photos.zillowstatic.com/fp/d50d4a08ff8aaf00195b611aaf164221-p_c.jpg,2026-06-15 13:52,For Sale
96512304,9515 Edith Ln,75220,Dallas,TX,32.869343,-96.83968,1399000,384.0,-76000.0,1349800.0,7985.0,4.0,4.0,3639.0,2010.0,10018.8,singleFamily,127,1293940.0,2025,https://www.zillow.com,https://photos.zillowstatic.com/fp/f4fc4f1daef420ba24fda1de43fc45bf-p_c.jpg,2026-06-15 13:52,For Sale
26748957,6050 Melody Ln APT 107,75231,Dallas,TX,32.867275,-96.76023,110000,98.0,-4500.0,,1370.0,2.0,2.0,1127.0,1979.0,,condo,360,150990.0,2025,https://www.zillow.com,https://photos.zillowstatic.com/fp/1f1658d8ed993081cd5214f5cb378627-p_c.jpg,2026-06-15 13:52,For Sale
26864370,11022 Ferndale Rd,75238,Dallas,TX,32.892773,-96.71707,649900,265.0,,625600.0,4180.0,4.0,3.0,2457.0,1967.0,8929.8,singleFamily,9,630880.0,2025,https://www.zillow.com,https://photos.zillowstatic.com/fp/b2e1b804ecfc12d9a2b2f661c8510d72-p_c.jpg,2026-06-15 13:52,For Sale
96521686,3906 Harlingen St,75212,Dallas,TX,32.78901,-96.90426,580000,193.0,-15000.0,578400.0,5240.0,4.0,4.0,3000.0,2026.0,7230.96,singleFamily,75,100000.0,2025,https://www.zillow.com,https://photos.zillowstatic.com/fp/1141700b14422b49753d49947129604b-p_c.jpg,2026-06-15 13:52,For Sale
26743101,10615 Swallow Ln,75218,Dallas,TX,32.848198,-96.69411,499000,267.0,,484700.0,2653.0,3.0,2.0,1870.0,1958.0,10236.6,singleFamily,46,492800.0,2025,https://www.zillow.com,https://photos.zillowstatic.com/fp/dd9205e4b822830c8efeb7a3565a5974-p_c.jpg,2026-06-15 13:52,For Sale
26847892,2108 Blake Ave,75228,Dallas,TX,32.82892,-96.683266,284000,253.0,,280200.0,2044.0,3.0,2.0,1122.0,1955.0,7797.24,singleFamily,16,238330.0,2025,https://www.zillow.com,https://photos.zillowstatic.com/fp/fabea325e6b691ce6df84b7e5ba9f401-p_c.jpg,2026-06-15 13:52,For Sale
26755584,6615 Meadow Rd,75230,Dallas,TX,32.88651,-96.79076,2999999,467.0,-150001.0,,21725.0,5.0,7.0,6421.0,1999.0,0.344,singleFamily,89,3495560.0,2023,https://www.zillow.com,https://photos.zillowstatic.com/fp/d476ddaa36a377065d4bf9c4c7d15b3d-p_c.jpg,2026-06-15 13:52,For Sale
53389388,2705 Welborn St,75219,Dallas,TX,32.80583,-96.81143,925000,401.0,25000.0,,,3.0,4.0,2305.0,1999.0,2134.44,townhome,67,709000.0,2025,https://www.zillow.com,https://photos.zillowstatic.com/fp/8106f22383781ceee9fc41ba56e4eaea-p_c.jpg,2026-06-15 13:52,For Sale
80233996,2049 Hollow Creek Dr,75253,Dallas,TX,32.670116,-96.60001,237000,167.0,-17100.0,,,3.0,2.0,1418.0,2006.0,5488.56,singleFamily,114,270330.0,2025,https://www.zillow.com,https://photos.zillowstatic.com/fp/fc4c37326b24a707c2fa9f8723bf8551-p_c.jpg,2026-06-15 13:52,For Sale
26822963,6039 Blunter St,75241,Dallas,TX,32.671265,-96.77633,185000,175.0,,181100.0,1812.0,3.0,2.0,1056.0,1999.0,0.28500000000000003,singleFamily,46,201090.0,2025,https://www.zillow.com,https://photos.zillowstatic.com/fp/5edde160196601091481555b601264c3-p_c.jpg,2026-06-15 13:52,For Sale
55827313,2011 Cedar Springs Rd APT 606,75201,Dallas,TX,32.791203,-96.80547,2850000,612.0,,2644900.0,15820.0,2.0,3.0,4655.0,1999.0,0.981,condo,149,2630080.0,2025,https://www.zillow.com,https://photos.zillowstatic.com/fp/4b32446b54d460499210c02631c189bd-p_c.jpg,2026-06-15 13:52,For Sale
26875739,6535 Southpoint Dr,75248,Dallas,TX,32.977917,-96.794624,779000,312.0,-20000.0,768000.0,3911.0,4.0,3.0,2499.0,1973.0,9278.28,singleFamily,117,648990.0,2025,https://www.zillow.com,https://photos.zillowstatic.com/fp/ee84b90104e0d36c89ca15544d6ffc23-p_c.jpg,2026-06-15 13:52,For Sale
26838160,11348 Valley Dale Dr,75230,Dallas,TX,32.904636,-96.77241,2399000,555.0,-51000.0,2271000.0,7497.0,5.0,5.0,4325.0,1958.0,0.367,singleFamily,66,2300970.0,2025,https://www.zillow.com,https://photos.zillowstatic.com/fp/bccdb432a03f6a939dc242d5b833c374-p_c.jpg,2026-06-15 13:52,For Sale
26834577,3827 Vineyard Dr,75212,Dallas,TX,32.788795,-96.87639,237500,252.0,,236800.0,1816.0,3.0,2.0,944.0,1967.0,7056.72,singleFamily,8,213140.0,2025,https://www.zillow.com,https://photos.zillowstatic.com/fp/15f771d04fe5521a7ad88b831e35bf55-p_c.jpg,2026-06-15 13:52,For Sale
26809108,3763 Vinecrest Dr,75229,Dallas,TX,32.8984,-96.853226,1200000,407.0,,1140100.0,4837.0,4.0,3.0,2948.0,1962.0,0.38,singleFamily,4,829700.0,2025,https://www.zillow.com,https://photos.zillowstatic.com/fp/2d6fc98d9f82acce438ee0a95c3661f3-p_c.jpg,2026-06-15 13:52,For Sale
26905998,4315 Northaven Rd,75229,Dallas,TX,32.90258,-96.8358,1770000,488.0,-28000.0,1700600.0,6860.0,4.0,3.0,3627.0,1997.0,0.427,singleFamily,40,1577100.0,2025,https://www.zillow.com,https://photos.zillowstatic.com/fp/54a39644d152ec1abee2fc6b95a293e7-p_c.jpg,2026-06-15 13:52,For Sale
26873687,6908 Clearhaven Dr,75248,Dallas,TX,32.966694,-96.7891,450000,175.0,-25000.0,438000.0,3544.0,3.0,3.0,2568.0,1980.0,3484.8,townhome,44,389500.0,2025,https://www.zillow.com,https://photos.zillowstatic.com/fp/fac160538f4c6983d347712092edebe6-p_c.jpg,2026-06-15 13:52,For Sale
26877774,3971 Avocado Dr,75241,Dallas,TX,32.6658,-96.74797,179580,110.0,-20000.0,,2690.0,6.0,2.0,1637.0,1971.0,7143.84,singleFamily,91,224350.0,2025,https://www.zillow.com,https://photos.zillowstatic.com/fp/fe4ad7cf6e05b5e5391b6e2ac342ba4f-p_c.jpg,2026-06-15 13:52,For Sale
26725959,1155 Timplemore Dr,75218,Dallas,TX,32.82638,-96.71349,1200000,371.0,-75000.0,,,4.0,3.0,3238.0,1961.0,0.29500000000000004,singleFamily,30,945990.0,2025,https://www.zillow.com,https://photos.zillowstatic.com/fp/6ab0fea978c173308df0611910c325ea-p_c.jpg,2026-06-15 13:52,For Sale
65346465,6101 Baymar Ln,75252,Dallas,TX,32.991,-96.79989,1399999,465.0,-100000.0,1371900.0,5044.0,4.0,5.0,3013.0,2026.0,0.36,singleFamily,80,61875.0,2025,https://www.zillow.com,https://photos.zillowstatic.com/fp/28ed62e00d0cdd03646eca68c82b0262-p_c.jpg,2026-06-15 13:52,For Sale
26645606,4816 Sandestin Dr,75287,Dallas,TX,32.99534,-96.826256,1325000,295.0,,1263700.0,6187.0,5.0,5.0,4488.0,1990.0,0.25,singleFamily,7,1133972.0,2025,https://www.zillow.com,https://photos.zillowstatic.com/fp/ab8743010bf9bf187c59b5665ac628d6-p_c.jpg,2026-06-15 13:52,For Sale
26727524,2219 Carnes St,75208,Dallas,TX,32.748714,-96.85463,390000,280.0,-10000.0,,,3.0,2.0,1392.0,1940.0,7187.4,singleFamily,60,458210.0,2025,https://www.zillow.com,https://photos.zillowstatic.com/fp/3c69de7cffa19560837af9e219a28cd0-p_c.jpg,2026-06-15 13:52,For Sale
53116040,7531 Maribeth Dr,75252,Dallas,TX,32.993706,-96.77359,699990,209.0,-10010.0,682800.0,3829.0,5.0,3.0,3357.0,1998.0,7405.2,singleFamily,1,634000.0,2025,https://www.zillow.com,https://photos.zillowstatic.com/fp/7923461d12301e4393fa394fc2662268-p_c.jpg,2026-06-15 13:52,For Sale
26843486,10215 Lynford Dr,75238,Dallas,TX,32.867645,-96.709984,1599900,373.0,-35100.0,,,4.0,5.0,4291.0,1954.0,7710.12,singleFamily,37,350000.0,2025,https://www.zillow.com,https://photos.zillowstatic.com/fp/709c5f9fc790008c3e1cba18ec5f872f-p_c.jpg,2026-06-15 13:52,For Sale
26687077,2550 Eugene St,75215,Dallas,TX,32.758404,-96.76031,255900,181.0,-4000.0,255100.0,2000.0,3.0,2.0,1416.0,2020.0,5706.36,singleFamily,100,245790.0,2025,https://www.zillow.com,https://photos.zillowstatic.com/fp/879994e5ecc80769ed3fc2fa818b4898-p_c.jpg,2026-06-15 13:52,For Sale
26831844,203 Leda Dr,75218,Dallas,TX,32.861023,-96.70883,539000,377.0,-10900.0,527100.0,2627.0,3.0,2.0,1430.0,1953.0,8973.36,singleFamily,33,433270.0,2025,https://www.zillow.com,https://photos.zillowstatic.com/fp/554ba47fadb4a2a7c94a08029850974b-p_c.jpg,2026-06-15 13:52,For Sale
26586275,4018 Cobblers Ln,75287,Dallas,TX,32.991554,-96.84342,835000,273.0,,827500.0,4847.0,4.0,3.0,3060.0,1984.0,0.25,singleFamily,10,793150.0,2025,https://www.zillow.com,https://photos.zillowstatic.com/fp/c26b2659150df5d428bcf6bbb65d5cea-p_c.jpg,2026-06-15 13:52,For Sale
26809810,3129 Saint Croix Dr,75229,Dallas,TX,32.905125,-96.87102,1550000,334.0,-75000.0,1513400.0,6657.0,5.0,7.0,4637.0,2025.0,10585.08,singleFamily,93,384720.0,2025,https://www.zillow.com,https://photos.zillowstatic.com/fp/605d06b2a68cec2bedb208f9dfd80738-p_c.jpg,2026-06-15 13:52,For Sale
26890015,6639 Clearhaven Cir,75248,Dallas,TX,32.96738,-96.792244,895000,285.0,-30000.0,869400.0,5670.0,4.0,4.0,3141.0,1978.0,7840.8,singleFamily,101,937100.0,2025,https://www.zillow.com,https://photos.zillowstatic.com/fp/c50fc55a9f143018be57b8e38d6111a0-p_c.jpg,2026-06-15 13:52,For Sale
26866852,9797 Broken Bow Rd,75238,Dallas,TX,32.87678,-96.7182,575000,300.0,-20000.0,,,3.0,3.0,1914.0,1965.0,10149.48,singleFamily,66,624610.0,2025,https://www.zillow.com,https://photos.zillowstatic.com/fp/4b247f6bb0ca6b032cbd9478470dc162-p_c.jpg,2026-06-15 13:52,For Sale
26754767,6416 Park Ln,75225,Dallas,TX,32.873177,-96.79463,5295000,827.0,,,,5.0,7.0,6400.0,2026.0,0.26,singleFamily,101,2058500.0,2025,https://www.zillow.com,https://photos.zillowstatic.com/fp/ecf401fffb5aca9037cd4772fbe83268-p_c.jpg,2026-06-15 13:52,For Sale
26681495,2705 Warren Ave,75215,Dallas,TX,32.76578,-96.76637,179900,100.0,-40100.0,,2324.0,4.0,2.0,1808.0,1926.0,7056.72,singleFamily,54,200510.0,2025,https://www.zillow.com,https://photos.zillowstatic.com/fp/7fd07e35909f035ecfc316ac3083c500-p_c.jpg,2026-06-15 13:52,For Sale
26761677,9261 Meadowglen Dr,75238,Dallas,TX,32.87078,-96.72456,1675000,420.0,,,,6.0,4.0,3988.0,1961.0,0.267,singleFamily,18,1036490.0,2025,https://www.zillow.com,https://photos.zillowstatic.com/fp/0fa248c241f5a4f92a3f74f7a1eaab52-p_c.jpg,2026-06-15 13:52,For Sale
26769405,4447 Moler St,75211,Dallas,TX,32.730637,-96.893326,245000,194.0,-4000.0,,,4.0,2.0,1265.0,1959.0,7187.4,singleFamily,53,262160.0,2025,https://www.zillow.com,https://photos.zillowstatic.com/fp/6634a46836813b1c980162d89df13cce-p_c.jpg,2026-06-15 13:52,For Sale
26692909,4138 Prescott Ave,75219,Dallas,TX,32.8214,-96.80532,1099000,316.0,-26000.0,1061200.0,6740.0,4.0,5.0,3477.0,2006.0,3571.92,singleFamily,65,1298850.0,2025,https://www.zillow.com,https://photos.zillowstatic.com/fp/373422aa47e8b3e8463825266f10e62c-p_c.jpg,2026-06-15 13:52,For Sale
248829418,1317 Nolte Dr,75208,Dallas,TX,32.733955,-96.843605,430000,325.0,,429800.0,2721.0,3.0,2.0,1323.0,2016.0,6795.36,singleFamily,6,369160.0,2025,https://www.zillow.com,https://photos.zillowstatic.com/fp/1278fa9580ebb1c42f1e5ef14ea583be-p_c.jpg,2026-06-15 13:52,For Sale
26742692,10447 Sylvia Dr,75228,Dallas,TX,32.837524,-96.68414,395000,255.0,,381700.0,2144.0,3.0,2.0,1552.0,1952.0,7187.4,singleFamily,15,402310.0,2025,https://www.zillow.com,https://photos.zillowstatic.com/fp/29e526e82543492112a7060802ec5d04-p_c.jpg,2026-06-15 13:52,For Sale
26693674,6331 Lakeshore Dr,75214,Dallas,TX,32.81938,-96.7547,1299999,310.0,,1254000.0,7139.0,4.0,5.0,4198.0,2007.0,7492.32,singleFamily,44,1350000.0,2025,https://www.zillow.com,https://photos.zillowstatic.com/fp/17bf88faec6677abdf9957cdeafd5593-p_c.jpg,2026-06-15 13:52,For Sale
26825459,1211 Robin Glen Dr,75232,Dallas,TX,32.676468,-96.84106,320000,221.0,,310900.0,1963.0,4.0,2.0,1445.0,1963.0,8537.76,singleFamily,3,246320.0,2025,https://www.zillow.com,https://photos.zillowstatic.com/fp/67c6b4f99d372e167476a495c97a9b14-p_c.jpg,2026-06-15 13:52,For Sale
2059812707,3415 Chihuahua Ave,75212,Dallas,TX,32.783985,-96.845825,624900,246.0,-24100.0,614500.0,4476.0,4.0,4.0,2540.0,2024.0,3702.6,singleFamily,79,,,https://www.zillow.com,https://photos.zillowstatic.com/fp/b77bb75ca3bb7c414a74dd5bca8a31d6-p_c.jpg,2026-06-15 13:52,For Sale
26874003,6915 Middle Cove Dr,75248,Dallas,TX,32.970566,-96.78782,2300000,453.0,,2224300.0,7823.0,6.0,8.0,5072.0,2026.0,8581.32,singleFamily,52,700320.0,2025,https://www.zillow.com,https://photos.zillowstatic.com/fp/4830269fa7b08f1155898acdcfc6cc35-p_c.jpg,2026-06-15 13:52,For Sale
26868573,8026 Westover Dr,75231,Dallas,TX,32.886253,-96.743484,750000,361.0,-49900.0,720000.0,3288.0,4.0,2.0,2079.0,1978.0,7884.36,singleFamily,40,667410.0,2025,https://www.zillow.com,https://photos.zillowstatic.com/fp/caa98f7befe2c7f2c2abf8b26b0f83c2-p_c.jpg,2026-06-15 13:52,For Sale
26701553,6511 Gaston Ave,75214,Dallas,TX,32.816643,-96.75113,1189000,519.0,,1128300.0,5935.0,3.0,3.0,2290.0,1940.0,0.368,singleFamily,67,748530.0,2025,https://www.zillow.com,https://photos.zillowstatic.com/fp/6442bc7a24f14a528295f38f1b8d20bf-p_c.jpg,2026-06-15 13:52,For Sale
26778786,2457 Glenfield Ave,75233,Dallas,TX,32.717037,-96.8595,200000,151.0,,191100.0,1812.0,2.0,2.0,1321.0,1925.0,8058.6,singleFamily,107,214740.0,2025,https://www.zillow.com,https://photos.zillowstatic.com/fp/80c6f161f5dc20857418a598ffba4be2-p_c.jpg,2026-06-15 13:52,For Sale
96514987,1967 Gallagher St,75212,Dallas,TX,32.784996,-96.85322,819000,183.0,,,,5.0,4.0,4483.0,2026.0,6490.44,singleFamily,32,161880.0,2025,https://www.zillow.com,https://photos.zillowstatic.com/fp/16db42ed506d380a72dc3353a63e2662-p_c.jpg,2026-06-15 13:52,For Sale
26689705,6045 Velasco Ave,75206,Dallas,TX,32.82126,-96.76174,999999,375.0,-75001.0,,6600.0,3.0,4.0,2666.0,2025.0,7971.48,singleFamily,157,507230.0,2025,https://www.zillow.com,https://photos.zillowstatic.com/fp/cd631409be287538ccb4392ed1a3fd8c-p_c.jpg,2026-06-15 13:52,For Sale
336886378,8249 Abellia Ct,75252,Dallas,TX,32.984295,-96.75981,820000,303.0,,805800.0,4223.0,4.0,4.0,2703.0,2023.0,5985.144,singleFamily,19,699560.0,2025,https://www.zillow.com,https://photos.zillowstatic.com/fp/7ffd62c1dce69d7049a2e817f77032fd-p_c.jpg,2026-06-15 13:52,For Sale
26870222,8817 Arborside Dr,75243,Dallas,TX,32.898365,-96.74765,995000,297.0,,962400.0,3622.0,4.0,3.0,3347.0,1974.0,8712.0,singleFamily,40,784490.0,2025,https://www.zillow.com,https://photos.zillowstatic.com/fp/d9423ba63e8bac5686decb5b738beccd-p_c.jpg,2026-06-15 13:52,For Sale
351480310,1900 S Ervay St #416,75215,Dallas,TX,32.769684,-96.78631,349000,379.0,,,,1.0,2.0,920.0,2026.0,0.601,condo,3,,,https://www.zillow.com,https://photos.zillowstatic.com/fp/db86360af5eb2a8e293fe40baa38668a-p_c.jpg,2026-06-15 13:52,For Sale
26740938,8915 Diceman Dr,75218,Dallas,TX,32.822384,-96.70603,550000,357.0,-49000.0,531300.0,2980.0,3.0,2.0,1540.0,1939.0,7710.12,singleFamily,45,582450.0,2025,https://www.zillow.com,https://photos.zillowstatic.com/fp/e1d9d48c34d73841c66601a1b36647ba-p_c.jpg,2026-06-15 13:52,For Sale
26781753,5121 Chalet Ln,75232,Dallas,TX,32.679417,-96.84503,289000,166.0,,281200.0,2281.0,3.0,3.0,1740.0,1965.0,8450.64,singleFamily,10,253030.0,2025,https://www.zillow.com,https://photos.zillowstatic.com/fp/56374d4a02d4e8e1de530b1154cc4e29-p_c.jpg,2026-06-15 13:52,For Sale
26900044,3802 S Versailles Ave,75209,Dallas,TX,32.830196,-96.820404,1050000,317.0,-45000.0,1032700.0,5119.0,2.0,3.0,3314.0,1979.0,2482.92,singleFamily,108,1126760.0,2025,https://www.zillow.com,https://photos.zillowstatic.com/fp/c2a7a4a15fda7428904ba1c3ef41e699-p_c.jpg,2026-06-15 13:52,For Sale
26854081,9662 Ferndale Rd,75238,Dallas,TX,32.878803,-96.7082,519000,297.0,-30000.0,548900.0,3298.0,3.0,2.0,1748.0,1959.0,9365.4,singleFamily,10,478700.0,2025,https://www.zillow.com,https://photos.zillowstatic.com/fp/0402bb1fe142bcaaced914dd096b5b40-p_c.jpg,2026-06-15 13:52,For Sale
26740149,8914 Eustis Ave,75218,Dallas,TX,32.81829,-96.70121,589000,342.0,,560200.0,3614.0,3.0,2.0,1723.0,1938.0,8624.88,singleFamily,46,568010.0,2025,https://www.zillow.com,https://photos.zillowstatic.com/fp/db517f9d24ac69d47942c6ea2ec17607-p_c.jpg,2026-06-15 13:52,For Sale
26705806,7138 Westbrook Ln,75214,Dallas,TX,32.846874,-96.737465,975000,436.0,-24000.0,947200.0,4882.0,3.0,2.0,2235.0,1953.0,7927.92,singleFamily,51,961940.0,2025,https://www.zillow.com,https://photos.zillowstatic.com/fp/46c0c314c71ff58dc55e90c1d648f85b-p_c.jpg,2026-06-15 13:52,For Sale
26689423,717 Ridgeway St,75214,Dallas,TX,32.8086,-96.75718,1350000,508.0,,1292000.0,5559.0,3.0,4.0,2656.0,1923.0,8058.6,singleFamily,16,745660.0,2025,https://www.zillow.com,https://photos.zillowstatic.com/fp/760b91f38c0bb791a9116fb08d8441e8-p_c.jpg,2026-06-15 13:52,For Sale
96522200,4151 Odessa St,75212,Dallas,TX,32.793354,-96.90175,420000,191.0,,419200.0,4240.0,4.0,3.0,2200.0,2025.0,6359.76,singleFamily,37,173900.0,2025,https://www.zillow.com,https://photos.zillowstatic.com/fp/4b5dd7032b3ceb2b92259eee0cec0c0c-p_c.jpg,2026-06-15 13:52,For Sale
26803776,11718 Jamestown Rd,75230,Dallas,TX,32.908375,-96.80681,1750000,410.0,,1655600.0,7712.0,5.0,5.0,4266.0,1956.0,0.367,singleFamily,37,1765010.0,2025,https://www.zillow.com,https://photos.zillowstatic.com/fp/06ca38f8614d77486cf9dc6bf3aa0271-p_c.jpg,2026-06-15 13:52,For Sale
442923773,3248 Peyton Lila Rd,75212,Dallas,TX,32.780968,-96.86933,359999,180.0,,353400.0,2528.0,4.0,3.0,2000.0,2022.0,3441.24,singleFamily,4,353950.0,2025,https://www.zillow.com,https://photos.zillowstatic.com/fp/5b52be3683f395d46ead19fcd6f033ae-p_c.jpg,2026-06-15 13:52,For Sale
26802818,11528 Sinclair Ave,75218,Dallas,TX,32.853012,-96.680405,219000,194.0,-4000.0,216800.0,2405.0,3.0,2.0,1126.0,1950.0,8407.08,singleFamily,38,271770.0,2025,https://www.zillow.com,https://photos.zillowstatic.com/fp/5794fcf793ae7ec94209781824829548-p_c.jpg,2026-06-15 13:52,For Sale
336872214,3959 Bowie Ln,75220,Dallas,TX,32.863243,-96.845985,620000,282.0,-5000.0,,,3.0,3.0,2200.0,2019.0,2613.6,singleFamily,132,742410.0,2025,https://www.zillow.com,https://photos.zillowstatic.com/fp/341e80932bb44e91d8c507376704146e-p_c.jpg,2026-06-15 13:52,For Sale
26759307,4424 Manning Ln,75220,Dallas,TX,32.867283,-96.83303,3950000,605.0,,,,4.0,5.0,6530.0,2007.0,0.414,singleFamily,17,3394880.0,2025,https://www.zillow.com,https://photos.zillowstatic.com/fp/cabba996f4c50ff6d4c637a776fc90be-p_c.jpg,2026-06-15 13:52,For Sale
26701875,6867 Gaston Ave,75214,Dallas,TX,32.816105,-96.74107,1249950,534.0,,,,4.0,3.0,2340.0,1937.0,0.29500000000000004,singleFamily,44,768020.0,2025,https://www.zillow.com,https://photos.zillowstatic.com/fp/844aac6c511c56e1cfc96b4d8adb5258-p_c.jpg,2026-06-15 13:52,For Sale
26701570,6427 Lakewood Blvd,75214,Dallas,TX,32.818043,-96.751884,1750000,478.0,-40000.0,,,5.0,4.0,3662.0,1925.0,8799.12,singleFamily,37,1320700.0,2025,https://www.zillow.com,https://photos.zillowstatic.com/fp/48e1c5704ef78e182648c47376e7d0d1-p_c.jpg,2026-06-15 13:52,For Sale
26926638,4131 Wycliff Ave APT 4,75219,Dallas,TX,32.81999,-96.80562,360000,341.0,,,,2.0,2.0,1056.0,1983.0,0.329,condo,31,310000.0,2025,https://www.zillow.com,https://photos.zillowstatic.com/fp/e28e83c578eba6f82891994c59d2187f-p_c.jpg,2026-06-15 13:52,For Sale
336884783,9434 Biscayne Blvd,75218,Dallas,TX,32.84267,-96.710175,2395000,381.0,-100000.0,,,6.0,9.0,6278.0,2026.0,0.27,singleFamily,60,588050.0,2025,https://www.zillow.com,https://photos.zillowstatic.com/fp/2878355838468356656ec20f559e4795-p_c.jpg,2026-06-15 13:52,For Sale
26867712,8814 Sanshire Ave,75231,Dallas,TX,32.879063,-96.743675,1695000,445.0,-100000.0,,,4.0,4.0,3805.0,1982.0,10454.4,singleFamily,20,790000.0,2025,https://www.zillow.com,https://photos.zillowstatic.com/fp/bb76849ada2d4f76a9f09d2df6478ddb-p_c.jpg,2026-06-15 13:52,For Sale
26846442,2235 Babalos Ln,75228,Dallas,TX,32.80869,-96.676865,234640,137.0,,225600.0,2168.0,3.0,2.0,1708.0,1968.0,8668.44,singleFamily,13,298230.0,2025,https://www.zillow.com,https://photos.zillowstatic.com/fp/e4ae247c814a8a53f043585d1d11b300-p_c.jpg,2026-06-15 13:52,For Sale
26636423,6201 Baymar Ln,75252,Dallas,TX,32.99017,-96.797844,624900,296.0,-25000.0,,,4.0,3.0,2110.0,1986.0,0.41,singleFamily,41,637243.0,2025,https://www.zillow.com,https://photos.zillowstatic.com/fp/aaaa89774ce7754f16ef57738678746d-p_c.jpg,2026-06-15 13:52,For Sale
96527644,1933 E Dickey Dr,75051,Grand Prairie,TX,32.72042,-96.975365,325000,213.0,,319400.0,2346.0,3.0,2.0,1529.0,2011.0,5183.64,singleFamily,2,323630.0,2025,https://www.zillow.com,https://photos.zillowstatic.com/fp/6690aa170a312e47ce18db959a60e8b3-p_c.jpg,2026-06-15 13:52,For Sale
26742550,1439 Casa Vale Dr,75218,Dallas,TX,32.8389,-96.68896,290000,277.0,,284200.0,1834.0,2.0,1.0,1048.0,1950.0,6926.04,singleFamily,18,253750.0,2025,https://www.zillow.com,https://photos.zillowstatic.com/fp/5a5334cfd580b11b38e9e2381dbb1452-p_c.jpg,2026-06-15 13:52,For Sale
26726772,2523 Roanoke Ave,75235,Dallas,TX,32.83825,-96.856094,265750,252.0,,259100.0,2368.0,2.0,1.0,1055.0,1939.0,7492.32,singleFamily,16,252550.0,2025,https://www.zillow.com,https://photos.zillowstatic.com/fp/35518bb01423b07936660fd852963fda-p_c.jpg,2026-06-15 13:52,For Sale
339377551,1852 Mecca St,75206,Dallas,TX,32.812443,-96.7625,999000,356.0,-51000.0,980900.0,7855.0,4.0,4.0,2806.0,2023.0,1398.276,singleFamily,44,838000.0,2025,https://www.zillow.com,https://photos.zillowstatic.com/fp/0776b6582d11ed2333fb02a01598675d-p_c.jpg,2026-06-15 13:52,For Sale
26831068,2640 Lakeland Dr,75228,Dallas,TX,32.807304,-96.696335,320000,177.0,-5000.0,,,3.0,2.0,1803.0,1964.0,8450.64,singleFamily,44,427620.0,2025,https://www.zillow.com,https://photos.zillowstatic.com/fp/5569f1b0e375a0b628fe8f7fc5835046-p_c.jpg,2026-06-15 13:52,For Sale
26751840,29 Saint Laurent Pl,75225,Dallas,TX,32.858376,-96.77436,1995000,464.0,-100000.0,,,3.0,4.0,4301.0,1981.0,6011.28,singleFamily,115,2068940.0,2025,https://www.zillow.com,https://photos.zillowstatic.com/fp/da57c131df1db4d42bdb7a2810cc8583-p_c.jpg,2026-06-15 13:52,For Sale
26632277,4133 Winding Way Ct,75287,Dallas,TX,33.00884,-96.83971,430000,190.0,-20000.0,424500.0,3205.0,3.0,2.0,2268.0,1986.0,7405.2,singleFamily,100,539667.0,2025,https://www.zillow.com,https://photos.zillowstatic.com/fp/65f37f0fa21a264d044b89aa425962bd-p_c.jpg,2026-06-15 13:52,For Sale
162298636,3228 Grantwood Dr,75229,Dallas,TX,32.888435,-96.87161,725000,290.0,-24900.0,704500.0,5108.0,4.0,3.0,2500.0,1968.0,0.252,singleFamily,65,669910.0,2025,https://www.zillow.com,https://photos.zillowstatic.com/fp/58fd7fa041bcb306e6c317ceff2ce1e2-p_c.jpg,2026-06-15 13:52,For Sale
26711170,1301 Compton St,75203,Dallas,TX,32.74325,-96.80541,379000,205.0,,375400.0,2818.0,4.0,3.0,1848.0,2024.0,3310.56,singleFamily,8,312000.0,2025,https://www.zillow.com,https://photos.zillowstatic.com/fp/036fccd7df2675178e5d4d573117961b-p_c.jpg,2026-06-15 13:52,For Sale
26758177,4230 Royal Ridge Dr,75229,Dallas,TX,32.88917,-96.83778,949000,378.0,,902400.0,5897.0,4.0,4.0,2513.0,1969.0,0.264,singleFamily,13,944720.0,2025,https://www.zillow.com,https://photos.zillowstatic.com/fp/e5b6fba5e94c5eaaeba58c4f1306aa5c-p_c.jpg,2026-06-15 13:52,For Sale
26840305,9342 Springwater Dr,75228,Dallas,TX,32.818977,-96.69448,825000,315.0,-25000.0,,,4.0,3.0,2622.0,1964.0,0.26599999999999996,singleFamily,57,663500.0,2025,https://www.zillow.com,https://photos.zillowstatic.com/fp/6b854ef2dfe71274da03c5a7a634d086-p_c.jpg,2026-06-15 13:52,For Sale
26858141,7030 Blackwood Dr,75231,Dallas,TX,32.874187,-96.73518,1495000,363.0,,,,4.0,4.0,4121.0,1993.0,0.261,singleFamily,17,1321450.0,2025,https://www.zillow.com,https://photos.zillowstatic.com/fp/f745b3970283195f49d6384965ffa6df-p_c.jpg,2026-06-15 13:52,For Sale
26743035,10000 Olmos Dr,75218,Dallas,TX,32.835567,-96.69293,395000,195.0,-5000.0,388200.0,3028.0,4.0,2.0,2028.0,1958.0,7666.56,singleFamily,86,410000.0,2025,https://www.zillow.com,https://photos.zillowstatic.com/fp/2a00fe7ea2d26110234715d7c9e80401-p_c.jpg,2026-06-15 13:52,For Sale
26752293,6943 Prestonshire Ln,75225,Dallas,TX,32.875813,-96.78448,1950000,484.0,,1863600.0,7401.0,4.0,5.0,4031.0,1964.0,0.416,singleFamily,24,1650000.0,2025,https://www.zillow.com,https://photos.zillowstatic.com/fp/65b0bc62f88d73b5a2da44f16ca1c34c-p_c.jpg,2026-06-15 13:52,For Sale
26876678,5919 Club Hill Pl,75248,Dallas,TX,32.985508,-96.81701,1745000,327.0,,,7289.0,4.0,5.0,5330.0,1980.0,5270.76,singleFamily,37,2319990.0,2025,https://www.zillow.com,https://photos.zillowstatic.com/fp/d06ff45b2738e6d2dd77a51e3fc708f1-p_c.jpg,2026-06-15 13:52,For Sale
26868759,8580 Abrams Rd,75243,Dallas,TX,32.895653,-96.7392,1250000,164.0,,,7581.0,6.0,5.0,7606.0,1999.0,0.32,singleFamily,89,1376290.0,2025,https://www.zillow.com,https://www.zillowstatic.com/static/images/nophoto_p_c.png,2026-06-15 13:52,For Sale
26840055,9020 Westbriar Dr,75228,Dallas,TX,32.815426,-96.696594,525000,311.0,-10000.0,,,3.0,2.0,1688.0,1960.0,7797.24,singleFamily,40,490420.0,2025,https://www.zillow.com,https://photos.zillowstatic.com/fp/9067f3a1f738e6d4d7bed1f2642bd10d-p_c.jpg,2026-06-15 13:52,For Sale
26599199,17415 Oakington Ct,75252,Dallas,TX,32.987797,-96.78556,699900,243.0,-50000.0,,5240.0,5.0,5.0,2875.0,1981.0,0.32,singleFamily,49,639692.0,2025,https://www.zillow.com,https://photos.zillowstatic.com/fp/288df71dc39cabf86c95b0abc68c17ca-p_c.jpg,2026-06-15 13:52,For Sale
26839530,10650 Steppington Dr APT 212,75230,Dallas,TX,32.8936,-96.77055,215000,180.0,,,,2.0,2.0,1197.0,1979.0,4.784,condo,0,201170.0,2025,https://www.zillow.com,https://photos.zillowstatic.com/fp/262016f46b5806a2ca43f99fdd99e9f9-p_c.jpg,2026-06-15 13:52,For Sale
53101315,18729 Wainsborough Ln,75287,Dallas,TX,33.000164,-96.81659,1785000,314.0,,,,5.0,5.0,5688.0,1999.0,9147.6,singleFamily,23,1638485.0,2025,https://www.zillow.com,https://photos.zillowstatic.com/fp/22510750c9906b81c7fb552e8bf5b99d-p_c.jpg,2026-06-15 13:52,For Sale
459652990,6047 Velasco Ave,75206,Dallas,TX,32.82126,-96.76174,950000,363.0,-49999.0,942200.0,6493.0,3.0,4.0,2620.0,2025.0,7971.48,singleFamily,157,,,https://www.zillow.com,https://photos.zillowstatic.com/fp/19fa1980c2d2dd828f69c3062ff34f5b-p_c.jpg,2026-06-15 13:52,For Sale
26850352,10025 Lanshire Dr,75238,Dallas,TX,32.868835,-96.71216,685000,424.0,-14000.0,671100.0,3311.0,3.0,2.0,1617.0,1959.0,8232.84,singleFamily,16,626530.0,2025,https://www.zillow.com,https://photos.zillowstatic.com/fp/a24818a400f376f3f9ecea0035ba21c6-p_c.jpg,2026-06-15 13:52,For Sale
61870945,3362 Blackburn St,75204,Dallas,TX,32.811993,-96.79857,1950000,528.0,-150000.0,1852300.0,5614.0,3.0,4.0,3696.0,2003.0,2221.56,townhome,90,1828850.0,2025,https://www.zillow.com,https://photos.zillowstatic.com/fp/295169743a37592e8b4c484e0b7b02fb-p_c.jpg,2026-06-15 13:52,For Sale
26730608,1654 Hansboro Ave,75224,Dallas,TX,32.715473,-96.84845,389000,205.0,-10000.0,375100.0,2326.0,4.0,3.0,1900.0,1948.0,8450.64,singleFamily,92,317950.0,2025,https://www.zillow.com,https://photos.zillowstatic.com/fp/ae10ff60daacfd4ac496909c85d721c9-p_c.jpg,2026-06-15 13:52,For Sale
26864424,9827 Vistadale Dr,75238,Dallas,TX,32.8887,-96.71662,799000,325.0,,766900.0,4605.0,4.0,3.0,2456.0,1966.0,8799.12,singleFamily,37,765280.0,2025,https://www.zillow.com,https://photos.zillowstatic.com/fp/20ef7df580bd246517b5c4e257a657c6-p_c.jpg,2026-06-15 13:52,For Sale
26695157,5646 Monticello Ave,75206,Dallas,TX,32.82622,-96.77035,664900,526.0,,630600.0,2606.0,2.0,1.0,1265.0,1926.0,7230.96,singleFamily,61,531500.0,2025,https://www.zillow.com,https://photos.zillowstatic.com/fp/52af45e683ae4a4613bc844f3a9a6d08-p_c.jpg,2026-06-15 13:52,For Sale
26913157,17168 Club Hill Dr,75248,Dallas,TX,32.982437,-96.81453,4500000,602.0,,4091400.0,7702.0,4.0,5.0,7480.0,1984.0,0.723,singleFamily,59,2633860.0,2025,https://www.zillow.com,https://photos.zillowstatic.com/fp/1fedf277429d1018bd5d256cdc00237e-p_c.jpg,2026-06-15 13:52,For Sale
26854756,1402 Diceman Ave,75203,Dallas,TX,32.733475,-96.78771,444900,142.0,-5000.0,443800.0,4772.0,4.0,4.0,3132.0,2025.0,0.44000000000000006,singleFamily,209,157500.0,2025,https://www.zillow.com,https://photos.zillowstatic.com/fp/b65f55924f2073d6437e94c146d7d13e-p_c.jpg,2026-06-15 13:52,For Sale
26843301,10877 Mandalay Dr,75228,Dallas,TX,32.837452,-96.656586,295000,195.0,,293800.0,2070.0,4.0,2.0,1512.0,1955.0,7448.76,singleFamily,5,251770.0,2025,https://www.zillow.com,https://photos.zillowstatic.com/fp/178f7e698152f220cb8a3869864b0831-p_c.jpg,2026-06-15 13:52,For Sale
26874095,15926 Windy Meadow Dr,75248,Dallas,TX,32.97028,-96.784904,910000,307.0,-39500.0,893500.0,4020.0,4.0,3.0,2961.0,1975.0,8189.28,singleFamily,128,607990.0,2025,https://www.zillow.com,https://photos.zillowstatic.com/fp/a9d3ebdb051dac6d20765fe5681a16f0-p_c.jpg,2026-06-15 13:52,For Sale
26862178,5535 Mesa Cir,75235,Dallas,TX,32.81446,-96.85358,599000,143.0,-26000.0,,5923.0,6.0,8.0,4200.0,2026.0,10105.92,multiFamily,77,222360.0,2025,https://www.zillow.com,https://photos.zillowstatic.com/fp/194dc60cec583c6e63bd082a9d442f42-p_c.jpg,2026-06-15 13:52,For Sale
26784228,3027 Scenic Cir,75216,Dallas,TX,32.720432,-96.7781,319900,169.0,-20000.0,316400.0,2309.0,4.0,2.0,1894.0,1967.0,9757.44,singleFamily,106,262780.0,2025,https://www.zillow.com,https://photos.zillowstatic.com/fp/0cb3eca8de8c875b099902aa2aa6a126-p_c.jpg,2026-06-15 13:52,For Sale
26749814,7229 Haverford Dr,75214,Dallas,TX,32.851215,-96.737785,1550000,427.0,-25000.0,1502000.0,6917.0,4.0,5.0,3634.0,2020.0,7623.0,singleFamily,73,1203300.0,2025,https://www.zillow.com,https://photos.zillowstatic.com/fp/3484090a1d350c2c15f55435ba845dc5-p_c.jpg,2026-06-15 13:52,For Sale
26699657,2420 Starks Ave,75215,Dallas,TX,32.74842,-96.75443,308000,188.0,,,1312.0,3.0,2.0,1641.0,2025.0,5009.4,singleFamily,4,50190.0,2025,https://www.zillow.com,https://photos.zillowstatic.com/fp/e5eb88d6f897d5a072c1b41c9da45dd0-p_c.jpg,2026-06-15 13:52,For Sale
26692176,5103 Milam St,75206,Dallas,TX,32.818226,-96.785706,1249000,470.0,-100000.0,,,3.0,3.0,2660.0,2008.0,5270.76,singleFamily,114,1014710.0,2025,https://www.zillow.com,https://photos.zillowstatic.com/fp/03b1bbfc29b6ac365d30365892c341ee-p_c.jpg,2026-06-15 13:52,For Sale
26661217,18283 Meandering Way,75252,Dallas,TX,33.00046,-96.78263,619999,242.0,,599700.0,3707.0,3.0,3.0,2564.0,1996.0,4356.0,singleFamily,0,539718.0,2025,https://www.zillow.com,https://photos.zillowstatic.com/fp/4809344f9242925588bdb2ce19b91fd6-p_c.jpg,2026-06-15 13:52,For Sale
26686050,6100 Victor St,75214,Dallas,TX,32.807625,-96.751366,643000,367.0,-1000.0,630000.0,3066.0,4.0,2.0,1752.0,1916.0,7753.68,singleFamily,90,541910.0,2025,https://www.zillow.com,https://photos.zillowstatic.com/fp/2dd6d6560bb85530370b875ad16020fa-p_c.jpg,2026-06-15 13:52,For Sale
26717012,1614 Seevers Ave,75216,Dallas,TX,32.727894,-96.82125,312000,197.0,-7000.0,333200.0,2192.0,3.0,3.0,1584.0,1959.0,7013.16,singleFamily,73,318880.0,2025,https://www.zillow.com,https://photos.zillowstatic.com/fp/571a5ddf343776bb4cdf563a76593327-p_c.jpg,2026-06-15 13:52,For Sale
2070124420,10850 Sharondale Dr,75228,Dallas,TX,32.83703,-96.65774,234500,203.0,,,,3.0,2.0,1157.0,1955.0,7666.56,singleFamily,3,,,https://www.zillow.com,https://photos.zillowstatic.com/fp/e84074f9b066cd18f22f22b4d36f9196-p_c.jpg,2026-06-15 13:52,For Sale
26869461,9405 Timberleaf Dr,75243,Dallas,TX,32.907288,-96.73593,320800,159.0,,308500.0,2660.0,2.0,3.0,2020.0,1971.0,4617.36,townhome,0,326860.0,2025,https://www.zillow.com,https://photos.zillowstatic.com/fp/82367d175163715f07e91a2794f63a89-p_c.jpg,2026-06-15 13:52,For Sale
26931713,9825 Walnut St #206,75243,Dallas,TX,32.922836,-96.71392,90000,87.0,,,1689.0,2.0,2.0,1031.0,1983.0,8.814,condo,4,123720.0,2025,https://www.zillow.com,https://photos.zillowstatic.com/fp/19e848c721d08622631b836963965af8-p_c.jpg,2026-06-15 13:52,For Sale
26746607,10329 Lake Gardens Dr,75218,Dallas,TX,32.844616,-96.6961,620000,300.0,-15000.0,,3450.0,4.0,3.0,2064.0,1955.0,0.253,singleFamily,145,677020.0,2025,https://www.zillow.com,https://photos.zillowstatic.com/fp/f83529f33680f574554c0b4c5e0fe445-p_c.jpg,2026-06-15 13:52,For Sale
26770167,3423 Texas Dr,75211,Dallas,TX,32.724133,-96.87683,199900,155.0,,,2093.0,3.0,1.0,1290.0,1949.0,6708.24,singleFamily,6,245810.0,2025,https://www.zillow.com,https://www.zillowstatic.com/static/images/nophoto_p_c.png,2026-06-15 13:52,For Sale
26749272,6467 Danbury Ln,75214,Dallas,TX,32.847366,-96.75037,815000,430.0,-25000.0,,,2.0,2.0,1896.0,1954.0,10541.52,singleFamily,59,841770.0,2025,https://www.zillow.com,https://photos.zillowstatic.com/fp/f32650fde55ff8cfbc03abd19e551cfc-p_c.jpg,2026-06-15 13:52,For Sale
26868152,9159 Dunmore Dr,75231,Dallas,TX,32.886326,-96.73448,1225000,346.0,,1186600.0,6386.0,4.0,4.0,3541.0,1974.0,8842.68,singleFamily,24,716600.0,2025,https://www.zillow.com,https://photos.zillowstatic.com/fp/9b2ae873f6cd43b424e28caaaa3b7d3b-p_c.jpg,2026-06-15 13:52,For Sale
333139454,14128 Greenhaw Ln,75253,Dallas,TX,32.678005,-96.58809,235000,179.0,,,,3.0,2.0,1315.0,2019.0,6272.64,singleFamily,3,249210.0,2025,https://www.zillow.com,https://photos.zillowstatic.com/fp/4f2640013f43cfa8721c3d38d0c762fc-p_c.jpg,2026-06-15 13:52,For Sale
26702391,7122 Lakewood Blvd,75214,Dallas,TX,32.82184,-96.734665,3995000,577.0,-255000.0,3733000.0,6289.0,4.0,6.0,6929.0,2021.0,0.363,singleFamily,26,2503830.0,2025,https://www.zillow.com,https://photos.zillowstatic.com/fp/6be89693973e2fab0b47bff9cffaacd0-p_c.jpg,2026-06-15 13:52,For Sale
26865548,10236 Mapleridge Dr,75238,Dallas,TX,32.881878,-96.70774,715000,384.0,,698100.0,3396.0,3.0,3.0,1863.0,1963.0,7405.2,singleFamily,3,522070.0,2025,https://www.zillow.com,https://photos.zillowstatic.com/fp/71bc44d5bc0d797ade00c7cd5bea09b9-p_c.jpg,2026-06-15 13:52,For Sale
26876362,16817 Rustic Meadows Dr,75248,Dallas,TX,32.9807,-96.80396,599000,274.0,,579700.0,3851.0,3.0,3.0,2190.0,1977.0,7448.76,singleFamily,38,592530.0,2025,https://www.zillow.com,https://photos.zillowstatic.com/fp/17f7fcce6020c0cc5a64d7d0d7bdb008-p_c.jpg,2026-06-15 13:52,For Sale
26610233,4050 Frankford Rd APT 804,75287,Dallas,TX,32.996647,-96.84123,294000,188.0,-5000.0,,,2.0,3.0,1568.0,1982.0,1481.04,townhome,88,285589.0,2025,https://www.zillow.com,https://photos.zillowstatic.com/fp/c7bd3e8217a58242ccf289cb8649a1ed-p_c.jpg,2026-06-15 13:52,For Sale
26858713,12316 Coolmeadow Ln,75218,Dallas,TX,32.862774,-96.688995,595000,288.0,-5000.0,576600.0,3312.0,3.0,2.0,2068.0,1969.0,7884.36,singleFamily,57,587250.0,2025,https://www.zillow.com,https://photos.zillowstatic.com/fp/c7c7c35c50ad92a43085e973813de573-p_c.jpg,2026-06-15 13:52,For Sale
26753047,10695 Pagewood Dr,75230,Dallas,TX,32.89283,-96.77914,1400000,292.0,,,,4.0,5.0,4796.0,1978.0,0.342,singleFamily,4,1916440.0,2025,https://www.zillow.com,https://photos.zillowstatic.com/fp/aaddae5acb4bf2a1b490aa281cf2864e-p_c.jpg,2026-06-15 13:52,For Sale
26771262,2602 Falls Dr,75211,Dallas,TX,32.72615,-96.861755,185000,209.0,,180900.0,1651.0,3.0,1.0,884.0,1950.0,7230.96,singleFamily,9,197410.0,2025,https://www.zillow.com,https://photos.zillowstatic.com/fp/0fe18e79d2d82f607f403c24b9fec027-p_c.jpg,2026-06-15 13:52,For Sale
26750914,6821 Kingsbury Dr,75231,Dallas,TX,32.860172,-96.74493,660000,319.0,,,,3.0,3.0,2067.0,1962.0,0.27,singleFamily,17,681000.0,2025,https://www.zillow.com,https://photos.zillowstatic.com/fp/0928ec8257129c793499ae182c6a9568-p_c.jpg,2026-06-15 13:52,For Sale
26855084,1315 Aldenwood Dr,75232,Dallas,TX,32.652985,-96.84288,264000,153.0,,256400.0,2107.0,3.0,2.0,1720.0,1979.0,8102.16,singleFamily,30,250220.0,2025,https://www.zillow.com,https://photos.zillowstatic.com/fp/6b8f435bd11e6b481e58626cdc59356f-p_c.jpg,2026-06-15 13:52,For Sale
26897821,3642 Word St,75204,Dallas,TX,32.795353,-96.78474,435000,311.0,-10000.0,414900.0,2670.0,2.0,2.0,1399.0,1982.0,1829.52,singleFamily,17,421670.0,2025,https://www.zillow.com,https://photos.zillowstatic.com/fp/b91ca14c4d8866c7c1aaf2e99dcb49a8-p_c.jpg,2026-06-15 13:52,For Sale
26738898,7155 Fair Oaks Ave APT 22,75231,Dallas,TX,32.874084,-96.7578,239000,167.0,,162700.0,1816.0,2.0,3.0,1427.0,1974.0,2.986,townhome,3,192650.0,2025,https://www.zillow.com,https://photos.zillowstatic.com/fp/6c26e7b824e8d007f27b320c82e407cc-p_c.jpg,2026-06-15 13:52,For Sale
26871072,7040 Oakbluff Dr,75254,Dallas,TX,32.942677,-96.78359,1199999,268.0,-100001.0,1130600.0,5747.0,6.0,5.0,4482.0,1966.0,0.403,singleFamily,114,1097520.0,2025,https://www.zillow.com,https://photos.zillowstatic.com/fp/7b667527a3b190448262ffde7f2d37fc-p_c.jpg,2026-06-15 13:52,For Sale
26935552,3235 Cole Ave #55,75204,Dallas,TX,32.804905,-96.80093,350000,209.0,-10000.0,338700.0,3442.0,2.0,3.0,1678.0,1985.0,1.25,condo,268,440000.0,2025,https://www.zillow.com,https://photos.zillowstatic.com/fp/8f2aac7fb6d7a5d859986b086d59ae91-p_c.jpg,2026-06-15 13:52,For Sale
26869204,9424 Hunters Creek Dr,75243,Dallas,TX,32.904613,-96.73451,550000,257.0,,,,3.0,3.0,2142.0,1969.0,10367.28,singleFamily,53,532650.0,2025,https://www.zillow.com,https://photos.zillowstatic.com/fp/6ecc6c16887c0c4ad181751c3bc4880b-p_c.jpg,2026-06-15 13:52,For Sale
26807490,10711 Cromwell Dr,75229,Dallas,TX,32.893536,-96.86267,950000,257.0,-5000.0,925300.0,6130.0,6.0,5.0,3690.0,1958.0,0.272,singleFamily,32,557540.0,2025,https://www.zillow.com,https://photos.zillowstatic.com/fp/d0544703b4ad1c77391cd796129dbf67-p_c.jpg,2026-06-15 13:52,For Sale
96520503,6038 Plum Dale Rd,75241,Dallas,TX,32.672695,-96.77736,419700,194.0,-4000.0,418900.0,2745.0,4.0,3.0,2168.0,2026.0,6316.2,singleFamily,58,65000.0,2025,https://www.zillow.com,https://photos.zillowstatic.com/fp/73f68e275c972a6613a933cd5d7f7582-p_c.jpg,2026-06-15 13:52,For Sale
26822216,4026 Tioga St,75241,Dallas,TX,32.665504,-96.75433,179580,120.0,-20000.0,,2058.0,5.0,2.0,1500.0,1971.0,6316.2,singleFamily,91,238230.0,2025,https://www.zillow.com,https://photos.zillowstatic.com/fp/b7ebdaf393890b22048b4fd0fe037229-p_c.jpg,2026-06-15 13:52,For Sale
26844864,7210 Baxtershire Dr,75230,Dallas,TX,32.90486,-96.78244,1995000,464.0,-55000.0,,,5.0,5.0,4300.0,1955.0,0.38499999999999995,singleFamily,222,1742070.0,2025,https://www.zillow.com,https://photos.zillowstatic.com/fp/de31787194a379affec30859b5a026c5-p_c.jpg,2026-06-15 13:52,For Sale
26798127,7540 Gayglen Dr,75217,Dallas,TX,32.709415,-96.691734,309900,176.0,,,,3.0,2.0,1760.0,1965.0,8102.16,singleFamily,108,427970.0,2025,https://www.zillow.com,https://photos.zillowstatic.com/fp/e93b6244fccaf2e149381019762685d4-p_c.jpg,2026-06-15 13:52,For Sale
26757013,11219 Leachman Cir,75229,Dallas,TX,32.900352,-96.82221,5250000,960.0,-245000.0,4827300.0,8401.0,5.0,6.0,5470.0,1972.0,0.594,singleFamily,111,4604060.0,2025,https://www.zillow.com,https://photos.zillowstatic.com/fp/2056db3dc523d4f90aca7f3a26c19ee3-p_c.jpg,2026-06-15 13:52,For Sale
26824093,5751 Trio Ln,75241,Dallas,TX,32.67794,-96.79591,289900,161.0,-9100.0,,,3.0,2.0,1801.0,1959.0,0.36,singleFamily,34,234380.0,2025,https://www.zillow.com,https://photos.zillowstatic.com/fp/fab43098942a2b825aedd853d5391874-p_c.jpg,2026-06-15 13:52,For Sale
26805473,4139 Deep Valley Dr,75244,Dallas,TX,32.912407,-96.83941,1250000,389.0,-100000.0,,,4.0,3.0,3215.0,1968.0,0.366,singleFamily,60,849040.0,2025,https://www.zillow.com,https://photos.zillowstatic.com/fp/a290ba0eae9894646cb0a83d135e947e-p_c.jpg,2026-06-15 13:52,For Sale
53071124,6432 Wrenwood Dr,75252,Dallas,TX,33.003117,-96.79207,550000,252.0,,532000.0,2935.0,3.0,2.0,2180.0,1981.0,7840.8,singleFamily,6,507679.0,2025,https://www.zillow.com,https://photos.zillowstatic.com/fp/935e02b75397be798027e001443fa138-p_c.jpg,2026-06-15 13:52,For Sale
26754381,6615 Northwood Rd,75225,Dallas,TX,32.869884,-96.79081,3100000,526.0,,2916800.0,16156.0,5.0,6.0,5898.0,2016.0,10018.8,singleFamily,12,3018410.0,2025,https://www.zillow.com,https://photos.zillowstatic.com/fp/f083cac089b0e11e088aaad39672594a-p_c.jpg,2026-06-15 13:52,For Sale
26847744,9745 Ash Creek Dr,75228,Dallas,TX,32.826153,-96.68978,450000,264.0,,,,3.0,2.0,1702.0,1955.0,7405.2,singleFamily,10,419150.0,2025,https://www.zillow.com,https://photos.zillowstatic.com/fp/c3e1f96e767c8453b42c69ed4bb0d17d-p_c.jpg,2026-06-15 13:52,For Sale
26837473,11028 Edgemere Rd,75230,Dallas,TX,32.898827,-96.79269,4295000,624.0,-100000.0,4142200.0,7741.0,6.0,9.0,6882.0,2026.0,0.34900000000000003,singleFamily,30,1395430.0,2025,https://www.zillow.com,https://photos.zillowstatic.com/fp/7777c7bad971b7b8bc9c7a479a911f6e-p_c.jpg,2026-06-15 13:52,For Sale
26883930,3039 Sharpview Ln,75228,Dallas,TX,32.796326,-96.70007,489000,235.0,,473100.0,3191.0,3.0,2.0,2080.0,1962.0,10149.48,singleFamily,4,414230.0,2025,https://www.zillow.com,https://photos.zillowstatic.com/fp/1e738b1e938fde127ce11e653355d9e9-p_c.jpg,2026-06-15 13:52,For Sale
26753143,7023 Brookshire Dr,75230,Dallas,TX,32.89117,-96.784,1849500,458.0,-45500.0,1782900.0,7919.0,5.0,4.0,4034.0,1970.0,0.31,singleFamily,73,896740.0,2025,https://www.zillow.com,https://photos.zillowstatic.com/fp/83fed295466cf92963922c66abc67e85-p_c.jpg,2026-06-15 13:52,For Sale
26849341,12129 Marbrook Dr,75230,Dallas,TX,32.91435,-96.79447,3595000,537.0,,3462600.0,7100.0,6.0,7.0,6700.0,2026.0,0.378,singleFamily,3,1215090.0,2025,https://www.zillow.com,https://photos.zillowstatic.com/fp/f6b35f9c66e4b47b6badaa8fe465df93-p_c.jpg,2026-06-15 13:52,For Sale
26855532,8105 Silverdale Dr,75232,Dallas,TX,32.6491,-96.83514,230000,185.0,,225500.0,1860.0,3.0,2.0,1240.0,1967.0,7797.24,singleFamily,22,204260.0,2025,https://www.zillow.com,https://photos.zillowstatic.com/fp/112ebd8ce16a0e33ed93d743aac60f6a-p_c.jpg,2026-06-15 13:52,For Sale
26747090,9538 Peninsula Dr,75218,Dallas,TX,32.843895,-96.70825,663200,,,,2037.0,,,,1940.0,0.34099999999999997,land,0,500000.0,2025,https://www.zillow.com,https://photos.zillowstatic.com/fp/8c2e8fb7615192dcdc12232b9932467b-p_c.jpg,2026-06-15 13:52,For Sale
26743615,11624 Tuscany Way,75218,Dallas,TX,32.853577,-96.69086,485000,358.0,,466700.0,2571.0,3.0,2.0,1353.0,1955.0,8189.28,singleFamily,11,419000.0,2025,https://www.zillow.com,https://photos.zillowstatic.com/fp/ba5aeb142565acda9b8d5b11d53e70db-p_c.jpg,2026-06-15 13:52,For Sale
26915432,5210 Cliff Haven Dr,75236,Dallas,TX,32.68334,-96.93062,550000,186.0,-37000.0,,,4.0,3.0,2964.0,1992.0,0.64,singleFamily,17,519980.0,2025,https://www.zillow.com,https://photos.zillowstatic.com/fp/87b31a685542542e90808d1badf86c5f-p_c.jpg,2026-06-15 13:52,For Sale
26795752,1315 Whitley Dr,75217,Dallas,TX,32.735058,-96.69235,274500,166.0,,271100.0,2421.0,4.0,2.0,1653.0,2022.0,0.28800000000000003,singleFamily,23,206020.0,2025,https://www.zillow.com,https://photos.zillowstatic.com/fp/f64a328b4794980ad3621d437963980f-p_c.jpg,2026-06-15 13:52,For Sale
26593015,18116 Aramis Ln,75252,Dallas,TX,32.996536,-96.77676,748000,225.0,,,,4.0,3.0,3318.0,1980.0,9147.6,singleFamily,36,762000.0,2025,https://www.zillow.com,https://photos.zillowstatic.com/fp/66c5118680a9313d544c90891047dca9-p_c.jpg,2026-06-15 13:52,For Sale
96515571,20 Vanguard Way,75243,Dallas,TX,32.9032,-96.763535,1350000,585.0,300000.0,1272000.0,3506.0,2.0,3.0,2308.0,2017.0,0.26599999999999996,singleFamily,31,1350000.0,2025,https://www.zillow.com,https://photos.zillowstatic.com/fp/ef310e34b6ccbee937d60c02a46e4327-p_c.jpg,2026-06-15 13:52,For Sale
26803410,6121 Preston Haven Dr,75230,Dallas,TX,32.90801,-96.801186,1249999,367.0,-45001.0,1201100.0,5882.0,4.0,4.0,3406.0,1955.0,0.392,singleFamily,135,1387340.0,2025,https://www.zillow.com,https://photos.zillowstatic.com/fp/f4585d08aef4a12ef7751e34a42a7225-p_c.jpg,2026-06-15 13:52,For Sale
53083152,18947 Misthaven Pl,75287,Dallas,TX,33.00933,-96.83712,474900,252.0,,,,3.0,2.0,1881.0,1985.0,5662.8,singleFamily,4,446813.0,2025,https://www.zillow.com,https://photos.zillowstatic.com/fp/db872fa571e09b5e4503002faf3091f6-p_c.jpg,2026-06-15 13:52,For Sale
442940589,818 Muncie Ave,75212,Dallas,TX,32.774757,-96.83669,585000,269.0,,571300.0,3538.0,3.0,3.0,2177.0,2023.0,3310.56,singleFamily,2,566560.0,2025,https://www.zillow.com,https://photos.zillowstatic.com/fp/36d413a4ea3bf02dd33d27e1d7b0036b-p_c.jpg,2026-06-15 13:52,For Sale
26866117,9506 Milltrail Dr,75238,Dallas,TX,32.891422,-96.724434,949000,298.0,-36000.0,915000.0,3784.0,4.0,3.0,3189.0,1974.0,10628.64,singleFamily,58,677480.0,2025,https://www.zillow.com,https://photos.zillowstatic.com/fp/3642bdb47834861d6f24320e2e59d80a-p_c.jpg,2026-06-15 13:52,For Sale
26881292,4452 Sugar Mill Rd,75244,Dallas,TX,32.918533,-96.83193,1575000,460.0,,1500700.0,6305.0,5.0,5.0,3422.0,1966.0,0.37900000000000006,singleFamily,39,1527000.0,2025,https://www.zillow.com,https://photos.zillowstatic.com/fp/86a97f63a4aeca2864caa3d02fb619bf-p_c.jpg,2026-06-15 13:52,For Sale
26690867,5410 Belmont Ave,75206,Dallas,TX,32.81699,-96.77695,695000,549.0,-35000.0,672300.0,3543.0,4.0,2.0,1266.0,1940.0,7187.4,singleFamily,200,538880.0,2025,https://www.zillow.com,https://photos.zillowstatic.com/fp/c43423f9cdfcd8e5b3fb63ce189e4397-p_c.jpg,2026-06-15 13:52,For Sale
26787503,9978 Witham St,75220,Dallas,TX,32.878075,-96.858475,455000,330.0,-20000.0,,,4.0,2.0,1380.0,1952.0,7971.48,singleFamily,74,343760.0,2025,https://www.zillow.com,https://photos.zillowstatic.com/fp/b7b91c6668f6f565189a7d9e18e533ac-p_c.jpg,2026-06-15 13:52,For Sale
26875508,7212 Canongate Dr,75248,Dallas,TX,32.978935,-96.78077,789900,227.0,-10000.0,,,5.0,3.0,3474.0,1974.0,9016.92,singleFamily,58,900000.0,2025,https://www.zillow.com,https://photos.zillowstatic.com/fp/fdc41b9f4e51a1d7e7c68280d71ae8c5-p_c.jpg,2026-06-15 13:52,For Sale
26737249,4636 Stanford Ave,75209,Dallas,TX,32.852966,-96.83018,1945000,427.0,-40000.0,1865400.0,5517.0,4.0,6.0,4557.0,2014.0,7448.76,singleFamily,67,2036030.0,2025,https://www.zillow.com,https://photos.zillowstatic.com/fp/f18d0078d04ad51581c9e85f67c9ff91-p_c.jpg,2026-06-15 13:52,For Sale
26756533,6449 Royalton Dr,75230,Dallas,TX,32.897522,-96.79476,2000000,312.0,-100000.0,,,6.0,7.0,6411.0,2020.0,0.367,singleFamily,66,3669250.0,2025,https://www.zillow.com,https://photos.zillowstatic.com/fp/f8792c7f00bd252ff3a8803b172d354b-p_c.jpg,2026-06-15 13:52,For Sale
26883566,10343 Portrush Dr,75243,Dallas,TX,32.91061,-96.705795,325000,170.0,-5000.0,322200.0,2749.0,3.0,2.0,1911.0,1977.0,8145.72,singleFamily,84,350740.0,2025,https://www.zillow.com,https://photos.zillowstatic.com/fp/dd780b10579987a59e04fff4c3aafbff-p_c.jpg,2026-06-15 13:52,For Sale
26843530,8629 Lockhaven Dr,75238,Dallas,TX,32.866962,-96.70802,1595000,388.0,-55000.0,1621900.0,5421.0,4.0,4.0,4110.0,2026.0,9670.32,singleFamily,46,535830.0,2025,https://www.zillow.com,https://photos.zillowstatic.com/fp/871f3a447714269d81b6baadaa575b04-p_c.jpg,2026-06-15 13:52,For Sale
26701636,6402 Westlake Ave,75214,Dallas,TX,32.821693,-96.7527,1875000,464.0,-74000.0,1831300.0,7891.0,4.0,6.0,4045.0,2026.0,7405.2,singleFamily,32,609450.0,2025,https://www.zillow.com,https://photos.zillowstatic.com/fp/a0dfd5432276e30ab325e555c26132ff-p_c.jpg,2026-06-15 13:52,For Sale
26810966,10042 Brockbank Dr,75229,Dallas,TX,32.882545,-96.876755,325000,242.0,-10000.0,319900.0,2759.0,3.0,2.0,1344.0,1955.0,7492.32,singleFamily,191,239640.0,2025,https://www.zillow.com,https://photos.zillowstatic.com/fp/86eae20fb31c4ffc3e71ecf4ab0f35f7-p_c.jpg,2026-06-15 13:52,For Sale
95053654,3243 Buckskin Dr,75241,Dallas,TX,32.65444,-96.76488,247900,173.0,,,1859.0,3.0,2.0,1429.0,2011.0,4486.68,singleFamily,20,268000.0,2025,https://www.zillow.com,https://photos.zillowstatic.com/fp/e9bba7ffd8e119657cb76c3d0157377d-p_c.jpg,2026-06-15 13:52,For Sale
26850895,10826 Wallbrook Dr,75238,Dallas,TX,32.876514,-96.696556,445000,212.0,-4900.0,434400.0,2928.0,4.0,2.0,2096.0,1974.0,7884.36,singleFamily,35,466060.0,2025,https://www.zillow.com,https://photos.zillowstatic.com/fp/898f9fe73896b738e7b6ab4d3c36447f-p_c.jpg,2026-06-15 13:52,For Sale
439561980,2935 Lorena Jordan Rd,75212,Dallas,TX,32.78278,-96.86824,364900,187.0,,364800.0,3239.0,4.0,3.0,1950.0,2024.0,3789.72,singleFamily,8,353950.0,2025,https://www.zillow.com,https://photos.zillowstatic.com/fp/014eab7cb34fca0d3615ffaa40f2383c-p_c.jpg,2026-06-15 13:52,For Sale
67961672,3124 Carmel St,75204,Dallas,TX,32.79164,-96.78627,520000,267.0,-9000.0,,,2.0,3.0,1947.0,2004.0,1306.8,townhome,65,503640.0,2025,https://www.zillow.com,https://photos.zillowstatic.com/fp/428f9027501cd4cfeb67d92824bc193b-p_c.jpg,2026-06-15 13:52,For Sale
26779260,2133 Ebbtide Ln,75224,Dallas,TX,32.699158,-96.85496,415000,201.0,-10000.0,409400.0,3482.0,3.0,2.0,2067.0,1957.0,0.262,singleFamily,67,378950.0,2025,https://www.zillow.com,https://photos.zillowstatic.com/fp/acce05057cc6e4bc84e0321108f39893-p_c.jpg,2026-06-15 13:52,For Sale
96509247,1942 McBroom St,75212,Dallas,TX,32.782383,-96.85211,519000,252.0,,507200.0,3260.0,4.0,3.0,2058.0,2020.0,5662.8,singleFamily,23,519400.0,2025,https://www.zillow.com,https://photos.zillowstatic.com/fp/81543ca93c19496949187d7589bb8092-p_c.jpg,2026-06-15 13:52,For Sale
26800034,9206 Donnybrook Ln,75217,Dallas,TX,32.747494,-96.66527,249999,165.0,-1.0,246000.0,1950.0,3.0,2.0,1519.0,1959.0,9931.68,singleFamily,29,221970.0,2025,https://www.zillow.com,https://photos.zillowstatic.com/fp/723ea4595f60e05e2e84c1bf1190e719-p_c.jpg,2026-06-15 13:52,For Sale
26685918,5727 Victor St,75214,Dallas,TX,32.804718,-96.75619,755000,338.0,-20000.0,731300.0,3995.0,3.0,3.0,2236.0,1915.0,8232.84,singleFamily,80,722100.0,2025,https://www.zillow.com,https://photos.zillowstatic.com/fp/e6bf6816725269abc4082dc4474c0c90-p_c.jpg,2026-06-15 13:52,For Sale
26870104,8716 Echo Valley Dr,75243,Dallas,TX,32.8975,-96.739395,706000,274.0,,682000.0,3811.0,4.0,3.0,2578.0,1972.0,8755.56,singleFamily,11,614330.0,2025,https://www.zillow.com,https://photos.zillowstatic.com/fp/ffce8e43168752122f7c622654bcd789-p_c.jpg,2026-06-15 13:52,For Sale
26788552,4106 Walnut Hill Ln,75229,Dallas,TX,32.880005,-96.84232,700000,299.0,-50000.0,,,4.0,3.0,2345.0,1953.0,0.459,singleFamily,73,570290.0,2025,https://www.zillow.com,https://photos.zillowstatic.com/fp/16cb262f0c4bb778d2019d4b44e8574d-p_c.jpg,2026-06-15 13:52,For Sale
26911426,6914 Oak Manor Dr,75230,Dallas,TX,32.913853,-96.78516,1895000,447.0,-55000.0,,,3.0,4.0,4240.0,1998.0,7492.32,singleFamily,36,1515040.0,2025,https://www.zillow.com,https://photos.zillowstatic.com/fp/66bcbabe1a1a5f392aaf98b341097404-p_c.jpg,2026-06-15 13:52,For Sale
26732770,6431 Vickery Blvd,75214,Dallas,TX,32.823105,-96.750885,1895000,529.0,,,,4.0,5.0,3584.0,2011.0,9374.112,singleFamily,44,1768340.0,2025,https://www.zillow.com,https://photos.zillowstatic.com/fp/9cf473cf86157b5c52667a3eb29fdfd3-p_c.jpg,2026-06-15 13:52,For Sale
26728262,2906 W 9th St,75211,Dallas,TX,32.746147,-96.86914,179900,134.0,-9000.0,,2444.0,2.0,2.0,1340.0,1943.0,7361.64,singleFamily,97,247420.0,2025,https://www.zillow.com,https://photos.zillowstatic.com/fp/cadc065992dfff58f3baf42d81a961b1-p_c.jpg,2026-06-15 13:52,For Sale
26790118,3957 Gaspar Dr,75220,Dallas,TX,32.86998,-96.84653,2249500,456.0,-45500.0,2178400.0,3391.0,6.0,5.0,4932.0,2026.0,9408.96,singleFamily,16,649550.0,2025,https://www.zillow.com,https://photos.zillowstatic.com/fp/ce1eee0302497df51630d5aaef81b66d-p_c.jpg,2026-06-15 13:52,For Sale
26757578,5809 Orchid Ln,75230,Dallas,TX,32.89257,-96.80581,675000,377.0,,661300.0,4086.0,2.0,2.0,1791.0,1979.0,5445.0,singleFamily,16,623160.0,2025,https://www.zillow.com,https://photos.zillowstatic.com/fp/073556a989359422e7a9d8a89f404a95-p_c.jpg,2026-06-15 13:52,For Sale
26804997,4418 Crooked Ln,75229,Dallas,TX,32.900776,-96.83351,3350000,675.0,-75000.0,3108400.0,7718.0,4.0,4.0,4963.0,1958.0,0.49300000000000005,singleFamily,73,2812360.0,2025,https://www.zillow.com,https://photos.zillowstatic.com/fp/660a6b9d2bff98780d6fc0cafeb46a91-p_c.jpg,2026-06-15 13:52,For Sale
162239624,7126 Edgerton Dr,75231,Dallas,TX,32.8549,-96.73759,649000,253.0,-1000.0,642400.0,4466.0,4.0,4.0,2570.0,1955.0,0.313,singleFamily,341,691950.0,2025,https://www.zillow.com,https://photos.zillowstatic.com/fp/157e01a5ba532894c3f548020339249e-p_c.jpg,2026-06-15 13:52,For Sale
26789968,3974 Cortez Dr,75220,Dallas,TX,32.865974,-96.84583,1349000,347.0,-50000.0,,7186.0,5.0,5.0,3890.0,1951.0,0.254,singleFamily,14,1242740.0,2025,https://www.zillow.com,https://photos.zillowstatic.com/fp/0c3230a50c98f0facdc6ed77e8b967a4-p_c.jpg,2026-06-15 13:52,For Sale
26774062,4316 Oak Trl,75232,Dallas,TX,32.68986,-96.83473,289900,181.0,-7600.0,,,3.0,2.0,1600.0,1962.0,8232.84,singleFamily,50,234490.0,2025,https://www.zillow.com,https://photos.zillowstatic.com/fp/0832480eeca8f802f2ab440a3ee9681b-p_c.jpg,2026-06-15 13:52,For Sale
26767556,2628 Marfa Ave,75216,Dallas,TX,32.709675,-96.785385,130000,124.0,,,,3.0,1.0,1045.0,1951.0,6673.392,singleFamily,53,158270.0,2025,https://www.zillow.com,https://www.zillowstatic.com/static/images/nophoto_p_c.png,2026-06-15 13:52,For Sale
26854244,9661 Lynbrook Dr,75238,Dallas,TX,32.878452,-96.7044,1385000,338.0,-14000.0,1374000.0,6342.0,5.0,5.0,4102.0,2026.0,8054.244,singleFamily,44,517160.0,2025,https://www.zillow.com,https://photos.zillowstatic.com/fp/d156f4639310050944e3e7a5fa5b6513-p_c.jpg,2026-06-15 13:52,For Sale
26866582,9565 Dartridge Dr,75238,Dallas,TX,32.883217,-96.72253,950000,387.0,-25000.0,918700.0,3616.0,4.0,3.0,2453.0,1967.0,9757.44,singleFamily,24,653020.0,2025,https://www.zillow.com,https://photos.zillowstatic.com/fp/d6e75b20e8003f86358d8b2210f1320c-p_c.jpg,2026-06-15 13:52,For Sale
162212989,4715 S Denley Dr,75216,Dallas,TX,32.69098,-96.79342,464000,162.0,-5000.0,461500.0,3723.0,5.0,4.0,2860.0,2025.0,7501.032,singleFamily,277,117050.0,2025,https://www.zillow.com,https://photos.zillowstatic.com/fp/bcc9d329eaf27c666c290629534c2c48-p_c.jpg,2026-06-15 13:52,For Sale
26740235,8448 San Fernando Way,75218,Dallas,TX,32.8189,-96.715126,3750000,708.0,,3484500.0,5418.0,5.0,6.0,5300.0,2023.0,0.574,singleFamily,13,2409990.0,2025,https://www.zillow.com,https://photos.zillowstatic.com/fp/2084a8b409bdb0bb2db1967e455c4267-p_c.jpg,2026-06-15 13:52,For Sale
26863994,11615 Featherbrook Dr,75228,Dallas,TX,32.850094,-96.65986,195000,128.0,,196800.0,2201.0,3.0,2.0,1529.0,1978.0,6011.28,singleFamily,10,280330.0,2025,https://www.zillow.com,https://photos.zillowstatic.com/fp/db7727cb55e9138dd92d8a5e2bf04960-p_c.jpg,2026-06-15 13:52,For Sale
26754794,6815 Park Ln,75225,Dallas,TX,32.873745,-96.78783,2245000,475.0,,2123900.0,7940.0,5.0,7.0,4724.0,2007.0,9844.56,singleFamily,26,2265490.0,2025,https://www.zillow.com,https://photos.zillowstatic.com/fp/2704b71467b011306697dcbb3a90c91b-p_c.jpg,2026-06-15 13:52,For Sale
26751582,7719 Deer Trail Dr,75238,Dallas,TX,32.865612,-96.73036,1899000,401.0,-51000.0,1845000.0,7649.0,5.0,6.0,4737.0,2021.0,8058.6,singleFamily,116,1641210.0,2025,https://www.zillow.com,https://photos.zillowstatic.com/fp/8f433e7af995fc310a962c41d6bf9e8e-p_c.jpg,2026-06-15 13:52,For Sale
26913371,13207 Woodbend Ln,75243,Dallas,TX,32.918945,-96.73134,325000,214.0,,221400.0,2037.0,3.0,3.0,1516.0,1982.0,2090.88,townhome,5,256120.0,2025,https://www.zillow.com,https://photos.zillowstatic.com/fp/21c327942f1fe27ae1a94979bb4dda79-p_c.jpg,2026-06-15 13:52,For Sale
80235082,9009 Arbor Park Dr,75243,Dallas,TX,32.89907,-96.7294,1225000,300.0,,1162100.0,6345.0,4.0,5.0,4082.0,1977.0,0.252,singleFamily,17,894960.0,2025,https://www.zillow.com,https://photos.zillowstatic.com/fp/b8983dd6783f5198e11ad5571b6cfdec-p_c.jpg,2026-06-15 13:52,For Sale
26881314,4847 Mill Run Rd,75244,Dallas,TX,32.92433,-96.82552,850000,300.0,,818900.0,3768.0,4.0,3.0,2837.0,1957.0,0.296,singleFamily,10,799640.0,2025,https://www.zillow.com,https://photos.zillowstatic.com/fp/decffc5bfa0f755a41902ce70eca3c37-p_c.jpg,2026-06-15 13:52,For Sale
26901170,5626 Preston Oaks Rd APT 35D,75254,Dallas,TX,32.942,-96.81075,209500,183.0,-10000.0,,,2.0,3.0,1143.0,1981.0,,singleFamily,127,245750.0,2025,https://www.zillow.com,https://photos.zillowstatic.com/fp/1fb69726b61d0c550cdfae3abafed6a1-p_c.jpg,2026-06-15 13:52,For Sale
26880524,4105 Candlenut Ln,75244,Dallas,TX,32.92,-96.84088,889000,304.0,,864400.0,4413.0,5.0,3.0,2926.0,1970.0,10105.92,singleFamily,59,684570.0,2025,https://www.zillow.com,https://photos.zillowstatic.com/fp/bc5d500fd408c950f7057fae09abf354-p_c.jpg,2026-06-15 13:52,For Sale
26706093,6714 Williamson Rd,75214,Dallas,TX,32.8374,-96.74377,2495000,426.0,-200000.0,2383800.0,6718.0,4.0,5.0,5854.0,2014.0,0.307,singleFamily,132,2498260.0,2025,https://www.zillow.com,https://photos.zillowstatic.com/fp/fa4a836552724a46f3852952ac42e263-p_c.jpg,2026-06-15 13:52,For Sale
26705746,7207 Dalewood Ln,75214,Dallas,TX,32.848473,-96.737816,575000,417.0,,551100.0,3576.0,3.0,2.0,1380.0,1957.0,9060.48,singleFamily,2,615360.0,2025,https://www.zillow.com,https://photos.zillowstatic.com/fp/101126d294a8978222c2821de4120272-p_c.jpg,2026-06-15 13:52,For Sale
26752895,7124 Meadow Rd,75230,Dallas,TX,32.886986,-96.78161,1425000,386.0,-25000.0,1358500.0,7995.0,4.0,4.0,3687.0,1969.0,0.293,singleFamily,58,969820.0,2025,https://www.zillow.com,https://photos.zillowstatic.com/fp/03c33a4b115a29d8464daee3f2e54c66-p_c.jpg,2026-06-15 13:52,For Sale
460657543,5445 Terry St,75223,Dallas,TX,32.797497,-96.75476,549999,246.0,-10000.0,546000.0,3794.0,3.0,3.0,2234.0,2026.0,7501.032,singleFamily,111,,,https://www.zillow.com,https://photos.zillowstatic.com/fp/afdb3578ed9fef45cabe5a84f7ea3ad7-p_c.jpg,2026-06-15 13:52,For Sale
26826335,1205 Golden Trophy Dr,75232,Dallas,TX,32.66571,-96.8412,280000,185.0,,,2054.0,3.0,2.0,1514.0,1965.0,9408.96,singleFamily,59,265730.0,2025,https://www.zillow.com,https://photos.zillowstatic.com/fp/fc0e2ac41d55da065da3e99fd4ac7ad1-p_c.jpg,2026-06-15 13:52,For Sale
333140682,2357 Rook Dr,75211,Dallas,TX,32.760532,-96.861046,465000,209.0,-15000.0,457500.0,3582.0,3.0,3.0,2230.0,2021.0,2047.32,townhome,109,515700.0,2025,https://www.zillow.com,https://photos.zillowstatic.com/fp/8ee45aab4e2b3eb958a1f8605955f2a0-p_c.jpg,2026-06-15 13:52,For Sale
26756679,11040 Tibbs St,75230,Dallas,TX,32.89946,-96.79667,2995000,526.0,-154000.0,2834900.0,15788.0,6.0,6.0,5696.0,2008.0,0.3861,singleFamily,73,2446610.0,2025,https://www.zillow.com,https://photos.zillowstatic.com/fp/d8ae84010c0606a6216d4fa74ff4f005-p_c.jpg,2026-06-15 13:52,For Sale
26704933,6207 Sudbury Dr,75214,Dallas,TX,32.839447,-96.75782,1849000,432.0,,,3305.0,4.0,5.0,4276.0,2025.0,7548.948,singleFamily,4,586940.0,2025,https://www.zillow.com,https://photos.zillowstatic.com/fp/8886a101745922e8e36c44f4e2ba90e0-p_c.jpg,2026-06-15 13:52,For Sale
53085877,18333 Roehampton Dr APT 1037,75252,Dallas,TX,33.001495,-96.8031,110000,246.0,,107000.0,1056.0,1.0,1.0,448.0,1985.0,696.96,condo,9,135914.0,2025,https://www.zillow.com,https://photos.zillowstatic.com/fp/478e053bebc7eebf03735d49b190b130-p_c.jpg,2026-06-15 13:52,For Sale
26706724,6726 Lake Circle Dr,75214,Dallas,TX,32.82478,-96.74468,2395000,513.0,,,3623.0,4.0,5.0,4672.0,2016.0,7405.2,singleFamily,9,207340.0,2016,https://www.zillow.com,https://photos.zillowstatic.com/fp/255bc764c8844ed8b2eb4f53778dad99-p_c.jpg,2026-06-15 13:52,For Sale
26712853,917 N Windomere Ave,75208,Dallas,TX,32.7544,-96.84441,490000,289.0,,467900.0,3018.0,3.0,2.0,1698.0,1921.0,10497.96,singleFamily,30,500000.0,2025,https://www.zillow.com,https://photos.zillowstatic.com/fp/10a7b0f84443cc19c6673f0fc8f03e3a-p_c.jpg,2026-06-15 13:52,For Sale
26851616,11714 El Hara Cir,75230,Dallas,TX,32.908566,-96.78094,1199000,392.0,,,,4.0,4.0,3059.0,1968.0,0.433,singleFamily,14,1166060.0,2025,https://www.zillow.com,https://photos.zillowstatic.com/fp/490d6ecbc662e754bd9dc1549190e089-p_c.jpg,2026-06-15 13:52,For Sale
26829016,12536 Degas Ln,75230,Dallas,TX,32.920086,-96.80513,989000,301.0,,945200.0,6051.0,4.0,4.0,3290.0,1980.0,7840.8,singleFamily,77,927200.0,2025,https://www.zillow.com,https://photos.zillowstatic.com/fp/a7a9e28abad982660e8888b54ddca130-p_c.jpg,2026-06-15 13:52,For Sale
26680847,4808 Gurley Ave,75223,Dallas,TX,32.790554,-96.74405,160000,131.0,,,1917.0,4.0,2.0,1224.0,1946.0,7248.384,singleFamily,5,174470.0,2025,https://www.zillow.com,https://photos.zillowstatic.com/fp/587a9e3fe30b867e682bda21c6c76e49-p_c.jpg,2026-06-15 13:52,For Sale
26898221,3210 Elizabeth St,75204,Dallas,TX,32.814873,-96.79382,1229000,535.0,-66000.0,1187000.0,4472.0,2.0,3.0,2296.0,1983.0,2047.32,townhome,55,472980.0,2025,https://www.zillow.com,https://photos.zillowstatic.com/fp/4b197158083ac46940b4baf111b2f0e6-p_c.jpg,2026-06-15 13:52,For Sale
26692181,5123 Milam St,75206,Dallas,TX,32.818798,-96.78528,1200000,313.0,-75000.0,,,5.0,4.0,3840.0,1935.0,5898.024,singleFamily,116,1282400.0,2025,https://www.zillow.com,https://photos.zillowstatic.com/fp/0330da9e1325b780a4a4d2d417cd96bf-p_c.jpg,2026-06-15 13:52,For Sale
26741045,9028 Santa Clara Dr,75218,Dallas,TX,32.824165,-96.70469,1100000,411.0,-100000.0,,,4.0,3.0,2675.0,2025.0,8276.4,singleFamily,16,481040.0,2025,https://www.zillow.com,https://photos.zillowstatic.com/fp/8f311c9f2409c652dab6f9e52184c24a-p_c.jpg,2026-06-15 13:52,For Sale
26706322,6947 Ellsworth Ave,75214,Dallas,TX,32.834545,-96.74162,3389000,621.0,,3264400.0,2441.0,5.0,6.0,5454.0,2026.0,9278.28,singleFamily,38,860890.0,2025,https://www.zillow.com,https://photos.zillowstatic.com/fp/47ff8ea508f1a5f395c5274bef619620-p_c.jpg,2026-06-15 13:52,For Sale
96532064,4805 Jesus Maria Ct,75236,Dallas,TX,32.682816,-96.9043,259000,183.0,,259400.0,2161.0,4.0,2.0,1418.0,2009.0,5270.76,singleFamily,5,252110.0,2025,https://www.zillow.com,https://photos.zillowstatic.com/fp/e7be6bf6e34bdbfc9d47ccfa1af58ca0-p_c.jpg,2026-06-15 13:52,For Sale
463131106,5533 Forsan Way,75230,Dallas,TX,32.91005,-96.81181,2095000,557.0,,,,3.0,4.0,3761.0,2026.0,4791.6,singleFamily,3,,,https://www.zillow.com,https://photos.zillowstatic.com/fp/81b5cec71f54ffa55cc4acd7a786a427-p_c.jpg,2026-06-15 13:52,For Sale
458009589,3786 Wenatche Dr,75233,Dallas,TX,32.697144,-96.88317,489900,169.0,-10100.0,488700.0,3950.0,4.0,4.0,2900.0,2025.0,6011.28,singleFamily,220,332860.0,2025,https://www.zillow.com,https://photos.zillowstatic.com/fp/0dc5918e3ee91c78d9926772100af541-p_c.jpg,2026-06-15 13:52,For Sale
2070169715,1118 Tenison Memorial Dr,75223,Dallas,TX,32.805264,-96.73562,550000,414.0,-35000.0,534700.0,2669.0,3.0,2.0,1330.0,1935.0,7143.84,singleFamily,66,,,https://www.zillow.com,https://photos.zillowstatic.com/fp/1524d42ba06f3c0aff05ab0048a36c6f-p_c.jpg,2026-06-15 13:52,For Sale
122302497,6655 Lakewood Blvd,75214,Dallas,TX,32.819176,-96.74802,4295000,842.0,,4132300.0,16626.0,5.0,7.0,5099.0,1930.0,0.5700000000000001,singleFamily,17,2614130.0,2025,https://www.zillow.com,https://photos.zillowstatic.com/fp/0ee4c52403e5e56a8ba171b772efab49-p_c.jpg,2026-06-15 13:52,For Sale
26844127,12004 Galva Dr,75243,Dallas,TX,32.912193,-96.76296,285000,237.0,-14000.0,271500.0,2049.0,4.0,1.0,1205.0,1955.0,9147.6,singleFamily,74,233000.0,2025,https://www.zillow.com,https://photos.zillowstatic.com/fp/052b9cbcc4387c95cb30e6ba31ebc182-p_c.jpg,2026-06-15 13:52,For Sale
26725956,8810 Grenore Dr,75218,Dallas,TX,32.827038,-96.71343,1250000,479.0,,1181700.0,3814.0,3.0,3.0,2610.0,1958.0,0.2949,singleFamily,10,890620.0,2025,https://www.zillow.com,https://photos.zillowstatic.com/fp/ebfc44bad6065d8d5fca0b89dd5d7697-p_c.jpg,2026-06-15 13:52,For Sale
26912582,8430 Brittania Way,75243,Dallas,TX,32.895706,-96.72618,330000,250.0,,318900.0,1939.0,2.0,2.0,1318.0,1982.0,2613.6,townhome,24,308680.0,2025,https://www.zillow.com,https://photos.zillowstatic.com/fp/48d20b9ea96d39abe49d3b3b50b9cf58-p_c.jpg,2026-06-15 13:52,For Sale
2069885814,8110 Skillman St,75231,Dallas,TX,32.89035,-96.72856,99000,113.0,-9990.0,103000.0,1295.0,2.0,2.0,880.0,1980.0,,condo,26,,,https://www.zillow.com,https://photos.zillowstatic.com/fp/bb0f37798c737d80578b707e9cbb1306-p_c.jpg,2026-06-15 13:52,For Sale
461961408,1718 Tenison Hills Ct,75228,Dallas,TX,32.80528,-96.71932,1197000,491.0,,1168300.0,3276.0,3.0,4.0,2436.0,2026.0,5993.856,singleFamily,52,,,https://www.zillow.com,https://photos.zillowstatic.com/fp/5e9365830f8c22f88a76dcb1364c9144-p_c.jpg,2026-06-15 13:52,For Sale
26769792,1710 Western Park Dr,75211,Dallas,TX,32.72682,-96.89775,319900,184.0,-10000.0,,,3.0,2.0,1741.0,1965.0,7579.44,singleFamily,36,340000.0,2025,https://www.zillow.com,https://photos.zillowstatic.com/fp/98a82fabb594fbd29ce4f0a9610184ea-p_c.jpg,2026-06-15 13:52,For Sale
26858724,12025 Loch Ness Dr,75218,Dallas,TX,32.86031,-96.68953,850000,300.0,-45000.0,,,4.0,3.0,2837.0,1971.0,0.366,singleFamily,44,579740.0,2025,https://www.zillow.com,https://photos.zillowstatic.com/fp/229e9e79b5a68d4228fe07994c8d6d45-p_c.jpg,2026-06-15 13:52,For Sale
26758547,4558 Ridge Rd,75229,Dallas,TX,32.88554,-96.83301,2249000,515.0,-251000.0,2151600.0,7526.0,5.0,4.0,4370.0,2017.0,0.4,singleFamily,48,1857070.0,2025,https://www.zillow.com,https://photos.zillowstatic.com/fp/b67172945c1924488cc6c4de0a683021-p_c.jpg,2026-06-15 13:52,For Sale
96506181,7813 Oak Garden Trl,75232,Dallas,TX,32.652798,-96.85119,268000,174.0,-2000.0,265300.0,2102.0,3.0,2.0,1540.0,2014.0,7927.92,singleFamily,58,331880.0,2025,https://www.zillow.com,https://photos.zillowstatic.com/fp/ab504678e8e79ba8473e9c502a2a2266-p_c.jpg,2026-06-15 13:52,For Sale
