zpid,address,zipcode,city,state,latitude,longitude,price,price_per_sqft,price_change,zestimate,rent_zestimate,bedrooms,bathrooms,sqft,year_built,lot_size_acres,property_type,days_on_market,tax_assessed,tax_year,listing_url,photo_url,fetched_at,listing_type
26710002,206 S Edgefield Ave,75208,Dallas,TX,32.74384,-96.84383,539000,295.0,,539700.0,2860.0,3.0,3.0,1828.0,1926.0,6838.92,singleFamily,6,595180.0,2025,https://www.zillow.com,https://photos.zillowstatic.com/fp/f2669f0c865cd43d1059cb4640208fc2-p_c.jpg,2026-06-29 12:29,For Sale
26757726,5830 Meaders Ln,75230,Dallas,TX,32.886215,-96.80744,2000000,539.0,,1886100.0,7818.0,4.0,4.0,3711.0,1994.0,0.5,singleFamily,3,2075540.0,2025,https://www.zillow.com,https://photos.zillowstatic.com/fp/98c1c3549fca92aa81188ce4bce006a8-p_c.jpg,2026-06-29 12:29,For Sale
26824714,918 Glen Oaks Blvd,75232,Dallas,TX,32.6743,-96.837,535000,262.0,,533700.0,2938.0,3.0,3.0,2042.0,1964.0,0.362,singleFamily,10,402800.0,2025,https://www.zillow.com,https://photos.zillowstatic.com/fp/71e808e3006383a6c41768c5145117c8-p_c.jpg,2026-06-29 12:29,For Sale
26883459,11926 Leisure Dr,75243,Dallas,TX,32.911163,-96.71145,184900,125.0,,181500.0,2175.0,3.0,3.0,1478.0,1974.0,2613.6,townhome,11,237900.0,2025,https://www.zillow.com,https://photos.zillowstatic.com/fp/bb78898cd61d739bace1d102375e5263-p_c.jpg,2026-06-29 12:29,For Sale
26691756,2311 Madera St,75206,Dallas,TX,32.815357,-96.77795,2300000,491.0,,2221600.0,4500.0,5.0,5.0,4686.0,2026.0,7230.96,singleFamily,9,541610.0,2025,https://www.zillow.com,https://photos.zillowstatic.com/fp/2f80e0a79794749fd23813046b27d84c-p_c.jpg,2026-06-29 12:29,For Sale
463300917,3529 Cleveland St,75215,Dallas,TX,32.75582,-96.77514,245000,133.0,,244300.0,3298.0,4.0,4.0,1846.0,2026.0,8363.52,singleFamily,11,,,https://www.zillow.com,https://photos.zillowstatic.com/fp/a61363b7bd78a0e95ffd19ba195f164b-p_c.jpg,2026-06-29 12:29,For Sale
26697337,5419 Stoneleigh Ave,75235,Dallas,TX,32.82149,-96.8303,100000,77.0,-150000.0,,2448.0,2.0,1.0,1292.0,1937.0,6795.36,singleFamily,15,433770.0,2025,https://www.zillow.com,https://photos.zillowstatic.com/fp/7dc95ea23b42653a7ad02898e450dae7-p_c.jpg,2026-06-29 12:29,For Sale
26709208,708 W 10th St,75208,Dallas,TX,32.74485,-96.83446,200000,89.0,-50000.0,,1882.0,2.0,4.0,2235.0,2025.0,6359.76,condo,20,190080.0,2019,https://www.zillow.com,https://photos.zillowstatic.com/fp/d92ad882abdc2ee5ad864f9f65f24970-p_c.jpg,2026-06-29 12:29,For Sale
26825505,5936 Spring Glen Dr,75232,Dallas,TX,32.674526,-96.84193,449500,156.0,-15500.0,442700.0,3360.0,5.0,4.0,2880.0,1965.0,10236.6,singleFamily,87,261350.0,2025,https://www.zillow.com,https://photos.zillowstatic.com/fp/784bf3d76b7a9b40f046b5eb30c7eca8-p_c.jpg,2026-06-29 12:29,For Sale
26871265,7947 Habersham Ln,75248,Dallas,TX,32.95442,-96.76918,100000,34.0,-285500.0,,2319.0,5.0,4.0,2966.0,1966.0,,multiFamily,18,453000.0,2025,https://www.zillow.com,https://photos.zillowstatic.com/fp/a556f6daba9f89d6891ea6966cad398a-p_c.jpg,2026-06-29 12:29,For Sale
26717358,1050 N Windomere Ave,75208,Dallas,TX,32.757164,-96.84362,799900,447.0,,830500.0,2974.0,3.0,2.0,1790.0,1927.0,8232.84,singleFamily,3,801790.0,2025,https://www.zillow.com,https://photos.zillowstatic.com/fp/6f624954b427281f404703eeb80d0589-p_c.jpg,2026-06-29 12:29,For Sale
26830811,2341 Pinebluff Dr,75228,Dallas,TX,32.805843,-96.70647,519000,270.0,,504100.0,2682.0,3.0,3.0,1919.0,1962.0,9147.6,singleFamily,10,486790.0,2025,https://www.zillow.com,https://photos.zillowstatic.com/fp/057c33c71827639d50f8dc66671e4d73-p_c.jpg,2026-06-29 12:29,For Sale
26699114,2515 Macon St,75215,Dallas,TX,32.75081,-96.75273,295000,197.0,-5000.0,294300.0,2101.0,3.0,3.0,1500.0,2026.0,3267.0,singleFamily,81,32780.0,2025,https://www.zillow.com,https://photos.zillowstatic.com/fp/68433d24786c5e0ac81731fb4204066f-p_c.jpg,2026-06-29 12:29,For Sale
26766682,2606 Fordham Rd,75216,Dallas,TX,32.7058,-96.783295,329000,175.0,,327200.0,2635.0,4.0,3.0,1880.0,2022.0,8842.68,singleFamily,9,336650.0,2025,https://www.zillow.com,https://photos.zillowstatic.com/fp/2701c5dd8615133ba6969349c7485302-p_c.jpg,2026-06-29 12:29,For Sale
26696299,2230 Garden Dr,75215,Dallas,TX,32.74878,-96.758896,389000,186.0,,382900.0,2702.0,3.0,2.0,2092.0,2024.0,5052.96,singleFamily,10,395930.0,2025,https://www.zillow.com,https://photos.zillowstatic.com/fp/a5cba953c774fd3370a2dc62b2a9262e-p_c.jpg,2026-06-29 12:29,For Sale
338241066,18512 Crownover Ct,75252,Dallas,TX,33.003235,-96.79485,609900,252.0,,591400.0,3841.0,3.0,3.0,2419.0,1981.0,8102.16,singleFamily,40,625905.0,2025,https://www.zillow.com,https://photos.zillowstatic.com/fp/5c8b0a7362d6b24c63efb89a53c870b7-p_c.jpg,2026-06-29 12:29,For Sale
26757825,5619 Walnut Hill Ln,75229,Dallas,TX,32.8825,-96.81111,64000000,2362.0,,,,10.0,17.0,27092.0,1938.0,15.687,singleFamily,487,36042650.0,2025,https://www.zillow.com,https://photos.zillowstatic.com/fp/adeac1290c0448b20476ade24a279451-p_c.jpg,2026-06-29 12:29,For Sale
26750181,6616 Pimlico Dr,75214,Dallas,TX,32.850113,-96.744774,675000,421.0,,647300.0,3423.0,3.0,2.0,1605.0,1953.0,7318.08,singleFamily,3,562000.0,2025,https://www.zillow.com,https://photos.zillowstatic.com/fp/ba4dd9a68faab5fb11f467f8e18acdb7-p_c.jpg,2026-06-29 12:29,For Sale
26738834,7152 Fair Oaks Ave APT 2186,75231,Dallas,TX,32.872566,-96.7574,110000,113.0,-5000.0,,1432.0,3.0,2.0,975.0,1975.0,8.74,condo,19,90000.0,2025,https://www.zillow.com,https://photos.zillowstatic.com/fp/410421ae194ee3d0d23bed574131abd1-p_c.jpg,2026-06-29 12:29,For Sale
26759440,4390 Cochran Chapel Cir,75209,Dallas,TX,32.86348,-96.835724,625000,298.0,,601600.0,4262.0,2.0,3.0,2098.0,1979.0,3571.92,townhome,5,618340.0,2025,https://www.zillow.com,https://photos.zillowstatic.com/fp/45d29e8508789d4f79dd39c441f46476-p_c.jpg,2026-06-29 12:29,For Sale
26926499,3922 Gilbert Ave APT 211,75219,Dallas,TX,32.81597,-96.80422,417000,299.0,,404400.0,3571.0,2.0,3.0,1394.0,1997.0,1.032,condo,3,427160.0,2025,https://www.zillow.com,https://photos.zillowstatic.com/fp/7993ec052b2a81e664821ce5db735c10-p_c.jpg,2026-06-29 12:29,For Sale
26873071,15745 Havenrock Cir,75248,Dallas,TX,32.9643,-96.78187,699000,286.0,,677300.0,5110.0,4.0,3.0,2447.0,1970.0,7361.64,singleFamily,3,487960.0,2025,https://www.zillow.com,https://photos.zillowstatic.com/fp/55445e4a9bd873c12a893424317c1985-p_c.jpg,2026-06-29 12:29,For Sale
26697198,5111 Stoneleigh Ave,75235,Dallas,TX,32.81882,-96.82717,550000,392.0,,533600.0,2984.0,3.0,2.0,1402.0,1940.0,7605.576,singleFamily,32,512640.0,2025,https://www.zillow.com,https://photos.zillowstatic.com/fp/77e860f20c10b1dcc381f128babeadda-p_c.jpg,2026-06-29 12:29,For Sale
96525332,1651 E Overton Rd,75216,Dallas,TX,32.703884,-96.80119,420000,204.0,,416500.0,2837.0,4.0,3.0,2063.0,2025.0,8712.0,singleFamily,141,95000.0,2025,https://www.zillow.com,https://photos.zillowstatic.com/fp/86e2f139cfe3b218bd506810f546c2a7-p_c.jpg,2026-06-29 12:29,For Sale
67965626,4414 Cedar Springs Rd APT 318,75219,Dallas,TX,32.815456,-96.816315,235900,245.0,-10000.0,229300.0,2017.0,2.0,1.0,963.0,2003.0,2.03,condo,107,244600.0,2025,https://www.zillow.com,https://photos.zillowstatic.com/fp/2789296ed0eef816dccb95a9fab30fba-p_c.jpg,2026-06-29 12:29,For Sale
26793371,7433 Vallejo Dr,75227,Dallas,TX,32.75497,-96.694695,182000,130.0,-27000.0,,1749.0,3.0,2.0,1396.0,1954.0,9321.84,singleFamily,100,241490.0,2025,https://www.zillow.com,https://photos.zillowstatic.com/fp/51b623c5817fa16a548b2f0b15429b49-p_c.jpg,2026-06-29 12:29,For Sale
26888828,6234 La Cosa Dr,75248,Dallas,TX,32.959396,-96.79814,674900,272.0,-25000.0,657100.0,3659.0,3.0,3.0,2480.0,1979.0,8058.6,singleFamily,24,596060.0,2025,https://www.zillow.com,https://photos.zillowstatic.com/fp/eeb8756a5cc4846cf5204ba4772ca22b-p_c.jpg,2026-06-29 12:29,For Sale
26758062,10010 Strait Ln,75229,Dallas,TX,32.880985,-96.823845,24999900,1498.0,,22718600.0,31583.0,7.0,11.0,16684.0,2026.0,2.218,singleFamily,119,2767500.0,2025,https://www.zillow.com,https://photos.zillowstatic.com/fp/3896b8ebf7800635ab6f68c5c62ce7b5-p_c.jpg,2026-06-29 12:29,For Sale
90598235,701 S Houston St,79079,Shamrock,TX,32.77403,-96.80687,90000,79.0,,283300.0,2333.0,3.0,2.0,1144.0,,,singleFamily,3,202570.0,2025,https://www.zillow.com,https://photos.zillowstatic.com/fp/f077f7a1fb6cba6a99a7faf1a26caf16-p_c.jpg,2026-06-29 12:29,For Sale
26914660,6204 High Brush Cir,75249,Dallas,TX,32.648445,-96.97089,299000,82.0,,295700.0,3850.0,5.0,4.0,3639.0,1989.0,5619.24,singleFamily,46,459860.0,2025,https://www.zillow.com,https://photos.zillowstatic.com/fp/73a31e3329f7c657cb8bc44faa60406b-p_c.jpg,2026-06-29 12:29,For Sale
26867016,9431 Springbranch Dr,75238,Dallas,TX,32.87353,-96.727875,1649000,464.0,,1564000.0,4560.0,5.0,4.0,3552.0,1961.0,8842.68,singleFamily,2,1184400.0,2025,https://www.zillow.com,https://photos.zillowstatic.com/fp/3e0ca90b1977b910aa6eecc69116a038-p_c.jpg,2026-06-29 12:29,For Sale
96524593,5315 Colonial Ave,75215,Dallas,TX,32.74373,-96.758705,119900,71.0,,,,6.0,2.0,1680.0,2020.0,7013.16,singleFamily,11,407150.0,2025,https://www.zillow.com,https://photos.zillowstatic.com/fp/57bfcb4ec922c119ff11aa4513db7495-p_c.jpg,2026-06-29 12:29,For Sale
26830912,8454 Swift Ave,75228,Dallas,TX,32.80469,-96.70193,607000,251.0,-5000.0,,,4.0,3.0,2420.0,1962.0,8842.68,singleFamily,135,478000.0,2025,https://www.zillow.com,https://photos.zillowstatic.com/fp/fc7b48b17f45805ccde3c1682917cd56-p_c.jpg,2026-06-29 12:29,For Sale
26790458,3935 Dunhaven Rd,75220,Dallas,TX,32.871807,-96.84679,1249900,427.0,,,,4.0,4.0,2929.0,1952.0,10018.8,singleFamily,2,976000.0,2025,https://www.zillow.com,https://photos.zillowstatic.com/fp/ff9e7827e0ecfc184ab7747f805baa96-p_c.jpg,2026-06-29 12:29,For Sale
26586585,5023 Spyglass Dr,75287,Dallas,TX,32.991024,-96.82112,1199900,306.0,,1147200.0,6429.0,5.0,5.0,3923.0,1985.0,0.27999999999999997,singleFamily,2,1056862.0,2025,https://www.zillow.com,https://photos.zillowstatic.com/fp/4d0515aaaee5da6d516cb174bdab5cca-p_c.jpg,2026-06-29 12:29,For Sale
26759625,5444 Northbrook Dr,75220,Dallas,TX,32.866047,-96.81663,15000000,1192.0,,15303800.0,4528.0,7.0,9.0,12589.0,1950.0,1.621,singleFamily,2,2423400.0,2025,https://www.zillow.com,https://photos.zillowstatic.com/fp/e0a35e71e87a0546dd13a3c40fedef37-p_c.jpg,2026-06-29 12:29,For Sale
26857232,4519 Yancy St,75216,Dallas,TX,32.71156,-96.74719,300000,199.0,,296600.0,2659.0,4.0,2.0,1510.0,2019.0,10759.32,singleFamily,5,309010.0,2025,https://www.zillow.com,https://photos.zillowstatic.com/fp/522db04673ec16faafa4f0aae26ece79-p_c.jpg,2026-06-29 12:29,For Sale
26826282,1729 Boca Chica Dr,75232,Dallas,TX,32.67108,-96.84865,799000,201.0,,769800.0,3528.0,4.0,2.0,3966.0,1958.0,0.393,singleFamily,2,396160.0,2025,https://www.zillow.com,https://photos.zillowstatic.com/fp/cecfa45ce6be5a66867c81389b58e44a-p_c.jpg,2026-06-29 12:29,For Sale
26695164,5623 Ridgedale Ave,75206,Dallas,TX,32.825775,-96.77132,1395000,495.0,,,,5.0,3.0,2819.0,1926.0,7230.96,singleFamily,2,1060000.0,2025,https://www.zillow.com,https://photos.zillowstatic.com/fp/fdae8326ce6956241510e30a72c77661-p_c.jpg,2026-06-29 12:29,For Sale
26760464,5807 Glen Falls Ln,75209,Dallas,TX,32.86401,-96.81352,9625000,1056.0,,9069800.0,7586.0,5.0,8.0,9118.0,2026.0,0.514,singleFamily,9,2015100.0,2025,https://www.zillow.com,https://photos.zillowstatic.com/fp/bb7da9088016786ee4b772862254593b-p_c.jpg,2026-06-29 12:29,For Sale
69674973,744 Cannen John Ln,75204,Dallas,TX,32.79163,-96.787994,529000,294.0,,502800.0,3476.0,3.0,4.0,1799.0,2005.0,1219.68,townhome,3,506000.0,2025,https://www.zillow.com,https://photos.zillowstatic.com/fp/0b72ec3694b858e8146df4150648d5b1-p_c.jpg,2026-06-29 12:29,For Sale
26754961,6830 Stefani Dr,75225,Dallas,TX,32.877728,-96.7874,5500000,732.0,,5282400.0,7744.0,5.0,7.0,7517.0,2026.0,0.413,singleFamily,1,1468770.0,2025,https://www.zillow.com,https://photos.zillowstatic.com/fp/b551583c4a8de3af10c5380b36e08b37-p_c.jpg,2026-06-29 12:29,For Sale
26858084,6826 Colfax Dr,75231,Dallas,TX,32.872433,-96.73844,1250000,387.0,,,,4.0,2.0,3233.0,1959.0,0.293,singleFamily,4,937790.0,2025,https://www.zillow.com,https://photos.zillowstatic.com/fp/a427f14bd319df145816de74b61bf9a2-p_c.jpg,2026-06-29 12:29,For Sale
26850629,10344 Country Club Dr,75218,Dallas,TX,32.85791,-96.70436,1349000,314.0,,1315900.0,1948.0,4.0,6.0,4298.0,2026.0,7753.68,singleFamily,2,200000.0,2025,https://www.zillow.com,https://photos.zillowstatic.com/fp/24de9c20ffcd6fc4f01dfd8a99d8d67e-p_c.jpg,2026-06-29 12:29,For Sale
96513896,10617 Bridge Hollow Ct,75229,Dallas,TX,32.891712,-96.821815,11900000,812.0,,,,6.0,10.0,14653.0,2018.0,1.442,singleFamily,3,13054400.0,2025,https://www.zillow.com,https://photos.zillowstatic.com/fp/1cad1d90350deecefe93978d5081628a-p_c.jpg,2026-06-29 12:29,For Sale
26832699,3114 Conroe St,75212,Dallas,TX,32.78004,-96.837616,772000,257.0,-8000.0,759300.0,4616.0,4.0,3.0,3000.0,2024.0,4791.6,singleFamily,39,762040.0,2025,https://www.zillow.com,https://photos.zillowstatic.com/fp/b90eea67c549ef53a2b6bb11ee62015d-p_c.jpg,2026-06-29 12:29,For Sale
26754903,6616 Prestonshire Ln,75225,Dallas,TX,32.875435,-96.7914,6850000,840.0,,6498500.0,6144.0,5.0,7.0,8153.0,2026.0,0.462,singleFamily,6,1711050.0,2025,https://www.zillow.com,https://photos.zillowstatic.com/fp/04a8ad3a067f065706d1d1b3a59e861a-p_c.jpg,2026-06-29 12:29,For Sale
26754886,6517 Prestonshire Ln,75225,Dallas,TX,32.87606,-96.79282,4850000,640.0,,4512500.0,21737.0,6.0,8.0,7584.0,2016.0,0.413,singleFamily,2,3800000.0,2025,https://www.zillow.com,https://photos.zillowstatic.com/fp/83e00841e87b5747d10438cd5f93507e-p_c.jpg,2026-06-29 12:29,For Sale
333140526,5531 Walnut Hill Ln,75229,Dallas,TX,32.88134,-96.81123,14997000,1250.0,-998000.0,13897900.0,44765.0,5.0,9.0,11997.0,2025.0,1.935,singleFamily,111,9628680.0,2025,https://www.zillow.com,https://photos.zillowstatic.com/fp/b66ba1ba3e875d4f7420766b86704a95-p_c.jpg,2026-06-29 12:29,For Sale
26720124,1627 N Montclair Ave,75208,Dallas,TX,32.76648,-96.8451,220000,197.0,,196900.0,2388.0,2.0,1.0,1116.0,1935.0,7492.32,singleFamily,0,266810.0,2025,https://www.zillow.com,https://photos.zillowstatic.com/fp/f5f6abb1c2063fca2e7c8de3c37b5c62-p_c.jpg,2026-06-29 12:29,For Sale
26872535,6716 Roundrock Rd,75248,Dallas,TX,32.95641,-96.79385,735000,304.0,,,,4.0,3.0,2418.0,1971.0,9888.12,singleFamily,2,668550.0,2025,https://www.zillow.com,https://photos.zillowstatic.com/fp/5faa20029afc3f4095013f8b2d5ba373-p_c.jpg,2026-06-29 12:29,For Sale
26765857,3032 Dahlia Dr,75216,Dallas,TX,32.69769,-96.767334,100000,103.0,,166000.0,1392.0,2.0,1.0,972.0,1955.0,7579.44,singleFamily,0,145680.0,2025,https://www.zillow.com,https://photos.zillowstatic.com/fp/fead36c13381e0a7fd1c41b6e03f6530-p_c.jpg,2026-06-29 12:29,For Sale
26809904,3620 Pallos Verdas Dr,75229,Dallas,TX,32.904896,-96.859695,749000,312.0,,708200.0,3599.0,4.0,3.0,2398.0,1958.0,0.413,singleFamily,0,672750.0,2025,https://www.zillow.com,https://photos.zillowstatic.com/fp/f451168b32400e04ce7f46e472e35efe-p_c.jpg,2026-06-29 12:29,For Sale
26707541,6924 Redstart Ln,75214,Dallas,TX,32.837757,-96.737816,2890000,556.0,,,,5.0,6.0,5198.0,2026.0,9104.04,singleFamily,2,880860.0,2025,https://www.zillow.com,https://photos.zillowstatic.com/fp/5d2b2acc412b9fa00f1b1c010ed83e56-p_c.jpg,2026-06-29 12:29,For Sale
26879331,411 N Dwight Ave,75211,Dallas,TX,32.74851,-96.90788,299999,198.0,,,2480.0,4.0,2.0,1517.0,2019.0,9060.48,singleFamily,10,354810.0,2025,https://www.zillow.com,https://photos.zillowstatic.com/fp/11b66d669f789bafb7549165f9c35814-p_c.jpg,2026-06-29 12:29,For Sale
26782150,4708 Dove Creek Way,75232,Dallas,TX,32.687206,-96.84905,269500,162.0,,266300.0,2169.0,3.0,2.0,1664.0,1956.0,0.5680000000000001,singleFamily,19,267150.0,2025,https://www.zillow.com,https://photos.zillowstatic.com/fp/0131330be0542d53ba63bf0eecf35d82-p_c.jpg,2026-06-29 12:29,For Sale
26735909,8730 Rexford Dr,75209,Dallas,TX,32.857147,-96.84684,1750000,380.0,-125000.0,1711300.0,7503.0,5.0,6.0,4604.0,2025.0,6969.6,singleFamily,27,1182050.0,2025,https://www.zillow.com,https://photos.zillowstatic.com/fp/4f435a5240bd1f4cbd95420934668c5d-p_c.jpg,2026-06-29 12:29,For Sale
26586433,4916 Briargrove Ln,75287,Dallas,TX,32.992935,-96.823685,2500000,377.0,,,,5.0,8.0,6623.0,1998.0,0.29,singleFamily,4,1275102.0,2025,https://www.zillow.com,https://photos.zillowstatic.com/fp/9ce20d981f1ebfd32e5f601017037f92-p_c.jpg,2026-06-29 12:29,For Sale
26766660,2227 Frank Henderson Jr Dr,75216,Dallas,TX,32.70058,-96.78682,365000,166.0,,361600.0,2998.0,3.0,3.0,2201.0,2022.0,6926.04,singleFamily,0,347360.0,2025,https://www.zillow.com,https://photos.zillowstatic.com/fp/35d05b2fd54763da813e5fad9dc8b52f-p_c.jpg,2026-06-29 12:29,For Sale
26742827,10382 Newcombe Dr,75228,Dallas,TX,32.836285,-96.67993,274900,215.0,,268500.0,1982.0,2.0,1.0,1278.0,1953.0,0.257,singleFamily,0,287500.0,2025,https://www.zillow.com,https://photos.zillowstatic.com/fp/b1d01d229cb9b6ca7665496ca6b2aee6-p_c.jpg,2026-06-29 12:29,For Sale
26756970,10920 Strait Ln,75229,Dallas,TX,32.898327,-96.82428,9750000,870.0,-249999.0,9123900.0,7133.0,6.0,10.0,11211.0,2025.0,0.721,singleFamily,60,9362840.0,2025,https://www.zillow.com,https://photos.zillowstatic.com/fp/20d0cf0eb60450b125fba124e6413651-p_c.jpg,2026-06-29 12:29,For Sale
26847222,2714 Felicia Ct,75228,Dallas,TX,32.816135,-96.68472,400000,275.0,,389900.0,2019.0,3.0,2.0,1456.0,1963.0,7797.24,singleFamily,0,376610.0,2025,https://www.zillow.com,https://photos.zillowstatic.com/fp/bb728919daf1753320eb2a8428e310ab-p_c.jpg,2026-06-29 12:29,For Sale
26746778,10469 Sinclair Ave,75218,Dallas,TX,32.85076,-96.70008,799000,398.0,,,,4.0,3.0,2008.0,1960.0,8973.36,singleFamily,10,609330.0,2025,https://www.zillow.com,https://photos.zillowstatic.com/fp/d09baee347b99162de7f6c5a1627c50f-p_c.jpg,2026-06-29 12:29,For Sale
26931894,9837 Walnut St #207,75243,Dallas,TX,32.922836,-96.71392,125000,121.0,,124700.0,1661.0,2.0,2.0,1031.0,2018.0,8.814,condo,2,123720.0,2025,https://www.zillow.com,https://photos.zillowstatic.com/fp/e8c0329742b664bdf9ca86bb92306687-p_c.jpg,2026-06-29 12:29,For Sale
26695193,5603 Vanderbilt Ave,75206,Dallas,TX,32.824787,-96.77213,1300000,500.0,,1233000.0,2979.0,3.0,3.0,2602.0,1928.0,7405.2,singleFamily,10,982850.0,2025,https://www.zillow.com,https://photos.zillowstatic.com/fp/3242ddd2e6d4ca81490ce8499dfbeb3c-p_c.jpg,2026-06-29 12:29,For Sale
26846383,2210 Babalos Ln,75228,Dallas,TX,32.808224,-96.67772,259900,148.0,,251800.0,2113.0,3.0,2.0,1760.0,1968.0,8363.52,singleFamily,2,274970.0,2025,https://www.zillow.com,https://photos.zillowstatic.com/fp/d2089e4b1d73c02c53a140b0b9a972d1-p_c.jpg,2026-06-29 12:29,For Sale
26756362,6322 Orchid Ln,75230,Dallas,TX,32.89228,-96.79725,2525000,460.0,,2379100.0,7975.0,5.0,6.0,5488.0,2004.0,0.257,singleFamily,2,2723810.0,2025,https://www.zillow.com,https://photos.zillowstatic.com/fp/0a65f0920682548e6a3efd70ada49df5-p_c.jpg,2026-06-29 12:29,For Sale
26879986,12635 High Meadow Mews,75244,Dallas,TX,32.916634,-96.84984,899000,350.0,,853600.0,3650.0,4.0,3.0,2568.0,1966.0,0.33299999999999996,singleFamily,3,606630.0,2025,https://www.zillow.com,https://photos.zillowstatic.com/fp/f6d26be24e590965cc6b0ef24b227629-p_c.jpg,2026-06-29 12:29,For Sale
26717377,1126 N Windomere Ave,75208,Dallas,TX,32.758278,-96.8436,750000,416.0,-29000.0,,,3.0,2.0,1803.0,1925.0,7492.32,singleFamily,80,696410.0,2025,https://www.zillow.com,https://photos.zillowstatic.com/fp/51ab4b95869147bc69d5fb27f4ec7040-p_c.jpg,2026-06-29 12:29,For Sale
26703725,6044 Kenwood Ave,75206,Dallas,TX,32.833076,-96.76233,825000,475.0,,,,2.0,2.0,1736.0,1940.0,7187.4,singleFamily,3,779980.0,2025,https://www.zillow.com,https://photos.zillowstatic.com/fp/dd5162c093cd2cdadf1be36a61f43162-p_c.jpg,2026-06-29 12:29,For Sale
26706650,6722 Sondra Dr,75214,Dallas,TX,32.82644,-96.74501,2300000,464.0,,2190600.0,11351.0,5.0,6.0,4955.0,2014.0,7971.48,singleFamily,2,2054390.0,2025,https://www.zillow.com,https://photos.zillowstatic.com/fp/6f7f5e921c7d4b3e0d921e039d0754f9-p_c.jpg,2026-06-29 12:29,For Sale
53390066,1412 Santa Elena Plz,75211,Dallas,TX,32.733715,-96.915115,309500,164.0,-5500.0,308700.0,2794.0,4.0,3.0,1886.0,2000.0,6185.52,singleFamily,26,329800.0,2025,https://www.zillow.com,https://photos.zillowstatic.com/fp/f28dcf185c978c70092bbfb0d19bf917-p_c.jpg,2026-06-29 12:29,For Sale
26763751,6326 Petain Ave,75227,Dallas,TX,32.776157,-96.7082,145900,116.0,,215400.0,1801.0,3.0,1.0,1258.0,1949.0,7143.84,singleFamily,0,249030.0,2025,https://www.zillow.com,https://photos.zillowstatic.com/fp/77f9512cb6db3c579e701674c9e1f986-p_c.jpg,2026-06-29 12:29,For Sale
26716866,1403 Cedar Oaks Blvd,75216,Dallas,TX,32.731136,-96.81925,249999,171.0,,299800.0,1815.0,3.0,2.0,1466.0,1941.0,10105.92,singleFamily,0,303840.0,2025,https://www.zillow.com,https://photos.zillowstatic.com/fp/05281b90f2602911bd41a391812a0158-p_c.jpg,2026-06-29 12:29,For Sale
162248556,5703 Van Winkle Blvd,75235,Dallas,TX,32.815895,-96.857765,155000,197.0,,200900.0,1867.0,2.0,1.0,785.0,1950.0,6577.56,singleFamily,0,202580.0,2025,https://www.zillow.com,https://photos.zillowstatic.com/fp/67de110299a0816a189722a2a5a56ccf-p_c.jpg,2026-06-29 12:29,For Sale
26859722,13747 Flagstone Ln,75240,Dallas,TX,32.93215,-96.765,249900,177.0,,268000.0,1673.0,2.0,2.0,1408.0,1970.0,5793.48,townhome,0,284440.0,2025,https://www.zillow.com,https://photos.zillowstatic.com/fp/a85242c31542c7e19d287a4104920f3a-p_c.jpg,2026-06-29 12:29,For Sale
26707377,6829 Santa Maria Ln,75214,Dallas,TX,32.83995,-96.74181,999000,477.0,-100000.0,964500.0,5597.0,3.0,3.0,2096.0,1963.0,8973.36,singleFamily,45,841500.0,2025,https://www.zillow.com,https://photos.zillowstatic.com/fp/e777a5df647476da480c1ed0b5ce0c23-p_c.jpg,2026-06-29 12:29,For Sale
248827889,3614 Latimer St,75215,Dallas,TX,32.761738,-96.765976,337000,170.0,,335100.0,2547.0,4.0,3.0,1977.0,2026.0,6272.64,singleFamily,17,64230.0,2025,https://www.zillow.com,https://photos.zillowstatic.com/fp/7b39c926ea106c7e2c17a33839f565c0-p_c.jpg,2026-06-29 12:29,For Sale
26728734,1306 Woodlawn Ave,75208,Dallas,TX,32.75984,-96.82937,795000,419.0,,757500.0,4895.0,2.0,2.0,1898.0,1939.0,7666.56,singleFamily,4,1057020.0,2025,https://www.zillow.com,https://photos.zillowstatic.com/fp/842fe7f922be03c773235bdad4091454-p_c.jpg,2026-06-29 12:29,For Sale
333140687,427 W 10th St #502,75208,Dallas,TX,32.74545,-96.82964,439000,270.0,-10000.0,429300.0,3052.0,2.0,3.0,1625.0,2018.0,0.724,condo,60,403800.0,2025,https://www.zillow.com,https://photos.zillowstatic.com/fp/48e8c0d94a0efbd0596b119cd3d6d73e-p_c.jpg,2026-06-29 12:29,For Sale
26805775,3974 Boca Bay Dr,75244,Dallas,TX,32.91606,-96.84688,899000,325.0,,895500.0,4568.0,4.0,3.0,2763.0,1965.0,0.281,singleFamily,0,673450.0,2025,https://www.zillow.com,https://photos.zillowstatic.com/fp/553d1b3c0f60d1af1edb00f73c7e3e05-p_c.jpg,2026-06-29 12:29,For Sale
26805952,3923 Weeburn Dr,75229,Dallas,TX,32.90733,-96.847534,1250000,458.0,,1191500.0,5633.0,4.0,3.0,2727.0,1964.0,0.367,singleFamily,10,1196530.0,2025,https://www.zillow.com,https://photos.zillowstatic.com/fp/8bbc23a558ee2780f176e9e2e66140e9-p_c.jpg,2026-06-29 12:29,For Sale
69677337,4130 Newton Ave APT F,75219,Dallas,TX,32.81827,-96.80567,229000,190.0,-21000.0,220500.0,2268.0,1.0,2.0,1208.0,1974.0,9191.16,condo,43,320120.0,2025,https://www.zillow.com,https://photos.zillowstatic.com/fp/c40a6de5799a1cafea5a255068e0d553-p_c.jpg,2026-06-29 12:29,For Sale
26747606,6317 E University Blvd,75214,Dallas,TX,32.846394,-96.754456,1295000,502.0,,,,4.0,4.0,2579.0,1961.0,0.272,singleFamily,3,716420.0,2025,https://www.zillow.com,https://photos.zillowstatic.com/fp/c05355cfc863b760cc35a45ce2477354-p_c.jpg,2026-06-29 12:29,For Sale
26586072,4208 Bretton Bay Cir,75287,Dallas,TX,32.99047,-96.83813,708000,190.0,-20985.0,689600.0,6119.0,5.0,5.0,3731.0,1978.0,0.29,singleFamily,67,854163.0,2025,https://www.zillow.com,https://photos.zillowstatic.com/fp/0d1b05968138dd2efb376093cef5f2a7-p_c.jpg,2026-06-29 12:29,For Sale
26898419,5901 Palo Pinto Ave,75206,Dallas,TX,32.820164,-96.76564,1600000,438.0,,1527300.0,7119.0,4.0,3.0,3649.0,1915.0,8825.256,singleFamily,3,1008920.0,2025,https://www.zillow.com,https://photos.zillowstatic.com/fp/e32c2ce21ee20e225d62cc247244f4c3-p_c.jpg,2026-06-29 12:29,For Sale
26880423,4115 Calculus Dr,75244,Dallas,TX,32.91821,-96.842964,1100000,361.0,,,,4.0,4.0,3045.0,1972.0,0.296,singleFamily,2,1041880.0,2025,https://www.zillow.com,https://photos.zillowstatic.com/fp/fc0559ec03a99c644dc2a32e08438035-p_c.jpg,2026-06-29 12:29,For Sale
61869923,4411 McKinney Ave APT 13,75205,Dallas,TX,32.820244,-96.78932,625000,337.0,,,,2.0,3.0,1854.0,2001.0,,condo,1,584010.0,2025,https://www.zillow.com,https://photos.zillowstatic.com/fp/7bb7ea34d91c14f297c48548a6b7d0f2-p_c.jpg,2026-06-29 12:29,For Sale
26828684,3042 Kiestridge Dr,75233,Dallas,TX,32.708946,-96.88388,250000,105.0,,247300.0,2386.0,3.0,2.0,2377.0,1970.0,9016.92,singleFamily,3,307650.0,2025,https://www.zillow.com,https://photos.zillowstatic.com/fp/fcdf9417b370438e9d121615ada80e9f-p_c.jpg,2026-06-29 12:29,For Sale
96508124,4607 Metropolitan Ave,75210,Dallas,TX,32.778957,-96.745674,265000,187.0,-7800.0,,1892.0,3.0,2.0,1415.0,2026.0,5662.8,singleFamily,66,40170.0,2025,https://www.zillow.com,https://photos.zillowstatic.com/fp/a8fe76d9dd50a73d7c8fa0581b165d53-p_c.jpg,2026-06-29 12:29,For Sale
26682434,4900 Victor St,75214,Dallas,TX,32.797035,-96.76548,875000,310.0,,847400.0,4515.0,3.0,3.0,2826.0,1984.0,9191.16,singleFamily,2,860870.0,2025,https://www.zillow.com,https://photos.zillowstatic.com/fp/2331f2d63297e92bbf3cb8174d468faf-p_c.jpg,2026-06-29 12:29,For Sale
26884919,11312 Cotillion Dr,75228,Dallas,TX,32.84817,-96.65216,349900,136.0,,344500.0,3180.0,4.0,3.0,2567.0,1965.0,9104.04,singleFamily,26,376180.0,2025,https://www.zillow.com,https://photos.zillowstatic.com/fp/09276c83223e1ae6813e15f8057e96cb-p_c.jpg,2026-06-29 12:29,For Sale
26758220,4506 Isabella Ln,75229,Dallas,TX,32.88928,-96.83244,8400000,1888.0,,,,6.0,8.0,4449.0,1997.0,1.01,singleFamily,6,4309000.0,2025,https://www.zillow.com,https://photos.zillowstatic.com/fp/d8283c53bb83c9322b7d7a9955afe7e0-p_c.jpg,2026-06-29 12:29,For Sale
26807218,10144 Rockmoor Ct,75229,Dallas,TX,32.88554,-96.857185,1750000,360.0,,,,5.0,7.0,4867.0,2026.0,0.324,singleFamily,1,400000.0,2025,https://www.zillow.com,https://photos.zillowstatic.com/fp/f3efe40447a481fb57f0cdff21e30a9e-p_c.jpg,2026-06-29 12:29,For Sale
26690781,5344 Richard Ave,75206,Dallas,TX,32.818916,-96.77793,1189000,502.0,,,,3.0,2.0,2367.0,1930.0,9321.84,singleFamily,0,980350.0,2025,https://www.zillow.com,https://photos.zillowstatic.com/fp/9068ee99189e17061929ce2b2f3b6ac2-p_c.jpg,2026-06-29 12:29,For Sale
53390345,509 Elm St APT 503,75202,Dallas,TX,32.779938,-96.807526,239000,283.0,-6000.0,230100.0,1773.0,1.0,1.0,845.0,1930.0,10018.8,condo,53,251840.0,2025,https://www.zillow.com,https://photos.zillowstatic.com/fp/cf35cb8ff9ebd3fc421096ba71feeb82-p_c.jpg,2026-06-29 12:29,For Sale
26784662,3230 Rock Bluff Dr,75227,Dallas,TX,32.765625,-96.69388,300000,167.0,,,2438.0,3.0,2.0,1800.0,1958.0,9626.76,singleFamily,10,292430.0,2025,https://www.zillow.com,https://photos.zillowstatic.com/fp/0e11ca6511bd82ff27c6a67897d69e96-p_c.jpg,2026-06-29 12:29,For Sale
26739842,9035 San Benito Way,75218,Dallas,TX,32.822525,-96.702446,1779000,414.0,,1724500.0,7682.0,4.0,5.0,4300.0,2026.0,9583.2,singleFamily,1,441580.0,2025,https://www.zillow.com,https://photos.zillowstatic.com/fp/678df14ef6101e4e9f8c19b370b60944-p_c.jpg,2026-06-29 12:29,For Sale
444242369,8181 Douglas Ave #Penthouse 9-12,75225,Dallas,TX,32.86198,-96.80891,17500000,1228.0,,,,5.0,13.0,14250.0,1982.0,0.4255,condo,57,,,https://www.zillow.com,https://photos.zillowstatic.com/fp/740a8ec79973c1a2fb3483c4cdf6d421-p_c.jpg,2026-06-29 12:29,For Sale
96496406,2123 Southerland Ave,75203,Dallas,TX,32.726994,-96.791306,575000,211.0,-24999.0,,,4.0,4.0,2727.0,2020.0,0.3,singleFamily,16,580670.0,2025,https://www.zillow.com,https://photos.zillowstatic.com/fp/2ac968c18c9baec302a54fb67b10b2a2-p_c.jpg,2026-06-29 12:29,For Sale
26773376,322 W Brownlee Ave,75224,Dallas,TX,32.709957,-96.82748,290000,187.0,,289400.0,2716.0,3.0,2.0,1551.0,2026.0,7274.52,singleFamily,24,70000.0,2025,https://www.zillow.com,https://photos.zillowstatic.com/fp/ad351ef474eb61e09fb4a69f0fa02722-p_c.jpg,2026-06-29 12:29,For Sale
26912783,9321 Highedge Cir,75238,Dallas,TX,32.873352,-96.73035,550000,278.0,,531700.0,2993.0,3.0,3.0,1979.0,1985.0,0.26,singleFamily,9,390840.0,2025,https://www.zillow.com,https://photos.zillowstatic.com/fp/f815e735f5ade3b85700ec6bd464b9f0-p_c.jpg,2026-06-29 12:29,For Sale
96514266,1815 Kingsley Dr,75216,Dallas,TX,32.688026,-96.79526,27500,,-2500.0,,1425.0,,,,,0.622,land,580,112500.0,2025,https://www.zillow.com,https://photos.zillowstatic.com/fp/7ca35be8edb4200e90775bb805a47094-p_c.jpg,2026-06-29 12:29,For Sale
26808184,3326 Regent Dr,75229,Dallas,TX,32.893864,-96.86677,875000,349.0,,838400.0,4313.0,4.0,3.0,2510.0,1958.0,10062.36,singleFamily,2,686000.0,2025,https://www.zillow.com,https://photos.zillowstatic.com/fp/db9d49b35d9f5333ee30458a90f201ae-p_c.jpg,2026-06-29 12:29,For Sale
96490665,7817 Red Spring Rd,75241,Dallas,TX,32.65218,-96.82145,415000,189.0,-10000.0,,,4.0,3.0,2190.0,2026.0,5488.56,singleFamily,82,240880.0,2025,https://www.zillow.com,https://photos.zillowstatic.com/fp/ad5f818bb79d7fce838087aae0a2308a-p_c.jpg,2026-06-29 12:29,For Sale
26680521,3528 Colonial Ave,75215,Dallas,TX,32.757835,-96.77173,225000,69.0,,,2614.0,17.0,5.0,3252.0,1916.0,4835.16,multiFamily,169,281210.0,2025,https://www.zillow.com,https://photos.zillowstatic.com/fp/058c8839fb916be56e561086ca9cc87d-p_c.jpg,2026-06-29 12:29,For Sale
26874199,6631 Fireflame Dr,75248,Dallas,TX,32.960667,-96.79233,829900,331.0,,,,4.0,3.0,2506.0,1978.0,7492.32,singleFamily,12,540750.0,2025,https://www.zillow.com,https://photos.zillowstatic.com/fp/365949c8946bb9ab043a62d1308d2d8a-p_c.jpg,2026-06-29 12:29,For Sale
96514370,2418 Merlin St,75215,Dallas,TX,32.77463,-96.77442,299900,180.0,14900.0,293200.0,2714.0,3.0,3.0,1669.0,2025.0,,singleFamily,345,90000.0,2025,https://www.zillow.com,https://photos.zillowstatic.com/fp/91b90021b7264137b0710455580e2b4f-p_c.jpg,2026-06-29 12:29,For Sale
461184314,7912 Hanover St,75225,Dallas,TX,32.854694,-96.771194,25000000,5923.0,,2444700.0,6427.0,5.0,5.0,4221.0,2013.0,8960.292,singleFamily,0,,,https://www.zillow.com,https://www.zillowstatic.com/static/images/nophoto_p_c.png,2026-06-29 12:29,For Sale
26792625,3888 Walnut Hill Ln,75229,Dallas,TX,32.880016,-96.849236,2395000,461.0,,,,5.0,6.0,5200.0,2026.0,0.51,singleFamily,24,510910.0,2025,https://www.zillow.com,https://photos.zillowstatic.com/fp/89bf8e08ef5c913db7925a9f0c33070a-p_c.jpg,2026-06-29 12:29,For Sale
248828051,8121 Ferguson Rd,75228,Dallas,TX,32.80433,-96.71146,465000,150.0,-10000.0,453800.0,2045.0,6.0,4.0,3098.0,1969.0,10628.64,multiFamily,39,514650.0,2025,https://www.zillow.com,https://photos.zillowstatic.com/fp/ad1b13fecf71156c1981f4d68a558ea5-p_c.jpg,2026-06-29 12:29,For Sale
26712869,1414 Kings Hwy,75208,Dallas,TX,32.752922,-96.844246,699000,374.0,,672200.0,3622.0,3.0,2.0,1868.0,1921.0,7274.52,singleFamily,4,650000.0,2025,https://www.zillow.com,https://photos.zillowstatic.com/fp/a0af46e3008ffa1b0f0abba843167c5c-p_c.jpg,2026-06-29 12:29,For Sale
96522330,3210 Carpenter Ave,75215,Dallas,TX,32.762043,-96.75075,394900,199.0,,,1258.0,4.0,3.0,1988.0,2026.0,9365.4,singleFamily,2,65000.0,2025,https://www.zillow.com,https://photos.zillowstatic.com/fp/8de4aa2260a00da0412b0e7c4beb67d4-p_c.jpg,2026-06-29 12:29,For Sale
96512572,6929 Tessla Dr,75241,Dallas,TX,32.66454,-96.79554,295000,157.0,,,,3.0,3.0,1877.0,2018.0,6882.48,singleFamily,2,301400.0,2025,https://www.zillow.com,https://photos.zillowstatic.com/fp/ffc1492bae7146bd1099660408ef02c6-p_c.jpg,2026-06-29 12:29,For Sale
26787721,3611 Marsh Lane Pl,75220,Dallas,TX,32.87962,-96.85696,525000,209.0,-50000.0,,,3.0,3.0,2512.0,1953.0,10846.44,singleFamily,82,575000.0,2025,https://www.zillow.com,https://photos.zillowstatic.com/fp/acb7031a247e670b8196f34514758855-p_c.jpg,2026-06-29 12:29,For Sale
26931516,9811 Walnut St #203,75243,Dallas,TX,32.922836,-96.71392,78000,87.0,-2000.0,,1420.0,2.0,2.0,894.0,1981.0,8.814,condo,51,107280.0,2025,https://www.zillow.com,https://photos.zillowstatic.com/fp/70e0ca790be601ecdcc67ffe06ba2c04-p_c.jpg,2026-06-29 12:29,For Sale
26900699,14151 Montfort Dr APT 252,75254,Dallas,TX,32.941467,-96.81606,250000,189.0,50000.0,,,2.0,2.0,1323.0,1981.0,10.632,singleFamily,10,238140.0,2025,https://www.zillow.com,https://photos.zillowstatic.com/fp/6171f7d31bf84dfb29d625a7f09e414d-p_c.jpg,2026-06-29 12:29,For Sale
53097247,5357 Gatesworth Ln,75287,Dallas,TX,33.00546,-96.81871,3500,1.0,,711700.0,3552.0,4.0,4.0,3077.0,1997.0,8712.0,singleFamily,2,666996.0,2025,https://www.zillow.com,https://photos.zillowstatic.com/fp/064aa997360cd73528772d2d6443ac3c-p_c.jpg,2026-06-29 12:29,For Sale
26811097,10355 Carry Back Cir,75229,Dallas,TX,32.886555,-96.87324,679000,292.0,-10000.0,,,4.0,3.0,2322.0,1965.0,0.27299999999999996,singleFamily,166,625280.0,2025,https://www.zillow.com,https://photos.zillowstatic.com/fp/49e8a53353453a98c8ef306b64b4de2a-p_c.jpg,2026-06-29 12:29,For Sale
26757939,5214 Royal Ln,75229,Dallas,TX,32.89423,-96.81772,10995000,992.0,,9924000.0,2604.0,5.0,8.0,11081.0,2017.0,1.785,singleFamily,58,7303740.0,2025,https://www.zillow.com,https://photos.zillowstatic.com/fp/cb56097d67c82b550b194c5e17cdb825-p_c.jpg,2026-06-29 12:29,For Sale
26915309,6319 Lake Bluff Dr,75249,Dallas,TX,32.645866,-96.96924,425900,160.0,-14100.0,420700.0,6178.0,4.0,3.0,2662.0,1989.0,8668.44,singleFamily,38,401520.0,2025,https://www.zillow.com,https://photos.zillowstatic.com/fp/14843502ca97761cfa25df5591962e6b-p_c.jpg,2026-06-29 12:29,For Sale
26831952,10450 Solta Dr,75218,Dallas,TX,32.860786,-96.70644,1275000,371.0,,1229800.0,6094.0,4.0,5.0,3439.0,2018.0,7884.36,singleFamily,10,1019330.0,2025,https://www.zillow.com,https://photos.zillowstatic.com/fp/18df4349af328fd6920f3d9d5812980f-p_c.jpg,2026-06-29 12:29,For Sale
26850712,707 Bondstone Dr,75218,Dallas,TX,32.85229,-96.70435,864000,347.0,,828800.0,4079.0,3.0,2.0,2488.0,1962.0,0.302,singleFamily,12,875000.0,2025,https://www.zillow.com,https://photos.zillowstatic.com/fp/2bab055a967e3bcdf0e86d9598fb2e61-p_c.jpg,2026-06-29 12:29,For Sale
26701044,7159 Wildgrove Ave,75214,Dallas,TX,32.81608,-96.73312,2197000,533.0,-103000.0,,,5.0,5.0,4120.0,2026.0,9060.48,singleFamily,52,818680.0,2025,https://www.zillow.com,https://photos.zillowstatic.com/fp/c3eb07c41db5dda388f419e2f5b786e8-p_c.jpg,2026-06-29 12:29,For Sale
60346601,13329 Southview Ln,75240,Dallas,TX,32.929558,-96.76768,275000,170.0,,,,3.0,2.0,1618.0,1968.0,4878.72,singleFamily,55,242430.0,2025,https://www.zillow.com,https://photos.zillowstatic.com/fp/d3f6a62f58a643135991119e237adf46-p_c.jpg,2026-06-29 12:29,For Sale
26790707,3705 Seguin Dr,75220,Dallas,TX,32.878757,-96.855865,500000,208.0,-25000.0,499200.0,3734.0,3.0,2.0,2399.0,1951.0,9278.28,singleFamily,228,673540.0,2025,https://www.zillow.com,https://photos.zillowstatic.com/fp/0498695e56b0ae321fd47dcd9ef8ad25-p_c.jpg,2026-06-29 12:29,For Sale
26680077,4129 Bowser Ave,75219,Dallas,TX,32.816257,-96.80915,786000,199.0,,,,3.0,3.0,3956.0,1927.0,6141.96,singleFamily,31,1039410.0,2025,https://www.zillow.com,https://photos.zillowstatic.com/fp/58aaeebd5318249c8317fa1e5fe51600-p_c.jpg,2026-06-29 12:29,For Sale
26927701,4023 Wycliff Ave APT 204,75219,Dallas,TX,32.819965,-96.807594,275000,187.0,,265400.0,3200.0,3.0,2.0,1470.0,1965.0,0.263,condo,45,330000.0,2025,https://www.zillow.com,https://photos.zillowstatic.com/fp/feafb3b3e33f580f691b017c6d51886a-p_c.jpg,2026-06-29 12:29,For Sale
26684099,5621 Tremont St,75214,Dallas,TX,32.804237,-96.75859,925000,272.0,,,,4.0,4.0,3399.0,1950.0,8232.84,singleFamily,18,651600.0,2025,https://www.zillow.com,https://photos.zillowstatic.com/fp/4791032a3abc80559504e71103a490b7-p_c.jpg,2026-06-29 12:29,For Sale
26931379,9803 Walnut St #102,75243,Dallas,TX,32.922836,-96.71392,55000,83.0,,69600.0,1117.0,1.0,1.0,662.0,1981.0,8.814,condo,2,84410.0,2025,https://www.zillow.com,https://photos.zillowstatic.com/fp/7972b59be7e43085134113b4832cc171-p_c.jpg,2026-06-29 12:29,For Sale
26721244,1818 Marfa Ave,75216,Dallas,TX,32.703957,-96.7982,390000,151.0,,,,4.0,3.0,2583.0,2026.0,7165.62,singleFamily,9,80000.0,2025,https://www.zillow.com,https://photos.zillowstatic.com/fp/f61083d0cb516682a10eb07429b3afc0-p_c.jpg,2026-06-29 12:29,For Sale
26826987,3837 Kimball Ridge Dr,75233,Dallas,TX,32.696194,-96.882164,345000,162.0,,337900.0,2597.0,3.0,3.0,2135.0,1963.0,0.29,singleFamily,26,378540.0,2025,https://www.zillow.com,https://photos.zillowstatic.com/fp/00784e694009095c972ee232cb405146-p_c.jpg,2026-06-29 12:29,For Sale
26873499,7429 La Manga Dr,75248,Dallas,TX,32.97071,-96.77946,749900,342.0,,724900.0,4346.0,4.0,3.0,2192.0,1972.0,8929.8,singleFamily,2,631900.0,2025,https://www.zillow.com,https://photos.zillowstatic.com/fp/e17dd7771aa4ac413e8cd02b78b51680-p_c.jpg,2026-06-29 12:29,For Sale
26899394,9233 Church Rd APT 103,75231,Dallas,TX,32.886517,-96.73183,345000,251.0,,334900.0,1976.0,3.0,2.0,1377.0,1981.0,1.477,condo,1,289170.0,2025,https://www.zillow.com,https://photos.zillowstatic.com/fp/2830840fa2653750433c99484460cc05-p_c.jpg,2026-06-29 12:29,For Sale
338034484,8183 Mary Curran Ct,75252,Dallas,TX,32.98485,-96.76246,865000,322.0,,839300.0,3386.0,4.0,4.0,2683.0,2021.0,5488.56,singleFamily,2,804230.0,2025,https://www.zillow.com,https://photos.zillowstatic.com/fp/897af4bbf81f8c4fa7e837f9e2b4c247-p_c.jpg,2026-06-29 12:29,For Sale
26876653,17214 Club Hill Dr,75248,Dallas,TX,32.98387,-96.814285,6595000,736.0,-404000.0,,,5.0,7.0,8964.0,1982.0,9234.72,singleFamily,80,4747970.0,2025,https://www.zillow.com,https://photos.zillowstatic.com/fp/5f5b8ed2c8c6df84539b3325cf678bd5-p_c.jpg,2026-06-29 12:29,For Sale
26805887,4044 Boca Bay Dr,75244,Dallas,TX,32.915993,-96.844955,849000,351.0,,814600.0,4254.0,4.0,3.0,2416.0,1962.0,0.268,singleFamily,2,766000.0,2025,https://www.zillow.com,https://photos.zillowstatic.com/fp/a6b60a5ff798c149e2214c36f46be138-p_c.jpg,2026-06-29 12:29,For Sale
26742743,10331 Eastwood Dr,75228,Dallas,TX,32.836155,-96.682785,550000,297.0,,542900.0,1987.0,3.0,2.0,1850.0,2026.0,0.257,singleFamily,13,252970.0,2025,https://www.zillow.com,https://photos.zillowstatic.com/fp/410b97ed93a67116aefc0ab1e370fc47-p_c.jpg,2026-06-29 12:29,For Sale
26718221,919 Salmon Dr,75208,Dallas,TX,32.757355,-96.83844,599000,444.0,,572500.0,2481.0,2.0,1.0,1350.0,1930.0,7492.32,singleFamily,9,550410.0,2025,https://www.zillow.com,https://photos.zillowstatic.com/fp/08e176f74b18564e95d77baf387534e4-p_c.jpg,2026-06-29 12:29,For Sale
26910479,3232 Rosebank Dr,75228,Dallas,TX,32.806366,-96.678185,299900,218.0,,295700.0,2085.0,3.0,2.0,1373.0,1993.0,3789.72,singleFamily,0,238390.0,2025,https://www.zillow.com,https://photos.zillowstatic.com/fp/fd9572fa2b5c00a7745e7be29f4e1846-p_c.jpg,2026-06-29 12:29,For Sale
26867370,9863 Elmcrest Dr,75238,Dallas,TX,32.883846,-96.72905,1990000,373.0,,1896100.0,6200.0,5.0,6.0,5340.0,1966.0,0.323,singleFamily,33,1645000.0,2025,https://www.zillow.com,https://photos.zillowstatic.com/fp/9e24b2724eab4550cf3285f5c3d8aee0-p_c.jpg,2026-06-29 12:29,For Sale
26753128,6930 Pemberton Dr,75230,Dallas,TX,32.890812,-96.78589,4295000,574.0,,4088800.0,7048.0,5.0,8.0,7488.0,2026.0,0.33699999999999997,singleFamily,3,807110.0,2025,https://www.zillow.com,https://photos.zillowstatic.com/fp/222e57e491a3eb0d423c9cc0d32da74c-p_c.jpg,2026-06-29 12:29,For Sale
26812269,3048 Airhaven St,75229,Dallas,TX,32.905598,-96.874115,335000,174.0,-15000.0,,,3.0,2.0,1928.0,1981.0,5314.32,singleFamily,128,391660.0,2025,https://www.zillow.com,https://photos.zillowstatic.com/fp/504c796b67f901725a3a0ed28532582c-p_c.jpg,2026-06-29 12:29,For Sale
96507257,3231 Fairview Ave,75223,Dallas,TX,32.78969,-96.73935,348000,218.0,,343600.0,2375.0,4.0,2.0,1600.0,2023.0,7492.32,singleFamily,73,306830.0,2025,https://www.zillow.com,https://photos.zillowstatic.com/fp/c5ec89f37caa22067edfafa6e023aa7e-p_c.jpg,2026-06-29 12:29,For Sale
26803813,5907 Northaven Rd,75230,Dallas,TX,32.90257,-96.80726,1990000,686.0,-110000.0,1884400.0,7028.0,4.0,3.0,2900.0,1959.0,0.474,singleFamily,22,1285750.0,2025,https://www.zillow.com,https://photos.zillowstatic.com/fp/ca34456e9caf61266e8aa35b73fa98e9-p_c.jpg,2026-06-29 12:29,For Sale
26723956,1310 Elmwood Blvd,75224,Dallas,TX,32.72984,-96.84375,294900,234.0,,294600.0,2587.0,3.0,2.0,1261.0,1941.0,7623.0,singleFamily,1,253750.0,2025,https://www.zillow.com,https://photos.zillowstatic.com/fp/d22027b272fd3cba2a6f52329d39dae4-p_c.jpg,2026-06-29 12:29,For Sale
80221303,5702 Hudson St #6,75206,Dallas,TX,32.809727,-96.768364,440000,351.0,120000.0,426700.0,2815.0,2.0,3.0,1255.0,2005.0,9713.88,multiFamily,0,389000.0,2025,https://www.zillow.com,https://photos.zillowstatic.com/fp/b7011d67569e4515b1fcb60118f223cc-p_c.jpg,2026-06-29 12:29,For Sale
26715598,2404 Maryland Ave,75216,Dallas,TX,32.718815,-96.81294,250000,208.0,,236400.0,1875.0,2.0,2.0,1200.0,1925.0,7405.2,multiFamily,67,246000.0,2025,https://www.zillow.com,https://photos.zillowstatic.com/fp/6260a1ce53211b0b4d733c02dd60e959-p_c.jpg,2026-06-29 12:29,For Sale
89377914,1648 Tampa Bay Dr,75217,Dallas,TX,32.68452,-96.66233,239900,155.0,-5100.0,237400.0,2158.0,4.0,2.0,1549.0,2008.0,7492.32,singleFamily,46,264270.0,2025,https://www.zillow.com,https://photos.zillowstatic.com/fp/9da7957083a83c11d834b0eebb0ed3e7-p_c.jpg,2026-06-29 12:29,For Sale
26725943,8832 Antrim Dr,75218,Dallas,TX,32.82702,-96.711845,650000,294.0,-65000.0,642400.0,3359.0,3.0,3.0,2214.0,1955.0,0.281,singleFamily,72,688290.0,2025,https://www.zillow.com,https://photos.zillowstatic.com/fp/7c0319ca3f062aeff769552aafcd173b-p_c.jpg,2026-06-29 12:29,For Sale
53389844,2218 Ash Grove Way,75228,Dallas,TX,32.811115,-96.70503,649999,279.0,-19001.0,,,4.0,3.0,2329.0,2001.0,4617.36,singleFamily,52,583460.0,2025,https://www.zillow.com,https://photos.zillowstatic.com/fp/9957113ca0124e7c50f4e4bd6bf57483-p_c.jpg,2026-06-29 12:29,For Sale
96509010,2417 Worthington St,75204,Dallas,TX,32.7967,-96.79934,975000,359.0,,940100.0,5968.0,3.0,4.0,2716.0,2011.0,1481.04,singleFamily,2,808000.0,2025,https://www.zillow.com,https://photos.zillowstatic.com/fp/e55e1844f9aa888f7b08b7159732ac3a-p_c.jpg,2026-06-29 12:29,For Sale
26844858,7009 Eudora Dr,75230,Dallas,TX,32.904064,-96.78615,1750000,533.0,,,,4.0,4.0,3283.0,1956.0,0.34600000000000003,singleFamily,3,1350950.0,2025,https://www.zillow.com,https://photos.zillowstatic.com/fp/93b7ce9a107146d5ed5a5c4551ec7a0c-p_c.jpg,2026-06-29 12:29,For Sale
26933528,3922 Travis St APT 5,75204,Dallas,TX,32.81178,-96.796135,549000,531.0,,528500.0,2301.0,2.0,2.0,1033.0,1985.0,0.6819999999999999,condo,6,500000.0,2025,https://www.zillow.com,https://photos.zillowstatic.com/fp/94768c640421238f40b47a0132828b68-p_c.jpg,2026-06-29 12:29,For Sale
26785636,5320 Elkridge Dr,75227,Dallas,TX,32.790108,-96.705605,385000,173.0,-10000.0,381500.0,3521.0,3.0,3.0,2226.0,1966.0,8581.32,singleFamily,79,374960.0,2025,https://www.zillow.com,https://photos.zillowstatic.com/fp/255ad6ddea9b011366c20de836a8b447-p_c.jpg,2026-06-29 12:29,For Sale
162361676,9946 Vistadale Dr,75238,Dallas,TX,32.888195,-96.71434,785000,343.0,,,,4.0,3.0,2286.0,1966.0,8799.12,singleFamily,3,583000.0,2025,https://www.zillow.com,https://photos.zillowstatic.com/fp/c515e35fc0ce64b7e10ecf808ffe36ed-p_c.jpg,2026-06-29 12:29,For Sale
26806508,10564 Cox Ln,75229,Dallas,TX,32.891514,-96.85379,1399000,474.0,,,,4.0,4.0,2950.0,1972.0,0.3,singleFamily,0,1114010.0,2025,https://www.zillow.com,https://photos.zillowstatic.com/fp/9b8e0d1f025453fa64b830ffa39193bd-p_c.jpg,2026-06-29 12:29,For Sale
26830112,2224 Lakeland Dr,75228,Dallas,TX,32.813053,-96.70301,399900,278.0,,392900.0,2164.0,3.0,2.0,1438.0,1956.0,0.306,singleFamily,23,407780.0,2025,https://www.zillow.com,https://photos.zillowstatic.com/fp/51d5b71de0f145799d6a97eb434e7245-p_c.jpg,2026-06-29 12:29,For Sale
67964626,1505 Elm St APT 1003,75201,Dallas,TX,32.78161,-96.79958,325000,159.0,,319000.0,4804.0,3.0,3.0,2045.0,1957.0,10018.8,condo,25,398780.0,2025,https://www.zillow.com,https://photos.zillowstatic.com/fp/9e0b36dde1f8e854f608cb613e84094c-p_c.jpg,2026-06-29 12:29,For Sale
26876571,5435 Bent Tree Dr,75248,Dallas,TX,32.980324,-96.81345,1649500,363.0,,1698800.0,7966.0,4.0,5.0,4545.0,1977.0,0.571,singleFamily,6,2503270.0,2025,https://www.zillow.com,https://photos.zillowstatic.com/fp/5e518612df7e0fe67650058645512d22-p_c.jpg,2026-06-29 12:29,For Sale
26863657,7717 Meadowhaven Dr,75254,Dallas,TX,32.948135,-96.773544,989000,355.0,-10000.0,947300.0,3654.0,4.0,4.0,2785.0,1968.0,0.302,singleFamily,17,634100.0,2025,https://www.zillow.com,https://photos.zillowstatic.com/fp/595ccd347a9fc6ea432ae15fac2956bd-p_c.jpg,2026-06-29 12:29,For Sale
67962082,3164 Saint Dominic Cir,75233,Dallas,TX,32.709225,-96.87288,294900,150.0,,,,4.0,3.0,1960.0,2004.0,8058.6,singleFamily,12,298530.0,2025,https://www.zillow.com,https://photos.zillowstatic.com/fp/108cfe79fb06d993b35985bd04a6d586-p_c.jpg,2026-06-29 12:29,For Sale
96535061,272 W Lawson Rd Trailer 231,75253,Dallas,TX,32.697445,-96.574326,109999,,-24996.0,,2080.0,3.0,2.0,0.0,2021.0,6500.0,manufactured,198,4940.0,2020,https://www.zillow.com,https://photos.zillowstatic.com/fp/f57312f0cebc99483a2e0e7e75d0cb0f-p_c.jpg,2026-06-29 12:29,For Sale
26762471,4419 Lawnview Ave,75227,Dallas,TX,32.78305,-96.72165,179900,189.0,,174600.0,1596.0,2.0,1.0,950.0,1949.0,6403.32,singleFamily,19,201930.0,2025,https://www.zillow.com,https://photos.zillowstatic.com/fp/62db4fc6e9350773f014b7d2a195265d-p_c.jpg,2026-06-29 12:29,For Sale
26588499,4227 Country Brook Dr,75287,Dallas,TX,32.998318,-96.83688,599900,209.0,-25100.0,591700.0,4435.0,4.0,3.0,2876.0,1981.0,8276.4,singleFamily,121,616373.0,2025,https://www.zillow.com,https://photos.zillowstatic.com/fp/cdd69cb24ab39547da61dd60a773f461-p_c.jpg,2026-06-29 12:29,For Sale
26696399,5223 Colonial Ave,75215,Dallas,TX,32.744267,-96.759224,240000,145.0,,238600.0,2360.0,4.0,2.0,1656.0,2024.0,7013.16,singleFamily,72,433110.0,2025,https://www.zillow.com,https://photos.zillowstatic.com/fp/1ffb12a24ca85cf9a7cc33cbfa96e1b2-p_c.jpg,2026-06-29 12:29,For Sale
26691812,1848 McMillan Ave,75206,Dallas,TX,32.813263,-96.774414,1899500,567.0,,,,4.0,4.0,3352.0,2017.0,8058.6,singleFamily,2,1371310.0,2025,https://www.zillow.com,https://photos.zillowstatic.com/fp/4ae0c071935a4360c17f6c451d76a017-p_c.jpg,2026-06-29 12:29,For Sale
67961530,2522 Wilhurt Ave,75216,Dallas,TX,32.703674,-96.78344,149900,120.0,-10100.0,,2001.0,4.0,2.0,1244.0,1940.0,6359.76,singleFamily,29,246150.0,2025,https://www.zillow.com,https://photos.zillowstatic.com/fp/cf00a5b9db34c932e46b63392ef8d893-p_c.jpg,2026-06-29 12:29,For Sale
26849221,6437 Churchill Way,75230,Dallas,TX,32.917362,-96.79414,2695000,444.0,-100000.0,2603800.0,2436.0,5.0,6.0,6075.0,2025.0,0.367,singleFamily,174,480000.0,2025,https://www.zillow.com,https://photos.zillowstatic.com/fp/ed823a009df87030ba1eb3589e887095-p_c.jpg,2026-06-29 12:29,For Sale
26704284,5621 McCommas Blvd,75206,Dallas,TX,32.8302,-96.771515,1249000,532.0,,,,3.0,4.0,2346.0,1928.0,8232.84,singleFamily,17,934880.0,2025,https://www.zillow.com,https://photos.zillowstatic.com/fp/e7eceaed3175176cdb699eb147fea8b0-p_c.jpg,2026-06-29 12:29,For Sale
26874914,15817 El Estado Dr,75248,Dallas,TX,32.964634,-96.771416,328000,215.0,,319100.0,1955.0,3.0,2.0,1524.0,1968.0,4791.6,singleFamily,0,314640.0,2025,https://www.zillow.com,https://photos.zillowstatic.com/fp/fe1581da66466c858fafffba4833d8b9-p_c.jpg,2026-06-29 12:29,For Sale
27298910,17958 Brent Dr,75287,Dallas,TX,32.99651,-96.86179,450000,199.0,-25000.0,443000.0,2794.0,3.0,3.0,2256.0,1998.0,5000.688,singleFamily,18,409000.0,2025,https://www.zillow.com,https://photos.zillowstatic.com/fp/dfe1df8ee163112340228e46a1737c7b-p_c.jpg,2026-06-29 12:29,For Sale
26822323,6525 Palm Island St,75241,Dallas,TX,32.66635,-96.75114,150000,84.0,-10000.0,,2097.0,4.0,2.0,1790.0,1972.0,7535.88,singleFamily,67,256550.0,2025,https://www.zillow.com,https://photos.zillowstatic.com/fp/11599a24766e68ff098c5ca6bf9b3304-p_c.jpg,2026-06-29 12:29,For Sale
26782815,2913 Kellogg Ave,75216,Dallas,TX,32.713203,-96.79237,275000,156.0,-2500.0,,2423.0,4.0,2.0,1761.0,2019.0,7492.32,singleFamily,45,304040.0,2025,https://www.zillow.com,https://photos.zillowstatic.com/fp/3608d4aa1a9d4bf887d97ff1b11f8d42-p_c.jpg,2026-06-29 12:29,For Sale
26832901,3311 Rutz St,75212,Dallas,TX,32.782307,-96.84512,369900,158.0,-15100.0,361700.0,3813.0,3.0,3.0,2342.0,2022.0,3615.48,singleFamily,194,627880.0,2025,https://www.zillow.com,https://photos.zillowstatic.com/fp/390daf6a2b2e70f7daab7a12e99c9dc4-p_c.jpg,2026-06-29 12:29,For Sale
26794207,1944 Alhambra St,75217,Dallas,TX,32.74606,-96.69495,179000,128.0,,177800.0,1801.0,4.0,2.0,1401.0,1955.0,7893.072,singleFamily,6,209880.0,2025,https://www.zillow.com,https://photos.zillowstatic.com/fp/c24fddbfb37c134d7cb1a9877b1f5f4e-p_c.jpg,2026-06-29 12:29,For Sale
26748838,6233 Crestmont Dr,75214,Dallas,TX,32.853092,-96.75552,849900,398.0,-30000.0,820600.0,3777.0,3.0,3.0,2136.0,1963.0,9321.84,singleFamily,67,859020.0,2025,https://www.zillow.com,https://photos.zillowstatic.com/fp/fc6e243baec39ad13c6ffc5412d58dc8-p_c.jpg,2026-06-29 12:29,For Sale
26750994,6396 Abrams Ct,75231,Dallas,TX,32.86111,-96.74454,379000,256.0,-10000.0,374400.0,2282.0,2.0,2.0,1480.0,1980.0,4094.64,singleFamily,71,376000.0,2025,https://www.zillow.com,https://photos.zillowstatic.com/fp/6579eefe10fe52f79b6704876798de9f-p_c.jpg,2026-06-29 12:29,For Sale
26830750,2351 Saint Francis Ave,75228,Dallas,TX,32.806892,-96.70349,499000,260.0,,483200.0,2811.0,3.0,2.0,1918.0,1961.0,9016.92,singleFamily,2,457170.0,2025,https://www.zillow.com,https://photos.zillowstatic.com/fp/666d261373de5e8caca9b5bd4c80f982-p_c.jpg,2026-06-29 12:29,For Sale
26803295,11444 Parkchester Dr,75230,Dallas,TX,32.904186,-96.79878,4850000,721.0,,4599600.0,5825.0,5.0,7.0,6729.0,2025.0,0.378,singleFamily,6,905850.0,2025,https://www.zillow.com,https://photos.zillowstatic.com/fp/83af084f0e455e349137ef6055c39a54-p_c.jpg,2026-06-29 12:29,For Sale
162372942,6610 Southpoint Dr,75248,Dallas,TX,32.977703,-96.79332,1275000,339.0,-63750.0,1216000.0,5340.0,4.0,4.0,3765.0,1973.0,9539.64,singleFamily,36,962490.0,2025,https://www.zillow.com,https://photos.zillowstatic.com/fp/8ab8bc4ba0b976e4e3483d97af615283-p_c.jpg,2026-06-29 12:29,For Sale
26865881,9503 Summerhill Ln,75238,Dallas,TX,32.893238,-96.72212,439000,211.0,,426500.0,2637.0,3.0,3.0,2080.0,1978.0,9888.12,singleFamily,26,427630.0,2025,https://www.zillow.com,https://photos.zillowstatic.com/fp/f1f8a495b4a59ea4368ad643b83f3cd9-p_c.jpg,2026-06-29 12:29,For Sale
26913730,9339 Crimnson Ct,75217,Dallas,TX,32.67135,-96.66363,279900,217.0,,270400.0,2123.0,3.0,2.0,1287.0,1998.0,6198.588,singleFamily,2,244960.0,2025,https://www.zillow.com,https://photos.zillowstatic.com/fp/18e7ee0f3bdfb5a580025901a4058ec6-p_c.jpg,2026-06-29 12:29,For Sale
26858724,12025 Loch Ness Dr,75218,Dallas,TX,32.86031,-96.68953,799000,282.0,-51000.0,,,4.0,3.0,2837.0,1971.0,0.366,singleFamily,58,579740.0,2025,https://www.zillow.com,https://photos.zillowstatic.com/fp/21181737d9a23f60d9f8005ccd240bad-p_c.jpg,2026-06-29 12:29,For Sale
26739325,8522 Park Ln APT 15,75231,Dallas,TX,32.87035,-96.75758,220000,104.0,,211800.0,1989.0,3.0,3.0,2120.0,1979.0,1.235,condo,23,275600.0,2025,https://www.zillow.com,https://photos.zillowstatic.com/fp/93074ac32cf753c068a038fb0c32d087-p_c.jpg,2026-06-29 12:29,For Sale
26858880,10919 Ridgemeadow Dr,75218,Dallas,TX,32.85872,-96.69603,849900,377.0,,,,3.0,3.0,2253.0,1968.0,9060.48,singleFamily,24,629550.0,2025,https://www.zillow.com,https://photos.zillowstatic.com/fp/f3357b6424b129df0834bfe44e5c60d3-p_c.jpg,2026-06-29 12:29,For Sale
26839025,10811 Stone Canyon Pl,75230,Dallas,TX,32.894802,-96.77488,975000,287.0,,,,3.0,3.0,3397.0,1978.0,0.309,singleFamily,17,1555000.0,2025,https://www.zillow.com,https://photos.zillowstatic.com/fp/8e77754932583e097df299e53d659773-p_c.jpg,2026-06-29 12:29,For Sale
26912448,2306 Balvanera Plz,75211,Dallas,TX,32.717636,-96.90108,248000,165.0,,241600.0,2311.0,3.0,3.0,1506.0,2000.0,740.52,singleFamily,46,255430.0,2025,https://www.zillow.com,https://photos.zillowstatic.com/fp/c216ec23116e40e9dec01b99adc05429-p_c.jpg,2026-06-29 12:29,For Sale
442921644,15109 Caleb Dr,75253,Dallas,TX,32.685516,-96.56119,315000,152.0,,312200.0,2607.0,4.0,2.0,2078.0,2022.0,9452.52,singleFamily,1,339970.0,2025,https://www.zillow.com,https://photos.zillowstatic.com/fp/c2fbaf8a51a3b7dd155d7221c60abc18-p_c.jpg,2026-06-29 12:29,For Sale
26689519,5701 Velasco Ave,75206,Dallas,TX,32.821274,-96.76997,799000,498.0,,768100.0,3179.0,2.0,2.0,1603.0,1919.0,8102.16,singleFamily,46,619600.0,2025,https://www.zillow.com,https://photos.zillowstatic.com/fp/1b285c96257218079d37ad13dbdc6294-p_c.jpg,2026-06-29 12:29,For Sale
26867597,7310 Hundley Blvd,75231,Dallas,TX,32.881535,-96.74287,749000,297.0,-38000.0,,,3.0,3.0,2522.0,1978.0,8319.96,singleFamily,25,650000.0,2025,https://www.zillow.com,https://photos.zillowstatic.com/fp/1a0a58d0b5a48e68253b59bdda92fe8e-p_c.jpg,2026-06-29 12:29,For Sale
441552458,1143 Riverwood Rd,75217,Dallas,TX,32.697395,-96.69045,429000,192.0,,426800.0,2867.0,3.0,3.0,2239.0,2026.0,0.319,singleFamily,30,,,https://www.zillow.com,https://photos.zillowstatic.com/fp/9ad4aacec723bdb0bf68234466089f0a-p_c.jpg,2026-06-29 12:29,For Sale
26882535,13327 Daystrom Ct,75243,Dallas,TX,32.930805,-96.712425,295000,182.0,,,,3.0,3.0,1619.0,1984.0,6098.4,singleFamily,2,332430.0,2025,https://www.zillow.com,https://photos.zillowstatic.com/fp/c12b6c5c810d12b3fa3bafc38b71e18b-p_c.jpg,2026-06-29 12:29,For Sale
26830972,8426 Swift Ave,75228,Dallas,TX,32.80442,-96.703186,399000,217.0,,388400.0,2524.0,4.0,2.0,1835.0,1963.0,8015.04,singleFamily,2,426000.0,2025,https://www.zillow.com,https://photos.zillowstatic.com/fp/7d9797bb227d26721e066801e7022598-p_c.jpg,2026-06-29 12:29,For Sale
26736116,4255 Cochran Chapel Rd,75209,Dallas,TX,32.862278,-96.837234,10900000,986.0,-595000.0,,,5.0,8.0,11056.0,2002.0,2.003,singleFamily,128,7387770.0,2025,https://www.zillow.com,https://photos.zillowstatic.com/fp/5e8815a2af30d03f451604378244c9c7-p_c.jpg,2026-06-29 12:29,For Sale
26756856,5818 Gramercy Pl,75230,Dallas,TX,32.895584,-96.80866,1899000,486.0,-50000.0,1823100.0,7890.0,4.0,4.0,3906.0,1956.0,0.413,singleFamily,93,1682090.0,2025,https://www.zillow.com,https://photos.zillowstatic.com/fp/5ae41bb85850a8a894bb5060a575b083-p_c.jpg,2026-06-29 12:29,For Sale
26699184,5130 Echo Ave,75215,Dallas,TX,32.751698,-96.74873,360000,197.0,,321200.0,2528.0,4.0,3.0,1826.0,2026.0,4922.28,singleFamily,3,49350.0,2025,https://www.zillow.com,https://photos.zillowstatic.com/fp/9aa5016a069a76e15675591616049c5e-p_c.jpg,2026-06-29 12:29,For Sale
462255382,9504-9506 Mercer Dr,75228,Dallas,TX,32.82323,-96.69338,539000,223.0,-10000.0,530700.0,2293.0,4.0,2.0,2421.0,1952.0,0.526,multiFamily,52,,,https://www.zillow.com,https://photos.zillowstatic.com/fp/efbe9e11b05d76244a2b9d498116c0d5-p_c.jpg,2026-06-29 12:29,For Sale
26879828,3543 Ridgebriar Dr,75234,Dallas,TX,32.915077,-96.85929,365000,166.0,,354500.0,2629.0,4.0,2.0,2205.0,1962.0,7579.44,singleFamily,23,329140.0,2025,https://www.zillow.com,https://photos.zillowstatic.com/fp/310debec9fb56c24b49bda0a5bf5b0dd-p_c.jpg,2026-06-29 12:29,For Sale
26859033,10819 Lochspring Dr,75218,Dallas,TX,32.860165,-96.69968,1090000,399.0,,1042800.0,4941.0,5.0,3.0,2730.0,1969.0,0.252,singleFamily,41,674270.0,2025,https://www.zillow.com,https://photos.zillowstatic.com/fp/5057cd36d9ab83978c03e7090e69066b-p_c.jpg,2026-06-29 12:29,For Sale
26867067,9523 Highedge Dr,75238,Dallas,TX,32.875874,-96.72639,825000,275.0,,791400.0,3490.0,4.0,3.0,3005.0,1963.0,8755.56,singleFamily,46,753570.0,2025,https://www.zillow.com,https://photos.zillowstatic.com/fp/30fe6cbfda404e8babadb37974a14cce-p_c.jpg,2026-06-29 12:29,For Sale
96531451,12102 Jackson Creek Dr,75243,Dallas,TX,32.912968,-96.71752,624000,206.0,-1000.0,614500.0,4013.0,4.0,4.0,3034.0,2013.0,0.258,singleFamily,62,631260.0,2025,https://www.zillow.com,https://photos.zillowstatic.com/fp/7c6fbf55d938fe6fa9df292d30ea845d-p_c.jpg,2026-06-29 12:29,For Sale
26704291,5535 McCommas Blvd,75206,Dallas,TX,32.83021,-96.773,1199000,523.0,,1159600.0,5386.0,4.0,3.0,2294.0,1928.0,8624.88,singleFamily,27,935000.0,2025,https://www.zillow.com,https://photos.zillowstatic.com/fp/338d1aaf4f015ef156d5d986bf302836-p_c.jpg,2026-06-29 12:29,For Sale
26882562,13052 Fall Manor Dr,75243,Dallas,TX,32.92621,-96.712944,498991,191.0,,485700.0,3763.0,4.0,3.0,2619.0,1979.0,0.252,singleFamily,10,478820.0,2025,https://www.zillow.com,https://photos.zillowstatic.com/fp/a0577111af8f2bbf085f8cd36b9a9bb1-p_c.jpg,2026-06-29 12:29,For Sale
96519726,438 Bonnie View Rd,75203,Dallas,TX,32.743176,-96.794655,565000,208.0,-15000.0,560300.0,3895.0,5.0,3.0,2720.0,2026.0,3920.4,singleFamily,53,90000.0,2025,https://www.zillow.com,https://photos.zillowstatic.com/fp/7dcbfdd3fca5b02e688f034da40b3ed3-p_c.jpg,2026-06-29 12:29,For Sale
26811982,11817 Fernald Ave,75218,Dallas,TX,32.860176,-96.676216,275000,199.0,,265700.0,2125.0,3.0,2.0,1380.0,1953.0,7579.44,singleFamily,3,244200.0,2025,https://www.zillow.com,https://photos.zillowstatic.com/fp/a187d6b21477ed47fd59745ac4129436-p_c.jpg,2026-06-29 12:29,For Sale
26801616,8117 Marvel Dr,75217,Dallas,TX,32.72173,-96.68198,325000,136.0,,317500.0,3350.0,4.0,3.0,2384.0,1955.0,7797.24,singleFamily,3,360420.0,2025,https://www.zillow.com,https://photos.zillowstatic.com/fp/90e2eae266d564d9e4c6d3bd8dd52c96-p_c.jpg,2026-06-29 12:29,For Sale
26848384,13693 Peyton Dr,75240,Dallas,TX,32.934937,-96.778435,1695000,390.0,,1658600.0,7604.0,5.0,6.0,4347.0,2023.0,0.569,singleFamily,18,1255000.0,2025,https://www.zillow.com,https://photos.zillowstatic.com/fp/d163449193dfada43b943e6d54d278ae-p_c.jpg,2026-06-29 12:29,For Sale
26586762,5939 Bent Creek Trl,75252,Dallas,TX,33.00974,-96.8047,565000,272.0,-10000.0,548500.0,3040.0,4.0,3.0,2078.0,1982.0,10018.8,singleFamily,17,591441.0,2025,https://www.zillow.com,https://photos.zillowstatic.com/fp/c146195c576d0e21ad0e447be2459dff-p_c.jpg,2026-06-29 12:29,For Sale
27298891,17909 Brent Dr,75287,Dallas,TX,32.994884,-96.862274,489999,198.0,-10000.0,,,4.0,3.0,2470.0,1998.0,5967.72,singleFamily,94,481274.0,2025,https://www.zillow.com,https://photos.zillowstatic.com/fp/c9c158effd3fe0b16985032ea8f62096-p_c.jpg,2026-06-29 12:29,For Sale
26717497,1119 N Winnetka Ave,75208,Dallas,TX,32.757988,-96.840576,1255000,362.0,-30000.0,1205300.0,6383.0,4.0,4.0,3468.0,1925.0,7753.68,singleFamily,31,900000.0,2025,https://www.zillow.com,https://photos.zillowstatic.com/fp/fc13bb38a5559bfb942e01a1d28b5682-p_c.jpg,2026-06-29 12:29,For Sale
26812616,2953 Silverton Dr,75229,Dallas,TX,32.89979,-96.87901,424900,198.0,,408800.0,3439.0,3.0,2.0,2144.0,1959.0,7971.48,singleFamily,3,388110.0,2025,https://www.zillow.com,https://photos.zillowstatic.com/fp/0ba9979646493bc17583714e8d4e8c48-p_c.jpg,2026-06-29 12:29,For Sale
26864728,9815 Windledge Dr,75238,Dallas,TX,32.884884,-96.71711,675000,281.0,,,,4.0,2.0,2398.0,1963.0,8712.0,singleFamily,9,602660.0,2025,https://www.zillow.com,https://photos.zillowstatic.com/fp/5fed37dc5b2a42d0652a9ba93f611d18-p_c.jpg,2026-06-29 12:29,For Sale
26691115,2515 Southland St,75215,Dallas,TX,32.753834,-96.75776,515500,255.0,,509100.0,2883.0,4.0,3.0,2020.0,2025.0,7666.56,singleFamily,58,76500.0,2025,https://www.zillow.com,https://photos.zillowstatic.com/fp/7b912645228619ef708d18e38ba0642e-p_c.jpg,2026-06-29 12:29,For Sale
26714388,1442 Stella Ave,75216,Dallas,TX,32.727345,-96.802475,519000,167.0,-30000.0,516700.0,4666.0,5.0,4.0,3100.0,2026.0,8058.6,singleFamily,74,180780.0,2025,https://www.zillow.com,https://photos.zillowstatic.com/fp/5e4194e9b3ad3651cb82ccf0e10b6d99-p_c.jpg,2026-06-29 12:29,For Sale
26625653,18040 Midway Rd APT 127,75287,Dallas,TX,32.995396,-96.842155,219900,175.0,-5000.0,218300.0,2034.0,2.0,2.0,1257.0,1984.0,1058.508,condo,58,216001.0,2025,https://www.zillow.com,https://photos.zillowstatic.com/fp/96c0082c8a129e9bb7b556a86094bcd8-p_c.jpg,2026-06-29 12:29,For Sale
26806704,3832 Cabana Ln,75229,Dallas,TX,32.885296,-96.852646,3695000,624.0,,,3408.0,5.0,6.0,5924.0,2026.0,0.366,apartment,4,858240.0,2025,https://www.zillow.com,https://photos.zillowstatic.com/fp/a18f9d243903cf14fe645fe8539a30f4-p_c.jpg,2026-06-29 12:29,For Sale
26889684,6502 Riverview Ln,75248,Dallas,TX,32.974606,-96.79891,975000,254.0,,946500.0,5248.0,4.0,3.0,3846.0,1980.0,0.26599999999999996,singleFamily,12,1018610.0,2025,https://www.zillow.com,https://photos.zillowstatic.com/fp/2cc1f7f9dd70de79db086c9f7aa457d8-p_c.jpg,2026-06-29 12:29,For Sale
26910893,5750 En Core Dr,75240,Dallas,TX,32.937542,-96.80668,620000,273.0,,491000.0,3404.0,3.0,2.0,2268.0,1992.0,6490.44,singleFamily,2,505000.0,2025,https://www.zillow.com,https://photos.zillowstatic.com/fp/ce6b2ab0c9dce989eb9048c3527e110c-p_c.jpg,2026-06-29 12:29,For Sale
26893611,7246 Arbor Oaks Dr,75248,Dallas,TX,32.975502,-96.78178,925000,330.0,-25000.0,,,4.0,3.0,2805.0,1977.0,8494.2,singleFamily,88,850500.0,2025,https://www.zillow.com,https://photos.zillowstatic.com/fp/2c1d97b900485929056fe29f9e0cc0bd-p_c.jpg,2026-06-29 12:29,For Sale
248830365,4828 Caxton Ct,75204,Dallas,TX,32.80886,-96.78034,775000,398.0,-25000.0,756600.0,3823.0,3.0,4.0,1948.0,2018.0,1524.6,townhome,59,739950.0,2025,https://www.zillow.com,https://photos.zillowstatic.com/fp/8fe4f7df804c7bfe39ea1dda9fb4d7b9-p_c.jpg,2026-06-29 12:29,For Sale
26694852,5740 Morningside Ave,75206,Dallas,TX,32.828663,-96.76843,1495000,515.0,,1434400.0,7882.0,3.0,4.0,2901.0,1925.0,10105.92,singleFamily,30,1304560.0,2025,https://www.zillow.com,https://photos.zillowstatic.com/fp/ec92ed535537bbcf28ed2b8ea231ff87-p_c.jpg,2026-06-29 12:29,For Sale
26830179,2351 Kingswood Dr,75228,Dallas,TX,32.7992,-96.71371,199900,206.0,,,,3.0,1.0,972.0,1956.0,7492.32,singleFamily,13,282850.0,2025,https://www.zillow.com,https://photos.zillowstatic.com/fp/d366d4195452a0c11c577652f700e9ef-p_c.jpg,2026-06-29 12:29,For Sale
26836236,3811 Harlingen St,75212,Dallas,TX,32.78841,-96.90492,449900,221.0,,,,4.0,3.0,2032.0,2026.0,7274.52,singleFamily,3,100000.0,2025,https://www.zillow.com,https://photos.zillowstatic.com/fp/2b96bddd3253b64e037ce27f37c52f48-p_c.jpg,2026-06-29 12:29,For Sale
26697550,4837 Cedar Springs Rd APT 215,75219,Dallas,TX,32.819016,-96.82138,139900,146.0,-10100.0,92600.0,1709.0,2.0,2.0,961.0,1970.0,6.609,condo,166,206670.0,2025,https://www.zillow.com,https://photos.zillowstatic.com/fp/e2e976e37728efa5858a3632a096aa3a-p_c.jpg,2026-06-29 12:29,For Sale
26690639,5347 Miller Ave,75206,Dallas,TX,32.821598,-96.77795,1825000,392.0,,1739600.0,8567.0,4.0,6.0,4655.0,2016.0,9583.2,singleFamily,2,1825140.0,2025,https://www.zillow.com,https://photos.zillowstatic.com/fp/5cdd4dad50b5bdfffc285900579f30c1-p_c.jpg,2026-06-29 12:29,For Sale
26850691,10357 Baronne Cir,75218,Dallas,TX,32.860115,-96.70382,425000,470.0,,412700.0,1947.0,3.0,1.0,905.0,1970.0,0.46299999999999997,singleFamily,17,392280.0,2025,https://www.zillow.com,https://photos.zillowstatic.com/fp/4098c277662c94e81c531615459daf11-p_c.jpg,2026-06-29 12:29,For Sale
53085100,18653 Vista Del Sol,75287,Dallas,TX,33.003937,-96.83422,485000,227.0,,475500.0,3983.0,3.0,3.0,2135.0,1986.0,6098.4,singleFamily,2,526500.0,2025,https://www.zillow.com,https://photos.zillowstatic.com/fp/d4c0178136ebe9dd1f93021ee9eb22f7-p_c.jpg,2026-06-29 12:29,For Sale
26748957,6050 Melody Ln APT 107,75231,Dallas,TX,32.867275,-96.76023,110000,98.0,-4500.0,,1343.0,2.0,2.0,1127.0,1979.0,,condo,374,150990.0,2025,https://www.zillow.com,https://photos.zillowstatic.com/fp/2a5b64d7e2042cb2b38da9bdf10acd8e-p_c.jpg,2026-06-29 12:29,For Sale
26703646,6031 Winton St,75206,Dallas,TX,32.835915,-96.76285,675000,473.0,,654900.0,3326.0,3.0,1.0,1428.0,1941.0,6664.68,singleFamily,2,633000.0,2025,https://www.zillow.com,https://photos.zillowstatic.com/fp/132795e2550abde65753cafc43915370-p_c.jpg,2026-06-29 12:29,For Sale
26748569,6126 Highgate Ln,75214,Dallas,TX,32.849133,-96.7593,825000,348.0,-24000.0,807600.0,4600.0,3.0,2.0,2368.0,1971.0,8929.8,singleFamily,46,781060.0,2025,https://www.zillow.com,https://photos.zillowstatic.com/fp/994500028e5426b4ff15e03378e0967b-p_c.jpg,2026-06-29 12:29,For Sale
26892307,7105 Pineberry Rd,75249,Dallas,TX,32.636818,-96.9457,185000,151.0,-14000.0,183800.0,1661.0,2.0,2.0,1227.0,1981.0,5140.08,singleFamily,44,210150.0,2025,https://www.zillow.com,https://photos.zillowstatic.com/fp/75724265ff120ff4fd9b8f455d307231-p_c.jpg,2026-06-29 12:29,For Sale
26714332,1100 S Brighton Ave,75208,Dallas,TX,32.734875,-96.8501,249000,185.0,-18990.0,236600.0,2356.0,3.0,2.0,1344.0,1925.0,5924.16,singleFamily,148,374940.0,2025,https://www.zillow.com,https://photos.zillowstatic.com/fp/b40d14c1637ab68c4ac640f64c584e61-p_c.jpg,2026-06-29 12:29,For Sale
26697043,5108 Maple Springs Blvd,75235,Dallas,TX,32.82042,-96.82506,899000,404.0,,865300.0,4052.0,2.0,3.0,2227.0,1983.0,0.371,singleFamily,2,778200.0,2025,https://www.zillow.com,https://photos.zillowstatic.com/fp/21df07b0e8617dd6074d28e770cb6604-p_c.jpg,2026-06-29 12:29,For Sale
80231177,10201 Royal Highlands Dr,75238,Dallas,TX,32.887825,-96.72317,874900,414.0,,,,4.0,3.0,2112.0,1976.0,9016.92,singleFamily,17,712240.0,2025,https://www.zillow.com,https://photos.zillowstatic.com/fp/50a8a4888b8d6f68b45eb66f270de716-p_c.jpg,2026-06-29 12:29,For Sale
96521412,2414 Anderson St,75215,Dallas,TX,32.746178,-96.75496,325000,168.0,,322900.0,2649.0,4.0,4.0,1940.0,2025.0,1873.08,singleFamily,32,18840.0,2025,https://www.zillow.com,https://photos.zillowstatic.com/fp/160602db0a0c542379fedd78ae06e6a3-p_c.jpg,2026-06-29 12:29,For Sale
26888971,15306 Trails End Dr,75248,Dallas,TX,32.956,-96.802155,749000,283.0,-50000.0,,,4.0,3.0,2648.0,1979.0,9539.64,singleFamily,59,546100.0,2025,https://www.zillow.com,https://photos.zillowstatic.com/fp/02cbfda88fa1b04f06949776fb75f268-p_c.jpg,2026-06-29 12:29,For Sale
462787428,3193 & 3195 Stag Rd,75241,Dallas,TX,32.69554,-96.76238,700000,203.0,,691900.0,2629.0,6.0,6.0,3440.0,2026.0,6882.48,multiFamily,30,,,https://www.zillow.com,https://photos.zillowstatic.com/fp/9c6a2122c5adca5037f39bbcd556103b-p_c.jpg,2026-06-29 12:29,For Sale
26677957,1319 Birkenhead Ct,75204,Dallas,TX,32.79216,-96.78737,624000,258.0,,,,3.0,3.0,2421.0,1979.0,3702.6,singleFamily,0,645290.0,2025,https://www.zillow.com,https://photos.zillowstatic.com/fp/d03a9d5e2fb24d367f37799ca7e052b9-p_c.jpg,2026-06-29 12:29,For Sale
26759441,4394 Cochran Chapel Cir,75209,Dallas,TX,32.863483,-96.835884,650000,274.0,,626500.0,4307.0,3.0,3.0,2370.0,1979.0,9321.84,townhome,3,400000.0,2025,https://www.zillow.com,https://photos.zillowstatic.com/fp/2bf4dcdf5602ff8ab149b7fe1055c900-p_c.jpg,2026-06-29 12:29,For Sale
26931132,5300 Keller Springs Rd APT 2055,75248,Dallas,TX,32.96763,-96.816536,168000,184.0,,163000.0,1650.0,2.0,2.0,915.0,1982.0,8.598,condo,22,201300.0,2025,https://www.zillow.com,https://photos.zillowstatic.com/fp/311f8a6c01b0f0a6b82c09d6abf0252f-p_c.jpg,2026-06-29 12:29,For Sale
26898178,4947 Reiger Ave,75214,Dallas,TX,32.79775,-96.763565,995000,321.0,,939400.0,4226.0,4.0,4.0,3100.0,2001.0,9448.164,singleFamily,2,961120.0,2025,https://www.zillow.com,https://photos.zillowstatic.com/fp/59428ba64c08fdaa44c803a254e6f8bf-p_c.jpg,2026-06-29 12:29,For Sale
26732500,2217 52nd St,75216,Dallas,TX,32.69081,-96.78857,265000,155.0,-5000.0,,2169.0,3.0,2.0,1712.0,1960.0,8232.84,singleFamily,20,234420.0,2025,https://www.zillow.com,https://photos.zillowstatic.com/fp/bab4aed9ac9dd51aa0a1798f7380b796-p_c.jpg,2026-06-29 12:29,For Sale
463518053,3630 Cannas Ct,75227,Dallas,TX,32.77017,-96.68751,278999,163.0,,,,4.0,2.0,1707.0,2026.0,,singleFamily,0,,,https://www.zillow.com,https://photos.zillowstatic.com/fp/4314b5f7a1a249eba20558cdcd0647b9-p_c.jpg,2026-06-29 12:29,For Sale
26882401,9737 Burney Dr,75243,Dallas,TX,32.921036,-96.720085,570000,227.0,,554300.0,2914.0,4.0,3.0,2514.0,1979.0,9016.92,singleFamily,9,442380.0,2025,https://www.zillow.com,https://photos.zillowstatic.com/fp/757ed7770d908ef67346e125174c526f-p_c.jpg,2026-06-29 12:29,For Sale
26735479,6907 Lockheed Ave,75209,Dallas,TX,32.842365,-96.82982,1525000,398.0,1200000.0,319700.0,2568.0,5.0,5.0,3835.0,2026.0,6621.12,singleFamily,3,334650.0,2025,https://www.zillow.com,https://photos.zillowstatic.com/fp/b66de400cd635aa7dd9324d45fe5ac2d-p_c.jpg,2026-06-29 12:29,For Sale
26901783,5750 Phoenix Dr APT 33,75231,Dallas,TX,32.875942,-96.75966,145000,142.0,,143600.0,1639.0,2.0,2.0,1023.0,1981.0,2.007,condo,5,171850.0,2025,https://www.zillow.com,https://photos.zillowstatic.com/fp/3fc917388ffc11ec0793bd00b31c58e5-p_c.jpg,2026-06-29 12:29,For Sale
26887295,7241 Blythdale Dr,75248,Dallas,TX,32.9819,-96.782394,785000,293.0,,756600.0,4294.0,4.0,3.0,2683.0,1976.0,9234.72,singleFamily,1,693880.0,2025,https://www.zillow.com,https://photos.zillowstatic.com/fp/031a4f0222f25ed7082eb01f6e236cb5-p_c.jpg,2026-06-29 12:29,For Sale
26689123,724 Lowell St,75214,Dallas,TX,32.807842,-96.758606,750000,332.0,,,,3.0,2.0,2262.0,1922.0,8102.16,singleFamily,8,645000.0,2025,https://www.zillow.com,https://photos.zillowstatic.com/fp/a0c3d4209269cc6cb4f8d7f026a95b56-p_c.jpg,2026-06-29 12:29,For Sale
26810470,3147 Newcastle Dr,75220,Dallas,TX,32.880196,-96.86986,415000,262.0,,401600.0,3366.0,3.0,2.0,1585.0,1956.0,9801.0,singleFamily,3,398050.0,2025,https://www.zillow.com,https://photos.zillowstatic.com/fp/f2cc8acd4a378ba74f174cfaae52f9c1-p_c.jpg,2026-06-29 12:29,For Sale
26733960,3013 Emmett St,75211,Dallas,TX,32.7328,-96.87069,210000,164.0,-10000.0,204500.0,2299.0,4.0,2.0,1281.0,1942.0,7143.84,singleFamily,17,245660.0,2025,https://www.zillow.com,https://photos.zillowstatic.com/fp/ccd3ff84abb1ede9e716f0d4a2c4a155-p_c.jpg,2026-06-29 12:29,For Sale
251446117,1401 Seegar St,75215,Dallas,TX,32.767525,-96.78855,389000,91.0,-30000.0,388700.0,6149.0,5.0,6.0,4293.0,2025.0,2657.16,singleFamily,97,553370.0,2025,https://www.zillow.com,https://photos.zillowstatic.com/fp/88e5c3a5c1469e91160ef8dd3d99d133-p_c.jpg,2026-06-29 12:29,For Sale
26883107,12717 Hornbeam Dr,75243,Dallas,TX,32.920685,-96.70821,324995,161.0,-4000.0,322700.0,4567.0,3.0,2.0,2015.0,1983.0,0.29,singleFamily,114,314410.0,2025,https://www.zillow.com,https://photos.zillowstatic.com/fp/a52a17819bc84382155141766e658b1d-p_c.jpg,2026-06-29 12:29,For Sale
26923615,3906 Buena Vista St Unit 18,75204,Dallas,TX,32.81189,-96.797264,589900,334.0,,560600.0,2901.0,2.0,3.0,1767.0,1983.0,0.966,condo,4,432920.0,2025,https://www.zillow.com,https://photos.zillowstatic.com/fp/b93a6fff7e21379dafad7d941a55d777-p_c.jpg,2026-06-29 12:29,For Sale
26684157,5623 Victor St,75214,Dallas,TX,32.80354,-96.75766,640000,274.0,,613900.0,3990.0,4.0,2.0,2340.0,1911.0,7492.32,singleFamily,10,588600.0,2025,https://www.zillow.com,https://photos.zillowstatic.com/fp/096ea02c2ca3f3f64782b5a3be30ac69-p_c.jpg,2026-06-29 12:29,For Sale
26680596,3708 Spence St,75215,Dallas,TX,32.755756,-96.770706,419999,195.0,-5000.0,415400.0,2630.0,4.0,3.0,2150.0,2026.0,5488.56,singleFamily,72,49600.0,2025,https://www.zillow.com,https://photos.zillowstatic.com/fp/f8b2cef30017da08bfd99f1bc4e15d23-p_c.jpg,2026-06-29 12:29,For Sale
26776029,4405 Malden Ln,75216,Dallas,TX,32.691174,-96.80818,144900,113.0,,,2022.0,3.0,2.0,1279.0,1955.0,8755.56,singleFamily,2,188590.0,2025,https://www.zillow.com,https://photos.zillowstatic.com/fp/3bc21874d485159a1dce432452ecfc09-p_c.jpg,2026-06-29 12:29,For Sale
26903486,6103 Aberdeen Ave,75230,Dallas,TX,32.882557,-96.801414,5695000,999.0,,5356900.0,8363.0,4.0,7.0,5700.0,2026.0,0.35600000000000004,singleFamily,26,2502990.0,2025,https://www.zillow.com,https://photos.zillowstatic.com/fp/e4c1250a907c0446c3d52f3576ebd045-p_c.jpg,2026-06-29 12:29,For Sale
26848651,6566 Ridgeview Cir,75240,Dallas,TX,32.927986,-96.792366,1000000,305.0,-120000.0,961700.0,6695.0,4.0,5.0,3282.0,1958.0,0.44899999999999995,singleFamily,44,794500.0,2025,https://www.zillow.com,https://photos.zillowstatic.com/fp/743df58e4f710a878681fac53f7bead2-p_c.jpg,2026-06-29 12:29,For Sale
26740518,8457 San Benito Way,75218,Dallas,TX,32.815937,-96.71068,3350000,630.0,,3126000.0,6900.0,4.0,4.0,5320.0,2018.0,0.5319999999999999,singleFamily,12,2263840.0,2025,https://www.zillow.com,https://photos.zillowstatic.com/fp/f0f2b1dd0fb2c0a737714e11f519b05c-p_c.jpg,2026-06-29 12:29,For Sale
442939119,1606 Old Gate Ln,75218,Dallas,TX,32.823833,-96.70325,1995000,472.0,,,,5.0,4.0,4224.0,2024.0,10062.36,singleFamily,3,1614120.0,2025,https://www.zillow.com,https://photos.zillowstatic.com/fp/6d11ce7bb10f00f2e7b10776349416d2-p_c.jpg,2026-06-29 12:29,For Sale
26893721,7001 Kingshollow Dr,75248,Dallas,TX,32.967854,-96.78662,1025000,322.0,-25000.0,990600.0,5419.0,4.0,4.0,3181.0,1978.0,0.338,singleFamily,44,942630.0,2025,https://www.zillow.com,https://photos.zillowstatic.com/fp/1a8767bd07ff3f69113b5b573530ff4d-p_c.jpg,2026-06-29 12:29,For Sale
26864694,9834 Windledge Dr,75238,Dallas,TX,32.884396,-96.716415,599000,303.0,,578300.0,2951.0,3.0,2.0,1977.0,1963.0,9147.6,singleFamily,4,527000.0,2025,https://www.zillow.com,https://photos.zillowstatic.com/fp/a098940ec6447d18f08a1243b1f5faba-p_c.jpg,2026-06-29 12:29,For Sale
26770043,3403 Dawes Dr,75211,Dallas,TX,32.727654,-96.87702,140000,161.0,,176900.0,1725.0,2.0,1.0,871.0,1946.0,7230.96,singleFamily,3,201020.0,2025,https://www.zillow.com,https://photos.zillowstatic.com/fp/c19d5e782bc3e11f349a2c62a668a902-p_c.jpg,2026-06-29 12:29,For Sale
26800669,8623 Stonehurst St,75217,Dallas,TX,32.74173,-96.6733,149000,193.0,,146900.0,1439.0,2.0,1.0,774.0,1951.0,8842.68,singleFamily,8,160780.0,2025,https://www.zillow.com,https://photos.zillowstatic.com/fp/3827a396d32be1f870d85f6102da7d51-p_c.jpg,2026-06-29 12:29,For Sale
26852389,13745 Rolling Hills Ln,75240,Dallas,TX,32.936565,-96.77062,495000,229.0,,484600.0,3486.0,4.0,3.0,2164.0,1965.0,10402.128,singleFamily,99,485930.0,2025,https://www.zillow.com,https://photos.zillowstatic.com/fp/daa89631dce27f8ffa7061c9dbcb3ca7-p_c.jpg,2026-06-29 12:29,For Sale
26741837,9710 Cloister Dr,75228,Dallas,TX,32.826977,-96.68982,625000,340.0,-25000.0,611200.0,2682.0,3.0,3.0,1839.0,1953.0,9583.2,singleFamily,18,502000.0,2025,https://www.zillow.com,https://photos.zillowstatic.com/fp/a0477eaa3e1fcda302d80e31fa6ea982-p_c.jpg,2026-06-29 12:29,For Sale
26759779,5431 Edlen Dr,75220,Dallas,TX,32.879017,-96.81423,7400000,852.0,,,,5.0,7.0,8683.0,2000.0,1.0,singleFamily,27,5803920.0,2025,https://www.zillow.com,https://photos.zillowstatic.com/fp/2fe66a8d05f954b8b10f0e561c9df5e3-p_c.jpg,2026-06-29 12:29,For Sale
26770242,3606 Texas Dr,75211,Dallas,TX,32.723667,-96.87948,289900,177.0,-10000.0,288500.0,2750.0,5.0,3.0,1634.0,1949.0,6098.4,singleFamily,177,194420.0,2025,https://www.zillow.com,https://photos.zillowstatic.com/fp/3091c25d07a03af2becd6061a55a14be-p_c.jpg,2026-06-29 12:29,For Sale
26874917,15825 El Estado Dr,75248,Dallas,TX,32.96463,-96.770966,580000,200.0,-10000.0,,,6.0,4.0,2906.0,1968.0,9670.32,singleFamily,100,551890.0,2025,https://www.zillow.com,https://photos.zillowstatic.com/fp/e782b213a976adb2c7bf4ea765b37ee1-p_c.jpg,2026-06-29 12:29,For Sale
26862178,5535 Mesa Cir,75235,Dallas,TX,32.81446,-96.85358,599000,143.0,-26000.0,,6945.0,6.0,8.0,4200.0,2026.0,10105.92,multiFamily,91,222360.0,2025,https://www.zillow.com,https://photos.zillowstatic.com/fp/194dc60cec583c6e63bd082a9d442f42-p_c.jpg,2026-06-29 12:29,For Sale
26856019,8927 Beckleyview Ave,75232,Dallas,TX,32.639076,-96.83289,249999,122.0,,241300.0,2593.0,4.0,3.0,2048.0,1940.0,0.44599999999999995,singleFamily,43,284010.0,2025,https://www.zillow.com,https://photos.zillowstatic.com/fp/77a01c7bb865f452ed51b623053649f1-p_c.jpg,2026-06-29 12:29,For Sale
26901389,5335 Bent Tree Forest Dr APT 119,75248,Dallas,TX,32.965923,-96.81654,144900,185.0,-5000.0,,1431.0,1.0,2.0,783.0,1981.0,8.766,singleFamily,100,198790.0,2025,https://www.zillow.com,https://photos.zillowstatic.com/fp/8e2c10f78e61b15e14f30ae8f931eff1-p_c.jpg,2026-06-29 12:29,For Sale
26759091,9930 Strait Ln,75220,Dallas,TX,32.878914,-96.82568,4990000,778.0,,4685200.0,6798.0,5.0,6.0,6412.0,1971.0,0.951,singleFamily,19,3115610.0,2025,https://www.zillow.com,https://photos.zillowstatic.com/fp/d703d325e6d4af4a408b4d4bd6d72984-p_c.jpg,2026-06-29 12:29,For Sale
26726908,2014 Berwick Ave,75203,Dallas,TX,32.728386,-96.79678,139999,103.0,,,1595.0,3.0,1.0,1362.0,1925.0,8189.28,singleFamily,12,221210.0,2025,https://www.zillow.com,https://photos.zillowstatic.com/fp/2f2f59dbd513ad52af77893b0654379b-p_c.jpg,2026-06-29 12:29,For Sale
26844596,2506 Gross Rd,75228,Dallas,TX,32.813946,-96.673035,560000,193.0,,558600.0,3486.0,5.0,4.0,2900.0,2026.0,9757.44,singleFamily,24,229740.0,2025,https://www.zillow.com,https://photos.zillowstatic.com/fp/4daa8d36c980689eb1f33c910e84db1a-p_c.jpg,2026-06-29 12:29,For Sale
53071124,6432 Wrenwood Dr,75252,Dallas,TX,33.003117,-96.79207,525000,241.0,-25000.0,510300.0,2885.0,3.0,2.0,2180.0,1981.0,7840.8,singleFamily,20,507679.0,2025,https://www.zillow.com,https://photos.zillowstatic.com/fp/935e02b75397be798027e001443fa138-p_c.jpg,2026-06-29 12:29,For Sale
26784585,3408 Loganwood Dr,75227,Dallas,TX,32.76737,-96.69161,275000,156.0,,,,3.0,2.0,1758.0,1958.0,7361.64,singleFamily,2,283050.0,2025,https://www.zillow.com,https://photos.zillowstatic.com/fp/616f7bf2c377f84cb0aee763d83f2f92-p_c.jpg,2026-06-29 12:29,For Sale
26758759,4625 Walnut Hill Ln,75229,Dallas,TX,32.880646,-96.82968,6499000,548.0,-486000.0,6207800.0,8662.0,5.0,7.0,11858.0,2024.0,0.96,singleFamily,164,8023830.0,2025,https://www.zillow.com,https://photos.zillowstatic.com/fp/103375634ea892680148e97dc49f5824-p_c.jpg,2026-06-29 12:29,For Sale
26822369,3035 Simpson Stuart Rd,75241,Dallas,TX,32.670807,-96.77128,27000,,,,1703.0,,,,,2.075,land,9,158090.0,2025,https://www.zillow.com,https://photos.zillowstatic.com/fp/506f70a26574b3b41765043268c32a11-p_c.jpg,2026-06-29 12:29,For Sale
26607707,6214 Berthoud Pass,75252,Dallas,TX,32.991364,-96.798355,599995,275.0,,,,3.0,2.0,2182.0,1984.0,7840.8,singleFamily,11,542540.0,2025,https://www.zillow.com,https://photos.zillowstatic.com/fp/c1d49dc558301a521c8812b04605be91-p_c.jpg,2026-06-29 12:29,For Sale
26859659,13351 Kit Ln,75240,Dallas,TX,32.93011,-96.76611,555000,176.0,-10000.0,535800.0,1951.0,6.0,4.0,3162.0,1968.0,0.258,multiFamily,110,504500.0,2025,https://www.zillow.com,https://photos.zillowstatic.com/fp/d8e27de30488254a87d1048fae90dc20-p_c.jpg,2026-06-29 12:29,For Sale
55827313,2011 Cedar Springs Rd APT 606,75201,Dallas,TX,32.791203,-96.80547,2850000,612.0,,2658900.0,15820.0,2.0,3.0,4655.0,1999.0,0.981,condo,163,2630080.0,2025,https://www.zillow.com,https://photos.zillowstatic.com/fp/4b32446b54d460499210c02631c189bd-p_c.jpg,2026-06-29 12:29,For Sale
26697347,5426 Stoneleigh Ave,75235,Dallas,TX,32.82194,-96.8301,515000,407.0,,,,2.0,2.0,1266.0,1939.0,7623.0,singleFamily,2,442160.0,2025,https://www.zillow.com,https://photos.zillowstatic.com/fp/ab6edf1c30b359b3cf11d36ec3c8cb7e-p_c.jpg,2026-06-29 12:29,For Sale
162813534,655 Kessler Reserve Ct,75208,Dallas,TX,32.75595,-96.83342,2250000,499.0,-100000.0,2165600.0,7145.0,4.0,5.0,4506.0,2016.0,0.324,singleFamily,74,2006540.0,2025,https://www.zillow.com,https://photos.zillowstatic.com/fp/14862d26b73eba65207dcabf4ffc1413-p_c.jpg,2026-06-29 12:29,For Sale
26841546,2315 Inadale Ave,75228,Dallas,TX,32.817818,-96.67697,285000,167.0,-14000.0,280600.0,2127.0,3.0,2.0,1702.0,1957.0,7623.0,singleFamily,74,346280.0,2025,https://www.zillow.com,https://photos.zillowstatic.com/fp/21d1a57a2e42ff98f56084cc0f3497e8-p_c.jpg,2026-06-29 12:29,For Sale
26795670,1623 Fresno St,75217,Dallas,TX,32.740612,-96.693115,240000,109.0,-25000.0,234300.0,2647.0,6.0,2.0,2194.0,1954.0,9888.12,singleFamily,40,338390.0,2025,https://www.zillow.com,https://photos.zillowstatic.com/fp/6438154e2bc5f131cea2c08f8024b641-p_c.jpg,2026-06-29 12:29,For Sale
80242012,7434 Pineberry Rd,75249,Dallas,TX,32.633812,-96.94638,263000,161.0,,260500.0,2343.0,3.0,3.0,1630.0,2006.0,3998.808,singleFamily,51,260000.0,2025,https://www.zillow.com,https://photos.zillowstatic.com/fp/f1459cb81025f7e9b677754e0a671056-p_c.jpg,2026-06-29 12:29,For Sale
26935653,8601 Park Ln APT 737,75231,Dallas,TX,32.77744,-96.79231,150000,189.0,,143500.0,1545.0,1.0,1.0,794.0,1982.0,4.332,condo,30,166070.0,2025,https://www.zillow.com,https://photos.zillowstatic.com/fp/1077d4f31d43b2dbd1e3e73972377e68-p_c.jpg,2026-06-29 12:29,For Sale
26857324,4755 Nome St,75216,Dallas,TX,32.7162,-96.74371,115000,105.0,-15000.0,,1707.0,2.0,2.0,1092.0,1940.0,7448.76,singleFamily,31,171970.0,2025,https://www.zillow.com,https://photos.zillowstatic.com/fp/952535001d053794236a22c71c1ec2ab-p_c.jpg,2026-06-29 12:29,For Sale
26812625,2909 Silverton Dr,75229,Dallas,TX,32.89979,-96.8809,385000,259.0,,370300.0,2771.0,3.0,2.0,1488.0,1959.0,8102.16,singleFamily,5,365700.0,2025,https://www.zillow.com,https://photos.zillowstatic.com/fp/64dd373b34560fceffd9d53ffb21a417-p_c.jpg,2026-06-29 12:29,For Sale
26715717,1811 Idaho Ave,75216,Dallas,TX,32.725857,-96.81233,649950,203.0,,148600.0,1909.0,6.0,6.0,3208.0,2026.0,7492.32,multiFamily,3,167850.0,2025,https://www.zillow.com,https://photos.zillowstatic.com/fp/f7dd955abd99466dd873d510db2d63b8-p_c.jpg,2026-06-29 12:29,For Sale
53071145,6403 Genstar Ln,75252,Dallas,TX,33.00282,-96.79369,970000,328.0,-9995.0,943800.0,4540.0,4.0,4.0,2960.0,1979.0,8276.4,singleFamily,27,639603.0,2025,https://www.zillow.com,https://photos.zillowstatic.com/fp/36846dff614b72538eb3f56ae0b352de-p_c.jpg,2026-06-29 12:29,For Sale
26809617,3250 Saint Croix Dr,75229,Dallas,TX,32.9045,-96.868,415000,270.0,,467700.0,2804.0,3.0,2.0,1537.0,1960.0,10672.2,singleFamily,2,364030.0,2025,https://www.zillow.com,https://photos.zillowstatic.com/fp/7064fd3d0cbd7a3e22a6d424ba73abff-p_c.jpg,2026-06-29 12:29,For Sale
303984242,1918 Olive St Unit 4202,75201,Dallas,TX,32.78935,-96.800224,11500000,2458.0,,10610800.0,5074.0,2.0,4.0,4678.0,2020.0,,condo,209,8899990.0,2025,https://www.zillow.com,https://photos.zillowstatic.com/fp/b0e6d74d3346417389064823dfa7a7ce-p_c.jpg,2026-06-29 12:29,For Sale
26678921,4725 Swiss Ave,75204,Dallas,TX,32.80015,-96.772545,649000,271.0,,622000.0,4064.0,4.0,3.0,2396.0,1910.0,7013.16,singleFamily,38,486770.0,2025,https://www.zillow.com,https://photos.zillowstatic.com/fp/686121dc4f9f4c716b68bf8106acea2a-p_c.jpg,2026-06-29 12:29,For Sale
26702921,6030 Morningside Ave,75206,Dallas,TX,32.828613,-96.76226,830000,423.0,-20000.0,,,3.0,2.0,1963.0,1948.0,7492.32,singleFamily,23,680570.0,2025,https://www.zillow.com,https://photos.zillowstatic.com/fp/7a39ae7b21bb44be09fadd3e91bb5178-p_c.jpg,2026-06-29 12:29,For Sale
96518147,4128 Pluto St,75212,Dallas,TX,32.791786,-96.89073,550000,185.0,,542800.0,4293.0,4.0,4.0,2974.0,2022.0,7666.56,singleFamily,43,600000.0,2025,https://www.zillow.com,https://photos.zillowstatic.com/fp/f520770547ae57c1d6aa0762dc5adbaf-p_c.jpg,2026-06-29 12:29,For Sale
248827887,6303 E Grand Ave,75223,Dallas,TX,32.798954,-96.74211,750000,223.0,-10000.0,,,6.0,3.0,3366.0,1947.0,9104.04,singleFamily,58,626330.0,2025,https://www.zillow.com,https://photos.zillowstatic.com/fp/19b901abfdb5190980968c4d104f09fa-p_c.jpg,2026-06-29 12:29,For Sale
448091251,2016 N Fitzhugh Ave #101,75204,Dallas,TX,32.809464,-96.779526,399900,262.0,-5100.0,396200.0,2786.0,2.0,3.0,1528.0,2017.0,9016.92,condo,112,,,https://www.zillow.com,https://photos.zillowstatic.com/fp/0afac97f434f953c09530f7c303afd08-p_c.jpg,2026-06-29 12:29,For Sale
26902613,7926 Enclave Way,75218,Dallas,TX,32.80834,-96.723274,765000,347.0,,740900.0,3609.0,4.0,3.0,2205.0,1998.0,5000.688,singleFamily,8,653280.0,2025,https://www.zillow.com,https://photos.zillowstatic.com/fp/0db26c77c036d84a3c2afba2bddb69a3-p_c.jpg,2026-06-29 12:29,For Sale
26851754,13321 Purple Sage Rd,75240,Dallas,TX,32.929237,-96.7778,1200000,457.0,,1134600.0,6796.0,3.0,3.0,2624.0,1966.0,0.355,singleFamily,43,968160.0,2025,https://www.zillow.com,https://photos.zillowstatic.com/fp/f5c3d3e19fb72eee6f71cdbe16794856-p_c.jpg,2026-06-29 12:29,For Sale
26705950,6452 Anita St,75214,Dallas,TX,32.83431,-96.75069,2680000,534.0,,,,6.0,6.0,5020.0,2026.0,7492.32,singleFamily,26,525000.0,2025,https://www.zillow.com,https://photos.zillowstatic.com/fp/8938127f38b1f63dd77eca83e3c979cd-p_c.jpg,2026-06-29 12:29,For Sale
26826036,1811 Reynoldston Ln,75232,Dallas,TX,32.67651,-96.850945,295000,146.0,-5000.0,289800.0,2401.0,3.0,2.0,2022.0,1967.0,0.34500000000000003,singleFamily,28,289140.0,2025,https://www.zillow.com,https://photos.zillowstatic.com/fp/24eacceefa9b3ea697db2fe46a931390-p_c.jpg,2026-06-29 12:29,For Sale
67961962,2207 Kessler Woods Ct,75208,Dallas,TX,32.75273,-96.85391,1995000,513.0,-130000.0,1914100.0,6475.0,3.0,4.0,3889.0,2004.0,8102.16,singleFamily,72,1769020.0,2025,https://www.zillow.com,https://photos.zillowstatic.com/fp/36ea6bd9b60e2840fe9e25f70f816aea-p_c.jpg,2026-06-29 12:29,For Sale
26843301,10877 Mandalay Dr,75228,Dallas,TX,32.837452,-96.656586,295000,195.0,,289100.0,2291.0,4.0,2.0,1512.0,1955.0,7448.76,singleFamily,19,251770.0,2025,https://www.zillow.com,https://photos.zillowstatic.com/fp/178f7e698152f220cb8a3869864b0831-p_c.jpg,2026-06-29 12:29,For Sale
26894319,8523 Vista View Dr,75243,Dallas,TX,32.896458,-96.74922,749000,350.0,,723200.0,2954.0,4.0,2.0,2139.0,1980.0,6664.68,singleFamily,6,576710.0,2025,https://www.zillow.com,https://photos.zillowstatic.com/fp/7cc4a517aa55270515aa9aab732f402d-p_c.jpg,2026-06-29 12:29,For Sale
333139944,613 N Dwight Ave,75211,Dallas,TX,32.750134,-96.90789,469000,248.0,-10000.0,461100.0,3189.0,4.0,2.0,1894.0,2026.0,8712.0,singleFamily,25,62720.0,2025,https://www.zillow.com,https://photos.zillowstatic.com/fp/4f32e476feac9b5828c28b5dc447e358-p_c.jpg,2026-06-29 12:29,For Sale
80231056,5713 La Vista Dr,75206,Dallas,TX,32.81285,-96.769615,599999,365.0,,593800.0,3866.0,3.0,4.0,1642.0,2008.0,1045.44,townhome,0,641880.0,2025,https://www.zillow.com,https://photos.zillowstatic.com/fp/9c61310c2e962794e77a3dc836394b5b-p_c.jpg,2026-06-29 12:29,For Sale
26702846,5946 Mercedes Ave,75206,Dallas,TX,32.827667,-96.76381,1295000,397.0,-55000.0,1267000.0,6686.0,4.0,3.0,3264.0,1932.0,7100.28,singleFamily,30,975380.0,2025,https://www.zillow.com,https://photos.zillowstatic.com/fp/f13e87f704b72c7f3b85dade56cad73a-p_c.jpg,2026-06-29 12:29,For Sale
26695831,5406 Mercedes Ave,75206,Dallas,TX,32.82796,-96.777054,1589000,598.0,-60000.0,1525700.0,5276.0,3.0,2.0,2658.0,1929.0,7797.24,singleFamily,19,1137940.0,2025,https://www.zillow.com,https://photos.zillowstatic.com/fp/2f6204c26fed9fb828c450df19cecc63-p_c.jpg,2026-06-29 12:29,For Sale
333140681,3710 Redleaf Ln,75209,Dallas,TX,32.828075,-96.81944,849000,327.0,,,,3.0,4.0,2598.0,2022.0,2352.24,singleFamily,66,854750.0,2025,https://www.zillow.com,https://photos.zillowstatic.com/fp/7aa598cddd8aa689ea63d21a6fbd65e4-p_c.jpg,2026-06-29 12:29,For Sale
26702047,6933 Delrose Dr,75214,Dallas,TX,32.825703,-96.7398,2790000,728.0,,2619300.0,6951.0,4.0,4.0,3835.0,1979.0,0.49599999999999994,singleFamily,17,1850080.0,2025,https://www.zillow.com,https://photos.zillowstatic.com/fp/3c7540458c0312d1b9882ec9d9a38e1b-p_c.jpg,2026-06-29 12:29,For Sale
26786398,733 Kirkwood Dr,75218,Dallas,TX,32.85002,-96.70548,549000,376.0,-10990.0,544600.0,2845.0,3.0,2.0,1461.0,1955.0,8755.56,singleFamily,53,518960.0,2025,https://www.zillow.com,https://photos.zillowstatic.com/fp/46e3bc6e29b87b0b445a8410fdd054ab-p_c.jpg,2026-06-29 12:29,For Sale
26846390,2304 Babalos Ln,75228,Dallas,TX,32.80822,-96.676125,419999,222.0,,408500.0,2599.0,3.0,3.0,1892.0,1968.0,8433.216,singleFamily,5,361940.0,2025,https://www.zillow.com,https://photos.zillowstatic.com/fp/829ca234a8ff634af94febd0aac544b5-p_c.jpg,2026-06-29 12:29,For Sale
26752424,6936 Stefani Dr,75225,Dallas,TX,32.87816,-96.78539,1200000,431.0,,,6168.0,4.0,3.0,2784.0,1967.0,0.30647382920110194,singleFamily,52,800000.0,2025,https://www.zillow.com,https://photos.zillowstatic.com/fp/11ae8562cb0bb5b2c71e07f66484b236-p_c.jpg,2026-06-29 12:29,For Sale
26867695,8009 Abramshire Ave,75231,Dallas,TX,32.88411,-96.74335,789000,318.0,,751900.0,3482.0,4.0,3.0,2482.0,1978.0,8712.0,singleFamily,4,651050.0,2025,https://www.zillow.com,https://photos.zillowstatic.com/fp/d82cfd197cbaa1da882048b4052b2029-p_c.jpg,2026-06-29 12:29,For Sale
26826194,1440 Acapulco Dr,75232,Dallas,TX,32.67047,-96.843765,479000,151.0,,476400.0,3151.0,4.0,3.0,3176.0,1958.0,0.377,singleFamily,10,400000.0,2025,https://www.zillow.com,https://photos.zillowstatic.com/fp/df5502fd6348c0afe5008a5a6992ee5d-p_c.jpg,2026-06-29 12:29,For Sale
26847328,1537 Mapleton Dr,75228,Dallas,TX,32.81902,-96.688805,599000,292.0,,581800.0,2620.0,3.0,3.0,2054.0,1961.0,8668.44,singleFamily,10,578010.0,2025,https://www.zillow.com,https://photos.zillowstatic.com/fp/32e287728bc7dfb727932e9e35e3285c-p_c.jpg,2026-06-29 12:29,For Sale
26739896,8619 San Benito Way,75218,Dallas,TX,32.81829,-96.70739,1500000,546.0,,,,3.0,3.0,2746.0,2017.0,7927.92,singleFamily,75,1199700.0,2025,https://www.zillow.com,https://photos.zillowstatic.com/fp/e14fad724ea1f5d6726640aed8c35d5e-p_c.jpg,2026-06-29 12:29,For Sale
454936812,"Piper Plan, College Park",75241,Dallas,TX,32.674084,-96.74831,341900,193.0,3000.0,,2399.0,4.0,3.0,1772.0,2026.0,,singleFamily,0,,,https://www.zillow.com,https://photos.zillowstatic.com/fp/04cbfebfbd21375657be1acc340de784-p_c.jpg,2026-06-29 12:29,For Sale
84003466,13622 Vida Ln,75253,Dallas,TX,32.67849,-96.5982,175000,122.0,,170100.0,1871.0,4.0,2.0,1440.0,2007.0,10018.8,singleFamily,33,138260.0,2025,https://www.zillow.com,https://photos.zillowstatic.com/fp/36c62b0089fbc0565a44b86980787436-p_c.jpg,2026-06-29 12:29,For Sale
26878485,6419 Gentle River Dr,75241,Dallas,TX,32.660995,-96.76761,155000,97.0,,175100.0,1851.0,5.0,3.0,1591.0,1970.0,10049.292,singleFamily,4,260720.0,2025,https://www.zillow.com,https://photos.zillowstatic.com/fp/0b10394f5e79e01b7620cecae6fb3c49-p_c.jpg,2026-06-29 12:29,For Sale
26757578,5809 Orchid Ln,75230,Dallas,TX,32.89257,-96.80581,655000,366.0,-20000.0,632100.0,4297.0,2.0,2.0,1791.0,1979.0,5445.0,singleFamily,30,623160.0,2025,https://www.zillow.com,https://photos.zillowstatic.com/fp/073556a989359422e7a9d8a89f404a95-p_c.jpg,2026-06-29 12:29,For Sale
26890961,7010 McKamy Blvd,75248,Dallas,TX,32.98315,-96.78468,1399000,353.0,-100000.0,1337200.0,6568.0,5.0,5.0,3966.0,1978.0,0.324,singleFamily,12,1060000.0,2025,https://www.zillow.com,https://photos.zillowstatic.com/fp/dbab2fc0269d01363d658e68d49f1239-p_c.jpg,2026-06-29 12:29,For Sale
26873561,7419 Authon Dr,75248,Dallas,TX,32.971554,-96.7792,700000,271.0,,676500.0,6221.0,4.0,3.0,2583.0,1973.0,8276.4,singleFamily,2,559730.0,2025,https://www.zillow.com,https://photos.zillowstatic.com/fp/9d55dcc13ca2a8f43c23b3a9c6a6f686-p_c.jpg,2026-06-29 12:29,For Sale
162298636,3228 Grantwood Dr,75229,Dallas,TX,32.888435,-96.87161,725000,290.0,-24900.0,699300.0,5107.0,4.0,3.0,2500.0,1968.0,0.252,singleFamily,79,669910.0,2025,https://www.zillow.com,https://photos.zillowstatic.com/fp/86db71109e55476dfb827f8bedc35f1e-p_c.jpg,2026-06-29 12:29,For Sale
26899191,3901 Turtle Creek Blvd #7,75219,Dallas,TX,32.816788,-96.79974,8900000,1310.0,,,,3.0,6.0,6792.0,1997.0,7535.88,singleFamily,69,3145000.0,2025,https://www.zillow.com,https://photos.zillowstatic.com/fp/da8210692bd7a70faad4b9c3fc7bf180-p_c.jpg,2026-06-29 12:29,For Sale
26834469,3513 Nomas St,75212,Dallas,TX,32.782005,-96.877556,609000,169.0,-30000.0,602200.0,3884.0,4.0,4.0,3600.0,2025.0,7492.32,singleFamily,88,177600.0,2025,https://www.zillow.com,https://photos.zillowstatic.com/fp/bb82142060871c40f46ab836d6867e1d-p_c.jpg,2026-06-29 12:29,For Sale
26824907,311 Glen Oaks Blvd,75232,Dallas,TX,32.68169,-96.83035,394000,145.0,-21000.0,389900.0,3630.0,4.0,3.0,2723.0,1962.0,0.27999999999999997,singleFamily,26,387280.0,2025,https://www.zillow.com,https://photos.zillowstatic.com/fp/00a2c00ede9148cbedb866e76b5b63d5-p_c.jpg,2026-06-29 12:29,For Sale
2102499889,6123 Rincon Way,75214,Dallas,TX,32.85553,-96.7567,429900,227.0,-10000.0,421400.0,3306.0,3.0,3.0,1895.0,1970.0,5532.12,singleFamily,92,,,https://www.zillow.com,https://photos.zillowstatic.com/fp/0c2ccde3a173b664e541d388289104a6-p_c.jpg,2026-06-29 12:29,For Sale
26871906,6810 Town Bluff Dr,75248,Dallas,TX,32.95476,-96.791534,717500,227.0,-2450.0,700600.0,5048.0,4.0,3.0,3161.0,1974.0,0.331,singleFamily,46,721940.0,2025,https://www.zillow.com,https://photos.zillowstatic.com/fp/bc742c27e2a6c9fb671da352e914e77c-p_c.jpg,2026-06-29 12:29,For Sale
96527644,1933 E Dickey Dr,75051,Grand Prairie,TX,32.72042,-96.975365,325000,213.0,,323400.0,2368.0,3.0,2.0,1529.0,2011.0,5183.64,singleFamily,16,323630.0,2025,https://www.zillow.com,https://photos.zillowstatic.com/fp/6690aa170a312e47ce18db959a60e8b3-p_c.jpg,2026-06-29 12:29,For Sale
26739989,9030 San Benito Way,75218,Dallas,TX,32.822,-96.702095,599000,305.0,,,,3.0,2.0,1967.0,1938.0,9583.2,singleFamily,17,597980.0,2025,https://www.zillow.com,https://photos.zillowstatic.com/fp/532ee25b6bab765058a72fa12ca9d3b6-p_c.jpg,2026-06-29 12:29,For Sale
80235082,9009 Arbor Park Dr,75243,Dallas,TX,32.89907,-96.7294,1225000,300.0,,1174800.0,6827.0,4.0,5.0,4082.0,1977.0,0.252,singleFamily,31,894960.0,2025,https://www.zillow.com,https://photos.zillowstatic.com/fp/b8983dd6783f5198e11ad5571b6cfdec-p_c.jpg,2026-06-29 12:29,For Sale
26823234,1743 Indian Summer Trl,75241,Dallas,TX,32.6743,-96.7936,199900,82.0,-10000.0,196300.0,2702.0,3.0,3.0,2427.0,1962.0,0.40499999999999997,singleFamily,50,190870.0,2025,https://www.zillow.com,https://photos.zillowstatic.com/fp/adbfddfde02a514444608af1d819b22e-p_c.jpg,2026-06-29 12:29,For Sale
26875990,16833 Davenport Ct,75248,Dallas,TX,32.979626,-96.79679,518000,229.0,,516600.0,2872.0,3.0,2.0,2260.0,1978.0,6185.52,singleFamily,2,535410.0,2025,https://www.zillow.com,https://photos.zillowstatic.com/fp/6ba819df39e2b4ba194a70e6997d9bbb-p_c.jpg,2026-06-29 12:29,For Sale
26751582,7719 Deer Trail Dr,75238,Dallas,TX,32.865612,-96.73036,1899000,401.0,-51000.0,1848800.0,7635.0,5.0,6.0,4737.0,2021.0,8058.6,singleFamily,130,1641210.0,2025,https://www.zillow.com,https://photos.zillowstatic.com/fp/8f433e7af995fc310a962c41d6bf9e8e-p_c.jpg,2026-06-29 12:29,For Sale
26809012,10931 Marsh Ln,75229,Dallas,TX,32.89747,-96.85655,649900,262.0,,623700.0,5170.0,4.0,3.0,2478.0,1981.0,0.372,singleFamily,16,591530.0,2025,https://www.zillow.com,https://photos.zillowstatic.com/fp/a5e19983897f7e7f02d633aee4ebff15-p_c.jpg,2026-06-29 12:29,For Sale
26703114,6303 Anita St,75214,Dallas,TX,32.834896,-96.75495,749000,490.0,,723100.0,3555.0,3.0,2.0,1528.0,1948.0,7840.8,singleFamily,37,658000.0,2025,https://www.zillow.com,https://photos.zillowstatic.com/fp/522ca8a315b22251258de3e77611f2b0-p_c.jpg,2026-06-29 12:29,For Sale
26863626,7635 Tanglecrest Dr,75254,Dallas,TX,32.947193,-96.77473,1399000,321.0,,,,6.0,4.0,4358.0,1969.0,0.289,singleFamily,2,825000.0,2025,https://www.zillow.com,https://photos.zillowstatic.com/fp/4a069e42f991b6f0d8c5c20e77e5f02a-p_c.jpg,2026-06-29 12:29,For Sale
55827372,3401 Lee Pkwy APT 104,75219,Dallas,TX,32.809906,-96.80442,500000,608.0,,,,1.0,1.0,823.0,1998.0,1.963,condo,10,313660.0,2025,https://www.zillow.com,https://photos.zillowstatic.com/fp/419c24a6551dbc31a250652b066f60dc-p_c.jpg,2026-06-29 12:29,For Sale
26725933,4405 W Lawther Dr,75214,Dallas,TX,32.839657,-96.7307,5950000,,,,,,,,,2.2,land,6,1980000.0,2021,https://www.zillow.com,https://photos.zillowstatic.com/fp/b1eeaccad4a9ed5bd66fd1b0628acf28-p_c.jpg,2026-06-29 12:29,For Sale
26694528,3703 York St,75210,Dallas,TX,32.765,-96.74545,298000,175.0,-1000.0,,1987.0,3.0,3.0,1699.0,2025.0,3267.0,singleFamily,130,26000.0,2025,https://www.zillow.com,https://photos.zillowstatic.com/fp/9b87a950a3f0806808cdcb563ebf8510-p_c.jpg,2026-06-29 12:29,For Sale
26698802,5322 W Mockingbird Ln,75209,Dallas,TX,32.8364,-96.820786,1075000,467.0,-25000.0,1046700.0,4378.0,3.0,3.0,2303.0,1979.0,7927.92,singleFamily,78,1062700.0,2025,https://www.zillow.com,https://photos.zillowstatic.com/fp/ef8d61c12202377135cebd0625b1ace3-p_c.jpg,2026-06-29 12:29,For Sale
26869902,9223 Club Glen Dr,75243,Dallas,TX,32.90173,-96.74409,1150000,286.0,-45000.0,,,4.0,3.0,4026.0,1979.0,10410.84,singleFamily,33,1085440.0,2025,https://www.zillow.com,https://photos.zillowstatic.com/fp/ae21523ef1f510d4873f1a4eb4145e82-p_c.jpg,2026-06-29 12:29,For Sale
26888478,10015 Chimney Hill Ln,75243,Dallas,TX,32.916225,-96.72445,524990,204.0,,511100.0,4246.0,4.0,3.0,2578.0,1979.0,8886.24,singleFamily,30,460000.0,2025,https://www.zillow.com,https://photos.zillowstatic.com/fp/117992e67b8bdbda7a3ebccbf1a20d44-p_c.jpg,2026-06-29 12:29,For Sale
26860038,8034 Greenhollow Ln,75240,Dallas,TX,32.93785,-96.76769,418000,200.0,,411000.0,2889.0,5.0,3.0,2086.0,1961.0,8102.16,singleFamily,45,314120.0,2025,https://www.zillow.com,https://photos.zillowstatic.com/fp/d99684671c4bcd078842ebe66e66f571-p_c.jpg,2026-06-29 12:29,For Sale
26645606,4816 Sandestin Dr,75287,Dallas,TX,32.99534,-96.826256,1295000,289.0,-30000.0,1247100.0,6600.0,5.0,5.0,4488.0,1990.0,0.25,singleFamily,21,1133972.0,2025,https://www.zillow.com,https://photos.zillowstatic.com/fp/ab8743010bf9bf187c59b5665ac628d6-p_c.jpg,2026-06-29 12:29,For Sale
26731951,3709 Mount Royal St,75211,Dallas,TX,32.74563,-96.87993,370000,260.0,-9000.0,361900.0,1515.0,4.0,2.0,1424.0,1942.0,7100.28,multiFamily,95,349080.0,2025,https://www.zillow.com,https://photos.zillowstatic.com/fp/a1396bfaa8c357152231c148f404ca0b-p_c.jpg,2026-06-29 12:29,For Sale
96506181,7813 Oak Garden Trl,75232,Dallas,TX,32.652798,-96.85119,260000,169.0,-8000.0,257800.0,2122.0,3.0,2.0,1540.0,2014.0,7927.92,singleFamily,72,331880.0,2025,https://www.zillow.com,https://photos.zillowstatic.com/fp/ab504678e8e79ba8473e9c502a2a2266-p_c.jpg,2026-06-29 12:29,For Sale
69677111,1122 Jackson St APT 606,75202,Dallas,TX,32.778316,-96.80129,295000,287.0,,248400.0,1771.0,1.0,1.0,1028.0,1925.0,0.984,condo,2,253000.0,2025,https://www.zillow.com,https://photos.zillowstatic.com/fp/634d8d4a02e660a55f66cbfaffc8c66e-p_c.jpg,2026-06-29 12:29,For Sale
26690351,5645 Vickery Blvd,75206,Dallas,TX,32.822723,-96.77035,1699000,526.0,,,,4.0,3.0,3227.0,2014.0,8494.2,singleFamily,32,1543690.0,2025,https://www.zillow.com,https://photos.zillowstatic.com/fp/faa22aa792b686f17f213d793cf6669e-p_c.jpg,2026-06-29 12:29,For Sale
26710038,209 S Windomere Ave,75208,Dallas,TX,32.74418,-96.8457,800000,284.0,,760400.0,3987.0,4.0,3.0,2821.0,1920.0,7361.64,singleFamily,4,783430.0,2025,https://www.zillow.com,https://photos.zillowstatic.com/fp/8be47986e5d07cabe903e251daefab59-p_c.jpg,2026-06-29 12:29,For Sale
26759674,9525 Alva Ct,75220,Dallas,TX,32.87314,-96.81626,9600000,870.0,-300000.0,9157300.0,7728.0,6.0,9.0,11037.0,2002.0,0.844,singleFamily,41,7000000.0,2025,https://www.zillow.com,https://photos.zillowstatic.com/fp/1af6a1b29c22fa9d3cf7f5391b89367d-p_c.jpg,2026-06-29 12:29,For Sale
26759936,8605 Preston Rd,75225,Dallas,TX,32.868378,-96.80515,17500000,1931.0,-5500000.0,,,2.0,6.0,9062.0,1996.0,3.204,singleFamily,237,8696530.0,2025,https://www.zillow.com,https://photos.zillowstatic.com/fp/ddd282a73cbd1cbf70b64d742471e30f-p_c.jpg,2026-06-29 12:29,For Sale
26637978,17927 Windflower Way,75252,Dallas,TX,32.996372,-96.80392,395000,182.0,-14900.0,388000.0,3083.0,3.0,3.0,2174.0,1990.0,4225.32,singleFamily,80,454758.0,2025,https://www.zillow.com,https://photos.zillowstatic.com/fp/4c5259b325b83ee8aa05f6f603970e5c-p_c.jpg,2026-06-29 12:29,For Sale
26843946,9314 Livenshire Dr,75238,Dallas,TX,32.874485,-96.70414,575000,295.0,,,,3.0,2.0,1952.0,1956.0,7971.48,singleFamily,10,518160.0,2025,https://www.zillow.com,https://photos.zillowstatic.com/fp/b924b5ace707358b58f314db64ed0f71-p_c.jpg,2026-06-29 12:29,For Sale
26743101,10615 Swallow Ln,75218,Dallas,TX,32.848198,-96.69411,499000,267.0,,485800.0,2681.0,3.0,2.0,1870.0,1958.0,10236.6,singleFamily,60,492800.0,2025,https://www.zillow.com,https://photos.zillowstatic.com/fp/dd9205e4b822830c8efeb7a3565a5974-p_c.jpg,2026-06-29 12:29,For Sale
96536265,2006 Oak Garden Ct,75232,Dallas,TX,32.65385,-96.85096,450000,215.0,,,,4.0,3.0,2089.0,2024.0,0.272,singleFamily,8,450000.0,2025,https://www.zillow.com,https://photos.zillowstatic.com/fp/9f8f5623bb56534a321b906a998f1fd0-p_c.jpg,2026-06-29 12:29,For Sale
67961734,3413 Howell St,75204,Dallas,TX,32.803265,-96.797485,845000,331.0,,,,3.0,3.0,2551.0,2004.0,1437.48,townhome,9,780890.0,2025,https://www.zillow.com,https://photos.zillowstatic.com/fp/66d6726dba98d0d6f6ded23302ac125f-p_c.jpg,2026-06-29 12:29,For Sale
303984086,9360 Lakemont Dr,75220,Dallas,TX,32.865963,-96.8446,2495000,501.0,-105000.0,2410700.0,7886.0,5.0,5.0,4981.0,2019.0,0.48,singleFamily,94,2218000.0,2025,https://www.zillow.com,https://photos.zillowstatic.com/fp/bfe473c632ca3f1cbecb49e005f01efa-p_c.jpg,2026-06-29 12:29,For Sale
26874286,7636 La Risa Dr,75248,Dallas,TX,32.962345,-96.77598,699000,332.0,,674400.0,3146.0,3.0,2.0,2104.0,1970.0,8929.8,singleFamily,12,529800.0,2025,https://www.zillow.com,https://photos.zillowstatic.com/fp/a32805fbb2bcc3e240967778a2c0ecf3-p_c.jpg,2026-06-29 12:29,For Sale
26701570,6427 Lakewood Blvd,75214,Dallas,TX,32.818043,-96.751884,1750000,478.0,-40000.0,,,5.0,4.0,3662.0,1925.0,8799.12,singleFamily,51,1320700.0,2025,https://www.zillow.com,https://photos.zillowstatic.com/fp/48e1c5704ef78e182648c47376e7d0d1-p_c.jpg,2026-06-29 12:29,For Sale
26858988,10859 Carissa Dr,75218,Dallas,TX,32.861828,-96.69767,899000,398.0,,859900.0,3642.0,3.0,3.0,2261.0,1971.0,10715.76,singleFamily,3,661770.0,2025,https://www.zillow.com,https://photos.zillowstatic.com/fp/31efcb876953d02b684f63a6e68dd807-p_c.jpg,2026-06-29 12:29,For Sale
26677905,3216 Trevolle Pl,75204,Dallas,TX,32.793335,-96.78676,519000,230.0,-20000.0,507900.0,4244.0,2.0,3.0,2258.0,1980.0,3397.68,singleFamily,139,651480.0,2025,https://www.zillow.com,https://photos.zillowstatic.com/fp/09e4dc131a87e90057bd757af87f2c50-p_c.jpg,2026-06-29 12:29,For Sale
26701636,6402 Westlake Ave,75214,Dallas,TX,32.821693,-96.7527,1825000,451.0,-50000.0,1797700.0,7891.0,4.0,6.0,4045.0,2026.0,7405.2,singleFamily,46,609450.0,2025,https://www.zillow.com,https://photos.zillowstatic.com/fp/a0dfd5432276e30ab325e555c26132ff-p_c.jpg,2026-06-29 12:29,For Sale
26843530,8629 Lockhaven Dr,75238,Dallas,TX,32.866962,-96.70802,1595000,388.0,-55000.0,1565900.0,5176.0,4.0,4.0,4110.0,2026.0,9670.32,singleFamily,59,535830.0,2025,https://www.zillow.com,https://photos.zillowstatic.com/fp/871f3a447714269d81b6baadaa575b04-p_c.jpg,2026-06-29 12:29,For Sale
96503850,1011 S Waverly Dr,75208,Dallas,TX,32.735634,-96.84955,525000,150.0,,507400.0,5401.0,5.0,4.0,3506.0,2022.0,7274.52,singleFamily,53,833230.0,2025,https://www.zillow.com,https://photos.zillowstatic.com/fp/18191b0fb386ba9516d4de76b213efe3-p_c.jpg,2026-06-29 12:29,For Sale
303984720,2114 Wenge Ln,75219,Dallas,TX,32.809242,-96.82861,589995,305.0,,576600.0,3851.0,3.0,4.0,1932.0,2021.0,1393.92,townhome,17,635090.0,2025,https://www.zillow.com,https://photos.zillowstatic.com/fp/05998c2ce019c9a2de87f3f2741204d9-p_c.jpg,2026-06-29 12:29,For Sale
26787955,3559 Durango Dr,75220,Dallas,TX,32.86767,-96.85897,1150000,318.0,,1122100.0,6284.0,5.0,5.0,3612.0,2026.0,10541.52,singleFamily,47,382130.0,2025,https://www.zillow.com,https://photos.zillowstatic.com/fp/6b07d46c811fc61e1d4e5763454f8a12-p_c.jpg,2026-06-29 12:29,For Sale
26814311,6633 Emhouse St,75232,Dallas,TX,32.66675,-96.828224,245000,141.0,,246700.0,2251.0,4.0,2.0,1738.0,1949.0,10062.36,singleFamily,5,265760.0,2025,https://www.zillow.com,https://photos.zillowstatic.com/fp/ac3bc145aec85a5e339c8ee0d2272778-p_c.jpg,2026-06-29 12:29,For Sale
26872702,6741 Regalbluff Dr,75248,Dallas,TX,32.95281,-96.79272,899000,249.0,-26000.0,867000.0,5457.0,4.0,4.0,3609.0,1974.0,0.338,singleFamily,22,676000.0,2025,https://www.zillow.com,https://photos.zillowstatic.com/fp/7fcb85f485c225a252c24600c06336b1-p_c.jpg,2026-06-29 12:29,For Sale
67965203,3225 Turtle Creek Blvd APT 530,75219,Dallas,TX,32.80584,-96.80469,289000,354.0,,282700.0,2081.0,1.0,1.0,816.0,1998.0,3.536,condo,17,277440.0,2025,https://www.zillow.com,https://photos.zillowstatic.com/fp/f2e78f02af3b36f4e811b06b4cd4227a-p_c.jpg,2026-06-29 12:29,For Sale
55172512,2723 Dali Dr,75287,Dallas,TX,33.00448,-96.86424,359000,232.0,,349700.0,2041.0,2.0,2.0,1549.0,1984.0,0.27,singleFamily,16,383469.0,2025,https://www.zillow.com,https://photos.zillowstatic.com/fp/3b62485cc6ef04854a7dacd49c678a76-p_c.jpg,2026-06-29 12:29,For Sale
26853837,807 Havenwood Dr,75232,Dallas,TX,32.656685,-96.835655,235000,108.0,-5000.0,234700.0,2443.0,4.0,2.0,2172.0,1960.0,0.26,singleFamily,48,297100.0,2025,https://www.zillow.com,https://photos.zillowstatic.com/fp/c906c089b0eeea2181e561e863d2d5a5-p_c.jpg,2026-06-29 12:29,For Sale
26739174,7522 Holly Hill Dr APT 2,75231,Dallas,TX,32.879498,-96.75309,245000,169.0,,,,2.0,3.0,1448.0,1979.0,2.464,condo,2,231680.0,2025,https://www.zillow.com,https://photos.zillowstatic.com/fp/51ce21afc0d8a622ac5107d86300fc6e-p_c.jpg,2026-06-29 12:29,For Sale
26690676,5311 Willis Ave,75206,Dallas,TX,32.820522,-96.77941,835000,537.0,,797100.0,4122.0,3.0,2.0,1556.0,1920.0,7797.24,singleFamily,18,735450.0,2025,https://www.zillow.com,https://photos.zillowstatic.com/fp/d097fe5c35eebc33a3158d8ebe98f525-p_c.jpg,2026-06-29 12:29,For Sale
124267812,6421 Blanch Cir,75214,Dallas,TX,32.824013,-96.7506,3250000,900.0,,3059300.0,7610.0,4.0,5.0,3611.0,2014.0,0.49899999999999994,singleFamily,33,2623470.0,2025,https://www.zillow.com,https://photos.zillowstatic.com/fp/5d69cea182013e5e7320b83790f6392c-p_c.jpg,2026-06-29 12:29,For Sale
67961725,2111 Clark St APT H,75204,Dallas,TX,32.795803,-96.79481,549000,261.0,,534100.0,3625.0,2.0,3.0,2100.0,2003.0,1219.68,townhome,46,545320.0,2025,https://www.zillow.com,https://photos.zillowstatic.com/fp/7676654a2a51fcade2e9e27adaad1a5b-p_c.jpg,2026-06-29 12:29,For Sale
26704599,5332 Longview St,75206,Dallas,TX,32.830578,-96.778336,759000,367.0,-16000.0,,,3.0,3.0,2068.0,2005.0,3963.96,singleFamily,49,731620.0,2025,https://www.zillow.com,https://photos.zillowstatic.com/fp/4390a125fc11517c3b759ed69c99bcae-p_c.jpg,2026-06-29 12:29,For Sale
26756212,6815 Pemberton Dr,75230,Dallas,TX,32.891823,-96.78806,4649000,662.0,-100000.0,,,6.0,7.0,7021.0,2024.0,0.38199999999999995,singleFamily,32,3364430.0,2025,https://www.zillow.com,https://photos.zillowstatic.com/fp/4d27bd19ec15c16995748402bc6316d2-p_c.jpg,2026-06-29 12:29,For Sale
26695513,5210 Ridgedale Ave,75206,Dallas,TX,32.825203,-96.781876,940000,558.0,,,,3.0,2.0,1685.0,1926.0,7230.96,singleFamily,10,893160.0,2025,https://www.zillow.com,https://photos.zillowstatic.com/fp/2ea5d05d2a321e228163102b6375b2de-p_c.jpg,2026-06-29 12:29,For Sale
26748994,6050 Melody Ln APT 121,75231,Dallas,TX,32.86708,-96.76039,119000,106.0,-16000.0,,1949.0,2.0,2.0,1127.0,1979.0,8.072,singleFamily,27,131380.0,2025,https://www.zillow.com,https://photos.zillowstatic.com/fp/96ebf5d4858adfb01fe23b0ffa435d2b-p_c.jpg,2026-06-29 12:29,For Sale
26761762,9744 Wisterwood Dr,75238,Dallas,TX,32.873096,-96.72015,875000,385.0,,837400.0,4719.0,3.0,3.0,2270.0,1964.0,10105.92,singleFamily,26,845730.0,2025,https://www.zillow.com,https://photos.zillowstatic.com/fp/c8c6834decf02c36a63d98936d9e8026-p_c.jpg,2026-06-29 12:29,For Sale
89391200,8813 Tudor Pl,75228,Dallas,TX,32.81364,-96.698135,434900,226.0,,,,3.0,3.0,1927.0,2008.0,2308.68,townhome,4,388000.0,2025,https://www.zillow.com,https://photos.zillowstatic.com/fp/892e063d53439336273a0aaf97fb4cc3-p_c.jpg,2026-06-29 12:29,For Sale
26751108,7329 Edgerton Dr,75231,Dallas,TX,32.857544,-96.73505,585000,292.0,-5000.0,577900.0,3416.0,4.0,3.0,2006.0,1960.0,7766.748,singleFamily,101,566090.0,2025,https://www.zillow.com,https://photos.zillowstatic.com/fp/a8746595e435f258fa3ac003af6247c7-p_c.jpg,2026-06-29 12:29,For Sale
336886774,1747 Leonard St Suite 2601,75201,Dallas,TX,32.78981,-96.79704,17500000,2276.0,,,,4.0,6.0,7688.0,2025.0,0.8300000000000001,condo,453,6334910.0,2025,https://www.zillow.com,https://photos.zillowstatic.com/fp/d7655d47504514c98f614924aa534bc7-p_c.jpg,2026-06-29 12:29,For Sale
55172819,3172 Harbinger Ln,75287,Dallas,TX,32.99436,-96.86639,275000,217.0,-24000.0,271700.0,1953.0,2.0,2.0,1268.0,1984.0,4312.44,singleFamily,81,304124.0,2025,https://www.zillow.com,https://photos.zillowstatic.com/fp/a974d831dfd59004825cca0c17791f82-p_c.jpg,2026-06-29 12:29,For Sale
26779175,2329 Southwood Dr,75224,Dallas,TX,32.70125,-96.85583,450000,274.0,,,,4.0,2.0,1643.0,1968.0,0.27,singleFamily,9,263950.0,2025,https://www.zillow.com,https://photos.zillowstatic.com/fp/c11cc14b2eeb154f7d61b8ef44b7fc66-p_c.jpg,2026-06-29 12:29,For Sale
344555563,2404 Colony Ct #2406,75235,Dallas,TX,32.835716,-96.85545,340000,219.0,10000.0,,2072.0,4.0,2.0,1552.0,1947.0,6072.264,multiFamily,25,,,https://www.zillow.com,https://photos.zillowstatic.com/fp/d4569230752917f565989118ae61927c-p_c.jpg,2026-06-29 12:29,For Sale
26872152,6907 Hillwood Ln,75248,Dallas,TX,32.957848,-96.79019,675000,240.0,,650800.0,4341.0,4.0,3.0,2811.0,1971.0,0.28400000000000003,singleFamily,16,727530.0,2025,https://www.zillow.com,https://photos.zillowstatic.com/fp/2b9aa69aca8d168fd9889935b6e3ea51-p_c.jpg,2026-06-29 12:29,For Sale
26840287,9519 Springwater Dr,75228,Dallas,TX,32.82239,-96.69538,639000,269.0,,620800.0,3457.0,4.0,3.0,2375.0,1965.0,10628.64,singleFamily,23,639610.0,2025,https://www.zillow.com,https://photos.zillowstatic.com/fp/18842ba9e6cfe461155d96be7952ebfe-p_c.jpg,2026-06-29 12:29,For Sale
26935552,3235 Cole Ave #55,75204,Dallas,TX,32.804905,-96.80093,350000,209.0,-10000.0,340700.0,3400.0,2.0,3.0,1678.0,1985.0,1.25,condo,282,440000.0,2025,https://www.zillow.com,https://photos.zillowstatic.com/fp/8f2aac7fb6d7a5d859986b086d59ae91-p_c.jpg,2026-06-29 12:29,For Sale
80228837,13731 Biggs St,75253,Dallas,TX,32.68139,-96.59222,227000,139.0,-3000.0,,,4.0,2.0,1638.0,2004.0,5227.2,singleFamily,302,228290.0,2025,https://www.zillow.com,https://photos.zillowstatic.com/fp/b46ee95d5284bf4a32a160246f9bd7ee-p_c.jpg,2026-06-29 12:29,For Sale
26746607,10329 Lake Gardens Dr,75218,Dallas,TX,32.844616,-96.6961,595000,288.0,-25000.0,,3398.0,4.0,3.0,2064.0,1955.0,0.253,singleFamily,159,677020.0,2025,https://www.zillow.com,https://photos.zillowstatic.com/fp/f83529f33680f574554c0b4c5e0fe445-p_c.jpg,2026-06-29 12:29,For Sale
26872983,15651 Terrace Lawn Cir,75248,Dallas,TX,32.961514,-96.77894,595000,276.0,-54000.0,579800.0,3314.0,4.0,3.0,2159.0,1967.0,7840.8,singleFamily,44,575000.0,2025,https://www.zillow.com,https://photos.zillowstatic.com/fp/d0c1ff5499c268a349a0a04c90a52e25-p_c.jpg,2026-06-29 12:29,For Sale
54010848,17911 Meadowchase Way,75287,Dallas,TX,32.99258,-96.860535,399000,161.0,-31000.0,,3097.0,4.0,3.0,2481.0,1995.0,5227.2,singleFamily,51,446223.0,2025,https://www.zillow.com,https://photos.zillowstatic.com/fp/2d2bbd8bcc98a3224bb5346b1771b36c-p_c.jpg,2026-06-29 12:29,For Sale
26701795,6743 Gaston Ave,75214,Dallas,TX,32.816727,-96.74475,3995000,738.0,,3691900.0,8238.0,6.0,6.0,5410.0,2004.0,0.49300000000000005,singleFamily,9,1700000.0,2025,https://www.zillow.com,https://photos.zillowstatic.com/fp/a4e54ea1ddf212c2551c7b8145f7adfd-p_c.jpg,2026-06-29 12:29,For Sale
26790118,3957 Gaspar Dr,75220,Dallas,TX,32.86998,-96.84653,2249500,456.0,-45500.0,2162300.0,3391.0,6.0,5.0,4932.0,2026.0,9408.96,singleFamily,30,649550.0,2025,https://www.zillow.com,https://photos.zillowstatic.com/fp/ce1eee0302497df51630d5aaef81b66d-p_c.jpg,2026-06-29 12:29,For Sale
26709165,712 W 8th St,75208,Dallas,TX,32.74785,-96.834595,515000,280.0,-10000.0,501700.0,2752.0,4.0,3.0,1837.0,1930.0,5749.92,singleFamily,55,507730.0,2025,https://www.zillow.com,https://photos.zillowstatic.com/fp/68aa99826b06a012f55c015aef0a9a30-p_c.jpg,2026-06-29 12:29,For Sale
26881292,4452 Sugar Mill Rd,75244,Dallas,TX,32.918533,-96.83193,1495000,437.0,-80000.0,1429600.0,6828.0,5.0,5.0,3422.0,1966.0,0.37900000000000006,singleFamily,53,1527000.0,2025,https://www.zillow.com,https://photos.zillowstatic.com/fp/86a97f63a4aeca2864caa3d02fb619bf-p_c.jpg,2026-06-29 12:29,For Sale
26759576,5036 Radbrook Pl,75220,Dallas,TX,32.867332,-96.82502,5995000,708.0,,5881100.0,31286.0,6.0,6.0,8462.0,2015.0,1.08,singleFamily,9,5077000.0,2025,https://www.zillow.com,https://photos.zillowstatic.com/fp/e79327d8aad385ed588ac32212b12973-p_c.jpg,2026-06-29 12:29,For Sale
26754258,6811 Del Norte Ln,75225,Dallas,TX,32.868965,-96.78791,1499000,396.0,-51000.0,,,4.0,5.0,3789.0,2015.0,4791.6,singleFamily,65,1492580.0,2025,https://www.zillow.com,https://photos.zillowstatic.com/fp/6e37266e91736f1bf2b09a9374ab36ae-p_c.jpg,2026-06-29 12:29,For Sale
69675393,1122 Jackson St APT 1103,75202,Dallas,TX,32.778316,-96.80129,374000,361.0,,358500.0,1934.0,1.0,2.0,1035.0,1925.0,0.984,condo,18,336380.0,2025,https://www.zillow.com,https://photos.zillowstatic.com/fp/27490b4063d9452a319ee8fdceaa09e7-p_c.jpg,2026-06-29 12:29,For Sale
26868951,9435 Spring Hollow Dr,75243,Dallas,TX,32.900295,-96.734856,835000,247.0,,,,4.0,4.0,3379.0,1975.0,10236.6,singleFamily,3,731380.0,2025,https://www.zillow.com,https://photos.zillowstatic.com/fp/dcbcd6fdc9c904fc570250adc36ce01c-p_c.jpg,2026-06-29 12:29,For Sale
26803325,6139 Northaven Rd,75230,Dallas,TX,32.901867,-96.8015,2150000,339.0,-349000.0,2052600.0,7254.0,6.0,6.0,6335.0,2005.0,0.364,singleFamily,25,2947040.0,2025,https://www.zillow.com,https://photos.zillowstatic.com/fp/0a2905c021a9005638611deabe90f5ed-p_c.jpg,2026-06-29 12:29,For Sale
26807401,10419 Cromwell Dr,75229,Dallas,TX,32.888237,-96.86276,2150000,443.0,,2080100.0,3063.0,5.0,7.0,4852.0,2026.0,0.256,singleFamily,6,481190.0,2025,https://www.zillow.com,https://photos.zillowstatic.com/fp/f1cae218ebc0485a04b03c78279a0464-p_c.jpg,2026-06-29 12:29,For Sale
26709762,218 N Rosemont Ave,75208,Dallas,TX,32.747173,-96.84747,499000,260.0,-16000.0,,,3.0,2.0,1921.0,1925.0,7405.2,singleFamily,79,454000.0,2025,https://www.zillow.com,https://photos.zillowstatic.com/fp/5ccf24be7456784ade3992b09827fb03-p_c.jpg,2026-06-29 12:29,For Sale
26688370,2725 1st Ave,75210,Dallas,TX,32.767334,-96.750824,258900,144.0,-100.0,258400.0,2621.0,3.0,3.0,1800.0,2025.0,5575.68,singleFamily,103,199530.0,2025,https://www.zillow.com,https://photos.zillowstatic.com/fp/eb092f9bc635c7c350acb6986e06ce74-p_c.jpg,2026-06-29 12:29,For Sale
162362971,9606 Glenacre Ln,75243,Dallas,TX,32.895626,-96.724464,435000,208.0,-15000.0,423700.0,2389.0,3.0,3.0,2094.0,1978.0,3876.84,singleFamily,50,388170.0,2025,https://www.zillow.com,https://photos.zillowstatic.com/fp/c0ae7b4049303065b761d75f269df208-p_c.jpg,2026-06-29 12:29,For Sale
2070562641,5312 Black Hawk St,75212,Dallas,TX,32.767216,-96.90552,317500,191.0,-2500.0,,,4.0,2.0,1664.0,2019.0,4486.68,singleFamily,282,,,https://www.zillow.com,https://photos.zillowstatic.com/fp/b8b80acddb6148d5c1641a644d4c8317-p_c.jpg,2026-06-29 12:29,For Sale
26851066,9235 Rolling Rock Ln,75238,Dallas,TX,32.87389,-96.694115,525000,277.0,,,,3.0,2.0,1895.0,1974.0,10410.84,singleFamily,24,483760.0,2025,https://www.zillow.com,https://photos.zillowstatic.com/fp/4a44c23ce4fb9fc81880410e5b47804d-p_c.jpg,2026-06-29 12:29,For Sale
96496175,5328 Manett St,75206,Dallas,TX,32.817657,-96.77831,1650000,484.0,,1577300.0,7467.0,5.0,4.0,3411.0,2015.0,7492.32,singleFamily,8,1267630.0,2025,https://www.zillow.com,https://photos.zillowstatic.com/fp/d00389973ebaf780a36141cbf95726a1-p_c.jpg,2026-06-29 12:29,For Sale
26889563,6406 Redpine Rd,75248,Dallas,TX,32.975037,-96.796455,749000,300.0,-26000.0,739800.0,3983.0,4.0,3.0,2498.0,1980.0,8189.28,singleFamily,254,650000.0,2025,https://www.zillow.com,https://photos.zillowstatic.com/fp/cd31224d73ddc989a135540b7793895e-p_c.jpg,2026-06-29 12:29,For Sale
26854081,9662 Ferndale Rd,75238,Dallas,TX,32.878803,-96.7082,499000,285.0,-20000.0,490200.0,3178.0,3.0,2.0,1748.0,1959.0,9365.4,singleFamily,24,478700.0,2025,https://www.zillow.com,https://photos.zillowstatic.com/fp/0402bb1fe142bcaaced914dd096b5b40-p_c.jpg,2026-06-29 12:29,For Sale
26755584,6615 Meadow Rd,75230,Dallas,TX,32.88651,-96.79076,2999999,467.0,-150001.0,,21725.0,5.0,7.0,6421.0,1999.0,0.344,singleFamily,103,3495560.0,2023,https://www.zillow.com,https://photos.zillowstatic.com/fp/1d2a3d0370d8a3b5df5ea89597ffdaae-p_c.jpg,2026-06-29 12:29,For Sale
26689166,5617 Swiss Ave,75214,Dallas,TX,32.80813,-96.76333,2400000,602.0,-150000.0,2265000.0,7654.0,4.0,3.0,3985.0,1919.0,0.372,singleFamily,51,1780650.0,2025,https://www.zillow.com,https://photos.zillowstatic.com/fp/e472fbe5cebc1456d694bdef4354e3d4-p_c.jpg,2026-06-29 12:29,For Sale
26706141,6742 Williamson Rd,75214,Dallas,TX,32.836758,-96.74292,815000,576.0,,769400.0,3636.0,3.0,3.0,1414.0,1952.0,0.35,singleFamily,10,1031800.0,2025,https://www.zillow.com,https://photos.zillowstatic.com/fp/9575470b6150dd2a7136627172f4b9cf-p_c.jpg,2026-06-29 12:29,For Sale
26857947,4432 Willow Ln,75244,Dallas,TX,32.91401,-96.83275,1799000,430.0,,,7055.0,5.0,6.0,4181.0,1963.0,0.39,singleFamily,30,1225310.0,2025,https://www.zillow.com,https://photos.zillowstatic.com/fp/7c21527e067075cabb50409039790298-p_c.jpg,2026-06-29 12:29,For Sale
26686496,3523 Edgewood St,75215,Dallas,TX,32.760727,-96.76876,120000,100.0,,,,4.0,3.0,1200.0,1935.0,5662.8,singleFamily,22,119860.0,2025,https://www.zillow.com,https://photos.zillowstatic.com/fp/366167a2e259473402d82a8317cd91dc-p_c.jpg,2026-06-29 12:29,For Sale
26843362,9077 Longmont Dr,75238,Dallas,TX,32.871124,-96.707535,610000,401.0,-9900.0,,,4.0,2.0,1523.0,1955.0,7971.48,singleFamily,45,533340.0,2025,https://www.zillow.com,https://photos.zillowstatic.com/fp/95cd478cba66917d2417248fda974133-p_c.jpg,2026-06-29 12:29,For Sale
26740176,8210 Garland Rd,75218,Dallas,TX,32.81496,-96.721535,3495000,536.0,,3161300.0,8705.0,6.0,6.0,6519.0,2004.0,1.033,singleFamily,72,2566600.0,2025,https://www.zillow.com,https://photos.zillowstatic.com/fp/cc924622ac02e491e01f7031b7e4a773-p_c.jpg,2026-06-29 12:29,For Sale
26714393,1466 Stella Ave,75216,Dallas,TX,32.72734,-96.8015,160000,220.0,,158000.0,1351.0,2.0,1.0,728.0,1922.0,8450.64,singleFamily,7,154980.0,2025,https://www.zillow.com,https://photos.zillowstatic.com/fp/19abf77fb7dbacd380e9c46eb6d33c85-p_c.jpg,2026-06-29 12:29,For Sale
162392168,13740 Vida Ln,75253,Dallas,TX,32.677017,-96.5969,949900,215.0,,932500.0,2150.0,8.0,6.0,4418.0,1989.0,2.42,singleFamily,4,685600.0,2025,https://www.zillow.com,https://photos.zillowstatic.com/fp/031704ec50cebb3ddf0009448fa26531-p_c.jpg,2026-06-29 12:29,For Sale
26750186,6706 Pimlico Dr,75214,Dallas,TX,32.8507,-96.74407,799900,374.0,,770600.0,6002.0,4.0,3.0,2140.0,1954.0,7405.2,singleFamily,17,607580.0,2025,https://www.zillow.com,https://photos.zillowstatic.com/fp/b8269d748e4f4c968f51e3b59018252a-p_c.jpg,2026-06-29 12:29,For Sale
26866953,9624 Bellewood Dr,75238,Dallas,TX,32.8743,-96.72172,2250000,496.0,,2175800.0,4881.0,4.0,5.0,4536.0,2026.0,9234.72,singleFamily,23,740000.0,2025,https://www.zillow.com,https://photos.zillowstatic.com/fp/e4ff69b303bdde1c0898e810c152c48a-p_c.jpg,2026-06-29 12:29,For Sale
26880655,12151 Crestline Ave,75244,Dallas,TX,32.915157,-96.83427,1250000,406.0,-49900.0,1206200.0,5044.0,4.0,3.0,3077.0,1971.0,0.336,singleFamily,25,861260.0,2025,https://www.zillow.com,https://photos.zillowstatic.com/fp/3c82a9dc8619e0403051e0765acab993-p_c.jpg,2026-06-29 12:29,For Sale
26802360,8720 Odom Dr,75217,Dallas,TX,32.722916,-96.66981,209000,188.0,,204800.0,1895.0,3.0,2.0,1112.0,1958.0,7361.64,singleFamily,6,197430.0,2025,https://www.zillow.com,https://photos.zillowstatic.com/fp/e5c6dd2a8c000466619c9c50949edc89-p_c.jpg,2026-06-29 12:29,For Sale
26728442,2010 Mayflower Dr,75208,Dallas,TX,32.758034,-96.85496,1145000,434.0,-50000.0,1100300.0,4783.0,4.0,4.0,2638.0,1935.0,7361.64,singleFamily,55,701660.0,2025,https://www.zillow.com,https://photos.zillowstatic.com/fp/21ddcacba8e2494aeece4b643c9b73ce-p_c.jpg,2026-06-29 12:29,For Sale
162435831,2220 Canton St APT 407,75201,Dallas,TX,32.780376,-96.78904,699000,304.0,,669100.0,3820.0,2.0,3.0,2296.0,1925.0,0.9590000000000001,condo,108,519000.0,2025,https://www.zillow.com,https://photos.zillowstatic.com/fp/365bda110c1e00d0248d5b976045f882-p_c.jpg,2026-06-29 12:29,For Sale
26727922,2631 Alco Ave,75211,Dallas,TX,32.747105,-96.86168,467000,353.0,,447100.0,2314.0,2.0,1.0,1323.0,1943.0,6969.6,singleFamily,3,368470.0,2025,https://www.zillow.com,https://photos.zillowstatic.com/fp/7733a1aa539fbe1b99d4dc4008b449c1-p_c.jpg,2026-06-29 12:29,For Sale
26758535,4323 Middleton Rd,75229,Dallas,TX,32.88603,-96.836235,3691000,621.0,-200000.0,3530900.0,6281.0,5.0,7.0,5945.0,2023.0,0.428,singleFamily,73,3344760.0,2025,https://www.zillow.com,https://photos.zillowstatic.com/fp/d5b50d5876a2018788fa9195c5ce9651-p_c.jpg,2026-06-29 12:29,For Sale
26680664,1726 Driskell St,75215,Dallas,TX,32.755207,-96.76747,400000,148.0,-25000.0,398900.0,3015.0,5.0,3.0,2700.0,2026.0,7492.32,singleFamily,127,264390.0,2025,https://www.zillow.com,https://photos.zillowstatic.com/fp/5c4259d94c037232f1d4ff086b284119-p_c.jpg,2026-06-29 12:29,For Sale
80236138,2950 McKinney Ave APT 408,75204,Dallas,TX,32.800648,-96.80015,399000,340.0,,386000.0,3055.0,2.0,2.0,1175.0,2006.0,1.505,condo,10,405000.0,2025,https://www.zillow.com,https://photos.zillowstatic.com/fp/7ebccf061b5bbc1e49006f124247d9bd-p_c.jpg,2026-06-29 12:29,For Sale
26838193,11411 Park Central Pl,75230,Dallas,TX,32.905224,-96.77197,410000,204.0,-10000.0,,,2.0,2.0,2012.0,1963.0,6490.44,singleFamily,76,421930.0,2025,https://www.zillow.com,https://photos.zillowstatic.com/fp/35fd085252f0816f5d247d2ebdd4dd68-p_c.jpg,2026-06-29 12:29,For Sale
80220936,6830 Prairie Flower Trl,75227,Dallas,TX,32.778343,-96.70135,399900,163.0,,398600.0,2598.0,3.0,2.0,2448.0,2006.0,6490.44,singleFamily,9,377770.0,2025,https://www.zillow.com,https://photos.zillowstatic.com/fp/634d9fcbbe643fdf26fb3ea89ef52758-p_c.jpg,2026-06-29 12:29,For Sale
26755175,6031 Lupton Dr,75225,Dallas,TX,32.877293,-96.80259,6100000,870.0,-100000.0,5769000.0,7191.0,5.0,7.0,7009.0,2025.0,0.43199999999999994,singleFamily,93,2570190.0,2025,https://www.zillow.com,https://photos.zillowstatic.com/fp/48b0e44cb83164412f7f80ee793fdfab-p_c.jpg,2026-06-29 12:29,For Sale
26808603,3346 Townsend Dr,75229,Dallas,TX,32.898518,-96.8663,565000,339.0,,557300.0,3203.0,3.0,3.0,1665.0,1961.0,10236.6,singleFamily,2,549040.0,2025,https://www.zillow.com,https://photos.zillowstatic.com/fp/974d66d8bef70340bd27d046bef63a95-p_c.jpg,2026-06-29 12:29,For Sale
26757872,5111 Meaders Ln,75229,Dallas,TX,32.885555,-96.820595,5600000,626.0,,,,6.0,8.0,8949.0,1953.0,0.9199999999999999,singleFamily,34,3082930.0,2025,https://www.zillow.com,https://photos.zillowstatic.com/fp/41dc031e26a8901deced042fe94b921f-p_c.jpg,2026-06-29 12:29,For Sale
26773797,841 Brookwood Dr,75224,Dallas,TX,32.71034,-96.84375,275000,163.0,,,1905.0,3.0,2.0,1690.0,1960.0,9988.0,singleFamily,39,284190.0,2025,https://www.zillow.com,https://photos.zillowstatic.com/fp/e627fa63f9252856e712b6e3b27d1a63-p_c.jpg,2026-06-29 12:29,For Sale
26863534,7431 Larchview Dr,75254,Dallas,TX,32.945274,-96.77567,1199000,458.0,,,,5.0,3.0,2620.0,1965.0,0.41,singleFamily,3,815000.0,2025,https://www.zillow.com,https://photos.zillowstatic.com/fp/9a8b4c4ef4155bb12f1c881a85195f77-p_c.jpg,2026-06-29 12:29,For Sale
26713546,606 W Pembroke Ave,75208,Dallas,TX,32.73799,-96.83242,390000,179.0,-15000.0,,,6.0,4.0,2177.0,1923.0,7640.424,singleFamily,107,283810.0,2025,https://www.zillow.com,https://photos.zillowstatic.com/fp/d04ad9562237408d9af160404b647acc-p_c.jpg,2026-06-29 12:29,For Sale
26851496,6766 Northaven Rd,75230,Dallas,TX,32.900932,-96.78869,4199000,946.0,-196000.0,3928100.0,7634.0,5.0,5.0,4437.0,2019.0,0.942,singleFamily,5,5337960.0,2025,https://www.zillow.com,https://photos.zillowstatic.com/fp/64615944d74097be165d31e4e91973d7-p_c.jpg,2026-06-29 12:29,For Sale
162224612,4130 Cochran Chapel Rd,75209,Dallas,TX,32.860207,-96.84044,9150000,1018.0,,,,5.0,8.0,8984.0,2002.0,3.38,singleFamily,113,6872000.0,2025,https://www.zillow.com,https://photos.zillowstatic.com/fp/9974a556fdec25115f607399b11c6488-p_c.jpg,2026-06-29 12:29,For Sale
26728885,339 Avenue H,75203,Dallas,TX,32.744987,-96.792305,270000,173.0,,263000.0,1819.0,4.0,2.0,1563.0,1939.0,8058.6,singleFamily,10,179280.0,2025,https://www.zillow.com,https://photos.zillowstatic.com/fp/f61f4736244e9790decf26daa51f5e72-p_c.jpg,2026-06-29 12:29,For Sale
60331422,4231 Bowser Ave,75219,Dallas,TX,32.817005,-96.81027,600000,296.0,,587300.0,3935.0,3.0,3.0,2026.0,2002.0,2003.76,townhome,31,570000.0,2025,https://www.zillow.com,https://photos.zillowstatic.com/fp/d06ed707610653a3aaed4e9338d7a8ae-p_c.jpg,2026-06-29 12:29,For Sale
26909252,9551 Gonzales Dr,75227,Dallas,TX,32.76709,-96.65757,124000,132.0,-3000.0,,1421.0,2.0,1.0,940.0,1982.0,3310.56,singleFamily,89,151670.0,2025,https://www.zillow.com,https://photos.zillowstatic.com/fp/d1895d0b21508743ee374dd4d68db170-p_c.jpg,2026-06-29 12:29,For Sale
463361760,1371 Cooper St,75215,Dallas,TX,32.755806,-96.77512,240000,141.0,,239200.0,,4.0,3.0,1706.0,2026.0,8363.52,singleFamily,9,,,https://www.zillow.com,https://photos.zillowstatic.com/fp/0fc782bd410e4640aa4d991bbfcdec9c-p_c.jpg,2026-06-29 12:29,For Sale
26695594,5126 Ridgedale Ave,75206,Dallas,TX,32.825203,-96.78347,1550000,394.0,-100000.0,1475800.0,7859.0,5.0,5.0,3934.0,2008.0,7230.96,singleFamily,19,1345600.0,2025,https://www.zillow.com,https://photos.zillowstatic.com/fp/c478f379d5210595cc3f32f8ad5286f9-p_c.jpg,2026-06-29 12:29,For Sale
26858141,7030 Blackwood Dr,75231,Dallas,TX,32.874187,-96.73518,1475000,358.0,-20000.0,,,4.0,4.0,4121.0,1993.0,0.261,singleFamily,31,1321450.0,2025,https://www.zillow.com,https://photos.zillowstatic.com/fp/f745b3970283195f49d6384965ffa6df-p_c.jpg,2026-06-29 12:29,For Sale
26767111,2319 Kathleen Ave,75216,Dallas,TX,32.705616,-96.790436,120000,133.0,-5000.0,,1559.0,3.0,1.0,904.0,1948.0,5924.16,singleFamily,65,167190.0,2025,https://www.zillow.com,https://photos.zillowstatic.com/fp/1ed857364c42c34f4a417389badd9ba8-p_c.jpg,2026-06-29 12:29,For Sale
26835431,3708 Hammerly Dr,75212,Dallas,TX,32.787113,-96.89834,485000,202.0,-40000.0,484000.0,3838.0,4.0,4.0,2400.0,2026.0,0.33299999999999996,singleFamily,30,208370.0,2025,https://www.zillow.com,https://photos.zillowstatic.com/fp/16ac45e5084cb122e367227c1f2f4366-p_c.jpg,2026-06-29 12:29,For Sale
26787259,635 Classen Dr,75218,Dallas,TX,32.85325,-96.703964,550000,255.0,,537200.0,3208.0,3.0,2.0,2160.0,1959.0,10284.516,singleFamily,52,548350.0,2025,https://www.zillow.com,https://photos.zillowstatic.com/fp/b0fe86d31a1bc4bea2713036639ab4cd-p_c.jpg,2026-06-29 12:29,For Sale
122302497,6655 Lakewood Blvd,75214,Dallas,TX,32.819176,-96.74802,4295000,842.0,,4029400.0,16626.0,5.0,7.0,5099.0,1930.0,0.5700000000000001,singleFamily,31,2614130.0,2025,https://www.zillow.com,https://photos.zillowstatic.com/fp/0ee4c52403e5e56a8ba171b772efab49-p_c.jpg,2026-06-29 12:29,For Sale
26690629,5326 Vickery Blvd,75206,Dallas,TX,32.82209,-96.77877,1199990,513.0,,1140000.0,5495.0,3.0,3.0,2340.0,1920.0,8494.2,singleFamily,23,865540.0,2025,https://www.zillow.com,https://photos.zillowstatic.com/fp/c99af7459b919b5469d4881837b74a9d-p_c.jpg,2026-06-29 12:29,For Sale
26759307,4424 Manning Ln,75220,Dallas,TX,32.867283,-96.83303,3950000,605.0,,,,4.0,5.0,6530.0,2007.0,0.414,singleFamily,31,3394880.0,2025,https://www.zillow.com,https://photos.zillowstatic.com/fp/cabba996f4c50ff6d4c637a776fc90be-p_c.jpg,2026-06-29 12:29,For Sale
96504502,2634 Bainbridge Dr,75237,Dallas,TX,32.663048,-96.862625,619000,259.0,,,,5.0,4.0,2391.0,2026.0,0.619,singleFamily,88,85000.0,2025,https://www.zillow.com,https://photos.zillowstatic.com/fp/b673936ab69f4c245926b291f1d96678-p_c.jpg,2026-06-29 12:29,For Sale
26694156,6162 Llano Ave,75214,Dallas,TX,32.821747,-96.75902,1565000,397.0,-10000.0,,,4.0,4.0,3939.0,2007.0,7492.32,singleFamily,73,1439860.0,2025,https://www.zillow.com,https://photos.zillowstatic.com/fp/76ea8900dc6faf87dfae1bd90cb2f63d-p_c.jpg,2026-06-29 12:29,For Sale
26749814,7229 Haverford Dr,75214,Dallas,TX,32.851215,-96.737785,1499999,413.0,-50001.0,1461400.0,6132.0,4.0,5.0,3634.0,2020.0,7623.0,singleFamily,87,1203300.0,2025,https://www.zillow.com,https://photos.zillowstatic.com/fp/3484090a1d350c2c15f55435ba845dc5-p_c.jpg,2026-06-29 12:29,For Sale
26773770,724 W Five Mile Pkwy,75224,Dallas,TX,32.693787,-96.83543,350000,159.0,,,,3.0,3.0,2207.0,1957.0,0.367,singleFamily,9,310310.0,2025,https://www.zillow.com,https://photos.zillowstatic.com/fp/fa4358fdd3f6c9c804de85c84b4aa60e-p_c.jpg,2026-06-29 12:29,For Sale
26900077,2630 Lakeforest Ct,75214,Dallas,TX,32.815388,-96.73142,640000,373.0,,621700.0,3949.0,3.0,2.0,1718.0,1994.0,5488.56,singleFamily,17,677000.0,2025,https://www.zillow.com,https://photos.zillowstatic.com/fp/0b1da2a28121a5b0ecbe08e479472bd0-p_c.jpg,2026-06-29 12:29,For Sale
341774501,4029 Ivanhoe Ln,75212,Dallas,TX,32.792294,-96.85557,780000,202.0,-95000.0,769300.0,5308.0,5.0,4.0,3868.0,2023.0,7666.56,singleFamily,275,902480.0,2025,https://www.zillow.com,https://photos.zillowstatic.com/fp/6fa3ac75b3fcee965794e419c9129538-p_c.jpg,2026-06-29 12:29,For Sale
26686065,6131 Reiger Ave,75214,Dallas,TX,32.807922,-96.75013,699900,246.0,-17100.0,672600.0,3069.0,4.0,4.0,2840.0,1929.0,9016.92,multiFamily,72,658320.0,2025,https://www.zillow.com,https://photos.zillowstatic.com/fp/3405478327cd7797ddba67562eb1ad42-p_c.jpg,2026-06-29 12:29,For Sale
26827399,3539 Hacienda Dr,75233,Dallas,TX,32.700462,-96.88849,220000,141.0,,257800.0,2120.0,3.0,2.0,1556.0,1967.0,0.268,singleFamily,3,205360.0,2025,https://www.zillow.com,https://photos.zillowstatic.com/fp/bfbbc8d86244a75066213952b0394260-p_c.jpg,2026-06-29 12:29,For Sale
26795105,1536 Celeste Dr,75217,Dallas,TX,32.73957,-96.69854,149900,131.0,,,1765.0,3.0,1.0,1144.0,1954.0,10537.164,singleFamily,5,220290.0,2025,https://www.zillow.com,https://photos.zillowstatic.com/fp/61278d5a984e7df787bf07651f47e790-p_c.jpg,2026-06-29 12:29,For Sale
53389616,1676 Glade Forest Dr,75218,Dallas,TX,32.80505,-96.72278,995000,314.0,,953700.0,4961.0,3.0,4.0,3172.0,1999.0,9888.12,singleFamily,16,948760.0,2025,https://www.zillow.com,https://photos.zillowstatic.com/fp/0ce029d969bd66d13c5618e53f3f6202-p_c.jpg,2026-06-29 12:29,For Sale
26871966,14810 Knollview Dr,75248,Dallas,TX,32.950333,-96.78659,682500,234.0,-2500.0,671000.0,5480.0,4.0,3.0,2912.0,1971.0,0.353,singleFamily,93,777100.0,2025,https://www.zillow.com,https://photos.zillowstatic.com/fp/5123508207e984afe5856a3a21698fe0-p_c.jpg,2026-06-29 12:29,For Sale
26758119,4700 Dorset Rd,75229,Dallas,TX,32.883846,-96.82762,9450000,719.0,-547000.0,8477400.0,7483.0,5.0,8.0,13151.0,1951.0,1.187,singleFamily,145,6546810.0,2025,https://www.zillow.com,https://photos.zillowstatic.com/fp/286151bdb61010284183c163c85e2c3c-p_c.jpg,2026-06-29 12:29,For Sale
53389146,5602 Reiger Ave,75214,Dallas,TX,32.80205,-96.757095,675000,302.0,,649500.0,3426.0,4.0,3.0,2238.0,1927.0,5227.2,singleFamily,17,485000.0,2025,https://www.zillow.com,https://photos.zillowstatic.com/fp/e3fd6be797089f0258d76b10fd54bcbf-p_c.jpg,2026-06-29 12:29,For Sale
26884996,3614 Parader Ct,75228,Dallas,TX,32.846035,-96.65409,445000,189.0,-5000.0,439600.0,3816.0,5.0,2.0,2350.0,1968.0,9452.52,singleFamily,222,350980.0,2025,https://www.zillow.com,https://photos.zillowstatic.com/fp/70455ee94161cd73e35ffcfc6aaeecee-p_c.jpg,2026-06-29 12:29,For Sale
26887276,6306 Oakleaf Rd,75248,Dallas,TX,32.96487,-96.79694,839000,285.0,,806800.0,5297.0,4.0,3.0,2946.0,1979.0,10672.2,singleFamily,23,775800.0,2025,https://www.zillow.com,https://photos.zillowstatic.com/fp/efc659f214037cf0978233ff4c50037a-p_c.jpg,2026-06-29 12:29,For Sale
26705372,6746 Braeburn Dr,75214,Dallas,TX,32.841564,-96.74374,784900,472.0,-15000.0,765200.0,3831.0,3.0,2.0,1664.0,1955.0,8581.32,singleFamily,94,762140.0,2025,https://www.zillow.com,https://photos.zillowstatic.com/fp/ac71606f5231d7a18fe4514c5bc927fa-p_c.jpg,2026-06-29 12:29,For Sale
26689533,5833 Velasco Ave,75206,Dallas,TX,32.821278,-96.76652,750000,273.0,-25000.0,,,4.0,2.0,2752.0,1920.0,7710.12,multiFamily,82,566750.0,2025,https://www.zillow.com,https://photos.zillowstatic.com/fp/c97fe54b27d35fb1280edd1c1b080c16-p_c.jpg,2026-06-29 12:29,For Sale
26837409,11131 Hillcrest Rd,75230,Dallas,TX,32.899517,-96.78866,2175000,516.0,,2106200.0,4746.0,5.0,6.0,4216.0,2025.0,0.407,singleFamily,5,1775320.0,2025,https://www.zillow.com,https://photos.zillowstatic.com/fp/c6a4c2117f44abde743aa2f65061e875-p_c.jpg,2026-06-29 12:29,For Sale
26694572,3610 Kenilworth St,75210,Dallas,TX,32.76358,-96.74493,139900,130.0,,,,3.0,2.0,1080.0,2021.0,6359.76,singleFamily,11,228700.0,2025,https://www.zillow.com,https://photos.zillowstatic.com/fp/4712ac68bdc1d9f3a5c2bd33752ace1c-p_c.jpg,2026-06-29 12:29,For Sale
302787562,2515 Old Mill Rd,75287,Carrollton,TX,32.98999,-96.869675,419900,243.0,,410300.0,2900.0,3.0,2.0,1730.0,1982.0,7840.8,singleFamily,58,402838.0,2025,https://www.zillow.com,https://photos.zillowstatic.com/fp/e10ea22e6301f5f94b3426ecf508abe0-p_c.jpg,2026-06-29 12:29,For Sale
26701875,6867 Gaston Ave,75214,Dallas,TX,32.816105,-96.74107,1249950,534.0,,,,4.0,3.0,2340.0,1937.0,0.29500000000000004,singleFamily,58,768020.0,2025,https://www.zillow.com,https://photos.zillowstatic.com/fp/844aac6c511c56e1cfc96b4d8adb5258-p_c.jpg,2026-06-29 12:29,For Sale
26704054,5625 Winton St,75206,Dallas,TX,32.835857,-96.7711,1225000,388.0,,1195200.0,7450.0,4.0,4.0,3161.0,2024.0,7013.16,singleFamily,3,2229480.0,2025,https://www.zillow.com,https://photos.zillowstatic.com/fp/8fc335978885fc193747f166b5497b36-p_c.jpg,2026-06-29 12:29,For Sale
67957283,5213 Mimi Ct,75211,Dallas,TX,32.720142,-96.91237,275000,216.0,,249100.0,2256.0,3.0,2.0,1276.0,2003.0,5445.0,singleFamily,1,253290.0,2025,https://www.zillow.com,https://photos.zillowstatic.com/fp/ec0f8de34b666ae63fee1e73d4b68027-p_c.jpg,2026-06-29 12:29,For Sale
26737249,4636 Stanford Ave,75209,Dallas,TX,32.852966,-96.83018,1880000,413.0,-65000.0,1810500.0,5517.0,4.0,6.0,4557.0,2014.0,7448.76,singleFamily,81,2036030.0,2025,https://www.zillow.com,https://photos.zillowstatic.com/fp/f18d0078d04ad51581c9e85f67c9ff91-p_c.jpg,2026-06-29 12:29,For Sale
26843598,9011 Liptonshire Dr,75238,Dallas,TX,32.87073,-96.70545,749900,301.0,-10000.0,731100.0,4230.0,4.0,4.0,2489.0,1955.0,7666.56,singleFamily,80,592860.0,2025,https://www.zillow.com,https://photos.zillowstatic.com/fp/e6f1285e75c13d46f4ed9d3b8a2ecba2-p_c.jpg,2026-06-29 12:29,For Sale
162813613,6827 Sunshade Ln,75236,Dallas,TX,32.682747,-96.938324,525000,170.0,,513400.0,3913.0,4.0,3.0,3090.0,2015.0,10149.48,singleFamily,22,509140.0,2025,https://www.zillow.com,https://photos.zillowstatic.com/fp/ec02e1d7ec8b4716bc331b736abd7f0b-p_c.jpg,2026-06-29 12:29,For Sale
26749347,6405 Glennox Ln,75214,Dallas,TX,32.850258,-96.75257,750000,225.0,-20000.0,722900.0,5470.0,5.0,4.0,3330.0,1953.0,0.256,singleFamily,44,726710.0,2025,https://www.zillow.com,https://photos.zillowstatic.com/fp/0bfcab816201b5bc6c813d5c582d5252-p_c.jpg,2026-06-29 12:29,For Sale
26685915,5736 Tremont St,75214,Dallas,TX,32.805252,-96.756294,614900,322.0,-20000.0,595100.0,3121.0,4.0,2.0,1912.0,1922.0,9234.72,singleFamily,25,569910.0,2025,https://www.zillow.com,https://photos.zillowstatic.com/fp/f8940db4d5ba92fe3fef69bf5d2e1d8f-p_c.jpg,2026-06-29 12:29,For Sale
462579429,1999 McKinney Ave APT 605,75205,Dallas,TX,32.79043,-96.80398,799000,330.0,,,,2.0,2.0,2421.0,2000.0,0.668,condo,52,,,https://www.zillow.com,https://photos.zillowstatic.com/fp/bb39f99e44965bc6d04110e9afb863df-p_c.jpg,2026-06-29 12:29,For Sale
26825735,2137 Sea Island Dr,75232,Dallas,TX,32.674866,-96.8532,250000,111.0,,,,3.0,3.0,2248.0,1965.0,8189.28,singleFamily,60,308040.0,2025,https://www.zillow.com,https://photos.zillowstatic.com/fp/5b355f72f5bf48719afbe619b23f3843-p_c.jpg,2026-06-29 12:29,For Sale
26933595,4122 Travis St #13,75204,Dallas,TX,32.815697,-96.79403,399000,367.0,,394200.0,2270.0,2.0,2.0,1087.0,1997.0,0.71,condo,2,413060.0,2025,https://www.zillow.com,https://photos.zillowstatic.com/fp/c9596c29618f45a2114a165c18e8225d-p_c.jpg,2026-06-29 12:29,For Sale
26873776,7074 Regalview Cir,75248,Dallas,TX,32.966267,-96.78727,455000,183.0,-7000.0,448400.0,3598.0,4.0,4.0,2481.0,1980.0,3049.2,townhome,101,336070.0,2025,https://www.zillow.com,https://photos.zillowstatic.com/fp/ab43e989118aac49636d95799b9f9a4e-p_c.jpg,2026-06-29 12:29,For Sale
26849241,6543 Turner Way,75230,Dallas,TX,32.918705,-96.79282,3095000,540.0,,,,5.0,7.0,5733.0,2026.0,0.376,singleFamily,9,655600.0,2025,https://www.zillow.com,https://photos.zillowstatic.com/fp/f0cc4a3d62dce5227044bf2200d17e34-p_c.jpg,2026-06-29 12:29,For Sale
26900044,3802 S Versailles Ave,75209,Dallas,TX,32.830196,-96.820404,995000,300.0,-55000.0,978800.0,6062.0,2.0,3.0,3314.0,1979.0,2482.92,singleFamily,0,1126760.0,2025,https://www.zillow.com,https://photos.zillowstatic.com/fp/c143977a780b196fb61cecc76ffce67a-p_c.jpg,2026-06-29 12:29,For Sale
26744749,11216 Barbarosa Dr,75228,Dallas,TX,32.84862,-96.6792,199000,195.0,,197800.0,1762.0,2.0,2.0,1018.0,1950.0,7352.928,singleFamily,5,259500.0,2025,https://www.zillow.com,https://photos.zillowstatic.com/fp/b2cee24b3c05c9c10c4e5e1f9d20340c-p_c.jpg,2026-06-29 12:29,For Sale
26848535,14126 Brookridge Cir,75254,Dallas,TX,32.941216,-96.78431,1450000,251.0,,1449300.0,7207.0,6.0,6.0,5786.0,1961.0,0.44599999999999995,singleFamily,10,1684060.0,2025,https://www.zillow.com,https://photos.zillowstatic.com/fp/911104f16abbbad9841a907b08bb5b64-p_c.jpg,2026-06-29 12:29,For Sale
26807440,3625 Ingleside Dr,75229,Dallas,TX,32.8898,-96.859375,699000,411.0,,,,3.0,2.0,1699.0,1958.0,9801.0,singleFamily,6,547020.0,2025,https://www.zillow.com,https://photos.zillowstatic.com/fp/159dcaf18b0d2429cb826b7c377e3308-p_c.jpg,2026-06-29 12:29,For Sale
26730608,1654 Hansboro Ave,75224,Dallas,TX,32.715473,-96.84845,389000,205.0,-10000.0,380700.0,2326.0,4.0,3.0,1900.0,1948.0,8450.64,singleFamily,105,317950.0,2025,https://www.zillow.com,https://photos.zillowstatic.com/fp/761735cd4e9267c6476e19ca8761dff6-p_c.jpg,2026-06-29 12:29,For Sale
26868935,9130 Windcrest Dr,75243,Dallas,TX,32.902435,-96.73587,889900,287.0,-10000.0,,,4.0,3.0,3105.0,1973.0,9104.04,singleFamily,36,603690.0,2025,https://www.zillow.com,https://photos.zillowstatic.com/fp/c59adf38e35f37ba984dee0cc8eb14f0-p_c.jpg,2026-06-29 12:29,For Sale
26899070,3919 Cole Ave APT 101,75204,Dallas,TX,32.811615,-96.79551,425000,355.0,-25000.0,414000.0,2774.0,2.0,2.0,1196.0,1981.0,0.255,singleFamily,88,340860.0,2025,https://www.zillow.com,https://photos.zillowstatic.com/fp/cbf1f247d56f573ad65abe8d6006c6b4-p_c.jpg,2026-06-29 12:29,For Sale
26779454,4037 Treeline Dr,75224,Dallas,TX,32.694523,-96.848885,299000,137.0,,296400.0,3117.0,4.0,3.0,2175.0,1969.0,9016.92,singleFamily,49,277980.0,2025,https://www.zillow.com,https://photos.zillowstatic.com/fp/4f7600ee405b1955158e2feafaac0d37-p_c.jpg,2026-06-29 12:29,For Sale
26866798,9605 Crestedge Dr,75238,Dallas,TX,32.878563,-96.72302,749900,310.0,-25100.0,,,4.0,3.0,2420.0,1966.0,10585.08,singleFamily,38,799050.0,2025,https://www.zillow.com,https://photos.zillowstatic.com/fp/5f6bad4937b28f49edf6ea20304b200a-p_c.jpg,2026-06-29 12:29,For Sale
26743313,10517 Wyatt St,75218,Dallas,TX,32.848763,-96.696304,775000,346.0,,741600.0,3108.0,3.0,3.0,2240.0,1962.0,7753.68,singleFamily,4,465360.0,2025,https://www.zillow.com,https://photos.zillowstatic.com/fp/424626b1811ea037ac13324412005276-p_c.jpg,2026-06-29 12:29,For Sale
26688240,4323 Metropolitan Ave,75210,Dallas,TX,32.776577,-96.74835,325000,222.0,,323000.0,1926.0,3.0,2.0,1467.0,2026.0,6403.32,singleFamily,46,54260.0,2025,https://www.zillow.com,https://photos.zillowstatic.com/fp/77c07f75b356d552105366e5d465ca9c-p_c.jpg,2026-06-29 12:29,For Sale
26930382,5325 Bent Tree Forest Dr APT 2244,75248,Dallas,TX,32.965553,-96.8182,169900,128.0,,,,2.0,3.0,1324.0,1983.0,2.564,condo,3,212280.0,2025,https://www.zillow.com,https://photos.zillowstatic.com/fp/0256d3299a87a14b605748a2de97c7bc-p_c.jpg,2026-06-29 12:29,For Sale
26758991,4234 Williamsburg Rd,75220,Dallas,TX,32.878807,-96.83715,3995000,571.0,-355000.0,3705200.0,7910.0,5.0,7.0,7000.0,2007.0,0.46299999999999997,singleFamily,11,2813900.0,2025,https://www.zillow.com,https://photos.zillowstatic.com/fp/a4e91acfea830c02cef3d55258e1e81f-p_c.jpg,2026-06-29 12:29,For Sale
26833357,3610 Vilbig Rd,75212,Dallas,TX,32.786633,-96.84756,439000,187.0,,432200.0,3127.0,4.0,3.0,2353.0,2020.0,7840.8,singleFamily,11,570300.0,2025,https://www.zillow.com,https://photos.zillowstatic.com/fp/7f63041710c660cb2a816fb2347570b7-p_c.jpg,2026-06-29 12:29,For Sale
453046203,9839 Walnut St APT T206,75243,Dallas,TX,32.916245,-96.736465,66500,65.0,-500.0,,1554.0,2.0,2.0,1031.0,1981.0,,condo,55,,,https://www.zillow.com,https://photos.zillowstatic.com/fp/74d8b81a585e6d3939040f4bfa812cdf-p_c.jpg,2026-06-29 12:29,For Sale
463357610,4009 Saddleback Dr,75227,Dallas,TX,32.769054,-96.67464,237499,188.0,,231300.0,,3.0,2.0,1260.0,2026.0,,singleFamily,9,,,https://www.zillow.com,https://photos.zillowstatic.com/fp/8f73b9b04ce7deb3f1e622941cf52b44-p_c.jpg,2026-06-29 12:29,For Sale
26803468,11947 Quincy Ln,75230,Dallas,TX,32.912132,-96.814674,2995000,437.0,-180000.0,2901700.0,6803.0,5.0,7.0,6856.0,2025.0,0.35900000000000004,singleFamily,45,1211780.0,2025,https://www.zillow.com,https://photos.zillowstatic.com/fp/9e9a00a6dd3288b263c05d2527a34ef6-p_c.jpg,2026-06-29 12:29,For Sale
26718139,825 Thomasson Dr,75208,Dallas,TX,32.756374,-96.83657,649000,493.0,,,,2.0,2.0,1317.0,1928.0,7492.32,singleFamily,23,680410.0,2025,https://www.zillow.com,https://photos.zillowstatic.com/fp/5690ba415b5379689be015583131c9a8-p_c.jpg,2026-06-29 12:29,For Sale
26811544,10509 Channel Dr,75229,Dallas,TX,32.890144,-96.88014,375000,209.0,,361400.0,2844.0,3.0,2.0,1797.0,1958.0,7535.88,singleFamily,11,318110.0,2025,https://www.zillow.com,https://photos.zillowstatic.com/fp/af58e2d19f241df7f1d709f94b4360fb-p_c.jpg,2026-06-29 12:29,For Sale
26878764,3707 Judge Dupree Dr,75241,Dallas,TX,32.667046,-96.76175,160000,117.0,,156200.0,2011.0,4.0,2.0,1364.0,1971.0,7579.44,singleFamily,16,215830.0,2025,https://www.zillow.com,https://photos.zillowstatic.com/fp/0b55e4a47cc56ce8f4af266c15473c6e-p_c.jpg,2026-06-29 12:29,For Sale
26694650,3115 Reynolds Ave,75223,Dallas,TX,32.786644,-96.741325,130000,105.0,-9000.0,,,4.0,2.0,1244.0,1926.0,7100.28,singleFamily,109,155740.0,2025,https://www.zillow.com,https://photos.zillowstatic.com/fp/cf25b21c70ee17f65e0f5073e4826da1-p_c.jpg,2026-06-29 12:29,For Sale
26774143,3134 Alaska Ave,75216,Dallas,TX,32.706326,-96.81556,479900,161.0,-10000.0,476600.0,3733.0,5.0,3.0,2977.0,2026.0,8272.044,singleFamily,87,176330.0,2025,https://www.zillow.com,https://photos.zillowstatic.com/fp/9a2b3e92a03ff8b99c9473bea4388f60-p_c.jpg,2026-06-29 12:29,For Sale
26678996,713 N Carroll Ave,75246,Dallas,TX,32.79606,-96.77314,550000,130.0,,506200.0,5034.0,3.0,5.0,4221.0,1903.0,5000.688,singleFamily,283,547470.0,2025,https://www.zillow.com,https://photos.zillowstatic.com/fp/f7957d5af64d844e0f1f43c596a04fb4-p_c.jpg,2026-06-29 12:29,For Sale
67965123,3225 Turtle Creek Blvd APT 212,75219,Dallas,TX,32.806824,-96.80459,199000,239.0,-35000.0,191300.0,2107.0,1.0,1.0,832.0,1998.0,3.536,condo,99,262080.0,2025,https://www.zillow.com,https://photos.zillowstatic.com/fp/b25bee7e54a1fcc64a8c4280f46a446c-p_c.jpg,2026-06-29 12:29,For Sale
26926316,2220 Canton St APT 401,75201,Dallas,TX,32.780212,-96.7885,1200000,440.0,585000.0,,,2.0,3.0,2729.0,1925.0,0.9590000000000001,condo,51,740080.0,2025,https://www.zillow.com,https://photos.zillowstatic.com/fp/df003a86993349b38489be109af98487-p_c.jpg,2026-06-29 12:29,For Sale
26868338,8261 Club Meadows Dr,75243,Dallas,TX,32.89444,-96.74896,675000,272.0,,,,4.0,3.0,2482.0,1978.0,6708.24,singleFamily,31,638020.0,2025,https://www.zillow.com,https://photos.zillowstatic.com/fp/99c862e4767825d8b305d3923b45aabd-p_c.jpg,2026-06-29 12:29,For Sale
26871299,7512 Woodstone Ln,75248,Dallas,TX,32.955345,-96.7779,1300000,306.0,,1235900.0,5238.0,5.0,4.0,4253.0,1967.0,0.308,singleFamily,16,699860.0,2025,https://www.zillow.com,https://photos.zillowstatic.com/fp/2c2cbbf15cb86101846157906946f603-p_c.jpg,2026-06-29 12:29,For Sale
26703533,6011 McCommas Blvd,75206,Dallas,TX,32.83021,-96.76371,899000,365.0,-101000.0,871400.0,5502.0,2.0,3.0,2464.0,1935.0,7666.56,singleFamily,78,864000.0,2025,https://www.zillow.com,https://photos.zillowstatic.com/fp/211fdcac0ea12cff789b57848e177829-p_c.jpg,2026-06-29 12:29,For Sale
26691079,2618 Carpenter Ave,75215,Dallas,TX,32.755753,-96.757614,425000,207.0,,,,4.0,3.0,2050.0,2023.0,7405.2,singleFamily,31,475410.0,2025,https://www.zillow.com,https://photos.zillowstatic.com/fp/ef3d8f00b432dc481039b057b1b81ce8-p_c.jpg,2026-06-29 12:29,For Sale
96514361,2874 Farragut St,75215,Dallas,TX,32.75401,-96.74714,19995,,,,2335.0,,,,,3441.24,land,28,34340.0,2025,https://www.zillow.com,https://photos.zillowstatic.com/fp/22fea0a54919906b44445391a3ca4754-p_c.jpg,2026-06-29 12:29,For Sale
26678787,4617 Sycamore St,75204,Dallas,TX,32.800446,-96.77391,490000,305.0,-10000.0,472800.0,2796.0,2.0,2.0,1608.0,1912.0,7100.28,singleFamily,23,456910.0,2025,https://www.zillow.com,https://photos.zillowstatic.com/fp/fc618e5754eee234f0e9cda9fee2e818-p_c.jpg,2026-06-29 12:29,For Sale
96530276,1906 Euclid Ave Unit C,75206,Dallas,TX,32.81359,-96.7732,749999,291.0,-25001.0,725100.0,4615.0,2.0,3.0,2573.0,2008.0,8276.4,condo,87,604660.0,2025,https://www.zillow.com,https://photos.zillowstatic.com/fp/d709dbd9e9bd211275fd4fb24e69c857-p_c.jpg,2026-06-29 12:29,For Sale
26864424,9827 Vistadale Dr,75238,Dallas,TX,32.8887,-96.71662,789000,321.0,-10000.0,766900.0,3912.0,4.0,3.0,2456.0,1966.0,8799.12,singleFamily,51,765280.0,2025,https://www.zillow.com,https://photos.zillowstatic.com/fp/20ef7df580bd246517b5c4e257a657c6-p_c.jpg,2026-06-29 12:29,For Sale
26914332,5919 Ranchero Ln,75236,Dallas,TX,32.681995,-96.92422,695000,249.0,,665400.0,3353.0,3.0,3.0,2794.0,1996.0,4.709,singleFamily,15,607240.0,2025,https://www.zillow.com,https://photos.zillowstatic.com/fp/7c8713c9f0fa0760dc826e60c820bc74-p_c.jpg,2026-06-29 12:29,For Sale
26787260,9755 Van Dyke Rd,75218,Dallas,TX,32.85455,-96.71484,2195000,734.0,,2053600.0,5903.0,4.0,3.0,2990.0,1956.0,0.544,singleFamily,24,1150000.0,2025,https://www.zillow.com,https://photos.zillowstatic.com/fp/9ded6e32011621fb64f2b8ee8d3871e4-p_c.jpg,2026-06-29 12:29,For Sale
26790961,2133 Pleasant Dr,75227,Dallas,TX,32.74997,-96.67894,420000,202.0,-4000.0,412300.0,3045.0,6.0,4.0,2076.0,1962.0,0.326,singleFamily,163,369330.0,2025,https://www.zillow.com,https://photos.zillowstatic.com/fp/52f5c3b8f3eae88cbfd60c29b7d26817-p_c.jpg,2026-06-29 12:29,For Sale
26807447,3534 Ingleside Dr,75229,Dallas,TX,32.889,-96.86073,1749000,383.0,-26000.0,1688300.0,7073.0,5.0,4.0,4571.0,2022.0,0.286,singleFamily,30,1621610.0,2025,https://www.zillow.com,https://photos.zillowstatic.com/fp/af26a0e72b8f2e107f7d1e0fa0db52c2-p_c.jpg,2026-06-29 12:29,For Sale
53070068,7130 Debbe Dr,75252,Dallas,TX,32.993587,-96.78202,1138000,345.0,,1078000.0,4298.0,4.0,4.0,3300.0,1982.0,0.25,singleFamily,6,877766.0,2025,https://www.zillow.com,https://photos.zillowstatic.com/fp/ea28ff71e864090753675f495112877c-p_c.jpg,2026-06-29 12:29,For Sale
26847032,9016 Bretshire Dr,75228,Dallas,TX,32.811016,-96.69464,584900,274.0,,567600.0,2974.0,3.0,2.0,2134.0,1962.0,8537.76,singleFamily,16,484240.0,2025,https://www.zillow.com,https://photos.zillowstatic.com/fp/481a03070daab44844829417448873bb-p_c.jpg,2026-06-29 12:29,For Sale
26866546,9607 Greensprint Dr,75238,Dallas,TX,32.885036,-96.72301,1150000,420.0,-25000.0,1114200.0,3943.0,5.0,4.0,2736.0,1979.0,8668.44,singleFamily,81,806110.0,2025,https://www.zillow.com,https://photos.zillowstatic.com/fp/fbc2f858114d4b740ea70a68d75d24ea-p_c.jpg,2026-06-29 12:29,For Sale
26801982,8808 Old Homestead Dr,75217,Dallas,TX,32.723927,-96.6676,229900,155.0,,229800.0,1765.0,3.0,2.0,1484.0,1955.0,9321.84,singleFamily,21,269210.0,2025,https://www.zillow.com,https://photos.zillowstatic.com/fp/e1e452e5185fcbba97c2c1344b17e319-p_c.jpg,2026-06-29 12:29,For Sale
26858919,12022 Dixfield Dr,75218,Dallas,TX,32.86001,-96.69651,725000,305.0,-25000.0,704100.0,3641.0,4.0,3.0,2374.0,1968.0,9321.84,singleFamily,26,585810.0,2025,https://www.zillow.com,https://photos.zillowstatic.com/fp/e9decd786a0550bdd9746366e8829592-p_c.jpg,2026-06-29 12:29,For Sale
80224298,1200 Main St APT 701,75202,Dallas,TX,32.77981,-96.80127,389900,251.0,,385000.0,4513.0,3.0,3.0,1551.0,1974.0,1.033,condo,25,407000.0,2025,https://www.zillow.com,https://photos.zillowstatic.com/fp/0d4641322368a5ef6c9672c06ecb44c3-p_c.jpg,2026-06-29 12:29,For Sale
26870526,14015 Highmark Sq,75254,Dallas,TX,32.939445,-96.80321,600000,233.0,,583700.0,4519.0,3.0,3.0,2575.0,1980.0,6795.36,singleFamily,46,673310.0,2025,https://www.zillow.com,https://photos.zillowstatic.com/fp/4090b396b0eb06e646074b386208bb45-p_c.jpg,2026-06-29 12:29,For Sale
26709988,340 S Edgefield Ave,75208,Dallas,TX,32.741657,-96.84386,549900,392.0,-15100.0,,,2.0,2.0,1404.0,1926.0,7492.32,singleFamily,74,573890.0,2025,https://www.zillow.com,https://photos.zillowstatic.com/fp/9693d977fc7a3086e303ec9e05831815-p_c.jpg,2026-06-29 12:29,For Sale
84004468,2403 Wild Cherry Way,75206,Dallas,TX,32.813953,-96.780556,574000,311.0,-999.0,561300.0,3375.0,2.0,2.0,1844.0,2007.0,1785.96,townhome,68,481710.0,2025,https://www.zillow.com,https://photos.zillowstatic.com/fp/c13b9f355e7a3e0bed0db3bf778643ad-p_c.jpg,2026-06-29 12:29,For Sale
26689423,717 Ridgeway St,75214,Dallas,TX,32.8086,-96.75718,1350000,508.0,,1301300.0,5359.0,3.0,4.0,2656.0,1923.0,8058.6,singleFamily,30,745660.0,2025,https://www.zillow.com,https://photos.zillowstatic.com/fp/760b91f38c0bb791a9116fb08d8441e8-p_c.jpg,2026-06-29 12:29,For Sale
26905526,10110 Betty Jane Ln,75229,Dallas,TX,32.883526,-96.85333,1990000,424.0,,,,4.0,5.0,4695.0,1997.0,0.757,singleFamily,6,1325290.0,2025,https://www.zillow.com,https://photos.zillowstatic.com/fp/9f0f0f5199b4c48a210ca0ec5464cdd1-p_c.jpg,2026-06-29 12:29,For Sale
26869110,9604 Robin Meadow Dr,75243,Dallas,TX,32.90022,-96.73132,975000,300.0,,,,4.0,3.0,3250.0,1981.0,0.296,singleFamily,26,930680.0,2025,https://www.zillow.com,https://photos.zillowstatic.com/fp/7e8eed9d1976332854327a8019342f3c-p_c.jpg,2026-06-29 12:29,For Sale
26816206,9528 Ash Creek Dr,75228,Dallas,TX,32.821896,-96.69279,599000,271.0,-10000.0,584800.0,3281.0,5.0,3.0,2208.0,1953.0,0.629,singleFamily,74,502840.0,2025,https://www.zillow.com,https://photos.zillowstatic.com/fp/c280681b3f21fecf11730f73ca6af3fe-p_c.jpg,2026-06-29 12:29,For Sale
26792745,10050 Gooding Dr,75229,Dallas,TX,32.88201,-96.843,2750000,451.0,,,,5.0,6.0,6100.0,2025.0,0.344,singleFamily,53,1063050.0,2025,https://www.zillow.com,https://photos.zillowstatic.com/fp/e9185bfb300a957216a9364084346b68-p_c.jpg,2026-06-29 12:29,For Sale
26727631,311 N Tennant St,75208,Dallas,TX,32.746452,-96.85607,405000,298.0,-14990.0,398200.0,2320.0,3.0,2.0,1359.0,1949.0,6490.44,singleFamily,152,350280.0,2025,https://www.zillow.com,https://photos.zillowstatic.com/fp/a692cfc16859855e361b0fb3c6748afc-p_c.jpg,2026-06-29 12:29,For Sale
26767601,1650 E Elmore Ave,75216,Dallas,TX,32.717663,-96.79793,122000,113.0,,165500.0,1830.0,2.0,1.0,1080.0,1939.0,6316.0,singleFamily,1,202070.0,2025,https://www.zillow.com,https://www.zillowstatic.com/static/images/nophoto_p_c.png,2026-06-29 12:29,For Sale
26822572,6470 Tumbling Creek Trl,75241,Dallas,TX,32.660645,-96.76965,219900,181.0,,216100.0,1956.0,4.0,2.0,1218.0,1972.0,6838.92,singleFamily,13,225830.0,2025,https://www.zillow.com,https://photos.zillowstatic.com/fp/263a714362f8d1b4977215e8e3a033df-p_c.jpg,2026-06-29 12:29,For Sale
26643578,4219 Hollow Oak Dr,75287,Dallas,TX,32.997143,-96.83762,899900,208.0,-15000.0,879200.0,5823.0,5.0,4.0,4327.0,1989.0,8712.0,singleFamily,422,942154.0,2025,https://www.zillow.com,https://photos.zillowstatic.com/fp/fde7a660e79c44058378e3a2925a2f1a-p_c.jpg,2026-06-29 12:29,For Sale
455152761,2414 Merlin St,75215,Dallas,TX,32.775078,-96.77428,299900,164.0,14900.0,299700.0,2749.0,3.0,3.0,1832.0,2025.0,,singleFamily,345,,,https://www.zillow.com,https://photos.zillowstatic.com/fp/91b90021b7264137b0710455580e2b4f-p_c.jpg,2026-06-29 12:29,For Sale
26875972,6457 Southpoint Dr,75248,Dallas,TX,32.978046,-96.79654,400000,193.0,,,,3.0,2.0,2075.0,1973.0,3833.28,townhome,10,366210.0,2025,https://www.zillow.com,https://photos.zillowstatic.com/fp/e380416277de75150eebf15d4475f68a-p_c.jpg,2026-06-29 12:29,For Sale
26700656,7011 Hammond Ave,75223,Dallas,TX,32.806015,-96.73771,549950,385.0,-19050.0,529400.0,2775.0,2.0,2.0,1427.0,1938.0,7148.196,singleFamily,39,455000.0,2025,https://www.zillow.com,https://photos.zillowstatic.com/fp/65a5fe63de83c227179651f98a34e8c0-p_c.jpg,2026-06-29 12:29,For Sale
26835425,4707 Bernal Dr,75212,Dallas,TX,32.786915,-96.89735,365900,163.0,,360900.0,2678.0,4.0,2.0,2250.0,2002.0,0.263,singleFamily,4,296740.0,2025,https://www.zillow.com,https://photos.zillowstatic.com/fp/dc2458258126c29ed1b151a70b673cbb-p_c.jpg,2026-06-29 12:29,For Sale
96529449,4322 Robert L Parish Sr Ave,75210,Dallas,TX,32.770184,-96.740906,159900,156.0,,160900.0,1779.0,3.0,2.0,1028.0,2021.0,5619.24,singleFamily,11,234310.0,2025,https://www.zillow.com,https://photos.zillowstatic.com/fp/0dfcf39515f8132fd1a4f09b8589bead-p_c.jpg,2026-06-29 12:29,For Sale
26707164,7034 Cornelia Ln,75214,Dallas,TX,32.82831,-96.73753,1600000,493.0,,,6338.0,5.0,3.0,3248.0,1952.0,0.3540633608815427,singleFamily,38,1553790.0,2025,https://www.zillow.com,https://photos.zillowstatic.com/fp/4d9435e621008c4d26fc88ae88c1f5e3-p_c.jpg,2026-06-29 12:29,For Sale
26890583,7610 Bantry Cir,75248,Dallas,TX,32.98553,-96.77634,735000,254.0,,,,4.0,3.0,2890.0,1978.0,10672.2,singleFamily,44,757840.0,2025,https://www.zillow.com,https://photos.zillowstatic.com/fp/5f5bd79d2094fa7d62313fe6cc8cd9d3-p_c.jpg,2026-06-29 12:29,For Sale
26734267,4405 Wildwood Rd,75209,Dallas,TX,32.855816,-96.83644,6750000,956.0,,6348100.0,5159.0,6.0,9.0,7061.0,2026.0,0.4234,singleFamily,37,1254260.0,2025,https://www.zillow.com,https://photos.zillowstatic.com/fp/40dd81399133143cc4c573bb2d87afb8-p_c.jpg,2026-06-29 12:29,For Sale
26737270,1723 Timbergrove Cir,75208,Dallas,TX,32.75551,-96.84901,899000,441.0,,874500.0,3736.0,3.0,3.0,2040.0,1962.0,0.32999999999999996,singleFamily,25,969190.0,2025,https://www.zillow.com,https://photos.zillowstatic.com/fp/61ed02b3a50d50769bd8163d801b15a2-p_c.jpg,2026-06-29 12:29,For Sale
162169838,601 Cristler Ave,75223,Dallas,TX,32.802513,-96.7469,325000,158.0,,302800.0,1918.0,4.0,3.0,2060.0,1922.0,7143.84,multiFamily,51,419230.0,2025,https://www.zillow.com,https://photos.zillowstatic.com/fp/180911ff5bc2b832485f93a3c05820c2-p_c.jpg,2026-06-29 12:29,For Sale
26709952,403 S Willomet Ave,75208,Dallas,TX,32.742317,-96.84079,374999,222.0,-10000.0,352200.0,3168.0,3.0,2.0,1688.0,1945.0,7792.884,singleFamily,52,480060.0,2025,https://www.zillow.com,https://photos.zillowstatic.com/fp/989d3ede585469f8d7678f0799f7956e-p_c.jpg,2026-06-29 12:29,For Sale
26778786,2457 Glenfield Ave,75233,Dallas,TX,32.717037,-96.8595,200000,151.0,,193100.0,1717.0,2.0,2.0,1321.0,1925.0,8058.6,singleFamily,121,214740.0,2025,https://www.zillow.com,https://photos.zillowstatic.com/fp/80c6f161f5dc20857418a598ffba4be2-p_c.jpg,2026-06-29 12:29,For Sale
26806617,10230 Marsh Ln,75229,Dallas,TX,32.885693,-96.85548,3495000,432.0,-150000.0,3388200.0,6163.0,5.0,7.0,8087.0,2024.0,1.282,singleFamily,164,2656190.0,2025,https://www.zillow.com,https://photos.zillowstatic.com/fp/6e197a88dffa7805661630f01444ec10-p_c.jpg,2026-06-29 12:29,For Sale
26742653,10429 Aledo Dr,75228,Dallas,TX,32.837273,-96.68542,175000,168.0,,211900.0,1694.0,3.0,1.0,1040.0,1950.0,7361.64,singleFamily,3,259910.0,2025,https://www.zillow.com,https://photos.zillowstatic.com/fp/bb79b253132c6fd814ffbc2a647c1bd9-p_c.jpg,2026-06-29 12:29,For Sale
26859660,13357 Kit Ln,75240,Dallas,TX,32.930347,-96.76605,535000,172.0,,508200.0,3395.0,6.0,4.0,3102.0,1968.0,9060.48,multiFamily,3,280000.0,2025,https://www.zillow.com,https://photos.zillowstatic.com/fp/9fadd031b27ff13fd1c12b77cbb459be-p_c.jpg,2026-06-29 12:29,For Sale
26688251,3608 Metropolitan Ave,75210,Dallas,TX,32.77104,-96.75375,305000,213.0,-19000.0,319400.0,1905.0,4.0,3.0,1432.0,1936.0,6098.4,singleFamily,80,109810.0,2025,https://www.zillow.com,https://photos.zillowstatic.com/fp/465837659d300a90a2c76a5cd85fd370-p_c.jpg,2026-06-29 12:29,For Sale
26824124,5718 Trio Ln,75241,Dallas,TX,32.677803,-96.79432,309000,144.0,-6000.0,307600.0,2391.0,4.0,3.0,2141.0,1961.0,10628.64,singleFamily,58,257770.0,2025,https://www.zillow.com,https://photos.zillowstatic.com/fp/febed7e418ecb121f5e286f128269954-p_c.jpg,2026-06-29 12:29,For Sale
26609878,5831 London Ln,75252,Dallas,TX,32.999863,-96.80588,995000,255.0,,948600.0,6357.0,4.0,4.0,3897.0,1984.0,0.32999999999999996,singleFamily,16,1021723.0,2025,https://www.zillow.com,https://photos.zillowstatic.com/fp/816651b6767f319d5a1ede591f58f3e8-p_c.jpg,2026-06-29 12:29,For Sale
96508401,2010 McMillan Ave,75206,Dallas,TX,32.8149,-96.774414,2399000,486.0,-101000.0,2287300.0,4644.0,4.0,5.0,4936.0,2017.0,7492.32,singleFamily,53,1666820.0,2025,https://www.zillow.com,https://photos.zillowstatic.com/fp/22906da4dcad5a31932454f1869f717a-p_c.jpg,2026-06-29 12:29,For Sale
462933530,4522 Kolloch Dr,75216,Dallas,TX,32.706432,-96.75807,319000,154.0,-10000.0,318400.0,2877.0,3.0,3.0,2075.0,2026.0,9583.2,singleFamily,24,,,https://www.zillow.com,https://photos.zillowstatic.com/fp/5b9e2f745f8f553d3897b80d29d71d9c-p_c.jpg,2026-06-29 12:29,For Sale
67961401,2714 Throckmorton St #B,75219,Dallas,TX,32.808525,-96.81385,725000,430.0,,697600.0,2996.0,2.0,2.0,1688.0,2002.0,3659.04,singleFamily,52,661340.0,2025,https://www.zillow.com,https://photos.zillowstatic.com/fp/2b142abeedc6d704a9fd5ddaf5eaef3e-p_c.jpg,2026-06-29 12:29,For Sale
26736093,9122 Cochran Heights Dr,75220,Dallas,TX,32.86247,-96.84436,798000,251.0,-37000.0,775800.0,4117.0,3.0,3.0,3174.0,1984.0,5575.68,singleFamily,81,605000.0,2025,https://www.zillow.com,https://photos.zillowstatic.com/fp/a2e6dd67998bca050f8ac1e2dab3b8ec-p_c.jpg,2026-06-29 12:29,For Sale
26716031,1206 Vermont Ave,75216,Dallas,TX,32.72677,-96.807076,425000,118.0,-25000.0,422100.0,4123.0,4.0,4.0,3600.0,2021.0,9104.04,singleFamily,26,298420.0,2025,https://www.zillow.com,https://photos.zillowstatic.com/fp/823d6772ac9bcfad5b996e3928280b2b-p_c.jpg,2026-06-29 12:29,For Sale
26882898,12929 Jasoncrest Trl,75243,Dallas,TX,32.925285,-96.71173,500000,202.0,,487600.0,2990.0,4.0,3.0,2474.0,1985.0,0.299,singleFamily,18,390380.0,2025,https://www.zillow.com,https://photos.zillowstatic.com/fp/01063a1c3d4c090313770946a093e2fb-p_c.jpg,2026-06-29 12:29,For Sale
26800034,9206 Donnybrook Ln,75217,Dallas,TX,32.747494,-96.66527,239999,158.0,-5001.0,239100.0,1983.0,3.0,2.0,1519.0,1959.0,9931.68,singleFamily,43,221970.0,2025,https://www.zillow.com,https://photos.zillowstatic.com/fp/723ea4595f60e05e2e84c1bf1190e719-p_c.jpg,2026-06-29 12:29,For Sale
26808623,3227 Dothan Ln,75229,Dallas,TX,32.898144,-96.86944,1799999,359.0,-25000.0,1754800.0,7685.0,5.0,6.0,5013.0,2026.0,10193.04,singleFamily,73,527340.0,2025,https://www.zillow.com,https://photos.zillowstatic.com/fp/c9addbeb4b92eb7a07c483b2e4c5c2c0-p_c.jpg,2026-06-29 12:29,For Sale
26599187,17920 Hillcrest Rd,75252,Dallas,TX,32.995174,-96.78422,495000,219.0,,476100.0,3321.0,3.0,3.0,2264.0,1987.0,6969.6,singleFamily,68,485131.0,2025,https://www.zillow.com,https://photos.zillowstatic.com/fp/d4ca00159f1213c82c93af3f4beb161f-p_c.jpg,2026-06-29 12:29,For Sale
96500680,2836 Kilburn Ave,75216,Dallas,TX,32.70151,-96.77502,269000,171.0,-3900.0,267500.0,2362.0,4.0,2.0,1574.0,2018.0,7710.12,singleFamily,67,288380.0,2025,https://www.zillow.com,https://photos.zillowstatic.com/fp/bd61aec46abc967364e12dd4bf2c17f4-p_c.jpg,2026-06-29 12:29,For Sale
26740649,8160 San Cristobal Dr,75218,Dallas,TX,32.80834,-96.71589,775000,306.0,-20000.0,741800.0,4605.0,4.0,3.0,2536.0,1972.0,0.254,singleFamily,26,806580.0,2025,https://www.zillow.com,https://photos.zillowstatic.com/fp/d8a800aef8352a7e920d1bc1db632b39-p_c.jpg,2026-06-29 12:29,For Sale
26713007,734 N Montclair Ave,75208,Dallas,TX,32.751488,-96.84263,699000,447.0,-31000.0,681900.0,3358.0,3.0,3.0,1564.0,1922.0,7448.76,singleFamily,72,551970.0,2025,https://www.zillow.com,https://photos.zillowstatic.com/fp/0ce0718eaef9d04480fc634579319696-p_c.jpg,2026-06-29 12:29,For Sale
26751247,7428 Walling Ln,75231,Dallas,TX,32.856068,-96.73453,755000,282.0,,730200.0,4046.0,5.0,3.0,2679.0,1963.0,9147.6,multiFamily,6,660240.0,2025,https://www.zillow.com,https://photos.zillowstatic.com/fp/e14e689adc34d488f5d5a79efd5222a2-p_c.jpg,2026-06-29 12:29,For Sale
26784228,3027 Scenic Cir,75216,Dallas,TX,32.720432,-96.7781,319900,169.0,,313000.0,2343.0,4.0,2.0,1894.0,1967.0,9757.44,singleFamily,9,262780.0,2025,https://www.zillow.com,https://photos.zillowstatic.com/fp/0cb3eca8de8c875b099902aa2aa6a126-p_c.jpg,2026-06-29 12:29,For Sale
26870104,8716 Echo Valley Dr,75243,Dallas,TX,32.8975,-96.739395,690000,268.0,-16000.0,672000.0,4158.0,4.0,3.0,2578.0,1972.0,8755.56,singleFamily,25,614330.0,2025,https://www.zillow.com,https://photos.zillowstatic.com/fp/ffce8e43168752122f7c622654bcd789-p_c.jpg,2026-06-29 12:29,For Sale
26648857,17508 Muirfield Dr,75287,Dallas,TX,32.99124,-96.82243,1499990,319.0,,1424200.0,6612.0,4.0,6.0,4697.0,1995.0,10454.4,singleFamily,3,1197025.0,2025,https://www.zillow.com,https://photos.zillowstatic.com/fp/90592e3aba50d20cc083f9f5b5348653-p_c.jpg,2026-06-29 12:29,For Sale
26901619,5840 Spring Valley Rd APT 803,75254,Dallas,TX,32.94731,-96.7995,210000,168.0,11000.0,,2273.0,3.0,2.0,1250.0,1985.0,8.915702479338844,condo,79,178160.0,2025,https://www.zillow.com,https://photos.zillowstatic.com/fp/942e7667c87177c4d56f54036f3bcb96-p_c.jpg,2026-06-29 12:29,For Sale
304024594,17628 Bottlebrush Dr,75252,Dallas,TX,32.990368,-96.75908,579000,251.0,-18000.0,,,4.0,3.0,2311.0,2019.0,4399.56,singleFamily,16,625642.0,2025,https://www.zillow.com,https://photos.zillowstatic.com/fp/06ee5a4ee11013df99feb5fa2a4f44c0-p_c.jpg,2026-06-29 12:29,For Sale
26702391,7122 Lakewood Blvd,75214,Dallas,TX,32.82184,-96.734665,3850000,556.0,-145000.0,3645300.0,6289.0,4.0,6.0,6929.0,2021.0,0.363,singleFamily,40,2503830.0,2025,https://www.zillow.com,https://photos.zillowstatic.com/fp/6be89693973e2fab0b47bff9cffaacd0-p_c.jpg,2026-06-29 12:29,For Sale
333139324,4820 Dinsmore Ct,75204,Dallas,TX,32.80701,-96.77862,695000,319.0,-70000.0,685000.0,4365.0,3.0,4.0,2176.0,2020.0,1568.16,singleFamily,81,779910.0,2025,https://www.zillow.com,https://photos.zillowstatic.com/fp/b725dcf41794bdaa1205801dc6e64358-p_c.jpg,2026-06-29 12:29,For Sale
26808033,3234 Grantwood Dr,75229,Dallas,TX,32.88843,-96.871315,599000,263.0,,576800.0,3567.0,4.0,3.0,2276.0,1967.0,0.267,singleFamily,19,564510.0,2025,https://www.zillow.com,https://photos.zillowstatic.com/fp/4795443d37eaa5279367943d3ea63b33-p_c.jpg,2026-06-29 12:29,For Sale
26849828,7241 Helsem Bnd,75230,Dallas,TX,32.9194,-96.7809,774900,273.0,,745900.0,4198.0,3.0,4.0,2842.0,1989.0,5793.48,singleFamily,3,928660.0,2025,https://www.zillow.com,https://photos.zillowstatic.com/fp/38a4bc1d77d9755179037e94b0e18de3-p_c.jpg,2026-06-29 12:29,For Sale
26741003,9034 Forest Hills Blvd,75218,Dallas,TX,32.825687,-96.70626,1475000,357.0,,1441600.0,7110.0,4.0,4.0,4132.0,2026.0,8145.72,singleFamily,25,534300.0,2025,https://www.zillow.com,https://photos.zillowstatic.com/fp/fac07d19a58924ef6ea8030da08690d6-p_c.jpg,2026-06-29 12:29,For Sale
26705155,4419 Abrams Rd,75214,Dallas,TX,32.840645,-96.75327,595000,392.0,-5000.0,581400.0,3304.0,3.0,2.0,1518.0,1957.0,9583.2,singleFamily,68,530000.0,2025,https://www.zillow.com,https://photos.zillowstatic.com/fp/bf3307a7c05c0e5450a2650c89dd2200-p_c.jpg,2026-06-29 12:29,For Sale
26864720,9835 Estate Ln,75238,Dallas,TX,32.88401,-96.71641,550000,246.0,-30000.0,540400.0,3120.0,3.0,2.0,2233.0,1962.0,9452.52,singleFamily,123,570920.0,2025,https://www.zillow.com,https://photos.zillowstatic.com/fp/f3703e2f754ba3397cdf80486ed59d97-p_c.jpg,2026-06-29 12:29,For Sale
26701553,6511 Gaston Ave,75214,Dallas,TX,32.816643,-96.75113,1149000,502.0,-40000.0,1103100.0,5717.0,3.0,3.0,2290.0,1940.0,0.368,singleFamily,81,748530.0,2025,https://www.zillow.com,https://photos.zillowstatic.com/fp/6442bc7a24f14a528295f38f1b8d20bf-p_c.jpg,2026-06-29 12:29,For Sale
26787893,3610 Durango Dr,75220,Dallas,TX,32.86711,-96.858284,810000,270.0,,796900.0,5210.0,4.0,4.0,3000.0,2026.0,10105.92,singleFamily,16,526820.0,2025,https://www.zillow.com,https://photos.zillowstatic.com/fp/1447424716f5a98590edc3d8f38f8d5e-p_c.jpg,2026-06-29 12:29,For Sale
26685330,416 Mount Auburn Ave,75223,Dallas,TX,32.80185,-96.74993,799900,191.0,-40000.0,795700.0,5977.0,5.0,5.0,4181.0,2026.0,7230.96,singleFamily,52,500000.0,2025,https://www.zillow.com,https://photos.zillowstatic.com/fp/0f2f2df835118cc9e63c345b1642c15e-p_c.jpg,2026-06-29 12:29,For Sale
26843718,8815 Larchwood Dr,75238,Dallas,TX,32.86804,-96.70112,569000,408.0,,550900.0,2427.0,3.0,2.0,1396.0,1959.0,7318.08,singleFamily,16,483870.0,2025,https://www.zillow.com,https://photos.zillowstatic.com/fp/5088a43f1c2fb93be1112f752d0ba7f3-p_c.jpg,2026-06-29 12:29,For Sale
26890015,6639 Clearhaven Cir,75248,Dallas,TX,32.96738,-96.792244,895000,285.0,-30000.0,869200.0,5246.0,4.0,4.0,3141.0,1978.0,7840.8,singleFamily,115,937100.0,2025,https://www.zillow.com,https://photos.zillowstatic.com/fp/c50fc55a9f143018be57b8e38d6111a0-p_c.jpg,2026-06-29 12:29,For Sale
26869122,8904 Meadowknoll Dr,75243,Dallas,TX,32.89797,-96.72979,1175000,264.0,,1127300.0,6727.0,5.0,6.0,4458.0,2006.0,0.299,singleFamily,73,1138430.0,2025,https://www.zillow.com,https://photos.zillowstatic.com/fp/63c7007b6d873dab62329d87b9313953-p_c.jpg,2026-06-29 12:29,For Sale
26706136,6606 Winton St,75214,Dallas,TX,32.83487,-96.74718,3174000,583.0,,3045700.0,5752.0,5.0,7.0,5441.0,2025.0,7753.68,singleFamily,15,807910.0,2025,https://www.zillow.com,https://photos.zillowstatic.com/fp/12618c0461c7685a195f838a6912d70c-p_c.jpg,2026-06-29 12:29,For Sale
96519586,1407 Pueblo St,75212,Dallas,TX,32.780365,-96.84303,824999,266.0,-15001.0,812800.0,5408.0,4.0,5.0,3100.0,2026.0,7492.32,singleFamily,26,225000.0,2025,https://www.zillow.com,https://photos.zillowstatic.com/fp/421fbd987d1baef9e7c85ba0ec7a4406-p_c.jpg,2026-06-29 12:29,For Sale
26776074,1131 Waweenoc Ave,75216,Dallas,TX,32.690636,-96.80654,200000,178.0,,210100.0,1912.0,3.0,3.0,1126.0,1957.0,7492.32,singleFamily,1,223170.0,2025,https://www.zillow.com,https://photos.zillowstatic.com/fp/0f9c520bd622b2b4fc180c11497eb166-p_c.jpg,2026-06-29 12:29,For Sale
26731216,7714 Roper St,75209,Dallas,TX,32.850014,-96.82974,1499000,404.0,,1446100.0,7749.0,4.0,3.0,3713.0,2018.0,9626.76,singleFamily,40,1601180.0,2025,https://www.zillow.com,https://photos.zillowstatic.com/fp/b8e117999708a889e9802edf3d4259cc-p_c.jpg,2026-06-29 12:29,For Sale
26809395,3342 Whitehall Dr,75229,Dallas,TX,32.900738,-96.86418,1850000,381.0,,1795600.0,3025.0,5.0,6.0,4856.0,2026.0,10802.88,singleFamily,28,499540.0,2025,https://www.zillow.com,https://photos.zillowstatic.com/fp/7a02e1d512ff86e2e83b04ad432ef360-p_c.jpg,2026-06-29 12:29,For Sale
26712636,908 N Winnetka Ave,75208,Dallas,TX,32.75432,-96.83996,480000,282.0,,465300.0,3110.0,4.0,4.0,1704.0,1918.0,7535.88,singleFamily,13,560400.0,2025,https://www.zillow.com,https://photos.zillowstatic.com/fp/3d1453a13447a1c1dd6d2a99b100d3d6-p_c.jpg,2026-06-29 12:29,For Sale
26729424,2240 Lawndale Dr,75211,Dallas,TX,32.762295,-96.860374,549900,298.0,,529400.0,3990.0,3.0,3.0,1844.0,1941.0,7666.56,singleFamily,30,561860.0,2025,https://www.zillow.com,https://photos.zillowstatic.com/fp/3727db49f583844c246d13aef63ff69d-p_c.jpg,2026-06-29 12:29,For Sale
26882936,12922 Jasoncrest Trl,75243,Dallas,TX,32.92491,-96.71101,500000,199.0,,421100.0,2822.0,4.0,3.0,2510.0,1984.0,8755.56,singleFamily,2,433260.0,2025,https://www.zillow.com,https://photos.zillowstatic.com/fp/4dac1153d00756b3014f280f450d809d-p_c.jpg,2026-06-29 12:29,For Sale
26857892,433 Cleaves St,75203,Dallas,TX,32.753185,-96.803314,575000,240.0,-24000.0,570400.0,3736.0,4.0,3.0,2400.0,2026.0,4007.52,singleFamily,21,95000.0,2025,https://www.zillow.com,https://photos.zillowstatic.com/fp/eda01bcbfe002e9cc3f28b26d425facd-p_c.jpg,2026-06-29 12:29,For Sale
26792481,4006 Walnut Hill Ln,75229,Dallas,TX,32.880005,-96.846016,975000,552.0,,,,3.0,2.0,1767.0,1953.0,0.512,singleFamily,16,745000.0,2025,https://www.zillow.com,https://photos.zillowstatic.com/fp/60a47e6abd3431a45abba06892bfd041-p_c.jpg,2026-06-29 12:29,For Sale
444240286,10166 San Lorenzo Dr,75228,Dallas,TX,32.831818,-96.680725,299900,174.0,400.0,289400.0,2556.0,4.0,2.0,1728.0,1954.0,8494.2,singleFamily,408,,,https://www.zillow.com,https://photos.zillowstatic.com/fp/f8160eddc059b003ca274188d15c769a-p_c.jpg,2026-06-29 12:29,For Sale
26692778,3624 N Fitzhugh Ave,75204,Dallas,TX,32.818962,-96.797325,3995000,751.0,,,,5.0,7.0,5321.0,2026.0,7200.468,singleFamily,58,2208040.0,2025,https://www.zillow.com,https://photos.zillowstatic.com/fp/0e9003566a5cd25351c84b074191c85b-p_c.jpg,2026-06-29 12:29,For Sale
26862122,1915 Prairie View Dr,75235,Dallas,TX,32.81595,-96.848076,319900,130.0,,303200.0,4304.0,5.0,3.0,2465.0,1954.0,6795.36,singleFamily,40,247280.0,2025,https://www.zillow.com,https://photos.zillowstatic.com/fp/0a13e2d6b5ab33c31c473ec9db090432-p_c.jpg,2026-06-29 12:29,For Sale
460761465,1845 Pollard St,75208,Dallas,TX,32.771896,-96.849815,545000,242.0,,539000.0,4266.0,3.0,4.0,2250.0,2026.0,7405.2,singleFamily,23,,,https://www.zillow.com,https://photos.zillowstatic.com/fp/1f5db1e410fafbdfdab6b1b2f4b42731-p_c.jpg,2026-06-29 12:29,For Sale
26661217,18283 Meandering Way,75252,Dallas,TX,33.00046,-96.78263,619999,242.0,,599300.0,3644.0,3.0,3.0,2564.0,1996.0,4356.0,singleFamily,14,539718.0,2025,https://www.zillow.com,https://photos.zillowstatic.com/fp/4809344f9242925588bdb2ce19b91fd6-p_c.jpg,2026-06-29 12:29,For Sale
80227036,1016 Liberty St Ste 3,75204,Dallas,TX,32.793427,-96.79091,439000,233.0,-11000.0,428400.0,2991.0,3.0,3.0,1887.0,2006.0,0.9319999999999999,condo,52,594410.0,2025,https://www.zillow.com,https://photos.zillowstatic.com/fp/09522c154cfaa8bde23e1f1a5077c6da-p_c.jpg,2026-06-29 12:29,For Sale
26693391,4330 Rawlins St,75219,Dallas,TX,32.81704,-96.81294,880000,303.0,-40000.0,848100.0,5813.0,3.0,3.0,2902.0,1948.0,7840.8,singleFamily,108,994000.0,2025,https://www.zillow.com,https://photos.zillowstatic.com/fp/e2e129bc94d5ab5bf4a6d3d5cb8459a9-p_c.jpg,2026-06-29 12:29,For Sale
95053654,3243 Buckskin Dr,75241,Dallas,TX,32.65444,-96.76488,247900,173.0,,,1983.0,3.0,2.0,1429.0,2011.0,4486.68,singleFamily,34,268000.0,2025,https://www.zillow.com,https://photos.zillowstatic.com/fp/e9bba7ffd8e119657cb76c3d0157377d-p_c.jpg,2026-06-29 12:29,For Sale
69677228,4333 Gilbert Ave APT 219,75219,Dallas,TX,32.81982,-96.809784,479950,290.0,,455000.0,3940.0,2.0,2.0,1655.0,2004.0,0.542,condo,3,397200.0,2025,https://www.zillow.com,https://photos.zillowstatic.com/fp/c3f929fea43cd340496486ac7599cddc-p_c.jpg,2026-06-29 12:29,For Sale
303983908,3130 N Harwood St APT 1606,75201,Dallas,TX,32.797085,-96.81129,1599000,717.0,-50999.0,1537300.0,6646.0,3.0,4.0,2231.0,2019.0,1.87,condo,146,1278370.0,2025,https://www.zillow.com,https://photos.zillowstatic.com/fp/4364f7668f2edab162eddc8866db674a-p_c.jpg,2026-06-29 12:29,For Sale
55145251,3219 Renaissance Dr,75287,Dallas,TX,32.995758,-96.86498,390000,229.0,,382800.0,2469.0,3.0,3.0,1704.0,1992.0,4051.08,singleFamily,19,362000.0,2025,https://www.zillow.com,https://photos.zillowstatic.com/fp/f29855b099c460b60c2094cdb5670da5-p_c.jpg,2026-06-29 12:29,For Sale
26724830,1502 Adelaide Dr,75216,Dallas,TX,32.68726,-96.80059,185000,132.0,,176700.0,1949.0,3.0,2.0,1400.0,1948.0,7753.68,singleFamily,27,172770.0,2025,https://www.zillow.com,https://photos.zillowstatic.com/fp/cfcfec7b37d82f3e62013f5821fb9242-p_c.jpg,2026-06-29 12:29,For Sale
463098527,2105 S Denley Dr,75216,Dallas,TX,32.722374,-96.8058,10001,,-19999.0,,,,,,,3223.44,land,18,,,https://www.zillow.com,https://photos.zillowstatic.com/fp/e4b19651b3ec0d478d81b180c741338a-p_c.jpg,2026-06-29 12:29,For Sale
26759802,5543 Edlen Dr,75220,Dallas,TX,32.879005,-96.812126,6995000,777.0,,,,5.0,9.0,9000.0,2005.0,0.622,singleFamily,111,5636160.0,2025,https://www.zillow.com,https://photos.zillowstatic.com/fp/18189edc2afc4b50432597a2828ac917-p_c.jpg,2026-06-29 12:29,For Sale
26755451,6739 Walnut Hill Ln,75230,Dallas,TX,32.88025,-96.788605,2265000,474.0,-25000.0,,,5.0,6.0,4778.0,2026.0,0.263,singleFamily,73,458760.0,2025,https://www.zillow.com,https://photos.zillowstatic.com/fp/85f13eba7e81f8fa944b17831a809c0b-p_c.jpg,2026-06-29 12:29,For Sale
26750730,7148 Walling Ln,75231,Dallas,TX,32.86126,-96.736404,589000,303.0,,574700.0,3290.0,3.0,3.0,1942.0,1959.0,9016.92,singleFamily,10,560000.0,2025,https://www.zillow.com,https://photos.zillowstatic.com/fp/83308b25872e79e20e819ba456a36d2c-p_c.jpg,2026-06-29 12:29,For Sale
26696331,5338 Mercedes Ave,75206,Dallas,TX,32.827965,-96.77797,1699000,429.0,,1602400.0,7579.0,5.0,5.0,3963.0,1925.0,7797.24,singleFamily,9,1348140.0,2025,https://www.zillow.com,https://photos.zillowstatic.com/fp/2a01703a452d6fd2b67dead86d744517-p_c.jpg,2026-06-29 12:29,For Sale
26609033,4123 Lawngate Dr,75287,Dallas,TX,33.003246,-96.839935,449900,226.0,-15100.0,,,3.0,3.0,1990.0,1984.0,8276.4,singleFamily,30,496236.0,2025,https://www.zillow.com,https://photos.zillowstatic.com/fp/b4328aac16b269164f9c91c1063b80f0-p_c.jpg,2026-06-29 12:29,For Sale
26858134,6818 Truxton Dr,75231,Dallas,TX,32.87335,-96.73894,950000,327.0,,915500.0,5596.0,4.0,3.0,2907.0,1972.0,10410.84,singleFamily,17,845560.0,2025,https://www.zillow.com,https://photos.zillowstatic.com/fp/b32c34ca4051957081f1ed596e120c2b-p_c.jpg,2026-06-29 12:29,For Sale
26880699,4359 Shady Bend Dr,75244,Dallas,TX,32.917522,-96.83576,1390000,397.0,-60000.0,,,5.0,4.0,3500.0,1970.0,0.29500000000000004,singleFamily,36,1021160.0,2025,https://www.zillow.com,https://photos.zillowstatic.com/fp/4cace3483389fff8a3d25b2973c23dba-p_c.jpg,2026-06-29 12:29,For Sale
26730690,1419 Yakimo Dr,75208,Dallas,TX,32.760662,-96.832726,1585000,470.0,-100000.0,1511200.0,7948.0,3.0,4.0,3371.0,1959.0,0.26,singleFamily,123,1479020.0,2025,https://www.zillow.com,https://photos.zillowstatic.com/fp/2a419c08b04d69fa0f99912a6b0923ca-p_c.jpg,2026-06-29 12:29,For Sale
26736758,1255 Olden St,75211,Dallas,TX,32.73209,-96.88388,260000,190.0,-5000.0,254800.0,2214.0,4.0,2.0,1368.0,1959.0,0.27299999999999996,singleFamily,226,267260.0,2025,https://www.zillow.com,https://photos.zillowstatic.com/fp/8cd3ec9ddd6c351827607063a84d15f6-p_c.jpg,2026-06-29 12:29,For Sale
125318110,5525 Winton St,75206,Dallas,TX,32.83578,-96.77263,875000,381.0,-25000.0,853300.0,5315.0,3.0,3.0,2296.0,2013.0,4791.6,singleFamily,44,820250.0,2025,https://www.zillow.com,https://photos.zillowstatic.com/fp/828a30e9817b8bd1d8d0f36448156700-p_c.jpg,2026-06-29 12:29,For Sale
26752293,6943 Prestonshire Ln,75225,Dallas,TX,32.875813,-96.78448,1950000,484.0,,1811700.0,7401.0,4.0,5.0,4031.0,1964.0,0.416,singleFamily,38,1650000.0,2025,https://www.zillow.com,https://photos.zillowstatic.com/fp/65b0bc62f88d73b5a2da44f16ca1c34c-p_c.jpg,2026-06-29 12:29,For Sale
26892826,7318 Emory Oak Ln,75249,Dallas,TX,32.6288,-96.950294,275000,180.0,-10000.0,274200.0,1971.0,3.0,2.0,1529.0,1978.0,7143.84,singleFamily,51,279000.0,2025,https://www.zillow.com,https://photos.zillowstatic.com/fp/5ec632e43fbb01323e88401bfdbb73aa-p_c.jpg,2026-06-29 12:29,For Sale
26645669,4847 Holly Tree Dr,75287,Dallas,TX,32.998787,-96.82273,1249900,308.0,,,,4.0,4.0,4062.0,1999.0,10018.8,singleFamily,22,1012714.0,2025,https://www.zillow.com,https://photos.zillowstatic.com/fp/b39dff5d98bf907717816138283ebe82-p_c.jpg,2026-06-29 12:29,For Sale
26820164,2926 N Prairie Creek Rd,75227,Dallas,TX,32.762196,-96.66522,199000,124.0,,191600.0,2132.0,3.0,2.0,1602.0,1962.0,7797.24,singleFamily,52,214160.0,2025,https://www.zillow.com,https://photos.zillowstatic.com/fp/9c16793464937e1c89c683b6a429bc06-p_c.jpg,2026-06-29 12:29,For Sale
26831226,2320 Chart Dr,75228,Dallas,TX,32.809082,-96.703445,499000,270.0,-26000.0,485700.0,2520.0,2.0,2.0,1849.0,1961.0,0.368,singleFamily,79,470000.0,2025,https://www.zillow.com,https://photos.zillowstatic.com/fp/d4658ff78dd9ad068d722c9cc5cb6631-p_c.jpg,2026-06-29 12:29,For Sale
26745379,2816 Encino Dr,75228,Dallas,TX,32.847054,-96.667,209900,171.0,-5100.0,,,3.0,1.0,1224.0,1953.0,8058.6,singleFamily,58,184820.0,2025,https://www.zillow.com,https://photos.zillowstatic.com/fp/fa5dc37c4a9f43da0f8c9783a6844473-p_c.jpg,2026-06-29 12:29,For Sale
26637850,6227 Cupertino Trl,75252,Dallas,TX,33.004425,-96.7974,474900,208.0,-24100.0,463400.0,3120.0,3.0,3.0,2284.0,1993.0,4356.0,singleFamily,28,435651.0,2025,https://www.zillow.com,https://photos.zillowstatic.com/fp/9f25f1654903a45c7026fb732c7cc1da-p_c.jpg,2026-06-29 12:29,For Sale
53077401,5804 Preston Fairways Dr,75252,Dallas,TX,32.987667,-96.80901,1049900,328.0,-50100.0,1010400.0,4897.0,4.0,3.0,3202.0,1991.0,6969.6,singleFamily,58,801265.0,2025,https://www.zillow.com,https://photos.zillowstatic.com/fp/4832abb6aeb325c54978864e20e676ba-p_c.jpg,2026-06-29 12:29,For Sale
26710807,1228 Haines Ave,75208,Dallas,TX,32.758595,-96.82747,797000,371.0,-1000.0,,,3.0,3.0,2150.0,2023.0,4530.24,singleFamily,80,735000.0,2025,https://www.zillow.com,https://photos.zillowstatic.com/fp/a15f3bb37a880cc2db48065f51682010-p_c.jpg,2026-06-29 12:29,For Sale
463469335,410 N Oak Cliff Blvd,75208,Dallas,TX,32.74801,-96.852425,410000,324.0,,,,2.0,2.0,1264.0,1942.0,7448.76,multiFamily,2,,,https://www.zillow.com,https://photos.zillowstatic.com/fp/6c1ee8034141f6e8356db7ca8f9194ab-p_c.jpg,2026-06-29 12:29,For Sale
26848261,13919 Hughes Ln,75240,Dallas,TX,32.936768,-96.798546,4599900,886.0,-100000.0,4281000.0,7759.0,4.0,5.0,5190.0,2022.0,1.182,singleFamily,80,3233730.0,2025,https://www.zillow.com,https://photos.zillowstatic.com/fp/a704fdbdf048e3306944f7d54742f6eb-p_c.jpg,2026-06-29 12:29,For Sale
26775119,4208 Huckleberry Cir,75216,Dallas,TX,32.69269,-96.82184,230000,121.0,-10000.0,225100.0,2182.0,3.0,2.0,1896.0,1955.0,7884.36,singleFamily,33,254580.0,2025,https://www.zillow.com,https://photos.zillowstatic.com/fp/b68e40d657ad2a57cfbf8e816329f240-p_c.jpg,2026-06-29 12:29,For Sale
26697215,2819 Maple Springs Blvd,75235,Dallas,TX,32.817924,-96.8259,429000,363.0,-20000.0,415900.0,2659.0,2.0,2.0,1181.0,1946.0,8799.12,singleFamily,16,426490.0,2025,https://www.zillow.com,https://photos.zillowstatic.com/fp/f62ea1f56cb90b2d940726c0ed9eebed-p_c.jpg,2026-06-29 12:29,For Sale
26706967,6834 Northridge Dr,75214,Dallas,TX,32.830135,-96.743065,3450000,644.0,-45000.0,3333400.0,4445.0,5.0,6.0,5358.0,2026.0,10018.8,singleFamily,94,1090750.0,2025,https://www.zillow.com,https://photos.zillowstatic.com/fp/395096786e5617f83b50b37f9e284947-p_c.jpg,2026-06-29 12:29,For Sale
26729241,1518 Oak Knoll St,75208,Dallas,TX,32.762928,-96.83254,1345000,423.0,-50000.0,1298100.0,7467.0,4.0,4.0,3180.0,1948.0,0.29200000000000004,singleFamily,40,1895320.0,2025,https://www.zillow.com,https://photos.zillowstatic.com/fp/fca8bb69f60de8b0346af815b3e86b4c-p_c.jpg,2026-06-29 12:29,For Sale
67964601,1505 Elm St APT 501,75201,Dallas,TX,32.781612,-96.79958,189900,179.0,-5099.0,181200.0,2533.0,1.0,2.0,1059.0,1957.0,10018.8,condo,496,206510.0,2025,https://www.zillow.com,https://photos.zillowstatic.com/fp/d3f84a6b44215a9fec8f3d99f0f4e7d9-p_c.jpg,2026-06-29 12:29,For Sale
26929587,7151 Gaston Ave APT 802,75214,Dallas,TX,32.81458,-96.73296,265000,244.0,,322200.0,2024.0,2.0,3.0,1087.0,1983.0,4.488,condo,4,385890.0,2025,https://www.zillow.com,https://photos.zillowstatic.com/fp/42c0ed51eb23ea9f2893bd7e36d8a74a-p_c.jpg,2026-06-29 12:29,For Sale
80236340,2830 Colt Ln,75237,Dallas,TX,32.655903,-96.86596,253000,159.0,-17000.0,251400.0,2318.0,4.0,2.0,1587.0,2006.0,5183.64,singleFamily,54,277850.0,2025,https://www.zillow.com,https://photos.zillowstatic.com/fp/a561c591778998638f23fe366965f045-p_c.jpg,2026-06-29 12:29,For Sale
26740671,8350 San Cristobal Dr,75218,Dallas,TX,32.811634,-96.71101,725000,316.0,,,,3.0,3.0,2295.0,1964.0,0.25,singleFamily,9,779020.0,2025,https://www.zillow.com,https://photos.zillowstatic.com/fp/580236666edb334cb343e4a8a874fb8a-p_c.jpg,2026-06-29 12:29,For Sale
26693674,6331 Lakeshore Dr,75214,Dallas,TX,32.81938,-96.7547,1275000,304.0,-24999.0,1229000.0,7639.0,4.0,5.0,4198.0,2007.0,7492.32,singleFamily,58,1350000.0,2025,https://www.zillow.com,https://photos.zillowstatic.com/fp/17bf88faec6677abdf9957cdeafd5593-p_c.jpg,2026-06-29 12:29,For Sale
53071456,6007 Glen Heather Dr,75252,Dallas,TX,32.991848,-96.80467,455000,250.0,-10000.0,,,2.0,2.0,1823.0,1983.0,5662.8,singleFamily,8,417474.0,2025,https://www.zillow.com,https://photos.zillowstatic.com/fp/a34051678e5922a734e30f44a31bc12e-p_c.jpg,2026-06-29 12:29,For Sale
26803908,5308 Del Roy Dr,75229,Dallas,TX,32.90522,-96.81663,1995000,431.0,-100000.0,,,4.0,5.0,4627.0,2000.0,0.366,singleFamily,39,1552710.0,2025,https://www.zillow.com,https://photos.zillowstatic.com/fp/dafe06753d2c24aae6ce9f0d255f9c57-p_c.jpg,2026-06-29 12:29,For Sale
53071900,6608 Camille Ave,75252,Dallas,TX,32.9998,-96.789604,749000,290.0,,722200.0,3092.0,3.0,2.0,2582.0,1982.0,8276.4,singleFamily,48,592624.0,2025,https://www.zillow.com,https://photos.zillowstatic.com/fp/a025b1a95ed947a98579a3d32ff51f34-p_c.jpg,2026-06-29 12:29,For Sale
26717012,1614 Seevers Ave,75216,Dallas,TX,32.727894,-96.82125,312000,197.0,-7000.0,333200.0,2187.0,3.0,3.0,1584.0,1959.0,7013.16,singleFamily,86,318880.0,2025,https://www.zillow.com,https://photos.zillowstatic.com/fp/571a5ddf343776bb4cdf563a76593327-p_c.jpg,2026-06-29 12:29,For Sale
26851871,13460 Mill Grove Ln,75240,Dallas,TX,32.932392,-96.7762,529950,218.0,-70000.0,521700.0,4332.0,5.0,3.0,2429.0,1965.0,10149.48,singleFamily,89,455640.0,2025,https://www.zillow.com,https://photos.zillowstatic.com/fp/feef71f6dcadcc384b5d0cd94d3671f9-p_c.jpg,2026-06-29 12:29,For Sale
26806964,10018 Cromwell Dr,75229,Dallas,TX,32.881554,-96.86159,779000,296.0,,748400.0,4111.0,4.0,3.0,2636.0,1969.0,10367.28,singleFamily,17,596870.0,2025,https://www.zillow.com,https://photos.zillowstatic.com/fp/c9daa57eb93347fb13d4384325b26a70-p_c.jpg,2026-06-29 12:29,For Sale
26860366,10431 Kinslow Dr,75217,Dallas,TX,32.710964,-96.64428,179000,145.0,-10000.0,176000.0,1948.0,3.0,3.0,1232.0,1979.0,7492.32,singleFamily,52,216100.0,2025,https://www.zillow.com,https://photos.zillowstatic.com/fp/3c54859695531e60ef3b2286dfd22313-p_c.jpg,2026-06-29 12:29,For Sale
26701640,6418 Westlake Ave,75214,Dallas,TX,32.821693,-96.75204,1395000,498.0,,,,3.0,3.0,2804.0,1934.0,7230.96,singleFamily,23,955640.0,2025,https://www.zillow.com,https://photos.zillowstatic.com/fp/70c3a4f87917ab2eb5e0b38f6c6e4c34-p_c.jpg,2026-06-29 12:29,For Sale
26834604,4107 Vineyard Dr,75212,Dallas,TX,32.79156,-96.87639,454900,217.0,-5000.0,,,4.0,2.0,2100.0,2026.0,7230.96,singleFamily,33,145000.0,2025,https://www.zillow.com,https://photos.zillowstatic.com/fp/5c32ea3295f422bd335a45677b223ea9-p_c.jpg,2026-06-29 12:29,For Sale
26792774,3867 Beutel Ct,75229,Dallas,TX,32.882236,-96.8512,1195000,240.0,-95000.0,1143600.0,7426.0,6.0,6.0,4989.0,2010.0,0.386,singleFamily,3,1737820.0,2025,https://www.zillow.com,https://photos.zillowstatic.com/fp/fa6824723308ea50247f844733fa7c1b-p_c.jpg,2026-06-29 12:29,For Sale
26836163,4020 Ranger Dr,75212,Dallas,TX,32.790817,-96.89891,399999,186.0,,397800.0,3415.0,4.0,3.0,2147.0,2025.0,7000.092,singleFamily,8,313830.0,2025,https://www.zillow.com,https://photos.zillowstatic.com/fp/1593d07bd3dbbaa3e3016319194b8470-p_c.jpg,2026-06-29 12:29,For Sale
26684901,607 Grandview Ave,75223,Dallas,TX,32.79971,-96.749916,969999,264.0,,954200.0,5621.0,5.0,6.0,3680.0,2026.0,7248.384,singleFamily,62,253940.0,2025,https://www.zillow.com,https://photos.zillowstatic.com/fp/d00f5bff8e7acbb78c08866da66694a6-p_c.jpg,2026-06-29 12:29,For Sale
26913826,9447 Crimnson Ct,75217,Dallas,TX,32.669235,-96.662,200000,205.0,-5000.0,192700.0,1807.0,2.0,2.0,977.0,1998.0,5749.92,singleFamily,12,209430.0,2025,https://www.zillow.com,https://photos.zillowstatic.com/fp/c6405bb4ab9af815076ea778910b7a6f-p_c.jpg,2026-06-29 12:29,For Sale
462103308,9319 Chimney Corner Ln,75243,Dallas,TX,32.92031,-96.73659,240000,182.0,,233200.0,2140.0,3.0,2.0,1321.0,1974.0,3092.76,townhome,45,,,https://www.zillow.com,https://photos.zillowstatic.com/fp/27c8cff38a98f67d9a22cb35142f736c-p_c.jpg,2026-06-29 12:29,For Sale
26739617,8619 Angora St,75218,Dallas,TX,32.823116,-96.71362,550000,473.0,,523800.0,2010.0,2.0,1.0,1162.0,1940.0,7710.12,singleFamily,24,491740.0,2025,https://www.zillow.com,https://photos.zillowstatic.com/fp/e8fd19d3b8d04e037685608c7d372523-p_c.jpg,2026-06-29 12:29,For Sale
26739522,6738 Eastridge Dr APT 101,75231,Dallas,TX,32.86749,-96.75028,264900,151.0,-10000.0,,,2.0,2.0,1755.0,1979.0,0.673,condo,2,190000.0,2025,https://www.zillow.com,https://photos.zillowstatic.com/fp/c53dc9cf9544defcd26e94c5ef6d0642-p_c.jpg,2026-06-29 12:29,For Sale
26648084,5607 Willow Wood Ln,75252,Dallas,TX,33.011772,-96.8129,1050000,246.0,,998000.0,6128.0,5.0,5.0,4265.0,2000.0,0.35,singleFamily,35,824199.0,2025,https://www.zillow.com,https://photos.zillowstatic.com/fp/eb76103fce05fd7cab7016ad9e0f997c-p_c.jpg,2026-06-29 12:29,For Sale
303985595,5404 Winton St,75206,Dallas,TX,32.835358,-96.7765,849999,390.0,,827000.0,5874.0,4.0,3.0,2179.0,2018.0,4051.08,singleFamily,18,806090.0,2025,https://www.zillow.com,https://photos.zillowstatic.com/fp/921a8e8935f528254795c862617698c4-p_c.jpg,2026-06-29 12:29,For Sale
26882380,12330 Ferris Creek Ln,75243,Dallas,TX,32.915276,-96.731,320000,182.0,,312400.0,2302.0,3.0,2.0,1755.0,1978.0,8102.16,singleFamily,23,572710.0,2025,https://www.zillow.com,https://photos.zillowstatic.com/fp/9041f140df909bd87e044b7a689b3496-p_c.jpg,2026-06-29 12:29,For Sale
26693370,4416 N Hall St,75219,Dallas,TX,32.81705,-96.81465,1399000,493.0,-30999.0,1332800.0,5849.0,4.0,4.0,2840.0,1924.0,9234.72,singleFamily,11,1115150.0,2025,https://www.zillow.com,https://photos.zillowstatic.com/fp/0279fa3f572cedcb2544d3af55b5aac6-p_c.jpg,2026-06-29 12:29,For Sale
26650354,4928 Holly Tree Dr,75287,Dallas,TX,32.998314,-96.82091,1325000,313.0,125001.0,1269300.0,5008.0,4.0,4.0,4232.0,1998.0,10454.4,singleFamily,10,1130720.0,2025,https://www.zillow.com,https://photos.zillowstatic.com/fp/79292fc1857ff6466995df2788d00733-p_c.jpg,2026-06-29 12:29,For Sale
80223505,1200 Main St APT 1806,75202,Dallas,TX,32.77981,-96.80127,374900,272.0,-15000.0,,,2.0,2.0,1379.0,1974.0,1.033,condo,55,461970.0,2025,https://www.zillow.com,https://photos.zillowstatic.com/fp/2404e8ae4194839d537862b494c237a9-p_c.jpg,2026-06-29 12:29,For Sale
458009589,3786 Wenatche Dr,75233,Dallas,TX,32.697144,-96.88317,489900,169.0,-10100.0,488500.0,3993.0,4.0,4.0,2900.0,2025.0,6011.28,singleFamily,234,332860.0,2025,https://www.zillow.com,https://photos.zillowstatic.com/fp/0dc5918e3ee91c78d9926772100af541-p_c.jpg,2026-06-29 12:29,For Sale
162813533,645 Kessler Reserve Ct,75208,Dallas,TX,32.756145,-96.833405,1795000,426.0,-80000.0,1749200.0,5546.0,4.0,4.0,4213.0,2015.0,0.34900000000000003,singleFamily,93,1702900.0,2025,https://www.zillow.com,https://photos.zillowstatic.com/fp/21f22f8b9c5cfd50ed8d159a132e2771-p_c.jpg,2026-06-29 12:29,For Sale
26683222,4020 Buena Vista St,75204,Dallas,TX,32.81392,-96.79631,1350000,540.0,-50000.0,1294200.0,4935.0,2.0,3.0,2500.0,1971.0,3615.48,townhome,143,1007250.0,2025,https://www.zillow.com,https://photos.zillowstatic.com/fp/3652a146ca474fe2c5d695bec06a0013-p_c.jpg,2026-06-29 12:29,For Sale
26732770,6431 Vickery Blvd,75214,Dallas,TX,32.823105,-96.750885,1795000,501.0,-100000.0,,,4.0,5.0,3584.0,2011.0,9374.112,singleFamily,58,1768340.0,2025,https://www.zillow.com,https://photos.zillowstatic.com/fp/9cf473cf86157b5c52667a3eb29fdfd3-p_c.jpg,2026-06-29 12:29,For Sale
26716497,723 Winters St,75216,Dallas,TX,32.73342,-96.81252,135000,111.0,,155200.0,1751.0,2.0,1.0,1215.0,1950.0,8145.72,singleFamily,5,196660.0,2025,https://www.zillow.com,https://photos.zillowstatic.com/fp/620f45dd44c68bb7d78c661607c06caf-p_c.jpg,2026-06-29 12:29,For Sale
26731531,7307 Morton St,75209,Dallas,TX,32.845963,-96.824036,1750000,438.0,,1703900.0,7953.0,4.0,4.0,3995.0,2019.0,7492.32,singleFamily,18,1700000.0,2025,https://www.zillow.com,https://photos.zillowstatic.com/fp/275d274f481b24f1c621973b305769ad-p_c.jpg,2026-06-29 12:29,For Sale
26834831,4015 Shadrack Dr,75212,Dallas,TX,32.790714,-96.87954,155000,179.0,,,1744.0,2.0,1.0,864.0,1952.0,10585.08,singleFamily,19,180660.0,2025,https://www.zillow.com,https://photos.zillowstatic.com/fp/e4a643fc84cef42bfa7ee6496e211573-p_c.jpg,2026-06-29 12:29,For Sale
26913371,13207 Woodbend Ln,75243,Dallas,TX,32.918945,-96.73134,325000,214.0,,315400.0,2037.0,3.0,3.0,1516.0,1982.0,2090.88,townhome,19,256120.0,2025,https://www.zillow.com,https://photos.zillowstatic.com/fp/21c327942f1fe27ae1a94979bb4dda79-p_c.jpg,2026-06-29 12:29,For Sale
26748533,6214 Danbury Ln,75214,Dallas,TX,32.848488,-96.75715,1295000,344.0,,1229600.0,6485.0,4.0,4.0,3766.0,1970.0,8624.88,singleFamily,31,980000.0,2025,https://www.zillow.com,https://photos.zillowstatic.com/fp/291d78fc610b9724c75a208a4776078d-p_c.jpg,2026-06-29 12:29,For Sale
26850888,10801 Middle Knoll Dr,75238,Dallas,TX,32.87609,-96.69773,675000,356.0,-24000.0,655600.0,3178.0,3.0,2.0,1895.0,1973.0,9496.08,singleFamily,44,451120.0,2025,https://www.zillow.com,https://photos.zillowstatic.com/fp/56802867dc6dc38f1daf604681465c7f-p_c.jpg,2026-06-29 12:29,For Sale
96535320,26 Army Ave,75211,Dallas,TX,32.742653,-96.92349,79900,,-10000.0,,1489.0,,,,,0.554,land,265,96600.0,2025,https://www.zillow.com,https://photos.zillowstatic.com/fp/1f2e81714fed5aad5177b863b1ffad8a-p_c.jpg,2026-06-29 12:29,For Sale
53093329,5834 Coolwater Cv,75252,Dallas,TX,32.988537,-96.807594,699900,246.0,-25000.0,677600.0,4821.0,3.0,3.0,2842.0,1994.0,6098.4,singleFamily,226,722030.0,2025,https://www.zillow.com,https://photos.zillowstatic.com/fp/0279a3575f5d023d93d87abdc79e55f2-p_c.jpg,2026-06-29 12:29,For Sale
26823021,1630 Indian Summer Trl,75241,Dallas,TX,32.6738,-96.7951,245000,129.0,-5000.0,242200.0,2106.0,3.0,2.0,1893.0,1963.0,8537.76,singleFamily,16,208430.0,2025,https://www.zillow.com,https://photos.zillowstatic.com/fp/cf62b766f674f07f2bf933c4e00c7655-p_c.jpg,2026-06-29 12:29,For Sale
26841713,2609 Inadale Ave,75228,Dallas,TX,32.817135,-96.670525,295000,223.0,-5000.0,289500.0,2214.0,4.0,2.0,1320.0,1957.0,8102.16,singleFamily,21,212970.0,2025,https://www.zillow.com,https://photos.zillowstatic.com/fp/a63b8bd0f7e81159dff7c128223fd3ac-p_c.jpg,2026-06-29 12:29,For Sale
96521686,3906 Harlingen St,75212,Dallas,TX,32.78901,-96.90426,580000,193.0,-15000.0,577800.0,4523.0,4.0,4.0,3000.0,2026.0,7230.96,singleFamily,89,100000.0,2025,https://www.zillow.com,https://photos.zillowstatic.com/fp/1141700b14422b49753d49947129604b-p_c.jpg,2026-06-29 12:29,For Sale
26607660,6211 Crested Butte Dr,75252,Dallas,TX,32.9935,-96.79839,535000,249.0,-10000.0,,,3.0,2.0,2149.0,1985.0,8276.4,singleFamily,79,565495.0,2025,https://www.zillow.com,https://photos.zillowstatic.com/fp/bb3a8cbf640119eb8565c4fb51899e5b-p_c.jpg,2026-06-29 12:29,For Sale
26932934,5590 Spring Valley Rd Unit C205,75254,Dallas,TX,32.938766,-96.81152,220000,239.0,,215000.0,1525.0,2.0,2.0,920.0,1982.0,3.0,condo,4,179400.0,2025,https://www.zillow.com,https://photos.zillowstatic.com/fp/1739fae03ea208b2ac11d16e88fa9cb3-p_c.jpg,2026-06-29 12:29,For Sale
26874643,7647 Querida Ln,75248,Dallas,TX,32.96973,-96.776566,679000,279.0,54000.0,,5080.0,4.0,3.0,2433.0,1969.0,8575.0,singleFamily,76,485970.0,2025,https://www.zillow.com,https://photos.zillowstatic.com/fp/ab8bde58036b193f3845215719f4ad6d-p_c.jpg,2026-06-29 12:29,For Sale
84001098,8342 Timberbrook Ln,75249,Dallas,TX,32.664314,-96.95082,344369,214.0,5000.0,340600.0,2754.0,3.0,3.0,1612.0,2007.0,4007.52,singleFamily,102,309670.0,2025,https://www.zillow.com,https://photos.zillowstatic.com/fp/c804d2f76f3fc541da27f74b80197799-p_c.jpg,2026-06-29 12:29,For Sale
26915432,5210 Cliff Haven Dr,75236,Dallas,TX,32.68334,-96.93062,550000,186.0,-37000.0,,,4.0,3.0,2964.0,1992.0,0.64,singleFamily,30,519980.0,2025,https://www.zillow.com,https://photos.zillowstatic.com/fp/87b31a685542542e90808d1badf86c5f-p_c.jpg,2026-06-29 12:29,For Sale
26760097,4425 Caruth Blvd,75225,Dallas,TX,32.85864,-96.81149,6400000,1015.0,,6066600.0,3456.0,5.0,7.0,6304.0,2026.0,8363.52,singleFamily,11,1396390.0,2025,https://www.zillow.com,https://photos.zillowstatic.com/fp/ba41962a03f27e6070cb0befd20a465f-p_c.jpg,2026-06-29 12:29,For Sale
53089558,6032 Ainsdale Ct,75252,Dallas,TX,32.998665,-96.80026,579000,243.0,-20000.0,565100.0,4090.0,4.0,3.0,2387.0,1994.0,6534.0,singleFamily,11,542762.0,2025,https://www.zillow.com,https://photos.zillowstatic.com/fp/7405773a0b6b4a81c3c8857faafa1cc7-p_c.jpg,2026-06-29 12:29,For Sale
26846442,2235 Babalos Ln,75228,Dallas,TX,32.80869,-96.676865,234640,137.0,,223900.0,2168.0,3.0,2.0,1708.0,1968.0,8668.44,singleFamily,27,298230.0,2025,https://www.zillow.com,https://photos.zillowstatic.com/fp/e4ae247c814a8a53f043585d1d11b300-p_c.jpg,2026-06-29 12:29,For Sale
333140443,1719 Caddo St #101,75204,Dallas,TX,32.79926,-96.785835,450000,281.0,,440900.0,2950.0,3.0,3.0,1601.0,2018.0,0.594,townhome,23,512320.0,2025,https://www.zillow.com,https://photos.zillowstatic.com/fp/25838e1fb5518143498a955e8e9b390e-p_c.jpg,2026-06-29 12:29,For Sale
26843713,8835 Larchwood Dr,75238,Dallas,TX,32.868053,-96.70213,629500,382.0,-20000.0,,,3.0,2.0,1646.0,1955.0,7623.0,singleFamily,15,519030.0,2025,https://www.zillow.com,https://photos.zillowstatic.com/fp/73f3745903da56f5552cbf4c064137c5-p_c.jpg,2026-06-29 12:29,For Sale
26911661,13251 Pandora Dr,75238,Dallas,TX,32.87431,-96.690414,315000,198.0,-14999.0,,,3.0,3.0,1589.0,1984.0,1132.56,singleFamily,53,454600.0,2025,https://www.zillow.com,https://photos.zillowstatic.com/fp/860080ae8f9015147105f162ca10eef6-p_c.jpg,2026-06-29 12:29,For Sale
26630737,4267 Timberglen Rd,75287,Dallas,TX,33.004353,-96.83765,425000,220.0,,419200.0,2822.0,3.0,2.0,1930.0,1992.0,3920.4,singleFamily,30,418446.0,2025,https://www.zillow.com,https://photos.zillowstatic.com/fp/b259e76474a135dc0c206c56637be88f-p_c.jpg,2026-06-29 12:29,For Sale
26696962,5107 Denton Dr,75235,Dallas,TX,32.81803,-96.82786,465000,311.0,-15000.0,458200.0,3062.0,3.0,2.0,1496.0,1926.0,8929.8,singleFamily,24,406110.0,2025,https://www.zillow.com,https://photos.zillowstatic.com/fp/2cd4770a8d8005a3db6efb4ed79a148d-p_c.jpg,2026-06-29 12:29,For Sale
26682081,3883 Turtle Creek Blvd APT 2010,75219,Dallas,TX,32.815258,-96.79936,249990,234.0,-6010.0,,,2.0,2.0,1070.0,1963.0,3.159,condo,81,315650.0,2025,https://www.zillow.com,https://photos.zillowstatic.com/fp/d01f404440bf11f4c8a6a731ff458063-p_c.jpg,2026-06-29 12:29,For Sale
26776515,831 Glen Arbor Dr,75241,Dallas,TX,32.68318,-96.81178,349999,156.0,-5000.0,346700.0,2528.0,3.0,3.0,2250.0,1956.0,10585.08,singleFamily,66,291030.0,2025,https://www.zillow.com,https://photos.zillowstatic.com/fp/eb4462ac83cf17761490ad2f7c9b6bc5-p_c.jpg,2026-06-29 12:29,For Sale
342130368,3332 Rutledge St,75215,Dallas,TX,32.766384,-96.75243,172500,119.0,-7000.0,,,2.0,2.0,1450.0,1974.0,4617.36,multiFamily,103,,,https://www.zillow.com,https://photos.zillowstatic.com/fp/f5b28a772d776d29466fbbc3bfce8175-p_c.jpg,2026-06-29 12:29,For Sale
26878271,3540 Frosty Trl,75241,Dallas,TX,32.663887,-96.76164,269900,201.0,,266400.0,1994.0,4.0,2.0,1344.0,1969.0,7056.72,singleFamily,4,256060.0,2025,https://www.zillow.com,https://photos.zillowstatic.com/fp/c15d7088c140969efae8763b42b48dcb-p_c.jpg,2026-06-29 12:29,For Sale
26906831,948 Carom Way,75217,Dallas,TX,32.728287,-96.64656,259000,138.0,-900.0,,,5.0,3.0,1875.0,1985.0,7884.36,singleFamily,45,238950.0,2025,https://www.zillow.com,https://photos.zillowstatic.com/fp/b3ee944f437c6231f547df991878d174-p_c.jpg,2026-06-29 12:29,For Sale
26700516,6915 E Grand Ave,75223,Dallas,TX,32.80347,-96.73731,449999,239.0,,,,3.0,3.0,1885.0,1947.0,7143.84,singleFamily,1,542060.0,2025,https://www.zillow.com,https://photos.zillowstatic.com/fp/0bfe1eda0b7630a58d388088efcfacda-p_c.jpg,2026-06-29 12:29,For Sale
244111419,8254 Laflin Ln,75231,Dallas,TX,32.88959,-96.76209,578000,330.0,-11500.0,570000.0,2962.0,3.0,3.0,1750.0,2016.0,1655.28,singleFamily,109,534960.0,2025,https://www.zillow.com,https://photos.zillowstatic.com/fp/f28ab0a57c69512ee9cd0c7cbf95f30e-p_c.jpg,2026-06-29 12:29,For Sale
26712853,917 N Windomere Ave,75208,Dallas,TX,32.7544,-96.84441,490000,289.0,,462500.0,3442.0,3.0,2.0,1698.0,1921.0,10497.96,singleFamily,44,500000.0,2025,https://www.zillow.com,https://photos.zillowstatic.com/fp/10a7b0f84443cc19c6673f0fc8f03e3a-p_c.jpg,2026-06-29 12:29,For Sale
26761677,9261 Meadowglen Dr,75238,Dallas,TX,32.87078,-96.72456,1675000,420.0,,,,6.0,4.0,3988.0,1961.0,0.267,singleFamily,31,1036490.0,2025,https://www.zillow.com,https://photos.zillowstatic.com/fp/0fa248c241f5a4f92a3f74f7a1eaab52-p_c.jpg,2026-06-29 12:29,For Sale
26784363,3822 Vandervort Dr,75216,Dallas,TX,32.71742,-96.765434,474900,151.0,-5000.0,,,4.0,4.0,3150.0,1955.0,0.373,singleFamily,66,276450.0,2025,https://www.zillow.com,https://photos.zillowstatic.com/fp/62115b58f66f1299c10cc6235bf89b9c-p_c.jpg,2026-06-29 12:29,For Sale
26885519,4331 Kolloch Dr,75216,Dallas,TX,32.711243,-96.760956,260000,198.0,-5000.0,,,3.0,2.0,1312.0,1960.0,10280.16,singleFamily,72,229670.0,2025,https://www.zillow.com,https://photos.zillowstatic.com/fp/776d64e48f52ca0bb60ec09aaca0d9d0-p_c.jpg,2026-06-29 12:29,For Sale
96512304,9515 Edith Ln,75220,Dallas,TX,32.869343,-96.83968,1375000,378.0,-24000.0,1340000.0,7985.0,4.0,4.0,3639.0,2010.0,10018.8,singleFamily,141,1293940.0,2025,https://www.zillow.com,https://photos.zillowstatic.com/fp/f4fc4f1daef420ba24fda1de43fc45bf-p_c.jpg,2026-06-29 12:29,For Sale
26793719,7347 Maringo Dr,75227,Dallas,TX,32.754444,-96.69621,257000,154.0,-4000.0,,,3.0,2.0,1673.0,1954.0,8276.4,singleFamily,68,264750.0,2025,https://www.zillow.com,https://photos.zillowstatic.com/fp/c791ecdfafcbc3f6209e6e7ebfef842b-p_c.jpg,2026-06-29 12:29,For Sale
26740873,8910 San Fernando Way,75218,Dallas,TX,32.824726,-96.70902,640000,351.0,-10000.0,,,3.0,2.0,1822.0,1946.0,0.258,singleFamily,72,678050.0,2025,https://www.zillow.com,https://photos.zillowstatic.com/fp/31823f829834ba003df5c22f8db657fd-p_c.jpg,2026-06-29 12:29,For Sale
84000725,3210 Carlisle St Unit 19,75204,Dallas,TX,32.8048,-96.80165,750000,290.0,,715100.0,5280.0,2.0,3.0,2583.0,2008.0,2.568,townhome,24,756010.0,2025,https://www.zillow.com,https://photos.zillowstatic.com/fp/5656d9c548b7b6613f8ae55290d54722-p_c.jpg,2026-06-29 12:29,For Sale
26785914,7322 Hunnicut Rd,75227,Dallas,TX,32.789425,-96.71207,545000,225.0,,,,4.0,3.0,2419.0,1969.0,8407.08,singleFamily,33,262600.0,2025,https://www.zillow.com,https://photos.zillowstatic.com/fp/ea7a6d8d8dc194d700b5152a6268a903-p_c.jpg,2026-06-29 12:29,For Sale
26883950,8226 Hunnicut Rd,75228,Dallas,TX,32.799713,-96.70136,489000,231.0,,474100.0,3172.0,3.0,3.0,2118.0,1967.0,0.363,singleFamily,73,482430.0,2025,https://www.zillow.com,https://photos.zillowstatic.com/fp/114d188f3c2efe3f626d5d5216798f6d-p_c.jpg,2026-06-29 12:29,For Sale
26875101,7601 Carta Valley Dr,75248,Dallas,TX,32.97298,-96.77731,750000,280.0,,720700.0,5357.0,4.0,3.0,2683.0,1975.0,0.27299999999999996,singleFamily,23,654300.0,2025,https://www.zillow.com,https://photos.zillowstatic.com/fp/2d46261242bdb15a8e66873bfd0c8009-p_c.jpg,2026-06-29 12:29,For Sale
26702035,6933 Wabash Cir,75214,Dallas,TX,32.82483,-96.73956,2375000,517.0,,2244300.0,7918.0,5.0,6.0,4592.0,1967.0,9365.4,singleFamily,25,2346990.0,2025,https://www.zillow.com,https://photos.zillowstatic.com/fp/5ccb2eab2fb0dd2c5b2b7c534924962a-p_c.jpg,2026-06-29 12:29,For Sale
26691864,2215 Madera St,75206,Dallas,TX,32.814247,-96.77663,1545000,564.0,-50000.0,1485100.0,7175.0,3.0,3.0,2738.0,2016.0,7501.032,singleFamily,66,1124380.0,2025,https://www.zillow.com,https://photos.zillowstatic.com/fp/1758f902762bda5fdcb6e0f0031399a6-p_c.jpg,2026-06-29 12:29,For Sale
26712415,916 S Montreal Ave,75208,Dallas,TX,32.73646,-96.853874,419000,252.0,,403400.0,2658.0,3.0,2.0,1664.0,1920.0,7318.08,singleFamily,9,415900.0,2025,https://www.zillow.com,https://photos.zillowstatic.com/fp/3ed7932b591e36446b1ef87e69aa445e-p_c.jpg,2026-06-29 12:29,For Sale
26926874,4402 Holland Ave APT 202,75219,Dallas,TX,32.81978,-96.81057,290000,241.0,-10000.0,284800.0,2799.0,2.0,3.0,1202.0,1983.0,9713.88,condo,75,310120.0,2025,https://www.zillow.com,https://photos.zillowstatic.com/fp/913d7fa276cf91f3e25cf65668c67265-p_c.jpg,2026-06-29 12:29,For Sale
26747570,6262 E University Blvd,75214,Dallas,TX,32.846336,-96.75549,769000,379.0,,736300.0,3749.0,3.0,2.0,2031.0,1961.0,10018.8,singleFamily,31,727870.0,2025,https://www.zillow.com,https://photos.zillowstatic.com/fp/5441153b317e10aecd83be7af9a3b72d-p_c.jpg,2026-06-29 12:29,For Sale
26845080,7552 Baxtershire Dr,75230,Dallas,TX,32.90629,-96.774666,4250000,703.0,-100000.0,3957800.0,7673.0,6.0,6.0,6047.0,1984.0,0.367,singleFamily,44,1642670.0,2025,https://www.zillow.com,https://photos.zillowstatic.com/fp/b301c9263d033b61250d7ef7324b20ca-p_c.jpg,2026-06-29 12:29,For Sale
26857918,4406 Ridgeside Dr,75244,Dallas,TX,32.91513,-96.83371,2550000,474.0,,2434900.0,12622.0,5.0,6.0,5382.0,2021.0,0.39899999999999997,singleFamily,11,1990000.0,2025,https://www.zillow.com,https://photos.zillowstatic.com/fp/ac806ebb6a3e511c4a1bddfac1c2b9c2-p_c.jpg,2026-06-29 12:29,For Sale
26701227,7027 Casa Loma Ave,75214,Dallas,TX,32.81286,-96.73684,2199000,454.0,,2084500.0,7866.0,4.0,6.0,4844.0,2016.0,8232.84,singleFamily,9,1897400.0,2025,https://www.zillow.com,https://photos.zillowstatic.com/fp/9fc7db61d96dd4dd58afcb16996c1f21-p_c.jpg,2026-06-29 12:29,For Sale
96495673,3402 Spring Ave,75215,Dallas,TX,32.765728,-96.751465,319999,191.0,-10000.0,318600.0,2218.0,3.0,2.0,1672.0,2026.0,7501.032,singleFamily,88,62090.0,2025,https://www.zillow.com,https://photos.zillowstatic.com/fp/597a3eb2f28a78526f741e769b10d186-p_c.jpg,2026-06-29 12:29,For Sale
26909859,9716 Pinehurst Ln,75227,Dallas,TX,32.764877,-96.65431,199999,189.0,-9001.0,198400.0,1709.0,3.0,2.0,1058.0,1987.0,3833.28,singleFamily,131,200170.0,2025,https://www.zillow.com,https://photos.zillowstatic.com/fp/299d77fb50b9108f35c323b2689e2bd9-p_c.jpg,2026-06-29 12:29,For Sale
26631655,5416 Ventana Trl,75252,Dallas,TX,33.01008,-96.801056,443000,215.0,-4800.0,432100.0,2904.0,3.0,2.0,2056.0,1985.0,6011.28,singleFamily,100,479393.0,2025,https://www.zillow.com,https://photos.zillowstatic.com/fp/9197ba8e170e95f771451a77d008c9ca-p_c.jpg,2026-06-29 12:29,For Sale
26633938,4315 Creekmeadow Dr,75287,Dallas,TX,32.995464,-96.836174,715000,251.0,-19900.0,720500.0,4183.0,4.0,3.0,2850.0,1986.0,8276.4,singleFamily,44,753343.0,2025,https://www.zillow.com,https://photos.zillowstatic.com/fp/0a6c4ebd49ca8cc41d704b1722acf52b-p_c.jpg,2026-06-29 12:29,For Sale
26599135,6606 Sawmill Rd,75252,Dallas,TX,32.992615,-96.79199,949900,351.0,-39100.0,,,4.0,3.0,2709.0,1984.0,0.344,singleFamily,65,625489.0,2025,https://www.zillow.com,https://photos.zillowstatic.com/fp/b4fb74b4954d9d7db649c698b7a0f78e-p_c.jpg,2026-06-29 12:29,For Sale
26588508,4212 Joshua Ln,75287,Dallas,TX,32.99952,-96.83774,595000,233.0,-25000.0,585700.0,3290.0,4.0,3.0,2551.0,1981.0,8712.0,singleFamily,31,491420.0,2025,https://www.zillow.com,https://photos.zillowstatic.com/fp/1ebfeb6a5ff5587357fb8301d0bdd990-p_c.jpg,2026-06-29 12:29,For Sale
26699234,2835 Macon St,75215,Dallas,TX,32.75089,-96.74779,269999,180.0,-5000.0,269400.0,2224.0,3.0,3.0,1500.0,2026.0,2613.6,singleFamily,93,18450.0,2025,https://www.zillow.com,https://photos.zillowstatic.com/fp/fb24836fc4245b88247128799607d427-p_c.jpg,2026-06-29 12:29,For Sale
26824713,912 Glen Oaks Blvd,75232,Dallas,TX,32.674522,-96.8369,415000,202.0,,403500.0,2432.0,3.0,3.0,2058.0,1964.0,0.347,singleFamily,116,403540.0,2025,https://www.zillow.com,https://photos.zillowstatic.com/fp/06067c713fb08ea35650c245c7bf0577-p_c.jpg,2026-06-29 12:29,For Sale
162210833,2308 Britton Ave,75216,Dallas,TX,32.719994,-96.806725,499000,191.0,,552100.0,1479.0,6.0,5.0,2617.0,1925.0,8842.68,multiFamily,1,271220.0,2025,https://www.zillow.com,https://photos.zillowstatic.com/fp/21fd484a74a11f67d520a07d45dbb7fe-p_c.jpg,2026-06-29 12:29,For Sale
96520008,520 Woodbine Ave,75203,Dallas,TX,32.742844,-96.799355,435000,225.0,,433400.0,2791.0,3.0,4.0,1935.0,2026.0,10236.6,singleFamily,11,90000.0,2025,https://www.zillow.com,https://photos.zillowstatic.com/fp/ca02976c7d54703a289290bd58c91311-p_c.jpg,2026-06-29 12:29,For Sale
26703118,6323 Anita St,75214,Dallas,TX,32.834892,-96.75415,1799000,407.0,,1746900.0,4513.0,6.0,6.0,4420.0,2026.0,7962.768,singleFamily,11,732290.0,2025,https://www.zillow.com,https://photos.zillowstatic.com/fp/e44ee960e224a6b32127081c019ccaa3-p_c.jpg,2026-06-29 12:29,For Sale
26608992,4011 Kentshire Ln,75287,Dallas,TX,33.002197,-96.843216,440000,201.0,-10000.0,,,4.0,3.0,2184.0,1988.0,8276.4,singleFamily,183,495178.0,2025,https://www.zillow.com,https://photos.zillowstatic.com/fp/a503d072f326b8a5a2d71f5492cb896a-p_c.jpg,2026-06-29 12:29,For Sale
26746325,2114 Glengariff Dr,75228,Dallas,TX,32.838326,-96.678154,209900,118.0,,208100.0,1990.0,3.0,1.0,1786.0,1953.0,7535.88,singleFamily,6,323060.0,2025,https://www.zillow.com,https://photos.zillowstatic.com/fp/96b95aa69f43cabcbf49210b811a5981-p_c.jpg,2026-06-29 12:29,For Sale
96533525,4236 Aztec Dr,75216,Dallas,TX,32.702133,-96.782166,312800,194.0,,312000.0,2222.0,4.0,2.0,1612.0,2026.0,7579.44,singleFamily,3,80000.0,2025,https://www.zillow.com,https://photos.zillowstatic.com/fp/ba4d991f0d30c6521c8a4d9b8d90ab2e-p_c.jpg,2026-06-29 12:29,For Sale
26803712,5510 Del Roy Dr,75230,Dallas,TX,32.90527,-96.81247,4099000,679.0,-100400.0,3936800.0,4496.0,6.0,7.0,6036.0,2026.0,0.42600000000000005,singleFamily,51,835470.0,2025,https://www.zillow.com,https://photos.zillowstatic.com/fp/ed20a87644a57fa1d194dcf3c81958db-p_c.jpg,2026-06-29 12:29,For Sale
26872005,7108 Hunters Ridge Dr,75248,Dallas,TX,32.955997,-96.78641,899000,263.0,-26000.0,,,4.0,4.0,3415.0,1972.0,0.306,singleFamily,79,699380.0,2025,https://www.zillow.com,https://photos.zillowstatic.com/fp/b271d6e40159e00754148e1414749a1e-p_c.jpg,2026-06-29 12:29,For Sale
26871994,7240 Hunters Ridge Dr,75248,Dallas,TX,32.955982,-96.78267,955000,363.0,,920800.0,5003.0,5.0,3.0,2633.0,1972.0,0.287,singleFamily,6,792470.0,2025,https://www.zillow.com,https://photos.zillowstatic.com/fp/6bfb627a677820ca87cef0b2ee143b16-p_c.jpg,2026-06-29 12:29,For Sale
26746587,1049 Forestgrove Dr,75218,Dallas,TX,32.846146,-96.695045,774900,298.0,,,3226.0,3.0,3.0,2600.0,1969.0,0.36845730027548207,singleFamily,42,700090.0,2025,https://www.zillow.com,https://photos.zillowstatic.com/fp/9c64937dcdad14145c64c2d6e0fb72ee-p_c.jpg,2026-06-29 12:29,For Sale
26710030,214 S Montclair Ave,75208,Dallas,TX,32.7436,-96.846245,699000,329.0,-39000.0,675500.0,2731.0,4.0,3.0,2127.0,1927.0,7318.08,singleFamily,88,631320.0,2025,https://www.zillow.com,https://photos.zillowstatic.com/fp/c4a897b9c49c1db5b46e98adea23d082-p_c.jpg,2026-06-29 12:29,For Sale
26768168,1603 Bonnie View Rd,75203,Dallas,TX,32.7288,-96.79231,330000,171.0,,,,4.0,3.0,1930.0,1970.0,0.261,singleFamily,79,270030.0,2025,https://www.zillow.com,https://photos.zillowstatic.com/fp/83d46985b6ed79054ddfcc62c1ac51ab-p_c.jpg,2026-06-29 12:29,For Sale
26824769,4941 Rockport Dr,75232,Dallas,TX,32.684082,-96.82927,285000,166.0,-10000.0,280300.0,2202.0,3.0,2.0,1717.0,1954.0,8712.0,singleFamily,18,229000.0,2025,https://www.zillow.com,https://photos.zillowstatic.com/fp/8e3e9e11b349c38b5750610cfe45ae98-p_c.jpg,2026-06-29 12:29,For Sale
26757798,5959 Colhurst St,75230,Dallas,TX,32.881477,-96.804436,4995000,578.0,-500000.0,4666800.0,7928.0,6.0,9.0,8638.0,2017.0,0.75,singleFamily,58,4201070.0,2025,https://www.zillow.com,https://photos.zillowstatic.com/fp/25a7c6ce149857268516eb24bf8f67ba-p_c.jpg,2026-06-29 12:29,For Sale
26848268,6160 Spring Valley Rd,75254,Dallas,TX,32.938374,-96.8008,1750000,349.0,,1627900.0,6727.0,5.0,5.0,5014.0,1963.0,0.47000000000000003,singleFamily,3,840350.0,2025,https://www.zillow.com,https://photos.zillowstatic.com/fp/b223c5b8678a76ae2c0801bd67b6632a-p_c.jpg,2026-06-29 12:29,For Sale
26821198,2447 E Pentagon Pkwy,75241,Dallas,TX,32.68448,-96.77835,110000,114.0,,,1507.0,3.0,1.0,966.0,1959.0,6664.68,singleFamily,12,136430.0,2025,https://www.zillow.com,https://photos.zillowstatic.com/fp/7d62a682c0539efaed5f6a831bdb4def-p_c.jpg,2026-06-29 12:29,For Sale
26834690,3351 Canada Dr,75212,Dallas,TX,32.7931,-96.875786,499900,198.0,,491100.0,3744.0,4.0,4.0,2525.0,2021.0,0.283,singleFamily,62,486210.0,2025,https://www.zillow.com,https://photos.zillowstatic.com/fp/435d0f3f08f46c26d697f549f49ad940-p_c.jpg,2026-06-29 12:29,For Sale
26907553,10375 Brockton Dr,75217,Dallas,TX,32.745564,-96.64508,190000,140.0,,185000.0,1551.0,3.0,2.0,1362.0,1983.0,2700.72,singleFamily,5,219030.0,2025,https://www.zillow.com,https://photos.zillowstatic.com/fp/7a95a0fa1061cda357c5adbb793037ce-p_c.jpg,2026-06-29 12:29,For Sale
27338316,2909 Gainesborough Dr,75287,Dallas,TX,33.00586,-96.857796,435000,164.0,-15000.0,429600.0,3823.0,4.0,3.0,2656.0,1984.0,0.256,singleFamily,175,620692.0,2025,https://www.zillow.com,https://photos.zillowstatic.com/fp/d491678f8b4c9b289bce14b63b922acc-p_c.jpg,2026-06-29 12:29,For Sale
26860529,10609 Seagoville Rd,75217,Dallas,TX,32.705402,-96.64214,319000,193.0,-20000.0,,,2.0,2.0,1650.0,1965.0,0.43,singleFamily,79,239800.0,2025,https://www.zillow.com,https://photos.zillowstatic.com/fp/67f5e4640ef8e6d9bd6e5e8dfba52340-p_c.jpg,2026-06-29 12:29,For Sale
26706093,6714 Williamson Rd,75214,Dallas,TX,32.8374,-96.74377,2495000,426.0,-200000.0,2396800.0,6718.0,4.0,5.0,5854.0,2014.0,0.307,singleFamily,145,2498260.0,2025,https://www.zillow.com,https://photos.zillowstatic.com/fp/fa4a836552724a46f3852952ac42e263-p_c.jpg,2026-06-29 12:29,For Sale
69667924,1732 Murdock Rd,75217,Dallas,TX,32.690865,-96.68256,235000,144.0,-20000.0,233900.0,2202.0,5.0,2.0,1632.0,2005.0,8276.4,singleFamily,132,241530.0,2025,https://www.zillow.com,https://photos.zillowstatic.com/fp/e9a7d0a7453849acd359a0da016e591d-p_c.jpg,2026-06-29 12:29,For Sale
26887852,2953 San Diego Dr,75228,Dallas,TX,32.854248,-96.662926,250000,146.0,-10000.0,245800.0,2066.0,3.0,2.0,1711.0,1981.0,6446.88,singleFamily,314,279350.0,2025,https://www.zillow.com,https://photos.zillowstatic.com/fp/7bd7c5345fecc3fd73073822baa11df2-p_c.jpg,2026-06-29 12:29,For Sale
26780468,3432 Mapleleaf Ln,75233,Dallas,TX,32.701115,-96.87738,309900,144.0,-10000.0,309200.0,2610.0,3.0,2.0,2154.0,1957.0,10018.8,singleFamily,124,341190.0,2025,https://www.zillow.com,https://photos.zillowstatic.com/fp/132a4bb3355ebcb137637fc657f194ae-p_c.jpg,2026-06-29 12:29,For Sale
26843588,8903 Liptonshire Dr,75238,Dallas,TX,32.869434,-96.70422,1785000,362.0,,,,5.0,7.0,4925.0,1955.0,8929.8,singleFamily,4,479430.0,2025,https://www.zillow.com,https://photos.zillowstatic.com/fp/3c2e6ee1650127fdb7ca15f7121c5de1-p_c.jpg,2026-06-29 12:29,For Sale
26807766,3256 Chapel Downs Dr,75229,Dallas,TX,32.884525,-96.86717,600000,248.0,,576900.0,4148.0,4.0,3.0,2419.0,1962.0,0.254,singleFamily,5,482370.0,2025,https://www.zillow.com,https://photos.zillowstatic.com/fp/f52f8c2e6965ce058aa4640cb8ad8d7f-p_c.jpg,2026-06-29 12:29,For Sale
67964641,1505 Elm St APT 1403,75201,Dallas,TX,32.78161,-96.79958,599900,347.0,,585600.0,3994.0,2.0,3.0,1730.0,1957.0,10001.376,condo,16,406550.0,2025,https://www.zillow.com,https://photos.zillowstatic.com/fp/cf958336d1d72dccdeb07cfafb3a8f6b-p_c.jpg,2026-06-29 12:29,For Sale
26912612,8602 Brittania Way,75243,Dallas,TX,32.897354,-96.72443,355000,179.0,-7000.0,348200.0,3001.0,3.0,3.0,1984.0,1992.0,3005.64,singleFamily,19,422540.0,2025,https://www.zillow.com,https://photos.zillowstatic.com/fp/0ce5be7e693166c3ba9506b8660d17cc-p_c.jpg,2026-06-29 12:29,For Sale
26794401,1718 Joan Dr,75217,Dallas,TX,32.74221,-96.69704,218000,153.0,-4200.0,,,3.0,2.0,1428.0,1957.0,7448.76,singleFamily,55,234160.0,2025,https://www.zillow.com,https://photos.zillowstatic.com/fp/582bcd163eb4ab1a71b69e785936b18c-p_c.jpg,2026-06-29 12:29,For Sale
26852833,9411 Pinewood Dr,75243,Dallas,TX,32.903988,-96.76062,520000,248.0,-5000.0,501700.0,2972.0,4.0,2.0,2096.0,1963.0,10280.16,singleFamily,181,428150.0,2025,https://www.zillow.com,https://photos.zillowstatic.com/fp/2396b2bc05ccb8011b5d757b69759199-p_c.jpg,2026-06-29 12:29,For Sale
26728147,106 N Briscoe Blvd,75211,Dallas,TX,32.745224,-96.865234,245000,216.0,-40000.0,,1944.0,2.0,1.0,1132.0,1937.0,6708.24,singleFamily,60,290600.0,2025,https://www.zillow.com,https://photos.zillowstatic.com/fp/b4bde122daca689346259971d6cf3018-p_c.jpg,2026-06-29 12:29,For Sale
26703455,6106 Revere Pl,75214,Dallas,TX,32.830547,-96.76113,1895000,459.0,,1842900.0,2641.0,5.0,5.0,4130.0,2026.0,5575.68,singleFamily,3,453210.0,2025,https://www.zillow.com,https://photos.zillowstatic.com/fp/e3df37330b6f5d713c9dce468e749013-p_c.jpg,2026-06-29 12:29,For Sale
26780095,2409 Whitewood Dr,75233,Dallas,TX,32.70295,-96.85757,595000,164.0,,,4305.0,5.0,4.0,3639.0,1965.0,9452.52,singleFamily,4,247700.0,2018,https://www.zillow.com,https://photos.zillowstatic.com/fp/207c34abff5d00cda9121f05184328df-p_c.jpg,2026-06-29 12:29,For Sale
26826263,1636 W Red Bird Ln,75232,Dallas,TX,32.671864,-96.84748,549900,185.0,-15100.0,542300.0,3507.0,4.0,4.0,2974.0,1959.0,0.34299999999999997,singleFamily,95,392080.0,2025,https://www.zillow.com,https://photos.zillowstatic.com/fp/9df0a69fe35a7e6f71b1c3a61f248c9e-p_c.jpg,2026-06-29 12:29,For Sale
26897830,3635 Bryan St,75204,Dallas,TX,32.795097,-96.78436,578000,342.0,-6000.0,558600.0,3232.0,2.0,2.0,1692.0,1984.0,2962.08,singleFamily,152,568000.0,2025,https://www.zillow.com,https://photos.zillowstatic.com/fp/d0e7e9f5a730e29a7d5e59215a79b694-p_c.jpg,2026-06-29 12:29,For Sale
26753319,6335 W Northwest Hwy APT 918,75225,Dallas,TX,32.865997,-96.79742,599000,282.0,,567200.0,4626.0,2.0,3.0,2126.0,1966.0,2.229,condo,26,488980.0,2025,https://www.zillow.com,https://photos.zillowstatic.com/fp/9bb2dbdf2411fb257f6edcffd7c27ded-p_c.jpg,2026-06-29 12:29,For Sale
333139714,419 W Colorado Blvd,75208,Dallas,TX,32.759697,-96.82812,2499000,513.0,-56000.0,2407900.0,7975.0,4.0,6.0,4871.0,2025.0,7971.48,singleFamily,81,1411780.0,2025,https://www.zillow.com,https://photos.zillowstatic.com/fp/9b3de37d8c277688aa042d2ee06468a3-p_c.jpg,2026-06-29 12:29,For Sale
26912838,9535 Viewside Dr,75231,Dallas,TX,32.89153,-96.73706,775000,295.0,-14000.0,754500.0,5174.0,4.0,3.0,2627.0,1980.0,10759.32,singleFamily,52,719000.0,2025,https://www.zillow.com,https://photos.zillowstatic.com/fp/07fc3ab735ecacebe34610f141b61624-p_c.jpg,2026-06-29 12:29,For Sale
26913157,17168 Club Hill Dr,75248,Dallas,TX,32.982437,-96.81453,4500000,602.0,,4091400.0,7702.0,4.0,5.0,7480.0,1984.0,0.723,singleFamily,73,2633860.0,2025,https://www.zillow.com,https://photos.zillowstatic.com/fp/1fedf277429d1018bd5d256cdc00237e-p_c.jpg,2026-06-29 12:29,For Sale
26693981,6118 Belmont Ave,75214,Dallas,TX,32.816956,-96.76082,1499900,390.0,-49100.0,1450400.0,7631.0,4.0,4.0,3848.0,2018.0,7492.32,singleFamily,24,1530620.0,2025,https://www.zillow.com,https://photos.zillowstatic.com/fp/3b55f419d649274a2d91d161dca1935d-p_c.jpg,2026-06-29 12:29,For Sale
26893584,7320 Brentfield Dr,75248,Dallas,TX,32.974648,-96.7807,800000,331.0,,771200.0,4153.0,4.0,3.0,2417.0,1977.0,9408.96,singleFamily,31,617010.0,2025,https://www.zillow.com,https://photos.zillowstatic.com/fp/faab5b9b63783133dd5f43feb6ed6b7e-p_c.jpg,2026-06-29 12:29,For Sale
69676421,3110 Thomas Ave APT 338,75204,Dallas,TX,32.798294,-96.79458,449000,461.0,,,,1.0,2.0,973.0,1998.0,1.174,condo,12,428120.0,2025,https://www.zillow.com,https://photos.zillowstatic.com/fp/4e7282ac2372da8daaf1a4b4ad758186-p_c.jpg,2026-06-29 12:29,For Sale
26703103,6228 Winton St,75214,Dallas,TX,32.83526,-96.757034,404900,331.0,-6600.0,397300.0,1743.0,2.0,2.0,1223.0,1984.0,2835.0,singleFamily,90,315000.0,2025,https://www.zillow.com,https://photos.zillowstatic.com/fp/c00636e008b37a376bb16585c50b94be-p_c.jpg,2026-06-29 12:29,For Sale
26725959,1155 Timplemore Dr,75218,Dallas,TX,32.82638,-96.71349,1200000,371.0,-75000.0,,,4.0,3.0,3238.0,1961.0,0.29500000000000004,singleFamily,44,945990.0,2025,https://www.zillow.com,https://photos.zillowstatic.com/fp/6ab0fea978c173308df0611910c325ea-p_c.jpg,2026-06-29 12:29,For Sale
26750924,6935 Kingsbury Dr,75231,Dallas,TX,32.861603,-96.743416,625000,342.0,-10000.0,615900.0,3336.0,3.0,2.0,1828.0,1960.0,8755.56,singleFamily,59,663940.0,2025,https://www.zillow.com,https://photos.zillowstatic.com/fp/8a41651ff866ce216bbbc690511d4fe0-p_c.jpg,2026-06-29 12:29,For Sale
26700943,7327 Casa Loma Ave,75214,Dallas,TX,32.81022,-96.73147,1899000,404.0,-98000.0,,,4.0,6.0,4706.0,2025.0,7230.96,singleFamily,54,462190.0,2025,https://www.zillow.com,https://photos.zillowstatic.com/fp/242517a491f7b28314b8e6fd1152f369-p_c.jpg,2026-06-29 12:29,For Sale
26712952,630 N Edgefield Ave,75208,Dallas,TX,32.750618,-96.84368,775000,343.0,-14000.0,748600.0,3702.0,3.0,3.0,2257.0,1920.0,7731.9,singleFamily,16,709430.0,2025,https://www.zillow.com,https://photos.zillowstatic.com/fp/e2ea49565490f49327c6ccf631930091-p_c.jpg,2026-06-29 12:29,For Sale
26725581,2511 Burlington Blvd,75211,Dallas,TX,32.737427,-96.859604,345000,310.0,,339500.0,2190.0,2.0,1.0,1112.0,1925.0,7492.32,singleFamily,27,341070.0,2025,https://www.zillow.com,https://photos.zillowstatic.com/fp/fc3188e54b18fad466d59971deff8ef8-p_c.jpg,2026-06-29 12:29,For Sale
95054495,2839 Saint David Dr,75233,Dallas,TX,32.712208,-96.86796,324900,177.0,,322300.0,2624.0,5.0,2.0,1839.0,2015.0,5183.64,singleFamily,17,341810.0,2025,https://www.zillow.com,https://photos.zillowstatic.com/fp/abfe4617f61ab074b59cbda48d6157e2-p_c.jpg,2026-06-29 12:29,For Sale
26714956,1831 Alabama Ave,75216,Dallas,TX,32.725246,-96.81956,360000,264.0,-39999.0,355200.0,2354.0,4.0,4.0,1364.0,1931.0,7535.88,singleFamily,73,402770.0,2025,https://www.zillow.com,https://photos.zillowstatic.com/fp/dc8cab5ce9a74866b5123f32c12f1ca5-p_c.jpg,2026-06-29 12:29,For Sale
26903228,9 Hallshire Ct,75225,Dallas,TX,32.879124,-96.77414,1900000,389.0,505000.0,1792400.0,7632.0,4.0,5.0,4889.0,1985.0,6577.56,singleFamily,16,1746740.0,2025,https://www.zillow.com,https://photos.zillowstatic.com/fp/42343685ca53c7ab1c7319ff63aedeff-p_c.jpg,2026-06-29 12:29,For Sale
26880975,4310 Forest Bend Rd,75244,Dallas,TX,32.923344,-96.83516,639999,243.0,,622600.0,3903.0,3.0,3.0,2632.0,1967.0,6011.28,townhome,3,676420.0,2025,https://www.zillow.com,https://photos.zillowstatic.com/fp/7d7a0a25183476ad2d62c615d636bbea-p_c.jpg,2026-06-29 12:29,For Sale
26690226,6047 Vickery Blvd,75206,Dallas,TX,32.82314,-96.76171,699000,387.0,,675100.0,3600.0,2.0,2.0,1808.0,1932.0,7013.16,singleFamily,53,585660.0,2025,https://www.zillow.com,https://photos.zillowstatic.com/fp/f0e251c3a7deb0eecdacfee6508f55c2-p_c.jpg,2026-06-29 12:29,For Sale
2070165159,6808 Wofford Ave,75227,Dallas,TX,32.768658,-96.702805,199000,192.0,-11000.0,197700.0,1577.0,3.0,2.0,1035.0,1948.0,6621.12,singleFamily,55,,,https://www.zillow.com,https://photos.zillowstatic.com/fp/6eb04fabecf2a679ffcb8e24d46b3a2c-p_c.jpg,2026-06-29 12:29,For Sale
26757072,4611 Bobbitt Dr,75229,Dallas,TX,32.897736,-96.82923,5499000,674.0,-250000.0,,,5.0,6.0,8158.0,2019.0,0.6629999999999999,singleFamily,58,4874330.0,2025,https://www.zillow.com,https://photos.zillowstatic.com/fp/775eb8748ba9f9cda31e0b5dda8948fd-p_c.jpg,2026-06-29 12:29,For Sale
26713763,834 S Polk St,75208,Dallas,TX,32.7372,-96.83966,327500,191.0,-17500.0,,2669.0,3.0,2.0,1716.0,1920.0,7230.96,singleFamily,5,440000.0,2025,https://www.zillow.com,https://photos.zillowstatic.com/fp/87032ffdc88a538a9e2701734454db3d-p_c.jpg,2026-06-29 12:29,For Sale
96520342,1511 Morrell Ave,75203,Dallas,TX,32.73941,-96.79961,564999,211.0,,561100.0,3139.0,4.0,4.0,2683.0,2026.0,7753.68,singleFamily,10,90000.0,2025,https://www.zillow.com,https://photos.zillowstatic.com/fp/acfa459c92de1844a45447db69d2460b-p_c.jpg,2026-06-29 12:29,For Sale
26709375,812 Centre St,75208,Dallas,TX,32.74204,-96.83644,425000,193.0,-20000.0,415800.0,3309.0,4.0,3.0,2200.0,1925.0,7056.72,singleFamily,75,338660.0,2025,https://www.zillow.com,https://photos.zillowstatic.com/fp/bbcefbfb0e76f101689f72e90ed39197-p_c.jpg,2026-06-29 12:29,For Sale
26741045,9028 Santa Clara Dr,75218,Dallas,TX,32.824165,-96.70469,1100000,411.0,-100000.0,,,4.0,3.0,2675.0,2025.0,8276.4,singleFamily,30,481040.0,2025,https://www.zillow.com,https://photos.zillowstatic.com/fp/8f311c9f2409c652dab6f9e52184c24a-p_c.jpg,2026-06-29 12:29,For Sale
26865492,10647 Chesterton Dr,75238,Dallas,TX,32.881405,-96.700714,599900,310.0,,588600.0,3073.0,4.0,2.0,1937.0,1960.0,9888.12,singleFamily,2,490010.0,2025,https://www.zillow.com,https://photos.zillowstatic.com/fp/e9e848f96517c41afb0380d6cb3565d6-p_c.jpg,2026-06-29 12:29,For Sale
439561980,2935 Lorena Jordan Rd,75212,Dallas,TX,32.78278,-96.86824,344900,177.0,-20000.0,341200.0,3084.0,4.0,3.0,1950.0,2024.0,3789.72,singleFamily,22,353950.0,2025,https://www.zillow.com,https://photos.zillowstatic.com/fp/014eab7cb34fca0d3615ffaa40f2383c-p_c.jpg,2026-06-29 12:29,For Sale
26753347,6335 W Northwest Hwy APT 1314,75225,Dallas,TX,32.865997,-96.79742,299900,169.0,,331700.0,2790.0,2.0,2.0,1770.0,1966.0,2.229,condo,2,451350.0,2025,https://www.zillow.com,https://photos.zillowstatic.com/fp/b5cad5763e5d4cd31d9daf6e168fe201-p_c.jpg,2026-06-29 12:29,For Sale
67964607,1505 Elm St APT 603,75201,Dallas,TX,32.781612,-96.79958,295000,144.0,-30000.0,283200.0,4804.0,3.0,3.0,2045.0,1957.0,10018.8,condo,142,377510.0,2025,https://www.zillow.com,https://photos.zillowstatic.com/fp/59e46325020b879337016f1c3d9cebc3-p_c.jpg,2026-06-29 12:29,For Sale
26700799,7003 Lindsley Ave,75223,Dallas,TX,32.807133,-96.73961,875000,449.0,,837700.0,3734.0,3.0,3.0,1950.0,1938.0,9278.28,singleFamily,50,704610.0,2025,https://www.zillow.com,https://photos.zillowstatic.com/fp/00ec59be75ede8c20a7ba3faaa80c42b-p_c.jpg,2026-06-29 12:29,For Sale
26855532,8105 Silverdale Dr,75232,Dallas,TX,32.6491,-96.83514,230000,185.0,,226700.0,1937.0,3.0,2.0,1240.0,1967.0,7797.24,singleFamily,36,204260.0,2025,https://www.zillow.com,https://photos.zillowstatic.com/fp/112ebd8ce16a0e33ed93d743aac60f6a-p_c.jpg,2026-06-29 12:29,For Sale
26815365,721 Clearwood Dr,75232,Dallas,TX,32.661026,-96.8327,230000,187.0,,226500.0,1929.0,4.0,2.0,1228.0,1956.0,7535.88,singleFamily,2,218330.0,2025,https://www.zillow.com,https://photos.zillowstatic.com/fp/fdf7d5ce649b1d2fe504cea4df5b4741-p_c.jpg,2026-06-29 12:29,For Sale
26715739,2015 S Ewing Ave,75216,Dallas,TX,32.723373,-96.81118,505000,189.0,,495800.0,3337.0,5.0,3.0,2676.0,2022.0,7448.76,singleFamily,13,462000.0,2025,https://www.zillow.com,https://photos.zillowstatic.com/fp/0855e8f98d00b32af248800da1ba71dd-p_c.jpg,2026-06-29 12:29,For Sale
26897859,3323 San Jacinto St,75204,Dallas,TX,32.795166,-96.78833,375000,320.0,-24900.0,367000.0,2453.0,2.0,2.0,1171.0,1984.0,2221.56,singleFamily,136,403690.0,2025,https://www.zillow.com,https://photos.zillowstatic.com/fp/9900a8bd39a6695218df4248b27f1f27-p_c.jpg,2026-06-29 12:29,For Sale
26825014,605 Meadow Heath Cir,75232,Dallas,TX,32.68081,-96.83379,385000,182.0,-15000.0,381000.0,2425.0,3.0,2.0,2114.0,1967.0,0.304,singleFamily,136,389650.0,2025,https://www.zillow.com,https://photos.zillowstatic.com/fp/c08b8bcfd26248b3a962856d927a456d-p_c.jpg,2026-06-29 12:29,For Sale
26908494,10316 Ridge Oak St,75227,Dallas,TX,32.754658,-96.645386,179500,157.0,-400.0,176000.0,1764.0,2.0,2.0,1143.0,1985.0,4225.32,singleFamily,32,183090.0,2025,https://www.zillow.com,https://photos.zillowstatic.com/fp/08ac9a9cb15c30dec60f1923d39d20ce-p_c.jpg,2026-06-29 12:29,For Sale
26692710,3622 Cragmont Ave,75205,Dallas,TX,32.821747,-96.79561,3995000,965.0,,,,3.0,4.0,4139.0,2006.0,9278.28,singleFamily,48,3261940.0,2025,https://www.zillow.com,https://photos.zillowstatic.com/fp/d637d2b35a2769c3d8d7d73335f5f2b4-p_c.jpg,2026-06-29 12:29,For Sale
26752565,7 Royal Terrace Ct,75225,Dallas,TX,32.878517,-96.77836,1485000,331.0,-50000.0,1434400.0,7708.0,4.0,5.0,4482.0,1983.0,6316.2,singleFamily,85,1519560.0,2025,https://www.zillow.com,https://photos.zillowstatic.com/fp/6a4affb9f843c7e3714abd5a455f06c0-p_c.jpg,2026-06-29 12:29,For Sale
26837455,11116 Westmere Cir,75230,Dallas,TX,32.899246,-96.79108,3250000,901.0,-300000.0,2993800.0,7927.0,3.0,4.0,3608.0,1958.0,0.6985,singleFamily,47,2351940.0,2025,https://www.zillow.com,https://photos.zillowstatic.com/fp/89e0efb183668a41a19cfadfdc8b2d20-p_c.jpg,2026-06-29 12:29,For Sale
26784834,4303 Blackheath Rd,75227,Dallas,TX,32.788654,-96.69583,450000,185.0,,447900.0,2844.0,4.0,3.0,2428.0,1972.0,10193.04,singleFamily,16,362810.0,2025,https://www.zillow.com,https://photos.zillowstatic.com/fp/0474949dc537abf6b44497dd73f61bea-p_c.jpg,2026-06-29 12:29,For Sale
26688881,4229 Spring Ave,75210,Dallas,TX,32.772366,-96.74538,139900,137.0,,,,3.0,2.0,1024.0,2020.0,5401.44,singleFamily,11,211400.0,2025,https://www.zillow.com,https://photos.zillowstatic.com/fp/dc92fa1bfef8589b5f793a4aceea20c7-p_c.jpg,2026-06-29 12:29,For Sale
26677885,3288 Lakenheath Pl,75204,Dallas,TX,32.793873,-96.786995,774900,315.0,-24100.0,744000.0,4484.0,2.0,3.0,2460.0,1980.0,2526.48,singleFamily,81,638980.0,2025,https://www.zillow.com,https://photos.zillowstatic.com/fp/644bdf2a566d3abc72d05eb75f5e3e0c-p_c.jpg,2026-06-29 12:29,For Sale
26736426,9422 Lenel Pl,75220,Dallas,TX,32.864574,-96.848595,689000,371.0,-10000.0,,,3.0,3.0,1855.0,1949.0,9016.92,singleFamily,107,418520.0,2025,https://www.zillow.com,https://photos.zillowstatic.com/fp/92a2184febba1df78309579141a7d16a-p_c.jpg,2026-06-29 12:29,For Sale
26750173,6723 Santa Anita Dr,75214,Dallas,TX,32.849342,-96.74358,499000,392.0,-16000.0,486600.0,3023.0,3.0,2.0,1272.0,1954.0,7405.2,singleFamily,37,514190.0,2025,https://www.zillow.com,https://photos.zillowstatic.com/fp/5c077644ceb6450758b5f17179a67a10-p_c.jpg,2026-06-29 12:29,For Sale
26709738,310 N Montclair Ave,75208,Dallas,TX,32.747723,-96.84621,725000,410.0,-10000.0,701500.0,2665.0,3.0,2.0,1770.0,1925.0,7274.52,singleFamily,95,632440.0,2025,https://www.zillow.com,https://photos.zillowstatic.com/fp/9d2f11b9e7e8e2e03a0797d4a035fde9-p_c.jpg,2026-06-29 12:29,For Sale
65346465,6101 Baymar Ln,75252,Dallas,TX,32.991,-96.79989,1399999,465.0,-100000.0,1360000.0,4716.0,4.0,5.0,3013.0,2026.0,0.36,singleFamily,94,61875.0,2025,https://www.zillow.com,https://photos.zillowstatic.com/fp/e980f7bf9e68af84038ee64bbcf6d0c8-p_c.jpg,2026-06-29 12:29,For Sale
26713724,813 Brooks Ave,75208,Dallas,TX,32.736347,-96.8368,395000,213.0,-20000.0,,,3.0,2.0,1858.0,1922.0,6795.36,singleFamily,39,294570.0,2025,https://www.zillow.com,https://photos.zillowstatic.com/fp/6882fd24b1bcad257fa3e32b87dfc23b-p_c.jpg,2026-06-29 12:29,For Sale
27325216,19025 Platte River Way,75287,Dallas,TX,33.010918,-96.86281,385000,224.0,,375200.0,2754.0,3.0,2.0,1715.0,1983.0,10454.4,singleFamily,10,340739.0,2025,https://www.zillow.com,https://photos.zillowstatic.com/fp/b86b96590f22376c4771103c55a1f263-p_c.jpg,2026-06-29 12:29,For Sale
26805596,3785 Crown Shore Dr,75244,Dallas,TX,32.913235,-96.85218,735000,250.0,-15000.0,,,4.0,2.0,2945.0,1964.0,9844.56,singleFamily,53,625000.0,2025,https://www.zillow.com,https://photos.zillowstatic.com/fp/69c472fc3125ee7f3415ebc96d167b30-p_c.jpg,2026-06-29 12:29,For Sale
26704177,5460 Anita St,75206,Dallas,TX,32.83437,-96.77461,879000,300.0,-20000.0,,,5.0,5.0,2928.0,1956.0,8755.56,multiFamily,52,668380.0,2025,https://www.zillow.com,https://photos.zillowstatic.com/fp/1d509c0b5ea187b94353a4dffeca4787-p_c.jpg,2026-06-29 12:29,For Sale
26736527,3742 Almazan Dr,75220,Dallas,TX,32.864227,-96.85422,1249900,266.0,-10000.0,,,4.0,5.0,4702.0,2026.0,7971.48,singleFamily,86,1431000.0,2025,https://www.zillow.com,https://photos.zillowstatic.com/fp/0ebb048a463a860d1334a35137bc8629-p_c.jpg,2026-06-29 12:29,For Sale
441552552,1151 Riverwood Rd,75217,Dallas,TX,32.69713,-96.69045,379000,217.0,,377400.0,2494.0,3.0,3.0,1750.0,2026.0,0.321,singleFamily,19,,,https://www.zillow.com,https://photos.zillowstatic.com/fp/9edb8b73a270f4baf1759055373c7a5e-p_c.jpg,2026-06-29 12:29,For Sale
26770903,3040 June Dr,75211,Dallas,TX,32.72246,-96.87072,250000,177.0,,,,4.0,2.0,1410.0,1951.0,9016.92,singleFamily,33,263840.0,2025,https://www.zillow.com,https://photos.zillowstatic.com/fp/2b58681da5c7d1b2161d243a6344370b-p_c.jpg,2026-06-29 12:29,For Sale
162239624,7126 Edgerton Dr,75231,Dallas,TX,32.8549,-96.73759,649000,253.0,-1000.0,645800.0,3940.0,4.0,4.0,2570.0,1955.0,0.313,singleFamily,355,691950.0,2025,https://www.zillow.com,https://photos.zillowstatic.com/fp/157e01a5ba532894c3f548020339249e-p_c.jpg,2026-06-29 12:29,For Sale
67965022,10109 Regal Park Ln APT 117,75230,Dallas,TX,32.88492,-96.773415,235000,181.0,,231700.0,2285.0,2.0,3.0,1300.0,1964.0,1.822,condo,9,284290.0,2025,https://www.zillow.com,https://photos.zillowstatic.com/fp/3637b160a82fb191d3907268ca4a7206-p_c.jpg,2026-06-29 12:29,For Sale
67961290,2323 Clark St,75204,Dallas,TX,32.79773,-96.79689,739000,424.0,-10000.0,718500.0,3628.0,2.0,3.0,1744.0,2004.0,1001.88,townhome,38,666430.0,2025,https://www.zillow.com,https://photos.zillowstatic.com/fp/7b4ae2d5c579d0e4e62d3bd36f235c28-p_c.jpg,2026-06-29 12:29,For Sale
96525018,6655 Mountain Trl,75236,Dallas,TX,32.666077,-96.95924,3015000,217.0,,2846700.0,2510.0,27.0,3.0,13923.0,2025.0,0.517,multiFamily,61,40000.0,2025,https://www.zillow.com,https://photos.zillowstatic.com/fp/f410fe50c397e02c679d641a0463f47f-p_c.jpg,2026-06-29 12:29,For Sale
53389999,12010 Lueders Ln,75230,Dallas,TX,32.913162,-96.778625,1450000,405.0,,1381500.0,6661.0,4.0,4.0,3579.0,2000.0,3615.48,singleFamily,38,1564960.0,2025,https://www.zillow.com,https://photos.zillowstatic.com/fp/38b02ade7801823a9b014dd71436ed44-p_c.jpg,2026-06-29 12:29,For Sale
67961672,3124 Carmel St,75204,Dallas,TX,32.79164,-96.78627,499000,256.0,-21000.0,,,2.0,3.0,1947.0,2004.0,1306.8,townhome,79,503640.0,2025,https://www.zillow.com,https://photos.zillowstatic.com/fp/428f9027501cd4cfeb67d92824bc193b-p_c.jpg,2026-06-29 12:29,For Sale
26901772,5750 Phoenix Dr APT 22,75231,Dallas,TX,32.875942,-96.75966,70000,116.0,-5000.0,,1131.0,1.0,1.0,605.0,1981.0,2.007,condo,70,108410.0,2025,https://www.zillow.com,https://photos.zillowstatic.com/fp/d321aa8a2638568bb432513c8dcdf8ae-p_c.jpg,2026-06-29 12:29,For Sale
2070176263,8005 Rothington Rd APT 17,75227,Dallas,TX,32.78363,-96.68543,649000,131.0,,633100.0,1671.0,8.0,12.0,4960.0,1983.0,10149.48,multiFamily,52,,,https://www.zillow.com,https://photos.zillowstatic.com/fp/a15c5d948c8ce4e1a8b4cb6fc8e1fd59-p_c.jpg,2026-06-29 12:29,For Sale
336886378,8249 Abellia Ct,75252,Dallas,TX,32.984295,-96.75981,815000,302.0,-5000.0,802600.0,4223.0,4.0,4.0,2703.0,2023.0,5985.144,singleFamily,33,699560.0,2025,https://www.zillow.com,https://photos.zillowstatic.com/fp/7ffd62c1dce69d7049a2e817f77032fd-p_c.jpg,2026-06-29 12:29,For Sale
26747114,936 N Buckner Blvd,75218,Dallas,TX,32.84233,-96.70816,480000,338.0,-17000.0,,,2.0,2.0,1422.0,1950.0,10410.84,singleFamily,94,433820.0,2025,https://www.zillow.com,https://photos.zillowstatic.com/fp/ac5aa11042f68ae9dde2f88a624cb084-p_c.jpg,2026-06-29 12:29,For Sale
26754794,6815 Park Ln,75225,Dallas,TX,32.873745,-96.78783,2245000,475.0,,2122200.0,7940.0,5.0,7.0,4724.0,2007.0,9844.56,singleFamily,40,2265490.0,2025,https://www.zillow.com,https://photos.zillowstatic.com/fp/2704b71467b011306697dcbb3a90c91b-p_c.jpg,2026-06-29 12:29,For Sale
2060201508,8117 Radnor Rd,75231,Dallas,TX,32.891335,-96.76431,589900,353.0,,575300.0,3340.0,3.0,3.0,1670.0,2023.0,1655.28,singleFamily,2,536570.0,2025,https://www.zillow.com,https://photos.zillowstatic.com/fp/836907f9ddb3b4a8d0490582f0b41709-p_c.jpg,2026-06-29 12:29,For Sale
26693447,4347 Avondale Ave,75219,Dallas,TX,32.817657,-96.8005,3750000,1204.0,,3498700.0,7598.0,2.0,3.0,3114.0,2014.0,8058.6,singleFamily,11,1682470.0,2025,https://www.zillow.com,https://photos.zillowstatic.com/fp/c6063651314f68fc231dd336afe3968d-p_c.jpg,2026-06-29 12:29,For Sale
26756533,6449 Royalton Dr,75230,Dallas,TX,32.897522,-96.79476,1950000,304.0,-50000.0,,,6.0,7.0,6411.0,2020.0,0.367,singleFamily,80,3669250.0,2025,https://www.zillow.com,https://photos.zillowstatic.com/fp/f8792c7f00bd252ff3a8803b172d354b-p_c.jpg,2026-06-29 12:29,For Sale
26731366,7219 Kaywood Dr,75209,Dallas,TX,32.845676,-96.82639,2175000,509.0,-24000.0,2121900.0,2773.0,5.0,6.0,4275.0,2026.0,8145.72,singleFamily,58,478690.0,2025,https://www.zillow.com,https://photos.zillowstatic.com/fp/fed489dd16c4d42ef36019f64c7041a8-p_c.jpg,2026-06-29 12:29,For Sale
26754803,6730 Park Ln,75225,Dallas,TX,32.87319,-96.78844,3895000,654.0,-95000.0,3695200.0,7900.0,5.0,6.0,5957.0,2022.0,10149.48,singleFamily,43,3013410.0,2025,https://www.zillow.com,https://photos.zillowstatic.com/fp/9426aa290780995e00064a826f8f6a65-p_c.jpg,2026-06-29 12:29,For Sale
26808146,10548 Marquis Ln,75229,Dallas,TX,32.89157,-96.86459,1185000,459.0,-44000.0,,,4.0,4.0,2579.0,1958.0,10367.28,singleFamily,121,880890.0,2025,https://www.zillow.com,https://photos.zillowstatic.com/fp/537e96291d7c0afd0664a8b518552814-p_c.jpg,2026-06-29 12:29,For Sale
26803466,12007 Quincy Ln,75230,Dallas,TX,32.912727,-96.81489,2940000,490.0,-59900.0,2840800.0,7732.0,5.0,8.0,5998.0,2025.0,0.37,singleFamily,108,1788170.0,2025,https://www.zillow.com,https://photos.zillowstatic.com/fp/f9a9e0ead227fe2b2a71ac147a46f520-p_c.jpg,2026-06-29 12:29,For Sale
26815370,745 Clearwood Dr,75232,Dallas,TX,32.661022,-96.83368,269999,133.0,-10000.0,269100.0,2589.0,6.0,2.0,2028.0,1956.0,7623.0,singleFamily,114,248940.0,2025,https://www.zillow.com,https://photos.zillowstatic.com/fp/1a25d427fd537ead48e8d7929982a541-p_c.jpg,2026-06-29 12:29,For Sale
26718779,2742 Burlington Blvd,75211,Dallas,TX,32.737198,-96.865395,424900,265.0,,409900.0,2456.0,3.0,2.0,1603.0,1926.0,6446.88,singleFamily,6,325000.0,2025,https://www.zillow.com,https://photos.zillowstatic.com/fp/e0368b82b0a92f488d73250784a6b638-p_c.jpg,2026-06-29 12:29,For Sale
26748359,5084 Matilda St APT 218,75206,Dallas,TX,32.8487,-96.76688,185000,178.0,,188100.0,1834.0,2.0,2.0,1038.0,1969.0,3.009,condo,3,221090.0,2025,https://www.zillow.com,https://photos.zillowstatic.com/fp/46885f90870c697d1f715f913b0c81a5-p_c.jpg,2026-06-29 12:29,For Sale
26695084,5947 Goodwin Ave,75206,Dallas,TX,32.824085,-96.76384,868999,420.0,-1000.0,842800.0,3851.0,3.0,3.0,2070.0,1938.0,6534.0,singleFamily,128,801570.0,2025,https://www.zillow.com,https://photos.zillowstatic.com/fp/7eba40c1d347edc9fab3741bc34e1e0d-p_c.jpg,2026-06-29 12:29,For Sale
96490154,4503 Jamaica St,75210,Dallas,TX,32.777107,-96.74534,329999,206.0,,328700.0,2062.0,3.0,2.0,1600.0,2026.0,4617.36,singleFamily,10,39380.0,2025,https://www.zillow.com,https://photos.zillowstatic.com/fp/bf48ffbd4934345377b58dc349daccfc-p_c.jpg,2026-06-29 12:29,For Sale
26866852,9797 Broken Bow Rd,75238,Dallas,TX,32.87678,-96.7182,575000,300.0,-20000.0,,,3.0,3.0,1914.0,1965.0,10149.48,singleFamily,80,624610.0,2025,https://www.zillow.com,https://photos.zillowstatic.com/fp/4b247f6bb0ca6b032cbd9478470dc162-p_c.jpg,2026-06-29 12:29,For Sale
26759041,4243 Beechwood Ln,75220,Dallas,TX,32.875854,-96.83681,2749000,543.0,,2669300.0,7628.0,4.0,5.0,5063.0,1950.0,0.478,singleFamily,15,1975560.0,2025,https://www.zillow.com,https://photos.zillowstatic.com/fp/5b0c2b310bdd0eaf23264dc6ec48d854-p_c.jpg,2026-06-29 12:29,For Sale
26758368,4347 Bonham St,75229,Dallas,TX,32.88877,-96.83458,1495000,476.0,-30000.0,1442800.0,7933.0,3.0,5.0,3141.0,2020.0,6751.8,singleFamily,45,1160000.0,2025,https://www.zillow.com,https://photos.zillowstatic.com/fp/6805d86385829dfbe3dce60f52ac33a3-p_c.jpg,2026-06-29 12:29,For Sale
26807752,3132 Chapel Downs Dr,75229,Dallas,TX,32.884205,-96.87081,650000,268.0,-25000.0,641200.0,4128.0,4.0,3.0,2429.0,1962.0,10018.8,singleFamily,128,675000.0,2025,https://www.zillow.com,https://photos.zillowstatic.com/fp/e7063819688226fd0052749f899ea751-p_c.jpg,2026-06-29 12:29,For Sale
26877115,5806 Bent Trl,75248,Dallas,TX,32.973194,-96.81612,1549000,361.0,-50000.0,1472300.0,6451.0,4.0,5.0,4295.0,1981.0,0.354,singleFamily,124,1600000.0,2025,https://www.zillow.com,https://photos.zillowstatic.com/fp/d1e34bf8f9f6eda6ea8908e49a5f13f4-p_c.jpg,2026-06-29 12:29,For Sale
26707558,6910 Huff Trl,75214,Dallas,TX,32.836407,-96.73795,2135000,505.0,-5000.0,2015300.0,11405.0,4.0,5.0,4228.0,2012.0,7753.68,singleFamily,38,1728600.0,2025,https://www.zillow.com,https://photos.zillowstatic.com/fp/a2f7393400e4c24b0ae64b1ebafa0aa7-p_c.jpg,2026-06-29 12:29,For Sale
26789121,3938 Lively Ln,75220,Dallas,TX,32.873238,-96.84868,1450000,542.0,,1382200.0,6904.0,3.0,4.0,2674.0,2014.0,8886.24,singleFamily,86,1205160.0,2025,https://www.zillow.com,https://photos.zillowstatic.com/fp/39d281b402eea356766fca5113c99b96-p_c.jpg,2026-06-29 12:29,For Sale
26745532,2618 Centerville Rd,75228,Dallas,TX,32.842564,-96.6685,255000,195.0,,247100.0,1933.0,3.0,2.0,1308.0,1952.0,7274.52,singleFamily,30,209480.0,2025,https://www.zillow.com,https://photos.zillowstatic.com/fp/debc174351252ea6b814096e60c5834e-p_c.jpg,2026-06-29 12:29,For Sale
26868716,9531 Hilldale Dr,75231,Dallas,TX,32.88983,-96.737305,1369000,300.0,,1320100.0,7676.0,5.0,6.0,4558.0,1978.0,8812.188,singleFamily,17,1082000.0,2025,https://www.zillow.com,https://photos.zillowstatic.com/fp/9a01eab6d6f0238435cebc593d7f5486-p_c.jpg,2026-06-29 12:29,For Sale
53101469,18403 Gibbons Dr,75287,Dallas,TX,32.999294,-96.83331,825000,216.0,-24000.0,,,5.0,4.0,3828.0,1996.0,7405.2,singleFamily,107,716354.0,2025,https://www.zillow.com,https://photos.zillowstatic.com/fp/b018e597704cfd56d31165e744f0409d-p_c.jpg,2026-06-29 12:29,For Sale
26910873,5604 Encore Dr,75240,Dallas,TX,32.93669,-96.8042,669000,289.0,,654400.0,3858.0,3.0,2.0,2317.0,1991.0,8450.64,singleFamily,63,563310.0,2025,https://www.zillow.com,https://photos.zillowstatic.com/fp/27844a21d2294af22fc632696163d629-p_c.jpg,2026-06-29 12:29,For Sale
26773713,631 Cove Hollow Dr,75224,Dallas,TX,32.69571,-96.83353,194900,139.0,,188800.0,2301.0,3.0,2.0,1404.0,1965.0,8407.08,singleFamily,23,307390.0,2025,https://www.zillow.com,https://photos.zillowstatic.com/fp/a526527f18714fa3b9d27f898ec7f293-p_c.jpg,2026-06-29 12:29,For Sale
26888475,12401 Pleasant Valley Dr,75243,Dallas,TX,32.916386,-96.72347,470000,189.0,,454500.0,3328.0,4.0,3.0,2493.0,1978.0,0.299,singleFamily,29,452470.0,2025,https://www.zillow.com,https://photos.zillowstatic.com/fp/4edc268d7b265e42863adfa2f4a9cabc-p_c.jpg,2026-06-29 12:29,For Sale
26776850,1251 E Pentagon Pkwy,75216,Dallas,TX,32.684765,-96.80484,190000,132.0,-9900.0,,1960.0,3.0,2.0,1440.0,1955.0,7535.88,singleFamily,108,216680.0,2025,https://www.zillow.com,https://photos.zillowstatic.com/fp/d31c5124fba3c0f12c696c9cf29c6032-p_c.jpg,2026-06-29 12:29,For Sale
26760348,5711 Bryn Mawr Dr,75209,Dallas,TX,32.85644,-96.81465,2795000,728.0,-200000.0,,,4.0,4.0,3838.0,2010.0,8058.6,singleFamily,83,2035150.0,2025,https://www.zillow.com,https://photos.zillowstatic.com/fp/c4ba8eea60eb18bf217024a6d7ef13d6-p_c.jpg,2026-06-29 12:29,For Sale
26707212,7153 Cornelia Ln,75214,Dallas,TX,32.830696,-96.73574,2799000,554.0,-50000.0,2715100.0,5747.0,5.0,5.0,5055.0,2025.0,0.26,singleFamily,30,878030.0,2025,https://www.zillow.com,https://photos.zillowstatic.com/fp/b1ffb95db4bc32cdaf4687656d15de22-p_c.jpg,2026-06-29 12:29,For Sale
162196591,826 N Bishop Ave,75208,Dallas,TX,32.753212,-96.82749,950000,262.0,,936400.0,1863.0,4.0,4.0,3620.0,1925.0,7361.64,multiFamily,10,690000.0,2025,https://www.zillow.com,https://photos.zillowstatic.com/fp/30761b2875b1481cda5ac2b39d436cf8-p_c.jpg,2026-06-29 12:29,For Sale
26588578,4323 Quail Hollow Rd,75287,Dallas,TX,33.000412,-96.83471,799999,236.0,-25001.0,775800.0,5022.0,4.0,4.0,3388.0,1981.0,8712.0,singleFamily,45,790552.0,2025,https://www.zillow.com,https://photos.zillowstatic.com/fp/f3fb93a15bde3786abc8dc62212bf2a3-p_c.jpg,2026-06-29 12:29,For Sale
96526846,1507 Elk Creek Rd,75253,Dallas,TX,32.688972,-96.61076,549000,225.0,-20000.0,,,5.0,4.0,2445.0,2025.0,0.34500000000000003,singleFamily,97,80000.0,2025,https://www.zillow.com,https://photos.zillowstatic.com/fp/f5818fb2d26de9e733bd0d7e62956251-p_c.jpg,2026-06-29 12:29,For Sale
26689746,5914 Velasco Ave,75206,Dallas,TX,32.82066,-96.765144,1450000,379.0,,,,4.0,4.0,3830.0,2005.0,8189.28,singleFamily,10,1331580.0,2025,https://www.zillow.com,https://photos.zillowstatic.com/fp/59ef18805c4bf261a937a00c44960bf7-p_c.jpg,2026-06-29 12:29,For Sale
26727830,227 S Hampton Rd,75208,Dallas,TX,32.74342,-96.85719,280000,191.0,,270800.0,2419.0,3.0,2.0,1466.0,1939.0,6098.4,singleFamily,31,228840.0,2025,https://www.zillow.com,https://photos.zillowstatic.com/fp/ce2f442304cbf2046aba94dd37307a5f-p_c.jpg,2026-06-29 12:29,For Sale
249575192,17652 Pinyon Ln,75252,Dallas,TX,32.99137,-96.76441,809000,265.0,-10000.0,,,4.0,4.0,3049.0,2018.0,7187.4,singleFamily,129,761577.0,2025,https://www.zillow.com,https://photos.zillowstatic.com/fp/3300fae27a255a51577f7e93005ace46-p_c.jpg,2026-06-29 12:29,For Sale
248830905,5152 Brickellia Dr,75209,Dallas,TX,32.826817,-96.81777,640000,356.0,,,,3.0,4.0,1799.0,2019.0,1611.72,singleFamily,18,645000.0,2025,https://www.zillow.com,https://photos.zillowstatic.com/fp/66ef9bce7bcf215845ec20b7f826e9c0-p_c.jpg,2026-06-29 12:29,For Sale
26807504,3556 Royal Ln,75229,Dallas,TX,32.894787,-96.85995,525000,341.0,-5000.0,513100.0,3330.0,3.0,2.0,1541.0,1961.0,9931.68,singleFamily,80,433460.0,2025,https://www.zillow.com,https://photos.zillowstatic.com/fp/d50d7de3c0cf7cbb1854c9d6612a66be-p_c.jpg,2026-06-29 12:29,For Sale
26804373,11484 Strait Ln,75229,Dallas,TX,32.905155,-96.822296,3195000,593.0,,2985300.0,8457.0,5.0,5.0,5390.0,1958.0,0.468,singleFamily,44,2121710.0,2025,https://www.zillow.com,https://photos.zillowstatic.com/fp/f1c073403b7339eb05c2c67e9ee05cea-p_c.jpg,2026-06-29 12:29,For Sale
26821845,4111 Mehalia Dr,75241,Dallas,TX,32.67352,-96.75286,179900,119.0,-5000.0,,1826.0,2.0,2.0,1508.0,1962.0,7448.76,singleFamily,80,218720.0,2025,https://www.zillow.com,https://photos.zillowstatic.com/fp/fec9f7889b3217f9d6bc6ea6172373f3-p_c.jpg,2026-06-29 12:29,For Sale
26908358,10464 Woodleaf Dr,75227,Dallas,TX,32.755257,-96.64325,200000,174.0,,195300.0,1775.0,3.0,2.0,1147.0,1984.0,3920.4,singleFamily,22,205980.0,2025,https://www.zillow.com,https://photos.zillowstatic.com/fp/87a16cd6bd188f795ea11c64ab490de1-p_c.jpg,2026-06-29 12:29,For Sale
461289274,5103-5111 Live Oak St,75206,Dallas,TX,32.80523,-96.77022,7500000,200.0,,6553800.0,2179.0,60.0,44.0,37420.0,1957.0,1.29,multiFamily,95,,,https://www.zillow.com,https://photos.zillowstatic.com/fp/95784bbcf7fae9151c55edc3854703cc-p_c.jpg,2026-06-29 12:29,For Sale
26750703,7012 Wakefield St,75231,Dallas,TX,32.86094,-96.74037,719000,350.0,,699400.0,3657.0,3.0,3.0,2052.0,1964.0,9234.72,singleFamily,17,672170.0,2025,https://www.zillow.com,https://photos.zillowstatic.com/fp/a41d31859240c591b9cc0b9c38fe1910-p_c.jpg,2026-06-29 12:29,For Sale
26700924,7323 Coronado Ave,75214,Dallas,TX,32.809574,-96.73233,1250000,456.0,,1201400.0,5225.0,4.0,3.0,2743.0,2006.0,7361.64,singleFamily,18,1215480.0,2025,https://www.zillow.com,https://photos.zillowstatic.com/fp/d80ada1a3e8ebdf7eb924df43c136506-p_c.jpg,2026-06-29 12:29,For Sale
26870729,6517 Briarmeade Dr,75254,Dallas,TX,32.94968,-96.79172,998499,206.0,,,6639.0,5.0,5.0,4850.0,1971.0,0.41499081726354453,singleFamily,16,970000.0,2025,https://www.zillow.com,https://photos.zillowstatic.com/fp/2e75e2e23b63161fadce325d0d80ae0a-p_c.jpg,2026-06-29 12:29,For Sale
26858959,12124 Dixfield Dr,75218,Dallas,TX,32.861023,-96.69584,788900,361.0,-100.0,776100.0,3509.0,3.0,3.0,2183.0,1969.0,7927.92,singleFamily,86,575450.0,2025,https://www.zillow.com,https://photos.zillowstatic.com/fp/7d335927339ae4510d70f5ab134e8ba8-p_c.jpg,2026-06-29 12:29,For Sale
26775503,4343 Vanette Ln,75216,Dallas,TX,32.691605,-96.81521,279000,172.0,,278400.0,2203.0,4.0,3.0,1625.0,1959.0,8698.932,singleFamily,18,229840.0,2025,https://www.zillow.com,https://photos.zillowstatic.com/fp/d714754016c433bf712d358e0dd58d0f-p_c.jpg,2026-06-29 12:29,For Sale
26731440,7615 Morton St,75209,Dallas,TX,32.848873,-96.82399,2300000,501.0,,2234900.0,2178.0,5.0,7.0,4590.0,2026.0,7492.32,singleFamily,59,500000.0,2025,https://www.zillow.com,https://photos.zillowstatic.com/fp/ad25f3c3c3874b662fd0f11613b2cb2a-p_c.jpg,2026-06-29 12:29,For Sale
26834015,2043 Canada Dr,75212,Dallas,TX,32.79305,-96.855064,824900,229.0,-15100.0,810500.0,4938.0,4.0,4.0,3603.0,2020.0,8333.028,singleFamily,75,849810.0,2025,https://www.zillow.com,https://photos.zillowstatic.com/fp/8fee6827fb357b21c9a2305b46d72e87-p_c.jpg,2026-06-29 12:29,For Sale
26806052,3909 Courtshire Dr,75229,Dallas,TX,32.905468,-96.846725,1875000,478.0,,,,4.0,5.0,3921.0,1971.0,0.36519999999999997,singleFamily,30,1093530.0,2025,https://www.zillow.com,https://photos.zillowstatic.com/fp/b7110cc5d4eb1e01fe6751a93628fa6b-p_c.jpg,2026-06-29 12:29,For Sale
96509247,1942 McBroom St,75212,Dallas,TX,32.782383,-96.85211,519000,252.0,,509100.0,3360.0,4.0,3.0,2058.0,2020.0,5662.8,singleFamily,37,519400.0,2025,https://www.zillow.com,https://photos.zillowstatic.com/fp/81543ca93c19496949187d7589bb8092-p_c.jpg,2026-06-29 12:29,For Sale
455632134,5705 Live Oak St #B,75206,Dallas,TX,32.810696,-96.763626,490000,330.0,-10000.0,484800.0,3622.0,2.0,3.0,1483.0,2026.0,5749.92,singleFamily,37,,,https://www.zillow.com,https://photos.zillowstatic.com/fp/a66b74356a5b9e659d2c8f8682c22b35-p_c.jpg,2026-06-29 12:29,For Sale
26731049,6453 Bob O Link Dr,75214,Dallas,TX,32.831985,-96.75054,2749995,536.0,,2650000.0,5780.0,5.0,6.0,5132.0,2025.0,7535.88,singleFamily,9,953700.0,2025,https://www.zillow.com,https://photos.zillowstatic.com/fp/c45db860f79c56ad3700b05bb744e6a2-p_c.jpg,2026-06-29 12:29,For Sale
26822963,6039 Blunter St,75241,Dallas,TX,32.671265,-96.77633,185000,175.0,,181200.0,1793.0,3.0,2.0,1056.0,1999.0,0.28500000000000003,singleFamily,60,201090.0,2025,https://www.zillow.com,https://photos.zillowstatic.com/fp/5edde160196601091481555b601264c3-p_c.jpg,2026-06-29 12:29,For Sale
26755935,6039 Waggoner Dr,75230,Dallas,TX,32.887676,-96.80235,6295000,1018.0,,5644300.0,7605.0,3.0,5.0,6184.0,2000.0,0.459,singleFamily,139,2763000.0,2025,https://www.zillow.com,https://photos.zillowstatic.com/fp/a03051057336f1970613755f0326259b-p_c.jpg,2026-06-29 12:29,For Sale
26697721,4851 Cedar Springs Rd APT 182,75219,Dallas,TX,32.81927,-96.822525,150000,178.0,-15000.0,,1473.0,2.0,1.0,841.0,1970.0,6.609,condo,50,164780.0,2025,https://www.zillow.com,https://photos.zillowstatic.com/fp/a3ae9b56cbb0e030e2bfd401a02a2a92-p_c.jpg,2026-06-29 12:29,For Sale
26875739,6535 Southpoint Dr,75248,Dallas,TX,32.977917,-96.794624,779000,312.0,-20000.0,766900.0,3868.0,4.0,3.0,2499.0,1973.0,9278.28,singleFamily,131,648990.0,2025,https://www.zillow.com,https://photos.zillowstatic.com/fp/ee84b90104e0d36c89ca15544d6ffc23-p_c.jpg,2026-06-29 12:29,For Sale
26716278,1203 Forester Dr,75216,Dallas,TX,32.7348,-96.80665,339000,226.0,-1000.0,336700.0,2150.0,3.0,2.0,1500.0,2025.0,8494.2,singleFamily,113,90000.0,2025,https://www.zillow.com,https://photos.zillowstatic.com/fp/0fe996b555440b67099fa5e550573dbc-p_c.jpg,2026-06-29 12:29,For Sale
26753322,6335 W Northwest Hwy APT 1013,75225,Dallas,TX,32.865997,-96.79742,259000,146.0,,255400.0,3962.0,2.0,2.0,1770.0,1966.0,2.229,condo,9,407100.0,2025,https://www.zillow.com,https://photos.zillowstatic.com/fp/1c47c9e788d3780ccaedcaf468050f15-p_c.jpg,2026-06-29 12:29,For Sale
248829166,5160 Artemesia Ln,75209,Dallas,TX,32.826607,-96.818214,700000,362.0,-15000.0,688100.0,4810.0,3.0,4.0,1935.0,2018.0,1393.92,singleFamily,94,689950.0,2025,https://www.zillow.com,https://photos.zillowstatic.com/fp/c252f5371d0393e90750d2e50eadcb00-p_c.jpg,2026-06-29 12:29,For Sale
26752561,3 Royal Terrace Ct,75225,Dallas,TX,32.87795,-96.77805,899000,265.0,,,,3.0,3.0,3397.0,1979.0,5270.76,singleFamily,20,1245000.0,2025,https://www.zillow.com,https://photos.zillowstatic.com/fp/1acb6d0f2467ba03be68156d60d28f02-p_c.jpg,2026-06-29 12:29,For Sale
26717819,2610 Brandon St,75211,Dallas,TX,32.731777,-96.86195,149990,139.0,-12510.0,,1739.0,3.0,1.0,1080.0,1926.0,6838.92,singleFamily,31,200650.0,2025,https://www.zillow.com,https://photos.zillowstatic.com/fp/8a064a7e527c6430b4340c9a364d6b16-p_c.jpg,2026-06-29 12:29,For Sale
26711819,628 Woodlawn Ave,75208,Dallas,TX,32.75056,-96.83002,699000,448.0,,674500.0,2697.0,2.0,2.0,1559.0,1945.0,7274.52,singleFamily,48,565410.0,2025,https://www.zillow.com,https://photos.zillowstatic.com/fp/0450a1c8ed4b479132c7f17f2cb1061b-p_c.jpg,2026-06-29 12:29,For Sale
96500733,2871 E Overton Rd,75216,Dallas,TX,32.714794,-96.777824,339000,174.0,,334900.0,2649.0,3.0,2.0,1944.0,2023.0,6011.28,singleFamily,30,324430.0,2025,https://www.zillow.com,https://photos.zillowstatic.com/fp/89b66ca38a8d2c86aac61df5504e2c9d-p_c.jpg,2026-06-29 12:29,For Sale
96491191,8926 Groveland Dr,75218,Dallas,TX,32.819294,-96.70174,1290000,384.0,,1244900.0,5723.0,4.0,4.0,3358.0,2020.0,7927.92,singleFamily,39,1200000.0,2025,https://www.zillow.com,https://photos.zillowstatic.com/fp/792d7e8de03db681b642985d4ddbb458-p_c.jpg,2026-06-29 12:29,For Sale
26740938,8915 Diceman Dr,75218,Dallas,TX,32.822384,-96.70603,550000,357.0,-49000.0,533300.0,2923.0,3.0,2.0,1540.0,1939.0,7710.12,singleFamily,59,582450.0,2025,https://www.zillow.com,https://photos.zillowstatic.com/fp/e1d9d48c34d73841c66601a1b36647ba-p_c.jpg,2026-06-29 12:29,For Sale
26709110,612 W 8th St,75208,Dallas,TX,32.74785,-96.83278,629000,252.0,-20000.0,616800.0,4554.0,3.0,3.0,2492.0,2014.0,5793.48,singleFamily,44,750000.0,2025,https://www.zillow.com,https://photos.zillowstatic.com/fp/f16a6e0cb1e3723c2684377b22619a79-p_c.jpg,2026-06-29 12:29,For Sale
26706816,6403 Westlake Ave,75214,Dallas,TX,32.822224,-96.752655,1495000,412.0,-100000.0,1447700.0,6309.0,3.0,4.0,3632.0,2007.0,8494.2,singleFamily,74,1380000.0,2025,https://www.zillow.com,https://photos.zillowstatic.com/fp/eb78d750209335a90e12999aab441dc7-p_c.jpg,2026-06-29 12:29,For Sale
26757505,5722 Orchid Ln,75230,Dallas,TX,32.89209,-96.80667,1895000,541.0,,1838000.0,7506.0,4.0,4.0,3500.0,2022.0,5227.2,singleFamily,27,1598980.0,2025,https://www.zillow.com,https://photos.zillowstatic.com/fp/df37a3d36674d1ddc8882445b7c2d73f-p_c.jpg,2026-06-29 12:29,For Sale
26885145,5731 Mona Ln,75236,Dallas,TX,32.67677,-96.92184,549000,141.0,-25000.0,536300.0,5289.0,4.0,5.0,3905.0,1969.0,0.5760000000000001,singleFamily,127,426690.0,2025,https://www.zillow.com,https://photos.zillowstatic.com/fp/ded35aabce1b0e3b0dee5265c1f1c636-p_c.jpg,2026-06-29 12:29,For Sale
80236568,5111 Manett St APT 207,75206,Dallas,TX,32.8156,-96.782486,245000,337.0,-2000.0,237000.0,1708.0,1.0,1.0,728.0,2001.0,0.55,condo,9,250000.0,2025,https://www.zillow.com,https://photos.zillowstatic.com/fp/263fdd4a3eed3ec8ccb8cb2b7a708ead-p_c.jpg,2026-06-29 12:29,For Sale
26686949,3806 Crozier St,75215,Dallas,TX,32.758877,-96.764595,75000,131.0,,,1061.0,1.0,1.0,574.0,1926.0,3441.24,singleFamily,17,74140.0,2025,https://www.zillow.com,https://photos.zillowstatic.com/fp/5b7d6f3ad09046f4047a15dc128e108a-p_c.jpg,2026-06-29 12:29,For Sale
26684159,5615 Victor St,75214,Dallas,TX,32.803352,-96.757904,525000,230.0,,488500.0,1958.0,4.0,2.0,2278.0,1910.0,7840.8,multiFamily,96,399150.0,2025,https://www.zillow.com,https://photos.zillowstatic.com/fp/08f66d071521e2b70c301cdf7c014ffc-p_c.jpg,2026-06-29 12:29,For Sale
26898699,4205 Avondale Ave APT 103,75219,Dallas,TX,32.81771,-96.80409,129000,215.0,,122900.0,1576.0,1.0,1.0,601.0,1965.0,0.9298000000000001,condo,25,154600.0,2025,https://www.zillow.com,https://photos.zillowstatic.com/fp/0bf6e8875ca17a702572bfd918384e1c-p_c.jpg,2026-06-29 12:29,For Sale
26804351,4674 College Park Dr,75229,Dallas,TX,32.903522,-96.82646,4200000,644.0,,,,5.0,8.0,6518.0,2016.0,0.577,singleFamily,44,3475000.0,2025,https://www.zillow.com,https://photos.zillowstatic.com/fp/1b008c7770a104c1b48dbb589fc3b765-p_c.jpg,2026-06-29 12:29,For Sale
26697045,5120 Maple Springs Blvd,75235,Dallas,TX,32.82066,-96.82542,800000,296.0,-50000.0,775600.0,4780.0,4.0,4.0,2706.0,1936.0,10236.6,singleFamily,66,890750.0,2025,https://www.zillow.com,https://photos.zillowstatic.com/fp/f54385301a76767a2e9399df50b87f3b-p_c.jpg,2026-06-29 12:29,For Sale
26768740,2010 Dudley St,75203,Dallas,TX,32.73454,-96.79588,149900,128.0,,146700.0,1749.0,3.0,1.0,1169.0,1941.0,5614.884,singleFamily,14,169780.0,2025,https://www.zillow.com,https://photos.zillowstatic.com/fp/5eab70832e55ecfabfa4c060a38d7a67-p_c.jpg,2026-06-29 12:29,For Sale
80230596,2408 Victory Park Ln APT 1442,75219,Dallas,TX,32.78766,-96.80902,2375000,975.0,-125000.0,,5296.0,2.0,3.0,2435.0,2005.0,1.639,condo,193,639190.0,2025,https://www.zillow.com,https://photos.zillowstatic.com/fp/a412d27a1495d91acda35e75fc3a1336-p_c.jpg,2026-06-29 12:29,For Sale
26854756,1402 Diceman Ave,75203,Dallas,TX,32.733475,-96.78771,444900,142.0,-5000.0,444500.0,4708.0,4.0,4.0,3132.0,2025.0,0.44000000000000006,singleFamily,223,157500.0,2025,https://www.zillow.com,https://photos.zillowstatic.com/fp/b65f55924f2073d6437e94c146d7d13e-p_c.jpg,2026-06-29 12:29,For Sale
96515571,20 Vanguard Way,75243,Dallas,TX,32.9032,-96.763535,1350000,585.0,300000.0,1276100.0,3378.0,2.0,3.0,2308.0,2017.0,0.26599999999999996,singleFamily,44,1350000.0,2025,https://www.zillow.com,https://photos.zillowstatic.com/fp/ef310e34b6ccbee937d60c02a46e4327-p_c.jpg,2026-06-29 12:29,For Sale
96498607,1320 Compton St,75203,Dallas,TX,32.742943,-96.80467,494900,214.0,-5000.0,,,4.0,3.0,2312.0,2023.0,4138.2,singleFamily,75,393160.0,2025,https://www.zillow.com,https://photos.zillowstatic.com/fp/5dd65457af0659e503af689637d40409-p_c.jpg,2026-06-29 12:29,For Sale
26640306,17704 Cedar Creek Canyon Dr,75252,Dallas,TX,32.992584,-96.81119,1999000,361.0,,,,5.0,6.0,5530.0,1988.0,0.413,singleFamily,67,1764319.0,2025,https://www.zillow.com,https://photos.zillowstatic.com/fp/4358db8bc56b40606f0eb2cb9ac4e3ef-p_c.jpg,2026-06-29 12:29,For Sale
26757013,11219 Leachman Cir,75229,Dallas,TX,32.900352,-96.82221,5250000,960.0,-245000.0,4810200.0,8401.0,5.0,6.0,5470.0,1972.0,0.594,singleFamily,125,4604060.0,2025,https://www.zillow.com,https://photos.zillowstatic.com/fp/2056db3dc523d4f90aca7f3a26c19ee3-p_c.jpg,2026-06-29 12:29,For Sale
26821825,4006 Ambrose Dr,75241,Dallas,TX,32.67361,-96.753624,170000,153.0,-20000.0,164900.0,1659.0,3.0,2.0,1110.0,1967.0,10624.284,singleFamily,25,201680.0,2025,https://www.zillow.com,https://photos.zillowstatic.com/fp/adfa3df30fb2d1da458806b275e3d99f-p_c.jpg,2026-06-29 12:29,For Sale
69228173,2848 Woodside St #7A,75204,Dallas,TX,32.798122,-96.799355,875000,374.0,,834000.0,4575.0,2.0,3.0,2342.0,2003.0,0.383,condo,16,652000.0,2025,https://www.zillow.com,https://photos.zillowstatic.com/fp/c490d1e37e35fcf8db1a0e86a5cad3e2-p_c.jpg,2026-06-29 12:29,For Sale
162175878,5457 Bonita Ave,75206,Dallas,TX,32.818462,-96.77495,2199995,516.0,-100000.0,2133300.0,6602.0,4.0,5.0,4265.0,2026.0,7753.68,singleFamily,51,606610.0,2025,https://www.zillow.com,https://photos.zillowstatic.com/fp/d4210397d494231283b746598c8fefc0-p_c.jpg,2026-06-29 12:29,For Sale
448065335,6214 Liberty Hl,75248,Dallas,TX,32.954628,-96.79971,612000,282.0,-10000.0,,,4.0,3.0,2168.0,1984.0,7840.8,singleFamily,72,,,https://www.zillow.com,https://photos.zillowstatic.com/fp/44b409de3e0d9da8cf79098fab1fbcb7-p_c.jpg,2026-06-29 12:29,For Sale
456952495,4902 Worth St,75214,Dallas,TX,32.79852,-96.767166,1799000,296.0,,1670300.0,1601.0,11.0,15.0,6072.0,1930.0,9975.24,multiFamily,41,939660.0,2025,https://www.zillow.com,https://photos.zillowstatic.com/fp/b8032c9dfa9557492fca9bf3b4423c32-p_c.jpg,2026-06-29 12:29,For Sale
26782183,2010 Swansee Dr,75232,Dallas,TX,32.686466,-96.85383,349900,172.0,-25100.0,343500.0,2466.0,3.0,3.0,2038.0,1958.0,7405.2,singleFamily,23,290050.0,2025,https://www.zillow.com,https://photos.zillowstatic.com/fp/9d5b98d1674765ed9307f9047e22e13e-p_c.jpg,2026-06-29 12:29,For Sale
2070604023,4223 Delano Pl #105,75204,Dallas,TX,32.802887,-96.78494,385000,385.0,-10000.0,376800.0,2257.0,1.0,2.0,1000.0,2022.0,6751.8,townhome,73,,,https://www.zillow.com,https://photos.zillowstatic.com/fp/7172fd94e5764137a78c0233e76d3f74-p_c.jpg,2026-06-29 12:29,For Sale
26685513,2816 Wycliff Ave,75219,Dallas,TX,32.81214,-96.81653,209900,224.0,-15100.0,203600.0,1949.0,2.0,2.0,937.0,1979.0,8842.68,condo,81,255330.0,2025,https://www.zillow.com,https://photos.zillowstatic.com/fp/622c20c22ad94a138a68c15a242ce0ce-p_c.jpg,2026-06-29 12:29,For Sale
26721476,3023 Arizona Ave,75216,Dallas,TX,32.70876,-96.818565,275000,181.0,-10000.0,270800.0,2112.0,4.0,2.0,1522.0,1940.0,7361.64,singleFamily,89,227310.0,2025,https://www.zillow.com,https://photos.zillowstatic.com/fp/d29e9892d5733a6d40114ad225978ec8-p_c.jpg,2026-06-29 12:29,For Sale
26789989,3724 Highgrove Dr,75220,Dallas,TX,32.86873,-96.85501,1349900,329.0,-40000.0,,,4.0,4.0,4100.0,2026.0,7448.76,singleFamily,39,407640.0,2025,https://www.zillow.com,https://photos.zillowstatic.com/fp/69f52aa4fef736549c798ed0a2ffeeb2-p_c.jpg,2026-06-29 12:29,For Sale
26693014,4009 Prescott Ave,75219,Dallas,TX,32.821987,-96.80897,1399000,475.0,-100000.0,1327600.0,4961.0,3.0,3.0,2948.0,1930.0,7187.4,singleFamily,81,852110.0,2025,https://www.zillow.com,https://photos.zillowstatic.com/fp/488d30b689a6c42ab1009e19f4422307-p_c.jpg,2026-06-29 12:29,For Sale
26831844,203 Leda Dr,75218,Dallas,TX,32.861023,-96.70883,529000,370.0,-10000.0,519000.0,2683.0,3.0,2.0,1430.0,1953.0,8973.36,singleFamily,47,433270.0,2025,https://www.zillow.com,https://photos.zillowstatic.com/fp/554ba47fadb4a2a7c94a08029850974b-p_c.jpg,2026-06-29 12:29,For Sale
26741084,9207 Angora St,75218,Dallas,TX,32.829983,-96.706116,799000,285.0,-41000.0,768800.0,2641.0,3.0,2.0,2800.0,1948.0,0.42600000000000005,singleFamily,142,515380.0,2025,https://www.zillow.com,https://photos.zillowstatic.com/fp/1c1c2eb110f62f3d413b3dc3bf66396c-p_c.jpg,2026-06-29 12:29,For Sale
96527734,2210 Bethurum Ave,75215,Dallas,TX,32.74276,-96.75681,330000,171.0,,325900.0,2444.0,4.0,3.0,1930.0,2024.0,2513.412,singleFamily,1,350290.0,2025,https://www.zillow.com,https://photos.zillowstatic.com/fp/bd648bf662b487fa3095131e89a72f21-p_c.jpg,2026-06-29 12:29,For Sale
26694234,5259 Saint Charles Ave,75223,Dallas,TX,32.789314,-96.74337,795000,179.0,,,7053.0,7.0,5.0,4439.0,2022.0,7579.44,singleFamily,29,481150.0,2025,https://www.zillow.com,https://photos.zillowstatic.com/fp/0ac5f7daa1d3ba8d7ba471a46ca09fdc-p_c.jpg,2026-06-29 12:29,For Sale
336887827,2450 N Garrett Ave #14,75206,Dallas,TX,32.813892,-96.78088,589000,339.0,-36000.0,575500.0,4177.0,2.0,3.0,1737.0,2019.0,0.459,condo,57,607950.0,2025,https://www.zillow.com,https://photos.zillowstatic.com/fp/8e53d73f2f88a5f6dc004bb80eda30ce-p_c.jpg,2026-06-29 12:29,For Sale
26805313,4166 Goodfellow Dr,75229,Dallas,TX,32.908607,-96.8386,925000,359.0,,,,4.0,4.0,2577.0,1961.0,0.38499999999999995,singleFamily,18,806160.0,2025,https://www.zillow.com,https://photos.zillowstatic.com/fp/6a16cef1a2a8ac3864cd3f08c345f817-p_c.jpg,2026-06-29 12:29,For Sale
26777259,1235 Barlow Ave,75224,Dallas,TX,32.71849,-96.84254,450000,274.0,,430900.0,2129.0,3.0,2.0,1641.0,1951.0,8712.0,singleFamily,4,388190.0,2025,https://www.zillow.com,https://photos.zillowstatic.com/fp/d9a88b15c05dd974724830076baada49-p_c.jpg,2026-06-29 12:29,For Sale
26706213,6625 Bob O Link Dr,75214,Dallas,TX,32.831596,-96.745895,2875000,702.0,-124000.0,,,4.0,3.0,4098.0,1949.0,0.335,singleFamily,161,1900230.0,2025,https://www.zillow.com,https://photos.zillowstatic.com/fp/a90797a118bfe0994a316865cb62815b-p_c.jpg,2026-06-29 12:29,For Sale
96522684,846 Holcomb Rd,75217,Dallas,TX,32.72702,-96.67366,335999,207.0,,336200.0,1488.0,4.0,2.0,1622.0,2026.0,0.37,singleFamily,3,62500.0,2025,https://www.zillow.com,https://photos.zillowstatic.com/fp/ef4a1e2ac8675d6de98e8f890e35cd3b-p_c.jpg,2026-06-29 12:29,For Sale
26890553,7623 Kevin Dr,75248,Dallas,TX,32.983402,-96.7761,859900,308.0,-10000.0,840300.0,4380.0,4.0,3.0,2790.0,1979.0,10541.52,singleFamily,38,735490.0,2025,https://www.zillow.com,https://photos.zillowstatic.com/fp/1aa96b98a4ca4af9d8bb075b58352e81-p_c.jpg,2026-06-29 12:29,For Sale
26847177,1744 Gross Rd,75228,Dallas,TX,32.81449,-96.68626,349900,197.0,,344400.0,2575.0,3.0,2.0,1778.0,1964.0,0.261,singleFamily,18,392120.0,2025,https://www.zillow.com,https://photos.zillowstatic.com/fp/45888fa28ba28104ca482befd7439a57-p_c.jpg,2026-06-29 12:29,For Sale
26837429,6632 Azalea Ln,75230,Dallas,TX,32.897102,-96.78964,4587000,686.0,,4343700.0,4236.0,5.0,7.0,6684.0,2025.0,0.362,singleFamily,61,889100.0,2025,https://www.zillow.com,https://photos.zillowstatic.com/fp/6719b7283907e94dd0e0042d34f47471-p_c.jpg,2026-06-29 12:29,For Sale
26854698,9920 Greenfield Dr,75238,Dallas,TX,32.87817,-96.714226,955000,328.0,-10000.0,933700.0,4179.0,5.0,3.0,2908.0,1962.0,9147.6,singleFamily,66,596220.0,2025,https://www.zillow.com,https://photos.zillowstatic.com/fp/ca1b069aaeebf4b029bb431adb87ab6c-p_c.jpg,2026-06-29 12:29,For Sale
26826369,6830 Golf Hill Dr,75232,Dallas,TX,32.664955,-96.84038,339500,155.0,,331100.0,2417.0,4.0,2.0,2194.0,1963.0,10105.92,singleFamily,2,311410.0,2025,https://www.zillow.com,https://photos.zillowstatic.com/fp/47daa2c8b118f244b81c1f1fac86d94d-p_c.jpg,2026-06-29 12:29,For Sale
26913023,16650 Cleary Cir,75248,Dallas,TX,32.98445,-96.77111,400000,278.0,,,,2.0,2.0,1439.0,1984.0,4922.28,singleFamily,10,347350.0,2025,https://www.zillow.com,https://photos.zillowstatic.com/fp/1f3425e2051e99c8243e2ce28e6e22de-p_c.jpg,2026-06-29 12:29,For Sale
26835007,3741 Toronto St,75212,Dallas,TX,32.78009,-96.88247,450000,165.0,-25000.0,443500.0,3744.0,4.0,3.0,2724.0,2021.0,5575.68,singleFamily,47,521940.0,2025,https://www.zillow.com,https://photos.zillowstatic.com/fp/fdcad6d744c21871974cde189b56691f-p_c.jpg,2026-06-29 12:29,For Sale
26894306,8518 Richardson Branch Trl,75243,Dallas,TX,32.89573,-96.74962,629900,260.0,,,,3.0,2.0,2420.0,1981.0,8973.36,singleFamily,10,626340.0,2025,https://www.zillow.com,https://photos.zillowstatic.com/fp/83f16719e1c08d732dcdaaa12547bc5b-p_c.jpg,2026-06-29 12:29,For Sale
26843039,10870 Cassandra Way,75228,Dallas,TX,32.843506,-96.66248,240000,182.0,-29000.0,,1925.0,4.0,2.0,1320.0,1955.0,7300.0,singleFamily,40,236200.0,2025,https://www.zillow.com,https://photos.zillowstatic.com/fp/9e355116f3bcb453ed2e8b7930166b39-p_c.jpg,2026-06-29 12:29,For Sale
26752895,7124 Meadow Rd,75230,Dallas,TX,32.886986,-96.78161,1425000,386.0,-25000.0,1364600.0,7864.0,4.0,4.0,3687.0,1969.0,0.293,singleFamily,72,969820.0,2025,https://www.zillow.com,https://photos.zillowstatic.com/fp/03c33a4b115a29d8464daee3f2e54c66-p_c.jpg,2026-06-29 12:29,For Sale
27330666,2607 Harbinger Ln,75287,Dallas,TX,32.993263,-96.86858,399999,174.0,-3901.0,395800.0,2716.0,4.0,2.0,2298.0,1983.0,8537.76,singleFamily,66,421000.0,2025,https://www.zillow.com,https://photos.zillowstatic.com/fp/7bd7ba14f95b97038b10751fbad30d29-p_c.jpg,2026-06-29 12:29,For Sale
26731086,4726 Hopkins Ave,75209,Dallas,TX,32.847454,-96.82896,1250000,299.0,-49900.0,1222200.0,7746.0,5.0,5.0,4180.0,2023.0,6272.64,singleFamily,55,1238420.0,2025,https://www.zillow.com,https://photos.zillowstatic.com/fp/32819dcfa9c00a4479aed3046ec1d132-p_c.jpg,2026-06-29 12:29,For Sale
351065786,2926 Lorena Jordan Rd,75212,Dallas,TX,32.78252,-96.86816,364990,187.0,-10000.0,360900.0,3045.0,4.0,3.0,1950.0,2024.0,3179.88,singleFamily,46,,,https://www.zillow.com,https://photos.zillowstatic.com/fp/250dee368fe3a951f984b633d1acdefc-p_c.jpg,2026-06-29 12:29,For Sale
26686186,1604 Marburg St,75215,Dallas,TX,32.748802,-96.765076,550999,186.0,,,,4.0,4.0,2968.0,2026.0,7492.32,singleFamily,54,67500.0,2025,https://www.zillow.com,https://photos.zillowstatic.com/fp/3914fab52349dcdd17d59b31679d279c-p_c.jpg,2026-06-29 12:29,For Sale
26703262,6108 Kenwood Ave,75214,Dallas,TX,32.833206,-96.76108,1649000,367.0,,1607100.0,5191.0,5.0,4.0,4496.0,2026.0,6804.072,singleFamily,10,735300.0,2025,https://www.zillow.com,https://photos.zillowstatic.com/fp/026d6c84f13b743c5385943cb3cec157-p_c.jpg,2026-06-29 12:29,For Sale
26691268,3514 Dunbar St,75215,Dallas,TX,32.768063,-96.76077,335000,204.0,-4500.0,333500.0,2439.0,3.0,2.0,1646.0,2026.0,5488.56,singleFamily,93,50000.0,2025,https://www.zillow.com,https://photos.zillowstatic.com/fp/356c6d2f2b39de5f12f38ed169ef989c-p_c.jpg,2026-06-29 12:29,For Sale
60331731,2205 Canton St APT 105,75201,Dallas,TX,32.781326,-96.78904,750000,248.0,,,,3.0,4.0,3020.0,2001.0,3.518,condo,11,580000.0,2025,https://www.zillow.com,https://photos.zillowstatic.com/fp/8de675dbed52100ed8532a1a7c9c79e8-p_c.jpg,2026-06-29 12:29,For Sale
26877176,5230 Westgrove Dr,75248,Dallas,TX,32.97824,-96.81826,3275000,543.0,-75000.0,,,4.0,7.0,6026.0,1994.0,0.502,singleFamily,72,2435560.0,2025,https://www.zillow.com,https://photos.zillowstatic.com/fp/145d3b7d9e76937e707694afe4ccb690-p_c.jpg,2026-06-29 12:29,For Sale
26840305,9342 Springwater Dr,75228,Dallas,TX,32.818977,-96.69448,825000,315.0,-25000.0,,,4.0,3.0,2622.0,1964.0,0.26599999999999996,singleFamily,71,663500.0,2025,https://www.zillow.com,https://photos.zillowstatic.com/fp/6b854ef2dfe71274da03c5a7a634d086-p_c.jpg,2026-06-29 12:29,For Sale
2086740706,3319 Reagan St,75219,Dallas,TX,32.811844,-96.80824,189888,217.0,-4000.0,184300.0,1702.0,1.0,2.0,875.0,1953.0,0.34900000000000003,condo,103,,,https://www.zillow.com,https://photos.zillowstatic.com/fp/b7bd7d9bd94e4e92d0e275a86e7f185e-p_c.jpg,2026-06-29 12:29,For Sale
96534510,3901 Turtle Creek Blvd #15,75219,Dallas,TX,32.816788,-96.79974,5950000,886.0,,5424200.0,7465.0,4.0,9.0,6712.0,2014.0,5532.12,singleFamily,104,3650000.0,2025,https://www.zillow.com,https://photos.zillowstatic.com/fp/d60eac9da72bab20b1da1feb470f3a87-p_c.jpg,2026-06-29 12:29,For Sale
26905998,4315 Northaven Rd,75229,Dallas,TX,32.90258,-96.8358,1770000,488.0,-28000.0,1706100.0,7592.0,4.0,3.0,3627.0,1997.0,0.427,singleFamily,53,1577100.0,2025,https://www.zillow.com,https://photos.zillowstatic.com/fp/54a39644d152ec1abee2fc6b95a293e7-p_c.jpg,2026-06-29 12:29,For Sale
26871785,6908 Heatherknoll Dr,75248,Dallas,TX,32.95038,-96.78935,779369,303.0,369.0,748300.0,5302.0,4.0,3.0,2576.0,1973.0,0.358,singleFamily,4,648530.0,2025,https://www.zillow.com,https://photos.zillowstatic.com/fp/18bb18e9e8923f8b03cac3b218f1c2e0-p_c.jpg,2026-06-29 12:29,For Sale
26689705,6045 Velasco Ave,75206,Dallas,TX,32.82126,-96.76174,999999,375.0,-75001.0,,7314.0,3.0,4.0,2666.0,2025.0,7971.48,singleFamily,171,507230.0,2025,https://www.zillow.com,https://photos.zillowstatic.com/fp/cd631409be287538ccb4392ed1a3fd8c-p_c.jpg,2026-06-29 12:29,For Sale
26717769,2619 Emmett St,75211,Dallas,TX,32.733246,-96.86227,689900,233.0,-10000.0,681500.0,3708.0,4.0,4.0,2967.0,2026.0,7013.16,singleFamily,92,189900.0,2025,https://www.zillow.com,https://photos.zillowstatic.com/fp/bf0b3fc80f8153cba47efcbef4817504-p_c.jpg,2026-06-29 12:29,For Sale
26713827,230 W Jerden Ln,75208,Dallas,TX,32.73519,-96.82605,415000,227.0,,398800.0,3003.0,6.0,3.0,1828.0,1945.0,9931.68,multiFamily,12,324500.0,2025,https://www.zillow.com,https://photos.zillowstatic.com/fp/824c23f4bfbfb14831d6aa5190e0b5bb-p_c.jpg,2026-06-29 12:29,For Sale
26823570,1516 Duet Dr,75241,Dallas,TX,32.666313,-96.79732,285000,199.0,,279900.0,1873.0,4.0,2.0,1434.0,1975.0,7797.24,singleFamily,5,198290.0,2025,https://www.zillow.com,https://photos.zillowstatic.com/fp/1471a49bff0bf1a65f9f8d8352090e5e-p_c.jpg,2026-06-29 12:29,For Sale
55825927,802 Haines Ave,75208,Dallas,TX,32.752388,-96.82884,1089000,303.0,-11000.0,1060300.0,3957.0,4.0,3.0,3596.0,1918.0,7274.52,singleFamily,29,754360.0,2025,https://www.zillow.com,https://photos.zillowstatic.com/fp/9f2fb0e81cb3a51669767ffe519b58ec-p_c.jpg,2026-06-29 12:29,For Sale
80051288,6146 Stapleford Cir,75252,Dallas,TX,33.002033,-96.7994,799900,294.0,,776400.0,4728.0,4.0,4.0,2718.0,2011.0,5227.2,singleFamily,64,843984.0,2025,https://www.zillow.com,https://photos.zillowstatic.com/fp/675c18cc842794a3e718b5d0a9e842d6-p_c.jpg,2026-06-29 12:29,For Sale
26697209,5102 Denton Dr,75235,Dallas,TX,32.818336,-96.82724,695000,437.0,-54000.0,686400.0,3333.0,3.0,3.0,1590.0,1997.0,7753.68,singleFamily,79,605440.0,2025,https://www.zillow.com,https://photos.zillowstatic.com/fp/08f62a15776c6e37f9fc66b1c91747d5-p_c.jpg,2026-06-29 12:29,For Sale
26931864,9835 Walnut St #107,75243,Dallas,TX,32.92323,-96.712975,50000,76.0,-10000.0,,1038.0,1.0,1.0,662.0,1984.0,8.814,condo,232,73010.0,2025,https://www.zillow.com,https://photos.zillowstatic.com/fp/594fe37b994392a178b7df3a8b18db6e-p_c.jpg,2026-06-29 12:29,For Sale
458189672,629 N Tyler St #101-108,75208,Dallas,TX,32.750576,-96.838036,3250000,316.0,,3013700.0,2279.0,2.0,3.0,10283.0,2024.0,0.262,multiFamily,2,,,https://www.zillow.com,https://photos.zillowstatic.com/fp/be14e1d6e406fd14a0253bab92f7274f-p_c.jpg,2026-06-29 12:29,For Sale
336884659,304 Mathey Ct,75208,Dallas,TX,32.75716,-96.82703,599900,303.0,-14000.0,592900.0,4191.0,3.0,4.0,1980.0,2021.0,1873.08,townhome,142,605380.0,2025,https://www.zillow.com,https://photos.zillowstatic.com/fp/b0d30d2b7e56f1a880dbcbcf71bf26a0-p_c.jpg,2026-06-29 12:29,For Sale
248828035,3035 Townsend Dr,75229,Dallas,TX,32.898933,-96.876495,349000,235.0,,,2681.0,3.0,2.0,1488.0,1959.0,8450.64,singleFamily,39,420930.0,2025,https://www.zillow.com,https://photos.zillowstatic.com/fp/c81f72de36eccba601f5b1888ec393c1-p_c.jpg,2026-06-29 12:29,For Sale
27324814,18915 Tupelo Ln,75287,Dallas,TX,33.010216,-96.86181,289000,225.0,-900.0,284500.0,1995.0,3.0,2.0,1286.0,1984.0,5227.2,townhome,30,264880.0,2025,https://www.zillow.com,https://photos.zillowstatic.com/fp/e042d9eb600b5f8570c2a6395dae88de-p_c.jpg,2026-06-29 12:29,For Sale
26835187,4119 Babcock Dr,75212,Dallas,TX,32.792027,-96.88469,249000,208.0,,,,3.0,2.0,1200.0,1998.0,7100.28,singleFamily,2,195510.0,2025,https://www.zillow.com,https://photos.zillowstatic.com/fp/a3938e1e4b1fedb48c919457e78ba7d9-p_c.jpg,2026-06-29 12:29,For Sale
26788933,4041 Beechwood Ln,75220,Dallas,TX,32.876465,-96.84453,889000,437.0,-10000.0,859100.0,5245.0,3.0,3.0,2034.0,1951.0,9234.72,singleFamily,23,842210.0,2025,https://www.zillow.com,https://photos.zillowstatic.com/fp/aa6806eebb07b2169c214464a2ea180c-p_c.jpg,2026-06-29 12:29,For Sale
26876476,6008 Springflower Trl,75248,Dallas,TX,32.978374,-96.802826,550000,279.0,-25000.0,537200.0,4345.0,3.0,3.0,1971.0,1977.0,7492.32,singleFamily,23,503600.0,2025,https://www.zillow.com,https://photos.zillowstatic.com/fp/7101455a6864ab8a4ec691701ffdcbc7-p_c.jpg,2026-06-29 12:29,For Sale
26874320,7637 La Risa Dr,75248,Dallas,TX,32.96283,-96.77598,699000,323.0,-26000.0,684300.0,3597.0,4.0,3.0,2162.0,1966.0,9147.6,singleFamily,73,552780.0,2025,https://www.zillow.com,https://photos.zillowstatic.com/fp/ea18fdeac1aadf9bfa88886e0cc1ab3b-p_c.jpg,2026-06-29 12:29,For Sale
26815143,780 Emberwood Dr,75232,Dallas,TX,32.6588,-96.83503,155000,154.0,-35000.0,,1677.0,3.0,1.0,1004.0,1956.0,7710.12,singleFamily,89,184610.0,2025,https://www.zillow.com,https://photos.zillowstatic.com/fp/fbef02e3cccfedfd6e0cb1f55d3c50b1-p_c.jpg,2026-06-29 12:29,For Sale
462225379,617 N Dwight Ave,75211,Dallas,TX,32.750324,-96.90784,449000,241.0,-10000.0,441600.0,3152.0,4.0,2.0,1866.0,2026.0,8712.0,singleFamily,53,,,https://www.zillow.com,https://photos.zillowstatic.com/fp/95303f542a6c3fa9d63acfe0ddb58b0a-p_c.jpg,2026-06-29 12:29,For Sale
96522200,4151 Odessa St,75212,Dallas,TX,32.793354,-96.90175,420000,191.0,,419000.0,3474.0,4.0,3.0,2200.0,2025.0,6359.76,singleFamily,51,173900.0,2025,https://www.zillow.com,https://photos.zillowstatic.com/fp/4b5dd7032b3ceb2b92259eee0cec0c0c-p_c.jpg,2026-06-29 12:29,For Sale
26935344,5981 Arapaho Rd APT 1106,75248,Dallas,TX,32.961693,-96.80761,150000,145.0,-14900.0,,2069.0,2.0,2.0,1038.0,1980.0,6.389,singleFamily,152,210050.0,2025,https://www.zillow.com,https://photos.zillowstatic.com/fp/9a802fbd90a51ed8b57772ad803caf8f-p_c.jpg,2026-06-29 12:29,For Sale
80220094,5702 Hudson St #A,75206,Dallas,TX,32.809727,-96.768364,460000,367.0,,446300.0,2888.0,2.0,3.0,1255.0,2005.0,9713.88,multiFamily,5,395470.0,2025,https://www.zillow.com,https://photos.zillowstatic.com/fp/704b7a1c75d4a74fbc12ba9aebc8213e-p_c.jpg,2026-06-29 12:29,For Sale
26765866,3155 E Ledbetter Dr,75216,Dallas,TX,32.698017,-96.765724,169900,121.0,,162400.0,1828.0,3.0,2.0,1400.0,1955.0,9844.56,singleFamily,27,248300.0,2025,https://www.zillow.com,https://photos.zillowstatic.com/fp/3b9de131c35da7ca43602c1a0fbe7542-p_c.jpg,2026-06-29 12:29,For Sale
26743608,11621 Tuscany Way,75218,Dallas,TX,32.853325,-96.69136,555000,352.0,,534400.0,2910.0,3.0,2.0,1575.0,1955.0,7666.56,singleFamily,11,476940.0,2025,https://www.zillow.com,https://photos.zillowstatic.com/fp/3d94d6acf39c2a89c308c95247750c47-p_c.jpg,2026-06-29 12:29,For Sale
26860589,709 Edgeworth Dr,75217,Dallas,TX,32.700817,-96.6363,140000,57.0,,,2686.0,4.0,2.0,2444.0,1955.0,0.42300000000000004,singleFamily,105,346210.0,2025,https://www.zillow.com,https://photos.zillowstatic.com/fp/a0e3a55a341157723918c6682a224424-p_c.jpg,2026-06-29 12:29,For Sale
60347644,4034 Rawlins St APT 207,75219,Dallas,TX,32.814045,-96.80962,365000,326.0,-5000.0,355200.0,2345.0,2.0,3.0,1119.0,1984.0,0.41,condo,52,324510.0,2025,https://www.zillow.com,https://photos.zillowstatic.com/fp/9cd9465723cb0073fac33ec396444ea7-p_c.jpg,2026-06-29 12:29,For Sale
26848637,6606 Stonebrook Cir,75240,Dallas,TX,32.9274,-96.79087,775000,328.0,,737000.0,3714.0,3.0,2.0,2360.0,1959.0,0.39599999999999996,singleFamily,2,576020.0,2025,https://www.zillow.com,https://photos.zillowstatic.com/fp/e5a1ef6bc13474b3d1fdb30f1b320fd2-p_c.jpg,2026-06-29 12:29,For Sale
461422630,5320 Reiger Ave #106,75214,Dallas,TX,32.799812,-96.75968,384900,267.0,,379700.0,3201.0,2.0,3.0,1442.0,2025.0,0.265,condo,17,,,https://www.zillow.com,https://photos.zillowstatic.com/fp/a600a1fb3ceab3030f7e4497c2511178-p_c.jpg,2026-06-29 12:29,For Sale
95054497,2824 Saint Bernard Dr,75233,Dallas,TX,32.71249,-96.86712,283000,186.0,-9000.0,,,4.0,2.0,1521.0,2015.0,5209.776,singleFamily,47,290000.0,2025,https://www.zillow.com,https://photos.zillowstatic.com/fp/a8f078add930526b1d7faa9eba178a0f-p_c.jpg,2026-06-29 12:29,For Sale
26874819,7830 La Sobrina Dr,75248,Dallas,TX,32.968426,-96.77097,739000,317.0,-10000.0,,,4.0,3.0,2328.0,1968.0,8232.84,singleFamily,12,555310.0,2025,https://www.zillow.com,https://photos.zillowstatic.com/fp/974e7cab1c674d135f88a4a322e01c2a-p_c.jpg,2026-06-29 12:29,For Sale
26871446,7992 Fallmeadow Ln,75248,Dallas,TX,32.95837,-96.7695,799999,318.0,-15001.0,781400.0,4933.0,4.0,3.0,2516.0,1966.0,0.271,singleFamily,123,600000.0,2025,https://www.zillow.com,https://photos.zillowstatic.com/fp/02d79de36df622c47a7d7535dd9ea8bd-p_c.jpg,2026-06-29 12:29,For Sale
53389838,2242 Ash Grove Way,75228,Dallas,TX,32.810577,-96.70439,619500,249.0,,603000.0,2570.0,3.0,3.0,2487.0,2000.0,4617.36,singleFamily,2,545030.0,2025,https://www.zillow.com,https://photos.zillowstatic.com/fp/95aa0bcbf908574954a709d296469080-p_c.jpg,2026-06-29 12:29,For Sale
96514987,1967 Gallagher St,75212,Dallas,TX,32.784996,-96.85322,819000,183.0,,,,5.0,4.0,4483.0,2026.0,6490.44,singleFamily,46,161880.0,2025,https://www.zillow.com,https://photos.zillowstatic.com/fp/16db42ed506d380a72dc3353a63e2662-p_c.jpg,2026-06-29 12:29,For Sale
26740748,8702 San Fernando Way,75218,Dallas,TX,32.820957,-96.7085,897000,340.0,-38000.0,884200.0,4256.0,3.0,2.0,2638.0,2014.0,8015.04,singleFamily,101,1262570.0,2025,https://www.zillow.com,https://photos.zillowstatic.com/fp/61b398d8216f961540e664eb86399af2-p_c.jpg,2026-06-29 12:29,For Sale
26707705,6954 Santa Maria Ln,75214,Dallas,TX,32.84119,-96.73964,2550000,551.0,,2432000.0,7978.0,5.0,5.0,4624.0,2026.0,7801.596,singleFamily,30,672890.0,2025,https://www.zillow.com,https://photos.zillowstatic.com/fp/3277d77b52737de52b94ba5630038e60-p_c.jpg,2026-06-29 12:29,For Sale
463496989,15531 El Estado Dr,75248,Dallas,TX,32.96023,-96.77049,599000,215.0,,,,6.0,4.0,2784.0,1967.0,10280.16,singleFamily,2,,,https://www.zillow.com,https://photos.zillowstatic.com/fp/4168dda6cfcf15080ad5ed2830af712a-p_c.jpg,2026-06-29 12:29,For Sale
27340700,3136 Harbinger Ln,75287,Dallas,TX,32.995094,-96.86622,297400,244.0,-2500.0,293100.0,1931.0,2.0,2.0,1217.0,1984.0,5009.4,singleFamily,149,321776.0,2025,https://www.zillow.com,https://photos.zillowstatic.com/fp/238b7aa287de8ddfed7e544b4b9068b3-p_c.jpg,2026-06-29 12:29,For Sale
303984449,1423 Barrel Dr,75253,Dallas,TX,32.672993,-96.58524,274990,162.0,,272300.0,1916.0,3.0,2.0,1700.0,2019.0,5314.32,singleFamily,16,263140.0,2025,https://www.zillow.com,https://photos.zillowstatic.com/fp/032e117332bb8c765df52317cf3db0b2-p_c.jpg,2026-06-29 12:29,For Sale
26863363,7326 Spring Valley Rd,75254,Dallas,TX,32.939564,-96.77729,1100000,298.0,-89000.0,1063200.0,6675.0,5.0,5.0,3694.0,1961.0,0.507,singleFamily,117,987170.0,2025,https://www.zillow.com,https://photos.zillowstatic.com/fp/e80289cffb392d62972b6516fc4bbe3e-p_c.jpg,2026-06-29 12:29,For Sale
26693331,4519 Rawlins St,75219,Dallas,TX,32.81825,-96.81566,385000,217.0,,382500.0,3396.0,3.0,3.0,1773.0,1968.0,2.531,townhome,17,416660.0,2025,https://www.zillow.com,https://photos.zillowstatic.com/fp/66940e15c03ef5bd8f008efcd8a3e939-p_c.jpg,2026-06-29 12:29,For Sale
26703827,5803 Martel Ave,75206,Dallas,TX,32.831593,-96.76767,899000,392.0,-16000.0,,,3.0,3.0,2295.0,2024.0,3092.76,singleFamily,63,780660.0,2025,https://www.zillow.com,https://photos.zillowstatic.com/fp/2eb45aca242476c7820b55c12a272adb-p_c.jpg,2026-06-29 12:29,For Sale
26789440,10939 Pinocchio Dr,75229,Dallas,TX,32.897938,-96.84164,3495000,596.0,,3334800.0,6755.0,5.0,7.0,5869.0,2026.0,0.365,singleFamily,89,937850.0,2025,https://www.zillow.com,https://photos.zillowstatic.com/fp/c6c14a78c1fcc9ed6799ba250972c2a9-p_c.jpg,2026-06-29 12:29,For Sale
26804209,5205 Royal Ln,75229,Dallas,TX,32.895317,-96.81789,3967000,597.0,,,,5.0,8.0,6647.0,1972.0,1.0,singleFamily,34,2210000.0,2025,https://www.zillow.com,https://photos.zillowstatic.com/fp/287986ed7c492dd54e73f5c8f68b497f-p_c.jpg,2026-06-29 12:29,For Sale
26858751,11152 Carissa Dr,75218,Dallas,TX,32.861187,-96.68901,625000,302.0,,,,4.0,3.0,2072.0,1972.0,10454.4,singleFamily,5,585840.0,2025,https://www.zillow.com,https://photos.zillowstatic.com/fp/ec32506e21f5f5c98e5550e75f811532-p_c.jpg,2026-06-29 12:29,For Sale
26695157,5646 Monticello Ave,75206,Dallas,TX,32.82622,-96.77035,664900,526.0,,626000.0,2349.0,2.0,1.0,1265.0,1926.0,7230.96,singleFamily,75,531500.0,2025,https://www.zillow.com,https://photos.zillowstatic.com/fp/52af45e683ae4a4613bc844f3a9a6d08-p_c.jpg,2026-06-29 12:29,For Sale
26773773,706 W Five Mile Pkwy,75224,Dallas,TX,32.69369,-96.8345,399900,182.0,,,2817.0,3.0,2.0,2193.0,1956.0,0.264,singleFamily,21,311250.0,2025,https://www.zillow.com,https://photos.zillowstatic.com/fp/e870679ad7bee21e516e5f9d5d4208fd-p_c.jpg,2026-06-29 12:29,For Sale
26849320,12114 Prestonridge Rd,75230,Dallas,TX,32.913967,-96.79172,3480000,559.0,,,,5.0,7.0,6226.0,2017.0,0.37,singleFamily,26,3125000.0,2025,https://www.zillow.com,https://photos.zillowstatic.com/fp/b46755e0a2746a2190879fd247f78402-p_c.jpg,2026-06-29 12:29,For Sale
26684316,4206 Colonial Ave,75215,Dallas,TX,32.752243,-96.76591,355000,168.0,-24000.0,353000.0,2502.0,3.0,2.0,2112.0,2025.0,7492.32,singleFamily,292,330040.0,2025,https://www.zillow.com,https://photos.zillowstatic.com/fp/dd01ccdf56314f34085a1c336979fdaf-p_c.jpg,2026-06-29 12:29,For Sale
