zpid,address,zipcode,city,state,latitude,longitude,price,price_per_sqft,price_change,zestimate,rent_zestimate,bedrooms,bathrooms,sqft,year_built,lot_size_acres,property_type,days_on_market,tax_assessed,tax_year,listing_url,photo_url,fetched_at,listing_type
26694032,6153 Goliad Ave,75214,Dallas,TX,32.818447,-96.75949,799000,398.0,,757500.0,4056.0,3.0,2.0,2006.0,1934.0,7492.32,singleFamily,4,719220.0,2025,https://www.zillow.com,https://photos.zillowstatic.com/fp/acfef29ad3e9b4583b42a33d27069ce8-p_c.jpg,2026-06-08 12:27,For Sale
26884919,11312 Cotillion Dr,75228,Dallas,TX,32.84817,-96.65216,349900,136.0,,339700.0,3254.0,4.0,3.0,2567.0,1965.0,9104.04,singleFamily,5,376180.0,2025,https://www.zillow.com,https://photos.zillowstatic.com/fp/09276c83223e1ae6813e15f8057e96cb-p_c.jpg,2026-06-08 12:27,For Sale
26717497,1119 N Winnetka Ave,75208,Dallas,TX,32.757988,-96.840576,1285000,371.0,,1223800.0,5851.0,4.0,4.0,3468.0,1925.0,7753.68,singleFamily,10,900000.0,2025,https://www.zillow.com,https://photos.zillowstatic.com/fp/fc13bb38a5559bfb942e01a1d28b5682-p_c.jpg,2026-06-08 12:27,For Sale
26792625,3888 Walnut Hill Ln,75229,Dallas,TX,32.880016,-96.849236,2395000,461.0,,,,5.0,6.0,5200.0,2026.0,0.51,singleFamily,3,510910.0,2025,https://www.zillow.com,https://photos.zillowstatic.com/fp/89bf8e08ef5c913db7925a9f0c33070a-p_c.jpg,2026-06-08 12:27,For Sale
26735909,8730 Rexford Dr,75209,Dallas,TX,32.857147,-96.84684,1875000,407.0,,1795800.0,3025.0,5.0,6.0,4604.0,2025.0,6969.6,singleFamily,6,1182050.0,2025,https://www.zillow.com,https://photos.zillowstatic.com/fp/e8e555f9b5ae9764d19245c1d0625028-p_c.jpg,2026-06-08 12:27,For Sale
338241066,18512 Crownover Ct,75252,Dallas,TX,33.003235,-96.79485,609900,252.0,,593400.0,4157.0,3.0,3.0,2419.0,1981.0,8102.16,singleFamily,19,625905.0,2025,https://www.zillow.com,https://photos.zillowstatic.com/fp/5c8b0a7362d6b24c63efb89a53c870b7-p_c.jpg,2026-06-08 12:27,For Sale
96505431,3031 Valentine St,75215,Dallas,TX,32.742104,-96.74691,439000,189.0,,435800.0,3053.0,4.0,4.0,2320.0,2026.0,5924.16,singleFamily,20,59470.0,2025,https://www.zillow.com,https://photos.zillowstatic.com/fp/16658444e2cd14baf3cff9b368de7190-p_c.jpg,2026-06-08 12:27,For Sale
26767256,2502 E Overton Rd,75216,Dallas,TX,32.709087,-96.78899,169000,159.0,-6000.0,168900.0,1912.0,3.0,2.0,1064.0,1952.0,9539.64,singleFamily,37,190810.0,2025,https://www.zillow.com,https://photos.zillowstatic.com/fp/ac77b03435eaf15eb669716b4bc7bf09-p_c.jpg,2026-06-08 12:27,For Sale
26780134,2816 Ilahe Dr,75233,Dallas,TX,32.70376,-96.86632,595000,296.0,,,,4.0,2.0,2012.0,1963.0,8973.36,singleFamily,3,447690.0,2025,https://www.zillow.com,https://photos.zillowstatic.com/fp/538d952cba33989350152a0da44f881a-p_c.jpg,2026-06-08 12:27,For Sale
26688689,3922 Penelope St,75210,Dallas,TX,32.77296,-96.750336,210000,137.0,,209900.0,2262.0,3.0,3.0,1532.0,2026.0,5227.2,singleFamily,35,186180.0,2025,https://www.zillow.com,https://photos.zillowstatic.com/fp/6d19ce96dc91b2b744283ef28608d064-p_c.jpg,2026-06-08 12:27,For Sale
26714365,634 N Rosemont Ave,75208,Dallas,TX,32.750774,-96.84729,750000,356.0,,719800.0,3205.0,3.0,2.0,2106.0,1922.0,7013.16,singleFamily,4,634190.0,2025,https://www.zillow.com,https://photos.zillowstatic.com/fp/48a770893c825d6c5a8f4ae9279a63cf-p_c.jpg,2026-06-08 12:27,For Sale
26757825,5619 Walnut Hill Ln,75229,Dallas,TX,32.8825,-96.81111,64000000,2362.0,,,,10.0,17.0,27092.0,1938.0,15.687,singleFamily,466,36042650.0,2025,https://www.zillow.com,https://photos.zillowstatic.com/fp/adeac1290c0448b20476ade24a279451-p_c.jpg,2026-06-08 12:27,For Sale
26716334,1010 Winters St,75216,Dallas,TX,32.73296,-96.80861,115000,106.0,,,1762.0,2.0,1.0,1086.0,1939.0,5837.04,singleFamily,4,181720.0,2025,https://www.zillow.com,https://photos.zillowstatic.com/fp/5d4fb1226eb5236254960b584fbd1dfb-p_c.jpg,2026-06-08 12:27,For Sale
26825505,5936 Spring Glen Dr,75232,Dallas,TX,32.674526,-96.84193,449500,156.0,-15500.0,442800.0,3286.0,5.0,4.0,2880.0,1965.0,10236.6,singleFamily,66,261350.0,2025,https://www.zillow.com,https://photos.zillowstatic.com/fp/784bf3d76b7a9b40f046b5eb30c7eca8-p_c.jpg,2026-06-08 12:27,For Sale
26889875,6415 Barkwood Ln,75248,Dallas,TX,32.97008,-96.79677,1399900,373.0,,778200.0,5513.0,4.0,4.0,3751.0,1980.0,0.33699999999999997,singleFamily,3,941720.0,2025,https://www.zillow.com,https://photos.zillowstatic.com/fp/607c8eb39695e0c9f87d0bd7840558bb-p_c.jpg,2026-06-08 12:27,For Sale
26758062,10010 Strait Ln,75229,Dallas,TX,32.880985,-96.823845,24999900,1498.0,,22999100.0,31583.0,7.0,11.0,16684.0,2026.0,2.218,singleFamily,98,2767500.0,2025,https://www.zillow.com,https://photos.zillowstatic.com/fp/3896b8ebf7800635ab6f68c5c62ce7b5-p_c.jpg,2026-06-08 12:27,For Sale
26912414,714 Jalisco Plz,75211,Dallas,TX,32.718307,-96.902885,224995,147.0,-10005.0,222200.0,2367.0,4.0,3.0,1526.0,2001.0,3005.64,singleFamily,43,245910.0,2025,https://www.zillow.com,https://photos.zillowstatic.com/fp/265e49fc37732c5dcee3a45d074e31bb-p_c.jpg,2026-06-08 12:27,For Sale
26776695,5321 Mystic Trl,75241,Dallas,TX,32.68021,-96.810135,275000,163.0,,273500.0,2013.0,3.0,2.0,1689.0,1959.0,0.342,singleFamily,23,294850.0,2025,https://www.zillow.com,https://photos.zillowstatic.com/fp/6ad859b061fac67817b660d1902e6338-p_c.jpg,2026-06-08 12:27,For Sale
26888891,6211 Yellow Rock Trl,75248,Dallas,TX,32.95825,-96.79919,750000,265.0,,725100.0,4118.0,4.0,3.0,2830.0,1982.0,8015.04,singleFamily,2,676050.0,2025,https://www.zillow.com,https://photos.zillowstatic.com/fp/7e51d327b4e55cf479085a4e6e9b9c9b-p_c.jpg,2026-06-08 12:27,For Sale
26848633,6554 Ridgeview Cir,75240,Dallas,TX,32.927483,-96.792534,789900,297.0,,753200.0,4080.0,3.0,3.0,2664.0,1960.0,0.447,singleFamily,1,706420.0,2025,https://www.zillow.com,https://photos.zillowstatic.com/fp/1da5013f31f47c9330259dd2decf92f1-p_c.jpg,2026-06-08 12:27,For Sale
26771568,630 Mayrant Dr,75224,Dallas,TX,32.730087,-96.83397,725000,336.0,,705500.0,4326.0,3.0,3.0,2156.0,1954.0,0.322,singleFamily,3,698950.0,2025,https://www.zillow.com,https://photos.zillowstatic.com/fp/247229a36a71f2e470320c32d884b62a-p_c.jpg,2026-06-08 12:27,For Sale
26844283,12135 Oberlin Dr,75243,Dallas,TX,32.913326,-96.75839,425000,268.0,,411500.0,2789.0,4.0,4.0,1583.0,1956.0,7535.88,singleFamily,10,207230.0,2025,https://www.zillow.com,https://photos.zillowstatic.com/fp/59e6f4e25782e28579bc00812387d39e-p_c.jpg,2026-06-08 12:27,For Sale
26699114,2515 Macon St,75215,Dallas,TX,32.75081,-96.75273,295000,197.0,-5000.0,294200.0,2091.0,3.0,3.0,1500.0,2026.0,3267.0,singleFamily,60,32780.0,2025,https://www.zillow.com,https://photos.zillowstatic.com/fp/68433d24786c5e0ac81731fb4204066f-p_c.jpg,2026-06-08 12:27,For Sale
26927701,4023 Wycliff Ave APT 204,75219,Dallas,TX,32.819965,-96.807594,275000,187.0,,267900.0,3066.0,3.0,2.0,1470.0,1965.0,0.263,condo,24,330000.0,2025,https://www.zillow.com,https://photos.zillowstatic.com/fp/feafb3b3e33f580f691b017c6d51886a-p_c.jpg,2026-06-08 12:27,For Sale
27293988,3444 Misty Meadow Dr,75287,Dallas,TX,32.9937,-96.85946,336999,205.0,,329800.0,2446.0,3.0,2.0,1645.0,1995.0,7579.44,singleFamily,3,402348.0,2025,https://www.zillow.com,https://photos.zillowstatic.com/fp/b297b150693959a880b70180a362906b-p_c.jpg,2026-06-08 12:27,For Sale
26586239,4102 Cobblers Ln,75287,Dallas,TX,32.989426,-96.84273,1100000,385.0,,,,5.0,4.0,2857.0,1984.0,0.27999999999999997,singleFamily,4,670000.0,2025,https://www.zillow.com,https://photos.zillowstatic.com/fp/faba3b87d5ca6932bee87d1d29c1bcd7-p_c.jpg,2026-06-08 12:27,For Sale
26700774,6931 Lindsley Ave,75223,Dallas,TX,32.80647,-96.74025,649000,352.0,-46000.0,634300.0,3593.0,4.0,2.0,1844.0,1931.0,7143.84,singleFamily,80,806540.0,2025,https://www.zillow.com,https://photos.zillowstatic.com/fp/1e03bf8e3beee7c0b81625f53bc5ec0c-p_c.jpg,2026-06-08 12:27,For Sale
26863452,14214 Edgecrest Dr,75254,Dallas,TX,32.942463,-96.7727,1485000,386.0,,1400800.0,4702.0,4.0,5.0,3852.0,1964.0,0.422,singleFamily,3,770010.0,2025,https://www.zillow.com,https://photos.zillowstatic.com/fp/3f4473d73678a194792a4e2b2369595b-p_c.jpg,2026-06-08 12:27,For Sale
26752924,7344 Fieldgate Dr,75230,Dallas,TX,32.88041,-96.77676,1325000,464.0,,1248800.0,5361.0,4.0,5.0,2857.0,1965.0,0.304,singleFamily,10,1170570.0,2025,https://www.zillow.com,https://photos.zillowstatic.com/fp/bb775e5311bdca9d07559d4185ceac83-p_c.jpg,2026-06-08 12:27,For Sale
26804398,5105 Del Roy Dr,75229,Dallas,TX,32.905704,-96.821434,3225000,574.0,1076000.0,3135400.0,16412.0,5.0,7.0,5622.0,2020.0,0.39,singleFamily,3,2869300.0,2025,https://www.zillow.com,https://photos.zillowstatic.com/fp/c04760382d57a8fa45a11c9bd5cc0012-p_c.jpg,2026-06-08 12:27,For Sale
26700999,7142 Shook Ave,75214,Dallas,TX,32.815247,-96.73496,1049000,418.0,,1001900.0,5424.0,3.0,2.0,2508.0,1954.0,9234.72,singleFamily,16,945380.0,2025,https://www.zillow.com,https://photos.zillowstatic.com/fp/176a06f4288d7c23efdf0353c30a2cfc-p_c.jpg,2026-06-08 12:27,For Sale
26830112,2224 Lakeland Dr,75228,Dallas,TX,32.813053,-96.70301,399900,278.0,,388300.0,2127.0,3.0,2.0,1438.0,1956.0,0.306,singleFamily,2,407780.0,2025,https://www.zillow.com,https://photos.zillowstatic.com/fp/51d5b71de0f145799d6a97eb434e7245-p_c.jpg,2026-06-08 12:27,For Sale
69677337,4130 Newton Ave APT F,75219,Dallas,TX,32.81827,-96.80567,250000,207.0,,242100.0,2408.0,1.0,2.0,1208.0,1974.0,9191.16,condo,22,320120.0,2025,https://www.zillow.com,https://photos.zillowstatic.com/fp/c40a6de5799a1cafea5a255068e0d553-p_c.jpg,2026-06-08 12:27,For Sale
53389404,3312 Throckmorton St,75219,Dallas,TX,32.812103,-96.80947,685000,339.0,,662700.0,3618.0,3.0,3.0,2019.0,1999.0,2134.44,townhome,4,588080.0,2025,https://www.zillow.com,https://photos.zillowstatic.com/fp/5e6e22304552ef5789fd9265ae22c820-p_c.jpg,2026-06-08 12:27,For Sale
26840287,9519 Springwater Dr,75228,Dallas,TX,32.82239,-96.69538,639000,269.0,,621400.0,3286.0,4.0,3.0,2375.0,1965.0,10628.64,singleFamily,2,639610.0,2025,https://www.zillow.com,https://photos.zillowstatic.com/fp/18842ba9e6cfe461155d96be7952ebfe-p_c.jpg,2026-06-08 12:27,For Sale
26690071,5903 Prospect Ave,75206,Dallas,TX,32.815125,-96.765686,799000,517.0,,,,2.0,2.0,1544.0,1926.0,9016.92,singleFamily,3,686500.0,2025,https://www.zillow.com,https://photos.zillowstatic.com/fp/eb33bc874afbb90b2a32a4f7b831c8d7-p_c.jpg,2026-06-08 12:27,For Sale
26756908,11224 Northgate Cir,75230,Dallas,TX,32.901997,-96.80593,3995000,649.0,,3793300.0,21171.0,6.0,7.0,6160.0,2023.0,0.367,singleFamily,2,3561650.0,2025,https://www.zillow.com,https://photos.zillowstatic.com/fp/6267a02352a71d6ef2750e2bb9a45700-p_c.jpg,2026-06-08 12:27,For Sale
26864299,9927 Edgecove Dr,75238,Dallas,TX,32.89092,-96.71585,1020000,338.0,,,,5.0,5.0,3022.0,1967.0,8668.44,singleFamily,4,845000.0,2025,https://www.zillow.com,https://photos.zillowstatic.com/fp/156950201fd370029b839fc214cc9bc2-p_c.jpg,2026-06-08 12:27,For Sale
248829401,3312 Walchard Ct,75229,Dallas,TX,32.884598,-96.86679,825000,272.0,,800600.0,4867.0,3.0,3.0,3030.0,2019.0,6272.64,singleFamily,5,711890.0,2025,https://www.zillow.com,https://photos.zillowstatic.com/fp/c66650726abcc0c5d15f1d0eb4ad2862-p_c.jpg,2026-06-08 12:27,For Sale
96518147,4128 Pluto St,75212,Dallas,TX,32.791786,-96.89073,550000,185.0,,543500.0,4181.0,4.0,4.0,2974.0,2022.0,7666.56,singleFamily,22,600000.0,2025,https://www.zillow.com,https://photos.zillowstatic.com/fp/f520770547ae57c1d6aa0762dc5adbaf-p_c.jpg,2026-06-08 12:27,For Sale
26787260,9755 Van Dyke Rd,75218,Dallas,TX,32.85455,-96.71484,2195000,734.0,,2075200.0,5415.0,4.0,3.0,2990.0,1956.0,0.544,singleFamily,3,1150000.0,2025,https://www.zillow.com,https://photos.zillowstatic.com/fp/9ded6e32011621fb64f2b8ee8d3871e4-p_c.jpg,2026-06-08 12:27,For Sale
26903486,6103 Aberdeen Ave,75230,Dallas,TX,32.882557,-96.801414,5695000,999.0,,5397100.0,8363.0,5.0,7.0,5700.0,2026.0,0.35600000000000004,singleFamily,5,2502990.0,2025,https://www.zillow.com,https://photos.zillowstatic.com/fp/3b18744a3ff84ec39c5b53024d882e3c-p_c.jpg,2026-06-08 12:27,For Sale
26867574,7055 Merriman Pkwy,75231,Dallas,TX,32.875095,-96.74037,725000,280.0,,,,3.0,3.0,2591.0,1973.0,0.251,singleFamily,3,745060.0,2025,https://www.zillow.com,https://photos.zillowstatic.com/fp/939fe7c4e520c2b0d048dc27a97157e8-p_c.jpg,2026-06-08 12:27,For Sale
96514370,2418 Merlin St,75215,Dallas,TX,32.77463,-96.77442,299900,180.0,14900.0,298900.0,2649.0,3.0,3.0,1669.0,2025.0,,singleFamily,324,90000.0,2025,https://www.zillow.com,https://photos.zillowstatic.com/fp/91b90021b7264137b0710455580e2b4f-p_c.jpg,2026-06-08 12:27,For Sale
441552458,1143 Riverwood Rd,75217,Dallas,TX,32.697395,-96.69045,429000,192.0,,441900.0,2988.0,3.0,3.0,2239.0,2026.0,0.319,singleFamily,9,,,https://www.zillow.com,https://photos.zillowstatic.com/fp/9ad4aacec723bdb0bf68234466089f0a-p_c.jpg,2026-06-08 12:27,For Sale
26704291,5535 McCommas Blvd,75206,Dallas,TX,32.83021,-96.773,1199000,523.0,,1139900.0,5768.0,4.0,3.0,2294.0,1928.0,8624.88,singleFamily,6,935000.0,2025,https://www.zillow.com,https://photos.zillowstatic.com/fp/338d1aaf4f015ef156d5d986bf302836-p_c.jpg,2026-06-08 12:27,For Sale
248828051,8121 Ferguson Rd,75228,Dallas,TX,32.80433,-96.71146,475000,153.0,,458900.0,1988.0,6.0,4.0,3098.0,1969.0,10628.64,multiFamily,18,514650.0,2025,https://www.zillow.com,https://photos.zillowstatic.com/fp/ad1b13fecf71156c1981f4d68a558ea5-p_c.jpg,2026-06-08 12:27,For Sale
26832901,3311 Rutz St,75212,Dallas,TX,32.782307,-96.84512,369900,158.0,-15100.0,368700.0,3728.0,3.0,3.0,2342.0,2022.0,3615.48,singleFamily,173,627880.0,2025,https://www.zillow.com,https://photos.zillowstatic.com/fp/390daf6a2b2e70f7daab7a12e99c9dc4-p_c.jpg,2026-06-08 12:27,For Sale
26696399,5223 Colonial Ave,75215,Dallas,TX,32.744267,-96.759224,240000,145.0,,238200.0,2378.0,4.0,2.0,1656.0,2024.0,7013.16,singleFamily,51,433110.0,2025,https://www.zillow.com,https://photos.zillowstatic.com/fp/1ffb12a24ca85cf9a7cc33cbfa96e1b2-p_c.jpg,2026-06-08 12:27,For Sale
26803466,12007 Quincy Ln,75230,Dallas,TX,32.912727,-96.81489,2940000,490.0,-59900.0,2840100.0,6496.0,5.0,8.0,5998.0,2025.0,0.37,singleFamily,87,1788170.0,2025,https://www.zillow.com,https://photos.zillowstatic.com/fp/f9a9e0ead227fe2b2a71ac147a46f520-p_c.jpg,2026-06-08 12:27,For Sale
26750062,7028 Wake Forrest Dr,75214,Dallas,TX,32.853703,-96.73813,590000,484.0,,583300.0,2583.0,3.0,2.0,1220.0,1959.0,8015.04,singleFamily,3,554360.0,2025,https://www.zillow.com,https://photos.zillowstatic.com/fp/c2157a4a58d73db599ddd02a5dd0fe88-p_c.jpg,2026-06-08 12:27,For Sale
26694852,5740 Morningside Ave,75206,Dallas,TX,32.828663,-96.76843,1495000,515.0,,1430400.0,7794.0,3.0,4.0,2901.0,1925.0,10105.92,singleFamily,9,1304560.0,2025,https://www.zillow.com,https://photos.zillowstatic.com/fp/ec92ed535537bbcf28ed2b8ea231ff87-p_c.jpg,2026-06-08 12:27,For Sale
26750994,6396 Abrams Ct,75231,Dallas,TX,32.86111,-96.74454,389000,263.0,-10000.0,382900.0,2351.0,2.0,2.0,1480.0,1980.0,4094.64,singleFamily,50,376000.0,2025,https://www.zillow.com,https://photos.zillowstatic.com/fp/6579eefe10fe52f79b6704876798de9f-p_c.jpg,2026-06-08 12:27,For Sale
26707377,6829 Santa Maria Ln,75214,Dallas,TX,32.83995,-96.74181,999000,477.0,-100000.0,955200.0,5864.0,3.0,3.0,2096.0,1963.0,8973.36,singleFamily,24,841500.0,2025,https://www.zillow.com,https://photos.zillowstatic.com/fp/e777a5df647476da480c1ed0b5ce0c23-p_c.jpg,2026-06-08 12:27,For Sale
26931132,5300 Keller Springs Rd APT 2055,75248,Dallas,TX,32.96763,-96.816536,168000,184.0,,144100.0,1476.0,2.0,2.0,915.0,1982.0,8.598,condo,1,201300.0,2025,https://www.zillow.com,https://photos.zillowstatic.com/fp/311f8a6c01b0f0a6b82c09d6abf0252f-p_c.jpg,2026-06-08 12:27,For Sale
26879828,3543 Ridgebriar Dr,75234,Dallas,TX,32.915077,-96.85929,365000,166.0,,353700.0,2611.0,4.0,2.0,2205.0,1962.0,7579.44,singleFamily,2,329140.0,2025,https://www.zillow.com,https://photos.zillowstatic.com/fp/310debec9fb56c24b49bda0a5bf5b0dd-p_c.jpg,2026-06-08 12:27,For Sale
26858880,10919 Ridgemeadow Dr,75218,Dallas,TX,32.85872,-96.69603,849900,377.0,,,,3.0,3.0,2253.0,1968.0,9060.48,singleFamily,3,629550.0,2025,https://www.zillow.com,https://photos.zillowstatic.com/fp/f3357b6424b129df0834bfe44e5c60d3-p_c.jpg,2026-06-08 12:27,For Sale
26876402,6021 Timber Creek Ln,75248,Dallas,TX,32.98032,-96.80144,700000,292.0,,,,3.0,2.0,2395.0,1977.0,7448.76,singleFamily,3,541790.0,2025,https://www.zillow.com,https://photos.zillowstatic.com/fp/09881305ce1f04a69f04eb5607a9db47-p_c.jpg,2026-06-08 12:27,For Sale
26701668,6407 Velasco Ave,75214,Dallas,TX,32.821293,-96.75253,949000,508.0,,907500.0,3603.0,3.0,2.0,1867.0,1933.0,7579.44,singleFamily,2,779030.0,2025,https://www.zillow.com,https://photos.zillowstatic.com/fp/14e4e34289b3b9b0ed531e1cc1b8c45e-p_c.jpg,2026-06-08 12:27,For Sale
96513896,10617 Bridge Hollow Ct,75229,Dallas,TX,32.891716,-96.821815,12900000,880.0,,,,6.0,10.0,14653.0,2018.0,1.442,singleFamily,128,13054400.0,2025,https://www.zillow.com,https://photos.zillowstatic.com/fp/f1ff92924720936e0a69b725c1811b44-p_c.jpg,2026-06-08 12:27,For Sale
26773611,141 W Brownlee Ave,75224,Dallas,TX,32.71148,-96.82475,155000,153.0,,,2166.0,4.0,2.0,1015.0,1946.0,0.294,singleFamily,9,194320.0,2025,https://www.zillow.com,https://photos.zillowstatic.com/fp/36a7dc81263d5307bfe8d5236f01ec81-p_c.jpg,2026-06-08 12:27,For Sale
54010846,3548 Misty Meadow Dr,75287,Dallas,TX,32.993702,-96.856255,395000,216.0,,386700.0,2506.0,3.0,2.0,1832.0,1995.0,6185.52,singleFamily,2,414415.0,2025,https://www.zillow.com,https://photos.zillowstatic.com/fp/9eaec411351d126b328237ad074e37bf-p_c.jpg,2026-06-08 12:27,For Sale
26765866,3155 E Ledbetter Dr,75216,Dallas,TX,32.698017,-96.765724,169900,121.0,,,1830.0,3.0,2.0,1400.0,1955.0,9844.56,singleFamily,6,248300.0,2025,https://www.zillow.com,https://photos.zillowstatic.com/fp/3b9de131c35da7ca43602c1a0fbe7542-p_c.jpg,2026-06-08 12:27,For Sale
26746469,10208 Lake Gardens Dr,75218,Dallas,TX,32.843025,-96.697,475000,356.0,,,,2.0,2.0,1335.0,1951.0,0.2555,singleFamily,22,599920.0,2025,https://www.zillow.com,https://photos.zillowstatic.com/fp/c1530a858806604dd4993c3accdfac7c-p_c.jpg,2026-06-08 12:27,For Sale
26850929,11007 McCree Rd,75238,Dallas,TX,32.874596,-96.69316,465000,222.0,,,,4.0,2.0,2096.0,1974.0,8450.64,singleFamily,1,421970.0,2025,https://www.zillow.com,https://photos.zillowstatic.com/fp/2102e74a8d614f609d3282937cff47e2-p_c.jpg,2026-06-08 12:27,For Sale
26866267,9410 Shady Valley Dr,75238,Dallas,TX,32.887432,-96.72168,1199000,348.0,,,,4.0,4.0,3446.0,1977.0,9452.52,singleFamily,3,1057110.0,2025,https://www.zillow.com,https://photos.zillowstatic.com/fp/94d787653bb553157f642f1ac0521326-p_c.jpg,2026-06-08 12:27,For Sale
26857535,831 Kelso Dr,75211,Dallas,TX,32.73693,-96.92314,299000,160.0,-1000.0,294700.0,2741.0,5.0,3.0,1873.0,1970.0,7753.68,singleFamily,80,245510.0,2025,https://www.zillow.com,https://photos.zillowstatic.com/fp/fdc3acf76de8ac2a7ed962e5c27702ec-p_c.jpg,2026-06-08 12:27,For Sale
26865881,9503 Summerhill Ln,75238,Dallas,TX,32.893238,-96.72212,439000,211.0,,424600.0,1788.0,3.0,3.0,2080.0,1978.0,9888.12,singleFamily,5,427630.0,2025,https://www.zillow.com,https://photos.zillowstatic.com/fp/f1f8a495b4a59ea4368ad643b83f3cd9-p_c.jpg,2026-06-08 12:27,For Sale
26787721,3611 Marsh Lane Pl,75220,Dallas,TX,32.87962,-96.85696,525000,209.0,-50000.0,,,3.0,3.0,2512.0,1953.0,10846.44,singleFamily,61,575000.0,2025,https://www.zillow.com,https://photos.zillowstatic.com/fp/acb7031a247e670b8196f34514758855-p_c.jpg,2026-06-08 12:27,For Sale
26773376,322 W Brownlee Ave,75224,Dallas,TX,32.709957,-96.82748,290000,187.0,,,1926.0,3.0,2.0,1551.0,2026.0,7274.52,singleFamily,3,70000.0,2025,https://www.zillow.com,https://photos.zillowstatic.com/fp/ad351ef474eb61e09fb4a69f0fa02722-p_c.jpg,2026-06-08 12:27,For Sale
26890378,7701 Kilbride Cir,75248,Dallas,TX,32.97475,-96.77252,1250000,353.0,,1183700.0,6010.0,4.0,3.0,3540.0,1976.0,0.389,singleFamily,3,850000.0,2025,https://www.zillow.com,https://photos.zillowstatic.com/fp/d80b1422eaa91b89bfc82df2d2240e7f-p_c.jpg,2026-06-08 12:27,For Sale
26645669,4847 Holly Tree Dr,75287,Dallas,TX,32.998787,-96.82273,1249900,308.0,,1196300.0,5442.0,4.0,4.0,4062.0,1999.0,10018.8,singleFamily,1,1012714.0,2025,https://www.zillow.com,https://photos.zillowstatic.com/fp/b39dff5d98bf907717816138283ebe82-p_c.jpg,2026-06-08 12:27,For Sale
26695594,5126 Ridgedale Ave,75206,Dallas,TX,32.825203,-96.78347,1650000,419.0,,1565500.0,7859.0,5.0,5.0,3934.0,2008.0,7230.96,singleFamily,4,1345600.0,2025,https://www.zillow.com,https://photos.zillowstatic.com/fp/c478f379d5210595cc3f32f8ad5286f9-p_c.jpg,2026-06-08 12:27,For Sale
26866953,9624 Bellewood Dr,75238,Dallas,TX,32.8743,-96.72172,2250000,496.0,,2196800.0,3731.0,4.0,5.0,4536.0,2026.0,9234.72,singleFamily,2,740000.0,2025,https://www.zillow.com,https://photos.zillowstatic.com/fp/e4ff69b303bdde1c0898e810c152c48a-p_c.jpg,2026-06-08 12:27,For Sale
26717377,1126 N Windomere Ave,75208,Dallas,TX,32.758278,-96.8436,779000,432.0,-21000.0,,,3.0,2.0,1803.0,1925.0,7492.32,singleFamily,59,696410.0,2025,https://www.zillow.com,https://photos.zillowstatic.com/fp/51ab4b95869147bc69d5fb27f4ec7040-p_c.jpg,2026-06-08 12:27,For Sale
53070023,7123 Debbe Dr,75252,Dallas,TX,32.99406,-96.78269,950000,300.0,,947100.0,4786.0,5.0,3.0,3167.0,1981.0,0.25,singleFamily,4,897328.0,2025,https://www.zillow.com,https://photos.zillowstatic.com/fp/ecdda8c1b45fa3e059674e1a83eb20f4-p_c.jpg,2026-06-08 12:27,For Sale
26915309,6319 Lake Bluff Dr,75249,Dallas,TX,32.645866,-96.96924,445000,167.0,,434900.0,5931.0,4.0,3.0,2662.0,1989.0,8668.44,singleFamily,17,401520.0,2025,https://www.zillow.com,https://photos.zillowstatic.com/fp/14843502ca97761cfa25df5591962e6b-p_c.jpg,2026-06-08 12:27,For Sale
53390066,1412 Santa Elena Plz,75211,Dallas,TX,32.733715,-96.915115,315000,167.0,,307800.0,2598.0,4.0,4.0,1886.0,2000.0,6185.52,singleFamily,5,329800.0,2025,https://www.zillow.com,https://photos.zillowstatic.com/fp/f28dcf185c978c70092bbfb0d19bf917-p_c.jpg,2026-06-08 12:27,For Sale
26876653,17214 Club Hill Dr,75248,Dallas,TX,32.98387,-96.814285,6999000,781.0,-296000.0,,,5.0,7.0,8964.0,1982.0,9234.72,singleFamily,59,4747970.0,2025,https://www.zillow.com,https://photos.zillowstatic.com/fp/5f5b8ed2c8c6df84539b3325cf678bd5-p_c.jpg,2026-06-08 12:27,For Sale
26689635,5846 Goliad Ave,75206,Dallas,TX,32.81831,-96.76604,1580000,352.0,,1519100.0,7687.0,5.0,6.0,4488.0,2006.0,8973.36,singleFamily,2,1456280.0,2025,https://www.zillow.com,https://photos.zillowstatic.com/fp/a4c22214808fb685a083345500e639b5-p_c.jpg,2026-06-08 12:27,For Sale
26931753,9827 Walnut St #210,75243,Dallas,TX,32.922752,-96.713715,59000,57.0,-10000.0,55400.0,1500.0,2.0,2.0,1031.0,1983.0,8.8143,condo,177,113410.0,2025,https://www.zillow.com,https://photos.zillowstatic.com/fp/2d53b4ef5d251f8ca2b79eccfe93777a-p_c.jpg,2026-06-08 12:27,For Sale
26585965,5420 Hilton Head Dr,75287,Dallas,TX,32.987755,-96.82439,1139900,290.0,,1090100.0,6037.0,5.0,4.0,3931.0,1982.0,0.37,singleFamily,4,957000.0,2025,https://www.zillow.com,https://photos.zillowstatic.com/fp/19bffdfb82880d22fa8a997675418300-p_c.jpg,2026-06-08 12:27,For Sale
26702914,6002 Morningside Ave,75206,Dallas,TX,32.82863,-96.76346,949000,565.0,,,,3.0,2.0,1679.0,1948.0,8450.64,singleFamily,2,870650.0,2025,https://www.zillow.com,https://photos.zillowstatic.com/fp/939d468165b0ea5fdd4f248115004223-p_c.jpg,2026-06-08 12:27,For Sale
26779431,1529 Windchime Dr,75224,Dallas,TX,32.69349,-96.847595,374900,184.0,,369500.0,3059.0,4.0,2.0,2043.0,1965.0,0.445,singleFamily,7,382220.0,2025,https://www.zillow.com,https://photos.zillowstatic.com/fp/6e60e78337d0fb9eb3dea4582073defc-p_c.jpg,2026-06-08 12:27,For Sale
26867597,7310 Hundley Blvd,75231,Dallas,TX,32.881535,-96.74287,787000,312.0,,,,3.0,3.0,2522.0,1978.0,8319.96,singleFamily,4,650000.0,2025,https://www.zillow.com,https://photos.zillowstatic.com/fp/07e539ca9e2c3dfde793c6b2db2b32d3-p_c.jpg,2026-06-08 12:27,For Sale
26703463,6231 McCommas Blvd,75214,Dallas,TX,32.82956,-96.75874,2275000,450.0,,2177900.0,6734.0,5.0,6.0,5057.0,2025.0,7274.52,singleFamily,26,1162370.0,2025,https://www.zillow.com,https://photos.zillowstatic.com/fp/95b6696b03a62661f10aa33cc60a0c3e-p_c.jpg,2026-06-08 12:27,For Sale
61870889,4009 W Lawther Dr,75214,Dallas,TX,32.83578,-96.726906,14950000,1422.0,-5000000.0,,98808.0,5.0,9.0,10511.0,1929.0,10.0,singleFamily,318,19789180.0,2025,https://www.zillow.com,https://photos.zillowstatic.com/fp/daf9c65b69a1a24e426bfd54792ac881-p_c.jpg,2026-06-08 12:27,For Sale
26862258,1646 Briar Cliff Rd,75235,Dallas,TX,32.813343,-96.85002,225000,187.0,-15000.0,,2039.0,3.0,2.0,1204.0,1949.0,5706.36,singleFamily,75,350750.0,2025,https://www.zillow.com,https://photos.zillowstatic.com/fp/fa31589e87851caf85dfbb76000921d8-p_c.jpg,2026-06-08 12:27,For Sale
26723881,1218 Brunner Ave,75224,Dallas,TX,32.72687,-96.84284,429900,226.0,,421700.0,2965.0,2.0,2.0,1902.0,1928.0,0.278,singleFamily,4,348950.0,2025,https://www.zillow.com,https://photos.zillowstatic.com/fp/bc0df4d8f6106661ee71a703b58bd57d-p_c.jpg,2026-06-08 12:27,For Sale
462285750,1621 Bannock Ave,75215,Dallas,TX,32.74878,-96.76409,449000,214.0,,445100.0,2876.0,4.0,4.0,2100.0,2026.0,5998.212,singleFamily,31,,,https://www.zillow.com,https://photos.zillowstatic.com/fp/a7867b0886d28d6dafd212024faac89d-p_c.jpg,2026-06-08 12:27,For Sale
26864370,11022 Ferndale Rd,75238,Dallas,TX,32.892773,-96.71707,649900,265.0,,638200.0,4180.0,4.0,3.0,2457.0,1967.0,8929.8,singleFamily,2,630880.0,2025,https://www.zillow.com,https://photos.zillowstatic.com/fp/c178535d837215bf08f2bfc6e42dac2d-p_c.jpg,2026-06-08 12:27,For Sale
26848247,6120 Preston Creek Dr,75240,Dallas,TX,32.9358,-96.80345,1000000,281.0,,949100.0,5829.0,4.0,4.0,3556.0,1971.0,0.461,singleFamily,3,1050170.0,2025,https://www.zillow.com,https://photos.zillowstatic.com/fp/465980ded9938ac77208d84f7f7737f7-p_c.jpg,2026-06-08 12:27,For Sale
26852594,3024 Ruidosa Ave,75228,Dallas,TX,32.845203,-96.66367,199000,131.0,,,2074.0,3.0,2.0,1518.0,1955.0,0.351,singleFamily,4,285190.0,2025,https://www.zillow.com,https://photos.zillowstatic.com/fp/0e931ff0ecbac730f92932162a88e2ce-p_c.jpg,2026-06-08 12:27,For Sale
26851754,13321 Purple Sage Rd,75240,Dallas,TX,32.929237,-96.7778,1200000,457.0,,1136100.0,6676.0,3.0,3.0,2624.0,1966.0,0.355,singleFamily,22,968160.0,2025,https://www.zillow.com,https://photos.zillowstatic.com/fp/f5c3d3e19fb72eee6f71cdbe16794856-p_c.jpg,2026-06-08 12:27,For Sale
26857947,4432 Willow Ln,75244,Dallas,TX,32.91401,-96.83275,1799000,430.0,,,7173.0,5.0,6.0,4181.0,1963.0,0.39,singleFamily,9,1225310.0,2025,https://www.zillow.com,https://photos.zillowstatic.com/fp/7c21527e067075cabb50409039790298-p_c.jpg,2026-06-08 12:27,For Sale
26898048,2911 Magnolia Hill Ct,75201,Dallas,TX,32.79339,-96.811455,1800000,755.0,,1669400.0,5706.0,2.0,2.0,2385.0,1996.0,1306.8,townhome,9,1464900.0,2025,https://www.zillow.com,https://photos.zillowstatic.com/fp/c8237bb9ae6deadee241ada90c03856a-p_c.jpg,2026-06-08 12:27,For Sale
26749388,6406 Chesley Ln,75214,Dallas,TX,32.84665,-96.75261,625000,315.0,,627200.0,2965.0,3.0,2.0,1983.0,1953.0,0.259,singleFamily,0,619140.0,2025,https://www.zillow.com,https://photos.zillowstatic.com/fp/cec879a818f3b4e368eb33780d521df2-p_c.jpg,2026-06-08 12:27,For Sale
26927771,5138 Westgrove Dr #5138,75248,Dallas,TX,32.975246,-96.82032,425000,222.0,-10000.0,,,2.0,3.0,1918.0,1982.0,9.591,condo,92,412370.0,2025,https://www.zillow.com,https://photos.zillowstatic.com/fp/fe01b2840f1b6f87629c63312f94d2ac-p_c.jpg,2026-06-08 12:27,For Sale
26690629,5326 Vickery Blvd,75206,Dallas,TX,32.82209,-96.77877,1199990,513.0,,1142000.0,5890.0,3.0,3.0,2340.0,1920.0,8494.2,singleFamily,2,865540.0,2025,https://www.zillow.com,https://photos.zillowstatic.com/fp/c99af7459b919b5469d4881837b74a9d-p_c.jpg,2026-06-08 12:27,For Sale
26865267,10406 Yorkford Dr,75238,Dallas,TX,32.884274,-96.70591,585000,334.0,,562500.0,3005.0,3.0,2.0,1752.0,1960.0,9478.656,singleFamily,2,543260.0,2025,https://www.zillow.com,https://photos.zillowstatic.com/fp/2a1e2f15b2b9199510d4fbc69b635676-p_c.jpg,2026-06-08 12:27,For Sale
26881027,4371 Mill Creek Rd,75244,Dallas,TX,32.92083,-96.83467,1390000,446.0,-109000.0,1347300.0,5484.0,4.0,3.0,3118.0,1970.0,0.386,singleFamily,4,905560.0,2025,https://www.zillow.com,https://photos.zillowstatic.com/fp/af7045d0984459d919da13b3a5e8188d-p_c.jpg,2026-06-08 12:27,For Sale
26705950,6452 Anita St,75214,Dallas,TX,32.83431,-96.75069,2680000,534.0,,,,6.0,6.0,5020.0,2026.0,7492.32,singleFamily,5,525000.0,2025,https://www.zillow.com,https://photos.zillowstatic.com/fp/8938127f38b1f63dd77eca83e3c979cd-p_c.jpg,2026-06-08 12:27,For Sale
26788423,4107 Lomita Ln,75220,Dallas,TX,32.87025,-96.84182,999000,535.0,,951200.0,4085.0,3.0,2.0,1869.0,1953.0,0.265,singleFamily,1,741370.0,2025,https://www.zillow.com,https://photos.zillowstatic.com/fp/f90fce3963ed3f2f424418d6c0e04742-p_c.jpg,2026-06-08 12:27,For Sale
162230355,1650 Macmanus Dr,75228,Dallas,TX,32.829193,-96.69052,589000,364.0,,566800.0,2597.0,3.0,2.0,1620.0,1955.0,9234.72,singleFamily,3,385000.0,2025,https://www.zillow.com,https://photos.zillowstatic.com/fp/c8bb94096e9cde94bb1db60c5b6576d5-p_c.jpg,2026-06-08 12:27,For Sale
26694831,5703 Mercedes Ave,75206,Dallas,TX,32.828243,-96.76997,799000,528.0,-26000.0,778000.0,3983.0,3.0,2.0,1512.0,1924.0,6621.12,singleFamily,24,694550.0,2025,https://www.zillow.com,https://photos.zillowstatic.com/fp/a39147638cdfb000d547d092cedbff61-p_c.jpg,2026-06-08 12:27,For Sale
344555563,2404 Colony Ct #2406,75235,Dallas,TX,32.835716,-96.85545,330000,213.0,,,3305.0,4.0,2.0,1552.0,1947.0,6072.264,multiFamily,4,,,https://www.zillow.com,https://photos.zillowstatic.com/fp/d4569230752917f565989118ae61927c-p_c.jpg,2026-06-08 12:27,For Sale
26701640,6418 Westlake Ave,75214,Dallas,TX,32.821693,-96.75204,1395000,498.0,,,,3.0,3.0,2804.0,1934.0,7230.96,singleFamily,2,955640.0,2025,https://www.zillow.com,https://photos.zillowstatic.com/fp/5fabacbbc3e01177e68ca600110e0045-p_c.jpg,2026-06-08 12:27,For Sale
162377978,4032 Echo Glen Dr,75244,Dallas,TX,32.91533,-96.84199,2495000,525.0,,2427900.0,4340.0,5.0,5.0,4753.0,2026.0,0.252,singleFamily,3,647340.0,2025,https://www.zillow.com,https://photos.zillowstatic.com/fp/0b73c18b836a7bf5a7871a1913c5b35e-p_c.jpg,2026-06-08 12:27,For Sale
26691115,2515 Southland St,75215,Dallas,TX,32.753834,-96.75776,515500,255.0,,508500.0,2940.0,4.0,3.0,2020.0,2025.0,7666.56,singleFamily,37,76500.0,2025,https://www.zillow.com,https://photos.zillowstatic.com/fp/7b912645228619ef708d18e38ba0642e-p_c.jpg,2026-06-08 12:27,For Sale
26758203,10722 Bushire Dr,75229,Dallas,TX,32.892456,-96.83327,2795000,666.0,,2650400.0,6760.0,4.0,5.0,4199.0,2015.0,0.376,singleFamily,6,2557610.0,2025,https://www.zillow.com,https://photos.zillowstatic.com/fp/09f9dd29c47653089eb6deba4f5b5f41-p_c.jpg,2026-06-08 12:27,For Sale
67961530,2522 Wilhurt Ave,75216,Dallas,TX,32.703674,-96.78344,160000,129.0,,,1829.0,4.0,2.0,1244.0,1940.0,6359.76,singleFamily,8,246150.0,2025,https://www.zillow.com,https://photos.zillowstatic.com/fp/cf00a5b9db34c932e46b63392ef8d893-p_c.jpg,2026-06-08 12:27,For Sale
26700783,710 Newell Ave,75223,Dallas,TX,32.806065,-96.74113,1125000,474.0,,,,4.0,4.0,2371.0,1926.0,7143.84,singleFamily,20,846250.0,2025,https://www.zillow.com,https://photos.zillowstatic.com/fp/efac3a40174a42ed44b16933bc603327-p_c.jpg,2026-06-08 12:27,For Sale
26865137,10612 Estate Ln,75238,Dallas,TX,32.882633,-96.70192,535000,330.0,,,,3.0,2.0,1622.0,1960.0,8581.32,singleFamily,2,460000.0,2025,https://www.zillow.com,https://photos.zillowstatic.com/fp/ba9da0a2135f374a6d1bf3b1e397b94e-p_c.jpg,2026-06-08 12:27,For Sale
26826987,3837 Kimball Ridge Dr,75233,Dallas,TX,32.696194,-96.882164,345000,162.0,,336800.0,2711.0,3.0,3.0,2135.0,1963.0,0.29,singleFamily,5,378540.0,2025,https://www.zillow.com,https://photos.zillowstatic.com/fp/00784e694009095c972ee232cb405146-p_c.jpg,2026-06-08 12:27,For Sale
26634329,4360 N Capistrano Dr,75287,Dallas,TX,33.006756,-96.83441,449000,187.0,,437800.0,3342.0,3.0,3.0,2399.0,1988.0,3920.4,singleFamily,9,482653.0,2025,https://www.zillow.com,https://photos.zillowstatic.com/fp/b230d21a197ce3ec2138f595b747c780-p_c.jpg,2026-06-08 12:27,For Sale
26725581,2511 Burlington Blvd,75211,Dallas,TX,32.737427,-96.859604,345000,310.0,,345600.0,2224.0,2.0,1.0,1112.0,1925.0,7492.32,singleFamily,6,341070.0,2025,https://www.zillow.com,https://photos.zillowstatic.com/fp/fc3188e54b18fad466d59971deff8ef8-p_c.jpg,2026-06-08 12:27,For Sale
26873071,15745 Havenrock Cir,75248,Dallas,TX,32.9643,-96.78187,699000,286.0,,675200.0,4121.0,4.0,3.0,2447.0,1970.0,7361.64,singleFamily,38,487960.0,2025,https://www.zillow.com,https://photos.zillowstatic.com/fp/877599d7a570477ad41f5f2aa2b54321-p_c.jpg,2026-06-08 12:27,For Sale
26803813,5907 Northaven Rd,75230,Dallas,TX,32.90257,-96.80726,2100000,724.0,,1977600.0,6671.0,4.0,3.0,2900.0,1959.0,0.474,singleFamily,1,1285750.0,2025,https://www.zillow.com,https://photos.zillowstatic.com/fp/ca34456e9caf61266e8aa35b73fa98e9-p_c.jpg,2026-06-08 12:27,For Sale
26819133,9776 Faircloud Dr,75217,Dallas,TX,32.74182,-96.653854,235000,168.0,,234100.0,1828.0,4.0,2.0,1400.0,1973.0,8058.6,singleFamily,3,201620.0,2025,https://www.zillow.com,https://photos.zillowstatic.com/fp/150fe7f2d050d9248def8df808cc33f3-p_c.jpg,2026-06-08 12:27,For Sale
96514266,1815 Kingsley Dr,75216,Dallas,TX,32.688026,-96.79526,30000,,-3200.0,,1425.0,,,,,0.622,land,559,112500.0,2025,https://www.zillow.com,https://photos.zillowstatic.com/fp/7ca35be8edb4200e90775bb805a47094-p_c.jpg,2026-06-08 12:27,For Sale
26608895,4055 Seabury Dr,75287,Dallas,TX,33.000923,-96.84105,480000,213.0,,470400.0,3254.0,4.0,2.0,2255.0,1986.0,7840.8,singleFamily,1,509921.0,2025,https://www.zillow.com,https://photos.zillowstatic.com/fp/203ea84d7db33a47a10bc7ef1813cfc1-p_c.jpg,2026-06-08 12:27,For Sale
26872702,6741 Regalbluff Dr,75248,Dallas,TX,32.95281,-96.79272,925000,256.0,,882100.0,5776.0,4.0,4.0,3609.0,1974.0,0.338,singleFamily,1,676000.0,2025,https://www.zillow.com,https://photos.zillowstatic.com/fp/687a03fdf62c68b25178906645617a7e-p_c.jpg,2026-06-08 12:27,For Sale
26718139,825 Thomasson Dr,75208,Dallas,TX,32.756374,-96.83657,649000,493.0,,,,2.0,2.0,1317.0,1928.0,7492.32,singleFamily,2,680410.0,2025,https://www.zillow.com,https://photos.zillowstatic.com/fp/5690ba415b5379689be015583131c9a8-p_c.jpg,2026-06-08 12:27,For Sale
26851066,9235 Rolling Rock Ln,75238,Dallas,TX,32.87389,-96.694115,525000,277.0,,,,3.0,2.0,1895.0,1974.0,10410.84,singleFamily,3,483760.0,2025,https://www.zillow.com,https://photos.zillowstatic.com/fp/4a44c23ce4fb9fc81880410e5b47804d-p_c.jpg,2026-06-08 12:27,For Sale
26758547,4558 Ridge Rd,75229,Dallas,TX,32.88554,-96.83301,2249000,515.0,-251000.0,2151600.0,7526.0,5.0,4.0,4370.0,2017.0,0.4,singleFamily,41,1857070.0,2025,https://www.zillow.com,https://photos.zillowstatic.com/fp/b67172945c1924488cc6c4de0a683021-p_c.jpg,2026-06-08 12:27,For Sale
26758177,4230 Royal Ridge Dr,75229,Dallas,TX,32.88917,-96.83778,949000,378.0,,907000.0,5365.0,4.0,4.0,2513.0,1969.0,0.264,singleFamily,5,944720.0,2025,https://www.zillow.com,https://photos.zillowstatic.com/fp/e5b6fba5e94c5eaaeba58c4f1306aa5c-p_c.jpg,2026-06-08 12:27,For Sale
26625653,18040 Midway Rd APT 127,75287,Dallas,TX,32.995396,-96.842155,224900,179.0,-24100.0,222500.0,1961.0,2.0,2.0,1257.0,1984.0,1058.508,condo,37,216001.0,2025,https://www.zillow.com,https://photos.zillowstatic.com/fp/96c0082c8a129e9bb7b556a86094bcd8-p_c.jpg,2026-06-08 12:27,For Sale
26694735,6162 Prospect Ave,75214,Dallas,TX,32.814735,-96.75886,2275000,537.0,,2190100.0,5889.0,5.0,6.0,4233.0,2026.0,9408.96,singleFamily,5,638060.0,2025,https://www.zillow.com,https://photos.zillowstatic.com/fp/745bf77c7a71bb880d0cd305dc0dfd45-p_c.jpg,2026-06-08 12:27,For Sale
26680077,4129 Bowser Ave,75219,Dallas,TX,32.816257,-96.80915,786000,199.0,,,,3.0,3.0,3956.0,1927.0,6141.96,singleFamily,10,1039410.0,2025,https://www.zillow.com,https://photos.zillowstatic.com/fp/58aaeebd5318249c8317fa1e5fe51600-p_c.jpg,2026-06-08 12:27,For Sale
26707030,6741 Alexander Dr,75214,Dallas,TX,32.82853,-96.743706,3250000,699.0,,3069100.0,6453.0,4.0,4.0,4648.0,2013.0,0.4,singleFamily,5,2705330.0,2025,https://www.zillow.com,https://photos.zillowstatic.com/fp/1791c11fcad6884bd2c009da370c240c-p_c.jpg,2026-06-08 12:27,For Sale
26812269,3048 Airhaven St,75229,Dallas,TX,32.905598,-96.874115,335000,174.0,-15000.0,,,3.0,2.0,1928.0,1981.0,5314.32,singleFamily,107,391660.0,2025,https://www.zillow.com,https://photos.zillowstatic.com/fp/504c796b67f901725a3a0ed28532582c-p_c.jpg,2026-06-08 12:27,For Sale
96508124,4607 Metropolitan Ave,75210,Dallas,TX,32.778957,-96.745674,265000,187.0,-7800.0,,2003.0,3.0,2.0,1415.0,2026.0,5662.8,singleFamily,45,40170.0,2025,https://www.zillow.com,https://photos.zillowstatic.com/fp/a8fe76d9dd50a73d7c8fa0581b165d53-p_c.jpg,2026-06-08 12:27,For Sale
26888828,6234 La Cosa Dr,75248,Dallas,TX,32.959396,-96.79814,699900,282.0,,675700.0,3394.0,3.0,3.0,2480.0,1979.0,8058.6,singleFamily,3,596060.0,2025,https://www.zillow.com,https://photos.zillowstatic.com/fp/d61a10c39cbbbc93ad1d13252b735885-p_c.jpg,2026-06-08 12:27,For Sale
26849777,12627 Breckenridge Dr #200,75230,Dallas,TX,32.92001,-96.78387,545000,270.0,,507000.0,2962.0,2.0,3.0,2017.0,1974.0,16.552,condo,3,471430.0,2025,https://www.zillow.com,https://photos.zillowstatic.com/fp/1172e9902c29353cc719cb0eef477b1b-p_c.jpg,2026-06-08 12:27,For Sale
26749347,6405 Glennox Ln,75214,Dallas,TX,32.850258,-96.75257,750000,225.0,-20000.0,720100.0,5292.0,5.0,4.0,3330.0,1953.0,0.256,singleFamily,23,726710.0,2025,https://www.zillow.com,https://photos.zillowstatic.com/fp/0bfcab816201b5bc6c813d5c582d5252-p_c.jpg,2026-06-08 12:27,For Sale
26909557,9404 Pinehaven Dr,75227,Dallas,TX,32.77079,-96.6617,229000,144.0,-20900.0,224900.0,1999.0,4.0,2.0,1590.0,1985.0,5606.172,singleFamily,58,240630.0,2025,https://www.zillow.com,https://photos.zillowstatic.com/fp/47a8fa880fac42fdb12547823ed1a4f6-p_c.jpg,2026-06-08 12:27,For Sale
67961836,4213 Dickason Ave APT 27,75219,Dallas,TX,32.81071,-96.814095,450000,228.0,-49900.0,442800.0,2923.0,2.0,2.0,1974.0,2004.0,1916.64,townhome,31,520000.0,2025,https://www.zillow.com,https://photos.zillowstatic.com/fp/e94369ad4b1ee43884f696c6b8c739ab-p_c.jpg,2026-06-08 12:27,For Sale
27291927,18072 Kelly Blvd,75287,Dallas,TX,33.00002,-96.86356,295000,236.0,-5000.0,291500.0,2058.0,3.0,2.0,1250.0,1998.0,4007.52,singleFamily,24,257818.0,2025,https://www.zillow.com,https://photos.zillowstatic.com/fp/6b7f0701c0f3793cc463aad9d274408f-p_c.jpg,2026-06-08 12:27,For Sale
96531451,12102 Jackson Creek Dr,75243,Dallas,TX,32.912968,-96.71752,624000,206.0,-1000.0,613600.0,4411.0,4.0,4.0,3034.0,2013.0,0.258,singleFamily,41,631260.0,2025,https://www.zillow.com,https://photos.zillowstatic.com/fp/7c6fbf55d938fe6fa9df292d30ea845d-p_c.jpg,2026-06-08 12:27,For Sale
26759779,5431 Edlen Dr,75220,Dallas,TX,32.879017,-96.81423,7400000,852.0,,,,5.0,7.0,8683.0,2000.0,1.0,singleFamily,6,5803920.0,2025,https://www.zillow.com,https://photos.zillowstatic.com/fp/2fe66a8d05f954b8b10f0e561c9df5e3-p_c.jpg,2026-06-08 12:27,For Sale
26716031,1206 Vermont Ave,75216,Dallas,TX,32.72677,-96.807076,450000,125.0,,444100.0,3970.0,4.0,4.0,3600.0,2021.0,9104.04,singleFamily,5,298420.0,2025,https://www.zillow.com,https://photos.zillowstatic.com/fp/823d6772ac9bcfad5b996e3928280b2b-p_c.jpg,2026-06-08 12:27,For Sale
333140681,3710 Redleaf Ln,75209,Dallas,TX,32.828075,-96.81944,849000,327.0,,,,3.0,4.0,2598.0,2022.0,2352.24,singleFamily,45,854750.0,2025,https://www.zillow.com,https://photos.zillowstatic.com/fp/7aa598cddd8aa689ea63d21a6fbd65e4-p_c.jpg,2026-06-08 12:27,For Sale
84004706,3210 Carlisle St Unit 48,75204,Dallas,TX,32.8048,-96.80165,620000,382.0,,,,2.0,3.0,1622.0,2006.0,2.568,condo,2,567000.0,2025,https://www.zillow.com,https://photos.zillowstatic.com/fp/2d019ae73f1b92a4c8dca7477d09f5b8-p_c.jpg,2026-06-08 12:27,For Sale
67964626,1505 Elm St APT 1003,75201,Dallas,TX,32.78161,-96.79958,325000,159.0,,320300.0,4976.0,3.0,3.0,2045.0,1957.0,10018.8,condo,4,398780.0,2025,https://www.zillow.com,https://photos.zillowstatic.com/fp/9e0b36dde1f8e854f608cb613e84094c-p_c.jpg,2026-06-08 12:27,For Sale
26882205,9145 Emberglow Ln,75243,Dallas,TX,32.91696,-96.73825,239000,197.0,,231500.0,1704.0,2.0,2.0,1213.0,1972.0,1210.968,townhome,10,247730.0,2025,https://www.zillow.com,https://photos.zillowstatic.com/fp/e1ad6e734d180c1fee36d141e0768ff4-p_c.jpg,2026-06-08 12:27,For Sale
26868929,9405 Rocky Branch Dr,75243,Dallas,TX,32.89981,-96.73746,824500,256.0,,,,5.0,4.0,3218.0,1976.0,0.281,singleFamily,30,976850.0,2025,https://www.zillow.com,https://photos.zillowstatic.com/fp/3b4036b9140fc71d17d4c34b1b3b7bac-p_c.jpg,2026-06-08 12:27,For Sale
26739325,8522 Park Ln APT 15,75231,Dallas,TX,32.87035,-96.75758,220000,104.0,,215300.0,1701.0,3.0,3.0,2120.0,1979.0,1.235,condo,2,275600.0,2025,https://www.zillow.com,https://photos.zillowstatic.com/fp/93074ac32cf753c068a038fb0c32d087-p_c.jpg,2026-06-08 12:27,For Sale
26757939,5214 Royal Ln,75229,Dallas,TX,32.89423,-96.81772,10995000,992.0,,10002800.0,2604.0,5.0,8.0,11081.0,2017.0,1.785,singleFamily,37,7303740.0,2025,https://www.zillow.com,https://photos.zillowstatic.com/fp/cb56097d67c82b550b194c5e17cdb825-p_c.jpg,2026-06-08 12:27,For Sale
2078209540,10644 Boedeker St,75230,Dallas,TX,32.892097,-96.777695,319900,221.0,,310900.0,2354.0,3.0,2.0,1450.0,1971.0,3702.6,townhome,3,,,https://www.zillow.com,https://photos.zillowstatic.com/fp/4a16a1ec629928cc91be87d79dc93058-p_c.jpg,2026-06-08 12:27,For Sale
26807447,3534 Ingleside Dr,75229,Dallas,TX,32.889,-96.86073,1775000,388.0,,1699300.0,4633.0,5.0,4.0,4571.0,2022.0,0.286,singleFamily,9,1621610.0,2025,https://www.zillow.com,https://photos.zillowstatic.com/fp/af26a0e72b8f2e107f7d1e0fa0db52c2-p_c.jpg,2026-06-08 12:27,For Sale
26869003,9517 Fallbrook Dr,75243,Dallas,TX,32.902004,-96.73191,675000,264.0,,,,3.0,3.0,2556.0,1973.0,8276.4,singleFamily,3,608420.0,2025,https://www.zillow.com,https://photos.zillowstatic.com/fp/d0fcb1ce9deaff6780213af55ae1a252-p_c.jpg,2026-06-08 12:27,For Sale
26681701,2727 Shelby Ave APT D,75219,Dallas,TX,32.807697,-96.8124,295000,261.0,-10000.0,288700.0,2626.0,2.0,3.0,1132.0,1979.0,0.882,townhome,52,308850.0,2025,https://www.zillow.com,https://photos.zillowstatic.com/fp/f594836c49f1178a28f4ba475af447f2-p_c.jpg,2026-06-08 12:27,For Sale
26801764,8351 Teresa Ln,75217,Dallas,TX,32.7222,-96.67574,175000,120.0,,173900.0,2023.0,3.0,2.0,1455.0,1961.0,7492.32,singleFamily,6,233390.0,2025,https://www.zillow.com,https://photos.zillowstatic.com/fp/f5e50e7262bd3c47bd47aa2ea9c70c9d-p_c.jpg,2026-06-08 12:27,For Sale
162326919,1836 Pueblo St,75212,Dallas,TX,32.77999,-96.849754,699000,218.0,,,,5.0,4.0,3200.0,2026.0,5662.8,singleFamily,3,217050.0,2025,https://www.zillow.com,https://photos.zillowstatic.com/fp/e15772e188d916b0ef1405e48869f265-p_c.jpg,2026-06-08 12:27,For Sale
26740235,8448 San Fernando Way,75218,Dallas,TX,32.8189,-96.715126,3750000,708.0,,3671900.0,5418.0,5.0,6.0,5300.0,2023.0,0.574,singleFamily,6,2409990.0,2025,https://www.zillow.com,https://photos.zillowstatic.com/fp/2084a8b409bdb0bb2db1967e455c4267-p_c.jpg,2026-06-08 12:27,For Sale
26777628,3228 E Perryton Dr,75224,Dallas,TX,32.71017,-96.84486,250000,164.0,,,,3.0,2.0,1526.0,1951.0,8842.68,singleFamily,8,274040.0,2025,https://www.zillow.com,https://photos.zillowstatic.com/fp/c0406d689752b05a22a9cff9d1d1759f-p_c.jpg,2026-06-08 12:27,For Sale
67964742,4050 McKinney Ave APT 12,75204,Dallas,TX,32.813446,-96.79198,499500,331.0,,490000.0,3143.0,2.0,3.0,1511.0,2003.0,0.421,condo,3,523320.0,2025,https://www.zillow.com,https://photos.zillowstatic.com/fp/e182763f7b01fe84ccc8b4ec6db239b6-p_c.jpg,2026-06-08 12:27,For Sale
333140526,5531 Walnut Hill Ln,75229,Dallas,TX,32.88134,-96.81123,15995000,1333.0,,14686400.0,44765.0,5.0,9.0,11997.0,2025.0,1.935,singleFamily,90,9628680.0,2025,https://www.zillow.com,https://photos.zillowstatic.com/fp/b66ba1ba3e875d4f7420766b86704a95-p_c.jpg,2026-06-08 12:27,For Sale
26869110,9604 Robin Meadow Dr,75243,Dallas,TX,32.90022,-96.73132,975000,300.0,,,,4.0,3.0,3250.0,1981.0,0.296,singleFamily,5,930680.0,2025,https://www.zillow.com,https://photos.zillowstatic.com/fp/7e8eed9d1976332854327a8019342f3c-p_c.jpg,2026-06-08 12:27,For Sale
53389844,2218 Ash Grove Way,75228,Dallas,TX,32.811115,-96.70503,669000,287.0,,,,4.0,3.0,2329.0,2001.0,4617.36,singleFamily,31,583460.0,2025,https://www.zillow.com,https://photos.zillowstatic.com/fp/9957113ca0124e7c50f4e4bd6bf57483-p_c.jpg,2026-06-08 12:27,For Sale
26688561,2703 Gertrude Ave,75210,Dallas,TX,32.77103,-96.7483,220000,161.0,,210600.0,1070.0,3.0,2.0,1365.0,1952.0,3963.96,singleFamily,3,94770.0,2025,https://www.zillow.com,https://photos.zillowstatic.com/fp/125984fa60cdca9264d6fa1a25edd8ec-p_c.jpg,2026-06-08 12:27,For Sale
26702846,5946 Mercedes Ave,75206,Dallas,TX,32.827667,-96.76381,1350000,414.0,,1295300.0,6796.0,4.0,3.0,3264.0,1932.0,7100.28,singleFamily,9,975380.0,2025,https://www.zillow.com,https://photos.zillowstatic.com/fp/f13e87f704b72c7f3b85dade56cad73a-p_c.jpg,2026-06-08 12:27,For Sale
26756970,10920 Strait Ln,75229,Dallas,TX,32.898327,-96.82428,9999999,892.0,,9323800.0,7133.0,6.0,10.0,11211.0,2025.0,0.721,singleFamily,39,9362840.0,2025,https://www.zillow.com,https://photos.zillowstatic.com/fp/20d0cf0eb60450b125fba124e6413651-p_c.jpg,2026-06-08 12:27,For Sale
26608807,5623 Plumtree Dr,75252,Dallas,TX,32.99564,-96.80818,1050000,293.0,,1001900.0,5783.0,4.0,4.0,3585.0,1983.0,10018.8,singleFamily,12,838973.0,2025,https://www.zillow.com,https://photos.zillowstatic.com/fp/2bf0d921f93a049017701ff10e9a4bf0-p_c.jpg,2026-06-08 12:27,For Sale
444242369,8181 Douglas Ave #Penthouse 9-12,75225,Dallas,TX,32.86198,-96.80891,17500000,1228.0,,,,5.0,13.0,14250.0,1982.0,0.4255,condo,36,,,https://www.zillow.com,https://photos.zillowstatic.com/fp/740a8ec79973c1a2fb3483c4cdf6d421-p_c.jpg,2026-06-08 12:27,For Sale
453046203,9839 Walnut St APT T206,75243,Dallas,TX,32.916245,-96.736465,66500,65.0,-500.0,,1547.0,2.0,2.0,1031.0,1981.0,,condo,34,,,https://www.zillow.com,https://photos.zillowstatic.com/fp/74d8b81a585e6d3939040f4bfa812cdf-p_c.jpg,2026-06-08 12:27,For Sale
26791625,2419 N Prairie Creek Rd,75227,Dallas,TX,32.754215,-96.66603,239000,146.0,,267300.0,2154.0,3.0,2.0,1638.0,1962.0,0.721,singleFamily,1,287900.0,2025,https://www.zillow.com,https://photos.zillowstatic.com/fp/9ce9b92755c90ed4da1d26cef95d5ccf-p_c.jpg,2026-06-08 12:27,For Sale
26630737,4267 Timberglen Rd,75287,Dallas,TX,33.004353,-96.83765,425000,220.0,,416000.0,2764.0,3.0,2.0,1930.0,1992.0,3920.4,singleFamily,9,418446.0,2025,https://www.zillow.com,https://photos.zillowstatic.com/fp/b259e76474a135dc0c206c56637be88f-p_c.jpg,2026-06-08 12:27,For Sale
80238522,433 Trinity River Cir,75203,Dallas,TX,32.762825,-96.815384,700000,339.0,,678700.0,3257.0,2.0,3.0,2064.0,2006.0,1568.16,townhome,9,674050.0,2025,https://www.zillow.com,https://photos.zillowstatic.com/fp/f6910dc39a7783a52be995c36592ae2d-p_c.jpg,2026-06-08 12:27,For Sale
26789953,3933 Cortez Dr,75220,Dallas,TX,32.866474,-96.847534,1995000,431.0,,1934900.0,2352.0,5.0,6.0,4634.0,2026.0,9626.76,singleFamily,1,555830.0,2025,https://www.zillow.com,https://photos.zillowstatic.com/fp/30079e96c932f2acc06063c5242dbd9d-p_c.jpg,2026-06-08 12:27,For Sale
26860038,8034 Greenhollow Ln,75240,Dallas,TX,32.93785,-96.76769,418000,200.0,,413100.0,2942.0,5.0,3.0,2086.0,1961.0,8102.16,singleFamily,24,314120.0,2025,https://www.zillow.com,https://photos.zillowstatic.com/fp/d99684671c4bcd078842ebe66e66f571-p_c.jpg,2026-06-08 12:27,For Sale
26648700,6144 Jereme Trl,75252,Dallas,TX,33.00291,-96.799904,365000,227.0,,352200.0,2415.0,2.0,2.0,1610.0,1985.0,3920.4,singleFamily,9,419981.0,2025,https://www.zillow.com,https://photos.zillowstatic.com/fp/46a6b5a4f282ca6e29e38ec2f4a25eb9-p_c.jpg,2026-06-08 12:27,For Sale
26893611,7246 Arbor Oaks Dr,75248,Dallas,TX,32.975502,-96.78178,925000,330.0,-25000.0,,,4.0,3.0,2805.0,1977.0,8494.2,singleFamily,67,850500.0,2025,https://www.zillow.com,https://photos.zillowstatic.com/fp/2c1d97b900485929056fe29f9e0cc0bd-p_c.jpg,2026-06-08 12:27,For Sale
26702043,6905 Wabash Cir,75214,Dallas,TX,32.824696,-96.74096,1750000,513.0,,1664000.0,5880.0,5.0,3.0,3411.0,1967.0,0.294,singleFamily,9,1453030.0,2025,https://www.zillow.com,https://photos.zillowstatic.com/fp/c1cc4ccc08d3472c675cc0d1a34d9fb9-p_c.jpg,2026-06-08 12:27,For Sale
462787428,3193 & 3195 Stag Rd,75241,Dallas,TX,32.69554,-96.76238,700000,203.0,,,,6.0,6.0,3440.0,2026.0,6882.48,multiFamily,9,,,https://www.zillow.com,https://photos.zillowstatic.com/fp/9c6a2122c5adca5037f39bbcd556103b-p_c.jpg,2026-06-08 12:27,For Sale
26887276,6306 Oakleaf Rd,75248,Dallas,TX,32.96487,-96.79694,839000,285.0,,808100.0,5369.0,4.0,3.0,2946.0,1979.0,10672.2,singleFamily,2,775800.0,2025,https://www.zillow.com,https://photos.zillowstatic.com/fp/efc659f214037cf0978233ff4c50037a-p_c.jpg,2026-06-08 12:27,For Sale
26739317,8522 Park Ln APT 6,75231,Dallas,TX,32.870304,-96.75759,185000,87.0,-5000.0,,,2.0,3.0,2120.0,1979.0,1.235,singleFamily,107,275600.0,2025,https://www.zillow.com,https://photos.zillowstatic.com/fp/96e6d3893c340538e772cd272313ee47-p_c.jpg,2026-06-08 12:27,For Sale
26883073,12804 Whispering Hills Dr,75243,Dallas,TX,32.921635,-96.70871,299000,124.0,-9750.0,293700.0,3590.0,4.0,3.0,2409.0,1977.0,0.262,singleFamily,67,400960.0,2025,https://www.zillow.com,https://photos.zillowstatic.com/fp/143a3a3d3a35a7d20715d815e0b9b870-p_c.jpg,2026-06-08 12:27,For Sale
61869960,1999 McKinney Ave APT 605,75201,Dallas,TX,32.79043,-96.80398,799000,330.0,,,,2.0,2.0,2421.0,2000.0,0.668,condo,31,786830.0,2025,https://www.zillow.com,https://photos.zillowstatic.com/fp/bb39f99e44965bc6d04110e9afb863df-p_c.jpg,2026-06-08 12:27,For Sale
27298891,17909 Brent Dr,75287,Dallas,TX,32.994884,-96.862274,489999,198.0,-10000.0,,,4.0,3.0,2470.0,1998.0,5967.72,singleFamily,73,481274.0,2025,https://www.zillow.com,https://photos.zillowstatic.com/fp/dc973ce50f73c9148c0244d817d3f1e1-p_c.jpg,2026-06-08 12:27,For Sale
26935552,3235 Cole Ave #55,75204,Dallas,TX,32.804905,-96.80093,350000,209.0,-10000.0,341300.0,3546.0,2.0,3.0,1678.0,1985.0,1.25,condo,261,440000.0,2025,https://www.zillow.com,https://photos.zillowstatic.com/fp/8f2aac7fb6d7a5d859986b086d59ae91-p_c.jpg,2026-06-08 12:27,For Sale
26761762,9744 Wisterwood Dr,75238,Dallas,TX,32.873096,-96.72015,875000,385.0,,835500.0,4732.0,3.0,3.0,2270.0,1964.0,10105.92,singleFamily,5,845730.0,2025,https://www.zillow.com,https://photos.zillowstatic.com/fp/c8c6834decf02c36a63d98936d9e8026-p_c.jpg,2026-06-08 12:27,For Sale
26901701,5840 Spring Valley Rd APT 1510,75254,Dallas,TX,32.936928,-96.80807,174000,148.0,,158600.0,1666.0,2.0,3.0,1174.0,1981.0,8.916,condo,0,190310.0,2025,https://www.zillow.com,https://photos.zillowstatic.com/fp/330be5e875e4da77b166da27f070c7fb-p_c.jpg,2026-06-08 12:27,For Sale
26780228,2631 Deep Hill Cir,75233,Dallas,TX,32.691925,-96.861275,399000,176.0,,384200.0,2627.0,4.0,2.0,2270.0,1970.0,0.347,singleFamily,19,207350.0,2025,https://www.zillow.com,https://photos.zillowstatic.com/fp/22a869ac6d42a1718eff40f5f205cf90-p_c.jpg,2026-06-08 12:27,For Sale
96507257,3231 Fairview Ave,75223,Dallas,TX,32.78969,-96.73935,348000,218.0,,344400.0,2451.0,4.0,2.0,1600.0,2023.0,7492.32,singleFamily,52,306830.0,2025,https://www.zillow.com,https://photos.zillowstatic.com/fp/c5ec89f37caa22067edfafa6e023aa7e-p_c.jpg,2026-06-08 12:27,For Sale
26710334,324 N Brighton Ave,75208,Dallas,TX,32.748455,-96.84987,485000,255.0,,467500.0,3164.0,3.0,2.0,1900.0,1957.0,10715.76,singleFamily,4,487680.0,2025,https://www.zillow.com,https://photos.zillowstatic.com/fp/3fb5c90230e6ea7e3e08b053ec64e816-p_c.jpg,2026-06-08 12:27,For Sale
26901389,5335 Bent Tree Forest Dr APT 119,75248,Dallas,TX,32.965923,-96.81654,144900,185.0,-5000.0,,1426.0,1.0,2.0,783.0,1981.0,8.766,singleFamily,79,198790.0,2025,https://www.zillow.com,https://photos.zillowstatic.com/fp/8e2c10f78e61b15e14f30ae8f931eff1-p_c.jpg,2026-06-08 12:27,For Sale
60346601,13329 Southview Ln,75240,Dallas,TX,32.929558,-96.76768,275000,170.0,,,,3.0,2.0,1618.0,1968.0,4878.72,singleFamily,34,242430.0,2025,https://www.zillow.com,https://photos.zillowstatic.com/fp/d3f6a62f58a643135991119e237adf46-p_c.jpg,2026-06-08 12:27,For Sale
26758759,4625 Walnut Hill Ln,75229,Dallas,TX,32.880646,-96.82968,6985000,589.0,-60000.0,6636200.0,8662.0,5.0,7.0,11858.0,2024.0,0.96,singleFamily,143,8023830.0,2025,https://www.zillow.com,https://photos.zillowstatic.com/fp/103375634ea892680148e97dc49f5824-p_c.jpg,2026-06-08 12:27,For Sale
26892069,7101 Hardwood Trl,75249,Dallas,TX,32.639503,-96.943886,260000,163.0,,255700.0,2267.0,3.0,2.0,1595.0,1976.0,8319.96,singleFamily,17,243830.0,2025,https://www.zillow.com,https://photos.zillowstatic.com/fp/f769925e94feaf91279b702ebbdebf10-p_c.jpg,2026-06-08 12:27,For Sale
26888478,10015 Chimney Hill Ln,75243,Dallas,TX,32.916225,-96.72445,524990,204.0,,509900.0,4203.0,4.0,3.0,2578.0,1979.0,8886.24,singleFamily,9,460000.0,2025,https://www.zillow.com,https://photos.zillowstatic.com/fp/117992e67b8bdbda7a3ebccbf1a20d44-p_c.jpg,2026-06-08 12:27,For Sale
26824907,311 Glen Oaks Blvd,75232,Dallas,TX,32.68169,-96.83035,415000,152.0,,405000.0,3349.0,4.0,3.0,2723.0,1962.0,0.27999999999999997,singleFamily,5,387280.0,2025,https://www.zillow.com,https://photos.zillowstatic.com/fp/b8988f62c565dab3b535a5718add7b47-p_c.jpg,2026-06-08 12:27,For Sale
53390345,509 Elm St APT 503,75202,Dallas,TX,32.779938,-96.807526,245000,290.0,,234700.0,1813.0,1.0,1.0,845.0,1930.0,10018.8,condo,32,251840.0,2025,https://www.zillow.com,https://photos.zillowstatic.com/fp/cf35cb8ff9ebd3fc421096ba71feeb82-p_c.jpg,2026-06-08 12:27,For Sale
26702035,6933 Wabash Cir,75214,Dallas,TX,32.82483,-96.73956,2375000,517.0,,2236300.0,8766.0,5.0,6.0,4592.0,1967.0,9365.4,singleFamily,4,2346990.0,2025,https://www.zillow.com,https://photos.zillowstatic.com/fp/5ccb2eab2fb0dd2c5b2b7c534924962a-p_c.jpg,2026-06-08 12:27,For Sale
96494809,4523 S Ewing Ave,75216,Dallas,TX,32.688393,-96.81121,379000,190.0,,,1445.0,4.0,2.0,2000.0,2026.0,8363.52,singleFamily,1,70000.0,2025,https://www.zillow.com,https://photos.zillowstatic.com/fp/e489481a81f9cd86918cd0f0cede74f4-p_c.jpg,2026-06-08 12:27,For Sale
53071145,6403 Genstar Ln,75252,Dallas,TX,33.00282,-96.79369,997000,337.0,,961000.0,4899.0,4.0,4.0,2960.0,1979.0,8276.4,singleFamily,6,639603.0,2025,https://www.zillow.com,https://photos.zillowstatic.com/fp/36846dff614b72538eb3f56ae0b352de-p_c.jpg,2026-06-08 12:27,For Sale
84000725,3210 Carlisle St Unit 19,75204,Dallas,TX,32.8048,-96.80165,750000,290.0,,715000.0,5851.0,2.0,3.0,2583.0,2008.0,2.568,townhome,3,756010.0,2025,https://www.zillow.com,https://photos.zillowstatic.com/fp/9fc0ed18fcb8376920f24a114d81909a-p_c.jpg,2026-06-08 12:27,For Sale
26790118,3957 Gaspar Dr,75220,Dallas,TX,32.86998,-96.84653,2249500,456.0,-45500.0,2167300.0,3391.0,6.0,5.0,4932.0,2026.0,9408.96,singleFamily,9,649550.0,2025,https://www.zillow.com,https://photos.zillowstatic.com/fp/ce1eee0302497df51630d5aaef81b66d-p_c.jpg,2026-06-08 12:27,For Sale
26704599,5332 Longview St,75206,Dallas,TX,32.830578,-96.778336,775000,375.0,-20000.0,,,3.0,3.0,2068.0,2005.0,3963.96,singleFamily,28,731620.0,2025,https://www.zillow.com,https://photos.zillowstatic.com/fp/4390a125fc11517c3b759ed69c99bcae-p_c.jpg,2026-06-08 12:27,For Sale
333139325,5333 Autumnbrook Ct,75209,Dallas,TX,32.82803,-96.82018,925000,342.0,,896700.0,5768.0,3.0,4.0,2701.0,2020.0,3963.96,singleFamily,5,892520.0,2025,https://www.zillow.com,https://photos.zillowstatic.com/fp/b67821b524c169c84fee899d92383b1d-p_c.jpg,2026-06-08 12:27,For Sale
26740649,8160 San Cristobal Dr,75218,Dallas,TX,32.80834,-96.71589,795000,313.0,,751600.0,4882.0,4.0,3.0,2536.0,1972.0,0.254,singleFamily,5,806580.0,2025,https://www.zillow.com,https://photos.zillowstatic.com/fp/d8a800aef8352a7e920d1bc1db632b39-p_c.jpg,2026-06-08 12:27,For Sale
26870526,14015 Highmark Sq,75254,Dallas,TX,32.939445,-96.80321,600000,233.0,,583200.0,3626.0,3.0,3.0,2575.0,1980.0,6795.36,singleFamily,25,673310.0,2025,https://www.zillow.com,https://photos.zillowstatic.com/fp/4090b396b0eb06e646074b386208bb45-p_c.jpg,2026-06-08 12:27,For Sale
26755175,6031 Lupton Dr,75225,Dallas,TX,32.877293,-96.80259,6100000,870.0,-100000.0,5779300.0,7191.0,5.0,7.0,7009.0,2025.0,0.43199999999999994,singleFamily,72,2570190.0,2025,https://www.zillow.com,https://photos.zillowstatic.com/fp/48b0e44cb83164412f7f80ee793fdfab-p_c.jpg,2026-06-08 12:27,For Sale
26878494,6451 Moonhill Dr,75241,Dallas,TX,32.66149,-96.76671,154300,103.0,-13200.0,,,4.0,2.0,1499.0,1971.0,7143.84,singleFamily,82,227190.0,2025,https://www.zillow.com,https://photos.zillowstatic.com/fp/2264eb83b44a16cbc048154f863bbf48-p_c.jpg,2026-06-08 12:27,For Sale
439561980,2935 Lorena Jordan Rd,75212,Dallas,TX,32.78278,-96.86824,364900,187.0,,360000.0,3182.0,4.0,3.0,1950.0,2024.0,3789.72,singleFamily,1,353950.0,2025,https://www.zillow.com,https://photos.zillowstatic.com/fp/014eab7cb34fca0d3615ffaa40f2383c-p_c.jpg,2026-06-08 12:27,For Sale
26768168,1603 Bonnie View Rd,75203,Dallas,TX,32.7288,-96.79231,330000,171.0,,,,4.0,3.0,1930.0,1970.0,0.261,singleFamily,58,270030.0,2025,https://www.zillow.com,https://photos.zillowstatic.com/fp/83d46985b6ed79054ddfcc62c1ac51ab-p_c.jpg,2026-06-08 12:27,For Sale
26778847,2406 Cliff Teen Ct,75233,Dallas,TX,32.711338,-96.85728,199900,148.0,-15100.0,197700.0,2033.0,3.0,2.0,1348.0,1960.0,7710.12,singleFamily,69,245010.0,2025,https://www.zillow.com,https://photos.zillowstatic.com/fp/772eca50e2f341366c46bcc45f465286-p_c.jpg,2026-06-08 12:27,For Sale
26860294,3536 Delford Cir,75228,Dallas,TX,32.844803,-96.65973,365000,172.0,,356000.0,2861.0,5.0,2.0,2120.0,1960.0,8015.04,singleFamily,11,366690.0,2025,https://www.zillow.com,https://photos.zillowstatic.com/fp/49a65ffaab174d5b84277eedb6c3113d-p_c.jpg,2026-06-08 12:27,For Sale
26893721,7001 Kingshollow Dr,75248,Dallas,TX,32.967854,-96.78662,1075000,338.0,,1025900.0,6935.0,4.0,4.0,3181.0,1978.0,0.338,singleFamily,23,942630.0,2025,https://www.zillow.com,https://photos.zillowstatic.com/fp/1a8767bd07ff3f69113b5b573530ff4d-p_c.jpg,2026-06-08 12:27,For Sale
96535061,272 W Lawson Rd Trailer 231,75253,Dallas,TX,32.697445,-96.574326,109999,,-24996.0,,2080.0,3.0,2.0,0.0,2021.0,6500.0,manufactured,177,4940.0,2020,https://www.zillow.com,https://photos.zillowstatic.com/fp/f57312f0cebc99483a2e0e7e75d0cb0f-p_c.jpg,2026-06-08 12:27,For Sale
26630733,4244 Peppermill Ln,75287,Dallas,TX,33.00471,-96.83798,460000,198.0,,,,4.0,2.0,2329.0,1991.0,5227.2,singleFamily,3,484416.0,2025,https://www.zillow.com,https://photos.zillowstatic.com/fp/20b7e5fad477b776aaf16fb9a168120f-p_c.jpg,2026-06-08 12:27,For Sale
26759936,8605 Preston Rd,75225,Dallas,TX,32.868378,-96.80515,17500000,1931.0,-5500000.0,,,2.0,6.0,9062.0,1996.0,3.204,singleFamily,216,8696530.0,2025,https://www.zillow.com,https://photos.zillowstatic.com/fp/ddd282a73cbd1cbf70b64d742471e30f-p_c.jpg,2026-06-08 12:27,For Sale
26739896,8619 San Benito Way,75218,Dallas,TX,32.81829,-96.70739,1500000,546.0,,,,3.0,3.0,2746.0,2017.0,7927.92,singleFamily,54,1199700.0,2025,https://www.zillow.com,https://photos.zillowstatic.com/fp/e14fad724ea1f5d6726640aed8c35d5e-p_c.jpg,2026-06-08 12:27,For Sale
26741003,9034 Forest Hills Blvd,75218,Dallas,TX,32.825687,-96.70626,1475000,357.0,,1438000.0,2641.0,4.0,4.0,4132.0,2026.0,8145.72,singleFamily,4,534300.0,2025,https://www.zillow.com,https://photos.zillowstatic.com/fp/fac07d19a58924ef6ea8030da08690d6-p_c.jpg,2026-06-08 12:27,For Sale
336886378,8249 Abellia Ct,75252,Dallas,TX,32.984295,-96.75981,820000,303.0,,803900.0,4148.0,4.0,4.0,2703.0,2023.0,5985.144,singleFamily,12,699560.0,2025,https://www.zillow.com,https://photos.zillowstatic.com/fp/7ffd62c1dce69d7049a2e817f77032fd-p_c.jpg,2026-06-08 12:27,For Sale
26688370,2725 1st Ave,75210,Dallas,TX,32.767334,-96.750824,259000,144.0,-6000.0,258200.0,2455.0,3.0,3.0,1800.0,2025.0,5575.68,singleFamily,82,199530.0,2025,https://www.zillow.com,https://photos.zillowstatic.com/fp/eb092f9bc635c7c350acb6986e06ce74-p_c.jpg,2026-06-08 12:27,For Sale
26790204,3733 Clover Ln,75220,Dallas,TX,32.87088,-96.85469,1720000,371.0,,1673300.0,2252.0,5.0,6.0,4634.0,2026.0,7056.72,singleFamily,1,433000.0,2025,https://www.zillow.com,https://photos.zillowstatic.com/fp/04cdc86a5628dbe0a367906854be26f6-p_c.jpg,2026-06-08 12:27,For Sale
26862895,4601 Country Creek Dr APT 1004,75236,Dallas,TX,32.698524,-96.89989,175000,167.0,,153500.0,1779.0,3.0,2.0,1050.0,1974.0,19.864,condo,1,165000.0,2025,https://www.zillow.com,https://photos.zillowstatic.com/fp/5ea52f529cbfd9d5b2405fa51fac4285-p_c.jpg,2026-06-08 12:27,For Sale
26728876,310 Avenue G,75203,Dallas,TX,32.745914,-96.79297,260000,257.0,,251400.0,1724.0,3.0,2.0,1012.0,1940.0,6851.988,singleFamily,0,202830.0,2025,https://www.zillow.com,https://photos.zillowstatic.com/fp/31a4dcc89eb7fb33389832a595da3173-p_c.jpg,2026-06-08 12:27,For Sale
26883075,12708 Whispering Hills Dr,75243,Dallas,TX,32.921215,-96.70871,524500,176.0,,,,5.0,3.0,2981.0,1977.0,9496.08,singleFamily,10,497090.0,2025,https://www.zillow.com,https://photos.zillowstatic.com/fp/1bd75bffdbbeac696a4677c1a0c5ab4f-p_c.jpg,2026-06-08 12:27,For Sale
26719057,2842 Harlandale Ave,75216,Dallas,TX,32.711666,-96.809135,190000,198.0,,140100.0,1597.0,2.0,1.0,960.0,1924.0,7666.56,singleFamily,0,174350.0,2025,https://www.zillow.com,https://photos.zillowstatic.com/fp/aa123c06aa840acfbf2c9279df2d16b3-p_c.jpg,2026-06-08 12:27,For Sale
26792745,10050 Gooding Dr,75229,Dallas,TX,32.88201,-96.843,2750000,451.0,,,,5.0,6.0,6100.0,2025.0,0.344,singleFamily,32,1063050.0,2025,https://www.zillow.com,https://photos.zillowstatic.com/fp/e9185bfb300a957216a9364084346b68-p_c.jpg,2026-06-08 12:27,For Sale
26801982,8808 Old Homestead Dr,75217,Dallas,TX,32.723927,-96.6676,229900,155.0,,256600.0,1782.0,3.0,2.0,1484.0,1955.0,9321.84,singleFamily,0,269210.0,2025,https://www.zillow.com,https://photos.zillowstatic.com/fp/e1e452e5185fcbba97c2c1344b17e319-p_c.jpg,2026-06-08 12:27,For Sale
26689429,720 Skillman St,75214,Dallas,TX,32.808407,-96.75769,839000,283.0,-34000.0,823800.0,4722.0,4.0,3.0,2960.0,1922.0,7361.64,singleFamily,58,694560.0,2025,https://www.zillow.com,https://photos.zillowstatic.com/fp/dc1e38333f7dc3670f78ef7e7b81c75b-p_c.jpg,2026-06-08 12:27,For Sale
26868935,9130 Windcrest Dr,75243,Dallas,TX,32.902435,-96.73587,899900,290.0,,,,4.0,3.0,3105.0,1973.0,9104.04,singleFamily,15,603690.0,2025,https://www.zillow.com,https://photos.zillowstatic.com/fp/c59adf38e35f37ba984dee0cc8eb14f0-p_c.jpg,2026-06-08 12:27,For Sale
26701979,6941 Gaston Ave,75214,Dallas,TX,32.815536,-96.737885,5800000,746.0,-249729.0,5569800.0,7586.0,6.0,6.0,7777.0,2025.0,0.987,singleFamily,121,3603590.0,2025,https://www.zillow.com,https://photos.zillowstatic.com/fp/488b494e7aa62ae04b1e6f5a6b3703f5-p_c.jpg,2026-06-08 12:27,For Sale
26853837,807 Havenwood Dr,75232,Dallas,TX,32.656685,-96.835655,235000,108.0,-5000.0,234100.0,2388.0,4.0,2.0,2172.0,1960.0,0.26,singleFamily,27,297100.0,2025,https://www.zillow.com,https://photos.zillowstatic.com/fp/c906c089b0eeea2181e561e863d2d5a5-p_c.jpg,2026-06-08 12:27,For Sale
26775231,4126 Elk Horn Trl,75216,Dallas,TX,32.693558,-96.8198,215000,177.0,,,1768.0,2.0,2.0,1212.0,1960.0,0.283,singleFamily,2,205290.0,2025,https://www.zillow.com,https://photos.zillowstatic.com/fp/fd37630dc80dc5cf33c26ff082058e89-p_c.jpg,2026-06-08 12:27,For Sale
26678787,4617 Sycamore St,75204,Dallas,TX,32.800446,-96.77391,500000,311.0,,477300.0,3042.0,2.0,2.0,1608.0,1912.0,7100.28,singleFamily,2,456910.0,2025,https://www.zillow.com,https://photos.zillowstatic.com/fp/fc618e5754eee234f0e9cda9fee2e818-p_c.jpg,2026-06-08 12:27,For Sale
26691221,2909 Lenway St,75215,Dallas,TX,32.76731,-96.763115,95000,114.0,,,1346.0,2.0,1.0,836.0,1925.0,5501.628,singleFamily,4,108720.0,2025,https://www.zillow.com,https://www.zillowstatic.com/static/images/nophoto_p_c.png,2026-06-08 12:27,For Sale
461184211,5530 Reiger Ave #5528,75214,Dallas,TX,32.801636,-96.757385,525000,163.0,-24950.0,517800.0,4350.0,6.0,4.0,3230.0,1927.0,10715.76,multiFamily,79,,,https://www.zillow.com,https://photos.zillowstatic.com/fp/232566ee52da4c860984b27001cd910e-p_c.jpg,2026-06-08 12:27,For Sale
96519586,1407 Pueblo St,75212,Dallas,TX,32.780365,-96.84303,840000,271.0,,824300.0,2428.0,4.0,5.0,3100.0,2026.0,7492.32,singleFamily,5,225000.0,2025,https://www.zillow.com,https://photos.zillowstatic.com/fp/421fbd987d1baef9e7c85ba0ec7a4406-p_c.jpg,2026-06-08 12:27,For Sale
162171042,3608 Latimer St,75215,Dallas,TX,32.761845,-96.766075,337000,170.0,,335700.0,2388.0,4.0,3.0,1977.0,2026.0,6272.64,singleFamily,4,62880.0,2025,https://www.zillow.com,https://photos.zillowstatic.com/fp/fce91a2c0b56b8ffbf4f46f3e20c47ac-p_c.jpg,2026-06-08 12:27,For Sale
26882380,12330 Ferris Creek Ln,75243,Dallas,TX,32.915276,-96.731,320000,182.0,,551200.0,2435.0,3.0,2.0,1755.0,1978.0,8102.16,singleFamily,2,572710.0,2025,https://www.zillow.com,https://photos.zillowstatic.com/fp/9041f140df909bd87e044b7a689b3496-p_c.jpg,2026-06-08 12:27,For Sale
26875150,7811 Pencross Ln,75248,Dallas,TX,32.973236,-96.77136,1100000,327.0,,1047500.0,6687.0,4.0,4.0,3366.0,1975.0,0.258,singleFamily,17,841520.0,2025,https://www.zillow.com,https://photos.zillowstatic.com/fp/fc51dd9873e576fca87c40ad63371ae3-p_c.jpg,2026-06-08 12:27,For Sale
26828651,3714 Kiest Knoll Dr,75233,Dallas,TX,32.707565,-96.88226,300000,129.0,,,2336.0,3.0,2.0,2324.0,1970.0,10454.4,singleFamily,87,369860.0,2025,https://www.zillow.com,https://photos.zillowstatic.com/fp/36f5d029a58381c47ea3dadc0b569050-p_c.jpg,2026-06-08 12:27,For Sale
26696331,5338 Mercedes Ave,75206,Dallas,TX,32.827965,-96.77797,1699000,429.0,-100000.0,1617100.0,7701.0,5.0,5.0,3963.0,1925.0,7797.24,singleFamily,61,1348140.0,2025,https://www.zillow.com,https://photos.zillowstatic.com/fp/2a01703a452d6fd2b67dead86d744517-p_c.jpg,2026-06-08 12:27,For Sale
26738141,504 S Gilpin Ave,75211,Dallas,TX,32.740864,-96.88076,239900,178.0,,240000.0,2432.0,3.0,2.0,1344.0,1945.0,6011.28,singleFamily,5,213400.0,2025,https://www.zillow.com,https://photos.zillowstatic.com/fp/affb8fb33c53afe7fbd5a3313201b967-p_c.jpg,2026-06-08 12:27,For Sale
26902261,714 W Canty St,75208,Dallas,TX,32.7521,-96.83409,275000,231.0,,267700.0,2247.0,2.0,3.0,1193.0,1981.0,3310.56,townhome,18,357880.0,2025,https://www.zillow.com,https://photos.zillowstatic.com/fp/aad37a47df6e4cc788a730575b9bf9c8-p_c.jpg,2026-06-08 12:27,For Sale
26714388,1442 Stella Ave,75216,Dallas,TX,32.727345,-96.802475,519000,167.0,-30000.0,516000.0,4352.0,5.0,4.0,3100.0,2026.0,8058.6,singleFamily,53,180780.0,2025,https://www.zillow.com,https://photos.zillowstatic.com/fp/5e4194e9b3ad3651cb82ccf0e10b6d99-p_c.jpg,2026-06-08 12:27,For Sale
26710369,216 N Waverly Dr,75208,Dallas,TX,32.746502,-96.848755,649000,433.0,,,2637.0,3.0,3.0,1500.0,1921.0,6201.0,singleFamily,11,344240.0,2025,https://www.zillow.com,https://photos.zillowstatic.com/fp/55f235160b79b85b757ea90ed1171206-p_c.jpg,2026-06-08 12:27,For Sale
26706754,6717 Meadow Lake Ave,75214,Dallas,TX,32.8237,-96.74379,3500000,720.0,-150000.0,3263400.0,6744.0,6.0,7.0,4863.0,1973.0,0.42000000000000004,singleFamily,61,2300630.0,2025,https://www.zillow.com,https://photos.zillowstatic.com/fp/1d23686ec7862bdbc1a9adc59bbb9786-p_c.jpg,2026-06-08 12:27,For Sale
26731086,4726 Hopkins Ave,75209,Dallas,TX,32.847454,-96.82896,1250000,299.0,-49900.0,1220900.0,7746.0,5.0,5.0,4180.0,2023.0,6272.64,singleFamily,34,1238420.0,2025,https://www.zillow.com,https://photos.zillowstatic.com/fp/32819dcfa9c00a4479aed3046ec1d132-p_c.jpg,2026-06-08 12:27,For Sale
26807670,3066 Ponder Pl,75229,Dallas,TX,32.883717,-96.87463,500000,277.0,,,,3.0,3.0,1806.0,1966.0,0.29200000000000004,singleFamily,3,467120.0,2025,https://www.zillow.com,https://photos.zillowstatic.com/fp/6731c0350544ab805fdd028b4d3e61f1-p_c.jpg,2026-06-08 12:27,For Sale
26844110,11936 Hoblitzelle Dr,75243,Dallas,TX,32.911,-96.76131,235000,177.0,,233500.0,2158.0,4.0,2.0,1326.0,1954.0,8224.128,singleFamily,11,202450.0,2025,https://www.zillow.com,https://photos.zillowstatic.com/fp/1816d7c9b470933c213afafe051beb22-p_c.jpg,2026-06-08 12:27,For Sale
26832699,3114 Conroe St,75212,Dallas,TX,32.78004,-96.837616,780000,260.0,-19000.0,765900.0,4428.0,4.0,3.0,3000.0,2024.0,4791.6,singleFamily,18,762040.0,2025,https://www.zillow.com,https://photos.zillowstatic.com/fp/b90eea67c549ef53a2b6bb11ee62015d-p_c.jpg,2026-06-08 12:27,For Sale
26899070,3919 Cole Ave APT 101,75204,Dallas,TX,32.811615,-96.79551,425000,355.0,-25000.0,412700.0,2464.0,2.0,2.0,1196.0,1981.0,0.255,singleFamily,67,340860.0,2025,https://www.zillow.com,https://photos.zillowstatic.com/fp/cbf1f247d56f573ad65abe8d6006c6b4-p_c.jpg,2026-06-08 12:27,For Sale
26934732,4926 Lahoma St,75235,Dallas,TX,32.822083,-96.820305,189000,190.0,,,,2.0,2.0,993.0,1954.0,6.27,condo,2,198600.0,2025,https://www.zillow.com,https://photos.zillowstatic.com/fp/92fe132e205b727a6679c97d62c8e95d-p_c.jpg,2026-06-08 12:27,For Sale
162813613,6827 Sunshade Ln,75236,Dallas,TX,32.682747,-96.938324,525000,170.0,,512600.0,3817.0,4.0,3.0,3090.0,2015.0,10149.48,singleFamily,1,509140.0,2025,https://www.zillow.com,https://photos.zillowstatic.com/fp/ec02e1d7ec8b4716bc331b736abd7f0b-p_c.jpg,2026-06-08 12:27,For Sale
26815780,522 Glencairn Dr,75232,Dallas,TX,32.655025,-96.82984,144900,117.0,-10000.0,,1768.0,3.0,2.0,1236.0,1961.0,0.252,singleFamily,312,185560.0,2025,https://www.zillow.com,https://photos.zillowstatic.com/fp/35e3e34959ce2ae04a19080a7232fbca-p_c.jpg,2026-06-08 12:27,For Sale
67961725,2111 Clark St APT H,75204,Dallas,TX,32.795803,-96.79481,549000,261.0,,534000.0,3608.0,2.0,3.0,2100.0,2003.0,1219.68,townhome,25,545320.0,2025,https://www.zillow.com,https://photos.zillowstatic.com/fp/d5b9a625342d3fb32f0b514efda335b8-p_c.jpg,2026-06-08 12:27,For Sale
26935653,8601 Park Ln APT 737,75231,Dallas,TX,32.77744,-96.79231,150000,189.0,,146800.0,1401.0,1.0,1.0,794.0,1982.0,4.332,condo,9,166070.0,2025,https://www.zillow.com,https://photos.zillowstatic.com/fp/1077d4f31d43b2dbd1e3e73972377e68-p_c.jpg,2026-06-08 12:27,For Sale
26699792,2404 Dyson St,75215,Dallas,TX,32.74401,-96.75424,399999,174.0,,396600.0,1398.0,3.0,4.0,2300.0,2026.0,5140.08,singleFamily,4,120180.0,2025,https://www.zillow.com,https://photos.zillowstatic.com/fp/c38877394b95848685560bddb20780f5-p_c.jpg,2026-06-08 12:27,For Sale
26680521,3528 Colonial Ave,75215,Dallas,TX,32.757835,-96.77173,225000,69.0,,,2103.0,17.0,5.0,3252.0,1916.0,4835.16,multiFamily,148,281210.0,2025,https://www.zillow.com,https://photos.zillowstatic.com/fp/058c8839fb916be56e561086ca9cc87d-p_c.jpg,2026-06-08 12:27,For Sale
26688240,4323 Metropolitan Ave,75210,Dallas,TX,32.776577,-96.74835,325000,222.0,,322800.0,2041.0,3.0,2.0,1467.0,2026.0,6403.32,singleFamily,25,54260.0,2025,https://www.zillow.com,https://photos.zillowstatic.com/fp/77c07f75b356d552105366e5d465ca9c-p_c.jpg,2026-06-08 12:27,For Sale
248830381,3320 Walchard Ct,75229,Dallas,TX,32.88461,-96.86666,899000,270.0,,868200.0,5668.0,3.0,4.0,3334.0,2019.0,5967.72,singleFamily,8,754520.0,2025,https://www.zillow.com,https://photos.zillowstatic.com/fp/a598017013dab33375eb3e32c8c2d98a-p_c.jpg,2026-06-08 12:27,For Sale
96513035,1736 Stoneman St,75215,Dallas,TX,32.751503,-96.763565,435000,204.0,,431200.0,2621.0,4.0,3.0,2129.0,2026.0,7884.36,singleFamily,17,67500.0,2025,https://www.zillow.com,https://photos.zillowstatic.com/fp/c31df880033d001520a8b4e36f44988b-p_c.jpg,2026-06-08 12:27,For Sale
26826036,1811 Reynoldston Ln,75232,Dallas,TX,32.67651,-96.850945,300000,148.0,,292600.0,2377.0,3.0,2.0,2022.0,1967.0,0.34500000000000003,singleFamily,7,289140.0,2025,https://www.zillow.com,https://photos.zillowstatic.com/fp/24eacceefa9b3ea697db2fe46a931390-p_c.jpg,2026-06-08 12:27,For Sale
26723983,1323 Lansford Ave,75224,Dallas,TX,32.731407,-96.84388,585000,279.0,,570100.0,3016.0,3.0,3.0,2100.0,1926.0,9321.84,singleFamily,2,438140.0,2025,https://www.zillow.com,https://photos.zillowstatic.com/fp/804144e0bf6ee4b9a27a61bd1994da48-p_c.jpg,2026-06-08 12:27,For Sale
26803654,5811 Preston Haven Dr,75230,Dallas,TX,32.90679,-96.80692,4500000,784.0,,4173800.0,6716.0,5.0,7.0,5741.0,2009.0,0.444,singleFamily,2,2353000.0,2025,https://www.zillow.com,https://photos.zillowstatic.com/fp/6a778d12186bd4c5efb3cf6ba2759826-p_c.jpg,2026-06-08 12:27,For Sale
26887063,8517 Clover Meadow Dr,75243,Dallas,TX,32.894066,-96.73541,625000,192.0,-35000.0,616200.0,4501.0,4.0,4.0,3248.0,1978.0,0.29,singleFamily,200,755630.0,2025,https://www.zillow.com,https://photos.zillowstatic.com/fp/5d294644ce75c9ffbe9e95faf94f67a2-p_c.jpg,2026-06-08 12:27,For Sale
26871906,6810 Town Bluff Dr,75248,Dallas,TX,32.95476,-96.791534,719950,228.0,-17550.0,699500.0,5075.0,4.0,3.0,3161.0,1974.0,0.331,singleFamily,25,721940.0,2025,https://www.zillow.com,https://photos.zillowstatic.com/fp/bc742c27e2a6c9fb671da352e914e77c-p_c.jpg,2026-06-08 12:27,For Sale
67965075,3901 Travis St APT 125,75204,Dallas,TX,32.810978,-96.796715,239900,359.0,-10000.0,234200.0,1964.0,1.0,1.0,669.0,1985.0,1.24,condo,52,244190.0,2025,https://www.zillow.com,https://photos.zillowstatic.com/fp/a810d39081afc272cff67e5ff5caa1b1-p_c.jpg,2026-06-08 12:27,For Sale
26932090,9520 Royal Ln APT 114,75243,Dallas,TX,32.892105,-96.73886,50000,95.0,,62700.0,908.0,1.0,1.0,524.0,1983.0,1.224,condo,4,62000.0,2025,https://www.zillow.com,https://www.zillowstatic.com/static/images/nophoto_p_c.png,2026-06-08 12:27,For Sale
26752424,6936 Stefani Dr,75225,Dallas,TX,32.87816,-96.78539,1200000,431.0,,,6054.0,4.0,3.0,2784.0,1967.0,0.30647382920110194,singleFamily,31,800000.0,2025,https://www.zillow.com,https://photos.zillowstatic.com/fp/11ae8562cb0bb5b2c71e07f66484b236-p_c.jpg,2026-06-08 12:27,For Sale
26689519,5701 Velasco Ave,75206,Dallas,TX,32.821274,-96.76997,799000,498.0,,764700.0,3345.0,2.0,2.0,1603.0,1919.0,8102.16,singleFamily,25,619600.0,2025,https://www.zillow.com,https://photos.zillowstatic.com/fp/1b285c96257218079d37ad13dbdc6294-p_c.jpg,2026-06-08 12:27,For Sale
26875101,7601 Carta Valley Dr,75248,Dallas,TX,32.97298,-96.77731,750000,280.0,,689200.0,5439.0,4.0,3.0,2683.0,1975.0,0.27299999999999996,singleFamily,2,654300.0,2025,https://www.zillow.com,https://photos.zillowstatic.com/fp/2d46261242bdb15a8e66873bfd0c8009-p_c.jpg,2026-06-08 12:27,For Sale
26697198,5111 Stoneleigh Ave,75235,Dallas,TX,32.81882,-96.82717,550000,392.0,,535000.0,2838.0,3.0,2.0,1402.0,1940.0,7605.576,singleFamily,11,512640.0,2025,https://www.zillow.com,https://photos.zillowstatic.com/fp/77e860f20c10b1dcc381f128babeadda-p_c.jpg,2026-06-08 12:27,For Sale
26685915,5736 Tremont St,75214,Dallas,TX,32.805252,-96.756294,634900,332.0,,635300.0,3118.0,4.0,2.0,1912.0,1922.0,9234.72,singleFamily,4,569910.0,2025,https://www.zillow.com,https://photos.zillowstatic.com/fp/f8940db4d5ba92fe3fef69bf5d2e1d8f-p_c.jpg,2026-06-08 12:27,For Sale
26748569,6126 Highgate Ln,75214,Dallas,TX,32.849133,-96.7593,825000,348.0,-24000.0,799100.0,4760.0,3.0,2.0,2368.0,1971.0,8929.8,singleFamily,25,781060.0,2025,https://www.zillow.com,https://photos.zillowstatic.com/fp/994500028e5426b4ff15e03378e0967b-p_c.jpg,2026-06-08 12:27,For Sale
27338350,18703 Rembrandt Ter,75287,Dallas,TX,33.007423,-96.85985,555000,202.0,,547600.0,3739.0,3.0,3.0,2743.0,1985.0,8581.32,singleFamily,0,525770.0,2025,https://www.zillow.com,https://photos.zillowstatic.com/fp/d3d5733d79828d48028ff6bef758642f-p_c.jpg,2026-06-08 12:27,For Sale
26807490,10711 Cromwell Dr,75229,Dallas,TX,32.893536,-96.86267,960000,260.0,-7000.0,943900.0,6325.0,6.0,5.0,3690.0,1958.0,0.272,singleFamily,25,557540.0,2025,https://www.zillow.com,https://photos.zillowstatic.com/fp/d0544703b4ad1c77391cd796129dbf67-p_c.jpg,2026-06-08 12:27,For Sale
26911770,8648 Cherry Hill Dr,75243,Dallas,TX,32.899696,-96.75799,860750,275.0,,815800.0,4325.0,3.0,3.0,3130.0,1994.0,10280.16,singleFamily,3,716050.0,2025,https://www.zillow.com,https://photos.zillowstatic.com/fp/0432d7b293ea5d148dfaa11c52c3c876-p_c.jpg,2026-06-08 12:27,For Sale
96490665,7817 Red Spring Rd,75241,Dallas,TX,32.65218,-96.82145,425000,194.0,-10000.0,,,4.0,3.0,2190.0,2026.0,5488.56,singleFamily,61,240880.0,2025,https://www.zillow.com,https://photos.zillowstatic.com/fp/ad5f818bb79d7fce838087aae0a2308a-p_c.jpg,2026-06-08 12:27,For Sale
26884874,11335 Drummond Cir,75228,Dallas,TX,32.847256,-96.65464,395000,183.0,,383700.0,2664.0,3.0,2.0,2154.0,1964.0,0.353,singleFamily,4,354500.0,2025,https://www.zillow.com,https://photos.zillowstatic.com/fp/04ae0fb4606eb357e0c52a754ca5eba9-p_c.jpg,2026-06-08 12:27,For Sale
26755876,6124 Lakehurst Ave,75230,Dallas,TX,32.884018,-96.800446,5495000,845.0,,,3841.0,5.0,8.0,6502.0,2026.0,0.327,singleFamily,4,1207880.0,2025,https://www.zillow.com,https://photos.zillowstatic.com/fp/880c7ff2d3130847a4f3ab05801ec26e-p_c.jpg,2026-06-08 12:27,For Sale
26786747,9738 Van Dyke Rd,75218,Dallas,TX,32.853424,-96.71553,650000,366.0,,,,3.0,2.0,1778.0,1951.0,0.27999999999999997,singleFamily,2,650000.0,2025,https://www.zillow.com,https://photos.zillowstatic.com/fp/b75496af6df7152851ae6da651f2582e-p_c.jpg,2026-06-08 12:27,For Sale
26690351,5645 Vickery Blvd,75206,Dallas,TX,32.822723,-96.77035,1699000,526.0,,,,4.0,3.0,3227.0,2014.0,8494.2,singleFamily,11,1543690.0,2025,https://www.zillow.com,https://photos.zillowstatic.com/fp/faa22aa792b686f17f213d793cf6669e-p_c.jpg,2026-06-08 12:27,For Sale
26765716,3018 51st St,75216,Dallas,TX,32.700157,-96.76921,185000,198.0,-5000.0,180300.0,1446.0,3.0,2.0,932.0,1954.0,7274.52,singleFamily,39,165620.0,2025,https://www.zillow.com,https://photos.zillowstatic.com/fp/ddc662da5be9ccd95f2ed77059337c3f-p_c.jpg,2026-06-08 12:27,For Sale
26755603,6607 Glendora Ave,75230,Dallas,TX,32.885513,-96.79124,2999999,464.0,-249901.0,2856100.0,18287.0,5.0,6.0,6471.0,1999.0,0.344,singleFamily,86,2528900.0,2025,https://www.zillow.com,https://photos.zillowstatic.com/fp/cc93151897fdab39360be422015b052e-p_c.jpg,2026-06-08 12:27,For Sale
26868338,8261 Club Meadows Dr,75243,Dallas,TX,32.89444,-96.74896,675000,272.0,,,,4.0,3.0,2482.0,1978.0,6708.24,singleFamily,10,638020.0,2025,https://www.zillow.com,https://photos.zillowstatic.com/fp/99c862e4767825d8b305d3923b45aabd-p_c.jpg,2026-06-08 12:27,For Sale
26889432,6419 Laurel Valley Rd,75248,Dallas,TX,32.967438,-96.797356,925000,233.0,-24000.0,891700.0,7413.0,5.0,5.0,3968.0,1985.0,9496.08,singleFamily,26,852150.0,2025,https://www.zillow.com,https://photos.zillowstatic.com/fp/6c85105187928654549c1139d8af9131-p_c.jpg,2026-06-08 12:27,For Sale
26693981,6118 Belmont Ave,75214,Dallas,TX,32.816956,-96.76082,1549000,403.0,,1471000.0,7292.0,4.0,4.0,3848.0,2018.0,7492.32,singleFamily,3,1530620.0,2025,https://www.zillow.com,https://photos.zillowstatic.com/fp/60c4e652208d1e244909b3789d507cea-p_c.jpg,2026-06-08 12:27,For Sale
162169838,601 Cristler Ave,75223,Dallas,TX,32.802513,-96.7469,325000,158.0,,306900.0,2031.0,4.0,3.0,2060.0,1922.0,7143.84,multiFamily,30,419230.0,2025,https://www.zillow.com,https://photos.zillowstatic.com/fp/180911ff5bc2b832485f93a3c05820c2-p_c.jpg,2026-06-08 12:27,For Sale
2106868388,11480 Audelia Rd,75243,Dallas,TX,32.905064,-96.71589,130000,113.0,,,,2.0,2.0,1152.0,1980.0,9.993,condo,2,,,https://www.zillow.com,https://photos.zillowstatic.com/fp/a1607372b936251c10092a60e57dd554-p_c.jpg,2026-06-08 12:27,For Sale
2088689395,8560 Park Ln APT 75,75231,Dallas,TX,32.868908,-96.755615,165000,127.0,,,1762.0,2.0,3.0,1299.0,1974.0,6.129,condo,4,,,https://www.zillow.com,https://photos.zillowstatic.com/fp/48934a1b8cd003e588a8897d609abaf8-p_c.jpg,2026-06-08 12:27,For Sale
26796801,726 Helena Ave,75217,Dallas,TX,32.725418,-96.71512,119999,93.0,,,1841.0,3.0,2.0,1294.0,1955.0,7056.72,singleFamily,13,202890.0,2025,https://www.zillow.com,https://photos.zillowstatic.com/fp/afbc8a1897dc90895362d24a52465175-p_c.jpg,2026-06-08 12:27,For Sale
96517050,6237 Turner Way,75230,Dallas,TX,32.918663,-96.79854,3425000,568.0,,3319400.0,2306.0,5.0,7.0,6031.0,2026.0,0.367,singleFamily,5,640000.0,2025,https://www.zillow.com,https://photos.zillowstatic.com/fp/6ffb7abd28005f18f18780ce8fa7a743-p_c.jpg,2026-06-08 12:27,For Sale
26901638,5840 Spring Valley Rd APT 912,75254,Dallas,TX,32.9372,-96.80789,150000,134.0,-10000.0,142400.0,1621.0,2.0,2.0,1116.0,1981.0,8.916,condo,151,178560.0,2025,https://www.zillow.com,https://photos.zillowstatic.com/fp/e82f9062f6cfa7f4f26df68e75663402-p_c.jpg,2026-06-08 12:27,For Sale
26787994,3624 Fontana Dr,75220,Dallas,TX,32.869095,-96.85772,949000,353.0,,,4409.0,4.0,3.0,2692.0,2026.0,9539.64,singleFamily,30,325800.0,2025,https://www.zillow.com,https://photos.zillowstatic.com/fp/8d045a5d27b6bf25ab2df403df39ac5b-p_c.jpg,2026-06-08 12:27,For Sale
26899191,3901 Turtle Creek Blvd #7,75219,Dallas,TX,32.816788,-96.79974,8900000,1310.0,,,,3.0,6.0,6792.0,1997.0,7535.88,singleFamily,48,3145000.0,2025,https://www.zillow.com,https://photos.zillowstatic.com/fp/da8210692bd7a70faad4b9c3fc7bf180-p_c.jpg,2026-06-08 12:27,For Sale
26812228,3046 Westforest Dr,75229,Dallas,TX,32.904594,-96.874245,345000,210.0,,336700.0,2514.0,3.0,2.0,1645.0,1983.0,4748.04,singleFamily,2,314570.0,2025,https://www.zillow.com,https://photos.zillowstatic.com/fp/cfc42ad0a72042b00013e3ead3feebfc-p_c.jpg,2026-06-08 12:27,For Sale
26802360,8720 Odom Dr,75217,Dallas,TX,32.722916,-96.66981,199000,179.0,,196200.0,1875.0,3.0,2.0,1112.0,1958.0,7361.64,singleFamily,24,197430.0,2025,https://www.zillow.com,https://photos.zillowstatic.com/fp/e5c6dd2a8c000466619c9c50949edc89-p_c.jpg,2026-06-08 12:27,For Sale
26690226,6047 Vickery Blvd,75206,Dallas,TX,32.82314,-96.76171,699000,387.0,,672200.0,3572.0,2.0,2.0,1808.0,1932.0,7013.16,singleFamily,32,585660.0,2025,https://www.zillow.com,https://photos.zillowstatic.com/fp/f0e251c3a7deb0eecdacfee6508f55c2-p_c.jpg,2026-06-08 12:27,For Sale
26883566,10343 Portrush Dr,75243,Dallas,TX,32.91061,-96.705795,325000,170.0,-5000.0,322200.0,2680.0,3.0,2.0,1911.0,1977.0,8145.72,singleFamily,77,350740.0,2025,https://www.zillow.com,https://photos.zillowstatic.com/fp/dd780b10579987a59e04fff4c3aafbff-p_c.jpg,2026-06-08 12:27,For Sale
26706269,3932 Frontier Ln,75214,Dallas,TX,32.834957,-96.74076,1905000,461.0,-15000.0,1862900.0,7724.0,5.0,6.0,4129.0,2015.0,0.262,singleFamily,121,2405930.0,2025,https://www.zillow.com,https://photos.zillowstatic.com/fp/de7d5df67c5a4f73a9332dfe08caadb9-p_c.jpg,2026-06-08 12:27,For Sale
54014724,17836 Mary Margaret St,75287,Dallas,TX,32.99402,-96.86264,399000,185.0,-13000.0,395900.0,2610.0,3.0,3.0,2159.0,2000.0,5052.96,singleFamily,54,450620.0,2025,https://www.zillow.com,https://photos.zillowstatic.com/fp/cba1668621f505f5ab66058ffe40ea9a-p_c.jpg,2026-06-08 12:27,For Sale
351065786,2926 Lorena Jordan Rd,75212,Dallas,TX,32.78252,-96.86816,374990,192.0,,369200.0,3003.0,4.0,3.0,1950.0,2024.0,3179.88,singleFamily,25,,,https://www.zillow.com,https://photos.zillowstatic.com/fp/250dee368fe3a951f984b633d1acdefc-p_c.jpg,2026-06-08 12:27,For Sale
26859540,7109 Alpha Rd,75240,Dallas,TX,32.932,-96.78157,842500,286.0,-22500.0,812900.0,6601.0,4.0,4.0,2945.0,1978.0,0.324,singleFamily,32,878000.0,2025,https://www.zillow.com,https://photos.zillowstatic.com/fp/49ed622f938f5ec6efc95fd53356b95f-p_c.jpg,2026-06-08 12:27,For Sale
26852805,8405 Greenstone Dr,75243,Dallas,TX,32.903976,-96.76012,425000,215.0,,422100.0,2659.0,4.0,2.0,1977.0,1963.0,0.254,singleFamily,9,408100.0,2025,https://www.zillow.com,https://photos.zillowstatic.com/fp/d7b3db56c95f82053c0ef25b881ecdb3-p_c.jpg,2026-06-08 12:27,For Sale
96514361,2874 Farragut St,75215,Dallas,TX,32.75401,-96.74714,19995,,,,2335.0,,,,,3441.24,land,7,34340.0,2025,https://www.zillow.com,https://photos.zillowstatic.com/fp/22fea0a54919906b44445391a3ca4754-p_c.jpg,2026-06-08 12:27,For Sale
26593044,7335 Debbe Dr,75252,Dallas,TX,32.99426,-96.777054,1035000,324.0,-15000.0,996500.0,4612.0,4.0,3.0,3192.0,1980.0,9583.2,singleFamily,45,771217.0,2025,https://www.zillow.com,https://photos.zillowstatic.com/fp/c055b6338f17389fb1d429af1b516a0f-p_c.jpg,2026-06-08 12:27,For Sale
26845080,7552 Baxtershire Dr,75230,Dallas,TX,32.90629,-96.774666,4350000,719.0,,4118100.0,7673.0,6.0,6.0,6047.0,1984.0,0.367,singleFamily,23,1642670.0,2025,https://www.zillow.com,https://photos.zillowstatic.com/fp/b301c9263d033b61250d7ef7324b20ca-p_c.jpg,2026-06-08 12:27,For Sale
26888124,9814 Amberton Pkwy,75243,Dallas,TX,32.921757,-96.738495,180000,103.0,-10000.0,,2417.0,3.0,2.0,1742.0,1978.0,4443.12,townhome,79,283820.0,2025,https://www.zillow.com,https://photos.zillowstatic.com/fp/4db4e7a5b8aedb53fa8515ed953dba49-p_c.jpg,2026-06-08 12:27,For Sale
462188440,233 Woodoat Rd,75165,Waxahachie,TX,32.79852,-96.79852,574900,221.0,-3000.0,574200.0,5973.0,4.0,4.0,2599.0,2026.0,9147.6,singleFamily,33,,,https://www.zillow.com,https://photos.zillowstatic.com/fp/d84c819e4eff6b9d1fa681b408ae0a32-p_c.jpg,2026-06-08 12:27,For Sale
96517914,10017 Tokowa Dr,75217,Dallas,TX,32.736702,-96.65134,305000,181.0,,301800.0,2285.0,3.0,3.0,1684.0,2022.0,8886.24,singleFamily,3,330720.0,2025,https://www.zillow.com,https://photos.zillowstatic.com/fp/163e9cb65d6a45f0b6e429a4288cc86e-p_c.jpg,2026-06-08 12:27,For Sale
26859659,13351 Kit Ln,75240,Dallas,TX,32.93011,-96.76611,555000,176.0,-10000.0,538300.0,5310.0,6.0,4.0,3162.0,1968.0,0.258,multiFamily,89,504500.0,2025,https://www.zillow.com,https://photos.zillowstatic.com/fp/d8e27de30488254a87d1048fae90dc20-p_c.jpg,2026-06-08 12:27,For Sale
26875138,7822 Glenneagle Dr,75248,Dallas,TX,32.97362,-96.7711,789900,252.0,,761400.0,4808.0,4.0,4.0,3130.0,1976.0,10018.8,singleFamily,17,758580.0,2025,https://www.zillow.com,https://photos.zillowstatic.com/fp/6df0b2fba6efdd3b2c16b9f36b0897c2-p_c.jpg,2026-06-08 12:27,For Sale
26710108,318 S Montclair Ave,75208,Dallas,TX,32.74248,-96.8463,295000,200.0,,,,2.0,1.0,1478.0,1930.0,7753.68,singleFamily,4,435720.0,2025,https://www.zillow.com,https://photos.zillowstatic.com/fp/d40501c9aa614ad4d8838e5f12681555-p_c.jpg,2026-06-08 12:27,For Sale
26870222,8817 Arborside Dr,75243,Dallas,TX,32.898365,-96.74765,995000,297.0,,952200.0,3622.0,4.0,3.0,3347.0,1974.0,8712.0,singleFamily,33,784490.0,2025,https://www.zillow.com,https://photos.zillowstatic.com/fp/d9423ba63e8bac5686decb5b738beccd-p_c.jpg,2026-06-08 12:27,For Sale
462933530,4522 Kolloch Dr,75216,Dallas,TX,32.706432,-96.75807,329000,159.0,,,,3.0,3.0,2075.0,2026.0,9583.2,singleFamily,3,,,https://www.zillow.com,https://photos.zillowstatic.com/fp/5b9e2f745f8f553d3897b80d29d71d9c-p_c.jpg,2026-06-08 12:27,For Sale
26809395,3342 Whitehall Dr,75229,Dallas,TX,32.900738,-96.86418,1850000,381.0,,1795300.0,3025.0,5.0,6.0,4856.0,2026.0,10802.88,singleFamily,7,499540.0,2025,https://www.zillow.com,https://photos.zillowstatic.com/fp/7a02e1d512ff86e2e83b04ad432ef360-p_c.jpg,2026-06-08 12:27,For Sale
26759674,9525 Alva Ct,75220,Dallas,TX,32.87314,-96.81626,9900000,897.0,,9223000.0,7728.0,6.0,9.0,11037.0,2002.0,0.844,singleFamily,20,7000000.0,2025,https://www.zillow.com,https://photos.zillowstatic.com/fp/1af6a1b29c22fa9d3cf7f5391b89367d-p_c.jpg,2026-06-08 12:27,For Sale
26858141,7030 Blackwood Dr,75231,Dallas,TX,32.874187,-96.73518,1495000,363.0,,,,4.0,4.0,4121.0,1993.0,0.261,singleFamily,10,1321450.0,2025,https://www.zillow.com,https://photos.zillowstatic.com/fp/f745b3970283195f49d6384965ffa6df-p_c.jpg,2026-06-08 12:27,For Sale
26898319,3719 Douglas Ave,75219,Dallas,TX,32.817707,-96.80801,725000,338.0,,703100.0,4368.0,3.0,3.0,2144.0,1996.0,3484.8,singleFamily,23,804640.0,2025,https://www.zillow.com,https://photos.zillowstatic.com/fp/1a7993950dc9a1e36b3b10d0d0361ffd-p_c.jpg,2026-06-08 12:27,For Sale
96497307,1314 Lucchese Ln,75253,Dallas,TX,32.674526,-96.5842,250000,159.0,,,,3.0,2.0,1568.0,2017.0,5749.92,singleFamily,4,258300.0,2025,https://www.zillow.com,https://photos.zillowstatic.com/fp/0b96d472fe1ca693eb2ac9e8da971546-p_c.jpg,2026-06-08 12:27,For Sale
26728846,315 Avenue G,75203,Dallas,TX,32.74577,-96.79344,240000,231.0,,137000.0,1739.0,3.0,1.0,1040.0,1940.0,5972.076,singleFamily,0,179360.0,2025,https://www.zillow.com,https://photos.zillowstatic.com/fp/28a497e312d0398040f767e7ae712f2e-p_c.jpg,2026-06-08 12:27,For Sale
2092839996,3012 Brockbank Ct,75220,Dallas,TX,32.87516,-96.8754,165000,157.0,,162000.0,1742.0,2.0,2.0,1048.0,1968.0,4.426,condo,14,,,https://www.zillow.com,https://photos.zillowstatic.com/fp/b77a32c2fad46c2e0a7277c1ac815c0c-p_c.jpg,2026-06-08 12:27,For Sale
26734906,5023 W Purdue St,75209,Dallas,TX,32.854473,-96.82425,1299000,570.0,-50000.0,1239300.0,4684.0,3.0,3.0,2280.0,1939.0,7444.404,singleFamily,48,905420.0,2025,https://www.zillow.com,https://photos.zillowstatic.com/fp/b25df90784abb6ff41cc23ec39496a57-p_c.jpg,2026-06-08 12:27,For Sale
26867067,9523 Highedge Dr,75238,Dallas,TX,32.875874,-96.72639,825000,275.0,,789200.0,3965.0,4.0,3.0,3005.0,1963.0,8755.56,singleFamily,25,753570.0,2025,https://www.zillow.com,https://photos.zillowstatic.com/fp/30fe6cbfda404e8babadb37974a14cce-p_c.jpg,2026-06-08 12:27,For Sale
26731032,6402 Kenwood Ave,75214,Dallas,TX,32.832672,-96.7527,1899999,392.0,-95001.0,1865200.0,4421.0,5.0,6.0,4845.0,2026.0,8712.0,singleFamily,23,1333100.0,2025,https://www.zillow.com,https://photos.zillowstatic.com/fp/43cd47fccb88b44c4cc7d092db0627d7-p_c.jpg,2026-06-08 12:27,For Sale
26678921,4725 Swiss Ave,75204,Dallas,TX,32.80015,-96.772545,649000,271.0,,622000.0,4180.0,4.0,3.0,2396.0,1910.0,7013.16,singleFamily,17,486770.0,2025,https://www.zillow.com,https://photos.zillowstatic.com/fp/686121dc4f9f4c716b68bf8106acea2a-p_c.jpg,2026-06-08 12:27,For Sale
26689533,5833 Velasco Ave,75206,Dallas,TX,32.821278,-96.76652,750000,273.0,-25000.0,,,4.0,2.0,2752.0,1920.0,7710.12,multiFamily,61,566750.0,2025,https://www.zillow.com,https://photos.zillowstatic.com/fp/c97fe54b27d35fb1280edd1c1b080c16-p_c.jpg,2026-06-08 12:27,For Sale
80222481,5936 Preston Gate Ct,75230,Dallas,TX,32.918213,-96.80447,1075000,321.0,,1028700.0,4288.0,3.0,4.0,3345.0,2006.0,2831.4,singleFamily,3,800000.0,2025,https://www.zillow.com,https://photos.zillowstatic.com/fp/c4a25f71899e0c64be893f3da476e702-p_c.jpg,2026-06-08 12:27,For Sale
26923909,11470 Audelia Rd APT 158,75243,Dallas,TX,32.905064,-96.71589,99500,136.0,,,,1.0,1.0,730.0,1983.0,9.993,condo,2,93030.0,2025,https://www.zillow.com,https://photos.zillowstatic.com/fp/e45ef7633a1871a1b27f687680e23b47-p_c.jpg,2026-06-08 12:27,For Sale
26803325,6139 Northaven Rd,75230,Dallas,TX,32.901867,-96.8015,2650000,418.0,,2472900.0,7254.0,6.0,6.0,6335.0,2005.0,0.364,singleFamily,4,2947040.0,2025,https://www.zillow.com,https://photos.zillowstatic.com/fp/ffb3428a0e17046a4d7a5cecac726eb7-p_c.jpg,2026-06-08 12:27,For Sale
26697721,4851 Cedar Springs Rd APT 182,75219,Dallas,TX,32.81927,-96.822525,150000,178.0,-15000.0,,1520.0,2.0,1.0,841.0,1970.0,6.609,condo,29,164780.0,2025,https://www.zillow.com,https://photos.zillowstatic.com/fp/a3ae9b56cbb0e030e2bfd401a02a2a92-p_c.jpg,2026-06-08 12:27,For Sale
26876867,15910 Coolwood Dr #1046,75248,Dallas,TX,32.965385,-96.80624,225000,165.0,,,,2.0,3.0,1363.0,1968.0,11.051,singleFamily,10,267780.0,2025,https://www.zillow.com,https://photos.zillowstatic.com/fp/c3df87c82c72b1f5fb3b68c00bd2d5d4-p_c.jpg,2026-06-08 12:27,For Sale
53071900,6608 Camille Ave,75252,Dallas,TX,32.9998,-96.789604,749000,290.0,,724800.0,3425.0,3.0,2.0,2582.0,1982.0,8276.4,singleFamily,27,592624.0,2025,https://www.zillow.com,https://photos.zillowstatic.com/fp/a025b1a95ed947a98579a3d32ff51f34-p_c.jpg,2026-06-08 12:27,For Sale
26876331,6011 Davenport Rd,75248,Dallas,TX,32.976517,-96.80284,624900,273.0,,604400.0,5951.0,3.0,2.0,2285.0,1977.0,7579.44,singleFamily,16,551370.0,2025,https://www.zillow.com,https://photos.zillowstatic.com/fp/9c685d1d3ed7fcb23e5e6c1bfe5536ad-p_c.jpg,2026-06-08 12:27,For Sale
26881130,4456 Thunder Rd,75244,Dallas,TX,32.92473,-96.83212,1200000,408.0,-25000.0,1164600.0,4941.0,5.0,3.0,2941.0,1968.0,0.348,singleFamily,46,726280.0,2025,https://www.zillow.com,https://photos.zillowstatic.com/fp/d5a8b3acd3b04c15b46cdc5f7f04e00a-p_c.jpg,2026-06-08 12:27,For Sale
26808623,3227 Dothan Ln,75229,Dallas,TX,32.898144,-96.86944,1799999,359.0,-25000.0,1753200.0,7685.0,5.0,6.0,5013.0,2026.0,10193.04,singleFamily,52,527340.0,2025,https://www.zillow.com,https://photos.zillowstatic.com/fp/c9addbeb4b92eb7a07c483b2e4c5c2c0-p_c.jpg,2026-06-08 12:27,For Sale
333139944,613 N Dwight Ave,75211,Dallas,TX,32.750134,-96.90789,479000,253.0,,471900.0,1669.0,4.0,2.0,1894.0,2026.0,8712.0,singleFamily,4,62720.0,2025,https://www.zillow.com,https://photos.zillowstatic.com/fp/4f32e476feac9b5828c28b5dc447e358-p_c.jpg,2026-06-08 12:27,For Sale
80228837,13731 Biggs St,75253,Dallas,TX,32.68139,-96.59222,227000,139.0,-3000.0,,,4.0,2.0,1638.0,2004.0,5227.2,singleFamily,281,228290.0,2025,https://www.zillow.com,https://photos.zillowstatic.com/fp/b46ee95d5284bf4a32a160246f9bd7ee-p_c.jpg,2026-06-08 12:27,For Sale
26733671,5414 W University Blvd,75209,Dallas,TX,32.84496,-96.81834,1749000,672.0,-46000.0,,,3.0,3.0,2602.0,1951.0,0.277,singleFamily,25,1330000.0,2025,https://www.zillow.com,https://photos.zillowstatic.com/fp/430ea2b68febf2d21d0cfe94e317755f-p_c.jpg,2026-06-08 12:27,For Sale
26752895,7124 Meadow Rd,75230,Dallas,TX,32.886986,-96.78161,1425000,386.0,-25000.0,1359600.0,7995.0,4.0,4.0,3687.0,1969.0,0.293,singleFamily,51,969820.0,2025,https://www.zillow.com,https://photos.zillowstatic.com/fp/03c33a4b115a29d8464daee3f2e54c66-p_c.jpg,2026-06-08 12:27,For Sale
461413197,1008 Clearwater Dr,75068,Lakewood Village,TX,32.897995,-96.75691,646900,251.0,,639700.0,4279.0,4.0,4.0,2574.0,2026.0,7405.2,singleFamily,51,,,https://www.zillow.com,https://photos.zillowstatic.com/fp/a5f24ce2696cae56e20c7272cc525f8a-p_c.jpg,2026-06-08 12:27,For Sale
96520503,6038 Plum Dale Rd,75241,Dallas,TX,32.672695,-96.77736,419700,194.0,-4000.0,418400.0,2788.0,4.0,3.0,2168.0,2026.0,6316.2,singleFamily,51,65000.0,2025,https://www.zillow.com,https://photos.zillowstatic.com/fp/73f68e275c972a6613a933cd5d7f7582-p_c.jpg,2026-06-08 12:27,For Sale
26706724,6726 Lake Circle Dr,75214,Dallas,TX,32.82478,-96.74468,2395000,513.0,,,3623.0,4.0,5.0,4672.0,2016.0,7405.2,singleFamily,2,207340.0,2016,https://www.zillow.com,https://photos.zillowstatic.com/fp/255bc764c8844ed8b2eb4f53778dad99-p_c.jpg,2026-06-08 12:27,For Sale
26858919,12022 Dixfield Dr,75218,Dallas,TX,32.86001,-96.69651,750000,316.0,,722500.0,3698.0,4.0,3.0,2374.0,1968.0,9321.84,singleFamily,5,585810.0,2025,https://www.zillow.com,https://photos.zillowstatic.com/fp/99b532dcf7956ebc9c8f7b1b05e7b850-p_c.jpg,2026-06-08 12:27,For Sale
26842686,2812 San Medina Ave,75228,Dallas,TX,32.832703,-96.6659,299900,184.0,,295600.0,2350.0,3.0,2.0,1628.0,1954.0,7623.0,singleFamily,32,298000.0,2025,https://www.zillow.com,https://photos.zillowstatic.com/fp/6a30883f3700d43906530dab2b5be5a3-p_c.jpg,2026-06-08 12:27,For Sale
448090458,10846 Sharondale Dr,75228,Dallas,TX,32.836918,-96.657875,289000,216.0,,,,3.0,2.0,1336.0,1955.0,7927.92,singleFamily,10,,,https://www.zillow.com,https://photos.zillowstatic.com/fp/5f159e8a5b650981f4a0110991b15d88-p_c.jpg,2026-06-08 12:27,For Sale
26899447,9696 Walnut St APT 1304,75243,Dallas,TX,32.916245,-96.736465,110000,122.0,,84900.0,1353.0,2.0,1.5,903.0,1981.0,8.304499540863178,condo,1,94820.0,2025,https://www.zillow.com,https://photos.zillowstatic.com/fp/567952263d57b5c4d26a02b1db9ca846-p_c.jpg,2026-06-08 12:27,For Sale
26707164,7034 Cornelia Ln,75214,Dallas,TX,32.82831,-96.73753,1600000,493.0,,,5828.0,5.0,3.0,3248.0,1952.0,0.3540633608815427,singleFamily,17,1553790.0,2025,https://www.zillow.com,https://photos.zillowstatic.com/fp/4d9435e621008c4d26fc88ae88c1f5e3-p_c.jpg,2026-06-08 12:27,For Sale
26786736,429 Parkhurst Dr,75218,Dallas,TX,32.85364,-96.71174,645000,359.0,,624000.0,2816.0,3.0,2.0,1798.0,1951.0,9234.72,singleFamily,17,528490.0,2025,https://www.zillow.com,https://photos.zillowstatic.com/fp/608e37bd276ac6e8894deed536b03c3f-p_c.jpg,2026-06-08 12:27,For Sale
26790553,3762 Matador Dr,75220,Dallas,TX,32.875515,-96.85352,1515000,377.0,,1355200.0,5837.0,5.0,4.0,4018.0,2023.0,8058.6,singleFamily,3,1368570.0,2025,https://www.zillow.com,https://photos.zillowstatic.com/fp/4dacbac1c25d7e71012fcb4d37d40ea0-p_c.jpg,2026-06-08 12:27,For Sale
26747033,9427 Hobart St,75218,Dallas,TX,32.844303,-96.7132,1039000,400.0,,973200.0,6540.0,4.0,4.0,2598.0,1947.0,7710.12,singleFamily,18,529810.0,2025,https://www.zillow.com,https://photos.zillowstatic.com/fp/a4cddc15d5a2b5257a02b8a89c039eb1-p_c.jpg,2026-06-08 12:27,For Sale
26865950,8415 Old Moss Rd,75231,Dallas,TX,32.894005,-96.73211,415000,223.0,,402900.0,2946.0,2.0,2.0,1860.0,1978.0,5662.8,townhome,3,392100.0,2025,https://www.zillow.com,https://photos.zillowstatic.com/fp/fbb01a956f08c09431f7b4b4c6b0bbc6-p_c.jpg,2026-06-08 12:27,For Sale
26706517,6415 Mercedes Ave,75214,Dallas,TX,32.828617,-96.75156,1395000,524.0,,,,4.0,3.0,2662.0,1975.0,9365.4,singleFamily,10,1083950.0,2025,https://www.zillow.com,https://photos.zillowstatic.com/fp/db291926b207a3b3b47d087cbdbb5ecd-p_c.jpg,2026-06-08 12:27,For Sale
26871833,6954 Leameadow Dr,75248,Dallas,TX,32.954334,-96.7871,649900,207.0,,628100.0,4746.0,5.0,3.0,3133.0,1971.0,0.331,singleFamily,30,753290.0,2025,https://www.zillow.com,https://photos.zillowstatic.com/fp/72ff8a0b2b56ebc5443347c41c0498d3-p_c.jpg,2026-06-08 12:27,For Sale
26696962,5107 Denton Dr,75235,Dallas,TX,32.81803,-96.82786,500000,334.0,-30000.0,485800.0,2965.0,3.0,2.0,1496.0,1926.0,8929.8,singleFamily,3,406110.0,2025,https://www.zillow.com,https://photos.zillowstatic.com/fp/2cd4770a8d8005a3db6efb4ed79a148d-p_c.jpg,2026-06-08 12:27,For Sale
26881314,4847 Mill Run Rd,75244,Dallas,TX,32.92433,-96.82552,850000,300.0,,818300.0,3559.0,4.0,3.0,2837.0,1957.0,0.296,singleFamily,3,799640.0,2025,https://www.zillow.com,https://photos.zillowstatic.com/fp/decffc5bfa0f755a41902ce70eca3c37-p_c.jpg,2026-06-08 12:27,For Sale
26930549,2627 Douglas Ave APT 125,75219,Dallas,TX,32.80969,-96.81729,134900,174.0,-10000.0,138000.0,1653.0,1.0,1.0,777.0,1972.0,1.552,condo,87,155400.0,2025,https://www.zillow.com,https://photos.zillowstatic.com/fp/ed4a43243dfe7d103f54d2a1dfbc9627-p_c.jpg,2026-06-08 12:27,For Sale
125318110,5525 Winton St,75206,Dallas,TX,32.83578,-96.77263,900000,392.0,-25000.0,873800.0,5465.0,3.0,3.0,2296.0,2013.0,4791.6,singleFamily,23,820250.0,2025,https://www.zillow.com,https://photos.zillowstatic.com/fp/828a30e9817b8bd1d8d0f36448156700-p_c.jpg,2026-06-08 12:27,For Sale
26586072,4208 Bretton Bay Cir,75287,Dallas,TX,32.99047,-96.83813,708000,190.0,-20985.0,690000.0,6307.0,5.0,5.0,3731.0,1978.0,0.29,singleFamily,46,854163.0,2025,https://www.zillow.com,https://photos.zillowstatic.com/fp/0d1b05968138dd2efb376093cef5f2a7-p_c.jpg,2026-06-08 12:27,For Sale
26898052,2927 Magnolia Hill Ct,75201,Dallas,TX,32.793697,-96.811584,1825000,512.0,,,,2.0,3.0,3563.0,1996.0,1293.732,townhome,27,1787680.0,2025,https://www.zillow.com,https://photos.zillowstatic.com/fp/0f06b4b9d3e2f0a7f6f8f1d1f7617205-p_c.jpg,2026-06-08 12:27,For Sale
26637825,6019 Willow Wood Ln,75252,Dallas,TX,33.011295,-96.80345,425000,199.0,,410000.0,3008.0,2.0,2.0,2138.0,1986.0,4356.0,singleFamily,4,417282.0,2025,https://www.zillow.com,https://photos.zillowstatic.com/fp/78ed70a0f12498319fb747851f370167-p_c.jpg,2026-06-08 12:27,For Sale
26725959,1155 Timplemore Dr,75218,Dallas,TX,32.82638,-96.71349,1200000,371.0,-75000.0,,,4.0,3.0,3238.0,1961.0,0.29500000000000004,singleFamily,23,945990.0,2025,https://www.zillow.com,https://photos.zillowstatic.com/fp/6ab0fea978c173308df0611910c325ea-p_c.jpg,2026-06-08 12:27,For Sale
26785914,7322 Hunnicut Rd,75227,Dallas,TX,32.789425,-96.71207,545000,225.0,,,,4.0,3.0,2419.0,1969.0,8407.08,singleFamily,12,262600.0,2025,https://www.zillow.com,https://photos.zillowstatic.com/fp/ea7a6d8d8dc194d700b5152a6268a903-p_c.jpg,2026-06-08 12:27,For Sale
60331422,4231 Bowser Ave,75219,Dallas,TX,32.817005,-96.81027,600000,296.0,,583800.0,3670.0,3.0,3.0,2026.0,2002.0,2003.76,townhome,10,570000.0,2025,https://www.zillow.com,https://photos.zillowstatic.com/fp/49c69c54f639161d938d0815d2f32e82-p_c.jpg,2026-06-08 12:27,For Sale
162435831,2220 Canton St APT 407,75201,Dallas,TX,32.780376,-96.78904,699000,304.0,,670100.0,5156.0,2.0,3.0,2296.0,1925.0,0.9590000000000001,condo,87,519000.0,2025,https://www.zillow.com,https://photos.zillowstatic.com/fp/365bda110c1e00d0248d5b976045f882-p_c.jpg,2026-06-08 12:27,For Sale
26734267,4405 Wildwood Rd,75209,Dallas,TX,32.855816,-96.83644,6750000,956.0,,6346000.0,5159.0,6.0,9.0,7061.0,2026.0,0.4234,singleFamily,16,1254260.0,2025,https://www.zillow.com,https://photos.zillowstatic.com/fp/40dd81399133143cc4c573bb2d87afb8-p_c.jpg,2026-06-08 12:27,For Sale
26745532,2618 Centerville Rd,75228,Dallas,TX,32.842564,-96.6685,255000,195.0,,247500.0,1968.0,3.0,2.0,1308.0,1952.0,7274.52,singleFamily,9,209480.0,2025,https://www.zillow.com,https://photos.zillowstatic.com/fp/debc174351252ea6b814096e60c5834e-p_c.jpg,2026-06-08 12:27,For Sale
26757013,11219 Leachman Cir,75229,Dallas,TX,32.900352,-96.82221,5250000,960.0,-245000.0,4827300.0,8401.0,5.0,6.0,5470.0,1972.0,0.594,singleFamily,104,4604060.0,2025,https://www.zillow.com,https://photos.zillowstatic.com/fp/2056db3dc523d4f90aca7f3a26c19ee3-p_c.jpg,2026-06-08 12:27,For Sale
462940225,4526 Kolloch Dr,75216,Dallas,TX,32.706303,-96.75803,329000,159.0,,,,3.0,3.0,2075.0,2026.0,8847.036,singleFamily,3,,,https://www.zillow.com,https://photos.zillowstatic.com/fp/ddbdd52399389a2489becfa49386d22d-p_c.jpg,2026-06-08 12:27,For Sale
26887252,6011 Twin Coves St,75248,Dallas,TX,32.970802,-96.799835,1575000,437.0,-74000.0,1510100.0,7052.0,4.0,4.0,3604.0,1981.0,0.368,singleFamily,32,1192700.0,2025,https://www.zillow.com,https://photos.zillowstatic.com/fp/b44cd4a3f562674f4f57dc96ab4b2a08-p_c.jpg,2026-06-08 12:27,For Sale
26924012,10500 Lake June Rd #I02,75217,Dallas,TX,32.73256,-96.64433,69000,63.0,-16000.0,,1371.0,2.0,2.0,1103.0,1984.0,7.74,singleFamily,133,106760.0,2025,https://www.zillow.com,https://photos.zillowstatic.com/fp/173b7663fb86ae5709aaaad8a22227c3-p_c.jpg,2026-06-08 12:27,For Sale
26806052,3909 Courtshire Dr,75229,Dallas,TX,32.905468,-96.846725,1875000,478.0,,,,4.0,5.0,3921.0,1971.0,0.36519999999999997,singleFamily,9,1093530.0,2025,https://www.zillow.com,https://photos.zillowstatic.com/fp/b7110cc5d4eb1e01fe6751a93628fa6b-p_c.jpg,2026-06-08 12:27,For Sale
96525332,1651 E Overton Rd,75216,Dallas,TX,32.703884,-96.80119,420000,204.0,,417000.0,2780.0,4.0,3.0,2063.0,2025.0,8712.0,singleFamily,120,95000.0,2025,https://www.zillow.com,https://photos.zillowstatic.com/fp/86e2f139cfe3b218bd506810f546c2a7-p_c.jpg,2026-06-08 12:27,For Sale
26725956,8810 Grenore Dr,75218,Dallas,TX,32.827038,-96.71343,1250000,479.0,,1180800.0,3917.0,3.0,3.0,2610.0,1958.0,0.2949,singleFamily,3,890620.0,2025,https://www.zillow.com,https://photos.zillowstatic.com/fp/ebfc44bad6065d8d5fca0b89dd5d7697-p_c.jpg,2026-06-08 12:27,For Sale
69675013,4025 Hawthorne Ave,75219,Dallas,TX,32.822865,-96.80814,1049000,431.0,,1003900.0,5014.0,3.0,4.0,2435.0,2005.0,3136.32,townhome,34,894400.0,2025,https://www.zillow.com,https://photos.zillowstatic.com/fp/9326142e5f00b71cbad511c8d9f26974-p_c.jpg,2026-06-08 12:27,For Sale
26866798,9605 Crestedge Dr,75238,Dallas,TX,32.878563,-96.72302,775000,320.0,,,,4.0,3.0,2420.0,1966.0,10585.08,singleFamily,17,799050.0,2025,https://www.zillow.com,https://photos.zillowstatic.com/fp/5f6bad4937b28f49edf6ea20304b200a-p_c.jpg,2026-06-08 12:27,For Sale
26880655,12151 Crestline Ave,75244,Dallas,TX,32.915157,-96.83427,1299900,422.0,,1244100.0,4686.0,4.0,3.0,3077.0,1971.0,0.336,singleFamily,4,861260.0,2025,https://www.zillow.com,https://photos.zillowstatic.com/fp/3c82a9dc8619e0403051e0765acab993-p_c.jpg,2026-06-08 12:27,For Sale
26767111,2319 Kathleen Ave,75216,Dallas,TX,32.705616,-96.790436,130000,144.0,-5000.0,,1606.0,3.0,1.0,904.0,1948.0,5924.16,singleFamily,44,167190.0,2025,https://www.zillow.com,https://photos.zillowstatic.com/fp/1ed857364c42c34f4a417389badd9ba8-p_c.jpg,2026-06-08 12:27,For Sale
26815380,7214 Woodspan Dr,75232,Dallas,TX,32.66044,-96.83162,239000,199.0,,235300.0,1884.0,4.0,2.0,1200.0,1956.0,7710.12,singleFamily,16,182790.0,2025,https://www.zillow.com,https://photos.zillowstatic.com/fp/97f1bfea144620b2eb9b71e52d401538-p_c.jpg,2026-06-08 12:27,For Sale
26699718,2532 Lowery St,75215,Dallas,TX,32.746048,-96.754074,299000,171.0,-10000.0,,2551.0,4.0,3.0,1750.0,2025.0,2495.988,singleFamily,82,115550.0,2024,https://www.zillow.com,https://photos.zillowstatic.com/fp/1ae9764292e1fd90d82e741b4a88072f-p_c.jpg,2026-06-08 12:27,For Sale
26758347,4207 Bonham St,75229,Dallas,TX,32.88881,-96.838005,1385000,371.0,,1335400.0,7146.0,4.0,4.0,3738.0,2026.0,7130.772,singleFamily,10,1016080.0,2025,https://www.zillow.com,https://photos.zillowstatic.com/fp/ab25c9fda16474799346b3490eb206c1-p_c.jpg,2026-06-08 12:27,For Sale
96517489,3248 Potters House Way,75236,Dallas,TX,32.697968,-96.94724,494500,161.0,-4500.0,486000.0,3696.0,4.0,3.0,3068.0,2012.0,9583.2,singleFamily,30,519970.0,2025,https://www.zillow.com,https://photos.zillowstatic.com/fp/e868168e889cd3bafbe2b82d5a59e309-p_c.jpg,2026-06-08 12:27,For Sale
26735499,6628 Lockheed Ave,75209,Dallas,TX,32.839314,-96.829285,1649000,383.0,,309100.0,1988.0,5.0,6.0,4304.0,2026.0,6316.2,singleFamily,2,340320.0,2025,https://www.zillow.com,https://photos.zillowstatic.com/fp/006fa1063f0c169309fcb7a981351a17-p_c.jpg,2026-06-08 12:27,For Sale
26736116,4255 Cochran Chapel Rd,75209,Dallas,TX,32.862278,-96.837234,10900000,986.0,-595000.0,,,5.0,8.0,11056.0,2002.0,2.003,singleFamily,107,7387770.0,2025,https://www.zillow.com,https://photos.zillowstatic.com/fp/5e8815a2af30d03f451604378244c9c7-p_c.jpg,2026-06-08 12:27,For Sale
26782815,2913 Kellogg Ave,75216,Dallas,TX,32.713203,-96.79237,277500,158.0,-2500.0,,2405.0,4.0,2.0,1761.0,2019.0,7492.32,singleFamily,24,304040.0,2025,https://www.zillow.com,https://photos.zillowstatic.com/fp/3608d4aa1a9d4bf887d97ff1b11f8d42-p_c.jpg,2026-06-08 12:27,For Sale
111960412,5609 Lindell Ave #3,75206,Dallas,TX,32.809193,-96.769035,460000,288.0,-20000.0,453300.0,2988.0,2.0,2.0,1596.0,2007.0,7187.4,condo,80,487890.0,2025,https://www.zillow.com,https://photos.zillowstatic.com/fp/6fa2e2682ab348345ecaedc92054d8c6-p_c.jpg,2026-06-08 12:27,For Sale
96509994,3142 Harmon St,75215,Dallas,TX,32.767475,-96.75661,359990,140.0,,356000.0,3262.0,3.0,4.0,2579.0,2025.0,3223.44,singleFamily,4,337650.0,2025,https://www.zillow.com,https://photos.zillowstatic.com/fp/562e87cfd8c823761c2a8bc7e603ddb3-p_c.jpg,2026-06-08 12:27,For Sale
96511065,1510 Marfa Ave,75216,Dallas,TX,32.70119,-96.80329,490000,204.0,,484100.0,3127.0,4.0,4.0,2400.0,2026.0,9147.6,singleFamily,38,95000.0,2025,https://www.zillow.com,https://photos.zillowstatic.com/fp/fc43cdd64bd6aab72506c99a3dd40502-p_c.jpg,2026-06-08 12:27,For Sale
26690304,6043 Llano Ave,75206,Dallas,TX,32.822266,-96.76188,699900,417.0,,679200.0,3302.0,2.0,2.0,1679.0,1942.0,6882.48,singleFamily,2,630290.0,2025,https://www.zillow.com,https://photos.zillowstatic.com/fp/ac2c5dcccaedc6e25c0c70adcdbfce1a-p_c.jpg,2026-06-08 12:27,For Sale
26701044,7159 Wildgrove Ave,75214,Dallas,TX,32.81608,-96.73312,2300000,558.0,,,,5.0,5.0,4120.0,2026.0,9060.48,singleFamily,31,818680.0,2025,https://www.zillow.com,https://photos.zillowstatic.com/fp/8e1facd4b53d61e0ff601fbee19ad7a4-p_c.jpg,2026-06-08 12:27,For Sale
26728758,404 W Greenbriar Ln,75208,Dallas,TX,32.761883,-96.82776,1875000,541.0,,1742500.0,7454.0,3.0,4.0,3469.0,1955.0,0.58,singleFamily,23,1465780.0,2025,https://www.zillow.com,https://photos.zillowstatic.com/fp/1f1ad3593e40520e8f34de308ad6e351-p_c.jpg,2026-06-08 12:27,For Sale
67961401,2714 Throckmorton St #B,75219,Dallas,TX,32.808525,-96.81385,725000,430.0,,697900.0,2899.0,2.0,2.0,1688.0,2002.0,3659.04,singleFamily,31,661340.0,2025,https://www.zillow.com,https://photos.zillowstatic.com/fp/2b142abeedc6d704a9fd5ddaf5eaef3e-p_c.jpg,2026-06-08 12:27,For Sale
26711786,714 Woodlawn Ave,75208,Dallas,TX,32.751247,-96.83001,565000,369.0,,,,3.0,2.0,1532.0,1945.0,7501.032,singleFamily,4,490300.0,2025,https://www.zillow.com,https://photos.zillowstatic.com/fp/7100b663ebfeef4bd4f55906198e3430-p_c.jpg,2026-06-08 12:27,For Sale
53071555,4124 Firebrick Ln,75287,Dallas,TX,32.998688,-96.8387,497500,217.0,-2400.0,486300.0,2968.0,4.0,2.0,2288.0,1985.0,9583.2,singleFamily,24,487300.0,2025,https://www.zillow.com,https://photos.zillowstatic.com/fp/41876f1a1da55a2244ba1773d6059831-p_c.jpg,2026-06-08 12:27,For Sale
27273832,3307 Renaissance Dr,75287,Dallas,TX,32.99672,-96.86475,359990,252.0,,353400.0,2174.0,3.0,2.0,1431.0,1992.0,4007.52,singleFamily,55,323000.0,2025,https://www.zillow.com,https://photos.zillowstatic.com/fp/402b952a6cb919e7e00f9ea7161ef8f5-p_c.jpg,2026-06-08 12:27,For Sale
26841713,2609 Inadale Ave,75228,Dallas,TX,32.817135,-96.670525,300000,227.0,,,1743.0,4.0,2.0,1320.0,1957.0,8102.16,singleFamily,0,212970.0,2025,https://www.zillow.com,https://photos.zillowstatic.com/fp/a63b8bd0f7e81159dff7c128223fd3ac-p_c.jpg,2026-06-08 12:27,For Sale
26875769,6505 Beckwith Ct,75248,Dallas,TX,32.97916,-96.795364,1100000,332.0,,1056000.0,4893.0,4.0,3.0,3312.0,1975.0,9757.44,singleFamily,37,938770.0,2025,https://www.zillow.com,https://photos.zillowstatic.com/fp/1f7401a54d7bb46400478d46e7748743-p_c.jpg,2026-06-08 12:27,For Sale
26689423,717 Ridgeway St,75214,Dallas,TX,32.8086,-96.75718,1350000,508.0,,1280400.0,5089.0,3.0,4.0,2656.0,1923.0,8058.6,singleFamily,9,745660.0,2025,https://www.zillow.com,https://photos.zillowstatic.com/fp/760b91f38c0bb791a9116fb08d8441e8-p_c.jpg,2026-06-08 12:27,For Sale
26752293,6943 Prestonshire Ln,75225,Dallas,TX,32.875813,-96.78448,1950000,484.0,,1807500.0,7401.0,4.0,5.0,4031.0,1964.0,0.416,singleFamily,17,1650000.0,2025,https://www.zillow.com,https://photos.zillowstatic.com/fp/65b0bc62f88d73b5a2da44f16ca1c34c-p_c.jpg,2026-06-08 12:27,For Sale
26701570,6427 Lakewood Blvd,75214,Dallas,TX,32.818043,-96.751884,1790000,489.0,-35000.0,,,5.0,4.0,3662.0,1925.0,8799.12,singleFamily,30,1320700.0,2025,https://www.zillow.com,https://photos.zillowstatic.com/fp/48e1c5704ef78e182648c47376e7d0d1-p_c.jpg,2026-06-08 12:27,For Sale
26648084,5607 Willow Wood Ln,75252,Dallas,TX,33.011772,-96.8129,1050000,246.0,,1001000.0,6236.0,5.0,5.0,4265.0,2000.0,0.35,singleFamily,14,824199.0,2025,https://www.zillow.com,https://photos.zillowstatic.com/fp/eb76103fce05fd7cab7016ad9e0f997c-p_c.jpg,2026-06-08 12:27,For Sale
26837455,11116 Westmere Cir,75230,Dallas,TX,32.899246,-96.79108,3250000,901.0,-300000.0,3029000.0,7927.0,3.0,4.0,3608.0,1958.0,0.6985,singleFamily,26,2351940.0,2025,https://www.zillow.com,https://photos.zillowstatic.com/fp/89e0efb183668a41a19cfadfdc8b2d20-p_c.jpg,2026-06-08 12:27,For Sale
26742610,10527 Cayuga Dr,75228,Dallas,TX,32.838676,-96.68577,185000,144.0,,249300.0,1693.0,3.0,2.0,1288.0,1955.0,7535.88,singleFamily,0,318470.0,2025,https://www.zillow.com,https://photos.zillowstatic.com/fp/45f4292cdc66bca091725698f5f648f0-p_c.jpg,2026-06-08 12:27,For Sale
26859033,10819 Lochspring Dr,75218,Dallas,TX,32.860165,-96.69968,1090000,399.0,,1045100.0,5289.0,5.0,3.0,2730.0,1969.0,0.252,singleFamily,20,674270.0,2025,https://www.zillow.com,https://photos.zillowstatic.com/fp/5057cd36d9ab83978c03e7090e69066b-p_c.jpg,2026-06-08 12:27,For Sale
2070176263,8005 Rothington Rd APT 17,75227,Dallas,TX,32.78363,-96.68543,649000,131.0,,634700.0,1759.0,8.0,12.0,4960.0,1983.0,10149.48,multiFamily,31,,,https://www.zillow.com,https://photos.zillowstatic.com/fp/a15c5d948c8ce4e1a8b4cb6fc8e1fd59-p_c.jpg,2026-06-08 12:27,For Sale
26869122,8904 Meadowknoll Dr,75243,Dallas,TX,32.89797,-96.72979,1175000,264.0,,1124100.0,6028.0,5.0,6.0,4458.0,2006.0,0.299,singleFamily,52,1138430.0,2025,https://www.zillow.com,https://photos.zillowstatic.com/fp/63c7007b6d873dab62329d87b9313953-p_c.jpg,2026-06-08 12:27,For Sale
26724830,1502 Adelaide Dr,75216,Dallas,TX,32.68726,-96.80059,185000,132.0,,182500.0,1541.0,3.0,2.0,1400.0,1948.0,7753.68,singleFamily,6,172770.0,2025,https://www.zillow.com,https://photos.zillowstatic.com/fp/cfcfec7b37d82f3e62013f5821fb9242-p_c.jpg,2026-06-08 12:27,For Sale
26843039,10870 Cassandra Way,75228,Dallas,TX,32.843506,-96.66248,269000,204.0,,,2068.0,4.0,2.0,1320.0,1955.0,7300.0,singleFamily,19,236200.0,2025,https://www.zillow.com,https://photos.zillowstatic.com/fp/9e355116f3bcb453ed2e8b7930166b39-p_c.jpg,2026-06-08 12:27,For Sale
26882402,9743 Burney Dr,75243,Dallas,TX,32.921043,-96.71986,585000,207.0,-14000.0,574400.0,3265.0,4.0,3.0,2823.0,1979.0,9365.4,singleFamily,62,429690.0,2025,https://www.zillow.com,https://photos.zillowstatic.com/fp/84084705eca423e1497affe45ebb8755-p_c.jpg,2026-06-08 12:27,For Sale
26746587,1049 Forestgrove Dr,75218,Dallas,TX,32.846146,-96.695045,774900,298.0,,,3728.0,3.0,3.0,2600.0,1969.0,0.36845730027548207,singleFamily,21,700090.0,2025,https://www.zillow.com,https://photos.zillowstatic.com/fp/9c64937dcdad14145c64c2d6e0fb72ee-p_c.jpg,2026-06-08 12:27,For Sale
26717037,1419 Ramsey Ave,75216,Dallas,TX,32.730053,-96.82078,400000,226.0,-49000.0,,,4.0,3.0,1768.0,1941.0,9757.44,singleFamily,36,318940.0,2025,https://www.zillow.com,https://photos.zillowstatic.com/fp/d8fac20cf230c2438847052ee3467837-p_c.jpg,2026-06-08 12:27,For Sale
26843598,9011 Liptonshire Dr,75238,Dallas,TX,32.87073,-96.70545,759900,305.0,-5000.0,734800.0,4878.0,4.0,4.0,2489.0,1955.0,7666.56,singleFamily,59,592860.0,2025,https://www.zillow.com,https://photos.zillowstatic.com/fp/e6f1285e75c13d46f4ed9d3b8a2ecba2-p_c.jpg,2026-06-08 12:27,For Sale
26849349,12041 De Or Dr,75230,Dallas,TX,32.91312,-96.80304,860000,299.0,,824000.0,4705.0,3.0,4.0,2876.0,1975.0,3746.16,townhome,9,642680.0,2025,https://www.zillow.com,https://photos.zillowstatic.com/fp/f649d9f31ed3c4eda56b0e6950ab1665-p_c.jpg,2026-06-08 12:27,For Sale
26832558,3358 Sylvan Ave,75212,Dallas,TX,32.783466,-96.83545,819900,208.0,-24100.0,810800.0,6617.0,5.0,6.0,3942.0,2026.0,5575.68,singleFamily,26,297870.0,2025,https://www.zillow.com,https://photos.zillowstatic.com/fp/94b87fd947cb60c00d9d322ba81cd462-p_c.jpg,2026-06-08 12:27,For Sale
26593049,7315 Debbe Dr,75252,Dallas,TX,32.994427,-96.77833,640000,243.0,,619400.0,4176.0,4.0,3.0,2637.0,1981.0,10018.8,singleFamily,2,693792.0,2025,https://www.zillow.com,https://photos.zillowstatic.com/fp/e1f658f675aebc13abd56b03be2f8b5c-p_c.jpg,2026-06-08 12:27,For Sale
26588578,4323 Quail Hollow Rd,75287,Dallas,TX,33.000412,-96.83471,825000,244.0,-25000.0,798600.0,4916.0,4.0,4.0,3388.0,1981.0,8712.0,singleFamily,24,790552.0,2025,https://www.zillow.com,https://photos.zillowstatic.com/fp/1c0149da0b51c91b5c7842eaad9959e6-p_c.jpg,2026-06-08 12:27,For Sale
162362971,9606 Glenacre Ln,75243,Dallas,TX,32.895626,-96.724464,450000,215.0,,435200.0,2286.0,3.0,3.0,2094.0,1978.0,3876.84,singleFamily,29,388170.0,2025,https://www.zillow.com,https://photos.zillowstatic.com/fp/c0ae7b4049303065b761d75f269df208-p_c.jpg,2026-06-08 12:27,For Sale
26905998,4315 Northaven Rd,75229,Dallas,TX,32.90258,-96.8358,1770000,488.0,-28000.0,1703700.0,7154.0,4.0,3.0,3627.0,1997.0,0.427,singleFamily,32,1577100.0,2025,https://www.zillow.com,https://photos.zillowstatic.com/fp/54a39644d152ec1abee2fc6b95a293e7-p_c.jpg,2026-06-08 12:27,For Sale
26869293,9615 Millridge Dr,75243,Dallas,TX,32.90484,-96.729965,635000,258.0,-15000.0,,,3.0,3.0,2460.0,1970.0,8755.56,singleFamily,11,605190.0,2025,https://www.zillow.com,https://photos.zillowstatic.com/fp/164c60bc82c361b524ef1aaf305097cb-p_c.jpg,2026-06-08 12:27,For Sale
2063219379,6113 Hudson St,75206,Dallas,TX,32.811035,-96.76428,1095000,402.0,-30000.0,1053700.0,5778.0,3.0,3.0,2722.0,2022.0,3049.2,singleFamily,36,694000.0,2025,https://www.zillow.com,https://photos.zillowstatic.com/fp/57adb20dd3dfc84033b4bcb2f48280db-p_c.jpg,2026-06-08 12:27,For Sale
67961765,1429 Caddo St APT B,75204,Dallas,TX,32.796803,-96.783554,387000,196.0,,381000.0,2777.0,2.0,2.0,1974.0,2004.0,1524.6,townhome,3,396250.0,2025,https://www.zillow.com,https://photos.zillowstatic.com/fp/eea6cc2407c445ef046e8c4e3efb8059-p_c.jpg,2026-06-08 12:27,For Sale
26707558,6910 Huff Trl,75214,Dallas,TX,32.836407,-96.73795,2140000,506.0,,2007200.0,11405.0,4.0,5.0,4228.0,2012.0,7753.68,singleFamily,17,1728600.0,2025,https://www.zillow.com,https://photos.zillowstatic.com/fp/145865099f3425d44e2dd484e47f90ee-p_c.jpg,2026-06-08 12:27,For Sale
26754803,6730 Park Ln,75225,Dallas,TX,32.87319,-96.78844,3990000,670.0,,3744000.0,7900.0,5.0,6.0,5957.0,2022.0,10149.48,singleFamily,22,3013410.0,2025,https://www.zillow.com,https://photos.zillowstatic.com/fp/875315a2207df0593df0c197d4830497-p_c.jpg,2026-06-08 12:27,For Sale
26745379,2816 Encino Dr,75228,Dallas,TX,32.847054,-96.667,215000,176.0,,,,3.0,1.0,1224.0,1953.0,8058.6,singleFamily,37,184820.0,2025,https://www.zillow.com,https://photos.zillowstatic.com/fp/fa5dc37c4a9f43da0f8c9783a6844473-p_c.jpg,2026-06-08 12:27,For Sale
26677983,2203 Allen St,75204,Dallas,TX,32.795895,-96.79658,2325000,677.0,,2192700.0,7811.0,3.0,4.0,3435.0,2000.0,3049.2,singleFamily,30,1917270.0,2025,https://www.zillow.com,https://photos.zillowstatic.com/fp/f8a29f5d125c6ff8153be754a11284c7-p_c.jpg,2026-06-08 12:27,For Sale
26707705,6954 Santa Maria Ln,75214,Dallas,TX,32.84119,-96.73964,2550000,551.0,,2431300.0,7978.0,5.0,5.0,4624.0,2026.0,7801.596,singleFamily,9,672890.0,2025,https://www.zillow.com,https://photos.zillowstatic.com/fp/3277d77b52737de52b94ba5630038e60-p_c.jpg,2026-06-08 12:27,For Sale
26888475,12401 Pleasant Valley Dr,75243,Dallas,TX,32.916386,-96.72347,470000,189.0,,454400.0,3363.0,4.0,3.0,2493.0,1978.0,0.299,singleFamily,8,452470.0,2025,https://www.zillow.com,https://photos.zillowstatic.com/fp/4edc268d7b265e42863adfa2f4a9cabc-p_c.jpg,2026-06-08 12:27,For Sale
26742550,1439 Casa Vale Dr,75218,Dallas,TX,32.8389,-96.68896,290000,277.0,,278400.0,1924.0,2.0,1.0,1048.0,1950.0,6926.04,singleFamily,11,253750.0,2025,https://www.zillow.com,https://photos.zillowstatic.com/fp/5a5334cfd580b11b38e9e2381dbb1452-p_c.jpg,2026-06-08 12:27,For Sale
26848651,6566 Ridgeview Cir,75240,Dallas,TX,32.927986,-96.792366,1200000,366.0,,1130400.0,7499.0,4.0,5.0,3282.0,1958.0,0.44899999999999995,singleFamily,23,794500.0,2025,https://www.zillow.com,https://photos.zillowstatic.com/fp/743df58e4f710a878681fac53f7bead2-p_c.jpg,2026-06-08 12:27,For Sale
26828648,3732 Kiest Knoll Dr,75233,Dallas,TX,32.70726,-96.882935,360000,173.0,-5000.0,354000.0,2396.0,4.0,2.0,2082.0,1970.0,0.28200000000000003,singleFamily,37,322630.0,2025,https://www.zillow.com,https://photos.zillowstatic.com/fp/043c4095c47a15a4c2ac4220bab0b6d7-p_c.jpg,2026-06-08 12:27,For Sale
26902560,4037 Cotswold Ct,75220,Dallas,TX,32.8653,-96.84375,1074000,383.0,,,,3.0,3.0,2801.0,1995.0,8015.04,singleFamily,2,854260.0,2025,https://www.zillow.com,https://photos.zillowstatic.com/fp/6de3fe42f050d0a3a380f5e5588bd606-p_c.jpg,2026-06-08 12:27,For Sale
26756212,6815 Pemberton Dr,75230,Dallas,TX,32.891823,-96.78806,4749000,676.0,,,,6.0,7.0,7021.0,2024.0,0.38199999999999995,singleFamily,11,3364430.0,2025,https://www.zillow.com,https://photos.zillowstatic.com/fp/4d27bd19ec15c16995748402bc6316d2-p_c.jpg,2026-06-08 12:27,For Sale
26728442,2010 Mayflower Dr,75208,Dallas,TX,32.758034,-96.85496,1195000,453.0,,1073300.0,5078.0,4.0,4.0,2638.0,1935.0,7361.64,singleFamily,34,701660.0,2025,https://www.zillow.com,https://photos.zillowstatic.com/fp/21ddcacba8e2494aeece4b643c9b73ce-p_c.jpg,2026-06-08 12:27,For Sale
26806508,10564 Cox Ln,75229,Dallas,TX,32.891514,-96.85379,1499000,508.0,-76000.0,,,4.0,4.0,2950.0,1972.0,0.3,singleFamily,41,1114010.0,2025,https://www.zillow.com,https://photos.zillowstatic.com/fp/de4537e5f538d17873bebb37d3014d57-p_c.jpg,2026-06-08 12:27,For Sale
26872780,6626 Harvest Glen Dr,75248,Dallas,TX,32.950302,-96.79587,1050000,326.0,-25000.0,1013100.0,5827.0,4.0,4.0,3222.0,1977.0,0.344,singleFamily,20,1054580.0,2025,https://www.zillow.com,https://photos.zillowstatic.com/fp/84db64a49937ba87320ec7cf056a8526-p_c.jpg,2026-06-08 12:27,For Sale
26691079,2618 Carpenter Ave,75215,Dallas,TX,32.755753,-96.757614,425000,207.0,,,,4.0,3.0,2050.0,2023.0,7405.2,singleFamily,10,475410.0,2025,https://www.zillow.com,https://photos.zillowstatic.com/fp/ef3d8f00b432dc481039b057b1b81ce8-p_c.jpg,2026-06-08 12:27,For Sale
26911006,13836 Rockbend Pl,75240,Dallas,TX,32.935722,-96.788185,995000,389.0,,952000.0,5763.0,3.0,3.0,2560.0,1988.0,6577.56,singleFamily,15,812450.0,2025,https://www.zillow.com,https://photos.zillowstatic.com/fp/374c0698eb7758063a7f209388207c51-p_c.jpg,2026-06-08 12:27,For Sale
26804598,12034 Drujon Ln,75244,Dallas,TX,32.91289,-96.82307,2499000,419.0,-101000.0,2388200.0,8221.0,5.0,6.0,5970.0,2003.0,0.377,singleFamily,33,2357740.0,2025,https://www.zillow.com,https://photos.zillowstatic.com/fp/9cc851c5179965c86e4a28111f60a047-p_c.jpg,2026-06-08 12:27,For Sale
26790538,3729 Park Ln,75220,Dallas,TX,32.875103,-96.85489,1825000,434.0,,458500.0,2666.0,5.0,6.0,4201.0,2026.0,8363.52,singleFamily,3,480110.0,2025,https://www.zillow.com,https://photos.zillowstatic.com/fp/f529437bc56014764250f72c37a9333d-p_c.jpg,2026-06-08 12:27,For Sale
54021512,18731 Platte River Way,75287,Dallas,TX,33.008167,-96.86392,379000,242.0,-10000.0,375000.0,2903.0,3.0,2.0,1563.0,1983.0,8973.36,singleFamily,53,335344.0,2025,https://www.zillow.com,https://photos.zillowstatic.com/fp/62001ce15c1001cfe7b3e3995a1af13b-p_c.jpg,2026-06-08 12:27,For Sale
26803659,5819 Del Roy Dr,75230,Dallas,TX,32.905746,-96.80711,3950000,623.0,-45000.0,3830200.0,6696.0,6.0,8.0,6336.0,2026.0,0.35,singleFamily,2,1183300.0,2025,https://www.zillow.com,https://photos.zillowstatic.com/fp/8b220b8890c22a2bce57b07bf572833e-p_c.jpg,2026-06-08 12:27,For Sale
462766129,4715 Manett St #102,75204,Dallas,TX,32.811626,-96.78547,690000,273.0,,,,3.0,4.0,2532.0,2026.0,6054.84,townhome,9,,,https://www.zillow.com,https://photos.zillowstatic.com/fp/d919d2c8b2d4172465324d642cd6bdaa-p_c.jpg,2026-06-08 12:27,For Sale
96515982,7722 Oak Garden Trl,75232,Dallas,TX,32.653942,-96.84984,365000,185.0,-10000.0,362700.0,2657.0,4.0,2.0,1970.0,2022.0,7666.56,singleFamily,127,409750.0,2025,https://www.zillow.com,https://photos.zillowstatic.com/fp/36213c713d9cf79c41d5f20bfc81d8f1-p_c.jpg,2026-06-08 12:27,For Sale
26869078,9519 Robin Meadow Dr,75243,Dallas,TX,32.90077,-96.731705,699000,280.0,,672100.0,3669.0,3.0,3.0,2498.0,1975.0,9583.2,singleFamily,4,666050.0,2025,https://www.zillow.com,https://photos.zillowstatic.com/fp/9053c88607cb3e1ea5901b8c21d6860f-p_c.jpg,2026-06-08 12:27,For Sale
26721244,1818 Marfa Ave,75216,Dallas,TX,32.703957,-96.7982,394900,153.0,-4100.0,,,4.0,3.0,2583.0,2026.0,7165.62,singleFamily,97,80000.0,2025,https://www.zillow.com,https://photos.zillowstatic.com/fp/70ca25b495eeec04088886f17ca81bcc-p_c.jpg,2026-06-08 12:27,For Sale
26822963,6039 Blunter St,75241,Dallas,TX,32.671265,-96.77633,185000,175.0,,181800.0,1812.0,3.0,2.0,1056.0,1999.0,0.28500000000000003,singleFamily,39,201090.0,2025,https://www.zillow.com,https://photos.zillowstatic.com/fp/5edde160196601091481555b601264c3-p_c.jpg,2026-06-08 12:27,For Sale
26838160,11348 Valley Dale Dr,75230,Dallas,TX,32.904636,-96.77241,2399000,555.0,-51000.0,2269500.0,7497.0,5.0,5.0,4325.0,1958.0,0.367,singleFamily,59,2300970.0,2025,https://www.zillow.com,https://photos.zillowstatic.com/fp/bccdb432a03f6a939dc242d5b833c374-p_c.jpg,2026-06-08 12:27,For Sale
83997571,6 Vanguard Way,75243,Dallas,TX,32.904015,-96.76336,949000,383.0,,908000.0,3037.0,3.0,3.0,2478.0,2007.0,6708.24,singleFamily,24,1015200.0,2025,https://www.zillow.com,https://photos.zillowstatic.com/fp/3ad0fcc2ea8e5372b9997340c83d0f63-p_c.jpg,2026-06-08 12:27,For Sale
26888948,6004 White Rose Trl,75248,Dallas,TX,32.95697,-96.80426,599500,228.0,-50000.0,,4085.0,4.0,3.0,2629.0,1979.0,10236.6,singleFamily,24,711250.0,2025,https://www.zillow.com,https://photos.zillowstatic.com/fp/b9759a5c3398dd245938bcf6d4f9f72f-p_c.jpg,2026-06-08 12:27,For Sale
122302497,6655 Lakewood Blvd,75214,Dallas,TX,32.819176,-96.74802,4295000,842.0,,4209100.0,16626.0,5.0,7.0,5099.0,1930.0,0.5700000000000001,singleFamily,10,2614130.0,2025,https://www.zillow.com,https://photos.zillowstatic.com/fp/0ee4c52403e5e56a8ba171b772efab49-p_c.jpg,2026-06-08 12:27,For Sale
26870104,8716 Echo Valley Dr,75243,Dallas,TX,32.8975,-96.739395,706000,274.0,,680000.0,3743.0,4.0,3.0,2578.0,1972.0,8755.56,singleFamily,4,614330.0,2025,https://www.zillow.com,https://photos.zillowstatic.com/fp/7fd6129fe2a4812aa347944cb2a5f9fc-p_c.jpg,2026-06-08 12:27,For Sale
60347644,4034 Rawlins St APT 207,75219,Dallas,TX,32.814045,-96.80962,370000,331.0,,356700.0,2395.0,2.0,3.0,1119.0,1984.0,0.41,condo,31,324510.0,2025,https://www.zillow.com,https://photos.zillowstatic.com/fp/6fd8241dd712eb8d520acff248099355-p_c.jpg,2026-06-08 12:27,For Sale
26849320,12114 Prestonridge Rd,75230,Dallas,TX,32.913967,-96.79172,3480000,559.0,,,,5.0,7.0,6226.0,2017.0,0.37,singleFamily,5,3125000.0,2025,https://www.zillow.com,https://photos.zillowstatic.com/fp/b46755e0a2746a2190879fd247f78402-p_c.jpg,2026-06-08 12:27,For Sale
462255382,9504-9506 Mercer Dr,75228,Dallas,TX,32.82323,-96.69338,549000,227.0,,537700.0,2301.0,4.0,2.0,2421.0,1952.0,0.526,multiFamily,31,,,https://www.zillow.com,https://photos.zillowstatic.com/fp/efbe9e11b05d76244a2b9d498116c0d5-p_c.jpg,2026-06-08 12:27,For Sale
53077401,5804 Preston Fairways Dr,75252,Dallas,TX,32.987667,-96.80901,1100000,344.0,,1054300.0,4858.0,4.0,3.0,3202.0,1991.0,6969.6,singleFamily,37,801265.0,2025,https://www.zillow.com,https://photos.zillowstatic.com/fp/4832abb6aeb325c54978864e20e676ba-p_c.jpg,2026-06-08 12:27,For Sale
26787955,3559 Durango Dr,75220,Dallas,TX,32.86767,-96.85897,1150000,318.0,,1123000.0,6209.0,5.0,5.0,3612.0,2026.0,10541.52,singleFamily,26,382130.0,2025,https://www.zillow.com,https://photos.zillowstatic.com/fp/6b07d46c811fc61e1d4e5763454f8a12-p_c.jpg,2026-06-08 12:27,For Sale
26864424,9827 Vistadale Dr,75238,Dallas,TX,32.8887,-96.71662,799000,325.0,,767600.0,4840.0,4.0,3.0,2456.0,1966.0,8799.12,singleFamily,30,765280.0,2025,https://www.zillow.com,https://photos.zillowstatic.com/fp/20ef7df580bd246517b5c4e257a657c6-p_c.jpg,2026-06-08 12:27,For Sale
83995110,9131 Cochran Bluff Ln,75220,Dallas,TX,32.863655,-96.84159,849000,238.0,-50000.0,833500.0,6520.0,4.0,4.0,3561.0,2007.0,6089.688,singleFamily,38,1001910.0,2025,https://www.zillow.com,https://photos.zillowstatic.com/fp/f56847586aebb653b9cefaa56e856053-p_c.jpg,2026-06-08 12:27,For Sale
26684105,5506 Worth St,75214,Dallas,TX,32.803165,-96.760796,525000,374.0,,503500.0,3321.0,3.0,2.0,1404.0,1917.0,7492.32,singleFamily,17,457020.0,2025,https://www.zillow.com,https://photos.zillowstatic.com/fp/69d20393ea682437531e782d96a8383e-p_c.jpg,2026-06-08 12:27,For Sale
26922765,4040 Avondale Ave APT 302,75219,Dallas,TX,32.81725,-96.80738,275000,273.0,-14000.0,274900.0,2274.0,2.0,1.0,1006.0,1985.0,1.447,condo,4,267500.0,2025,https://www.zillow.com,https://photos.zillowstatic.com/fp/dacf33f5c42bcd7fca6f182d8eea5687-p_c.jpg,2026-06-08 12:27,For Sale
26906180,10923 Gable Cir,75229,Dallas,TX,32.897545,-96.873955,249900,258.0,,242400.0,1968.0,2.0,1.0,967.0,1983.0,2090.88,singleFamily,1,246660.0,2025,https://www.zillow.com,https://photos.zillowstatic.com/fp/e8a233d80b22ce41e837312b5548cd1d-p_c.jpg,2026-06-08 12:27,For Sale
26749272,6467 Danbury Ln,75214,Dallas,TX,32.847366,-96.75037,815000,430.0,-25000.0,,,2.0,2.0,1896.0,1954.0,10541.52,singleFamily,52,841770.0,2025,https://www.zillow.com,https://photos.zillowstatic.com/fp/f32650fde55ff8cfbc03abd19e551cfc-p_c.jpg,2026-06-08 12:27,For Sale
26687320,2312 Stoneman St,75215,Dallas,TX,32.752983,-96.761246,439899,209.0,-100.0,437100.0,3010.0,4.0,3.0,2106.0,2026.0,6272.64,singleFamily,54,62550.0,2025,https://www.zillow.com,https://photos.zillowstatic.com/fp/22c0044c33d86dec887ae3b547b26a52-p_c.jpg,2026-06-08 12:27,For Sale
26868179,7704 Lemmonwood Dr,75231,Dallas,TX,32.88695,-96.73354,649000,305.0,,,,3.0,3.0,2126.0,1977.0,9321.84,singleFamily,16,630580.0,2025,https://www.zillow.com,https://photos.zillowstatic.com/fp/c551071ab61f7edf59d49dd35bf3abd5-p_c.jpg,2026-06-08 12:27,For Sale
26691864,2215 Madera St,75206,Dallas,TX,32.814247,-96.77663,1595000,583.0,,1518900.0,7204.0,3.0,3.0,2738.0,2016.0,7501.032,singleFamily,45,1124380.0,2025,https://www.zillow.com,https://photos.zillowstatic.com/fp/165fece101cb2912bc346f0842d920c9-p_c.jpg,2026-06-08 12:27,For Sale
80235082,9009 Arbor Park Dr,75243,Dallas,TX,32.89907,-96.7294,1225000,300.0,,1158000.0,6192.0,4.0,5.0,4082.0,1977.0,0.252,singleFamily,10,894960.0,2025,https://www.zillow.com,https://photos.zillowstatic.com/fp/b8983dd6783f5198e11ad5571b6cfdec-p_c.jpg,2026-06-08 12:27,For Sale
26737662,3350 Grafton Ave,75211,Dallas,TX,32.729916,-96.87638,299000,157.0,-16000.0,293400.0,3073.0,4.0,3.0,1904.0,1949.0,7274.52,singleFamily,23,307460.0,2025,https://www.zillow.com,https://photos.zillowstatic.com/fp/e52e03e21c3847d52d5f7402fbc55416-p_c.jpg,2026-06-08 12:27,For Sale
26725943,8832 Antrim Dr,75218,Dallas,TX,32.82702,-96.711845,730000,330.0,-109000.0,710100.0,3428.0,3.0,3.0,2214.0,1955.0,0.281,singleFamily,51,688290.0,2025,https://www.zillow.com,https://photos.zillowstatic.com/fp/a325fc4da584b5334ada04d94ee48f03-p_c.jpg,2026-06-08 12:27,For Sale
26773797,841 Brookwood Dr,75224,Dallas,TX,32.71034,-96.84375,275000,163.0,,,1852.0,3.0,2.0,1690.0,1960.0,9988.0,singleFamily,18,284190.0,2025,https://www.zillow.com,https://photos.zillowstatic.com/fp/e627fa63f9252856e712b6e3b27d1a63-p_c.jpg,2026-06-08 12:27,For Sale
96492171,423 N Moore St,75203,Dallas,TX,32.75371,-96.80415,364000,205.0,-5000.0,362900.0,3587.0,3.0,3.0,1772.0,2026.0,2530.836,singleFamily,25,80750.0,2025,https://www.zillow.com,https://photos.zillowstatic.com/fp/67c52921078a4e2f2c73e96b11bf0b52-p_c.jpg,2026-06-08 12:27,For Sale
26905188,4232 Osborn Rd,75227,Dallas,TX,32.78743,-96.694214,290000,166.0,,287000.0,2261.0,3.0,2.0,1749.0,1989.0,7492.32,singleFamily,6,329640.0,2025,https://www.zillow.com,https://photos.zillowstatic.com/fp/8ecda56305c04b3cd27492d8ebd5840c-p_c.jpg,2026-06-08 12:27,For Sale
26741686,1618 Loree Dr,75228,Dallas,TX,32.827347,-96.69315,750000,307.0,,726200.0,2753.0,3.0,2.0,2441.0,1955.0,0.325,singleFamily,12,500920.0,2025,https://www.zillow.com,https://photos.zillowstatic.com/fp/1a473912cc7e6c3e210a0a76e26679bc-p_c.jpg,2026-06-08 12:27,For Sale
26868426,9205 Moss Farm Ln,75243,Dallas,TX,32.896366,-96.74376,789900,315.0,,761000.0,5141.0,4.0,3.0,2509.0,1976.0,7056.72,singleFamily,15,497000.0,2025,https://www.zillow.com,https://photos.zillowstatic.com/fp/9f4a7c495ee855a85667d4d5c65ef802-p_c.jpg,2026-06-08 12:27,For Sale
26798127,7540 Gayglen Dr,75217,Dallas,TX,32.709415,-96.691734,309900,176.0,,,,3.0,2.0,1760.0,1965.0,8102.16,singleFamily,101,427970.0,2025,https://www.zillow.com,https://photos.zillowstatic.com/fp/e93b6244fccaf2e149381019762685d4-p_c.jpg,2026-06-08 12:27,For Sale
55825927,802 Haines Ave,75208,Dallas,TX,32.752388,-96.82884,1100000,306.0,,1066000.0,4482.0,4.0,3.0,3596.0,1918.0,7274.52,singleFamily,8,754360.0,2025,https://www.zillow.com,https://photos.zillowstatic.com/fp/9d96a7a78a5002f3898fe4da827c3af1-p_c.jpg,2026-06-08 12:27,For Sale
26874245,7716 El Santo Ln,75248,Dallas,TX,32.96116,-96.77498,530000,280.0,,513700.0,2895.0,3.0,2.0,1890.0,1967.0,9060.48,singleFamily,6,479560.0,2025,https://www.zillow.com,https://photos.zillowstatic.com/fp/3dcb1126be4fe897661b48bf6c697359-p_c.jpg,2026-06-08 12:27,For Sale
26843703,8871 Liptonshire Dr,75238,Dallas,TX,32.869286,-96.7039,629500,417.0,,607000.0,4061.0,3.0,2.0,1511.0,1954.0,8450.64,singleFamily,11,605760.0,2025,https://www.zillow.com,https://photos.zillowstatic.com/fp/c4c1541ddc447e4408a18cb52bd2506d-p_c.jpg,2026-06-08 12:27,For Sale
26747180,649 Northlake Dr,75218,Dallas,TX,32.846478,-96.71209,579000,375.0,-20900.0,,,3.0,2.0,1546.0,1947.0,10410.84,singleFamily,52,622250.0,2025,https://www.zillow.com,https://photos.zillowstatic.com/fp/df59747eded1c64224ad83a6971dcbee-p_c.jpg,2026-06-08 12:27,For Sale
26890597,7728 Bantry Ln,75248,Dallas,TX,32.985508,-96.77365,799000,258.0,-25000.0,,,4.0,3.0,3100.0,1978.0,10410.84,singleFamily,33,686560.0,2025,https://www.zillow.com,https://photos.zillowstatic.com/fp/8ea5df899f9bf9fc26258349ff746524-p_c.jpg,2026-06-08 12:27,For Sale
26876743,16140 Chalfont Cir,75248,Dallas,TX,32.967934,-96.80664,799000,268.0,,768100.0,3556.0,3.0,3.0,2985.0,1977.0,6708.24,singleFamily,8,668020.0,2025,https://www.zillow.com,https://photos.zillowstatic.com/fp/2760a1bb418f8e30c38a255b0580726c-p_c.jpg,2026-06-08 12:27,For Sale
26701135,6803 Casa Loma Ave,75214,Dallas,TX,32.813995,-96.743416,2799900,578.0,,2683500.0,4048.0,4.0,7.0,4842.0,2025.0,10846.44,singleFamily,20,983140.0,2025,https://www.zillow.com,https://photos.zillowstatic.com/fp/a3290572364f0f2aa56b4246faea00e3-p_c.jpg,2026-06-08 12:27,For Sale
26880699,4359 Shady Bend Dr,75244,Dallas,TX,32.917522,-96.83576,1390000,397.0,-60000.0,,,5.0,4.0,3500.0,1970.0,0.29500000000000004,singleFamily,15,1021160.0,2025,https://www.zillow.com,https://photos.zillowstatic.com/fp/4cace3483389fff8a3d25b2973c23dba-p_c.jpg,2026-06-08 12:27,For Sale
26905980,2 Manzano Cir,75230,Dallas,TX,32.90909,-96.79921,3750000,552.0,,,,4.0,6.0,6796.0,1994.0,0.626,singleFamily,2,2548960.0,2025,https://www.zillow.com,https://photos.zillowstatic.com/fp/9bb09fac15c3970e8fe1bff246768a0d-p_c.jpg,2026-06-08 12:27,For Sale
80222863,2319 Great Light Dr,75228,Dallas,TX,32.806015,-96.676315,340000,192.0,,331900.0,2256.0,3.0,2.0,1767.0,2006.0,5619.24,singleFamily,9,291000.0,2025,https://www.zillow.com,https://photos.zillowstatic.com/fp/c2b06cba1c71a74c0ebe43602288eb8e-p_c.jpg,2026-06-08 12:27,For Sale
26693391,4330 Rawlins St,75219,Dallas,TX,32.81704,-96.81294,880000,303.0,-40000.0,847200.0,5346.0,3.0,3.0,2902.0,1948.0,7840.8,singleFamily,87,994000.0,2025,https://www.zillow.com,https://photos.zillowstatic.com/fp/e2e129bc94d5ab5bf4a6d3d5cb8459a9-p_c.jpg,2026-06-08 12:27,For Sale
26706818,6413 Westlake Ave,75214,Dallas,TX,32.82222,-96.752235,1695000,552.0,,1615200.0,6345.0,4.0,4.0,3068.0,1972.0,8842.68,singleFamily,24,1410000.0,2025,https://www.zillow.com,https://photos.zillowstatic.com/fp/cea2c3f17f2363b03daba86593c358be-p_c.jpg,2026-06-08 12:27,For Sale
26912838,9535 Viewside Dr,75231,Dallas,TX,32.89153,-96.73706,775000,295.0,-14000.0,755400.0,4411.0,4.0,3.0,2627.0,1980.0,10759.32,singleFamily,31,719000.0,2025,https://www.zillow.com,https://photos.zillowstatic.com/fp/07fc3ab735ecacebe34610f141b61624-p_c.jpg,2026-06-08 12:27,For Sale
26874320,7637 La Risa Dr,75248,Dallas,TX,32.96283,-96.77598,699000,323.0,-26000.0,683300.0,3396.0,4.0,3.0,2162.0,1966.0,9147.6,singleFamily,52,552780.0,2025,https://www.zillow.com,https://photos.zillowstatic.com/fp/ea18fdeac1aadf9bfa88886e0cc1ab3b-p_c.jpg,2026-06-08 12:27,For Sale
26875845,6725 Caulfield Dr,75248,Dallas,TX,32.981922,-96.79075,900000,221.0,,860500.0,6815.0,5.0,5.0,4076.0,1974.0,0.27,singleFamily,30,902000.0,2025,https://www.zillow.com,https://photos.zillowstatic.com/fp/73d43f312db99d85ec713b77ba23737c-p_c.jpg,2026-06-08 12:27,For Sale
336886506,4811 Manett St #101,75204,Dallas,TX,32.812283,-96.78467,559900,345.0,,,,2.0,3.0,1622.0,2019.0,6054.84,condo,3,527150.0,2025,https://www.zillow.com,https://photos.zillowstatic.com/fp/af7889b9da296a6be51c98d3719718ec-p_c.jpg,2026-06-08 12:27,For Sale
26680596,3708 Spence St,75215,Dallas,TX,32.755756,-96.770706,424999,198.0,-10000.0,419500.0,2600.0,4.0,3.0,2150.0,2026.0,5488.56,singleFamily,51,49600.0,2025,https://www.zillow.com,https://photos.zillowstatic.com/fp/f8b2cef30017da08bfd99f1bc4e15d23-p_c.jpg,2026-06-08 12:27,For Sale
26775912,4520 Utah Ave,75216,Dallas,TX,32.68844,-96.80946,210000,152.0,-14998.0,203300.0,2011.0,4.0,2.0,1384.0,1954.0,10062.36,singleFamily,47,230890.0,2025,https://www.zillow.com,https://photos.zillowstatic.com/fp/e7cc7529266dc96c51b8f77861b2ce8e-p_c.jpg,2026-06-08 12:27,For Sale
26731440,7615 Morton St,75209,Dallas,TX,32.848873,-96.82399,2300000,501.0,,2233400.0,2178.0,5.0,7.0,4590.0,2026.0,7492.32,singleFamily,38,500000.0,2025,https://www.zillow.com,https://photos.zillowstatic.com/fp/f00ba353361231e34416c6577839be24-p_c.jpg,2026-06-08 12:27,For Sale
26685513,2816 Wycliff Ave,75219,Dallas,TX,32.81214,-96.81653,209900,224.0,-15100.0,203200.0,1959.0,2.0,2.0,937.0,1979.0,8842.68,condo,60,255330.0,2025,https://www.zillow.com,https://photos.zillowstatic.com/fp/622c20c22ad94a138a68c15a242ce0ce-p_c.jpg,2026-06-08 12:27,For Sale
26859666,13610 Brookgreen Dr,75240,Dallas,TX,32.932625,-96.76835,259900,195.0,,251900.0,2269.0,3.0,2.0,1332.0,1967.0,3659.04,townhome,5,275460.0,2025,https://www.zillow.com,https://photos.zillowstatic.com/fp/d79e5c1c36ce67eea3f0878acea8fd65-p_c.jpg,2026-06-08 12:27,For Sale
26874917,15825 El Estado Dr,75248,Dallas,TX,32.96463,-96.770966,600000,206.0,-28000.0,,,6.0,4.0,2906.0,1968.0,9670.32,singleFamily,79,551890.0,2025,https://www.zillow.com,https://photos.zillowstatic.com/fp/e782b213a976adb2c7bf4ea765b37ee1-p_c.jpg,2026-06-08 12:27,For Sale
26690159,5718 Goodwin Ave,75206,Dallas,TX,32.823627,-96.769295,1029900,604.0,-20000.0,,,3.0,4.0,1705.0,1926.0,7143.84,singleFamily,44,472360.0,2025,https://www.zillow.com,https://photos.zillowstatic.com/fp/d16480c30aca89f23c927dbaae0eba60-p_c.jpg,2026-06-08 12:27,For Sale
2070165159,6808 Wofford Ave,75227,Dallas,TX,32.768658,-96.702805,215000,208.0,-13000.0,212000.0,1736.0,3.0,2.0,1035.0,1948.0,6621.12,singleFamily,34,,,https://www.zillow.com,https://photos.zillowstatic.com/fp/6eb04fabecf2a679ffcb8e24d46b3a2c-p_c.jpg,2026-06-08 12:27,For Sale
26739617,8619 Angora St,75218,Dallas,TX,32.823116,-96.71362,550000,473.0,,521900.0,2077.0,2.0,1.0,1162.0,1940.0,7710.12,singleFamily,3,491740.0,2025,https://www.zillow.com,https://photos.zillowstatic.com/fp/e8fd19d3b8d04e037685608c7d372523-p_c.jpg,2026-06-08 12:27,For Sale
26847470,9432 Dixie Ln,75228,Dallas,TX,32.821594,-96.69131,625000,261.0,,606000.0,3421.0,4.0,3.0,2391.0,1968.0,0.376,singleFamily,9,544870.0,2025,https://www.zillow.com,https://photos.zillowstatic.com/fp/5489cf802a52b3abbf80c2d42d822d4c-p_c.jpg,2026-06-08 12:27,For Sale
26730964,6457 Ellsworth Ave,75214,Dallas,TX,32.83385,-96.75039,3799000,752.0,,,,5.0,7.0,5050.0,2026.0,8363.52,singleFamily,17,852600.0,2025,https://www.zillow.com,https://photos.zillowstatic.com/fp/6c0ed2ccaa9612870f782df8f94a0989-p_c.jpg,2026-06-08 12:27,For Sale
26822323,6525 Palm Island St,75241,Dallas,TX,32.66635,-96.75114,160000,89.0,,154900.0,2040.0,4.0,2.0,1790.0,1972.0,7535.88,singleFamily,46,256550.0,2025,https://www.zillow.com,https://photos.zillowstatic.com/fp/11599a24766e68ff098c5ca6bf9b3304-p_c.jpg,2026-06-08 12:27,For Sale
26789968,3974 Cortez Dr,75220,Dallas,TX,32.865974,-96.84583,1399000,360.0,,,7186.0,5.0,5.0,3890.0,1951.0,0.254,singleFamily,7,1242740.0,2025,https://www.zillow.com,https://photos.zillowstatic.com/fp/0c3230a50c98f0facdc6ed77e8b967a4-p_c.jpg,2026-06-08 12:27,For Sale
26728225,2815 W 8th St,75211,Dallas,TX,32.748306,-96.86684,249000,246.0,-25999.0,268500.0,2231.0,2.0,2.0,1012.0,1942.0,8102.16,singleFamily,39,212810.0,2025,https://www.zillow.com,https://photos.zillowstatic.com/fp/762d8d01816d8c35ddaf8726129ed9ec-p_c.jpg,2026-06-08 12:27,For Sale
80224298,1200 Main St APT 701,75202,Dallas,TX,32.77981,-96.80127,389900,251.0,,384700.0,4231.0,3.0,3.0,1551.0,1974.0,1.033,condo,4,407000.0,2025,https://www.zillow.com,https://photos.zillowstatic.com/fp/0d4641322368a5ef6c9672c06ecb44c3-p_c.jpg,2026-06-08 12:27,For Sale
26759307,4424 Manning Ln,75220,Dallas,TX,32.867283,-96.83303,3950000,605.0,,,,4.0,5.0,6530.0,2007.0,0.414,singleFamily,10,3394880.0,2025,https://www.zillow.com,https://photos.zillowstatic.com/fp/cabba996f4c50ff6d4c637a776fc90be-p_c.jpg,2026-06-08 12:27,For Sale
26823234,1743 Indian Summer Trl,75241,Dallas,TX,32.6743,-96.7936,209900,86.0,,207200.0,2536.0,3.0,3.0,2427.0,1962.0,0.40499999999999997,singleFamily,29,190870.0,2025,https://www.zillow.com,https://photos.zillowstatic.com/fp/adbfddfde02a514444608af1d819b22e-p_c.jpg,2026-06-08 12:27,For Sale
26689166,5617 Swiss Ave,75214,Dallas,TX,32.80813,-96.76333,2550000,640.0,,2384700.0,6529.0,4.0,3.0,3985.0,1919.0,0.372,singleFamily,30,1780650.0,2025,https://www.zillow.com,https://photos.zillowstatic.com/fp/f19834fee3fbbaf1fe115dac8d2ab88a-p_c.jpg,2026-06-08 12:27,For Sale
26866190,11102 Ferndale Rd,75238,Dallas,TX,32.8928,-96.718124,619900,214.0,,594100.0,6495.0,4.0,3.0,2894.0,1954.0,9583.2,singleFamily,24,680000.0,2025,https://www.zillow.com,https://photos.zillowstatic.com/fp/eee46ae51bbee9ae9b250543ff5cdcf1-p_c.jpg,2026-06-08 12:27,For Sale
26889188,15808 Bluefire Ct,75248,Dallas,TX,32.962658,-96.80359,1275000,297.0,-50000.0,1218400.0,6525.0,5.0,5.0,4294.0,1978.0,0.368,singleFamily,31,976700.0,2025,https://www.zillow.com,https://photos.zillowstatic.com/fp/5bf6dd01ff3573d0e5fb8caf55bb02c1-p_c.jpg,2026-06-08 12:27,For Sale
26789050,3963 Rochelle Dr,75220,Dallas,TX,32.874653,-96.84847,2395000,481.0,,2277700.0,6279.0,5.0,5.0,4981.0,2024.0,8232.84,singleFamily,18,1784940.0,2025,https://www.zillow.com,https://photos.zillowstatic.com/fp/a4d5cfd9888ced5fe4836546a5e64cca-p_c.jpg,2026-06-08 12:27,For Sale
80224067,4028 Courtshire Dr,75229,Dallas,TX,32.904762,-96.842285,2750000,443.0,-100000.0,2616100.0,14246.0,5.0,7.0,6204.0,2019.0,0.367,singleFamily,51,2405360.0,2025,https://www.zillow.com,https://photos.zillowstatic.com/fp/499f065bb20e2d552275c307c142dd0e-p_c.jpg,2026-06-08 12:27,For Sale
26866546,9607 Greensprint Dr,75238,Dallas,TX,32.885036,-96.72301,1175000,429.0,-25000.0,1127500.0,4399.0,5.0,4.0,2736.0,1979.0,8668.44,singleFamily,60,806110.0,2025,https://www.zillow.com,https://photos.zillowstatic.com/fp/fbc2f858114d4b740ea70a68d75d24ea-p_c.jpg,2026-06-08 12:27,For Sale
67965703,5932 Sandhurst Ln APT 114,75206,Dallas,TX,32.843716,-96.764015,310000,253.0,,310900.0,2108.0,3.0,2.0,1224.0,1967.0,4.675,condo,4,376000.0,2025,https://www.zillow.com,https://photos.zillowstatic.com/fp/3e5a91fbf6ce4430de935445c9ba83b2-p_c.jpg,2026-06-08 12:27,For Sale
26803468,11947 Quincy Ln,75230,Dallas,TX,32.912132,-96.814674,3275000,478.0,-25000.0,3152100.0,6803.0,5.0,7.0,6856.0,2025.0,0.35900000000000004,singleFamily,24,1211780.0,2025,https://www.zillow.com,https://photos.zillowstatic.com/fp/9e9a00a6dd3288b263c05d2527a34ef6-p_c.jpg,2026-06-08 12:27,For Sale
26694156,6162 Llano Ave,75214,Dallas,TX,32.821747,-96.75902,1575000,400.0,-20000.0,,,4.0,4.0,3939.0,2007.0,7492.32,singleFamily,52,1439860.0,2025,https://www.zillow.com,https://photos.zillowstatic.com/fp/76ea8900dc6faf87dfae1bd90cb2f63d-p_c.jpg,2026-06-08 12:27,For Sale
2102499889,6123 Rincon Way,75214,Dallas,TX,32.85553,-96.7567,429900,227.0,-10000.0,420600.0,3417.0,3.0,3.0,1895.0,1970.0,5532.12,singleFamily,71,,,https://www.zillow.com,https://photos.zillowstatic.com/fp/0c2ccde3a173b664e541d388289104a6-p_c.jpg,2026-06-08 12:27,For Sale
26599187,17920 Hillcrest Rd,75252,Dallas,TX,32.995174,-96.78422,495000,219.0,,476700.0,3367.0,3.0,3.0,2264.0,1987.0,6969.6,singleFamily,47,485131.0,2025,https://www.zillow.com,https://photos.zillowstatic.com/fp/d4ca00159f1213c82c93af3f4beb161f-p_c.jpg,2026-06-08 12:27,For Sale
26852389,13745 Rolling Hills Ln,75240,Dallas,TX,32.936565,-96.77062,495000,229.0,,485700.0,3448.0,4.0,3.0,2164.0,1965.0,10402.128,singleFamily,78,485930.0,2025,https://www.zillow.com,https://photos.zillowstatic.com/fp/daa89631dce27f8ffa7061c9dbcb3ca7-p_c.jpg,2026-06-08 12:27,For Sale
26631667,5612 Ventana Trl,75252,Dallas,TX,33.008102,-96.80108,515000,222.0,-24000.0,510200.0,4032.0,4.0,3.0,2321.0,1992.0,6011.28,singleFamily,109,536762.0,2025,https://www.zillow.com,https://photos.zillowstatic.com/fp/4819273a8aca71357cf56012f361bb22-p_c.jpg,2026-06-08 12:27,For Sale
26793260,2309 Prichard Ln,75227,Dallas,TX,32.75269,-96.686874,279000,191.0,-11000.0,277600.0,2249.0,3.0,2.0,1457.0,1952.0,7448.76,singleFamily,66,286820.0,2025,https://www.zillow.com,https://photos.zillowstatic.com/fp/b9b0bd8506ce0cf2c2a8aa27691945f3-p_c.jpg,2026-06-08 12:27,For Sale
26636423,6201 Baymar Ln,75252,Dallas,TX,32.99017,-96.797844,624900,296.0,-25000.0,,,4.0,3.0,2110.0,1986.0,0.41,singleFamily,34,637243.0,2025,https://www.zillow.com,https://photos.zillowstatic.com/fp/aaaa89774ce7754f16ef57738678746d-p_c.jpg,2026-06-08 12:27,For Sale
27324814,18915 Tupelo Ln,75287,Dallas,TX,33.010216,-96.86181,289900,225.0,,283600.0,2023.0,3.0,2.0,1286.0,1984.0,5227.2,townhome,9,264880.0,2025,https://www.zillow.com,https://photos.zillowstatic.com/fp/e042d9eb600b5f8570c2a6395dae88de-p_c.jpg,2026-06-08 12:27,For Sale
162298636,3228 Grantwood Dr,75229,Dallas,TX,32.888435,-96.87161,725000,290.0,-24900.0,706600.0,4971.0,4.0,3.0,2500.0,1968.0,0.252,singleFamily,58,669910.0,2025,https://www.zillow.com,https://photos.zillowstatic.com/fp/58fd7fa041bcb306e6c317ceff2ce1e2-p_c.jpg,2026-06-08 12:27,For Sale
67961461,2800 Carter St,75210,Dallas,TX,32.77622,-96.74224,309999,217.0,-5000.0,308600.0,2000.0,3.0,2.0,1430.0,2026.0,6621.12,singleFamily,80,56380.0,2025,https://www.zillow.com,https://photos.zillowstatic.com/fp/66741affa2a95d6022c72a323103d58c-p_c.jpg,2026-06-08 12:27,For Sale
26755041,6724 Walnut Hill Ln,75230,Dallas,TX,32.879604,-96.789314,699000,399.0,-30000.0,674300.0,3655.0,3.0,2.0,1751.0,1949.0,0.29,singleFamily,66,667260.0,2025,https://www.zillow.com,https://photos.zillowstatic.com/fp/6ac233deb231f87b0efda7c3ed3e7fed-p_c.jpg,2026-06-08 12:27,For Sale
26843530,8629 Lockhaven Dr,75238,Dallas,TX,32.866962,-96.70802,1650000,401.0,-50000.0,1614900.0,5905.0,4.0,4.0,4110.0,2026.0,9670.32,singleFamily,38,535830.0,2025,https://www.zillow.com,https://photos.zillowstatic.com/fp/871f3a447714269d81b6baadaa575b04-p_c.jpg,2026-06-08 12:27,For Sale
26890433,7711 Turnberry Ln,75248,Dallas,TX,32.98159,-96.77256,1100000,321.0,,1048500.0,3971.0,4.0,4.0,3429.0,1977.0,0.307,singleFamily,17,785000.0,2025,https://www.zillow.com,https://photos.zillowstatic.com/fp/7373e07136f0a827166d840e15b03a0f-p_c.jpg,2026-06-08 12:27,For Sale
26875508,7212 Canongate Dr,75248,Dallas,TX,32.978935,-96.78077,789900,227.0,-10000.0,,,5.0,3.0,3474.0,1974.0,9016.92,singleFamily,51,900000.0,2025,https://www.zillow.com,https://photos.zillowstatic.com/fp/fdc41b9f4e51a1d7e7c68280d71ae8c5-p_c.jpg,2026-06-08 12:27,For Sale
26860054,8142 Clear Springs Rd,75240,Dallas,TX,32.936535,-96.765686,375000,231.0,-15000.0,,,3.0,2.0,1624.0,1965.0,9670.32,singleFamily,96,376360.0,2025,https://www.zillow.com,https://photos.zillowstatic.com/fp/7809b92995810651f8d25367358655be-p_c.jpg,2026-06-08 12:27,For Sale
26599199,17415 Oakington Ct,75252,Dallas,TX,32.987797,-96.78556,699900,243.0,-50000.0,,5091.0,5.0,5.0,2875.0,1981.0,0.32,singleFamily,42,639692.0,2025,https://www.zillow.com,https://photos.zillowstatic.com/fp/288df71dc39cabf86c95b0abc68c17ca-p_c.jpg,2026-06-08 12:27,For Sale
26803675,5812 Preston Haven Dr,75230,Dallas,TX,32.90626,-96.80687,4195000,633.0,,4043800.0,7421.0,6.0,8.0,6630.0,2026.0,0.392,singleFamily,37,1319770.0,2025,https://www.zillow.com,https://photos.zillowstatic.com/fp/e1844053c2558a096480c37c29f5c992-p_c.jpg,2026-06-08 12:27,For Sale
53085877,18333 Roehampton Dr APT 1037,75252,Dallas,TX,33.001495,-96.8031,110000,246.0,,131500.0,1168.0,1.0,1.0,448.0,1985.0,696.96,condo,2,135914.0,2025,https://www.zillow.com,https://photos.zillowstatic.com/fp/478e053bebc7eebf03735d49b190b130-p_c.jpg,2026-06-08 12:27,For Sale
26716278,1203 Forester Dr,75216,Dallas,TX,32.7348,-96.80665,345000,230.0,-4800.0,342900.0,2150.0,3.0,2.0,1500.0,2025.0,8494.2,singleFamily,92,90000.0,2025,https://www.zillow.com,https://photos.zillowstatic.com/fp/0fe996b555440b67099fa5e550573dbc-p_c.jpg,2026-06-08 12:27,For Sale
26753526,6328 Bandera Ave APT A,75225,Dallas,TX,32.867214,-96.79768,625000,315.0,,584900.0,4327.0,2.0,2.0,1981.0,1960.0,2.075,condo,6,428750.0,2025,https://www.zillow.com,https://photos.zillowstatic.com/fp/342748bce5d53a11925a91ddc8e55bbb-p_c.jpg,2026-06-08 12:27,For Sale
26741390,1521 El Campo Dr,75218,Dallas,TX,32.82369,-96.70063,1589999,352.0,-1.0,1514600.0,6002.0,4.0,3.0,4520.0,1945.0,0.485,singleFamily,41,850000.0,2025,https://www.zillow.com,https://photos.zillowstatic.com/fp/5905a5e9fdbe7fe804e55a73f7cb3427-p_c.jpg,2026-06-08 12:27,For Sale
26727389,635 Richmondell Ave,75211,Dallas,TX,32.738224,-96.878365,168000,202.0,,,1615.0,2.0,1.0,832.0,1948.0,6490.44,singleFamily,18,202520.0,2025,https://www.zillow.com,https://photos.zillowstatic.com/fp/4226973b4f2e9e79cf6ae4f5cc1fa431-p_c.jpg,2026-06-08 12:27,For Sale
26748533,6214 Danbury Ln,75214,Dallas,TX,32.848488,-96.75715,1295000,344.0,,1224300.0,6319.0,3.0,4.0,3766.0,1970.0,8624.88,singleFamily,10,980000.0,2025,https://www.zillow.com,https://photos.zillowstatic.com/fp/291d78fc610b9724c75a208a4776078d-p_c.jpg,2026-06-08 12:27,For Sale
26683537,3417 Pondrom St,75215,Dallas,TX,32.762173,-96.76905,125000,113.0,,,2934.0,4.0,4.0,1104.0,1936.0,6229.08,singleFamily,21,136600.0,2025,https://www.zillow.com,https://photos.zillowstatic.com/fp/3cc0b306fad3dc210f07632055c81a9c-p_c.jpg,2026-06-08 12:27,For Sale
53390242,4125 Cole Ave APT 2,75204,Dallas,TX,32.815792,-96.79329,499900,328.0,,480800.0,3029.0,2.0,3.0,1523.0,1998.0,1.058,condo,6,450000.0,2025,https://www.zillow.com,https://photos.zillowstatic.com/fp/cc1a0025f5811e24a6c82dd87629ed5a-p_c.jpg,2026-06-08 12:27,For Sale
26767925,2266 Sutter St,75216,Dallas,TX,32.72105,-96.78641,219999,128.0,-10000.0,,,3.0,2.0,1721.0,1953.0,0.291,singleFamily,47,272050.0,2025,https://www.zillow.com,https://photos.zillowstatic.com/fp/9eee631833b468596d5e9b418a81fb9f-p_c.jpg,2026-06-08 12:27,For Sale
462087845,5320 Reiger Ave #104,75214,Dallas,TX,32.799812,-96.75968,389900,270.0,,385200.0,3079.0,2.0,3.0,1442.0,2025.0,0.265,condo,38,,,https://www.zillow.com,https://photos.zillowstatic.com/fp/b1fb7a12c94fd2b9ca18f13e86734847-p_c.jpg,2026-06-08 12:27,For Sale
26907606,10339 Limestone Dr,75217,Dallas,TX,32.744865,-96.64644,150000,166.0,,146200.0,1312.0,2.0,1.0,906.0,1983.0,2962.08,singleFamily,16,177450.0,2025,https://www.zillow.com,https://photos.zillowstatic.com/fp/30199aaf29ff129723f9e78b68858a2d-p_c.jpg,2026-06-08 12:27,For Sale
26803730,5815 Boca Raton Dr,75230,Dallas,TX,32.904774,-96.80739,2080000,526.0,-40000.0,2018900.0,6418.0,4.0,4.0,3958.0,2004.0,0.354,singleFamily,2,1881010.0,2025,https://www.zillow.com,https://photos.zillowstatic.com/fp/28cc3664a64745dbad1de2b0b85cb012-p_c.jpg,2026-06-08 12:27,For Sale
26910873,5604 En Core Dr,75240,Dallas,TX,32.93669,-96.8042,669000,289.0,,655100.0,3208.0,3.0,2.0,2317.0,1991.0,8450.64,singleFamily,42,563310.0,2025,https://www.zillow.com,https://photos.zillowstatic.com/fp/27844a21d2294af22fc632696163d629-p_c.jpg,2026-06-08 12:27,For Sale
26698802,5322 W Mockingbird Ln,75209,Dallas,TX,32.8364,-96.820786,1100000,478.0,-49000.0,1066400.0,7594.0,3.0,3.0,2303.0,1979.0,7927.92,singleFamily,57,1062700.0,2025,https://www.zillow.com,https://photos.zillowstatic.com/fp/7b47b8d9d4b9e7b0c75cf14c1b3b6bd4-p_c.jpg,2026-06-08 12:27,For Sale
26876362,16817 Rustic Meadows Dr,75248,Dallas,TX,32.9807,-96.80396,599000,274.0,,581400.0,3466.0,3.0,3.0,2190.0,1977.0,7448.76,singleFamily,31,592530.0,2025,https://www.zillow.com,https://photos.zillowstatic.com/fp/17f7fcce6020c0cc5a64d7d0d7bdb008-p_c.jpg,2026-06-08 12:27,For Sale
26776312,4971 Brigadoon Ln,75216,Dallas,TX,32.684513,-96.81735,230000,126.0,,229500.0,2249.0,3.0,3.0,1822.0,1958.0,7405.2,singleFamily,18,236450.0,2025,https://www.zillow.com,https://photos.zillowstatic.com/fp/29bf9259811d76accad8b7d390b5623b-p_c.jpg,2026-06-08 12:27,For Sale
26758368,4347 Bonham St,75229,Dallas,TX,32.88877,-96.83458,1525000,486.0,,1458800.0,7933.0,3.0,5.0,3141.0,2020.0,6751.8,singleFamily,24,1160000.0,2025,https://www.zillow.com,https://photos.zillowstatic.com/fp/6805d86385829dfbe3dce60f52ac33a3-p_c.jpg,2026-06-08 12:27,For Sale
26703657,6038 Anita St,75206,Dallas,TX,32.834682,-96.762505,748000,563.0,-12000.0,,,2.0,1.0,1328.0,1942.0,6534.0,singleFamily,9,655000.0,2025,https://www.zillow.com,https://photos.zillowstatic.com/fp/40b15587d2012329411a6053e990c78d-p_c.jpg,2026-06-08 12:27,For Sale
26727535,311 N Montreal Ave,75208,Dallas,TX,32.747475,-96.8541,349000,192.0,,325400.0,1933.0,4.0,2.0,1813.0,1943.0,7100.28,multiFamily,20,417670.0,2025,https://www.zillow.com,https://photos.zillowstatic.com/fp/76221319a2557e67bc8b67affd03a438-p_c.jpg,2026-06-08 12:27,For Sale
26750626,7003 Kingsbury Dr,75231,Dallas,TX,32.862404,-96.74266,639000,234.0,,621600.0,1907.0,4.0,4.0,2736.0,1961.0,0.262,singleFamily,2,640590.0,2025,https://www.zillow.com,https://photos.zillowstatic.com/fp/547a589879e917b2783ad951246fd101-p_c.jpg,2026-06-08 12:27,For Sale
26637978,17927 Windflower Way,75252,Dallas,TX,32.996372,-96.80392,409900,189.0,-10000.0,402700.0,2989.0,3.0,3.0,2174.0,1990.0,4225.32,singleFamily,59,454758.0,2025,https://www.zillow.com,https://photos.zillowstatic.com/fp/4c5259b325b83ee8aa05f6f603970e5c-p_c.jpg,2026-06-08 12:27,For Sale
26860898,9410 Beacon Hill Cir,75217,Dallas,TX,32.701393,-96.66045,265000,170.0,,265600.0,2165.0,3.0,2.0,1556.0,1950.0,0.5700000000000001,singleFamily,6,184110.0,2025,https://www.zillow.com,https://photos.zillowstatic.com/fp/122e4cb63f93b03b00e774e5e6f52684-p_c.jpg,2026-06-08 12:27,For Sale
26741866,10303 Sylvia Dr,75228,Dallas,TX,32.834816,-96.68643,250000,217.0,,247700.0,2000.0,3.0,1.0,1152.0,1952.0,0.254,singleFamily,11,260190.0,2025,https://www.zillow.com,https://photos.zillowstatic.com/fp/24fa47376d5790bed92022f8ada5077b-p_c.jpg,2026-06-08 12:27,For Sale
26874003,6915 Middle Cove Dr,75248,Dallas,TX,32.970566,-96.78782,2300000,453.0,,2223100.0,7823.0,6.0,8.0,5072.0,2026.0,8581.32,singleFamily,45,700320.0,2025,https://www.zillow.com,https://photos.zillowstatic.com/fp/4830269fa7b08f1155898acdcfc6cc35-p_c.jpg,2026-06-08 12:27,For Sale
26851616,11714 El Hara Cir,75230,Dallas,TX,32.908566,-96.78094,1199000,392.0,,,,4.0,4.0,3059.0,1968.0,0.433,singleFamily,6,1166060.0,2025,https://www.zillow.com,https://photos.zillowstatic.com/fp/490d6ecbc662e754bd9dc1549190e089-p_c.jpg,2026-06-08 12:27,For Sale
26735874,3856 Shorecrest Dr,75209,Dallas,TX,32.85844,-96.84552,650000,452.0,,621100.0,2937.0,2.0,2.0,1439.0,1951.0,7705.764,singleFamily,59,600000.0,2025,https://www.zillow.com,https://photos.zillowstatic.com/fp/dbed8c1baf645024097e5e639842fe54-p_c.jpg,2026-06-08 12:27,For Sale
26702900,5947 Mercedes Ave,75206,Dallas,TX,32.828197,-96.76381,979000,472.0,,942400.0,4500.0,3.0,2.0,2076.0,1948.0,7100.28,singleFamily,39,793000.0,2025,https://www.zillow.com,https://photos.zillowstatic.com/fp/2bd31d06d3e217f35d098b3b3aa350c7-p_c.jpg,2026-06-08 12:27,For Sale
26784228,3027 Scenic Cir,75216,Dallas,TX,32.720432,-96.7781,319900,169.0,-20000.0,317600.0,2353.0,4.0,2.0,1894.0,1967.0,9757.44,singleFamily,99,262780.0,2025,https://www.zillow.com,https://photos.zillowstatic.com/fp/0cb3eca8de8c875b099902aa2aa6a126-p_c.jpg,2026-06-08 12:27,For Sale
26750866,6722 Kingsbury Dr,75231,Dallas,TX,32.859013,-96.74462,938000,362.0,-1000.0,,,4.0,4.0,2588.0,1960.0,0.31,singleFamily,59,755000.0,2025,https://www.zillow.com,https://photos.zillowstatic.com/fp/aaa1c172469764e21bf59fb1b92112e9-p_c.jpg,2026-06-08 12:27,For Sale
26877578,4293 Leland College Dr,75241,Dallas,TX,32.670273,-96.7457,169000,125.0,-6000.0,168800.0,1725.0,4.0,1.0,1348.0,1964.0,5924.16,singleFamily,78,189660.0,2025,https://www.zillow.com,https://photos.zillowstatic.com/fp/c9d582edf89ffaf8347d11e0ff720977-p_c.jpg,2026-06-08 12:27,For Sale
26912851,8503 Coppertowne Ln,75243,Dallas,TX,32.89599,-96.72702,339000,201.0,-20999.0,329300.0,2851.0,3.0,3.0,1686.0,1983.0,1960.2,singleFamily,10,359420.0,2025,https://www.zillow.com,https://photos.zillowstatic.com/fp/79ce9956c067f7ccf10879bc193f4fd5-p_c.jpg,2026-06-08 12:27,For Sale
26745688,2314 Tealford Dr,75228,Dallas,TX,32.840004,-96.67242,205000,188.0,,202600.0,1723.0,2.0,1.0,1088.0,1952.0,7405.2,singleFamily,1,220000.0,2025,https://www.zillow.com,https://photos.zillowstatic.com/fp/7de980a83bd5a271c8f3391312d975b5-p_c.jpg,2026-06-08 12:27,For Sale
96509247,1942 McBroom St,75212,Dallas,TX,32.782383,-96.85211,519000,252.0,,506100.0,3184.0,4.0,3.0,2058.0,2020.0,5662.8,singleFamily,16,519400.0,2025,https://www.zillow.com,https://photos.zillowstatic.com/fp/81543ca93c19496949187d7589bb8092-p_c.jpg,2026-06-08 12:27,For Sale
26854081,9662 Ferndale Rd,75238,Dallas,TX,32.878803,-96.7082,549000,314.0,,535800.0,3096.0,3.0,2.0,1748.0,1959.0,9365.4,singleFamily,3,478700.0,2025,https://www.zillow.com,https://photos.zillowstatic.com/fp/0402bb1fe142bcaaced914dd096b5b40-p_c.jpg,2026-06-08 12:27,For Sale
26729524,811 N Oak Cliff Blvd,75208,Dallas,TX,32.75271,-96.85491,699900,454.0,-9100.0,,,3.0,2.0,1541.0,1945.0,8015.04,singleFamily,25,510560.0,2025,https://www.zillow.com,https://photos.zillowstatic.com/fp/1a932fd013b437c5dbc51bfaa7cab7f3-p_c.jpg,2026-06-08 12:27,For Sale
96528103,2015 Volga Ave,75216,Dallas,TX,32.702583,-96.79452,340000,154.0,-10000.0,337800.0,2763.0,4.0,3.0,2211.0,2021.0,9496.08,singleFamily,123,391950.0,2025,https://www.zillow.com,https://photos.zillowstatic.com/fp/99b74644ee3b50f277f7665b2c0904a2-p_c.jpg,2026-06-08 12:27,For Sale
304021712,17730 Bottlebrush Dr,75252,Dallas,TX,32.99154,-96.75904,599999,249.0,,585800.0,3642.0,4.0,3.0,2414.0,2018.0,4399.56,singleFamily,72,602816.0,2025,https://www.zillow.com,https://photos.zillowstatic.com/fp/07ecba74c3e4d27894da8af2dfaaf566-p_c.jpg,2026-06-08 12:27,For Sale
53083038,18916 Misthaven Pl,75287,Dallas,TX,33.008244,-96.83699,525000,279.0,,512000.0,2974.0,3.0,2.0,1881.0,1985.0,6098.4,singleFamily,13,506799.0,2025,https://www.zillow.com,https://photos.zillowstatic.com/fp/425051cbf2d850cdd86234c83cdc06ed-p_c.jpg,2026-06-08 12:27,For Sale
26883034,10105 Rita Rd,75243,Dallas,TX,32.92251,-96.710884,614999,197.0,,597400.0,3853.0,4.0,4.0,3117.0,1979.0,9583.2,singleFamily,2,511470.0,2025,https://www.zillow.com,https://photos.zillowstatic.com/fp/642dbb1662bf851fa528bae9d631256a-p_c.jpg,2026-06-08 12:27,For Sale
26754400,6828 Chevy Chase Ave,75225,Dallas,TX,32.871284,-96.78751,2395000,522.0,-100000.0,,,4.0,5.0,4587.0,2007.0,9626.76,singleFamily,38,2243180.0,2025,https://www.zillow.com,https://photos.zillowstatic.com/fp/21605d514d3f34cf208feecc0f2a828d-p_c.jpg,2026-06-08 12:27,For Sale
448065335,6214 Liberty Hl,75248,Dallas,TX,32.954628,-96.79971,622000,287.0,-5000.0,,,4.0,3.0,2168.0,1984.0,7840.8,singleFamily,51,,,https://www.zillow.com,https://photos.zillowstatic.com/fp/44b409de3e0d9da8cf79098fab1fbcb7-p_c.jpg,2026-06-08 12:27,For Sale
26859518,7211 Valley View Pl,75240,Dallas,TX,32.927677,-96.78114,1050000,325.0,-50000.0,,,4.0,4.0,3232.0,1978.0,0.571,singleFamily,20,1138740.0,2025,https://www.zillow.com,https://photos.zillowstatic.com/fp/15bdbeab4c21af31344e4381dff301dd-p_c.jpg,2026-06-08 12:27,For Sale
26897741,3021 Adolph St,75204,Dallas,TX,32.792656,-96.78921,595000,337.0,,,3757.0,3.0,2.0,1764.0,1983.0,5880.6,singleFamily,36,611530.0,2025,https://www.zillow.com,https://photos.zillowstatic.com/fp/396d48a56078ef66122237eed22ea9b5-p_c.jpg,2026-06-08 12:27,For Sale
96521412,2414 Anderson St,75215,Dallas,TX,32.746178,-96.75496,325000,168.0,,322900.0,2639.0,4.0,4.0,1940.0,2025.0,1873.08,singleFamily,11,18840.0,2025,https://www.zillow.com,https://photos.zillowstatic.com/fp/160602db0a0c542379fedd78ae06e6a3-p_c.jpg,2026-06-08 12:27,For Sale
26744199,1131 Wicklow Dr,75218,Dallas,TX,32.839268,-96.69912,745000,278.0,-20000.0,714800.0,4419.0,3.0,3.0,2678.0,1950.0,0.42300000000000004,singleFamily,67,623360.0,2025,https://www.zillow.com,https://photos.zillowstatic.com/fp/e24f886110d6daabcc5823ddf8698481-p_c.jpg,2026-06-08 12:27,For Sale
26874249,7736 El Santo Ln,75248,Dallas,TX,32.961174,-96.77407,499000,216.0,-20000.0,494000.0,3480.0,4.0,2.0,2312.0,1966.0,9147.6,singleFamily,213,560070.0,2025,https://www.zillow.com,https://photos.zillowstatic.com/fp/5b34d63adc5906b6f384e02097ffc000-p_c.jpg,2026-06-08 12:27,For Sale
26888236,12921 Abrams Rd APT 502,75243,Dallas,TX,32.922718,-96.73645,129500,115.0,-6400.0,126900.0,1761.0,2.0,3.0,1131.0,1980.0,3.259,condo,110,197970.0,2025,https://www.zillow.com,https://photos.zillowstatic.com/fp/25fe0c4e934ebbebd43a22b19384f2c6-p_c.jpg,2026-06-08 12:27,For Sale
336884377,5135 Miller Ave,75206,Dallas,TX,32.821556,-96.7831,1230000,351.0,,1185700.0,7875.0,3.0,4.0,3506.0,2019.0,3963.96,singleFamily,24,1171320.0,2025,https://www.zillow.com,https://photos.zillowstatic.com/fp/5fba2e2b340ab52eb013438d578504a7-p_c.jpg,2026-06-08 12:27,For Sale
26743656,11743 Neering Dr,75218,Dallas,TX,32.854717,-96.68973,499000,364.0,-10000.0,491400.0,2435.0,3.0,2.0,1370.0,1955.0,7623.0,singleFamily,67,445480.0,2025,https://www.zillow.com,https://photos.zillowstatic.com/fp/700e4b45ae93829eb8931f10116f7f26-p_c.jpg,2026-06-08 12:27,For Sale
26766886,2130 Kathleen Ave,75216,Dallas,TX,32.703766,-96.79324,389000,185.0,,,2784.0,5.0,3.0,2100.0,2025.0,7148.0,singleFamily,94,70000.0,2025,https://www.zillow.com,https://photos.zillowstatic.com/fp/7fbea74502c20ba7f5ca57bde86e3a8d-p_c.jpg,2026-06-08 12:27,For Sale
26705186,6452 Lange Cir,75214,Dallas,TX,32.841766,-96.75068,899500,479.0,,,,3.0,3.0,1878.0,1958.0,9844.56,singleFamily,7,912800.0,2025,https://www.zillow.com,https://photos.zillowstatic.com/fp/7c115f0942f9852758875069b3ca5686-p_c.jpg,2026-06-08 12:27,For Sale
26902966,20 Stonecourt Cir,75225,Dallas,TX,32.86001,-96.77614,1525000,497.0,,1449300.0,4529.0,2.0,3.0,3067.0,1984.0,6446.88,singleFamily,5,1418000.0,2025,https://www.zillow.com,https://photos.zillowstatic.com/fp/5d5fac596276ceebca97ed84d889ea82-p_c.jpg,2026-06-08 12:27,For Sale
26804013,5871 Elderwood Dr,75230,Dallas,TX,32.900505,-96.808136,3490000,660.0,,,,5.0,6.0,5284.0,2026.0,0.39,singleFamily,9,815760.0,2025,https://www.zillow.com,https://photos.zillowstatic.com/fp/b0e41411d0a0ce393e6e13f7c9505026-p_c.jpg,2026-06-08 12:27,For Sale
26733807,5356 Drane Dr,75209,Dallas,TX,32.84221,-96.8191,5500000,767.0,,,,6.0,6.0,7171.0,1954.0,0.515,singleFamily,34,4552000.0,2025,https://www.zillow.com,https://photos.zillowstatic.com/fp/ac1eeac71a41d699046babb3faf88336-p_c.jpg,2026-06-08 12:27,For Sale
26790140,3989 Highgrove Dr,75220,Dallas,TX,32.86901,-96.845245,1874999,413.0,,1819900.0,5076.0,6.0,6.0,4544.0,2026.0,10715.76,singleFamily,22,598050.0,2025,https://www.zillow.com,https://photos.zillowstatic.com/fp/13633a58f5d4631446275ca47d34471d-p_c.jpg,2026-06-08 12:27,For Sale
26706322,6947 Ellsworth Ave,75214,Dallas,TX,32.834545,-96.74162,3389000,621.0,,3260400.0,2441.0,5.0,6.0,5454.0,2026.0,9278.28,singleFamily,31,860890.0,2025,https://www.zillow.com,https://photos.zillowstatic.com/fp/47ff8ea508f1a5f395c5274bef619620-p_c.jpg,2026-06-08 12:27,For Sale
96535700,6030 Plum Dale Rd,75241,Dallas,TX,32.67256,-96.77763,399999,227.0,,398000.0,2492.0,3.0,3.0,1766.0,2026.0,6098.4,singleFamily,24,65000.0,2025,https://www.zillow.com,https://photos.zillowstatic.com/fp/058ddb76f47fd70c01356018c9884d15-p_c.jpg,2026-06-08 12:27,For Sale
124267812,6421 Blanch Cir,75214,Dallas,TX,32.824013,-96.7506,3250000,900.0,,3060300.0,7617.0,4.0,5.0,3611.0,2014.0,0.49899999999999994,singleFamily,12,2623470.0,2025,https://www.zillow.com,https://photos.zillowstatic.com/fp/5d69cea182013e5e7320b83790f6392c-p_c.jpg,2026-06-08 12:27,For Sale
162224612,4130 Cochran Chapel Rd,75209,Dallas,TX,32.860207,-96.84044,9150000,1018.0,,,,5.0,8.0,8984.0,2002.0,3.38,singleFamily,92,6872000.0,2025,https://www.zillow.com,https://photos.zillowstatic.com/fp/9974a556fdec25115f607399b11c6488-p_c.jpg,2026-06-08 12:27,For Sale
26744074,10817 Caprock Cir,75218,Dallas,TX,32.85597,-96.69739,775000,399.0,-24900.0,,,3.0,2.0,1943.0,1960.0,0.311,singleFamily,37,570740.0,2025,https://www.zillow.com,https://photos.zillowstatic.com/fp/2f6abcca0a5e552bf88cc9904c671109-p_c.jpg,2026-06-08 12:27,For Sale
26630303,5619 Bent Creek Trl,75252,Dallas,TX,33.01095,-96.81141,964000,261.0,,918000.0,5386.0,3.0,5.0,3694.0,1985.0,7405.2,singleFamily,5,727061.0,2025,https://www.zillow.com,https://photos.zillowstatic.com/fp/a01cdf3f79b75f2fff2c414883c4e1c1-p_c.jpg,2026-06-08 12:27,For Sale
2114577083,4343 McKinney Ave APT 304,75205,Dallas,TX,32.819332,-96.78973,699000,428.0,-51000.0,681600.0,3927.0,2.0,2.0,1635.0,2007.0,0.321,condo,20,,,https://www.zillow.com,https://photos.zillowstatic.com/fp/7d2fa46d3c5b291adff2d508d451e085-p_c.jpg,2026-06-08 12:27,For Sale
26890583,7610 Bantry Cir,75248,Dallas,TX,32.98553,-96.77634,735000,254.0,,,,4.0,3.0,2890.0,1978.0,10672.2,singleFamily,23,757840.0,2025,https://www.zillow.com,https://photos.zillowstatic.com/fp/6a75ab841929942488ed6aa915c78476-p_c.jpg,2026-06-08 12:27,For Sale
95054497,2824 Saint Bernard Dr,75233,Dallas,TX,32.71249,-96.86712,292000,192.0,,,,4.0,2.0,1521.0,2015.0,5209.776,singleFamily,26,290000.0,2025,https://www.zillow.com,https://photos.zillowstatic.com/fp/a8f078add930526b1d7faa9eba178a0f-p_c.jpg,2026-06-08 12:27,For Sale
26843588,8903 Liptonshire Dr,75238,Dallas,TX,32.869434,-96.70422,1925000,391.0,,1795400.0,6834.0,5.0,7.0,4925.0,1955.0,8929.8,singleFamily,14,479430.0,2025,https://www.zillow.com,https://photos.zillowstatic.com/fp/49ab11c6c9e3edd615bc059b5dfa13e0-p_c.jpg,2026-06-08 12:27,For Sale
26848295,6181 Preston Creek Ct,75240,Dallas,TX,32.9363,-96.80176,2699000,342.0,,,,5.0,7.0,7894.0,1971.0,0.646,singleFamily,44,2210920.0,2025,https://www.zillow.com,https://photos.zillowstatic.com/fp/b63d9b462d0d5a291536f2e9446210d2-p_c.jpg,2026-06-08 12:27,For Sale
26856019,8927 Beckleyview Ave,75232,Dallas,TX,32.639076,-96.83289,249999,122.0,,243600.0,2579.0,4.0,3.0,2048.0,1940.0,0.44599999999999995,singleFamily,22,284010.0,2025,https://www.zillow.com,https://photos.zillowstatic.com/fp/77a01c7bb865f452ed51b623053649f1-p_c.jpg,2026-06-08 12:27,For Sale
26694528,3703 York St,75210,Dallas,TX,32.765,-96.74545,298000,175.0,-1000.0,,2037.0,3.0,3.0,1699.0,2025.0,3267.0,singleFamily,109,26000.0,2025,https://www.zillow.com,https://photos.zillowstatic.com/fp/9b87a950a3f0806808cdcb563ebf8510-p_c.jpg,2026-06-08 12:27,For Sale
26874290,7716 La Risa Dr,75248,Dallas,TX,32.962345,-96.775024,533500,230.0,-16500.0,516900.0,3652.0,4.0,4.0,2317.0,1969.0,8886.24,singleFamily,410,465660.0,2025,https://www.zillow.com,https://photos.zillowstatic.com/fp/c846a4abfde875b9caf9b6f577a5f3ad-p_c.jpg,2026-06-08 12:27,For Sale
65346465,6101 Baymar Ln,75252,Dallas,TX,32.991,-96.79989,1399999,465.0,-100000.0,1362700.0,4855.0,4.0,5.0,3013.0,2026.0,0.36,singleFamily,73,61875.0,2025,https://www.zillow.com,https://photos.zillowstatic.com/fp/28ed62e00d0cdd03646eca68c82b0262-p_c.jpg,2026-06-08 12:27,For Sale
26790961,2133 Pleasant Dr,75227,Dallas,TX,32.74997,-96.67894,424000,204.0,-900.0,415500.0,2853.0,6.0,4.0,2076.0,1962.0,0.326,singleFamily,142,369330.0,2025,https://www.zillow.com,https://photos.zillowstatic.com/fp/52f5c3b8f3eae88cbfd60c29b7d26817-p_c.jpg,2026-06-08 12:27,For Sale
26744366,1035 Waterford Dr,75218,Dallas,TX,32.839935,-96.70422,950000,288.0,,895000.0,5315.0,4.0,4.0,3293.0,1953.0,0.4,singleFamily,23,729680.0,2025,https://www.zillow.com,https://photos.zillowstatic.com/fp/e518870270a7d529d746eea75e4f04b2-p_c.jpg,2026-06-08 12:27,For Sale
26775819,3916 Kushla Ave,75216,Dallas,TX,32.69539,-96.8089,215000,136.0,-5000.0,211100.0,2045.0,4.0,2.0,1582.0,1956.0,7492.32,singleFamily,110,223060.0,2025,https://www.zillow.com,https://photos.zillowstatic.com/fp/c3cf1f7d9d5e5b0582e75aec891502d7-p_c.jpg,2026-06-08 12:27,For Sale
69676682,2848 Woodside St #7D,75204,Dallas,TX,32.798122,-96.799355,739900,389.0,-10000.0,718200.0,4082.0,2.0,3.0,1900.0,2003.0,0.383,singleFamily,24,636500.0,2025,https://www.zillow.com,https://photos.zillowstatic.com/fp/c16698aa8d7343a4ecd8f77202e0d704-p_c.jpg,2026-06-08 12:27,For Sale
26717776,2610 Emmett St,75211,Dallas,TX,32.732723,-96.86194,649000,240.0,-10000.0,639400.0,3480.0,4.0,4.0,2700.0,2026.0,7056.72,singleFamily,41,231740.0,2025,https://www.zillow.com,https://photos.zillowstatic.com/fp/f1076df28f33ad03c24a7b30b30c486c-p_c.jpg,2026-06-08 12:27,For Sale
251446117,1401 Seegar St,75215,Dallas,TX,32.767525,-96.78855,419000,98.0,-30000.0,418400.0,5469.0,5.0,6.0,4293.0,2025.0,2657.16,singleFamily,76,553370.0,2025,https://www.zillow.com,https://photos.zillowstatic.com/fp/88e5c3a5c1469e91160ef8dd3d99d133-p_c.jpg,2026-06-08 12:27,For Sale
26870689,6520 Calais Dr,75254,Dallas,TX,32.947292,-96.79298,1575000,363.0,-75000.0,1497300.0,6847.0,4.0,4.0,4341.0,1969.0,0.441,singleFamily,24,1780340.0,2025,https://www.zillow.com,https://photos.zillowstatic.com/fp/a20e420c7e155e8475f1a4ef96e39385-p_c.jpg,2026-06-08 12:27,For Sale
26906071,2927 S Bend Dr,75229,Dallas,TX,32.907413,-96.87998,374750,227.0,76250.0,,,3.0,3.0,1654.0,1987.0,2874.96,singleFamily,10,389460.0,2025,https://www.zillow.com,https://photos.zillowstatic.com/fp/618201eba20f3e7cedb782a4c6f71cb0-p_c.jpg,2026-06-08 12:27,For Sale
244057119,5485 Beecher St,75209,Dallas,TX,32.828003,-96.8213,699000,336.0,-16000.0,686600.0,4490.0,3.0,4.0,2083.0,2018.0,2395.8,singleFamily,37,660000.0,2025,https://www.zillow.com,https://photos.zillowstatic.com/fp/3557a51892f3b64f888aadfef6273e03-p_c.jpg,2026-06-08 12:27,For Sale
26870636,7026 Dartbrook Dr,75254,Dallas,TX,32.949196,-96.78733,1395000,336.0,-104000.0,1319800.0,5943.0,4.0,5.0,4157.0,1971.0,0.5,singleFamily,52,1211800.0,2025,https://www.zillow.com,https://photos.zillowstatic.com/fp/fa3f5e9bbbfef93c37db9edc82542d4d-p_c.jpg,2026-06-08 12:27,For Sale
336884783,9434 Biscayne Blvd,75218,Dallas,TX,32.84267,-96.710175,2395000,381.0,-100000.0,,,6.0,9.0,6278.0,2026.0,0.27,singleFamily,53,588050.0,2025,https://www.zillow.com,https://photos.zillowstatic.com/fp/2878355838468356656ec20f559e4795-p_c.jpg,2026-06-08 12:27,For Sale
26677885,3288 Lakenheath Pl,75204,Dallas,TX,32.793873,-96.786995,774900,315.0,-24100.0,742900.0,3889.0,2.0,3.0,2460.0,1980.0,2526.48,singleFamily,60,638980.0,2025,https://www.zillow.com,https://photos.zillowstatic.com/fp/644bdf2a566d3abc72d05eb75f5e3e0c-p_c.jpg,2026-06-08 12:27,For Sale
26712038,322 S Brighton Ave,75208,Dallas,TX,32.742313,-96.84996,489000,284.0,-10000.0,480100.0,2762.0,3.0,2.0,1724.0,1917.0,6969.6,singleFamily,67,445930.0,2025,https://www.zillow.com,https://photos.zillowstatic.com/fp/0d1ba37aada5ccbb7a6347766daf949f-p_c.jpg,2026-06-08 12:27,For Sale
338040266,7333 Valley View Ln #604,75240,Dallas,TX,32.92667,-96.778564,515000,260.0,,501700.0,3329.0,2.0,3.0,1984.0,2019.0,1306.8,townhome,17,475140.0,2025,https://www.zillow.com,https://photos.zillowstatic.com/fp/e784aa491b3e7a2c8b72759268fedf2f-p_c.jpg,2026-06-08 12:27,For Sale
26913157,17168 Club Hill Dr,75248,Dallas,TX,32.982437,-96.81453,4500000,602.0,,4087700.0,7702.0,3.0,5.0,7480.0,1984.0,0.723,singleFamily,52,2633860.0,2025,https://www.zillow.com,https://photos.zillowstatic.com/fp/1fedf277429d1018bd5d256cdc00237e-p_c.jpg,2026-06-08 12:27,For Sale
84003466,13622 Vida Ln,75253,Dallas,TX,32.67849,-96.5982,175000,122.0,,171700.0,1847.0,4.0,2.0,1440.0,2007.0,10018.8,singleFamily,12,138260.0,2025,https://www.zillow.com,https://photos.zillowstatic.com/fp/36c62b0089fbc0565a44b86980787436-p_c.jpg,2026-06-08 12:27,For Sale
26746656,965 Easton Pl,75218,Dallas,TX,32.84616,-96.696625,950000,343.0,-49900.0,921400.0,4947.0,3.0,3.0,2773.0,1976.0,8058.6,singleFamily,74,802090.0,2025,https://www.zillow.com,https://photos.zillowstatic.com/fp/3b996ce1ba12417eae762f5180cbb1a9-p_c.jpg,2026-06-08 12:27,For Sale
69674904,4933 Victor St,75214,Dallas,TX,32.7981,-96.765236,1099000,310.0,-51000.0,1069200.0,5405.0,4.0,4.0,3549.0,1913.0,7666.56,singleFamily,59,986070.0,2025,https://www.zillow.com,https://photos.zillowstatic.com/fp/3cb05da79d3f2379a1226ba14c6df5a8-p_c.jpg,2026-06-08 12:27,For Sale
26703533,6011 McCommas Blvd,75206,Dallas,TX,32.83021,-96.76371,1000000,406.0,,959100.0,5112.0,2.0,3.0,2464.0,1935.0,7666.56,singleFamily,57,864000.0,2025,https://www.zillow.com,https://photos.zillowstatic.com/fp/754441fc1723378c2ed1faa5b87f265a-p_c.jpg,2026-06-08 12:27,For Sale
462579429,1999 McKinney Ave APT 605,75205,Dallas,TX,32.816376,-96.79015,799000,330.0,,766400.0,5505.0,2.0,2.0,2421.0,2000.0,0.668,condo,31,,,https://www.zillow.com,https://photos.zillowstatic.com/fp/31663cde978fa22ac5c4ae36649c6e7f-p_c.jpg,2026-06-08 12:27,For Sale
26645606,4816 Sandestin Dr,75287,Dallas,TX,32.99534,-96.826256,1325000,295.0,,1262900.0,6306.0,5.0,5.0,4488.0,1990.0,0.25,singleFamily,0,1133972.0,2025,https://www.zillow.com,https://photos.zillowstatic.com/fp/ab8743010bf9bf187c59b5665ac628d6-p_c.jpg,2026-06-08 12:27,For Sale
26769405,4447 Moler St,75211,Dallas,TX,32.730637,-96.893326,245000,194.0,-4000.0,,,4.0,2.0,1265.0,1959.0,7187.4,singleFamily,46,262160.0,2025,https://www.zillow.com,https://photos.zillowstatic.com/fp/6634a46836813b1c980162d89df13cce-p_c.jpg,2026-06-08 12:27,For Sale
26758535,4323 Middleton Rd,75229,Dallas,TX,32.88603,-96.836235,3691000,621.0,-200000.0,3527000.0,6281.0,5.0,7.0,5945.0,2023.0,0.428,singleFamily,52,3344760.0,2025,https://www.zillow.com,https://photos.zillowstatic.com/fp/d5b50d5876a2018788fa9195c5ce9651-p_c.jpg,2026-06-08 12:27,For Sale
26705806,7138 Westbrook Ln,75214,Dallas,TX,32.846874,-96.737465,975000,436.0,-24000.0,937400.0,4677.0,3.0,2.0,2235.0,1953.0,7927.92,singleFamily,44,961940.0,2025,https://www.zillow.com,https://photos.zillowstatic.com/fp/46c0c314c71ff58dc55e90c1d648f85b-p_c.jpg,2026-06-08 12:27,For Sale
26692909,4138 Prescott Ave,75219,Dallas,TX,32.8214,-96.80532,1099000,316.0,-26000.0,1064800.0,7217.0,4.0,5.0,3477.0,2006.0,3571.92,singleFamily,58,1298850.0,2025,https://www.zillow.com,https://photos.zillowstatic.com/fp/373422aa47e8b3e8463825266f10e62c-p_c.jpg,2026-06-08 12:27,For Sale
26865163,10621 Mapleridge Dr,75238,Dallas,TX,32.88226,-96.701744,599000,295.0,,576400.0,3146.0,4.0,2.0,2031.0,1965.0,7405.2,singleFamily,3,528950.0,2025,https://www.zillow.com,https://photos.zillowstatic.com/fp/72eee93e476b57e1884fc47678096156-p_c.jpg,2026-06-08 12:27,For Sale
26828804,5908 Melshire Dr,75230,Dallas,TX,32.913986,-96.80711,1799000,432.0,,1683000.0,7663.0,4.0,5.0,4169.0,1958.0,0.3721,singleFamily,60,1547840.0,2025,https://www.zillow.com,https://photos.zillowstatic.com/fp/8064821314d0532b2043275aeff10f45-p_c.jpg,2026-06-08 12:27,For Sale
26586462,17515 River Hill Dr,75287,Dallas,TX,32.991657,-96.82755,2424000,408.0,-75000.0,2279700.0,6891.0,5.0,6.0,5944.0,1985.0,0.89,singleFamily,47,2111000.0,2025,https://www.zillow.com,https://photos.zillowstatic.com/fp/7f1290e1ff6dca66b3ad7d7f53f469d0-p_c.jpg,2026-06-08 12:27,For Sale
26703003,6322 Malcolm Dr,75214,Dallas,TX,32.829983,-96.754974,1795000,420.0,,1713500.0,7851.0,5.0,4.0,4276.0,2022.0,8494.2,singleFamily,12,1690000.0,2025,https://www.zillow.com,https://photos.zillowstatic.com/fp/51fa586b0eae5ba0e818fd8274fd0327-p_c.jpg,2026-06-08 12:27,For Sale
96515571,20 Vanguard Way,75243,Dallas,TX,32.9032,-96.763535,1350000,585.0,300000.0,1275700.0,3657.0,2.0,3.0,2308.0,2017.0,0.26599999999999996,singleFamily,23,1350000.0,2025,https://www.zillow.com,https://photos.zillowstatic.com/fp/ef310e34b6ccbee937d60c02a46e4327-p_c.jpg,2026-06-08 12:27,For Sale
26789429,10940 Snow White Dr,75229,Dallas,TX,32.89794,-96.84217,3695000,685.0,-50000.0,,,5.0,7.0,5392.0,2026.0,0.365,singleFamily,47,849110.0,2025,https://www.zillow.com,https://photos.zillowstatic.com/fp/22e8f2f4c91ad4be0a2b1883cd346018-p_c.jpg,2026-06-08 12:27,For Sale
448031067,2232 Hooper St,75215,Dallas,TX,32.7455,-96.7568,598000,171.0,,,,6.0,6.0,3500.0,2024.0,5052.96,multiFamily,72,,,https://www.zillow.com,https://photos.zillowstatic.com/fp/d71f68ee8a80f3d23f3406c58e2ecc01-p_c.jpg,2026-06-08 12:27,For Sale
26704177,5460 Anita St,75206,Dallas,TX,32.83437,-96.77461,899000,307.0,-51000.0,,,5.0,5.0,2928.0,1956.0,8755.56,multiFamily,31,668380.0,2025,https://www.zillow.com,https://photos.zillowstatic.com/fp/1d509c0b5ea187b94353a4dffeca4787-p_c.jpg,2026-06-08 12:27,For Sale
26758119,4700 Dorset Rd,75229,Dallas,TX,32.883846,-96.82762,9997000,760.0,,8941400.0,7483.0,5.0,8.0,13151.0,1951.0,1.187,singleFamily,124,6546810.0,2025,https://www.zillow.com,https://photos.zillowstatic.com/fp/286151bdb61010284183c163c85e2c3c-p_c.jpg,2026-06-08 12:27,For Sale
26848925,6254 Prestoncrest Ln,75230,Dallas,TX,32.921272,-96.79783,2924000,506.0,-171000.0,,,6.0,6.0,5774.0,2026.0,0.306,singleFamily,40,465850.0,2025,https://www.zillow.com,https://photos.zillowstatic.com/fp/da8251c8fa55e6d8851e0353e6f16fdc-p_c.jpg,2026-06-08 12:27,For Sale
248830838,3337 Walchard Ct,75229,Dallas,TX,32.88506,-96.866425,1495000,359.0,,1457900.0,6681.0,4.0,6.0,4160.0,2026.0,6272.64,singleFamily,9,200000.0,2025,https://www.zillow.com,https://photos.zillowstatic.com/fp/7c703c3c07286876666b360c428fcfe8-p_c.jpg,2026-06-08 12:27,For Sale
67965341,3225 Turtle Creek Blvd APT 1009,75219,Dallas,TX,32.806637,-96.80502,345000,278.0,-50000.0,339800.0,2846.0,2.0,2.0,1242.0,1998.0,3.536,condo,148,453330.0,2025,https://www.zillow.com,https://photos.zillowstatic.com/fp/c6879bb9be1494d9c7c93d3caeb3fbcc-p_c.jpg,2026-06-08 12:27,For Sale
26702391,7122 Lakewood Blvd,75214,Dallas,TX,32.82184,-96.734665,3995000,577.0,-255000.0,3728200.0,6289.0,4.0,6.0,6929.0,2021.0,0.363,singleFamily,19,2503830.0,2025,https://www.zillow.com,https://photos.zillowstatic.com/fp/6be89693973e2fab0b47bff9cffaacd0-p_c.jpg,2026-06-08 12:27,For Sale
26701887,6878 Burwood Ln,75214,Dallas,TX,32.81725,-96.74054,1115000,391.0,,,,3.0,3.0,2852.0,1957.0,9056.124,singleFamily,5,975390.0,2025,https://www.zillow.com,https://photos.zillowstatic.com/fp/c9c204c79e00590250a7fd7ac02d4e28-p_c.jpg,2026-06-08 12:27,For Sale
26694234,5259 Saint Charles Ave,75223,Dallas,TX,32.789314,-96.74337,795000,179.0,,,7053.0,7.0,5.0,4439.0,2022.0,7579.44,singleFamily,8,481150.0,2025,https://www.zillow.com,https://photos.zillowstatic.com/fp/0ac5f7daa1d3ba8d7ba471a46ca09fdc-p_c.jpg,2026-06-08 12:27,For Sale
26757505,5722 Orchid Ln,75230,Dallas,TX,32.89209,-96.80667,1895000,541.0,,,,4.0,4.0,3500.0,2022.0,5227.2,singleFamily,6,1598980.0,2025,https://www.zillow.com,https://photos.zillowstatic.com/fp/df37a3d36674d1ddc8882445b7c2d73f-p_c.jpg,2026-06-08 12:27,For Sale
26834242,1942 Leath St,75212,Dallas,TX,32.789276,-96.85212,800000,258.0,,,,5.0,5.0,3100.0,2026.0,5314.32,singleFamily,15,132650.0,2025,https://www.zillow.com,https://photos.zillowstatic.com/fp/73a6504834c524f00f3a63710576e4bc-p_c.jpg,2026-06-08 12:27,For Sale
26778786,2457 Glenfield Ave,75233,Dallas,TX,32.717037,-96.8595,200000,151.0,,192000.0,1764.0,2.0,2.0,1321.0,1925.0,8058.6,singleFamily,100,214740.0,2025,https://www.zillow.com,https://photos.zillowstatic.com/fp/80c6f161f5dc20857418a598ffba4be2-p_c.jpg,2026-06-08 12:27,For Sale
26808039,3127 Merrell Rd,75229,Dallas,TX,32.888073,-96.872696,475000,257.0,-14999.0,463600.0,3216.0,3.0,2.0,1847.0,1969.0,0.2529,singleFamily,79,460000.0,2025,https://www.zillow.com,https://photos.zillowstatic.com/fp/acf828a3bc15db824915c06cec541979-p_c.jpg,2026-06-08 12:27,For Sale
162404765,8001 Rothington Rd APT 31-37,75227,Dallas,TX,32.782516,-96.68679,580000,142.0,,564900.0,1864.0,8.0,8.0,4084.0,1983.0,9321.84,multiFamily,231,486570.0,2025,https://www.zillow.com,https://photos.zillowstatic.com/fp/80387fcdd4867b45b57ed8c49e0029f2-p_c.jpg,2026-06-08 12:27,For Sale
26869347,9406 Arborhill Dr,75243,Dallas,TX,32.905796,-96.73009,909500,313.0,-20500.0,878800.0,3736.0,3.0,3.0,2903.0,1970.0,8755.56,singleFamily,45,544120.0,2025,https://www.zillow.com,https://photos.zillowstatic.com/fp/4c912b2d2cdc602e773e61240549e6bc-p_c.jpg,2026-06-08 12:27,For Sale
26760154,5730 W Amherst Ave,75209,Dallas,TX,32.85191,-96.81404,1350000,465.0,-95000.0,,,2.0,2.0,2902.0,2008.0,7501.032,singleFamily,145,1637580.0,2025,https://www.zillow.com,https://photos.zillowstatic.com/fp/ebf968f2d3a313d281e2b6eded602615-p_c.jpg,2026-06-08 12:27,For Sale
26805596,3785 Crown Shore Dr,75244,Dallas,TX,32.913235,-96.85218,735000,250.0,-15000.0,,,4.0,2.0,2945.0,1964.0,9844.56,singleFamily,32,625000.0,2025,https://www.zillow.com,https://photos.zillowstatic.com/fp/69c472fc3125ee7f3415ebc96d167b30-p_c.jpg,2026-06-08 12:27,For Sale
26807504,3556 Royal Ln,75229,Dallas,TX,32.894787,-96.85995,530000,344.0,-10000.0,515500.0,3530.0,3.0,2.0,1541.0,1961.0,9931.68,singleFamily,59,433460.0,2025,https://www.zillow.com,https://photos.zillowstatic.com/fp/81c1f2bfd30a420473c096a63bf1d906-p_c.jpg,2026-06-08 12:27,For Sale
26788604,4135 Valley Ridge Rd,75220,Dallas,TX,32.8773,-96.84125,1589000,432.0,-10000.0,1523500.0,6327.0,4.0,4.0,3678.0,2010.0,7230.96,singleFamily,60,1374230.0,2025,https://www.zillow.com,https://photos.zillowstatic.com/fp/ff97d7924d3e69d1150e738cceef52b8-p_c.jpg,2026-06-08 12:27,For Sale
26848261,13919 Hughes Ln,75240,Dallas,TX,32.936768,-96.798546,4599900,886.0,-100000.0,4270300.0,7759.0,4.0,5.0,5190.0,2022.0,1.182,singleFamily,59,3233730.0,2025,https://www.zillow.com,https://photos.zillowstatic.com/fp/a704fdbdf048e3306944f7d54742f6eb-p_c.jpg,2026-06-08 12:27,For Sale
26752102,7215 Centenary Ave,75225,Dallas,TX,32.862583,-96.78225,3495000,616.0,-305000.0,,,5.0,5.0,5670.0,1998.0,8842.68,singleFamily,20,2528820.0,2025,https://www.zillow.com,https://photos.zillowstatic.com/fp/66204eaeca0fd4336479e5bf0c803348-p_c.jpg,2026-06-08 12:27,For Sale
26851496,6766 Northaven Rd,75230,Dallas,TX,32.900932,-96.78869,4199000,946.0,-196000.0,3974800.0,7634.0,5.0,5.0,4437.0,2019.0,0.942,singleFamily,88,5337960.0,2025,https://www.zillow.com,https://photos.zillowstatic.com/fp/64615944d74097be165d31e4e91973d7-p_c.jpg,2026-06-08 12:27,For Sale
26869485,9412 Timberleaf Dr,75243,Dallas,TX,32.906826,-96.73613,350000,175.0,,340000.0,2480.0,3.0,3.0,2004.0,1971.0,3005.64,townhome,9,367570.0,2025,https://www.zillow.com,https://photos.zillowstatic.com/fp/454ff753424e6ae4fb14b5d899e0fe54-p_c.jpg,2026-06-08 12:27,For Sale
26742666,10502 Aledo Dr,75228,Dallas,TX,32.8374,-96.68471,200000,226.0,-13000.0,,,2.0,1.0,884.0,1951.0,7466.184,singleFamily,33,214500.0,2025,https://www.zillow.com,https://photos.zillowstatic.com/fp/e36928f43c4bbd29239d97692d3c10b8-p_c.jpg,2026-06-08 12:27,For Sale
26890015,6639 Clearhaven Cir,75248,Dallas,TX,32.96738,-96.792244,895000,285.0,-30000.0,871900.0,6683.0,4.0,4.0,3141.0,1978.0,7840.8,singleFamily,94,937100.0,2025,https://www.zillow.com,https://photos.zillowstatic.com/fp/c50fc55a9f143018be57b8e38d6111a0-p_c.jpg,2026-06-08 12:27,For Sale
96503850,1011 S Waverly Dr,75208,Dallas,TX,32.735634,-96.84955,525000,150.0,,517000.0,4836.0,5.0,4.0,3506.0,2022.0,7274.52,singleFamily,32,833230.0,2025,https://www.zillow.com,https://photos.zillowstatic.com/fp/18191b0fb386ba9516d4de76b213efe3-p_c.jpg,2026-06-08 12:27,For Sale
26586411,4823 Spyglass Dr,75287,Dallas,TX,32.990906,-96.82398,1395000,308.0,,1322600.0,6240.0,4.0,5.0,4532.0,1986.0,0.33999999999999997,singleFamily,44,1149941.0,2025,https://www.zillow.com,https://photos.zillowstatic.com/fp/2027c0fb2f9753827f5e4ec875b1e1ce-p_c.jpg,2026-06-08 12:27,For Sale
26651530,18719 Thorntree Ln,75252,Dallas,TX,33.005703,-96.80297,815000,236.0,-15000.0,,,5.0,4.0,3447.0,1993.0,8712.0,singleFamily,24,736215.0,2025,https://www.zillow.com,https://photos.zillowstatic.com/fp/af597b3c98d7b833d6552fe076b9c40d-p_c.jpg,2026-06-08 12:27,For Sale
26609044,4015 Lawngate Dr,75287,Dallas,TX,33.00342,-96.84242,534900,271.0,,521600.0,3238.0,4.0,2.0,1971.0,1984.0,7840.8,singleFamily,4,480000.0,2025,https://www.zillow.com,https://photos.zillowstatic.com/fp/1c224d3e8744eb92edd55480dc9db878-p_c.jpg,2026-06-08 12:27,For Sale
26873194,15935 Longvista Dr,75248,Dallas,TX,32.966537,-96.78597,650000,277.0,,629400.0,5555.0,4.0,3.0,2343.0,1972.0,9844.56,singleFamily,10,586310.0,2025,https://www.zillow.com,https://photos.zillowstatic.com/fp/a8f309fa2f527eabd9396064c2ed7f4b-p_c.jpg,2026-06-08 12:27,For Sale
26811097,10355 Carry Back Cir,75229,Dallas,TX,32.886555,-96.87324,689000,297.0,-10000.0,,,4.0,3.0,2322.0,1965.0,0.27299999999999996,singleFamily,145,625280.0,2025,https://www.zillow.com,https://photos.zillowstatic.com/fp/8221630f473211375dddddc85fec7b13-p_c.jpg,2026-06-08 12:27,For Sale
26912448,2306 Balvanera Plz,75211,Dallas,TX,32.717636,-96.90108,248000,165.0,,241600.0,2262.0,3.0,3.0,1506.0,2000.0,740.52,singleFamily,25,255430.0,2025,https://www.zillow.com,https://photos.zillowstatic.com/fp/c216ec23116e40e9dec01b99adc05429-p_c.jpg,2026-06-08 12:27,For Sale
26910840,9107 Sweetwater Dr,75228,Dallas,TX,32.810844,-96.6929,499990,248.0,,487700.0,2892.0,3.0,2.0,2019.0,1982.0,8276.4,singleFamily,6,476530.0,2025,https://www.zillow.com,https://photos.zillowstatic.com/fp/60aa5e04701ac0bd4a1d6f5ef37d032b-p_c.jpg,2026-06-08 12:27,For Sale
26790582,9885 Mixon Dr,75220,Dallas,TX,32.876232,-96.85274,1850000,431.0,,,,4.0,4.0,4291.0,2022.0,9626.76,singleFamily,9,1608000.0,2025,https://www.zillow.com,https://photos.zillowstatic.com/fp/7ed62335ea02c2f340b96eceddb840a9-p_c.jpg,2026-06-08 12:27,For Sale
26699234,2835 Macon St,75215,Dallas,TX,32.75089,-96.74779,269999,180.0,-5000.0,269400.0,2270.0,3.0,3.0,1500.0,2026.0,2613.6,singleFamily,72,18450.0,2025,https://www.zillow.com,https://photos.zillowstatic.com/fp/fb24836fc4245b88247128799607d427-p_c.jpg,2026-06-08 12:27,For Sale
26704680,4203 Camden Ave,75206,Dallas,TX,32.83673,-96.76372,699000,260.0,-41000.0,,,3.0,3.0,2686.0,1939.0,6272.64,singleFamily,255,558390.0,2025,https://www.zillow.com,https://photos.zillowstatic.com/fp/c32ae53db6a7730827af6d931e344571-p_c.jpg,2026-06-08 12:27,For Sale
26898699,4205 Avondale Ave APT 103,75219,Dallas,TX,32.81771,-96.80409,129000,215.0,,127700.0,1594.0,1.0,1.0,601.0,1965.0,0.9298000000000001,condo,4,154600.0,2025,https://www.zillow.com,https://photos.zillowstatic.com/fp/0bf6e8875ca17a702572bfd918384e1c-p_c.jpg,2026-06-08 12:27,For Sale
26761677,9261 Meadowglen Dr,75238,Dallas,TX,32.87078,-96.72456,1675000,420.0,,,,6.0,4.0,3988.0,1961.0,0.267,singleFamily,10,1036490.0,2025,https://www.zillow.com,https://photos.zillowstatic.com/fp/0fa248c241f5a4f92a3f74f7a1eaab52-p_c.jpg,2026-06-08 12:27,For Sale
26754784,6635 Park Ln,75225,Dallas,TX,32.87375,-96.79011,2995000,537.0,,,,5.0,5.0,5582.0,2014.0,9713.88,singleFamily,20,2554000.0,2025,https://www.zillow.com,https://photos.zillowstatic.com/fp/cbd90c4db5c2c29b5bf9eb18d41c79bd-p_c.jpg,2026-06-08 12:27,For Sale
26588508,4212 Joshua Ln,75287,Dallas,TX,32.99952,-96.83774,655000,257.0,-44000.0,638500.0,3231.0,4.0,3.0,2551.0,1981.0,8712.0,singleFamily,10,491420.0,2025,https://www.zillow.com,https://photos.zillowstatic.com/fp/e073b353fc4f8a33357925050a6b03a7-p_c.jpg,2026-06-08 12:27,For Sale
96527012,6549 Compass Ridge Dr,75249,Dallas,TX,32.64729,-96.9725,339900,119.0,-10000.0,338900.0,3401.0,4.0,4.0,2846.0,2011.0,7753.68,singleFamily,139,443210.0,2025,https://www.zillow.com,https://photos.zillowstatic.com/fp/7be7e4a0cf1d4165cc39fe2adb8f1394-p_c.jpg,2026-06-08 12:27,For Sale
26887852,2953 San Diego Dr,75228,Dallas,TX,32.854248,-96.662926,250000,146.0,-10000.0,248600.0,2125.0,3.0,2.0,1711.0,1981.0,6446.88,singleFamily,293,279350.0,2025,https://www.zillow.com,https://photos.zillowstatic.com/fp/7bd7c5345fecc3fd73073822baa11df2-p_c.jpg,2026-06-08 12:27,For Sale
26850740,10118 Medlock Dr,75218,Dallas,TX,32.85129,-96.704025,924999,316.0,-50001.0,898100.0,4516.0,4.0,4.0,2929.0,1963.0,8755.56,singleFamily,23,772810.0,2025,https://www.zillow.com,https://photos.zillowstatic.com/fp/2b0160fc56a0d7a3dab847fec37d9e77-p_c.jpg,2026-06-08 12:27,For Sale
26757072,4611 Bobbitt Dr,75229,Dallas,TX,32.897736,-96.82923,5499000,674.0,-250000.0,,,5.0,6.0,8158.0,2019.0,0.6629999999999999,singleFamily,37,4874330.0,2025,https://www.zillow.com,https://photos.zillowstatic.com/fp/775eb8748ba9f9cda31e0b5dda8948fd-p_c.jpg,2026-06-08 12:27,For Sale
26690753,5336 Willis Ave,75206,Dallas,TX,32.819965,-96.77828,1545000,428.0,,1474900.0,7998.0,5.0,4.0,3607.0,2005.0,7797.24,singleFamily,18,1342110.0,2025,https://www.zillow.com,https://photos.zillowstatic.com/fp/d9f1b848cdc10f01c8ec964c70de7cb7-p_c.jpg,2026-06-08 12:27,For Sale
67964607,1505 Elm St APT 603,75201,Dallas,TX,32.781612,-96.79958,295000,144.0,-30000.0,290900.0,4976.0,3.0,3.0,2045.0,1957.0,10018.8,condo,121,377510.0,2025,https://www.zillow.com,https://photos.zillowstatic.com/fp/59e46325020b879337016f1c3d9cebc3-p_c.jpg,2026-06-08 12:27,For Sale
26734345,4610 Bluffview Blvd,75209,Dallas,TX,32.858326,-96.83136,5299000,810.0,-196000.0,,,4.0,6.0,6545.0,2002.0,0.6799999999999999,singleFamily,69,6234810.0,2025,https://www.zillow.com,https://photos.zillowstatic.com/fp/8e42510fee52086e7cec2cca98c83767-p_c.jpg,2026-06-08 12:27,For Sale
462517836,1717 Arts Plz Suite 2309,75201,Dallas,TX,32.791965,-96.795235,3900000,806.0,,3629900.0,,3.0,4.0,4839.0,2005.0,4.041,condo,20,,,https://www.zillow.com,https://photos.zillowstatic.com/fp/482e2f9d28a72fa3f0e083b3e6702f8c-p_c.jpg,2026-06-08 12:27,For Sale
26729241,1518 Oak Knoll St,75208,Dallas,TX,32.762928,-96.83254,1450000,456.0,,1373500.0,6543.0,4.0,4.0,3180.0,1948.0,0.29200000000000004,singleFamily,19,1895320.0,2025,https://www.zillow.com,https://photos.zillowstatic.com/fp/7893fc64bef8611e2f8e2781fbf1070c-p_c.jpg,2026-06-08 12:27,For Sale
67957401,5589 Hunters Bend Ln,75249,Dallas,TX,32.655235,-96.97539,287000,196.0,7000.0,284800.0,2065.0,3.0,2.0,1465.0,2003.0,5096.52,singleFamily,1,278920.0,2025,https://www.zillow.com,https://photos.zillowstatic.com/fp/0ae105c1e05802103bf4bedf3c9a248d-p_c.jpg,2026-06-08 12:27,For Sale
96508401,2010 McMillan Ave,75206,Dallas,TX,32.8149,-96.774414,2399000,486.0,-101000.0,2280000.0,4644.0,4.0,5.0,4936.0,2017.0,7492.32,singleFamily,32,1666820.0,2025,https://www.zillow.com,https://photos.zillowstatic.com/fp/22906da4dcad5a31932454f1869f717a-p_c.jpg,2026-06-08 12:27,For Sale
2122231220,3608 N Fitzhugh Ave,75204,Dallas,TX,32.81872,-96.796745,2299000,753.0,,,,3.0,4.0,3055.0,2026.0,7492.32,singleFamily,12,,,https://www.zillow.com,https://photos.zillowstatic.com/fp/68ce4dee8c463faa93fb398c9dead6dc-p_c.jpg,2026-06-08 12:27,For Sale
53071132,6527 Genstar Ln,75252,Dallas,TX,33.00275,-96.79025,599400,268.0,-500.0,,3505.0,3.0,2.0,2235.0,1979.0,8712.0,singleFamily,23,537904.0,2025,https://www.zillow.com,https://photos.zillowstatic.com/fp/4738aa7bf0717eb634c53a86c4f8b09e-p_c.jpg,2026-06-08 12:27,For Sale
26858073,6828 Hyde Park Dr,75231,Dallas,TX,32.871468,-96.73808,875000,381.0,,843900.0,4249.0,4.0,3.0,2297.0,1960.0,0.255,singleFamily,7,902970.0,2025,https://www.zillow.com,https://photos.zillowstatic.com/fp/099775da1ea8ccaf718f604839eb5340-p_c.jpg,2026-06-08 12:27,For Sale
26737270,1723 Timbergrove Cir,75208,Dallas,TX,32.75551,-96.84901,899000,441.0,,863100.0,3350.0,3.0,3.0,2040.0,1962.0,0.32999999999999996,singleFamily,4,969190.0,2025,https://www.zillow.com,https://photos.zillowstatic.com/fp/61ed02b3a50d50769bd8163d801b15a2-p_c.jpg,2026-06-08 12:27,For Sale
67964601,1505 Elm St APT 501,75201,Dallas,TX,32.781612,-96.79958,189900,179.0,-5099.0,181500.0,2198.0,1.0,2.0,1059.0,1957.0,10018.8,condo,475,206510.0,2025,https://www.zillow.com,https://photos.zillowstatic.com/fp/d3f84a6b44215a9fec8f3d99f0f4e7d9-p_c.jpg,2026-06-08 12:27,For Sale
26875161,16214 Spring Creek Rd,75248,Dallas,TX,32.974445,-96.77401,1245000,353.0,,1181000.0,5884.0,4.0,4.0,3525.0,1975.0,0.301,singleFamily,32,805360.0,2025,https://www.zillow.com,https://photos.zillowstatic.com/fp/6b391947849b044dd8ff94cf9fae85a8-p_c.jpg,2026-06-08 12:27,For Sale
440951153,2315 S Vernon Ave,75224,Dallas,TX,32.72306,-96.837166,1000000,250.0,,980500.0,2601.0,6.0,8.0,4000.0,2025.0,7100.28,multiFamily,27,,,https://www.zillow.com,https://photos.zillowstatic.com/fp/ef6da124793dd7f07bbf3416ca61c9bb-p_c.jpg,2026-06-08 12:27,For Sale
26703642,6018 Winton St,75206,Dallas,TX,32.835472,-96.763405,722500,405.0,-22500.0,708700.0,4094.0,2.0,3.0,1783.0,1941.0,6708.24,singleFamily,68,615460.0,2025,https://www.zillow.com,https://photos.zillowstatic.com/fp/6dfd2b69cefb160b84c841cb9b8841b3-p_c.jpg,2026-06-08 12:27,For Sale
26803712,5510 Del Roy Dr,75230,Dallas,TX,32.90527,-96.81247,4099000,679.0,-100400.0,3954300.0,4496.0,6.0,7.0,6036.0,2026.0,0.42600000000000005,singleFamily,30,835470.0,2025,https://www.zillow.com,https://photos.zillowstatic.com/fp/ed20a87644a57fa1d194dcf3c81958db-p_c.jpg,2026-06-08 12:27,For Sale
26756679,11040 Tibbs St,75230,Dallas,TX,32.89946,-96.79667,2995000,526.0,-154000.0,2834900.0,15788.0,6.0,6.0,5696.0,2008.0,0.3861,singleFamily,66,2446610.0,2025,https://www.zillow.com,https://photos.zillowstatic.com/fp/d8ae84010c0606a6216d4fa74ff4f005-p_c.jpg,2026-06-08 12:27,For Sale
26756135,6714 Norway Rd,75230,Dallas,TX,32.88801,-96.78942,5995000,968.0,,,,5.0,7.0,6190.0,2018.0,0.372,singleFamily,51,3180000.0,2025,https://www.zillow.com,https://photos.zillowstatic.com/fp/b4bd14f9ea62f9d03fe40fd097613c41-p_c.jpg,2026-06-08 12:27,For Sale
26723062,2431 Britton Ave,75216,Dallas,TX,32.717937,-96.80751,149732,206.0,-25268.0,170800.0,1546.0,2.0,2.0,728.0,1922.0,727.452,singleFamily,13,177530.0,2025,https://www.zillow.com,https://photos.zillowstatic.com/fp/74fef6026ba7cab9923381e0957f64c6-p_c.jpg,2026-06-08 12:27,For Sale
26926316,2220 Canton St APT 401,75201,Dallas,TX,32.780212,-96.7885,1200000,440.0,585000.0,,,2.0,3.0,2729.0,1925.0,0.9590000000000001,condo,30,740080.0,2025,https://www.zillow.com,https://photos.zillowstatic.com/fp/df003a86993349b38489be109af98487-p_c.jpg,2026-06-08 12:27,For Sale
26781709,1545 Drury Dr,75232,Dallas,TX,32.681335,-96.845924,345000,149.0,,336700.0,2432.0,3.0,2.0,2318.0,1965.0,8842.68,singleFamily,4,340460.0,2025,https://www.zillow.com,https://photos.zillowstatic.com/fp/64c89fdf022972ac204f76823414da5a-p_c.jpg,2026-06-08 12:27,For Sale
26875630,6712 Saint Anne St,75248,Dallas,TX,32.97677,-96.792046,719000,248.0,-31000.0,698900.0,4200.0,4.0,3.0,2899.0,1973.0,8668.44,singleFamily,44,641480.0,2025,https://www.zillow.com,https://photos.zillowstatic.com/fp/e0e4fd832df5e89477d3c140f1cb0206-p_c.jpg,2026-06-08 12:27,For Sale
26794401,1718 Joan Dr,75217,Dallas,TX,32.74221,-96.69704,222200,156.0,-3400.0,,,3.0,2.0,1428.0,1957.0,7448.76,singleFamily,34,234160.0,2025,https://www.zillow.com,https://photos.zillowstatic.com/fp/582bcd163eb4ab1a71b69e785936b18c-p_c.jpg,2026-06-08 12:27,For Sale
26702921,6030 Morningside Ave,75206,Dallas,TX,32.828613,-96.76226,870000,638.0,,,,2.0,1.0,1363.0,1948.0,7492.32,singleFamily,2,680570.0,2025,https://www.zillow.com,https://photos.zillowstatic.com/fp/7a39ae7b21bb44be09fadd3e91bb5178-p_c.jpg,2026-06-08 12:27,For Sale
26883793,8036 Woodhue Cir,75228,Dallas,TX,32.796597,-96.705666,324900,130.0,-9600.0,,3720.0,4.0,2.0,2490.0,1963.0,10541.52,singleFamily,240,501050.0,2025,https://www.zillow.com,https://photos.zillowstatic.com/fp/fffe6c74b1eeb4948f64c09c4b5f2472-p_c.jpg,2026-06-08 12:27,For Sale
26807900,3337 Whirlaway Rd,75229,Dallas,TX,32.882435,-96.866615,897000,290.0,,854900.0,5224.0,5.0,4.0,3093.0,1961.0,10193.04,singleFamily,6,476690.0,2025,https://www.zillow.com,https://photos.zillowstatic.com/fp/7381f9fccf88b53199a1ce3eff39cd9c-p_c.jpg,2026-06-08 12:27,For Sale
26785963,5332 Everglade Rd,75227,Dallas,TX,32.78695,-96.70777,549900,159.0,,539500.0,4161.0,5.0,5.0,3458.0,1968.0,0.27,singleFamily,10,434850.0,2025,https://www.zillow.com,https://photos.zillowstatic.com/fp/48a5789d8c45f9eba9addafb5342f10f-p_c.jpg,2026-06-08 12:27,For Sale
96530114,3038 Ramsey Ave,75216,Dallas,TX,32.708214,-96.82028,410000,170.0,-15000.0,,,4.0,2.0,2408.0,2024.0,7405.2,singleFamily,31,366640.0,2025,https://www.zillow.com,https://photos.zillowstatic.com/fp/0fd2e664bcc698ac8ee4e450b82d1bc5-p_c.jpg,2026-06-08 12:27,For Sale
26727631,311 N Tennant St,75208,Dallas,TX,32.746452,-96.85607,419990,309.0,-5010.0,412600.0,2176.0,3.0,2.0,1359.0,1949.0,6490.44,singleFamily,131,350280.0,2025,https://www.zillow.com,https://photos.zillowstatic.com/fp/a692cfc16859855e361b0fb3c6748afc-p_c.jpg,2026-06-08 12:27,For Sale
26809810,3129 Saint Croix Dr,75229,Dallas,TX,32.905125,-96.87102,1625000,350.0,-50000.0,1584900.0,6488.0,5.0,7.0,4637.0,2025.0,10585.08,singleFamily,86,384720.0,2025,https://www.zillow.com,https://photos.zillowstatic.com/fp/605d06b2a68cec2bedb208f9dfd80738-p_c.jpg,2026-06-08 12:27,For Sale
333139714,419 W Colorado Blvd,75208,Dallas,TX,32.759697,-96.82812,2555000,525.0,-10000.0,2458300.0,7975.0,4.0,6.0,4871.0,2025.0,7971.48,singleFamily,60,1411780.0,2025,https://www.zillow.com,https://photos.zillowstatic.com/fp/9b3de37d8c277688aa042d2ee06468a3-p_c.jpg,2026-06-08 12:27,For Sale
96521686,3906 Harlingen St,75212,Dallas,TX,32.78901,-96.90426,595000,198.0,-10000.0,592900.0,4899.0,4.0,4.0,3000.0,2026.0,7230.96,singleFamily,68,100000.0,2025,https://www.zillow.com,https://photos.zillowstatic.com/fp/1141700b14422b49753d49947129604b-p_c.jpg,2026-06-08 12:27,For Sale
26695574,5134 Vanderbilt Ave,75206,Dallas,TX,32.824234,-96.78314,1749000,538.0,,,,4.0,4.0,3250.0,2021.0,7257.096,singleFamily,6,1503770.0,2025,https://www.zillow.com,https://photos.zillowstatic.com/fp/208af2873cf7f76c248dbf9c397e7560-p_c.jpg,2026-06-08 12:27,For Sale
26698028,7215 Thurston Dr,75235,Dallas,TX,32.832634,-96.850426,550000,289.0,,543300.0,3734.0,4.0,2.0,1904.0,2026.0,7230.96,singleFamily,8,160000.0,2025,https://www.zillow.com,https://photos.zillowstatic.com/fp/40a1da5d4ad5b209308beadf45a82e1a-p_c.jpg,2026-06-08 12:27,For Sale
26785054,7153 Teresita Trl,75227,Dallas,TX,32.792137,-96.68907,355000,159.0,-15000.0,353500.0,2935.0,4.0,3.0,2232.0,1978.0,0.255,singleFamily,100,335020.0,2025,https://www.zillow.com,https://photos.zillowstatic.com/fp/ba8feed89f2c8a231a2c8d4384da2463-p_c.jpg,2026-06-08 12:27,For Sale
26740176,8210 Garland Rd,75218,Dallas,TX,32.81496,-96.721535,3495000,536.0,,3187400.0,8705.0,6.0,6.0,6519.0,2004.0,1.033,singleFamily,51,2566600.0,2025,https://www.zillow.com,https://photos.zillowstatic.com/fp/cc924622ac02e491e01f7031b7e4a773-p_c.jpg,2026-06-08 12:27,For Sale
67961981,9010 Eustis Ave,75218,Dallas,TX,32.819202,-96.69999,874900,335.0,-25099.0,847300.0,4042.0,3.0,3.0,2608.0,2002.0,0.263,singleFamily,23,1050990.0,2025,https://www.zillow.com,https://photos.zillowstatic.com/fp/171ed630b26f252cdcd225cc718a9cae-p_c.jpg,2026-06-08 12:27,For Sale
26892307,7105 Pineberry Rd,75249,Dallas,TX,32.636818,-96.9457,199000,162.0,199000.0,,1665.0,2.0,2.0,1227.0,1981.0,5140.08,singleFamily,23,210150.0,2025,https://www.zillow.com,https://photos.zillowstatic.com/fp/75724265ff120ff4fd9b8f455d307231-p_c.jpg,2026-06-08 12:27,For Sale
26810966,10042 Brockbank Dr,75229,Dallas,TX,32.882545,-96.876755,325000,242.0,-10000.0,321700.0,2544.0,3.0,2.0,1344.0,1955.0,7492.32,singleFamily,184,239640.0,2025,https://www.zillow.com,https://photos.zillowstatic.com/fp/86eae20fb31c4ffc3e71ecf4ab0f35f7-p_c.jpg,2026-06-08 12:27,For Sale
26740873,8910 San Fernando Way,75218,Dallas,TX,32.824726,-96.70902,640000,351.0,-10000.0,,,3.0,2.0,1822.0,1946.0,0.258,singleFamily,51,678050.0,2025,https://www.zillow.com,https://photos.zillowstatic.com/fp/31823f829834ba003df5c22f8db657fd-p_c.jpg,2026-06-08 12:27,For Sale
26693674,6331 Lakeshore Dr,75214,Dallas,TX,32.81938,-96.7547,1299999,310.0,,1238400.0,6438.0,4.0,5.0,4198.0,2007.0,7492.32,singleFamily,37,1350000.0,2025,https://www.zillow.com,https://photos.zillowstatic.com/fp/17bf88faec6677abdf9957cdeafd5593-p_c.jpg,2026-06-08 12:27,For Sale
60347184,4030 Holly Leaf Ct,75212,Dallas,TX,32.790154,-96.86008,400000,157.0,,390100.0,2623.0,3.0,3.0,2544.0,2002.0,5357.88,singleFamily,23,443850.0,2025,https://www.zillow.com,https://photos.zillowstatic.com/fp/e8af6fc8743caa6269716f2bbf5d1bc9-p_c.jpg,2026-06-08 12:27,For Sale
162814398,1011 Gallivant Ln,75218,Dallas,TX,32.82912,-96.71034,649000,390.0,-10000.0,633400.0,2841.0,3.0,3.0,1665.0,2016.0,2461.14,singleFamily,8,563360.0,2025,https://www.zillow.com,https://photos.zillowstatic.com/fp/ec82968615e130e903760d5d6c777fce-p_c.jpg,2026-06-08 12:27,For Sale
26713546,606 W Pembroke Ave,75208,Dallas,TX,32.73799,-96.83242,390000,179.0,-15000.0,,,6.0,4.0,2177.0,1923.0,7640.424,singleFamily,86,283810.0,2025,https://www.zillow.com,https://photos.zillowstatic.com/fp/d04ad9562237408d9af160404b647acc-p_c.jpg,2026-06-08 12:27,For Sale
80240386,8604 Secret Forest Dr,75249,Dallas,TX,32.65319,-96.94826,399999,161.0,-15001.0,394700.0,2982.0,4.0,3.0,2477.0,2006.0,7492.32,singleFamily,82,389450.0,2025,https://www.zillow.com,https://photos.zillowstatic.com/fp/fd9e34b1de8c2d63d7b6594bdac6d588-p_c.jpg,2026-06-08 12:27,For Sale
122303012,2315 Routh St,75201,Dallas,TX,32.7948,-96.80032,1900000,796.0,,1805500.0,5889.0,6.0,4.0,2388.0,1899.0,5009.4,singleFamily,261,1321880.0,2025,https://www.zillow.com,https://photos.zillowstatic.com/fp/b4ef29a221eb98c8f47e49892e0b3e11-p_c.jpg,2026-06-08 12:27,For Sale
2127020242,8550 Fair Oaks Xing APT 115,75243,Dallas,TX,32.8965,-96.72774,180000,161.0,,,2299.0,2.0,3.0,1121.0,1982.0,7.44,singleFamily,62,,,https://www.zillow.com,https://photos.zillowstatic.com/fp/a2d2177f9789e0e2a0c8a59b1456493c-p_c.jpg,2026-06-08 12:27,For Sale
26858560,8635 Strathmore Dr,75238,Dallas,TX,32.86715,-96.68647,475000,215.0,-24000.0,,3056.0,5.0,3.0,2212.0,1963.0,8319.96,singleFamily,37,472930.0,2025,https://www.zillow.com,https://photos.zillowstatic.com/fp/6f8bcf1b9e124a2988202914186dd124-p_c.jpg,2026-06-08 12:27,For Sale
26935344,5981 Arapaho Rd APT 1106,75248,Dallas,TX,32.961693,-96.80761,150000,145.0,-14900.0,,1902.0,2.0,2.0,1038.0,1980.0,6.389,singleFamily,131,210050.0,2025,https://www.zillow.com,https://photos.zillowstatic.com/fp/9a802fbd90a51ed8b57772ad803caf8f-p_c.jpg,2026-06-08 12:27,For Sale
462103308,9319 Chimney Corner Ln,75243,Dallas,TX,32.92031,-96.73659,240000,182.0,,232300.0,2115.0,3.0,2.0,1321.0,1974.0,3092.76,townhome,24,,,https://www.zillow.com,https://photos.zillowstatic.com/fp/27c8cff38a98f67d9a22cb35142f736c-p_c.jpg,2026-06-08 12:27,For Sale
26698597,4523 Metropolitan Ave,75210,Dallas,TX,32.778656,-96.745995,265000,187.0,-7800.0,263700.0,1997.0,3.0,2.0,1415.0,2025.0,5967.72,singleFamily,142,42450.0,2025,https://www.zillow.com,https://photos.zillowstatic.com/fp/a8fe76d9dd50a73d7c8fa0581b165d53-p_c.jpg,2026-06-08 12:27,For Sale
26756703,6215 Rex Dr,75230,Dallas,TX,32.899364,-96.79935,3295000,446.0,-200000.0,3091700.0,18180.0,5.0,7.0,7390.0,2001.0,0.368,singleFamily,72,2700000.0,2025,https://www.zillow.com,https://photos.zillowstatic.com/fp/3ff68f91d1fea3d319ba87748d6efdf4-p_c.jpg,2026-06-08 12:27,For Sale
67961473,5639 Ellsworth Ave,75206,Dallas,TX,32.833923,-96.77051,829999,352.0,,803400.0,4926.0,3.0,3.0,2360.0,2003.0,4356.0,singleFamily,4,738560.0,2025,https://www.zillow.com,https://photos.zillowstatic.com/fp/cf8e9042d78d3c01b6234d5fad6b7d4b-p_c.jpg,2026-06-08 12:27,For Sale
124435465,4211 Rawlins St Unit 108,75219,Dallas,TX,32.81473,-96.81203,595000,289.0,,575500.0,4565.0,3.0,4.0,2059.0,2014.0,2.531,condo,0,594000.0,2025,https://www.zillow.com,https://www.zillowstatic.com/static/images/nophoto_p_c.png,2026-06-08 12:27,For Sale
26874725,7881 La Cabeza Dr,75248,Dallas,TX,32.971146,-96.76922,750000,353.0,,721800.0,2973.0,4.0,2.0,2123.0,1968.0,0.338,singleFamily,30,457990.0,2025,https://www.zillow.com,https://photos.zillowstatic.com/fp/a571d60e337045f127c69eac9ac7001f-p_c.jpg,2026-06-08 12:27,For Sale
67951254,630 W Neely St,75208,Dallas,TX,32.750103,-96.83288,459000,324.0,-16000.0,452700.0,2646.0,3.0,2.0,1415.0,2004.0,5183.64,singleFamily,32,476430.0,2025,https://www.zillow.com,https://photos.zillowstatic.com/fp/4011cf6ee7458bace061703b84ac980f-p_c.jpg,2026-06-08 12:27,For Sale
26854443,9806 Parkford Dr,75238,Dallas,TX,32.872665,-96.71762,790000,425.0,,753700.0,3568.0,3.0,2.0,1860.0,1962.0,10323.72,singleFamily,3,699030.0,2025,https://www.zillow.com,https://photos.zillowstatic.com/fp/8dbc20e2a8406a10865303888d0c4af6-p_c.jpg,2026-06-08 12:27,For Sale
26858724,12025 Loch Ness Dr,75218,Dallas,TX,32.86031,-96.68953,850000,300.0,-45000.0,,,4.0,3.0,2837.0,1971.0,0.366,singleFamily,37,579740.0,2025,https://www.zillow.com,https://photos.zillowstatic.com/fp/229e9e79b5a68d4228fe07994c8d6d45-p_c.jpg,2026-06-08 12:27,For Sale
96531203,2735 Prosperity Ave,75216,Dallas,TX,32.71056,-96.78163,399000,196.0,-16000.0,394900.0,2634.0,4.0,2.0,2034.0,2023.0,0.459,singleFamily,79,361590.0,2025,https://www.zillow.com,https://photos.zillowstatic.com/fp/b0b1b398e704ad43957f4ba8b8020d95-p_c.jpg,2026-06-08 12:27,For Sale
26731366,7219 Kaywood Dr,75209,Dallas,TX,32.845676,-96.82639,2225000,520.0,,2153800.0,2773.0,5.0,6.0,4275.0,2026.0,8145.72,singleFamily,37,478690.0,2025,https://www.zillow.com,https://photos.zillowstatic.com/fp/fed489dd16c4d42ef36019f64c7041a8-p_c.jpg,2026-06-08 12:27,For Sale
26850473,9634 Shoreview Rd,75238,Dallas,TX,32.86526,-96.72061,799800,461.0,-25200.0,778300.0,3111.0,3.0,2.0,1734.0,1958.0,9395.892,singleFamily,39,798710.0,2025,https://www.zillow.com,https://photos.zillowstatic.com/fp/262941fee2f454d082aa5e496f3780b2-p_c.jpg,2026-06-08 12:27,For Sale
26789917,3965 Durango Dr,75220,Dallas,TX,32.8674,-96.84618,2349500,450.0,-45500.0,2271800.0,3131.0,6.0,5.0,5222.0,2026.0,9931.68,singleFamily,30,708960.0,2025,https://www.zillow.com,https://photos.zillowstatic.com/fp/83b7d7ac9ed6244aa4d668c0d1c2b391-p_c.jpg,2026-06-08 12:27,For Sale
26807172,3581 Woodleigh Dr,75229,Dallas,TX,32.8839,-96.85812,619000,226.0,-30000.0,598800.0,3592.0,5.0,3.0,2733.0,1955.0,10323.72,singleFamily,39,528220.0,2025,https://www.zillow.com,https://photos.zillowstatic.com/fp/b75dfa70a523d912b77a01670d534c78-p_c.jpg,2026-06-08 12:27,For Sale
26900077,2630 Lakeforest Ct,75214,Dallas,TX,32.815388,-96.73142,675000,393.0,-14000.0,660300.0,4301.0,3.0,2.0,1718.0,1994.0,5488.56,singleFamily,52,677000.0,2025,https://www.zillow.com,https://photos.zillowstatic.com/fp/320d44d7e8ca7732caf04eb647fd54e1-p_c.jpg,2026-06-08 12:27,For Sale
96526846,1507 Elk Creek Rd,75253,Dallas,TX,32.688972,-96.61076,549000,225.0,-20000.0,,,5.0,4.0,2445.0,2025.0,0.34500000000000003,singleFamily,76,80000.0,2025,https://www.zillow.com,https://photos.zillowstatic.com/fp/f5818fb2d26de9e733bd0d7e62956251-p_c.jpg,2026-06-08 12:27,For Sale
26826335,1205 Golden Trophy Dr,75232,Dallas,TX,32.66571,-96.8412,280000,185.0,,,2022.0,3.0,2.0,1514.0,1965.0,9408.96,singleFamily,51,265730.0,2025,https://www.zillow.com,https://photos.zillowstatic.com/fp/fc0e2ac41d55da065da3e99fd4ac7ad1-p_c.jpg,2026-06-08 12:27,For Sale
26701636,6402 Westlake Ave,75214,Dallas,TX,32.821693,-96.7527,1875000,464.0,-74000.0,1836700.0,4260.0,4.0,6.0,4045.0,2026.0,7405.2,singleFamily,25,609450.0,2025,https://www.zillow.com,https://photos.zillowstatic.com/fp/a0dfd5432276e30ab325e555c26132ff-p_c.jpg,2026-06-08 12:27,For Sale
120752006,9668 Rockpoint Ct,75238,Dallas,TX,32.878536,-96.71935,1749000,344.0,-46000.0,,,5.0,5.0,5080.0,2012.0,0.311,singleFamily,44,1632460.0,2025,https://www.zillow.com,https://photos.zillowstatic.com/fp/bca7223b866ce94954ee42a2d50f5dab-p_c.jpg,2026-06-08 12:27,For Sale
248829166,5160 Artemesia Ln,75209,Dallas,TX,32.826607,-96.818214,700000,362.0,-15000.0,688100.0,4616.0,3.0,4.0,1935.0,2018.0,1393.92,singleFamily,73,689950.0,2025,https://www.zillow.com,https://photos.zillowstatic.com/fp/c252f5371d0393e90750d2e50eadcb00-p_c.jpg,2026-06-08 12:27,For Sale
26790411,3934 Clover Ln,75220,Dallas,TX,32.870365,-96.8474,2395000,452.0,-30000.0,2324100.0,2588.0,6.0,5.0,5294.0,2026.0,9975.24,singleFamily,20,651480.0,2025,https://www.zillow.com,https://photos.zillowstatic.com/fp/3b7fd09bd7c7bcd95413d84f21358d5a-p_c.jpg,2026-06-08 12:27,For Sale
26906831,948 Carom Way,75217,Dallas,TX,32.728287,-96.64656,259900,139.0,,,,5.0,3.0,1875.0,1985.0,7884.36,singleFamily,24,238950.0,2025,https://www.zillow.com,https://photos.zillowstatic.com/fp/b3ee944f437c6231f547df991878d174-p_c.jpg,2026-06-08 12:27,For Sale
26707212,7153 Cornelia Ln,75214,Dallas,TX,32.830696,-96.73574,2849000,564.0,,2720300.0,5747.0,5.0,5.0,5055.0,2025.0,0.26,singleFamily,9,878030.0,2025,https://www.zillow.com,https://photos.zillowstatic.com/fp/b1ffb95db4bc32cdaf4687656d15de22-p_c.jpg,2026-06-08 12:27,For Sale
26707824,7215 Brennans Dr,75214,Dallas,TX,32.841366,-96.73692,4799000,809.0,,,,5.0,7.0,5934.0,2026.0,0.27,singleFamily,3,1043890.0,2025,https://www.zillow.com,https://photos.zillowstatic.com/fp/906257d5bb9d9e1fb0a565e1dcc00cd7-p_c.jpg,2026-06-08 12:27,For Sale
26637850,6227 Cupertino Trl,75252,Dallas,TX,33.004425,-96.7974,499000,218.0,,483600.0,3042.0,3.0,3.0,2284.0,1993.0,4356.0,singleFamily,7,435651.0,2025,https://www.zillow.com,https://photos.zillowstatic.com/fp/9f25f1654903a45c7026fb732c7cc1da-p_c.jpg,2026-06-08 12:27,For Sale
26756533,6449 Royalton Dr,75230,Dallas,TX,32.897522,-96.79476,2000000,312.0,-100000.0,,,6.0,7.0,6411.0,2020.0,0.367,singleFamily,59,3669250.0,2025,https://www.zillow.com,https://photos.zillowstatic.com/fp/f8792c7f00bd252ff3a8803b172d354b-p_c.jpg,2026-06-08 12:27,For Sale
26804535,12108 Fieldwood Ln,75244,Dallas,TX,32.913193,-96.82432,2899999,526.0,-50000.0,2758200.0,6381.0,6.0,7.0,5516.0,2019.0,0.3663,singleFamily,45,2715660.0,2025,https://www.zillow.com,https://photos.zillowstatic.com/fp/c5583044415d5f308bb78f20bf322d83-p_c.jpg,2026-06-08 12:27,For Sale
26757798,5959 Colhurst St,75230,Dallas,TX,32.881477,-96.804436,4995000,578.0,-500000.0,4657800.0,7928.0,6.0,9.0,8638.0,2017.0,0.75,singleFamily,37,4201070.0,2025,https://www.zillow.com,https://photos.zillowstatic.com/fp/25a7c6ce149857268516eb24bf8f67ba-p_c.jpg,2026-06-08 12:27,For Sale
26894354,8430 Flower Meadow Dr,75243,Dallas,TX,32.894688,-96.74048,650000,257.0,-30000.0,638500.0,5013.0,4.0,3.0,2526.0,1979.0,8712.0,singleFamily,52,515000.0,2025,https://www.zillow.com,https://photos.zillowstatic.com/fp/f40bf568370705198d4a4790e62b2725-p_c.jpg,2026-06-08 12:27,For Sale
26731216,7714 Roper St,75209,Dallas,TX,32.850014,-96.82974,1499000,404.0,,1442300.0,7954.0,4.0,3.0,3713.0,2018.0,9626.76,singleFamily,19,1601180.0,2025,https://www.zillow.com,https://photos.zillowstatic.com/fp/b8e117999708a889e9802edf3d4259cc-p_c.jpg,2026-06-08 12:27,For Sale
26754990,6430 Stefani Dr,75225,Dallas,TX,32.877773,-96.794106,4350000,576.0,-125000.0,,,5.0,7.0,7557.0,2007.0,0.413,singleFamily,32,3731400.0,2025,https://www.zillow.com,https://photos.zillowstatic.com/fp/d7a5afb670c1cb714d893a982ab7e0b2-p_c.jpg,2026-06-08 12:27,For Sale
26828684,3042 Kiestridge Dr,75233,Dallas,TX,32.708946,-96.88388,300000,126.0,-10000.0,297400.0,2319.0,3.0,2.0,2377.0,1970.0,9016.92,singleFamily,108,307650.0,2025,https://www.zillow.com,https://photos.zillowstatic.com/fp/fcdf9417b370438e9d121615ada80e9f-p_c.jpg,2026-06-08 12:27,For Sale
26756856,5818 Gramercy Pl,75230,Dallas,TX,32.895584,-96.80866,1899000,486.0,-50000.0,1834600.0,7590.0,4.0,4.0,3906.0,1956.0,0.413,singleFamily,72,1682090.0,2025,https://www.zillow.com,https://photos.zillowstatic.com/fp/8ef7519858e5bfc9aae5e24fee5a9c12-p_c.jpg,2026-06-08 12:27,For Sale
60346656,2214 Worthington St,75204,Dallas,TX,32.7956,-96.79747,1275000,371.0,-175000.0,1245300.0,7414.0,3.0,5.0,3437.0,2002.0,1219.68,townhome,87,2008430.0,2025,https://www.zillow.com,https://photos.zillowstatic.com/fp/a5f96c00b73db1a2d2c54b44139acba6-p_c.jpg,2026-06-08 12:27,For Sale
26715739,2015 S Ewing Ave,75216,Dallas,TX,32.723373,-96.81118,505000,189.0,-10000.0,498300.0,3269.0,5.0,3.0,2676.0,2022.0,7448.76,singleFamily,59,462000.0,2025,https://www.zillow.com,https://photos.zillowstatic.com/fp/72264ba5924986e14da3a1649ea88e0d-p_c.jpg,2026-06-08 12:27,For Sale
26871072,7040 Oakbluff Dr,75254,Dallas,TX,32.942677,-96.78359,1199999,268.0,-100001.0,1140300.0,6419.0,6.0,5.0,4482.0,1966.0,0.403,singleFamily,107,1097520.0,2025,https://www.zillow.com,https://photos.zillowstatic.com/fp/7b667527a3b190448262ffde7f2d37fc-p_c.jpg,2026-06-08 12:27,For Sale
26749814,7229 Haverford Dr,75214,Dallas,TX,32.851215,-96.737785,1550000,427.0,-25000.0,1506000.0,6564.0,4.0,5.0,3634.0,2020.0,7623.0,singleFamily,66,1203300.0,2025,https://www.zillow.com,https://photos.zillowstatic.com/fp/3484090a1d350c2c15f55435ba845dc5-p_c.jpg,2026-06-08 12:27,For Sale
162175878,5457 Bonita Ave,75206,Dallas,TX,32.818462,-96.77495,2299995,539.0,,2219600.0,6602.0,4.0,5.0,4265.0,2026.0,7753.68,singleFamily,30,606610.0,2025,https://www.zillow.com,https://photos.zillowstatic.com/fp/d4210397d494231283b746598c8fefc0-p_c.jpg,2026-06-08 12:27,For Sale
67961672,3124 Carmel St,75204,Dallas,TX,32.79164,-96.78627,529000,272.0,,,,2.0,3.0,1947.0,2004.0,1306.8,townhome,58,503640.0,2025,https://www.zillow.com,https://photos.zillowstatic.com/fp/428f9027501cd4cfeb67d92824bc193b-p_c.jpg,2026-06-08 12:27,For Sale
26729424,2240 Lawndale Dr,75211,Dallas,TX,32.762295,-96.860374,549900,298.0,,531100.0,4032.0,3.0,3.0,1844.0,1941.0,7666.56,singleFamily,9,561860.0,2025,https://www.zillow.com,https://photos.zillowstatic.com/fp/3727db49f583844c246d13aef63ff69d-p_c.jpg,2026-06-08 12:27,For Sale
26709738,310 N Montclair Ave,75208,Dallas,TX,32.747723,-96.84621,735000,415.0,-15000.0,709400.0,2734.0,3.0,2.0,1770.0,1925.0,7274.52,singleFamily,74,632440.0,2025,https://www.zillow.com,https://photos.zillowstatic.com/fp/f7e414ff50b341ab6316b73f2aa79d1a-p_c.jpg,2026-06-08 12:27,For Sale
26861224,8112 Arlene Ln,75217,Dallas,TX,32.691376,-96.68189,274500,172.0,-5000.0,271200.0,2264.0,4.0,3.0,1600.0,1949.0,7710.12,singleFamily,29,169010.0,2025,https://www.zillow.com,https://photos.zillowstatic.com/fp/46c6442d80b4753b7572f7d3549c9cdb-p_c.jpg,2026-06-08 12:27,For Sale
26933721,9254 Forest Ln APT 801,75243,Dallas,TX,32.908333,-96.74122,149000,139.0,-30900.0,141200.0,1720.0,2.0,2.0,1070.0,1983.0,5.539,condo,101,170000.0,2025,https://www.zillow.com,https://photos.zillowstatic.com/fp/e5fba21607be71306278ad163f68ad59-p_c.jpg,2026-06-08 12:27,For Sale
26854874,7791 Los Gatos Dr,75232,Dallas,TX,32.652737,-96.85389,260430,124.0,,,2324.0,3.0,2.0,2092.0,1975.0,4518.0,singleFamily,82,260430.0,2025,https://www.zillow.com,https://www.zillowstatic.com/static/images/nophoto_p_c.png,2026-06-08 12:27,For Sale
26875510,7220 Canongate Dr,75248,Dallas,TX,32.9787,-96.78031,849900,381.0,-24816.0,826800.0,3994.0,4.0,3.0,2232.0,1976.0,8276.4,singleFamily,51,598000.0,2025,https://www.zillow.com,https://photos.zillowstatic.com/fp/e71d44f84ed93992c044515424637f6d-p_c.jpg,2026-06-08 12:27,For Sale
26840055,9020 Westbriar Dr,75228,Dallas,TX,32.815426,-96.696594,525000,311.0,-10000.0,,,3.0,2.0,1688.0,1960.0,7797.24,singleFamily,33,490420.0,2025,https://www.zillow.com,https://photos.zillowstatic.com/fp/9067f3a1f738e6d4d7bed1f2642bd10d-p_c.jpg,2026-06-08 12:27,For Sale
26767220,2402 E Overton Rd,75216,Dallas,TX,32.708187,-96.79084,290000,148.0,,,1959.0,4.0,4.0,1956.0,1950.0,8407.08,singleFamily,2,191430.0,2025,https://www.zillow.com,https://photos.zillowstatic.com/fp/115e929a17097932151aa45c3976b32d-p_c.jpg,2026-06-08 12:27,For Sale
26755395,6716 Aberdeen Ave,75230,Dallas,TX,32.881947,-96.78928,4495000,678.0,,4299200.0,4097.0,5.0,7.0,6632.0,2026.0,0.27999999999999997,singleFamily,39,1223220.0,2025,https://www.zillow.com,https://photos.zillowstatic.com/fp/b5d7cfc82b025fe5da921d29538b285e-p_c.jpg,2026-06-08 12:27,For Sale
96491181,4448 Marcell Ave,75211,Dallas,TX,32.731773,-96.89352,460000,223.0,,452000.0,3374.0,4.0,4.0,2067.0,2024.0,7100.28,singleFamily,116,444090.0,2025,https://www.zillow.com,https://photos.zillowstatic.com/fp/fd2a4f1cb4c5adf238289fe93fb7bccf-p_c.jpg,2026-06-08 12:27,For Sale
53389426,5726 La Vista Dr,75206,Dallas,TX,32.812546,-96.76811,550000,233.0,-49900.0,592500.0,4623.0,3.0,3.0,2359.0,1999.0,1742.4,townhome,33,564530.0,2025,https://www.zillow.com,https://photos.zillowstatic.com/fp/d5ffa47bb908226bf2379cf4fac94649-p_c.jpg,2026-06-08 12:27,For Sale
26831068,2640 Lakeland Dr,75228,Dallas,TX,32.807304,-96.696335,325000,180.0,-5000.0,,,3.0,2.0,1803.0,1964.0,8450.64,singleFamily,37,427620.0,2025,https://www.zillow.com,https://photos.zillowstatic.com/fp/5569f1b0e375a0b628fe8f7fc5835046-p_c.jpg,2026-06-08 12:27,For Sale
26751718,7838 Southwestern Blvd,75225,Dallas,TX,32.85678,-96.771545,1825000,585.0,-50000.0,,,5.0,4.0,3121.0,1950.0,10759.32,singleFamily,59,1225000.0,2025,https://www.zillow.com,https://photos.zillowstatic.com/fp/ae555fd0429ff2771a02381663297ff4-p_c.jpg,2026-06-08 12:27,For Sale
162372942,6610 Southpoint Dr,75248,Dallas,TX,32.977703,-96.79332,1275000,339.0,-63750.0,1214700.0,5624.0,4.0,4.0,3765.0,1973.0,9539.64,singleFamily,15,962490.0,2025,https://www.zillow.com,https://photos.zillowstatic.com/fp/06736db26fb754663e82d8bc5b2e7fe7-p_c.jpg,2026-06-08 12:27,For Sale
26835431,3708 Hammerly Dr,75212,Dallas,TX,32.787113,-96.89834,525000,219.0,,523100.0,2519.0,4.0,4.0,2400.0,2026.0,0.33299999999999996,singleFamily,9,208370.0,2025,https://www.zillow.com,https://photos.zillowstatic.com/fp/16ac45e5084cb122e367227c1f2f4366-p_c.jpg,2026-06-08 12:27,For Sale
26703680,6055 Ellsworth Ave,75206,Dallas,TX,32.834328,-96.7619,2199000,466.0,,2142400.0,7334.0,4.0,5.0,4714.0,2026.0,6708.24,singleFamily,9,705000.0,2025,https://www.zillow.com,https://photos.zillowstatic.com/fp/4831d5407f73ebb1418f9a2296e6743a-p_c.jpg,2026-06-08 12:27,For Sale
26730640,1404 Sylvan Ave,75208,Dallas,TX,32.760296,-96.83526,1375000,308.0,-20000.0,1348700.0,7219.0,4.0,5.0,4460.0,2004.0,0.406,singleFamily,221,1981510.0,2025,https://www.zillow.com,https://photos.zillowstatic.com/fp/6e3b1e8ae7c3d7c5d86374384a8321e0-p_c.jpg,2026-06-08 12:27,For Sale
27338852,2848 Harbinger Ln,75287,Dallas,TX,32.99178,-96.865456,295000,257.0,,288200.0,1880.0,2.0,2.0,1148.0,1984.0,3615.48,singleFamily,19,296000.0,2025,https://www.zillow.com,https://photos.zillowstatic.com/fp/3786cced07de3c2c92e815c26c299739-p_c.jpg,2026-06-08 12:27,For Sale
96492502,2823 Farragut St,75215,Dallas,TX,32.753246,-96.74862,265000,215.0,,,,4.0,2.0,1232.0,2023.0,3920.4,singleFamily,4,255000.0,2025,https://www.zillow.com,https://photos.zillowstatic.com/fp/0d7f3cf63f3a82354f1d5438e481c611-p_c.jpg,2026-06-08 12:27,For Sale
26802818,11528 Sinclair Ave,75218,Dallas,TX,32.853012,-96.680405,223000,198.0,-6000.0,218800.0,2260.0,3.0,2.0,1126.0,1950.0,8407.08,singleFamily,31,271770.0,2025,https://www.zillow.com,https://photos.zillowstatic.com/fp/5794fcf793ae7ec94209781824829548-p_c.jpg,2026-06-08 12:27,For Sale
53101315,18729 Wainsborough Ln,75287,Dallas,TX,33.000164,-96.81659,1785000,314.0,,,,5.0,5.0,5688.0,1999.0,9147.6,singleFamily,16,1638485.0,2025,https://www.zillow.com,https://photos.zillowstatic.com/fp/22510750c9906b81c7fb552e8bf5b99d-p_c.jpg,2026-06-08 12:27,For Sale
26773713,631 Cove Hollow Dr,75224,Dallas,TX,32.69571,-96.83353,194900,139.0,,187200.0,2156.0,3.0,2.0,1404.0,1965.0,8407.08,singleFamily,2,307390.0,2025,https://www.zillow.com,https://photos.zillowstatic.com/fp/a526527f18714fa3b9d27f898ec7f293-p_c.jpg,2026-06-08 12:27,For Sale
26837473,11028 Edgemere Rd,75230,Dallas,TX,32.898827,-96.79269,4295000,624.0,-100000.0,4118400.0,7741.0,6.0,9.0,6882.0,2026.0,0.34900000000000003,singleFamily,23,1395430.0,2025,https://www.zillow.com,https://photos.zillowstatic.com/fp/7777c7bad971b7b8bc9c7a479a911f6e-p_c.jpg,2026-06-08 12:27,For Sale
80242012,7434 Pineberry Rd,75249,Dallas,TX,32.633812,-96.94638,263000,161.0,,259400.0,2292.0,3.0,3.0,1630.0,2006.0,3998.808,singleFamily,30,260000.0,2025,https://www.zillow.com,https://photos.zillowstatic.com/fp/f1459cb81025f7e9b677754e0a671056-p_c.jpg,2026-06-08 12:27,For Sale
26787259,635 Classen Dr,75218,Dallas,TX,32.85325,-96.703964,550000,255.0,,533200.0,3373.0,3.0,2.0,2160.0,1959.0,10284.516,singleFamily,31,548350.0,2025,https://www.zillow.com,https://photos.zillowstatic.com/fp/b0fe86d31a1bc4bea2713036639ab4cd-p_c.jpg,2026-06-08 12:27,For Sale
26818646,2007 Red Cloud Dr,75217,Dallas,TX,32.747482,-96.65272,200000,185.0,-15000.0,198900.0,1663.0,3.0,2.0,1084.0,1982.0,3092.76,singleFamily,206,190260.0,2025,https://www.zillow.com,https://photos.zillowstatic.com/fp/c4b839bf9a615bbba93acf8eec017965-p_c.jpg,2026-06-08 12:27,For Sale
26873687,6908 Clearhaven Dr,75248,Dallas,TX,32.966694,-96.7891,450000,175.0,-25000.0,440400.0,3599.0,3.0,3.0,2568.0,1980.0,3484.8,townhome,37,389500.0,2025,https://www.zillow.com,https://photos.zillowstatic.com/fp/fac160538f4c6983d347712092edebe6-p_c.jpg,2026-06-08 12:27,For Sale
26789067,3942 Rochelle Dr,75220,Dallas,TX,32.87418,-96.849495,1488000,358.0,13000.0,,,5.0,6.0,4152.0,2017.0,8110.872,singleFamily,65,1423000.0,2025,https://www.zillow.com,https://photos.zillowstatic.com/fp/b4e8b8261e9992fc18e270048023bb16-p_c.jpg,2026-06-08 12:27,For Sale
26804373,11484 Strait Ln,75229,Dallas,TX,32.905155,-96.822296,3195000,593.0,,3025100.0,8457.0,5.0,5.0,5390.0,1958.0,0.468,singleFamily,23,2121710.0,2025,https://www.zillow.com,https://photos.zillowstatic.com/fp/f1c073403b7339eb05c2c67e9ee05cea-p_c.jpg,2026-06-08 12:27,For Sale
26834624,3811 Aransas St,75212,Dallas,TX,32.78824,-96.8753,415000,238.0,-5000.0,411900.0,2563.0,4.0,2.0,1745.0,2026.0,7013.16,singleFamily,100,300940.0,2025,https://www.zillow.com,https://photos.zillowstatic.com/fp/31e9b67c73adbac518d218268885f92b-p_c.jpg,2026-06-08 12:27,For Sale
26871265,7947 Habersham Ln,75248,Dallas,TX,32.95435,-96.76913,385500,130.0,-14500.0,,4921.0,5.0,4.0,2966.0,1966.0,,singleFamily,40,453000.0,2025,https://www.zillow.com,https://photos.zillowstatic.com/fp/a556f6daba9f89d6891ea6966cad398a-p_c.jpg,2026-06-08 12:27,For Sale
26847744,9745 Ash Creek Dr,75228,Dallas,TX,32.826153,-96.68978,450000,264.0,,,,3.0,2.0,1702.0,1955.0,7405.2,singleFamily,3,419150.0,2025,https://www.zillow.com,https://photos.zillowstatic.com/fp/739d779454d689db78550bd751814a07-p_c.jpg,2026-06-08 12:27,For Sale
26842735,10708 Cassandra Way,75228,Dallas,TX,32.840527,-96.66427,225000,164.0,,234800.0,1713.0,3.0,1.0,1375.0,1954.0,7492.32,singleFamily,2,294180.0,2025,https://www.zillow.com,https://photos.zillowstatic.com/fp/d1ec32a8c53cd66bc4fdf2be4a187ba3-p_c.jpg,2026-06-08 12:27,For Sale
26758132,10445 Strait Ln,75229,Dallas,TX,32.888252,-96.8253,6750000,932.0,,6244700.0,7529.0,5.0,6.0,7245.0,1989.0,1.037,singleFamily,22,4562110.0,2025,https://www.zillow.com,https://photos.zillowstatic.com/fp/a7f78fb512e685b2df826104af62a065-p_c.jpg,2026-06-08 12:27,For Sale
26785219,5610 Enchanted Ln,75227,Dallas,TX,32.790222,-96.70444,489000,275.0,,,,3.0,3.0,1781.0,1963.0,7535.88,singleFamily,32,329770.0,2025,https://www.zillow.com,https://photos.zillowstatic.com/fp/e86edbf97d4628e7de97f395c2a84f68-p_c.jpg,2026-06-08 12:27,For Sale
26893382,8903 Maple Glen Dr,75231,Dallas,TX,32.885426,-96.74128,849000,323.0,-16000.0,,,4.0,3.0,2631.0,1978.0,9365.4,singleFamily,30,770960.0,2025,https://www.zillow.com,https://photos.zillowstatic.com/fp/de008f59f4b062363bf71911be39cb55-p_c.jpg,2026-06-08 12:27,For Sale
26902778,1536 Waterside Ct,75218,Dallas,TX,32.808582,-96.72421,645000,221.0,-30000.0,639800.0,4969.0,4.0,3.0,2923.0,1993.0,5009.4,singleFamily,101,824540.0,2025,https://www.zillow.com,https://photos.zillowstatic.com/fp/bdc012b77abde1e12c92e0489c0320e2-p_c.jpg,2026-06-08 12:27,For Sale
26897830,3635 Bryan St,75204,Dallas,TX,32.795097,-96.78436,584000,345.0,,566700.0,3030.0,2.0,2.0,1692.0,1984.0,2962.08,singleFamily,131,568000.0,2025,https://www.zillow.com,https://photos.zillowstatic.com/fp/d0e7e9f5a730e29a7d5e59215a79b694-p_c.jpg,2026-06-08 12:27,For Sale
26865824,8344 Old Moss Rd,75231,Dallas,TX,32.89325,-96.731926,350000,209.0,-25000.0,,,3.0,2.0,1673.0,1978.0,3659.04,townhome,53,374180.0,2025,https://www.zillow.com,https://photos.zillowstatic.com/fp/b84dfd64a7b745da730fc31ff70a984a-p_c.jpg,2026-06-08 12:27,For Sale
96530796,643 Rayenell Ave,75217,Dallas,TX,32.72362,-96.70644,340000,169.0,-10000.0,,2657.0,4.0,3.0,2010.0,2026.0,7753.68,singleFamily,66,55000.0,2025,https://www.zillow.com,https://photos.zillowstatic.com/fp/68e5159b1812daf7f85d248690cc4a22-p_c.jpg,2026-06-08 12:27,For Sale
26686935,3817 Latimer St,75215,Dallas,TX,32.758835,-96.764114,79800,100.0,-8200.0,,1405.0,2.0,1.0,800.0,1926.0,3528.36,singleFamily,82,91200.0,2025,https://www.zillow.com,https://photos.zillowstatic.com/fp/57a52c969ab244a7ae2c8f63f4913c21-p_c.jpg,2026-06-08 12:27,For Sale
2061482103,15141 Ace Dr,75253,Dallas,TX,32.68388,-96.56194,300000,222.0,,296000.0,2592.0,3.0,2.0,1350.0,2022.0,7492.32,singleFamily,3,259170.0,2025,https://www.zillow.com,https://photos.zillowstatic.com/fp/6c1719e4dbbf3be4258c89ff6d71d279-p_c.jpg,2026-06-08 12:27,For Sale
26741018,9003 Santa Clara Dr,75218,Dallas,TX,32.82386,-96.70595,575000,442.0,,,,2.0,2.0,1302.0,1940.0,8668.44,singleFamily,19,535000.0,2025,https://www.zillow.com,https://photos.zillowstatic.com/fp/6fb06b5687ff5b5e40f2c8de86de14a8-p_c.jpg,2026-06-08 12:27,For Sale
26806752,10335 Hedgeway Dr,75229,Dallas,TX,32.887497,-96.84895,2649500,478.0,-44500.0,2580100.0,3864.0,6.0,6.0,5546.0,2025.0,0.364,singleFamily,142,1345000.0,2025,https://www.zillow.com,https://photos.zillowstatic.com/fp/3e7d6c6e04a3241221dbfd100946f4a5-p_c.jpg,2026-06-08 12:27,For Sale
462364436,12888 Montfort Dr #G-227,75230,Dallas,TX,32.923996,-96.81062,115000,166.0,,,,1.0,1.0,693.0,1968.0,5.045,condo,18,,,https://www.zillow.com,https://photos.zillowstatic.com/fp/0440c6fe77931cc0699a6e1db483d96a-p_c.jpg,2026-06-08 12:27,For Sale
346268466,521 Melba St Unit 101,75208,Dallas,TX,32.747467,-96.8312,550000,262.0,,,,3.0,4.0,2100.0,2023.0,6490.44,condo,3,,,https://www.zillow.com,https://photos.zillowstatic.com/fp/efb7b080d78bd767a482e0e6f52cea88-p_c.jpg,2026-06-08 12:27,For Sale
26803908,5308 Del Roy Dr,75229,Dallas,TX,32.90522,-96.81663,1995000,431.0,-100000.0,,,4.0,5.0,4627.0,2000.0,0.366,singleFamily,18,1552710.0,2025,https://www.zillow.com,https://photos.zillowstatic.com/fp/dafe06753d2c24aae6ce9f0d255f9c57-p_c.jpg,2026-06-08 12:27,For Sale
26705702,6984 Santa Barbara Dr,75214,Dallas,TX,32.844025,-96.74029,2098700,480.0,,2001000.0,3808.0,5.0,5.0,4368.0,2024.0,0.357,singleFamily,23,1400000.0,2025,https://www.zillow.com,https://photos.zillowstatic.com/fp/8941823e08f939c9aec3f5411bc46c5d-p_c.jpg,2026-06-08 12:27,For Sale
26869079,9515 Robin Meadow Dr,75243,Dallas,TX,32.90084,-96.73193,734000,261.0,-15000.0,711800.0,3836.0,3.0,3.0,2817.0,1975.0,8668.44,singleFamily,38,692370.0,2025,https://www.zillow.com,https://photos.zillowstatic.com/fp/3c20671b15e7dede73f26446e10bf5ac-p_c.jpg,2026-06-08 12:27,For Sale
26735855,3941 Adrian Dr,75209,Dallas,TX,32.85301,-96.842896,1350000,319.0,,1305900.0,5713.0,5.0,6.0,4236.0,2023.0,7492.32,singleFamily,22,1823050.0,2025,https://www.zillow.com,https://photos.zillowstatic.com/fp/5b0a14aa9ebd4b919a5fe5a06ef7258f-p_c.jpg,2026-06-08 12:27,For Sale
26876745,16132 Chalfont Cir,75248,Dallas,TX,32.96777,-96.806915,649900,302.0,,,,2.0,2.0,2155.0,1979.0,6141.96,singleFamily,26,570520.0,2025,https://www.zillow.com,https://photos.zillowstatic.com/fp/729ca76057f6df2ed562034d8725a32d-p_c.jpg,2026-06-08 12:27,For Sale
26837429,6632 Azalea Ln,75230,Dallas,TX,32.897102,-96.78964,4587000,686.0,,4342900.0,4236.0,5.0,7.0,6684.0,2025.0,0.362,singleFamily,40,889100.0,2025,https://www.zillow.com,https://photos.zillowstatic.com/fp/6719b7283907e94dd0e0042d34f47471-p_c.jpg,2026-06-08 12:27,For Sale
26923429,1810 N Garrett Ave APT 124,75206,Dallas,TX,32.809048,-96.77504,135000,264.0,,,1273.0,1.0,1.0,511.0,1983.0,1.028,condo,3,100920.0,2025,https://www.zillow.com,https://photos.zillowstatic.com/fp/2e017e450fbf4d94dc905eb3a2837bee-p_c.jpg,2026-06-08 12:27,For Sale
26695157,5646 Monticello Ave,75206,Dallas,TX,32.82622,-96.77035,664900,526.0,,629000.0,2485.0,2.0,1.0,1265.0,1926.0,7230.96,singleFamily,54,531500.0,2025,https://www.zillow.com,https://photos.zillowstatic.com/fp/52af45e683ae4a4613bc844f3a9a6d08-p_c.jpg,2026-06-08 12:27,For Sale
26912582,8430 Brittania Way,75243,Dallas,TX,32.895706,-96.72618,330000,250.0,,319900.0,1939.0,2.0,2.0,1318.0,1982.0,2613.6,townhome,17,308680.0,2025,https://www.zillow.com,https://photos.zillowstatic.com/fp/48d20b9ea96d39abe49d3b3b50b9cf58-p_c.jpg,2026-06-08 12:27,For Sale
26735859,3946 N Cresthaven Rd,75209,Dallas,TX,32.853382,-96.842735,1695000,374.0,,1634900.0,7743.0,5.0,5.0,4530.0,2021.0,7710.12,singleFamily,3,1900000.0,2025,https://www.zillow.com,https://photos.zillowstatic.com/fp/cb5d14e5d57c32474569257b41d4d3bf-p_c.jpg,2026-06-08 12:27,For Sale
26833764,1963 Dennison St,75212,Dallas,TX,32.782036,-96.85293,589900,289.0,,573300.0,3354.0,4.0,3.0,2038.0,2024.0,5967.72,singleFamily,8,502210.0,2025,https://www.zillow.com,https://photos.zillowstatic.com/fp/ee60b539c894da51d1cb4583e594fba2-p_c.jpg,2026-06-08 12:27,For Sale
26775716,1112 E Ann Arbor Ave,75216,Dallas,TX,32.692066,-96.80934,157999,125.0,,171400.0,1681.0,3.0,1.0,1269.0,1955.0,9060.48,singleFamily,1,202850.0,2025,https://www.zillow.com,https://photos.zillowstatic.com/fp/d8f0daf1215b92bed344d0080f9cc4db-p_c.jpg,2026-06-08 12:27,For Sale
26803776,11718 Jamestown Rd,75230,Dallas,TX,32.908375,-96.80681,1750000,410.0,,1661900.0,7712.0,5.0,5.0,4266.0,1956.0,0.367,singleFamily,30,1765010.0,2025,https://www.zillow.com,https://photos.zillowstatic.com/fp/06ca38f8614d77486cf9dc6bf3aa0271-p_c.jpg,2026-06-08 12:27,For Sale
455152761,2414 Merlin St,75215,Dallas,TX,32.775078,-96.77428,299900,164.0,14900.0,299700.0,2728.0,3.0,3.0,1832.0,2025.0,,singleFamily,324,,,https://www.zillow.com,https://photos.zillowstatic.com/fp/91b90021b7264137b0710455580e2b4f-p_c.jpg,2026-06-08 12:27,For Sale
26747570,6262 E University Blvd,75214,Dallas,TX,32.846336,-96.75549,769000,379.0,,735500.0,3667.0,3.0,2.0,2031.0,1961.0,10018.8,singleFamily,10,727870.0,2025,https://www.zillow.com,https://photos.zillowstatic.com/fp/5441153b317e10aecd83be7af9a3b72d-p_c.jpg,2026-06-08 12:27,For Sale
26804997,4418 Crooked Ln,75229,Dallas,TX,32.900776,-96.83351,3350000,675.0,-75000.0,3125100.0,7718.0,4.0,4.0,4963.0,1958.0,0.49300000000000005,singleFamily,66,2812360.0,2025,https://www.zillow.com,https://photos.zillowstatic.com/fp/660a6b9d2bff98780d6fc0cafeb46a91-p_c.jpg,2026-06-08 12:27,For Sale
26736093,9122 Cochran Heights Dr,75220,Dallas,TX,32.86247,-96.84436,835000,263.0,-64900.0,807600.0,4320.0,3.0,3.0,3174.0,1984.0,5575.68,singleFamily,60,605000.0,2025,https://www.zillow.com,https://photos.zillowstatic.com/fp/a2e6dd67998bca050f8ac1e2dab3b8ec-p_c.jpg,2026-06-08 12:27,For Sale
26848303,6275 Preston Creek Dr,75240,Dallas,TX,32.937862,-96.79934,1675000,421.0,,1565900.0,6171.0,3.0,4.0,3978.0,1971.0,0.582,singleFamily,31,1360590.0,2025,https://www.zillow.com,https://photos.zillowstatic.com/fp/03d4a18b397f4405f6c745b3b715c0d5-p_c.jpg,2026-06-08 12:27,For Sale
26911461,5 Birchmont Ln,75230,Dallas,TX,32.91776,-96.78565,1125000,276.0,-74000.0,1085800.0,7333.0,4.0,4.0,4082.0,1997.0,5000.688,singleFamily,32,1194100.0,2025,https://www.zillow.com,https://photos.zillowstatic.com/fp/9bf0362b58b0e10a93ccf3f39c1c58a7-p_c.jpg,2026-06-08 12:27,For Sale
26695591,5102 Ridgedale Ave,75206,Dallas,TX,32.82511,-96.78391,650000,308.0,,629900.0,4197.0,2.0,3.0,2107.0,2001.0,2134.44,townhome,16,675000.0,2025,https://www.zillow.com,https://photos.zillowstatic.com/fp/2185df3f2b41daecd6e92973a6e08d38-p_c.jpg,2026-06-08 12:27,For Sale
26867721,8710 Sanshire Ave,75231,Dallas,TX,32.880333,-96.74547,1095000,405.0,-24000.0,,,4.0,3.0,2703.0,1982.0,10410.84,singleFamily,32,742000.0,2025,https://www.zillow.com,https://photos.zillowstatic.com/fp/097bcb20d6363dfc18e52c9d4ef852c3-p_c.jpg,2026-06-08 12:27,For Sale
26807199,10255 Timber Trail Dr,75229,Dallas,TX,32.88647,-96.85776,695000,267.0,-25000.0,675000.0,4114.0,4.0,3.0,2599.0,1964.0,0.48100000000000004,singleFamily,31,762610.0,2025,https://www.zillow.com,https://photos.zillowstatic.com/fp/78f90566ca524fa4b3d17737fa03541d-p_c.jpg,2026-06-08 12:27,For Sale
26744813,11016 Estacado Dr,75228,Dallas,TX,32.84703,-96.67672,299900,248.0,,,,3.0,2.0,1210.0,1951.0,7361.64,singleFamily,17,312050.0,2025,https://www.zillow.com,https://photos.zillowstatic.com/fp/3ee382133cd855c78253b77e96f026fb-p_c.jpg,2026-06-08 12:27,For Sale
26874198,6635 Fireflame Dr,75248,Dallas,TX,32.960663,-96.79211,488000,258.0,-10000.0,477400.0,3023.0,3.0,2.0,1891.0,1978.0,7274.52,singleFamily,100,493800.0,2025,https://www.zillow.com,https://photos.zillowstatic.com/fp/a13a7e1382e8fb7cc405599c0d0ac2a1-p_c.jpg,2026-06-08 12:27,For Sale
26888971,15306 Trails End Dr,75248,Dallas,TX,32.956,-96.802155,799000,302.0,-40500.0,,,4.0,3.0,2648.0,1979.0,9539.64,singleFamily,38,546100.0,2025,https://www.zillow.com,https://photos.zillowstatic.com/fp/86016cdaedbb390f3b6006c1296b5fbc-p_c.jpg,2026-06-08 12:27,For Sale
26890003,6520 Clearhaven Cir,75248,Dallas,TX,32.96616,-96.79225,749000,254.0,-11000.0,728900.0,6178.0,4.0,3.0,2953.0,1979.0,7666.56,singleFamily,32,737550.0,2025,https://www.zillow.com,https://photos.zillowstatic.com/fp/03dfb155d690902c5d53ea4f100354b2-p_c.jpg,2026-06-08 12:27,For Sale
26877058,5939 Copperwood Ln APT 1153,75248,Dallas,TX,32.965878,-96.80511,240000,136.0,-2500.0,234200.0,2503.0,3.0,2.0,1759.0,1968.0,11.051,condo,102,318810.0,2025,https://www.zillow.com,https://photos.zillowstatic.com/fp/f94ba6e20475f984249bbdda40ee4fb5-p_c.jpg,2026-06-08 12:27,For Sale
26713633,602 Brooks Ave,75208,Dallas,TX,32.73599,-96.83231,345000,268.0,-5000.0,338100.0,2492.0,3.0,2.0,1287.0,1925.0,7623.0,singleFamily,33,286950.0,2025,https://www.zillow.com,https://photos.zillowstatic.com/fp/24e117834fccde8db34d2d3e6915708e-p_c.jpg,2026-06-08 12:27,For Sale
26855532,8105 Silverdale Dr,75232,Dallas,TX,32.6491,-96.83514,230000,185.0,,226000.0,1915.0,3.0,2.0,1240.0,1967.0,7797.24,singleFamily,15,204260.0,2025,https://www.zillow.com,https://photos.zillowstatic.com/fp/112ebd8ce16a0e33ed93d743aac60f6a-p_c.jpg,2026-06-08 12:27,For Sale
26741548,1334 El Patio Dr,75218,Dallas,TX,32.83498,-96.69312,1080000,322.0,-10000.0,1050900.0,6237.0,4.0,4.0,3358.0,2004.0,0.527,singleFamily,31,844000.0,2025,https://www.zillow.com,https://photos.zillowstatic.com/fp/59b463058d8e80e702dc6ee961c72212-p_c.jpg,2026-06-08 12:27,For Sale
26760348,5711 Bryn Mawr Dr,75209,Dallas,TX,32.85644,-96.81465,2795000,728.0,-200000.0,,,4.0,4.0,3838.0,2010.0,8058.6,singleFamily,62,2035150.0,2025,https://www.zillow.com,https://photos.zillowstatic.com/fp/c4ba8eea60eb18bf217024a6d7ef13d6-p_c.jpg,2026-06-08 12:27,For Sale
26753113,10417 Shadow Bend Dr,75230,Dallas,TX,32.887703,-96.784996,399900,226.0,,386200.0,2906.0,3.0,3.0,1770.0,1972.0,4573.8,townhome,19,469430.0,2025,https://www.zillow.com,https://photos.zillowstatic.com/fp/48d1ec40934043b3d8cad9516d14b3ce-p_c.jpg,2026-06-08 12:27,For Sale
26754794,6815 Park Ln,75225,Dallas,TX,32.873745,-96.78783,2245000,475.0,,2118900.0,7940.0,5.0,7.0,4724.0,2007.0,9844.56,singleFamily,19,2265490.0,2025,https://www.zillow.com,https://photos.zillowstatic.com/fp/2704b71467b011306697dcbb3a90c91b-p_c.jpg,2026-06-08 12:27,For Sale
26870990,6950 Mossvine Dr,75254,Dallas,TX,32.947304,-96.783745,1049000,346.0,-50000.0,,,4.0,4.0,3031.0,1967.0,0.366,singleFamily,54,885000.0,2025,https://www.zillow.com,https://photos.zillowstatic.com/fp/2d157700fb357b4b00967f31fd50d2bb-p_c.jpg,2026-06-08 12:27,For Sale
26857324,4755 Nome St,75216,Dallas,TX,32.7162,-96.74371,130000,119.0,,,1648.0,2.0,2.0,1092.0,1940.0,7448.76,singleFamily,10,171970.0,2025,https://www.zillow.com,https://photos.zillowstatic.com/fp/6161a7c3930d959801ad188139f75a6d-p_c.jpg,2026-06-08 12:27,For Sale
26813038,2942 Townsend Dr,75229,Dallas,TX,32.89847,-96.87949,415000,216.0,,414800.0,3371.0,4.0,3.0,1923.0,1959.0,8407.08,singleFamily,5,441520.0,2025,https://www.zillow.com,https://photos.zillowstatic.com/fp/bb5958d933745b1a0a1269a25c83c081-p_c.jpg,2026-06-08 12:27,For Sale
26858944,10973 Yorksprings Pl,75218,Dallas,TX,32.86055,-96.69457,799990,295.0,,,,4.0,4.0,2712.0,1968.0,8494.2,singleFamily,5,638740.0,2025,https://www.zillow.com,https://photos.zillowstatic.com/fp/4af794315042ad29115812f05a004b7f-p_c.jpg,2026-06-08 12:27,For Sale
26868573,8026 Westover Dr,75231,Dallas,TX,32.886253,-96.743484,750000,361.0,-49900.0,722600.0,3323.0,4.0,2.0,2079.0,1978.0,7884.36,singleFamily,33,667410.0,2025,https://www.zillow.com,https://photos.zillowstatic.com/fp/caa98f7befe2c7f2c2abf8b26b0f83c2-p_c.jpg,2026-06-08 12:27,For Sale
26820164,2926 N Prairie Creek Rd,75227,Dallas,TX,32.762196,-96.66522,199000,124.0,,193300.0,2078.0,3.0,2.0,1602.0,1962.0,7797.24,singleFamily,31,214160.0,2025,https://www.zillow.com,https://photos.zillowstatic.com/fp/9c16793464937e1c89c683b6a429bc06-p_c.jpg,2026-06-08 12:27,For Sale
26884996,3614 Parader Ct,75228,Dallas,TX,32.846035,-96.65409,445000,189.0,-5000.0,440600.0,3772.0,5.0,2.0,2350.0,1968.0,9452.52,singleFamily,201,350980.0,2025,https://www.zillow.com,https://photos.zillowstatic.com/fp/70455ee94161cd73e35ffcfc6aaeecee-p_c.jpg,2026-06-08 12:27,For Sale
26741045,9028 Santa Clara Dr,75218,Dallas,TX,32.824165,-96.70469,1200000,449.0,,,,4.0,3.0,2675.0,2025.0,8276.4,singleFamily,9,481040.0,2025,https://www.zillow.com,https://photos.zillowstatic.com/fp/8f311c9f2409c652dab6f9e52184c24a-p_c.jpg,2026-06-08 12:27,For Sale
26734364,4511 Watauga Rd,75209,Dallas,TX,32.859543,-96.83682,6495000,460.0,-500000.0,5925100.0,8239.0,6.0,9.0,14131.0,2005.0,1.029,singleFamily,45,8693620.0,2025,https://www.zillow.com,https://photos.zillowstatic.com/fp/47ebbd82fcde615b8621897afc8f3010-p_c.jpg,2026-06-08 12:27,For Sale
65391338,6347 Woodland Dr,75225,Dallas,TX,32.872505,-96.79568,5750000,742.0,,5288400.0,22695.0,6.0,7.0,7746.0,1996.0,0.5234,singleFamily,58,2990000.0,2025,https://www.zillow.com,https://photos.zillowstatic.com/fp/4699e93e56dc55d568d3c7ae1fff8e24-p_c.jpg,2026-06-08 12:27,For Sale
26807752,3132 Chapel Downs Dr,75229,Dallas,TX,32.884205,-96.87081,675000,278.0,-20000.0,663500.0,4569.0,4.0,3.0,2429.0,1962.0,10018.8,singleFamily,107,675000.0,2025,https://www.zillow.com,https://photos.zillowstatic.com/fp/e7063819688226fd0052749f899ea751-p_c.jpg,2026-06-08 12:27,For Sale
26609923,5814 Flintshire Ln,75252,Dallas,TX,33.00301,-96.80819,1850000,358.0,,,,5.0,4.0,5170.0,1984.0,0.27,singleFamily,56,1277510.0,2025,https://www.zillow.com,https://photos.zillowstatic.com/fp/6e64df44a1d16f3cc7487556b488662a-p_c.jpg,2026-06-08 12:27,For Sale
26829062,12504 Renoir Ln,75230,Dallas,TX,32.91878,-96.80405,1199000,285.0,,1136500.0,6401.0,5.0,4.0,4207.0,1981.0,0.32999999999999996,singleFamily,13,993250.0,2025,https://www.zillow.com,https://photos.zillowstatic.com/fp/182d9a1cba18503e5be0e2c358ea2dc1-p_c.jpg,2026-06-08 12:27,For Sale
26840673,2321 Hartline Dr,75228,Dallas,TX,32.830208,-96.677605,449500,286.0,-4000.0,439800.0,2466.0,3.0,2.0,1570.0,1954.0,0.313,singleFamily,8,427780.0,2025,https://www.zillow.com,https://photos.zillowstatic.com/fp/1ccfcf31a6bacdf16e2f82d8b166f4d0-p_c.jpg,2026-06-08 12:27,For Sale
84001131,4777 Cedar Springs Rd APT 8M,75219,Dallas,TX,32.818363,-96.82137,174950,228.0,,144600.0,1577.0,1.0,2.0,768.0,1983.0,4.252,condo,3,165000.0,2025,https://www.zillow.com,https://photos.zillowstatic.com/fp/3009138ca5a860bdf03967be91753633-p_c.jpg,2026-06-08 12:27,For Sale
26834604,4107 Vineyard Dr,75212,Dallas,TX,32.79156,-96.87639,469900,224.0,,,,4.0,2.0,2100.0,2026.0,7230.96,singleFamily,12,145000.0,2025,https://www.zillow.com,https://photos.zillowstatic.com/fp/b7ab3e1b2c1d5a63b8866cf0cc5ea024-p_c.jpg,2026-06-08 12:27,For Sale
96521271,6046 Plum Dale Rd,75241,Dallas,TX,32.67283,-96.77708,419900,185.0,-7100.0,417900.0,2867.0,4.0,3.0,2271.0,2025.0,6359.76,singleFamily,56,249390.0,2025,https://www.zillow.com,https://photos.zillowstatic.com/fp/91d9b9e574b83a1863bc24fd4943275d-p_c.jpg,2026-06-08 12:27,For Sale
26749213,6241 Rincon Way,75214,Dallas,TX,32.85477,-96.75469,725000,225.0,,690100.0,2626.0,4.0,4.0,3216.0,1970.0,0.27899999999999997,multiFamily,27,385310.0,2025,https://www.zillow.com,https://photos.zillowstatic.com/fp/e7025776a486f106853288d252efe5ed-p_c.jpg,2026-06-08 12:27,For Sale
26786398,733 Kirkwood Dr,75218,Dallas,TX,32.85002,-96.70548,565000,387.0,-10000.0,556900.0,2874.0,3.0,2.0,1461.0,1955.0,8755.56,singleFamily,32,518960.0,2025,https://www.zillow.com,https://photos.zillowstatic.com/fp/80927bc485455aab983949646a2efdeb-p_c.jpg,2026-06-08 12:27,For Sale
26752565,7 Royal Terrace Ct,75225,Dallas,TX,32.878517,-96.77836,1535000,342.0,-15000.0,1471000.0,7860.0,4.0,5.0,4482.0,1983.0,6316.2,singleFamily,64,1519560.0,2025,https://www.zillow.com,https://photos.zillowstatic.com/fp/56a14186fffe76bfcf141e33fdc30be5-p_c.jpg,2026-06-08 12:27,For Sale
26754897,6446 Prestonshire Ln,75225,Dallas,TX,32.875435,-96.79348,4295000,561.0,,4010200.0,23660.0,5.0,7.0,7658.0,2014.0,0.413,singleFamily,55,4100000.0,2025,https://www.zillow.com,https://photos.zillowstatic.com/fp/d8f87dcdda8c7ded6aa463f6e33bd752-p_c.jpg,2026-06-08 12:27,For Sale
162814851,1717 Annex Ave Unit 201,75204,Dallas,TX,32.80431,-96.77992,599000,242.0,-6000.0,584300.0,3790.0,3.0,4.0,2479.0,2015.0,1.83,townhome,15,598220.0,2025,https://www.zillow.com,https://photos.zillowstatic.com/fp/fdc981ce27ec6ba5271383da6106af85-p_c.jpg,2026-06-08 12:27,For Sale
26829840,5731 Harvest Hill Rd APT 1044,75230,Dallas,TX,32.922756,-96.80944,219900,189.0,-5000.0,216700.0,1895.0,3.0,2.0,1165.0,1970.0,9.503,condo,206,251490.0,2025,https://www.zillow.com,https://photos.zillowstatic.com/fp/2e89ec08baf93ddf085139a3dc897207-p_c.jpg,2026-06-08 12:27,For Sale
26838193,11411 Park Central Pl,75230,Dallas,TX,32.905224,-96.77197,420000,209.0,-5000.0,,,2.0,2.0,2012.0,1963.0,6490.44,singleFamily,55,421930.0,2025,https://www.zillow.com,https://photos.zillowstatic.com/fp/35fd085252f0816f5d247d2ebdd4dd68-p_c.jpg,2026-06-08 12:27,For Sale
333140529,2014 White Grove Dr,75228,Dallas,TX,32.804256,-96.716354,549000,246.0,-10000.0,542400.0,2782.0,4.0,3.0,2235.0,2021.0,1829.52,singleFamily,44,656960.0,2025,https://www.zillow.com,https://photos.zillowstatic.com/fp/26d281678dcee5d0e57c3ba745536d01-p_c.jpg,2026-06-08 12:27,For Sale
26653416,5916 Mossbrook Trl,75252,Dallas,TX,33.01169,-96.80555,710000,234.0,,,,5.0,4.0,3029.0,1995.0,6969.6,singleFamily,2,278250.0,2025,https://www.zillow.com,https://photos.zillowstatic.com/fp/bfa2681a27aa8347c80663a9b448c1f8-p_c.jpg,2026-06-08 12:27,For Sale
26902439,2505 Wedglea Dr APT 140,75211,Dallas,TX,32.756065,-96.85939,199000,208.0,,192800.0,1709.0,2.0,2.0,958.0,1981.0,5.488,condo,2,228770.0,2025,https://www.zillow.com,https://photos.zillowstatic.com/fp/3547aca871d0c44111e5ea6df5747f6f-p_c.jpg,2026-06-08 12:27,For Sale
26786001,4837 Ashbrook Rd,75227,Dallas,TX,32.78557,-96.71162,529900,228.0,-10000.0,522900.0,2835.0,4.0,3.0,2328.0,1970.0,0.296,singleFamily,54,325000.0,2025,https://www.zillow.com,https://photos.zillowstatic.com/fp/fa3bd635eaa5ba104d4ed235f5976003-p_c.jpg,2026-06-08 12:27,For Sale
26837932,7530 Yamini Dr,75230,Dallas,TX,32.902946,-96.777054,2339000,482.0,-30000.0,2214700.0,7606.0,4.0,5.0,4848.0,2001.0,0.374,singleFamily,72,1761000.0,2025,https://www.zillow.com,https://photos.zillowstatic.com/fp/5193709c5b9f43e8a69ca2d670849b12-p_c.jpg,2026-06-08 12:27,For Sale
26831844,203 Leda Dr,75218,Dallas,TX,32.861023,-96.70883,539000,377.0,-10900.0,526800.0,2669.0,3.0,2.0,1430.0,1953.0,8973.36,singleFamily,26,433270.0,2025,https://www.zillow.com,https://photos.zillowstatic.com/fp/554ba47fadb4a2a7c94a08029850974b-p_c.jpg,2026-06-08 12:27,For Sale
2070562641,5312 Black Hawk St,75212,Dallas,TX,32.767216,-96.90552,317500,191.0,-2500.0,,,4.0,2.0,1664.0,2019.0,4486.68,singleFamily,261,,,https://www.zillow.com,https://photos.zillowstatic.com/fp/b8b80acddb6148d5c1641a644d4c8317-p_c.jpg,2026-06-08 12:27,For Sale
26773773,706 W Five Mile Pkwy,75224,Dallas,TX,32.69369,-96.8345,399900,182.0,,,3362.0,3.0,3.0,2193.0,1956.0,0.264,singleFamily,0,311250.0,2025,https://www.zillow.com,https://photos.zillowstatic.com/fp/e870679ad7bee21e516e5f9d5d4208fd-p_c.jpg,2026-06-08 12:27,For Sale
26788556,9939 Ontario Ln,75220,Dallas,TX,32.879276,-96.84191,2499900,489.0,-99100.0,,,4.0,5.0,5116.0,2025.0,9321.84,singleFamily,24,686360.0,2025,https://www.zillow.com,https://photos.zillowstatic.com/fp/e60ef3e0dee172e1f5f4289544e75c46-p_c.jpg,2026-06-08 12:27,For Sale
80227036,1016 Liberty St Ste 3,75204,Dallas,TX,32.793427,-96.79091,439000,233.0,-11000.0,428300.0,3007.0,3.0,3.0,1887.0,2006.0,0.9319999999999999,condo,31,594410.0,2025,https://www.zillow.com,https://photos.zillowstatic.com/fp/09522c154cfaa8bde23e1f1a5077c6da-p_c.jpg,2026-06-08 12:27,For Sale
67965626,4414 Cedar Springs Rd APT 318,75219,Dallas,TX,32.815456,-96.816315,235900,245.0,-10000.0,229000.0,2102.0,2.0,1.0,963.0,2003.0,2.03,condo,86,244600.0,2025,https://www.zillow.com,https://photos.zillowstatic.com/fp/ba3035c3065a615c71031b019b241f57-p_c.jpg,2026-06-08 12:27,For Sale
442926394,7207 Gaston Ave #1002,75206,Dallas,TX,32.813904,-96.731186,479000,353.0,,467900.0,2883.0,2.0,3.0,1357.0,2024.0,1.1,condo,4,437370.0,2025,https://www.zillow.com,https://photos.zillowstatic.com/fp/d3293f62de6dd02f14f7d83ea76fa0c1-p_c.jpg,2026-06-08 12:27,For Sale
26735415,4419 W University Blvd,75209,Dallas,TX,32.845215,-96.83252,587500,204.0,,,,3.0,3.0,2876.0,2006.0,4486.68,singleFamily,38,603000.0,2025,https://www.zillow.com,https://photos.zillowstatic.com/fp/c9fe8c9d0926854b50f06285ae53a142-p_c.jpg,2026-06-08 12:27,For Sale
26926638,4131 Wycliff Ave APT 4,75219,Dallas,TX,32.81999,-96.80562,360000,341.0,,,,2.0,2.0,1056.0,1983.0,0.329,condo,24,310000.0,2025,https://www.zillow.com,https://photos.zillowstatic.com/fp/e28e83c578eba6f82891994c59d2187f-p_c.jpg,2026-06-08 12:27,For Sale
26692176,5103 Milam St,75206,Dallas,TX,32.818226,-96.785706,1249000,470.0,-100000.0,,,3.0,3.0,2660.0,2008.0,5270.76,singleFamily,107,1014710.0,2025,https://www.zillow.com,https://photos.zillowstatic.com/fp/03b1bbfc29b6ac365d30365892c341ee-p_c.jpg,2026-06-08 12:27,For Sale
26761312,3304 Inwood Rd,75235,Dallas,TX,32.827904,-96.82822,685000,237.0,-5000.0,672400.0,4931.0,4.0,3.0,2895.0,2001.0,10497.96,singleFamily,38,480450.0,2025,https://www.zillow.com,https://photos.zillowstatic.com/fp/9c32ac2ac857bd4da59319984024c43c-p_c.jpg,2026-06-08 12:27,For Sale
26832259,3321 Coronet Blvd,75212,Dallas,TX,32.78198,-96.83168,1200000,327.0,,1156300.0,6444.0,5.0,6.0,3675.0,2024.0,5052.96,singleFamily,39,837460.0,2025,https://www.zillow.com,https://photos.zillowstatic.com/fp/a95512fef5aa61c2e68d5a370e641a45-p_c.jpg,2026-06-08 12:27,For Sale
26829766,5607 Harvest Hill Rd APT 1007,75230,Dallas,TX,32.922825,-96.80942,169999,166.0,,164100.0,1680.0,2.0,2.0,1026.0,1970.0,9.503,condo,18,215000.0,2025,https://www.zillow.com,https://photos.zillowstatic.com/fp/c617a3a1f7d95b017fbaa6d37bbaf496-p_c.jpg,2026-06-08 12:27,For Sale
162212989,4715 S Denley Dr,75216,Dallas,TX,32.69098,-96.79342,464000,162.0,-5000.0,462200.0,3490.0,5.0,4.0,2860.0,2025.0,7501.032,singleFamily,270,117050.0,2025,https://www.zillow.com,https://photos.zillowstatic.com/fp/bcc9d329eaf27c666c290629534c2c48-p_c.jpg,2026-06-08 12:27,For Sale
162422137,5909 Malmesbury Rd,75252,Dallas,TX,32.986614,-96.80642,517500,290.0,-12000.0,511600.0,2665.0,3.0,3.0,1782.0,2004.0,1873.08,townhome,58,451260.0,2025,https://www.zillow.com,https://photos.zillowstatic.com/fp/6805234f6061d4eda186669ab3a47286-p_c.jpg,2026-06-08 12:27,For Sale
26849669,12102 Vendome Pl,75230,Dallas,TX,32.91351,-96.79944,1749000,393.0,,1641400.0,6531.0,3.0,5.0,4446.0,1985.0,10323.72,singleFamily,27,1408810.0,2025,https://www.zillow.com,https://photos.zillowstatic.com/fp/2dc60e403fbbd18d71c46092ae4d0919-p_c.jpg,2026-06-08 12:27,For Sale
26684877,617 Parkview Ave,75223,Dallas,TX,32.798725,-96.750374,899500,222.0,,888200.0,6249.0,4.0,5.0,4049.0,2026.0,7230.96,singleFamily,11,510000.0,2025,https://www.zillow.com,https://photos.zillowstatic.com/fp/e130c0d7bd6da606d0b972f8f77ee8c7-p_c.jpg,2026-06-08 12:27,For Sale
122301843,4230 Travis St APT 4,75205,Dallas,TX,32.817852,-96.79298,1150000,488.0,-49000.0,1105900.0,5409.0,2.0,3.0,2355.0,2012.0,0.826,condo,51,887510.0,2025,https://www.zillow.com,https://photos.zillowstatic.com/fp/a20b8e60c1c1ec4dd81201cef59cec78-p_c.jpg,2026-06-08 12:27,For Sale
96506073,3504 Keyridge Dr,75241,Dallas,TX,32.682056,-96.76293,344900,147.0,-100.0,,,5.0,3.0,2352.0,2021.0,9539.64,singleFamily,105,393230.0,2025,https://www.zillow.com,https://photos.zillowstatic.com/fp/0549c563c74f7b9432b97a2decc12d00-p_c.jpg,2026-06-08 12:27,For Sale
96501568,1931 Muncie Ave,75212,Dallas,TX,32.775227,-96.851326,449000,215.0,-10000.0,445400.0,3452.0,3.0,3.0,2093.0,2025.0,7100.28,singleFamily,62,106500.0,2025,https://www.zillow.com,https://photos.zillowstatic.com/fp/66cb4690ea40fc17ed16ca003832822a-p_c.jpg,2026-06-08 12:27,For Sale
26707395,6804 Santa Maria Ln,75214,Dallas,TX,32.838924,-96.74222,2385000,470.0,-10000.0,2301500.0,7897.0,5.0,6.0,5077.0,2025.0,8537.76,singleFamily,82,818640.0,2025,https://www.zillow.com,https://photos.zillowstatic.com/fp/b09befe888d7504440d1e7a2d6e5cb5c-p_c.jpg,2026-06-08 12:27,For Sale
26730666,1432 Sylvan Ave,75208,Dallas,TX,32.761604,-96.83524,899000,287.0,-51000.0,860800.0,5313.0,3.0,4.0,3130.0,1949.0,9278.28,singleFamily,45,553930.0,2025,https://www.zillow.com,https://photos.zillowstatic.com/fp/b5ae1cafbcce74c63a855b2bff3b687a-p_c.jpg,2026-06-08 12:27,For Sale
26785636,5320 Elkridge Dr,75227,Dallas,TX,32.790108,-96.705605,395000,177.0,,389900.0,3159.0,3.0,3.0,2226.0,1966.0,8581.32,singleFamily,58,374960.0,2025,https://www.zillow.com,https://photos.zillowstatic.com/fp/255ad6ddea9b011366c20de836a8b447-p_c.jpg,2026-06-08 12:27,For Sale
69675297,953 Hannah Way,75253,Dallas,TX,32.686005,-96.584885,260000,159.0,,,,3.0,2.0,1632.0,2005.0,7492.32,singleFamily,34,257780.0,2025,https://www.zillow.com,https://photos.zillowstatic.com/fp/707fcd9c7b6fc7ce6b943ec837e80b25-p_c.jpg,2026-06-08 12:27,For Sale
26838897,10521 Sandpiper Ln,75230,Dallas,TX,32.889427,-96.78047,505000,272.0,6000.0,489600.0,3153.0,3.0,2.0,1859.0,1971.0,6446.88,singleFamily,126,473790.0,2025,https://www.zillow.com,https://photos.zillowstatic.com/fp/156fb6c6a6078310d1161c4f1103c58b-p_c.jpg,2026-06-08 12:27,For Sale
26797484,233 Creek Cove Dr,75217,Dallas,TX,32.715996,-96.71027,139999,141.0,-9951.0,138800.0,1622.0,3.0,2.0,996.0,1972.0,3659.04,townhome,68,159860.0,2025,https://www.zillow.com,https://photos.zillowstatic.com/fp/0f02eda6c1f4e43c0ffc70463bf1bdcd-p_c.jpg,2026-06-08 12:27,For Sale
26871966,14810 Knollview Dr,75248,Dallas,TX,32.950333,-96.78659,685000,235.0,-10000.0,672400.0,5298.0,4.0,3.0,2912.0,1971.0,0.353,singleFamily,72,777100.0,2025,https://www.zillow.com,https://photos.zillowstatic.com/fp/5123508207e984afe5856a3a21698fe0-p_c.jpg,2026-06-08 12:27,For Sale
26680664,1726 Driskell St,75215,Dallas,TX,32.755207,-96.76747,400000,148.0,-25000.0,398700.0,2974.0,5.0,3.0,2700.0,2026.0,7492.32,singleFamily,106,264390.0,2025,https://www.zillow.com,https://photos.zillowstatic.com/fp/5c4259d94c037232f1d4ff086b284119-p_c.jpg,2026-06-08 12:27,For Sale
26845785,3228 Millmar Dr,75228,Dallas,TX,32.825424,-96.66052,289000,213.0,-6500.0,283900.0,2069.0,3.0,2.0,1354.0,1959.0,7623.0,singleFamily,31,298720.0,2025,https://www.zillow.com,https://photos.zillowstatic.com/fp/0c57614cfcbd5cca6819e847d10e11aa-p_c.jpg,2026-06-08 12:27,For Sale
26717495,1111 N Winnetka Ave,75208,Dallas,TX,32.757713,-96.840576,725000,300.0,-50000.0,700800.0,3909.0,3.0,2.0,2416.0,1926.0,7840.8,singleFamily,26,667710.0,2025,https://www.zillow.com,https://photos.zillowstatic.com/fp/d712888b0f95b0776b514ad7c12fdaec-p_c.jpg,2026-06-08 12:27,For Sale
26751704,7639 Lovers Ln,75225,Dallas,TX,32.85137,-96.775406,1550000,540.0,-50000.0,1486400.0,6529.0,4.0,4.0,2868.0,1946.0,8407.08,singleFamily,93,1269230.0,2025,https://www.zillow.com,https://photos.zillowstatic.com/fp/c51ed64711996573f7948e47031794ca-p_c.jpg,2026-06-08 12:27,For Sale
89366900,7313 Chapel Mesa Ct,75249,Dallas,TX,32.652855,-96.94913,345000,184.0,,338200.0,2504.0,3.0,2.0,1871.0,2008.0,7927.92,singleFamily,9,339810.0,2025,https://www.zillow.com,https://photos.zillowstatic.com/fp/bb7f2fe90170c772b96e6f81a5dec05b-p_c.jpg,2026-06-08 12:27,For Sale
96493342,2123 Diversey St,75201,Dallas,TX,32.780315,-96.790504,649000,259.0,-30000.0,638000.0,4478.0,3.0,4.0,2509.0,2011.0,1568.16,townhome,123,714490.0,2025,https://www.zillow.com,https://photos.zillowstatic.com/fp/1024f2b8348ccbb5be0a2836a2bfdd5d-p_c.jpg,2026-06-08 12:27,For Sale
460182162,1825 & 1827 Pollard St,75208,Dallas,TX,32.77193,-96.84904,1298000,224.0,-52000.0,1274300.0,3699.0,8.0,8.0,5796.0,2026.0,7710.12,multiFamily,50,,,https://www.zillow.com,https://photos.zillowstatic.com/fp/29d5f15c6a6ce971efc2b0660d0f5c28-p_c.jpg,2026-06-08 12:27,For Sale
26740748,8702 San Fernando Way,75218,Dallas,TX,32.820957,-96.7085,935000,354.0,-15000.0,916200.0,3991.0,3.0,2.0,2638.0,2014.0,8015.04,singleFamily,80,1262570.0,2025,https://www.zillow.com,https://photos.zillowstatic.com/fp/61b398d8216f961540e664eb86399af2-p_c.jpg,2026-06-08 12:27,For Sale
26593015,18116 Aramis Ln,75252,Dallas,TX,32.996536,-96.77676,748000,225.0,,,,4.0,3.0,3318.0,1980.0,9147.6,singleFamily,29,762000.0,2025,https://www.zillow.com,https://photos.zillowstatic.com/fp/66c5118680a9313d544c90891047dca9-p_c.jpg,2026-06-08 12:27,For Sale
460665163,2925 Spruce Valley Ln #303,75233,Dallas,TX,32.712906,-96.87679,305000,241.0,,,,2.0,2.0,1266.0,2026.0,1.7148,townhome,4,,,https://www.zillow.com,https://photos.zillowstatic.com/fp/53cba372d8b160842b25d958fe9d373e-p_c.jpg,2026-06-08 12:27,For Sale
26806748,10236 Crestover Dr,75229,Dallas,TX,32.885918,-96.84944,3390000,407.0,-50000.0,3306400.0,4943.0,5.0,7.0,8323.0,2025.0,0.3694,singleFamily,67,2034810.0,2025,https://www.zillow.com,https://photos.zillowstatic.com/fp/14fb53cc1a06cbe09f46bfff26459170-p_c.jpg,2026-06-08 12:27,For Sale
26847835,10129 Newcombe Dr,75228,Dallas,TX,32.830273,-96.68267,424900,290.0,-5000.0,421000.0,2321.0,3.0,2.0,1464.0,1955.0,0.259,singleFamily,127,364340.0,2025,https://www.zillow.com,https://photos.zillowstatic.com/fp/db96ebd4ae0a24a73e1c8b71f4e5cf27-p_c.jpg,2026-06-08 12:27,For Sale
26844547,12436 Oberlin Dr,75243,Dallas,TX,32.917515,-96.75613,440000,212.0,-30000.0,430500.0,2655.0,4.0,3.0,2076.0,1958.0,8058.6,singleFamily,46,256920.0,2025,https://www.zillow.com,https://photos.zillowstatic.com/fp/0d730239870214e2c7f396e47d25897d-p_c.jpg,2026-06-08 12:27,For Sale
26687077,2550 Eugene St,75215,Dallas,TX,32.758404,-96.76031,259900,184.0,-5000.0,258900.0,1929.0,3.0,2.0,1416.0,2020.0,5706.36,singleFamily,93,245790.0,2025,https://www.zillow.com,https://photos.zillowstatic.com/fp/879994e5ecc80769ed3fc2fa818b4898-p_c.jpg,2026-06-08 12:27,For Sale
26849221,6437 Churchill Way,75230,Dallas,TX,32.917362,-96.79414,2795000,460.0,-99000.0,2720700.0,2436.0,5.0,6.0,6075.0,2025.0,0.367,singleFamily,153,480000.0,2025,https://www.zillow.com,https://photos.zillowstatic.com/fp/ed823a009df87030ba1eb3589e887095-p_c.jpg,2026-06-08 12:27,For Sale
26713898,711 S Rosemont Ave,75208,Dallas,TX,32.739166,-96.84826,299000,218.0,-11000.0,,2287.0,2.0,2.0,1374.0,1924.0,8450.64,singleFamily,35,313930.0,2025,https://www.zillow.com,https://photos.zillowstatic.com/fp/7dd3ca064b3e575b47ba224da0bf8b92-p_c.jpg,2026-06-08 12:27,For Sale
26780807,2442 Club Manor Dr,75237,Dallas,TX,32.667976,-96.859055,359000,144.0,-20000.0,357200.0,3065.0,4.0,4.0,2499.0,1969.0,9060.48,singleFamily,34,322870.0,2025,https://www.zillow.com,https://photos.zillowstatic.com/fp/5c73999a1bca4853dd187df12316c52e-p_c.jpg,2026-06-08 12:27,For Sale
26805451,4139 Allencrest Ln,75244,Dallas,TX,32.9113,-96.84122,2250000,425.0,,2102500.0,6833.0,5.0,5.0,5289.0,1968.0,0.366,singleFamily,24,1782790.0,2025,https://www.zillow.com,https://photos.zillowstatic.com/fp/f11f61ca8cf912d171fd0d4b75f17cbf-p_c.jpg,2026-06-08 12:27,For Sale
69676384,3110 Thomas Ave APT 105,75204,Dallas,TX,32.798283,-96.79457,360000,394.0,-9995.0,,,1.0,2.0,914.0,1998.0,1.174,condo,211,347320.0,2025,https://www.zillow.com,https://photos.zillowstatic.com/fp/3839e2ef9b215a19d465d637a42a3441-p_c.jpg,2026-06-08 12:27,For Sale
96498607,1320 Compton St,75203,Dallas,TX,32.742943,-96.80467,499900,216.0,-20000.0,,,4.0,3.0,2312.0,2023.0,4138.2,singleFamily,54,393160.0,2025,https://www.zillow.com,https://photos.zillowstatic.com/fp/5dd65457af0659e503af689637d40409-p_c.jpg,2026-06-08 12:27,For Sale
26754483,6523 Northwood Rd,75225,Dallas,TX,32.869873,-96.792564,2650000,542.0,-100000.0,,,4.0,6.0,4892.0,2017.0,0.257,singleFamily,19,2519350.0,2025,https://www.zillow.com,https://photos.zillowstatic.com/fp/f1cf59720a31de74451b4c9ef514cdfe-p_c.jpg,2026-06-08 12:27,For Sale
26909252,9551 Gonzales Dr,75227,Dallas,TX,32.76709,-96.65757,127000,135.0,-5000.0,,1465.0,2.0,1.0,940.0,1982.0,3310.56,singleFamily,68,151670.0,2025,https://www.zillow.com,https://photos.zillowstatic.com/fp/d1895d0b21508743ee374dd4d68db170-p_c.jpg,2026-06-08 12:27,For Sale
26790506,3733 Manana Dr,75220,Dallas,TX,32.874184,-96.85467,1669000,355.0,-10000.0,1629800.0,6614.0,5.0,6.0,4696.0,2026.0,8189.28,singleFamily,31,457000.0,2025,https://www.zillow.com,https://photos.zillowstatic.com/fp/52b3f7d05670b333c6af5ec2382ed545-p_c.jpg,2026-06-08 12:27,For Sale
80230333,2830 Gospel Dr,75237,Dallas,TX,32.654057,-96.86591,250000,147.0,,248000.0,2033.0,3.0,2.0,1695.0,2006.0,5488.56,singleFamily,25,269800.0,2025,https://www.zillow.com,https://photos.zillowstatic.com/fp/e6455c0bb3e8b9324f6ee8ea71f7d263-p_c.jpg,2026-06-08 12:27,For Sale
26701875,6867 Gaston Ave,75214,Dallas,TX,32.816105,-96.74107,1249950,534.0,,,,4.0,3.0,2340.0,1937.0,0.29500000000000004,singleFamily,37,768020.0,2025,https://www.zillow.com,https://photos.zillowstatic.com/fp/844aac6c511c56e1cfc96b4d8adb5258-p_c.jpg,2026-06-08 12:27,For Sale
302787562,2515 Old Mill Rd,75287,Carrollton,TX,32.98999,-96.869675,419900,243.0,,409900.0,2907.0,3.0,2.0,1730.0,1982.0,7840.8,singleFamily,37,402838.0,2025,https://www.zillow.com,https://photos.zillowstatic.com/fp/e10ea22e6301f5f94b3426ecf508abe0-p_c.jpg,2026-06-08 12:27,For Sale
26835007,3741 Toronto St,75212,Dallas,TX,32.78009,-96.88247,450000,165.0,-25000.0,442000.0,3680.0,4.0,3.0,2724.0,2021.0,5575.68,singleFamily,26,521940.0,2025,https://www.zillow.com,https://photos.zillowstatic.com/fp/fdcad6d744c21871974cde189b56691f-p_c.jpg,2026-06-08 12:27,For Sale
26833509,1810 Shaw St,75212,Dallas,TX,32.785275,-96.848656,250000,309.0,-25000.0,270900.0,1620.0,3.0,1.0,810.0,1961.0,3615.48,singleFamily,2,149460.0,2025,https://www.zillow.com,https://photos.zillowstatic.com/fp/b7163259f2c3ed1c6a6dc8accf90f1a8-p_c.jpg,2026-06-08 12:27,For Sale
26735523,6550 Lockheed Ave,75209,Dallas,TX,32.838158,-96.82926,637000,406.0,207100.0,612100.0,3080.0,3.0,3.0,1568.0,1944.0,7579.44,singleFamily,24,563000.0,2025,https://www.zillow.com,https://photos.zillowstatic.com/fp/a5717689101b3a3de90e9cf166f1d578-p_c.jpg,2026-06-08 12:27,For Sale
26715382,818 E Woodin Blvd,75216,Dallas,TX,32.72244,-96.81238,259000,199.0,-7000.0,254700.0,2255.0,3.0,2.0,1304.0,1917.0,8015.04,singleFamily,44,259520.0,2025,https://www.zillow.com,https://photos.zillowstatic.com/fp/4b27c08c642954a63b1f940b6a9ae8e0-p_c.jpg,2026-06-08 12:27,For Sale
26911440,6907 Preston Glen Dr,75230,Dallas,TX,32.91473,-96.78464,1985000,425.0,,1870100.0,7455.0,3.0,4.0,4666.0,2000.0,7474.896,singleFamily,34,1650000.0,2025,https://www.zillow.com,https://photos.zillowstatic.com/fp/c6cde910e6ada0514705506cf8c2fe26-p_c.jpg,2026-06-08 12:27,For Sale
80233389,45 Kennington Ct,75248,Dallas,TX,32.970066,-96.8148,2700000,446.0,,2532400.0,6426.0,4.0,6.0,6059.0,2006.0,0.378,singleFamily,17,2300000.0,2025,https://www.zillow.com,https://photos.zillowstatic.com/fp/96c925880bc7ed387c56fe2ab083e9ec-p_c.jpg,2026-06-08 12:27,For Sale
455632134,5705 Live Oak St #B,75206,Dallas,TX,32.810696,-96.763626,490000,330.0,-10000.0,483500.0,3384.0,2.0,3.0,1483.0,2026.0,5749.92,singleFamily,16,,,https://www.zillow.com,https://photos.zillowstatic.com/fp/a66b74356a5b9e659d2c8f8682c22b35-p_c.jpg,2026-06-08 12:27,For Sale
26703913,5836 Kenwood Ave,75206,Dallas,TX,32.833042,-96.76636,1865000,389.0,,1826300.0,7824.0,5.0,6.0,4790.0,2025.0,6664.68,singleFamily,4,755980.0,2025,https://www.zillow.com,https://photos.zillowstatic.com/fp/9d3073c2b3d12faf9e0f91ef6b3713b7-p_c.jpg,2026-06-08 12:27,For Sale
26750061,7024 Wake Forrest Dr,75214,Dallas,TX,32.85369,-96.73837,615000,440.0,-10000.0,,,3.0,2.0,1398.0,1957.0,8145.72,singleFamily,45,626460.0,2025,https://www.zillow.com,https://photos.zillowstatic.com/fp/b82a2c7423fd7099c94d43cef1244ba4-p_c.jpg,2026-06-08 12:27,For Sale
26755451,6739 Walnut Hill Ln,75230,Dallas,TX,32.88025,-96.788605,2290000,479.0,-60000.0,,,5.0,6.0,4778.0,2026.0,0.263,singleFamily,52,458760.0,2025,https://www.zillow.com,https://photos.zillowstatic.com/fp/85f13eba7e81f8fa944b17831a809c0b-p_c.jpg,2026-06-08 12:27,For Sale
26846442,2235 Babalos Ln,75228,Dallas,TX,32.80869,-96.676865,234640,137.0,,,2168.0,3.0,2.0,1708.0,1968.0,8668.44,singleFamily,6,298230.0,2025,https://www.zillow.com,https://photos.zillowstatic.com/fp/e4ae247c814a8a53f043585d1d11b300-p_c.jpg,2026-06-08 12:27,For Sale
53389999,12010 Lueders Ln,75230,Dallas,TX,32.913162,-96.778625,1450000,405.0,,1379600.0,6414.0,4.0,4.0,3579.0,2000.0,3615.48,singleFamily,17,1564960.0,2025,https://www.zillow.com,https://photos.zillowstatic.com/fp/38b02ade7801823a9b014dd71436ed44-p_c.jpg,2026-06-08 12:27,For Sale
27338316,2909 Gainesborough Dr,75287,Dallas,TX,33.00586,-96.857796,435000,164.0,-15000.0,430000.0,4254.0,4.0,3.0,2656.0,1984.0,0.256,singleFamily,154,620692.0,2025,https://www.zillow.com,https://photos.zillowstatic.com/fp/d491678f8b4c9b289bce14b63b922acc-p_c.jpg,2026-06-08 12:27,For Sale
26854384,10140 Lakemere Dr,75238,Dallas,TX,32.87487,-96.70907,1850000,437.0,,1728300.0,3829.0,5.0,4.0,4232.0,1958.0,7840.8,singleFamily,11,435000.0,2025,https://www.zillow.com,https://photos.zillowstatic.com/fp/40979f848286b53e2087de4a1d50e43a-p_c.jpg,2026-06-08 12:27,For Sale
26804209,5205 Royal Ln,75229,Dallas,TX,32.895317,-96.81789,3967000,597.0,,,,5.0,8.0,6647.0,1972.0,1.0,singleFamily,13,2210000.0,2025,https://www.zillow.com,https://photos.zillowstatic.com/fp/287986ed7c492dd54e73f5c8f68b497f-p_c.jpg,2026-06-08 12:27,For Sale
67961290,2323 Clark St,75204,Dallas,TX,32.79773,-96.79689,749000,429.0,-40500.0,732700.0,3610.0,2.0,3.0,1744.0,2004.0,1001.88,townhome,17,666430.0,2025,https://www.zillow.com,https://photos.zillowstatic.com/fp/0c511ffb6edf74cfb590d120bce37432-p_c.jpg,2026-06-08 12:27,For Sale
26786511,846 Peavy Rd,75218,Dallas,TX,32.846157,-96.706726,499000,366.0,-10500.0,497200.0,2718.0,3.0,2.0,1364.0,1954.0,8102.16,singleFamily,69,547740.0,2025,https://www.zillow.com,https://photos.zillowstatic.com/fp/77f4028a7ab786de8420de7bd985bb93-p_c.jpg,2026-06-08 12:27,For Sale
26890553,7623 Kevin Dr,75248,Dallas,TX,32.983402,-96.7761,875000,314.0,-20000.0,848600.0,4553.0,4.0,3.0,2790.0,1979.0,10541.52,singleFamily,17,735490.0,2025,https://www.zillow.com,https://photos.zillowstatic.com/fp/1aa96b98a4ca4af9d8bb075b58352e81-p_c.jpg,2026-06-08 12:27,For Sale
67961962,2207 Kessler Woods Ct,75208,Dallas,TX,32.75273,-96.85391,2125000,546.0,-225000.0,2026100.0,5505.0,3.0,4.0,3889.0,2004.0,8102.16,singleFamily,51,1769020.0,2025,https://www.zillow.com,https://photos.zillowstatic.com/fp/571e78c63b13ef8264aeaa5c8b5832bd-p_c.jpg,2026-06-08 12:27,For Sale
26849344,12065 De Or Dr,75230,Dallas,TX,32.9131,-96.80249,559000,234.0,-36000.0,548700.0,3990.0,3.0,3.0,2392.0,1973.0,,townhome,165,525030.0,2025,https://www.zillow.com,https://photos.zillowstatic.com/fp/30af7ff5b4ce4dcb601199cb9f560bbe-p_c.jpg,2026-06-08 12:27,For Sale
26864579,9734 Queenswood Ln,75238,Dallas,TX,32.880493,-96.71466,649500,307.0,-35000.0,,,4.0,3.0,2116.0,1961.0,8319.96,singleFamily,57,587160.0,2025,https://www.zillow.com,https://photos.zillowstatic.com/fp/7bd49d47d48138e71d45cfef525e0d08-p_c.jpg,2026-06-08 12:27,For Sale
26932927,5590 Spring Valley Rd Unit C102,75254,Dallas,TX,32.938766,-96.81152,215000,264.0,,207300.0,1425.0,2.0,2.0,814.0,1982.0,3.0,condo,39,179080.0,2025,https://www.zillow.com,https://photos.zillowstatic.com/fp/d62610a780a022dae5fd758736bd653a-p_c.jpg,2026-06-08 12:27,For Sale
461635591,5443 Ellsworth,75206,Dallas,TX,32.833916,-96.77545,1249900,388.0,,1220100.0,7095.0,3.0,4.0,3225.0,2025.0,4051.08,singleFamily,58,,,https://www.zillow.com,https://photos.zillowstatic.com/fp/eec7e5f2567aabea90e0f59adb437ef7-p_c.jpg,2026-06-08 12:27,For Sale
26755651,6822 Meadow Rd,75230,Dallas,TX,32.88594,-96.78743,2290000,541.0,-110000.0,2153600.0,7800.0,4.0,5.0,4231.0,1986.0,0.3444,singleFamily,11,1515000.0,2025,https://www.zillow.com,https://photos.zillowstatic.com/fp/477dd86e437535304b275b4796f4f127-p_c.jpg,2026-06-08 12:27,For Sale
26803542,5709 Forest Ln,75230,Dallas,TX,32.909958,-96.81026,1149000,399.0,-13000.0,1101100.0,6658.0,4.0,3.0,2883.0,1962.0,0.483,singleFamily,46,993250.0,2025,https://www.zillow.com,https://photos.zillowstatic.com/fp/0d65427a00c263276a382ccf56a5e63e-p_c.jpg,2026-06-08 12:27,For Sale
26807823,3108 Citation Dr,75229,Dallas,TX,32.882378,-96.87183,509000,181.0,-66000.0,,,3.0,3.0,2818.0,1962.0,0.265,singleFamily,98,646510.0,2025,https://www.zillow.com,https://photos.zillowstatic.com/fp/b5e6ec6b331ac4db4185262451ed0fa5-p_c.jpg,2026-06-08 12:27,For Sale
96499196,1402 Hutchins Ave,75203,Dallas,TX,32.752087,-96.804405,565000,249.0,-20000.0,560300.0,3524.0,4.0,4.0,2267.0,2026.0,2221.56,singleFamily,88,80750.0,2025,https://www.zillow.com,https://photos.zillowstatic.com/fp/03a05b95fe22ac9a7a494763afaa2d2d-p_c.jpg,2026-06-08 12:27,For Sale
461904732,4911 Clover Haven St,75227,Dallas,TX,32.786057,-96.68791,240990,179.0,-4000.0,240300.0,1917.0,3.0,2.0,1348.0,1986.0,3876.84,singleFamily,46,,,https://www.zillow.com,https://photos.zillowstatic.com/fp/1cca90c73b0e892bf3a3ba88ba0de31c-p_c.jpg,2026-06-08 12:27,For Sale
96519726,438 Bonnie View Rd,75203,Dallas,TX,32.743176,-96.794655,580000,213.0,-10000.0,572200.0,3812.0,5.0,3.0,2720.0,2026.0,3920.4,singleFamily,32,90000.0,2025,https://www.zillow.com,https://photos.zillowstatic.com/fp/b0cd7af08ffe155eb0f4d156b4f998fb-p_c.jpg,2026-06-08 12:27,For Sale
26824519,6422 Rock Canyon Cir,75232,Dallas,TX,32.669937,-96.838615,310000,165.0,-4000.0,305400.0,2307.0,3.0,2.0,1878.0,1963.0,10105.92,singleFamily,68,285350.0,2025,https://www.zillow.com,https://photos.zillowstatic.com/fp/2e628e9b1aaf920027e58c567bf97493-p_c.jpg,2026-06-08 12:27,For Sale
26814768,419 Highcrest Dr,75232,Dallas,TX,32.663494,-96.828674,225000,156.0,-25000.0,219400.0,1721.0,4.0,2.0,1440.0,1956.0,8102.16,singleFamily,31,232890.0,2025,https://www.zillow.com,https://photos.zillowstatic.com/fp/1048efb971f77376f550731f61bab39e-p_c.jpg,2026-06-08 12:27,For Sale
26729594,1902 Norfolk Ave,75203,Dallas,TX,32.732082,-96.79639,359000,170.0,-10999.0,354000.0,2357.0,3.0,2.0,2108.0,1938.0,7361.64,singleFamily,140,363050.0,2025,https://www.zillow.com,https://photos.zillowstatic.com/fp/aadc73c23d3ea5caccfd4b7061a810ed-p_c.jpg,2026-06-08 12:27,For Sale
26862512,1111 Riverwood Rd,75217,Dallas,TX,32.698463,-96.69025,385000,214.0,-15000.0,383300.0,2610.0,3.0,3.0,1802.0,2026.0,0.309,singleFamily,37,111940.0,2025,https://www.zillow.com,https://photos.zillowstatic.com/fp/cab2bbf33d82ead52257e7ae536e7944-p_c.jpg,2026-06-08 12:27,For Sale
26902865,9227 Lanshire Dr,75238,Dallas,TX,32.8659,-96.723656,1790000,449.0,-100000.0,1674800.0,7007.0,4.0,6.0,3984.0,1993.0,0.35200000000000004,singleFamily,126,1189000.0,2025,https://www.zillow.com,https://photos.zillowstatic.com/fp/9c29580ec9b3b690c28e85fd4a10e672-p_c.jpg,2026-06-08 12:27,For Sale
26806617,10230 Marsh Ln,75229,Dallas,TX,32.885693,-96.85548,3495000,432.0,-150000.0,3389100.0,6163.0,5.0,7.0,8087.0,2024.0,1.282,singleFamily,143,2656190.0,2025,https://www.zillow.com,https://photos.zillowstatic.com/fp/6e197a88dffa7805661630f01444ec10-p_c.jpg,2026-06-08 12:27,For Sale
26883107,12717 Hornbeam Dr,75243,Dallas,TX,32.920685,-96.70821,328995,163.0,-1000.0,326200.0,3381.0,3.0,2.0,2015.0,1983.0,0.29,singleFamily,93,314410.0,2025,https://www.zillow.com,https://photos.zillowstatic.com/fp/a52a17819bc84382155141766e658b1d-p_c.jpg,2026-06-08 12:27,For Sale
26790221,3737 Dunhaven Rd,75220,Dallas,TX,32.87167,-96.85448,1949000,365.0,-46000.0,1897300.0,6700.0,5.0,7.0,5335.0,2026.0,7579.44,singleFamily,75,515960.0,2025,https://www.zillow.com,https://photos.zillowstatic.com/fp/7b21a00100d551fc39f9c97fc0c58637-p_c.jpg,2026-06-08 12:27,For Sale
26866852,9797 Broken Bow Rd,75238,Dallas,TX,32.87678,-96.7182,575000,300.0,-20000.0,,,3.0,3.0,1914.0,1965.0,10149.48,singleFamily,59,624610.0,2025,https://www.zillow.com,https://photos.zillowstatic.com/fp/4b247f6bb0ca6b032cbd9478470dc162-p_c.jpg,2026-06-08 12:27,For Sale
26877111,5702 Bent Trl,75248,Dallas,TX,32.97451,-96.81642,2595000,493.0,,,,5.0,5.0,5268.0,1979.0,0.348,singleFamily,80,2293060.0,2025,https://www.zillow.com,https://photos.zillowstatic.com/fp/73f9aed416e5f201d1824ab6fcaba932-p_c.jpg,2026-06-08 12:27,For Sale
26706967,6834 Northridge Dr,75214,Dallas,TX,32.830135,-96.743065,3450000,644.0,-45000.0,3331000.0,4445.0,5.0,6.0,5358.0,2026.0,10018.8,singleFamily,73,1090750.0,2025,https://www.zillow.com,https://photos.zillowstatic.com/fp/395096786e5617f83b50b37f9e284947-p_c.jpg,2026-06-08 12:27,For Sale
26893584,7320 Brentfield Dr,75248,Dallas,TX,32.974648,-96.7807,800000,331.0,,770500.0,3985.0,4.0,3.0,2417.0,1977.0,9408.96,singleFamily,10,617010.0,2025,https://www.zillow.com,https://photos.zillowstatic.com/fp/faab5b9b63783133dd5f43feb6ed6b7e-p_c.jpg,2026-06-08 12:27,For Sale
83996242,13900 Noel Rd Unit 23,75240,Dallas,TX,32.93683,-96.81739,362400,220.0,-10000.0,358900.0,2825.0,3.0,3.0,1650.0,2006.0,1.414,condo,125,379500.0,2025,https://www.zillow.com,https://photos.zillowstatic.com/fp/39328306e73bf15b156f42e3e7fa29f0-p_c.jpg,2026-06-08 12:27,For Sale
26871556,7668 La Cosa Dr,75248,Dallas,TX,32.95931,-96.77595,825000,298.0,,795100.0,3739.0,4.0,3.0,2773.0,1968.0,10628.64,singleFamily,16,779310.0,2025,https://www.zillow.com,https://photos.zillowstatic.com/fp/40c99973b57349be1442853edcceab1d-p_c.jpg,2026-06-08 12:27,For Sale
26748994,6050 Melody Ln APT 121,75231,Dallas,TX,32.86708,-96.76039,135000,120.0,,,1370.0,2.0,2.0,1127.0,1979.0,8.072,singleFamily,6,131380.0,2025,https://www.zillow.com,https://photos.zillowstatic.com/fp/52b0b4d8ade1bcbf95244ff985735c35-p_c.jpg,2026-06-08 12:27,For Sale
26923179,5100 Verde Valley Ln APT 274,75254,Dallas,TX,32.948143,-96.82086,200000,173.0,,247900.0,1749.0,2.0,2.0,1154.0,1982.0,6.353,condo,1,328890.0,2025,https://www.zillow.com,https://photos.zillowstatic.com/fp/b820f35277f8787cc3f65caf15e7bb9a-p_c.jpg,2026-06-08 12:27,For Sale
26789989,3724 Highgrove Dr,75220,Dallas,TX,32.86873,-96.85501,1389900,339.0,,,,4.0,4.0,4100.0,2026.0,7448.76,singleFamily,18,407640.0,2025,https://www.zillow.com,https://photos.zillowstatic.com/fp/69f52aa4fef736549c798ed0a2ffeeb2-p_c.jpg,2026-06-08 12:27,For Sale
26842078,2807 Andrea Dr,75228,Dallas,TX,32.82796,-96.66652,284990,261.0,,278100.0,1863.0,3.0,2.0,1091.0,1955.0,8319.96,singleFamily,10,228610.0,2025,https://www.zillow.com,https://photos.zillowstatic.com/fp/31591045811048ce6ecb5995258214a4-p_c.jpg,2026-06-08 12:27,For Sale
26807676,3040 Ponder Pl,75229,Dallas,TX,32.884113,-96.875275,645000,258.0,-14500.0,624500.0,4212.0,4.0,4.0,2496.0,1965.0,0.294,singleFamily,45,514180.0,2025,https://www.zillow.com,https://photos.zillowstatic.com/fp/2ef8f1b7e727862bd0478e4b556f8f5c-p_c.jpg,2026-06-08 12:27,For Sale
53101469,18403 Gibbons Dr,75287,Dallas,TX,32.999294,-96.83331,825000,216.0,-24000.0,,,5.0,4.0,3828.0,1996.0,7405.2,singleFamily,86,716354.0,2025,https://www.zillow.com,https://photos.zillowstatic.com/fp/b018e597704cfd56d31165e744f0409d-p_c.jpg,2026-06-08 12:27,For Sale
26787503,9978 Witham St,75220,Dallas,TX,32.878075,-96.858475,455000,330.0,-20000.0,,,4.0,2.0,1380.0,1952.0,7971.48,singleFamily,67,343760.0,2025,https://www.zillow.com,https://photos.zillowstatic.com/fp/b7b91c6668f6f565189a7d9e18e533ac-p_c.jpg,2026-06-08 12:27,For Sale
26899053,2509 Welborn St APT C,75219,Dallas,TX,32.804615,-96.812706,475000,344.0,,457700.0,2557.0,2.0,3.0,1380.0,1981.0,6882.48,condo,2,345000.0,2025,https://www.zillow.com,https://photos.zillowstatic.com/fp/1e9a8e2325500038edc80c665c624ba0-p_c.jpg,2026-06-08 12:27,For Sale
26774143,3134 Alaska Ave,75216,Dallas,TX,32.706326,-96.81556,489900,165.0,-20099.0,486300.0,3394.0,5.0,3.0,2977.0,2026.0,8272.044,singleFamily,66,176330.0,2025,https://www.zillow.com,https://photos.zillowstatic.com/fp/6231cabdfed9821569e16a60c6d9911e-p_c.jpg,2026-06-08 12:27,For Sale
26782529,2806 E Atoll Dr,75216,Dallas,TX,32.7139,-96.798836,229800,139.0,,226700.0,2279.0,3.0,1.0,1652.0,1951.0,0.339,singleFamily,2,224600.0,2025,https://www.zillow.com,https://photos.zillowstatic.com/fp/f39f8f1d5da99eaf705855f71ef8080c-p_c.jpg,2026-06-08 12:27,For Sale
26648978,5132 Quail Lake Dr,75287,Dallas,TX,32.99391,-96.820404,1749000,367.0,,1653000.0,6949.0,5.0,6.0,4770.0,1995.0,10018.8,singleFamily,40,1130685.0,2025,https://www.zillow.com,https://photos.zillowstatic.com/fp/82b1857811eb36d7c6bc583b5e7803bc-p_c.jpg,2026-06-08 12:27,For Sale
26898261,3368 Miro Pl,75204,Dallas,TX,32.816456,-96.79458,875000,417.0,,844000.0,4155.0,3.0,4.0,2099.0,1997.0,1698.84,townhome,14,707890.0,2025,https://www.zillow.com,https://photos.zillowstatic.com/fp/785b3e3cb73500e8992e79bfd8f1b07b-p_c.jpg,2026-06-08 12:27,For Sale
27330664,2624 Kingsridge Dr,75287,Dallas,TX,32.993927,-96.86756,459000,267.0,,,,3.0,2.0,1720.0,1983.0,10062.36,singleFamily,3,421202.0,2025,https://www.zillow.com,https://photos.zillowstatic.com/fp/94a8997ce7d19e61595242c1e3956e68-p_c.jpg,2026-06-08 12:27,For Sale
26705372,6746 Braeburn Dr,75214,Dallas,TX,32.841564,-96.74374,799900,481.0,-10000.0,777200.0,3338.0,3.0,2.0,1664.0,1955.0,8581.32,singleFamily,73,762140.0,2025,https://www.zillow.com,https://photos.zillowstatic.com/fp/ac71606f5231d7a18fe4514c5bc927fa-p_c.jpg,2026-06-08 12:27,For Sale
26847892,2108 Blake Ave,75228,Dallas,TX,32.82892,-96.683266,284000,253.0,,277400.0,1875.0,3.0,2.0,1122.0,1955.0,7797.24,singleFamily,9,238330.0,2025,https://www.zillow.com,https://photos.zillowstatic.com/fp/fabea325e6b691ce6df84b7e5ba9f401-p_c.jpg,2026-06-08 12:27,For Sale
26930024,3310 Fairmount St APT 16B,75201,Dallas,TX,32.801342,-96.808525,550000,303.0,-25000.0,525000.0,3727.0,2.0,2.0,1813.0,1964.0,2.39,condo,11,571100.0,2025,https://www.zillow.com,https://photos.zillowstatic.com/fp/179f66205ff48e3cad544a66c3a393e1-p_c.jpg,2026-06-08 12:27,For Sale
26755002,6452 Walnut Hill Ln,75230,Dallas,TX,32.87963,-96.79444,3199999,429.0,-150000.0,3076500.0,7547.0,5.0,7.0,7461.0,2026.0,0.3686,singleFamily,31,630200.0,2025,https://www.zillow.com,https://photos.zillowstatic.com/fp/e78226840dd153c74d6be5976284603d-p_c.jpg,2026-06-08 12:27,For Sale
26706093,6714 Williamson Rd,75214,Dallas,TX,32.8374,-96.74377,2495000,426.0,-200000.0,2397800.0,8252.0,4.0,5.0,5854.0,2014.0,0.307,singleFamily,124,2498260.0,2025,https://www.zillow.com,https://photos.zillowstatic.com/fp/fa4a836552724a46f3852952ac42e263-p_c.jpg,2026-06-08 12:27,For Sale
303984086,9360 Lakemont Dr,75220,Dallas,TX,32.865963,-96.8446,2600000,522.0,-199000.0,2496300.0,7886.0,5.0,5.0,4981.0,2019.0,0.48,singleFamily,73,2218000.0,2025,https://www.zillow.com,https://photos.zillowstatic.com/fp/bfe473c632ca3f1cbecb49e005f01efa-p_c.jpg,2026-06-08 12:27,For Sale
26737249,4636 Stanford Ave,75209,Dallas,TX,32.852966,-96.83018,1945000,427.0,-40000.0,1863900.0,5517.0,4.0,6.0,4557.0,2014.0,7448.76,singleFamily,60,2036030.0,2025,https://www.zillow.com,https://photos.zillowstatic.com/fp/f18d0078d04ad51581c9e85f67c9ff91-p_c.jpg,2026-06-08 12:27,For Sale
26717988,1022 N Montclair Ave,75208,Dallas,TX,32.757385,-96.84629,2750000,589.0,-50000.0,2589900.0,5948.0,5.0,4.0,4665.0,1935.0,0.328,singleFamily,123,1159220.0,2025,https://www.zillow.com,https://photos.zillowstatic.com/fp/e337eb801fe8ab5577e0a848893fba3b-p_c.jpg,2026-06-08 12:27,For Sale
67957334,8471 Widgeon Way,75249,Dallas,TX,32.656956,-96.977486,314999,204.0,,308700.0,2115.0,3.0,2.0,1542.0,2004.0,5357.88,singleFamily,1,292140.0,2025,https://www.zillow.com,https://photos.zillowstatic.com/fp/0c3372dc4bd1a3eb645560b5d3248888-p_c.jpg,2026-06-08 12:27,For Sale
26851924,13312 Roaring Springs Ln,75240,Dallas,TX,32.92965,-96.775024,382500,271.0,-2500.0,376400.0,2270.0,3.0,2.0,1409.0,1960.0,9321.84,singleFamily,72,245000.0,2025,https://www.zillow.com,https://photos.zillowstatic.com/fp/39cae6584b7e628f931ca95e5f643772-p_c.jpg,2026-06-08 12:27,For Sale
26693900,6251 Palo Pinto Ave,75214,Dallas,TX,32.82035,-96.75662,2149000,490.0,,2070500.0,3249.0,4.0,5.0,4387.0,2026.0,7492.32,singleFamily,16,620580.0,2025,https://www.zillow.com,https://photos.zillowstatic.com/fp/d65972b7f757d8ef17e3ea8c8c775795-p_c.jpg,2026-06-08 12:27,For Sale
26699831,2346 Scott St,75215,Dallas,TX,32.742188,-96.75531,283500,173.0,,282200.0,2405.0,3.0,3.0,1641.0,2025.0,5052.96,singleFamily,37,305550.0,2025,https://www.zillow.com,https://photos.zillowstatic.com/fp/9cce7ed41372e230f051089f337491b7-p_c.jpg,2026-06-08 12:27,For Sale
26843362,9077 Longmont Dr,75238,Dallas,TX,32.871124,-96.707535,625000,410.0,,,,4.0,2.0,1523.0,1955.0,7971.48,singleFamily,24,533340.0,2025,https://www.zillow.com,https://photos.zillowstatic.com/fp/95cd478cba66917d2417248fda974133-p_c.jpg,2026-06-08 12:27,For Sale
80218734,4117 Herschel Ave #4119A,75219,Dallas,TX,32.82097,-96.80618,350000,333.0,,,,1.0,1.0,1050.0,1930.0,7187.4,condo,37,299250.0,2025,https://www.zillow.com,https://photos.zillowstatic.com/fp/70d1d3ed7e32bd4aee46be057c7b4b9b-p_c.jpg,2026-06-08 12:27,For Sale
26710002,206 S Edgefield Ave,75208,Dallas,TX,32.74384,-96.84383,565000,309.0,-10000.0,547200.0,2693.0,3.0,3.0,1828.0,1926.0,6838.92,singleFamily,73,595180.0,2025,https://www.zillow.com,https://photos.zillowstatic.com/fp/47d27720119bf5607414d802d801cbb8-p_c.jpg,2026-06-08 12:27,For Sale
162813534,655 Kessler Reserve Ct,75208,Dallas,TX,32.75595,-96.83342,2350000,522.0,,2255600.0,7535.0,4.0,5.0,4506.0,2016.0,0.324,singleFamily,53,2006540.0,2025,https://www.zillow.com,https://photos.zillowstatic.com/fp/14862d26b73eba65207dcabf4ffc1413-p_c.jpg,2026-06-08 12:27,For Sale
26706007,6640 Yosemite Ln,75214,Dallas,TX,32.83668,-96.746315,1195000,627.0,,1132800.0,3478.0,2.0,2.0,1906.0,1952.0,0.40199999999999997,singleFamily,61,945000.0,2025,https://www.zillow.com,https://photos.zillowstatic.com/fp/2960fa9c55d612ee850a2bae24ea9fa6-p_c.jpg,2026-06-08 12:27,For Sale
450814941,7908 Royal Ln #122B,75230,Dallas,TX,32.898033,-96.770424,135000,122.0,-5000.0,,1757.0,2.0,2.0,1110.0,1974.0,2.36,condo,152,,,https://www.zillow.com,https://photos.zillowstatic.com/fp/7b1f7adbbf64d86ebb99f4fdefd86fd9-p_c.jpg,2026-06-08 12:27,For Sale
26870574,6802 Bert Ln,75240,Dallas,TX,32.938572,-96.78763,1970000,344.0,-10000.0,1877100.0,7970.0,5.0,6.0,5722.0,1978.0,0.42000000000000004,singleFamily,94,684900.0,2015,https://www.zillow.com,https://photos.zillowstatic.com/fp/b776e1c60e46421e9260a8b46675e209-p_c.jpg,2026-06-08 12:27,For Sale
26759105,5045 Lakehill Ct,75220,Dallas,TX,32.876045,-96.822975,4700000,604.0,,,,7.0,9.0,7781.0,1973.0,1.0,singleFamily,72,3474640.0,2025,https://www.zillow.com,https://photos.zillowstatic.com/fp/ca3bfad4b07f199e078ed6c60e231f3c-p_c.jpg,2026-06-08 12:27,For Sale
89377914,1648 Tampa Bay Dr,75217,Dallas,TX,32.68452,-96.66233,249997,161.0,-20002.0,243500.0,2146.0,4.0,2.0,1549.0,2008.0,7492.32,singleFamily,25,264270.0,2025,https://www.zillow.com,https://photos.zillowstatic.com/fp/9da7957083a83c11d834b0eebb0ed3e7-p_c.jpg,2026-06-08 12:27,For Sale
26681350,2718 South Blvd,75215,Dallas,TX,32.769196,-96.76976,265000,130.0,,255600.0,2391.0,3.0,2.0,2038.0,1920.0,9626.76,singleFamily,32,172000.0,2025,https://www.zillow.com,https://photos.zillowstatic.com/fp/e175c04ac8c7bcf17b0247420894683c-p_c.jpg,2026-06-08 12:27,For Sale
