zpid,address,zipcode,city,state,latitude,longitude,price,price_per_sqft,price_change,zestimate,rent_zestimate,bedrooms,bathrooms,sqft,year_built,lot_size_acres,property_type,days_on_market,tax_assessed,tax_year,listing_url,photo_url,fetched_at,listing_type
338241066,18512 Crownover Ct,75252,Dallas,TX,33.003235,-96.79485,609900,252.0,,591700.0,4235.0,3.0,3.0,2419.0,1981.0,8102.16,singleFamily,5,625905.0,2025,https://www.zillow.com,https://photos.zillowstatic.com/fp/5c8b0a7362d6b24c63efb89a53c870b7-p_c.jpg,2026-05-25 11:52,For Sale
26696988,5304 Parkland Ave,75235,Dallas,TX,32.81922,-96.83001,970000,387.0,,954900.0,5130.0,3.0,2.0,2506.0,2014.0,10062.36,singleFamily,8,846030.0,2025,https://www.zillow.com,https://photos.zillowstatic.com/fp/4a9dd228ae47b77d9d375a5044dbe535-p_c.jpg,2026-05-25 11:52,For Sale
26703940,5814 Anita St,75206,Dallas,TX,32.834515,-96.767166,1150000,408.0,,1115200.0,6049.0,4.0,3.0,2821.0,2010.0,6664.68,singleFamily,10,1068570.0,2025,https://www.zillow.com,https://photos.zillowstatic.com/fp/0fb3a25ca24a7b84cba95cc45df0b7fb-p_c.jpg,2026-05-25 11:52,For Sale
55172501,2804 Gainesborough Dr,75287,Dallas,TX,33.005424,-96.86067,399900,202.0,,393600.0,2557.0,3.0,3.0,1978.0,1984.0,9060.48,singleFamily,11,477000.0,2025,https://www.zillow.com,https://photos.zillowstatic.com/fp/44a221e0cff0c762aec3c126bb17edae-p_c.jpg,2026-05-25 11:52,For Sale
26695193,5603 Vanderbilt Ave,75206,Dallas,TX,32.824787,-96.77213,1300000,500.0,,1225800.0,2490.0,3.0,3.0,2602.0,1928.0,7405.2,singleFamily,3,982850.0,2025,https://www.zillow.com,https://photos.zillowstatic.com/fp/3242ddd2e6d4ca81490ce8499dfbeb3c-p_c.jpg,2026-05-25 11:52,For Sale
26851754,13321 Purple Sage Rd,75240,Dallas,TX,32.929237,-96.7778,1200000,457.0,,1138100.0,5905.0,3.0,3.0,2624.0,1966.0,0.355,singleFamily,8,968160.0,2025,https://www.zillow.com,https://photos.zillowstatic.com/fp/f5c3d3e19fb72eee6f71cdbe16794856-p_c.jpg,2026-05-25 11:52,For Sale
96498162,315 W Ohio Ave,75224,Dallas,TX,32.719692,-96.8271,275000,170.0,,272700.0,2918.0,3.0,3.0,1615.0,2018.0,3484.8,singleFamily,6,302840.0,2025,https://www.zillow.com,https://photos.zillowstatic.com/fp/e7d15d7cf79c5cc83a0b3e9dd4aa4d50-p_c.jpg,2026-05-25 11:52,For Sale
60347644,4034 Rawlins St APT 207,75219,Dallas,TX,32.814045,-96.80962,370000,331.0,,357500.0,2370.0,2.0,3.0,1119.0,1984.0,0.41,condo,17,324510.0,2025,https://www.zillow.com,https://photos.zillowstatic.com/fp/6fd8241dd712eb8d520acff248099355-p_c.jpg,2026-05-25 11:52,For Sale
96518147,4128 Pluto St,75212,Dallas,TX,32.791786,-96.89073,550000,185.0,,543700.0,4396.0,4.0,4.0,2974.0,2022.0,7666.56,singleFamily,8,600000.0,2025,https://www.zillow.com,https://photos.zillowstatic.com/fp/f520770547ae57c1d6aa0762dc5adbaf-p_c.jpg,2026-05-25 11:52,For Sale
26851750,13345 Purple Sage Rd,75240,Dallas,TX,32.929756,-96.77702,1950000,669.0,,,,4.0,4.0,2913.0,2026.0,0.41,singleFamily,10,556200.0,2025,https://www.zillow.com,https://photos.zillowstatic.com/fp/cd13482dcb6608cfcd305024b4fbfef9-p_c.jpg,2026-05-25 11:52,For Sale
96533352,5667 Mountain Hollow Dr,75249,Dallas,TX,32.657585,-96.96582,369000,122.0,,363900.0,3425.0,4.0,3.0,3017.0,2012.0,5052.96,singleFamily,10,466850.0,2025,https://www.zillow.com,https://photos.zillowstatic.com/fp/43de38fbacee2fae72ff451842a03028-p_c.jpg,2026-05-25 11:52,For Sale
26876355,16801 Rustic Meadows Dr,75248,Dallas,TX,32.97945,-96.80397,625000,270.0,,,,3.0,2.0,2318.0,1977.0,7405.2,singleFamily,4,478390.0,2025,https://www.zillow.com,https://photos.zillowstatic.com/fp/d08f3f09af6634fdd51274e8764ae44f-p_c.jpg,2026-05-25 11:52,For Sale
303982209,2506 El Camino Ln,75212,Dallas,TX,32.775013,-96.8432,510000,229.0,,499600.0,3458.0,3.0,4.0,2224.0,2018.0,1938.42,singleFamily,3,614890.0,2025,https://www.zillow.com,https://photos.zillowstatic.com/fp/955210fd626c2863812c8e6887f89d20-p_c.jpg,2026-05-25 11:52,For Sale
26803776,11718 Jamestown Rd,75230,Dallas,TX,32.908375,-96.80681,1750000,410.0,,1672700.0,7712.0,5.0,5.0,4266.0,1956.0,0.367,singleFamily,16,1765010.0,2025,https://www.zillow.com,https://photos.zillowstatic.com/fp/06ca38f8614d77486cf9dc6bf3aa0271-p_c.jpg,2026-05-25 11:52,For Sale
26885315,2951 E Ann Arbor Ave,75216,Dallas,TX,32.705914,-96.76922,55000,47.0,,,,3.0,1.0,1182.0,1945.0,0.44300000000000006,singleFamily,3,170150.0,2025,https://www.zillow.com,https://photos.zillowstatic.com/fp/840db30c1a5e4c80d3181140267d20eb-p_c.jpg,2026-05-25 11:52,For Sale
26789989,3724 Highgrove Dr,75220,Dallas,TX,32.86873,-96.85501,1389900,339.0,,,,4.0,4.0,4100.0,2026.0,7448.76,singleFamily,4,407640.0,2025,https://www.zillow.com,https://photos.zillowstatic.com/fp/69f52aa4fef736549c798ed0a2ffeeb2-p_c.jpg,2026-05-25 11:52,For Sale
26690492,5532 Willis Ave,75206,Dallas,TX,32.819973,-96.77313,995000,761.0,,942700.0,4522.0,2.0,2.0,1307.0,1926.0,7492.32,singleFamily,11,738620.0,2025,https://www.zillow.com,https://photos.zillowstatic.com/fp/cc877adc904c2d8fb1a4dec68a1a82c2-p_c.jpg,2026-05-25 11:52,For Sale
26688689,3922 Penelope St,75210,Dallas,TX,32.77296,-96.750336,210000,137.0,,209700.0,2396.0,3.0,3.0,1532.0,2026.0,5227.2,singleFamily,21,186180.0,2025,https://www.zillow.com,https://photos.zillowstatic.com/fp/6d19ce96dc91b2b744283ef28608d064-p_c.jpg,2026-05-25 11:52,For Sale
125318110,5525 Winton St,75206,Dallas,TX,32.83578,-96.77263,925000,403.0,,912400.0,4991.0,3.0,3.0,2296.0,2013.0,4791.6,singleFamily,9,820250.0,2025,https://www.zillow.com,https://photos.zillowstatic.com/fp/828a30e9817b8bd1d8d0f36448156700-p_c.jpg,2026-05-25 11:52,For Sale
96505431,3031 Valentine St,75215,Dallas,TX,32.742104,-96.74691,439000,189.0,,436600.0,2323.0,4.0,4.0,2320.0,2026.0,5924.16,singleFamily,6,59470.0,2025,https://www.zillow.com,https://photos.zillowstatic.com/fp/16658444e2cd14baf3cff9b368de7190-p_c.jpg,2026-05-25 11:52,For Sale
26767256,2502 E Overton Rd,75216,Dallas,TX,32.709087,-96.78899,175000,164.0,,169500.0,1912.0,3.0,2.0,1064.0,1952.0,9539.64,singleFamily,23,190810.0,2025,https://www.zillow.com,https://photos.zillowstatic.com/fp/ac77b03435eaf15eb669716b4bc7bf09-p_c.jpg,2026-05-25 11:52,For Sale
26908061,2671 Clayton Oaks Dr,75227,Dallas,TX,32.757584,-96.64757,195000,145.0,-5000.0,192300.0,1909.0,3.0,2.0,1349.0,1985.0,7187.4,singleFamily,197,221430.0,2025,https://www.zillow.com,https://photos.zillowstatic.com/fp/6675292a4dd1a63e226fb5a4de6d8036-p_c.jpg,2026-05-25 11:52,For Sale
26757825,5619 Walnut Hill Ln,75229,Dallas,TX,32.8825,-96.81111,64000000,2362.0,,,,10.0,17.0,27092.0,1938.0,15.687,singleFamily,452,36042650.0,2025,https://www.zillow.com,https://photos.zillowstatic.com/fp/adeac1290c0448b20476ade24a279451-p_c.jpg,2026-05-25 11:52,For Sale
26696399,5223 Colonial Ave,75215,Dallas,TX,32.744267,-96.759224,240000,145.0,,238900.0,2498.0,4.0,2.0,1656.0,2024.0,7013.16,singleFamily,37,433110.0,2025,https://www.zillow.com,https://photos.zillowstatic.com/fp/1ffb12a24ca85cf9a7cc33cbfa96e1b2-p_c.jpg,2026-05-25 11:52,For Sale
26761249,4902 Wenonah Dr,75209,Dallas,TX,32.84119,-96.827255,2129999,475.0,-20000.0,2072300.0,6803.0,4.0,4.0,4487.0,2025.0,9408.96,singleFamily,139,1115990.0,2025,https://www.zillow.com,https://photos.zillowstatic.com/fp/75a2404c1ecede2049b94b29af88198f-p_c.jpg,2026-05-25 11:52,For Sale
26912414,714 Jalisco Plz,75211,Dallas,TX,32.718307,-96.902885,224995,147.0,-10005.0,222600.0,2340.0,4.0,3.0,1526.0,2001.0,3005.64,singleFamily,29,245910.0,2025,https://www.zillow.com,https://photos.zillowstatic.com/fp/265e49fc37732c5dcee3a45d074e31bb-p_c.jpg,2026-05-25 11:52,For Sale
67961836,4213 Dickason Ave APT 27,75219,Dallas,TX,32.81071,-96.814095,499900,253.0,-25100.0,490200.0,2632.0,2.0,2.0,1974.0,2004.0,1916.64,townhome,17,520000.0,2025,https://www.zillow.com,https://photos.zillowstatic.com/fp/bc84e56e8a665079265c6654f9a1e68e-p_c.jpg,2026-05-25 11:52,For Sale
26893617,7332 Arbor Oaks Dr,75248,Dallas,TX,32.975502,-96.78039,899900,371.0,,869400.0,4829.0,4.0,3.0,2423.0,1977.0,8494.2,singleFamily,3,615080.0,2025,https://www.zillow.com,https://photos.zillowstatic.com/fp/4b8ff7b76d54d89f1e7358010355c1f2-p_c.jpg,2026-05-25 11:52,For Sale
26889450,6432 Barkwood Ln,75248,Dallas,TX,32.969257,-96.79605,699000,242.0,,718500.0,4541.0,4.0,3.0,2885.0,1979.0,8973.36,singleFamily,4,757090.0,2025,https://www.zillow.com,https://photos.zillowstatic.com/fp/3808dbfebfd4b084a79b3cd3a45c9001-p_c.jpg,2026-05-25 11:52,For Sale
53071900,6608 Camille Ave,75252,Dallas,TX,32.9998,-96.789604,749000,290.0,,744400.0,3068.0,3.0,2.0,2582.0,1982.0,8276.4,singleFamily,13,592624.0,2025,https://www.zillow.com,https://photos.zillowstatic.com/fp/a025b1a95ed947a98579a3d32ff51f34-p_c.jpg,2026-05-25 11:52,For Sale
26866798,9605 Crestedge Dr,75238,Dallas,TX,32.878563,-96.72302,775000,320.0,,,,4.0,3.0,2420.0,1966.0,10585.08,singleFamily,3,799050.0,2025,https://www.zillow.com,https://photos.zillowstatic.com/fp/5f6bad4937b28f49edf6ea20304b200a-p_c.jpg,2026-05-25 11:52,For Sale
26707402,6835 Dalhart Ln,75214,Dallas,TX,32.83948,-96.74092,3100000,608.0,,,,5.0,6.0,5100.0,2026.0,9365.4,singleFamily,3,891780.0,2025,https://www.zillow.com,https://photos.zillowstatic.com/fp/01c7ccf9f7526d41a53e06d3e19fe980-p_c.jpg,2026-05-25 11:52,For Sale
26703463,6231 McCommas Blvd,75214,Dallas,TX,32.82956,-96.75874,2275000,450.0,,2181300.0,6734.0,5.0,6.0,5057.0,2025.0,7274.52,singleFamily,12,1162370.0,2025,https://www.zillow.com,https://photos.zillowstatic.com/fp/95b6696b03a62661f10aa33cc60a0c3e-p_c.jpg,2026-05-25 11:52,For Sale
26695843,5451 Merrimac Ave,75206,Dallas,TX,32.827618,-96.77492,965000,488.0,,922900.0,4966.0,3.0,3.0,1976.0,1927.0,7148.196,singleFamily,10,885750.0,2025,https://www.zillow.com,https://photos.zillowstatic.com/fp/53fae295b59629f7e161d2b09dc6da60-p_c.jpg,2026-05-25 11:52,For Sale
26875138,7822 Glenneagle Dr,75248,Dallas,TX,32.97362,-96.7711,789900,252.0,,759900.0,4658.0,4.0,4.0,3130.0,1976.0,10018.8,singleFamily,3,758580.0,2025,https://www.zillow.com,https://photos.zillowstatic.com/fp/6df0b2fba6efdd3b2c16b9f36b0897c2-p_c.jpg,2026-05-25 11:52,For Sale
26730964,6457 Ellsworth Ave,75214,Dallas,TX,32.83385,-96.75039,3799000,752.0,,,,5.0,7.0,5050.0,2026.0,8363.52,singleFamily,3,852600.0,2025,https://www.zillow.com,https://photos.zillowstatic.com/fp/6c0ed2ccaa9612870f782df8f94a0989-p_c.jpg,2026-05-25 11:52,For Sale
96507807,6917 Valley View Ln,75240,Dallas,TX,32.928158,-96.78563,2100000,426.0,835000.0,1992600.0,7788.0,5.0,6.0,4926.0,2017.0,0.5,singleFamily,9,2185220.0,2025,https://www.zillow.com,https://photos.zillowstatic.com/fp/88806e9f4ba605e9b71bb30b38fa35e8-p_c.jpg,2026-05-25 11:52,For Sale
26700999,7142 Shook Ave,75214,Dallas,TX,32.815247,-96.73496,1049000,418.0,,1002400.0,5150.0,3.0,2.0,2508.0,1954.0,9234.72,singleFamily,2,945380.0,2025,https://www.zillow.com,https://photos.zillowstatic.com/fp/176a06f4288d7c23efdf0353c30a2cfc-p_c.jpg,2026-05-25 11:52,For Sale
26702235,7012 Wabash Cir,75214,Dallas,TX,32.824512,-96.738205,2000000,572.0,,1881100.0,6300.0,4.0,4.0,3495.0,1950.0,0.32,singleFamily,3,1560650.0,2025,https://www.zillow.com,https://photos.zillowstatic.com/fp/cbbc2c8d10c493d6980bb11a9c2d1416-p_c.jpg,2026-05-25 11:52,For Sale
26693900,6251 Palo Pinto Ave,75214,Dallas,TX,32.82035,-96.75662,2149000,490.0,,,3249.0,4.0,5.0,4387.0,2026.0,7492.32,singleFamily,2,620580.0,2025,https://www.zillow.com,https://photos.zillowstatic.com/fp/d65972b7f757d8ef17e3ea8c8c775795-p_c.jpg,2026-05-25 11:52,For Sale
26913722,9307 Crimnson Ct,75217,Dallas,TX,32.67138,-96.66515,240000,150.0,,255200.0,2081.0,3.0,2.0,1602.0,1999.0,3689.532,singleFamily,4,275850.0,2025,https://www.zillow.com,https://photos.zillowstatic.com/fp/b7c92f52682c90c5f7c5af4a10c045f4-p_c.jpg,2026-05-25 11:52,For Sale
26758062,10010 Strait Ln,75229,Dallas,TX,32.880985,-96.823845,24999900,1498.0,,22539900.0,31583.0,7.0,11.0,16684.0,2026.0,2.218,singleFamily,84,2767500.0,2025,https://www.zillow.com,https://photos.zillowstatic.com/fp/3896b8ebf7800635ab6f68c5c62ce7b5-p_c.jpg,2026-05-25 11:52,For Sale
26832699,3114 Conroe St,75212,Dallas,TX,32.78004,-96.837616,799000,266.0,,780300.0,4428.0,4.0,3.0,3000.0,2024.0,4791.6,singleFamily,4,762040.0,2025,https://www.zillow.com,https://photos.zillowstatic.com/fp/b90eea67c549ef53a2b6bb11ee62015d-p_c.jpg,2026-05-25 11:52,For Sale
26739822,8902 Diceman Dr,75218,Dallas,TX,32.821663,-96.70596,575000,368.0,,547400.0,3262.0,2.0,2.0,1563.0,1940.0,8903.664,singleFamily,4,541680.0,2025,https://www.zillow.com,https://photos.zillowstatic.com/fp/3600c802d91f5307896ca3b00bd024e8-p_c.jpg,2026-05-25 11:52,For Sale
96505859,515 W Laureland Rd,75232,Dallas,TX,32.675144,-96.829704,515000,204.0,,513100.0,3400.0,5.0,3.0,2520.0,2021.0,0.317,singleFamily,6,457510.0,2025,https://www.zillow.com,https://photos.zillowstatic.com/fp/6b473992175faa2dcfec3b12d0950d01-p_c.jpg,2026-05-25 11:52,For Sale
26825505,5936 Spring Glen Dr,75232,Dallas,TX,32.674526,-96.84193,465000,161.0,-24900.0,457000.0,3324.0,5.0,4.0,2880.0,1965.0,10236.6,singleFamily,52,261350.0,2025,https://www.zillow.com,https://photos.zillowstatic.com/fp/784bf3d76b7a9b40f046b5eb30c7eca8-p_c.jpg,2026-05-25 11:52,For Sale
26786923,544 Kirkwood Dr,75218,Dallas,TX,32.852398,-96.70819,1349000,329.0,,1322500.0,3465.0,5.0,5.0,4102.0,2025.0,8189.28,singleFamily,8,463710.0,2025,https://www.zillow.com,https://photos.zillowstatic.com/fp/7d745d4c026efa46e709677398d257a4-p_c.jpg,2026-05-25 11:52,For Sale
26709754,311 N Windomere Ave,75208,Dallas,TX,32.74772,-96.845665,642000,375.0,,606300.0,2661.0,2.0,1.0,1712.0,1914.0,7187.4,singleFamily,3,632230.0,2025,https://www.zillow.com,https://photos.zillowstatic.com/fp/1e2e6d8323c30490e1272d76ef4e4af5-p_c.jpg,2026-05-25 11:52,For Sale
26752826,7212 Glendora Ave,75230,Dallas,TX,32.885075,-96.779785,1470000,368.0,,1374700.0,7937.0,4.0,5.0,3999.0,1966.0,0.257,singleFamily,1,1172300.0,2025,https://www.zillow.com,https://photos.zillowstatic.com/fp/a9c49a954867f97c19746e73d52007bf-p_c.jpg,2026-05-25 11:52,For Sale
338040684,427 W 10th St #803,75208,Dallas,TX,32.745453,-96.82964,399900,289.0,,,,2.0,3.0,1384.0,2020.0,0.724,condo,37,428390.0,2025,https://www.zillow.com,https://photos.zillowstatic.com/fp/bf7caed6bc67dcfd46397c1f2e3e1a8f-p_c.jpg,2026-05-25 11:52,For Sale
26871972,7105 Tophill Cir,75248,Dallas,TX,32.95112,-96.78529,870000,252.0,,836400.0,6108.0,4.0,3.0,3451.0,1973.0,0.331,singleFamily,2,866340.0,2025,https://www.zillow.com,https://photos.zillowstatic.com/fp/16d5c572045ab10aef0978a5b7c35834-p_c.jpg,2026-05-25 11:52,For Sale
26741582,9938 Losa Dr,75218,Dallas,TX,32.83602,-96.6947,599000,366.0,,570100.0,2713.0,2.0,2.0,1638.0,1948.0,0.342,singleFamily,3,473400.0,2025,https://www.zillow.com,https://photos.zillowstatic.com/fp/681baa6fe4013f7d7b0cf6e36334c9f7-p_c.jpg,2026-05-25 11:52,For Sale
26729208,702 N Hampton Rd,75208,Dallas,TX,32.751076,-96.85641,420000,239.0,,418200.0,2313.0,2.0,2.0,1755.0,1940.0,10497.96,singleFamily,2,421950.0,2025,https://www.zillow.com,https://photos.zillowstatic.com/fp/3895d3578c8fbdf4753b462ef737484c-p_c.jpg,2026-05-25 11:52,For Sale
26707558,6910 Huff Trl,75214,Dallas,TX,32.836407,-96.73795,2140000,506.0,,2004700.0,11405.0,4.0,5.0,4228.0,2012.0,7753.68,singleFamily,3,1728600.0,2025,https://www.zillow.com,https://photos.zillowstatic.com/fp/145865099f3425d44e2dd484e47f90ee-p_c.jpg,2026-05-25 11:52,For Sale
26752293,6943 Prestonshire Ln,75225,Dallas,TX,32.875813,-96.78448,1950000,484.0,,1809900.0,7401.0,4.0,5.0,4031.0,1964.0,0.416,singleFamily,3,1650000.0,2025,https://www.zillow.com,https://photos.zillowstatic.com/fp/65b0bc62f88d73b5a2da44f16ca1c34c-p_c.jpg,2026-05-25 11:52,For Sale
26678921,4725 Swiss Ave,75204,Dallas,TX,32.80015,-96.772545,649000,271.0,,623200.0,3988.0,4.0,3.0,2396.0,1910.0,7013.16,singleFamily,3,486770.0,2025,https://www.zillow.com,https://photos.zillowstatic.com/fp/686121dc4f9f4c716b68bf8106acea2a-p_c.jpg,2026-05-25 11:52,For Sale
26741463,1407 Tranquilla Dr,75218,Dallas,TX,32.832645,-96.696915,1575000,358.0,,800100.0,6619.0,4.0,5.0,4397.0,1945.0,0.381,singleFamily,1,851320.0,2025,https://www.zillow.com,https://photos.zillowstatic.com/fp/2c87bc46295e4e0beb5aee4844761312-p_c.jpg,2026-05-25 11:52,For Sale
462285750,1621 Bannock Ave,75215,Dallas,TX,32.74878,-96.76409,449000,214.0,,444900.0,3136.0,4.0,4.0,2100.0,2026.0,5998.212,singleFamily,16,,,https://www.zillow.com,https://photos.zillowstatic.com/fp/a7867b0886d28d6dafd212024faac89d-p_c.jpg,2026-05-25 11:52,For Sale
26700783,710 Newell Ave,75223,Dallas,TX,32.806065,-96.74113,1125000,474.0,,,,4.0,4.0,2371.0,1926.0,7143.84,singleFamily,6,846250.0,2025,https://www.zillow.com,https://photos.zillowstatic.com/fp/efac3a40174a42ed44b16933bc603327-p_c.jpg,2026-05-25 11:52,For Sale
26701636,6402 Westlake Ave,75214,Dallas,TX,32.821693,-96.7527,1875000,464.0,-74000.0,1839100.0,4260.0,4.0,6.0,4045.0,2026.0,7405.2,singleFamily,11,609450.0,2025,https://www.zillow.com,https://photos.zillowstatic.com/fp/91ca8753a18e07c66ae713f1d24db5ac-p_c.jpg,2026-05-25 11:52,For Sale
26892069,7101 Hardwood Trl,75249,Dallas,TX,32.639503,-96.943886,260000,163.0,,255900.0,2178.0,3.0,2.0,1595.0,1976.0,8319.96,singleFamily,3,243830.0,2025,https://www.zillow.com,https://photos.zillowstatic.com/fp/f769925e94feaf91279b702ebbdebf10-p_c.jpg,2026-05-25 11:52,For Sale
26731440,7615 Morton St,75209,Dallas,TX,32.848873,-96.82399,2300000,501.0,,2232500.0,2178.0,5.0,7.0,4590.0,2026.0,7492.32,singleFamily,24,500000.0,2025,https://www.zillow.com,https://photos.zillowstatic.com/fp/f00ba353361231e34416c6577839be24-p_c.jpg,2026-05-25 11:52,For Sale
26701570,6427 Lakewood Blvd,75214,Dallas,TX,32.818043,-96.751884,1790000,489.0,-35000.0,,,5.0,4.0,3662.0,1925.0,8799.12,singleFamily,16,1320700.0,2025,https://www.zillow.com,https://photos.zillowstatic.com/fp/48e1c5704ef78e182648c47376e7d0d1-p_c.jpg,2026-05-25 11:52,For Sale
26707164,7034 Cornelia Ln,75214,Dallas,TX,32.82831,-96.73753,1600000,493.0,,1662500.0,6110.0,5.0,3.0,3248.0,1952.0,0.3540633608815427,singleFamily,3,1553790.0,2025,https://www.zillow.com,https://photos.zillowstatic.com/fp/f43d3a19a995c8505d59bee35017ba87-p_c.jpg,2026-05-25 11:52,For Sale
26780228,2631 Deep Hill Cir,75233,Dallas,TX,32.691925,-96.861275,399000,176.0,,385200.0,2500.0,4.0,2.0,2270.0,1970.0,0.347,singleFamily,5,207350.0,2025,https://www.zillow.com,https://photos.zillowstatic.com/fp/22a869ac6d42a1718eff40f5f205cf90-p_c.jpg,2026-05-25 11:52,For Sale
26875150,7811 Pencross Ln,75248,Dallas,TX,32.973236,-96.77136,1100000,327.0,,1049600.0,6151.0,4.0,4.0,3366.0,1975.0,0.258,singleFamily,3,841520.0,2025,https://www.zillow.com,https://photos.zillowstatic.com/fp/fc51dd9873e576fca87c40ad63371ae3-p_c.jpg,2026-05-25 11:52,For Sale
26832005,10605 Le Mans Dr,75238,Dallas,TX,32.867672,-96.70387,575000,380.0,,554800.0,3022.0,3.0,2.0,1514.0,1959.0,9670.32,singleFamily,3,510500.0,2025,https://www.zillow.com,https://photos.zillowstatic.com/fp/e2bbc227e717272f58dbfa90d126760c-p_c.jpg,2026-05-25 11:52,For Sale
26868179,7704 Lemmonwood Dr,75231,Dallas,TX,32.88695,-96.73354,649000,305.0,,,,3.0,3.0,2126.0,1977.0,9321.84,singleFamily,2,630580.0,2025,https://www.zillow.com,https://photos.zillowstatic.com/fp/c551071ab61f7edf59d49dd35bf3abd5-p_c.jpg,2026-05-25 11:52,For Sale
26845080,7552 Baxtershire Dr,75230,Dallas,TX,32.90629,-96.774666,4350000,719.0,,4344300.0,7673.0,6.0,6.0,6047.0,1984.0,0.367,singleFamily,9,1642670.0,2025,https://www.zillow.com,https://photos.zillowstatic.com/fp/b301c9263d033b61250d7ef7324b20ca-p_c.jpg,2026-05-25 11:52,For Sale
26854702,9944 Greenfield Dr,75238,Dallas,TX,32.878174,-96.71328,585000,292.0,,,,3.0,3.0,2002.0,1962.0,9147.6,singleFamily,1,572020.0,2025,https://www.zillow.com,https://photos.zillowstatic.com/fp/a3ebd16c9c073472055d8834ff8ee395-p_c.jpg,2026-05-25 11:52,For Sale
69677337,4130 Newton Ave APT F,75219,Dallas,TX,32.81827,-96.80567,250000,207.0,,246600.0,2567.0,1.0,2.0,1208.0,1974.0,9191.16,condo,8,320120.0,2025,https://www.zillow.com,https://photos.zillowstatic.com/fp/c40a6de5799a1cafea5a255068e0d553-p_c.jpg,2026-05-25 11:52,For Sale
26927701,4023 Wycliff Ave APT 204,75219,Dallas,TX,32.819965,-96.807594,275000,187.0,,266400.0,3199.0,3.0,2.0,1470.0,1965.0,0.263,condo,10,330000.0,2025,https://www.zillow.com,https://photos.zillowstatic.com/fp/feafb3b3e33f580f691b017c6d51886a-p_c.jpg,2026-05-25 11:52,For Sale
26682628,1408 S Fitzhugh Ave,75223,Dallas,TX,32.78517,-96.75186,259000,130.0,,,,4.0,2.0,2000.0,1920.0,8712.0,singleFamily,9,293930.0,2025,https://www.zillow.com,https://photos.zillowstatic.com/fp/5da98656373fd00141408a86ecaa6aac-p_c.jpg,2026-05-25 11:52,For Sale
26804373,11484 Strait Ln,75229,Dallas,TX,32.905155,-96.822296,3195000,593.0,,3148800.0,8457.0,5.0,5.0,5390.0,1958.0,0.468,singleFamily,9,2121710.0,2025,https://www.zillow.com,https://photos.zillowstatic.com/fp/f1c073403b7339eb05c2c67e9ee05cea-p_c.jpg,2026-05-25 11:52,For Sale
53070104,7107 Nicki Ct,75252,Dallas,TX,32.99487,-96.78066,975000,327.0,,933800.0,4067.0,4.0,3.0,2981.0,1984.0,0.27,singleFamily,3,909711.0,2025,https://www.zillow.com,https://photos.zillowstatic.com/fp/d175623c0fec4beb0491a8916f688ac1-p_c.jpg,2026-05-25 11:52,For Sale
26915309,6319 Lake Bluff Dr,75249,Dallas,TX,32.645866,-96.96924,445000,167.0,,434700.0,5333.0,4.0,3.0,2662.0,1989.0,8668.44,singleFamily,3,401520.0,2025,https://www.zillow.com,https://photos.zillowstatic.com/fp/14843502ca97761cfa25df5591962e6b-p_c.jpg,2026-05-25 11:52,For Sale
26691115,2515 Southland St,75215,Dallas,TX,32.753834,-96.75776,515500,255.0,,509300.0,2902.0,4.0,3.0,2020.0,2025.0,7666.56,singleFamily,23,76500.0,2025,https://www.zillow.com,https://photos.zillowstatic.com/fp/7b912645228619ef708d18e38ba0642e-p_c.jpg,2026-05-25 11:52,For Sale
96491191,8926 Groveland Dr,75218,Dallas,TX,32.819294,-96.70174,1290000,384.0,,1241500.0,5831.0,4.0,4.0,3358.0,2020.0,7927.92,singleFamily,3,1200000.0,2025,https://www.zillow.com,https://photos.zillowstatic.com/fp/792d7e8de03db681b642985d4ddbb458-p_c.jpg,2026-05-25 11:52,For Sale
26743863,11207 Sinclair Ave,75218,Dallas,TX,32.852913,-96.68689,589000,281.0,,,,3.0,2.0,2095.0,1955.0,9539.64,singleFamily,3,520400.0,2025,https://www.zillow.com,https://photos.zillowstatic.com/fp/06a643f074f6a0351b47df08b7fdc34b-p_c.jpg,2026-05-25 11:52,For Sale
26890433,7711 Turnberry Ln,75248,Dallas,TX,32.98159,-96.77256,1100000,321.0,,1050400.0,3160.0,4.0,4.0,3429.0,1977.0,0.307,singleFamily,3,785000.0,2025,https://www.zillow.com,https://photos.zillowstatic.com/fp/7373e07136f0a827166d840e15b03a0f-p_c.jpg,2026-05-25 11:52,For Sale
26876331,6011 Davenport Rd,75248,Dallas,TX,32.976517,-96.80284,624900,273.0,,603200.0,6107.0,3.0,2.0,2285.0,1977.0,7579.44,singleFamily,2,551370.0,2025,https://www.zillow.com,https://photos.zillowstatic.com/fp/9c685d1d3ed7fcb23e5e6c1bfe5536ad-p_c.jpg,2026-05-25 11:52,For Sale
26815085,6930 Trailcrest Dr,75232,Dallas,TX,32.663933,-96.835464,250000,141.0,,243400.0,2154.0,3.0,2.0,1769.0,1968.0,9278.28,singleFamily,3,235090.0,2025,https://www.zillow.com,https://photos.zillowstatic.com/fp/9ea2f63748165d1e6d43254570324c4a-p_c.jpg,2026-05-25 11:52,For Sale
26832089,8630 Mediterranean Dr,75238,Dallas,TX,32.86656,-96.69689,749000,336.0,,,,4.0,3.0,2228.0,1971.0,0.26930000000000004,singleFamily,3,605870.0,2025,https://www.zillow.com,https://photos.zillowstatic.com/fp/efe12204ec752753c4e00adb44408207-p_c.jpg,2026-05-25 11:52,For Sale
248828051,8121 Ferguson Rd,75228,Dallas,TX,32.80433,-96.71146,475000,153.0,,460200.0,2033.0,6.0,4.0,3098.0,1969.0,10628.64,multiFamily,4,514650.0,2025,https://www.zillow.com,https://photos.zillowstatic.com/fp/ad1b13fecf71156c1981f4d68a558ea5-p_c.jpg,2026-05-25 11:52,For Sale
67961290,2323 Clark St,75204,Dallas,TX,32.79773,-96.79689,749000,429.0,-40500.0,728600.0,3717.0,2.0,3.0,1744.0,2004.0,1001.88,townhome,3,666430.0,2025,https://www.zillow.com,https://photos.zillowstatic.com/fp/96b230fcb45052293545f0fa01596702-p_c.jpg,2026-05-25 11:52,For Sale
26717377,1126 N Windomere Ave,75208,Dallas,TX,32.758278,-96.8436,779000,432.0,-21000.0,,,3.0,2.0,1803.0,1925.0,7492.32,singleFamily,45,696410.0,2025,https://www.zillow.com,https://photos.zillowstatic.com/fp/51ab4b95869147bc69d5fb27f4ec7040-p_c.jpg,2026-05-25 11:52,For Sale
26783462,2639 Custer Dr,75216,Dallas,TX,32.704548,-96.78083,365000,177.0,,363900.0,2842.0,4.0,3.0,2063.0,2026.0,5967.72,singleFamily,17,153000.0,2025,https://www.zillow.com,https://photos.zillowstatic.com/fp/54df37a044799ea0ee1feda8ab1c5bef-p_c.jpg,2026-05-25 11:52,For Sale
26689429,720 Skillman St,75214,Dallas,TX,32.808407,-96.75769,839000,283.0,-34000.0,821900.0,4407.0,4.0,3.0,2960.0,1922.0,7361.64,singleFamily,44,694560.0,2025,https://www.zillow.com,https://photos.zillowstatic.com/fp/dc1e38333f7dc3670f78ef7e7b81c75b-p_c.jpg,2026-05-25 11:52,For Sale
26704652,4241 Somerville Ave,75206,Dallas,TX,32.83801,-96.76272,1699000,411.0,,,2577.0,5.0,5.0,4129.0,2026.0,7596.864,singleFamily,4,562390.0,2025,https://www.zillow.com,https://photos.zillowstatic.com/fp/6554289c2ecd33c0f8d7b654d1ac847c-p_c.jpg,2026-05-25 11:52,For Sale
26746469,10208 Lake Gardens Dr,75218,Dallas,TX,32.843025,-96.697,475000,356.0,,,,2.0,2.0,1335.0,1951.0,0.2555,singleFamily,8,599920.0,2025,https://www.zillow.com,https://photos.zillowstatic.com/fp/c1530a858806604dd4993c3accdfac7c-p_c.jpg,2026-05-25 11:52,For Sale
26731216,7714 Roper St,75209,Dallas,TX,32.850014,-96.82974,1499000,404.0,,1445200.0,7954.0,4.0,3.0,3713.0,2018.0,9626.76,singleFamily,5,1601180.0,2025,https://www.zillow.com,https://photos.zillowstatic.com/fp/b8e117999708a889e9802edf3d4259cc-p_c.jpg,2026-05-25 11:52,For Sale
26684105,5506 Worth St,75214,Dallas,TX,32.803165,-96.760796,525000,378.0,,503900.0,3363.0,3.0,2.0,1389.0,1917.0,7492.32,singleFamily,3,457020.0,2025,https://www.zillow.com,https://photos.zillowstatic.com/fp/69d20393ea682437531e782d96a8383e-p_c.jpg,2026-05-25 11:52,For Sale
26871556,7668 La Cosa Dr,75248,Dallas,TX,32.95931,-96.77595,825000,298.0,,792800.0,4002.0,4.0,3.0,2773.0,1968.0,10628.64,singleFamily,2,779310.0,2025,https://www.zillow.com,https://photos.zillowstatic.com/fp/40c99973b57349be1442853edcceab1d-p_c.jpg,2026-05-25 11:52,For Sale
26933592,4122 Travis St Unit 10,75204,Dallas,TX,32.815697,-96.79403,475000,334.0,,456800.0,2927.0,2.0,3.0,1423.0,1997.0,0.71,condo,4,540740.0,2025,https://www.zillow.com,https://photos.zillowstatic.com/fp/a4676249541d2cadf309652bbf1b526c-p_c.jpg,2026-05-25 11:52,For Sale
26832558,3358 Sylvan Ave,75212,Dallas,TX,32.783466,-96.83545,859000,218.0,,840400.0,3575.0,5.0,6.0,3942.0,2026.0,5575.68,singleFamily,12,297870.0,2025,https://www.zillow.com,https://photos.zillowstatic.com/fp/0469eb43fc539844af2c1d36ae7687b2-p_c.jpg,2026-05-25 11:52,For Sale
26709984,326 S Edgefield Ave,75208,Dallas,TX,32.74221,-96.84384,869000,309.0,,829500.0,4052.0,4.0,3.0,2812.0,1940.0,7492.32,singleFamily,6,717890.0,2025,https://www.zillow.com,https://photos.zillowstatic.com/fp/06993ce64cdf6af2cf8b5f028e795ae5-p_c.jpg,2026-05-25 11:52,For Sale
26890553,7623 Kevin Dr,75248,Dallas,TX,32.983402,-96.7761,895000,321.0,,862000.0,4638.0,4.0,3.0,2790.0,1979.0,10541.52,singleFamily,3,735490.0,2025,https://www.zillow.com,https://photos.zillowstatic.com/fp/1aa96b98a4ca4af9d8bb075b58352e81-p_c.jpg,2026-05-25 11:52,For Sale
96513896,10617 Bridge Hollow Ct,75229,Dallas,TX,32.891716,-96.821815,12900000,880.0,,,,6.0,10.0,14653.0,2018.0,1.442,singleFamily,114,13054400.0,2025,https://www.zillow.com,https://photos.zillowstatic.com/fp/f1ff92924720936e0a69b725c1811b44-p_c.jpg,2026-05-25 11:52,For Sale
26868935,9130 Windcrest Dr,75243,Dallas,TX,32.902435,-96.73587,899900,290.0,,,,4.0,3.0,3105.0,1973.0,9104.04,singleFamily,1,603690.0,2025,https://www.zillow.com,https://photos.zillowstatic.com/fp/c59adf38e35f37ba984dee0cc8eb14f0-p_c.jpg,2026-05-25 11:52,For Sale
462614921,10402-10404 Joaquin Dr,75228,Dallas,TX,32.836983,-96.67156,365000,221.0,,,,4.0,2.0,1650.0,1952.0,0.27,multiFamily,3,,,https://www.zillow.com,https://photos.zillowstatic.com/fp/bd14ffd41597148bc2af29d0acb8c824-p_c.jpg,2026-05-25 11:52,For Sale
26744813,11016 Estacado Dr,75228,Dallas,TX,32.84703,-96.67672,299900,248.0,,,,3.0,2.0,1210.0,1951.0,7361.64,singleFamily,3,312050.0,2025,https://www.zillow.com,https://photos.zillowstatic.com/fp/3ee382133cd855c78253b77e96f026fb-p_c.jpg,2026-05-25 11:52,For Sale
26866582,9565 Dartridge Dr,75238,Dallas,TX,32.883217,-96.72253,975000,397.0,,933300.0,3332.0,4.0,3.0,2453.0,1967.0,9757.44,singleFamily,3,653020.0,2025,https://www.zillow.com,https://photos.zillowstatic.com/fp/d6e75b20e8003f86358d8b2210f1320c-p_c.jpg,2026-05-25 11:52,For Sale
26893721,7001 Kingshollow Dr,75248,Dallas,TX,32.967854,-96.78662,1075000,338.0,,1027000.0,6571.0,4.0,4.0,3181.0,1978.0,0.338,singleFamily,9,942630.0,2025,https://www.zillow.com,https://photos.zillowstatic.com/fp/1a8767bd07ff3f69113b5b573530ff4d-p_c.jpg,2026-05-25 11:52,For Sale
26749347,6405 Glennox Ln,75214,Dallas,TX,32.850258,-96.75257,770000,231.0,,735200.0,5039.0,5.0,4.0,3330.0,1953.0,0.256,singleFamily,9,726710.0,2025,https://www.zillow.com,https://photos.zillowstatic.com/fp/0bfcab816201b5bc6c813d5c582d5252-p_c.jpg,2026-05-25 11:52,For Sale
26790354,3830 Dunhaven Rd,75220,Dallas,TX,32.87126,-96.8516,2099000,454.0,,,,6.0,5.0,4622.0,2026.0,7840.8,singleFamily,3,486000.0,2025,https://www.zillow.com,https://photos.zillowstatic.com/fp/51cd5d623cb3521f4de1f090ef60d5fb-p_c.jpg,2026-05-25 11:52,For Sale
80233389,45 Kennington Ct,75248,Dallas,TX,32.970066,-96.8148,2700000,446.0,,2532700.0,6715.0,4.0,6.0,6059.0,2006.0,0.378,singleFamily,3,2300000.0,2025,https://www.zillow.com,https://photos.zillowstatic.com/fp/114a617df0a92ec7e9cb7fc3c551b58f-p_c.jpg,2026-05-25 11:52,For Sale
26717495,1111 N Winnetka Ave,75208,Dallas,TX,32.757713,-96.840576,775000,321.0,,742800.0,4238.0,3.0,2.0,2416.0,1926.0,7840.8,singleFamily,12,667710.0,2025,https://www.zillow.com,https://photos.zillowstatic.com/fp/d712888b0f95b0776b514ad7c12fdaec-p_c.jpg,2026-05-25 11:52,For Sale
53389844,2218 Ash Grove Way,75228,Dallas,TX,32.811115,-96.70503,669000,287.0,,,,4.0,3.0,2329.0,2001.0,4617.36,singleFamily,17,583460.0,2025,https://www.zillow.com,https://photos.zillowstatic.com/fp/9957113ca0124e7c50f4e4bd6bf57483-p_c.jpg,2026-05-25 11:52,For Sale
26694831,5703 Mercedes Ave,75206,Dallas,TX,32.828243,-96.76997,799000,584.0,-26000.0,779000.0,4000.0,3.0,2.0,1368.0,1924.0,6621.12,singleFamily,10,694550.0,2025,https://www.zillow.com,https://photos.zillowstatic.com/fp/a39147638cdfb000d547d092cedbff61-p_c.jpg,2026-05-25 11:52,For Sale
26787721,3611 Marsh Lane Pl,75220,Dallas,TX,32.87962,-96.85696,575000,229.0,,,,3.0,3.0,2512.0,1953.0,10846.44,singleFamily,47,575000.0,2025,https://www.zillow.com,https://photos.zillowstatic.com/fp/acb7031a247e670b8196f34514758855-p_c.jpg,2026-05-25 11:52,For Sale
55827344,4030 Holland Ave APT 8,75219,Dallas,TX,32.816296,-96.80654,284900,334.0,,273300.0,1994.0,1.0,1.0,852.0,1983.0,8015.04,singleFamily,2,361230.0,2025,https://www.zillow.com,https://photos.zillowstatic.com/fp/dc0bdb29fdb4f0bbabc1661e6259148e-p_c.jpg,2026-05-25 11:52,For Sale
26859033,10819 Lochspring Dr,75218,Dallas,TX,32.860165,-96.69968,1090000,399.0,,1046700.0,4639.0,5.0,3.0,2730.0,1969.0,0.252,singleFamily,6,674270.0,2025,https://www.zillow.com,https://photos.zillowstatic.com/fp/5057cd36d9ab83978c03e7090e69066b-p_c.jpg,2026-05-25 11:52,For Sale
26832901,3311 Rutz St,75212,Dallas,TX,32.782307,-96.84512,369900,158.0,-15100.0,374700.0,3728.0,3.0,3.0,2342.0,2022.0,3615.48,singleFamily,159,627880.0,2025,https://www.zillow.com,https://photos.zillowstatic.com/fp/390daf6a2b2e70f7daab7a12e99c9dc4-p_c.jpg,2026-05-25 11:52,For Sale
26696331,5338 Mercedes Ave,75206,Dallas,TX,32.827965,-96.77797,1699000,429.0,-100000.0,1618400.0,7264.0,5.0,5.0,3963.0,1925.0,7797.24,singleFamily,47,1348140.0,2025,https://www.zillow.com,https://photos.zillowstatic.com/fp/2a01703a452d6fd2b67dead86d744517-p_c.jpg,2026-05-25 11:52,For Sale
26639631,18807 Fortson Ave,75252,Dallas,TX,33.006046,-96.79134,750000,278.0,,734300.0,4356.0,4.0,3.0,2702.0,1986.0,10018.8,singleFamily,2,835631.0,2025,https://www.zillow.com,https://photos.zillowstatic.com/fp/ebe4e6081750f51ffa8c3d2f0de0532f-p_c.jpg,2026-05-25 11:52,For Sale
462559356,1239 N Tillery Ave,75211,Dallas,TX,32.752514,-96.91498,489000,213.0,,,,4.0,3.0,2300.0,2026.0,0.2562,singleFamily,4,,,https://www.zillow.com,https://photos.zillowstatic.com/fp/03db1b945b53589590fa0a2284cab89d-p_c.jpg,2026-05-25 11:52,For Sale
26890890,17209 Graystone Dr,75248,Dallas,TX,32.98536,-96.78063,950000,238.0,,922000.0,6464.0,4.0,5.0,3986.0,1978.0,0.323,singleFamily,46,1000580.0,2025,https://www.zillow.com,https://photos.zillowstatic.com/fp/c920422699520b1904a9f702cf5f83d9-p_c.jpg,2026-05-25 11:52,For Sale
60346601,13329 Southview Ln,75240,Dallas,TX,32.929558,-96.76768,275000,170.0,,,,3.0,2.0,1618.0,1968.0,4878.72,singleFamily,20,242430.0,2025,https://www.zillow.com,https://photos.zillowstatic.com/fp/d3f6a62f58a643135991119e237adf46-p_c.jpg,2026-05-25 11:52,For Sale
26699114,2515 Macon St,75215,Dallas,TX,32.75081,-96.75273,300000,200.0,-5000.0,299200.0,2207.0,3.0,3.0,1500.0,2026.0,3267.0,singleFamily,46,32780.0,2025,https://www.zillow.com,https://photos.zillowstatic.com/fp/68433d24786c5e0ac81731fb4204066f-p_c.jpg,2026-05-25 11:52,For Sale
26750994,6396 Abrams Ct,75231,Dallas,TX,32.86111,-96.74454,389000,263.0,-10000.0,379600.0,2425.0,2.0,2.0,1480.0,1980.0,4094.64,singleFamily,36,376000.0,2025,https://www.zillow.com,https://photos.zillowstatic.com/fp/6579eefe10fe52f79b6704876798de9f-p_c.jpg,2026-05-25 11:52,For Sale
26688240,4323 Metropolitan Ave,75210,Dallas,TX,32.776577,-96.74835,325000,222.0,,322400.0,2013.0,3.0,2.0,1467.0,2026.0,6403.32,singleFamily,11,54260.0,2025,https://www.zillow.com,https://photos.zillowstatic.com/fp/77c07f75b356d552105366e5d465ca9c-p_c.jpg,2026-05-25 11:52,For Sale
84000380,4040 N Hall St APT 304,75219,Dallas,TX,32.812984,-96.81055,355000,296.0,,345700.0,2424.0,2.0,2.0,1201.0,2006.0,0.862,condo,3,360300.0,2025,https://www.zillow.com,https://photos.zillowstatic.com/fp/51dec2d82557a525cd032356f3c83ce7-p_c.jpg,2026-05-25 11:52,For Sale
96513035,1736 Stoneman St,75215,Dallas,TX,32.751503,-96.763565,435000,204.0,,431300.0,2701.0,4.0,3.0,2129.0,2026.0,7884.36,singleFamily,3,67500.0,2025,https://www.zillow.com,https://photos.zillowstatic.com/fp/c31df880033d001520a8b4e36f44988b-p_c.jpg,2026-05-25 11:52,For Sale
26795752,1315 Whitley Dr,75217,Dallas,TX,32.735058,-96.69235,274500,166.0,,271700.0,1624.0,4.0,2.0,1653.0,2022.0,0.28800000000000003,singleFamily,2,206020.0,2025,https://www.zillow.com,https://photos.zillowstatic.com/fp/f64a328b4794980ad3621d437963980f-p_c.jpg,2026-05-25 11:52,For Sale
444242369,8181 Douglas Ave #Penthouse 9-12,75225,Dallas,TX,32.86198,-96.80891,17500000,1228.0,,,,5.0,13.0,14250.0,1982.0,0.4255,condo,22,,,https://www.zillow.com,https://photos.zillowstatic.com/fp/740a8ec79973c1a2fb3483c4cdf6d421-p_c.jpg,2026-05-25 11:52,For Sale
462629615,7921-7923 Habersham Ln,75248,Dallas,TX,32.95427,-96.77023,565000,152.0,,,,6.0,6.0,3712.0,1965.0,0.252,multiFamily,2,,,https://www.zillow.com,https://photos.zillowstatic.com/fp/59889fa7a5fb58e85983123c460ba009-p_c.jpg,2026-05-25 11:52,For Sale
26733671,5414 W University Blvd,75209,Dallas,TX,32.84496,-96.81834,1795000,690.0,,,,3.0,3.0,2602.0,1951.0,0.277,singleFamily,11,1330000.0,2025,https://www.zillow.com,https://photos.zillowstatic.com/fp/430ea2b68febf2d21d0cfe94e317755f-p_c.jpg,2026-05-25 11:52,For Sale
26880699,4359 Shady Bend Dr,75244,Dallas,TX,32.917522,-96.83576,1450000,414.0,,,,5.0,4.0,3500.0,1970.0,0.29500000000000004,singleFamily,1,1021160.0,2025,https://www.zillow.com,https://photos.zillowstatic.com/fp/f4ddaba83d4bb7e2a8360fb1e495c36c-p_c.jpg,2026-05-25 11:52,For Sale
26810811,3140 Kinkaid Dr,75220,Dallas,TX,32.87723,-96.8719,549000,213.0,,532000.0,4216.0,4.0,3.0,2580.0,1974.0,8045.532,singleFamily,44,499200.0,2025,https://www.zillow.com,https://photos.zillowstatic.com/fp/9001bba461cb8d933275384b1085c8f8-p_c.jpg,2026-05-25 11:52,For Sale
26826080,2147 Oak Valley Ln,75232,Dallas,TX,32.67757,-96.854,245000,113.0,,237000.0,2690.0,3.0,3.0,2162.0,1967.0,10018.8,singleFamily,4,299390.0,2025,https://www.zillow.com,https://photos.zillowstatic.com/fp/3d55589403fe592d9d183e9fb0644e22-p_c.jpg,2026-05-25 11:52,For Sale
96507257,3231 Fairview Ave,75223,Dallas,TX,32.78969,-96.73935,348000,218.0,,344300.0,2618.0,4.0,2.0,1600.0,2023.0,7492.32,singleFamily,38,306830.0,2025,https://www.zillow.com,https://photos.zillowstatic.com/fp/c5ec89f37caa22067edfafa6e023aa7e-p_c.jpg,2026-05-25 11:52,For Sale
462647506,3440 Crossman Ave,75212,Dallas,TX,32.78465,-96.84104,869000,228.0,,,,4.0,4.0,3814.0,2026.0,0.73,singleFamily,1,,,https://www.zillow.com,https://photos.zillowstatic.com/fp/cf1e450c6623eead9c93d4a9069b5c54-p_c.jpg,2026-05-25 11:52,For Sale
26750173,6723 Santa Anita Dr,75214,Dallas,TX,32.849342,-96.74358,515000,405.0,,493100.0,3192.0,3.0,2.0,1272.0,1954.0,7405.2,singleFamily,2,514190.0,2025,https://www.zillow.com,https://photos.zillowstatic.com/fp/ada1a7e157143dc09e76fe52f38a9510-p_c.jpg,2026-05-25 11:52,For Sale
61870889,4009 W Lawther Dr,75214,Dallas,TX,32.83578,-96.726906,14950000,1422.0,-5000000.0,,98808.0,5.0,9.0,10511.0,1929.0,10.0,singleFamily,304,19789180.0,2025,https://www.zillow.com,https://photos.zillowstatic.com/fp/daf9c65b69a1a24e426bfd54792ac881-p_c.jpg,2026-05-25 11:52,For Sale
26747033,9427 Hobart St,75218,Dallas,TX,32.844303,-96.7132,1039000,400.0,,991700.0,6357.0,4.0,4.0,2598.0,1947.0,7710.12,singleFamily,4,529810.0,2025,https://www.zillow.com,https://photos.zillowstatic.com/fp/a4cddc15d5a2b5257a02b8a89c039eb1-p_c.jpg,2026-05-25 11:52,For Sale
26851496,6766 Northaven Rd,75230,Dallas,TX,32.900932,-96.78869,4395000,991.0,-38000.0,4151300.0,7634.0,5.0,5.0,4437.0,2019.0,0.942,singleFamily,74,5337960.0,2025,https://www.zillow.com,https://photos.zillowstatic.com/fp/64615944d74097be165d31e4e91973d7-p_c.jpg,2026-05-25 11:52,For Sale
53096009,6970 Aspen Creek Ln,75252,Dallas,TX,32.99894,-96.78269,530000,243.0,,514500.0,2751.0,3.0,2.0,2181.0,1996.0,4356.0,singleFamily,2,536238.0,2025,https://www.zillow.com,https://photos.zillowstatic.com/fp/9e78d19983f59aa6f91c5244c247f37a-p_c.jpg,2026-05-25 11:52,For Sale
26735126,5622 W Amherst Ave,75209,Dallas,TX,32.851948,-96.816536,2795000,585.0,,,,5.0,7.0,4780.0,2026.0,7361.64,singleFamily,1,833600.0,2025,https://www.zillow.com,https://photos.zillowstatic.com/fp/d92874c2c03f81186952311f35e0e49e-p_c.jpg,2026-05-25 11:52,For Sale
26856019,8927 Beckleyview Ave,75232,Dallas,TX,32.639076,-96.83289,249999,122.0,,248800.0,2537.0,4.0,3.0,2048.0,1940.0,0.44599999999999995,singleFamily,8,284010.0,2025,https://www.zillow.com,https://photos.zillowstatic.com/fp/77a01c7bb865f452ed51b623053649f1-p_c.jpg,2026-05-25 11:52,For Sale
26706269,3932 Frontier Ln,75214,Dallas,TX,32.834957,-96.74076,1920000,465.0,-5000.0,1877900.0,7889.0,5.0,6.0,4129.0,2015.0,0.262,singleFamily,107,2405930.0,2025,https://www.zillow.com,https://photos.zillowstatic.com/fp/de7d5df67c5a4f73a9332dfe08caadb9-p_c.jpg,2026-05-25 11:52,For Sale
53071555,4124 Firebrick Ln,75287,Dallas,TX,32.998688,-96.8387,499900,218.0,,495500.0,3048.0,4.0,2.0,2288.0,1985.0,9583.2,singleFamily,10,487300.0,2025,https://www.zillow.com,https://photos.zillowstatic.com/fp/41876f1a1da55a2244ba1773d6059831-p_c.jpg,2026-05-25 11:52,For Sale
96491282,1617 Marburg St,75215,Dallas,TX,32.749462,-96.76521,347999,217.0,,,1237.0,3.0,2.0,1600.0,2026.0,7492.32,singleFamily,2,67500.0,2025,https://www.zillow.com,https://photos.zillowstatic.com/fp/98d1129c00289ccac79bbb49f15431cf-p_c.jpg,2026-05-25 11:52,For Sale
96509247,1942 McBroom St,75212,Dallas,TX,32.782383,-96.85211,519000,252.0,,504500.0,3249.0,4.0,3.0,2058.0,2020.0,5662.8,singleFamily,2,519400.0,2025,https://www.zillow.com,https://photos.zillowstatic.com/fp/81543ca93c19496949187d7589bb8092-p_c.jpg,2026-05-25 11:52,For Sale
26746587,1049 Forestgrove Dr,75218,Dallas,TX,32.846146,-96.695045,774900,298.0,,,3638.0,3.0,3.0,2600.0,1969.0,0.36845730027548207,singleFamily,7,700090.0,2025,https://www.zillow.com,https://photos.zillowstatic.com/fp/9c64937dcdad14145c64c2d6e0fb72ee-p_c.jpg,2026-05-25 11:52,For Sale
26807533,3506 Regent Dr,75229,Dallas,TX,32.89391,-96.8621,899000,342.0,,857700.0,4268.0,4.0,3.0,2626.0,1957.0,0.26599999999999996,singleFamily,2,700000.0,2025,https://www.zillow.com,https://photos.zillowstatic.com/fp/cf1de960ada670b41a5d5be4b0fef8d6-p_c.jpg,2026-05-25 11:52,For Sale
83997881,3003 Douglas Ave Unit 29,75219,Dallas,TX,32.812263,-96.814026,425000,268.0,,414500.0,2762.0,2.0,3.0,1587.0,2006.0,0.398,condo,2,419000.0,2025,https://www.zillow.com,https://photos.zillowstatic.com/fp/bdf11b28e1813a5797cc47a3c8e6796c-p_c.jpg,2026-05-25 11:52,For Sale
162815917,12851 Kyla Jean Ct,75253,Dallas,TX,32.69735,-96.6007,269500,186.0,,262000.0,2091.0,3.0,2.0,1450.0,2017.0,10018.8,singleFamily,4,270670.0,2025,https://www.zillow.com,https://photos.zillowstatic.com/fp/81e5e5964e06a1964f52f09fe86a3805-p_c.jpg,2026-05-25 11:52,For Sale
26790296,3867 Van Ness Ln,75220,Dallas,TX,32.872784,-96.84889,1799999,456.0,,1709700.0,7983.0,4.0,6.0,3951.0,2017.0,9801.0,singleFamily,4,1431080.0,2025,https://www.zillow.com,https://photos.zillowstatic.com/fp/292b844e2106463306f5140af96570f3-p_c.jpg,2026-05-25 11:52,For Sale
26700656,7011 Hammond Ave,75223,Dallas,TX,32.806015,-96.73771,569000,399.0,,539600.0,2765.0,2.0,2.0,1427.0,1938.0,7148.196,singleFamily,4,455000.0,2025,https://www.zillow.com,https://photos.zillowstatic.com/fp/65a5fe63de83c227179651f98a34e8c0-p_c.jpg,2026-05-25 11:52,For Sale
26756970,10920 Strait Ln,75229,Dallas,TX,32.898327,-96.82428,9999999,892.0,,9355300.0,7133.0,6.0,10.0,11211.0,2025.0,0.721,singleFamily,25,9362840.0,2025,https://www.zillow.com,https://photos.zillowstatic.com/fp/20d0cf0eb60450b125fba124e6413651-p_c.jpg,2026-05-25 11:52,For Sale
26789742,3765 Durango Dr,75220,Dallas,TX,32.86744,-96.85334,1775000,355.0,,1758000.0,3785.0,5.0,7.0,5000.0,2026.0,8712.0,singleFamily,9,416800.0,2025,https://www.zillow.com,https://photos.zillowstatic.com/fp/4398813d55bf389607f6b2bb14661933-p_c.jpg,2026-05-25 11:52,For Sale
96510174,2642 Durham Dr,75241,Dallas,TX,32.67861,-96.77687,379000,235.0,,,,3.0,2.0,1616.0,2026.0,6054.84,singleFamily,3,65000.0,2025,https://www.zillow.com,https://photos.zillowstatic.com/fp/202a9a6d0eada05e2ce8634d633de0bd-p_c.jpg,2026-05-25 11:52,For Sale
26882402,9743 Burney Dr,75243,Dallas,TX,32.921043,-96.71986,599000,212.0,-20000.0,589000.0,3401.0,4.0,3.0,2823.0,1979.0,9365.4,singleFamily,48,429690.0,2025,https://www.zillow.com,https://photos.zillowstatic.com/fp/84084705eca423e1497affe45ebb8755-p_c.jpg,2026-05-25 11:52,For Sale
53389999,12010 Lueders Ln,75230,Dallas,TX,32.913162,-96.778625,1450000,405.0,,1383600.0,6178.0,4.0,4.0,3579.0,2000.0,3615.48,singleFamily,3,1564960.0,2025,https://www.zillow.com,https://photos.zillowstatic.com/fp/38b02ade7801823a9b014dd71436ed44-p_c.jpg,2026-05-25 11:52,For Sale
26786736,429 Parkhurst Dr,75218,Dallas,TX,32.85364,-96.71174,645000,359.0,,625700.0,2758.0,3.0,2.0,1798.0,1951.0,9234.72,singleFamily,3,528490.0,2025,https://www.zillow.com,https://photos.zillowstatic.com/fp/608e37bd276ac6e8894deed536b03c3f-p_c.jpg,2026-05-25 11:52,For Sale
26890716,6409 Norbury Dr,75248,Dallas,TX,32.985207,-96.79068,725000,253.0,,700500.0,4419.0,5.0,3.0,2864.0,1978.0,10802.88,singleFamily,2,642020.0,2025,https://www.zillow.com,https://photos.zillowstatic.com/fp/41661a58e1d13917c3ad6a2bc41dba9f-p_c.jpg,2026-05-25 11:52,For Sale
26749673,7318 Rutgers Dr,75214,Dallas,TX,32.849133,-96.73892,729000,440.0,,707500.0,3662.0,3.0,2.0,1655.0,1960.0,7492.32,singleFamily,8,735000.0,2025,https://www.zillow.com,https://photos.zillowstatic.com/fp/30eb9776bbd642f486eb316b18acb0e7-p_c.jpg,2026-05-25 11:52,For Sale
26728758,404 W Greenbriar Ln,75208,Dallas,TX,32.761883,-96.82776,1875000,541.0,,1752400.0,7454.0,3.0,4.0,3469.0,1955.0,0.58,singleFamily,9,1465780.0,2025,https://www.zillow.com,https://photos.zillowstatic.com/fp/1f1ad3593e40520e8f34de308ad6e351-p_c.jpg,2026-05-25 11:52,For Sale
26898319,3719 Douglas Ave,75219,Dallas,TX,32.817707,-96.80801,725000,338.0,,704300.0,4368.0,3.0,3.0,2144.0,1996.0,3484.8,singleFamily,9,804640.0,2025,https://www.zillow.com,https://photos.zillowstatic.com/fp/1a7993950dc9a1e36b3b10d0d0361ffd-p_c.jpg,2026-05-25 11:52,For Sale
162814851,1717 Annex Ave Unit 201,75204,Dallas,TX,32.80431,-96.77992,605000,244.0,,586300.0,4215.0,3.0,4.0,2479.0,2015.0,1.83,condo,1,598220.0,2025,https://www.zillow.com,https://photos.zillowstatic.com/fp/8af7f6b7eb845f23a405715498be5ebe-p_c.jpg,2026-05-25 11:52,For Sale
96517489,3248 Potters House Way,75236,Dallas,TX,32.697968,-96.94724,499000,163.0,,487800.0,3810.0,4.0,3.0,3068.0,2012.0,9583.2,singleFamily,16,519970.0,2025,https://www.zillow.com,https://photos.zillowstatic.com/fp/e868168e889cd3bafbe2b82d5a59e309-p_c.jpg,2026-05-25 11:52,For Sale
26689862,5838 Belmont Ave,75206,Dallas,TX,32.816956,-96.76637,749000,326.0,-50000.0,730900.0,5905.0,4.0,3.0,2300.0,1926.0,10062.36,singleFamily,30,630000.0,2025,https://www.zillow.com,https://photos.zillowstatic.com/fp/dba5dd19851cce78938c0ee9a46c67b9-p_c.jpg,2026-05-25 11:52,For Sale
26776312,4971 Brigadoon Ln,75216,Dallas,TX,32.684513,-96.81735,230000,126.0,,222700.0,2181.0,3.0,3.0,1822.0,1958.0,7405.2,singleFamily,4,236450.0,2025,https://www.zillow.com,https://photos.zillowstatic.com/fp/29bf9259811d76accad8b7d390b5623b-p_c.jpg,2026-05-25 11:52,For Sale
96489972,1239 E Woodin Blvd,75216,Dallas,TX,32.722984,-96.80619,309000,202.0,,304800.0,2216.0,3.0,2.0,1530.0,2019.0,7100.28,singleFamily,2,290620.0,2025,https://www.zillow.com,https://photos.zillowstatic.com/fp/d447a2473f2f72de31a1fb3c35621e9b-p_c.jpg,2026-05-25 11:52,For Sale
26760154,5730 W Amherst Ave,75209,Dallas,TX,32.85191,-96.81404,1350000,465.0,-95000.0,,,2.0,2.0,2902.0,2008.0,7501.032,singleFamily,131,1637580.0,2025,https://www.zillow.com,https://photos.zillowstatic.com/fp/ebf968f2d3a313d281e2b6eded602615-p_c.jpg,2026-05-25 11:52,For Sale
26790634,9866 Mixon Dr,75220,Dallas,TX,32.8754,-96.85215,2175000,420.0,,2104700.0,2620.0,6.0,7.0,5184.0,2026.0,8145.72,singleFamily,2,498910.0,2025,https://www.zillow.com,https://photos.zillowstatic.com/fp/8587efde936241caf17472a261ba2aca-p_c.jpg,2026-05-25 11:52,For Sale
333140526,5531 Walnut Hill Ln,75229,Dallas,TX,32.88134,-96.81123,15995000,1333.0,,14840600.0,44765.0,5.0,9.0,11997.0,2025.0,1.935,singleFamily,76,9628680.0,2025,https://www.zillow.com,https://photos.zillowstatic.com/fp/b66ba1ba3e875d4f7420766b86704a95-p_c.jpg,2026-05-25 11:52,For Sale
26609014,4120 W Creek Ct,75287,Dallas,TX,33.002167,-96.83776,599000,310.0,,585600.0,2982.0,3.0,3.0,1930.0,1984.0,8276.4,singleFamily,2,564849.0,2025,https://www.zillow.com,https://photos.zillowstatic.com/fp/2f9bccd5e74f4671dec5e9ca6a59ddb4-p_c.jpg,2026-05-25 11:52,For Sale
26758368,4347 Bonham St,75229,Dallas,TX,32.88877,-96.83458,1525000,486.0,,1462200.0,7933.0,3.0,5.0,3141.0,2020.0,6751.8,singleFamily,10,1160000.0,2025,https://www.zillow.com,https://photos.zillowstatic.com/fp/6293bdc71d30315b4c21ad9f99699f99-p_c.jpg,2026-05-25 11:52,For Sale
26706818,6413 Westlake Ave,75214,Dallas,TX,32.82222,-96.752235,1695000,552.0,,1614900.0,6126.0,4.0,4.0,3068.0,1972.0,8842.68,singleFamily,10,1410000.0,2025,https://www.zillow.com,https://photos.zillowstatic.com/fp/cea2c3f17f2363b03daba86593c358be-p_c.jpg,2026-05-25 11:52,For Sale
26808763,10930 Beauty Ln,75229,Dallas,TX,32.897224,-96.86428,1649000,401.0,,1629400.0,7360.0,5.0,6.0,4114.0,2025.0,10062.36,singleFamily,12,1598620.0,2025,https://www.zillow.com,https://photos.zillowstatic.com/fp/4f82a961b68f328def19d08cdb9e0e53-p_c.jpg,2026-05-25 11:52,For Sale
26806508,10564 Cox Ln,75229,Dallas,TX,32.891514,-96.85379,1575000,534.0,-74500.0,,,4.0,4.0,2950.0,1972.0,0.3,singleFamily,27,1114010.0,2025,https://www.zillow.com,https://photos.zillowstatic.com/fp/de4537e5f538d17873bebb37d3014d57-p_c.jpg,2026-05-25 11:52,For Sale
26707377,6829 Santa Maria Ln,75214,Dallas,TX,32.83995,-96.74181,1150000,549.0,,1079300.0,5477.0,3.0,3.0,2096.0,1963.0,8973.36,singleFamily,10,841500.0,2025,https://www.zillow.com,https://photos.zillowstatic.com/fp/e777a5df647476da480c1ed0b5ce0c23-p_c.jpg,2026-05-25 11:52,For Sale
26912582,8430 Brittania Way,75243,Dallas,TX,32.895706,-96.72618,330000,250.0,,320700.0,2136.0,2.0,2.0,1318.0,1982.0,2613.6,townhome,3,308680.0,2025,https://www.zillow.com,https://photos.zillowstatic.com/fp/48d20b9ea96d39abe49d3b3b50b9cf58-p_c.jpg,2026-05-25 11:52,For Sale
26872780,6626 Harvest Glen Dr,75248,Dallas,TX,32.950302,-96.79587,1075000,334.0,,1031300.0,6122.0,4.0,4.0,3222.0,1977.0,0.344,singleFamily,6,1054580.0,2025,https://www.zillow.com,https://photos.zillowstatic.com/fp/84db64a49937ba87320ec7cf056a8526-p_c.jpg,2026-05-25 11:52,For Sale
162372942,6610 Southpoint Dr,75248,Dallas,TX,32.977703,-96.79332,1275000,339.0,-63750.0,1225200.0,5504.0,4.0,4.0,3765.0,1973.0,9539.64,singleFamily,1,962490.0,2025,https://www.zillow.com,https://photos.zillowstatic.com/fp/06736db26fb754663e82d8bc5b2e7fe7-p_c.jpg,2026-05-25 11:52,For Sale
26876653,17214 Club Hill Dr,75248,Dallas,TX,32.98387,-96.814285,6999000,781.0,-296000.0,,,5.0,7.0,8964.0,1982.0,9234.72,singleFamily,45,4747970.0,2025,https://www.zillow.com,https://photos.zillowstatic.com/fp/5f5b8ed2c8c6df84539b3325cf678bd5-p_c.jpg,2026-05-25 11:52,For Sale
26911421,6911 Forest Glen Blvd,75230,Dallas,TX,32.9135,-96.78559,2400000,391.0,,,,4.0,6.0,6135.0,1998.0,7492.32,singleFamily,4,2106820.0,2025,https://www.zillow.com,https://photos.zillowstatic.com/fp/a66ad3ba48690be51b5b95a89d33d283-p_c.jpg,2026-05-25 11:52,For Sale
26931753,9827 Walnut St #210,75243,Dallas,TX,32.922752,-96.713715,59000,57.0,-10000.0,55400.0,1543.0,2.0,2.0,1031.0,1983.0,8.8143,condo,163,113410.0,2025,https://www.zillow.com,https://photos.zillowstatic.com/fp/2d53b4ef5d251f8ca2b79eccfe93777a-p_c.jpg,2026-05-25 11:52,For Sale
26689484,712 Lipscomb Ave,75214,Dallas,TX,32.810173,-96.75494,875000,313.0,,841300.0,4082.0,4.0,2.0,2796.0,1924.0,8407.08,singleFamily,23,677050.0,2025,https://www.zillow.com,https://photos.zillowstatic.com/fp/52292bdbe1ed84998fa4bc4127516e6c-p_c.jpg,2026-05-25 11:52,For Sale
67957327,5850 Foxglove Ln,75249,Dallas,TX,32.65416,-96.969734,365000,155.0,,357300.0,2980.0,4.0,3.0,2348.0,2003.0,8450.0,singleFamily,1,351310.0,2025,https://www.zillow.com,https://photos.zillowstatic.com/fp/38f02aaedbbc35cb129320b1203fd551-p_c.jpg,2026-05-25 11:52,For Sale
96503780,3711 Metropolitan Ave,75210,Dallas,TX,32.77181,-96.753624,325000,222.0,,323300.0,1794.0,3.0,2.0,1467.0,2026.0,6141.96,singleFamily,4,52050.0,2025,https://www.zillow.com,https://photos.zillowstatic.com/fp/57f657684e7f45dcc7e4c0fd413fab21-p_c.jpg,2026-05-25 11:52,For Sale
26734267,4405 Wildwood Rd,75209,Dallas,TX,32.855816,-96.83644,6750000,956.0,,6384000.0,5159.0,6.0,9.0,7061.0,2026.0,0.4234,singleFamily,2,1254260.0,2025,https://www.zillow.com,https://photos.zillowstatic.com/fp/40dd81399133143cc4c573bb2d87afb8-p_c.jpg,2026-05-25 11:52,For Sale
26748569,6126 Highgate Ln,75214,Dallas,TX,32.849133,-96.7593,849000,359.0,-16000.0,820800.0,4431.0,3.0,2.0,2368.0,1971.0,8929.8,singleFamily,11,781060.0,2025,https://www.zillow.com,https://photos.zillowstatic.com/fp/994500028e5426b4ff15e03378e0967b-p_c.jpg,2026-05-25 11:52,For Sale
26754803,6730 Park Ln,75225,Dallas,TX,32.87319,-96.78844,3990000,670.0,,3756300.0,7900.0,5.0,6.0,5957.0,2022.0,10149.48,singleFamily,8,3013410.0,2025,https://www.zillow.com,https://photos.zillowstatic.com/fp/875315a2207df0593df0c197d4830497-p_c.jpg,2026-05-25 11:52,For Sale
26712038,322 S Brighton Ave,75208,Dallas,TX,32.742313,-96.84996,489000,284.0,-10000.0,479200.0,2800.0,3.0,2.0,1724.0,1917.0,6969.6,singleFamily,53,445930.0,2025,https://www.zillow.com,https://photos.zillowstatic.com/fp/0d1ba37aada5ccbb7a6347766daf949f-p_c.jpg,2026-05-25 11:52,For Sale
26729241,1518 Oak Knoll St,75208,Dallas,TX,32.762928,-96.83254,1450000,456.0,,1376700.0,6400.0,4.0,4.0,3180.0,1948.0,0.29200000000000004,singleFamily,5,1895320.0,2025,https://www.zillow.com,https://photos.zillowstatic.com/fp/715b84f148faaa5b605c4b5066ca23fe-p_c.jpg,2026-05-25 11:52,For Sale
67961725,2111 Clark St APT H,75204,Dallas,TX,32.795803,-96.79481,549000,261.0,,534700.0,3541.0,2.0,3.0,2100.0,2003.0,1219.68,townhome,11,545320.0,2025,https://www.zillow.com,https://photos.zillowstatic.com/fp/d5b9a625342d3fb32f0b514efda335b8-p_c.jpg,2026-05-25 11:52,For Sale
26687101,2611 Pine St,75215,Dallas,TX,32.757877,-96.75923,109900,85.0,-10000.0,,1694.0,3.0,1.0,1296.0,1928.0,4878.72,singleFamily,37,135000.0,2025,https://www.zillow.com,https://photos.zillowstatic.com/fp/7dc48d84bfdc431748eb6181ebfce814-p_c.jpg,2026-05-25 11:52,For Sale
26866190,11102 Ferndale Rd,75238,Dallas,TX,32.8928,-96.718124,619900,214.0,,594500.0,5442.0,4.0,3.0,2894.0,1954.0,9583.2,singleFamily,10,680000.0,2025,https://www.zillow.com,https://photos.zillowstatic.com/fp/eee46ae51bbee9ae9b250543ff5cdcf1-p_c.jpg,2026-05-25 11:52,For Sale
26707255,7004 Irongate Ln,75214,Dallas,TX,32.83149,-96.739624,2899995,546.0,,,,5.0,6.0,5315.0,2026.0,9321.84,singleFamily,4,1429650.0,2025,https://www.zillow.com,https://photos.zillowstatic.com/fp/480dfb8b5cae829512441b8150b5693e-p_c.jpg,2026-05-25 11:52,For Sale
26803908,5308 Del Roy Dr,75229,Dallas,TX,32.90522,-96.81663,2095000,453.0,,,,4.0,5.0,4627.0,2000.0,0.366,singleFamily,4,1552710.0,2025,https://www.zillow.com,https://photos.zillowstatic.com/fp/dafe06753d2c24aae6ce9f0d255f9c57-p_c.jpg,2026-05-25 11:52,For Sale
26815380,7214 Woodspan Dr,75232,Dallas,TX,32.66044,-96.83162,239000,199.0,,235400.0,1623.0,4.0,2.0,1200.0,1956.0,7710.12,singleFamily,2,182790.0,2025,https://www.zillow.com,https://photos.zillowstatic.com/fp/97f1bfea144620b2eb9b71e52d401538-p_c.jpg,2026-05-25 11:52,For Sale
26883809,2804 Sharpview Ln,75228,Dallas,TX,32.79582,-96.70377,450000,231.0,,,,3.0,2.0,1944.0,1963.0,9278.28,singleFamily,2,450000.0,2025,https://www.zillow.com,https://photos.zillowstatic.com/fp/e4206bcd1393ec970e6f9f9b0056541c-p_c.jpg,2026-05-25 11:52,For Sale
442317855,6422 Bordeaux Ave,75209,Dallas,TX,32.835037,-96.825096,270000,262.0,,268100.0,1935.0,2.0,2.0,1029.0,1951.0,14.92,condo,10,,,https://www.zillow.com,https://photos.zillowstatic.com/fp/841666be5f1e05a4d726a061804d039c-p_c.jpg,2026-05-25 11:52,For Sale
26851369,11231 McCree Rd,75238,Dallas,TX,32.873287,-96.68808,629900,250.0,,604600.0,2645.0,3.0,2.0,2516.0,1971.0,0.375,singleFamily,4,490000.0,2025,https://www.zillow.com,https://photos.zillowstatic.com/fp/e7d38c84764b4c6e54f3d68f0389f4a3-p_c.jpg,2026-05-25 11:52,For Sale
26703221,6203 Ellsworth Ave,75214,Dallas,TX,32.83413,-96.75809,2150000,493.0,,2079900.0,2555.0,4.0,5.0,4363.0,2026.0,9496.08,singleFamily,4,735000.0,2025,https://www.zillow.com,https://photos.zillowstatic.com/fp/6bffcb2919eb2e79fe63ad894fb3332a-p_c.jpg,2026-05-25 11:52,For Sale
26759674,9525 Alva Ct,75220,Dallas,TX,32.87314,-96.81626,9900000,897.0,,9617100.0,7728.0,6.0,9.0,11037.0,2002.0,0.844,singleFamily,6,7000000.0,2025,https://www.zillow.com,https://photos.zillowstatic.com/fp/1af6a1b29c22fa9d3cf7f5391b89367d-p_c.jpg,2026-05-25 11:52,For Sale
80218146,2950 McKinney Ave APT 410,75204,Dallas,TX,32.800648,-96.80015,350000,341.0,,336400.0,2608.0,1.0,2.0,1025.0,2006.0,1.505,condo,4,369000.0,2025,https://www.zillow.com,https://photos.zillowstatic.com/fp/2e83db2b52e8dd751bdf2af2efa5e589-p_c.jpg,2026-05-25 11:52,For Sale
26755002,6452 Walnut Hill Ln,75230,Dallas,TX,32.87963,-96.79444,3199999,429.0,-150000.0,3085400.0,7547.0,5.0,7.0,7461.0,2026.0,0.3686,singleFamily,17,630200.0,2025,https://www.zillow.com,https://photos.zillowstatic.com/fp/e78226840dd153c74d6be5976284603d-p_c.jpg,2026-05-25 11:52,For Sale
26804737,4441 Hockaday Dr,75229,Dallas,TX,32.907413,-96.8328,2049000,453.0,-150000.0,1937600.0,7210.0,5.0,6.0,4521.0,1961.0,0.372,singleFamily,62,1772350.0,2025,https://www.zillow.com,https://photos.zillowstatic.com/fp/3397c40fce1175219bf48b82672b053b-p_c.jpg,2026-05-25 11:52,For Sale
26757939,5214 Royal Ln,75229,Dallas,TX,32.89423,-96.81772,10995000,992.0,,10135900.0,2604.0,5.0,8.0,11081.0,2017.0,1.785,singleFamily,23,7303740.0,2025,https://www.zillow.com,https://photos.zillowstatic.com/fp/cb56097d67c82b550b194c5e17cdb825-p_c.jpg,2026-05-25 11:52,For Sale
96526855,6522 Portside Ridge Ln,75249,Dallas,TX,32.64607,-96.97232,359900,148.0,,354400.0,3065.0,3.0,3.0,2428.0,2009.0,5401.44,singleFamily,4,399870.0,2025,https://www.zillow.com,https://photos.zillowstatic.com/fp/a0b4d1f10814713b65c37bd41291aab8-p_c.jpg,2026-05-25 11:52,For Sale
96514370,2418 Merlin St,75215,Dallas,TX,32.77463,-96.77442,299900,180.0,14900.0,290300.0,2573.0,3.0,3.0,1669.0,2025.0,,singleFamily,310,90000.0,2025,https://www.zillow.com,https://photos.zillowstatic.com/fp/91b90021b7264137b0710455580e2b4f-p_c.jpg,2026-05-25 11:52,For Sale
26754483,6523 Northwood Rd,75225,Dallas,TX,32.869873,-96.792564,2750000,562.0,,,,4.0,6.0,4892.0,2017.0,0.257,singleFamily,5,2519350.0,2025,https://www.zillow.com,https://photos.zillowstatic.com/fp/f1cf59720a31de74451b4c9ef514cdfe-p_c.jpg,2026-05-25 11:52,For Sale
26827268,3549 Rio Grande Cir,75233,Dallas,TX,32.699978,-96.881874,199900,104.0,-20000.0,,2554.0,3.0,2.0,1923.0,1968.0,10541.52,singleFamily,244,259730.0,2025,https://www.zillow.com,https://photos.zillowstatic.com/fp/a1956b1a1bdc5180824e90fb722140ca-p_c.jpg,2026-05-25 11:52,For Sale
26706696,6713 Lake Circle Dr,75214,Dallas,TX,32.825207,-96.74542,1939000,404.0,-60995.0,1949100.0,10206.0,5.0,5.0,4800.0,2005.0,8015.04,singleFamily,6,1686660.0,2025,https://www.zillow.com,https://photos.zillowstatic.com/fp/feb70c2772df5cebe5466e7ecf6c6e9a-p_c.jpg,2026-05-25 11:52,For Sale
26803185,11630 Rupley Ln,75218,Dallas,TX,32.85567,-96.679085,385000,183.0,-14000.0,,,4.0,3.0,2100.0,1950.0,7187.4,singleFamily,128,274560.0,2025,https://www.zillow.com,https://photos.zillowstatic.com/fp/8e33c1446039bbeb32f65f3fe66d6e8e-p_c.jpg,2026-05-25 11:52,For Sale
26742910,1318 Fuller Dr,75218,Dallas,TX,32.838882,-96.69106,350000,266.0,-20000.0,347200.0,2444.0,3.0,2.0,1316.0,1946.0,9713.88,singleFamily,45,351640.0,2025,https://www.zillow.com,https://photos.zillowstatic.com/fp/61fe060e45b8130d6b4e72fdc13271f8-p_c.jpg,2026-05-25 11:52,For Sale
26731366,7219 Kaywood Dr,75209,Dallas,TX,32.845676,-96.82639,2225000,520.0,,2152500.0,2773.0,5.0,6.0,4275.0,2026.0,8145.72,singleFamily,23,478690.0,2025,https://www.zillow.com,https://photos.zillowstatic.com/fp/8ca49d86a654ce07d918e1da1c47a82e-p_c.jpg,2026-05-25 11:52,For Sale
96508124,4607 Metropolitan Ave,75210,Dallas,TX,32.778957,-96.745674,272800,193.0,,,2055.0,3.0,2.0,1415.0,2026.0,5662.8,singleFamily,31,40170.0,2025,https://www.zillow.com,https://photos.zillowstatic.com/fp/a8fe76d9dd50a73d7c8fa0581b165d53-p_c.jpg,2026-05-25 11:52,For Sale
27298891,17909 Brent Dr,75287,Dallas,TX,32.994884,-96.862274,499999,202.0,-9001.0,,,4.0,3.0,2470.0,1998.0,5967.72,singleFamily,59,481274.0,2025,https://www.zillow.com,https://photos.zillowstatic.com/fp/083c057a27ecaba436ee4d6ba99cb302-p_c.jpg,2026-05-25 11:52,For Sale
96515982,7722 Oak Garden Trl,75232,Dallas,TX,32.653942,-96.84984,365000,185.0,-10000.0,362800.0,2728.0,4.0,2.0,1970.0,2022.0,7666.56,singleFamily,113,409750.0,2025,https://www.zillow.com,https://photos.zillowstatic.com/fp/01e989a5f9eaba5c323980514f11b38b-p_c.jpg,2026-05-25 11:52,For Sale
67961401,2714 Throckmorton St #B,75219,Dallas,TX,32.808525,-96.81385,725000,430.0,,699400.0,2748.0,2.0,2.0,1688.0,2002.0,3659.04,singleFamily,17,661340.0,2025,https://www.zillow.com,https://photos.zillowstatic.com/fp/2b142abeedc6d704a9fd5ddaf5eaef3e-p_c.jpg,2026-05-25 11:52,For Sale
26807304,3624 Warick Dr,75229,Dallas,TX,32.88844,-96.8591,2200000,371.0,,2115800.0,4205.0,5.0,7.0,5924.0,2026.0,0.254,singleFamily,9,836510.0,2025,https://www.zillow.com,https://photos.zillowstatic.com/fp/c7f24cbfbbdcff3d74b482e12e2654d1-p_c.jpg,2026-05-25 11:52,For Sale
26803468,11947 Quincy Ln,75230,Dallas,TX,32.912132,-96.814674,3300000,481.0,,3155300.0,6803.0,5.0,7.0,6856.0,2025.0,0.35900000000000004,singleFamily,10,1211780.0,2025,https://www.zillow.com,https://photos.zillowstatic.com/fp/9e9a00a6dd3288b263c05d2527a34ef6-p_c.jpg,2026-05-25 11:52,For Sale
26832945,1507 Dennison St,75212,Dallas,TX,32.78194,-96.84403,789995,232.0,,777800.0,1454.0,5.0,4.0,3399.0,2026.0,4748.04,singleFamily,4,284760.0,2025,https://www.zillow.com,https://photos.zillowstatic.com/fp/cbf4eed1eb75f9e33fbd89bbdc40d147-p_c.jpg,2026-05-25 11:52,For Sale
61869960,1999 McKinney Ave APT 605,75201,Dallas,TX,32.79043,-96.80398,799000,330.0,,,,2.0,2.0,2421.0,2000.0,0.668,condo,17,786830.0,2025,https://www.zillow.com,https://photos.zillowstatic.com/fp/bb39f99e44965bc6d04110e9afb863df-p_c.jpg,2026-05-25 11:52,For Sale
26812269,3048 Airhaven St,75229,Dallas,TX,32.905598,-96.874115,335000,174.0,-15000.0,,,3.0,2.0,1928.0,1981.0,5314.32,singleFamily,93,391660.0,2025,https://www.zillow.com,https://photos.zillowstatic.com/fp/504c796b67f901725a3a0ed28532582c-p_c.jpg,2026-05-25 11:52,For Sale
96500084,3604 Colonial Ave,75215,Dallas,TX,32.757587,-96.771385,414500,186.0,,411900.0,2768.0,4.0,3.0,2229.0,2026.0,7649.136,singleFamily,9,310410.0,2025,https://www.zillow.com,https://photos.zillowstatic.com/fp/733ca7620e41a90bbfd91d6512263bf8-p_c.jpg,2026-05-25 11:52,For Sale
26702391,7122 Lakewood Blvd,75214,Dallas,TX,32.82184,-96.734665,3995000,577.0,-255000.0,3777800.0,6289.0,4.0,6.0,6929.0,2021.0,0.363,singleFamily,5,2503830.0,2025,https://www.zillow.com,https://photos.zillowstatic.com/fp/6be89693973e2fab0b47bff9cffaacd0-p_c.jpg,2026-05-25 11:52,For Sale
26804568,4815 Allencrest Ln,75244,Dallas,TX,32.91121,-96.82588,2450000,499.0,,2347100.0,7737.0,4.0,5.0,4908.0,2020.0,0.40499999999999997,singleFamily,6,2105000.0,2025,https://www.zillow.com,https://photos.zillowstatic.com/fp/8ada99c920aedd06a77b315709a011ba-p_c.jpg,2026-05-25 11:52,For Sale
26804351,4674 College Park Dr,75229,Dallas,TX,32.903522,-96.82646,4200000,644.0,,,,5.0,8.0,6518.0,2016.0,0.577,singleFamily,9,3475000.0,2025,https://www.zillow.com,https://photos.zillowstatic.com/fp/1b008c7770a104c1b48dbb589fc3b765-p_c.jpg,2026-05-25 11:52,For Sale
26713724,813 Brooks Ave,75208,Dallas,TX,32.736347,-96.8368,425000,229.0,,,,3.0,2.0,1858.0,1922.0,6795.36,singleFamily,4,294570.0,2025,https://www.zillow.com,https://photos.zillowstatic.com/fp/4b21c1c74b5d0a86769516b541805061-p_c.jpg,2026-05-25 11:52,For Sale
26858724,12025 Loch Ness Dr,75218,Dallas,TX,32.86031,-96.68953,850000,300.0,-45000.0,,,4.0,3.0,2837.0,1971.0,0.366,singleFamily,23,579740.0,2025,https://www.zillow.com,https://photos.zillowstatic.com/fp/229e9e79b5a68d4228fe07994c8d6d45-p_c.jpg,2026-05-25 11:52,For Sale
26864424,9827 Vistadale Dr,75238,Dallas,TX,32.8887,-96.71662,799000,325.0,,768700.0,4587.0,4.0,3.0,2456.0,1966.0,8799.12,singleFamily,16,765280.0,2025,https://www.zillow.com,https://photos.zillowstatic.com/fp/20ef7df580bd246517b5c4e257a657c6-p_c.jpg,2026-05-25 11:52,For Sale
26758547,4558 Ridge Rd,75229,Dallas,TX,32.88554,-96.83301,2500000,572.0,,2372600.0,7526.0,5.0,4.0,4370.0,2017.0,0.4,singleFamily,27,1857070.0,2025,https://www.zillow.com,https://photos.zillowstatic.com/fp/b67172945c1924488cc6c4de0a683021-p_c.jpg,2026-05-25 11:52,For Sale
26746611,10405 Lake Gardens Dr,75218,Dallas,TX,32.845173,-96.69543,875000,347.0,,861100.0,4805.0,3.0,3.0,2521.0,1955.0,0.251,singleFamily,13,769550.0,2025,https://www.zillow.com,https://photos.zillowstatic.com/fp/c394eb775404aa82c5cd4692a13ad135-p_c.jpg,2026-05-25 11:52,For Sale
26752465,6960 Joyce Way,75225,Dallas,TX,32.879112,-96.7851,3250000,504.0,,3129300.0,6552.0,5.0,6.0,6447.0,2026.0,0.274,singleFamily,94,1055650.0,2025,https://www.zillow.com,https://photos.zillowstatic.com/fp/3585bd13b4eede02de3f2b377593d83c-p_c.jpg,2026-05-25 11:52,For Sale
26840109,9110 Westglen Dr,75228,Dallas,TX,32.815544,-96.698,715000,363.0,,689900.0,3177.0,4.0,2.0,1968.0,1961.0,7666.56,singleFamily,2,521390.0,2025,https://www.zillow.com,https://photos.zillowstatic.com/fp/7825ea75926eca33385f475c6001efdb-p_c.jpg,2026-05-25 11:52,For Sale
26877176,5230 Westgrove Dr,75248,Dallas,TX,32.97824,-96.81826,3350000,556.0,,,,4.0,7.0,6026.0,1994.0,0.502,singleFamily,37,2435560.0,2025,https://www.zillow.com,https://photos.zillowstatic.com/fp/145d3b7d9e76937e707694afe4ccb690-p_c.jpg,2026-05-25 11:52,For Sale
26703827,5803 Martel Ave,75206,Dallas,TX,32.831593,-96.76767,899000,392.0,-16000.0,,,3.0,3.0,2295.0,2022.0,3092.76,singleFamily,27,780660.0,2025,https://www.zillow.com,https://photos.zillowstatic.com/fp/2eb45aca242476c7820b55c12a272adb-p_c.jpg,2026-05-25 11:52,For Sale
2092839996,3012 Brockbank Ct,75220,Dallas,TX,32.87516,-96.8754,165000,157.0,,171600.0,1643.0,2.0,2.0,1048.0,1968.0,4.426,condo,0,,,https://www.zillow.com,https://photos.zillowstatic.com/fp/b77a32c2fad46c2e0a7277c1ac815c0c-p_c.jpg,2026-05-25 11:52,For Sale
26893611,7246 Arbor Oaks Dr,75248,Dallas,TX,32.975502,-96.78178,950000,339.0,-75000.0,,,4.0,3.0,2805.0,1977.0,8494.2,singleFamily,53,850500.0,2025,https://www.zillow.com,https://photos.zillowstatic.com/fp/2c1d97b900485929056fe29f9e0cc0bd-p_c.jpg,2026-05-25 11:52,For Sale
26758535,4323 Middleton Rd,75229,Dallas,TX,32.88603,-96.836235,3691000,621.0,-200000.0,3527800.0,6281.0,5.0,7.0,5945.0,2023.0,0.428,singleFamily,38,3344760.0,2025,https://www.zillow.com,https://photos.zillowstatic.com/fp/d5b50d5876a2018788fa9195c5ce9651-p_c.jpg,2026-05-25 11:52,For Sale
26750100,7103 Wake Forrest Dr,75214,Dallas,TX,32.85406,-96.737595,585000,434.0,,568000.0,2750.0,3.0,2.0,1349.0,1959.0,7492.32,singleFamily,4,539870.0,2025,https://www.zillow.com,https://photos.zillowstatic.com/fp/358a50487db67fc72e46030364466760-p_c.jpg,2026-05-25 11:52,For Sale
462563787,1542 Caldwell St,75223,Dallas,TX,32.782345,-96.75027,315000,179.0,,,,3.0,2.0,1760.0,2026.0,5445.0,singleFamily,4,,,https://www.zillow.com,https://photos.zillowstatic.com/fp/d55a0d7bfa3f992c3af637573667760f-p_c.jpg,2026-05-25 11:52,For Sale
27291927,18072 Kelly Blvd,75287,Dallas,TX,33.00002,-96.86356,300000,240.0,,295000.0,2098.0,3.0,2.0,1250.0,1998.0,4007.52,singleFamily,10,257818.0,2025,https://www.zillow.com,https://photos.zillowstatic.com/fp/6b7f0701c0f3793cc463aad9d274408f-p_c.jpg,2026-05-25 11:52,For Sale
26787259,635 Classen Dr,75218,Dallas,TX,32.85325,-96.703964,550000,255.0,,533500.0,3314.0,3.0,2.0,2160.0,1959.0,10284.516,singleFamily,17,548350.0,2025,https://www.zillow.com,https://photos.zillowstatic.com/fp/b0fe86d31a1bc4bea2713036639ab4cd-p_c.jpg,2026-05-25 11:52,For Sale
26837473,11028 Edgemere Rd,75230,Dallas,TX,32.898827,-96.79269,4395000,639.0,,4202100.0,4600.0,6.0,9.0,6882.0,2026.0,0.34900000000000003,singleFamily,9,1395430.0,2025,https://www.zillow.com,https://photos.zillowstatic.com/fp/7777c7bad971b7b8bc9c7a479a911f6e-p_c.jpg,2026-05-25 11:52,For Sale
26795670,1623 Fresno St,75217,Dallas,TX,32.740612,-96.693115,265000,121.0,,259300.0,1626.0,6.0,2.0,2194.0,1954.0,9888.12,singleFamily,5,338390.0,2025,https://www.zillow.com,https://photos.zillowstatic.com/fp/6438154e2bc5f131cea2c08f8024b641-p_c.jpg,2026-05-25 11:52,For Sale
53390215,4102 Buena Vista St Unit 5,75204,Dallas,TX,32.81558,-96.79541,355000,348.0,,340800.0,2227.0,2.0,2.0,1021.0,1985.0,0.504,condo,1,331830.0,2025,https://www.zillow.com,https://photos.zillowstatic.com/fp/dfb23e42456d7c1cd342299f7d5bec34-p_c.jpg,2026-05-25 11:52,For Sale
65346465,6101 Baymar Ln,75252,Dallas,TX,32.991,-96.79989,1399999,465.0,-100000.0,1365400.0,3743.0,4.0,5.0,3013.0,2026.0,0.36,singleFamily,59,61875.0,2025,https://www.zillow.com,https://photos.zillowstatic.com/fp/28ed62e00d0cdd03646eca68c82b0262-p_c.jpg,2026-05-25 11:52,For Sale
26739896,8619 San Benito Way,75218,Dallas,TX,32.81829,-96.70739,1500000,546.0,,,,3.0,3.0,2746.0,2017.0,7927.92,singleFamily,40,1199700.0,2025,https://www.zillow.com,https://photos.zillowstatic.com/fp/e14fad724ea1f5d6726640aed8c35d5e-p_c.jpg,2026-05-25 11:52,For Sale
26803712,5510 Del Roy Dr,75230,Dallas,TX,32.90527,-96.81247,4199400,696.0,,4040200.0,4496.0,6.0,7.0,6036.0,2026.0,0.42600000000000005,singleFamily,16,835470.0,2025,https://www.zillow.com,https://photos.zillowstatic.com/fp/066245f494b96fefc7545224a832fcba-p_c.jpg,2026-05-25 11:52,For Sale
26787955,3559 Durango Dr,75220,Dallas,TX,32.86767,-96.85897,1150000,318.0,,1126800.0,3603.0,5.0,5.0,3612.0,2026.0,10541.52,singleFamily,12,382130.0,2025,https://www.zillow.com,https://photos.zillowstatic.com/fp/6b07d46c811fc61e1d4e5763454f8a12-p_c.jpg,2026-05-25 11:52,For Sale
26902261,714 W Canty St,75208,Dallas,TX,32.7521,-96.83409,275000,231.0,,339400.0,2288.0,2.0,3.0,1193.0,1981.0,3310.56,townhome,4,357880.0,2025,https://www.zillow.com,https://photos.zillowstatic.com/fp/aad37a47df6e4cc788a730575b9bf9c8-p_c.jpg,2026-05-25 11:52,For Sale
26886908,8833 Flint Falls Dr,75243,Dallas,TX,32.89873,-96.73827,549900,223.0,-39100.0,540600.0,3485.0,4.0,3.0,2466.0,1976.0,9016.92,singleFamily,53,618520.0,2025,https://www.zillow.com,https://photos.zillowstatic.com/fp/436b5dee2554d307be0b6de0b6be1205-p_c.jpg,2026-05-25 11:52,For Sale
26703257,6158 Anita St,75214,Dallas,TX,32.83468,-96.75905,689000,436.0,,,,2.0,2.0,1582.0,1948.0,6359.76,singleFamily,16,671530.0,2025,https://www.zillow.com,https://photos.zillowstatic.com/fp/35bf3671b0e120dfb6cf8e28f6941beb-p_c.jpg,2026-05-25 11:52,For Sale
26593044,7335 Debbe Dr,75252,Dallas,TX,32.99426,-96.777054,1050000,329.0,-25000.0,1010900.0,4421.0,4.0,3.0,3192.0,1980.0,9583.2,singleFamily,31,771217.0,2025,https://www.zillow.com,https://photos.zillowstatic.com/fp/c055b6338f17389fb1d429af1b516a0f-p_c.jpg,2026-05-25 11:52,For Sale
248830366,4817 Caxton Ct,75204,Dallas,TX,32.808872,-96.78057,825000,357.0,,800100.0,3907.0,3.0,4.0,2312.0,2018.0,2395.8,singleFamily,17,789220.0,2025,https://www.zillow.com,https://photos.zillowstatic.com/fp/21e70e3e722be8ca0e6ec27f8fcf7b67-p_c.jpg,2026-05-25 11:52,For Sale
26755603,6607 Glendora Ave,75230,Dallas,TX,32.885513,-96.79124,2999999,464.0,-249901.0,2859200.0,18287.0,5.0,6.0,6471.0,1999.0,0.344,singleFamily,72,2528900.0,2025,https://www.zillow.com,https://photos.zillowstatic.com/fp/cc93151897fdab39360be422015b052e-p_c.jpg,2026-05-25 11:52,For Sale
26724606,4020 S Denley Dr,75216,Dallas,TX,32.699303,-96.79738,69000,64.0,,,1449.0,3.0,2.0,1076.0,1945.0,0.27599999999999997,singleFamily,2,176940.0,2025,https://www.zillow.com,https://photos.zillowstatic.com/fp/4a4b03b9b8d67404c2709a83eca4b278-p_c.jpg,2026-05-25 11:52,For Sale
26822963,6039 Blunter St,75241,Dallas,TX,32.671265,-96.77633,185000,175.0,,181900.0,1812.0,3.0,2.0,1056.0,1999.0,0.28500000000000003,singleFamily,25,201090.0,2025,https://www.zillow.com,https://photos.zillowstatic.com/fp/5edde160196601091481555b601264c3-p_c.jpg,2026-05-25 11:52,For Sale
26625653,18040 Midway Rd APT 127,75287,Dallas,TX,32.995396,-96.842155,224900,179.0,-24100.0,221700.0,2049.0,2.0,2.0,1257.0,1984.0,1058.508,condo,23,216001.0,2025,https://www.zillow.com,https://photos.zillowstatic.com/fp/96c0082c8a129e9bb7b556a86094bcd8-p_c.jpg,2026-05-25 11:52,For Sale
26756856,5818 Gramercy Pl,75230,Dallas,TX,32.895584,-96.80866,1899000,486.0,-50000.0,1841600.0,7943.0,4.0,4.0,3906.0,1956.0,0.413,singleFamily,58,1682090.0,2025,https://www.zillow.com,https://photos.zillowstatic.com/fp/d02b9c85cffacb87265b353233751bc2-p_c.jpg,2026-05-25 11:52,For Sale
26749272,6467 Danbury Ln,75214,Dallas,TX,32.847366,-96.75037,840000,443.0,-25000.0,,,2.0,2.0,1896.0,1954.0,10541.52,singleFamily,38,841770.0,2025,https://www.zillow.com,https://photos.zillowstatic.com/fp/f32650fde55ff8cfbc03abd19e551cfc-p_c.jpg,2026-05-25 11:52,For Sale
96495357,2638 Durham Dr,75241,Dallas,TX,32.678524,-96.77704,379000,235.0,,378200.0,1879.0,3.0,2.0,1616.0,2026.0,6229.08,singleFamily,3,65000.0,2025,https://www.zillow.com,https://photos.zillowstatic.com/fp/f14d3faf7ec96cb45bc888c5c9fa88d5-p_c.jpg,2026-05-25 11:52,For Sale
26883144,10108 Laingtree Dr,75243,Dallas,TX,32.920284,-96.71025,342000,143.0,-18000.0,,4172.0,4.0,3.0,2391.0,1977.0,9060.48,singleFamily,69,476720.0,2025,https://www.zillow.com,https://photos.zillowstatic.com/fp/0d5e7729fec0a103e8d2959bc2d7f10a-p_c.jpg,2026-05-25 11:52,For Sale
26906831,948 Carom Way,75217,Dallas,TX,32.728287,-96.64656,259900,139.0,,,,5.0,3.0,1875.0,1985.0,7884.36,singleFamily,10,238950.0,2025,https://www.zillow.com,https://photos.zillowstatic.com/fp/b3ee944f437c6231f547df991878d174-p_c.jpg,2026-05-25 11:52,For Sale
26850473,9634 Shoreview Rd,75238,Dallas,TX,32.86526,-96.72061,799800,461.0,-25200.0,776200.0,3111.0,3.0,2.0,1734.0,1958.0,9395.892,singleFamily,25,798710.0,2025,https://www.zillow.com,https://photos.zillowstatic.com/fp/262941fee2f454d082aa5e496f3780b2-p_c.jpg,2026-05-25 11:52,For Sale
26841325,2646 Jonesboro Ave,75228,Dallas,TX,32.817608,-96.66892,225000,195.0,,220200.0,1782.0,3.0,2.0,1152.0,1958.0,9282.636,singleFamily,5,226270.0,2025,https://www.zillow.com,https://photos.zillowstatic.com/fp/ae9cc3abe326992892d0fa0dc400a930-p_c.jpg,2026-05-25 11:52,For Sale
96527169,2021 Dennison St,75212,Dallas,TX,32.782043,-96.8543,560000,229.0,,543300.0,3263.0,3.0,3.0,2442.0,2019.0,4356.0,singleFamily,8,514050.0,2025,https://www.zillow.com,https://photos.zillowstatic.com/fp/731e2afeb936b27c9f5a5cf1583a82a9-p_c.jpg,2026-05-25 11:52,For Sale
26755175,6031 Lupton Dr,75225,Dallas,TX,32.877293,-96.80259,6100000,870.0,-100000.0,5791700.0,7191.0,5.0,7.0,7009.0,2025.0,0.43199999999999994,singleFamily,58,2570190.0,2025,https://www.zillow.com,https://photos.zillowstatic.com/fp/48b0e44cb83164412f7f80ee793fdfab-p_c.jpg,2026-05-25 11:52,For Sale
26704276,5602 Longview St,75206,Dallas,TX,32.83063,-96.77204,999900,342.0,,965600.0,5630.0,3.0,4.0,2922.0,2015.0,3876.84,singleFamily,10,884700.0,2025,https://www.zillow.com,https://photos.zillowstatic.com/fp/e8c07d1ea6643e3daee2f9a8dccb8ae8-p_c.jpg,2026-05-25 11:52,For Sale
26727389,635 Richmondell Ave,75211,Dallas,TX,32.738224,-96.878365,168000,202.0,,,1596.0,2.0,1.0,832.0,1948.0,6490.44,singleFamily,4,202520.0,2025,https://www.zillow.com,https://photos.zillowstatic.com/fp/4226973b4f2e9e79cf6ae4f5cc1fa431-p_c.jpg,2026-05-25 11:52,For Sale
338040266,7333 Valley View Ln #604,75240,Dallas,TX,32.92667,-96.778564,515000,260.0,,501300.0,3366.0,2.0,3.0,1984.0,2019.0,1306.8,townhome,3,475140.0,2025,https://www.zillow.com,https://photos.zillowstatic.com/fp/d2429e3df79db6447e7e7ed519ba5d4a-p_c.jpg,2026-05-25 11:52,For Sale
26808165,3371 Regent Dr,75229,Dallas,TX,32.894424,-96.86503,949000,295.0,-50000.0,926000.0,5107.0,5.0,3.0,3213.0,1995.0,9975.24,singleFamily,58,770610.0,2025,https://www.zillow.com,https://photos.zillowstatic.com/fp/a675a4734461091833d4cf1452dbc288-p_c.jpg,2026-05-25 11:52,For Sale
26701979,6941 Gaston Ave,75214,Dallas,TX,32.815536,-96.737885,5800000,746.0,-249729.0,5536800.0,7586.0,6.0,6.0,7777.0,2025.0,0.987,singleFamily,107,3603590.0,2025,https://www.zillow.com,https://photos.zillowstatic.com/fp/488b494e7aa62ae04b1e6f5a6b3703f5-p_c.jpg,2026-05-25 11:52,For Sale
456952495,4902 Worth St,75214,Dallas,TX,32.79852,-96.767166,1799000,296.0,,1763300.0,4710.0,11.0,15.0,6072.0,1930.0,9975.24,multiFamily,6,939660.0,2025,https://www.zillow.com,https://photos.zillowstatic.com/fp/b8032c9dfa9557492fca9bf3b4423c32-p_c.jpg,2026-05-25 11:52,For Sale
26912838,9535 Viewside Dr,75231,Dallas,TX,32.89153,-96.73706,789000,300.0,,763500.0,4515.0,4.0,3.0,2627.0,1980.0,10759.32,singleFamily,17,719000.0,2025,https://www.zillow.com,https://photos.zillowstatic.com/fp/07fc3ab735ecacebe34610f141b61624-p_c.jpg,2026-05-25 11:52,For Sale
26741787,1711 Quadrangle Dr,75228,Dallas,TX,32.827538,-96.69096,445000,307.0,,430100.0,1928.0,3.0,2.0,1448.0,1952.0,10236.6,singleFamily,1,393400.0,2025,https://www.zillow.com,https://photos.zillowstatic.com/fp/86c48a9b9d744a3d15b38bbbeb7a1a8a-p_c.jpg,2026-05-25 11:52,For Sale
26871906,6810 Town Bluff Dr,75248,Dallas,TX,32.95476,-96.791534,737500,233.0,,710300.0,4782.0,4.0,3.0,3161.0,1974.0,0.331,singleFamily,11,721940.0,2025,https://www.zillow.com,https://photos.zillowstatic.com/fp/bc742c27e2a6c9fb671da352e914e77c-p_c.jpg,2026-05-25 11:52,For Sale
26855532,8105 Silverdale Dr,75232,Dallas,TX,32.6491,-96.83514,230000,185.0,,225400.0,2014.0,3.0,2.0,1240.0,1967.0,7797.24,singleFamily,1,204260.0,2025,https://www.zillow.com,https://photos.zillowstatic.com/fp/112ebd8ce16a0e33ed93d743aac60f6a-p_c.jpg,2026-05-25 11:52,For Sale
26681701,2727 Shelby Ave APT D,75219,Dallas,TX,32.807697,-96.8124,295000,261.0,-10000.0,289800.0,2404.0,2.0,3.0,1132.0,1979.0,0.882,townhome,38,308850.0,2025,https://www.zillow.com,https://photos.zillowstatic.com/fp/f594836c49f1178a28f4ba475af447f2-p_c.jpg,2026-05-25 11:52,For Sale
26718017,1126 Lausanne Ave,75208,Dallas,TX,32.758587,-96.84485,1500000,489.0,-200000.0,1424700.0,5872.0,3.0,3.0,3067.0,1930.0,0.268,singleFamily,73,994090.0,2025,https://www.zillow.com,https://photos.zillowstatic.com/fp/7c9dee81835373e5c4bd0229d5a19c45-p_c.jpg,2026-05-25 11:52,For Sale
248828035,3035 Townsend Dr,75229,Dallas,TX,32.898933,-96.876495,349000,235.0,,,2454.0,3.0,2.0,1488.0,1959.0,8450.64,singleFamily,4,420930.0,2025,https://www.zillow.com,https://photos.zillowstatic.com/fp/c81f72de36eccba601f5b1888ec393c1-p_c.jpg,2026-05-25 11:52,For Sale
248828134,11319 Dumbarton Dr,75228,Dallas,TX,32.849205,-96.65468,345000,178.0,,,,4.0,3.0,1936.0,1964.0,8929.8,singleFamily,9,297000.0,2025,https://www.zillow.com,https://photos.zillowstatic.com/fp/bcfea622fd1759b5270fb03eea6d165d-p_c.jpg,2026-05-25 11:52,For Sale
60346656,2214 Worthington St,75204,Dallas,TX,32.7956,-96.79747,1275000,371.0,-175000.0,1233700.0,7060.0,3.0,5.0,3437.0,2002.0,1219.68,townhome,73,2008430.0,2025,https://www.zillow.com,https://photos.zillowstatic.com/fp/a5f96c00b73db1a2d2c54b44139acba6-p_c.jpg,2026-05-25 11:52,For Sale
26691864,2215 Madera St,75206,Dallas,TX,32.814247,-96.77663,1595000,583.0,,1519600.0,7068.0,3.0,3.0,2738.0,2016.0,7501.032,singleFamily,31,1124380.0,2025,https://www.zillow.com,https://photos.zillowstatic.com/fp/165fece101cb2912bc346f0842d920c9-p_c.jpg,2026-05-25 11:52,For Sale
26692248,5025 Homer St,75206,Dallas,TX,32.816418,-96.78452,595000,363.0,,569100.0,2906.0,5.0,2.0,1638.0,1940.0,6795.36,multiFamily,12,597360.0,2025,https://www.zillow.com,https://photos.zillowstatic.com/fp/d431c86e986558a18da1fa871ce502dd-p_c.jpg,2026-05-25 11:52,For Sale
26789429,10940 Snow White Dr,75229,Dallas,TX,32.89794,-96.84217,3745000,695.0,-50000.0,,,5.0,7.0,5392.0,2026.0,0.365,singleFamily,33,849110.0,2025,https://www.zillow.com,https://photos.zillowstatic.com/fp/22e8f2f4c91ad4be0a2b1883cd346018-p_c.jpg,2026-05-25 11:52,For Sale
27338316,2909 Gainesborough Dr,75287,Dallas,TX,33.00586,-96.857796,435000,164.0,-15000.0,429900.0,3639.0,4.0,3.0,2656.0,1984.0,0.256,singleFamily,140,620692.0,2025,https://www.zillow.com,https://photos.zillowstatic.com/fp/d491678f8b4c9b289bce14b63b922acc-p_c.jpg,2026-05-25 11:52,For Sale
53101336,18736 Wainsborough Ln,75287,Dallas,TX,33.00062,-96.81627,1540000,278.0,,,,4.0,5.0,5540.0,1998.0,0.26,singleFamily,3,1422232.0,2025,https://www.zillow.com,https://photos.zillowstatic.com/fp/0d747974bab25027fe49e2e83a8fc7a0-p_c.jpg,2026-05-25 11:52,For Sale
26862258,1646 Briar Cliff Rd,75235,Dallas,TX,32.813343,-96.85002,225000,187.0,-15000.0,,1965.0,3.0,2.0,1204.0,1949.0,5706.36,singleFamily,61,350750.0,2025,https://www.zillow.com,https://photos.zillowstatic.com/fp/fa31589e87851caf85dfbb76000921d8-p_c.jpg,2026-05-25 11:52,For Sale
26849394,12056 Tavel Cir,75230,Dallas,TX,32.912758,-96.801765,735000,270.0,-40000.0,713300.0,5108.0,3.0,3.0,2725.0,1978.0,6446.88,singleFamily,43,780720.0,2025,https://www.zillow.com,https://photos.zillowstatic.com/fp/c2954e6a1ca9ba5d121feb7d3c86f907-p_c.jpg,2026-05-25 11:52,For Sale
26820164,2926 N Prairie Creek Rd,75227,Dallas,TX,32.762196,-96.66522,199000,124.0,,192000.0,2015.0,3.0,2.0,1602.0,1962.0,7797.24,singleFamily,17,214160.0,2025,https://www.zillow.com,https://photos.zillowstatic.com/fp/9c16793464937e1c89c683b6a429bc06-p_c.jpg,2026-05-25 11:52,For Sale
26811097,10355 Carry Back Cir,75229,Dallas,TX,32.886555,-96.87324,689000,297.0,-10000.0,,,4.0,3.0,2322.0,1965.0,0.27299999999999996,singleFamily,131,625280.0,2025,https://www.zillow.com,https://photos.zillowstatic.com/fp/8221630f473211375dddddc85fec7b13-p_c.jpg,2026-05-25 11:52,For Sale
26680596,3708 Spence St,75215,Dallas,TX,32.755756,-96.770706,434999,202.0,354999.0,433000.0,2620.0,4.0,3.0,2150.0,2026.0,5488.56,singleFamily,37,49600.0,2025,https://www.zillow.com,https://photos.zillowstatic.com/fp/f8b2cef30017da08bfd99f1bc4e15d23-p_c.jpg,2026-05-25 11:52,For Sale
96525332,1651 E Overton Rd,75216,Dallas,TX,32.703884,-96.80119,420000,204.0,,416800.0,2710.0,4.0,3.0,2063.0,2025.0,8712.0,singleFamily,106,95000.0,2025,https://www.zillow.com,https://photos.zillowstatic.com/fp/86e2f139cfe3b218bd506810f546c2a7-p_c.jpg,2026-05-25 11:52,For Sale
338034510,3436 Evening Petal Ln,75229,Dallas,TX,32.88445,-96.86464,835000,322.0,,808600.0,4708.0,4.0,4.0,2597.0,2021.0,4878.72,singleFamily,3,700000.0,2025,https://www.zillow.com,https://photos.zillowstatic.com/fp/ff269dd355d3484550508ff9ea04e905-p_c.jpg,2026-05-25 11:52,For Sale
26794401,1718 Joan Dr,75217,Dallas,TX,32.74221,-96.69704,225600,158.0,-3400.0,,,3.0,2.0,1428.0,1957.0,7448.76,singleFamily,20,234160.0,2025,https://www.zillow.com,https://photos.zillowstatic.com/fp/582bcd163eb4ab1a71b69e785936b18c-p_c.jpg,2026-05-25 11:52,For Sale
26788055,3503 Fontana Dr,75220,Dallas,TX,32.869427,-96.86085,475000,315.0,,456700.0,2746.0,4.0,2.0,1510.0,1947.0,9147.6,singleFamily,1,325030.0,2025,https://www.zillow.com,https://photos.zillowstatic.com/fp/fa141b0e2d857798bf3da5b429b380de-p_c.jpg,2026-05-25 11:52,For Sale
26698597,4523 Metropolitan Ave,75210,Dallas,TX,32.778656,-96.745995,272800,193.0,,271200.0,2068.0,3.0,2.0,1415.0,2025.0,5967.72,singleFamily,128,42450.0,2025,https://www.zillow.com,https://photos.zillowstatic.com/fp/a8fe76d9dd50a73d7c8fa0581b165d53-p_c.jpg,2026-05-25 11:52,For Sale
26768168,1603 Bonnie View Rd,75203,Dallas,TX,32.7288,-96.79231,330000,171.0,,,,4.0,3.0,1930.0,1970.0,0.261,singleFamily,44,270030.0,2025,https://www.zillow.com,https://photos.zillowstatic.com/fp/83d46985b6ed79054ddfcc62c1ac51ab-p_c.jpg,2026-05-25 11:52,For Sale
26735855,3941 Adrian Dr,75209,Dallas,TX,32.85301,-96.842896,1350000,319.0,,1306600.0,5713.0,5.0,6.0,4236.0,2023.0,7492.32,singleFamily,8,1823050.0,2025,https://www.zillow.com,https://photos.zillowstatic.com/fp/5b0a14aa9ebd4b919a5fe5a06ef7258f-p_c.jpg,2026-05-25 11:52,For Sale
26706754,6717 Meadow Lake Ave,75214,Dallas,TX,32.8237,-96.74379,3500000,720.0,-150000.0,3270000.0,6744.0,6.0,7.0,4863.0,1973.0,0.42000000000000004,singleFamily,47,2300630.0,2025,https://www.zillow.com,https://photos.zillowstatic.com/fp/1d23686ec7862bdbc1a9adc59bbb9786-p_c.jpg,2026-05-25 11:52,For Sale
26793260,2309 Prichard Ln,75227,Dallas,TX,32.75269,-96.686874,279000,191.0,-11000.0,275600.0,2285.0,3.0,2.0,1457.0,1952.0,7448.76,singleFamily,52,286820.0,2025,https://www.zillow.com,https://photos.zillowstatic.com/fp/b9b0bd8506ce0cf2c2a8aa27691945f3-p_c.jpg,2026-05-25 11:52,For Sale
26846998,9028 Fringewood Dr,75228,Dallas,TX,32.812134,-96.69392,520000,274.0,,,,3.0,2.0,1900.0,1961.0,8755.56,singleFamily,3,372270.0,2025,https://www.zillow.com,https://photos.zillowstatic.com/fp/2d9b360ab9213557d75866b632ad2109-p_c.jpg,2026-05-25 11:52,For Sale
26709110,612 W 8th St,75208,Dallas,TX,32.74785,-96.83278,649000,260.0,,632500.0,4248.0,3.0,3.0,2492.0,2014.0,5793.48,singleFamily,9,750000.0,2025,https://www.zillow.com,https://photos.zillowstatic.com/fp/760b747560c459769f3502aac8cd3af1-p_c.jpg,2026-05-25 11:52,For Sale
26757798,5959 Colhurst St,75230,Dallas,TX,32.881477,-96.804436,4995000,578.0,-500000.0,4671900.0,7742.0,6.0,9.0,8638.0,2017.0,0.75,singleFamily,23,4201070.0,2025,https://www.zillow.com,https://photos.zillowstatic.com/fp/25a7c6ce149857268516eb24bf8f67ba-p_c.jpg,2026-05-25 11:52,For Sale
96521686,3906 Harlingen St,75212,Dallas,TX,32.78901,-96.90426,595000,198.0,-10000.0,592800.0,4899.0,4.0,4.0,3000.0,2026.0,7230.96,singleFamily,54,100000.0,2025,https://www.zillow.com,https://photos.zillowstatic.com/fp/1141700b14422b49753d49947129604b-p_c.jpg,2026-05-25 11:52,For Sale
26740005,8903 Groveland Dr,75218,Dallas,TX,32.81911,-96.70293,648000,411.0,,612600.0,2964.0,2.0,2.0,1577.0,1938.0,9234.72,singleFamily,3,501800.0,2025,https://www.zillow.com,https://photos.zillowstatic.com/fp/1820e19328983049278ca00d10719fa3-p_c.jpg,2026-05-25 11:52,For Sale
26758759,4625 Walnut Hill Ln,75229,Dallas,TX,32.880646,-96.82968,6985000,589.0,-60000.0,6578100.0,8662.0,5.0,7.0,11858.0,2024.0,0.96,singleFamily,129,8023830.0,2025,https://www.zillow.com,https://photos.zillowstatic.com/fp/103375634ea892680148e97dc49f5824-p_c.jpg,2026-05-25 11:52,For Sale
26649016,5608 Stone Cliff Ct,75287,Dallas,TX,32.989292,-96.81715,2200000,263.0,-99000.0,2105000.0,7961.0,5.0,7.0,8350.0,1995.0,0.3,singleFamily,132,2747000.0,2025,https://www.zillow.com,https://photos.zillowstatic.com/fp/010e48898cf2d2969db87ce93df25a23-p_c.jpg,2026-05-25 11:52,For Sale
80228873,2900 McKinnon St APT 2308,75201,Dallas,TX,32.79606,-96.808716,1300000,753.0,,1240700.0,4012.0,2.0,3.0,1726.0,2005.0,1.311,condo,2,1200000.0,2025,https://www.zillow.com,https://photos.zillowstatic.com/fp/fd5ccbc6aa22be3cd2201eb9ad8e0f83-p_c.jpg,2026-05-25 11:52,For Sale
26738266,8115 Chadbourne Rd,75209,Dallas,TX,32.853767,-96.82016,1475000,757.0,-60000.0,1410100.0,3880.0,3.0,2.0,1949.0,1946.0,8276.4,singleFamily,34,1325000.0,2025,https://www.zillow.com,https://photos.zillowstatic.com/fp/28dc751ad69a6c7e268dbe1163dc9358-p_c.jpg,2026-05-25 11:52,For Sale
26802360,8720 Odom Dr,75217,Dallas,TX,32.722916,-96.66981,199000,179.0,,200200.0,1846.0,3.0,2.0,1112.0,1958.0,7361.64,singleFamily,10,197430.0,2025,https://www.zillow.com,https://photos.zillowstatic.com/fp/e5c6dd2a8c000466619c9c50949edc89-p_c.jpg,2026-05-25 11:52,For Sale
26851377,11311 McCree Rd,75238,Dallas,TX,32.872543,-96.686615,369900,216.0,,357700.0,2375.0,3.0,2.0,1715.0,1972.0,7492.32,singleFamily,11,434160.0,2025,https://www.zillow.com,https://photos.zillowstatic.com/fp/09ad2f0a3db5994fcc4d8b3fbb93b23a-p_c.jpg,2026-05-25 11:52,For Sale
26716670,1303 Arizona Ave,75216,Dallas,TX,32.732975,-96.81818,350000,241.0,,338400.0,2123.0,3.0,2.0,1450.0,1950.0,7013.16,singleFamily,4,317970.0,2025,https://www.zillow.com,https://photos.zillowstatic.com/fp/ab13f161ed8142d3ebed370e81950f79-p_c.jpg,2026-05-25 11:52,For Sale
26690159,5718 Goodwin Ave,75206,Dallas,TX,32.823627,-96.769295,1049900,616.0,,,,3.0,4.0,1705.0,1926.0,7143.84,singleFamily,30,472360.0,2025,https://www.zillow.com,https://photos.zillowstatic.com/fp/d16480c30aca89f23c927dbaae0eba60-p_c.jpg,2026-05-25 11:52,For Sale
26809182,3767 Jubilee Trl,75229,Dallas,TX,32.90053,-96.852776,1198000,349.0,-97000.0,1151100.0,6814.0,5.0,4.0,3437.0,1972.0,0.367,singleFamily,37,1101460.0,2025,https://www.zillow.com,https://photos.zillowstatic.com/fp/e9545a9a9d481317a10447a0f27a6a20-p_c.jpg,2026-05-25 11:52,For Sale
53101315,18729 Wainsborough Ln,75287,Dallas,TX,33.000164,-96.81659,1785000,314.0,,,,5.0,5.0,5688.0,1999.0,9147.6,singleFamily,2,1638485.0,2025,https://www.zillow.com,https://photos.zillowstatic.com/fp/22510750c9906b81c7fb552e8bf5b99d-p_c.jpg,2026-05-25 11:52,For Sale
162362971,9606 Glenacre Ln,75243,Dallas,TX,32.895626,-96.724464,450000,215.0,,434400.0,2146.0,3.0,3.0,2094.0,1978.0,3876.84,singleFamily,15,388170.0,2025,https://www.zillow.com,https://photos.zillowstatic.com/fp/c0ae7b4049303065b761d75f269df208-p_c.jpg,2026-05-25 11:52,For Sale
26857899,459 Hart St,75203,Dallas,TX,32.75319,-96.80259,499000,212.0,-11000.0,495600.0,4114.0,4.0,3.0,2350.0,2026.0,4225.32,singleFamily,60,95000.0,2025,https://www.zillow.com,https://photos.zillowstatic.com/fp/b0d1ece77ce952153411f50bbe353970-p_c.jpg,2026-05-25 11:52,For Sale
26875496,16801 Thomas Chapel Dr,75248,Dallas,TX,32.979904,-96.78525,675000,223.0,,653400.0,4495.0,4.0,3.0,3032.0,1979.0,8668.44,singleFamily,7,691300.0,2025,https://www.zillow.com,https://photos.zillowstatic.com/fp/83fe8166e6a7e849416a2e8ebc8a4f5d-p_c.jpg,2026-05-25 11:52,For Sale
448031067,2232 Hooper St,75215,Dallas,TX,32.7455,-96.7568,598000,171.0,,,,6.0,6.0,3500.0,2024.0,5052.96,multiFamily,58,,,https://www.zillow.com,https://photos.zillowstatic.com/fp/d71f68ee8a80f3d23f3406c58e2ecc01-p_c.jpg,2026-05-25 11:52,For Sale
89391200,8813 Tudor Pl,75228,Dallas,TX,32.81364,-96.698135,444900,231.0,,,,3.0,3.0,1927.0,2008.0,2308.68,townhome,5,388000.0,2025,https://www.zillow.com,https://photos.zillowstatic.com/fp/d099a83879ae431158f4792df265d52a-p_c.jpg,2026-05-25 11:52,For Sale
26874290,7716 La Risa Dr,75248,Dallas,TX,32.962345,-96.775024,533500,230.0,-16500.0,,3818.0,4.0,4.0,2317.0,1969.0,8886.24,singleFamily,396,465660.0,2025,https://www.zillow.com,https://photos.zillowstatic.com/fp/c846a4abfde875b9caf9b6f577a5f3ad-p_c.jpg,2026-05-25 11:52,For Sale
26844864,7210 Baxtershire Dr,75230,Dallas,TX,32.90486,-96.78244,1995000,464.0,-55000.0,,,5.0,5.0,4300.0,1955.0,0.38499999999999995,singleFamily,201,1742070.0,2025,https://www.zillow.com,https://photos.zillowstatic.com/fp/de31787194a379affec30859b5a026c5-p_c.jpg,2026-05-25 11:52,For Sale
26881292,4452 Sugar Mill Rd,75244,Dallas,TX,32.918533,-96.83193,1575000,460.0,,1500500.0,6294.0,5.0,5.0,3422.0,1966.0,0.37900000000000006,singleFamily,17,1527000.0,2025,https://www.zillow.com,https://photos.zillowstatic.com/fp/51afb42418a26fb3523a321eb71e9bd0-p_c.jpg,2026-05-25 11:52,For Sale
67962864,3036 Caballero Cir,75236,Dallas,TX,32.707355,-96.89515,339900,168.0,,339500.0,2516.0,4.0,3.0,2020.0,2004.0,5837.04,singleFamily,3,351020.0,2025,https://www.zillow.com,https://photos.zillowstatic.com/fp/30c69b82221300196ce99c97479a57f2-p_c.jpg,2026-05-25 11:52,For Sale
26877376,5008 Briar Tree Dr,75248,Dallas,TX,32.9793,-96.8245,849000,291.0,,823500.0,3912.0,3.0,3.0,2916.0,1981.0,5749.92,singleFamily,4,695310.0,2025,https://www.zillow.com,https://photos.zillowstatic.com/fp/88c8ef48e9be85290c45d9f710f05789-p_c.jpg,2026-05-25 11:52,For Sale
26868152,9159 Dunmore Dr,75231,Dallas,TX,32.886326,-96.73448,1225000,346.0,,1188000.0,5964.0,4.0,4.0,3541.0,1974.0,8842.68,singleFamily,2,716600.0,2025,https://www.zillow.com,https://photos.zillowstatic.com/fp/9b2ae873f6cd43b424e28caaaa3b7d3b-p_c.jpg,2026-05-25 11:52,For Sale
26609923,5814 Flintshire Ln,75252,Dallas,TX,33.00301,-96.80819,1850000,358.0,,,,5.0,4.0,5170.0,1984.0,0.27,singleFamily,42,1277510.0,2025,https://www.zillow.com,https://photos.zillowstatic.com/fp/6e64df44a1d16f3cc7487556b488662a-p_c.jpg,2026-05-25 11:52,For Sale
26857535,831 Kelso Dr,75211,Dallas,TX,32.73693,-96.92314,300000,160.0,-10000.0,290500.0,2731.0,5.0,3.0,1873.0,1970.0,7753.68,singleFamily,66,245510.0,2025,https://www.zillow.com,https://photos.zillowstatic.com/fp/fdc3acf76de8ac2a7ed962e5c27702ec-p_c.jpg,2026-05-25 11:52,For Sale
26689519,5701 Velasco Ave,75206,Dallas,TX,32.821274,-96.76997,799000,498.0,,770200.0,3204.0,2.0,2.0,1603.0,1919.0,8102.16,singleFamily,11,619600.0,2025,https://www.zillow.com,https://photos.zillowstatic.com/fp/1b285c96257218079d37ad13dbdc6294-p_c.jpg,2026-05-25 11:52,For Sale
96490665,7817 Red Spring Rd,75241,Dallas,TX,32.65218,-96.82145,425000,194.0,-10000.0,,,4.0,3.0,2190.0,2026.0,5488.56,singleFamily,47,240880.0,2025,https://www.zillow.com,https://photos.zillowstatic.com/fp/ad5f818bb79d7fce838087aae0a2308a-p_c.jpg,2026-05-25 11:52,For Sale
26766886,2130 Kathleen Ave,75216,Dallas,TX,32.703766,-96.79324,389000,185.0,,,2928.0,5.0,3.0,2100.0,2025.0,7148.0,singleFamily,80,70000.0,2025,https://www.zillow.com,https://photos.zillowstatic.com/fp/7fbea74502c20ba7f5ca57bde86e3a8d-p_c.jpg,2026-05-25 11:52,For Sale
26849221,6437 Churchill Way,75230,Dallas,TX,32.917362,-96.79414,2795000,460.0,-99000.0,2725400.0,2436.0,5.0,6.0,6075.0,2025.0,0.367,singleFamily,139,480000.0,2025,https://www.zillow.com,https://photos.zillowstatic.com/fp/ed823a009df87030ba1eb3589e887095-p_c.jpg,2026-05-25 11:52,For Sale
26884186,8426 Baumgarten Dr,75228,Dallas,TX,32.80185,-96.696205,525000,202.0,,509300.0,2924.0,4.0,2.0,2595.0,1964.0,8581.32,singleFamily,2,499540.0,2025,https://www.zillow.com,https://photos.zillowstatic.com/fp/4accf8e5300e49fa8aad3a6571e466e3-p_c.jpg,2026-05-25 11:52,For Sale
461413197,1008 Clearwater Dr,75068,Lakewood Village,TX,32.897995,-96.75691,646900,251.0,,638800.0,4441.0,4.0,4.0,2574.0,2026.0,7405.2,singleFamily,37,,,https://www.zillow.com,https://photos.zillowstatic.com/fp/a5f24ce2696cae56e20c7272cc525f8a-p_c.jpg,2026-05-25 11:52,For Sale
26631618,6016 Derek Trl,75252,Dallas,TX,33.007977,-96.80267,499000,205.0,-26000.0,487600.0,3460.0,3.0,3.0,2440.0,1994.0,6098.4,singleFamily,38,521995.0,2025,https://www.zillow.com,https://photos.zillowstatic.com/fp/ea96f9edfc2d0ae153f8c047e80cb603-p_c.jpg,2026-05-25 11:52,For Sale
96490498,2341 Scott St,75215,Dallas,TX,32.742336,-96.755775,286000,168.0,,,,3.0,3.0,1698.0,2026.0,2439.36,singleFamily,3,51950.0,2025,https://www.zillow.com,https://photos.zillowstatic.com/fp/ecf2938510d75d56ed1a4c2c8b91bfe9-p_c.jpg,2026-05-25 11:52,For Sale
26688370,2725 1st Ave,75210,Dallas,TX,32.767334,-96.750824,259000,144.0,-6000.0,258400.0,2572.0,3.0,3.0,1800.0,2025.0,5575.68,singleFamily,68,199530.0,2025,https://www.zillow.com,https://photos.zillowstatic.com/fp/eb092f9bc635c7c350acb6986e06ce74-p_c.jpg,2026-05-25 11:52,For Sale
461904732,4911 Clover Haven St,75227,Dallas,TX,32.786057,-96.68791,244990,182.0,-5000.0,243700.0,1941.0,3.0,2.0,1348.0,1986.0,3876.84,singleFamily,32,,,https://www.zillow.com,https://photos.zillowstatic.com/fp/1cca90c73b0e892bf3a3ba88ba0de31c-p_c.jpg,2026-05-25 11:52,For Sale
26757450,12 Royal Way,75229,Dallas,TX,32.89329,-96.80995,2287000,428.0,-108000.0,,,4.0,5.0,5343.0,1978.0,7840.8,singleFamily,100,1350000.0,2025,https://www.zillow.com,https://photos.zillowstatic.com/fp/f4c6b464f9bbbd33bc1435ecc182f29f-p_c.jpg,2026-05-25 11:52,For Sale
26754784,6635 Park Ln,75225,Dallas,TX,32.87375,-96.79011,2995000,537.0,,,,5.0,5.0,5582.0,2014.0,9713.88,singleFamily,6,2554000.0,2025,https://www.zillow.com,https://photos.zillowstatic.com/fp/ed0841e1084fa52ae938e68b66a6d4b0-p_c.jpg,2026-05-25 11:52,For Sale
26800888,1338 Pleasant Dr,75217,Dallas,TX,32.735786,-96.6782,220000,148.0,,216800.0,1871.0,3.0,2.0,1491.0,1960.0,0.318,singleFamily,17,204310.0,2025,https://www.zillow.com,https://photos.zillowstatic.com/fp/4dc370c16703facb1891cb0b35dd605b-p_c.jpg,2026-05-25 11:52,For Sale
26777001,1409 Autumn Leaves Trl,75241,Dallas,TX,32.68039,-96.80147,399900,162.0,,397900.0,2364.0,4.0,3.0,2474.0,1957.0,9016.92,singleFamily,10,258690.0,2025,https://www.zillow.com,https://photos.zillowstatic.com/fp/c86724db5a3888a3c1464a73fad1eb9c-p_c.jpg,2026-05-25 11:52,For Sale
26811096,10349 Carry Back Cir,75229,Dallas,TX,32.886555,-96.87352,660000,259.0,,633800.0,3656.0,4.0,3.0,2548.0,1966.0,10018.8,singleFamily,2,452680.0,2025,https://www.zillow.com,https://photos.zillowstatic.com/fp/151501393a269780811c00bcc4400539-p_c.jpg,2026-05-25 11:52,For Sale
26812317,3038 Modella Ave,75229,Dallas,TX,32.90655,-96.87465,310000,252.0,,299900.0,1749.0,2.0,2.0,1232.0,1983.0,4486.68,singleFamily,1,255430.0,2025,https://www.zillow.com,https://photos.zillowstatic.com/fp/7782cced52d8efd43e579fb4fa816b99-p_c.jpg,2026-05-25 11:52,For Sale
442929615,9104 Diceman Dr,75218,Dallas,TX,32.824062,-96.702934,1995999,466.0,,1990500.0,3345.0,4.0,4.0,4282.0,2026.0,0.35600000000000004,singleFamily,3,437500.0,2025,https://www.zillow.com,https://photos.zillowstatic.com/fp/f0efe79e50f2b189c6b91e6d21cc4cbe-p_c.jpg,2026-05-25 11:52,For Sale
26931376,9801 Walnut St #307,75243,Dallas,TX,32.922836,-96.71392,35000,83.0,,,,1.0,1.0,423.0,2023.0,8.814,condo,31,61340.0,2025,https://www.zillow.com,https://photos.zillowstatic.com/fp/427296da7f6eef4208a88893b394f6d6-p_c.jpg,2026-05-25 11:52,For Sale
26752565,7 Royal Terrace Ct,75225,Dallas,TX,32.878517,-96.77836,1550000,346.0,,1476900.0,7410.0,4.0,5.0,4482.0,1983.0,6316.2,singleFamily,50,1519560.0,2025,https://www.zillow.com,https://photos.zillowstatic.com/fp/6a4affb9f843c7e3714abd5a455f06c0-p_c.jpg,2026-05-25 11:52,For Sale
26727535,311 N Montreal Ave,75208,Dallas,TX,32.747475,-96.8541,349000,192.0,,,2512.0,4.0,2.0,1813.0,1943.0,7100.28,multiFamily,6,417670.0,2025,https://www.zillow.com,https://photos.zillowstatic.com/fp/76221319a2557e67bc8b67affd03a438-p_c.jpg,2026-05-25 11:52,For Sale
26764747,3206 N Jim Miller Rd,75227,Dallas,TX,32.764973,-96.7003,115000,86.0,-12989.0,,1905.0,3.0,2.0,1344.0,1930.0,7405.2,singleFamily,43,182110.0,2025,https://www.zillow.com,https://photos.zillowstatic.com/fp/98094e3992ee23128f08902f6eb039e7-p_c.jpg,2026-05-25 11:52,For Sale
26784605,3016 Loganwood Dr,75227,Dallas,TX,32.76412,-96.69356,234950,158.0,,229500.0,1937.0,3.0,2.0,1484.0,1952.0,0.41459999999999997,singleFamily,18,261380.0,2025,https://www.zillow.com,https://photos.zillowstatic.com/fp/bec16707547f3b4e60e18d48d4547fa7-p_c.jpg,2026-05-25 11:52,For Sale
26751582,7719 Deer Trail Dr,75238,Dallas,TX,32.865612,-96.73036,1899000,401.0,-51000.0,1848100.0,7774.0,5.0,6.0,4737.0,2021.0,8058.6,singleFamily,95,1641210.0,2025,https://www.zillow.com,https://photos.zillowstatic.com/fp/8f433e7af995fc310a962c41d6bf9e8e-p_c.jpg,2026-05-25 11:52,For Sale
26859518,7211 Valley View Pl,75240,Dallas,TX,32.927677,-96.78114,1100000,340.0,,,,4.0,4.0,3232.0,1978.0,0.571,singleFamily,6,1138740.0,2025,https://www.zillow.com,https://photos.zillowstatic.com/fp/15bdbeab4c21af31344e4381dff301dd-p_c.jpg,2026-05-25 11:52,For Sale
83995110,9131 Cochran Bluff Ln,75220,Dallas,TX,32.863655,-96.84159,849000,238.0,-50000.0,836100.0,7117.0,4.0,4.0,3561.0,2007.0,6089.688,singleFamily,24,1001910.0,2025,https://www.zillow.com,https://photos.zillowstatic.com/fp/f56847586aebb653b9cefaa56e856053-p_c.jpg,2026-05-25 11:52,For Sale
67964316,2430 Victory Park Ln APT 3001,75219,Dallas,TX,32.788193,-96.80886,5995000,530.0,-500000.0,5497700.0,7320.0,5.0,10.0,11309.0,2004.0,,condo,129,6106860.0,2025,https://www.zillow.com,https://photos.zillowstatic.com/fp/794cd82dcb147553aae482d7eb5599bd-p_c.jpg,2026-05-25 11:52,For Sale
26863461,7439 Stonecrest Dr,75254,Dallas,TX,32.94237,-96.776085,1450000,389.0,,,,5.0,5.0,3724.0,1962.0,0.39899999999999997,singleFamily,44,1004440.0,2025,https://www.zillow.com,https://photos.zillowstatic.com/fp/05779543880ce42cf0afa7ada74410ac-p_c.jpg,2026-05-25 11:52,For Sale
26792745,10050 Gooding Dr,75229,Dallas,TX,32.88201,-96.843,2750000,451.0,,,,5.0,6.0,6100.0,2025.0,0.344,singleFamily,18,1063050.0,2025,https://www.zillow.com,https://photos.zillowstatic.com/fp/e9185bfb300a957216a9364084346b68-p_c.jpg,2026-05-25 11:52,For Sale
96528103,2015 Volga Ave,75216,Dallas,TX,32.702583,-96.79452,340000,154.0,-10000.0,338800.0,2957.0,4.0,3.0,2211.0,2021.0,9496.08,singleFamily,109,391950.0,2025,https://www.zillow.com,https://photos.zillowstatic.com/fp/46e4289531fdacd477e85613e082341e-p_c.jpg,2026-05-25 11:52,For Sale
53390345,509 Elm St APT 503,75202,Dallas,TX,32.779938,-96.807526,245000,290.0,,234800.0,1813.0,1.0,1.0,845.0,1930.0,10018.8,condo,18,251840.0,2025,https://www.zillow.com,https://photos.zillowstatic.com/fp/cf35cb8ff9ebd3fc421096ba71feeb82-p_c.jpg,2026-05-25 11:52,For Sale
26912448,2306 Balvanera Plz,75211,Dallas,TX,32.717636,-96.90108,248000,165.0,,241400.0,2286.0,3.0,3.0,1506.0,2000.0,740.52,singleFamily,11,255430.0,2025,https://www.zillow.com,https://photos.zillowstatic.com/fp/c216ec23116e40e9dec01b99adc05429-p_c.jpg,2026-05-25 11:52,For Sale
26752424,6936 Stefani Dr,75225,Dallas,TX,32.87816,-96.78539,1200000,431.0,,,5712.0,4.0,3.0,2784.0,1967.0,0.30647382920110194,singleFamily,17,800000.0,2025,https://www.zillow.com,https://photos.zillowstatic.com/fp/11ae8562cb0bb5b2c71e07f66484b236-p_c.jpg,2026-05-25 11:52,For Sale
26828648,3732 Kiest Knoll Dr,75233,Dallas,TX,32.70726,-96.882935,360000,173.0,-5000.0,352800.0,2455.0,4.0,2.0,2082.0,1970.0,0.28200000000000003,singleFamily,23,322630.0,2025,https://www.zillow.com,https://photos.zillowstatic.com/fp/043c4095c47a15a4c2ac4220bab0b6d7-p_c.jpg,2026-05-25 11:52,For Sale
96520503,6038 Plum Dale Rd,75241,Dallas,TX,32.672695,-96.77736,419700,194.0,-4000.0,418400.0,2719.0,4.0,3.0,2168.0,2026.0,6316.2,singleFamily,37,65000.0,2025,https://www.zillow.com,https://photos.zillowstatic.com/fp/73f68e275c972a6613a933cd5d7f7582-p_c.jpg,2026-05-25 11:52,For Sale
26811487,10455 Allegheny Dr,75229,Dallas,TX,32.889927,-96.88175,345000,173.0,-5000.0,337500.0,3550.0,4.0,3.0,2000.0,1957.0,7492.32,singleFamily,79,388100.0,2025,https://www.zillow.com,https://photos.zillowstatic.com/fp/3fb2c83dcc39e16fa8f3b4b401a76280-p_c.jpg,2026-05-25 11:52,For Sale
26701044,7159 Wildgrove Ave,75214,Dallas,TX,32.81608,-96.73312,2300000,558.0,,,,5.0,5.0,4120.0,2026.0,9060.48,singleFamily,17,818680.0,2025,https://www.zillow.com,https://photos.zillowstatic.com/fp/8e1facd4b53d61e0ff601fbee19ad7a4-p_c.jpg,2026-05-25 11:52,For Sale
26832259,3321 Coronet Blvd,75212,Dallas,TX,32.78198,-96.83168,1200000,327.0,,1157900.0,6444.0,5.0,6.0,3675.0,2024.0,5052.96,singleFamily,25,837460.0,2025,https://www.zillow.com,https://photos.zillowstatic.com/fp/a95512fef5aa61c2e68d5a370e641a45-p_c.jpg,2026-05-25 11:52,For Sale
26749814,7229 Haverford Dr,75214,Dallas,TX,32.851215,-96.737785,1550000,427.0,-25000.0,1505600.0,6766.0,4.0,5.0,3634.0,2020.0,7623.0,singleFamily,52,1203300.0,2025,https://www.zillow.com,https://photos.zillowstatic.com/fp/3484090a1d350c2c15f55435ba845dc5-p_c.jpg,2026-05-25 11:52,For Sale
26692181,5123 Milam St,75206,Dallas,TX,32.818798,-96.78528,1200000,313.0,-75000.0,,,5.0,4.0,3840.0,1935.0,5898.024,singleFamily,95,1282400.0,2025,https://www.zillow.com,https://photos.zillowstatic.com/fp/0330da9e1325b780a4a4d2d417cd96bf-p_c.jpg,2026-05-25 11:52,For Sale
26754794,6815 Park Ln,75225,Dallas,TX,32.873745,-96.78783,2245000,475.0,,2122500.0,7940.0,5.0,7.0,4724.0,2007.0,9844.56,singleFamily,4,2265490.0,2025,https://www.zillow.com,https://photos.zillowstatic.com/fp/2704b71467b011306697dcbb3a90c91b-p_c.jpg,2026-05-25 11:52,For Sale
26694156,6162 Llano Ave,75214,Dallas,TX,32.821747,-96.75902,1575000,400.0,-20000.0,,,4.0,4.0,3939.0,2007.0,7492.32,singleFamily,38,1439860.0,2025,https://www.zillow.com,https://photos.zillowstatic.com/fp/76ea8900dc6faf87dfae1bd90cb2f63d-p_c.jpg,2026-05-25 11:52,For Sale
26868929,9405 Rocky Branch Dr,75243,Dallas,TX,32.89981,-96.73746,824500,256.0,,,,5.0,4.0,3218.0,1976.0,0.281,singleFamily,16,976850.0,2025,https://www.zillow.com,https://photos.zillowstatic.com/fp/3b4036b9140fc71d17d4c34b1b3b7bac-p_c.jpg,2026-05-25 11:52,For Sale
26867067,9523 Highedge Dr,75238,Dallas,TX,32.875874,-96.72639,825000,275.0,,790600.0,4214.0,4.0,3.0,3005.0,1963.0,8755.56,singleFamily,11,753570.0,2025,https://www.zillow.com,https://photos.zillowstatic.com/fp/30fe6cbfda404e8babadb37974a14cce-p_c.jpg,2026-05-25 11:52,For Sale
26804773,4558 Shady Hill Dr,75229,Dallas,TX,32.906017,-96.829956,1350000,357.0,,1277700.0,6992.0,4.0,4.0,3780.0,1962.0,0.39399999999999996,singleFamily,62,1311200.0,2025,https://www.zillow.com,https://photos.zillowstatic.com/fp/133f61c3356d64b53441f3ff4fc020b1-p_c.jpg,2026-05-25 11:52,For Sale
26870574,6802 Bert Ln,75240,Dallas,TX,32.938572,-96.78763,1970000,344.0,-10000.0,1881800.0,7970.0,5.0,6.0,5722.0,1978.0,0.42000000000000004,singleFamily,80,684900.0,2015,https://www.zillow.com,https://photos.zillowstatic.com/fp/22125157cba0cc3a6f001cfb9d2f2ee9-p_c.jpg,2026-05-25 11:52,For Sale
26826948,3618 Pomeroy Dr,75233,Dallas,TX,32.698414,-96.8804,295000,172.0,,288300.0,2422.0,3.0,2.0,1712.0,1970.0,10585.08,singleFamily,3,318090.0,2025,https://www.zillow.com,https://photos.zillowstatic.com/fp/02b848db5dd28959ff8295bdd4181301-p_c.jpg,2026-05-25 11:52,For Sale
26648084,5607 Willow Wood Ln,75252,Dallas,TX,33.011772,-96.8129,1050000,246.0,,1000800.0,6103.0,5.0,5.0,4265.0,2000.0,0.35,singleFamily,0,824199.0,2025,https://www.zillow.com,https://photos.zillowstatic.com/fp/eb76103fce05fd7cab7016ad9e0f997c-p_c.jpg,2026-05-25 11:52,For Sale
26876362,16817 Rustic Meadows Dr,75248,Dallas,TX,32.9807,-96.80396,599000,274.0,,581600.0,3444.0,3.0,3.0,2190.0,1977.0,7448.76,singleFamily,17,592530.0,2025,https://www.zillow.com,https://photos.zillowstatic.com/fp/17f7fcce6020c0cc5a64d7d0d7bdb008-p_c.jpg,2026-05-25 11:52,For Sale
26848303,6275 Preston Creek Dr,75240,Dallas,TX,32.937862,-96.79934,1675000,421.0,,1633700.0,6081.0,3.0,4.0,3978.0,1971.0,0.582,singleFamily,17,1360590.0,2025,https://www.zillow.com,https://photos.zillowstatic.com/fp/03d4a18b397f4405f6c745b3b715c0d5-p_c.jpg,2026-05-25 11:52,For Sale
26735810,8546 Glencrest Ln,75209,Dallas,TX,32.855484,-96.84515,1750000,397.0,,,,4.0,5.0,4404.0,2020.0,8276.4,singleFamily,5,1726000.0,2025,https://www.zillow.com,https://photos.zillowstatic.com/fp/9488dd8e07f107c9f99770e34cb39ecf-p_c.jpg,2026-05-25 11:52,For Sale
26680664,1726 Driskell St,75215,Dallas,TX,32.755207,-96.76747,400000,148.0,-25000.0,398900.0,2920.0,5.0,3.0,2700.0,2026.0,7492.32,singleFamily,92,264390.0,2025,https://www.zillow.com,https://photos.zillowstatic.com/fp/5c4259d94c037232f1d4ff086b284119-p_c.jpg,2026-05-25 11:52,For Sale
26866546,9607 Greensprint Dr,75238,Dallas,TX,32.885036,-96.72301,1175000,429.0,-25000.0,1129300.0,4487.0,5.0,4.0,2736.0,1979.0,8668.44,singleFamily,46,806110.0,2025,https://www.zillow.com,https://photos.zillowstatic.com/fp/fbc2f858114d4b740ea70a68d75d24ea-p_c.jpg,2026-05-25 11:52,For Sale
333139714,419 W Colorado Blvd,75208,Dallas,TX,32.759697,-96.82812,2590000,532.0,-4000.0,2487800.0,7975.0,4.0,6.0,4871.0,2025.0,7971.48,singleFamily,46,1411780.0,2025,https://www.zillow.com,https://photos.zillowstatic.com/fp/d3c0980282cf12e231bf4bfb14801fde-p_c.jpg,2026-05-25 11:52,For Sale
96519726,438 Bonnie View Rd,75203,Dallas,TX,32.743176,-96.794655,590000,217.0,,581300.0,3812.0,5.0,3.0,2720.0,2026.0,3920.4,singleFamily,18,90000.0,2025,https://www.zillow.com,https://photos.zillowstatic.com/fp/7af4a225cd4bf3bc402900ff4b6ab2fd-p_c.jpg,2026-05-25 11:52,For Sale
461961408,1718 Tenison Hills Ct,75228,Dallas,TX,32.80528,-96.71932,1197000,491.0,,1169600.0,3104.0,3.0,4.0,2436.0,2026.0,5993.856,singleFamily,31,,,https://www.zillow.com,https://photos.zillowstatic.com/fp/5e9365830f8c22f88a76dcb1364c9144-p_c.jpg,2026-05-25 11:52,For Sale
26749213,6241 Rincon Way,75214,Dallas,TX,32.85477,-96.75469,725000,225.0,,692700.0,3025.0,4.0,4.0,3216.0,1970.0,0.27899999999999997,multiFamily,13,385310.0,2025,https://www.zillow.com,https://photos.zillowstatic.com/fp/e7025776a486f106853288d252efe5ed-p_c.jpg,2026-05-25 11:52,For Sale
462624668,3424 Navaro St,75212,Dallas,TX,32.78438,-96.8462,709000,245.0,,,,4.0,4.0,2890.0,2026.0,4965.84,singleFamily,2,,,https://www.zillow.com,https://photos.zillowstatic.com/fp/d2c05660eb020c1d4da838609c87e366-p_c.jpg,2026-05-25 11:52,For Sale
96514266,1815 Kingsley Dr,75216,Dallas,TX,32.688026,-96.79526,30000,,-3200.0,,1425.0,,,,,0.622,land,545,112500.0,2025,https://www.zillow.com,https://photos.zillowstatic.com/fp/7ca35be8edb4200e90775bb805a47094-p_c.jpg,2026-05-25 11:52,For Sale
96531451,12102 Jackson Creek Dr,75243,Dallas,TX,32.912968,-96.71752,625000,206.0,-17000.0,617000.0,4261.0,4.0,4.0,3034.0,2013.0,0.258,singleFamily,27,631260.0,2025,https://www.zillow.com,https://photos.zillowstatic.com/fp/7c6fbf55d938fe6fa9df292d30ea845d-p_c.jpg,2026-05-25 11:52,For Sale
26716918,326 Vermont Ave,75216,Dallas,TX,32.72789,-96.81888,389000,219.0,-9000.0,381400.0,1947.0,3.0,2.0,1776.0,1949.0,7666.56,singleFamily,58,341510.0,2025,https://www.zillow.com,https://photos.zillowstatic.com/fp/ae559239effe128a8a87f6ecab5bf4d5-p_c.jpg,2026-05-25 11:52,For Sale
26793371,7433 Vallejo Dr,75227,Dallas,TX,32.75497,-96.694695,209000,150.0,-20000.0,208100.0,1961.0,3.0,2.0,1396.0,1954.0,9321.84,singleFamily,65,241490.0,2025,https://www.zillow.com,https://photos.zillowstatic.com/fp/51b623c5817fa16a548b2f0b15429b49-p_c.jpg,2026-05-25 11:52,For Sale
26701389,6954 La Vista Dr,75214,Dallas,TX,32.810677,-96.739105,3095000,581.0,,,,5.0,5.0,5326.0,2026.0,7753.68,singleFamily,11,703650.0,2025,https://www.zillow.com,https://photos.zillowstatic.com/fp/bbbc0f5c2d2aad895ad81b81fe35d6e2-p_c.jpg,2026-05-25 11:52,For Sale
26873835,6906 Brentfield Dr,75248,Dallas,TX,32.974575,-96.78829,740000,234.0,-35000.0,724500.0,5931.0,4.0,4.0,3167.0,1977.0,8537.76,singleFamily,172,711010.0,2025,https://www.zillow.com,https://photos.zillowstatic.com/fp/1b782d264e54773776d3f33c47f671ec-p_c.jpg,2026-05-25 11:52,For Sale
26883107,12717 Hornbeam Dr,75243,Dallas,TX,32.920685,-96.70821,328995,163.0,-1000.0,326500.0,3149.0,3.0,2.0,2015.0,1983.0,0.29,singleFamily,79,314410.0,2025,https://www.zillow.com,https://photos.zillowstatic.com/fp/a52a17819bc84382155141766e658b1d-p_c.jpg,2026-05-25 11:52,For Sale
26690753,5336 Willis Ave,75206,Dallas,TX,32.819965,-96.77828,1545000,428.0,,1477700.0,7998.0,5.0,4.0,3607.0,2005.0,7797.24,singleFamily,4,1342110.0,2025,https://www.zillow.com,https://photos.zillowstatic.com/fp/d9f1b848cdc10f01c8ec964c70de7cb7-p_c.jpg,2026-05-25 11:52,For Sale
67966194,3222 Wycliff Ave,75219,Dallas,TX,32.814323,-96.81366,525000,308.0,,513000.0,3353.0,2.0,3.0,1704.0,2004.0,0.387,condo,2,467000.0,2025,https://www.zillow.com,https://photos.zillowstatic.com/fp/caea85e7bcf0f288cc35c7719ee91512-p_c.jpg,2026-05-25 11:52,For Sale
26759936,8605 Preston Rd,75225,Dallas,TX,32.868378,-96.80515,17500000,1931.0,-5500000.0,,,2.0,6.0,9062.0,1996.0,3.204,singleFamily,202,8696530.0,2025,https://www.zillow.com,https://photos.zillowstatic.com/fp/ddd282a73cbd1cbf70b64d742471e30f-p_c.jpg,2026-05-25 11:52,For Sale
26860038,8034 Greenhollow Ln,75240,Dallas,TX,32.93785,-96.76769,418000,200.0,,412900.0,2669.0,5.0,3.0,2086.0,1961.0,8102.16,singleFamily,10,314120.0,2025,https://www.zillow.com,https://photos.zillowstatic.com/fp/d99684671c4bcd078842ebe66e66f571-p_c.jpg,2026-05-25 11:52,For Sale
26832611,3351 Conroe St,75212,Dallas,TX,32.783188,-96.83788,570000,256.0,,558800.0,3752.0,4.0,3.0,2225.0,2023.0,5009.4,singleFamily,2,495910.0,2025,https://www.zillow.com,https://photos.zillowstatic.com/fp/263f66bcfc541706125dd2e5f3ff310f-p_c.jpg,2026-05-25 11:52,For Sale
26696257,907 Monte Vista Dr,75223,Dallas,TX,32.803738,-96.74064,829000,404.0,-20000.0,,,3.0,2.0,2052.0,1945.0,7666.56,singleFamily,46,820310.0,2025,https://www.zillow.com,https://photos.zillowstatic.com/fp/f3ebe264889a12c98d1c9e8b86ba3be8-p_c.jpg,2026-05-25 11:52,For Sale
80234564,830 Kessler Woods Trl,75208,Dallas,TX,32.752304,-96.85268,1799000,504.0,-26000.0,,,4.0,4.0,3566.0,2006.0,6621.12,singleFamily,82,1486670.0,2025,https://www.zillow.com,https://photos.zillowstatic.com/fp/20542c0ff62226f513dd9119c1dab466-p_c.jpg,2026-05-25 11:52,For Sale
26678996,713 N Carroll Ave,75246,Dallas,TX,32.79606,-96.77314,550000,130.0,,,5722.0,3.0,5.0,4221.0,1903.0,5000.688,singleFamily,248,547470.0,2025,https://www.zillow.com,https://photos.zillowstatic.com/fp/f7957d5af64d844e0f1f43c596a04fb4-p_c.jpg,2026-05-25 11:52,For Sale
338034499,1028 Cavour Pl,75204,Dallas,TX,32.795773,-96.776985,539900,297.0,,,,3.0,3.0,1816.0,2021.0,1960.2,singleFamily,2,453130.0,2025,https://www.zillow.com,https://photos.zillowstatic.com/fp/a5e14e7c59cc4e2ced2f3ca2ec87d801-p_c.jpg,2026-05-25 11:52,For Sale
96514987,1967 Gallagher St,75212,Dallas,TX,32.784996,-96.85322,819000,183.0,,,,5.0,4.0,4483.0,2026.0,6490.44,singleFamily,11,161880.0,2025,https://www.zillow.com,https://photos.zillowstatic.com/fp/16db42ed506d380a72dc3353a63e2662-p_c.jpg,2026-05-25 11:52,For Sale
26773713,631 Cove Hollow Dr,75224,Dallas,TX,32.69571,-96.83353,194900,139.0,-15000.0,,2026.0,3.0,2.0,1404.0,1965.0,8407.08,singleFamily,75,307390.0,2025,https://www.zillow.com,https://photos.zillowstatic.com/fp/08f1fc2e1845ccaaadce28b9066439f7-p_c.jpg,2026-05-25 11:52,For Sale
26789050,3963 Rochelle Dr,75220,Dallas,TX,32.874653,-96.84847,2395000,481.0,,2281100.0,6279.0,5.0,5.0,4981.0,2024.0,8232.84,singleFamily,4,1784940.0,2025,https://www.zillow.com,https://photos.zillowstatic.com/fp/a4d5cfd9888ced5fe4836546a5e64cca-p_c.jpg,2026-05-25 11:52,For Sale
462110169,4739 Gretna St #102,75207,Dallas,TX,32.80332,-96.84953,659000,339.0,,642600.0,3906.0,2.0,3.0,1943.0,2026.0,6011.28,condo,23,,,https://www.zillow.com,https://photos.zillowstatic.com/fp/b761db9cfedf5b01eed4bd95b65efc0a-p_c.jpg,2026-05-25 11:52,For Sale
26744248,9907 Donegal Dr,75218,Dallas,TX,32.840946,-96.70101,849999,446.0,,838100.0,3338.0,3.0,2.0,1904.0,1950.0,0.28800000000000003,singleFamily,13,715810.0,2025,https://www.zillow.com,https://photos.zillowstatic.com/fp/d1e663172a53344b909136d0ed49bba5-p_c.jpg,2026-05-25 11:52,For Sale
26743080,10528 Swallow Ln,75218,Dallas,TX,32.84765,-96.69465,579900,342.0,-10000.0,556200.0,3587.0,3.0,2.0,1696.0,1958.0,8494.2,singleFamily,45,514530.0,2025,https://www.zillow.com,https://photos.zillowstatic.com/fp/d9ad487a191d3bdbba56546542c5cd59-p_c.jpg,2026-05-25 11:52,For Sale
26794509,2009 Las Cruces Ln,75217,Dallas,TX,32.746864,-96.69332,165000,113.0,,,1841.0,3.0,2.0,1462.0,1954.0,7361.64,singleFamily,3,237650.0,2025,https://www.zillow.com,https://photos.zillowstatic.com/fp/5b808f90342d643d36b80e628bc71c2c-p_c.jpg,2026-05-25 11:52,For Sale
26637978,17927 Windflower Way,75252,Dallas,TX,32.996372,-96.80392,409900,189.0,-10000.0,402900.0,3022.0,3.0,3.0,2174.0,1990.0,4225.32,singleFamily,45,454758.0,2025,https://www.zillow.com,https://photos.zillowstatic.com/fp/4c5259b325b83ee8aa05f6f603970e5c-p_c.jpg,2026-05-25 11:52,For Sale
26869885,9206 Club Glen Dr,75243,Dallas,TX,32.901005,-96.74424,1250000,276.0,,1187800.0,6237.0,4.0,4.0,4537.0,1980.0,0.277,singleFamily,9,1046420.0,2025,https://www.zillow.com,https://photos.zillowstatic.com/fp/0163b3309e8adb4a615264347a0d944f-p_c.jpg,2026-05-25 11:52,For Sale
462625866,2632 Durham St,75241,Dallas,TX,32.678436,-96.77721,379000,235.0,,,,3.0,2.0,1616.0,2026.0,6272.64,singleFamily,3,,,https://www.zillow.com,https://photos.zillowstatic.com/fp/2adc3fbb830adbe4d693f05e807d4e98-p_c.jpg,2026-05-25 11:52,For Sale
83997571,6 Vanguard Way,75243,Dallas,TX,32.904015,-96.76336,949000,383.0,,908300.0,3082.0,3.0,3.0,2478.0,2007.0,6708.24,singleFamily,10,1015200.0,2025,https://www.zillow.com,https://photos.zillowstatic.com/fp/3ad0fcc2ea8e5372b9997340c83d0f63-p_c.jpg,2026-05-25 11:52,For Sale
26754990,6430 Stefani Dr,75225,Dallas,TX,32.877773,-96.794106,4475000,592.0,,,,5.0,7.0,7557.0,2007.0,0.413,singleFamily,18,3731400.0,2025,https://www.zillow.com,https://photos.zillowstatic.com/fp/d7a5afb670c1cb714d893a982ab7e0b2-p_c.jpg,2026-05-25 11:52,For Sale
26704599,5332 Longview St,75206,Dallas,TX,32.830578,-96.778336,795000,384.0,,,,3.0,3.0,2068.0,2005.0,3963.96,singleFamily,14,731620.0,2025,https://www.zillow.com,https://photos.zillowstatic.com/fp/4390a125fc11517c3b759ed69c99bcae-p_c.jpg,2026-05-25 11:52,For Sale
26867483,7115 Cosgrove Dr,75231,Dallas,TX,32.87654,-96.74019,949000,351.0,-10000.0,919700.0,4651.0,4.0,3.0,2701.0,1974.0,8973.36,singleFamily,17,756550.0,2025,https://www.zillow.com,https://photos.zillowstatic.com/fp/f77a69f2bfbcb175281e2ba5bcb96d3a-p_c.jpg,2026-05-25 11:52,For Sale
96526413,2401 Peabody Ave,75215,Dallas,TX,32.76466,-96.772224,510000,189.0,,506200.0,4007.0,4.0,4.0,2701.0,2025.0,8712.0,singleFamily,18,80000.0,2025,https://www.zillow.com,https://photos.zillowstatic.com/fp/7e43cc37f59097fe17408253b94bb1cc-p_c.jpg,2026-05-25 11:52,For Sale
26841509,2519 Maverick Ave,75228,Dallas,TX,32.82083,-96.67245,330000,176.0,,326800.0,2487.0,3.0,3.0,1872.0,1955.0,8450.64,singleFamily,2,313620.0,2025,https://www.zillow.com,https://photos.zillowstatic.com/fp/b46e2f1ece1e36f964a00a95f15c51a2-p_c.jpg,2026-05-25 11:52,For Sale
462579429,1999 McKinney Ave APT 605,75205,Dallas,TX,32.816376,-96.79015,799000,330.0,,,,2.0,2.0,2421.0,2000.0,0.668,condo,17,,,https://www.zillow.com,https://photos.zillowstatic.com/fp/31663cde978fa22ac5c4ae36649c6e7f-p_c.jpg,2026-05-25 11:52,For Sale
26704419,5432 Martel Ave,75206,Dallas,TX,32.831528,-96.77591,975000,388.0,,,,3.0,4.0,2510.0,2014.0,3397.68,singleFamily,28,817420.0,2025,https://www.zillow.com,https://photos.zillowstatic.com/fp/6fbf87a01fab011fed5c178db0bd27a6-p_c.jpg,2026-05-25 11:52,For Sale
162813533,645 Kessler Reserve Ct,75208,Dallas,TX,32.756145,-96.833405,1795000,426.0,-80000.0,1741000.0,6402.0,4.0,4.0,4213.0,2015.0,0.34900000000000003,singleFamily,58,1702900.0,2025,https://www.zillow.com,https://photos.zillowstatic.com/fp/21f22f8b9c5cfd50ed8d159a132e2771-p_c.jpg,2026-05-25 11:52,For Sale
27338852,2848 Harbinger Ln,75287,Dallas,TX,32.99178,-96.865456,295000,257.0,,289200.0,1914.0,2.0,2.0,1148.0,1984.0,3615.48,singleFamily,5,296000.0,2025,https://www.zillow.com,https://photos.zillowstatic.com/fp/3786cced07de3c2c92e815c26c299739-p_c.jpg,2026-05-25 11:52,For Sale
26848651,6566 Ridgeview Cir,75240,Dallas,TX,32.927986,-96.792366,1200000,366.0,,1144300.0,7065.0,4.0,5.0,3282.0,1958.0,0.44899999999999995,singleFamily,9,794500.0,2025,https://www.zillow.com,https://photos.zillowstatic.com/fp/743df58e4f710a878681fac53f7bead2-p_c.jpg,2026-05-25 11:52,For Sale
26849669,12102 Vendome Pl,75230,Dallas,TX,32.91351,-96.79944,1749000,393.0,,1649800.0,6948.0,3.0,5.0,4446.0,1985.0,10323.72,singleFamily,13,1408810.0,2025,https://www.zillow.com,https://photos.zillowstatic.com/fp/2dc60e403fbbd18d71c46092ae4d0919-p_c.jpg,2026-05-25 11:52,For Sale
462188440,233 Woodoat Rd,75165,Waxahachie,TX,32.79852,-96.79852,574900,221.0,-3000.0,571200.0,6103.0,4.0,4.0,2599.0,2026.0,9147.6,singleFamily,19,,,https://www.zillow.com,https://photos.zillowstatic.com/fp/d84c819e4eff6b9d1fa681b408ae0a32-p_c.jpg,2026-05-25 11:52,For Sale
26706213,6625 Bob O Link Dr,75214,Dallas,TX,32.831596,-96.745895,2999000,732.0,-251000.0,,,4.0,3.0,4098.0,1949.0,0.335,singleFamily,126,1900230.0,2025,https://www.zillow.com,https://photos.zillowstatic.com/fp/a90797a118bfe0994a316865cb62815b-p_c.jpg,2026-05-25 11:52,For Sale
26900077,2630 Lakeforest Ct,75214,Dallas,TX,32.815388,-96.73142,675000,393.0,-14000.0,661200.0,3904.0,3.0,2.0,1718.0,1994.0,5488.56,singleFamily,38,677000.0,2025,https://www.zillow.com,https://photos.zillowstatic.com/fp/320d44d7e8ca7732caf04eb647fd54e1-p_c.jpg,2026-05-25 11:52,For Sale
26874249,7736 El Santo Ln,75248,Dallas,TX,32.961174,-96.77407,499000,216.0,-20000.0,494200.0,3395.0,4.0,2.0,2312.0,1966.0,9147.6,singleFamily,199,560070.0,2025,https://www.zillow.com,https://photos.zillowstatic.com/fp/5b34d63adc5906b6f384e02097ffc000-p_c.jpg,2026-05-25 11:52,For Sale
341774501,4029 Ivanhoe Ln,75212,Dallas,TX,32.792294,-96.85557,875000,226.0,-5000.0,859100.0,4311.0,5.0,4.0,3868.0,2023.0,7666.56,singleFamily,240,902480.0,2025,https://www.zillow.com,https://photos.zillowstatic.com/fp/6fa3ac75b3fcee965794e419c9129538-p_c.jpg,2026-05-25 11:52,For Sale
26633938,4315 Creekmeadow Dr,75287,Dallas,TX,32.995464,-96.836174,750000,263.0,,730900.0,4256.0,4.0,3.0,2850.0,1986.0,8276.4,singleFamily,9,753343.0,2025,https://www.zillow.com,https://photos.zillowstatic.com/fp/0a6c4ebd49ca8cc41d704b1722acf52b-p_c.jpg,2026-05-25 11:52,For Sale
26890583,7610 Bantry Cir,75248,Dallas,TX,32.98553,-96.77634,735000,254.0,,,,4.0,3.0,2890.0,1978.0,10672.2,singleFamily,9,757840.0,2025,https://www.zillow.com,https://photos.zillowstatic.com/fp/6a75ab841929942488ed6aa915c78476-p_c.jpg,2026-05-25 11:52,For Sale
26844909,2406 Magna Vista Dr,75216,Dallas,TX,32.721066,-96.78335,287500,217.0,,,,3.0,3.0,1325.0,1958.0,0.283,singleFamily,2,227680.0,2025,https://www.zillow.com,https://photos.zillowstatic.com/fp/c0028c99aaf9ab238034273d06a48850-p_c.jpg,2026-05-25 11:52,For Sale
26773395,227 Halsey St,75224,Dallas,TX,32.710056,-96.82593,199500,114.0,-19000.0,193800.0,2475.0,4.0,2.0,1750.0,1948.0,7814.664,singleFamily,40,256690.0,2025,https://www.zillow.com,https://photos.zillowstatic.com/fp/3a13c4a2d417a34edc5ec4fa43630e00-p_c.jpg,2026-05-25 11:52,For Sale
303984242,1918 Olive St Unit 4202,75201,Dallas,TX,32.78935,-96.800224,11500000,2458.0,,10652500.0,5074.0,2.0,4.0,4678.0,2020.0,,condo,174,8899990.0,2025,https://www.zillow.com,https://photos.zillowstatic.com/fp/b0e6d74d3346417389064823dfa7a7ce-p_c.jpg,2026-05-25 11:52,For Sale
26703419,6117 Martel Ave,75214,Dallas,TX,32.83186,-96.760796,850000,520.0,-9000.0,816100.0,3219.0,2.0,2.0,1635.0,1938.0,6534.0,singleFamily,87,677600.0,2025,https://www.zillow.com,https://photos.zillowstatic.com/fp/0974614abd837c7698742ef93fe7bc50-p_c.jpg,2026-05-25 11:52,For Sale
26701135,6803 Casa Loma Ave,75214,Dallas,TX,32.813995,-96.743416,2799900,578.0,,2690500.0,4048.0,4.0,7.0,4842.0,2025.0,10846.44,singleFamily,6,983140.0,2025,https://www.zillow.com,https://photos.zillowstatic.com/fp/a3290572364f0f2aa56b4246faea00e3-p_c.jpg,2026-05-25 11:52,For Sale
26710002,206 S Edgefield Ave,75208,Dallas,TX,32.74384,-96.84383,565000,309.0,-10000.0,545700.0,2894.0,3.0,3.0,1828.0,1926.0,6838.92,singleFamily,59,595180.0,2025,https://www.zillow.com,https://photos.zillowstatic.com/fp/47d27720119bf5607414d802d801cbb8-p_c.jpg,2026-05-25 11:52,For Sale
300036720,1527 Hickory St,75215,Dallas,TX,32.76908,-96.7874,336000,237.0,-163000.0,332100.0,2502.0,2.0,3.0,1418.0,2021.0,2352.0,singleFamily,9,463230.0,2025,https://www.zillow.com,https://photos.zillowstatic.com/fp/6040d22a17c122b1448e87b0ecea2eff-p_c.jpg,2026-05-25 11:52,For Sale
26808623,3227 Dothan Ln,75229,Dallas,TX,32.898144,-96.86944,1850000,369.0,,1791000.0,7685.0,5.0,6.0,5013.0,2026.0,10193.04,singleFamily,38,527340.0,2025,https://www.zillow.com,https://photos.zillowstatic.com/fp/c9addbeb4b92eb7a07c483b2e4c5c2c0-p_c.jpg,2026-05-25 11:52,For Sale
26859692,13814 Brookgreen Dr,75240,Dallas,TX,32.932476,-96.76583,279900,170.0,-10099.0,276200.0,2637.0,3.0,3.0,1651.0,1969.0,3005.64,townhome,73,323250.0,2025,https://www.zillow.com,https://photos.zillowstatic.com/fp/4aedf8d5c22c4c8906da4c0cb0d23c35-p_c.jpg,2026-05-25 11:52,For Sale
26869122,8904 Meadowknoll Dr,75243,Dallas,TX,32.89797,-96.72979,1175000,264.0,,1126500.0,6666.0,5.0,6.0,4458.0,2006.0,0.299,singleFamily,38,1138430.0,2025,https://www.zillow.com,https://photos.zillowstatic.com/fp/63c7007b6d873dab62329d87b9313953-p_c.jpg,2026-05-25 11:52,For Sale
26869618,9233 Middle Glen Dr,75243,Dallas,TX,32.90382,-96.73902,725000,263.0,,698900.0,3801.0,4.0,3.0,2759.0,1976.0,9016.92,singleFamily,3,719820.0,2025,https://www.zillow.com,https://photos.zillowstatic.com/fp/c04697792c87e3a5b9236b2da4f33356-p_c.jpg,2026-05-25 11:52,For Sale
26741018,9003 Santa Clara Dr,75218,Dallas,TX,32.82386,-96.70595,575000,442.0,,,,2.0,2.0,1302.0,1940.0,8668.44,singleFamily,5,535000.0,2025,https://www.zillow.com,https://photos.zillowstatic.com/fp/6fb06b5687ff5b5e40f2c8de86de14a8-p_c.jpg,2026-05-25 11:52,For Sale
26759664,5707 Watson Cir,75225,Dallas,TX,32.875942,-96.809746,2995000,477.0,-155000.0,2844900.0,17979.0,5.0,6.0,6283.0,2005.0,0.724,singleFamily,46,2500740.0,2025,https://www.zillow.com,https://photos.zillowstatic.com/fp/e880a99748fa42f57a2cf2411efacd32-p_c.jpg,2026-05-25 11:52,For Sale
26698802,5322 W Mockingbird Ln,75209,Dallas,TX,32.8364,-96.820786,1149000,499.0,-26000.0,1109100.0,7450.0,3.0,3.0,2303.0,1979.0,7927.92,singleFamily,43,1062700.0,2025,https://www.zillow.com,https://photos.zillowstatic.com/fp/7b47b8d9d4b9e7b0c75cf14c1b3b6bd4-p_c.jpg,2026-05-25 11:52,For Sale
120752006,9668 Rockpoint Ct,75238,Dallas,TX,32.878536,-96.71935,1749000,344.0,-46000.0,,,5.0,5.0,5080.0,2012.0,0.311,singleFamily,30,1632460.0,2025,https://www.zillow.com,https://photos.zillowstatic.com/fp/bca7223b866ce94954ee42a2d50f5dab-p_c.jpg,2026-05-25 11:52,For Sale
53085100,18653 Vista Del Sol,75287,Dallas,TX,33.003937,-96.83422,495000,232.0,,483600.0,3585.0,3.0,3.0,2135.0,1986.0,6098.4,singleFamily,16,526500.0,2025,https://www.zillow.com,https://photos.zillowstatic.com/fp/d4c0178136ebe9dd1f93021ee9eb22f7-p_c.jpg,2026-05-25 11:52,For Sale
26803796,5832 Meadow Crest Dr,75230,Dallas,TX,32.90309,-96.80665,1945000,383.0,-50000.0,1865300.0,7346.0,5.0,6.0,5083.0,1955.0,0.4155,singleFamily,57,1437680.0,2025,https://www.zillow.com,https://photos.zillowstatic.com/fp/0c47522edc3b40f1e22ed276dc1bcf07-p_c.jpg,2026-05-25 11:52,For Sale
26586072,4208 Bretton Bay Cir,75287,Dallas,TX,32.99047,-96.83813,728985,195.0,,703300.0,5904.0,5.0,5.0,3731.0,1978.0,0.29,singleFamily,32,854163.0,2025,https://www.zillow.com,https://photos.zillowstatic.com/fp/0d1b05968138dd2efb376093cef5f2a7-p_c.jpg,2026-05-25 11:52,For Sale
96515571,20 Vanguard Way,75243,Dallas,TX,32.9032,-96.763535,1350000,585.0,300000.0,1277000.0,3897.0,2.0,3.0,2308.0,2017.0,0.26599999999999996,singleFamily,9,1350000.0,2025,https://www.zillow.com,https://photos.zillowstatic.com/fp/ef310e34b6ccbee937d60c02a46e4327-p_c.jpg,2026-05-25 11:52,For Sale
26803542,5709 Forest Ln,75230,Dallas,TX,32.909958,-96.81026,1149000,399.0,-13000.0,1104500.0,5856.0,4.0,3.0,2883.0,1962.0,0.483,singleFamily,32,993250.0,2025,https://www.zillow.com,https://photos.zillowstatic.com/fp/0d65427a00c263276a382ccf56a5e63e-p_c.jpg,2026-05-25 11:52,For Sale
26871764,14952 Knollview Dr,75248,Dallas,TX,32.953938,-96.786,925000,325.0,,,,4.0,4.0,2845.0,1967.0,0.27599999999999997,singleFamily,5,900000.0,2025,https://www.zillow.com,https://photos.zillowstatic.com/fp/85a4795e5a1626e34f776b7f6f5b2caa-p_c.jpg,2026-05-25 11:52,For Sale
26734345,4610 Bluffview Blvd,75209,Dallas,TX,32.858326,-96.83136,5299000,810.0,-196000.0,,,4.0,6.0,6545.0,2002.0,0.6799999999999999,singleFamily,55,6234810.0,2025,https://www.zillow.com,https://photos.zillowstatic.com/fp/8e42510fee52086e7cec2cca98c83767-p_c.jpg,2026-05-25 11:52,For Sale
26733793,5305 Nakoma Dr,75209,Dallas,TX,32.84045,-96.82132,999999,663.0,,946800.0,3819.0,2.0,2.0,1508.0,1947.0,10367.28,singleFamily,26,852470.0,2025,https://www.zillow.com,https://photos.zillowstatic.com/fp/fa3b3aa1c1dc832fcfd1a2cecf9d7a78-p_c.jpg,2026-05-25 11:52,For Sale
26773797,841 Brookwood Dr,75224,Dallas,TX,32.71034,-96.84375,275000,163.0,,263000.0,1708.0,3.0,2.0,1690.0,1960.0,9988.0,singleFamily,4,284190.0,2025,https://www.zillow.com,https://photos.zillowstatic.com/fp/3f4674874c68981292097fac2459a4e6-p_c.jpg,2026-05-25 11:52,For Sale
26755451,6739 Walnut Hill Ln,75230,Dallas,TX,32.88025,-96.788605,2290000,479.0,-60000.0,,,5.0,6.0,4778.0,2026.0,0.263,singleFamily,38,458760.0,2025,https://www.zillow.com,https://photos.zillowstatic.com/fp/85f13eba7e81f8fa944b17831a809c0b-p_c.jpg,2026-05-25 11:52,For Sale
26730640,1404 Sylvan Ave,75208,Dallas,TX,32.760296,-96.83526,1375000,308.0,-20000.0,1351200.0,7733.0,4.0,5.0,4460.0,2004.0,0.406,singleFamily,207,1981510.0,2025,https://www.zillow.com,https://photos.zillowstatic.com/fp/6e3b1e8ae7c3d7c5d86374384a8321e0-p_c.jpg,2026-05-25 11:52,For Sale
54021512,18731 Platte River Way,75287,Dallas,TX,33.008167,-96.86392,379000,242.0,-10000.0,373900.0,2996.0,3.0,2.0,1563.0,1983.0,8973.36,singleFamily,39,335344.0,2025,https://www.zillow.com,https://photos.zillowstatic.com/fp/62001ce15c1001cfe7b3e3995a1af13b-p_c.jpg,2026-05-25 11:52,For Sale
26860054,8142 Clear Springs Rd,75240,Dallas,TX,32.936535,-96.765686,375000,231.0,-15000.0,,,3.0,2.0,1624.0,1965.0,9670.32,singleFamily,82,376360.0,2025,https://www.zillow.com,https://photos.zillowstatic.com/fp/7809b92995810651f8d25367358655be-p_c.jpg,2026-05-25 11:52,For Sale
26911753,8524 Breakers Point,75243,Dallas,TX,32.897224,-96.75773,845000,303.0,,,,3.0,3.0,2793.0,1993.0,0.263,singleFamily,0,742350.0,2025,https://www.zillow.com,https://photos.zillowstatic.com/fp/664f33cfcda41d6d789449418a9b30a2-p_c.jpg,2026-05-25 11:52,For Sale
26905233,7116 Grey Dawn Ln,75227,Dallas,TX,32.780823,-96.69696,479000,173.0,,470500.0,3065.0,4.0,3.0,2775.0,1991.0,6011.28,singleFamily,3,328280.0,2025,https://www.zillow.com,https://photos.zillowstatic.com/fp/be4d6d0d600e20abb9fac77876d2aaa4-p_c.jpg,2026-05-25 11:52,For Sale
26809998,11511 Sonnet Dr,75229,Dallas,TX,32.90566,-96.86074,749000,326.0,-16000.0,719200.0,3743.0,4.0,3.0,2295.0,1959.0,0.27599999999999997,singleFamily,49,603990.0,2025,https://www.zillow.com,https://photos.zillowstatic.com/fp/763174755ffd1205af31f0174fd3cacd-p_c.jpg,2026-05-25 11:52,For Sale
26643578,4219 Hollow Oak Dr,75287,Dallas,TX,32.997143,-96.83762,914900,211.0,-3850.0,,5707.0,5.0,4.0,4327.0,1989.0,8712.0,singleFamily,387,942154.0,2025,https://www.zillow.com,https://photos.zillowstatic.com/fp/fde7a660e79c44058378e3a2925a2f1a-p_c.jpg,2026-05-25 11:52,For Sale
26898919,4800 Northway Dr APT 4B,75206,Dallas,TX,32.84668,-96.768684,249000,226.0,,241700.0,2041.0,2.0,3.0,1100.0,1981.0,5.722,condo,2,286000.0,2025,https://www.zillow.com,https://photos.zillowstatic.com/fp/38227d98942f34a87c36ee396f2284ef-p_c.jpg,2026-05-25 11:52,For Sale
303984086,9360 Lakemont Dr,75220,Dallas,TX,32.865963,-96.8446,2600000,522.0,-199000.0,2501800.0,7886.0,5.0,5.0,4981.0,2019.0,0.48,singleFamily,59,2218000.0,2025,https://www.zillow.com,https://photos.zillowstatic.com/fp/bfe473c632ca3f1cbecb49e005f01efa-p_c.jpg,2026-05-25 11:52,For Sale
26805451,4139 Allencrest Ln,75244,Dallas,TX,32.9113,-96.84122,2250000,425.0,,2215800.0,6833.0,5.0,5.0,5289.0,1968.0,0.366,singleFamily,10,1782790.0,2025,https://www.zillow.com,https://photos.zillowstatic.com/fp/f11f61ca8cf912d171fd0d4b75f17cbf-p_c.jpg,2026-05-25 11:52,For Sale
26880496,4006 Flintridge Dr,75244,Dallas,TX,32.91996,-96.842964,635000,296.0,46000.0,,,4.0,3.0,2142.0,1970.0,0.27299999999999996,singleFamily,45,495000.0,2025,https://www.zillow.com,https://photos.zillowstatic.com/fp/c4aa0f189865a5b1252313689c94b902-p_c.jpg,2026-05-25 11:52,For Sale
26822323,6525 Palm Island St,75241,Dallas,TX,32.66635,-96.75114,160000,89.0,,154800.0,1972.0,4.0,2.0,1790.0,1972.0,7535.88,singleFamily,32,256550.0,2025,https://www.zillow.com,https://photos.zillowstatic.com/fp/11599a24766e68ff098c5ca6bf9b3304-p_c.jpg,2026-05-25 11:52,For Sale
303984559,7124 Soto St,75223,Dallas,TX,32.80807,-96.73661,899900,337.0,,875100.0,4735.0,4.0,4.0,2671.0,2020.0,3092.76,singleFamily,4,818640.0,2025,https://www.zillow.com,https://photos.zillowstatic.com/fp/2c3ac0dbcd4a71727ecf862a22f5d6f4-p_c.jpg,2026-05-25 11:52,For Sale
26741956,10014 Estacado Dr,75228,Dallas,TX,32.83032,-96.68622,450000,326.0,,438800.0,2357.0,3.0,2.0,1380.0,1951.0,6664.68,singleFamily,17,408370.0,2025,https://www.zillow.com,https://photos.zillowstatic.com/fp/dea31da48f4adc1a290c9332587d1baa-p_c.jpg,2026-05-25 11:52,For Sale
26700774,6931 Lindsley Ave,75223,Dallas,TX,32.80647,-96.74025,649000,352.0,-46000.0,634000.0,3324.0,3.0,2.0,1844.0,1931.0,7143.84,singleFamily,66,806540.0,2025,https://www.zillow.com,https://photos.zillowstatic.com/fp/2d8a06f99d4f025d1dcaa7ad000161c5-p_c.jpg,2026-05-25 11:52,For Sale
26703778,5909 Revere Pl,75206,Dallas,TX,32.831017,-96.76527,975000,401.0,,,6020.0,3.0,4.0,2434.0,2017.0,0.07,singleFamily,10,299190.0,2017,https://www.zillow.com,https://photos.zillowstatic.com/fp/7fc61ead6be15c25176dd70c4ac88987-p_c.jpg,2026-05-25 11:52,For Sale
26717988,1022 N Montclair Ave,75208,Dallas,TX,32.757385,-96.84629,2800000,600.0,-100000.0,2656300.0,6280.0,5.0,4.0,4665.0,1935.0,0.328,singleFamily,109,1159220.0,2025,https://www.zillow.com,https://photos.zillowstatic.com/fp/e337eb801fe8ab5577e0a848893fba3b-p_c.jpg,2026-05-25 11:52,For Sale
26878498,6435 Moonhill Dr,75241,Dallas,TX,32.66207,-96.76635,150000,154.0,-30000.0,,,3.0,1.0,972.0,1971.0,6843.276,singleFamily,30,188830.0,2025,https://www.zillow.com,https://photos.zillowstatic.com/fp/cb3205f47275cd788b7f209735873164-p_c.jpg,2026-05-25 11:52,For Sale
26686539,2219 Jordan St,75215,Dallas,TX,32.758083,-96.767746,215000,189.0,,,,3.0,2.0,1138.0,1935.0,6229.08,singleFamily,4,154610.0,2025,https://www.zillow.com,https://photos.zillowstatic.com/fp/f09e259b1f03e84e839655111a43ab57-p_c.jpg,2026-05-25 11:52,For Sale
440951153,2315 S Vernon Ave,75224,Dallas,TX,32.72306,-96.837166,1000000,250.0,,978500.0,2505.0,6.0,8.0,4000.0,2025.0,7100.28,multiFamily,13,,,https://www.zillow.com,https://photos.zillowstatic.com/fp/ef6da124793dd7f07bbf3416ca61c9bb-p_c.jpg,2026-05-25 11:52,For Sale
26757072,4611 Bobbitt Dr,75229,Dallas,TX,32.897736,-96.82923,5499000,674.0,-250000.0,,,5.0,6.0,8158.0,2019.0,0.6629999999999999,singleFamily,23,4874330.0,2025,https://www.zillow.com,https://photos.zillowstatic.com/fp/775eb8748ba9f9cda31e0b5dda8948fd-p_c.jpg,2026-05-25 11:52,For Sale
26879978,12731 High Meadow Dr,75244,Dallas,TX,32.91717,-96.84825,949000,368.0,-26000.0,910000.0,4639.0,5.0,4.0,2580.0,1966.0,10193.04,singleFamily,85,565060.0,2025,https://www.zillow.com,https://photos.zillowstatic.com/fp/e49d5cb0aa4345541404a8f6b465ef89-p_c.jpg,2026-05-25 11:52,For Sale
26894306,8518 Richardson Branch Trl,75243,Dallas,TX,32.89573,-96.74962,629900,284.0,-29100.0,,,3.0,2.0,2217.0,1981.0,8973.36,singleFamily,54,626340.0,2025,https://www.zillow.com,https://photos.zillowstatic.com/fp/e105752618fde0fdb792f79f27477a1b-p_c.jpg,2026-05-25 11:52,For Sale
96530796,643 Rayenell Ave,75217,Dallas,TX,32.72362,-96.70644,350000,174.0,,,2739.0,4.0,3.0,2010.0,2026.0,7753.68,singleFamily,52,55000.0,2025,https://www.zillow.com,https://photos.zillowstatic.com/fp/68e5159b1812daf7f85d248690cc4a22-p_c.jpg,2026-05-25 11:52,For Sale
26755125,6007 Stefani Dr,75225,Dallas,TX,32.878456,-96.80364,3199000,500.0,-100000.0,3000100.0,7644.0,5.0,7.0,6400.0,2006.0,0.5592,singleFamily,48,2851070.0,2025,https://www.zillow.com,https://photos.zillowstatic.com/fp/b0ab0300286decb3de46c17f86b40c9d-p_c.jpg,2026-05-25 11:52,For Sale
26870526,14015 Highmark Sq,75254,Dallas,TX,32.939445,-96.80321,600000,233.0,,582300.0,3863.0,3.0,3.0,2575.0,1980.0,6795.36,singleFamily,11,673310.0,2025,https://www.zillow.com,https://photos.zillowstatic.com/fp/4090b396b0eb06e646074b386208bb45-p_c.jpg,2026-05-25 11:52,For Sale
26703642,6018 Winton St,75206,Dallas,TX,32.835472,-96.763405,745000,418.0,-5000.0,729800.0,3830.0,2.0,3.0,1783.0,1941.0,6708.24,singleFamily,54,615460.0,2025,https://www.zillow.com,https://photos.zillowstatic.com/fp/c900d7660557a1d252320b242e5a6b7e-p_c.jpg,2026-05-25 11:52,For Sale
2070176263,8005 Rothington Rd APT 17,75227,Dallas,TX,32.78363,-96.68543,649000,131.0,,635800.0,1768.0,8.0,12.0,4960.0,1983.0,10149.48,multiFamily,17,,,https://www.zillow.com,https://photos.zillowstatic.com/fp/a15c5d948c8ce4e1a8b4cb6fc8e1fd59-p_c.jpg,2026-05-25 11:52,For Sale
26759320,4424 Glenleigh Dr,75220,Dallas,TX,32.866314,-96.83281,3489000,530.0,,,,5.0,7.0,6578.0,2005.0,0.42900000000000005,singleFamily,9,2153250.0,2025,https://www.zillow.com,https://photos.zillowstatic.com/fp/5eb82d854a28af18a012d62a4d3fa131-p_c.jpg,2026-05-25 11:52,For Sale
26683222,4020 Buena Vista St,75204,Dallas,TX,32.81392,-96.79631,1400000,560.0,-75000.0,1338000.0,4036.0,2.0,3.0,2500.0,1971.0,3615.48,townhome,108,1007250.0,2025,https://www.zillow.com,https://photos.zillowstatic.com/fp/3652a146ca474fe2c5d695bec06a0013-p_c.jpg,2026-05-25 11:52,For Sale
60346559,6644 Fisher Rd,75214,Dallas,TX,32.84901,-96.74503,539000,406.0,,531400.0,3393.0,3.0,2.0,1328.0,1955.0,7666.56,singleFamily,30,389090.0,2025,https://www.zillow.com,https://photos.zillowstatic.com/fp/ec93b0e3c7f2152780f26065871c32a0-p_c.jpg,2026-05-25 11:52,For Sale
26755834,6404 Lakehurst Ave,75230,Dallas,TX,32.884262,-96.79628,3399000,599.0,-300999.0,3255200.0,4265.0,5.0,7.0,5671.0,2025.0,10018.8,singleFamily,140,3019960.0,2025,https://www.zillow.com,https://photos.zillowstatic.com/fp/d68e913392f621ae6e7dd23ed52d153c-p_c.jpg,2026-05-25 11:52,For Sale
26803466,12007 Quincy Ln,75230,Dallas,TX,32.912727,-96.81489,2940000,490.0,-59900.0,2835800.0,6496.0,5.0,8.0,5998.0,2025.0,0.37,singleFamily,73,1788170.0,2025,https://www.zillow.com,https://photos.zillowstatic.com/fp/f9a9e0ead227fe2b2a71ac147a46f520-p_c.jpg,2026-05-25 11:52,For Sale
26900751,5616 Preston Oaks Rd APT 404,75254,Dallas,TX,32.94263,-96.8128,230000,220.0,,223700.0,1788.0,2.0,2.0,1045.0,1981.0,6.932,condo,4,250460.0,2025,https://www.zillow.com,https://photos.zillowstatic.com/fp/8f98e2d6aca9d3f31fff18a0332d80aa-p_c.jpg,2026-05-25 11:52,For Sale
26807676,3040 Ponder Pl,75229,Dallas,TX,32.884113,-96.875275,645000,258.0,-14500.0,620800.0,4488.0,4.0,4.0,2496.0,1965.0,0.294,singleFamily,31,514180.0,2025,https://www.zillow.com,https://photos.zillowstatic.com/fp/2ef8f1b7e727862bd0478e4b556f8f5c-p_c.jpg,2026-05-25 11:52,For Sale
60347197,2540 Blue Myrtle Way,75212,Dallas,TX,32.790592,-96.86341,425000,129.0,,,,4.0,3.0,3294.0,2002.0,6011.28,singleFamily,19,479710.0,2025,https://www.zillow.com,https://photos.zillowstatic.com/fp/b14c1b568723d4b50fbe68f5220630da-p_c.jpg,2026-05-25 11:52,For Sale
26693674,6331 Lakeshore Dr,75214,Dallas,TX,32.81938,-96.7547,1299999,310.0,,1238500.0,6438.0,4.0,5.0,4198.0,2007.0,7492.32,singleFamily,23,1350000.0,2025,https://www.zillow.com,https://photos.zillowstatic.com/fp/17bf88faec6677abdf9957cdeafd5593-p_c.jpg,2026-05-25 11:52,For Sale
26889432,6419 Laurel Valley Rd,75248,Dallas,TX,32.967438,-96.797356,975000,246.0,,930400.0,6959.0,5.0,5.0,3968.0,1985.0,9496.08,singleFamily,12,852150.0,2025,https://www.zillow.com,https://photos.zillowstatic.com/fp/1eca6d293adab1bd080aa361db51d853-p_c.jpg,2026-05-25 11:52,For Sale
26871966,14810 Knollview Dr,75248,Dallas,TX,32.950333,-96.78659,695000,239.0,-5000.0,670700.0,5237.0,4.0,3.0,2912.0,1971.0,0.353,singleFamily,58,777100.0,2025,https://www.zillow.com,https://photos.zillowstatic.com/fp/5123508207e984afe5856a3a21698fe0-p_c.jpg,2026-05-25 11:52,For Sale
26849798,12608 Breckenridge Dr,75230,Dallas,TX,32.919247,-96.78178,800000,271.0,,767700.0,4769.0,4.0,4.0,2955.0,1981.0,5575.68,singleFamily,222,845590.0,2025,https://www.zillow.com,https://photos.zillowstatic.com/fp/c233688d661c4db543970fb321434915-p_c.jpg,2026-05-25 11:52,For Sale
55827570,14400 Montfort Dr APT 1405,75254,Dallas,TX,32.94537,-96.81385,250000,230.0,,244300.0,1893.0,2.0,3.0,1089.0,1983.0,4.561,townhome,16,245030.0,2025,https://www.zillow.com,https://photos.zillowstatic.com/fp/f33cd424c7fde2d142143dab9515ff8a-p_c.jpg,2026-05-25 11:52,For Sale
26845785,3228 Millmar Dr,75228,Dallas,TX,32.825424,-96.66052,295500,218.0,,289000.0,2003.0,3.0,2.0,1354.0,1959.0,7623.0,singleFamily,17,298720.0,2025,https://www.zillow.com,https://photos.zillowstatic.com/fp/0c57614cfcbd5cca6819e847d10e11aa-p_c.jpg,2026-05-25 11:52,For Sale
26689455,6116 Gaston Ave,75214,Dallas,TX,32.811127,-96.755516,985000,298.0,,933900.0,5718.0,3.0,4.0,3305.0,1922.0,0.275,singleFamily,12,610540.0,2025,https://www.zillow.com,https://photos.zillowstatic.com/fp/ab03837f4119fa16efd4f6fea0b43d2e-p_c.jpg,2026-05-25 11:52,For Sale
455632134,5705 Live Oak St #B,75206,Dallas,TX,32.810696,-96.763626,500000,337.0,,494200.0,3340.0,2.0,3.0,1483.0,2026.0,5749.92,singleFamily,2,,,https://www.zillow.com,https://photos.zillowstatic.com/fp/a66b74356a5b9e659d2c8f8682c22b35-p_c.jpg,2026-05-25 11:52,For Sale
69674904,4933 Victor St,75214,Dallas,TX,32.7981,-96.765236,1150000,324.0,,1111800.0,5563.0,4.0,4.0,3549.0,1913.0,7666.56,singleFamily,45,986070.0,2025,https://www.zillow.com,https://photos.zillowstatic.com/fp/3cb05da79d3f2379a1226ba14c6df5a8-p_c.jpg,2026-05-25 11:52,For Sale
26746976,9412 Peninsula Dr,75218,Dallas,TX,32.84153,-96.70937,795000,442.0,,,,3.0,2.0,1800.0,1941.0,0.278,singleFamily,45,667690.0,2025,https://www.zillow.com,https://photos.zillowstatic.com/fp/63729fc77739e9f72dead42401f25f8d-p_c.jpg,2026-05-25 11:52,For Sale
96523561,48 Ash Bluff Ln,75248,Dallas,TX,32.976192,-96.812775,5995000,833.0,,,,5.0,6.0,7194.0,2013.0,0.8099999999999999,singleFamily,45,4200000.0,2025,https://www.zillow.com,https://photos.zillowstatic.com/fp/99d7a7f626452c80ee8a24c8f9106eb9-p_c.jpg,2026-05-25 11:52,For Sale
26823234,1743 Indian Summer Trl,75241,Dallas,TX,32.6743,-96.7936,209900,86.0,,207400.0,2461.0,3.0,3.0,2427.0,1962.0,0.40499999999999997,singleFamily,15,190870.0,2025,https://www.zillow.com,https://photos.zillowstatic.com/fp/adbfddfde02a514444608af1d819b22e-p_c.jpg,2026-05-25 11:52,For Sale
26696061,431 Monte Vista Dr,75223,Dallas,TX,32.80649,-96.74401,925000,525.0,,884800.0,3328.0,3.0,2.0,1762.0,1926.0,7579.44,singleFamily,8,765340.0,2025,https://www.zillow.com,https://photos.zillowstatic.com/fp/825897582f80f0bc413227fdf6f0181d-p_c.jpg,2026-05-25 11:52,For Sale
69676136,2845 Lee St,75206,Dallas,TX,32.81651,-96.78756,1135000,480.0,,1079300.0,5832.0,2.0,3.0,2366.0,2005.0,3746.16,townhome,16,900000.0,2025,https://www.zillow.com,https://photos.zillowstatic.com/fp/61f15da780f597addc681599ea57841b-p_c.jpg,2026-05-25 11:52,For Sale
53071132,6527 Genstar Ln,75252,Dallas,TX,33.00275,-96.79025,599400,268.0,-500.0,,3587.0,3.0,2.0,2235.0,1979.0,8712.0,singleFamily,9,537904.0,2025,https://www.zillow.com,https://photos.zillowstatic.com/fp/4738aa7bf0717eb634c53a86c4f8b09e-p_c.jpg,2026-05-25 11:52,For Sale
67961461,2800 Carter St,75210,Dallas,TX,32.77622,-96.74224,314999,220.0,-3800.0,313300.0,2065.0,3.0,2.0,1430.0,2026.0,6621.12,singleFamily,66,56380.0,2025,https://www.zillow.com,https://photos.zillowstatic.com/fp/66741affa2a95d6022c72a323103d58c-p_c.jpg,2026-05-25 11:52,For Sale
26897741,3021 Adolph St,75204,Dallas,TX,32.792656,-96.78921,595000,337.0,,,3784.0,3.0,2.0,1764.0,1983.0,5880.6,singleFamily,22,611530.0,2025,https://www.zillow.com,https://photos.zillowstatic.com/fp/396d48a56078ef66122237eed22ea9b5-p_c.jpg,2026-05-25 11:52,For Sale
26740135,9003 Eustis Ave,75218,Dallas,TX,32.81947,-96.700745,1700000,515.0,,1609900.0,2094.0,4.0,5.0,3300.0,2015.0,7927.92,singleFamily,0,1447050.0,2025,https://www.zillow.com,https://photos.zillowstatic.com/fp/47b6ccbfc34f2bb5e463054c922d332c-p_c.jpg,2026-05-25 11:52,For Sale
26888245,12921 Abrams Rd APT 603,75243,Dallas,TX,32.92272,-96.73645,159000,135.0,,132300.0,1937.0,2.0,3.0,1176.0,1980.0,3.259,condo,4,153900.0,2025,https://www.zillow.com,https://photos.zillowstatic.com/fp/61c08e849e24661862f8b554cf2bc6bf-p_c.jpg,2026-05-25 11:52,For Sale
26705702,6984 Santa Barbara Dr,75214,Dallas,TX,32.844025,-96.74029,2098700,480.0,,2002900.0,3808.0,5.0,5.0,4368.0,2024.0,0.357,singleFamily,9,1400000.0,2025,https://www.zillow.com,https://photos.zillowstatic.com/fp/0f53824b67b4e612db443ca185ca759e-p_c.jpg,2026-05-25 11:52,For Sale
26775912,4520 Utah Ave,75216,Dallas,TX,32.68844,-96.80946,210000,152.0,-14998.0,203300.0,2011.0,4.0,2.0,1384.0,1954.0,10062.36,singleFamily,33,230890.0,2025,https://www.zillow.com,https://photos.zillowstatic.com/fp/e7cc7529266dc96c51b8f77861b2ce8e-p_c.jpg,2026-05-25 11:52,For Sale
26638001,17719 Sunmeadow Dr,75252,Dallas,TX,32.994255,-96.801674,365000,184.0,-25000.0,360500.0,2891.0,3.0,3.0,1985.0,1990.0,5532.12,singleFamily,108,471798.0,2025,https://www.zillow.com,https://photos.zillowstatic.com/fp/99af318e449ad799a74916dfdca11cf4-p_c.jpg,2026-05-25 11:52,For Sale
26874725,7881 La Cabeza Dr,75248,Dallas,TX,32.971146,-96.76922,750000,353.0,,722700.0,3260.0,4.0,2.0,2123.0,1968.0,0.338,singleFamily,16,457990.0,2025,https://www.zillow.com,https://photos.zillowstatic.com/fp/a571d60e337045f127c69eac9ac7001f-p_c.jpg,2026-05-25 11:52,For Sale
26883073,12804 Whispering Hills Dr,75243,Dallas,TX,32.921635,-96.70871,299000,124.0,-9750.0,293700.0,3233.0,4.0,3.0,2409.0,1977.0,0.262,singleFamily,53,400960.0,2025,https://www.zillow.com,https://photos.zillowstatic.com/fp/143a3a3d3a35a7d20715d815e0b9b870-p_c.jpg,2026-05-25 11:52,For Sale
26649848,5103 Scarborough Ln,75287,Dallas,TX,33.00165,-96.82198,1300000,274.0,,,,5.0,6.0,4747.0,1992.0,0.27999999999999997,singleFamily,16,1205426.0,2025,https://www.zillow.com,https://photos.zillowstatic.com/fp/d0aef6bb8a7855e54bec56ac1256cdd3-p_c.jpg,2026-05-25 11:52,For Sale
26682802,5400 Worth St,75214,Dallas,TX,32.80214,-96.762184,615000,335.0,-20000.0,600700.0,3469.0,3.0,2.0,1838.0,1919.0,6926.04,singleFamily,45,643570.0,2025,https://www.zillow.com,https://photos.zillowstatic.com/fp/55e0ab95ab4b1b0b03733a1fb32efff7-p_c.jpg,2026-05-25 11:52,For Sale
26732770,6431 Vickery Blvd,75214,Dallas,TX,32.823105,-96.750885,1895000,529.0,,,,4.0,5.0,3584.0,2011.0,9374.112,singleFamily,23,1768340.0,2025,https://www.zillow.com,https://photos.zillowstatic.com/fp/9cf473cf86157b5c52667a3eb29fdfd3-p_c.jpg,2026-05-25 11:52,For Sale
26913907,4127 Manorview Ln,75228,Dallas,TX,32.839264,-96.64732,950000,227.0,,912700.0,5329.0,4.0,4.0,4183.0,1985.0,0.322,singleFamily,11,742820.0,2025,https://www.zillow.com,https://photos.zillowstatic.com/fp/257913d9c8c6eeaba96764e32b532693-p_c.jpg,2026-05-25 11:52,For Sale
26762874,6227 Lovett Ave,75227,Dallas,TX,32.77825,-96.70949,149000,108.0,,,1881.0,2.0,2.0,1384.0,1948.0,9496.08,singleFamily,6,270580.0,2025,https://www.zillow.com,https://photos.zillowstatic.com/fp/ed68c39b0edefe365142b58d05a9d58e-p_c.jpg,2026-05-25 11:52,For Sale
333140681,3710 Redleaf Ln,75209,Dallas,TX,32.828075,-96.81944,849000,327.0,,,,3.0,4.0,2598.0,2022.0,2352.24,singleFamily,31,854750.0,2025,https://www.zillow.com,https://photos.zillowstatic.com/fp/7aa598cddd8aa689ea63d21a6fbd65e4-p_c.jpg,2026-05-25 11:52,For Sale
26713546,606 W Pembroke Ave,75208,Dallas,TX,32.73799,-96.83242,390000,179.0,-15000.0,,,6.0,4.0,2177.0,1923.0,7640.424,singleFamily,72,283810.0,2025,https://www.zillow.com,https://photos.zillowstatic.com/fp/d04ad9562237408d9af160404b647acc-p_c.jpg,2026-05-25 11:52,For Sale
26815780,522 Glencairn Dr,75232,Dallas,TX,32.655025,-96.82984,144900,117.0,-10000.0,,1801.0,3.0,2.0,1236.0,1961.0,0.252,singleFamily,298,185560.0,2025,https://www.zillow.com,https://photos.zillowstatic.com/fp/35e3e34959ce2ae04a19080a7232fbca-p_c.jpg,2026-05-25 11:52,For Sale
26711819,628 Woodlawn Ave,75208,Dallas,TX,32.75056,-96.83002,699000,448.0,,670300.0,2780.0,2.0,2.0,1559.0,1945.0,7274.52,singleFamily,13,565410.0,2025,https://www.zillow.com,https://photos.zillowstatic.com/fp/0450a1c8ed4b479132c7f17f2cb1061b-p_c.jpg,2026-05-25 11:52,For Sale
80230333,2830 Gospel Dr,75237,Dallas,TX,32.654057,-96.86591,250000,147.0,,251100.0,1996.0,3.0,2.0,1695.0,2006.0,5488.56,singleFamily,10,269800.0,2025,https://www.zillow.com,https://photos.zillowstatic.com/fp/e6455c0bb3e8b9324f6ee8ea71f7d263-p_c.jpg,2026-05-25 11:52,For Sale
26875596,7134 Crooked Oak Dr,75248,Dallas,TX,32.978287,-96.78241,799999,243.0,-25001.0,,,4.0,4.0,3298.0,1978.0,8407.08,singleFamily,23,850000.0,2025,https://www.zillow.com,https://photos.zillowstatic.com/fp/cc023108d25f1eeb1673ab5f88ee150b-p_c.jpg,2026-05-25 11:52,For Sale
67964252,4122 Avondale Ave APT 204,75219,Dallas,TX,32.817097,-96.80496,399000,263.0,-23000.0,,,2.0,3.0,1515.0,2004.0,0.471,condo,44,613580.0,2025,https://www.zillow.com,https://photos.zillowstatic.com/fp/6fa67c11ad58ca04ff93e6341e9772bb-p_c.jpg,2026-05-25 11:52,For Sale
54014724,17836 Mary Margaret St,75287,Dallas,TX,32.99402,-96.86264,412000,191.0,-22000.0,408000.0,2582.0,3.0,3.0,2159.0,2000.0,5052.96,singleFamily,40,450620.0,2025,https://www.zillow.com,https://photos.zillowstatic.com/fp/cba1668621f505f5ab66058ffe40ea9a-p_c.jpg,2026-05-25 11:52,For Sale
339377551,1852 Mecca St,75206,Dallas,TX,32.812443,-96.7625,999000,356.0,-51000.0,982500.0,7595.0,4.0,4.0,2806.0,2023.0,1398.276,singleFamily,23,838000.0,2025,https://www.zillow.com,https://photos.zillowstatic.com/fp/0776b6582d11ed2333fb02a01598675d-p_c.jpg,2026-05-25 11:52,For Sale
26690844,5438 Bonita Ave,75206,Dallas,TX,32.817944,-96.775734,1749900,435.0,-50000.0,1700100.0,7947.0,4.0,4.0,4026.0,2024.0,7187.4,singleFamily,115,1437780.0,2025,https://www.zillow.com,https://photos.zillowstatic.com/fp/4f0d80fcee3b491d567022f9d8dc37b9-p_c.jpg,2026-05-25 11:52,For Sale
26704177,5460 Anita St,75206,Dallas,TX,32.83437,-96.77461,899000,307.0,-51000.0,,,5.0,5.0,2928.0,1956.0,8755.56,multiFamily,17,668380.0,2025,https://www.zillow.com,https://photos.zillowstatic.com/fp/1d509c0b5ea187b94353a4dffeca4787-p_c.jpg,2026-05-25 11:52,For Sale
26854081,9662 Ferndale Rd,75238,Dallas,TX,32.878803,-96.7082,599000,343.0,,574900.0,3096.0,3.0,2.0,1748.0,1959.0,9365.4,singleFamily,6,478700.0,2025,https://www.zillow.com,https://photos.zillowstatic.com/fp/bfc0bf79dcc34bf00b7054c88ea41d05-p_c.jpg,2026-05-25 11:52,For Sale
26847835,10129 Newcombe Dr,75228,Dallas,TX,32.830273,-96.68267,429900,294.0,-14599.0,425800.0,2342.0,3.0,2.0,1464.0,1955.0,0.259,singleFamily,113,364340.0,2025,https://www.zillow.com,https://photos.zillowstatic.com/fp/76bf92fc62eb5a207f3533b7de19f49e-p_c.jpg,2026-05-25 11:52,For Sale
55826252,3553 Wheeler St,75209,Dallas,TX,32.82603,-96.820305,500000,325.0,,,,2.0,2.0,1540.0,2000.0,1350.36,townhome,10,397200.0,2025,https://www.zillow.com,https://photos.zillowstatic.com/fp/4b3a31a9876f91fc2957b969b9ebb2cc-p_c.jpg,2026-05-25 11:52,For Sale
80227036,1016 Liberty St Ste 3,75204,Dallas,TX,32.793427,-96.79091,450000,238.0,,433400.0,2973.0,3.0,3.0,1887.0,2006.0,0.9319999999999999,condo,17,594410.0,2025,https://www.zillow.com,https://photos.zillowstatic.com/fp/15158f2236834557a916b040f7231846-p_c.jpg,2026-05-25 11:52,For Sale
26849421,12046 Arbargee Cir,75230,Dallas,TX,32.91311,-96.799446,1995000,413.0,-305000.0,1900000.0,7570.0,5.0,6.0,4836.0,2001.0,0.40499999999999997,singleFamily,56,1852670.0,2025,https://www.zillow.com,https://photos.zillowstatic.com/fp/3652feabb2ed76d8ff977dc3f9840b3b-p_c.jpg,2026-05-25 11:52,For Sale
26868426,9205 Moss Farm Ln,75243,Dallas,TX,32.896366,-96.74376,789900,315.0,,588800.0,4123.0,4.0,3.0,2509.0,1976.0,7056.72,singleFamily,1,497000.0,2025,https://www.zillow.com,https://photos.zillowstatic.com/fp/5b07305c87a97832df6a863cea45fab3-p_c.jpg,2026-05-25 11:52,For Sale
162404765,8001 Rothington Rd APT 31-37,75227,Dallas,TX,32.782516,-96.68679,580000,142.0,,565500.0,1873.0,8.0,8.0,4084.0,1983.0,9321.84,multiFamily,217,486570.0,2025,https://www.zillow.com,https://photos.zillowstatic.com/fp/80387fcdd4867b45b57ed8c49e0029f2-p_c.jpg,2026-05-25 11:52,For Sale
26742673,1626 Crest Ridge Dr,75228,Dallas,TX,32.83633,-96.68675,264000,253.0,-5000.0,263100.0,1987.0,3.0,2.0,1043.0,1951.0,0.321,singleFamily,194,165000.0,2025,https://www.zillow.com,https://photos.zillowstatic.com/fp/dc73cb7a47786f855d4dbbaff9dc8061-p_c.jpg,2026-05-25 11:52,For Sale
26741390,1521 El Campo Dr,75218,Dallas,TX,32.82369,-96.70063,1590000,352.0,-155000.0,1508600.0,6213.0,4.0,3.0,4520.0,1945.0,0.485,singleFamily,27,850000.0,2025,https://www.zillow.com,https://photos.zillowstatic.com/fp/7c2f8188a161c88eee304d92e337a9b6-p_c.jpg,2026-05-25 11:52,For Sale
456076224,5947 Lupton Dr,75225,Dallas,TX,32.878,-96.804436,7999998,721.0,,7335200.0,,5.0,6.0,11100.0,2020.0,0.82,singleFamily,66,,,https://www.zillow.com,https://photos.zillowstatic.com/fp/872f9b59afc80703e63a42ab98b2c464-p_c.jpg,2026-05-25 11:52,For Sale
26685918,5727 Victor St,75214,Dallas,TX,32.804718,-96.75619,755000,338.0,-20000.0,730400.0,3584.0,3.0,3.0,2236.0,1915.0,8232.84,singleFamily,59,722100.0,2025,https://www.zillow.com,https://photos.zillowstatic.com/fp/e6bf6816725269abc4082dc4474c0c90-p_c.jpg,2026-05-25 11:52,For Sale
26706517,6415 Mercedes Ave,75214,Dallas,TX,32.828617,-96.75156,1449000,544.0,,,,4.0,3.0,2662.0,1975.0,9365.4,singleFamily,10,1083950.0,2025,https://www.zillow.com,https://photos.zillowstatic.com/fp/dca973b1e48893aaeaee9d92545639a9-p_c.jpg,2026-05-25 11:52,For Sale
26834242,1942 Leath St,75212,Dallas,TX,32.789276,-96.85212,800000,258.0,,,,5.0,5.0,3100.0,2026.0,5314.32,singleFamily,1,132650.0,2025,https://www.zillow.com,https://photos.zillowstatic.com/fp/73a6504834c524f00f3a63710576e4bc-p_c.jpg,2026-05-25 11:52,For Sale
26705806,7138 Westbrook Ln,75214,Dallas,TX,32.846874,-96.737465,975000,436.0,-24000.0,940600.0,4825.0,3.0,2.0,2235.0,1953.0,7927.92,singleFamily,30,961940.0,2025,https://www.zillow.com,https://photos.zillowstatic.com/fp/46c0c314c71ff58dc55e90c1d648f85b-p_c.jpg,2026-05-25 11:52,For Sale
26707898,507 Sabine St,75203,Dallas,TX,32.756256,-96.81636,275000,220.0,,267300.0,2220.0,2.0,2.0,1248.0,1945.0,5009.4,singleFamily,55,325760.0,2025,https://www.zillow.com,https://photos.zillowstatic.com/fp/c888a1fe75e4de8f88a3c6249c445edc-p_c.jpg,2026-05-25 11:52,For Sale
26911006,13836 Rockbend Pl,75240,Dallas,TX,32.935722,-96.788185,995000,389.0,,810100.0,4687.0,3.0,3.0,2560.0,1988.0,6577.56,singleFamily,1,812450.0,2025,https://www.zillow.com,https://photos.zillowstatic.com/fp/374c0698eb7758063a7f209388207c51-p_c.jpg,2026-05-25 11:52,For Sale
26709988,340 S Edgefield Ave,75208,Dallas,TX,32.741657,-96.84386,549900,392.0,-15100.0,,,2.0,2.0,1404.0,1926.0,7492.32,singleFamily,39,573890.0,2025,https://www.zillow.com,https://photos.zillowstatic.com/fp/9693d977fc7a3086e303ec9e05831815-p_c.jpg,2026-05-25 11:52,For Sale
26599187,17920 Hillcrest Rd,75252,Dallas,TX,32.995174,-96.78422,495000,219.0,,474400.0,2840.0,3.0,3.0,2264.0,1987.0,6969.6,singleFamily,33,485131.0,2025,https://www.zillow.com,https://photos.zillowstatic.com/fp/d4ca00159f1213c82c93af3f4beb161f-p_c.jpg,2026-05-25 11:52,For Sale
26825735,2137 Sea Island Dr,75232,Dallas,TX,32.674866,-96.8532,250000,111.0,,,,3.0,3.0,2248.0,1965.0,8189.28,singleFamily,25,308040.0,2025,https://www.zillow.com,https://photos.zillowstatic.com/fp/5b355f72f5bf48719afbe619b23f3843-p_c.jpg,2026-05-25 11:52,For Sale
26849835,7155 Helsem Bnd,75230,Dallas,TX,32.919395,-96.78057,849900,260.0,-49100.0,823000.0,5417.0,3.0,3.0,3264.0,1984.0,6355.404,singleFamily,50,979450.0,2025,https://www.zillow.com,https://photos.zillowstatic.com/fp/2746263fd6dcf9f3193f070821080de5-p_c.jpg,2026-05-25 11:52,For Sale
26887568,3029 Weather Vane Ln,75228,Dallas,TX,32.856544,-96.65943,300000,173.0,-17500.0,292800.0,2156.0,3.0,2.0,1731.0,1979.0,7200.468,singleFamily,37,294200.0,2025,https://www.zillow.com,https://photos.zillowstatic.com/fp/26e0bc7dbcef061c73e8bc58db1dd089-p_c.jpg,2026-05-25 11:52,For Sale
69677158,1122 Jackson St APT 820,75202,Dallas,TX,32.778316,-96.80129,250000,244.0,,249800.0,1932.0,1.0,1.0,1024.0,1925.0,0.984,condo,3,240640.0,2025,https://www.zillow.com,https://photos.zillowstatic.com/fp/8cd67cd1523005a4076f45974d31b31c-p_c.jpg,2026-05-25 11:52,For Sale
67961981,9010 Eustis Ave,75218,Dallas,TX,32.819202,-96.69999,899999,345.0,,895600.0,4464.0,3.0,3.0,2608.0,2002.0,0.263,singleFamily,9,1050990.0,2025,https://www.zillow.com,https://photos.zillowstatic.com/fp/171ed630b26f252cdcd225cc718a9cae-p_c.jpg,2026-05-25 11:52,For Sale
26692710,3622 Cragmont Ave,75205,Dallas,TX,32.821747,-96.79561,3995000,965.0,,,,3.0,4.0,4139.0,2006.0,9278.28,singleFamily,13,3261940.0,2025,https://www.zillow.com,https://photos.zillowstatic.com/fp/d637d2b35a2769c3d8d7d73335f5f2b4-p_c.jpg,2026-05-25 11:52,For Sale
26786515,864 Peavy Rd,75218,Dallas,TX,32.84565,-96.70613,515000,384.0,-10000.0,505700.0,2529.0,3.0,2.0,1342.0,1954.0,8102.16,singleFamily,24,521710.0,2025,https://www.zillow.com,https://photos.zillowstatic.com/fp/ad361dc5613a8892851544141979bedd-p_c.jpg,2026-05-25 11:52,For Sale
26747180,649 Northlake Dr,75218,Dallas,TX,32.846478,-96.71209,599900,388.0,-5100.0,,,3.0,2.0,1546.0,1947.0,10410.84,singleFamily,38,622250.0,2025,https://www.zillow.com,https://photos.zillowstatic.com/fp/df59747eded1c64224ad83a6971dcbee-p_c.jpg,2026-05-25 11:52,For Sale
96516825,2340 Denmark St,75253,Dallas,TX,32.67617,-96.618355,335000,200.0,-4000.0,,,4.0,2.0,1674.0,2024.0,7535.88,singleFamily,84,335000.0,2025,https://www.zillow.com,https://photos.zillowstatic.com/fp/3c2b34f8df774c9e1f2d91742917aa27-p_c.jpg,2026-05-25 11:52,For Sale
26714601,1350 Strickland St,75216,Dallas,TX,32.737034,-96.80334,319000,203.0,,309700.0,1866.0,3.0,2.0,1568.0,1925.0,7100.28,singleFamily,2,276440.0,2025,https://www.zillow.com,https://photos.zillowstatic.com/fp/47caff6bfc16ae36bd6e8ce9d3f5b819-p_c.jpg,2026-05-25 11:52,For Sale
26640307,17632 Harbord Oaks Cir,75252,Dallas,TX,32.9923,-96.8112,2499999,444.0,,2342000.0,7215.0,5.0,5.0,5635.0,1988.0,0.41200000000000003,singleFamily,17,2267741.0,2025,https://www.zillow.com,https://photos.zillowstatic.com/fp/217bec63d2f64b34341bc9ba20274d45-p_c.jpg,2026-05-25 11:52,For Sale
462255382,9504-9506 Mercer Dr,75228,Dallas,TX,32.82323,-96.69338,549000,227.0,,532900.0,2589.0,4.0,2.0,2421.0,1952.0,0.526,multiFamily,17,,,https://www.zillow.com,https://photos.zillowstatic.com/fp/efbe9e11b05d76244a2b9d498116c0d5-p_c.jpg,2026-05-25 11:52,For Sale
26759802,5543 Edlen Dr,75220,Dallas,TX,32.879005,-96.812126,6995000,777.0,,,,5.0,9.0,9000.0,2005.0,0.622,singleFamily,76,5636160.0,2025,https://www.zillow.com,https://photos.zillowstatic.com/fp/18189edc2afc4b50432597a2828ac917-p_c.jpg,2026-05-25 11:52,For Sale
26790221,3737 Dunhaven Rd,75220,Dallas,TX,32.87167,-96.85448,1995000,374.0,,1934300.0,6878.0,5.0,7.0,5335.0,2026.0,7579.44,singleFamily,61,515960.0,2025,https://www.zillow.com,https://photos.zillowstatic.com/fp/7b21a00100d551fc39f9c97fc0c58637-p_c.jpg,2026-05-25 11:52,For Sale
26888124,9814 Amberton Pkwy,75243,Dallas,TX,32.921757,-96.738495,190000,109.0,-10000.0,,2480.0,3.0,2.0,1742.0,1978.0,4443.12,townhome,65,283820.0,2025,https://www.zillow.com,https://photos.zillowstatic.com/fp/4db4e7a5b8aedb53fa8515ed953dba49-p_c.jpg,2026-05-25 11:52,For Sale
26758511,4322 Sexton Ln,75229,Dallas,TX,32.886555,-96.83559,1550000,369.0,-30000.0,,,5.0,6.0,4196.0,2025.0,6507.864,singleFamily,130,867630.0,2025,https://www.zillow.com,https://photos.zillowstatic.com/fp/38b8bcae4fef7899de61add3686af956-p_c.jpg,2026-05-25 11:52,For Sale
26852389,13745 Rolling Hills Ln,75240,Dallas,TX,32.936565,-96.77062,495000,229.0,,485700.0,3270.0,4.0,3.0,2164.0,1965.0,10402.128,singleFamily,64,485930.0,2025,https://www.zillow.com,https://photos.zillowstatic.com/fp/daa89631dce27f8ffa7061c9dbcb3ca7-p_c.jpg,2026-05-25 11:52,For Sale
26736116,4255 Cochran Chapel Rd,75209,Dallas,TX,32.862278,-96.837234,10900000,986.0,-595000.0,,,5.0,8.0,11056.0,2002.0,2.003,singleFamily,93,7387770.0,2025,https://www.zillow.com,https://photos.zillowstatic.com/fp/5e8815a2af30d03f451604378244c9c7-p_c.jpg,2026-05-25 11:52,For Sale
26702900,5947 Mercedes Ave,75206,Dallas,TX,32.828197,-96.76381,979000,472.0,,943300.0,4500.0,3.0,2.0,2076.0,1948.0,7100.28,singleFamily,25,793000.0,2025,https://www.zillow.com,https://photos.zillowstatic.com/fp/2bd31d06d3e217f35d098b3b3aa350c7-p_c.jpg,2026-05-25 11:52,For Sale
26870222,8817 Arborside Dr,75243,Dallas,TX,32.898365,-96.74765,995000,297.0,,952400.0,3787.0,4.0,3.0,3347.0,1974.0,8712.0,singleFamily,19,784490.0,2025,https://www.zillow.com,https://photos.zillowstatic.com/fp/d9423ba63e8bac5686decb5b738beccd-p_c.jpg,2026-05-25 11:52,For Sale
26695084,5947 Goodwin Ave,75206,Dallas,TX,32.824085,-96.76384,868999,420.0,-1000.0,842200.0,4835.0,3.0,3.0,2070.0,1938.0,6534.0,singleFamily,93,801570.0,2025,https://www.zillow.com,https://photos.zillowstatic.com/fp/7eba40c1d347edc9fab3741bc34e1e0d-p_c.jpg,2026-05-25 11:52,For Sale
462063917,2303 Farrington St #110,75207,Dallas,TX,32.798283,-96.83718,2000000,440.0,,1931100.0,4594.0,4.0,3.0,4541.0,1964.0,0.5790000000000001,condo,6,,,https://www.zillow.com,https://photos.zillowstatic.com/fp/7018a8bfaddf7d77f17d2b5aea8384e1-p_c.jpg,2026-05-25 11:52,For Sale
26850740,10118 Medlock Dr,75218,Dallas,TX,32.85129,-96.704025,975000,333.0,,972400.0,4707.0,4.0,4.0,2929.0,1963.0,8755.56,singleFamily,9,772810.0,2025,https://www.zillow.com,https://photos.zillowstatic.com/fp/2b0160fc56a0d7a3dab847fec37d9e77-p_c.jpg,2026-05-25 11:52,For Sale
83738093,18265 Brighton Grn,75252,Dallas,TX,32.999794,-96.78639,805000,266.0,,784400.0,3978.0,4.0,4.0,3032.0,2012.0,6969.6,singleFamily,44,689023.0,2025,https://www.zillow.com,https://photos.zillowstatic.com/fp/013c603adddedf4c8eb243e09bf8dfba-p_c.jpg,2026-05-25 11:52,For Sale
26703283,6133 Kenwood Ave,75214,Dallas,TX,32.833546,-96.759865,780000,417.0,,748400.0,3463.0,2.0,3.0,1871.0,1942.0,6969.6,singleFamily,23,700630.0,2025,https://www.zillow.com,https://photos.zillowstatic.com/fp/f99a3e45482de94104687cf18809faef-p_c.jpg,2026-05-25 11:52,For Sale
69675013,4025 Hawthorne Ave,75219,Dallas,TX,32.822865,-96.80814,1049000,431.0,,1019100.0,5014.0,3.0,4.0,2435.0,2005.0,3136.32,townhome,20,894400.0,2025,https://www.zillow.com,https://photos.zillowstatic.com/fp/9326142e5f00b71cbad511c8d9f26974-p_c.jpg,2026-05-25 11:52,For Sale
26789062,3918 Rochelle Dr,75220,Dallas,TX,32.874527,-96.85061,1795000,425.0,-55000.0,1724300.0,7901.0,4.0,5.0,4223.0,2019.0,6272.64,singleFamily,58,1625980.0,2025,https://www.zillow.com,https://photos.zillowstatic.com/fp/3b9f774e9eafe06fdb507e144f6bf593-p_c.jpg,2026-05-25 11:52,For Sale
26651530,18719 Thorntree Ln,75252,Dallas,TX,33.005703,-96.80297,830000,241.0,,,,5.0,4.0,3447.0,1993.0,8712.0,singleFamily,10,736215.0,2025,https://www.zillow.com,https://photos.zillowstatic.com/fp/20709e3b3ed9ac0db527f97948c277e0-p_c.jpg,2026-05-25 11:52,For Sale
26759704,9520 Hathaway St,75220,Dallas,TX,32.87296,-96.81126,8990000,562.0,,,,9.0,13.0,16001.0,2004.0,1.437,singleFamily,7,10713450.0,2025,https://www.zillow.com,https://photos.zillowstatic.com/fp/edd2d76a585308de8163b557d5b63951-p_c.jpg,2026-05-25 11:52,For Sale
26694528,3703 York St,75210,Dallas,TX,32.765,-96.74545,298000,175.0,-1000.0,,2147.0,3.0,3.0,1699.0,2025.0,3267.0,singleFamily,95,26000.0,2025,https://www.zillow.com,https://photos.zillowstatic.com/fp/9b87a950a3f0806808cdcb563ebf8510-p_c.jpg,2026-05-25 11:52,For Sale
26905998,4315 Northaven Rd,75229,Dallas,TX,32.90258,-96.8358,1798000,496.0,-32000.0,1714200.0,7091.0,4.0,3.0,3627.0,1997.0,0.427,singleFamily,18,1577100.0,2025,https://www.zillow.com,https://photos.zillowstatic.com/fp/54a39644d152ec1abee2fc6b95a293e7-p_c.jpg,2026-05-25 11:52,For Sale
26826987,3837 Kimball Ridge Dr,75233,Dallas,TX,32.696194,-96.882164,335000,157.0,-19000.0,331300.0,2711.0,3.0,3.0,2135.0,1963.0,0.29,singleFamily,198,378540.0,2025,https://www.zillow.com,https://photos.zillowstatic.com/fp/aa2e47c7818ee6000fe6e88b83b89010-p_c.jpg,2026-05-25 11:52,For Sale
67965075,3901 Travis St APT 125,75204,Dallas,TX,32.810978,-96.796715,239900,359.0,-10000.0,234200.0,1886.0,1.0,1.0,669.0,1985.0,1.24,condo,38,244190.0,2025,https://www.zillow.com,https://photos.zillowstatic.com/fp/a810d39081afc272cff67e5ff5caa1b1-p_c.jpg,2026-05-25 11:52,For Sale
26853837,807 Havenwood Dr,75232,Dallas,TX,32.656685,-96.835655,240000,110.0,-2500.0,236100.0,2419.0,4.0,2.0,2172.0,1960.0,0.26,singleFamily,13,297100.0,2025,https://www.zillow.com,https://photos.zillowstatic.com/fp/c906c089b0eeea2181e561e863d2d5a5-p_c.jpg,2026-05-25 11:52,For Sale
26868696,9510 Hillview Dr,75231,Dallas,TX,32.89019,-96.73822,929900,303.0,-45100.0,905600.0,6249.0,4.0,3.0,3065.0,1977.0,9191.16,singleFamily,30,850000.0,2025,https://www.zillow.com,https://photos.zillowstatic.com/fp/729950c36e0b5e5e5906e16c417ea5f3-p_c.jpg,2026-05-25 11:52,For Sale
26713898,711 S Rosemont Ave,75208,Dallas,TX,32.739166,-96.84826,310000,226.0,-20000.0,309500.0,1828.0,2.0,2.0,1374.0,1924.0,8450.64,singleFamily,21,313930.0,2025,https://www.zillow.com,https://photos.zillowstatic.com/fp/7dd3ca064b3e575b47ba224da0bf8b92-p_c.jpg,2026-05-25 11:52,For Sale
26902865,9227 Lanshire Dr,75238,Dallas,TX,32.8659,-96.723656,1790000,449.0,-100000.0,1675700.0,7641.0,4.0,6.0,3984.0,1993.0,0.35200000000000004,singleFamily,112,1189000.0,2025,https://www.zillow.com,https://photos.zillowstatic.com/fp/9c29580ec9b3b690c28e85fd4a10e672-p_c.jpg,2026-05-25 11:52,For Sale
26757056,4710 Bobbitt Dr,75229,Dallas,TX,32.897106,-96.82714,3375000,439.0,,,,5.0,8.0,7689.0,1968.0,0.504,singleFamily,66,3444520.0,2025,https://www.zillow.com,https://photos.zillowstatic.com/fp/e2c592b37ae60a0a1a2a929fce59d45f-p_c.jpg,2026-05-25 11:52,For Sale
26738968,7031 Holly Hill Dr APT 10,75231,Dallas,TX,32.87424,-96.76135,225000,184.0,,177900.0,1825.0,2.0,2.0,1225.0,1979.0,5227.2,condo,0,220500.0,2025,https://www.zillow.com,https://photos.zillowstatic.com/fp/419ed7144dad8177d5ad579fa7f46972-p_c.jpg,2026-05-25 11:52,For Sale
26792485,9915 Hurley Way,75220,Dallas,TX,32.879414,-96.84532,1795000,493.0,,1716200.0,7692.0,4.0,5.0,3639.0,2020.0,0.278,singleFamily,17,1534500.0,2025,https://www.zillow.com,https://photos.zillowstatic.com/fp/bc42714e9cad4c4a2233aef762667a3b-p_c.jpg,2026-05-25 11:52,For Sale
333140687,427 W 10th St #502,75208,Dallas,TX,32.74545,-96.82964,449000,276.0,,436400.0,2928.0,2.0,3.0,1625.0,2018.0,0.724,condo,25,403800.0,2025,https://www.zillow.com,https://photos.zillowstatic.com/fp/48e8c0d94a0efbd0596b119cd3d6d73e-p_c.jpg,2026-05-25 11:52,For Sale
26749446,6516 Danbury Ln,75214,Dallas,TX,32.84712,-96.74945,534900,372.0,-15100.0,516400.0,2771.0,2.0,2.0,1439.0,1953.0,10018.8,singleFamily,38,662340.0,2025,https://www.zillow.com,https://photos.zillowstatic.com/fp/8dce9cbd79914c8fcf00ba943a8b305b-p_c.jpg,2026-05-25 11:52,For Sale
162193892,503 E 6th St,75203,Dallas,TX,32.754093,-96.8174,599900,215.0,,580600.0,2142.0,6.0,3.0,2785.0,1921.0,7971.48,multiFamily,5,370390.0,2025,https://www.zillow.com,https://photos.zillowstatic.com/fp/cd9ec945af5e4a967aa818e8b7f06bed-p_c.jpg,2026-05-25 11:52,For Sale
251446117,1401 Seegar St,75215,Dallas,TX,32.767525,-96.78855,449000,105.0,,445700.0,6494.0,5.0,6.0,4293.0,2025.0,2657.16,singleFamily,62,553370.0,2025,https://www.zillow.com,https://photos.zillowstatic.com/fp/88e5c3a5c1469e91160ef8dd3d99d133-p_c.jpg,2026-05-25 11:52,For Sale
26776545,848 Glen Arbor Dr,75241,Dallas,TX,32.682575,-96.81247,274900,204.0,-4100.0,273300.0,1776.0,3.0,2.0,1348.0,1955.0,9801.0,singleFamily,32,208050.0,2025,https://www.zillow.com,https://photos.zillowstatic.com/fp/03d23a9a8e8029f939b17dbc9e7b4423-p_c.jpg,2026-05-25 11:52,For Sale
26851825,13530 Far Hills Ln,75240,Dallas,TX,32.932667,-96.779144,600000,229.0,,574500.0,5292.0,4.0,3.0,2620.0,1963.0,10323.72,singleFamily,34,563180.0,2025,https://www.zillow.com,https://photos.zillowstatic.com/fp/bcc4a3bab09f0870edd207ece1b5027d-p_c.jpg,2026-05-25 11:52,For Sale
26874003,6915 Middle Cove Dr,75248,Dallas,TX,32.970566,-96.78782,2300000,453.0,,2225500.0,7321.0,6.0,8.0,5072.0,2026.0,8581.32,singleFamily,31,700320.0,2025,https://www.zillow.com,https://photos.zillowstatic.com/fp/4830269fa7b08f1155898acdcfc6cc35-p_c.jpg,2026-05-25 11:52,For Sale
339370572,4119 Munger Ave,75204,Dallas,TX,32.802013,-96.785,659900,282.0,,643000.0,3604.0,3.0,4.0,2341.0,2020.0,1698.84,townhome,8,626370.0,2025,https://www.zillow.com,https://photos.zillowstatic.com/fp/efed13fad8b2d2f46ec7e6daa72ebb2f-p_c.jpg,2026-05-25 11:52,For Sale
26793557,7122 Piedmont Dr,75227,Dallas,TX,32.760162,-96.699486,205000,173.0,,202300.0,1816.0,3.0,1.0,1182.0,1953.0,0.32,singleFamily,20,220500.0,2025,https://www.zillow.com,https://photos.zillowstatic.com/fp/326402c13b3c072b55ceff11e6e9137c-p_c.jpg,2026-05-25 11:52,For Sale
26758119,4700 Dorset Rd,75229,Dallas,TX,32.883846,-96.82762,9997000,760.0,,8927100.0,7483.0,5.0,8.0,13151.0,1951.0,1.187,singleFamily,110,6546810.0,2025,https://www.zillow.com,https://photos.zillowstatic.com/fp/286151bdb61010284183c163c85e2c3c-p_c.jpg,2026-05-25 11:52,For Sale
26884996,3614 Parader Ct,75228,Dallas,TX,32.846035,-96.65409,445000,189.0,-5000.0,440600.0,3930.0,5.0,2.0,2350.0,1968.0,9452.52,singleFamily,187,350980.0,2025,https://www.zillow.com,https://photos.zillowstatic.com/fp/70455ee94161cd73e35ffcfc6aaeecee-p_c.jpg,2026-05-25 11:52,For Sale
26863423,7424 Stonecrest Dr,75254,Dallas,TX,32.941837,-96.77687,1400000,372.0,,,,5.0,6.0,3768.0,1965.0,0.39899999999999997,singleFamily,20,853310.0,2025,https://www.zillow.com,https://photos.zillowstatic.com/fp/5c6c2f7938c13760701beb7e08f07010-p_c.jpg,2026-05-25 11:52,For Sale
26792763,10106 Crestover Cir,75229,Dallas,TX,32.882618,-96.84948,935000,442.0,-40000.0,,,4.0,3.0,2116.0,1960.0,0.309,singleFamily,37,704760.0,2025,https://www.zillow.com,https://photos.zillowstatic.com/fp/fab2a599773b43ebe81baabe42e83cfa-p_c.jpg,2026-05-25 11:52,For Sale
26790140,3989 Highgrove Dr,75220,Dallas,TX,32.86901,-96.845245,1874999,413.0,,1821000.0,5076.0,6.0,6.0,4544.0,2026.0,10715.76,singleFamily,8,598050.0,2025,https://www.zillow.com,https://photos.zillowstatic.com/fp/13633a58f5d4631446275ca47d34471d-p_c.jpg,2026-05-25 11:52,For Sale
26706967,6834 Northridge Dr,75214,Dallas,TX,32.830135,-96.743065,3495000,652.0,-80000.0,3368100.0,4445.0,5.0,6.0,5358.0,2026.0,10018.8,singleFamily,59,1090750.0,2025,https://www.zillow.com,https://photos.zillowstatic.com/fp/395096786e5617f83b50b37f9e284947-p_c.jpg,2026-05-25 11:52,For Sale
26714332,1100 S Brighton Ave,75208,Dallas,TX,32.734875,-96.8501,249000,185.0,-18990.0,255500.0,2428.0,3.0,2.0,1344.0,1925.0,5924.16,singleFamily,113,374940.0,2025,https://www.zillow.com,https://photos.zillowstatic.com/fp/b40d14c1637ab68c4ac640f64c584e61-p_c.jpg,2026-05-25 11:52,For Sale
80224067,4028 Courtshire Dr,75229,Dallas,TX,32.904762,-96.842285,2750000,443.0,-100000.0,2625400.0,14246.0,5.0,7.0,6204.0,2019.0,0.367,singleFamily,37,2405360.0,2025,https://www.zillow.com,https://photos.zillowstatic.com/fp/499f065bb20e2d552275c307c142dd0e-p_c.jpg,2026-05-25 11:52,For Sale
26751108,7329 Edgerton Dr,75231,Dallas,TX,32.857544,-96.73505,590000,295.0,-10000.0,574800.0,3645.0,4.0,3.0,2000.0,1960.0,7766.748,singleFamily,66,566090.0,2025,https://www.zillow.com,https://photos.zillowstatic.com/fp/a8746595e435f258fa3ac003af6247c7-p_c.jpg,2026-05-25 11:52,For Sale
26806504,10626 Cox Ln,75229,Dallas,TX,32.89226,-96.85272,1349000,333.0,-150900.0,,,4.0,5.0,4053.0,1972.0,0.323,singleFamily,9,1116000.0,2025,https://www.zillow.com,https://photos.zillowstatic.com/fp/8ab40d53c430e07c02e4907efff39780-p_c.jpg,2026-05-25 11:52,For Sale
26699397,2802 Brigham Ln,75215,Dallas,TX,32.751232,-96.750465,149000,88.0,,143500.0,2411.0,4.0,2.0,1700.0,2025.0,6011.28,singleFamily,19,59980.0,2025,https://www.zillow.com,https://photos.zillowstatic.com/fp/3519d1caf725c3156b316360c523dc98-p_c.jpg,2026-05-25 11:52,For Sale
333140529,2014 White Grove Dr,75228,Dallas,TX,32.804256,-96.716354,559000,250.0,-10000.0,553600.0,2859.0,4.0,3.0,2235.0,2021.0,1829.52,singleFamily,30,656960.0,2025,https://www.zillow.com,https://photos.zillowstatic.com/fp/9a97614fa3101b0a5524a7ba056a3d8c-p_c.jpg,2026-05-25 11:52,For Sale
26706322,6947 Ellsworth Ave,75214,Dallas,TX,32.834545,-96.74162,3389000,621.0,,3264700.0,2441.0,5.0,6.0,5454.0,2026.0,9278.28,singleFamily,17,860890.0,2025,https://www.zillow.com,https://photos.zillowstatic.com/fp/47ff8ea508f1a5f395c5274bef619620-p_c.jpg,2026-05-25 11:52,For Sale
26807504,3556 Royal Ln,75229,Dallas,TX,32.894787,-96.85995,530000,344.0,-10000.0,516400.0,3631.0,3.0,2.0,1541.0,1961.0,9931.68,singleFamily,45,433460.0,2025,https://www.zillow.com,https://photos.zillowstatic.com/fp/81c1f2bfd30a420473c096a63bf1d906-p_c.jpg,2026-05-25 11:52,For Sale
26898315,3624 Douglas Ave,75219,Dallas,TX,32.81697,-96.80828,575000,327.0,-20000.0,564800.0,3525.0,3.0,3.0,1758.0,1993.0,2178.0,singleFamily,39,559430.0,2025,https://www.zillow.com,https://photos.zillowstatic.com/fp/99363b624bd5b240e1dbb7d2c3765085-p_c.jpg,2026-05-25 11:52,For Sale
26626390,4406 Windward Cir,75287,Dallas,TX,33.008568,-96.834045,459000,203.0,-26000.0,451000.0,2577.0,3.0,2.0,2256.0,1982.0,5227.2,singleFamily,20,460063.0,2025,https://www.zillow.com,https://photos.zillowstatic.com/fp/b59ae2c9c0ef0126c093cd3449f96553-p_c.jpg,2026-05-25 11:52,For Sale
26881130,4456 Thunder Rd,75244,Dallas,TX,32.92473,-96.83212,1225000,417.0,,1193600.0,4887.0,5.0,3.0,2941.0,1968.0,0.348,singleFamily,32,726280.0,2025,https://www.zillow.com,https://photos.zillowstatic.com/fp/d5a8b3acd3b04c15b46cdc5f7f04e00a-p_c.jpg,2026-05-25 11:52,For Sale
462638945,4605 Belmont Ave #101,75204,Dallas,TX,32.810024,-96.786705,805000,356.0,,,,3.0,4.0,2260.0,2026.0,7792.884,townhome,2,,,https://www.zillow.com,https://photos.zillowstatic.com/fp/a5c8dd44288af128828cf86440da9853-p_c.jpg,2026-05-25 11:52,For Sale
26740812,8819 Santa Clara Dr,75218,Dallas,TX,32.822502,-96.70759,495000,413.0,,485200.0,2665.0,3.0,2.0,1198.0,1940.0,7753.68,singleFamily,28,525600.0,2025,https://www.zillow.com,https://photos.zillowstatic.com/fp/35b79be2bb6e4893ea829dc6c3fc2dd8-p_c.jpg,2026-05-25 11:52,For Sale
26806968,10118 Timber Trail Dr,75229,Dallas,TX,32.882893,-96.860435,915000,381.0,,871200.0,4304.0,3.0,3.0,2401.0,1969.0,0.424,singleFamily,10,631870.0,2025,https://www.zillow.com,https://photos.zillowstatic.com/fp/bbf61c8f57f13b7194c022a21454989c-p_c.jpg,2026-05-25 11:52,For Sale
26693391,4330 Rawlins St,75219,Dallas,TX,32.81704,-96.81294,880000,303.0,-40000.0,850600.0,5605.0,3.0,3.0,2902.0,1948.0,7840.8,singleFamily,73,994000.0,2025,https://www.zillow.com,https://photos.zillowstatic.com/fp/576d4d04816877f33b05a28b7b1bf3c3-p_c.jpg,2026-05-25 11:52,For Sale
26837455,11116 Westmere Cir,75230,Dallas,TX,32.899246,-96.79108,3550000,984.0,,3455000.0,7614.0,3.0,4.0,3608.0,1958.0,0.6985,singleFamily,12,2351940.0,2025,https://www.zillow.com,https://photos.zillowstatic.com/fp/89e0efb183668a41a19cfadfdc8b2d20-p_c.jpg,2026-05-25 11:52,For Sale
26869293,9615 Millridge Dr,75243,Dallas,TX,32.90484,-96.729965,635000,258.0,-15000.0,,,3.0,3.0,2460.0,1970.0,8755.56,singleFamily,46,605190.0,2025,https://www.zillow.com,https://photos.zillowstatic.com/fp/164c60bc82c361b524ef1aaf305097cb-p_c.jpg,2026-05-25 11:52,For Sale
96535700,6030 Plum Dale Rd,75241,Dallas,TX,32.67256,-96.77763,399999,227.0,,397900.0,2492.0,3.0,3.0,1766.0,2026.0,6098.4,singleFamily,10,65000.0,2025,https://www.zillow.com,https://photos.zillowstatic.com/fp/058ddb76f47fd70c01356018c9884d15-p_c.jpg,2026-05-25 11:52,For Sale
26887852,2953 San Diego Dr,75228,Dallas,TX,32.854248,-96.662926,250000,146.0,-10000.0,,2094.0,3.0,2.0,1711.0,1981.0,6446.88,singleFamily,279,279350.0,2025,https://www.zillow.com,https://photos.zillowstatic.com/fp/7bd7c5345fecc3fd73073822baa11df2-p_c.jpg,2026-05-25 11:52,For Sale
26680018,3727 Gilbert Ave APT A,75219,Dallas,TX,32.813416,-96.802734,535000,246.0,-10000.0,526900.0,4638.0,2.0,3.0,2178.0,1973.0,7971.48,condo,112,598590.0,2025,https://www.zillow.com,https://photos.zillowstatic.com/fp/e04717ab79776971a5bafcd97d8838ed-p_c.jpg,2026-05-25 11:52,For Sale
26802818,11528 Sinclair Ave,75218,Dallas,TX,32.853012,-96.680405,229000,203.0,,223600.0,2262.0,3.0,2.0,1126.0,1950.0,8407.08,singleFamily,17,271770.0,2025,https://www.zillow.com,https://photos.zillowstatic.com/fp/5794fcf793ae7ec94209781824829548-p_c.jpg,2026-05-25 11:52,For Sale
26849830,7233 Helsem Bnd,75230,Dallas,TX,32.919727,-96.78089,945000,280.0,,905200.0,4811.0,3.0,3.0,3370.0,1985.0,6054.84,singleFamily,1,974290.0,2025,https://www.zillow.com,https://photos.zillowstatic.com/fp/d86885fb3e9f2abd94923d5005dbd48d-p_c.jpg,2026-05-25 11:52,For Sale
26862122,1915 Prairie View Dr,75235,Dallas,TX,32.81595,-96.848076,319900,130.0,,319200.0,4300.0,5.0,3.0,2465.0,1954.0,6795.36,singleFamily,5,247280.0,2025,https://www.zillow.com,https://photos.zillowstatic.com/fp/0a13e2d6b5ab33c31c473ec9db090432-p_c.jpg,2026-05-25 11:52,For Sale
26757459,5615 Lobello Dr,75229,Dallas,TX,32.892563,-96.809555,5750000,799.0,-245000.0,,,4.0,6.0,7200.0,2025.0,0.554,singleFamily,188,2637080.0,2025,https://www.zillow.com,https://photos.zillowstatic.com/fp/dff915ebe1cb7d97210c5e1624d189e5-p_c.jpg,2026-05-25 11:52,For Sale
26701950,2410 Auburn Ave,75214,Dallas,TX,32.816734,-96.739685,859999,572.0,,825000.0,3222.0,3.0,2.0,1504.0,1923.0,8973.36,singleFamily,0,793000.0,2025,https://www.zillow.com,https://photos.zillowstatic.com/fp/f9d0eb03b3c6241d2ef39b20dc9db674-p_c.jpg,2026-05-25 11:52,For Sale
26899191,3901 Turtle Creek Blvd #7,75219,Dallas,TX,32.816788,-96.79974,8900000,1310.0,,,,3.0,6.0,6792.0,1997.0,7535.88,singleFamily,34,3145000.0,2025,https://www.zillow.com,https://photos.zillowstatic.com/fp/da8210692bd7a70faad4b9c3fc7bf180-p_c.jpg,2026-05-25 11:52,For Sale
26698515,4415 Jamaica St,75210,Dallas,TX,32.77661,-96.74586,295000,181.0,,,2060.0,3.0,2.0,1630.0,2020.0,5227.2,singleFamily,80,283210.0,2025,https://www.zillow.com,https://photos.zillowstatic.com/fp/4d6420fc0775bbf0ff6e972cb29726f3-p_c.jpg,2026-05-25 11:52,For Sale
89385491,1333 Falcon Dr,75051,Grand Prairie,TX,32.733475,-96.992676,635000,171.0,,610800.0,4413.0,10.0,7.0,3723.0,2008.0,0.35600000000000004,singleFamily,83,500000.0,2025,https://www.zillow.com,https://photos.zillowstatic.com/fp/5d776a2ceda92360054306fd84dc12c8-p_c.jpg,2026-05-25 11:52,For Sale
26798127,7540 Gayglen Dr,75217,Dallas,TX,32.709415,-96.691734,309900,176.0,,,,3.0,2.0,1760.0,1965.0,8102.16,singleFamily,87,427970.0,2025,https://www.zillow.com,https://photos.zillowstatic.com/fp/e93b6244fccaf2e149381019762685d4-p_c.jpg,2026-05-25 11:52,For Sale
462487615,1727 Tenison Hills Ct,75228,Dallas,TX,32.80517,-96.719055,1697000,555.0,,1669400.0,,4.0,4.0,3055.0,2026.0,6033.06,singleFamily,31,,,https://www.zillow.com,https://photos.zillowstatic.com/fp/0b424f63478ffa70bc5ce6e8ceafd1b9-p_c.jpg,2026-05-25 11:52,For Sale
462263793,4719 Manett St Unit 102,75204,Dallas,TX,32.81172,-96.785355,675000,321.0,,663700.0,4587.0,3.0,4.0,2100.0,2026.0,6054.84,condo,17,,,https://www.zillow.com,https://photos.zillowstatic.com/fp/6a3e597139ad170e038a1daffdc61cc8-p_c.jpg,2026-05-25 11:52,For Sale
26798424,7960 Olusta Dr,75217,Dallas,TX,32.709885,-96.68538,149900,108.0,,,,3.0,2.0,1394.0,1958.0,8407.08,singleFamily,18,246440.0,2025,https://www.zillow.com,https://photos.zillowstatic.com/fp/13daca8d618fac6dada14122b3c56299-p_c.jpg,2026-05-25 11:52,For Sale
26757548,10615 Park Preston Dr,75230,Dallas,TX,32.89072,-96.808014,1199000,390.0,,1142600.0,7196.0,3.0,4.0,3074.0,1979.0,8058.6,singleFamily,26,1246630.0,2025,https://www.zillow.com,https://photos.zillowstatic.com/fp/3186046779926b0b4427439af641cd89-p_c.jpg,2026-05-25 11:52,For Sale
96527012,6549 Compass Ridge Dr,75249,Dallas,TX,32.64729,-96.9725,349900,123.0,-10000.0,348800.0,3171.0,4.0,4.0,2846.0,2011.0,7753.68,singleFamily,125,443210.0,2025,https://www.zillow.com,https://photos.zillowstatic.com/fp/7be7e4a0cf1d4165cc39fe2adb8f1394-p_c.jpg,2026-05-25 11:52,For Sale
84002559,6716 Prairie Flower Trl,75227,Dallas,TX,32.778694,-96.70314,500000,146.0,-10000.0,496200.0,3951.0,5.0,4.0,3419.0,2007.0,5967.72,singleFamily,45,456040.0,2025,https://www.zillow.com,https://photos.zillowstatic.com/fp/42e232ebd527710b6a54c1821320e92f-p_c.jpg,2026-05-25 11:52,For Sale
26740176,8210 Garland Rd,75218,Dallas,TX,32.81496,-96.721535,3495000,536.0,,3211200.0,8705.0,6.0,6.0,6519.0,2004.0,1.033,singleFamily,37,2566600.0,2025,https://www.zillow.com,https://photos.zillowstatic.com/fp/cc924622ac02e491e01f7031b7e4a773-p_c.jpg,2026-05-25 11:52,For Sale
27292113,17832 River Chase Dr,75287,Dallas,TX,32.992664,-96.85056,459000,207.0,,449400.0,2656.0,4.0,2.0,2214.0,1994.0,7492.32,singleFamily,24,421480.0,2025,https://www.zillow.com,https://photos.zillowstatic.com/fp/39bc13d3361270c02846890e08b979d5-p_c.jpg,2026-05-25 11:52,For Sale
26588578,4323 Quail Hollow Rd,75287,Dallas,TX,33.000412,-96.83471,850000,251.0,-10000.0,818700.0,4994.0,4.0,4.0,3388.0,1981.0,8712.0,singleFamily,10,790552.0,2025,https://www.zillow.com,https://photos.zillowstatic.com/fp/f3fb93a15bde3786abc8dc62212bf2a3-p_c.jpg,2026-05-25 11:52,For Sale
26818365,9404 Glengreen Dr,75217,Dallas,TX,32.74313,-96.66136,275900,196.0,,273400.0,2391.0,4.0,3.0,1410.0,1972.0,9321.84,singleFamily,28,242540.0,2025,https://www.zillow.com,https://photos.zillowstatic.com/fp/9ebe09e918fe25f5c7bcf83a49e0b173-p_c.jpg,2026-05-25 11:52,For Sale
26890003,6520 Clearhaven Cir,75248,Dallas,TX,32.96616,-96.79225,749000,254.0,-11000.0,726200.0,6086.0,4.0,3.0,2953.0,1979.0,7666.56,singleFamily,18,737550.0,2025,https://www.zillow.com,https://photos.zillowstatic.com/fp/03dfb155d690902c5d53ea4f100354b2-p_c.jpg,2026-05-25 11:52,For Sale
26778847,2406 Cliff Teen Ct,75233,Dallas,TX,32.711338,-96.85728,215000,159.0,-10000.0,210300.0,2025.0,3.0,2.0,1348.0,1960.0,7710.12,singleFamily,55,245010.0,2025,https://www.zillow.com,https://photos.zillowstatic.com/fp/772eca50e2f341366c46bcc45f465286-p_c.jpg,2026-05-25 11:52,For Sale
67964241,3740 Holland Ave APT 3B,75219,Dallas,TX,32.813465,-96.80331,1295000,569.0,,,,2.0,3.0,2275.0,2003.0,,condo,1,1754530.0,2025,https://www.zillow.com,https://photos.zillowstatic.com/fp/cbbf5d6403829000a6a51b7f7911cb62-p_c.jpg,2026-05-25 11:52,For Sale
26759105,5045 Lakehill Ct,75220,Dallas,TX,32.876045,-96.822975,4700000,604.0,,,,7.0,9.0,7781.0,1973.0,1.0,singleFamily,58,3474640.0,2025,https://www.zillow.com,https://photos.zillowstatic.com/fp/ca3bfad4b07f199e078ed6c60e231f3c-p_c.jpg,2026-05-25 11:52,For Sale
26710920,918 Elsbeth St,75208,Dallas,TX,32.75449,-96.82502,414999,285.0,-10000.0,403800.0,3108.0,3.0,3.0,1458.0,1925.0,6621.12,singleFamily,57,537100.0,2025,https://www.zillow.com,https://photos.zillowstatic.com/fp/8923793277e07a695a259041064ef207-p_c.jpg,2026-05-25 11:52,For Sale
26756533,6449 Royalton Dr,75230,Dallas,TX,32.897522,-96.79476,2000000,312.0,-100000.0,,,6.0,7.0,6411.0,2020.0,0.367,singleFamily,45,3669250.0,2025,https://www.zillow.com,https://photos.zillowstatic.com/fp/f8792c7f00bd252ff3a8803b172d354b-p_c.jpg,2026-05-25 11:52,For Sale
26765716,3018 51st St,75216,Dallas,TX,32.700157,-96.76921,190000,204.0,,186500.0,1446.0,3.0,1.0,932.0,1954.0,7274.52,singleFamily,25,165620.0,2025,https://www.zillow.com,https://photos.zillowstatic.com/fp/ddc662da5be9ccd95f2ed77059337c3f-p_c.jpg,2026-05-25 11:52,For Sale
26734152,4325 Pomona Rd,75209,Dallas,TX,32.85364,-96.83528,3700000,807.0,,,,5.0,4.0,4585.0,1934.0,0.439,singleFamily,31,2325000.0,2025,https://www.zillow.com,https://photos.zillowstatic.com/fp/a15bd45e2ab50cb216f415efc4b781d0-p_c.jpg,2026-05-25 11:52,For Sale
26791860,2526 Pleasant Dr,75227,Dallas,TX,32.771065,-96.689674,280000,175.0,,,1933.0,4.0,2.0,1602.0,1950.0,0.3769742883379247,singleFamily,5,284670.0,2025,https://www.zillow.com,https://photos.zillowstatic.com/fp/ae43f7b25d6ed394cc34cd61864c2713-p_c.jpg,2026-05-25 11:52,For Sale
26842198,2926 Hillglenn Rd,75228,Dallas,TX,32.825733,-96.66458,375000,206.0,-4000.0,366200.0,1944.0,4.0,2.0,1824.0,1955.0,7579.44,singleFamily,10,315520.0,2025,https://www.zillow.com,https://photos.zillowstatic.com/fp/fd1924163cb96b5c6df9e3958d23a9de-p_c.jpg,2026-05-25 11:52,For Sale
26848159,6415 Forestshire Dr,75230,Dallas,TX,32.908527,-96.79437,2295000,498.0,-100000.0,2178500.0,6230.0,4.0,5.0,4611.0,1981.0,0.347,singleFamily,64,1624960.0,2025,https://www.zillow.com,https://photos.zillowstatic.com/fp/c28d24b319d95f12a9ccde29eb150f16-p_c.jpg,2026-05-25 11:52,For Sale
26692956,4205 Prescott Ave,75244,Dallas,TX,32.821945,-96.80421,1235000,342.0,-65000.0,,,4.0,4.0,3616.0,1930.0,6446.88,singleFamily,130,915540.0,2025,https://www.zillow.com,https://photos.zillowstatic.com/fp/c029e275019e389009778fcd9417a2a4-p_c.jpg,2026-05-25 11:52,For Sale
26807172,3581 Woodleigh Dr,75229,Dallas,TX,32.8839,-96.85812,649000,237.0,,622400.0,3662.0,5.0,3.0,2733.0,1955.0,10323.72,singleFamily,25,528220.0,2025,https://www.zillow.com,https://photos.zillowstatic.com/fp/b75dfa70a523d912b77a01670d534c78-p_c.jpg,2026-05-25 11:52,For Sale
26814768,419 Highcrest Dr,75232,Dallas,TX,32.663494,-96.828674,225000,156.0,-25000.0,245900.0,1758.0,4.0,2.0,1440.0,1956.0,8102.16,singleFamily,17,232890.0,2025,https://www.zillow.com,https://photos.zillowstatic.com/fp/1048efb971f77376f550731f61bab39e-p_c.jpg,2026-05-25 11:52,For Sale
96491181,4448 Marcell Ave,75211,Dallas,TX,32.731773,-96.89352,460000,223.0,,452500.0,3585.0,4.0,4.0,2067.0,2024.0,7100.28,singleFamily,102,444090.0,2025,https://www.zillow.com,https://photos.zillowstatic.com/fp/fd2a4f1cb4c5adf238289fe93fb7bccf-p_c.jpg,2026-05-25 11:52,For Sale
26754570,6123 Northwood Rd,75225,Dallas,TX,32.869835,-96.80082,6500000,859.0,,6178500.0,6180.0,5.0,8.0,7568.0,2026.0,0.40499999999999997,singleFamily,46,1512300.0,2025,https://www.zillow.com,https://photos.zillowstatic.com/fp/b2f8f479278df207348083179bd41169-p_c.jpg,2026-05-25 11:52,For Sale
26785636,5320 Elkridge Dr,75227,Dallas,TX,32.790108,-96.705605,395000,177.0,,390700.0,3406.0,3.0,3.0,2226.0,1966.0,8581.32,singleFamily,44,374960.0,2025,https://www.zillow.com,https://photos.zillowstatic.com/fp/255ad6ddea9b011366c20de836a8b447-p_c.jpg,2026-05-25 11:52,For Sale
26753143,7023 Brookshire Dr,75230,Dallas,TX,32.89117,-96.784,1895000,470.0,-50000.0,1815000.0,7283.0,5.0,4.0,4034.0,1970.0,0.31,singleFamily,52,896740.0,2025,https://www.zillow.com,https://photos.zillowstatic.com/fp/83fed295466cf92963922c66abc67e85-p_c.jpg,2026-05-25 11:52,For Sale
26752102,7215 Centenary Ave,75225,Dallas,TX,32.862583,-96.78225,3800000,670.0,,,,4.0,5.0,5670.0,1998.0,8842.68,singleFamily,6,2528820.0,2025,https://www.zillow.com,https://photos.zillowstatic.com/fp/66204eaeca0fd4336479e5bf0c803348-p_c.jpg,2026-05-25 11:52,For Sale
96520486,2311 Fatima Ave,75241,Dallas,TX,32.671944,-96.78239,519000,193.0,-6000.0,,,4.0,4.0,2690.0,2026.0,9539.64,singleFamily,2,65000.0,2025,https://www.zillow.com,https://photos.zillowstatic.com/fp/32af276e84c690bbd9446bf0bf980dd3-p_c.jpg,2026-05-25 11:52,For Sale
26911606,304 Kahala Dr,75218,Dallas,TX,32.857506,-96.70283,525000,204.0,,514600.0,3713.0,3.0,3.0,2576.0,1996.0,6795.36,singleFamily,9,578100.0,2025,https://www.zillow.com,https://photos.zillowstatic.com/fp/e3e1acc2091ded4f424dba8689e3b08e-p_c.jpg,2026-05-25 11:52,For Sale
26868545,9530 Moss Haven Dr,75231,Dallas,TX,32.888954,-96.742744,1175000,300.0,,1138300.0,6448.0,5.0,7.0,3914.0,1980.0,0.306,singleFamily,22,1000760.0,2025,https://www.zillow.com,https://photos.zillowstatic.com/fp/d8941d5916934395bfccb7f621d70a51-p_c.jpg,2026-05-25 11:52,For Sale
96508401,2010 McMillan Ave,75206,Dallas,TX,32.8149,-96.774414,2500000,506.0,,2359700.0,4644.0,4.0,5.0,4936.0,2017.0,7492.32,singleFamily,18,1666820.0,2025,https://www.zillow.com,https://photos.zillowstatic.com/fp/82082f0d8cbd00d57246264a0d9a050b-p_c.jpg,2026-05-25 11:52,For Sale
26693014,4009 Prescott Ave,75219,Dallas,TX,32.821987,-96.80897,1399000,475.0,-100000.0,1335900.0,5719.0,3.0,3.0,2948.0,1930.0,7187.4,singleFamily,46,852110.0,2025,https://www.zillow.com,https://photos.zillowstatic.com/fp/f1a08ca3f3679b541390b55e6c4ca20c-p_c.jpg,2026-05-25 11:52,For Sale
26752895,7124 Meadow Rd,75230,Dallas,TX,32.886986,-96.78161,1425000,386.0,-25000.0,1375000.0,7617.0,4.0,4.0,3687.0,1969.0,0.293,singleFamily,37,969820.0,2025,https://www.zillow.com,https://photos.zillowstatic.com/fp/03c33a4b115a29d8464daee3f2e54c66-p_c.jpg,2026-05-25 11:52,For Sale
162169838,601 Cristler Ave,75223,Dallas,TX,32.802513,-96.7469,325000,158.0,,311900.0,2453.0,4.0,3.0,2060.0,1922.0,7143.84,multiFamily,16,419230.0,2025,https://www.zillow.com,https://photos.zillowstatic.com/fp/fb4ba82290384aa721094d224c4a44d0-p_c.jpg,2026-05-25 11:52,For Sale
96530276,1906 Euclid Ave Unit C,75206,Dallas,TX,32.81359,-96.7732,789000,307.0,-10000.0,764000.0,4707.0,2.0,3.0,2573.0,2008.0,8276.4,condo,52,604660.0,2025,https://www.zillow.com,https://photos.zillowstatic.com/fp/d709dbd9e9bd211275fd4fb24e69c857-p_c.jpg,2026-05-25 11:52,For Sale
26701875,6867 Gaston Ave,75214,Dallas,TX,32.816105,-96.74107,1249950,534.0,,,,4.0,3.0,2340.0,1937.0,0.29500000000000004,singleFamily,23,768020.0,2025,https://www.zillow.com,https://photos.zillowstatic.com/fp/aae84fe61aee8d595f640aa09875acb5-p_c.jpg,2026-05-25 11:52,For Sale
26740873,8910 San Fernando Way,75218,Dallas,TX,32.824726,-96.70902,650000,357.0,,,,3.0,2.0,1822.0,1946.0,0.258,singleFamily,37,678050.0,2025,https://www.zillow.com,https://photos.zillowstatic.com/fp/31823f829834ba003df5c22f8db657fd-p_c.jpg,2026-05-25 11:52,For Sale
26697721,4851 Cedar Springs Rd APT 182,75219,Dallas,TX,32.81927,-96.822525,150000,178.0,-15000.0,,1550.0,2.0,1.0,841.0,1970.0,6.609,condo,15,164780.0,2025,https://www.zillow.com,https://photos.zillowstatic.com/fp/a3ae9b56cbb0e030e2bfd401a02a2a92-p_c.jpg,2026-05-25 11:52,For Sale
26703631,6016 E Mockingbird Ln,75206,Dallas,TX,32.836266,-96.7636,475000,353.0,-15000.0,466900.0,2237.0,2.0,2.0,1346.0,1973.0,2178.0,townhome,73,421000.0,2025,https://www.zillow.com,https://photos.zillowstatic.com/fp/9a4959f5d6a7dbdbe4874eb3cee6fc2b-p_c.jpg,2026-05-25 11:52,For Sale
26887252,6011 Twin Coves St,75248,Dallas,TX,32.970802,-96.799835,1649000,456.0,,1562500.0,6639.0,4.0,4.0,3615.0,1981.0,0.368,singleFamily,18,1192700.0,2025,https://www.zillow.com,https://photos.zillowstatic.com/fp/b44cd4a3f562674f4f57dc96ab4b2a08-p_c.jpg,2026-05-25 11:52,For Sale
26717012,1614 Seevers Ave,75216,Dallas,TX,32.727894,-96.82125,312000,197.0,-7000.0,333200.0,2084.0,3.0,3.0,1584.0,1959.0,7013.16,singleFamily,51,318880.0,2025,https://www.zillow.com,https://photos.zillowstatic.com/fp/571a5ddf343776bb4cdf563a76593327-p_c.jpg,2026-05-25 11:52,For Sale
26753626,6236 Del Norte Ln,75225,Dallas,TX,32.86822,-96.79825,1495000,481.0,-55000.0,1429600.0,7101.0,4.0,4.0,3108.0,1951.0,0.2571166207529844,singleFamily,237,1465390.0,2025,https://www.zillow.com,https://photos.zillowstatic.com/fp/ca0996343a04358636f141423bf06f41-p_c.jpg,2026-05-25 11:52,For Sale
26915432,5210 Cliff Haven Dr,75236,Dallas,TX,32.68334,-96.93062,587000,198.0,-38000.0,,4034.0,4.0,3.0,2964.0,1992.0,0.6429981634527089,singleFamily,53,519980.0,2025,https://www.zillow.com,https://photos.zillowstatic.com/fp/366191df077f1e043845ca1afa36e631-p_c.jpg,2026-05-25 11:52,For Sale
96525018,6655 Mountain Trl,75236,Dallas,TX,32.666077,-96.95924,3015000,217.0,,2898900.0,2806.0,27.0,3.0,13923.0,2025.0,0.517,multiFamily,26,40000.0,2025,https://www.zillow.com,https://photos.zillowstatic.com/fp/f410fe50c397e02c679d641a0463f47f-p_c.jpg,2026-05-25 11:52,For Sale
26713007,734 N Montclair Ave,75208,Dallas,TX,32.751488,-96.84263,730000,467.0,-55000.0,707700.0,3108.0,3.0,3.0,1564.0,1922.0,7448.76,singleFamily,37,551970.0,2025,https://www.zillow.com,https://photos.zillowstatic.com/fp/0ce0718eaef9d04480fc634579319696-p_c.jpg,2026-05-25 11:52,For Sale
26902778,1536 Waterside Ct,75218,Dallas,TX,32.808582,-96.72421,675000,231.0,-24000.0,667900.0,5188.0,4.0,3.0,2923.0,1993.0,5009.4,singleFamily,87,824540.0,2025,https://www.zillow.com,https://photos.zillowstatic.com/fp/bdc012b77abde1e12c92e0489c0320e2-p_c.jpg,2026-05-25 11:52,For Sale
26735457,4717 Linnet Ln,75209,Dallas,TX,32.84348,-96.82942,1299000,270.0,-51000.0,1281500.0,7948.0,5.0,6.0,4806.0,2025.0,6577.56,singleFamily,122,300000.0,2025,https://www.zillow.com,https://photos.zillowstatic.com/fp/5812e3cae1051a772d8af4f67bf2daaa-p_c.jpg,2026-05-25 11:52,For Sale
26776094,4926 Rand Ave,75216,Dallas,TX,32.6843,-96.80957,179950,106.0,,170800.0,2038.0,3.0,2.0,1696.0,1957.0,8472.42,singleFamily,37,239210.0,2025,https://www.zillow.com,https://photos.zillowstatic.com/fp/61257eefce96df2f705b2d6156242e3d-p_c.jpg,2026-05-25 11:52,For Sale
26892059,7120 Field View Ln,75249,Dallas,TX,32.639565,-96.94567,260000,174.0,-25000.0,258600.0,2526.0,3.0,2.0,1496.0,1975.0,6708.24,singleFamily,15,253990.0,2025,https://www.zillow.com,https://photos.zillowstatic.com/fp/f7686945c1b93aff99ac075827c297f1-p_c.jpg,2026-05-25 11:52,For Sale
60347184,4030 Holly Leaf Ct,75212,Dallas,TX,32.790154,-96.86008,400000,157.0,,387300.0,2590.0,3.0,3.0,2544.0,2002.0,5357.88,singleFamily,9,443850.0,2025,https://www.zillow.com,https://photos.zillowstatic.com/fp/e8af6fc8743caa6269716f2bbf5d1bc9-p_c.jpg,2026-05-25 11:52,For Sale
26807199,10255 Timber Trail Dr,75229,Dallas,TX,32.88647,-96.85776,720000,277.0,-15000.0,696100.0,4227.0,4.0,3.0,2599.0,1964.0,0.48100000000000004,singleFamily,17,762610.0,2025,https://www.zillow.com,https://photos.zillowstatic.com/fp/78f90566ca524fa4b3d17737fa03541d-p_c.jpg,2026-05-25 11:52,For Sale
26830979,8446 Sweetwood Dr,75228,Dallas,TX,32.803825,-96.69978,428000,237.0,-1000.0,421000.0,2646.0,3.0,2.0,1805.0,1962.0,8015.04,singleFamily,2,459220.0,2025,https://www.zillow.com,https://photos.zillowstatic.com/fp/ef97e5f2cfafd8720f2db070c21bee5b-p_c.jpg,2026-05-25 11:52,For Sale
26689166,5617 Swiss Ave,75214,Dallas,TX,32.80813,-96.76333,2550000,640.0,,2384600.0,6668.0,4.0,3.0,3985.0,1919.0,0.372,singleFamily,16,1780650.0,2025,https://www.zillow.com,https://photos.zillowstatic.com/fp/f19834fee3fbbaf1fe115dac8d2ab88a-p_c.jpg,2026-05-25 11:52,For Sale
26875769,6505 Beckwith Ct,75248,Dallas,TX,32.97916,-96.795364,1100000,332.0,,1059300.0,4829.0,4.0,3.0,3312.0,1975.0,9757.44,singleFamily,23,938770.0,2025,https://www.zillow.com,https://photos.zillowstatic.com/fp/932005ba8814c6a2a1d349bb5f49e76c-p_c.jpg,2026-05-25 11:52,For Sale
26786398,733 Kirkwood Dr,75218,Dallas,TX,32.85002,-96.70548,575000,394.0,,566500.0,2837.0,3.0,2.0,1461.0,1955.0,8755.56,singleFamily,18,518960.0,2025,https://www.zillow.com,https://photos.zillowstatic.com/fp/46e3bc6e29b87b0b445a8410fdd054ab-p_c.jpg,2026-05-25 11:52,For Sale
26745501,2418 Centerville Rd,75228,Dallas,TX,32.842587,-96.6713,225000,203.0,-15000.0,220200.0,1940.0,3.0,2.0,1110.0,1952.0,0.168,singleFamily,36,197780.0,2025,https://www.zillow.com,https://photos.zillowstatic.com/fp/019ebe106413ab8923f487160bc41797-p_c.jpg,2026-05-25 11:52,For Sale
26885519,4331 Kolloch Dr,75216,Dallas,TX,32.711243,-96.760956,269990,206.0,-10000.0,,,3.0,2.0,1312.0,1960.0,10280.16,singleFamily,37,229670.0,2025,https://www.zillow.com,https://photos.zillowstatic.com/fp/776d64e48f52ca0bb60ec09aaca0d9d0-p_c.jpg,2026-05-25 11:52,For Sale
2114577083,4343 McKinney Ave APT 304,75205,Dallas,TX,32.819332,-96.78973,750000,459.0,,724400.0,3639.0,2.0,2.0,1635.0,2007.0,0.321,condo,6,,,https://www.zillow.com,https://photos.zillowstatic.com/fp/7d2fa46d3c5b291adff2d508d451e085-p_c.jpg,2026-05-25 11:52,For Sale
336886774,1747 Leonard St Suite 2601,75201,Dallas,TX,32.78981,-96.79704,17500000,2276.0,,,,4.0,6.0,7688.0,2025.0,0.8300000000000001,condo,418,6334910.0,2025,https://www.zillow.com,https://photos.zillowstatic.com/fp/d7655d47504514c98f614924aa534bc7-p_c.jpg,2026-05-25 11:52,For Sale
2063219379,6113 Hudson St,75206,Dallas,TX,32.811035,-96.76428,1125000,413.0,,1090400.0,5778.0,3.0,3.0,2722.0,2022.0,3049.2,singleFamily,22,694000.0,2025,https://www.zillow.com,https://photos.zillowstatic.com/fp/7c24e4c3b069f80c978776df0dfa543d-p_c.jpg,2026-05-25 11:52,For Sale
2087808087,7418 Fair Oaks Ave APT G,75231,Dallas,TX,32.875553,-96.75379,425000,191.0,,406300.0,3316.0,3.0,3.0,2230.0,1974.0,0.906,condo,3,,,https://www.zillow.com,https://photos.zillowstatic.com/fp/133f24a941517db48336d558ff2e19c8-p_c.jpg,2026-05-25 11:52,For Sale
69676682,2848 Woodside St #7D,75204,Dallas,TX,32.798122,-96.799355,749900,395.0,,719200.0,3945.0,2.0,3.0,1900.0,2003.0,0.383,singleFamily,10,636500.0,2025,https://www.zillow.com,https://photos.zillowstatic.com/fp/c16698aa8d7343a4ecd8f77202e0d704-p_c.jpg,2026-05-25 11:52,For Sale
26734228,4422 Wildwood Rd,75209,Dallas,TX,32.85598,-96.83511,2200000,1102.0,,,,2.0,2.0,1997.0,1948.0,0.425,singleFamily,4,1670540.0,2025,https://www.zillow.com,https://photos.zillowstatic.com/fp/0a11f78ffc9ac51edee15f54dd691818-p_c.jpg,2026-05-25 11:52,For Sale
26890368,7818 Kilbride Ln,75248,Dallas,TX,32.97448,-96.769775,1297000,391.0,-50000.0,1243000.0,6198.0,4.0,4.0,3318.0,1976.0,0.324,singleFamily,45,829810.0,2025,https://www.zillow.com,https://photos.zillowstatic.com/fp/5991721a29c90d71f29e81e5d6c1a15c-p_c.jpg,2026-05-25 11:52,For Sale
69677242,2323 N Houston St APT 204,75219,Dallas,TX,32.785828,-96.809135,500000,397.0,,,,2.0,2.0,1260.0,2005.0,0.912,condo,4,447300.0,2025,https://www.zillow.com,https://photos.zillowstatic.com/fp/daf101474d8884ca986ab0a75c217e56-p_c.jpg,2026-05-25 11:52,For Sale
26935579,8601 Park Ln APT 121,75231,Dallas,TX,32.870396,-96.752846,249000,234.0,,,,2.0,2.0,1062.0,1982.0,4.332,condo,4,228070.0,2025,https://www.zillow.com,https://photos.zillowstatic.com/fp/878f97b1cd05563ed4d55023d10e82d6-p_c.jpg,2026-05-25 11:52,For Sale
26869083,9178 Glen Springs Dr,75243,Dallas,TX,32.90111,-96.72901,740000,189.0,-10000.0,,,4.0,4.0,3910.0,1973.0,10149.48,singleFamily,241,819250.0,2025,https://www.zillow.com,https://photos.zillowstatic.com/fp/d6ab724fb0f6e53ff1daabc87bf04a9e-p_c.jpg,2026-05-25 11:52,For Sale
84005717,1918 Olive St APT 3701,75201,Dallas,TX,32.78935,-96.800224,7995000,1708.0,,7511000.0,7018.0,3.0,4.0,4681.0,2011.0,0.0,condo,67,5617200.0,2025,https://www.zillow.com,https://photos.zillowstatic.com/fp/9704a9a16f5a3a28388f0bf4a859f6cd-p_c.jpg,2026-05-25 11:52,For Sale
26858944,10973 Yorksprings Pl,75218,Dallas,TX,32.86055,-96.69457,799900,295.0,-50100.0,,,4.0,4.0,2712.0,1968.0,8494.2,singleFamily,53,638740.0,2025,https://www.zillow.com,https://photos.zillowstatic.com/fp/4af794315042ad29115812f05a004b7f-p_c.jpg,2026-05-25 11:52,For Sale
26867518,7010 Claybrook Dr,75231,Dallas,TX,32.876457,-96.74088,795000,299.0,,780600.0,4477.0,4.0,3.0,2657.0,1979.0,9147.6,singleFamily,23,763000.0,2025,https://www.zillow.com,https://photos.zillowstatic.com/fp/1309e86f4775121c0a1ce18cb9e167f2-p_c.jpg,2026-05-25 11:52,For Sale
26725009,4737 Kildare Ave,75216,Dallas,TX,32.703087,-96.80295,129500,153.0,-10000.0,,1362.0,2.0,1.0,847.0,1945.0,7670.916,singleFamily,31,159720.0,2025,https://www.zillow.com,https://photos.zillowstatic.com/fp/a7cedae674810a8ef89ade34ffb40c20-p_c.jpg,2026-05-25 11:52,For Sale
26867704,7318 Danashire Ave,75231,Dallas,TX,32.879368,-96.742,975000,288.0,-50000.0,942000.0,6724.0,5.0,4.0,3380.0,1984.0,10018.8,singleFamily,138,857000.0,2025,https://www.zillow.com,https://photos.zillowstatic.com/fp/cd65fb6184649f5b12d7a2730b0663f1-p_c.jpg,2026-05-25 11:52,For Sale
26843598,9011 Liptonshire Dr,75238,Dallas,TX,32.87073,-96.70545,764900,307.0,,730000.0,5299.0,4.0,4.0,2489.0,1955.0,7666.56,singleFamily,45,592860.0,2025,https://www.zillow.com,https://photos.zillowstatic.com/fp/9a048c9f90ec20301b249e1186e9d398-p_c.jpg,2026-05-25 11:52,For Sale
26887487,11711 Kilkirk Ln,75228,Dallas,TX,32.850895,-96.662766,280000,130.0,,,2620.0,4.0,2.0,2151.0,1979.0,7593.0,singleFamily,86,319200.0,2025,https://www.zillow.com,https://photos.zillowstatic.com/fp/2873c16fafb39a8091a6f38b7cfb358b-p_c.jpg,2026-05-25 11:52,For Sale
26653322,18036 Rock Branch Dr,75287,Dallas,TX,32.995697,-96.83196,998000,254.0,,,,4.0,5.0,3924.0,1994.0,10018.8,singleFamily,52,1000778.0,2025,https://www.zillow.com,https://photos.zillowstatic.com/fp/9d900e28ef0e28f5e7be9f9102fe69bd-p_c.jpg,2026-05-25 11:52,For Sale
162175878,5457 Bonita Ave,75206,Dallas,TX,32.818462,-96.77495,2299995,539.0,,2223700.0,6602.0,4.0,5.0,4265.0,2026.0,7753.68,singleFamily,16,606610.0,2025,https://www.zillow.com,https://photos.zillowstatic.com/fp/d4210397d494231283b746598c8fefc0-p_c.jpg,2026-05-25 11:52,For Sale
26910834,9128 Sweetwater Dr,75228,Dallas,TX,32.81033,-96.691925,469000,240.0,,,2414.0,3.0,2.0,1953.0,1983.0,7361.64,singleFamily,1,474690.0,2025,https://www.zillow.com,https://photos.zillowstatic.com/fp/971d0734ebc1e6f7fb06fe3db37b6ac6-p_c.jpg,2026-05-25 11:52,For Sale
69670507,8054 Genesis Dr,75232,Dallas,TX,32.647896,-96.84451,265000,150.0,-10000.0,262400.0,2109.0,3.0,2.0,1772.0,2005.0,7753.68,singleFamily,94,285730.0,2025,https://www.zillow.com,https://photos.zillowstatic.com/fp/61ac968f37323a108568d07001e8b659-p_c.jpg,2026-05-25 11:52,For Sale
26911461,5 Birchmont Ln,75230,Dallas,TX,32.91776,-96.78565,1199000,294.0,,1148700.0,7529.0,4.0,4.0,4082.0,1997.0,5000.688,singleFamily,18,1194100.0,2025,https://www.zillow.com,https://photos.zillowstatic.com/fp/9bf0362b58b0e10a93ccf3f39c1c58a7-p_c.jpg,2026-05-25 11:52,For Sale
55826637,5432 Nuthatch St,75236,Dallas,TX,32.678207,-96.896545,280000,212.0,,,,3.0,2.0,1323.0,2001.0,7623.0,singleFamily,12,280000.0,2025,https://www.zillow.com,https://photos.zillowstatic.com/fp/8292c85a21fca788e45d57721f35756e-p_c.jpg,2026-05-25 11:52,For Sale
26751704,7639 Lovers Ln,75225,Dallas,TX,32.85137,-96.775406,1600000,558.0,-50000.0,1530900.0,6234.0,4.0,4.0,2868.0,1946.0,8407.08,singleFamily,79,1269230.0,2025,https://www.zillow.com,https://photos.zillowstatic.com/fp/c51ed64711996573f7948e47031794ca-p_c.jpg,2026-05-25 11:52,For Sale
2070563134,6917 Forest Glen Dr,75230,Dallas,TX,32.913498,-96.78538,2200000,399.0,,2108700.0,6364.0,4.0,6.0,5519.0,1999.0,7492.32,singleFamily,33,,,https://www.zillow.com,https://photos.zillowstatic.com/fp/ca6fdf1518b01b3094e1f97e022ca3a3-p_c.jpg,2026-05-25 11:52,For Sale
26765982,3102 Kilburn Ave,75216,Dallas,TX,32.70378,-96.76976,130000,113.0,-19999.0,,1626.0,3.0,1.0,1155.0,1951.0,7274.52,singleFamily,25,161180.0,2025,https://www.zillow.com,https://photos.zillowstatic.com/fp/8fb189699660866768b611f26f5f88c3-p_c.jpg,2026-05-25 11:52,For Sale
333139155,14373 Wrangler Way,75253,Dallas,TX,32.67319,-96.585754,325000,126.0,,323400.0,2808.0,5.0,5.0,2572.0,2019.0,6141.96,singleFamily,27,324670.0,2025,https://www.zillow.com,https://photos.zillowstatic.com/fp/20f215674375ba4bd3d8aabfe6ff5965-p_c.jpg,2026-05-25 11:52,For Sale
26699831,2346 Scott St,75215,Dallas,TX,32.742188,-96.75531,283500,173.0,,282100.0,2405.0,3.0,3.0,1641.0,2025.0,5052.96,singleFamily,23,305550.0,2025,https://www.zillow.com,https://photos.zillowstatic.com/fp/9cce7ed41372e230f051089f337491b7-p_c.jpg,2026-05-25 11:52,For Sale
26731032,6402 Kenwood Ave,75214,Dallas,TX,32.832672,-96.7527,1995000,412.0,,1952900.0,4421.0,5.0,6.0,4845.0,2026.0,8712.0,singleFamily,9,1333100.0,2025,https://www.zillow.com,https://photos.zillowstatic.com/fp/43cd47fccb88b44c4cc7d092db0627d7-p_c.jpg,2026-05-25 11:52,For Sale
26754400,6828 Chevy Chase Ave,75225,Dallas,TX,32.871284,-96.78751,2495000,544.0,,,,4.0,5.0,4587.0,2007.0,9626.76,singleFamily,24,2243180.0,2025,https://www.zillow.com,https://photos.zillowstatic.com/fp/21605d514d3f34cf208feecc0f2a828d-p_c.jpg,2026-05-25 11:52,For Sale
26730807,1215 Tarpley Ave,75211,Dallas,TX,32.732525,-96.8807,275000,143.0,-12000.0,268500.0,3093.0,3.0,2.0,1926.0,1947.0,7623.0,singleFamily,148,228150.0,2025,https://www.zillow.com,https://photos.zillowstatic.com/fp/b3d1cc219dd3efd4b70ccf7810ba09d5-p_c.jpg,2026-05-25 11:52,For Sale
26756135,6714 Norway Rd,75230,Dallas,TX,32.88801,-96.78942,5995000,968.0,,,,5.0,7.0,6190.0,2018.0,0.372,singleFamily,37,3180000.0,2025,https://www.zillow.com,https://photos.zillowstatic.com/fp/b4bd14f9ea62f9d03fe40fd097613c41-p_c.jpg,2026-05-25 11:52,For Sale
26882196,12748 Burninglog Ln,75243,Dallas,TX,32.918285,-96.73594,260000,119.0,-9000.0,254400.0,2687.0,4.0,3.0,2192.0,1973.0,3528.36,townhome,74,305930.0,2025,https://www.zillow.com,https://photos.zillowstatic.com/fp/2fc30cab15ec133cf47f7b7328f12ee3-p_c.jpg,2026-05-25 11:52,For Sale
26769405,4447 Moler St,75211,Dallas,TX,32.730637,-96.893326,249000,197.0,-11000.0,,,4.0,2.0,1265.0,1959.0,7187.4,singleFamily,32,262160.0,2025,https://www.zillow.com,https://photos.zillowstatic.com/fp/6634a46836813b1c980162d89df13cce-p_c.jpg,2026-05-25 11:52,For Sale
26850352,10025 Lanshire Dr,75238,Dallas,TX,32.868835,-96.71216,715000,442.0,,695200.0,3214.0,3.0,2.0,1617.0,1959.0,8232.84,singleFamily,17,626530.0,2025,https://www.zillow.com,https://photos.zillowstatic.com/fp/a24818a400f376f3f9ecea0035ba21c6-p_c.jpg,2026-05-25 11:52,For Sale
462103308,9319 Chimney Corner Ln,75243,Dallas,TX,32.92031,-96.73659,240000,182.0,,238100.0,2115.0,3.0,2.0,1321.0,1974.0,3092.76,townhome,10,,,https://www.zillow.com,https://photos.zillowstatic.com/fp/27c8cff38a98f67d9a22cb35142f736c-p_c.jpg,2026-05-25 11:52,For Sale
96535061,272 W Lawson Rd Trailer 231,75253,Dallas,TX,32.697445,-96.574326,109999,,-24996.0,,2080.0,3.0,2.0,0.0,2021.0,6500.0,manufactured,163,4940.0,2020,https://www.zillow.com,https://photos.zillowstatic.com/fp/f57312f0cebc99483a2e0e7e75d0cb0f-p_c.jpg,2026-05-25 11:52,For Sale
26840746,2236 Hartline Dr,75228,Dallas,TX,32.829494,-96.679726,445000,319.0,-5000.0,,,3.0,2.0,1393.0,1954.0,8407.08,singleFamily,51,388000.0,2025,https://www.zillow.com,https://photos.zillowstatic.com/fp/3973dc16988dc23720c0317a89135480-p_c.jpg,2026-05-25 11:52,For Sale
26914710,8343 Crystalwood Dr,75249,Dallas,TX,32.64884,-96.96701,390000,168.0,,381400.0,2749.0,4.0,2.0,2322.0,1990.0,9234.72,singleFamily,10,329770.0,2025,https://www.zillow.com,https://photos.zillowstatic.com/fp/af5b500f853374e3259f7d1797ef8121-p_c.jpg,2026-05-25 11:52,For Sale
26728442,2010 Mayflower Dr,75208,Dallas,TX,32.758034,-96.85496,1195000,453.0,,1008000.0,5221.0,4.0,4.0,2638.0,1935.0,7361.64,singleFamily,20,701660.0,2025,https://www.zillow.com,https://photos.zillowstatic.com/fp/21ddcacba8e2494aeece4b643c9b73ce-p_c.jpg,2026-05-25 11:52,For Sale
26870963,7049 Gateridge Dr,75254,Dallas,TX,32.945965,-96.78217,1420000,347.0,-70000.0,1358000.0,5998.0,5.0,4.0,4090.0,1966.0,0.387,singleFamily,54,1203420.0,2025,https://www.zillow.com,https://photos.zillowstatic.com/fp/2e1abf7eef81b64d58772e3976bb3202-p_c.jpg,2026-05-25 11:52,For Sale
26767506,2655 Kathleen Ave,75216,Dallas,TX,32.70916,-96.78357,350000,195.0,,,2536.0,4.0,2.0,1795.0,2021.0,7753.68,singleFamily,11,290000.0,2025,https://www.zillow.com,https://photos.zillowstatic.com/fp/b26082a83af2a48c05611038baf8f460-p_c.jpg,2026-05-25 11:52,For Sale
26790411,3934 Clover Ln,75220,Dallas,TX,32.870365,-96.8474,2425000,458.0,,2362000.0,2588.0,6.0,5.0,5294.0,2026.0,9975.24,singleFamily,6,651480.0,2025,https://www.zillow.com,https://photos.zillowstatic.com/fp/3b7fd09bd7c7bcd95413d84f21358d5a-p_c.jpg,2026-05-25 11:52,For Sale
84002963,4211 Rawlins St Unit 420,75219,Dallas,TX,32.81473,-96.81203,589900,292.0,,,,2.0,3.0,2021.0,2006.0,2.531,townhome,3,555780.0,2025,https://www.zillow.com,https://photos.zillowstatic.com/fp/ae06782ca1266609727395d29b927855-p_c.jpg,2026-05-25 11:52,For Sale
26789440,10939 Pinocchio Dr,75229,Dallas,TX,32.897938,-96.84164,3495000,596.0,,3357100.0,6755.0,5.0,7.0,5869.0,2026.0,0.365,singleFamily,54,937850.0,2025,https://www.zillow.com,https://photos.zillowstatic.com/fp/c6c14a78c1fcc9ed6799ba250972c2a9-p_c.jpg,2026-05-25 11:52,For Sale
26875630,6712 Saint Anne St,75248,Dallas,TX,32.97677,-96.792046,750000,259.0,,722900.0,4288.0,4.0,3.0,2899.0,1973.0,8668.44,singleFamily,30,641480.0,2025,https://www.zillow.com,https://photos.zillowstatic.com/fp/e0e4fd832df5e89477d3c140f1cb0206-p_c.jpg,2026-05-25 11:52,For Sale
26744366,1035 Waterford Dr,75218,Dallas,TX,32.839935,-96.70422,950000,301.0,,892000.0,4780.0,4.0,4.0,3152.0,1953.0,0.4,singleFamily,9,729680.0,2025,https://www.zillow.com,https://photos.zillowstatic.com/fp/e518870270a7d529d746eea75e4f04b2-p_c.jpg,2026-05-25 11:52,For Sale
248827987,4408 Lawnview Ave,75227,Dallas,TX,32.783146,-96.72088,185000,146.0,-4900.0,182500.0,1957.0,3.0,2.0,1268.0,1946.0,6664.68,singleFamily,242,228350.0,2025,https://www.zillow.com,https://photos.zillowstatic.com/fp/1e4e3ff23efba76eaf7909a1b08fb0cd-p_c.jpg,2026-05-25 11:52,For Sale
26911661,13251 Pandora Dr,75238,Dallas,TX,32.87431,-96.690414,329999,208.0,-20001.0,,,3.0,3.0,1589.0,1984.0,1132.56,singleFamily,18,454600.0,2025,https://www.zillow.com,https://photos.zillowstatic.com/fp/860080ae8f9015147105f162ca10eef6-p_c.jpg,2026-05-25 11:52,For Sale
26678465,5020 Junius St,75214,Dallas,TX,32.80122,-96.76551,748995,291.0,-1000.0,744000.0,4410.0,3.0,3.0,2577.0,1913.0,6664.68,singleFamily,234,765800.0,2025,https://www.zillow.com,https://photos.zillowstatic.com/fp/ed979220462bdbe2fcfdcb666469f714-p_c.jpg,2026-05-25 11:52,For Sale
2102499889,6123 Rincon Way,75214,Dallas,TX,32.85553,-96.7567,429900,227.0,-10000.0,422200.0,3455.0,3.0,3.0,1895.0,1970.0,5532.12,singleFamily,57,,,https://www.zillow.com,https://photos.zillowstatic.com/fp/0c2ccde3a173b664e541d388289104a6-p_c.jpg,2026-05-25 11:52,For Sale
26709165,712 W 8th St,75208,Dallas,TX,32.74785,-96.834595,525000,286.0,,507300.0,3226.0,4.0,3.0,1837.0,1930.0,5749.92,singleFamily,20,507730.0,2025,https://www.zillow.com,https://photos.zillowstatic.com/fp/68aa99826b06a012f55c015aef0a9a30-p_c.jpg,2026-05-25 11:52,For Sale
26743959,11363 Rupley Ln,75218,Dallas,TX,32.855152,-96.68396,494000,335.0,,479700.0,2536.0,3.0,2.0,1476.0,1955.0,7448.76,singleFamily,10,435300.0,2025,https://www.zillow.com,https://photos.zillowstatic.com/fp/cfe827bddac02844792ada7846438ad3-p_c.jpg,2026-05-25 11:52,For Sale
26750061,7024 Wake Forrest Dr,75214,Dallas,TX,32.85369,-96.73837,625000,447.0,-25000.0,,,3.0,2.0,1398.0,1957.0,8145.72,singleFamily,31,626460.0,2025,https://www.zillow.com,https://photos.zillowstatic.com/fp/a1180f16e110e97ef4a6311117275caa-p_c.jpg,2026-05-25 11:52,For Sale
26758080,4630 S Lindhurst Ave,75229,Dallas,TX,32.88123,-96.82911,4995000,1037.0,,4930900.0,6287.0,4.0,6.0,4817.0,1961.0,0.9,singleFamily,6,3202210.0,2025,https://www.zillow.com,https://photos.zillowstatic.com/fp/ca07131c79d9bc582c36e6d1350022d7-p_c.jpg,2026-05-25 11:52,For Sale
26838193,11411 Park Central Pl,75230,Dallas,TX,32.905224,-96.77197,420000,209.0,-5000.0,,,2.0,2.0,2012.0,1963.0,6490.44,singleFamily,41,421930.0,2025,https://www.zillow.com,https://photos.zillowstatic.com/fp/35fd085252f0816f5d247d2ebdd4dd68-p_c.jpg,2026-05-25 11:52,For Sale
26744074,10817 Caprock Cir,75218,Dallas,TX,32.85597,-96.69739,799900,412.0,,,,3.0,2.0,1943.0,1960.0,0.311,singleFamily,23,570740.0,2025,https://www.zillow.com,https://photos.zillowstatic.com/fp/2f6abcca0a5e552bf88cc9904c671109-p_c.jpg,2026-05-25 11:52,For Sale
26852833,9411 Pinewood Dr,75243,Dallas,TX,32.903988,-96.76062,520000,248.0,-5000.0,501200.0,3045.0,4.0,2.0,2096.0,1963.0,10280.16,singleFamily,146,428150.0,2025,https://www.zillow.com,https://photos.zillowstatic.com/fp/2396b2bc05ccb8011b5d757b69759199-p_c.jpg,2026-05-25 11:52,For Sale
26806752,10335 Hedgeway Dr,75229,Dallas,TX,32.887497,-96.84895,2649500,478.0,-44500.0,2566300.0,3864.0,6.0,6.0,5546.0,2025.0,0.364,singleFamily,128,1345000.0,2025,https://www.zillow.com,https://photos.zillowstatic.com/fp/3e7d6c6e04a3241221dbfd100946f4a5-p_c.jpg,2026-05-25 11:52,For Sale
26746607,10329 Lake Gardens Dr,75218,Dallas,TX,32.844616,-96.6961,620000,300.0,-15000.0,,3358.0,4.0,3.0,2064.0,1955.0,0.253,singleFamily,124,677020.0,2025,https://www.zillow.com,https://photos.zillowstatic.com/fp/f83529f33680f574554c0b4c5e0fe445-p_c.jpg,2026-05-25 11:52,For Sale
26725959,1155 Timplemore Dr,75218,Dallas,TX,32.82638,-96.71349,1275000,394.0,,,,4.0,3.0,3238.0,1961.0,0.29500000000000004,singleFamily,9,945990.0,2025,https://www.zillow.com,https://photos.zillowstatic.com/fp/6ab0fea978c173308df0611910c325ea-p_c.jpg,2026-05-25 11:52,For Sale
26751409,7702 Bryn Mawr Dr,75225,Dallas,TX,32.85572,-96.774895,3470000,621.0,-25000.0,3243100.0,15120.0,5.0,6.0,5590.0,1946.0,0.257,singleFamily,87,2387870.0,2025,https://www.zillow.com,https://photos.zillowstatic.com/fp/fc234c32a9794aaf170e7a92da33a260-p_c.jpg,2026-05-25 11:52,For Sale
302787562,2515 Old Mill Rd,75287,Carrollton,TX,32.98999,-96.869675,419900,243.0,,410600.0,2848.0,3.0,2.0,1730.0,1982.0,7840.8,singleFamily,23,402838.0,2025,https://www.zillow.com,https://photos.zillowstatic.com/fp/e10ea22e6301f5f94b3426ecf508abe0-p_c.jpg,2026-05-25 11:52,For Sale
457408531,2228 Echo Lake Dr,75253,Dallas,TX,32.67656,-96.61625,354999,181.0,-10000.0,353700.0,2670.0,4.0,3.0,1957.0,2025.0,7501.032,singleFamily,113,,,https://www.zillow.com,https://photos.zillowstatic.com/fp/24f340604b16758613b660e6da9f8658-p_c.jpg,2026-05-25 11:52,For Sale
26912851,8503 Coppertowne Ln,75243,Dallas,TX,32.89599,-96.72702,339000,201.0,-20999.0,328700.0,2819.0,3.0,3.0,1686.0,1983.0,1960.2,singleFamily,132,359420.0,2025,https://www.zillow.com,https://photos.zillowstatic.com/fp/f8f66ce3651a957edc400efd7004e960-p_c.jpg,2026-05-25 11:52,For Sale
26911212,12123 Madeleine Cir,75230,Dallas,TX,32.91459,-96.79568,1599000,410.0,-86000.0,1547100.0,7573.0,4.0,4.0,3902.0,1990.0,,singleFamily,227,1680780.0,2025,https://www.zillow.com,https://photos.zillowstatic.com/fp/001090a84c229d0faff05716e2dc5459-p_c.jpg,2026-05-25 11:52,For Sale
26839274,7929 Royal Ln APT 206,75230,Dallas,TX,32.899048,-96.77033,139999,142.0,,136700.0,1605.0,2.0,2.0,988.0,1964.0,2.335,condo,1,177840.0,2025,https://www.zillow.com,https://photos.zillowstatic.com/fp/354e5204f031b7a525c3e8640c3b329b-p_c.jpg,2026-05-25 11:52,For Sale
96503850,1011 S Waverly Dr,75208,Dallas,TX,32.735634,-96.84955,525000,150.0,,517000.0,5703.0,5.0,4.0,3506.0,2022.0,7274.52,singleFamily,18,833230.0,2025,https://www.zillow.com,https://photos.zillowstatic.com/fp/18191b0fb386ba9516d4de76b213efe3-p_c.jpg,2026-05-25 11:52,For Sale
26873071,15745 Havenrock Cir,75248,Dallas,TX,32.9643,-96.78187,699000,286.0,,675100.0,4250.0,4.0,3.0,2447.0,1970.0,7361.64,singleFamily,24,487960.0,2025,https://www.zillow.com,https://photos.zillowstatic.com/fp/877599d7a570477ad41f5f2aa2b54321-p_c.jpg,2026-05-25 11:52,For Sale
26870689,6520 Calais Dr,75254,Dallas,TX,32.947292,-96.79298,1650000,380.0,,1559500.0,6329.0,4.0,4.0,4341.0,1969.0,0.441,singleFamily,10,1780340.0,2025,https://www.zillow.com,https://photos.zillowstatic.com/fp/a20e420c7e155e8475f1a4ef96e39385-p_c.jpg,2026-05-25 11:52,For Sale
26909818,9640 Kerrville St,75227,Dallas,TX,32.764214,-96.65544,242000,178.0,-2500.0,238200.0,1814.0,3.0,2.0,1361.0,1986.0,4007.52,singleFamily,94,204720.0,2025,https://www.zillow.com,https://photos.zillowstatic.com/fp/b40dd3ad1eff11e9d4251a364bf65bf6-p_c.jpg,2026-05-25 11:52,For Sale
122300731,2811 Hood St APT C,75219,Dallas,TX,32.805824,-96.80936,875000,391.0,-25000.0,,,3.0,4.0,2235.0,2011.0,0.469,condo,3,841050.0,2025,https://www.zillow.com,https://photos.zillowstatic.com/fp/d56e98f23f11045986e00aaae0d8e393-p_c.jpg,2026-05-25 11:52,For Sale
441552358,1139 Riverwood Rd,75217,Dallas,TX,32.69753,-96.69046,414999,198.0,,414800.0,2801.0,3.0,3.0,2100.0,2026.0,0.326,singleFamily,10,,,https://www.zillow.com,https://photos.zillowstatic.com/fp/55cee0f85e125314e208bc84a00f0494-p_c.jpg,2026-05-25 11:52,For Sale
26840194,9357 Creel Creek Dr,75228,Dallas,TX,32.82141,-96.69606,899000,274.0,-20000.0,,6505.0,4.0,5.0,3276.0,1965.0,10802.88,singleFamily,393,659130.0,2025,https://www.zillow.com,https://photos.zillowstatic.com/fp/fd4fc2667bec41295838662cdddc2360-p_c.jpg,2026-05-25 11:52,For Sale
26883566,10343 Portrush Dr,75243,Dallas,TX,32.91061,-96.705795,330000,173.0,-5000.0,327200.0,2648.0,3.0,2.0,1911.0,1977.0,8145.72,singleFamily,63,350740.0,2025,https://www.zillow.com,https://photos.zillowstatic.com/fp/dd780b10579987a59e04fff4c3aafbff-p_c.jpg,2026-05-25 11:52,For Sale
26879662,419 S Bond Ave,75211,Dallas,TX,32.74261,-96.90919,110000,98.0,,165600.0,1485.0,2.0,1.0,1120.0,1951.0,8886.24,singleFamily,4,184150.0,2025,https://www.zillow.com,https://photos.zillowstatic.com/fp/4ed6d4e594c365780482f11afb2351e1-p_c.jpg,2026-05-25 11:52,For Sale
95054497,2824 Saint Bernard Dr,75233,Dallas,TX,32.71249,-96.86712,292000,192.0,,,,4.0,2.0,1521.0,2015.0,5209.776,singleFamily,12,290000.0,2025,https://www.zillow.com,https://photos.zillowstatic.com/fp/a8f078add930526b1d7faa9eba178a0f-p_c.jpg,2026-05-25 11:52,For Sale
26755041,6724 Walnut Hill Ln,75230,Dallas,TX,32.879604,-96.789314,699000,399.0,-30000.0,673300.0,3446.0,3.0,2.0,1751.0,1949.0,0.29,singleFamily,52,667260.0,2025,https://www.zillow.com,https://photos.zillowstatic.com/fp/6ac233deb231f87b0efda7c3ed3e7fed-p_c.jpg,2026-05-25 11:52,For Sale
26758132,10445 Strait Ln,75229,Dallas,TX,32.888252,-96.8253,6750000,932.0,,6530900.0,7529.0,5.0,6.0,7245.0,1989.0,1.037,singleFamily,8,4562110.0,2025,https://www.zillow.com,https://photos.zillowstatic.com/fp/a7f78fb512e685b2df826104af62a065-p_c.jpg,2026-05-25 11:52,For Sale
26844283,12135 Oberlin Dr,75243,Dallas,TX,32.913326,-96.75839,437500,276.0,-10000.0,431500.0,2812.0,4.0,4.0,1583.0,1956.0,7535.88,singleFamily,116,207230.0,2025,https://www.zillow.com,https://photos.zillowstatic.com/fp/58864c9273cd87ae0c3e2f55e623f717-p_c.jpg,2026-05-25 11:52,For Sale
26787994,3624 Fontana Dr,75220,Dallas,TX,32.869095,-96.85772,949000,353.0,,,4557.0,4.0,3.0,2692.0,2026.0,9539.64,singleFamily,16,325800.0,2025,https://www.zillow.com,https://photos.zillowstatic.com/fp/8d045a5d27b6bf25ab2df403df39ac5b-p_c.jpg,2026-05-25 11:52,For Sale
26754802,6726 Park Ln,75225,Dallas,TX,32.87319,-96.788666,2495000,572.0,,2364400.0,7233.0,5.0,4.0,4365.0,2016.0,10236.6,singleFamily,86,1978620.0,2025,https://www.zillow.com,https://photos.zillowstatic.com/fp/6bbb9501711d7161f69a65de6e38987a-p_c.jpg,2026-05-25 11:52,For Sale
26787859,9803 Larga Dr,75220,Dallas,TX,32.874138,-96.861015,300000,272.0,,291700.0,2475.0,3.0,1.0,1102.0,1950.0,7361.64,singleFamily,16,331450.0,2025,https://www.zillow.com,https://photos.zillowstatic.com/fp/ca1acb0007e2f9995495b153c0337c3c-p_c.jpg,2026-05-25 11:52,For Sale
26875160,16212 Spring Creek Rd,75248,Dallas,TX,32.9742,-96.77387,875000,269.0,,837200.0,5707.0,4.0,4.0,3255.0,1975.0,0.258,singleFamily,51,939570.0,2025,https://www.zillow.com,https://photos.zillowstatic.com/fp/9967c5e4c383ef5878b520cb99a8b77d-p_c.jpg,2026-05-25 11:52,For Sale
26756010,6831 Northport Dr,75230,Dallas,TX,32.890694,-96.78711,1599000,417.0,-76000.0,,,4.0,3.0,3838.0,1952.0,0.384,singleFamily,74,991960.0,2025,https://www.zillow.com,https://photos.zillowstatic.com/fp/b9c27ffb1248c36448f78b0bd441b9b7-p_c.jpg,2026-05-25 11:52,For Sale
446827687,2214 Annex Ave #102,75204,Dallas,TX,32.80771,-96.7829,549000,349.0,,,,2.0,3.0,1573.0,2024.0,7797.24,townhome,4,,,https://www.zillow.com,https://photos.zillowstatic.com/fp/73a6a2f15874cb9edafa0b16466c31ad-p_c.jpg,2026-05-25 11:52,For Sale
26725943,8832 Antrim Dr,75218,Dallas,TX,32.82702,-96.711845,839000,379.0,-76000.0,806500.0,3428.0,3.0,3.0,2214.0,1955.0,0.281,singleFamily,37,688290.0,2025,https://www.zillow.com,https://photos.zillowstatic.com/fp/23c548a72e8c97cc816a29c537defac6-p_c.jpg,2026-05-25 11:52,For Sale
26685712,3524 Hamilton Ave,75210,Dallas,TX,32.77122,-96.754814,285000,154.0,,283400.0,2325.0,4.0,2.0,1847.0,2025.0,4007.52,singleFamily,52,54260.0,2025,https://www.zillow.com,https://photos.zillowstatic.com/fp/66964663bf52a2350d56ef3f0b5e361b-p_c.jpg,2026-05-25 11:52,For Sale
67961962,2207 Kessler Woods Ct,75208,Dallas,TX,32.75273,-96.85391,2125000,546.0,-225000.0,2024800.0,5486.0,3.0,4.0,3889.0,2004.0,8102.16,singleFamily,37,1769020.0,2025,https://www.zillow.com,https://photos.zillowstatic.com/fp/571e78c63b13ef8264aeaa5c8b5832bd-p_c.jpg,2026-05-25 11:52,For Sale
122303155,3351 Sylvan Ave,75212,Dallas,TX,32.783184,-96.83617,859000,262.0,-20000.0,839900.0,5778.0,4.0,6.0,3278.0,2025.0,5823.972,singleFamily,198,144750.0,2025,https://www.zillow.com,https://photos.zillowstatic.com/fp/4cb40f530c1c546715a2ce0dd8444250-p_c.jpg,2026-05-25 11:52,For Sale
26792774,3867 Beutel Ct,75229,Dallas,TX,32.882236,-96.8512,1290000,259.0,-100000.0,,,6.0,6.0,4989.0,2010.0,0.386,singleFamily,109,1737820.0,2025,https://www.zillow.com,https://photos.zillowstatic.com/fp/6ae2111a58de4ad0470e5ff9e23165cb-p_c.jpg,2026-05-25 11:52,For Sale
89380741,6527 Portside Ridge Ln,75249,Dallas,TX,32.646492,-96.97228,318000,213.0,-11000.0,315100.0,2156.0,3.0,2.0,1493.0,2008.0,5619.24,singleFamily,58,290000.0,2025,https://www.zillow.com,https://photos.zillowstatic.com/fp/420dd233dae1ffe6bcc152a19797b5ec-p_c.jpg,2026-05-25 11:52,For Sale
26780205,3919 S Franklin St,75233,Dallas,TX,32.694965,-96.86051,715000,229.0,,,,6.0,4.0,3117.0,1960.0,0.29,singleFamily,81,572110.0,2025,https://www.zillow.com,https://photos.zillowstatic.com/fp/2c9a9abf2119a81fb7806877e1f8fe72-p_c.jpg,2026-05-25 11:52,For Sale
26812128,7032 Lavendale Ave,75230,Dallas,TX,32.89566,-96.78432,1899000,415.0,-76000.0,1801800.0,7613.0,4.0,5.0,4576.0,1956.0,0.367,singleFamily,122,1773200.0,2025,https://www.zillow.com,https://photos.zillowstatic.com/fp/de15125d98a023ecf153aac21e46148b-p_c.jpg,2026-05-25 11:52,For Sale
26869347,9406 Arborhill Dr,75243,Dallas,TX,32.905796,-96.73009,930000,320.0,-5000.0,900800.0,3503.0,3.0,3.0,2903.0,1970.0,8755.56,singleFamily,31,544120.0,2025,https://www.zillow.com,https://photos.zillowstatic.com/fp/4c912b2d2cdc602e773e61240549e6bc-p_c.jpg,2026-05-25 11:52,For Sale
439482442,3778 Weeburn Dr,75229,Dallas,TX,32.90715,-96.85195,674000,270.0,,668800.0,4725.0,3.0,3.0,2496.0,1968.0,7840.8,singleFamily,9,746000.0,2025,https://www.zillow.com,https://photos.zillowstatic.com/fp/34f3e28b859e3b90388384aab2126a75-p_c.jpg,2026-05-25 11:52,For Sale
26842021,2632 Materhorn Dr,75228,Dallas,TX,32.82836,-96.66896,329900,241.0,,,,3.0,2.0,1369.0,1957.0,7927.92,singleFamily,4,260000.0,2025,https://www.zillow.com,https://photos.zillowstatic.com/fp/f865614a916fed29163eaceab4d60898-p_c.jpg,2026-05-25 11:52,For Sale
248829166,5160 Artemesia Ln,75209,Dallas,TX,32.826607,-96.818214,700000,362.0,-15000.0,687700.0,4778.0,3.0,4.0,1935.0,2018.0,1393.92,singleFamily,59,689950.0,2025,https://www.zillow.com,https://photos.zillowstatic.com/fp/c252f5371d0393e90750d2e50eadcb00-p_c.jpg,2026-05-25 11:52,For Sale
26893382,8903 Maple Glen Dr,75231,Dallas,TX,32.885426,-96.74128,865000,329.0,,,,4.0,3.0,2631.0,1978.0,9365.4,singleFamily,16,770960.0,2025,https://www.zillow.com,https://photos.zillowstatic.com/fp/de008f59f4b062363bf71911be39cb55-p_c.jpg,2026-05-25 11:52,For Sale
67964626,1505 Elm St APT 1003,75201,Dallas,TX,32.781612,-96.79958,325000,159.0,-16000.0,316600.0,4782.0,3.0,3.0,2045.0,1957.0,10018.8,condo,47,398780.0,2025,https://www.zillow.com,https://photos.zillowstatic.com/fp/bbb1e48be376f87d3661e17e29ef9970-p_c.jpg,2026-05-25 11:52,For Sale
26875976,16815 Davenport Rd,75248,Dallas,TX,32.978874,-96.79623,580000,267.0,,527500.0,3264.0,3.0,2.0,2170.0,1977.0,7143.84,singleFamily,23,529000.0,2025,https://www.zillow.com,https://photos.zillowstatic.com/fp/b03a22262c16dcd3536dff16a14b841d-p_c.jpg,2026-05-25 11:52,For Sale
26755935,6039 Waggoner Dr,75230,Dallas,TX,32.887676,-96.80235,6295000,1018.0,,5664900.0,7605.0,3.0,5.0,6184.0,2000.0,0.459,singleFamily,104,2763000.0,2025,https://www.zillow.com,https://photos.zillowstatic.com/fp/a03051057336f1970613755f0326259b-p_c.jpg,2026-05-25 11:52,For Sale
248827887,6303 E Grand Ave,75223,Dallas,TX,32.798954,-96.74211,760000,226.0,,,,6.0,3.0,3366.0,1947.0,9104.04,singleFamily,23,626330.0,2025,https://www.zillow.com,https://photos.zillowstatic.com/fp/f221e57e89e0692b76ed0a20cb5d24be-p_c.jpg,2026-05-25 11:52,For Sale
26698557,4503 Frank St,75210,Dallas,TX,32.776615,-96.7447,168020,115.0,,166300.0,2027.0,3.0,2.0,1459.0,2023.0,4477.968,singleFamily,54,307400.0,2025,https://www.zillow.com,https://photos.zillowstatic.com/fp/5562af59228f152c85b432cc666eb4e1-p_c.jpg,2026-05-25 11:52,For Sale
26792625,3888 Walnut Hill Ln,75229,Dallas,TX,32.880016,-96.849236,2450000,471.0,,,,5.0,6.0,5200.0,2026.0,0.51,singleFamily,59,510910.0,2025,https://www.zillow.com,https://photos.zillowstatic.com/fp/7194c9a8bda0612baf4a779652358113-p_c.jpg,2026-05-25 11:52,For Sale
80231056,5713 La Vista Dr,75206,Dallas,TX,32.81283,-96.76961,625000,381.0,-10000.0,616500.0,3992.0,3.0,4.0,1642.0,2008.0,1045.44,townhome,76,641880.0,2025,https://www.zillow.com,https://photos.zillowstatic.com/fp/6188e5ad4d3b2a94d9350dc572fbdcc4-p_c.jpg,2026-05-25 11:52,For Sale
26690104,6038 Prospect Ave,75206,Dallas,TX,32.814537,-96.76208,1589000,385.0,-21000.0,1561200.0,7992.0,5.0,5.0,4128.0,2025.0,6708.24,singleFamily,34,395190.0,2025,https://www.zillow.com,https://photos.zillowstatic.com/fp/df843fa7c8cb605d8af5c96b3a16e5ed-p_c.jpg,2026-05-25 11:52,For Sale
2096491216,3716 W Beverly Dr,75209,Dallas,TX,32.83057,-96.822754,1450000,474.0,,1403400.0,6328.0,4.0,4.0,3061.0,2023.0,3702.6,singleFamily,34,998400.0,2025,https://www.zillow.com,https://photos.zillowstatic.com/fp/feb5c96a709cb0166d0feb549a993061-p_c.jpg,2026-05-25 11:52,For Sale
162298636,3228 Grantwood Dr,75229,Dallas,TX,32.888435,-96.87161,749900,300.0,-15000.0,728400.0,5229.0,4.0,3.0,2500.0,1968.0,0.252,singleFamily,44,669910.0,2025,https://www.zillow.com,https://photos.zillowstatic.com/fp/86db71109e55476dfb827f8bedc35f1e-p_c.jpg,2026-05-25 11:52,For Sale
26838283,7507 Currin Dr,75230,Dallas,TX,32.89996,-96.7778,2500000,428.0,,2352800.0,8382.0,5.0,7.0,5844.0,2013.0,0.383,singleFamily,15,2837800.0,2025,https://www.zillow.com,https://photos.zillowstatic.com/fp/66b9f4bf2087375b879fd4db61044bae-p_c.jpg,2026-05-25 11:52,For Sale
26805866,4004 Cedar Bayou Dr,75244,Dallas,TX,32.91449,-96.84623,1050000,347.0,-40000.0,1022200.0,4744.0,4.0,4.0,3024.0,1967.0,0.285,singleFamily,139,624090.0,2025,https://www.zillow.com,https://photos.zillowstatic.com/fp/664342533a45c0e27de6e9edf6e3065f-p_c.jpg,2026-05-25 11:52,For Sale
26741548,1334 El Patio Dr,75218,Dallas,TX,32.83498,-96.69312,1145000,341.0,-10000.0,1111100.0,6643.0,4.0,4.0,3358.0,2004.0,0.527,singleFamily,17,844000.0,2025,https://www.zillow.com,https://photos.zillowstatic.com/fp/59b463058d8e80e702dc6ee961c72212-p_c.jpg,2026-05-25 11:52,For Sale
96505229,3904 Atlanta St,75215,Dallas,TX,32.759125,-96.76231,295000,155.0,,293700.0,2254.0,3.0,3.0,1904.0,2021.0,3920.4,singleFamily,11,391620.0,2025,https://www.zillow.com,https://photos.zillowstatic.com/fp/e1b1aca575fbfe3e2144c5d44c7a3613-p_c.jpg,2026-05-25 11:52,For Sale
26773086,1032 Hoke Smith Dr,75224,Dallas,TX,32.707397,-96.8394,265000,138.0,-10000.0,,,3.0,2.0,1917.0,1952.0,7187.4,singleFamily,18,300520.0,2025,https://www.zillow.com,https://photos.zillowstatic.com/fp/8628fa2e60c81c5cc081fe350c324ab2-p_c.jpg,2026-05-25 11:52,For Sale
26680708,600 S Fitzhugh Ave,75223,Dallas,TX,32.791885,-96.75945,359000,238.0,-1000.0,349300.0,2348.0,3.0,2.0,1506.0,1902.0,7492.32,singleFamily,88,341580.0,2025,https://www.zillow.com,https://photos.zillowstatic.com/fp/652f0755eada9f95bb6eb9e467a4841c-p_c.jpg,2026-05-25 11:52,For Sale
26797128,538 Pemberton Hill Rd,75217,Dallas,TX,32.721176,-96.7174,349900,167.0,,345700.0,2347.0,4.0,2.0,2100.0,1958.0,7187.4,singleFamily,22,205660.0,2025,https://www.zillow.com,https://photos.zillowstatic.com/fp/2ad82392aaf4f6ad5bbd9b5b9f26b06e-p_c.jpg,2026-05-25 11:52,For Sale
96526846,1507 Elk Creek Rd,75253,Dallas,TX,32.688972,-96.61076,549000,225.0,-20000.0,,,5.0,4.0,2445.0,2025.0,0.34500000000000003,singleFamily,62,80000.0,2025,https://www.zillow.com,https://photos.zillowstatic.com/fp/f5818fb2d26de9e733bd0d7e62956251-p_c.jpg,2026-05-25 11:52,For Sale
26689533,5833 Velasco Ave,75206,Dallas,TX,32.821278,-96.76652,775000,282.0,,,,4.0,2.0,2752.0,1920.0,7710.12,singleFamily,47,566750.0,2025,https://www.zillow.com,https://photos.zillowstatic.com/fp/44eeef38b72a053657f19efd55db0ff7-p_c.jpg,2026-05-25 11:52,For Sale
26831068,2640 Lakeland Dr,75228,Dallas,TX,32.807304,-96.696335,325000,180.0,-5000.0,,,3.0,2.0,1803.0,1964.0,8450.64,singleFamily,23,427620.0,2025,https://www.zillow.com,https://photos.zillowstatic.com/fp/5569f1b0e375a0b628fe8f7fc5835046-p_c.jpg,2026-05-25 11:52,For Sale
26843675,8852 Larchwood Dr,75238,Dallas,TX,32.868546,-96.70291,575000,415.0,,,,3.0,2.0,1385.0,1955.0,7535.88,singleFamily,12,555820.0,2025,https://www.zillow.com,https://photos.zillowstatic.com/fp/c43e653e58435b35f1f4393f5add1351-p_c.jpg,2026-05-25 11:52,For Sale
26910873,5604 En Core Dr,75240,Dallas,TX,32.93669,-96.8042,669000,289.0,,659500.0,3263.0,3.0,2.0,2317.0,1991.0,8450.64,singleFamily,27,563310.0,2025,https://www.zillow.com,https://photos.zillowstatic.com/fp/27844a21d2294af22fc632696163d629-p_c.jpg,2026-05-25 11:52,For Sale
26876562,5321 Bent Tree Dr,75248,Dallas,TX,32.979916,-96.817116,1875000,412.0,,,,4.0,4.0,4550.0,1979.0,0.525,singleFamily,55,1766840.0,2025,https://www.zillow.com,https://photos.zillowstatic.com/fp/d0986c351aefce6035b656e31b5fe89e-p_c.jpg,2026-05-25 11:52,For Sale
26720703,3340 Irwindell Blvd,75211,Dallas,TX,32.73957,-96.875885,230000,207.0,-20000.0,,1519.0,2.0,1.0,1109.0,1929.0,7492.32,singleFamily,20,271750.0,2025,https://www.zillow.com,https://photos.zillowstatic.com/fp/c2bf71db232cac0d0af93cc86712d511-p_c.jpg,2026-05-25 11:52,For Sale
26866852,9797 Broken Bow Rd,75238,Dallas,TX,32.87678,-96.7182,575000,300.0,-20000.0,,,3.0,3.0,1914.0,1965.0,10149.48,singleFamily,45,624610.0,2025,https://www.zillow.com,https://photos.zillowstatic.com/fp/4b247f6bb0ca6b032cbd9478470dc162-p_c.jpg,2026-05-25 11:52,For Sale
304021712,17730 Bottlebrush Dr,75252,Dallas,TX,32.99154,-96.75904,599999,249.0,,586100.0,3487.0,4.0,3.0,2414.0,2018.0,4399.56,singleFamily,58,602816.0,2025,https://www.zillow.com,https://photos.zillowstatic.com/fp/07ecba74c3e4d27894da8af2dfaaf566-p_c.jpg,2026-05-25 11:52,For Sale
53389426,5726 La Vista Dr,75206,Dallas,TX,32.812546,-96.76811,599900,254.0,,587800.0,4515.0,3.0,3.0,2359.0,1999.0,1742.4,townhome,19,564530.0,2025,https://www.zillow.com,https://photos.zillowstatic.com/fp/d5ffa47bb908226bf2379cf4fac94649-p_c.jpg,2026-05-25 11:52,For Sale
26607660,6211 Crested Butte Dr,75252,Dallas,TX,32.9935,-96.79839,560000,261.0,-15000.0,,,3.0,2.0,2149.0,1985.0,8276.4,singleFamily,44,565495.0,2025,https://www.zillow.com,https://photos.zillowstatic.com/fp/bb3a8cbf640119eb8565c4fb51899e5b-p_c.jpg,2026-05-25 11:52,For Sale
80236822,5656 N Central Expy Unit 406,75206,Dallas,TX,32.835297,-96.778076,549900,408.0,,544300.0,3656.0,1.0,2.0,1348.0,2005.0,3.905,condo,4,458320.0,2025,https://www.zillow.com,https://photos.zillowstatic.com/fp/bdadc221594123a520378d9b9b818b57-p_c.jpg,2026-05-25 11:52,For Sale
96506528,521 Faulk St,75203,Dallas,TX,32.74416,-96.796936,459678,245.0,,449000.0,2965.0,3.0,4.0,1876.0,2023.0,1611.72,singleFamily,9,342280.0,2025,https://www.zillow.com,https://photos.zillowstatic.com/fp/fd85e7a58b8877024a30e7b8f3a59d2d-p_c.jpg,2026-05-25 11:52,For Sale
26831844,203 Leda Dr,75218,Dallas,TX,32.861023,-96.70883,549900,385.0,,546300.0,2540.0,3.0,2.0,1430.0,1953.0,8973.36,singleFamily,12,433270.0,2025,https://www.zillow.com,https://photos.zillowstatic.com/fp/554ba47fadb4a2a7c94a08029850974b-p_c.jpg,2026-05-25 11:52,For Sale
26709738,310 N Montclair Ave,75208,Dallas,TX,32.747723,-96.84621,735000,415.0,-15000.0,704300.0,2734.0,3.0,2.0,1770.0,1925.0,7274.52,singleFamily,60,632440.0,2025,https://www.zillow.com,https://photos.zillowstatic.com/fp/f7e414ff50b341ab6316b73f2aa79d1a-p_c.jpg,2026-05-25 11:52,For Sale
26899070,3919 Cole Ave APT 101,75204,Dallas,TX,32.811615,-96.79551,425000,355.0,-25000.0,410100.0,2559.0,2.0,2.0,1196.0,1981.0,0.255,singleFamily,53,340860.0,2025,https://www.zillow.com,https://photos.zillowstatic.com/fp/cbf1f247d56f573ad65abe8d6006c6b4-p_c.jpg,2026-05-25 11:52,For Sale
26827140,4115 Shoreline Dr,75233,Dallas,TX,32.69374,-96.8806,250000,136.0,,244100.0,2453.0,3.0,2.0,1836.0,1964.0,10105.92,singleFamily,16,310700.0,2025,https://www.zillow.com,https://photos.zillowstatic.com/fp/46d62f2f575f239352eb730264a7f437-p_c.jpg,2026-05-25 11:52,For Sale
26786511,846 Peavy Rd,75218,Dallas,TX,32.846157,-96.706726,499000,366.0,-10500.0,495200.0,2559.0,3.0,2.0,1364.0,1954.0,8102.16,singleFamily,54,547740.0,2025,https://www.zillow.com,https://photos.zillowstatic.com/fp/77f4028a7ab786de8420de7bd985bb93-p_c.jpg,2026-05-25 11:52,For Sale
462587820,7207 Gaston Ave #906,75214,Dallas,TX,32.813904,-96.731186,649000,394.0,,,,2.0,3.0,1649.0,2024.0,1.1,condo,3,,,https://www.zillow.com,https://photos.zillowstatic.com/fp/4b82573f0643cb6bb99f02bbd0049a61-p_c.jpg,2026-05-25 11:52,For Sale
248829238,1430 Grigsby Ave APT 103,75204,Dallas,TX,32.80291,-96.77515,439000,282.0,,429300.0,2879.0,2.0,3.0,1558.0,2017.0,7710.12,condo,3,476850.0,2025,https://www.zillow.com,https://photos.zillowstatic.com/fp/204806539a89db2adf7db054e86b9e94-p_c.jpg,2026-05-25 11:52,For Sale
26789121,3938 Lively Ln,75220,Dallas,TX,32.873238,-96.84868,1450000,542.0,,1393300.0,6904.0,3.0,4.0,2674.0,2014.0,8886.24,singleFamily,51,1205160.0,2025,https://www.zillow.com,https://photos.zillowstatic.com/fp/39d281b402eea356766fca5113c99b96-p_c.jpg,2026-05-25 11:52,For Sale
26785067,7166 Teresita Trl,75227,Dallas,TX,32.79161,-96.68852,525000,179.0,,516500.0,3555.0,4.0,3.0,2936.0,1976.0,10193.04,singleFamily,52,458000.0,2025,https://www.zillow.com,https://photos.zillowstatic.com/fp/bf58c9661ca04c9cf3e8f3f052b81067-p_c.jpg,2026-05-25 11:52,For Sale
26888971,15306 Trails End Dr,75248,Dallas,TX,32.956,-96.802155,839500,317.0,-10000.0,,,4.0,3.0,2648.0,1979.0,9539.64,singleFamily,24,546100.0,2025,https://www.zillow.com,https://photos.zillowstatic.com/fp/bc78be51c58c8d0a5296eaea4c6e437d-p_c.jpg,2026-05-25 11:52,For Sale
26863050,4667 Country Creek Dr APT 1161,75236,Dallas,TX,32.696827,-96.901505,104500,82.0,-8000.0,,1785.0,3.0,2.0,1281.0,1974.0,19.864,condo,52,179340.0,2025,https://www.zillow.com,https://photos.zillowstatic.com/fp/4ae0126a6d15e80d76a2b4d68be0cf17-p_c.jpg,2026-05-25 11:52,For Sale
26692909,4138 Prescott Ave,75219,Dallas,TX,32.8214,-96.80532,1125000,324.0,,1078600.0,7561.0,4.0,5.0,3477.0,2006.0,3571.92,singleFamily,44,1298850.0,2025,https://www.zillow.com,https://photos.zillowstatic.com/fp/373422aa47e8b3e8463825266f10e62c-p_c.jpg,2026-05-25 11:52,For Sale
26690226,6047 Vickery Blvd,75206,Dallas,TX,32.82314,-96.76171,699000,387.0,,691400.0,3153.0,2.0,2.0,1808.0,1932.0,7013.16,singleFamily,18,585660.0,2025,https://www.zillow.com,https://photos.zillowstatic.com/fp/f0e251c3a7deb0eecdacfee6508f55c2-p_c.jpg,2026-05-25 11:52,For Sale
26736071,9123 Valley Chapel Ln,75220,Dallas,TX,32.86304,-96.84384,829000,310.0,-20000.0,820700.0,4878.0,3.0,3.0,2671.0,1987.0,4007.52,singleFamily,15,661030.0,2025,https://www.zillow.com,https://photos.zillowstatic.com/fp/e3109ea95e0acc646b0d652ce26ac06a-p_c.jpg,2026-05-25 11:52,For Sale
26913157,17168 Club Hill Dr,75248,Dallas,TX,32.982437,-96.81453,4500000,602.0,,4120300.0,7702.0,3.0,5.0,7480.0,1984.0,0.723,singleFamily,38,2633860.0,2025,https://www.zillow.com,https://photos.zillowstatic.com/fp/1fedf277429d1018bd5d256cdc00237e-p_c.jpg,2026-05-25 11:52,For Sale
26712700,919 N Clinton Ave,75208,Dallas,TX,32.75461,-96.841835,599000,455.0,-10000.0,581300.0,2616.0,2.0,2.0,1316.0,1921.0,7405.2,singleFamily,39,523670.0,2025,https://www.zillow.com,https://photos.zillowstatic.com/fp/4a0bc39ccf1d5e2d50b65f2c67bea285-p_c.jpg,2026-05-25 11:52,For Sale
26841735,2649 Hillsboro Ave,75228,Dallas,TX,32.81624,-96.66891,230000,162.0,,222200.0,2120.0,3.0,2.0,1417.0,1957.0,8015.04,singleFamily,43,253670.0,2025,https://www.zillow.com,https://photos.zillowstatic.com/fp/b0ab0394b72593856cc0c3b676d8b050-p_c.jpg,2026-05-25 11:52,For Sale
26736093,9122 Cochran Heights Dr,75220,Dallas,TX,32.86247,-96.84436,899900,284.0,,865000.0,4320.0,3.0,3.0,3174.0,1984.0,5575.68,singleFamily,46,605000.0,2025,https://www.zillow.com,https://photos.zillowstatic.com/fp/a2e6dd67998bca050f8ac1e2dab3b8ec-p_c.jpg,2026-05-25 11:52,For Sale
80229697,5710 La Vista Dr,75206,Dallas,TX,32.812546,-96.7689,729900,281.0,-5000.0,721300.0,4850.0,3.0,4.0,2602.0,2006.0,1263.24,townhome,59,647050.0,2025,https://www.zillow.com,https://photos.zillowstatic.com/fp/708c6c4c6f3f0ae2d9c05f7f915a8031-p_c.jpg,2026-05-25 11:52,For Sale
26803659,5819 Del Roy Dr,75230,Dallas,TX,32.905746,-96.80711,3995000,631.0,-155000.0,3880900.0,6696.0,6.0,8.0,6336.0,2026.0,0.35,singleFamily,62,1183300.0,2025,https://www.zillow.com,https://photos.zillowstatic.com/fp/525531a4126f72a6e87937eabc5d568a-p_c.jpg,2026-05-25 11:52,For Sale
26738425,4015 Poinsettia Dr,75211,Dallas,TX,32.72469,-96.88579,170000,203.0,,170100.0,1749.0,2.0,1.0,836.0,1954.0,8145.72,singleFamily,4,209900.0,2025,https://www.zillow.com,https://photos.zillowstatic.com/fp/9c00dca7192848e011ea6b4fa97b52fd-p_c.jpg,2026-05-25 11:52,For Sale
26804997,4418 Crooked Ln,75229,Dallas,TX,32.900776,-96.83351,3350000,675.0,-75000.0,3141400.0,7718.0,4.0,4.0,4963.0,1958.0,0.49300000000000005,singleFamily,52,2812360.0,2025,https://www.zillow.com,https://photos.zillowstatic.com/fp/660a6b9d2bff98780d6fc0cafeb46a91-p_c.jpg,2026-05-25 11:52,For Sale
455158548,3612 San Jacinto St #101,75204,Dallas,TX,32.796097,-96.78584,549900,305.0,,547200.0,3227.0,3.0,4.0,1803.0,2025.0,9186.804,condo,3,550000.0,2025,https://www.zillow.com,https://photos.zillowstatic.com/fp/3655cba502bd9150d915e7ab67800bb7-p_c.jpg,2026-05-25 11:52,For Sale
162224612,4130 Cochran Chapel Rd,75209,Dallas,TX,32.860207,-96.84044,9150000,1018.0,,,,5.0,8.0,8984.0,2002.0,3.38,singleFamily,78,6872000.0,2025,https://www.zillow.com,https://photos.zillowstatic.com/fp/9974a556fdec25115f607399b11c6488-p_c.jpg,2026-05-25 11:52,For Sale
26801105,8752 Woodcastle Dr,75217,Dallas,TX,32.73479,-96.66835,219000,185.0,-10000.0,215800.0,1767.0,3.0,2.0,1182.0,1949.0,8755.56,singleFamily,15,225730.0,2025,https://www.zillow.com,https://photos.zillowstatic.com/fp/71eea6337ea22bfac07a52c816c5b3d2-p_c.jpg,2026-05-25 11:52,For Sale
26700867,7106 La Vista Dr,75214,Dallas,TX,32.810116,-96.73592,1685000,421.0,,1606200.0,6190.0,4.0,4.0,4003.0,2008.0,10280.16,singleFamily,31,1649290.0,2025,https://www.zillow.com,https://photos.zillowstatic.com/fp/e78c499dac6ff5fd1c3a258cfef6a5de-p_c.jpg,2026-05-25 11:52,For Sale
80240634,8018 Arkan Pkwy,75241,Dallas,TX,32.648376,-96.81944,265000,173.0,,262700.0,1969.0,3.0,2.0,1529.0,2006.0,5837.04,singleFamily,13,259940.0,2025,https://www.zillow.com,https://photos.zillowstatic.com/fp/04545688c4b64ee05fd248148fecf3db-p_c.jpg,2026-05-25 11:52,For Sale
26875845,6725 Caulfield Dr,75248,Dallas,TX,32.981922,-96.79075,900000,221.0,,861500.0,6815.0,5.0,5.0,4076.0,1974.0,0.27,singleFamily,16,902000.0,2025,https://www.zillow.com,https://photos.zillowstatic.com/fp/73d43f312db99d85ec713b77ba23737c-p_c.jpg,2026-05-25 11:52,For Sale
26704733,4413 Somerville Ave,75206,Dallas,TX,32.840576,-96.76271,1899000,408.0,,,,5.0,5.0,4656.0,2026.0,7579.44,singleFamily,11,582900.0,2025,https://www.zillow.com,https://photos.zillowstatic.com/fp/4efc7ac27b300d6109ca1a68136227ef-p_c.jpg,2026-05-25 11:52,For Sale
26898007,543 Josephine St,75246,Dallas,TX,32.792282,-96.77378,349500,223.0,,,,2.0,3.0,1569.0,1985.0,2831.4,townhome,30,360420.0,2025,https://www.zillow.com,https://photos.zillowstatic.com/fp/d36ccf077a464132a6d2259827486c54-p_c.jpg,2026-05-25 11:52,For Sale
26848261,13919 Hughes Ln,75240,Dallas,TX,32.936768,-96.798546,4599900,886.0,-100000.0,4356400.0,7759.0,4.0,5.0,5190.0,2022.0,1.182,singleFamily,45,3233730.0,2025,https://www.zillow.com,https://photos.zillowstatic.com/fp/a704fdbdf048e3306944f7d54742f6eb-p_c.jpg,2026-05-25 11:52,For Sale
26712853,917 N Windomere Ave,75208,Dallas,TX,32.7544,-96.84441,490000,289.0,,470700.0,2840.0,3.0,2.0,1698.0,1921.0,10497.96,singleFamily,9,500000.0,2025,https://www.zillow.com,https://photos.zillowstatic.com/fp/10a7b0f84443cc19c6673f0fc8f03e3a-p_c.jpg,2026-05-25 11:52,For Sale
26683617,3801 Gilbert Ave #A,75219,Dallas,TX,32.814262,-96.80335,700000,357.0,,668500.0,4079.0,2.0,3.0,1963.0,1981.0,0.551,condo,46,660000.0,2025,https://www.zillow.com,https://photos.zillowstatic.com/fp/dbeb1c59f1e4477e56df857834df1daf-p_c.jpg,2026-05-25 11:52,For Sale
26760348,5711 Bryn Mawr Dr,75209,Dallas,TX,32.85644,-96.81465,2995000,780.0,,,,4.0,4.0,3838.0,2010.0,8058.6,singleFamily,48,2035150.0,2025,https://www.zillow.com,https://photos.zillowstatic.com/fp/c4ba8eea60eb18bf217024a6d7ef13d6-p_c.jpg,2026-05-25 11:52,For Sale
162814524,6546 E Lovers Ln,75214,Dallas,TX,32.853455,-96.7472,625000,304.0,-25000.0,,,3.0,3.0,2055.0,2016.0,3136.32,singleFamily,119,579820.0,2025,https://www.zillow.com,https://photos.zillowstatic.com/fp/04f00f4bd3c41518352840cfa6b54307-p_c.jpg,2026-05-25 11:52,For Sale
26845533,2719 Oates Dr,75228,Dallas,TX,32.821804,-96.66725,279000,198.0,,272600.0,2226.0,4.0,2.0,1410.0,1954.0,7884.36,singleFamily,24,258060.0,2025,https://www.zillow.com,https://photos.zillowstatic.com/fp/73068e9addd5876426215d072340754d-p_c.jpg,2026-05-25 11:52,For Sale
26898261,3368 Miro Pl,75204,Dallas,TX,32.816456,-96.79458,875000,417.0,,845300.0,4024.0,3.0,4.0,2099.0,1997.0,1698.84,townhome,0,707890.0,2025,https://www.zillow.com,https://photos.zillowstatic.com/fp/785b3e3cb73500e8992e79bfd8f1b07b-p_c.jpg,2026-05-25 11:52,For Sale
26752634,2 Parliament Pl,75225,Dallas,TX,32.87782,-96.77497,1745000,387.0,-50000.0,1680800.0,7511.0,4.0,6.0,4508.0,1983.0,5967.72,singleFamily,102,1648910.0,2025,https://www.zillow.com,https://photos.zillowstatic.com/fp/e3ce3d76d65573da57a9b83708222961-p_c.jpg,2026-05-25 11:52,For Sale
26709732,307 N Edgefield Ave,75208,Dallas,TX,32.747578,-96.844444,569000,336.0,,542400.0,3316.0,2.0,1.0,1695.0,1921.0,7318.08,singleFamily,46,548890.0,2025,https://www.zillow.com,https://photos.zillowstatic.com/fp/e412a4c9fc111e7d5ad6bb03f0f2731a-p_c.jpg,2026-05-25 11:52,For Sale
26677983,2203 Allen St,75204,Dallas,TX,32.795895,-96.79658,2325000,677.0,,2200300.0,7097.0,3.0,4.0,3435.0,2000.0,3049.2,singleFamily,16,1917270.0,2025,https://www.zillow.com,https://photos.zillowstatic.com/fp/f8a29f5d125c6ff8153be754a11284c7-p_c.jpg,2026-05-25 11:52,For Sale
26934232,215 N Walton St APT 12,75226,Dallas,TX,32.785618,-96.78144,285000,249.0,,,2053.0,1.0,2.0,1143.0,1957.0,0.3213957759412305,condo,20,266560.0,2025,https://www.zillow.com,https://photos.zillowstatic.com/fp/52b7b20db00b21a4572a359868c741c0-p_c.jpg,2026-05-25 11:52,For Sale
26840305,9342 Springwater Dr,75228,Dallas,TX,32.818977,-96.69448,850000,324.0,,820000.0,3662.0,4.0,3.0,2622.0,1964.0,0.26599999999999996,singleFamily,36,663500.0,2025,https://www.zillow.com,https://photos.zillowstatic.com/fp/a2ec73a51bc17262e6ad5424f020623b-p_c.jpg,2026-05-25 11:52,For Sale
26852491,11051 Ferguson Rd,75228,Dallas,TX,32.84679,-96.66013,305000,135.0,-30000.0,,2996.0,4.0,3.0,2267.0,1963.0,8712.0,singleFamily,286,288450.0,2025,https://www.zillow.com,https://photos.zillowstatic.com/fp/a4ea3a956b1faaf57dbe00a52a7d9284-p_c.jpg,2026-05-25 11:52,For Sale
26588499,4227 Country Brook Dr,75287,Dallas,TX,32.998318,-96.83688,625000,217.0,-10000.0,615200.0,4324.0,4.0,3.0,2876.0,1981.0,8276.4,singleFamily,86,616373.0,2025,https://www.zillow.com,https://photos.zillowstatic.com/fp/528f52aa9999b49ddf9b33d4a6ed883b-p_c.jpg,2026-05-25 11:52,For Sale
26934665,5036 N Hall St,75235,Dallas,TX,32.822083,-96.820305,129000,222.0,,97900.0,1193.0,1.0,1.0,582.0,1954.0,4356.0,condo,1,128040.0,2025,https://www.zillow.com,https://photos.zillowstatic.com/fp/df368ca32be0f5cbc6d2ec6f4dd1daa2-p_c.jpg,2026-05-25 11:52,For Sale
457180756,4709 Virginia Ave #2,75204,Dallas,TX,32.803802,-96.77569,535000,299.0,,532800.0,3085.0,2.0,4.0,1790.0,2025.0,0.347,townhome,4,,,https://www.zillow.com,https://photos.zillowstatic.com/fp/964ec1be009ca7e18a2bc49e078412c6-p_c.jpg,2026-05-25 11:52,For Sale
462642176,2809 Minert St,75219,Dallas,TX,32.817074,-96.823265,259000,253.0,,,,2.0,2.0,1023.0,1955.0,5.226,condo,2,,,https://www.zillow.com,https://photos.zillowstatic.com/fp/23222bf128a51443ff250abe06e36d6c-p_c.jpg,2026-05-25 11:52,For Sale
26717936,2539 Sharon St,75211,Dallas,TX,32.73043,-96.86083,274900,207.0,-14100.0,267800.0,2415.0,3.0,2.0,1328.0,1933.0,6882.48,singleFamily,28,275390.0,2025,https://www.zillow.com,https://photos.zillowstatic.com/fp/f4879c8a4cc34afb6b68e5cdb38b20bd-p_c.jpg,2026-05-25 11:52,For Sale
53096200,4038 Midrose Trl,75287,Dallas,TX,33.00829,-96.84196,465000,266.0,-10000.0,459300.0,3420.0,4.0,2.0,1749.0,1997.0,8712.0,singleFamily,24,507598.0,2025,https://www.zillow.com,https://photos.zillowstatic.com/fp/2cbbf2477e58bde8bdf8bcb839542f40-p_c.jpg,2026-05-25 11:52,For Sale
96506073,3504 Keyridge Dr,75241,Dallas,TX,32.682056,-96.76293,344900,147.0,-100.0,,,5.0,3.0,2352.0,2021.0,9539.64,singleFamily,91,393230.0,2025,https://www.zillow.com,https://photos.zillowstatic.com/fp/0549c563c74f7b9432b97a2decc12d00-p_c.jpg,2026-05-25 11:52,For Sale
26769936,3359 Shelley Blvd,75211,Dallas,TX,32.728577,-96.876724,180000,148.0,-10000.0,,2062.0,2.0,1.0,1217.0,1947.0,7056.72,singleFamily,21,235640.0,2025,https://www.zillow.com,https://photos.zillowstatic.com/fp/1b0ce77f5e311bb81f637f876eeb4248-p_c.jpg,2026-05-25 11:52,For Sale
26868690,9426 Hillview Dr,75231,Dallas,TX,32.890167,-96.73974,949000,331.0,-30000.0,927800.0,6201.0,4.0,3.0,2865.0,1978.0,9365.4,singleFamily,45,995880.0,2025,https://www.zillow.com,https://photos.zillowstatic.com/fp/0867b362fd2192ba1fae017bc399d2b9-p_c.jpg,2026-05-25 11:52,For Sale
26681366,2633 Peabody Ave,75215,Dallas,TX,32.767338,-96.76894,489500,200.0,,486000.0,3849.0,4.0,4.0,2448.0,2026.0,4791.6,singleFamily,5,48000.0,2025,https://www.zillow.com,https://photos.zillowstatic.com/fp/a659d9160f8595420cb9ee040651d12c-p_c.jpg,2026-05-25 11:52,For Sale
26880423,4115 Calculus Dr,75244,Dallas,TX,32.91821,-96.842964,1145000,376.0,-55000.0,,,4.0,4.0,3045.0,1972.0,0.296,singleFamily,38,1041880.0,2025,https://www.zillow.com,https://photos.zillowstatic.com/fp/7902f4af184849749051d3d538b2de03-p_c.jpg,2026-05-25 11:52,For Sale
26800192,1838 Oak Hill Cir,75217,Dallas,TX,32.74373,-96.67012,309990,175.0,,305800.0,2108.0,3.0,2.0,1771.0,1963.0,0.265,singleFamily,0,279980.0,2025,https://www.zillow.com,https://photos.zillowstatic.com/fp/49c75ed5f296f79986feacbc51e0162d-p_c.jpg,2026-05-25 11:52,For Sale
458990746,"Seven Oaks Custom Residence Plan, Preston Hollow Luxury Custom Homes",75205,Dallas,TX,32.880802,-96.809456,1350000,450.0,-400000.0,1335200.0,7209.0,3.0,4.0,3000.0,2026.0,,singleFamily,5,,,https://www.zillow.com,https://photos.zillowstatic.com/fp/61f7a3721daf17a3bcdc1a6a91696cf3-p_c.jpg,2026-05-25 11:52,For Sale
26897830,3635 Bryan St,75204,Dallas,TX,32.795097,-96.78436,584000,345.0,,566600.0,3030.0,2.0,2.0,1692.0,1984.0,2962.08,singleFamily,117,568000.0,2025,https://www.zillow.com,https://photos.zillowstatic.com/fp/d0e7e9f5a730e29a7d5e59215a79b694-p_c.jpg,2026-05-25 11:52,For Sale
67957401,5589 Hunters Bend Ln,75249,Dallas,TX,32.655243,-96.97539,280000,191.0,,273600.0,2242.0,3.0,2.0,1465.0,2003.0,5227.2,singleFamily,27,278920.0,2025,https://www.zillow.com,https://photos.zillowstatic.com/fp/9a90819c3452b4bf2229ff3d71df38f0-p_c.jpg,2026-05-25 11:52,For Sale
26834075,4009 Finis Ln,75212,Dallas,TX,32.79167,-96.85162,599000,216.0,-18500.0,591900.0,3843.0,3.0,4.0,2775.0,2026.0,4181.76,singleFamily,21,105000.0,2025,https://www.zillow.com,https://photos.zillowstatic.com/fp/f12e6675440f7004efaa31e590f96e6d-p_c.jpg,2026-05-25 11:52,For Sale
26734364,4511 Watauga Rd,75209,Dallas,TX,32.859543,-96.83682,6995000,495.0,,6457800.0,8239.0,6.0,9.0,14131.0,2005.0,1.029,singleFamily,31,8693620.0,2025,https://www.zillow.com,https://photos.zillowstatic.com/fp/47ebbd82fcde615b8621897afc8f3010-p_c.jpg,2026-05-25 11:52,For Sale
248830836,5710 McCommas Blvd #202,75206,Dallas,TX,32.829655,-96.76929,459000,273.0,,451000.0,3656.0,2.0,2.0,1684.0,2016.0,0.9740000000000001,condo,17,522040.0,2025,https://www.zillow.com,https://photos.zillowstatic.com/fp/15fd891fdd1b25fc33bf8163f684c491-p_c.jpg,2026-05-25 11:52,For Sale
336884377,5135 Miller Ave,75206,Dallas,TX,32.821556,-96.7831,1230000,351.0,,1187800.0,6494.0,3.0,4.0,3506.0,2019.0,3963.96,singleFamily,10,1171320.0,2025,https://www.zillow.com,https://photos.zillowstatic.com/fp/0717731a789cb227af6513d43e91744e-p_c.jpg,2026-05-25 11:52,For Sale
26926502,3922 Gilbert Ave APT 214,75219,Dallas,TX,32.81597,-96.80422,449900,351.0,,433700.0,3225.0,2.0,3.0,1282.0,1997.0,1.032,condo,11,408000.0,2025,https://www.zillow.com,https://photos.zillowstatic.com/fp/7d6e869abe7a2628d16cdfb25e016aa9-p_c.jpg,2026-05-25 11:52,For Sale
462087845,5320 Reiger Ave #104,75214,Dallas,TX,32.799812,-96.75968,389900,270.0,,385400.0,3087.0,2.0,3.0,1442.0,2025.0,0.265,condo,24,,,https://www.zillow.com,https://photos.zillowstatic.com/fp/b1fb7a12c94fd2b9ca18f13e86734847-p_c.jpg,2026-05-25 11:52,For Sale
26870782,6812 Midcrest Dr,75254,Dallas,TX,32.94696,-96.788536,3250000,486.0,,2961600.0,7981.0,6.0,7.0,6683.0,1969.0,0.678,singleFamily,82,2164870.0,2025,https://www.zillow.com,https://photos.zillowstatic.com/fp/845e7d252e81b9248b441a49ea00998b-p_c.jpg,2026-05-25 11:52,For Sale
26833755,1943 McBroom St,75212,Dallas,TX,32.78282,-96.85209,660000,228.0,,,,4.0,4.0,2900.0,2024.0,5837.04,singleFamily,10,672040.0,2025,https://www.zillow.com,https://photos.zillowstatic.com/fp/c6bb952201d07c0cee18413b2df4ae86-p_c.jpg,2026-05-25 11:52,For Sale
26586462,17515 River Hill Dr,75287,Dallas,TX,32.991657,-96.82755,2499000,420.0,,2337400.0,7299.0,5.0,6.0,5944.0,1985.0,0.89,singleFamily,33,2111000.0,2025,https://www.zillow.com,https://photos.zillowstatic.com/fp/dc3e29d6b0388745b335ca052beb31c4-p_c.jpg,2026-05-25 11:52,For Sale
26911440,6907 Preston Glen Dr,75230,Dallas,TX,32.91473,-96.78464,1985000,425.0,,1878400.0,7593.0,3.0,4.0,4666.0,2000.0,7474.896,singleFamily,20,1650000.0,2025,https://www.zillow.com,https://photos.zillowstatic.com/fp/c6cde910e6ada0514705506cf8c2fe26-p_c.jpg,2026-05-25 11:52,For Sale
26871265,7947 Habersham Ln,75248,Dallas,TX,32.95435,-96.76913,400000,135.0,300000.0,383000.0,4615.0,5.0,4.0,2966.0,1966.0,,singleFamily,26,453000.0,2025,https://www.zillow.com,https://photos.zillowstatic.com/fp/a556f6daba9f89d6891ea6966cad398a-p_c.jpg,2026-05-25 11:52,For Sale
26889188,15808 Bluefire Ct,75248,Dallas,TX,32.962658,-96.80359,1325000,309.0,,1251200.0,6373.0,5.0,5.0,4294.0,1978.0,0.368,singleFamily,17,976700.0,2025,https://www.zillow.com,https://photos.zillowstatic.com/fp/5bf6dd01ff3573d0e5fb8caf55bb02c1-p_c.jpg,2026-05-25 11:52,For Sale
26902856,8015 Eagle Trl,75238,Dallas,TX,32.86743,-96.72603,655000,450.0,-20000.0,,,3.0,2.0,1456.0,1983.0,7230.96,singleFamily,61,672930.0,2025,https://www.zillow.com,https://photos.zillowstatic.com/fp/4d1749fb8c3968b77cd07cf0b29905b6-p_c.jpg,2026-05-25 11:52,For Sale
53077401,5804 Preston Fairways Dr,75252,Dallas,TX,32.987667,-96.80901,1100000,344.0,,1049000.0,4858.0,4.0,3.0,3202.0,1991.0,6969.6,singleFamily,23,801265.0,2025,https://www.zillow.com,https://photos.zillowstatic.com/fp/4832abb6aeb325c54978864e20e676ba-p_c.jpg,2026-05-25 11:52,For Sale
26843039,10870 Cassandra Way,75228,Dallas,TX,32.843506,-96.66248,269000,204.0,,,2038.0,4.0,2.0,1320.0,1955.0,7300.0,singleFamily,5,236200.0,2025,https://www.zillow.com,https://photos.zillowstatic.com/fp/9e355116f3bcb453ed2e8b7930166b39-p_c.jpg,2026-05-25 11:52,For Sale
26725774,7130 Brookcove Ln,75214,Dallas,TX,32.845203,-96.73604,3795000,496.0,-204000.0,3438400.0,6445.0,4.0,7.0,7648.0,1956.0,0.364,singleFamily,199,2477100.0,2025,https://www.zillow.com,https://photos.zillowstatic.com/fp/8f00fad501331f5ed2021da1a8cc3a0d-p_c.jpg,2026-05-25 11:52,For Sale
26884260,8309 Londonderry Ln,75228,Dallas,TX,32.79873,-96.69726,465000,252.0,,451600.0,2702.0,3.0,2.0,1845.0,1964.0,8015.04,singleFamily,53,433350.0,2025,https://www.zillow.com,https://photos.zillowstatic.com/fp/db7ce08b207e0442c25de33073f64827-p_c.jpg,2026-05-25 11:52,For Sale
26735523,6550 Lockheed Ave,75209,Dallas,TX,32.838158,-96.82926,637000,406.0,207100.0,610700.0,3304.0,3.0,3.0,1568.0,1944.0,7579.44,singleFamily,10,563000.0,2025,https://www.zillow.com,https://photos.zillowstatic.com/fp/a5717689101b3a3de90e9cf166f1d578-p_c.jpg,2026-05-25 11:52,For Sale
26699026,2738 Lawrence St,75215,Dallas,TX,32.75502,-96.75246,130000,104.0,,,1883.0,4.0,1.0,1248.0,1923.0,5532.12,singleFamily,18,144670.0,2025,https://www.zillow.com,https://photos.zillowstatic.com/fp/9dd6f17d4db8f685d215d99bd9302b5b-p_c.jpg,2026-05-25 11:52,For Sale
26683159,4053 Travis St,75204,Dallas,TX,32.81486,-96.79526,1400000,437.0,-100000.0,1344000.0,5902.0,3.0,4.0,3207.0,1982.0,4486.68,townhome,45,725580.0,2025,https://www.zillow.com,https://photos.zillowstatic.com/fp/720089fc5620fa70a4d47b1597949182-p_c.jpg,2026-05-25 11:52,For Sale
462639655,4605 Belmont Ave #201,75204,Dallas,TX,32.810024,-96.786705,619000,395.0,,,,2.0,3.0,1568.0,2026.0,7792.884,townhome,2,,,https://www.zillow.com,https://photos.zillowstatic.com/fp/bc27263c888a10cf195a89a04b43c3d9-p_c.jpg,2026-05-25 11:52,For Sale
26756653,6411 Royal Ln,75230,Dallas,TX,32.89514,-96.79592,1950000,370.0,,1870900.0,7669.0,5.0,7.0,5274.0,2019.0,0.363,singleFamily,51,3026230.0,2025,https://www.zillow.com,https://photos.zillowstatic.com/fp/7f7ca6c334bd26cd266d91512e42a7b0-p_c.jpg,2026-05-25 11:52,For Sale
462517836,1717 Arts Plz Suite 2309,75201,Dallas,TX,32.791965,-96.795235,3900000,806.0,,3668900.0,,3.0,4.0,4839.0,2005.0,4.041,condo,6,,,https://www.zillow.com,https://photos.zillowstatic.com/fp/482e2f9d28a72fa3f0e083b3e6702f8c-p_c.jpg,2026-05-25 11:52,For Sale
26839987,7820 Meadow Park Dr #215,75230,Dallas,TX,32.885025,-96.772026,179900,154.0,,177200.0,1971.0,2.0,2.0,1165.0,1963.0,2.296,condo,10,238830.0,2025,https://www.zillow.com,https://photos.zillowstatic.com/fp/6712856c4eeb17a13712ad03f8b56d10-p_c.jpg,2026-05-25 11:52,For Sale
26848112,2250 Peavy Cir,75228,Dallas,TX,32.825336,-96.68323,435000,272.0,-10000.0,,,3.0,2.0,1599.0,1960.0,7797.24,singleFamily,38,406660.0,2025,https://www.zillow.com,https://photos.zillowstatic.com/fp/0204c2fe38661789dc89c1d4b07c5abf-p_c.jpg,2026-05-25 11:52,For Sale
26896774,12809 Sultana St,75253,Dallas,TX,32.678043,-96.61277,299000,157.0,,295500.0,1624.0,3.0,2.0,1903.0,1935.0,7274.52,singleFamily,3,276240.0,2025,https://www.zillow.com,https://photos.zillowstatic.com/fp/4161ca448d56906d350494ecf4a44b92-p_c.jpg,2026-05-25 11:52,For Sale
26875508,7212 Canongate Dr,75248,Dallas,TX,32.978935,-96.78077,799900,230.0,-25100.0,,,5.0,3.0,3474.0,1974.0,9016.92,singleFamily,37,900000.0,2025,https://www.zillow.com,https://photos.zillowstatic.com/fp/fdc41b9f4e51a1d7e7c68280d71ae8c5-p_c.jpg,2026-05-25 11:52,For Sale
444240286,10166 San Lorenzo Dr,75228,Dallas,TX,32.831818,-96.680725,299500,173.0,-4500.0,296000.0,2760.0,4.0,2.0,1728.0,1954.0,8494.2,singleFamily,373,,,https://www.zillow.com,https://photos.zillowstatic.com/fp/f8160eddc059b003ca274188d15c769a-p_c.jpg,2026-05-25 11:52,For Sale
26815370,745 Clearwood Dr,75232,Dallas,TX,32.661022,-96.83368,279999,138.0,-7000.0,278300.0,2492.0,6.0,2.0,2028.0,1956.0,7623.0,singleFamily,79,248940.0,2025,https://www.zillow.com,https://photos.zillowstatic.com/fp/1a25d427fd537ead48e8d7929982a541-p_c.jpg,2026-05-25 11:52,For Sale
61869836,5911 E University Blvd APT 206,75206,Dallas,TX,32.846348,-96.76493,199900,179.0,,191100.0,1898.0,2.0,2.0,1118.0,1964.0,3.33,condo,27,278500.0,2025,https://www.zillow.com,https://photos.zillowstatic.com/fp/6acc21a8e537315c1f28a530754c20ee-p_c.jpg,2026-05-25 11:52,For Sale
26790707,3705 Seguin Dr,75220,Dallas,TX,32.878757,-96.855865,550000,229.0,-25000.0,539200.0,3396.0,3.0,2.0,2399.0,1951.0,9278.28,singleFamily,193,673540.0,2025,https://www.zillow.com,https://photos.zillowstatic.com/fp/0498695e56b0ae321fd47dcd9ef8ad25-p_c.jpg,2026-05-25 11:52,For Sale
26709952,403 S Willomet Ave,75208,Dallas,TX,32.742317,-96.84079,394999,234.0,-10000.0,376300.0,2996.0,3.0,2.0,1688.0,1945.0,7792.884,singleFamily,17,480060.0,2025,https://www.zillow.com,https://photos.zillowstatic.com/fp/989d3ede585469f8d7678f0799f7956e-p_c.jpg,2026-05-25 11:52,For Sale
26754297,6533 Del Norte Ln,75225,Dallas,TX,32.868965,-96.79202,1995000,490.0,,1950400.0,3122.0,4.0,6.0,4072.0,2026.0,9975.24,singleFamily,66,809930.0,2025,https://www.zillow.com,https://photos.zillowstatic.com/fp/ee436f51be499b1889ac199eff36bae8-p_c.jpg,2026-05-25 11:52,For Sale
80233996,2049 Hollow Creek Dr,75253,Dallas,TX,32.670116,-96.60001,254100,179.0,-3900.0,,,3.0,2.0,1418.0,2006.0,5488.56,singleFamily,93,270330.0,2025,https://www.zillow.com,https://photos.zillowstatic.com/fp/fc4c37326b24a707c2fa9f8723bf8551-p_c.jpg,2026-05-25 11:52,For Sale
26685376,514 S Glasgow Dr,75223,Dallas,TX,32.80263,-96.74768,895000,267.0,,,,5.0,5.0,3350.0,2025.0,7248.384,singleFamily,34,387210.0,2025,https://www.zillow.com,https://photos.zillowstatic.com/fp/0720e2bc38a8336256d2286af7b527cd-p_c.jpg,2026-05-25 11:52,For Sale
26868225,9616 Viewside Dr,75231,Dallas,TX,32.891003,-96.73565,1190000,411.0,,,,4.0,4.0,2893.0,1979.0,10715.76,singleFamily,41,972910.0,2025,https://www.zillow.com,https://photos.zillowstatic.com/fp/bde86d70f6dd3a28a0ec9b71b5bba414-p_c.jpg,2026-05-25 11:52,For Sale
26908650,2324 Summit Ln,75227,Dallas,TX,32.75211,-96.643105,239000,170.0,-11000.0,,,3.0,3.0,1409.0,1999.0,4791.6,singleFamily,18,236430.0,2025,https://www.zillow.com,https://photos.zillowstatic.com/fp/7f49d409dcc904fe232200cfa34be550-p_c.jpg,2026-05-25 11:52,For Sale
84001792,2242 Forest Hollow Park,75228,Dallas,TX,32.808662,-96.70724,675000,268.0,-24900.0,661600.0,2594.0,3.0,3.0,2519.0,2007.0,1089.0,singleFamily,24,659470.0,2025,https://www.zillow.com,https://photos.zillowstatic.com/fp/d40c7dbf13afa678b5f45f2cc7ae4546-p_c.jpg,2026-05-25 11:52,For Sale
26845273,11083 Erhard Dr,75228,Dallas,TX,32.84135,-96.65294,580000,132.0,,566600.0,3327.0,4.0,8.0,4395.0,1955.0,0.551,singleFamily,12,568010.0,2025,https://www.zillow.com,https://photos.zillowstatic.com/fp/2a987a6d6d9744f3ee45bd5c18d665bb-p_c.jpg,2026-05-25 11:52,For Sale
342130368,3332 Rutledge St,75215,Dallas,TX,32.766384,-96.75243,180000,124.0,,,,2.0,2.0,1450.0,1974.0,4617.36,multiFamily,68,,,https://www.zillow.com,https://photos.zillowstatic.com/fp/f5b28a772d776d29466fbbc3bfce8175-p_c.jpg,2026-05-25 11:52,For Sale
26834577,3827 Vineyard Dr,75212,Dallas,TX,32.788795,-96.87639,239000,253.0,,230000.0,1816.0,3.0,2.0,944.0,1967.0,7056.72,singleFamily,59,213140.0,2025,https://www.zillow.com,https://photos.zillowstatic.com/fp/15f771d04fe5521a7ad88b831e35bf55-p_c.jpg,2026-05-25 11:52,For Sale
26922756,4040 Avondale Ave APT 204,75219,Dallas,TX,32.81725,-96.80738,310000,246.0,,,,2.0,2.0,1262.0,1985.0,1.447,condo,11,288500.0,2025,https://www.zillow.com,https://photos.zillowstatic.com/fp/795139bb127db678c59ff8ced056ec00-p_c.jpg,2026-05-25 11:52,For Sale
26744551,11002 Castolon Dr,75228,Dallas,TX,32.846172,-96.679695,200000,192.0,-15000.0,,1740.0,3.0,1.0,1039.0,1950.0,7579.44,singleFamily,83,261780.0,2025,https://www.zillow.com,https://photos.zillowstatic.com/fp/a68b491d95efe8844dc288084ae5acdf-p_c.jpg,2026-05-25 11:52,For Sale
26828419,3039 Gibbs Williams Rd,75233,Dallas,TX,32.698727,-96.87111,199999,245.0,-30001.0,,1639.0,3.0,1.0,816.0,1947.0,0.723,singleFamily,35,222650.0,2025,https://www.zillow.com,https://photos.zillowstatic.com/fp/97f338324e5c89fc81e2b873ae490dd8-p_c.jpg,2026-05-25 11:52,For Sale
96522200,4151 Odessa St,75212,Dallas,TX,32.793354,-96.90175,420000,191.0,,419400.0,3995.0,4.0,3.0,2200.0,2025.0,6359.76,singleFamily,16,173900.0,2025,https://www.zillow.com,https://photos.zillowstatic.com/fp/4b5dd7032b3ceb2b92259eee0cec0c0c-p_c.jpg,2026-05-25 11:52,For Sale
26744459,11118 Aledo Dr,75228,Dallas,TX,32.84748,-96.68113,299000,126.0,,288200.0,1424.0,4.0,2.0,2380.0,1950.0,7274.52,singleFamily,1,234530.0,2025,https://www.zillow.com,https://photos.zillowstatic.com/fp/13caff1e0a5cf9f8e79a652a52c5968b-p_c.jpg,2026-05-25 11:52,For Sale
162813534,655 Kessler Reserve Ct,75208,Dallas,TX,32.75595,-96.83342,2350000,522.0,,2262800.0,6869.0,4.0,5.0,4506.0,2016.0,0.324,singleFamily,39,2006540.0,2025,https://www.zillow.com,https://photos.zillowstatic.com/fp/14862d26b73eba65207dcabf4ffc1413-p_c.jpg,2026-05-25 11:52,For Sale
26681050,5118 Ash Ln,75223,Dallas,TX,32.793842,-96.75688,374900,168.0,-15000.0,364100.0,2055.0,4.0,3.0,2234.0,1923.0,7230.96,multiFamily,61,348280.0,2025,https://www.zillow.com,https://photos.zillowstatic.com/fp/0f6e38b7da111eb51e1a48510555c5db-p_c.jpg,2026-05-25 11:52,For Sale
26701362,6958 Coronado Ave,75214,Dallas,TX,32.811596,-96.738655,1675000,462.0,-110000.0,,,4.0,4.0,3628.0,2021.0,7013.16,singleFamily,69,1591320.0,2025,https://www.zillow.com,https://photos.zillowstatic.com/fp/159d13268491d0b780e850cae9d37a52-p_c.jpg,2026-05-25 11:52,For Sale
26911358,6934 Forest Glen Blvd,75230,Dallas,TX,32.91292,-96.784325,2150000,483.0,,2030600.0,7950.0,4.0,5.0,4452.0,2001.0,8755.56,singleFamily,11,1659070.0,2025,https://www.zillow.com,https://photos.zillowstatic.com/fp/331c1c4378554f441d0dbebd105f9059-p_c.jpg,2026-05-25 11:52,For Sale
162813546,656 Bishop Heights Ln,75208,Dallas,TX,32.753757,-96.8324,639000,355.0,-10000.0,630000.0,3406.0,3.0,3.0,1798.0,2015.0,3876.84,singleFamily,59,577130.0,2025,https://www.zillow.com,https://photos.zillowstatic.com/fp/be3a4191c754edaf75acdc8bb388b28e-p_c.jpg,2026-05-25 11:52,For Sale
26880524,4105 Candlenut Ln,75244,Dallas,TX,32.92,-96.84088,889000,304.0,,862800.0,4248.0,5.0,3.0,2926.0,1970.0,10105.92,singleFamily,38,684570.0,2025,https://www.zillow.com,https://photos.zillowstatic.com/fp/bc5d500fd408c950f7057fae09abf354-p_c.jpg,2026-05-25 11:52,For Sale
458763111,5100 Mission Ave #5100/5102,75206,Dallas,TX,32.81567,-96.7831,1399992,232.0,-1.0,1352900.0,7762.0,7.0,8.0,6025.0,2007.0,5227.2,multiFamily,171,,,https://www.zillow.com,https://photos.zillowstatic.com/fp/1fc3d8fd49196f7affb7d185584beb10-p_c.jpg,2026-05-25 11:52,For Sale
351065786,2926 Lorena Jordan Rd,75212,Dallas,TX,32.78252,-96.86816,374990,192.0,,368600.0,3091.0,4.0,3.0,1950.0,2024.0,3179.88,singleFamily,11,,,https://www.zillow.com,https://photos.zillowstatic.com/fp/3d2096d912a8553aef452c36024b9cdd-p_c.jpg,2026-05-25 11:52,For Sale
26793719,7347 Maringo Dr,75227,Dallas,TX,32.754444,-96.69621,270700,162.0,-4200.0,,,3.0,2.0,1673.0,1954.0,8276.4,singleFamily,33,264750.0,2025,https://www.zillow.com,https://photos.zillowstatic.com/fp/c791ecdfafcbc3f6209e6e7ebfef842b-p_c.jpg,2026-05-25 11:52,For Sale
26703103,6228 Winton St,75214,Dallas,TX,32.83526,-96.757034,411500,336.0,-7500.0,400900.0,1984.0,2.0,2.0,1223.0,1984.0,2835.0,singleFamily,55,315000.0,2025,https://www.zillow.com,https://photos.zillowstatic.com/fp/c00636e008b37a376bb16585c50b94be-p_c.jpg,2026-05-25 11:52,For Sale
26930353,5325 Bent Tree Forest Dr APT 1127,75248,Dallas,TX,32.965553,-96.8182,135000,217.0,,120200.0,1121.0,1.0,1.0,621.0,1983.0,2.564,condo,3,126940.0,2025,https://www.zillow.com,https://photos.zillowstatic.com/fp/ca68f1fbfd6d08781065aa49b8bafc0c-p_c.jpg,2026-05-25 11:52,For Sale
80228837,13731 Biggs St,75253,Dallas,TX,32.68139,-96.59222,227000,139.0,-3000.0,,,4.0,2.0,1638.0,2004.0,5227.2,singleFamily,267,228290.0,2025,https://www.zillow.com,https://photos.zillowstatic.com/fp/b46ee95d5284bf4a32a160246f9bd7ee-p_c.jpg,2026-05-25 11:52,For Sale
26734906,5023 W Purdue St,75209,Dallas,TX,32.854473,-96.82425,1349000,592.0,,1274900.0,4564.0,3.0,3.0,2280.0,1939.0,7444.404,singleFamily,34,905420.0,2025,https://www.zillow.com,https://photos.zillowstatic.com/fp/086ec70fc6c969bdeee07fdee8893441-p_c.jpg,2026-05-25 11:52,For Sale
84004468,2403 Wild Cherry Way,75206,Dallas,TX,32.813953,-96.780556,575000,312.0,-10000.0,560400.0,3513.0,2.0,2.0,1844.0,2007.0,1785.96,townhome,33,481710.0,2025,https://www.zillow.com,https://photos.zillowstatic.com/fp/c13b9f355e7a3e0bed0db3bf778643ad-p_c.jpg,2026-05-25 11:52,For Sale
26712437,711 Hollywood Ave,75208,Dallas,TX,32.73886,-96.85572,550000,274.0,-19999.0,,,3.0,3.0,2004.0,1926.0,7492.32,singleFamily,79,473110.0,2025,https://www.zillow.com,https://photos.zillowstatic.com/fp/fb92587589a74ed80799a66764802093-p_c.jpg,2026-05-25 11:52,For Sale
26871833,6954 Leameadow Dr,75248,Dallas,TX,32.954334,-96.7871,649900,207.0,,624700.0,4880.0,5.0,3.0,3133.0,1971.0,0.331,singleFamily,16,753290.0,2025,https://www.zillow.com,https://photos.zillowstatic.com/fp/72ff8a0b2b56ebc5443347c41c0498d3-p_c.jpg,2026-05-25 11:52,For Sale
26877111,5702 Bent Trl,75248,Dallas,TX,32.97451,-96.81642,2595000,493.0,,,,5.0,5.0,5268.0,1979.0,0.348,singleFamily,66,2293060.0,2025,https://www.zillow.com,https://photos.zillowstatic.com/fp/73f9aed416e5f201d1824ab6fcaba932-p_c.jpg,2026-05-25 11:52,For Sale
26828804,5908 Melshire Dr,75230,Dallas,TX,32.913986,-96.80711,1799000,432.0,,1698200.0,7499.0,4.0,5.0,4169.0,1958.0,0.3721,singleFamily,46,1547840.0,2025,https://www.zillow.com,https://photos.zillowstatic.com/fp/8064821314d0532b2043275aeff10f45-p_c.jpg,2026-05-25 11:52,For Sale
26704719,4307 Camden Ave,75206,Dallas,TX,32.83865,-96.76371,1865000,413.0,-60000.0,1806000.0,4296.0,5.0,5.0,4519.0,2025.0,7605.576,singleFamily,79,558810.0,2025,https://www.zillow.com,https://photos.zillowstatic.com/fp/e0175c1aa7a2302de96c166ef57a8c23-p_c.jpg,2026-05-25 11:52,For Sale
26892307,7105 Pineberry Rd,75249,Dallas,TX,32.636818,-96.9457,215000,175.0,,215600.0,1653.0,2.0,2.0,1227.0,1981.0,5140.08,singleFamily,9,210150.0,2025,https://www.zillow.com,https://photos.zillowstatic.com/fp/75724265ff120ff4fd9b8f455d307231-p_c.jpg,2026-05-25 11:52,For Sale
26864720,9835 Estate Ln,75238,Dallas,TX,32.88401,-96.71641,550000,246.0,-30000.0,538300.0,3181.0,3.0,2.0,2233.0,1962.0,9452.52,singleFamily,88,570920.0,2025,https://www.zillow.com,https://photos.zillowstatic.com/fp/e1ccfc63ecbe384a52b5d63851ebb704-p_c.jpg,2026-05-25 11:52,For Sale
26736527,3742 Almazan Dr,75220,Dallas,TX,32.864227,-96.85422,1279900,272.0,-10000.0,,,4.0,5.0,4702.0,2026.0,7971.48,singleFamily,51,1431000.0,2025,https://www.zillow.com,https://photos.zillowstatic.com/fp/0ebb048a463a860d1334a35137bc8629-p_c.jpg,2026-05-25 11:52,For Sale
53071059,6419 Barfield Dr,75252,Dallas,TX,33.005123,-96.7925,635000,274.0,,617700.0,3141.0,4.0,3.0,2321.0,1981.0,7840.8,singleFamily,37,544797.0,2025,https://www.zillow.com,https://photos.zillowstatic.com/fp/32debe6500976b8d57fbae9470f8f900-p_c.jpg,2026-05-25 11:52,For Sale
26705881,7544 Brentcove Cir,75214,Dallas,TX,32.850517,-96.73323,750000,278.0,,724400.0,4779.0,4.0,4.0,2700.0,1964.0,8712.0,multiFamily,81,830020.0,2025,https://www.zillow.com,https://photos.zillowstatic.com/fp/5f76624be7a92948a54d8e0d3b868488-p_c.jpg,2026-05-25 11:52,For Sale
26735433,4606 Cowan Ave,75209,Dallas,TX,32.8457,-96.83088,1495000,356.0,,1456900.0,6936.0,4.0,5.0,4203.0,2026.0,8232.84,singleFamily,39,346900.0,2025,https://www.zillow.com,https://photos.zillowstatic.com/fp/d14bf6aa38be9925359e3861b60289e2-p_c.jpg,2026-05-25 11:52,For Sale
26789829,3847 Durango Dr,75220,Dallas,TX,32.867424,-96.85101,1479000,337.0,-10000.0,,,5.0,6.0,4386.0,2025.0,8276.4,singleFamily,58,1541250.0,2025,https://www.zillow.com,https://photos.zillowstatic.com/fp/60b9c7490c54b9f333fef54ff8844811-p_c.jpg,2026-05-25 11:52,For Sale
96525900,2123 Ramsey Ave,75216,Dallas,TX,32.721874,-96.82079,380000,220.0,-10000.0,376600.0,2684.0,4.0,2.0,1727.0,2023.0,7623.0,singleFamily,38,365000.0,2025,https://www.zillow.com,https://photos.zillowstatic.com/fp/eeb82321674439c605da0667b96f5b38-p_c.jpg,2026-05-25 11:52,For Sale
26789411,10915 Snow White Dr,75229,Dallas,TX,32.89707,-96.84284,3449000,614.0,-25000.0,,,4.0,6.0,5616.0,2022.0,0.368,singleFamily,95,2318820.0,2025,https://www.zillow.com,https://photos.zillowstatic.com/fp/b0d69fc4c57fc9f98f2c9e7fe95b4199-p_c.jpg,2026-05-25 11:52,For Sale
26704653,4235 Somerville Ave,75206,Dallas,TX,32.837845,-96.76256,1684000,388.0,-15000.0,1649100.0,2449.0,5.0,4.0,4337.0,2026.0,7522.812,singleFamily,34,552880.0,2025,https://www.zillow.com,https://photos.zillowstatic.com/fp/c501c4f16f7c8616b08d0c0e74427cba-p_c.jpg,2026-05-25 11:52,For Sale
89227722,5205 Capitol Ave Unit 9,75206,Dallas,TX,32.81432,-96.779564,550000,269.0,-25000.0,537800.0,3909.0,2.0,3.0,2042.0,2007.0,0.459,condo,101,541130.0,2025,https://www.zillow.com,https://photos.zillowstatic.com/fp/5c47bd7913f19a2c38f8bfe9bc89818e-p_c.jpg,2026-05-25 11:52,For Sale
26843530,8629 Lockhaven Dr,75238,Dallas,TX,32.866962,-96.70802,1700000,414.0,,1660000.0,6904.0,4.0,4.0,4110.0,2026.0,9670.32,singleFamily,24,535830.0,2025,https://www.zillow.com,https://photos.zillowstatic.com/fp/871f3a447714269d81b6baadaa575b04-p_c.jpg,2026-05-25 11:52,For Sale
26748838,6233 Crestmont Dr,75214,Dallas,TX,32.853092,-96.75552,879900,412.0,,841200.0,3900.0,3.0,3.0,2136.0,1963.0,9321.84,singleFamily,32,859020.0,2025,https://www.zillow.com,https://photos.zillowstatic.com/fp/9c9526faba8c30b5f58c333bfb9972c9-p_c.jpg,2026-05-25 11:52,For Sale
2070166570,7937 Deer Trail Dr,75238,Dallas,TX,32.868435,-96.728035,679000,391.0,-20000.0,,2772.0,3.0,2.0,1735.0,1955.0,8276.4,singleFamily,76,,,https://www.zillow.com,https://photos.zillowstatic.com/fp/5ce1d4bb1d2c5d47c2cfefbccaacdeb3-p_c.jpg,2026-05-25 11:52,For Sale
26864379,10922 Ferndale Rd,75238,Dallas,TX,32.89266,-96.715,689000,276.0,-20000.0,,,4.0,3.0,2496.0,1968.0,0.27599999999999997,singleFamily,79,523010.0,2025,https://www.zillow.com,https://photos.zillowstatic.com/fp/5657b6690072611d498f521d0be5ca55-p_c.jpg,2026-05-25 11:52,For Sale
26807478,3667 Ingleside Dr,75229,Dallas,TX,32.889786,-96.85754,1899000,377.0,-26000.0,1850400.0,7374.0,6.0,6.0,5033.0,2026.0,0.257,singleFamily,51,553640.0,2025,https://www.zillow.com,https://photos.zillowstatic.com/fp/53c56af9525e722ab22ef7a419929fab-p_c.jpg,2026-05-25 11:52,For Sale
26797072,607 Bethpage Ave,75217,Dallas,TX,32.72239,-96.71121,304999,135.0,-10001.0,,,4.0,4.0,2256.0,1923.0,6926.04,singleFamily,87,296130.0,2025,https://www.zillow.com,https://photos.zillowstatic.com/fp/b6a44bf1d1ab0ed17fcfceaf07521017-p_c.jpg,2026-05-25 11:52,For Sale
26807823,3108 Citation Dr,75229,Dallas,TX,32.882378,-96.87183,509000,181.0,-66000.0,,,3.0,3.0,2818.0,1962.0,0.265,singleFamily,84,646510.0,2025,https://www.zillow.com,https://photos.zillowstatic.com/fp/b5e6ec6b331ac4db4185262451ed0fa5-p_c.jpg,2026-05-25 11:52,For Sale
26704956,6347 Sudbury Dr,75214,Dallas,TX,32.839447,-96.75316,749000,485.0,,720200.0,3167.0,3.0,2.0,1544.0,1950.0,9104.04,singleFamily,45,673600.0,2025,https://www.zillow.com,https://photos.zillowstatic.com/fp/50810a51190c78b6e7ffefb3cb366a4d-p_c.jpg,2026-05-25 11:52,For Sale
26877115,5806 Bent Trl,75248,Dallas,TX,32.973194,-96.81612,1549000,361.0,-50000.0,1475600.0,6593.0,4.0,5.0,4295.0,1981.0,0.354,singleFamily,89,1600000.0,2025,https://www.zillow.com,https://photos.zillowstatic.com/fp/c1b7c2297ab1c1820cc98996c07081c2-p_c.jpg,2026-05-25 11:52,For Sale
26737249,4636 Stanford Ave,75209,Dallas,TX,32.852966,-96.83018,1945000,427.0,-40000.0,1871200.0,5517.0,4.0,6.0,4557.0,2014.0,7448.76,singleFamily,46,2036030.0,2025,https://www.zillow.com,https://photos.zillowstatic.com/fp/f18d0078d04ad51581c9e85f67c9ff91-p_c.jpg,2026-05-25 11:52,For Sale
26809810,3129 Saint Croix Dr,75229,Dallas,TX,32.905125,-96.87102,1675000,361.0,,1627900.0,6307.0,5.0,7.0,4637.0,2025.0,10585.08,singleFamily,72,384720.0,2025,https://www.zillow.com,https://photos.zillowstatic.com/fp/605d06b2a68cec2bedb208f9dfd80738-p_c.jpg,2026-05-25 11:52,For Sale
26685513,2816 Wycliff Ave,75219,Dallas,TX,32.81214,-96.81653,209900,224.0,-15100.0,217300.0,1959.0,2.0,2.0,937.0,1979.0,8842.68,condo,46,255330.0,2025,https://www.zillow.com,https://photos.zillowstatic.com/fp/622c20c22ad94a138a68c15a242ce0ce-p_c.jpg,2026-05-25 11:52,For Sale
84001163,1604 Jensen Ct,75204,Dallas,TX,32.798668,-96.7842,430000,241.0,-41000.0,,,3.0,4.0,1785.0,2007.0,1263.24,singleFamily,58,484000.0,2025,https://www.zillow.com,https://photos.zillowstatic.com/fp/a618274ef26f133736d99259153e60b8-p_c.jpg,2026-05-25 11:52,For Sale
26702985,6367 McCommas Blvd,75214,Dallas,TX,32.82958,-96.753136,1913450,447.0,,,2745.0,5.0,6.0,4283.0,2026.0,6403.32,singleFamily,19,374990.0,2025,https://www.zillow.com,https://photos.zillowstatic.com/fp/a0bac2a48ff7381051f4f2e479933e96-p_c.jpg,2026-05-25 11:52,For Sale
26864100,11480 Audelia Rd #238,75243,Dallas,TX,32.905064,-96.71589,145000,117.0,,,1723.0,3.0,2.0,1237.0,1980.0,9.99299816345271,condo,32,143250.0,2025,https://www.zillow.com,https://photos.zillowstatic.com/fp/19f9086cfb2030552cb63ec872b82ed7-p_c.jpg,2026-05-25 11:52,For Sale
26706141,6742 Williamson Rd,75214,Dallas,TX,32.836758,-96.74292,815000,576.0,-60000.0,,3870.0,3.0,3.0,1414.0,1952.0,0.35,singleFamily,301,1031800.0,2025,https://www.zillow.com,https://photos.zillowstatic.com/fp/9575470b6150dd2a7136627172f4b9cf-p_c.jpg,2026-05-25 11:52,For Sale
26775899,4314 Utah Ave,75216,Dallas,TX,32.69069,-96.80962,295000,200.0,-10000.0,291800.0,2325.0,4.0,3.0,1478.0,1959.0,9408.96,singleFamily,95,203630.0,2025,https://www.zillow.com,https://photos.zillowstatic.com/fp/308f8604c84d9bcd8846c5a6d5151e22-p_c.jpg,2026-05-25 11:52,For Sale
26696674,2432 Douglas Ave,75219,Dallas,TX,32.807377,-96.81898,639000,249.0,-10000.0,627100.0,4676.0,3.0,4.0,2570.0,2025.0,8145.72,singleFamily,113,1141110.0,2025,https://www.zillow.com,https://photos.zillowstatic.com/fp/5b6e38862fe5da621ccf15298057fa74-p_c.jpg,2026-05-25 11:52,For Sale
26855084,1315 Aldenwood Dr,75232,Dallas,TX,32.652985,-96.84288,264000,153.0,,258000.0,2021.0,3.0,2.0,1720.0,1979.0,8102.16,singleFamily,8,250220.0,2025,https://www.zillow.com,https://photos.zillowstatic.com/fp/6b8f435bd11e6b481e58626cdc59356f-p_c.jpg,2026-05-25 11:52,For Sale
26708179,218 N Cliff St,75203,Dallas,TX,32.750362,-96.80671,59900,,-5000.0,,1432.0,,,,,8189.28,land,193,66840.0,2025,https://www.zillow.com,https://www.zillowstatic.com/static/images/nophoto_p_c.png,2026-05-25 11:52,For Sale
26753113,10417 Shadow Bend Dr,75230,Dallas,TX,32.887703,-96.784996,399900,226.0,,402600.0,3587.0,3.0,3.0,1770.0,1972.0,4573.8,townhome,5,469430.0,2025,https://www.zillow.com,https://photos.zillowstatic.com/fp/48d1ec40934043b3d8cad9516d14b3ce-p_c.jpg,2026-05-25 11:52,For Sale
26900731,5616 Preston Oaks Rd APT 110,75254,Dallas,TX,32.94263,-96.8128,195000,267.0,,187500.0,1404.0,1.0,1.0,730.0,1981.0,6.932,condo,2,179320.0,2025,https://www.zillow.com,https://photos.zillowstatic.com/fp/993e69351aa1bfc5dc8d4ccba1ea89f1-p_c.jpg,2026-05-25 11:52,For Sale
96506827,4545 Cherbourg St,75216,Dallas,TX,32.708534,-96.74419,329900,187.0,-10100.0,,,4.0,3.0,1768.0,2023.0,7187.4,singleFamily,60,317820.0,2025,https://www.zillow.com,https://photos.zillowstatic.com/fp/c2f5df5a600bf112e1e3413902ef4fd5-p_c.jpg,2026-05-25 11:52,For Sale
26732786,6403 Sondra Dr,75214,Dallas,TX,32.826916,-96.752686,535000,352.0,-44000.0,523700.0,2600.0,3.0,1.0,1518.0,1947.0,7492.32,singleFamily,75,615110.0,2025,https://www.zillow.com,https://photos.zillowstatic.com/fp/7d6d9ac7e001cb9f6a0d300bb0268b50-p_c.jpg,2026-05-25 11:52,For Sale
26816206,9528 Ash Creek Dr,75228,Dallas,TX,32.821896,-96.69279,609000,276.0,,590700.0,3083.0,5.0,3.0,2208.0,1953.0,0.629,singleFamily,39,502840.0,2025,https://www.zillow.com,https://photos.zillowstatic.com/fp/c280681b3f21fecf11730f73ca6af3fe-p_c.jpg,2026-05-25 11:52,For Sale
26898250,4139 Travis St,75204,Dallas,TX,32.816315,-96.79437,879000,421.0,,,,2.0,3.0,2089.0,1996.0,1698.84,townhome,19,652750.0,2025,https://www.zillow.com,https://photos.zillowstatic.com/fp/24d425d551fe6eb13dc2b89e4e07d031-p_c.jpg,2026-05-25 11:52,For Sale
26850895,10826 Wallbrook Dr,75238,Dallas,TX,32.876514,-96.696556,449900,215.0,-15000.0,436200.0,2758.0,4.0,2.0,2096.0,1974.0,7884.36,singleFamily,13,466060.0,2025,https://www.zillow.com,https://photos.zillowstatic.com/fp/898f9fe73896b738e7b6ab4d3c36447f-p_c.jpg,2026-05-25 11:52,For Sale
461635591,5443 Ellsworth,75206,Dallas,TX,32.833916,-96.77545,1249900,388.0,,1224800.0,7095.0,3.0,4.0,3225.0,2025.0,4051.08,singleFamily,44,,,https://www.zillow.com,https://photos.zillowstatic.com/fp/eec7e5f2567aabea90e0f59adb437ef7-p_c.jpg,2026-05-25 11:52,For Sale
2058375883,6003 Spring Flower Trl,75248,Dallas,TX,32.978806,-96.80328,549900,270.0,-10000.0,,,3.0,2.0,2037.0,1977.0,7405.2,singleFamily,135,,,https://www.zillow.com,https://photos.zillowstatic.com/fp/d7b51493e2497dc060d701e2f74eeb6b-p_c.jpg,2026-05-25 11:52,For Sale
26804525,4719 Forest Ln,75244,Dallas,TX,32.90999,-96.827194,3100000,447.0,,2929100.0,15409.0,5.0,6.0,6931.0,2016.0,0.622,singleFamily,61,2397370.0,2025,https://www.zillow.com,https://photos.zillowstatic.com/fp/85b3e7dd05c9acbc598099c97b81b2b1-p_c.jpg,2026-05-25 11:52,For Sale
26790619,3762 Valley Ridge Rd,75220,Dallas,TX,32.877373,-96.85351,638000,399.0,,,2739.0,3.0,2.0,1600.0,1951.0,8276.0,singleFamily,9,510640.0,2025,https://www.zillow.com,https://www.zillowstatic.com/static/images/nophoto_p_c.png,2026-05-25 11:52,For Sale
26922600,6061 Milton St #231,75206,Dallas,TX,32.8494,-96.76171,189900,180.0,,179000.0,1711.0,2.0,2.0,1057.0,1970.0,0.8100999999999999,condo,2,222440.0,2025,https://www.zillow.com,https://photos.zillowstatic.com/fp/36ef4fa74d4edf6a4c9542cd3dbeec41-p_c.jpg,2026-05-25 11:52,For Sale
26685330,416 Mount Auburn Ave,75223,Dallas,TX,32.80185,-96.74993,847900,203.0,,839500.0,7217.0,5.0,5.0,4181.0,2026.0,7230.96,singleFamily,16,500000.0,2025,https://www.zillow.com,https://photos.zillowstatic.com/fp/fe9e6d677260a15f2de6ae1b2e18a5b9-p_c.jpg,2026-05-25 11:52,For Sale
96506181,7813 Oak Garden Trl,75232,Dallas,TX,32.652798,-96.85119,270000,175.0,,266800.0,2165.0,3.0,2.0,1540.0,2014.0,7927.92,singleFamily,37,331880.0,2025,https://www.zillow.com,https://photos.zillowstatic.com/fp/ab504678e8e79ba8473e9c502a2a2266-p_c.jpg,2026-05-25 11:52,For Sale
26840055,9020 Westbriar Dr,75228,Dallas,TX,32.815426,-96.696594,535000,317.0,,,,3.0,2.0,1688.0,1960.0,7797.24,singleFamily,19,490420.0,2025,https://www.zillow.com,https://photos.zillowstatic.com/fp/9067f3a1f738e6d4d7bed1f2642bd10d-p_c.jpg,2026-05-25 11:52,For Sale
26745991,10568 Ferguson Rd,75228,Dallas,TX,32.840397,-96.66663,160000,163.0,,,1684.0,3.0,1.0,984.0,1952.0,7623.0,singleFamily,13,226520.0,2025,https://www.zillow.com,https://photos.zillowstatic.com/fp/17f5bcada356ee2568e8f50f5d8e4276-p_c.jpg,2026-05-25 11:52,For Sale
96496038,12114 Jackson Creek Dr,75243,Dallas,TX,32.91297,-96.71682,599900,218.0,-9100.0,590500.0,3887.0,4.0,4.0,2747.0,2012.0,0.268,singleFamily,100,618010.0,2025,https://www.zillow.com,https://photos.zillowstatic.com/fp/fefc24032a6d2ba466b00d081d1c3328-p_c.jpg,2026-05-25 11:52,For Sale
26708720,112 N Adams Ave,75208,Dallas,TX,32.74559,-96.83001,749000,359.0,,715000.0,1953.0,5.0,2.0,2088.0,1945.0,6054.84,multiFamily,8,256870.0,2025,https://www.zillow.com,https://photos.zillowstatic.com/fp/2ff53773e543a4c90ee0944e84cf7249-p_c.jpg,2026-05-25 11:52,For Sale
26819226,10038 Mesita Dr,75217,Dallas,TX,32.738804,-96.650215,248000,131.0,-1000.0,,,4.0,2.0,1897.0,1963.0,7797.24,singleFamily,240,277720.0,2025,https://www.zillow.com,https://photos.zillowstatic.com/fp/7d5f640950957ce093baa65f093e65eb-p_c.jpg,2026-05-25 11:52,For Sale
26789917,3965 Durango Dr,75220,Dallas,TX,32.8674,-96.84618,2395000,459.0,,2305000.0,3131.0,6.0,5.0,5222.0,2026.0,9931.68,singleFamily,16,708960.0,2025,https://www.zillow.com,https://photos.zillowstatic.com/fp/83b7d7ac9ed6244aa4d668c0d1c2b391-p_c.jpg,2026-05-25 11:52,For Sale
26750007,7105 Bennington Dr,75214,Dallas,TX,32.85197,-96.74179,775000,421.0,-24000.0,,,3.0,2.0,1839.0,1958.0,9234.72,singleFamily,30,752550.0,2025,https://www.zillow.com,https://photos.zillowstatic.com/fp/57a4f973679a02f70ca5b66e12d56b66-p_c.jpg,2026-05-25 11:52,For Sale
26805240,4034 Alta Vista Ln,75229,Dallas,TX,32.903854,-96.84209,2125000,523.0,-20000.0,,,5.0,6.0,4065.0,1959.0,0.368,singleFamily,66,1119820.0,2025,https://www.zillow.com,https://photos.zillowstatic.com/fp/e31094301a159718fa64b4abaf35bcdb-p_c.jpg,2026-05-25 11:52,For Sale
26636423,6201 Baymar Ln,75252,Dallas,TX,32.99017,-96.797844,649900,308.0,-25000.0,,,4.0,3.0,2110.0,1986.0,0.41,singleFamily,20,637243.0,2025,https://www.zillow.com,https://photos.zillowstatic.com/fp/6caf2a053a6d67df50b3c8e996ccc12d-p_c.jpg,2026-05-25 11:52,For Sale
26755005,6407 Joyce Way,75225,Dallas,TX,32.87938,-96.796074,4999999,762.0,-250000.0,4815100.0,7669.0,5.0,8.0,6565.0,2026.0,0.44300000000000006,singleFamily,88,1338250.0,2025,https://www.zillow.com,https://photos.zillowstatic.com/fp/a7ed41a47553c22c4271995905fcb30c-p_c.jpg,2026-05-25 11:52,For Sale
27327500,2623 Seedling Ln,75287,Dallas,TX,32.991604,-96.86788,440000,241.0,-10000.0,,,3.0,2.0,1824.0,1982.0,7840.8,singleFamily,51,442768.0,2025,https://www.zillow.com,https://photos.zillowstatic.com/fp/d7821eb3c3d57b035328882bdc2acb05-p_c.jpg,2026-05-25 11:52,For Sale
26759612,9769 Audubon Pl,75220,Dallas,TX,32.875668,-96.82584,18000000,,,,,,,,1995.0,3.389,land,25,11845980.0,2025,https://www.zillow.com,https://photos.zillowstatic.com/fp/20a491aa2fd7698b405f0a85894a61a4-p_c.jpg,2026-05-25 11:52,For Sale
2070165159,6808 Wofford Ave,75227,Dallas,TX,32.768658,-96.702805,233000,225.0,,227600.0,1769.0,3.0,2.0,1035.0,1948.0,6621.12,singleFamily,20,,,https://www.zillow.com,https://photos.zillowstatic.com/fp/6eb04fabecf2a679ffcb8e24d46b3a2c-p_c.jpg,2026-05-25 11:52,For Sale
