zpid,address,zipcode,city,state,latitude,longitude,price,price_per_sqft,price_change,zestimate,rent_zestimate,bedrooms,bathrooms,sqft,year_built,lot_size_acres,property_type,days_on_market,tax_assessed,tax_year,listing_url,photo_url,fetched_at,listing_type
26847365,9555 Vinewood Dr,75228,Dallas,TX,32.81994,-96.68873,585000,289.0,,408900.0,2772.0,4.0,2.0,2024.0,1963.0,0.305,singleFamily,3,440000.0,2025,https://www.zillow.com,https://photos.zillowstatic.com/fp/acb1de3e737559a5c504a325349068d3-p_c.jpg,2026-08-31 15:49,For Sale
26880391,4016 Willow Ridge Dr,75244,Dallas,TX,32.913692,-96.84266,2795000,497.0,,2723400.0,7921.0,5.0,7.0,5629.0,2027.0,0.271,singleFamily,3,680000.0,2025,https://www.zillow.com,https://photos.zillowstatic.com/fp/510324ea71f923bc464299c433a073b0-p_c.jpg,2026-08-31 15:49,For Sale
26789917,3965 Durango Dr,75220,Dallas,TX,32.8674,-96.84618,2295000,439.0,,2214700.0,6486.0,6.0,5.0,5222.0,2026.0,9931.68,singleFamily,6,708960.0,2025,https://www.zillow.com,https://photos.zillowstatic.com/fp/219ed32531cb985ccd40bcc04860db5e-p_c.jpg,2026-08-31 15:49,For Sale
26803635,5717 Preston Haven Dr,75230,Dallas,TX,32.90683,-96.80992,3595000,555.0,,,,5.0,7.0,6473.0,2014.0,0.368,singleFamily,12,2686550.0,2025,https://www.zillow.com,https://photos.zillowstatic.com/fp/2a4e0e049735fd0e9e7fe4773dec00f6-p_c.jpg,2026-08-31 15:49,For Sale
26752895,7124 Meadow Rd,75230,Dallas,TX,32.886986,-96.78161,1350000,366.0,-45000.0,,,4.0,4.0,3687.0,1969.0,0.293,singleFamily,40,969820.0,2025,https://www.zillow.com,https://photos.zillowstatic.com/fp/ef10f9aeadc1b405cc3cbecd296ec196-p_c.jpg,2026-08-31 15:49,For Sale
26803577,5829 Northmoor Dr,75230,Dallas,TX,32.908752,-96.80784,4100000,567.0,-395000.0,,7585.0,5.0,7.0,7231.0,2026.0,0.367,singleFamily,32,900000.0,2025,https://www.zillow.com,https://photos.zillowstatic.com/fp/449f764641039140324ebf931d0b4865-p_c.jpg,2026-08-31 15:49,For Sale
26703556,6000 Revere Pl,75206,Dallas,TX,32.83058,-96.76403,727000,564.0,,705500.0,2535.0,3.0,1.0,1289.0,1935.0,7884.36,singleFamily,3,662520.0,2025,https://www.zillow.com,https://photos.zillowstatic.com/fp/ffd9fee72d0f46e8ae97519a94a18fe3-p_c.jpg,2026-08-31 15:49,For Sale
26840411,2208 Springhill St,75228,Dallas,TX,32.813766,-96.70294,535000,398.0,,518100.0,2485.0,3.0,2.0,1344.0,1954.0,7840.8,singleFamily,4,419170.0,2025,https://www.zillow.com,https://photos.zillowstatic.com/fp/18dc5f01f0f9a83aebb79f27a50af37a-p_c.jpg,2026-08-31 15:49,For Sale
26807868,3208 Timberview Rd,75229,Dallas,TX,32.88353,-96.8686,689000,302.0,,663100.0,3880.0,4.0,2.0,2281.0,1962.0,0.258,singleFamily,5,613670.0,2025,https://www.zillow.com,https://photos.zillowstatic.com/fp/07a181a2d5270bef605a9e6bd843e817-p_c.jpg,2026-08-31 15:49,For Sale
26803675,5812 Preston Haven Dr,75230,Dallas,TX,32.90626,-96.80687,4145000,625.0,-50000.0,4008900.0,5965.0,6.0,8.0,6630.0,2026.0,0.392,singleFamily,122,1319770.0,2025,https://www.zillow.com,https://photos.zillowstatic.com/fp/e1844053c2558a096480c37c29f5c992-p_c.jpg,2026-08-31 15:49,For Sale
96534895,8916 Whitehall Ln,75232,Dallas,TX,32.63961,-96.83669,297500,179.0,,297200.0,2478.0,4.0,3.0,1660.0,2026.0,0.316,singleFamily,27,89500.0,2025,https://www.zillow.com,https://photos.zillowstatic.com/fp/792ae3769e6f92152eb5e22f3c0a6b90-p_c.jpg,2026-08-31 15:49,For Sale
26739829,9027 Daytonia Ave,75218,Dallas,TX,32.823032,-96.7036,1650000,403.0,,1607100.0,4191.0,5.0,5.0,4097.0,2026.0,8319.96,singleFamily,37,505820.0,2025,https://www.zillow.com,https://photos.zillowstatic.com/fp/34ad7e1aacbc2e0633f0e9d402191304-p_c.jpg,2026-08-31 15:49,For Sale
26696399,5223 Colonial Ave,75215,Dallas,TX,32.744267,-96.759224,214999,130.0,-15001.0,213600.0,2611.0,4.0,2.0,1656.0,2024.0,7013.16,singleFamily,136,433110.0,2025,https://www.zillow.com,https://photos.zillowstatic.com/fp/1ffb12a24ca85cf9a7cc33cbfa96e1b2-p_c.jpg,2026-08-31 15:49,For Sale
26885296,4112 Balch Dr,75216,Dallas,TX,32.7113,-96.7696,425000,108.0,,,,5.0,4.0,3952.0,2022.0,9670.32,singleFamily,26,490170.0,2025,https://www.zillow.com,https://photos.zillowstatic.com/fp/4c3796dff4754f7231e70756d83fd018-p_c.jpg,2026-08-31 15:49,For Sale
26908289,2635 Oak Bend Ln,75227,Dallas,TX,32.790703,-96.78664,255000,158.0,-10000.0,,2085.0,3.0,2.0,1611.0,1986.0,3650.328,singleFamily,26,250090.0,2025,https://www.zillow.com,https://photos.zillowstatic.com/fp/4c9761f09bc2a5ef4376a35fab8eba34-p_c.jpg,2026-08-31 15:49,For Sale
26687302,2329 Stoneman St,75215,Dallas,TX,32.753746,-96.7612,475000,186.0,,473200.0,4144.0,5.0,4.0,2550.0,2026.0,7318.08,singleFamily,46,73000.0,2025,https://www.zillow.com,https://photos.zillowstatic.com/fp/6b5e89024f1c7b0dc63a97b3c034fbde-p_c.jpg,2026-08-31 15:49,For Sale
96532855,6306 Kemrock Dr,75241,Dallas,TX,32.669346,-96.77778,515000,161.0,,513300.0,3444.0,5.0,4.0,3200.0,2026.0,0.33299999999999996,singleFamily,3,74750.0,2025,https://www.zillow.com,https://photos.zillowstatic.com/fp/d05f9a324459bac631399d30343d352f-p_c.jpg,2026-08-31 15:49,For Sale
26850492,9819 Fitzroy Dr,75238,Dallas,TX,32.86626,-96.71697,875000,394.0,,853200.0,5296.0,4.0,3.0,2220.0,1957.0,8363.52,singleFamily,2,902440.0,2025,https://www.zillow.com,https://photos.zillowstatic.com/fp/54a8fec1ff2e08e3b2dc03de192c87cf-p_c.jpg,2026-08-31 15:49,For Sale
26841634,2328 Globe Ave,75228,Dallas,TX,32.81489,-96.67548,269900,206.0,,263000.0,2019.0,3.0,2.0,1312.0,1957.0,8973.36,singleFamily,9,269370.0,2025,https://www.zillow.com,https://photos.zillowstatic.com/fp/2e2c50ebfdc21a4c7e2da2d7a1bb8d18-p_c.jpg,2026-08-31 15:49,For Sale
26790634,9866 Mixon Dr,75220,Dallas,TX,32.8754,-96.85215,2150000,415.0,-25000.0,2065100.0,2620.0,6.0,7.0,5184.0,2026.0,8145.72,singleFamily,5,498910.0,2025,https://www.zillow.com,https://photos.zillowstatic.com/fp/4b9db29b0462a8546b2c317b8952a1fb-p_c.jpg,2026-08-31 15:49,For Sale
26790574,3743 Matador Dr,75220,Dallas,TX,32.876034,-96.854294,1895000,380.0,,1840200.0,3685.0,4.0,5.0,4981.0,2026.0,8015.04,singleFamily,11,504130.0,2025,https://www.zillow.com,https://photos.zillowstatic.com/fp/6b068f8121d9b1de601b0b2cfef19b69-p_c.jpg,2026-08-31 15:49,For Sale
338040611,1015 Serena Dr,75253,Dallas,TX,32.68677,-96.560394,265000,202.0,,263100.0,2160.0,3.0,2.0,1310.0,2022.0,7487.964,singleFamily,37,254330.0,2025,https://www.zillow.com,https://photos.zillowstatic.com/fp/1dd600b1bdb583cc640a6a4dc5a75988-p_c.jpg,2026-08-31 15:49,For Sale
26785235,5826 Enchanted Ln,75227,Dallas,TX,32.788773,-96.70188,399995,240.0,,393900.0,2019.0,3.0,3.0,1670.0,1965.0,7971.48,singleFamily,3,299300.0,2025,https://www.zillow.com,https://photos.zillowstatic.com/fp/92b767d8ec2cb9317ac570e010c9395a-p_c.jpg,2026-08-31 15:49,For Sale
303984720,2114 Wenge Ln,75219,Dallas,TX,32.809242,-96.82861,589985,305.0,-5.0,581600.0,3893.0,3.0,4.0,1932.0,2021.0,1393.92,townhome,81,635090.0,2025,https://www.zillow.com,https://photos.zillowstatic.com/fp/3b1149ae028f42b596982eedee1aafbd-p_c.jpg,2026-08-31 15:49,For Sale
96500365,7909 Ivory Ln,75216,Dallas,TX,32.714127,-96.7487,399900,133.0,-100.0,398000.0,3753.0,5.0,4.0,3002.0,2023.0,6403.32,singleFamily,62,476130.0,2025,https://www.zillow.com,https://photos.zillowstatic.com/fp/10c7a26806ee7a47a226170c113c9768-p_c.jpg,2026-08-31 15:49,For Sale
96526869,910 Gallant Fox Dr,75211,Dallas,TX,32.736996,-96.92878,459000,216.0,-20000.0,455000.0,3226.0,3.0,3.0,2125.0,2026.0,9975.24,singleFamily,59,75000.0,2025,https://www.zillow.com,https://photos.zillowstatic.com/fp/9a091fc719d3013e309b938574458848-p_c.jpg,2026-08-31 15:49,For Sale
26739651,8600 San Fernando Way,75218,Dallas,TX,32.821636,-96.71275,925000,407.0,,883700.0,3714.0,3.0,3.0,2273.0,1940.0,10715.76,singleFamily,3,686260.0,2025,https://www.zillow.com,https://photos.zillowstatic.com/fp/28b20dec4a9170ac2cec170ac414800d-p_c.jpg,2026-08-31 15:49,For Sale
26701979,6941 Gaston Ave,75214,Dallas,TX,32.815536,-96.737885,5800000,765.0,,5549700.0,6774.0,6.0,6.0,7577.0,2025.0,0.987,singleFamily,9,3603590.0,2025,https://www.zillow.com,https://photos.zillowstatic.com/fp/be41f7ccb60682a84cf94f7ceb36d8fd-p_c.jpg,2026-08-31 15:49,For Sale
26795670,1623 Fresno St,75217,Dallas,TX,32.740612,-96.693115,200000,91.0,-35000.0,,2622.0,6.0,2.0,2194.0,1954.0,9888.12,singleFamily,103,338390.0,2025,https://www.zillow.com,https://photos.zillowstatic.com/fp/6438154e2bc5f131cea2c08f8024b641-p_c.jpg,2026-08-31 15:49,For Sale
26891340,9519 County View Rd,75249,Dallas,TX,32.635117,-96.95368,257000,183.0,,254600.0,2325.0,5.0,2.0,1408.0,1981.0,7056.72,singleFamily,51,281740.0,2025,https://www.zillow.com,https://photos.zillowstatic.com/fp/261335cf707d937767ad18a25c19432e-p_c.jpg,2026-08-31 15:49,For Sale
26739016,7525 Holly Hill Dr APT 10,75231,Dallas,TX,32.88009,-96.75418,150000,140.0,,148700.0,1659.0,2.0,2.0,1069.0,1980.0,2.728,condo,3,187080.0,2025,https://www.zillow.com,https://photos.zillowstatic.com/fp/55e3649c04bb7e0ee99124374678fd8e-p_c.jpg,2026-08-31 15:49,For Sale
26757825,5619 Walnut Hill Ln,75229,Dallas,TX,32.8825,-96.81111,64000000,2362.0,,,,10.0,17.0,27092.0,1938.0,15.687,singleFamily,550,36042650.0,2025,https://www.zillow.com,https://photos.zillowstatic.com/fp/adeac1290c0448b20476ade24a279451-p_c.jpg,2026-08-31 15:49,For Sale
26870520,14012 Highmark Sq,75254,Dallas,TX,32.939735,-96.80233,359900,108.0,,,,3.0,4.0,3322.0,1997.0,6621.12,singleFamily,2,745870.0,2025,https://www.zillow.com,https://photos.zillowstatic.com/fp/9a50d5a06e3ee3b352abf912bde2bbea-p_c.jpg,2026-08-31 15:49,For Sale
96517949,6505 Kemrock Dr,75241,Dallas,TX,32.66591,-96.778885,519900,205.0,-9100.0,519000.0,2947.0,4.0,4.0,2535.0,2026.0,0.324,singleFamily,39,74750.0,2025,https://www.zillow.com,https://photos.zillowstatic.com/fp/1fc53a5eef4acfc6c6b23445d8754fdd-p_c.jpg,2026-08-31 15:49,For Sale
26823071,6320 Old Ox Rd,75241,Dallas,TX,32.67258,-96.79536,250000,219.0,,249800.0,1825.0,3.0,2.0,1142.0,1970.0,7492.32,singleFamily,6,189110.0,2025,https://www.zillow.com,https://photos.zillowstatic.com/fp/92d811326b9cd92ddc2918c86209f637-p_c.jpg,2026-08-31 15:49,For Sale
67965727,5938 Sandhurst Ln APT 104,75206,Dallas,TX,32.843716,-96.764015,308000,294.0,,,,2.0,2.0,1046.0,1967.0,4.675,condo,3,339950.0,2025,https://www.zillow.com,https://photos.zillowstatic.com/fp/35ea7b513edd552bc13b35fa2cc6f578-p_c.jpg,2026-08-31 15:49,For Sale
26727671,2510 W Jefferson Blvd,75211,Dallas,TX,32.74756,-96.85934,290000,199.0,,286800.0,2221.0,3.0,2.0,1456.0,1939.0,6577.56,singleFamily,2,291640.0,2025,https://www.zillow.com,https://photos.zillowstatic.com/fp/bb4ab789b450903bedb995ab5721aa1b-p_c.jpg,2026-08-31 15:49,For Sale
26704466,5342 McCommas Blvd,75206,Dallas,TX,32.829693,-96.777794,1015000,469.0,,972400.0,4946.0,3.0,2.0,2164.0,1937.0,7797.24,singleFamily,4,977300.0,2025,https://www.zillow.com,https://photos.zillowstatic.com/fp/99e0d43d59545dbedce590bbedd8a68a-p_c.jpg,2026-08-31 15:49,For Sale
26751372,7739 Southwestern Blvd,75225,Dallas,TX,32.857388,-96.77351,1799000,560.0,,1847800.0,6216.0,3.0,3.0,3213.0,1978.0,253.9027,singleFamily,2,1848130.0,2025,https://www.zillow.com,https://photos.zillowstatic.com/fp/1d94adb0838e9e9bb753d4df648dc6f4-p_c.jpg,2026-08-31 15:49,For Sale
26748474,6116 Chesley Ln,75214,Dallas,TX,32.84727,-96.75989,628000,246.0,,,,4.0,4.0,2554.0,1969.0,10236.6,singleFamily,2,953670.0,2025,https://www.zillow.com,https://photos.zillowstatic.com/fp/6a7e1cfd3788778b7b413ca4989f4d1e-p_c.jpg,2026-08-31 15:49,For Sale
26740611,8215 San Cristobal Dr,75218,Dallas,TX,32.809837,-96.71471,3295000,656.0,,3105000.0,4929.0,5.0,6.0,5020.0,2025.0,0.312,singleFamily,9,793360.0,2025,https://www.zillow.com,https://photos.zillowstatic.com/fp/da773173b3addcefd103aee2e123a2e9-p_c.jpg,2026-08-31 15:49,For Sale
67964626,1505 Elm St APT 1003,75201,Dallas,TX,32.781612,-96.79958,300000,147.0,,294500.0,4938.0,3.0,3.0,2045.0,1957.0,10018.8,condo,44,398780.0,2025,https://www.zillow.com,https://photos.zillowstatic.com/fp/e2a5c5098c238ddaadc3404980133678-p_c.jpg,2026-08-31 15:49,For Sale
26758062,10010 Strait Ln,75229,Dallas,TX,32.880985,-96.823845,24999900,1498.0,,22561200.0,31583.0,7.0,11.0,16684.0,2026.0,2.218,singleFamily,182,2767500.0,2025,https://www.zillow.com,https://photos.zillowstatic.com/fp/4807102bfcc1104359cc67064727143a-p_c.jpg,2026-08-31 15:49,For Sale
26852528,3207 Truxillo Dr,75228,Dallas,TX,32.847755,-96.66204,299999,122.0,,403000.0,3199.0,4.0,2.0,2466.0,1972.0,0.358,singleFamily,2,381270.0,2025,https://www.zillow.com,https://photos.zillowstatic.com/fp/e3edb561fa3a50d991ed7791545a8e7d-p_c.jpg,2026-08-31 15:49,For Sale
339912156,3636 Silver Maple Ln,75253,Dallas,TX,32.657536,-96.65548,250000,124.0,-20000.0,249300.0,2533.0,4.0,3.0,2014.0,2023.0,,singleFamily,60,321990.0,2025,https://www.zillow.com,https://photos.zillowstatic.com/fp/1a00a054c9fab14038259ee4866d2d48-p_c.jpg,2026-08-31 15:49,For Sale
26869293,9615 Millridge Dr,75243,Dallas,TX,32.90484,-96.729965,615000,250.0,-20000.0,603200.0,4626.0,4.0,3.0,2460.0,1970.0,8755.56,singleFamily,43,605190.0,2025,https://www.zillow.com,https://photos.zillowstatic.com/fp/5178aa5e9af2c73f495cd330d83b9bb3-p_c.jpg,2026-08-31 15:49,For Sale
26731526,7407 Morton St,75209,Dallas,TX,32.84665,-96.82403,1925000,422.0,,1841600.0,7731.0,4.0,4.0,4563.0,2020.0,7492.32,singleFamily,6,1533850.0,2025,https://www.zillow.com,https://photos.zillowstatic.com/fp/d6adb3263eb1575db0be1a9c4040b108-p_c.jpg,2026-08-31 15:49,For Sale
26929064,5200 Martel Ave APT 24B,75206,Dallas,TX,32.8313,-96.778946,269000,277.0,-5000.0,259200.0,2027.0,2.0,2.0,971.0,1983.0,6.009,condo,37,242750.0,2025,https://www.zillow.com,https://photos.zillowstatic.com/fp/1f801ab45fab8d2ba068e55ef771840c-p_c.jpg,2026-08-31 15:49,For Sale
463300917,3529 Cleveland St,75215,Dallas,TX,32.75582,-96.77514,245000,133.0,,244600.0,3348.0,4.0,4.0,1846.0,2026.0,8363.52,singleFamily,75,,,https://www.zillow.com,https://photos.zillowstatic.com/fp/a61363b7bd78a0e95ffd19ba195f164b-p_c.jpg,2026-08-31 15:49,For Sale
26689170,5643 Swiss Ave,75214,Dallas,TX,32.808784,-96.76255,2995000,582.0,,,,5.0,5.0,5145.0,1929.0,0.401,singleFamily,3,2330000.0,2025,https://www.zillow.com,https://photos.zillowstatic.com/fp/08ad965f59c7ed0fec3acfa191301d3a-p_c.jpg,2026-08-31 15:49,For Sale
26759625,5444 Northbrook Dr,75220,Dallas,TX,32.866047,-96.81663,15000000,1192.0,,,4528.0,7.0,9.0,12589.0,1950.0,1.621,singleFamily,65,2423400.0,2025,https://www.zillow.com,https://photos.zillowstatic.com/fp/e0a35e71e87a0546dd13a3c40fedef37-p_c.jpg,2026-08-31 15:49,For Sale
26755395,6716 Aberdeen Ave,75230,Dallas,TX,32.881947,-96.78928,4495000,678.0,,4265400.0,4097.0,5.0,7.0,6632.0,2026.0,0.27999999999999997,singleFamily,123,1223220.0,2025,https://www.zillow.com,https://photos.zillowstatic.com/fp/b5d7cfc82b025fe5da921d29538b285e-p_c.jpg,2026-08-31 15:49,For Sale
336873023,1767 Novela Way,75215,Dallas,TX,32.7701,-96.78521,450000,214.0,,,,3.0,4.0,2105.0,2022.0,1263.24,townhome,25,551640.0,2025,https://www.zillow.com,https://photos.zillowstatic.com/fp/d93dd9021801fd7feeb5addb7f53b67f-p_c.jpg,2026-08-31 15:49,For Sale
26728652,1535 Junior Dr,75208,Dallas,TX,32.763325,-96.82843,1675000,592.0,,1596100.0,7752.0,3.0,4.0,2830.0,1958.0,0.374,singleFamily,17,1734340.0,2025,https://www.zillow.com,https://photos.zillowstatic.com/fp/4bc2d428b65fc01f6ad2bf08e2b179db-p_c.jpg,2026-08-31 15:49,For Sale
26707895,708 Blaylock Dr,75203,Dallas,TX,32.756466,-96.81656,450000,361.0,,,,3.0,2.0,1246.0,1948.0,3876.84,singleFamily,3,458000.0,2025,https://www.zillow.com,https://photos.zillowstatic.com/fp/47d047afe3a0fb162c89f5d5ecff5d6e-p_c.jpg,2026-08-31 15:49,For Sale
96513896,10617 Bridge Hollow Ct,75229,Dallas,TX,32.891712,-96.821815,11500000,785.0,,,,6.0,10.0,14653.0,2018.0,1.442,singleFamily,16,13054400.0,2025,https://www.zillow.com,https://photos.zillowstatic.com/fp/1cad1d90350deecefe93978d5081628a-p_c.jpg,2026-08-31 15:49,For Sale
26751231,7314 Walling Ln,75231,Dallas,TX,32.8585,-96.73386,865000,316.0,-14000.0,840000.0,4442.0,3.0,3.0,2741.0,1981.0,8624.88,singleFamily,27,678560.0,2025,https://www.zillow.com,https://photos.zillowstatic.com/fp/3717a786c833e565ca30b9cef41627fd-p_c.jpg,2026-08-31 15:49,For Sale
26899111,4209 Wycliff Ave APT A,75219,Dallas,TX,32.819977,-96.804054,629000,304.0,,613800.0,4260.0,3.0,3.0,2070.0,1998.0,1785.96,singleFamily,2,444870.0,2025,https://www.zillow.com,https://photos.zillowstatic.com/fp/cdb03087f7da53524782785db3a9b120-p_c.jpg,2026-08-31 15:49,For Sale
26824502,921 Medalist Dr,75232,Dallas,TX,32.66794,-96.83693,195000,94.0,,281100.0,2415.0,3.0,2.0,2075.0,1964.0,0.27899999999999997,singleFamily,2,318710.0,2025,https://www.zillow.com,https://photos.zillowstatic.com/fp/18c4071b9fd2f35571dd76da734e1425-p_c.jpg,2026-08-31 15:49,For Sale
26839550,10650 Steppington Dr #219,75230,Dallas,TX,32.8936,-96.77055,195000,182.0,,190100.0,1839.0,2.0,2.0,1074.0,1979.0,4.784,condo,38,192690.0,2025,https://www.zillow.com,https://photos.zillowstatic.com/fp/08ffc661a94cb709ddb76b446fb80925-p_c.jpg,2026-08-31 15:49,For Sale
26891176,7410 Boisenberry Ln,75249,Dallas,TX,32.645645,-96.95113,290000,119.0,5000.0,288200.0,2908.0,4.0,3.0,2435.0,1981.0,7710.12,singleFamily,30,318010.0,2025,https://www.zillow.com,https://photos.zillowstatic.com/fp/05e84fc718b2ffe22589eac2626dda3b-p_c.jpg,2026-08-31 15:49,For Sale
26866661,9812 Ravensway Dr,75238,Dallas,TX,32.88173,-96.72063,695000,306.0,,,,4.0,3.0,2268.0,1965.0,10018.8,singleFamily,6,627310.0,2025,https://www.zillow.com,https://photos.zillowstatic.com/fp/549d01c2b80c18d461fb2f32591f306c-p_c.jpg,2026-08-31 15:49,For Sale
26756212,6815 Pemberton Dr,75230,Dallas,TX,32.891823,-96.78806,4450000,634.0,,,,5.0,7.0,7021.0,2024.0,0.38199999999999995,singleFamily,4,3364430.0,2025,https://www.zillow.com,https://photos.zillowstatic.com/fp/034d9a6c402c25772e1248d5e0542a3f-p_c.jpg,2026-08-31 15:49,For Sale
26811185,3161 Waldrop Dr,75229,Dallas,TX,32.89068,-96.87322,359900,247.0,,360000.0,2800.0,3.0,2.0,1456.0,1956.0,0.272,singleFamily,5,344720.0,2025,https://www.zillow.com,https://photos.zillowstatic.com/fp/3b032fec39cec77ead550dd4ae611bb0-p_c.jpg,2026-08-31 15:49,For Sale
26931894,9837 Walnut St #207,75243,Dallas,TX,32.922836,-96.71392,115000,112.0,-10000.0,120400.0,1559.0,2.0,2.0,1031.0,2018.0,8.814,condo,65,123720.0,2025,https://www.zillow.com,https://photos.zillowstatic.com/fp/e8c0329742b664bdf9ca86bb92306687-p_c.jpg,2026-08-31 15:49,For Sale
26728592,1212 N Oak Cliff Blvd,75208,Dallas,TX,32.760834,-96.854065,1300000,381.0,,1227300.0,6103.0,4.0,5.0,3416.0,1974.0,7666.56,singleFamily,2,803830.0,2025,https://www.zillow.com,https://photos.zillowstatic.com/fp/1a234324a490c30f70abb4347e1feaa3-p_c.jpg,2026-08-31 15:49,For Sale
26707648,7015 Lyre Ln,75214,Dallas,TX,32.83533,-96.739006,4095000,744.0,,3900800.0,4360.0,5.0,6.0,5502.0,2026.0,0.363,singleFamily,5,1319420.0,2025,https://www.zillow.com,https://photos.zillowstatic.com/fp/76b93e639d1475a7501d4c006aaf7674-p_c.jpg,2026-08-31 15:49,For Sale
26890291,10130 Woodlake Dr,75243,Dallas,TX,32.914185,-96.71148,495000,173.0,,483500.0,3214.0,4.0,3.0,2866.0,1979.0,9278.28,singleFamily,4,477190.0,2025,https://www.zillow.com,https://photos.zillowstatic.com/fp/137e0e56c4d881e5b142026171fb6192-p_c.jpg,2026-08-31 15:49,For Sale
26851496,6766 Northaven Rd,75230,Dallas,TX,32.900932,-96.78869,3999000,901.0,-150000.0,3799200.0,7634.0,5.0,5.0,4437.0,2019.0,0.942,singleFamily,69,5337960.0,2025,https://www.zillow.com,https://photos.zillowstatic.com/fp/64615944d74097be165d31e4e91973d7-p_c.jpg,2026-08-31 15:49,For Sale
26845423,3111 Andrea Dr,75228,Dallas,TX,32.828045,-96.66216,250000,222.0,-15000.0,243500.0,1939.0,4.0,2.0,1128.0,1954.0,7666.56,singleFamily,12,240580.0,2025,https://www.zillow.com,https://photos.zillowstatic.com/fp/ac5ea52982219214747ef94f33004f92-p_c.jpg,2026-08-31 15:49,For Sale
26825051,809 Wood River Rd,75232,Dallas,TX,32.676613,-96.83612,357500,152.0,,351800.0,2767.0,4.0,3.0,2357.0,1962.0,0.324,singleFamily,8,427240.0,2025,https://www.zillow.com,https://photos.zillowstatic.com/fp/51e14f029f7364ed189576028abd8427-p_c.jpg,2026-08-31 15:49,For Sale
26806617,10230 Marsh Ln,75229,Dallas,TX,32.885693,-96.85548,3495000,432.0,,3332000.0,7848.0,5.0,7.0,8087.0,2024.0,1.2,singleFamily,13,2656190.0,2025,https://www.zillow.com,https://photos.zillowstatic.com/fp/94b12cffa646afc6958b1ea14de27c1d-p_c.jpg,2026-08-31 15:49,For Sale
26794921,1333 Springlake Dr,75217,Dallas,TX,32.735634,-96.706825,179000,89.0,,177900.0,1812.0,4.0,2.0,2001.0,1955.0,7579.44,singleFamily,3,248080.0,2025,https://www.zillow.com,https://photos.zillowstatic.com/fp/285a460652b89eea9d73e12208c9a29f-p_c.jpg,2026-08-31 15:49,For Sale
26899597,9801 Royal Ln APT 702,75231,Dallas,TX,32.89555,-96.728,175000,152.0,,173700.0,2005.0,2.0,3.0,1149.0,1981.0,5.727,condo,4,227260.0,2025,https://www.zillow.com,https://photos.zillowstatic.com/fp/827512a2578ad6bd35d6ca159149a125-p_c.jpg,2026-08-31 15:49,For Sale
333139858,2280 Rook Dr,75211,Dallas,TX,32.76084,-96.85982,539000,261.0,,526400.0,3392.0,3.0,4.0,2065.0,2023.0,1393.92,singleFamily,5,521170.0,2025,https://www.zillow.com,https://photos.zillowstatic.com/fp/8d59896e7f9e2a9a299c4903df2226b1-p_c.jpg,2026-08-31 15:49,For Sale
26797532,6620 Atha Dr,75217,Dallas,TX,32.715034,-96.70654,178999,150.0,,176500.0,1797.0,3.0,2.0,1197.0,1963.0,7579.44,singleFamily,6,212930.0,2025,https://www.zillow.com,https://photos.zillowstatic.com/fp/a73db11fa18342b74325669cf139f7a2-p_c.jpg,2026-08-31 15:49,For Sale
26698597,4523 Metropolitan Ave,75210,Dallas,TX,32.778656,-96.745995,259900,184.0,,259300.0,1852.0,3.0,2.0,1415.0,2026.0,5967.72,singleFamily,24,42450.0,2025,https://www.zillow.com,https://photos.zillowstatic.com/fp/a8fe76d9dd50a73d7c8fa0581b165d53-p_c.jpg,2026-08-31 15:49,For Sale
26860053,8148 Clearsprings Rd,75240,Dallas,TX,32.93642,-96.76551,389000,235.0,,380400.0,2538.0,3.0,2.0,1652.0,1966.0,9321.84,singleFamily,2,373000.0,2025,https://www.zillow.com,https://photos.zillowstatic.com/fp/1a10e4cde04f3d88cf618705bf713450-p_c.jpg,2026-08-31 15:49,For Sale
26824554,6431 Rock Canyon Trl,75232,Dallas,TX,32.670288,-96.839554,234999,123.0,,229900.0,2466.0,4.0,3.0,1916.0,1967.0,0.362,singleFamily,2,331920.0,2025,https://www.zillow.com,https://photos.zillowstatic.com/fp/6d834aaf74de6c8adeb6af35a06cda6b-p_c.jpg,2026-08-31 15:49,For Sale
53390345,509 Elm St APT 503,75202,Dallas,TX,32.779938,-96.807526,239000,283.0,-6000.0,230400.0,1873.0,1.0,1.0,845.0,1930.0,10018.8,condo,116,251840.0,2025,https://www.zillow.com,https://photos.zillowstatic.com/fp/cf35cb8ff9ebd3fc421096ba71feeb82-p_c.jpg,2026-08-31 15:49,For Sale
26906952,1316 Cy Blackburn Cir,75217,Dallas,TX,32.734455,-96.66109,350000,119.0,,,,4.0,3.0,2945.0,1986.0,6272.64,singleFamily,0,412780.0,2025,https://www.zillow.com,https://photos.zillowstatic.com/fp/90ca5920c52474f1be2795f9d94de544-p_c.jpg,2026-08-31 15:49,For Sale
26882367,12333 Ferris Creek Ln,75243,Dallas,TX,32.91544,-96.73156,310000,164.0,,,,3.0,2.0,1895.0,1978.0,0.256,singleFamily,1,374840.0,2025,https://www.zillow.com,https://photos.zillowstatic.com/fp/6d6d8cef3dd6a663f9674aa31ecb772f-p_c.jpg,2026-08-31 15:49,For Sale
26698813,5343 Southern Ave,75209,Dallas,TX,32.836006,-96.820465,2150000,659.0,,2038500.0,6119.0,3.0,4.0,3264.0,1954.0,0.253,singleFamily,6,1934180.0,2025,https://www.zillow.com,https://photos.zillowstatic.com/fp/4a96b4b37f4014aa3409cd5258d71475-p_c.jpg,2026-08-31 15:49,For Sale
26810764,3121 Park Ln #1145,75220,Dallas,TX,32.87637,-96.87357,85000,88.0,-2500.0,,1883.0,2.0,2.0,970.0,1969.0,9.125,townhome,24,135800.0,2025,https://www.zillow.com,https://photos.zillowstatic.com/fp/b7e760e2db8e4b916c2af2247af1b12a-p_c.jpg,2026-08-31 15:49,For Sale
464828923,4619 Worth St #4617,75246,Dallas,TX,32.79639,-96.77033,845000,359.0,,,,4.0,2.0,2352.0,1923.0,6751.8,multiFamily,0,,,https://www.zillow.com,https://photos.zillowstatic.com/fp/069b2424bf3d1d036e902c0e721c010d-p_c.jpg,2026-08-31 15:49,For Sale
26679038,4619 Worth St,75246,Dallas,TX,32.796513,-96.77047,845000,359.0,,805400.0,2242.0,4.0,2.0,2352.0,1923.0,6751.8,singleFamily,0,487060.0,2025,https://www.zillow.com,https://photos.zillowstatic.com/fp/bec73ba81bc2fe21b8e97af6eebf2806-p_c.jpg,2026-08-31 15:49,For Sale
26805388,4110 Shady Hill Dr,75229,Dallas,TX,32.905617,-96.84089,1425000,358.0,,,,6.0,6.0,3984.0,1965.0,0.3761,singleFamily,6,1071670.0,2025,https://www.zillow.com,https://photos.zillowstatic.com/fp/e3685d0bdfae662171e6eb10d9720d76-p_c.jpg,2026-08-31 15:49,For Sale
26719957,2831 Duval Dr,75211,Dallas,TX,32.743595,-96.86665,499000,349.0,,479100.0,2059.0,3.0,1.0,1430.0,1941.0,6795.36,singleFamily,4,335980.0,2025,https://www.zillow.com,https://photos.zillowstatic.com/fp/ccacd808cc9564b1b6d0225d1f39c14d-p_c.jpg,2026-08-31 15:49,For Sale
26759632,5205 Park Ln,75220,Dallas,TX,32.87472,-96.819115,17750000,1566.0,,,,4.0,7.0,11331.0,2000.0,2.3,singleFamily,13,10831260.0,2025,https://www.zillow.com,https://photos.zillowstatic.com/fp/5e79b72d9c8618b14d84ba9fdb4f9ec2-p_c.jpg,2026-08-31 15:49,For Sale
53390066,1412 Santa Elena Plz,75211,Dallas,TX,32.733715,-96.915115,298000,158.0,-11500.0,294700.0,2693.0,4.0,3.0,1886.0,2000.0,6185.52,singleFamily,89,329800.0,2025,https://www.zillow.com,https://photos.zillowstatic.com/fp/f28dcf185c978c70092bbfb0d19bf917-p_c.jpg,2026-08-31 15:49,For Sale
26912414,714 Jalisco Plz,75211,Dallas,TX,32.718307,-96.902885,224995,147.0,-10005.0,221300.0,2253.0,4.0,3.0,1526.0,2001.0,3005.64,singleFamily,127,245910.0,2025,https://www.zillow.com,https://photos.zillowstatic.com/fp/265e49fc37732c5dcee3a45d074e31bb-p_c.jpg,2026-08-31 15:49,For Sale
26717343,1147 N Windomere Ave,75208,Dallas,TX,32.758976,-96.844246,749000,432.0,,673100.0,2890.0,3.0,2.0,1734.0,1937.0,8015.04,singleFamily,2,643220.0,2025,https://www.zillow.com,https://photos.zillowstatic.com/fp/2691951022a47f0bb30c27291bb2667b-p_c.jpg,2026-08-31 15:49,For Sale
26832922,3111 Rutz St,75212,Dallas,TX,32.78001,-96.84512,319900,230.0,-5095.0,315800.0,2308.0,3.0,2.0,1392.0,2013.0,3615.48,singleFamily,50,287270.0,2025,https://www.zillow.com,https://photos.zillowstatic.com/fp/8f47d05a2d5e13f04891326e99d26077-p_c.jpg,2026-08-31 15:49,For Sale
464869564,5104 Philip Ave,75223,Dallas,TX,32.789894,-96.75323,419000,221.0,,,,3.0,3.0,1895.0,2026.0,8755.56,singleFamily,3,,,https://www.zillow.com,https://photos.zillowstatic.com/fp/7e5abdc61da3a1c2a23f80d9ec8581f0-p_c.jpg,2026-08-31 15:49,For Sale
26826282,1729 Boca Chica Dr,75232,Dallas,TX,32.67108,-96.84865,699000,176.0,,695600.0,3586.0,4.0,2.0,3966.0,1958.0,0.393,singleFamily,8,396160.0,2025,https://www.zillow.com,https://photos.zillowstatic.com/fp/df39c399d9cd3d0bf3610a3eb9ce5b9d-p_c.jpg,2026-08-31 15:49,For Sale
26870431,14109 Rocksprings Ct,75254,Dallas,TX,32.939625,-96.80179,2350000,461.0,,2192000.0,5995.0,5.0,6.0,5100.0,1980.0,0.646,singleFamily,11,955000.0,2025,https://www.zillow.com,https://photos.zillowstatic.com/fp/ac584e677696449923f5f538e1b64517-p_c.jpg,2026-08-31 15:49,For Sale
26901772,5750 Phoenix Dr APT 22,75231,Dallas,TX,32.875942,-96.75966,70000,116.0,-5000.0,,1104.0,1.0,1.0,605.0,1981.0,2.007,condo,133,108410.0,2025,https://www.zillow.com,https://photos.zillowstatic.com/fp/08a5036a5eef13d238f3fc173a3f58db-p_c.jpg,2026-08-31 15:49,For Sale
53390352,509 Elm St #604,75202,Dallas,TX,32.779938,-96.807526,700000,278.0,,676100.0,4472.0,4.0,3.0,2522.0,1930.0,10018.8,condo,4,614410.0,2025,https://www.zillow.com,https://photos.zillowstatic.com/fp/be457e6bdb39de14af239a7e7cf6042b-p_c.jpg,2026-08-31 15:49,For Sale
80233370,4446 Thunder Rd,75244,Dallas,TX,32.924732,-96.83252,1175000,369.0,-24000.0,,,4.0,4.0,3186.0,1968.0,0.351,singleFamily,3,893510.0,2025,https://www.zillow.com,https://photos.zillowstatic.com/fp/9779f9de8d2786adf0b4dae089ebbe91-p_c.jpg,2026-08-31 15:49,For Sale
26784662,3230 Rock Bluff Dr,75227,Dallas,TX,32.765625,-96.69388,275000,153.0,-4900.0,,2419.0,3.0,2.0,1800.0,1958.0,9626.76,singleFamily,73,292430.0,2025,https://www.zillow.com,https://photos.zillowstatic.com/fp/0e11ca6511bd82ff27c6a67897d69e96-p_c.jpg,2026-08-31 15:49,For Sale
26706696,6713 Lake Circle Dr,75214,Dallas,TX,32.825207,-96.74542,1649995,344.0,-90000.0,1609300.0,10206.0,5.0,5.0,4800.0,2005.0,8015.04,singleFamily,55,1686660.0,2025,https://www.zillow.com,https://photos.zillowstatic.com/fp/d80e7ef81f99e9322b718b254faebaf1-p_c.jpg,2026-08-31 15:49,For Sale
26877804,3976 Avocado Dr,75241,Dallas,TX,32.66602,-96.74746,124900,111.0,,,1931.0,3.0,2.0,1125.0,1971.0,7013.16,singleFamily,18,185010.0,2025,https://www.zillow.com,https://photos.zillowstatic.com/fp/c183f68745740d50c5036ea7cd2c4692-p_c.jpg,2026-08-31 15:49,For Sale
26814280,6625 Speight St,75232,Dallas,TX,32.66712,-96.82705,194900,102.0,-5000.0,189400.0,2691.0,5.0,3.0,1913.0,1949.0,10236.6,singleFamily,25,133220.0,2025,https://www.zillow.com,https://photos.zillowstatic.com/fp/7ad37d6f718ce268a186c1e448abb6ff-p_c.jpg,2026-08-31 15:49,For Sale
26780119,2824 W Kiest Blvd,75233,Dallas,TX,32.70384,-96.86656,415000,183.0,,400400.0,2602.0,3.0,2.0,2268.0,1961.0,0.271,singleFamily,3,439780.0,2025,https://www.zillow.com,https://photos.zillowstatic.com/fp/2a292e74a52aa62efcfad8a49ad2edb1-p_c.jpg,2026-08-31 15:49,For Sale
26755603,6607 Glendora Ave,75230,Dallas,TX,32.885513,-96.79124,2999999,464.0,,2920800.0,18287.0,5.0,6.0,6471.0,1999.0,0.344,singleFamily,11,2528900.0,2025,https://www.zillow.com,https://photos.zillowstatic.com/fp/f9584340ece8485f6d17613f179f8bba-p_c.jpg,2026-08-31 15:49,For Sale
26706247,6979 Bob O Link Dr,75214,Dallas,TX,32.833046,-96.740166,3200000,593.0,-50000.0,3062600.0,13958.0,5.0,6.0,5399.0,2020.0,9801.0,singleFamily,25,2187880.0,2025,https://www.zillow.com,https://photos.zillowstatic.com/fp/59e3e4ec5b17bfdd05b357a76f1b3faa-p_c.jpg,2026-08-31 15:49,For Sale
26933809,9696 Walnut St APT 505,75243,Dallas,TX,32.922676,-96.72171,65000,72.0,,,1481.0,2.0,2.0,903.0,1981.0,8.304,condo,14,94820.0,2025,https://www.zillow.com,https://photos.zillowstatic.com/fp/2a2e6b7899d3eaf9a9f5e995225119e1-p_c.jpg,2026-08-31 15:49,For Sale
26715598,2404 Maryland Ave,75216,Dallas,TX,32.718815,-96.81294,225000,188.0,-25000.0,,1586.0,2.0,2.0,1200.0,1925.0,7405.2,multiFamily,130,246000.0,2025,https://www.zillow.com,https://photos.zillowstatic.com/fp/6260a1ce53211b0b4d733c02dd60e959-p_c.jpg,2026-08-31 15:49,For Sale
26851448,11616 Wander Ln,75230,Dallas,TX,32.907223,-96.78774,12975000,1377.0,,11770000.0,3188.0,5.0,7.0,9420.0,2011.0,2.4,singleFamily,26,11029010.0,2025,https://www.zillow.com,https://photos.zillowstatic.com/fp/47f174fd46f0e4d6cefdf901b43f419b-p_c.jpg,2026-08-31 15:49,For Sale
26787721,3611 Marsh Lane Pl,75220,Dallas,TX,32.87962,-96.85696,525000,209.0,-50000.0,,,3.0,3.0,2512.0,1953.0,10846.44,singleFamily,145,575000.0,2025,https://www.zillow.com,https://photos.zillowstatic.com/fp/acb7031a247e670b8196f34514758855-p_c.jpg,2026-08-31 15:49,For Sale
26932155,6108 Abrams Rd APT 128,75231,Dallas,TX,32.858376,-96.746574,67500,135.0,,,913.0,1.0,1.0,500.0,2005.0,4.299,condo,0,85210.0,2025,https://www.zillow.com,https://photos.zillowstatic.com/fp/eec89415ac91b1a727e6901002bb802d-p_c.jpg,2026-08-31 15:49,For Sale
464889797,822 Duluth St,75212,Dallas,TX,32.776237,-96.83675,568900,278.0,,,,3.0,3.0,2046.0,2026.0,5000.688,singleFamily,3,,,https://www.zillow.com,https://photos.zillowstatic.com/fp/927ee6a0387efe88542f71840b8b09d6-p_c.jpg,2026-08-31 15:49,For Sale
333140526,5531 Walnut Hill Ln,75229,Dallas,TX,32.88134,-96.81123,14997000,1250.0,-998000.0,13608700.0,44765.0,5.0,9.0,11997.0,2025.0,1.935,singleFamily,175,9628680.0,2025,https://www.zillow.com,https://photos.zillowstatic.com/fp/b66ba1ba3e875d4f7420766b86704a95-p_c.jpg,2026-08-31 15:49,For Sale
26805653,11864 Cold Harbor Ln,75244,Dallas,TX,32.91157,-96.84852,800000,339.0,-25000.0,,,3.0,3.0,2361.0,1963.0,0.33699999999999997,singleFamily,24,517000.0,2025,https://www.zillow.com,https://photos.zillowstatic.com/fp/f830f50d08d27e5dc0fd9f695b4a0d23-p_c.jpg,2026-08-31 15:49,For Sale
26850712,707 Bondstone Dr,75218,Dallas,TX,32.85229,-96.70435,825000,332.0,,799400.0,4866.0,3.0,2.0,2488.0,1962.0,0.302,singleFamily,9,875000.0,2025,https://www.zillow.com,https://photos.zillowstatic.com/fp/39b3d6cf62597d382262141b7dff9981-p_c.jpg,2026-08-31 15:49,For Sale
96514266,1815 Kingsley Dr,75216,Dallas,TX,32.688026,-96.79526,22500,,,,1425.0,,,,,0.622,land,13,112500.0,2025,https://www.zillow.com,https://photos.zillowstatic.com/fp/fec96feb6377826f37e760cc68f5fea7-p_c.jpg,2026-08-31 15:49,For Sale
336884501,7345 Bree Ct,75235,Dallas,TX,32.83099,-96.854004,399000,249.0,,389800.0,2793.0,2.0,3.0,1601.0,2021.0,2918.52,townhome,4,419690.0,2025,https://www.zillow.com,https://photos.zillowstatic.com/fp/a620ba7c6c2a545d0c871b713f9ed80b-p_c.jpg,2026-08-31 15:49,For Sale
80234648,1200 Main St APT 508,75202,Dallas,TX,32.77981,-96.80127,329900,211.0,,325600.0,3440.0,2.0,2.0,1563.0,1974.0,1.033,condo,6,461090.0,2025,https://www.zillow.com,https://photos.zillowstatic.com/fp/b553374f7109572fd58950973ba9fd06-p_c.jpg,2026-08-31 15:49,For Sale
26805952,3923 Weeburn Dr,75229,Dallas,TX,32.90733,-96.847534,1195000,438.0,-55000.0,1161800.0,5222.0,4.0,3.0,2727.0,1964.0,0.367,singleFamily,73,1196530.0,2025,https://www.zillow.com,https://photos.zillowstatic.com/fp/8bbc23a558ee2780f176e9e2e66140e9-p_c.jpg,2026-08-31 15:49,For Sale
26729363,1414 Doyle Ave,75203,Dallas,TX,32.7429,-96.8018,549500,225.0,,,4042.0,4.0,3.0,2440.0,2026.0,5000.688,singleFamily,10,75000.0,2025,https://www.zillow.com,https://photos.zillowstatic.com/fp/668fc20e5857b9eabf759bce32186366-p_c.jpg,2026-08-31 15:49,For Sale
26915218,5916 Wisdom Creek Dr,75249,Dallas,TX,32.651264,-96.97505,424999,177.0,-5000.0,419300.0,3428.0,4.0,3.0,2403.0,1999.0,7884.36,singleFamily,32,353010.0,2025,https://www.zillow.com,https://photos.zillowstatic.com/fp/73f8a6fddeda351b18c9a5e1ca2f4fb5-p_c.jpg,2026-08-31 15:49,For Sale
26929601,7151 Gaston Ave APT 910,75214,Dallas,TX,32.81458,-96.73296,300000,276.0,,300700.0,2363.0,2.0,3.0,1087.0,1983.0,4.488,condo,4,280000.0,2025,https://www.zillow.com,https://photos.zillowstatic.com/fp/0368def589c28b4345a4665bdd822fe5-p_c.jpg,2026-08-31 15:49,For Sale
26878322,6528 Wild Honey Dr,75241,Dallas,TX,32.662975,-96.76114,185000,123.0,,181800.0,1814.0,4.0,2.0,1499.0,1970.0,7230.96,singleFamily,1,276810.0,2025,https://www.zillow.com,https://photos.zillowstatic.com/fp/796ae4a38ffa9535e2175ea958a612a4-p_c.jpg,2026-08-31 15:49,For Sale
26852429,7959 Greenhollow Ln,75240,Dallas,TX,32.938297,-96.770325,400000,178.0,,389600.0,3394.0,4.0,3.0,2241.0,1969.0,10715.76,singleFamily,6,487000.0,2025,https://www.zillow.com,https://photos.zillowstatic.com/fp/21732871f4f4e93e5a5cd923dec55f8d-p_c.jpg,2026-08-31 15:49,For Sale
26751017,6837 Arboreal Dr,75231,Dallas,TX,32.856148,-96.74095,850000,347.0,,821400.0,5333.0,3.0,3.0,2448.0,1970.0,9191.16,singleFamily,11,605080.0,2025,https://www.zillow.com,https://photos.zillowstatic.com/fp/4161908e511e415eb377a0a487e8474d-p_c.jpg,2026-08-31 15:49,For Sale
96509635,406 Bobbie St,75203,Dallas,TX,32.753376,-96.808304,297500,165.0,5000.0,297400.0,2932.0,3.0,3.0,1802.0,2026.0,3963.96,singleFamily,15,76000.0,2025,https://www.zillow.com,https://photos.zillowstatic.com/fp/fc949ea0238e29c14b572e47c43a0297-p_c.jpg,2026-08-31 15:49,For Sale
26863383,14010 Carillon Dr,75240,Dallas,TX,32.938896,-96.77377,1100000,304.0,,1052800.0,5901.0,4.0,3.0,3622.0,1960.0,0.494,singleFamily,1,999350.0,2025,https://www.zillow.com,https://photos.zillowstatic.com/fp/5cfa563a6f01d608819ebe63d9f7dc3c-p_c.jpg,2026-08-31 15:49,For Sale
26887487,11711 Kilkirk Ln,75228,Dallas,TX,32.850937,-96.66278,360000,167.0,,349600.0,2848.0,4.0,2.0,2151.0,1979.0,7579.44,singleFamily,4,319200.0,2025,https://www.zillow.com,https://photos.zillowstatic.com/fp/dbdc51e488d09057947309f51639921b-p_c.jpg,2026-08-31 15:49,For Sale
26718307,2739 Kingston St,75211,Dallas,TX,32.734173,-96.86537,274750,208.0,,273000.0,2030.0,3.0,2.0,1320.0,1926.0,6272.64,singleFamily,11,198260.0,2025,https://www.zillow.com,https://photos.zillowstatic.com/fp/7db6fadd91df51bb1d02ef8bce285cc8-p_c.jpg,2026-08-31 15:49,For Sale
26879919,12326 Cedar Bend Dr,75244,Dallas,TX,32.91707,-96.8547,699000,317.0,,671700.0,3833.0,3.0,2.0,2202.0,1966.0,9888.12,singleFamily,2,602830.0,2025,https://www.zillow.com,https://photos.zillowstatic.com/fp/b6462e3211022d42a4beeaafac991d49-p_c.jpg,2026-08-31 15:49,For Sale
26829094,12277 Montego Plz,75230,Dallas,TX,32.920357,-96.811615,499000,217.0,,,,3.0,3.0,2297.0,1981.0,2439.36,singleFamily,2,518230.0,2025,https://www.zillow.com,https://photos.zillowstatic.com/fp/d405828420eab2a8b2ad5b425a7bbe03-p_c.jpg,2026-08-31 15:49,For Sale
26931516,9811 Walnut St #203,75243,Dallas,TX,32.922836,-96.71392,76000,85.0,-2000.0,,1426.0,2.0,2.0,894.0,1981.0,8.814,condo,114,107280.0,2025,https://www.zillow.com,https://photos.zillowstatic.com/fp/70e0ca790be601ecdcc67ffe06ba2c04-p_c.jpg,2026-08-31 15:49,For Sale
26756773,6038 Azalea Ln,75230,Dallas,TX,32.898075,-96.80236,2750000,514.0,,,,5.0,6.0,5354.0,2003.0,0.425,singleFamily,3,2537160.0,2025,https://www.zillow.com,https://photos.zillowstatic.com/fp/7391266bbe66b40cc29f3059f41b83c1-p_c.jpg,2026-08-31 15:49,For Sale
96530878,5335 Meaders Ln,75229,Dallas,TX,32.88578,-96.81619,10900000,878.0,,10424600.0,7633.0,5.0,9.0,12421.0,2009.0,1.1,singleFamily,12,10863240.0,2025,https://www.zillow.com,https://photos.zillowstatic.com/fp/31b5660190da20778a3cc161bff64703-p_c.jpg,2026-08-31 15:49,For Sale
26730964,6457 Ellsworth Ave,75214,Dallas,TX,32.83385,-96.75039,3799000,752.0,,,,5.0,7.0,5050.0,2026.0,8363.52,singleFamily,4,852600.0,2025,https://www.zillow.com,https://photos.zillowstatic.com/fp/3ef7aa5932a41504ba92277bfe5c2d7a-p_c.jpg,2026-08-31 15:49,For Sale
26727631,311 N Tennant St,75208,Dallas,TX,32.746452,-96.85607,390000,287.0,-9900.0,383600.0,2642.0,3.0,2.0,1359.0,1949.0,6490.44,singleFamily,38,350280.0,2025,https://www.zillow.com,https://photos.zillowstatic.com/fp/632cf1cfd668d84c9312e8f5762e5373-p_c.jpg,2026-08-31 15:49,For Sale
26591203,7001 Rocky Top Cir,75252,Dallas,TX,32.98959,-96.7814,880000,262.0,,,,4.0,4.0,3356.0,1981.0,9583.2,singleFamily,2,905192.0,2025,https://www.zillow.com,https://photos.zillowstatic.com/fp/647e7a7ef792193dbf0a22e381de0921-p_c.jpg,2026-08-31 15:49,For Sale
26789448,10815 Pinocchio Dr,75229,Dallas,TX,32.895576,-96.841675,3695000,661.0,,3532300.0,5603.0,5.0,7.0,5592.0,2026.0,0.365,singleFamily,17,875000.0,2025,https://www.zillow.com,https://photos.zillowstatic.com/fp/bba7831ecdb27190cbbe6fcefede188e-p_c.jpg,2026-08-31 15:49,For Sale
67965250,3225 Turtle Creek Blvd APT 709,75219,Dallas,TX,32.806835,-96.80463,415000,334.0,,,,2.0,2.0,1242.0,1998.0,3.536,condo,4,426000.0,2025,https://www.zillow.com,https://photos.zillowstatic.com/fp/1cf33bf7a4f4fc932ce6d36309fe54af-p_c.jpg,2026-08-31 15:49,For Sale
26766682,2606 Fordham Rd,75216,Dallas,TX,32.7058,-96.783295,325000,173.0,-4000.0,324500.0,2399.0,4.0,3.0,1880.0,2022.0,8842.68,singleFamily,72,336650.0,2025,https://www.zillow.com,https://photos.zillowstatic.com/fp/2701c5dd8615133ba6969349c7485302-p_c.jpg,2026-08-31 15:49,For Sale
96533225,3807 Alsbury St,75216,Dallas,TX,32.718002,-96.76512,235000,159.0,,233000.0,2104.0,3.0,2.0,1481.0,2019.0,7230.96,singleFamily,3,288860.0,2025,https://www.zillow.com,https://photos.zillowstatic.com/fp/25a38858cdf9961dec4fb3c99ab4464b-p_c.jpg,2026-08-31 15:49,For Sale
26756970,10920 Strait Ln,75229,Dallas,TX,32.898327,-96.82428,9750000,870.0,-249999.0,9113400.0,7133.0,6.0,10.0,11211.0,2025.0,0.721,singleFamily,123,9362840.0,2025,https://www.zillow.com,https://photos.zillowstatic.com/fp/20d0cf0eb60450b125fba124e6413651-p_c.jpg,2026-08-31 15:49,For Sale
96526232,6708 Natures Way,75236,Dallas,TX,32.68508,-96.93573,649900,192.0,,633100.0,5215.0,4.0,4.0,3388.0,2011.0,10193.04,singleFamily,24,552250.0,2025,https://www.zillow.com,https://photos.zillowstatic.com/fp/8549b765fb48283d9cb0091959a8c84f-p_c.jpg,2026-08-31 15:49,For Sale
26756269,6730 Tulip Ln,75230,Dallas,TX,32.893375,-96.788734,5295000,742.0,,5029800.0,6534.0,5.0,8.0,7140.0,2026.0,0.375,singleFamily,18,1392610.0,2025,https://www.zillow.com,https://photos.zillowstatic.com/fp/2d81ef8b13fd6de3b20a4d1d077ce144-p_c.jpg,2026-08-31 15:49,For Sale
96531524,2542 Hooper St,75215,Dallas,TX,32.748463,-96.751755,305000,179.0,,303700.0,3164.0,3.0,3.0,1707.0,2026.0,3746.16,singleFamily,16,37530.0,2025,https://www.zillow.com,https://photos.zillowstatic.com/fp/4159882a590cc4595369d7bd8802bb20-p_c.jpg,2026-08-31 15:49,For Sale
26848461,13828 Hillcrest Rd,75240,Dallas,TX,32.935802,-96.785645,849000,330.0,,,,4.0,3.0,2571.0,1961.0,1.009,singleFamily,16,789750.0,2025,https://www.zillow.com,https://photos.zillowstatic.com/fp/e2ac85f82e3849bfb9f0983c07869c3f-p_c.jpg,2026-08-31 15:49,For Sale
162404766,8001 Rothington Rd APT 21-27,75227,Dallas,TX,32.782516,-96.68679,515000,104.0,,501100.0,1214.0,8.0,12.0,4960.0,1983.0,10018.8,multiFamily,23,560000.0,2025,https://www.zillow.com,https://photos.zillowstatic.com/fp/f44b6e64a6dc369de45cf339dbb12aa2-p_c.jpg,2026-08-31 15:49,For Sale
26867856,9105 Kingsley Creek Cir,75231,Dallas,TX,32.88199,-96.73603,1195000,474.0,-55000.0,,,4.0,3.0,2520.0,1979.0,0.28800000000000003,singleFamily,32,654010.0,2025,https://www.zillow.com,https://photos.zillowstatic.com/fp/b2f13bf88337bcfabc3409bfcb5db211-p_c.jpg,2026-08-31 15:49,For Sale
26931588,9817 Walnut St #107,75243,Dallas,TX,32.922836,-96.71392,90000,113.0,,75500.0,1160.0,2.0,1.0,794.0,2007.0,8.814,condo,0,107190.0,2025,https://www.zillow.com,https://photos.zillowstatic.com/fp/88c48338924e628fa5e2b575fad3e465-p_c.jpg,2026-08-31 15:49,For Sale
96514510,3923 Metropolitan Ave,75210,Dallas,TX,32.77355,-96.75172,155000,128.0,,152300.0,1819.0,3.0,2.0,1210.0,2019.0,6621.12,singleFamily,6,252260.0,2025,https://www.zillow.com,https://photos.zillowstatic.com/fp/980b7e89b82aa35e2b40d7dc34ec2799-p_c.jpg,2026-08-31 15:49,For Sale
96511232,3023 Mallory Dr,75216,Dallas,TX,32.706535,-96.76601,449999,195.0,,,1430.0,4.0,4.0,2305.0,2026.0,0.32,singleFamily,2,65000.0,2025,https://www.zillow.com,https://photos.zillowstatic.com/fp/ad271ffefc2e146a1a5cec53d2a9b1b3-p_c.jpg,2026-08-31 15:49,For Sale
26809359,3311 Whitehall Dr,75229,Dallas,TX,32.901222,-96.86548,1995000,384.0,,1927100.0,5198.0,5.0,7.0,5194.0,2026.0,10802.88,singleFamily,26,534340.0,2025,https://www.zillow.com,https://photos.zillowstatic.com/fp/62e72b8e4b19a2acf3f38db5b82d1553-p_c.jpg,2026-08-31 15:49,For Sale
26683168,4017 Buena Vista St Unit 103,75204,Dallas,TX,32.81392,-96.79699,415000,343.0,,398900.0,2667.0,2.0,3.0,1210.0,1980.0,0.5972999999999999,condo,5,408000.0,2025,https://www.zillow.com,https://photos.zillowstatic.com/fp/af510e3e25855931e4fd3b7e41f2debd-p_c.jpg,2026-08-31 15:49,For Sale
26873284,7240 Whispering Pines Dr,75248,Dallas,TX,32.967693,-96.78254,849990,339.0,,817100.0,6074.0,4.0,3.0,2508.0,1971.0,8799.12,singleFamily,3,560480.0,2025,https://www.zillow.com,https://photos.zillowstatic.com/fp/30c5790a6b2a428a9043eeac81ee7215-p_c.jpg,2026-08-31 15:49,For Sale
26701757,6671 Gaston Ave,75214,Dallas,TX,32.8168,-96.74712,2750000,619.0,,2600600.0,7983.0,4.0,4.0,4446.0,1952.0,0.47600000000000003,singleFamily,46,2124880.0,2025,https://www.zillow.com,https://photos.zillowstatic.com/fp/6283544640adf538c6465d68e3f61db1-p_c.jpg,2026-08-31 15:49,For Sale
26872825,6015 Blue Bay Dr,75248,Dallas,TX,32.97433,-96.80337,535000,209.0,,518100.0,4156.0,3.0,3.0,2559.0,1978.0,7535.88,singleFamily,3,557330.0,2025,https://www.zillow.com,https://photos.zillowstatic.com/fp/4ecb3b3c6466b2a9e8542559183f1902-p_c.jpg,2026-08-31 15:49,For Sale
26754280,6405 Del Norte Ln,75225,Dallas,TX,32.86892,-96.79496,1225000,445.0,,1181900.0,5910.0,3.0,3.0,2755.0,2008.0,3397.68,singleFamily,20,1198160.0,2025,https://www.zillow.com,https://photos.zillowstatic.com/fp/56b1e8d2fe03672eb22b0bf9bf8ea23a-p_c.jpg,2026-08-31 15:49,For Sale
26757998,5216 Palomar Ln,75229,Dallas,TX,32.889263,-96.81688,9250000,979.0,-700000.0,8543000.0,37480.0,6.0,9.0,9446.0,2022.0,1.13,singleFamily,48,6218000.0,2025,https://www.zillow.com,https://photos.zillowstatic.com/fp/f0ac659860e743efb2feecb2dcf7d9c7-p_c.jpg,2026-08-31 15:49,For Sale
26871800,14909 Hillcrest Rd,75248,Dallas,TX,32.95178,-96.78589,699000,262.0,-75000.0,676600.0,4502.0,4.0,4.0,2673.0,1969.0,0.27599999999999997,singleFamily,3,732310.0,2025,https://www.zillow.com,https://photos.zillowstatic.com/fp/ba416d5e6b51279faf718b354b5b64a4-p_c.jpg,2026-08-31 15:49,For Sale
26812625,2909 Silverton Dr,75229,Dallas,TX,32.89979,-96.8809,355000,239.0,-19000.0,348700.0,2541.0,3.0,2.0,1488.0,1959.0,8102.16,singleFamily,68,365700.0,2025,https://www.zillow.com,https://photos.zillowstatic.com/fp/ff6e0f9f4ea0b0f4d588e2e04d790d58-p_c.jpg,2026-08-31 15:49,For Sale
26760464,5807 Glen Falls Ln,75209,Dallas,TX,32.86401,-96.81352,9495000,1041.0,-130000.0,8916300.0,7586.0,5.0,8.0,9118.0,2026.0,0.514,singleFamily,72,2015100.0,2025,https://www.zillow.com,https://photos.zillowstatic.com/fp/bb7da9088016786ee4b772862254593b-p_c.jpg,2026-08-31 15:49,For Sale
26767111,2319 Kathleen Ave,75216,Dallas,TX,32.705616,-96.790436,105000,116.0,-5000.0,,1580.0,3.0,1.0,904.0,1948.0,5924.16,singleFamily,128,167190.0,2025,https://www.zillow.com,https://photos.zillowstatic.com/fp/1ed857364c42c34f4a417389badd9ba8-p_c.jpg,2026-08-31 15:49,For Sale
84002620,6043 Meadow Rd,75230,Dallas,TX,32.88656,-96.80206,3900000,602.0,,3683000.0,18797.0,5.0,6.0,6482.0,2008.0,0.336,singleFamily,3,3366990.0,2025,https://www.zillow.com,https://photos.zillowstatic.com/fp/cb8acc98b74942619ba78bfb01662dd1-p_c.jpg,2026-08-31 15:49,For Sale
26731796,3804 Mount Washington St,75211,Dallas,TX,32.743233,-96.88091,225000,158.0,,223500.0,2106.0,3.0,1.0,1420.0,1951.0,0.263,singleFamily,4,276880.0,2025,https://www.zillow.com,https://photos.zillowstatic.com/fp/b786e85c8f35f5599a6d6ccfa80bdd73-p_c.jpg,2026-08-31 15:49,For Sale
55827310,2011 Cedar Springs Rd APT 603,75201,Dallas,TX,32.791115,-96.80551,1595000,689.0,,1485200.0,7201.0,2.0,2.0,2316.0,1999.0,0.981,condo,6,1030620.0,2025,https://www.zillow.com,https://photos.zillowstatic.com/fp/90625343dafb4f532bbc3a9dd57e6066-p_c.jpg,2026-08-31 15:49,For Sale
26748687,6214 Glennox Ln,75214,Dallas,TX,32.84994,-96.75703,1250000,393.0,-25000.0,,,4.0,3.0,3177.0,1970.0,7797.24,singleFamily,46,836100.0,2025,https://www.zillow.com,https://photos.zillowstatic.com/fp/81680869b2e781bf08f53ea3790044b3-p_c.jpg,2026-08-31 15:49,For Sale
26755175,6031 Lupton Dr,75225,Dallas,TX,32.877293,-96.80259,5999000,856.0,-101000.0,5679300.0,7191.0,5.0,7.0,7009.0,2025.0,0.43199999999999994,singleFamily,156,2570190.0,2025,https://www.zillow.com,https://photos.zillowstatic.com/fp/48b0e44cb83164412f7f80ee793fdfab-p_c.jpg,2026-08-31 15:49,For Sale
26691864,2215 Madera St,75206,Dallas,TX,32.814247,-96.77663,1495000,546.0,,1434500.0,7834.0,3.0,3.0,2738.0,2016.0,7501.032,singleFamily,23,1124380.0,2025,https://www.zillow.com,https://photos.zillowstatic.com/fp/d4c371a21c492c14f11933cb564d4b76-p_c.jpg,2026-08-31 15:49,For Sale
96514370,2418 Merlin St,75215,Dallas,TX,32.77463,-96.77442,299900,180.0,14900.0,298300.0,2457.0,3.0,3.0,1669.0,2025.0,,singleFamily,409,90000.0,2025,https://www.zillow.com,https://photos.zillowstatic.com/fp/91b90021b7264137b0710455580e2b4f-p_c.jpg,2026-08-31 15:49,For Sale
442933076,6615 Meadow Rd,75230,Dallas,TX,32.88651,-96.79076,2950000,459.0,-49999.0,2752800.0,,5.0,7.0,6421.0,1999.0,0.344,singleFamily,166,2455880.0,2025,https://www.zillow.com,https://photos.zillowstatic.com/fp/0985eac8b18a987f661fc3f3080f6764-p_c.jpg,2026-08-31 15:49,For Sale
26689012,5314 Swiss Ave,75214,Dallas,TX,32.804806,-96.76565,2599000,420.0,,,,4.0,6.0,6187.0,1916.0,0.444,singleFamily,9,2240000.0,2025,https://www.zillow.com,https://photos.zillowstatic.com/fp/7084d1b6e816f6712e5d7bc0da53506d-p_c.jpg,2026-08-31 15:49,For Sale
26693697,2515 Abrams Rd,75214,Dallas,TX,32.820625,-96.753235,625000,365.0,,597900.0,4231.0,3.0,2.0,1714.0,1914.0,7492.32,singleFamily,14,441840.0,2025,https://www.zillow.com,https://photos.zillowstatic.com/fp/02a4298b316d67cd9a36a8be05d32118-p_c.jpg,2026-08-31 15:49,For Sale
26690193,5818 Vickery Blvd,75206,Dallas,TX,32.8227,-96.76711,799000,472.0,-31000.0,785600.0,3368.0,3.0,3.0,1694.0,1930.0,7013.16,singleFamily,39,740840.0,2025,https://www.zillow.com,https://photos.zillowstatic.com/fp/a0beaf8c65db81227e15de3916e713f7-p_c.jpg,2026-08-31 15:49,For Sale
26759822,5548 Falls Rd,75220,Dallas,TX,32.876656,-96.8118,3195000,623.0,,,,5.0,6.0,5128.0,1984.0,0.634,singleFamily,9,1455000.0,2025,https://www.zillow.com,https://photos.zillowstatic.com/fp/f0791af41e64609d7ee0e33ff69562a1-p_c.jpg,2026-08-31 15:49,For Sale
26757711,5924 Norway Rd,75230,Dallas,TX,32.88841,-96.805244,2850000,619.0,,,,4.0,5.0,4606.0,2003.0,0.363,singleFamily,5,2031260.0,2025,https://www.zillow.com,https://photos.zillowstatic.com/fp/c95856b13f117e9586d055e94d475180-p_c.jpg,2026-08-31 15:49,For Sale
26706213,6625 Bob O Link Dr,75214,Dallas,TX,32.831596,-96.745895,2799000,683.0,-76000.0,,,4.0,3.0,4098.0,1949.0,0.335,singleFamily,53,1900230.0,2025,https://www.zillow.com,https://photos.zillowstatic.com/fp/5df7519a31cdb0116a65f83fc6d1f5c8-p_c.jpg,2026-08-31 15:49,For Sale
26732500,2217 52nd St,75216,Dallas,TX,32.69081,-96.78857,234500,137.0,-10000.0,,1976.0,3.0,2.0,1712.0,1960.0,8232.84,singleFamily,83,234420.0,2025,https://www.zillow.com,https://photos.zillowstatic.com/fp/bab4aed9ac9dd51aa0a1798f7380b796-p_c.jpg,2026-08-31 15:49,For Sale
26588508,4212 Joshua Ln,75287,Dallas,TX,32.99952,-96.83774,565000,221.0,-10000.0,557800.0,3677.0,4.0,3.0,2551.0,1981.0,8712.0,singleFamily,95,491420.0,2025,https://www.zillow.com,https://photos.zillowstatic.com/fp/1ebfeb6a5ff5587357fb8301d0bdd990-p_c.jpg,2026-08-31 15:49,For Sale
26717988,1022 N Montclair Ave,75208,Dallas,TX,32.757385,-96.84629,2500000,536.0,,2362800.0,7248.0,5.0,5.0,4665.0,1935.0,0.328,singleFamily,23,1159220.0,2025,https://www.zillow.com,https://photos.zillowstatic.com/fp/d79663b30037fe2a9fd1b404f3cd1f86-p_c.jpg,2026-08-31 15:49,For Sale
26887386,16834 Mossy Oak Dr,75248,Dallas,TX,32.980415,-96.78011,2299000,431.0,,2207700.0,6435.0,6.0,8.0,5328.0,2026.0,9147.6,singleFamily,31,675000.0,2025,https://www.zillow.com,https://photos.zillowstatic.com/fp/731009185f3583c9132a0832866e0951-p_c.jpg,2026-08-31 15:49,For Sale
26729090,2409 W Amherst Ave,75235,Dallas,TX,32.83943,-96.85991,199900,167.0,,,,3.0,2.0,1200.0,1940.0,7623.0,singleFamily,5,307200.0,2025,https://www.zillow.com,https://photos.zillowstatic.com/fp/5cfe27856c37bce65f9b2ae519de1485-p_c.jpg,2026-08-31 15:49,For Sale
26859021,10856 Carissa Dr,75218,Dallas,TX,32.861362,-96.69786,400000,181.0,,,,4.0,3.0,2214.0,1970.0,10585.08,singleFamily,10,522770.0,2025,https://www.zillow.com,https://photos.zillowstatic.com/fp/cfaa8125ae5be466dfa7f22477aa832d-p_c.jpg,2026-08-31 15:49,For Sale
26877194,17020 Club Hill Dr,75248,Dallas,TX,32.981743,-96.81799,2695000,489.0,,2509400.0,7990.0,5.0,6.0,5506.0,1978.0,0.373,singleFamily,2,2000590.0,2025,https://www.zillow.com,https://photos.zillowstatic.com/fp/9b69ba3cd48ee51c4283bfd0d7201636-p_c.jpg,2026-08-31 15:49,For Sale
26844596,2506 Gross Rd,75228,Dallas,TX,32.813946,-96.673035,499900,172.0,-60100.0,494200.0,3694.0,5.0,4.0,2900.0,2026.0,9757.44,singleFamily,87,229740.0,2025,https://www.zillow.com,https://photos.zillowstatic.com/fp/4daa8d36c980689eb1f33c910e84db1a-p_c.jpg,2026-08-31 15:49,For Sale
26879828,3543 Ridgebriar Dr,75234,Dallas,TX,32.915077,-96.85929,365000,166.0,,359500.0,2842.0,4.0,2.0,2205.0,1962.0,7579.44,singleFamily,87,329140.0,2025,https://www.zillow.com,https://photos.zillowstatic.com/fp/310debec9fb56c24b49bda0a5bf5b0dd-p_c.jpg,2026-08-31 15:49,For Sale
80503595,4228 N Hall St,75219,Dallas,TX,32.81495,-96.81289,1750000,465.0,,,,4.0,4.0,3764.0,1927.0,0.256,singleFamily,3,1056290.0,2025,https://www.zillow.com,https://photos.zillowstatic.com/fp/68b4ace760ec12ea337efde22f685316-p_c.jpg,2026-08-31 15:49,For Sale
26733671,5414 W University Blvd,75209,Dallas,TX,32.84496,-96.81834,1749000,672.0,,,,3.0,3.0,2602.0,1951.0,0.277,singleFamily,37,1330000.0,2025,https://www.zillow.com,https://photos.zillowstatic.com/fp/430ea2b68febf2d21d0cfe94e317755f-p_c.jpg,2026-08-31 15:49,For Sale
26732706,6454 Sondra Dr,75214,Dallas,TX,32.82639,-96.7507,4195000,668.0,-100000.0,4060600.0,4872.0,5.0,7.0,6283.0,2026.0,0.312,singleFamily,30,1089290.0,2025,https://www.zillow.com,https://photos.zillowstatic.com/fp/971beb516a2c3e579bedbe9fa7054d5b-p_c.jpg,2026-08-31 15:49,For Sale
69677337,4130 Newton Ave APT F,75219,Dallas,TX,32.81827,-96.80567,199999,166.0,-29001.0,194700.0,2574.0,1.0,2.0,1208.0,1974.0,9191.16,condo,106,320120.0,2025,https://www.zillow.com,https://photos.zillowstatic.com/fp/c40a6de5799a1cafea5a255068e0d553-p_c.jpg,2026-08-31 15:49,For Sale
26630261,5720 Moss Creek Trl,75252,Dallas,TX,33.008812,-96.81058,925000,254.0,,,,4.0,3.0,3645.0,1987.0,9583.2,singleFamily,11,780870.0,2025,https://www.zillow.com,https://photos.zillowstatic.com/fp/f25ec6f202a70129d72a4a646be79879-p_c.jpg,2026-08-31 15:49,For Sale
464797912,1650/1652 Hudspeth Ave,75216,Dallas,TX,32.701553,-96.79983,675000,164.0,,,,10.0,8.0,4112.0,2024.0,8973.36,multiFamily,6,,,https://www.zillow.com,https://photos.zillowstatic.com/fp/d7c91be5b635889a94a8ad86247287ae-p_c.jpg,2026-08-31 15:49,For Sale
26876712,16525 Preston Trail Dr,75248,Dallas,TX,32.976166,-96.80783,4900000,512.0,,4941200.0,5713.0,6.0,6.0,9570.0,1996.0,1.248,singleFamily,0,5444020.0,2025,https://www.zillow.com,https://photos.zillowstatic.com/fp/04122a6e6a2660fc3fa1ce2da161eb34-p_c.jpg,2026-08-31 15:49,For Sale
60346601,13329 Southview Ln,75240,Dallas,TX,32.929558,-96.76768,275000,170.0,,,,3.0,2.0,1618.0,1968.0,4878.72,singleFamily,118,242430.0,2025,https://www.zillow.com,https://photos.zillowstatic.com/fp/d3f6a62f58a643135991119e237adf46-p_c.jpg,2026-08-31 15:49,For Sale
26911125,42 Masland Cir,75230,Dallas,TX,32.919224,-96.78869,1490000,360.0,,1436000.0,7838.0,3.0,4.0,4136.0,1993.0,8973.36,singleFamily,3,1110140.0,2025,https://www.zillow.com,https://photos.zillowstatic.com/fp/4167ba3a95f1dae8473958a42fe88048-p_c.jpg,2026-08-31 15:49,For Sale
55826243,3524 Cedarplaza Ln,75209,Dallas,TX,32.82627,-96.82093,500000,234.0,,,,3.0,3.0,2134.0,2000.0,2352.24,townhome,18,430770.0,2025,https://www.zillow.com,https://photos.zillowstatic.com/fp/460541bcbde882359e6c760361d22131-p_c.jpg,2026-08-31 15:49,For Sale
26889934,16106 Shadybank Dr,75248,Dallas,TX,32.972324,-96.79664,995000,327.0,,,,4.0,3.0,3040.0,1981.0,9060.48,singleFamily,8,1038910.0,2025,https://www.zillow.com,https://photos.zillowstatic.com/fp/03a92cda74687feef18225a97a306487-p_c.jpg,2026-08-31 15:49,For Sale
26681449,2623 Pennsylvania Ave,75215,Dallas,TX,32.766457,-96.76856,419900,175.0,,416800.0,3173.0,4.0,4.0,2399.0,2021.0,6054.84,singleFamily,4,463280.0,2025,https://www.zillow.com,https://photos.zillowstatic.com/fp/fe89417f78032f64e40f542f3b2532ad-p_c.jpg,2026-08-31 15:49,For Sale
26680077,4129 Bowser Ave,75219,Dallas,TX,32.816257,-96.80915,708000,179.0,-38900.0,,,3.0,3.0,3956.0,1927.0,6141.96,singleFamily,94,1039410.0,2025,https://www.zillow.com,https://photos.zillowstatic.com/fp/58aaeebd5318249c8317fa1e5fe51600-p_c.jpg,2026-08-31 15:49,For Sale
26586072,4208 Bretton Bay Cir,75287,Dallas,TX,32.99047,-96.83813,699995,188.0,-8005.0,686100.0,6206.0,5.0,5.0,3731.0,1978.0,0.29,singleFamily,130,854163.0,2025,https://www.zillow.com,https://photos.zillowstatic.com/fp/0d1b05968138dd2efb376093cef5f2a7-p_c.jpg,2026-08-31 15:49,For Sale
26836118,4023 Abilene St,75212,Dallas,TX,32.79081,-96.90063,499999,203.0,,495200.0,3181.0,4.0,3.0,2462.0,2022.0,7405.2,singleFamily,4,464740.0,2025,https://www.zillow.com,https://photos.zillowstatic.com/fp/1cb8e2e7eb8fcf12cf292f8b03ca84cf-p_c.jpg,2026-08-31 15:49,For Sale
26702483,6335 Vanderbilt Ave,75214,Dallas,TX,32.824776,-96.75455,1200000,516.0,,1151800.0,6043.0,3.0,3.0,2324.0,2008.0,0.252,singleFamily,7,1277710.0,2025,https://www.zillow.com,https://photos.zillowstatic.com/fp/378c211dc526a867347f65db97e1cdd3-p_c.jpg,2026-08-31 15:49,For Sale
462087845,5320 Reiger Ave #104,75214,Dallas,TX,32.799812,-96.75968,384900,267.0,,379700.0,3013.0,2.0,3.0,1442.0,2025.0,0.265,condo,2,,,https://www.zillow.com,https://photos.zillowstatic.com/fp/02d2febb3bf81628940640ce622278cb-p_c.jpg,2026-08-31 15:49,For Sale
26752893,7210 Meadow Rd,75230,Dallas,TX,32.88698,-96.78103,995000,295.0,-50000.0,969500.0,6684.0,4.0,4.0,3377.0,1969.0,0.298,singleFamily,46,895000.0,2025,https://www.zillow.com,https://photos.zillowstatic.com/fp/c4a6281b0c3a3823c911eac380a69e04-p_c.jpg,2026-08-31 15:49,For Sale
69677349,4611 Travis St APT 1100,75205,Dallas,TX,32.824383,-96.79024,1000000,1046.0,,953400.0,2320.0,1.0,1.0,956.0,2000.0,0.618,condo,3,500000.0,2025,https://www.zillow.com,https://photos.zillowstatic.com/fp/b9256cc16c062c04d7f216b96630dedf-p_c.jpg,2026-08-31 15:49,For Sale
26722086,719 N Barnett Ave,75211,Dallas,TX,32.75116,-96.871735,330000,217.0,,290700.0,1989.0,3.0,2.0,1518.0,1945.0,9278.28,singleFamily,2,240640.0,2025,https://www.zillow.com,https://photos.zillowstatic.com/fp/53cd0622e5447ee90e6023b426deb69c-p_c.jpg,2026-08-31 15:49,For Sale
26698911,3739 N Versailles Ave,75209,Dallas,TX,32.83079,-96.8217,3295000,629.0,,3055200.0,8790.0,5.0,6.0,5242.0,1992.0,8886.24,singleFamily,44,1870470.0,2025,https://www.zillow.com,https://photos.zillowstatic.com/fp/a499cb6ba881eb0d543f2fa183a89704-p_c.jpg,2026-08-31 15:49,For Sale
26852644,8709 Forest Green Dr,75243,Dallas,TX,32.908855,-96.75277,385000,183.0,-15000.0,376600.0,2586.0,3.0,3.0,2103.0,1974.0,8755.56,singleFamily,72,360680.0,2025,https://www.zillow.com,https://photos.zillowstatic.com/fp/cfad2c479fa9378dc17fb3005555f701-p_c.jpg,2026-08-31 15:49,For Sale
26848568,13216 Hillcrest Rd,75240,Dallas,TX,32.92971,-96.785706,1170000,264.0,-50000.0,1090800.0,7285.0,7.0,7.0,4425.0,1981.0,0.5670000000000001,singleFamily,123,955730.0,2025,https://www.zillow.com,https://photos.zillowstatic.com/fp/6b569e1e7e422c4c74e18510d6847dc6-p_c.jpg,2026-08-31 15:49,For Sale
26689227,6122 Bryan Pkwy,75206,Dallas,TX,32.810043,-96.761925,1250000,346.0,,1204500.0,6783.0,4.0,3.0,3617.0,1999.0,6621.12,singleFamily,52,975090.0,2025,https://www.zillow.com,https://photos.zillowstatic.com/fp/a777eccb9d98f34337980c2f7ea3d3dc-p_c.jpg,2026-08-31 15:49,For Sale
26874725,7881 La Cabeza Dr,75248,Dallas,TX,32.971146,-96.76922,700000,330.0,-24999.0,689200.0,3248.0,4.0,2.0,2123.0,1968.0,0.338,singleFamily,114,457990.0,2025,https://www.zillow.com,https://photos.zillowstatic.com/fp/5032e60e0b7156ff475ebc359c22879f-p_c.jpg,2026-08-31 15:49,For Sale
26874316,7617 La Risa Dr,75248,Dallas,TX,32.96283,-96.77692,715000,325.0,,689500.0,3290.0,3.0,3.0,2197.0,1966.0,9408.96,singleFamily,10,544000.0,2025,https://www.zillow.com,https://photos.zillowstatic.com/fp/e6177830bfdef2564e41194677ed00f9-p_c.jpg,2026-08-31 15:49,For Sale
26890890,17209 Graystone Dr,75248,Dallas,TX,32.98536,-96.78063,1335000,335.0,,1286700.0,6720.0,4.0,4.0,3986.0,1978.0,0.323,singleFamily,10,1000580.0,2025,https://www.zillow.com,https://photos.zillowstatic.com/fp/6f69164f8dadabcab73c4e61cc4d733f-p_c.jpg,2026-08-31 15:49,For Sale
67962082,3164 Saint Dominic Cir,75233,Dallas,TX,32.709225,-96.87288,284900,145.0,-10000.0,,,4.0,3.0,1960.0,2004.0,8058.6,singleFamily,75,298530.0,2025,https://www.zillow.com,https://photos.zillowstatic.com/fp/108cfe79fb06d993b35985bd04a6d586-p_c.jpg,2026-08-31 15:49,For Sale
2061214671,2212 Lea Crest Dr,75216,Dallas,TX,32.707874,-96.79388,165000,137.0,,,,3.0,2.0,1208.0,1947.0,7230.96,singleFamily,4,,,https://www.zillow.com,https://photos.zillowstatic.com/fp/0df1467aceb803fcacae05c990c08894-p_c.jpg,2026-08-31 15:49,For Sale
26815675,441 Goldwood Dr,75232,Dallas,TX,32.65707,-96.82866,194000,70.0,,,,6.0,3.0,2752.0,1956.0,8145.72,singleFamily,10,359480.0,2025,https://www.zillow.com,https://photos.zillowstatic.com/fp/018152160b454f8faffbd56a9e326be7-p_c.jpg,2026-08-31 15:49,For Sale
26789050,3963 Rochelle Dr,75220,Dallas,TX,32.874653,-96.84847,2295000,461.0,-40000.0,2193200.0,6279.0,5.0,5.0,4981.0,2024.0,8232.84,singleFamily,11,1784940.0,2025,https://www.zillow.com,https://photos.zillowstatic.com/fp/a41ae67c058d7046fea527336bd5f009-p_c.jpg,2026-08-31 15:49,For Sale
26888525,9918 Chimney Hill Ln,75243,Dallas,TX,32.915737,-96.72725,525000,195.0,,435900.0,2700.0,4.0,3.0,2696.0,1979.0,8799.12,singleFamily,2,453140.0,2025,https://www.zillow.com,https://photos.zillowstatic.com/fp/56d29f4fe59f802f6daee11d7015a9ff-p_c.jpg,2026-08-31 15:49,For Sale
83995110,9131 Cochran Bluff Ln,75220,Dallas,TX,32.863655,-96.84159,749000,210.0,-50000.0,744300.0,6477.0,4.0,4.0,3561.0,2007.0,6089.688,singleFamily,122,1001910.0,2025,https://www.zillow.com,https://photos.zillowstatic.com/fp/f56847586aebb653b9cefaa56e856053-p_c.jpg,2026-08-31 15:49,For Sale
26903405,9022 Villa Park Cir,75225,Dallas,TX,32.872677,-96.77756,497000,296.0,,,,3.0,2.0,1678.0,1966.0,5183.64,singleFamily,59,361360.0,2025,https://www.zillow.com,https://photos.zillowstatic.com/fp/c4674fb1f5ba550a9cf9cd5d43af343f-p_c.jpg,2026-08-31 15:49,For Sale
26739624,8610 Angora St,75218,Dallas,TX,32.82252,-96.7134,1445000,441.0,-44000.0,,,4.0,4.0,3277.0,2021.0,7971.48,singleFamily,25,1235000.0,2025,https://www.zillow.com,https://photos.zillowstatic.com/fp/c6668315c4ec2dd12ecf26a26be28b4a-p_c.jpg,2026-08-31 15:49,For Sale
26886903,8721 Flint Falls Dr,75243,Dallas,TX,32.897724,-96.73853,609990,279.0,,602600.0,3271.0,4.0,3.0,2189.0,1976.0,9060.48,singleFamily,13,658060.0,2025,https://www.zillow.com,https://photos.zillowstatic.com/fp/453834f99af160e00f176f71fe02cd72-p_c.jpg,2026-08-31 15:49,For Sale
26871802,14918 Vistaridge Dr,75248,Dallas,TX,32.95187,-96.786476,850000,244.0,,,,4.0,4.0,3482.0,1969.0,0.3,singleFamily,3,858830.0,2025,https://www.zillow.com,https://photos.zillowstatic.com/fp/56178f54c41950d2607916aee29e2e3f-p_c.jpg,2026-08-31 15:49,For Sale
26888821,6204 La Cosa Dr,75248,Dallas,TX,32.959408,-96.799706,650000,298.0,,,,3.0,3.0,2179.0,1981.0,7971.48,singleFamily,4,557860.0,2025,https://www.zillow.com,https://photos.zillowstatic.com/fp/b04344b9e71348524b40dc8674b98565-p_c.jpg,2026-08-31 15:49,For Sale
304024091,8226 Natchez Trl,75252,Dallas,TX,32.990143,-96.75976,559000,224.0,,546400.0,3985.0,4.0,4.0,2499.0,2020.0,3659.04,singleFamily,9,619000.0,2025,https://www.zillow.com,https://photos.zillowstatic.com/fp/e829c666a1cd011c024b8b325ccd2a84-p_c.jpg,2026-08-31 15:49,For Sale
26778007,3275 S Edgefield Ave,75224,Dallas,TX,32.70868,-96.84406,235000,99.0,,218300.0,3159.0,4.0,3.0,2370.0,1954.0,0.257,singleFamily,38,282510.0,2025,https://www.zillow.com,https://photos.zillowstatic.com/fp/2ec335359c7a72542eab68c491f017b2-p_c.jpg,2026-08-31 15:49,For Sale
26888826,6226 La Cosa Dr,75248,Dallas,TX,32.959396,-96.79859,649900,247.0,,632100.0,3616.0,4.0,3.0,2636.0,1979.0,8058.6,singleFamily,23,610420.0,2025,https://www.zillow.com,https://photos.zillowstatic.com/fp/c20781100436739d021d4f6e5eb1ce74-p_c.jpg,2026-08-31 15:49,For Sale
26758119,4700 Dorset Rd,75229,Dallas,TX,32.883846,-96.82762,9450000,719.0,-547000.0,8397800.0,7483.0,5.0,8.0,13151.0,1951.0,1.187,singleFamily,208,6546810.0,2025,https://www.zillow.com,https://photos.zillowstatic.com/fp/286151bdb61010284183c163c85e2c3c-p_c.jpg,2026-08-31 15:49,For Sale
26849716,6959 Helsem Way #139,75230,Dallas,TX,32.92001,-96.78387,579000,228.0,-10000.0,561900.0,4715.0,3.0,3.0,2534.0,1974.0,17.424,singleFamily,4,538390.0,2025,https://www.zillow.com,https://photos.zillowstatic.com/fp/82181d6a62a95bc8a3364f82153c18d7-p_c.jpg,2026-08-31 15:49,For Sale
53071135,6515 Genstar Ln,75252,Dallas,TX,33.00276,-96.79092,984500,387.0,-5500.0,954300.0,3891.0,4.0,3.0,2546.0,1983.0,7840.8,singleFamily,12,522016.0,2025,https://www.zillow.com,https://photos.zillowstatic.com/fp/8f4d74fd504e6c0247c64b2772a24f06-p_c.jpg,2026-08-31 15:49,For Sale
26786613,603 Brookhurst Dr,75218,Dallas,TX,32.85121,-96.710045,1399000,361.0,,1367100.0,3325.0,4.0,4.0,3878.0,2026.0,7440.048,singleFamily,9,396070.0,2025,https://www.zillow.com,https://photos.zillowstatic.com/fp/6bc539240da134d8eae6526a4b22fcde-p_c.jpg,2026-08-31 15:49,For Sale
26812472,2945 Allister St,75229,Dallas,TX,32.908005,-96.87669,276500,227.0,,266400.0,2218.0,2.0,2.0,1218.0,1983.0,4486.68,singleFamily,17,267000.0,2025,https://www.zillow.com,https://photos.zillowstatic.com/fp/f2340e39145c614a8449c4c81f0e644e-p_c.jpg,2026-08-31 15:49,For Sale
26890250,11901 Woodbridge Dr,75243,Dallas,TX,32.91062,-96.71476,579000,211.0,-6000.0,,,4.0,3.0,2742.0,1980.0,0.25,singleFamily,26,471240.0,2025,https://www.zillow.com,https://photos.zillowstatic.com/fp/9343800107cb5e909e0072cbbf325c1b-p_c.jpg,2026-08-31 15:49,For Sale
162435831,2220 Canton St APT 407,75201,Dallas,TX,32.780376,-96.78904,649750,283.0,-25250.0,629000.0,4735.0,2.0,3.0,2296.0,1925.0,0.9590000000000001,condo,171,519000.0,2025,https://www.zillow.com,https://photos.zillowstatic.com/fp/365bda110c1e00d0248d5b976045f882-p_c.jpg,2026-08-31 15:49,For Sale
244057047,5451 Ashby Grove St,75209,Dallas,TX,32.827637,-96.82163,725000,322.0,,,,3.0,3.0,2254.0,2017.0,2962.08,singleFamily,4,697700.0,2025,https://www.zillow.com,https://photos.zillowstatic.com/fp/7a1e12435995c4e5361c6c07ea6d9e3f-p_c.jpg,2026-08-31 15:49,For Sale
26726058,2702 Lawtherwood Ct,75214,Dallas,TX,32.82001,-96.73198,1200000,375.0,,1158500.0,5639.0,4.0,5.0,3197.0,1994.0,6011.28,singleFamily,31,1143870.0,2025,https://www.zillow.com,https://photos.zillowstatic.com/fp/091831c22edd80a28aba937e0b7fc340-p_c.jpg,2026-08-31 15:49,For Sale
26701272,7015 Coronado Ave,75214,Dallas,TX,32.811996,-96.73766,950000,396.0,,906400.0,5390.0,3.0,3.0,2396.0,1945.0,7448.76,singleFamily,53,880820.0,2025,https://www.zillow.com,https://photos.zillowstatic.com/fp/e398d18a16cf881b0b0bf7b7563bf5bb-p_c.jpg,2026-08-31 15:49,For Sale
26762471,4419 Lawnview Ave,75227,Dallas,TX,32.78305,-96.72165,179900,189.0,,,1592.0,2.0,1.0,950.0,1949.0,6403.32,singleFamily,82,201930.0,2025,https://www.zillow.com,https://photos.zillowstatic.com/fp/62db4fc6e9350773f014b7d2a195265d-p_c.jpg,2026-08-31 15:49,For Sale
26750865,6718 Kingsbury Dr,75231,Dallas,TX,32.858795,-96.74453,725000,396.0,,,,3.0,3.0,1831.0,1960.0,9104.04,singleFamily,2,669510.0,2025,https://www.zillow.com,https://photos.zillowstatic.com/fp/18b6d4e8fc593c0261dbfad5330f7e37-p_c.jpg,2026-08-31 15:49,For Sale
26768600,818 Lambert St,75203,Dallas,TX,32.73945,-96.79476,470000,154.0,,469300.0,4491.0,5.0,4.0,3060.0,2026.0,8624.88,singleFamily,20,100370.0,2025,https://www.zillow.com,https://photos.zillowstatic.com/fp/f56051ae2b68ad5e18d413cf0700ea32-p_c.jpg,2026-08-31 15:49,For Sale
162814847,12802 Kyla Jean Ct,75253,Dallas,TX,32.69704,-96.60145,265000,183.0,,262200.0,2054.0,3.0,2.0,1450.0,2017.0,10367.28,singleFamily,3,270670.0,2025,https://www.zillow.com,https://photos.zillowstatic.com/fp/c8c0249c3793ebd624e3da8b224cb3dc-p_c.jpg,2026-08-31 15:49,For Sale
26759412,8910 Guernsey Ln,75220,Dallas,TX,32.862194,-96.83145,1250000,469.0,,1195600.0,5885.0,3.0,3.0,2666.0,1952.0,0.5895,singleFamily,10,1166440.0,2025,https://www.zillow.com,https://photos.zillowstatic.com/fp/8f8b91559331507a3ed2038cb062d03a-p_c.jpg,2026-08-31 15:49,For Sale
26870786,6829 Midcrest Dr,75254,Dallas,TX,32.947,-96.78736,1499000,355.0,,,,6.0,6.0,4228.0,1967.0,0.43,singleFamily,59,1230580.0,2025,https://www.zillow.com,https://photos.zillowstatic.com/fp/97dfdcc6795f96608001979324bb9fa4-p_c.jpg,2026-08-31 15:49,For Sale
26865861,9622 Highland View Dr,75238,Dallas,TX,32.893772,-96.72024,389900,185.0,,,,3.0,2.0,2106.0,1974.0,3223.44,townhome,3,374610.0,2025,https://www.zillow.com,https://photos.zillowstatic.com/fp/e336dfa6bada59c8a3935793cb1bd7d8-p_c.jpg,2026-08-31 15:49,For Sale
26846655,1517 Britainway Ln,75228,Dallas,TX,32.807827,-96.689995,200000,189.0,,,,2.0,2.0,1061.0,1974.0,3484.8,townhome,11,202520.0,2025,https://www.zillow.com,https://photos.zillowstatic.com/fp/31036a0fafe38733b4e7dd481a23aee2-p_c.jpg,2026-08-31 15:49,For Sale
26630266,5604 Bent Creek Trl,75252,Dallas,TX,33.01041,-96.81206,995000,256.0,-40000.0,,,4.0,4.0,3880.0,1985.0,10018.8,singleFamily,17,823354.0,2025,https://www.zillow.com,https://photos.zillowstatic.com/fp/c4ab24704d096197f98985ff83bbdf1b-p_c.jpg,2026-08-31 15:49,For Sale
26731677,4217 Delmar Ave,75206,Dallas,TX,32.837242,-96.7658,789999,451.0,-9001.0,770300.0,3386.0,4.0,2.0,1752.0,1942.0,7535.88,singleFamily,16,695000.0,2025,https://www.zillow.com,https://photos.zillowstatic.com/fp/e2a3516b3bfc735889ce9e6f0e62bdbb-p_c.jpg,2026-08-31 15:49,For Sale
26785914,7322 Hunnicut Rd,75227,Dallas,TX,32.789425,-96.71207,515000,213.0,,510700.0,2763.0,4.0,3.0,2419.0,1969.0,8407.08,singleFamily,4,262600.0,2025,https://www.zillow.com,https://photos.zillowstatic.com/fp/c6c57e1eb07a562b260794235e43a596-p_c.jpg,2026-08-31 15:49,For Sale
26875184,7719 Applecross Ln,75248,Dallas,TX,32.976395,-96.77253,825000,260.0,,,,5.0,4.0,3172.0,1976.0,0.28800000000000003,singleFamily,10,825690.0,2025,https://www.zillow.com,https://photos.zillowstatic.com/fp/a4dc5e008a3e06cbdd6696b32aa1779e-p_c.jpg,2026-08-31 15:49,For Sale
26902903,7842 Caruth Ct,75225,Dallas,TX,32.858852,-96.77281,1995000,777.0,,,,3.0,4.0,2567.0,1992.0,4094.64,singleFamily,6,1135000.0,2025,https://www.zillow.com,https://photos.zillowstatic.com/fp/daf247a97400640ee4085de4ac8c4f72-p_c.jpg,2026-08-31 15:49,For Sale
26738862,7030 Fair Oaks Ave APT 103,75231,Dallas,TX,32.871773,-96.758865,80000,81.0,,,,2.0,3.0,982.0,1980.0,0.716,condo,6,108020.0,2025,https://www.zillow.com,https://photos.zillowstatic.com/fp/ab0daf097fff5b360faca12f05eab23a-p_c.jpg,2026-08-31 15:49,For Sale
26767220,2402 E Overton Rd,75216,Dallas,TX,32.708187,-96.79084,269990,138.0,-10010.0,265700.0,2497.0,4.0,4.0,1956.0,1950.0,8407.08,singleFamily,86,191430.0,2025,https://www.zillow.com,https://photos.zillowstatic.com/fp/c1e22b23d5e025f72c0ac557ce5aab48-p_c.jpg,2026-08-31 15:49,For Sale
26842321,2905 Highwood Dr,75228,Dallas,TX,32.83001,-96.66576,325000,247.0,,315900.0,2334.0,3.0,2.0,1318.0,1954.0,9975.24,singleFamily,3,262600.0,2025,https://www.zillow.com,https://photos.zillowstatic.com/fp/be5a3c03b88a24898830213feb9e978e-p_c.jpg,2026-08-31 15:49,For Sale
26738126,1807 S Vernon Ave,75224,Dallas,TX,32.727768,-96.83711,475000,233.0,-25000.0,467700.0,2989.0,4.0,2.0,2037.0,1950.0,7884.36,singleFamily,17,340000.0,2025,https://www.zillow.com,https://photos.zillowstatic.com/fp/3ffa48580b50c0d5a59def39cf8bb180-p_c.jpg,2026-08-31 15:49,For Sale
26779563,3969 Lost Creek Dr,75224,Dallas,TX,32.694977,-96.84705,340000,184.0,-5000.0,,,4.0,2.0,1845.0,1958.0,0.2727,singleFamily,17,366860.0,2025,https://www.zillow.com,https://photos.zillowstatic.com/fp/11ffd2f63e02356a2aaabed6858f9a37-p_c.jpg,2026-08-31 15:49,For Sale
26889998,15881 Nedra Way,75248,Dallas,TX,32.965816,-96.791794,975000,322.0,,,,4.0,3.0,3025.0,1978.0,7710.12,singleFamily,16,755790.0,2025,https://www.zillow.com,https://photos.zillowstatic.com/fp/9fbee669712f46e121aae61be902eda4-p_c.jpg,2026-08-31 15:49,For Sale
26750994,6396 Abrams Ct,75231,Dallas,TX,32.86111,-96.74454,379000,256.0,-10000.0,374100.0,2263.0,2.0,2.0,1480.0,1980.0,4094.64,singleFamily,135,376000.0,2025,https://www.zillow.com,https://photos.zillowstatic.com/fp/6579eefe10fe52f79b6704876798de9f-p_c.jpg,2026-08-31 15:49,For Sale
67972329,2850 S Beltline Rd Suite 108,75253,Dallas,TX,32.661823,-96.61505,30000,28.0,-9500.0,,1836.0,2.0,2.0,1056.0,1997.0,1056.0,manufactured,39,2980.0,2025,https://www.zillow.com,https://photos.zillowstatic.com/fp/438050f636f92b0afb9c737f9a9067e2-p_c.jpg,2026-08-31 15:49,For Sale
26883717,8434 Bellingham Dr,75228,Dallas,TX,32.798855,-96.69426,499900,209.0,-49100.0,491300.0,3897.0,5.0,3.0,2395.0,1964.0,8929.8,singleFamily,52,509210.0,2025,https://www.zillow.com,https://photos.zillowstatic.com/fp/fc706f85d2a602daef17a9d4e64b4448-p_c.jpg,2026-08-31 15:49,For Sale
26892486,7334 Oakmore Dr,75249,Dallas,TX,32.63114,-96.95059,308999,148.0,-5998.0,,2999.0,4.0,2.0,2083.0,1979.0,6664.68,singleFamily,60,300810.0,2025,https://www.zillow.com,https://photos.zillowstatic.com/fp/df5bdf5606e9132163a16a7f3accc1e3-p_c.jpg,2026-08-31 15:49,For Sale
26875371,7606 Dunoon Ave,75248,Dallas,TX,32.979065,-96.77708,1375000,356.0,,,,4.0,4.0,3860.0,1977.0,0.262,singleFamily,39,977490.0,2025,https://www.zillow.com,https://photos.zillowstatic.com/fp/58631262e4136d2e13b23e4d93ba5ae7-p_c.jpg,2026-08-31 15:49,For Sale
26756580,6032 Burgundy Rd,75230,Dallas,TX,32.896935,-96.802605,2500000,435.0,,2346100.0,14971.0,5.0,6.0,5749.0,2005.0,0.39899999999999997,singleFamily,39,2253320.0,2025,https://www.zillow.com,https://photos.zillowstatic.com/fp/5223c17c52b77bfb4418f86195b8147a-p_c.jpg,2026-08-31 15:49,For Sale
300036720,1527 Hickory St,75215,Dallas,TX,32.76908,-96.7874,293664,207.0,-205336.0,292400.0,2178.0,2.0,3.0,1418.0,2021.0,2352.0,singleFamily,107,463230.0,2025,https://www.zillow.com,https://photos.zillowstatic.com/fp/6040d22a17c122b1448e87b0ecea2eff-p_c.jpg,2026-08-31 15:49,For Sale
26897711,3014 Adolph St,75204,Dallas,TX,32.792076,-96.78888,394900,347.0,,380900.0,2302.0,2.0,2.0,1139.0,1982.0,1960.2,singleFamily,2,379220.0,2025,https://www.zillow.com,https://photos.zillowstatic.com/fp/292e83d59c32b25369e4f1b62af20b92-p_c.jpg,2026-08-31 15:49,For Sale
26831313,10243 San Juan Ave,75228,Dallas,TX,32.833233,-96.678345,250000,217.0,,248400.0,1891.0,3.0,1.0,1152.0,1954.0,7535.88,singleFamily,8,210000.0,2025,https://www.zillow.com,https://photos.zillowstatic.com/fp/e5e0972df1761f401e32606bdc48a8d4-p_c.jpg,2026-08-31 15:49,For Sale
26898215,3320 Blackburn St,75204,Dallas,TX,32.81117,-96.79834,995000,377.0,,958900.0,4889.0,3.0,3.0,2642.0,1997.0,2003.76,townhome,5,893950.0,2025,https://www.zillow.com,https://photos.zillowstatic.com/fp/ee7f9e0e864e8f5651d9db79f0bf19ca-p_c.jpg,2026-08-31 15:49,For Sale
26809293,3509 Northaven Rd,75229,Dallas,TX,32.90259,-96.860405,650000,328.0,,,,3.0,4.0,1980.0,1960.0,0.351,singleFamily,3,587180.0,2025,https://www.zillow.com,https://photos.zillowstatic.com/fp/a65b8a92910052b27fb7bd2b599c3b06-p_c.jpg,2026-08-31 15:49,For Sale
26731216,7714 Roper St,75209,Dallas,TX,32.850014,-96.82974,1449000,390.0,,1409700.0,7749.0,4.0,3.0,3713.0,2018.0,9626.76,singleFamily,3,1601180.0,2025,https://www.zillow.com,https://photos.zillowstatic.com/fp/d1e0a5ee9f1ff05f70488c9e9e8e89e4-p_c.jpg,2026-08-31 15:49,For Sale
83997581,1918 Olive St APT 3403,75201,Dallas,TX,32.789368,-96.80018,2850000,1179.0,,2707500.0,6804.0,2.0,2.0,2417.0,2012.0,1.553,condo,2,2769200.0,2025,https://www.zillow.com,https://photos.zillowstatic.com/fp/4813e4a4bb5e5c53f2f570f20ddd762e-p_c.jpg,2026-08-31 15:49,For Sale
55827508,14400 Montfort Dr APT 202,75254,Dallas,TX,32.94537,-96.81385,245000,208.0,,243400.0,1750.0,2.0,3.0,1179.0,1983.0,4.561,singleFamily,7,265280.0,2025,https://www.zillow.com,https://photos.zillowstatic.com/fp/4fd5a4f1390658f49e7ef20e223b9068-p_c.jpg,2026-08-31 15:49,For Sale
26728729,423 W Colorado Blvd,75208,Dallas,TX,32.759712,-96.82833,2045000,478.0,-55000.0,,6499.0,3.0,5.0,4276.0,2021.0,7971.48,singleFamily,44,536000.0,2019,https://www.zillow.com,https://photos.zillowstatic.com/fp/09111c16bde8a0bc21bd27f51daf0297-p_c.jpg,2026-08-31 15:49,For Sale
463650754,1904 McBroom St,75212,Dallas,TX,32.78237,-96.85047,759000,230.0,-26999.0,747000.0,4918.0,4.0,4.0,3300.0,2026.0,6141.96,singleFamily,58,,,https://www.zillow.com,https://photos.zillowstatic.com/fp/0110a4737654b219f2717f2d2973bd9d-p_c.jpg,2026-08-31 15:49,For Sale
54012950,3639 White River Dr,75287,Dallas,TX,33.003273,-96.85102,599000,238.0,,,,4.0,3.0,2519.0,1998.0,6882.48,singleFamily,5,541438.0,2025,https://www.zillow.com,https://photos.zillowstatic.com/fp/f1fb52d2b6613c1a4b0512c018dd6b74-p_c.jpg,2026-08-31 15:49,For Sale
26835510,3030 Weisenberger Dr,75212,Dallas,TX,32.77963,-96.8966,585000,140.0,,577300.0,5454.0,5.0,4.0,4180.0,2013.0,0.355,singleFamily,42,624970.0,2025,https://www.zillow.com,https://photos.zillowstatic.com/fp/5edf0602732760192774a21536006c4f-p_c.jpg,2026-08-31 15:49,For Sale
26760618,5638 Greenbrier Dr,75209,Dallas,TX,32.857662,-96.81579,3599000,806.0,,,,4.0,5.0,4465.0,2006.0,0.29200000000000004,singleFamily,28,2242850.0,2025,https://www.zillow.com,https://photos.zillowstatic.com/fp/7d00d765bc7f5b7f8afad9be0084cb0a-p_c.jpg,2026-08-31 15:49,For Sale
26716071,1419 Georgia Ave,75216,Dallas,TX,32.724964,-96.80382,165000,91.0,,159100.0,2248.0,3.0,2.0,1812.0,1949.0,7318.08,singleFamily,40,220770.0,2025,https://www.zillow.com,https://photos.zillowstatic.com/fp/d237e43d3a6ba42c240f5f5885ec8d22-p_c.jpg,2026-08-31 15:49,For Sale
26686093,5930 Victor St,75214,Dallas,TX,32.80648,-96.75302,725000,240.0,,687800.0,3094.0,6.0,3.0,3018.0,1930.0,8407.08,multiFamily,2,542400.0,2025,https://www.zillow.com,https://photos.zillowstatic.com/fp/257346c33131e763956c25d94854bad6-p_c.jpg,2026-08-31 15:49,For Sale
55827279,2011 Cedar Springs Rd APT 104,75201,Dallas,TX,32.791115,-96.80551,1200000,500.0,,1127700.0,7378.0,2.0,2.0,2398.0,1999.0,0.981,condo,3,1067110.0,2025,https://www.zillow.com,https://photos.zillowstatic.com/fp/eba781faec2f6afed259a700740f83cb-p_c.jpg,2026-08-31 15:49,For Sale
26891464,7306 Red Osier Rd,75249,Dallas,TX,32.633717,-96.95132,200000,118.0,,200500.0,2206.0,3.0,2.0,1700.0,1982.0,6882.48,singleFamily,8,290030.0,2025,https://www.zillow.com,https://photos.zillowstatic.com/fp/38a72508af91c1c77ee126d6d306a36b-p_c.jpg,2026-08-31 15:49,For Sale
26690347,5618 Goodwin Ave,75206,Dallas,TX,32.82322,-96.77145,2250000,540.0,,,,3.0,3.0,4169.0,2021.0,0.27599999999999997,singleFamily,13,1992090.0,2025,https://www.zillow.com,https://photos.zillowstatic.com/fp/1b851d5ddb64d88f961ecb98c9ce6090-p_c.jpg,2026-08-31 15:49,For Sale
26903486,6103 Aberdeen Ave,75230,Dallas,TX,32.882557,-96.801414,5124000,899.0,-571000.0,4880500.0,7215.0,4.0,7.0,5700.0,2026.0,0.35600000000000004,singleFamily,89,2502990.0,2025,https://www.zillow.com,https://photos.zillowstatic.com/fp/fa7d24697ab344790f77c417e142f5b3-p_c.jpg,2026-08-31 15:49,For Sale
26688585,2662 Sutton St,75210,Dallas,TX,32.769844,-96.74801,249900,156.0,,249100.0,1965.0,3.0,3.0,1604.0,2025.0,4007.52,singleFamily,11,221190.0,2025,https://www.zillow.com,https://photos.zillowstatic.com/fp/39f6f892bf7158f2c01a96ac0cfac8e0-p_c.jpg,2026-08-31 15:49,For Sale
464623806,4410 Everdell Pl,75205,Dallas,TX,32.8209,-96.79097,4700000,1244.0,,,,4.0,5.0,3777.0,2027.0,,singleFamily,14,,,https://www.zillow.com,https://photos.zillowstatic.com/fp/9f9dd508d18bcae61c182105ffcc9372-p_c.jpg,2026-08-31 15:49,For Sale
96535061,272 W Lawson Rd Trailer 231,75253,Dallas,TX,32.697445,-96.574326,109999,70.0,-24996.0,,2080.0,3.0,2.0,1568.0,2021.0,6500.0,manufactured,261,4940.0,2020,https://www.zillow.com,https://photos.zillowstatic.com/fp/f57312f0cebc99483a2e0e7e75d0cb0f-p_c.jpg,2026-08-31 15:49,For Sale
26848925,6254 Prestoncrest Ln,75230,Dallas,TX,32.921272,-96.79783,2699999,468.0,,2486600.0,7864.0,6.0,6.0,5774.0,2025.0,0.306,singleFamily,3,465850.0,2025,https://www.zillow.com,https://photos.zillowstatic.com/fp/d3b0aed2e4150866a80a7608eaf1b0ee-p_c.jpg,2026-08-31 15:49,For Sale
2070171576,9829 Walnut St APT O106,75243,Dallas,TX,32.922836,-96.71392,69000,85.0,,,1138.0,2.0,1.0,808.0,1983.0,8.814,condo,2,,,https://www.zillow.com,https://photos.zillowstatic.com/fp/c3554002bbd4cf1ee5bc66c0bb45916a-p_c.jpg,2026-08-31 15:49,For Sale
26904817,6218 Everglade Rd,75227,Dallas,TX,32.78552,-96.69694,355000,163.0,-5000.0,354000.0,2766.0,4.0,3.0,2180.0,1998.0,6751.8,singleFamily,55,355880.0,2025,https://www.zillow.com,https://photos.zillowstatic.com/fp/fd92f91e0cfcf83e7ff7a635b6b2468b-p_c.jpg,2026-08-31 15:49,For Sale
448069917,4910 Purdue Ave,75209,Dallas,TX,32.853947,-96.82627,2495000,498.0,,2369900.0,7933.0,4.0,6.0,5011.0,2016.0,7230.96,singleFamily,15,,,https://www.zillow.com,https://photos.zillowstatic.com/fp/accf3bd2656bff83d6e706a90e968a58-p_c.jpg,2026-08-31 15:49,For Sale
26702043,6905 Wabash Cir,75214,Dallas,TX,32.824696,-96.74096,1650000,484.0,-75000.0,1610000.0,6130.0,5.0,3.0,3411.0,1967.0,0.294,singleFamily,94,1453030.0,2025,https://www.zillow.com,https://photos.zillowstatic.com/fp/c1cc4ccc08d3472c675cc0d1a34d9fb9-p_c.jpg,2026-08-31 15:49,For Sale
162404743,8005 Rothington Rd APT 11-17,75227,Dallas,TX,32.78363,-96.68543,569000,139.0,,552600.0,1247.0,8.0,8.0,4084.0,1983.0,7579.44,multiFamily,6,477820.0,2025,https://www.zillow.com,https://photos.zillowstatic.com/fp/70e964da2bd5dcdfadfe37b3074925ba-p_c.jpg,2026-08-31 15:49,For Sale
26709762,218 N Rosemont Ave,75208,Dallas,TX,32.747173,-96.84747,475000,247.0,-24900.0,457700.0,3018.0,3.0,2.0,1921.0,1925.0,7318.08,singleFamily,45,454000.0,2025,https://www.zillow.com,https://photos.zillowstatic.com/fp/75c20363b6a40f26452d7efef7a69685-p_c.jpg,2026-08-31 15:49,For Sale
80228618,6659 Leaning Oaks St,75241,Dallas,TX,32.654327,-96.76687,339000,101.0,,335700.0,3211.0,3.0,3.0,3370.0,2006.0,0.33699999999999997,singleFamily,1,390560.0,2025,https://www.zillow.com,https://photos.zillowstatic.com/fp/f4f55b60ca54c882b6cc7e3494674704-p_c.jpg,2026-08-31 15:49,For Sale
26930024,3310 Fairmount St APT 16B,75201,Dallas,TX,32.801342,-96.808525,550000,303.0,,521900.0,3454.0,2.0,2.0,1813.0,1964.0,2.39,condo,39,571100.0,2025,https://www.zillow.com,https://photos.zillowstatic.com/fp/765283f55ba506ac9e4134faee788826-p_c.jpg,2026-08-31 15:49,For Sale
26684844,713 Wayne St,75223,Dallas,TX,32.797443,-96.75052,699000,223.0,-16000.0,689000.0,5949.0,4.0,5.0,3130.0,2023.0,7492.32,singleFamily,30,774800.0,2025,https://www.zillow.com,https://photos.zillowstatic.com/fp/1f964acf3511ebcbcfcc562cdc78fb36-p_c.jpg,2026-08-31 15:49,For Sale
26717381,1144 N Windomere Ave,75208,Dallas,TX,32.758827,-96.84359,899000,492.0,-21000.0,,,3.0,2.0,1826.0,1928.0,7492.32,singleFamily,32,685520.0,2025,https://www.zillow.com,https://photos.zillowstatic.com/fp/f1e0787668fb9df2f04f82ed41bdbee7-p_c.jpg,2026-08-31 15:49,For Sale
336886774,1747 Leonard St Suite 2601,75201,Dallas,TX,32.78981,-96.79704,17500000,2276.0,,,,4.0,6.0,7688.0,2025.0,0.8300000000000001,condo,516,6334910.0,2025,https://www.zillow.com,https://photos.zillowstatic.com/fp/d7655d47504514c98f614924aa534bc7-p_c.jpg,2026-08-31 15:49,For Sale
26755876,6124 Lakehurst Ave,75230,Dallas,TX,32.884018,-96.800446,5495000,845.0,,5185200.0,6412.0,5.0,8.0,6502.0,2026.0,0.327,singleFamily,31,1207880.0,2025,https://www.zillow.com,https://photos.zillowstatic.com/fp/fb18013d2a490cde2f6263c82621ffee-p_c.jpg,2026-08-31 15:49,For Sale
26748935,6124 Summer Creek Cir,75231,Dallas,TX,32.862965,-96.75722,450000,313.0,,,,2.0,2.0,1440.0,1980.0,3.414,singleFamily,38,461840.0,2025,https://www.zillow.com,https://photos.zillowstatic.com/fp/a3322c806e2be0ca8692900ab0a74af6-p_c.jpg,2026-08-31 15:49,For Sale
26707558,6910 Huff Trl,75214,Dallas,TX,32.836407,-96.73795,1975000,467.0,-70000.0,1909000.0,11405.0,4.0,5.0,4228.0,2012.0,7753.68,singleFamily,101,1728600.0,2025,https://www.zillow.com,https://photos.zillowstatic.com/fp/44ac042ea43b5911ef5806be8d6b7a09-p_c.jpg,2026-08-31 15:49,For Sale
26742100,10633 Cayuga Dr,75228,Dallas,TX,32.840736,-96.68464,229900,210.0,-10100.0,223800.0,1739.0,3.0,1.0,1096.0,1950.0,7405.2,singleFamily,35,287120.0,2025,https://www.zillow.com,https://photos.zillowstatic.com/fp/b3fe4ef0de6dc0ee9046a5175e60ee07-p_c.jpg,2026-08-31 15:49,For Sale
444240286,10166 San Lorenzo Dr,75228,Dallas,TX,32.831825,-96.682846,285000,165.0,,284000.0,2105.0,4.0,2.0,1728.0,1955.0,0.26599999999999996,singleFamily,3,,,https://www.zillow.com,https://photos.zillowstatic.com/fp/0c171ff7bba4c67de244bd1f6fd107ae-p_c.jpg,2026-08-31 15:49,For Sale
84003823,206 River Rock Dr,75217,Dallas,TX,32.71476,-96.71218,225000,146.0,-29799.0,224300.0,1825.0,3.0,3.0,1545.0,2007.0,4225.32,singleFamily,55,217880.0,2025,https://www.zillow.com,https://photos.zillowstatic.com/fp/788b209fceac37d92b4123562f166ba0-p_c.jpg,2026-08-31 15:49,For Sale
26690883,5447 Richmond Ave,75206,Dallas,TX,32.816566,-96.77541,2395000,548.0,,2270800.0,10537.0,5.0,5.0,4368.0,2018.0,7187.4,singleFamily,4,1429650.0,2025,https://www.zillow.com,https://photos.zillowstatic.com/fp/403ebdd29286f3bdbff5ac2a7b4b0cee-p_c.jpg,2026-08-31 15:49,For Sale
26716311,1323 S Denley Dr,75216,Dallas,TX,32.732178,-96.80589,119000,89.0,,157200.0,1916.0,3.0,2.0,1344.0,1951.0,7230.96,singleFamily,3,210210.0,2025,https://www.zillow.com,https://photos.zillowstatic.com/fp/d6db86aae0c9f214ab96b21ed4f73ce6-p_c.jpg,2026-08-31 15:49,For Sale
444242369,8181 Douglas Ave #Penthouse 9-12,75225,Dallas,TX,32.86198,-96.80891,17500000,1228.0,,,,5.0,13.0,14250.0,1982.0,0.4255,condo,120,,,https://www.zillow.com,https://photos.zillowstatic.com/fp/740a8ec79973c1a2fb3483c4cdf6d421-p_c.jpg,2026-08-31 15:49,For Sale
26881292,4452 Sugar Mill Rd,75244,Dallas,TX,32.918533,-96.83193,1495000,437.0,-80000.0,1432500.0,7136.0,5.0,5.0,3422.0,1966.0,0.37900000000000006,singleFamily,116,1527000.0,2025,https://www.zillow.com,https://photos.zillowstatic.com/fp/86a97f63a4aeca2864caa3d02fb619bf-p_c.jpg,2026-08-31 15:49,For Sale
26739325,8522 Park Ln APT 15,75231,Dallas,TX,32.87035,-96.75758,215000,101.0,-5000.0,206700.0,2124.0,3.0,3.0,2120.0,1979.0,1.235,condo,86,275600.0,2025,https://www.zillow.com,https://photos.zillowstatic.com/fp/93074ac32cf753c068a038fb0c32d087-p_c.jpg,2026-08-31 15:49,For Sale
26899191,3901 Turtle Creek Blvd #7,75219,Dallas,TX,32.816788,-96.79974,8900000,1310.0,,,,3.0,6.0,6792.0,1997.0,7535.88,singleFamily,132,3145000.0,2025,https://www.zillow.com,https://photos.zillowstatic.com/fp/da8210692bd7a70faad4b9c3fc7bf180-p_c.jpg,2026-08-31 15:49,For Sale
26872278,15305 Leavalley Dr,75248,Dallas,TX,32.95766,-96.77966,799000,265.0,,776200.0,4170.0,4.0,3.0,3020.0,1974.0,0.34709999999999996,singleFamily,9,821720.0,2025,https://www.zillow.com,https://photos.zillowstatic.com/fp/c0c295056a03cd39da76ed49cb52c63a-p_c.jpg,2026-08-31 15:49,For Sale
26809360,3307 Whitehall Dr,75229,Dallas,TX,32.901215,-96.86575,2197300,407.0,,2124300.0,5331.0,5.0,7.0,5403.0,2026.0,0.25339999999999996,singleFamily,10,471840.0,2025,https://www.zillow.com,https://photos.zillowstatic.com/fp/8e510e9cd5b1a45eda6d050d63401bca-p_c.jpg,2026-08-31 15:49,For Sale
89397927,1001 Belleview St #101,75215,Dallas,TX,32.76905,-96.79501,325000,322.0,,316200.0,2071.0,1.0,2.0,1010.0,2007.0,0.9430000000000001,condo,54,323200.0,2025,https://www.zillow.com,https://photos.zillowstatic.com/fp/36ec34df03c03a85e65d150ae2987b85-p_c.jpg,2026-08-31 15:49,For Sale
462787428,3193 & 3195 Stag Rd,75241,Dallas,TX,32.69554,-96.76238,666000,194.0,-3000.0,662100.0,2763.0,6.0,6.0,3440.0,2026.0,6882.48,multiFamily,93,,,https://www.zillow.com,https://photos.zillowstatic.com/fp/9c6a2122c5adca5037f39bbcd556103b-p_c.jpg,2026-08-31 15:49,For Sale
83998286,1910 McBroom St,75212,Dallas,TX,32.782375,-96.85081,339900,297.0,,332600.0,2507.0,4.0,2.0,1145.0,2007.0,5749.92,singleFamily,7,324950.0,2025,https://www.zillow.com,https://photos.zillowstatic.com/fp/a5c12cbb9efa80a0f810eb7e4ca81017-p_c.jpg,2026-08-31 15:49,For Sale
26840194,9357 Creel Creek Dr,75228,Dallas,TX,32.82141,-96.69606,865000,264.0,,,,4.0,5.0,3276.0,1965.0,10802.88,singleFamily,46,659130.0,2025,https://www.zillow.com,https://photos.zillowstatic.com/fp/e0cf76f45a566167d60d4f7442643c2a-p_c.jpg,2026-08-31 15:49,For Sale
26873071,15745 Havenrock Cir,75248,Dallas,TX,32.9643,-96.78187,669000,273.0,-6000.0,657300.0,4940.0,4.0,3.0,2447.0,1970.0,7361.64,singleFamily,67,487960.0,2025,https://www.zillow.com,https://photos.zillowstatic.com/fp/55445e4a9bd873c12a893424317c1985-p_c.jpg,2026-08-31 15:49,For Sale
26750121,6718 Santa Anita Dr,75214,Dallas,TX,32.84889,-96.743324,588000,430.0,,567100.0,4115.0,3.0,2.0,1366.0,1954.0,7579.44,singleFamily,8,520060.0,2025,https://www.zillow.com,https://photos.zillowstatic.com/fp/e98001c08d06d5dc2a7004ae7a301097-p_c.jpg,2026-08-31 15:49,For Sale
26703307,6109 Ellsworth Ave,75214,Dallas,TX,32.834347,-96.76108,750000,492.0,,708200.0,3065.0,3.0,1.0,1523.0,1942.0,6795.36,singleFamily,4,643650.0,2025,https://www.zillow.com,https://photos.zillowstatic.com/fp/fd7f9d8cb4c5c681c37b60ca20e7295f-p_c.jpg,2026-08-31 15:49,For Sale
26736758,1255 Olden St,75211,Dallas,TX,32.73209,-96.88388,245000,179.0,,239100.0,1801.0,4.0,2.0,1368.0,1959.0,0.27299999999999996,singleFamily,24,267260.0,2025,https://www.zillow.com,https://photos.zillowstatic.com/fp/4d9ef53d862be3239d061b65f44db66d-p_c.jpg,2026-08-31 15:49,For Sale
26797484,233 Creek Cove Dr,75217,Dallas,TX,32.715996,-96.71027,120000,120.0,-5000.0,118100.0,1677.0,3.0,2.0,996.0,1972.0,3659.04,townhome,152,159860.0,2025,https://www.zillow.com,https://photos.zillowstatic.com/fp/0f02eda6c1f4e43c0ffc70463bf1bdcd-p_c.jpg,2026-08-31 15:49,For Sale
26749481,6481 Trammel Dr,75214,Dallas,TX,32.845505,-96.74969,1695000,424.0,-55000.0,1649600.0,7801.0,4.0,5.0,3997.0,2026.0,9365.4,singleFamily,23,442460.0,2025,https://www.zillow.com,https://photos.zillowstatic.com/fp/b5a845bfa70084726dfd88174462fa23-p_c.jpg,2026-08-31 15:49,For Sale
26731557,7403 Robin Rd,75209,Dallas,TX,32.846504,-96.82287,2125000,506.0,,2038000.0,7846.0,5.0,5.0,4202.0,2023.0,7187.4,singleFamily,3,1832370.0,2025,https://www.zillow.com,https://photos.zillowstatic.com/fp/e835ce48c6773c58589449729c9070f5-p_c.jpg,2026-08-31 15:49,For Sale
26851637,13105 Blossomheath Ln,75240,Dallas,TX,32.926403,-96.77259,350000,245.0,,340500.0,1986.0,4.0,3.0,1430.0,1960.0,10585.08,singleFamily,1,301990.0,2025,https://www.zillow.com,https://photos.zillowstatic.com/fp/72ef9ba9d06fed8f508205b4120d551f-p_c.jpg,2026-08-31 15:49,For Sale
26873482,7406 La Manga Dr,75248,Dallas,TX,32.970215,-96.780365,699000,316.0,,676200.0,4401.0,4.0,3.0,2210.0,1972.0,8624.88,singleFamily,11,498020.0,2025,https://www.zillow.com,https://photos.zillowstatic.com/fp/997575db0d093fd4b7fb1e6498c64f81-p_c.jpg,2026-08-31 15:49,For Sale
26715158,1623 S Marsalis Ave,75216,Dallas,TX,32.728065,-96.814735,160000,130.0,,,,3.0,1.0,1234.0,1920.0,7623.0,singleFamily,24,215510.0,2025,https://www.zillow.com,https://photos.zillowstatic.com/fp/520db7fd7be27a54322b975d7ed795bd-p_c.jpg,2026-08-31 15:49,For Sale
2056325855,7105 Granada Pl,75223,Dallas,TX,32.807766,-96.7359,949000,308.0,,926200.0,6119.0,4.0,4.0,3084.0,2023.0,3092.76,singleFamily,3,,,https://www.zillow.com,https://photos.zillowstatic.com/fp/c1702ad39cf8684d1dd57bd408b46f5c-p_c.jpg,2026-08-31 15:49,For Sale
26870438,6206 Prestondell Dr,75254,Dallas,TX,32.9391,-96.800125,1300000,287.0,,1232900.0,7072.0,4.0,4.0,4524.0,1984.0,0.6739999999999999,singleFamily,6,1085910.0,2025,https://www.zillow.com,https://photos.zillowstatic.com/fp/545e4fe960fcad6c251b0a68fb7318ae-p_c.jpg,2026-08-31 15:49,For Sale
26690676,5311 Willis Ave,75206,Dallas,TX,32.820522,-96.77941,799000,513.0,-16000.0,773100.0,4360.0,3.0,2.0,1556.0,1920.0,7797.24,singleFamily,81,735450.0,2025,https://www.zillow.com,https://photos.zillowstatic.com/fp/d097fe5c35eebc33a3158d8ebe98f525-p_c.jpg,2026-08-31 15:49,For Sale
26748447,6017 Milton St #137,75206,Dallas,TX,32.849773,-96.76334,259900,219.0,-15000.0,253500.0,2194.0,3.0,3.0,1186.0,1970.0,3.655,condo,51,243130.0,2025,https://www.zillow.com,https://photos.zillowstatic.com/fp/2df7148d427ab67c855b5596ff2d7828-p_c.jpg,2026-08-31 15:49,For Sale
26726684,2403 Langdon Ave,75235,Dallas,TX,32.837765,-96.85846,236000,118.0,,,3059.0,4.0,2.0,2008.0,1941.0,7535.88,singleFamily,4,264080.0,2025,https://www.zillow.com,https://photos.zillowstatic.com/fp/d24ba1d672ef0b884f8660e0923c0182-p_c.jpg,2026-08-31 15:49,For Sale
26741390,1521 El Campo Dr,75218,Dallas,TX,32.82369,-96.70063,1449900,321.0,-48100.0,1389800.0,7946.0,4.0,3.0,4520.0,1945.0,0.485,singleFamily,2,850000.0,2025,https://www.zillow.com,https://photos.zillowstatic.com/fp/3e334b29e036bfc6225b09366a50e508-p_c.jpg,2026-08-31 15:49,For Sale
26848509,14087 Brookridge Dr,75240,Dallas,TX,32.939583,-96.78514,1580000,343.0,-10000.0,1509500.0,7452.0,5.0,4.0,4600.0,1960.0,0.635,singleFamily,17,1028560.0,2025,https://www.zillow.com,https://photos.zillowstatic.com/fp/cf48275f8b45593129f633e331bd0a1a-p_c.jpg,2026-08-31 15:49,For Sale
96499847,6908 Chantilly Ct,75214,Dallas,TX,32.836292,-96.741035,1335000,412.0,,1274300.0,6650.0,4.0,4.0,3244.0,2016.0,5270.76,singleFamily,24,1240280.0,2025,https://www.zillow.com,https://photos.zillowstatic.com/fp/c69e2b5cdbf3fb211d2d69687f5daa06-p_c.jpg,2026-08-31 15:49,For Sale
26742462,1407 Rio Hondo Dr,75218,Dallas,TX,32.841846,-96.6881,295000,234.0,,285200.0,2004.0,3.0,1.0,1260.0,1951.0,7579.44,singleFamily,9,311730.0,2025,https://www.zillow.com,https://photos.zillowstatic.com/fp/e10c4dfeb5fc75905c2bc544dbc18662-p_c.jpg,2026-08-31 15:49,For Sale
26705799,7103 Westbrook Ln,75214,Dallas,TX,32.846027,-96.73876,1300000,513.0,,1232900.0,4867.0,4.0,3.0,2535.0,1954.0,10759.32,singleFamily,39,869160.0,2025,https://www.zillow.com,https://photos.zillowstatic.com/fp/0e7faeb8e39de143144061f9dd594631-p_c.jpg,2026-08-31 15:49,For Sale
26719869,409 S Barnett Ave,75211,Dallas,TX,32.742077,-96.87183,319000,251.0,,306600.0,1750.0,3.0,2.0,1272.0,1950.0,8668.44,singleFamily,2,256010.0,2025,https://www.zillow.com,https://photos.zillowstatic.com/fp/d77d554277e6979a2738f5f4970094b5-p_c.jpg,2026-08-31 15:49,For Sale
27330636,2324 Harbinger Ln,75287,Dallas,TX,32.992004,-96.87208,347999,244.0,,,,4.0,3.0,1425.0,1982.0,7993.26,singleFamily,6,360245.0,2025,https://www.zillow.com,https://photos.zillowstatic.com/fp/3a55666f5862b29af1b0a8313b59d54c-p_c.jpg,2026-08-31 15:49,For Sale
26850024,2802 El Capitan Dr,75228,Dallas,TX,32.854774,-96.667274,293000,204.0,,282400.0,2045.0,3.0,2.0,1434.0,1957.0,7575.084,singleFamily,2,284500.0,2025,https://www.zillow.com,https://photos.zillowstatic.com/fp/cb1566f5bde3c7aa8957e0e2ac82ca62-p_c.jpg,2026-08-31 15:49,For Sale
26871596,7308 Tangleglen Dr,75248,Dallas,TX,32.951824,-96.781136,2399999,499.0,,2327800.0,7190.0,5.0,6.0,4807.0,2026.0,0.344,singleFamily,45,707610.0,2025,https://www.zillow.com,https://photos.zillowstatic.com/fp/720ae454b0941e3b8421d61085a0e95a-p_c.jpg,2026-08-31 15:49,For Sale
26707212,7153 Cornelia Ln,75214,Dallas,TX,32.830696,-96.73574,2799000,554.0,-50000.0,2721200.0,5747.0,5.0,5.0,5055.0,2025.0,0.26,singleFamily,94,878030.0,2025,https://www.zillow.com,https://photos.zillowstatic.com/fp/b1ffb95db4bc32cdaf4687656d15de22-p_c.jpg,2026-08-31 15:49,For Sale
26685921,5715 Victor St,75214,Dallas,TX,32.804432,-96.756546,399000,291.0,,381300.0,2476.0,2.0,2.0,1373.0,1930.0,7492.32,singleFamily,3,367330.0,2025,https://www.zillow.com,https://photos.zillowstatic.com/fp/382c33f32718f6bb69f69aa420ea77e5-p_c.jpg,2026-08-31 15:49,For Sale
26837932,7530 Yamini Dr,75230,Dallas,TX,32.902946,-96.777054,2225000,459.0,-74999.0,2132400.0,7606.0,4.0,5.0,4848.0,2001.0,0.374,singleFamily,157,1761000.0,2025,https://www.zillow.com,https://photos.zillowstatic.com/fp/50dfb3842cf03c52d7e99bf7293f3e35-p_c.jpg,2026-08-31 15:49,For Sale
26734267,4405 Wildwood Rd,75209,Dallas,TX,32.855816,-96.83644,6498000,920.0,-202000.0,6158000.0,5159.0,6.0,9.0,7061.0,2026.0,0.4234,singleFamily,31,1254260.0,2025,https://www.zillow.com,https://photos.zillowstatic.com/fp/40dd81399133143cc4c573bb2d87afb8-p_c.jpg,2026-08-31 15:49,For Sale
26714628,1327 E Waco Ave,75216,Dallas,TX,32.735672,-96.80432,415000,193.0,,,1514.0,4.0,4.0,2154.0,2026.0,6969.6,singleFamily,10,67440.0,2019,https://www.zillow.com,https://photos.zillowstatic.com/fp/ff5733ae224145320bc67b68d13ad849-p_c.jpg,2026-08-31 15:49,For Sale
26787260,9755 Van Dyke Rd,75218,Dallas,TX,32.85455,-96.71484,2195000,734.0,,2057200.0,5189.0,4.0,3.0,2990.0,1956.0,0.544,singleFamily,87,1150000.0,2025,https://www.zillow.com,https://photos.zillowstatic.com/fp/9ded6e32011621fb64f2b8ee8d3871e4-p_c.jpg,2026-08-31 15:49,For Sale
26845080,7552 Baxtershire Dr,75230,Dallas,TX,32.90629,-96.774666,4240000,701.0,-10000.0,3918700.0,7673.0,6.0,6.0,6047.0,1984.0,0.367,singleFamily,107,1642670.0,2025,https://www.zillow.com,https://photos.zillowstatic.com/fp/b301c9263d033b61250d7ef7324b20ca-p_c.jpg,2026-08-31 15:49,For Sale
26858919,12022 Dixfield Dr,75218,Dallas,TX,32.86001,-96.69651,675000,284.0,-50000.0,649500.0,3784.0,4.0,3.0,2374.0,1968.0,9321.84,singleFamily,44,585810.0,2025,https://www.zillow.com,https://photos.zillowstatic.com/fp/99b532dcf7956ebc9c8f7b1b05e7b850-p_c.jpg,2026-08-31 15:49,For Sale
53071145,6403 Genstar Ln,75252,Dallas,TX,33.00282,-96.79369,899999,304.0,,865600.0,4940.0,4.0,4.0,2960.0,1979.0,8197.992,singleFamily,16,639603.0,2025,https://www.zillow.com,https://photos.zillowstatic.com/fp/62bd0ecf496faeb2a1d22e59b221e761-p_c.jpg,2026-08-31 15:49,For Sale
26875627,6728 Saint Anne St,75248,Dallas,TX,32.97677,-96.79134,819000,350.0,-30000.0,797200.0,4737.0,4.0,2.0,2340.0,1974.0,8494.2,singleFamily,24,617660.0,2025,https://www.zillow.com,https://photos.zillowstatic.com/fp/1ebaf01f70fa795e3b51b6681a22aa49-p_c.jpg,2026-08-31 15:49,For Sale
26718972,2911 S Denley Dr,75216,Dallas,TX,32.7115,-96.8058,269000,189.0,,265700.0,1969.0,3.0,2.0,1425.0,1930.0,7492.32,singleFamily,32,192320.0,2025,https://www.zillow.com,https://photos.zillowstatic.com/fp/1f95efb4faf996e7e8161cefd768b1dc-p_c.jpg,2026-08-31 15:49,For Sale
26913023,16650 Cleary Cir,75248,Dallas,TX,32.98445,-96.77111,350000,243.0,-35000.0,,,2.0,2.0,1439.0,1984.0,4922.28,singleFamily,73,347350.0,2025,https://www.zillow.com,https://photos.zillowstatic.com/fp/1f3425e2051e99c8243e2ce28e6e22de-p_c.jpg,2026-08-31 15:49,For Sale
26756842,5945 Royal Crest Dr,75230,Dallas,TX,32.899727,-96.80551,4475000,736.0,-15000.0,4353300.0,7141.0,5.0,7.0,6083.0,2026.0,0.37900000000000006,singleFamily,190,2200000.0,2025,https://www.zillow.com,https://photos.zillowstatic.com/fp/02c06124303f7f7b1fc62c7a27ce9791-p_c.jpg,2026-08-31 15:49,For Sale
96532971,3110 Pennsylvania Ave,75215,Dallas,TX,32.77102,-96.76266,395000,231.0,,391700.0,2788.0,3.0,3.0,1711.0,2026.0,2918.52,singleFamily,9,31910.0,2025,https://www.zillow.com,https://photos.zillowstatic.com/fp/1c0fcf83474ca9be9b0bf772ff843379-p_c.jpg,2026-08-31 15:49,For Sale
26739989,9030 San Benito Way,75218,Dallas,TX,32.822,-96.702095,575000,292.0,-24000.0,,,3.0,2.0,1967.0,1938.0,9583.2,singleFamily,80,597980.0,2025,https://www.zillow.com,https://photos.zillowstatic.com/fp/532ee25b6bab765058a72fa12ca9d3b6-p_c.jpg,2026-08-31 15:49,For Sale
26854874,7791 Los Gatos Dr,75232,Dallas,TX,32.652737,-96.85389,205000,98.0,,,,4.0,2.0,2092.0,1975.0,4530.24,singleFamily,62,260430.0,2025,https://www.zillow.com,https://photos.zillowstatic.com/fp/0e5697127644331d001e5099cfa008a2-p_c.jpg,2026-08-31 15:49,For Sale
26853250,8938 Angleton Pl,75243,Dallas,TX,32.89959,-96.7515,399000,313.0,-26000.0,384900.0,2598.0,4.0,2.0,1276.0,1958.0,10628.64,singleFamily,17,371650.0,2025,https://www.zillow.com,https://photos.zillowstatic.com/fp/b847a4e258c5c4484cc04ea6a2d0aa7f-p_c.jpg,2026-08-31 15:49,For Sale
26911661,13251 Pandora Dr,75238,Dallas,TX,32.87431,-96.690414,295000,186.0,-4999.0,,,3.0,3.0,1589.0,1984.0,1132.56,singleFamily,116,454600.0,2025,https://www.zillow.com,https://photos.zillowstatic.com/fp/860080ae8f9015147105f162ca10eef6-p_c.jpg,2026-08-31 15:49,For Sale
69677082,1122 Jackson St APT 413,75202,Dallas,TX,32.778316,-96.80129,315000,222.0,,303400.0,2567.0,1.0,1.0,1420.0,1925.0,0.984,condo,39,369200.0,2025,https://www.zillow.com,https://photos.zillowstatic.com/fp/b928ad154616f7c05abae774bbf4d3a7-p_c.jpg,2026-08-31 15:49,For Sale
248827887,6303 E Grand Ave,75223,Dallas,TX,32.798954,-96.74211,750000,223.0,-10000.0,,,6.0,3.0,3366.0,1947.0,9104.04,singleFamily,121,626330.0,2025,https://www.zillow.com,https://photos.zillowstatic.com/fp/19b901abfdb5190980968c4d104f09fa-p_c.jpg,2026-08-31 15:49,For Sale
55827273,2902 State St APT 22,75204,Dallas,TX,32.797253,-96.79766,449000,368.0,,,,2.0,3.0,1221.0,1994.0,0.688,condo,9,433460.0,2025,https://www.zillow.com,https://photos.zillowstatic.com/fp/1a4163385722d000b6bd106a0aafc3d8-p_c.jpg,2026-08-31 15:49,For Sale
26807986,3206 Rotan Ln,75229,Dallas,TX,32.89106,-96.87274,950000,222.0,,,,5.0,5.0,4276.0,1967.0,0.27,singleFamily,3,766640.0,2025,https://www.zillow.com,https://photos.zillowstatic.com/fp/2fd9382e47e4ac9f499dc7b117ad5707-p_c.jpg,2026-08-31 15:49,For Sale
26717145,2551 Kingston St,75211,Dallas,TX,32.73424,-96.86126,319900,187.0,,311700.0,2312.0,3.0,2.0,1710.0,1924.0,7230.96,singleFamily,2,212470.0,2025,https://www.zillow.com,https://photos.zillowstatic.com/fp/5cb6788991ba1efadb5805c27aea5417-p_c.jpg,2026-08-31 15:49,For Sale
26837455,11116 Westmere Cir,75230,Dallas,TX,32.899246,-96.79108,3250000,901.0,-300000.0,3048900.0,7153.0,3.0,4.0,3608.0,1958.0,0.6985,singleFamily,110,2351940.0,2025,https://www.zillow.com,https://photos.zillowstatic.com/fp/89e0efb183668a41a19cfadfdc8b2d20-p_c.jpg,2026-08-31 15:49,For Sale
462103308,9319 Chimney Corner Ln,75243,Dallas,TX,32.92031,-96.73659,214900,163.0,-15000.0,211800.0,2106.0,3.0,2.0,1321.0,1974.0,3092.76,townhome,109,,,https://www.zillow.com,https://photos.zillowstatic.com/fp/27c8cff38a98f67d9a22cb35142f736c-p_c.jpg,2026-08-31 15:49,For Sale
26843660,9011 Livenshire Dr,75238,Dallas,TX,32.87051,-96.70243,1499000,378.0,,1466600.0,2345.0,4.0,4.0,3965.0,2026.0,8006.328,singleFamily,2,486230.0,2025,https://www.zillow.com,https://photos.zillowstatic.com/fp/411f5534377068d0455085de92f308c6-p_c.jpg,2026-08-31 15:49,For Sale
26845273,11083 Erhard Dr,75228,Dallas,TX,32.84135,-96.65294,535000,122.0,-15000.0,525900.0,4233.0,4.0,4.0,4395.0,1955.0,0.551,singleFamily,110,568010.0,2025,https://www.zillow.com,https://photos.zillowstatic.com/fp/7c845e302a75659d0fc651547d33a645-p_c.jpg,2026-08-31 15:49,For Sale
26792745,10050 Gooding Dr,75229,Dallas,TX,32.88201,-96.843,2699900,443.0,-300000.0,,,5.0,6.0,6100.0,2025.0,0.344,singleFamily,116,1063050.0,2025,https://www.zillow.com,https://photos.zillowstatic.com/fp/e9185bfb300a957216a9364084346b68-p_c.jpg,2026-08-31 15:49,For Sale
26775854,1209 Grinnell St,75216,Dallas,TX,32.696968,-96.807976,269995,141.0,,262100.0,2174.0,4.0,2.0,1915.0,1956.0,9757.44,singleFamily,5,227860.0,2025,https://www.zillow.com,https://photos.zillowstatic.com/fp/bca3e5f9b9ed789dd0a9612bee8d4043-p_c.jpg,2026-08-31 15:49,For Sale
26851994,13640 Rolling Hills Ln,75240,Dallas,TX,32.935123,-96.77358,400000,175.0,,,,4.0,3.0,2288.0,1965.0,9801.0,singleFamily,27,455490.0,2025,https://www.zillow.com,https://photos.zillowstatic.com/fp/d2e2fffee8850d82e5db0993f2380143-p_c.jpg,2026-08-31 15:49,For Sale
26819521,10434 Castlerock Dr,75217,Dallas,TX,32.740562,-96.64452,215000,124.0,-15000.0,211400.0,2084.0,4.0,2.0,1737.0,1967.0,7579.44,singleFamily,59,266360.0,2025,https://www.zillow.com,https://photos.zillowstatic.com/fp/07646d7399bb8a981c35c36dd99a697e-p_c.jpg,2026-08-31 15:49,For Sale
26807172,3581 Woodleigh Dr,75229,Dallas,TX,32.8839,-96.85812,550000,201.0,-49000.0,539000.0,4023.0,5.0,3.0,2733.0,1955.0,10323.72,singleFamily,123,528220.0,2025,https://www.zillow.com,https://photos.zillowstatic.com/fp/b75dfa70a523d912b77a01670d534c78-p_c.jpg,2026-08-31 15:49,For Sale
26755672,6823 Lakehurst Ave,75230,Dallas,TX,32.884495,-96.78743,2650000,457.0,,2543300.0,13995.0,5.0,7.0,5802.0,1999.0,0.344,singleFamily,18,1940730.0,2025,https://www.zillow.com,https://photos.zillowstatic.com/fp/be5e21e5e9d2c1b1bf4facfbe9b2b68c-p_c.jpg,2026-08-31 15:49,For Sale
26703265,6120 Kenwood Ave,75214,Dallas,TX,32.833076,-96.76047,1379000,420.0,-10000.0,,,5.0,3.0,3287.0,1940.0,6795.36,singleFamily,45,1092020.0,2025,https://www.zillow.com,https://photos.zillowstatic.com/fp/20a14bf3208975b111ec9fe4bd049a38-p_c.jpg,2026-08-31 15:49,For Sale
26868720,9406 Hilldale Dr,75231,Dallas,TX,32.889877,-96.74129,959500,351.0,-15500.0,944700.0,6458.0,4.0,4.0,2730.0,1979.0,0.29350000000000004,singleFamily,53,800420.0,2025,https://www.zillow.com,https://photos.zillowstatic.com/fp/4dc973ac4f9cac5e2a24819ea4b14c12-p_c.jpg,2026-08-31 15:49,For Sale
26685421,419 Cameron Ave,75223,Dallas,TX,32.80415,-96.74734,1039000,308.0,-36000.0,,6067.0,4.0,4.0,3374.0,2026.0,6098.0,singleFamily,52,275170.0,2025,https://www.zillow.com,https://photos.zillowstatic.com/fp/9c3fc9e358ca211b79254b657228f8e7-p_c.jpg,2026-08-31 15:49,For Sale
26883134,10115 Laingtree Dr,75243,Dallas,TX,32.920753,-96.70953,475000,196.0,,460800.0,2744.0,4.0,3.0,2420.0,1976.0,9147.6,singleFamily,11,459530.0,2025,https://www.zillow.com,https://photos.zillowstatic.com/fp/07636254056523bbee9a27620dc2170c-p_c.jpg,2026-08-31 15:49,For Sale
26772122,917 De Witt Cir,75224,Dallas,TX,32.720097,-96.83782,285000,190.0,-5000.0,,2217.0,3.0,2.0,1503.0,1953.0,0.252,singleFamily,46,160260.0,2020,https://www.zillow.com,https://photos.zillowstatic.com/fp/74ab85ef3ad816b9f0fbbe3b047a3bb3-p_c.jpg,2026-08-31 15:49,For Sale
26701875,6867 Gaston Ave,75214,Dallas,TX,32.816105,-96.74107,1199950,513.0,-50000.0,,,4.0,3.0,2340.0,1937.0,0.29500000000000004,singleFamily,121,768020.0,2025,https://www.zillow.com,https://photos.zillowstatic.com/fp/aae84fe61aee8d595f640aa09875acb5-p_c.jpg,2026-08-31 15:49,For Sale
26769792,1710 Western Park Dr,75211,Dallas,TX,32.72682,-96.89775,295000,169.0,-5000.0,,,3.0,2.0,1741.0,1965.0,7579.44,singleFamily,113,340000.0,2025,https://www.zillow.com,https://photos.zillowstatic.com/fp/98a82fabb594fbd29ce4f0a9610184ea-p_c.jpg,2026-08-31 15:49,For Sale
26907155,1508 Pocono Trl,75217,Dallas,TX,32.737213,-96.64144,239999,216.0,,236200.0,1583.0,3.0,2.0,1110.0,1982.0,6054.84,singleFamily,0,214470.0,2025,https://www.zillow.com,https://photos.zillowstatic.com/fp/99d16b675ab6b5a6def0662f164a03a6-p_c.jpg,2026-08-31 15:49,For Sale
54012953,3723 White River Dr,75287,Dallas,TX,33.003235,-96.849625,550000,237.0,,537300.0,2846.0,4.0,3.0,2321.0,1997.0,7187.4,singleFamily,3,496905.0,2025,https://www.zillow.com,https://photos.zillowstatic.com/fp/abb2d817352051f32a7d8854c8c57c5d-p_c.jpg,2026-08-31 15:49,For Sale
80239514,5122 Vickery Blvd,75206,Dallas,TX,32.822052,-96.7836,995000,384.0,,954600.0,5410.0,3.0,3.0,2592.0,2005.0,4268.88,singleFamily,3,793930.0,2025,https://www.zillow.com,https://photos.zillowstatic.com/fp/afa3ae729375d8db4bc839feb23d0d69-p_c.jpg,2026-08-31 15:49,For Sale
26691185,2638 Southland St,75215,Dallas,TX,32.75495,-96.75555,348999,218.0,,346900.0,1117.0,3.0,2.0,1600.0,2026.0,7143.84,singleFamily,6,128570.0,2025,https://www.zillow.com,https://photos.zillowstatic.com/fp/bf722d71fc723e2a9657d9bfd8114867-p_c.jpg,2026-08-31 15:49,For Sale
26751475,7920 Goforth Rd,75238,Dallas,TX,32.868027,-96.7285,1185000,492.0,,1130600.0,3476.0,3.0,3.0,2408.0,1981.0,8407.08,singleFamily,21,878450.0,2025,https://www.zillow.com,https://photos.zillowstatic.com/fp/5e4d6c8c510cea6e4a23c152459e082a-p_c.jpg,2026-08-31 15:49,For Sale
26759576,5036 Radbrook Pl,75220,Dallas,TX,32.867332,-96.82502,5995000,708.0,,5963100.0,31286.0,6.0,6.0,8462.0,2015.0,1.08,singleFamily,72,5077000.0,2025,https://www.zillow.com,https://photos.zillowstatic.com/fp/e79327d8aad385ed588ac32212b12973-p_c.jpg,2026-08-31 15:49,For Sale
26845392,9102 Lindaro Ln,75228,Dallas,TX,32.816105,-96.67941,355000,228.0,,345800.0,2137.0,3.0,2.0,1560.0,1957.0,7405.2,singleFamily,1,309990.0,2025,https://www.zillow.com,https://photos.zillowstatic.com/fp/72e1898cb0627b49d76ebc879c567fee-p_c.jpg,2026-08-31 15:49,For Sale
26701636,6402 Westlake Ave,75214,Dallas,TX,32.821693,-96.7527,1699000,420.0,-50999.0,1675400.0,4165.0,4.0,6.0,4045.0,2026.0,7405.2,singleFamily,26,609450.0,2025,https://www.zillow.com,https://photos.zillowstatic.com/fp/127889541df2a14a846a14a021b0180a-p_c.jpg,2026-08-31 15:49,For Sale
444241539,13247 Pandora Dr,75238,Dallas,TX,32.874275,-96.69024,150000,174.0,,,1795.0,2.0,1.0,860.0,1985.0,5052.96,singleFamily,7,,,https://www.zillow.com,https://photos.zillowstatic.com/fp/52b07e4fe9db8eb05917d5f5ef378089-p_c.jpg,2026-08-31 15:49,For Sale
248830465,3541 Kalterra Ct,75219,Dallas,TX,32.813084,-96.80554,665000,321.0,,649500.0,4850.0,3.0,3.0,2070.0,2018.0,1481.04,townhome,18,625000.0,2025,https://www.zillow.com,https://photos.zillowstatic.com/fp/64535bafc5d8c669a93c89df5e19f45c-p_c.jpg,2026-08-31 15:49,For Sale
26909252,9551 Gonzales Dr,75227,Dallas,TX,32.76709,-96.65757,119999,128.0,-4001.0,,1384.0,2.0,1.0,940.0,1982.0,3310.56,singleFamily,153,151670.0,2025,https://www.zillow.com,https://photos.zillowstatic.com/fp/d1895d0b21508743ee374dd4d68db170-p_c.jpg,2026-08-31 15:49,For Sale
26890961,7010 McKamy Blvd,75248,Dallas,TX,32.98315,-96.78468,1199000,302.0,-100000.0,1174900.0,7211.0,5.0,5.0,3966.0,1978.0,0.324,singleFamily,75,1060000.0,2025,https://www.zillow.com,https://photos.zillowstatic.com/fp/dbab2fc0269d01363d658e68d49f1239-p_c.jpg,2026-08-31 15:49,For Sale
26812103,7138 Azalea Ln,75230,Dallas,TX,32.89726,-96.78205,4295000,544.0,,,7164.0,6.0,8.0,7888.0,2010.0,0.49000000000000005,singleFamily,18,2670210.0,2025,https://www.zillow.com,https://photos.zillowstatic.com/fp/c85203b95035e1d1359b6215e6f3328a-p_c.jpg,2026-08-31 15:49,For Sale
26653330,17919 Castle Bend Dr,75287,Dallas,TX,32.99514,-96.831825,1100000,261.0,,1057000.0,5525.0,4.0,4.0,4209.0,1993.0,0.25,singleFamily,55,944840.0,2025,https://www.zillow.com,https://photos.zillowstatic.com/fp/d847ccb2e53242968ff4bf1d24b80730-p_c.jpg,2026-08-31 15:49,For Sale
26845328,10216 Plummer Dr,75228,Dallas,TX,32.837864,-96.653984,456400,216.0,,448200.0,3258.0,3.0,3.0,2114.0,1956.0,0.40199999999999997,singleFamily,16,377800.0,2025,https://www.zillow.com,https://photos.zillowstatic.com/fp/603df4b08bc9717464ba2a1cdcea6dc3-p_c.jpg,2026-08-31 15:49,For Sale
26736375,3819 Wemdon Dr,75220,Dallas,TX,32.86563,-96.85217,1300000,267.0,,1277800.0,5729.0,6.0,8.0,4870.0,2024.0,9321.84,singleFamily,45,1605800.0,2025,https://www.zillow.com,https://photos.zillowstatic.com/fp/7a5f48f0b4fe34073f43f01f11cc250f-p_c.jpg,2026-08-31 15:49,For Sale
26760260,5726 W Hanover Ave,75209,Dallas,TX,32.854946,-96.81413,2299000,634.0,-100000.0,2206500.0,6803.0,4.0,4.0,3629.0,2012.0,7492.32,singleFamily,29,1889000.0,2025,https://www.zillow.com,https://photos.zillowstatic.com/fp/45793b860da0cfe4db5b2c96ee9dd9ed-p_c.jpg,2026-08-31 15:49,For Sale
26864424,9827 Vistadale Dr,75238,Dallas,TX,32.8887,-96.71662,784999,320.0,,759600.0,4275.0,4.0,3.0,2456.0,1966.0,8799.12,singleFamily,10,765280.0,2025,https://www.zillow.com,https://photos.zillowstatic.com/fp/970645e34c3c546c178d5f958fd1e0e7-p_c.jpg,2026-08-31 15:49,For Sale
26860038,8034 Greenhollow Ln,75240,Dallas,TX,32.93785,-96.76769,418000,200.0,,407300.0,3613.0,5.0,3.0,2086.0,1961.0,8102.16,singleFamily,108,314120.0,2025,https://www.zillow.com,https://photos.zillowstatic.com/fp/d99684671c4bcd078842ebe66e66f571-p_c.jpg,2026-08-31 15:49,For Sale
26678465,5020 Junius St,75214,Dallas,TX,32.80122,-96.76551,700000,272.0,,679500.0,4138.0,3.0,3.0,2577.0,1913.0,6664.68,singleFamily,32,765800.0,2025,https://www.zillow.com,https://photos.zillowstatic.com/fp/3c1bfafcff6cf03878aef5ccf8d4620d-p_c.jpg,2026-08-31 15:49,For Sale
26689423,717 Ridgeway St,75214,Dallas,TX,32.8086,-96.75718,1350000,508.0,,1274100.0,5195.0,3.0,4.0,2656.0,1923.0,8058.6,singleFamily,93,745660.0,2025,https://www.zillow.com,https://photos.zillowstatic.com/fp/760b91f38c0bb791a9116fb08d8441e8-p_c.jpg,2026-08-31 15:49,For Sale
26788391,4125 Highgrove Dr,75220,Dallas,TX,32.869244,-96.84151,2995000,497.0,,3207500.0,4884.0,5.0,7.0,6021.0,2026.0,0.29,singleFamily,3,450000.0,2025,https://www.zillow.com,https://photos.zillowstatic.com/fp/9d7e93fd5f7d4562e4fdf23e91998083-p_c.jpg,2026-08-31 15:49,For Sale
26681499,2604 Birmingham Ave,75215,Dallas,TX,32.76509,-96.767845,250000,209.0,-20000.0,248500.0,1495.0,3.0,2.0,1196.0,1998.0,6969.6,singleFamily,143,264010.0,2025,https://www.zillow.com,https://photos.zillowstatic.com/fp/3e0477dc8b27d5fe64af0541c6421f17-p_c.jpg,2026-08-31 15:49,For Sale
26889684,6502 Riverview Ln,75248,Dallas,TX,32.974606,-96.79891,975000,254.0,,952200.0,5514.0,4.0,3.0,3846.0,1980.0,0.26599999999999996,singleFamily,75,1018610.0,2025,https://www.zillow.com,https://photos.zillowstatic.com/fp/2cc1f7f9dd70de79db086c9f7aa457d8-p_c.jpg,2026-08-31 15:49,For Sale
26872780,6626 Harvest Glen Dr,75248,Dallas,TX,32.950302,-96.79587,1029500,320.0,,990700.0,5730.0,4.0,4.0,3222.0,1977.0,0.344,singleFamily,38,1054580.0,2025,https://www.zillow.com,https://photos.zillowstatic.com/fp/d49af7d1c31fbfa37e071a50dd143b0f-p_c.jpg,2026-08-31 15:49,For Sale
26704599,5332 Longview St,75206,Dallas,TX,32.830578,-96.778336,739000,357.0,-20000.0,,,3.0,3.0,2068.0,2005.0,3963.96,singleFamily,112,731620.0,2025,https://www.zillow.com,https://photos.zillowstatic.com/fp/4390a125fc11517c3b759ed69c99bcae-p_c.jpg,2026-08-31 15:49,For Sale
26806783,10148 Hedgeway Dr,75229,Dallas,TX,32.88461,-96.84844,3369999,503.0,,3275500.0,6572.0,5.0,8.0,6705.0,2026.0,0.3736,singleFamily,13,660000.0,2025,https://www.zillow.com,https://photos.zillowstatic.com/fp/b47dc2c5c5da351d7ee36e4a2f3e3f61-p_c.jpg,2026-08-31 15:49,For Sale
463650776,4418 Myrtle,75210,Dallas,TX,32.75643,-96.75614,224900,177.0,-5000.0,224700.0,1878.0,3.0,2.0,1268.0,2026.0,6250.86,singleFamily,58,,,https://www.zillow.com,https://photos.zillowstatic.com/fp/3bf5e8c69b3cc8499afa4f5a2075f4cc-p_c.jpg,2026-08-31 15:49,For Sale
26881106,4316 Rickover Dr,75244,Dallas,TX,32.917934,-96.83574,1695000,501.0,,1648100.0,6080.0,4.0,4.0,3386.0,2024.0,0.302,singleFamily,33,913200.0,2025,https://www.zillow.com,https://photos.zillowstatic.com/fp/7156a0d4b2260de9dfe292be30a3d9b4-p_c.jpg,2026-08-31 15:49,For Sale
96523561,48 Ash Bluff Ln,75248,Dallas,TX,32.976192,-96.812775,5850000,813.0,-145000.0,,,5.0,6.0,7194.0,2013.0,0.8099999999999999,singleFamily,144,4200000.0,2025,https://www.zillow.com,https://photos.zillowstatic.com/fp/0917223857efba198bb157b8446390cf-p_c.jpg,2026-08-31 15:49,For Sale
26785636,5320 Elkridge Dr,75227,Dallas,TX,32.790108,-96.705605,385000,173.0,-10000.0,378700.0,5000.0,3.0,3.0,2226.0,1966.0,8581.32,singleFamily,143,374960.0,2025,https://www.zillow.com,https://photos.zillowstatic.com/fp/255ad6ddea9b011366c20de836a8b447-p_c.jpg,2026-08-31 15:49,For Sale
26757013,11219 Leachman Cir,75229,Dallas,TX,32.900352,-96.82221,4995000,913.0,-255000.0,4665500.0,8401.0,5.0,6.0,5470.0,1972.0,0.594,singleFamily,188,4604060.0,2025,https://www.zillow.com,https://photos.zillowstatic.com/fp/2056db3dc523d4f90aca7f3a26c19ee3-p_c.jpg,2026-08-31 15:49,For Sale
26809826,3193 Northaven Rd,75229,Dallas,TX,32.903557,-96.8707,950000,331.0,-50000.0,906700.0,5192.0,4.0,5.0,2874.0,1960.0,0.29,singleFamily,27,501650.0,2025,https://www.zillow.com,https://photos.zillowstatic.com/fp/cb2fbb02cdd75125c6a4f323bf91e54a-p_c.jpg,2026-08-31 15:49,For Sale
26872410,15151 Berry Trl APT 1501,75248,Dallas,TX,32.953655,-96.80077,210000,157.0,,209200.0,2425.0,2.0,3.0,1334.0,1980.0,5.069,condo,5,271650.0,2025,https://www.zillow.com,https://photos.zillowstatic.com/fp/e60013a9b4f3edec48030b1eb912d45f-p_c.jpg,2026-08-31 15:49,For Sale
26804625,12042 Shirestone Ln,75244,Dallas,TX,32.91352,-96.822,1899000,472.0,-100000.0,1801900.0,7712.0,5.0,5.0,4020.0,1975.0,0.369,singleFamily,31,863320.0,2025,https://www.zillow.com,https://photos.zillowstatic.com/fp/467a1c763f93b338ef1840223821a88a-p_c.jpg,2026-08-31 15:49,For Sale
26810197,3755 Northview Ln,75229,Dallas,TX,32.903606,-96.8534,2150000,431.0,,2062500.0,8586.0,6.0,7.0,4986.0,2016.0,0.37,singleFamily,143,1767120.0,2025,https://www.zillow.com,https://photos.zillowstatic.com/fp/215058cdfea357c963d16d15c06ad0ed-p_c.jpg,2026-08-31 15:49,For Sale
26800690,8522 Del Monte Dr,75217,Dallas,TX,32.73802,-96.674866,190000,197.0,,189400.0,1514.0,2.0,1.0,965.0,1950.0,8363.52,singleFamily,5,193260.0,2025,https://www.zillow.com,https://photos.zillowstatic.com/fp/def8e9f067d2e5cab05f02eb2b77cac9-p_c.jpg,2026-08-31 15:49,For Sale
26827133,3811 Laurel Canyon Dr,75233,Dallas,TX,32.69232,-96.882416,275000,145.0,-25000.0,267400.0,2535.0,3.0,2.0,1891.0,1967.0,0.26599999999999996,singleFamily,53,322680.0,2025,https://www.zillow.com,https://photos.zillowstatic.com/fp/11ea3fbd9652eb914d00af32677efcf5-p_c.jpg,2026-08-31 15:49,For Sale
26870729,6517 Briarmeade Dr,75254,Dallas,TX,32.949684,-96.79172,974900,202.0,-20100.0,,7342.0,5.0,5.0,4834.0,1971.0,0.41500000000000004,singleFamily,20,970000.0,2025,https://www.zillow.com,https://photos.zillowstatic.com/fp/a06b7c98010decb323873a205c67753b-p_c.jpg,2026-08-31 15:49,For Sale
26748716,6238 E Lovers Ln,75214,Dallas,TX,32.850662,-96.75596,699000,325.0,,672100.0,3645.0,4.0,3.0,2149.0,1971.0,8450.64,singleFamily,2,631570.0,2025,https://www.zillow.com,https://photos.zillowstatic.com/fp/f432be66d488ddba0996a269cab47861-p_c.jpg,2026-08-31 15:49,For Sale
26905973,31 Robledo Dr,75230,Dallas,TX,32.908936,-96.79856,8499000,1062.0,,,,5.0,7.0,8000.0,1993.0,1.02,singleFamily,11,2994600.0,2025,https://www.zillow.com,https://photos.zillowstatic.com/fp/979cc6555133bcf480fa373feac69576-p_c.jpg,2026-08-31 15:49,For Sale
26809013,10923 Marsh Ln,75229,Dallas,TX,32.897175,-96.85655,1399000,368.0,,1362800.0,6720.0,4.0,4.0,3801.0,2024.0,0.371,singleFamily,26,1514900.0,2025,https://www.zillow.com,https://photos.zillowstatic.com/fp/1e6e58af65ac3627734ea93eab94bd4b-p_c.jpg,2026-08-31 15:49,For Sale
26905678,2330 John McCoy Dr,75227,Dallas,TX,32.75454,-96.68816,209000,132.0,,206500.0,1977.0,3.0,2.0,1582.0,2001.0,6403.32,singleFamily,11,284250.0,2025,https://www.zillow.com,https://photos.zillowstatic.com/fp/1824259dea9d810887dafbd1b68b36dc-p_c.jpg,2026-08-31 15:49,For Sale
26883107,12717 Hornbeam Dr,75243,Dallas,TX,32.920685,-96.70821,320500,159.0,-495.0,318000.0,2258.0,3.0,2.0,2015.0,1983.0,0.29,singleFamily,177,314410.0,2025,https://www.zillow.com,https://photos.zillowstatic.com/fp/9acfcd7808d80fc9f36b6108b0a3928e-p_c.jpg,2026-08-31 15:49,For Sale
26715022,2014 Arizona Ave,75216,Dallas,TX,32.723324,-96.817696,125000,112.0,,,1730.0,2.0,1.0,1120.0,1940.0,8363.52,singleFamily,9,255310.0,2025,https://www.zillow.com,https://photos.zillowstatic.com/fp/338d95f7410380e3b58edda68e75b1af-p_c.jpg,2026-08-31 15:49,For Sale
26821845,4111 Mehalia Dr,75241,Dallas,TX,32.67352,-96.75286,144900,96.0,-5000.0,,1819.0,2.0,2.0,1508.0,1962.0,7448.76,singleFamily,143,218720.0,2025,https://www.zillow.com,https://photos.zillowstatic.com/fp/cf928adb70fec88581044a211146d22d-p_c.jpg,2026-08-31 15:49,For Sale
26751704,7639 Lovers Ln,75225,Dallas,TX,32.85137,-96.775406,1500000,523.0,-50000.0,1459300.0,6546.0,4.0,4.0,2868.0,1946.0,8407.08,singleFamily,177,1269230.0,2025,https://www.zillow.com,https://photos.zillowstatic.com/fp/c51ed64711996573f7948e47031794ca-p_c.jpg,2026-08-31 15:49,For Sale
26657129,5103 Lincolnshire Ct,75287,Dallas,TX,33.002506,-96.82194,1679000,335.0,-20000.0,1602800.0,5866.0,6.0,7.0,5007.0,1993.0,10018.8,singleFamily,38,1231218.0,2025,https://www.zillow.com,https://photos.zillowstatic.com/fp/34cf8c606975ced79bfaa28b5e215272-p_c.jpg,2026-08-31 15:49,For Sale
26928406,15889 Preston Rd APT 1009,75248,Dallas,TX,32.9628,-96.80703,160000,214.0,,144900.0,1193.0,1.0,1.0,748.0,1983.0,9.414,condo,1,187000.0,2025,https://www.zillow.com,https://photos.zillowstatic.com/fp/3c6030d923ba9a3343a8f5bca4c59d49-p_c.jpg,2026-08-31 15:49,For Sale
162175878,5457 Bonita Ave,75206,Dallas,TX,32.818462,-96.77495,2075000,487.0,-124995.0,2016600.0,6602.0,4.0,5.0,4265.0,2026.0,7753.68,singleFamily,114,606610.0,2025,https://www.zillow.com,https://photos.zillowstatic.com/fp/d4210397d494231283b746598c8fefc0-p_c.jpg,2026-08-31 15:49,For Sale
26851086,11026 McCree Rd,75238,Dallas,TX,32.87435,-96.69238,500000,239.0,,489000.0,3255.0,4.0,2.0,2096.0,1974.0,7971.48,singleFamily,2,400000.0,2025,https://www.zillow.com,https://photos.zillowstatic.com/fp/1bff73fd90a781770bcc44fe47f17c33-p_c.jpg,2026-08-31 15:49,For Sale
26696257,907 Monte Vista Dr,75223,Dallas,TX,32.803738,-96.74064,799000,389.0,,,,3.0,2.0,2052.0,1945.0,7666.56,singleFamily,26,820310.0,2025,https://www.zillow.com,https://photos.zillowstatic.com/fp/fe55c7228b152012230ec23ac8f7e278-p_c.jpg,2026-08-31 15:49,For Sale
26873200,15905 Longvista Dr,75248,Dallas,TX,32.96533,-96.78599,775000,356.0,,,,4.0,2.0,2174.0,1972.0,9931.68,singleFamily,23,537870.0,2025,https://www.zillow.com,https://photos.zillowstatic.com/fp/2329465a5215e9a46d15bbaf28b62e77-p_c.jpg,2026-08-31 15:49,For Sale
26922720,5740 Martel Ave APT A13,75206,Dallas,TX,32.830986,-96.76839,259900,281.0,-20000.0,255900.0,1779.0,2.0,2.0,925.0,1983.0,1.04,condo,73,254380.0,2025,https://www.zillow.com,https://photos.zillowstatic.com/fp/94957f4f95e4487f2224b0e84ff00b21-p_c.jpg,2026-08-31 15:49,For Sale
26878494,6451 Moonhill Dr,75241,Dallas,TX,32.66149,-96.76671,147000,98.0,-7300.0,,,4.0,2.0,1499.0,1971.0,7143.84,singleFamily,166,227190.0,2025,https://www.zillow.com,https://photos.zillowstatic.com/fp/2264eb83b44a16cbc048154f863bbf48-p_c.jpg,2026-08-31 15:49,For Sale
26759674,9525 Alva Ct,75220,Dallas,TX,32.87314,-96.81626,9600000,870.0,-300000.0,8886900.0,7728.0,6.0,9.0,11037.0,2002.0,0.844,singleFamily,105,7000000.0,2025,https://www.zillow.com,https://photos.zillowstatic.com/fp/1af6a1b29c22fa9d3cf7f5391b89367d-p_c.jpg,2026-08-31 15:49,For Sale
26826103,1917 Shady Glen Ln,75232,Dallas,TX,32.678864,-96.851944,269000,143.0,,264600.0,2419.0,3.0,2.0,1884.0,1968.0,7971.48,singleFamily,22,298740.0,2025,https://www.zillow.com,https://photos.zillowstatic.com/fp/8ed75df5063a4bd6a513e76c96cba273-p_c.jpg,2026-08-31 15:49,For Sale
67970799,14900 Lasater Rd Trailer 365,75253,Dallas,TX,32.67054,-96.613106,55000,42.0,,,1893.0,3.0,2.0,1300.0,1998.0,,manufactured,58,5160.0,2025,https://www.zillow.com,https://photos.zillowstatic.com/fp/5030b7015d2d4e961895947f902e1b76-p_c.jpg,2026-08-31 15:49,For Sale
26754400,6828 Chevy Chase Ave,75225,Dallas,TX,32.871284,-96.78751,2395000,522.0,,,,4.0,5.0,4587.0,2007.0,9626.76,singleFamily,14,2243180.0,2025,https://www.zillow.com,https://photos.zillowstatic.com/fp/21605d514d3f34cf208feecc0f2a828d-p_c.jpg,2026-08-31 15:49,For Sale
464878553,10852 Strait Lane Cir,75229,Dallas,TX,32.896324,-96.82419,5499000,1008.0,,,,4.0,6.0,5453.0,2014.0,0.67,singleFamily,0,,,https://www.zillow.com,https://photos.zillowstatic.com/fp/0cf483ea9c7679e34cea131289629027-p_c.jpg,2026-08-31 15:49,For Sale
26751108,7329 Edgerton Dr,75231,Dallas,TX,32.857544,-96.73505,550000,274.0,-35000.0,544400.0,3741.0,4.0,3.0,2006.0,1960.0,7766.748,singleFamily,164,566090.0,2025,https://www.zillow.com,https://photos.zillowstatic.com/fp/a8746595e435f258fa3ac003af6247c7-p_c.jpg,2026-08-31 15:49,For Sale
26780263,4106 Boulder Dr,75233,Dallas,TX,32.693462,-96.87376,600000,166.0,-14999.0,584600.0,4398.0,5.0,4.0,3612.0,1963.0,0.47900000000000004,singleFamily,52,600000.0,2025,https://www.zillow.com,https://photos.zillowstatic.com/fp/4ff8445a0d22ab5dbd67ff6c05ad8b41-p_c.jpg,2026-08-31 15:49,For Sale
67957487,6940 Chapelridge Dr,75249,Dallas,TX,32.657593,-96.94592,420000,134.0,-10000.0,415700.0,3788.0,4.0,3.0,3141.0,2003.0,5706.36,singleFamily,32,468610.0,2025,https://www.zillow.com,https://photos.zillowstatic.com/fp/18ff73fe65953a00d14194d18502daa1-p_c.jpg,2026-08-31 15:49,For Sale
26747570,6262 E University Blvd,75214,Dallas,TX,32.846336,-96.75549,675000,332.0,-54900.0,657500.0,4522.0,3.0,2.0,2031.0,1961.0,10018.8,singleFamily,94,727870.0,2025,https://www.zillow.com,https://photos.zillowstatic.com/fp/5441153b317e10aecd83be7af9a3b72d-p_c.jpg,2026-08-31 15:49,For Sale
26740599,8222 San Leandro Dr,75218,Dallas,TX,32.81029,-96.71481,3300000,621.0,-100000.0,3161900.0,7618.0,5.0,6.0,5314.0,2026.0,0.3,singleFamily,165,846570.0,2025,https://www.zillow.com,https://photos.zillowstatic.com/fp/a08399bf3955d64af9c50831556fd794-p_c.jpg,2026-08-31 15:49,For Sale
26858959,12124 Dixfield Dr,75218,Dallas,TX,32.861023,-96.69584,775000,355.0,-14000.0,750700.0,3280.0,3.0,3.0,2183.0,1969.0,7927.92,singleFamily,24,575450.0,2025,https://www.zillow.com,https://photos.zillowstatic.com/fp/29317a17f38b2376200085abdecfa712-p_c.jpg,2026-08-31 15:49,For Sale
26892307,7105 Pineberry Rd,75249,Dallas,TX,32.636818,-96.9457,185000,151.0,-14000.0,183900.0,1551.0,2.0,2.0,1227.0,1981.0,5140.08,singleFamily,107,210150.0,2025,https://www.zillow.com,https://photos.zillowstatic.com/fp/75724265ff120ff4fd9b8f455d307231-p_c.jpg,2026-08-31 15:49,For Sale
26793751,7326 Maringo Dr,75227,Dallas,TX,32.754257,-96.697395,335000,155.0,,329300.0,1944.0,4.0,3.0,2157.0,1954.0,0.33299999999999996,singleFamily,5,326190.0,2025,https://www.zillow.com,https://photos.zillowstatic.com/fp/9f92c1810e6858074dcd229c1b8a6010-p_c.jpg,2026-08-31 15:49,For Sale
26807764,3240 Chapel Downs Dr,75229,Dallas,TX,32.88448,-96.8677,489000,211.0,-51000.0,475700.0,4025.0,4.0,3.0,2316.0,1962.0,10018.8,singleFamily,38,473420.0,2025,https://www.zillow.com,https://photos.zillowstatic.com/fp/c866ed8415760ed83fd04b15bbb54a0d-p_c.jpg,2026-08-31 15:49,For Sale
26807199,10255 Timber Trail Dr,75229,Dallas,TX,32.88647,-96.85776,599000,230.0,-11000.0,586500.0,4376.0,4.0,3.0,2599.0,1964.0,0.48100000000000004,singleFamily,32,762610.0,2025,https://www.zillow.com,https://photos.zillowstatic.com/fp/96d6bda3665d3b7823e9e2dd8ab63b58-p_c.jpg,2026-08-31 15:49,For Sale
27330641,2303 Silverthorne Dr,75287,Dallas,TX,32.994152,-96.87264,354990,246.0,,,2369.0,3.0,2.0,1444.0,1983.0,9365.4,singleFamily,19,380144.0,2025,https://www.zillow.com,https://photos.zillowstatic.com/fp/655dde5907a6ed34d0324fba77ff7e61-p_c.jpg,2026-08-31 15:49,For Sale
67951368,9435 Inwood Rd,75220,Dallas,TX,32.872078,-96.82184,4595000,810.0,,,,4.0,5.0,5676.0,2004.0,0.9919999999999999,singleFamily,23,2802200.0,2025,https://www.zillow.com,https://photos.zillowstatic.com/fp/ca79ee91d23c90b3a8daa939f7b8f948-p_c.jpg,2026-08-31 15:49,For Sale
26702900,5947 Mercedes Ave,75206,Dallas,TX,32.828197,-96.76381,929000,447.0,-20000.0,912200.0,4072.0,3.0,2.0,2076.0,1948.0,7100.28,singleFamily,123,793000.0,2025,https://www.zillow.com,https://photos.zillowstatic.com/fp/2bd31d06d3e217f35d098b3b3aa350c7-p_c.jpg,2026-08-31 15:49,For Sale
26914286,6220 Parkstone Way,75249,Dallas,TX,32.64641,-96.965645,335000,182.0,,,2473.0,3.0,2.0,1840.0,1999.0,8500.0,singleFamily,4,285000.0,2025,https://www.zillow.com,https://photos.zillowstatic.com/fp/62452e12320053c096882d371ea8aad9-p_c.jpg,2026-08-31 15:49,For Sale
26890308,10216 Shadow Way,75243,Dallas,TX,32.914364,-96.710434,515000,200.0,,503200.0,2820.0,4.0,3.0,2579.0,1983.0,10349.856,singleFamily,11,490000.0,2025,https://www.zillow.com,https://photos.zillowstatic.com/fp/07b65f205b7e5b77033bb90f0d4568fc-p_c.jpg,2026-08-31 15:49,For Sale
55827313,2011 Cedar Springs Rd APT 606,75201,Dallas,TX,32.791203,-96.80547,2750000,591.0,-100000.0,2582400.0,7467.0,2.0,3.0,4655.0,1999.0,0.981,condo,226,2630080.0,2025,https://www.zillow.com,https://photos.zillowstatic.com/fp/4b32446b54d460499210c02631c189bd-p_c.jpg,2026-08-31 15:49,For Sale
26701363,6903 La Vista Dr,75214,Dallas,TX,32.81157,-96.74112,2499000,497.0,,,,5.0,6.0,5030.0,2025.0,8668.44,singleFamily,11,650480.0,2025,https://www.zillow.com,https://photos.zillowstatic.com/fp/186065c6fd569cf0410d6ad95f11e231-p_c.jpg,2026-08-31 15:49,For Sale
96504502,2634 Bainbridge Dr,75237,Dallas,TX,32.663048,-96.862625,619000,259.0,,,,5.0,4.0,2391.0,2026.0,0.619,singleFamily,151,85000.0,2025,https://www.zillow.com,https://photos.zillowstatic.com/fp/8ab790a1b46991a2bac06a13167a2a4c-p_c.jpg,2026-08-31 15:49,For Sale
80240597,5950 Lindenshire Ln APT 302,75230,Dallas,TX,32.912006,-96.80616,435000,343.0,,416600.0,2246.0,2.0,3.0,1270.0,1990.0,1.7409,townhome,4,400050.0,2025,https://www.zillow.com,https://photos.zillowstatic.com/fp/5a9a3bd6fac5c48a110d0c9da1e168af-p_c.jpg,2026-08-31 15:49,For Sale
26891206,7326 Boisenberry Ln,75249,Dallas,TX,32.646145,-96.95055,270000,183.0,,246600.0,2393.0,4.0,3.0,1476.0,1979.0,9487.368,singleFamily,1,246330.0,2025,https://www.zillow.com,https://photos.zillowstatic.com/fp/5565160035419de72101b8b8f51b634c-p_c.jpg,2026-08-31 15:49,For Sale
26751222,7248 Walling Ln,75231,Dallas,TX,32.86,-96.73492,696000,329.0,,686800.0,4331.0,4.0,4.0,2116.0,1955.0,9234.72,singleFamily,2,696860.0,2025,https://www.zillow.com,https://photos.zillowstatic.com/fp/a1f40fa08f0f6e0aa3f96b2708b7e2b1-p_c.jpg,2026-08-31 15:49,For Sale
26867721,8710 Sanshire Ave,75231,Dallas,TX,32.880333,-96.74547,949000,351.0,-146000.0,,,4.0,3.0,2703.0,1982.0,10410.84,singleFamily,6,742000.0,2025,https://www.zillow.com,https://photos.zillowstatic.com/fp/0c98f5d313b4a18bcd5684082873a88e-p_c.jpg,2026-08-31 15:49,For Sale
26834604,4107 Vineyard Dr,75212,Dallas,TX,32.79156,-96.87639,450000,211.0,,,,4.0,2.0,2130.0,1965.0,7230.96,singleFamily,3,145000.0,2025,https://www.zillow.com,https://photos.zillowstatic.com/fp/5c32ea3295f422bd335a45677b223ea9-p_c.jpg,2026-08-31 15:49,For Sale
26643578,4219 Hollow Oak Dr,75287,Dallas,TX,32.997143,-96.83762,850000,196.0,-19850.0,841700.0,5752.0,5.0,4.0,4327.0,1989.0,8712.0,singleFamily,486,942154.0,2025,https://www.zillow.com,https://photos.zillowstatic.com/fp/fde7a660e79c44058378e3a2925a2f1a-p_c.jpg,2026-08-31 15:49,For Sale
2088689395,8560 Park Ln APT 75,75231,Dallas,TX,32.868908,-96.755615,135000,104.0,-5000.0,,1492.0,2.0,3.0,1299.0,1974.0,6.129,condo,88,,,https://www.zillow.com,https://photos.zillowstatic.com/fp/48934a1b8cd003e588a8897d609abaf8-p_c.jpg,2026-08-31 15:49,For Sale
26757872,5111 Meaders Ln,75229,Dallas,TX,32.885555,-96.820595,5600000,626.0,,,,6.0,8.0,8949.0,1953.0,0.9199999999999999,singleFamily,97,3082930.0,2025,https://www.zillow.com,https://photos.zillowstatic.com/fp/48bf463ac9d8c29716216aca7734d41c-p_c.jpg,2026-08-31 15:49,For Sale
26712191,1815 W Brooklyn Ave,75208,Dallas,TX,32.739494,-96.84982,298500,256.0,-11400.0,290100.0,1858.0,2.0,2.0,1164.0,1924.0,2395.8,multiFamily,69,292530.0,2025,https://www.zillow.com,https://photos.zillowstatic.com/fp/b10ffe5c909b6ad11ddb4213a923cb60-p_c.jpg,2026-08-31 15:49,For Sale
26852454,13723 Far Hills Ln,75240,Dallas,TX,32.934837,-96.77667,1650000,389.0,,1611100.0,7061.0,5.0,6.0,4246.0,2026.0,10062.36,singleFamily,19,562410.0,2025,https://www.zillow.com,https://photos.zillowstatic.com/fp/15f5257895bd237ad1cd15a4792330e2-p_c.jpg,2026-08-31 15:49,For Sale
26690351,5645 Vickery Blvd,75206,Dallas,TX,32.822723,-96.77035,1700000,527.0,1000.0,,,4.0,3.0,3227.0,2014.0,8494.2,singleFamily,95,1543690.0,2025,https://www.zillow.com,https://photos.zillowstatic.com/fp/faa22aa792b686f17f213d793cf6669e-p_c.jpg,2026-08-31 15:49,For Sale
26803542,5709 Forest Ln,75230,Dallas,TX,32.909958,-96.81026,1140000,395.0,-9000.0,1107300.0,6352.0,4.0,3.0,2883.0,1962.0,0.483,singleFamily,130,993250.0,2025,https://www.zillow.com,https://photos.zillowstatic.com/fp/0d65427a00c263276a382ccf56a5e63e-p_c.jpg,2026-08-31 15:49,For Sale
26924862,4221 Cole Ave APT 206,75205,Dallas,TX,32.817375,-96.79252,350000,286.0,,345400.0,2930.0,2.0,2.0,1225.0,1983.0,0.413,condo,2,361380.0,2025,https://www.zillow.com,https://photos.zillowstatic.com/fp/66a162a573b342e67ae47fb37425e276-p_c.jpg,2026-08-31 15:49,For Sale
26931431,9805 Walnut St #204,75243,Dallas,TX,32.922836,-96.71392,75000,84.0,,,1426.0,2.0,2.0,894.0,1981.0,8.814,condo,73,107280.0,2025,https://www.zillow.com,https://photos.zillowstatic.com/fp/53a06c38540d731cb0f744baf7d8ab7e-p_c.jpg,2026-08-31 15:49,For Sale
69677129,1122 Jackson St APT 709,75202,Dallas,TX,32.778316,-96.80129,265000,239.0,-10000.0,255100.0,2185.0,1.0,1.0,1111.0,1925.0,0.984,condo,31,227760.0,2025,https://www.zillow.com,https://photos.zillowstatic.com/fp/311fedb097845313e9484e9f7b7dbb74-p_c.jpg,2026-08-31 15:49,For Sale
26828018,4651 Timber Wood Dr,75211,Dallas,TX,32.72014,-96.89836,309900,145.0,-20000.0,304100.0,2949.0,5.0,4.0,2144.0,1963.0,8973.36,singleFamily,26,237090.0,2025,https://www.zillow.com,https://photos.zillowstatic.com/fp/23790aa56fe652e0c971e26a90f297df-p_c.jpg,2026-08-31 15:49,For Sale
26752447,9539 Boedeker Dr,75225,Dallas,TX,32.878326,-96.779015,2995000,532.0,-495000.0,2886200.0,7792.0,6.0,8.0,5630.0,2026.0,0.3306,singleFamily,58,689720.0,2025,https://www.zillow.com,https://photos.zillowstatic.com/fp/a45c0314d0f00e38ad99c75efe8409b6-p_c.jpg,2026-08-31 15:49,For Sale
26745326,11214 Ulloa Ln,75228,Dallas,TX,32.848614,-96.66847,225000,210.0,,184300.0,1910.0,3.0,1.0,1072.0,1952.0,7997.616,singleFamily,0,221930.0,2025,https://www.zillow.com,https://photos.zillowstatic.com/fp/c955ec87b01e4090cc696d526f3248e4-p_c.jpg,2026-08-31 15:49,For Sale
26729241,1518 Oak Knoll St,75208,Dallas,TX,32.762928,-96.83254,1330000,418.0,-15000.0,1283900.0,7271.0,4.0,4.0,3180.0,1948.0,0.29200000000000004,singleFamily,103,1895320.0,2025,https://www.zillow.com,https://photos.zillowstatic.com/fp/fca8bb69f60de8b0346af815b3e86b4c-p_c.jpg,2026-08-31 15:49,For Sale
26866539,9624 Greensprint Dr,75238,Dallas,TX,32.88456,-96.72177,1250000,282.0,-50000.0,,,4.0,5.0,4436.0,1980.0,9452.52,singleFamily,44,993500.0,2025,https://www.zillow.com,https://photos.zillowstatic.com/fp/d29680764065905fb9af72becd7d341e-p_c.jpg,2026-08-31 15:49,For Sale
26785496,5842 Marview Ln,75227,Dallas,TX,32.78434,-96.70184,265000,137.0,,,,3.0,2.0,1934.0,1970.0,8400.0,singleFamily,6,323250.0,2025,https://www.zillow.com,https://photos.zillowstatic.com/fp/9467dc443c8a3e33d03d7580e8ac83ea-p_c.jpg,2026-08-31 15:49,For Sale
464928299,1332 Lago Vista Ct,75009,Celina,TX,32.70749,-96.898544,1544625,375.0,,,,4.0,3.0,4119.0,2027.0,1.01,singleFamily,0,,,https://www.zillow.com,https://photos.zillowstatic.com/fp/ac55ce1fa0c8ee208880a16e6a5afcc1-p_c.jpg,2026-08-31 15:49,For Sale
26769425,4474 Moler St,75211,Dallas,TX,32.730225,-96.89457,125000,137.0,,,,3.0,1.0,912.0,1958.0,6969.6,singleFamily,5,179600.0,2025,https://www.zillow.com,https://photos.zillowstatic.com/fp/59be5c37d86d4da87285d151abe2130c-p_c.jpg,2026-08-31 15:49,For Sale
26908613,10347 Carolina Oaks Dr,75227,Dallas,TX,32.752884,-96.64401,152000,127.0,-2000.0,150300.0,1905.0,3.0,2.0,1200.0,1999.0,4660.92,singleFamily,53,238520.0,2025,https://www.zillow.com,https://photos.zillowstatic.com/fp/92b10d65cf9ca57d3f6a1b7eaaf74a04-p_c.jpg,2026-08-31 15:49,For Sale
26789299,10718 Morning Glory Dr,75229,Dallas,TX,32.892838,-96.84248,3850000,578.0,,3820600.0,5428.0,6.0,7.0,6659.0,1959.0,0.44300000000000006,singleFamily,5,1013210.0,2025,https://www.zillow.com,https://photos.zillowstatic.com/fp/41f5d7781153f375aa01762bcb7507b7-p_c.jpg,2026-08-31 15:49,For Sale
248831376,2127 Clark St APT 106,75204,Dallas,TX,32.79612,-96.79518,849500,369.0,,819200.0,5318.0,3.0,3.0,2305.0,2016.0,8276.4,townhome,10,676190.0,2025,https://www.zillow.com,https://photos.zillowstatic.com/fp/a1e49680d26113865cca828ddca39a46-p_c.jpg,2026-08-31 15:49,For Sale
26841344,2305 Lockhart Ave,75228,Dallas,TX,32.820423,-96.6774,290000,176.0,,285500.0,2209.0,4.0,3.0,1650.0,1954.0,8842.68,singleFamily,2,329060.0,2025,https://www.zillow.com,https://photos.zillowstatic.com/fp/30cef22283a0c4a6799f3032655ac29c-p_c.jpg,2026-08-31 15:49,For Sale
162362971,9606 Glenacre Ln,75243,Dallas,TX,32.895626,-96.724464,400000,191.0,,388000.0,2298.0,3.0,3.0,2094.0,1978.0,3876.84,singleFamily,27,388170.0,2025,https://www.zillow.com,https://photos.zillowstatic.com/fp/f9bb32518915707a161650cef96c81c4-p_c.jpg,2026-08-31 15:49,For Sale
54010848,17911 Meadowchase Way,75287,Dallas,TX,32.99258,-96.860535,365000,147.0,-13000.0,,3271.0,4.0,3.0,2481.0,1995.0,5227.2,singleFamily,115,446223.0,2025,https://www.zillow.com,https://photos.zillowstatic.com/fp/2d2bbd8bcc98a3224bb5346b1771b36c-p_c.jpg,2026-08-31 15:49,For Sale
26844283,12135 Oberlin Dr,75243,Dallas,TX,32.913326,-96.75839,399000,252.0,-26000.0,392800.0,2841.0,4.0,4.0,1583.0,1956.0,7535.88,singleFamily,94,207230.0,2025,https://www.zillow.com,https://photos.zillowstatic.com/fp/59e6f4e25782e28579bc00812387d39e-p_c.jpg,2026-08-31 15:49,For Sale
26839324,10526 Stone Canyon Rd APT 201,75230,Dallas,TX,32.88935,-96.773544,179900,128.0,,174400.0,2221.0,3.0,2.0,1406.0,1970.0,10.396,condo,18,250000.0,2025,https://www.zillow.com,https://photos.zillowstatic.com/fp/8e584a3464d37e37d820650c175e4262-p_c.jpg,2026-08-31 15:49,For Sale
27330666,2607 Harbinger Ln,75287,Dallas,TX,32.993263,-96.86858,375000,163.0,-20999.0,373000.0,2769.0,4.0,2.0,2298.0,1983.0,8537.76,singleFamily,129,421000.0,2025,https://www.zillow.com,https://photos.zillowstatic.com/fp/7bd7ba14f95b97038b10751fbad30d29-p_c.jpg,2026-08-31 15:49,For Sale
162228510,8627 San Leandro Dr,75218,Dallas,TX,32.81777,-96.70629,1100000,376.0,,1085800.0,5874.0,5.0,5.0,2925.0,2019.0,7753.68,singleFamily,12,1226720.0,2025,https://www.zillow.com,https://photos.zillowstatic.com/fp/4ec0c2366b4950116232e311fb7563e6-p_c.jpg,2026-08-31 15:49,For Sale
26884785,11360 Drummond Dr,75228,Dallas,TX,32.84719,-96.65316,365000,135.0,,,3018.0,6.0,2.0,2700.0,1966.0,9975.24,singleFamily,3,308390.0,2025,https://www.zillow.com,https://photos.zillowstatic.com/fp/5fed32eb16fb9673bb6579808c555159-p_c.jpg,2026-08-31 15:49,For Sale
96505428,4820 Fellows Ln,75216,Dallas,TX,32.716984,-96.74313,250000,174.0,,,1933.0,3.0,2.0,1440.0,2016.0,7535.88,singleFamily,2,271960.0,2025,https://www.zillow.com,https://photos.zillowstatic.com/fp/1b6a4900cb3ddfde1df9844a2df8ed5e-p_c.jpg,2026-08-31 15:49,For Sale
2058050059,4631 Belmont Ave #202,75204,Dallas,TX,32.810402,-96.7859,579000,326.0,,563100.0,4121.0,2.0,3.0,1774.0,2021.0,0.306,condo,0,620900.0,2025,https://www.zillow.com,https://photos.zillowstatic.com/fp/3beb5be53439b88deae9900505917b08-p_c.jpg,2026-08-31 15:49,For Sale
96503850,1011 S Waverly Dr,75208,Dallas,TX,32.735634,-96.84955,475000,135.0,-24900.0,471100.0,6168.0,5.0,4.0,3506.0,2022.0,7274.52,singleFamily,116,833230.0,2025,https://www.zillow.com,https://photos.zillowstatic.com/fp/18191b0fb386ba9516d4de76b213efe3-p_c.jpg,2026-08-31 15:49,For Sale
26758535,4323 Middleton Rd,75229,Dallas,TX,32.88603,-96.836235,3549000,597.0,-142000.0,3337600.0,6281.0,5.0,7.0,5945.0,2023.0,0.428,singleFamily,136,3344760.0,2025,https://www.zillow.com,https://photos.zillowstatic.com/fp/d5b50d5876a2018788fa9195c5ce9651-p_c.jpg,2026-08-31 15:49,For Sale
453046203,9839 Walnut St APT T206,75243,Dallas,TX,32.916245,-96.736465,66500,65.0,-500.0,,1562.0,2.0,2.0,1031.0,1981.0,,condo,118,,,https://www.zillow.com,https://photos.zillowstatic.com/fp/74d8b81a585e6d3939040f4bfa812cdf-p_c.jpg,2026-08-31 15:49,For Sale
2104583798,1200 Main St,75202,Dallas,TX,32.77981,-96.80127,220000,250.0,,212200.0,2033.0,1.0,1.0,880.0,1974.0,1.033,condo,3,,,https://www.zillow.com,https://photos.zillowstatic.com/fp/c5a146d08fc1b9cc7007ca14b6ddac56-p_c.jpg,2026-08-31 15:49,For Sale
26699234,2835 Macon St,75215,Dallas,TX,32.75089,-96.74779,259900,173.0,,259300.0,2076.0,3.0,3.0,1500.0,2026.0,2613.6,singleFamily,22,18450.0,2025,https://www.zillow.com,https://photos.zillowstatic.com/fp/8808c4b9605d9dfb589314c4491ef305-p_c.jpg,2026-08-31 15:49,For Sale
26751749,7424 W Northwest Hwy #9,75225,Dallas,TX,32.86496,-96.77928,560000,368.0,,534800.0,3385.0,2.0,3.0,1522.0,1964.0,3.072,condo,0,525000.0,2025,https://www.zillow.com,https://photos.zillowstatic.com/fp/4709db53e18932933dcafe78c082a526-p_c.jpg,2026-08-31 15:49,For Sale
344555563,2404 Colony Ct #2406,75235,Dallas,TX,32.835716,-96.85545,340000,219.0,5000.0,333400.0,2114.0,4.0,2.0,1552.0,1947.0,6072.264,multiFamily,88,,,https://www.zillow.com,https://photos.zillowstatic.com/fp/d4569230752917f565989118ae61927c-p_c.jpg,2026-08-31 15:49,For Sale
26850629,10344 Country Club Dr,75218,Dallas,TX,32.85791,-96.70436,1349000,314.0,,1318200.0,6901.0,4.0,5.0,4298.0,2026.0,7753.68,singleFamily,66,200000.0,2025,https://www.zillow.com,https://photos.zillowstatic.com/fp/24de9c20ffcd6fc4f01dfd8a99d8d67e-p_c.jpg,2026-08-31 15:49,For Sale
96492450,2723 Lagow St,75210,Dallas,TX,32.771564,-96.74656,356999,206.0,,355700.0,2206.0,4.0,2.0,1737.0,2026.0,5096.52,singleFamily,10,43380.0,2025,https://www.zillow.com,https://photos.zillowstatic.com/fp/5c3932eb91ccbf6ef7663b60356bb459-p_c.jpg,2026-08-31 15:49,For Sale
26700974,7119 Coronado Ave,75214,Dallas,TX,32.811356,-96.734856,2395000,497.0,,2302700.0,5692.0,5.0,7.0,4816.0,2026.0,7840.8,singleFamily,40,775170.0,2025,https://www.zillow.com,https://photos.zillowstatic.com/fp/f61d9395aa5171969ace48aa9cb5e0be-p_c.jpg,2026-08-31 15:49,For Sale
26719754,2911 Ivandell Ave,75211,Dallas,TX,32.736477,-96.869385,199900,254.0,,,1639.0,2.0,1.0,788.0,1941.0,7050.0,singleFamily,4,223630.0,2025,https://www.zillow.com,https://www.zillowstatic.com/static/images/nophoto_p_c.png,2026-08-31 15:49,For Sale
26769069,925 Knott Pl,75208,Dallas,TX,32.763203,-96.838425,898000,340.0,,,,4.0,4.0,2641.0,1959.0,10802.88,singleFamily,38,727840.0,2025,https://www.zillow.com,https://photos.zillowstatic.com/fp/f69d6577943f3dde50fdc9e2f19176e2-p_c.jpg,2026-08-31 15:49,For Sale
26848384,13693 Peyton Dr,75240,Dallas,TX,32.934937,-96.778435,1595000,367.0,-50000.0,1559400.0,7604.0,5.0,6.0,4347.0,2023.0,0.569,singleFamily,81,1255000.0,2025,https://www.zillow.com,https://photos.zillowstatic.com/fp/d163449193dfada43b943e6d54d278ae-p_c.jpg,2026-08-31 15:49,For Sale
26785274,5216 Ashbrook Rd,75227,Dallas,TX,32.788296,-96.70542,450000,177.0,,444000.0,3023.0,4.0,3.0,2540.0,1965.0,9016.92,singleFamily,4,507430.0,2025,https://www.zillow.com,https://photos.zillowstatic.com/fp/4d1c3d9500ff023cbf2b1c7b12b71e0b-p_c.jpg,2026-08-31 15:49,For Sale
26697311,5318 Denton Dr,75235,Dallas,TX,32.82033,-96.82966,879900,372.0,-15100.0,859400.0,4471.0,3.0,3.0,2365.0,1999.0,7579.44,singleFamily,52,678430.0,2025,https://www.zillow.com,https://photos.zillowstatic.com/fp/34bed49bf1d61677050cba50f7d6f41d-p_c.jpg,2026-08-31 15:49,For Sale
26884154,8324 Moorcroft Dr,75228,Dallas,TX,32.801414,-96.698456,480000,194.0,,467800.0,3660.0,4.0,2.0,2480.0,1964.0,9757.44,singleFamily,23,500000.0,2025,https://www.zillow.com,https://photos.zillowstatic.com/fp/1d6f77e0a09e758295b95c0323c47d5b-p_c.jpg,2026-08-31 15:49,For Sale
26739956,8718 San Benito Way,75218,Dallas,TX,32.8194,-96.70518,1599999,400.0,-49001.0,,,5.0,5.0,4000.0,2026.0,8058.6,singleFamily,52,505860.0,2025,https://www.zillow.com,https://photos.zillowstatic.com/fp/155e587c9bb3e39e3f39287da04673cd-p_c.jpg,2026-08-31 15:49,For Sale
26698802,5322 W Mockingbird Ln,75209,Dallas,TX,32.8364,-96.820786,950000,413.0,-45000.0,921800.0,4592.0,3.0,3.0,2303.0,1979.0,7927.92,singleFamily,23,1062700.0,2025,https://www.zillow.com,https://photos.zillowstatic.com/fp/af725d360b753671b71abd28ba6622e4-p_c.jpg,2026-08-31 15:49,For Sale
26693674,6331 Lakeshore Dr,75214,Dallas,TX,32.81938,-96.7547,1260000,300.0,-15000.0,1222400.0,7290.0,4.0,5.0,4198.0,2007.0,7492.32,singleFamily,121,1350000.0,2025,https://www.zillow.com,https://photos.zillowstatic.com/fp/17bf88faec6677abdf9957cdeafd5593-p_c.jpg,2026-08-31 15:49,For Sale
69677073,1122 Jackson St APT 402,75202,Dallas,TX,32.778316,-96.80129,310000,220.0,,309000.0,2686.0,2.0,1.0,1411.0,1925.0,0.984,condo,52,331590.0,2025,https://www.zillow.com,https://photos.zillowstatic.com/fp/ce919da1f067aaf0aeb6d50b3d619ee9-p_c.jpg,2026-08-31 15:49,For Sale
26773680,655 W Pentagon Pkwy,75224,Dallas,TX,32.694656,-96.83374,219000,172.0,,213800.0,2149.0,3.0,2.0,1270.0,1964.0,8712.0,singleFamily,34,235460.0,2025,https://www.zillow.com,https://photos.zillowstatic.com/fp/1bf25421f5e4e685d330abe40a57f9da-p_c.jpg,2026-08-31 15:49,For Sale
26837022,5304 Chippewa Dr,75212,Dallas,TX,32.768185,-96.90548,849000,260.0,,838400.0,2681.0,5.0,3.0,3262.0,2026.0,9844.56,singleFamily,9,101000.0,2025,https://www.zillow.com,https://photos.zillowstatic.com/fp/309c4ee911e1e2811772f8821981870d-p_c.jpg,2026-08-31 15:49,For Sale
162813703,5609 Smu Blvd APT 512,75206,Dallas,TX,32.84238,-96.77233,225000,299.0,,,,1.0,1.0,752.0,2008.0,0.661,condo,4,270720.0,2025,https://www.zillow.com,https://photos.zillowstatic.com/fp/6ddaaff87911545996b9d74fbd1b9710-p_c.jpg,2026-08-31 15:49,For Sale
248831841,6100 Hudson St #2,75206,Dallas,TX,32.810635,-96.76434,545000,320.0,,529400.0,3340.0,2.0,3.0,1702.0,2016.0,0.347,condo,3,515000.0,2025,https://www.zillow.com,https://photos.zillowstatic.com/fp/ccb52c3475e77195dc6b6060c907ae72-p_c.jpg,2026-08-31 15:49,For Sale
26755451,6739 Walnut Hill Ln,75230,Dallas,TX,32.88025,-96.788605,2150000,450.0,,,,5.0,6.0,4778.0,2026.0,0.263,singleFamily,33,458760.0,2025,https://www.zillow.com,https://photos.zillowstatic.com/fp/85f13eba7e81f8fa944b17831a809c0b-p_c.jpg,2026-08-31 15:49,For Sale
26789937,3948 Durango Dr,75220,Dallas,TX,32.86689,-96.846855,750000,387.0,-50000.0,,,4.0,2.0,1937.0,1950.0,9147.6,singleFamily,3,664170.0,2025,https://www.zillow.com,https://photos.zillowstatic.com/fp/3420e4ba5cc695263758e5ed1e45e32a-p_c.jpg,2026-08-31 15:49,For Sale
80226311,2900 McKinnon St APT 403,75201,Dallas,TX,32.79606,-96.808716,460000,483.0,,448100.0,2407.0,1.0,2.0,952.0,2005.0,1.311,condo,2,514080.0,2025,https://www.zillow.com,https://photos.zillowstatic.com/fp/6af60a0b9e6f645be2fc3603261363e7-p_c.jpg,2026-08-31 15:49,For Sale
26857430,641 Furlong Dr,75211,Dallas,TX,32.739403,-96.92154,286300,199.0,,285000.0,2595.0,4.0,2.0,1440.0,1971.0,7274.52,singleFamily,17,282690.0,2025,https://www.zillow.com,https://photos.zillowstatic.com/fp/1d8cc54599dd501a9e2cb94b20e20dba-p_c.jpg,2026-08-31 15:49,For Sale
26688251,3608 Metropolitan Ave,75210,Dallas,TX,32.77104,-96.75375,279000,195.0,-20990.0,275200.0,1935.0,4.0,3.0,1432.0,1936.0,6098.4,singleFamily,143,109810.0,2025,https://www.zillow.com,https://photos.zillowstatic.com/fp/bf3dd2e413671fb4d7f9f7a8342cac49-p_c.jpg,2026-08-31 15:49,For Sale
26818646,2007 Red Cloud Dr,75217,Dallas,TX,32.747482,-96.65272,189999,175.0,-10001.0,189000.0,1725.0,3.0,2.0,1084.0,1982.0,3092.76,singleFamily,290,190260.0,2025,https://www.zillow.com,https://photos.zillowstatic.com/fp/bcf12e3be5345d789ad6d9dcd30505e3-p_c.jpg,2026-08-31 15:49,For Sale
26902987,7718 Marquette St,75225,Dallas,TX,32.86169,-96.7746,1995000,460.0,,1910400.0,5732.0,3.0,3.0,4338.0,1998.0,5749.92,singleFamily,9,1896320.0,2025,https://www.zillow.com,https://photos.zillowstatic.com/fp/03fa05e1e4c046bdecce1dff3f7b2b0f-p_c.jpg,2026-08-31 15:49,For Sale
26846390,2304 Babalos Ln,75228,Dallas,TX,32.80822,-96.676125,399999,211.0,-10000.0,394100.0,3015.0,3.0,3.0,1892.0,1968.0,8433.216,singleFamily,68,361940.0,2025,https://www.zillow.com,https://photos.zillowstatic.com/fp/829ca234a8ff634af94febd0aac544b5-p_c.jpg,2026-08-31 15:49,For Sale
26767686,2666 Kellogg Ave,75216,Dallas,TX,32.717056,-96.79431,249900,204.0,,248400.0,1828.0,3.0,2.0,1228.0,1983.0,6708.24,singleFamily,11,203240.0,2025,https://www.zillow.com,https://photos.zillowstatic.com/fp/5e4455e39bc9efe499c2b5f00b496ba4-p_c.jpg,2026-08-31 15:49,For Sale
463361760,1371 Cooper St,75215,Dallas,TX,32.755806,-96.77512,240000,141.0,,240300.0,3043.0,4.0,3.0,1706.0,2026.0,8363.52,singleFamily,72,,,https://www.zillow.com,https://photos.zillowstatic.com/fp/0fc782bd410e4640aa4d991bbfcdec9c-p_c.jpg,2026-08-31 15:49,For Sale
26717497,1119 N Winnetka Ave,75208,Dallas,TX,32.757988,-96.840576,1145000,330.0,-50000.0,1109200.0,6619.0,4.0,4.0,3468.0,1925.0,7753.68,singleFamily,94,900000.0,2025,https://www.zillow.com,https://photos.zillowstatic.com/fp/fc13bb38a5559bfb942e01a1d28b5682-p_c.jpg,2026-08-31 15:49,For Sale
26809546,11555 Cromwell Cir,75229,Dallas,TX,32.906803,-96.86558,625000,270.0,,599000.0,3273.0,3.0,2.0,2315.0,1960.0,0.304,singleFamily,12,538420.0,2025,https://www.zillow.com,https://photos.zillowstatic.com/fp/8e8c6f1ab990bbbd8b8aa9d8e213cea1-p_c.jpg,2026-08-31 15:49,For Sale
26782369,1581 Harbor Rd,75216,Dallas,TX,32.714622,-96.800415,310000,172.0,,300200.0,2052.0,3.0,2.0,1805.0,1949.0,10659.132,singleFamily,1,247120.0,2025,https://www.zillow.com,https://photos.zillowstatic.com/fp/ee66877a54b08961996e7e4aed3017c9-p_c.jpg,2026-08-31 15:49,For Sale
26805715,3936 Cedar Bayou Dr,75244,Dallas,TX,32.91409,-96.8485,1189000,335.0,,1159700.0,4571.0,4.0,4.0,3550.0,1962.0,0.34500000000000003,singleFamily,2,1247470.0,2025,https://www.zillow.com,https://photos.zillowstatic.com/fp/ba52c42c5ac1e3251843a9525fce9a43-p_c.jpg,2026-08-31 15:49,For Sale
349392894,1803 Temper Ln,75253,Dallas,TX,32.68542,-96.60857,236250,184.0,,,,3.0,2.0,1286.0,2024.0,0.2747,singleFamily,54,245280.0,2025,https://www.zillow.com,https://photos.zillowstatic.com/fp/477284bb93eafb3c5225e033850849d0-p_c.jpg,2026-08-31 15:49,For Sale
26849341,12129 Marbrook Dr,75230,Dallas,TX,32.91435,-96.79447,3595000,537.0,,3447400.0,7100.0,6.0,7.0,6700.0,2026.0,0.378,singleFamily,80,1215090.0,2025,https://www.zillow.com,https://photos.zillowstatic.com/fp/b24d04e4c6e291c45d0ffa2ae13cc08a-p_c.jpg,2026-08-31 15:49,For Sale
248827888,6106 Worth St,75214,Dallas,TX,32.809204,-96.753174,565000,341.0,,544700.0,2914.0,3.0,2.0,1657.0,1923.0,6534.0,singleFamily,10,514070.0,2025,https://www.zillow.com,https://photos.zillowstatic.com/fp/eb815c037849aec3664d33e996f81758-p_c.jpg,2026-08-31 15:49,For Sale
26735856,3930 N Crest Haven Rd,75209,Dallas,TX,32.85334,-96.84334,2199000,489.0,,,2437.0,4.0,6.0,4495.0,2026.0,8712.0,singleFamily,4,363750.0,2025,https://www.zillow.com,https://photos.zillowstatic.com/fp/53cd7ddad43ec4afc89c17f403e27b8e-p_c.jpg,2026-08-31 15:49,For Sale
26699615,2239 Anderson St,75215,Dallas,TX,32.74523,-96.75665,240000,147.0,,,2272.0,3.0,3.0,1630.0,2021.0,2526.48,singleFamily,3,285360.0,2025,https://www.zillow.com,https://photos.zillowstatic.com/fp/97036996789c93f6f044f7a44219f6ec-p_c.jpg,2026-08-31 15:49,For Sale
26817361,9925 Homeplace Dr,75217,Dallas,TX,32.72489,-96.65167,199000,175.0,-16000.0,,2007.0,3.0,2.0,1140.0,1970.0,7579.44,singleFamily,42,227030.0,2025,https://www.zillow.com,https://photos.zillowstatic.com/fp/d405e18c87fef20852628cf05c87cffd-p_c.jpg,2026-08-31 15:49,For Sale
26807665,10131 Pensive Dr,75229,Dallas,TX,32.883636,-96.87405,729000,278.0,,698900.0,4112.0,4.0,3.0,2620.0,1966.0,0.274,singleFamily,3,583990.0,2025,https://www.zillow.com,https://photos.zillowstatic.com/fp/beb54f3055d9da2e364be0d5981fe10e-p_c.jpg,2026-08-31 15:49,For Sale
26704933,6207 Sudbury Dr,75214,Dallas,TX,32.839447,-96.75782,1849000,432.0,,1798000.0,7965.0,4.0,5.0,4276.0,2025.0,7548.948,singleFamily,81,586940.0,2025,https://www.zillow.com,https://photos.zillowstatic.com/fp/8886a101745922e8e36c44f4e2ba90e0-p_c.jpg,2026-08-31 15:49,For Sale
26849585,11904 Forest Lakes Ln,75230,Dallas,TX,32.910557,-96.795975,1095000,320.0,,1037000.0,6285.0,3.0,4.0,3417.0,1985.0,7927.92,singleFamily,6,830000.0,2025,https://www.zillow.com,https://photos.zillowstatic.com/fp/8e9bee665806cba55115013607afa7a2-p_c.jpg,2026-08-31 15:49,For Sale
26913335,12823 Burninglog Ln,75243,Dallas,TX,32.918713,-96.73485,267000,163.0,,261800.0,2631.0,3.0,3.0,1636.0,1983.0,1960.2,townhome,23,271220.0,2025,https://www.zillow.com,https://photos.zillowstatic.com/fp/d503d890f08702fdf27b59189027a650-p_c.jpg,2026-08-31 15:49,For Sale
26780322,2904 Bridal Wreath Ln,75233,Dallas,TX,32.6954,-96.868065,279000,107.0,,259600.0,3343.0,4.0,4.0,2598.0,1970.0,0.334,singleFamily,62,365520.0,2025,https://www.zillow.com,https://photos.zillowstatic.com/fp/4e36aae9bbd2d3bc25262184385ceb7c-p_c.jpg,2026-08-31 15:49,For Sale
26714570,1314 Hendricks Ave,75216,Dallas,TX,32.73797,-96.80479,389900,214.0,,388300.0,2405.0,4.0,2.0,1826.0,2026.0,7797.24,singleFamily,8,90000.0,2025,https://www.zillow.com,https://photos.zillowstatic.com/fp/bbdace478d5e0cab7c3a3c2cdaeabeda-p_c.jpg,2026-08-31 15:49,For Sale
26867067,9523 Highedge Dr,75238,Dallas,TX,32.875874,-96.72639,825000,275.0,,793300.0,3521.0,4.0,3.0,3005.0,1963.0,8755.56,singleFamily,110,753570.0,2025,https://www.zillow.com,https://photos.zillowstatic.com/fp/30fe6cbfda404e8babadb37974a14cce-p_c.jpg,2026-08-31 15:49,For Sale
464436049,820 Lambert St,75203,Dallas,TX,32.739807,-96.794914,470000,154.0,-29000.0,469600.0,4312.0,5.0,4.0,3060.0,2026.0,8624.88,singleFamily,20,,,https://www.zillow.com,https://photos.zillowstatic.com/fp/f56051ae2b68ad5e18d413cf0700ea32-p_c.jpg,2026-08-31 15:49,For Sale
26821198,2447 E Pentagon Pkwy,75241,Dallas,TX,32.68448,-96.77835,99000,102.0,,,1651.0,3.0,1.0,966.0,1959.0,6664.68,singleFamily,11,136430.0,2025,https://www.zillow.com,https://www.zillowstatic.com/static/images/nophoto_p_c.png,2026-08-31 15:49,For Sale
26719823,3134 W Jefferson Blvd,75211,Dallas,TX,32.743885,-96.872894,295000,232.0,,291100.0,2010.0,3.0,2.0,1272.0,1947.0,8799.12,singleFamily,39,277910.0,2025,https://www.zillow.com,https://photos.zillowstatic.com/fp/f732caf878f8b0a3cc66f34bf47ff893-p_c.jpg,2026-08-31 15:49,For Sale
248828261,12482 Abrams Rd APT 1003,75243,Dallas,TX,32.91753,-96.73267,139999,180.0,,122500.0,1183.0,1.0,1.0,778.0,1982.0,17.99,condo,2,132260.0,2025,https://www.zillow.com,https://photos.zillowstatic.com/fp/4eb8bb1ea3cdead797ca3e2521ad8659-p_c.jpg,2026-08-31 15:49,For Sale
26789287,4186 Brookport Dr,75229,Dallas,TX,32.89332,-96.83887,3495000,628.0,,3321000.0,3132.0,4.0,5.0,5565.0,2022.0,0.5997,singleFamily,40,2840340.0,2025,https://www.zillow.com,https://photos.zillowstatic.com/fp/210041e5e6d5bd5a99d5ecd72b981b3f-p_c.jpg,2026-08-31 15:49,For Sale
96512217,2807 Ainwick Ct,75227,Dallas,TX,32.76184,-96.69981,350000,179.0,,346100.0,2458.0,4.0,3.0,1958.0,2019.0,5706.36,singleFamily,1,338320.0,2025,https://www.zillow.com,https://photos.zillowstatic.com/fp/7555045de258fee1788bb31470ecf318-p_c.jpg,2026-08-31 15:49,For Sale
26847933,2103 Healey Dr,75228,Dallas,TX,32.825203,-96.68004,445000,288.0,,433800.0,3230.0,3.0,2.0,1547.0,1957.0,7666.56,singleFamily,39,401670.0,2025,https://www.zillow.com,https://photos.zillowstatic.com/fp/2632a43874b661aa38a2b888aa3b01ab-p_c.jpg,2026-08-31 15:49,For Sale
26651508,6040 Fieldstone Dr,75252,Dallas,TX,33.004803,-96.79964,715000,206.0,,690800.0,5268.0,4.0,3.0,3463.0,1993.0,0.32999999999999996,singleFamily,26,739968.0,2025,https://www.zillow.com,https://photos.zillowstatic.com/fp/6b19e36ebfb82fd38bfbb77d6c365c89-p_c.jpg,2026-08-31 15:49,For Sale
26759025,4207 Valley Ridge Rd,75220,Dallas,TX,32.87703,-96.8382,3395000,530.0,,3219600.0,6787.0,5.0,8.0,6402.0,2021.0,0.441,singleFamily,11,3750040.0,2025,https://www.zillow.com,https://photos.zillowstatic.com/fp/105f5ff40c35faaab93bcb89ad04258f-p_c.jpg,2026-08-31 15:49,For Sale
26842452,3129 San Lucas Ave,75228,Dallas,TX,32.831543,-96.66253,399000,262.0,,,,4.0,2.0,1524.0,1954.0,7492.32,singleFamily,7,467840.0,2025,https://www.zillow.com,https://photos.zillowstatic.com/fp/9defc9ad1cceaf7f9af651545612b5c5-p_c.jpg,2026-08-31 15:49,For Sale
26847032,9016 Bretshire Dr,75228,Dallas,TX,32.811016,-96.69464,550000,258.0,-5000.0,546700.0,3257.0,3.0,2.0,2134.0,1962.0,8537.76,singleFamily,79,484240.0,2025,https://www.zillow.com,https://photos.zillowstatic.com/fp/7b67c5a29453488cb8ab499d209762a5-p_c.jpg,2026-08-31 15:49,For Sale
162298636,3228 Grantwood Dr,75229,Dallas,TX,32.888435,-96.87161,689900,276.0,-35100.0,675800.0,4790.0,4.0,3.0,2500.0,1968.0,0.252,singleFamily,142,669910.0,2025,https://www.zillow.com,https://photos.zillowstatic.com/fp/86db71109e55476dfb827f8bedc35f1e-p_c.jpg,2026-08-31 15:49,For Sale
26697763,4851 Cedar Springs Rd #392,75219,Dallas,TX,32.81927,-96.822525,122500,146.0,,119200.0,1497.0,2.0,1.0,841.0,1970.0,6.609,condo,15,186280.0,2025,https://www.zillow.com,https://photos.zillowstatic.com/fp/adb97f15ec04a9c2c5b9fbb2ac002309-p_c.jpg,2026-08-31 15:49,For Sale
96533947,3803 Kenilworth St,75210,Dallas,TX,32.765114,-96.74373,94900,141.0,-10000.0,,,3.0,1.0,672.0,2020.0,4573.8,singleFamily,35,130130.0,2025,https://www.zillow.com,https://photos.zillowstatic.com/fp/4b64e6369e2d03c5bf6628fa60db0eba-p_c.jpg,2026-08-31 15:49,For Sale
26682979,3403 Knight St,75219,Dallas,TX,32.814262,-96.81016,1250000,508.0,,1188600.0,4095.0,3.0,2.0,2460.0,1914.0,0.258,singleFamily,37,1131420.0,2025,https://www.zillow.com,https://photos.zillowstatic.com/fp/737309db39b5a63f5deec5b70196abab-p_c.jpg,2026-08-31 15:49,For Sale
26846622,9107 Lindaro Ln,75228,Dallas,TX,32.816387,-96.679985,352800,225.0,,344700.0,2140.0,3.0,2.0,1568.0,1957.0,7444.404,singleFamily,37,268120.0,2025,https://www.zillow.com,https://photos.zillowstatic.com/fp/532c33bd1117f27a0a3ad14013337269-p_c.jpg,2026-08-31 15:49,For Sale
449335653,4534 Lake Ave #104,75219,Dallas,TX,32.811855,-96.82431,539000,244.0,-10000.0,533100.0,4017.0,3.0,3.0,2207.0,2025.0,7492.32,townhome,17,,,https://www.zillow.com,https://photos.zillowstatic.com/fp/c2977e98e269574d668dcfa40b63c122-p_c.jpg,2026-08-31 15:49,For Sale
26876639,17316 Club Hill Ln,75248,Dallas,TX,32.98514,-96.81608,1790000,324.0,,,,4.0,6.0,5522.0,1984.0,4791.6,singleFamily,3,2087820.0,2025,https://www.zillow.com,https://photos.zillowstatic.com/fp/a61fac6b73a85b472a33d5f005c8b9b8-p_c.jpg,2026-08-31 15:49,For Sale
26693370,4416 N Hall St,75219,Dallas,TX,32.81705,-96.81465,1299000,457.0,-51000.0,1263300.0,4917.0,3.0,3.0,2840.0,1924.0,9234.72,singleFamily,75,1115150.0,2025,https://www.zillow.com,https://photos.zillowstatic.com/fp/0279fa3f572cedcb2544d3af55b5aac6-p_c.jpg,2026-08-31 15:49,For Sale
67965255,3225 Turtle Creek Blvd APT 716,75219,Dallas,TX,32.806835,-96.80463,275000,332.0,,,,1.0,1.0,829.0,1998.0,3.536,condo,4,281860.0,2025,https://www.zillow.com,https://photos.zillowstatic.com/fp/76c4b1dcfcc8e25bf9f4e7b66a69dfb5-p_c.jpg,2026-08-31 15:49,For Sale
26881531,4988 Thunder Rd,75244,Dallas,TX,32.923706,-96.821884,409000,143.0,-20000.0,402900.0,3786.0,3.0,3.0,2852.0,1974.0,4007.52,singleFamily,50,360350.0,2025,https://www.zillow.com,https://photos.zillowstatic.com/fp/6b00cc44183605d006512863859c7702-p_c.jpg,2026-08-31 15:49,For Sale
84004706,3210 Carlisle St Unit 48,75204,Dallas,TX,32.8048,-96.80165,620000,382.0,,,,2.0,3.0,1622.0,2006.0,2.568,condo,47,567000.0,2025,https://www.zillow.com,https://photos.zillowstatic.com/fp/2d019ae73f1b92a4c8dca7477d09f5b8-p_c.jpg,2026-08-31 15:49,For Sale
26751396,7635 Bryn Mawr Dr,75225,Dallas,TX,32.856293,-96.77535,3650000,626.0,,3488500.0,6948.0,4.0,7.0,5834.0,2007.0,10715.76,singleFamily,18,2759000.0,2025,https://www.zillow.com,https://photos.zillowstatic.com/fp/db7a57cd9cb39771891ec1d44da957e7-p_c.jpg,2026-08-31 15:49,For Sale
26599158,6710 Windrock Rd,75252,Dallas,TX,32.993553,-96.78871,750000,240.0,,719500.0,5657.0,5.0,4.0,3120.0,1993.0,0.33999999999999997,singleFamily,33,814925.0,2025,https://www.zillow.com,https://photos.zillowstatic.com/fp/64342561b071fba481af819be96c95e3-p_c.jpg,2026-08-31 15:49,For Sale
26813522,3615 High Mesa Dr,75234,Dallas,TX,32.91423,-96.85799,415000,276.0,-10000.0,,,3.0,2.0,1504.0,1962.0,7448.76,singleFamily,30,316060.0,2025,https://www.zillow.com,https://photos.zillowstatic.com/fp/6292e6836f82920cc453c79ed461c0de-p_c.jpg,2026-08-31 15:49,For Sale
2060458928,1049 Forest Grove Dr,75218,Dallas,TX,32.846146,-96.695045,749000,294.0,,714800.0,3167.0,3.0,3.0,2550.0,1969.0,0.368,singleFamily,16,,,https://www.zillow.com,https://photos.zillowstatic.com/fp/06e9dfb9ff093aa80e09e8f6a0937836-p_c.jpg,2026-08-31 15:49,For Sale
26688991,4222 Copeland Ave,75210,Dallas,TX,32.770844,-96.74396,269999,205.0,,269300.0,1164.0,3.0,2.0,1320.0,2026.0,3963.96,singleFamily,0,78090.0,2025,https://www.zillow.com,https://photos.zillowstatic.com/fp/50c8879990651c74068848eda22461b7-p_c.jpg,2026-08-31 15:49,For Sale
26832762,3219 N Winnetka Ave,75212,Dallas,TX,32.781116,-96.840004,207000,166.0,-23000.0,,,3.0,2.0,1245.0,1941.0,5009.4,singleFamily,76,276050.0,2025,https://www.zillow.com,https://photos.zillowstatic.com/fp/f11a7060b09e723d0e1245686e26f961-p_c.jpg,2026-08-31 15:49,For Sale
26830313,8031 Fall River Dr,75228,Dallas,TX,32.797714,-96.70722,300000,236.0,-25000.0,294500.0,1988.0,3.0,2.0,1272.0,1957.0,8450.64,singleFamily,45,326650.0,2025,https://www.zillow.com,https://photos.zillowstatic.com/fp/1f1548632ae9ff45a3690e581be57650-p_c.jpg,2026-08-31 15:49,For Sale
462517836,1717 Arts Plz Suite 2309,75201,Dallas,TX,32.791965,-96.795235,3550000,734.0,-350000.0,3519200.0,7534.0,3.0,4.0,4839.0,2005.0,4.041,condo,104,,,https://www.zillow.com,https://photos.zillowstatic.com/fp/482e2f9d28a72fa3f0e083b3e6702f8c-p_c.jpg,2026-08-31 15:49,For Sale
26745721,2402 Norwood Dr,75228,Dallas,TX,32.83913,-96.67283,255000,209.0,,247900.0,1888.0,3.0,2.0,1221.0,1952.0,9408.96,singleFamily,25,235190.0,2025,https://www.zillow.com,https://photos.zillowstatic.com/fp/d182d68f5529219515a04299aba3a789-p_c.jpg,2026-08-31 15:49,For Sale
26732830,5012 Wateka Dr,75209,Dallas,TX,32.843914,-96.82558,640000,338.0,,616400.0,4070.0,3.0,2.0,1892.0,1946.0,8058.6,singleFamily,2,650000.0,2025,https://www.zillow.com,https://photos.zillowstatic.com/fp/095d984ca5dc9cd6d71dd2b9d42b3259-p_c.jpg,2026-08-31 15:49,For Sale
26740142,8942 Eustis Ave,75218,Dallas,TX,32.818928,-96.700356,1599000,398.0,,1567200.0,2792.0,4.0,6.0,4020.0,2026.0,10132.056,singleFamily,4,453110.0,2025,https://www.zillow.com,https://photos.zillowstatic.com/fp/0ecf40edae5dfb85e1d4e97e9db56fd7-p_c.jpg,2026-08-31 15:49,For Sale
26852244,13545 Flagstone Ln,75240,Dallas,TX,32.932228,-96.76995,369000,176.0,-10000.0,361100.0,3154.0,4.0,2.0,2100.0,1956.0,9844.56,singleFamily,24,280580.0,2025,https://www.zillow.com,https://photos.zillowstatic.com/fp/a6a326c33bfb073c33a69c13745063e6-p_c.jpg,2026-08-31 15:49,For Sale
26869026,9648 Fallbrook Dr,75243,Dallas,TX,32.901955,-96.73008,879000,286.0,-21000.0,,6120.0,4.0,4.0,3071.0,1973.0,8450.64,singleFamily,45,589880.0,2025,https://www.zillow.com,https://photos.zillowstatic.com/fp/b2cda8c9e3123b92cee69342fd638a0d-p_c.jpg,2026-08-31 15:49,For Sale
26693900,6251 Palo Pinto Ave,75214,Dallas,TX,32.82035,-96.75662,1999000,456.0,-150000.0,1945500.0,7782.0,4.0,5.0,4387.0,2026.0,7492.32,singleFamily,100,620580.0,2025,https://www.zillow.com,https://photos.zillowstatic.com/fp/b27a600e5b3abd08719dd35cd703bd58-p_c.jpg,2026-08-31 15:49,For Sale
162297641,3650 Rickshaw Dr,75229,Dallas,TX,32.88109,-96.85892,1075000,163.0,,1022900.0,1877.0,12.0,8.0,6608.0,1969.0,10018.8,multiFamily,31,882340.0,2025,https://www.zillow.com,https://photos.zillowstatic.com/fp/470207676441d7d2f021e74ab594e1a9-p_c.jpg,2026-08-31 15:49,For Sale
26808579,3305 Townsend Dr,75229,Dallas,TX,32.898987,-96.86811,2099000,431.0,,2022700.0,4767.0,5.0,7.0,4865.0,2026.0,0.275,singleFamily,13,510130.0,2025,https://www.zillow.com,https://photos.zillowstatic.com/fp/0aa237dbb1d8561ddde44535eb840f3e-p_c.jpg,2026-08-31 15:49,For Sale
26743008,1217 Fuller Dr,75218,Dallas,TX,32.839985,-96.69332,279000,214.0,,278000.0,2331.0,2.0,1.0,1301.0,1946.0,10236.6,singleFamily,6,316130.0,2025,https://www.zillow.com,https://photos.zillowstatic.com/fp/4812d22f4d2beff032eb68606bedb353-p_c.jpg,2026-08-31 15:49,For Sale
460665073,2925 Spruce Valley Ln #402,75233,Dallas,TX,32.712906,-96.87679,289000,196.0,-58000.0,,,3.0,2.0,1477.0,2026.0,1.7148,townhome,95,,,https://www.zillow.com,https://photos.zillowstatic.com/fp/043fb56795a5bef76217cd67ccab7072-p_c.jpg,2026-08-31 15:49,For Sale
162815321,746 Spanish Oaks Pl,75204,Dallas,TX,32.79112,-96.786766,599000,257.0,,,,3.0,5.0,2330.0,2017.0,1089.0,townhome,2,681350.0,2025,https://www.zillow.com,https://photos.zillowstatic.com/fp/7adf501fe279b6ae333bf9d1c31c9903-p_c.jpg,2026-08-31 15:49,For Sale
26888132,9726 Amberton Pkwy,75243,Dallas,TX,32.921066,-96.73883,162000,93.0,-10000.0,,2395.0,3.0,2.0,1742.0,1977.0,3354.12,townhome,139,284580.0,2025,https://www.zillow.com,https://photos.zillowstatic.com/fp/6b436ca63feaa76cda52374d60a6936a-p_c.jpg,2026-08-31 15:49,For Sale
26891767,7334 Blue Sage Dr,75249,Dallas,TX,32.640484,-96.95329,279000,181.0,-8000.0,277500.0,2201.0,3.0,2.0,1542.0,1977.0,6882.48,singleFamily,44,230000.0,2025,https://www.zillow.com,https://photos.zillowstatic.com/fp/f0799b288577c1827c534ba30aced9fb-p_c.jpg,2026-08-31 15:49,For Sale
2100329508,1230 Haines Ave,75208,Dallas,TX,32.75867,-96.827415,749000,370.0,,726700.0,1772.0,3.0,3.0,2023.0,2022.0,4530.24,singleFamily,0,760310.0,2025,https://www.zillow.com,https://photos.zillowstatic.com/fp/40589f11f85a2e4b692e56d781446e6c-p_c.jpg,2026-08-31 15:49,For Sale
26731730,7805 Wanebe Dr,75235,Dallas,TX,32.83664,-96.85397,299000,192.0,,290900.0,2806.0,3.0,2.0,1561.0,1948.0,8494.2,singleFamily,1,287430.0,2025,https://www.zillow.com,https://photos.zillowstatic.com/fp/ca8f65ce83fc9a0b6ba3a5f7c3e92fc4-p_c.jpg,2026-08-31 15:49,For Sale
26751611,8727 Fawn Dr,75238,Dallas,TX,32.86497,-96.73034,775000,405.0,-24900.0,753600.0,3308.0,3.0,2.0,1912.0,1956.0,7797.24,singleFamily,26,638960.0,2025,https://www.zillow.com,https://photos.zillowstatic.com/fp/0ec29e24db28619f70294616884d1006-p_c.jpg,2026-08-31 15:49,For Sale
26706655,6628 Sondra Dr,75214,Dallas,TX,32.826427,-96.74608,2300000,487.0,,2173100.0,10984.0,4.0,5.0,4722.0,2007.0,8145.72,singleFamily,62,1800000.0,2025,https://www.zillow.com,https://photos.zillowstatic.com/fp/04ed0949b97bac01c76f835241eb956f-p_c.jpg,2026-08-31 15:49,For Sale
26698888,5332 Edmondson Ave,75209,Dallas,TX,32.833755,-96.8202,1825000,534.0,,,,3.0,4.0,3419.0,1950.0,9016.92,singleFamily,23,1783760.0,2025,https://www.zillow.com,https://photos.zillowstatic.com/fp/98e08498c470fb450a44cd034a9f306b-p_c.jpg,2026-08-31 15:49,For Sale
96536258,3804 De Maggio Ave,75210,Dallas,TX,32.765015,-96.73559,392500,216.0,,,,3.0,2.0,1818.0,2026.0,8494.2,singleFamily,0,50000.0,2025,https://www.zillow.com,https://photos.zillowstatic.com/fp/23a8e8bf61a90b3fd84eb412668514f1-p_c.jpg,2026-08-31 15:49,For Sale
26780228,2631 Deep Hill Cir,75233,Dallas,TX,32.691925,-96.861275,389000,171.0,-10000.0,379500.0,2723.0,4.0,2.0,2270.0,1970.0,0.347,singleFamily,18,207350.0,2025,https://www.zillow.com,https://photos.zillowstatic.com/fp/6239bfc48b4d1fefd91286492e8ff4bd-p_c.jpg,2026-08-31 15:49,For Sale
26645669,4847 Holly Tree Dr,75287,Dallas,TX,32.998787,-96.82273,1199500,295.0,-50400.0,,,4.0,4.0,4062.0,1999.0,10018.8,singleFamily,86,1012714.0,2025,https://www.zillow.com,https://photos.zillowstatic.com/fp/b39dff5d98bf907717816138283ebe82-p_c.jpg,2026-08-31 15:49,For Sale
26848537,7029 Spring Valley Rd,75254,Dallas,TX,32.940746,-96.784096,935000,269.0,,895300.0,5658.0,5.0,4.0,3479.0,1961.0,0.574,singleFamily,10,756460.0,2025,https://www.zillow.com,https://photos.zillowstatic.com/fp/8a05e1b6e6d042218d723e87836904ed-p_c.jpg,2026-08-31 15:49,For Sale
67963101,1327 Cleardale Dr,75232,Dallas,TX,32.650448,-96.84474,249000,210.0,,245800.0,1928.0,3.0,2.0,1188.0,2004.0,5880.6,singleFamily,15,223790.0,2025,https://www.zillow.com,https://photos.zillowstatic.com/fp/0fc4dbc863975ea6e709a3854cb79134-p_c.jpg,2026-08-31 15:49,For Sale
26752102,7215 Centenary Ave,75225,Dallas,TX,32.862583,-96.78225,3495000,616.0,-305000.0,,,5.0,5.0,5670.0,1998.0,8842.68,singleFamily,104,2528820.0,2025,https://www.zillow.com,https://photos.zillowstatic.com/fp/66204eaeca0fd4336479e5bf0c803348-p_c.jpg,2026-08-31 15:49,For Sale
26679573,3321 Cole Ave APT 116,75204,Dallas,TX,32.806034,-96.80029,330000,316.0,-20000.0,319100.0,2597.0,2.0,2.0,1044.0,1961.0,0.8099999999999999,condo,30,401940.0,2025,https://www.zillow.com,https://photos.zillowstatic.com/fp/485e33fa8c0fd25af10c2ff1ee4aff86-p_c.jpg,2026-08-31 15:49,For Sale
80239733,4023 Rawlins St APT 105,75219,Dallas,TX,32.81324,-96.80986,505000,237.0,,493000.0,3574.0,2.0,3.0,2130.0,2006.0,0.4362,condo,3,609610.0,2025,https://www.zillow.com,https://photos.zillowstatic.com/fp/d82e026fd4f7c25e5a8d47434995639c-p_c.jpg,2026-08-31 15:49,For Sale
2058378212,5548 Sears St,75206,Dallas,TX,32.814423,-96.77279,1075000,421.0,,,,3.0,3.0,2552.0,2023.0,7492.32,singleFamily,24,1092740.0,2025,https://www.zillow.com,https://photos.zillowstatic.com/fp/08b8134fcebc309ea56707adba72eccf-p_c.jpg,2026-08-31 15:49,For Sale
26749852,7212 Wake Forrest Dr,75214,Dallas,TX,32.853092,-96.73654,1724900,402.0,,1684800.0,5118.0,4.0,5.0,4289.0,2026.0,7492.32,singleFamily,30,654100.0,2025,https://www.zillow.com,https://photos.zillowstatic.com/fp/f83e7c56035b28dfe45f22f586db915d-p_c.jpg,2026-08-31 15:49,For Sale
26890645,6611 Elvedon Dr,75248,Dallas,TX,32.98486,-96.7923,740000,254.0,,717500.0,5543.0,5.0,3.0,2912.0,1976.0,0.258,singleFamily,17,664850.0,2025,https://www.zillow.com,https://photos.zillowstatic.com/fp/6b24f5d15b90908bf65f823ca51929e6-p_c.jpg,2026-08-31 15:49,For Sale
26692909,4138 Prescott Ave,75219,Dallas,TX,32.8214,-96.80532,999000,287.0,-100000.0,980500.0,6741.0,4.0,5.0,3477.0,2006.0,3571.92,singleFamily,142,1298850.0,2025,https://www.zillow.com,https://photos.zillowstatic.com/fp/373422aa47e8b3e8463825266f10e62c-p_c.jpg,2026-08-31 15:49,For Sale
26740733,8722 Angora St,75218,Dallas,TX,32.824203,-96.71118,805000,319.0,,772700.0,3587.0,4.0,3.0,2526.0,1949.0,6403.32,singleFamily,32,960860.0,2025,https://www.zillow.com,https://photos.zillowstatic.com/fp/eaa00c06514b8f0bff2c4f4063344a79-p_c.jpg,2026-08-31 15:49,For Sale
26733145,106 Mount Shasta St,75211,Dallas,TX,32.745365,-96.88488,285000,171.0,,276600.0,2135.0,4.0,2.0,1662.0,1944.0,6316.2,singleFamily,13,215010.0,2025,https://www.zillow.com,https://photos.zillowstatic.com/fp/47e3230c5a39b7dd794232ee83b9c4d5-p_c.jpg,2026-08-31 15:49,For Sale
26867777,7122 Winedale Dr,75231,Dallas,TX,32.878986,-96.73931,879900,409.0,-16000.0,856700.0,3475.0,3.0,3.0,2150.0,1976.0,8886.24,singleFamily,62,786450.0,2025,https://www.zillow.com,https://photos.zillowstatic.com/fp/1b3c25be874047bb9e8deb20c1c5ffd2-p_c.jpg,2026-08-31 15:49,For Sale
26743385,10520 Lippitt Ave,75218,Dallas,TX,32.85269,-96.700165,690000,383.0,-5000.0,667800.0,3622.0,3.0,2.0,1803.0,1956.0,7679.628,singleFamily,40,517840.0,2025,https://www.zillow.com,https://photos.zillowstatic.com/fp/34f98e39cab75313ffe3aee6b4ef357a-p_c.jpg,2026-08-31 15:49,For Sale
26821484,3835 Lovingood Dr,75241,Dallas,TX,32.678677,-96.75919,210000,170.0,,206000.0,1733.0,5.0,1.0,1234.0,1958.0,7448.76,singleFamily,4,163360.0,2025,https://www.zillow.com,https://photos.zillowstatic.com/fp/5684f9335be71f3f621d34037499b5e5-p_c.jpg,2026-08-31 15:49,For Sale
162392168,13740 Vida Ln,75253,Dallas,TX,32.677017,-96.5969,949900,215.0,,917100.0,2796.0,8.0,6.0,4418.0,1989.0,2.42,singleFamily,67,685600.0,2025,https://www.zillow.com,https://photos.zillowstatic.com/fp/031704ec50cebb3ddf0009448fa26531-p_c.jpg,2026-08-31 15:49,For Sale
26841971,2519 Highwood Dr,75228,Dallas,TX,32.829605,-96.671486,399000,177.0,-40000.0,,,5.0,3.0,2252.0,1956.0,9278.28,singleFamily,45,385020.0,2025,https://www.zillow.com,https://photos.zillowstatic.com/fp/d19cbc064951b20c2c3e8975b29bdad4-p_c.jpg,2026-08-31 15:49,For Sale
26788810,4106 Lively Ln,75220,Dallas,TX,32.87246,-96.84316,1645000,389.0,,1575100.0,7244.0,4.0,4.0,4228.0,2007.0,9147.6,singleFamily,24,1441140.0,2025,https://www.zillow.com,https://photos.zillowstatic.com/fp/6b233af09bab1a25e51db56f092478f6-p_c.jpg,2026-08-31 15:49,For Sale
26858141,7030 Blackwood Dr,75231,Dallas,TX,32.874187,-96.73518,1395000,339.0,-80000.0,,,4.0,4.0,4121.0,1993.0,0.261,singleFamily,94,1321450.0,2025,https://www.zillow.com,https://photos.zillowstatic.com/fp/f745b3970283195f49d6384965ffa6df-p_c.jpg,2026-08-31 15:49,For Sale
83995329,8275 Clark Springs Dr,75236,Dallas,TX,32.66663,-96.93935,350000,174.0,,342500.0,2505.0,4.0,2.0,2013.0,2007.0,7971.48,singleFamily,5,345410.0,2025,https://www.zillow.com,https://photos.zillowstatic.com/fp/6e4caf6a337416cb6920f3862faa58b8-p_c.jpg,2026-08-31 15:49,For Sale
444082473,10911 Beauty Ln,75229,Dallas,TX,32.896557,-96.86486,2195000,414.0,,2117000.0,3023.0,5.0,7.0,5297.0,2026.0,0.267,singleFamily,13,,,https://www.zillow.com,https://photos.zillowstatic.com/fp/c6b25fded10573adca42ff2e6d07cb30-p_c.jpg,2026-08-31 15:49,For Sale
248830905,5152 Brickellia Dr,75209,Dallas,TX,32.826817,-96.81777,599000,333.0,-26000.0,,,3.0,4.0,1799.0,2019.0,1611.72,singleFamily,81,645000.0,2025,https://www.zillow.com,https://photos.zillowstatic.com/fp/081475f68007acfed2898564a49dfc49-p_c.jpg,2026-08-31 15:49,For Sale
26748400,5138 Amesbury Dr APT 110,75206,Dallas,TX,32.849773,-96.763336,220000,218.0,,215600.0,1875.0,2.0,2.0,1008.0,1970.0,3.655,singleFamily,11,215770.0,2025,https://www.zillow.com,https://photos.zillowstatic.com/fp/e5bebb4ba1ae4a1f07a88068d6bd3ea2-p_c.jpg,2026-08-31 15:49,For Sale
26790118,3957 Gaspar Dr,75220,Dallas,TX,32.86998,-96.84653,2249500,456.0,-45500.0,2167300.0,3391.0,6.0,5.0,4932.0,2026.0,9408.96,singleFamily,93,649550.0,2025,https://www.zillow.com,https://photos.zillowstatic.com/fp/ce1eee0302497df51630d5aaef81b66d-p_c.jpg,2026-08-31 15:49,For Sale
26747152,9457 Waterview Rd,75218,Dallas,TX,32.8464,-96.71432,4299000,596.0,-200999.0,4112300.0,3617.0,5.0,9.0,7213.0,2026.0,0.274,singleFamily,186,1600000.0,2025,https://www.zillow.com,https://photos.zillowstatic.com/fp/c9f66ef648aec961dd971ccd9f8f07b4-p_c.jpg,2026-08-31 15:49,For Sale
26677983,2203 Allen St,75204,Dallas,TX,32.795895,-96.79658,2250000,655.0,-75000.0,2113100.0,7764.0,3.0,4.0,3435.0,2000.0,3049.2,singleFamily,114,1917270.0,2025,https://www.zillow.com,https://photos.zillowstatic.com/fp/c628189c3e7c85914305341e2264f53e-p_c.jpg,2026-08-31 15:49,For Sale
26911803,8344 Coral Dr,75243,Dallas,TX,32.897095,-96.75909,925000,259.0,,873800.0,4738.0,3.0,3.0,3570.0,1992.0,6621.12,singleFamily,2,767790.0,2025,https://www.zillow.com,https://photos.zillowstatic.com/fp/0f1c320f5471cfeeae5f217e8a2ef655-p_c.jpg,2026-08-31 15:49,For Sale
60347236,6416 Dykes Way,75230,Dallas,TX,32.919235,-96.79523,2299000,429.0,,2165000.0,7472.0,4.0,6.0,5354.0,2001.0,0.35200000000000004,singleFamily,18,2232610.0,2025,https://www.zillow.com,https://photos.zillowstatic.com/fp/b39ded67d68081072d002a310b77d3a6-p_c.jpg,2026-08-31 15:49,For Sale
26609878,5831 London Ln,75252,Dallas,TX,32.999863,-96.80588,929000,238.0,-20000.0,901600.0,7751.0,4.0,4.0,3897.0,1984.0,0.32999999999999996,singleFamily,34,1021723.0,2025,https://www.zillow.com,https://photos.zillowstatic.com/fp/a05b02bb0652f0948df61583a600cfcd-p_c.jpg,2026-08-31 15:49,For Sale
26830331,8030 Hunnicut Rd,75228,Dallas,TX,32.79786,-96.70769,415000,248.0,,404400.0,2401.0,3.0,2.0,1673.0,1962.0,8319.96,singleFamily,3,397540.0,2025,https://www.zillow.com,https://photos.zillowstatic.com/fp/747fe6128cb3cd92d8501b6f457627e2-p_c.jpg,2026-08-31 15:49,For Sale
26879909,3883 Antigua Cir,75244,Dallas,TX,32.92041,-96.84846,825000,257.0,-20000.0,,,4.0,3.0,3216.0,1968.0,0.36,singleFamily,59,435070.0,2025,https://www.zillow.com,https://photos.zillowstatic.com/fp/c8d0036e88fdf65b9820490abb87b10b-p_c.jpg,2026-08-31 15:49,For Sale
26722691,2646 Alabama Ave,75216,Dallas,TX,32.71516,-96.819046,575000,180.0,-24000.0,570800.0,4121.0,5.0,4.0,3200.0,2026.0,7710.12,singleFamily,38,85000.0,2025,https://www.zillow.com,https://photos.zillowstatic.com/fp/d2acfd853d2e722b03e0aa311900a114-p_c.jpg,2026-08-31 15:49,For Sale
26807478,3667 Ingleside Dr,75229,Dallas,TX,32.889786,-96.85754,1889000,375.0,,1832000.0,3821.0,6.0,6.0,5033.0,2026.0,0.257,singleFamily,13,553640.0,2025,https://www.zillow.com,https://photos.zillowstatic.com/fp/53c56af9525e722ab22ef7a419929fab-p_c.jpg,2026-08-31 15:49,For Sale
26838549,10626 Northboro St #9,75230,Dallas,TX,32.89255,-96.77575,325000,224.0,-15000.0,316800.0,2455.0,3.0,2.0,1450.0,1971.0,3615.48,townhome,38,351560.0,2025,https://www.zillow.com,https://photos.zillowstatic.com/fp/f2f02b86e501c2e5f8573afb0e6cda6d-p_c.jpg,2026-08-31 15:49,For Sale
26684121,5511 Tremont St,75214,Dallas,TX,32.802933,-96.76029,600000,224.0,,576000.0,3464.0,5.0,3.0,2684.0,1930.0,7492.32,singleFamily,9,419430.0,2025,https://www.zillow.com,https://photos.zillowstatic.com/fp/588f1a71d45aa537859e728e0cf2a9db-p_c.jpg,2026-08-31 15:49,For Sale
26789742,3765 Durango Dr,75220,Dallas,TX,32.86744,-96.85334,1775000,355.0,,,,5.0,7.0,5000.0,2026.0,8712.0,singleFamily,9,416800.0,2025,https://www.zillow.com,https://photos.zillowstatic.com/fp/7db6bfc2d721dfaba414007166f5c890-p_c.jpg,2026-08-31 15:49,For Sale
442935633,2926 Lorena Jordan Rd,75212,Dallas,TX,32.78252,-96.86816,349990,179.0,,346500.0,3377.0,4.0,3.0,1950.0,2024.0,3179.88,singleFamily,4,347000.0,2025,https://www.zillow.com,https://photos.zillowstatic.com/fp/d238006443e3381d53ae6883b38d3504-p_c.jpg,2026-08-31 15:49,For Sale
26888065,9807 Bent Branch Ln,75243,Dallas,TX,32.921227,-96.736374,255000,134.0,,249100.0,2526.0,3.0,3.0,1905.0,1978.0,2613.6,townhome,6,317270.0,2025,https://www.zillow.com,https://photos.zillowstatic.com/fp/d07bc57c1f08a42a93c26d95d1d0f273-p_c.jpg,2026-08-31 15:49,For Sale
26928126,8610 Turtle Creek Blvd APT 208,75225,Dallas,TX,32.866764,-96.78853,315000,268.0,,306700.0,2439.0,2.0,2.0,1174.0,1984.0,0.73,condo,31,252410.0,2025,https://www.zillow.com,https://photos.zillowstatic.com/fp/6903f3d27eeb4286f846aa0abd9ec378-p_c.jpg,2026-08-31 15:49,For Sale
333139155,14373 Wrangler Way,75253,Dallas,TX,32.67319,-96.585754,300000,117.0,-10000.0,299800.0,2782.0,5.0,3.0,2572.0,2019.0,6141.96,singleFamily,125,324670.0,2025,https://www.zillow.com,https://photos.zillowstatic.com/fp/566d2a9b9dfa3b3f657726ac98e0a4c9-p_c.jpg,2026-08-31 15:49,For Sale
26804209,5205 Royal Ln,75229,Dallas,TX,32.895317,-96.81789,3967000,597.0,,,,5.0,8.0,6647.0,1972.0,1.0,singleFamily,97,2210000.0,2025,https://www.zillow.com,https://photos.zillowstatic.com/fp/287986ed7c492dd54e73f5c8f68b497f-p_c.jpg,2026-08-31 15:49,For Sale
96511891,5735 Bon Air Dr,75210,Dallas,TX,32.678123,-96.76711,289000,156.0,-10000.0,,2564.0,4.0,2.0,1849.0,2022.0,0.27599999999999997,singleFamily,26,320000.0,2025,https://www.zillow.com,https://photos.zillowstatic.com/fp/d45365e3acc900d180b24769d19cd114-p_c.jpg,2026-08-31 15:49,For Sale
26758236,4347 Royal Ridge Dr,75229,Dallas,TX,32.889618,-96.83396,2349900,453.0,,,5029.0,5.0,6.0,5184.0,1968.0,0.329,singleFamily,31,972340.0,2025,https://www.zillow.com,https://photos.zillowstatic.com/fp/c422f25bd1002e457dffad918cf415fe-p_c.jpg,2026-08-31 15:49,For Sale
2056836283,2724 Hondo Ave,75219,Dallas,TX,32.812157,-96.81847,439999,235.0,-38001.0,,,3.0,3.0,1876.0,2023.0,3005.64,condo,45,560710.0,2025,https://www.zillow.com,https://photos.zillowstatic.com/fp/e50f04aeff195f2716bfedae60970143-p_c.jpg,2026-08-31 15:49,For Sale
96536144,8820 Eustis Ave,75218,Dallas,TX,32.817764,-96.70191,690000,593.0,-35000.0,672900.0,2282.0,2.0,2.0,1164.0,2012.0,0.26,singleFamily,33,604480.0,2025,https://www.zillow.com,https://photos.zillowstatic.com/fp/5ac1444acff2603ebdc4b27ca3dc5e9e-p_c.jpg,2026-08-31 15:49,For Sale
162366249,9630 Fallbrook Dr,75243,Dallas,TX,32.901962,-96.73076,649900,235.0,,630300.0,5083.0,3.0,3.0,2768.0,1973.0,8712.0,singleFamily,3,563910.0,2025,https://www.zillow.com,https://photos.zillowstatic.com/fp/5bf99529c38b4ea569fc15bc4b4bb84f-p_c.jpg,2026-08-31 15:49,For Sale
26747268,649 Peavy Rd,75218,Dallas,TX,32.848106,-96.71082,539000,411.0,-10000.0,529600.0,2908.0,3.0,2.0,1311.0,1948.0,10367.28,singleFamily,11,503380.0,2025,https://www.zillow.com,https://photos.zillowstatic.com/fp/6dd3266e37bbb745765b296b94a4a3d1-p_c.jpg,2026-08-31 15:49,For Sale
26803211,11629 Flamingo Ln,75218,Dallas,TX,32.855083,-96.679,774999,245.0,-25000.0,763900.0,5117.0,5.0,4.0,3160.0,2026.0,7535.88,singleFamily,32,100000.0,2025,https://www.zillow.com,https://photos.zillowstatic.com/fp/132680f824f68e68fe2467a3a8281323-p_c.jpg,2026-08-31 15:49,For Sale
26815151,740 Emberwood Dr,75232,Dallas,TX,32.658802,-96.833466,200000,109.0,,200900.0,2062.0,4.0,2.0,1836.0,1956.0,7579.44,singleFamily,7,263670.0,2025,https://www.zillow.com,https://photos.zillowstatic.com/fp/9bb97a4b0ce7beca5ca402132f3b6da1-p_c.jpg,2026-08-31 15:49,For Sale
462487615,1727 Tenison Hills Ct,75228,Dallas,TX,32.80517,-96.719055,1697000,555.0,,1665700.0,4728.0,4.0,4.0,3055.0,2026.0,6033.06,singleFamily,129,,,https://www.zillow.com,https://photos.zillowstatic.com/fp/0b424f63478ffa70bc5ce6e8ceafd1b9-p_c.jpg,2026-08-31 15:49,For Sale
26759307,4424 Manning Ln,75220,Dallas,TX,32.867283,-96.83303,3750000,574.0,-100000.0,,,4.0,5.0,6530.0,2007.0,0.414,singleFamily,94,3394880.0,2025,https://www.zillow.com,https://photos.zillowstatic.com/fp/cabba996f4c50ff6d4c637a776fc90be-p_c.jpg,2026-08-31 15:49,For Sale
26734152,4325 Pomona Rd,75209,Dallas,TX,32.85364,-96.83528,3495000,762.0,-100000.0,,,4.0,4.0,4585.0,1934.0,0.439,singleFamily,9,2325000.0,2025,https://www.zillow.com,https://photos.zillowstatic.com/fp/52dbe28176964b34b92b6c75529fd542-p_c.jpg,2026-08-31 15:49,For Sale
26923500,1001 Liberty St APT 122,75204,Dallas,TX,32.79259,-96.79114,170000,267.0,,,,1.0,1.0,636.0,1983.0,,condo,2,168190.0,2025,https://www.zillow.com,https://photos.zillowstatic.com/fp/af9cdb83d947c3d6a6b22d332d0df6ff-p_c.jpg,2026-08-31 15:49,For Sale
26813799,5916 Shady Crest Trl,75241,Dallas,TX,32.675465,-96.81566,175000,100.0,-14000.0,,2074.0,3.0,2.0,1751.0,1959.0,9801.0,singleFamily,19,246220.0,2025,https://www.zillow.com,https://photos.zillowstatic.com/fp/cfd26f369b8495c63e813e8d57b9def5-p_c.jpg,2026-08-31 15:49,For Sale
96503267,310 S Justin Ave,75211,Dallas,TX,32.74358,-96.91107,274900,158.0,,,,5.0,5.0,1742.0,2017.0,8712.0,singleFamily,46,373620.0,2025,https://www.zillow.com,https://photos.zillowstatic.com/fp/1169b0bd2f3a2e5b7bf6bae55b3b223b-p_c.jpg,2026-08-31 15:49,For Sale
61871196,2502 Live Oak St APT 208,75204,Dallas,TX,32.786884,-96.790695,309500,301.0,,316400.0,2195.0,1.0,1.0,1027.0,1998.0,1.495,condo,2,292700.0,2025,https://www.zillow.com,https://photos.zillowstatic.com/fp/777ea0e137d1c7ae46f43076199a5ab3-p_c.jpg,2026-08-31 15:49,For Sale
464324863,4004 & 4006 S Denley Dr,75216,Dallas,TX,32.760754,-96.771545,720000,209.0,,712300.0,2601.0,6.0,8.0,3442.0,2026.0,0.2795,multiFamily,27,,,https://www.zillow.com,https://photos.zillowstatic.com/fp/503310ffb13941223261941699b60b77-p_c.jpg,2026-08-31 15:49,For Sale
26609033,4123 Lawngate Dr,75287,Dallas,TX,33.003246,-96.839935,434900,219.0,-15000.0,,,3.0,3.0,1990.0,1984.0,8276.4,singleFamily,93,496236.0,2025,https://www.zillow.com,https://photos.zillowstatic.com/fp/b4328aac16b269164f9c91c1063b80f0-p_c.jpg,2026-08-31 15:49,For Sale
26867712,8814 Sanshire Ave,75231,Dallas,TX,32.879063,-96.743675,1499000,394.0,-100000.0,,,4.0,4.0,3805.0,1982.0,10454.4,singleFamily,13,790000.0,2025,https://www.zillow.com,https://photos.zillowstatic.com/fp/0bc7114b2db1efdfdb114e2abfa3c412-p_c.jpg,2026-08-31 15:49,For Sale
26685443,700 Cristler Ave,75223,Dallas,TX,32.802162,-96.74569,450000,349.0,,433300.0,2510.0,2.0,2.0,1288.0,1916.0,5837.04,singleFamily,17,351830.0,2025,https://www.zillow.com,https://photos.zillowstatic.com/fp/04cf311371ed083cdd92879df0302bdd-p_c.jpg,2026-08-31 15:49,For Sale
111957963,4611 Kelton Dr,75209,Dallas,TX,32.850445,-96.83098,995000,264.0,-305000.0,,,4.0,3.0,3772.0,1880.0,0.461,singleFamily,40,455040.0,2025,https://www.zillow.com,https://photos.zillowstatic.com/fp/46d494d23cd6767d4b2a903fa41861d7-p_c.jpg,2026-08-31 15:49,For Sale
26864370,11022 Ferndale Rd,75238,Dallas,TX,32.892773,-96.71707,609900,248.0,-10000.0,596600.0,4631.0,4.0,3.0,2457.0,1967.0,8929.8,singleFamily,10,630880.0,2025,https://www.zillow.com,https://photos.zillowstatic.com/fp/b2e1b804ecfc12d9a2b2f661c8510d72-p_c.jpg,2026-08-31 15:49,For Sale
26681050,5118 Ash Ln,75223,Dallas,TX,32.793842,-96.75688,309900,139.0,-15100.0,,2112.0,4.0,3.0,2234.0,1923.0,7230.96,multiFamily,160,348280.0,2025,https://www.zillow.com,https://photos.zillowstatic.com/fp/0f6e38b7da111eb51e1a48510555c5db-p_c.jpg,2026-08-31 15:49,For Sale
2067766787,215 N Walton St #9 & 11,75226,Dallas,TX,32.785614,-96.78144,450000,301.0,,429700.0,2269.0,1.0,1.0,1494.0,1957.0,0.321,condo,3,,,https://www.zillow.com,https://photos.zillowstatic.com/fp/4b19a34a60692359a287d28ee5b9b933-p_c.jpg,2026-08-31 15:49,For Sale
26759320,4424 Glenleigh Dr,75220,Dallas,TX,32.866314,-96.83281,3250000,494.0,-239000.0,,,5.0,7.0,6578.0,2005.0,0.42900000000000005,singleFamily,108,2153250.0,2025,https://www.zillow.com,https://photos.zillowstatic.com/fp/5eb82d854a28af18a012d62a4d3fa131-p_c.jpg,2026-08-31 15:49,For Sale
26751352,7820 Bryn Mawr Dr,75225,Dallas,TX,32.855736,-96.772224,3395000,619.0,,,,6.0,7.0,5486.0,2006.0,0.257,singleFamily,25,2653500.0,2025,https://www.zillow.com,https://photos.zillowstatic.com/fp/b0308c759be82423ac2d9ae68bb2d3f4-p_c.jpg,2026-08-31 15:49,For Sale
26885145,5731 Mona Ln,75236,Dallas,TX,32.67677,-96.92184,519900,133.0,-5000.0,505200.0,5106.0,4.0,5.0,3905.0,1969.0,0.5760000000000001,singleFamily,190,426690.0,2025,https://www.zillow.com,https://photos.zillowstatic.com/fp/7024d29973f969a7e7046faa8b7beefb-p_c.jpg,2026-08-31 15:49,For Sale
461635591,5443 Ellsworth,75206,Dallas,TX,32.833782,-96.775406,1225000,380.0,,1199500.0,5640.0,3.0,4.0,3225.0,2025.0,4051.08,singleFamily,24,,,https://www.zillow.com,https://photos.zillowstatic.com/fp/3a1bf24d66c8ac1ea2ba536f73743fd2-p_c.jpg,2026-08-31 15:49,For Sale
26741084,9207 Angora St,75218,Dallas,TX,32.829983,-96.706116,735000,263.0,-64000.0,712400.0,2989.0,3.0,2.0,2800.0,1948.0,0.42600000000000005,singleFamily,206,515380.0,2025,https://www.zillow.com,https://photos.zillowstatic.com/fp/1c1c2eb110f62f3d413b3dc3bf66396c-p_c.jpg,2026-08-31 15:49,For Sale
26869347,9406 Arborhill Dr,75243,Dallas,TX,32.905796,-96.73009,850000,293.0,-15500.0,823900.0,3461.0,3.0,3.0,2903.0,1970.0,8755.56,singleFamily,25,544120.0,2025,https://www.zillow.com,https://photos.zillowstatic.com/fp/743b17ea6d96d5a8b8248905acdf58bd-p_c.jpg,2026-08-31 15:49,For Sale
67964681,4104 N Hall St #334,75219,Dallas,TX,32.813534,-96.811104,288000,250.0,,280100.0,2064.0,2.0,2.0,1154.0,1985.0,0.753,condo,19,351970.0,2025,https://www.zillow.com,https://photos.zillowstatic.com/fp/bdc5a1c20a57f209db2f4a829d493844-p_c.jpg,2026-08-31 15:49,For Sale
89226021,238 Creek Cove Dr,75217,Dallas,TX,32.715973,-96.70971,190000,143.0,-11999.0,189500.0,1724.0,3.0,3.0,1330.0,2008.0,2178.0,townhome,94,207090.0,2025,https://www.zillow.com,https://photos.zillowstatic.com/fp/1e149806935d2a187b1bcec3aa258d6e-p_c.jpg,2026-08-31 15:49,For Sale
26848500,6929 Elmridge Dr,75240,Dallas,TX,32.935173,-96.78496,1999999,625.0,,1882100.0,6025.0,4.0,4.0,3199.0,1961.0,0.7580000000000001,singleFamily,61,1351460.0,2025,https://www.zillow.com,https://photos.zillowstatic.com/fp/f29ea391556e8c0b369473c36bc55f31-p_c.jpg,2026-08-31 15:49,For Sale
26726630,2607 W Lovers Ln,75235,Dallas,TX,32.839935,-96.85749,469000,223.0,,466100.0,2775.0,7.0,4.0,2100.0,1937.0,7579.44,singleFamily,11,339530.0,2025,https://www.zillow.com,https://photos.zillowstatic.com/fp/f962e2e1a5e62e8dfc1642dae9aec351-p_c.jpg,2026-08-31 15:49,For Sale
26717573,1231 S Montclair Ave,75208,Dallas,TX,32.732655,-96.847176,599000,183.0,,575200.0,3866.0,4.0,3.0,3281.0,1940.0,6838.92,singleFamily,5,331460.0,2025,https://www.zillow.com,https://photos.zillowstatic.com/fp/e7f8cacf65140ae2d0cd7897e0b7856d-p_c.jpg,2026-08-31 15:49,For Sale
26732872,6923 Robin Rd,75209,Dallas,TX,32.842197,-96.823395,4195000,750.0,-55000.0,4039700.0,4456.0,4.0,6.0,5597.0,2026.0,0.367,singleFamily,38,996270.0,2025,https://www.zillow.com,https://photos.zillowstatic.com/fp/60d9a0c295a54070906c5ad1e27502bd-p_c.jpg,2026-08-31 15:49,For Sale
26849521,6811 Bradbury Ln,75230,Dallas,TX,32.912846,-96.78806,1650000,421.0,,1556700.0,7586.0,4.0,4.0,3920.0,1958.0,0.35200000000000004,singleFamily,22,1190000.0,2025,https://www.zillow.com,https://photos.zillowstatic.com/fp/d5445e397c21fd729e727fb0acf6eb20-p_c.jpg,2026-08-31 15:49,For Sale
26823950,5412 University Hills Blvd,75241,Dallas,TX,32.679962,-96.80546,165000,141.0,,,1863.0,3.0,2.0,1169.0,1962.0,9381.0,singleFamily,51,186430.0,2025,https://www.zillow.com,https://photos.zillowstatic.com/fp/15d8dfd5ad8b3ddfcb77e7f85ca2d4e5-p_c.jpg,2026-08-31 15:49,For Sale
26812044,6916 Azalea Ln,75230,Dallas,TX,32.897087,-96.7873,5750000,730.0,,5451200.0,7908.0,6.0,7.0,7879.0,2026.0,0.375,singleFamily,52,1044470.0,2025,https://www.zillow.com,https://photos.zillowstatic.com/fp/8fdb8a7513f7275fa0d9982c5a61dddf-p_c.jpg,2026-08-31 15:49,For Sale
26899394,9233 Church Rd APT 103,75231,Dallas,TX,32.886517,-96.73183,310000,225.0,-5000.0,306300.0,1971.0,3.0,2.0,1377.0,1981.0,1.477,condo,64,289170.0,2025,https://www.zillow.com,https://photos.zillowstatic.com/fp/2830840fa2653750433c99484460cc05-p_c.jpg,2026-08-31 15:49,For Sale
26640306,17704 Cedar Creek Canyon Dr,75252,Dallas,TX,32.992584,-96.81119,1969000,356.0,-30000.0,,,5.0,6.0,5530.0,1988.0,0.413,singleFamily,130,1764319.0,2025,https://www.zillow.com,https://photos.zillowstatic.com/fp/77c8d34ab959d60c8da0740a5904740c-p_c.jpg,2026-08-31 15:49,For Sale
26794401,1718 Joan Dr,75217,Dallas,TX,32.74221,-96.69704,211500,148.0,-3300.0,,,3.0,2.0,1428.0,1957.0,7448.76,singleFamily,118,234160.0,2025,https://www.zillow.com,https://photos.zillowstatic.com/fp/582bcd163eb4ab1a71b69e785936b18c-p_c.jpg,2026-08-31 15:49,For Sale
26840055,9020 Westbriar Dr,75228,Dallas,TX,32.815426,-96.696594,495000,293.0,-5000.0,,,3.0,2.0,1688.0,1960.0,7797.24,singleFamily,117,490420.0,2025,https://www.zillow.com,https://photos.zillowstatic.com/fp/9067f3a1f738e6d4d7bed1f2642bd10d-p_c.jpg,2026-08-31 15:49,For Sale
26734131,4229 Bluffview Blvd,75209,Dallas,TX,32.85287,-96.8382,1399000,288.0,,1343300.0,7512.0,4.0,4.0,4854.0,2007.0,10367.28,singleFamily,54,1097230.0,2025,https://www.zillow.com,https://photos.zillowstatic.com/fp/dbb095768d9849639e7c32ee3b24dee3-p_c.jpg,2026-08-31 15:49,For Sale
26710726,1136 Woodlawn Ave,75208,Dallas,TX,32.757515,-96.82941,740000,367.0,-10000.0,716800.0,4767.0,3.0,3.0,2017.0,1940.0,7666.56,singleFamily,39,554110.0,2025,https://www.zillow.com,https://photos.zillowstatic.com/fp/125b86cfa93646e79e14e8b298727a69-p_c.jpg,2026-08-31 15:49,For Sale
26717375,1114 N Windomere Ave,75208,Dallas,TX,32.757896,-96.843605,999900,478.0,,947900.0,4128.0,3.0,2.0,2093.0,1926.0,0.258,singleFamily,26,823600.0,2025,https://www.zillow.com,https://photos.zillowstatic.com/fp/dd0c9f033aa456a95b6bd5c6e5e3514b-p_c.jpg,2026-08-31 15:49,For Sale
26645628,4827 Sandestin Dr,75287,Dallas,TX,32.995907,-96.82532,1292000,303.0,,1234300.0,6149.0,5.0,5.0,4265.0,1989.0,0.26,singleFamily,44,1103671.0,2025,https://www.zillow.com,https://photos.zillowstatic.com/fp/e7f1839c9d73478e187437bc06f02253-p_c.jpg,2026-08-31 15:49,For Sale
26690639,5347 Miller Ave,75206,Dallas,TX,32.821598,-96.77795,1795000,386.0,-30000.0,1720000.0,8567.0,4.0,6.0,4655.0,2016.0,9583.2,singleFamily,65,1825140.0,2025,https://www.zillow.com,https://photos.zillowstatic.com/fp/a527553393113f0034d4dff77afb9692-p_c.jpg,2026-08-31 15:49,For Sale
26871446,7992 Fallmeadow Ln,75248,Dallas,TX,32.95837,-96.7695,699000,278.0,-26000.0,691200.0,4865.0,4.0,3.0,2516.0,1966.0,0.271,singleFamily,186,600000.0,2025,https://www.zillow.com,https://photos.zillowstatic.com/fp/b0d80eaf461e0939690c5ff6d017b6da-p_c.jpg,2026-08-31 15:49,For Sale
26755651,6822 Meadow Rd,75230,Dallas,TX,32.88594,-96.78743,1950000,461.0,-49900.0,1881000.0,7800.0,4.0,5.0,4231.0,1986.0,0.3444,singleFamily,95,1515000.0,2025,https://www.zillow.com,https://photos.zillowstatic.com/fp/b7ce4c2e73d216d9c599ff143c51138e-p_c.jpg,2026-08-31 15:49,For Sale
26780450,3423 Boulder Dr,75233,Dallas,TX,32.70206,-96.874626,345000,212.0,,339000.0,2782.0,4.0,2.0,1626.0,1959.0,10105.92,singleFamily,1,302490.0,2025,https://www.zillow.com,https://photos.zillowstatic.com/fp/90279c5392f2f5d4b5046f7b9e5aad29-p_c.jpg,2026-08-31 15:49,For Sale
26815412,840 Clearwood Dr,75232,Dallas,TX,32.660545,-96.83638,165000,168.0,,162800.0,1588.0,2.0,1.0,983.0,1956.0,7535.88,singleFamily,4,191900.0,2025,https://www.zillow.com,https://photos.zillowstatic.com/fp/06a178833105e511813f7f44bf5c650d-p_c.jpg,2026-08-31 15:49,For Sale
26747114,936 N Buckner Blvd,75218,Dallas,TX,32.84233,-96.70816,450000,316.0,-25000.0,,,2.0,2.0,1422.0,1950.0,10410.84,singleFamily,157,433820.0,2025,https://www.zillow.com,https://photos.zillowstatic.com/fp/169e94c6f079ae578393a821153480c0-p_c.jpg,2026-08-31 15:49,For Sale
26691221,2909 Lenway St,75215,Dallas,TX,32.76731,-96.763115,87000,104.0,-8000.0,,1265.0,2.0,1.0,836.0,1925.0,5501.628,singleFamily,89,108720.0,2025,https://www.zillow.com,https://photos.zillowstatic.com/fp/9f98a1855062aa8637fb90e450ca4712-p_c.jpg,2026-08-31 15:49,For Sale
26814311,6633 Emhouse St,75232,Dallas,TX,32.66675,-96.828224,240000,138.0,-5000.0,236400.0,2292.0,4.0,2.0,1738.0,1949.0,10062.36,singleFamily,69,265760.0,2025,https://www.zillow.com,https://photos.zillowstatic.com/fp/ac3bc145aec85a5e339c8ee0d2272778-p_c.jpg,2026-08-31 15:49,For Sale
55826174,2714 Shelby St,75219,Dallas,TX,32.807117,-96.81241,525000,302.0,,441800.0,3369.0,2.0,2.0,1738.0,2000.0,2090.88,townhome,2,441240.0,2025,https://www.zillow.com,https://photos.zillowstatic.com/fp/f9d2f719c08c6b2dabdb3638c875eb61-p_c.jpg,2026-08-31 15:49,For Sale
248830365,4828 Caxton Ct,75204,Dallas,TX,32.80886,-96.78034,775000,398.0,-25000.0,755600.0,3580.0,3.0,4.0,1948.0,2018.0,1524.6,townhome,123,739950.0,2025,https://www.zillow.com,https://photos.zillowstatic.com/fp/8fe4f7df804c7bfe39ea1dda9fb4d7b9-p_c.jpg,2026-08-31 15:49,For Sale
26682117,3883 Turtle Creek Blvd APT 2214,75219,Dallas,TX,32.815575,-96.79938,385000,299.0,,,,2.0,2.0,1287.0,1963.0,3.159,condo,11,379670.0,2025,https://www.zillow.com,https://photos.zillowstatic.com/fp/834fa89bde9c972d5baffca18cc31071-p_c.jpg,2026-08-31 15:49,For Sale
26822963,6039 Blunter St,75241,Dallas,TX,32.671265,-96.77633,185000,175.0,,179400.0,1830.0,3.0,2.0,1056.0,1999.0,0.28500000000000003,singleFamily,123,201090.0,2025,https://www.zillow.com,https://photos.zillowstatic.com/fp/5edde160196601091481555b601264c3-p_c.jpg,2026-08-31 15:49,For Sale
26888828,6234 La Cosa Dr,75248,Dallas,TX,32.959396,-96.79814,599999,242.0,-30001.0,592500.0,3285.0,3.0,3.0,2480.0,1979.0,8058.6,singleFamily,87,596060.0,2025,https://www.zillow.com,https://photos.zillowstatic.com/fp/eeb8756a5cc4846cf5204ba4772ca22b-p_c.jpg,2026-08-31 15:49,For Sale
26890526,7720 Lone Moor Cir,75248,Dallas,TX,32.983692,-96.77365,650000,232.0,-15000.0,636300.0,3075.0,3.0,3.0,2798.0,1978.0,0.28500000000000003,singleFamily,37,755990.0,2025,https://www.zillow.com,https://photos.zillowstatic.com/fp/eb8220297a594172b5895ff20fe12384-p_c.jpg,2026-08-31 15:49,For Sale
456952495,4902 Worth St,75214,Dallas,TX,32.79852,-96.767166,1799000,296.0,,,1527.0,11.0,15.0,6072.0,1930.0,9975.24,multiFamily,104,939660.0,2025,https://www.zillow.com,https://photos.zillowstatic.com/fp/b8032c9dfa9557492fca9bf3b4423c32-p_c.jpg,2026-08-31 15:49,For Sale
26806704,3832 Cabana Ln,75229,Dallas,TX,32.885296,-96.852646,3646000,615.0,-49000.0,3488400.0,6763.0,5.0,6.0,5924.0,2026.0,0.366,singleFamily,67,858240.0,2025,https://www.zillow.com,https://photos.zillowstatic.com/fp/a18f9d243903cf14fe645fe8539a30f4-p_c.jpg,2026-08-31 15:49,For Sale
26912736,9028 Clearhurst Dr,75238,Dallas,TX,32.869553,-96.72991,615000,331.0,,598700.0,2854.0,3.0,2.0,1859.0,1999.0,4007.52,singleFamily,18,579600.0,2025,https://www.zillow.com,https://photos.zillowstatic.com/fp/accbf7bc8b30fe3396dbd15db688f631-p_c.jpg,2026-08-31 15:49,For Sale
333140681,3710 Redleaf Ln,75209,Dallas,TX,32.828075,-96.81944,829500,319.0,-19500.0,,,3.0,4.0,2598.0,2022.0,2352.24,singleFamily,27,854750.0,2025,https://www.zillow.com,https://photos.zillowstatic.com/fp/7aa598cddd8aa689ea63d21a6fbd65e4-p_c.jpg,2026-08-31 15:49,For Sale
26924887,4229 Cole Ave APT 108,75205,Dallas,TX,32.817818,-96.79228,385000,339.0,-5000.0,375700.0,2978.0,2.0,3.0,1137.0,1982.0,0.62,condo,74,369530.0,2025,https://www.zillow.com,https://photos.zillowstatic.com/fp/be59437c7bef697834c485d78e2674db-p_c.jpg,2026-08-31 15:49,For Sale
26777001,1409 Autumn Leaves Trl,75241,Dallas,TX,32.68039,-96.80147,369900,150.0,-20000.0,368800.0,2759.0,4.0,3.0,2474.0,1957.0,9016.92,singleFamily,75,258690.0,2025,https://www.zillow.com,https://photos.zillowstatic.com/fp/c86724db5a3888a3c1464a73fad1eb9c-p_c.jpg,2026-08-31 15:49,For Sale
53085805,18333 Roehampton Dr APT 315,75252,Dallas,TX,33.001495,-96.8031,139000,189.0,-8250.0,132500.0,1329.0,2.0,1.0,737.0,1985.0,1219.68,condo,72,166889.0,2025,https://www.zillow.com,https://photos.zillowstatic.com/fp/7c8d8a14a959ed69ac533b91695ae3e9-p_c.jpg,2026-08-31 15:49,For Sale
26829062,12504 Renoir Ln,75230,Dallas,TX,32.91878,-96.80405,999999,238.0,-199001.0,955600.0,7519.0,5.0,4.0,4207.0,1981.0,0.32999999999999996,singleFamily,97,993250.0,2025,https://www.zillow.com,https://photos.zillowstatic.com/fp/182d9a1cba18503e5be0e2c358ea2dc1-p_c.jpg,2026-08-31 15:49,For Sale
26681824,3883 Turtle Creek Blvd APT 404,75219,Dallas,TX,32.815575,-96.79938,265000,259.0,,255900.0,2187.0,2.0,2.0,1023.0,1963.0,3.159,condo,45,276210.0,2025,https://www.zillow.com,https://photos.zillowstatic.com/fp/66ae01d10fed71849536f93d737fe1c2-p_c.jpg,2026-08-31 15:49,For Sale
26836091,3907 Odessa St,75212,Dallas,TX,32.789024,-96.90168,199995,159.0,-50005.0,,2167.0,3.0,2.0,1260.0,1946.0,7274.52,singleFamily,51,244200.0,2025,https://www.zillow.com,https://photos.zillowstatic.com/fp/a775f5fc24afac01a9b7736ace960407-p_c.jpg,2026-08-31 15:49,For Sale
302787562,2515 Old Mill Rd,75287,Carrollton,TX,32.98999,-96.869675,419900,243.0,,410800.0,2957.0,3.0,2.0,1730.0,1982.0,7840.8,singleFamily,121,402838.0,2025,https://www.zillow.com,https://photos.zillowstatic.com/fp/e10ea22e6301f5f94b3426ecf508abe0-p_c.jpg,2026-08-31 15:49,For Sale
26751118,7223 Edgerton Dr,75231,Dallas,TX,32.8562,-96.73668,618500,333.0,-21000.0,605000.0,3231.0,3.0,2.0,1855.0,1954.0,7405.2,singleFamily,24,566830.0,2025,https://www.zillow.com,https://photos.zillowstatic.com/fp/908cc73d6bfae43af610fd9a6d6e6c13-p_c.jpg,2026-08-31 15:49,For Sale
26751075,7048 Arboreal Dr,75231,Dallas,TX,32.859203,-96.7364,874900,318.0,-40100.0,,,3.0,3.0,2753.0,1960.0,0.254,singleFamily,79,643770.0,2025,https://www.zillow.com,https://photos.zillowstatic.com/fp/c991c1947bd4a04e9220e18e5d6e134e-p_c.jpg,2026-08-31 15:49,For Sale
96495087,1323 Hudspeth Ave,75216,Dallas,TX,32.699375,-96.80564,280000,178.0,-24900.0,,2088.0,4.0,2.0,1575.0,2013.0,8404.0,singleFamily,21,265000.0,2025,https://www.zillow.com,https://photos.zillowstatic.com/fp/ecfa286aefb2003eeb32bda27dd6342c-p_c.jpg,2026-08-31 15:49,For Sale
336885743,7333 Valley View Ln Unit 807,75240,Dallas,TX,32.92667,-96.778564,399000,264.0,-13000.0,393200.0,2558.0,2.0,3.0,1514.0,2019.0,871.2,townhome,67,354740.0,2025,https://www.zillow.com,https://photos.zillowstatic.com/fp/321efea4a04ec2a1ca355983f6a11c45-p_c.jpg,2026-08-31 15:49,For Sale
26716615,1202 Arizona Ave,75216,Dallas,TX,32.734818,-96.817055,335000,245.0,,327400.0,2110.0,4.0,2.0,1368.0,1975.0,7361.64,singleFamily,18,300030.0,2025,https://www.zillow.com,https://photos.zillowstatic.com/fp/648d3850631b530e28370b24beb32318-p_c.jpg,2026-08-31 15:49,For Sale
459229358,2225 Bethurum Ave,75215,Dallas,TX,32.743374,-96.756744,299999,169.0,,298100.0,2288.0,4.0,3.0,1776.0,2024.0,2482.92,singleFamily,4,307650.0,2025,https://www.zillow.com,https://photos.zillowstatic.com/fp/b001886de685a3cf4a81b1194926d0d9-p_c.jpg,2026-08-31 15:49,For Sale
26821144,2331 Talco Dr,75241,Dallas,TX,32.68412,-96.78181,119000,92.0,,170700.0,1784.0,4.0,1.0,1290.0,1959.0,6751.8,singleFamily,1,161550.0,2025,https://www.zillow.com,https://photos.zillowstatic.com/fp/9f075508e67ca32a10c209f8b61dd05d-p_c.jpg,2026-08-31 15:49,For Sale
26637978,17927 Windflower Way,75252,Dallas,TX,32.996372,-96.80392,385000,177.0,-10000.0,380700.0,3549.0,3.0,3.0,2174.0,1990.0,4225.32,singleFamily,143,454758.0,2025,https://www.zillow.com,https://photos.zillowstatic.com/fp/4c5259b325b83ee8aa05f6f603970e5c-p_c.jpg,2026-08-31 15:49,For Sale
26924130,5550 Spring Valley Rd APT A31,75254,Dallas,TX,32.93879,-96.81258,119900,177.0,-15000.0,113500.0,1145.0,1.0,1.0,676.0,1983.0,3.0,condo,47,141210.0,2025,https://www.zillow.com,https://photos.zillowstatic.com/fp/3d3f8bde4214335f7756de540e08b4ec-p_c.jpg,2026-08-31 15:49,For Sale
26828804,5908 Melshire Dr,75230,Dallas,TX,32.913986,-96.80711,1749500,420.0,-49500.0,1674900.0,7835.0,4.0,5.0,4169.0,1958.0,0.3721,singleFamily,144,1547840.0,2025,https://www.zillow.com,https://photos.zillowstatic.com/fp/8064821314d0532b2043275aeff10f45-p_c.jpg,2026-08-31 15:49,For Sale
26718779,2742 Burlington Blvd,75211,Dallas,TX,32.737198,-96.865395,375000,234.0,-14900.0,370700.0,2479.0,3.0,2.0,1603.0,1926.0,6446.88,singleFamily,69,325000.0,2025,https://www.zillow.com,https://photos.zillowstatic.com/fp/e0368b82b0a92f488d73250784a6b638-p_c.jpg,2026-08-31 15:49,For Sale
26803295,11444 Parkchester Dr,75230,Dallas,TX,32.904186,-96.79878,4850000,721.0,,4603600.0,7331.0,5.0,7.0,6729.0,2025.0,0.378,singleFamily,69,905850.0,2025,https://www.zillow.com,https://photos.zillowstatic.com/fp/4d66974dee5eb3967f689ad3cc0240b9-p_c.jpg,2026-08-31 15:49,For Sale
464924402,4034 Saddleback Dr,75227,Dallas,TX,32.77093,-96.672386,276499,166.0,,,,4.0,2.0,1667.0,2026.0,,singleFamily,1,,,https://www.zillow.com,https://photos.zillowstatic.com/fp/075164a70199364bf9eac9e686a19484-p_c.jpg,2026-08-31 15:49,For Sale
26753626,6236 Del Norte Ln,75225,Dallas,TX,32.86822,-96.79825,1495000,481.0,,1429600.0,6618.0,4.0,4.0,3108.0,1951.0,0.2571166207529844,singleFamily,8,1465390.0,2025,https://www.zillow.com,https://photos.zillowstatic.com/fp/e0a97ebb979e5eb0c950b8c649d613eb-p_c.jpg,2026-08-31 15:49,For Sale
26830702,2553 Dorrington Dr,75228,Dallas,TX,32.80181,-96.70226,459900,287.0,,449800.0,2441.0,3.0,2.0,1601.0,1958.0,8145.72,singleFamily,2,349180.0,2025,https://www.zillow.com,https://photos.zillowstatic.com/fp/03ee7b5fc94d2e497ca918fd3e6e9df1-p_c.jpg,2026-08-31 15:49,For Sale
96527961,2749 Bethurum Ave,75215,Dallas,TX,32.746677,-96.75123,290000,229.0,,287500.0,2295.0,3.0,2.0,1268.0,2024.0,8407.08,singleFamily,19,270000.0,2025,https://www.zillow.com,https://photos.zillowstatic.com/fp/f329644c02b4c6229a924e05cae9c4e2-p_c.jpg,2026-08-31 15:49,For Sale
459145277,8714 Quinn St #A,75217,Dallas,TX,32.730892,-96.669975,325000,144.0,,319100.0,1584.0,5.0,4.0,2264.0,1962.0,7056.72,multiFamily,60,,,https://www.zillow.com,https://photos.zillowstatic.com/fp/66823a188d61fbf85b24b2a595aef10d-p_c.jpg,2026-08-31 15:49,For Sale
26872983,15651 Terrace Lawn Cir,75248,Dallas,TX,32.961514,-96.77894,560000,259.0,-37500.0,548200.0,3602.0,4.0,3.0,2159.0,1967.0,7840.8,singleFamily,107,575000.0,2025,https://www.zillow.com,https://photos.zillowstatic.com/fp/d0c1ff5499c268a349a0a04c90a52e25-p_c.jpg,2026-08-31 15:49,For Sale
162361676,9946 Vistadale Dr,75238,Dallas,TX,32.888195,-96.71434,779500,341.0,-5500.0,760100.0,4657.0,4.0,3.0,2286.0,1966.0,8799.12,singleFamily,66,583000.0,2025,https://www.zillow.com,https://photos.zillowstatic.com/fp/bdeb5a26a62df9a6855b93fa3e0fcb84-p_c.jpg,2026-08-31 15:49,For Sale
53389286,4824 Berridge Ln,75227,Dallas,TX,32.780823,-96.69415,184000,120.0,,,,2.0,2.0,1530.0,1972.0,5140.08,singleFamily,12,237460.0,2025,https://www.zillow.com,https://photos.zillowstatic.com/fp/e2c2eba8293b01efcee0305df1d7d5b8-p_c.jpg,2026-08-31 15:49,For Sale
26807867,3115 Walnut Hill Ln,75229,Dallas,TX,32.88122,-96.871086,524000,243.0,7000.0,505900.0,3624.0,3.0,3.0,2159.0,1973.0,10323.72,singleFamily,60,520370.0,2025,https://www.zillow.com,https://photos.zillowstatic.com/fp/f696345e0f0b0ae96c3ef1cc99397834-p_c.jpg,2026-08-31 15:49,For Sale
26730953,6409 Ellsworth Ave,75214,Dallas,TX,32.834038,-96.75248,2600000,494.0,,,,5.0,6.0,5260.0,2026.0,7840.8,singleFamily,14,748300.0,2025,https://www.zillow.com,https://photos.zillowstatic.com/fp/379910faea091dee9d13f62a2dcc73e3-p_c.jpg,2026-08-31 15:49,For Sale
26704431,5436 Longview St,75206,Dallas,TX,32.830597,-96.77569,1250000,400.0,,,,3.0,4.0,3126.0,2005.0,5575.68,singleFamily,9,936410.0,2025,https://www.zillow.com,https://photos.zillowstatic.com/fp/8db588f91d7744c325190e36157207be-p_c.jpg,2026-08-31 15:49,For Sale
26797558,212 N Long Acre Ln,75217,Dallas,TX,32.715088,-96.70842,180000,113.0,,177000.0,1912.0,3.0,2.0,1586.0,1962.0,10018.8,singleFamily,21,244950.0,2025,https://www.zillow.com,https://photos.zillowstatic.com/fp/132746f99731482b88d8f23f69115542-p_c.jpg,2026-08-31 15:49,For Sale
26864385,10830 Ferndale Rd,75238,Dallas,TX,32.892693,-96.713356,779000,254.0,,,,4.0,4.0,3066.0,1968.0,9583.2,singleFamily,55,582480.0,2025,https://www.zillow.com,https://photos.zillowstatic.com/fp/ef75db0ffc4af2a86a79299d2017c3a1-p_c.jpg,2026-08-31 15:49,For Sale
67961473,5639 Ellsworth Ave,75206,Dallas,TX,32.833923,-96.77051,785000,333.0,-14999.0,768000.0,5433.0,3.0,3.0,2360.0,2003.0,4356.0,singleFamily,89,738560.0,2025,https://www.zillow.com,https://photos.zillowstatic.com/fp/cf8e9042d78d3c01b6234d5fad6b7d4b-p_c.jpg,2026-08-31 15:49,For Sale
26885404,4412 Humphrey Dr,75216,Dallas,TX,32.70801,-96.763374,150000,101.0,-40000.0,,1642.0,2.0,1.0,1480.0,1945.0,0.42000000000000004,singleFamily,132,227100.0,2025,https://www.zillow.com,https://photos.zillowstatic.com/fp/b6a686d14874c35b8e65a1ad2d8ce7ac-p_c.jpg,2026-08-31 15:49,For Sale
2070121489,2244 Aspen Dr,75227,Dallas,TX,32.751,-96.6601,105000,115.0,,100600.0,1037.0,2.0,2.0,915.0,1983.0,1655.28,townhome,37,,,https://www.zillow.com,https://photos.zillowstatic.com/fp/4494211483133c752f1f69823cf7f6be-p_c.jpg,2026-08-31 15:49,For Sale
26912929,14128 Regency Pl,75254,Dallas,TX,32.94077,-96.80163,895000,267.0,-50000.0,873200.0,4808.0,4.0,4.0,3354.0,1980.0,5662.8,singleFamily,32,573030.0,2025,https://www.zillow.com,https://photos.zillowstatic.com/fp/6b76e4b60214e8be40daf829ce76ffbe-p_c.jpg,2026-08-31 15:49,For Sale
26696962,5107 Denton Dr,75235,Dallas,TX,32.81803,-96.82786,449000,300.0,-10000.0,441800.0,2851.0,3.0,2.0,1496.0,1926.0,8929.8,singleFamily,28,406110.0,2025,https://www.zillow.com,https://photos.zillowstatic.com/fp/52e91f7cc69f09b2b151d1cd52ed34ae-p_c.jpg,2026-08-31 15:49,For Sale
96534510,3901 Turtle Creek Blvd #15,75219,Dallas,TX,32.816788,-96.79974,5950000,886.0,,5413400.0,7465.0,4.0,9.0,6712.0,2014.0,5532.12,singleFamily,168,3650000.0,2025,https://www.zillow.com,https://photos.zillowstatic.com/fp/d60eac9da72bab20b1da1feb470f3a87-p_c.jpg,2026-08-31 15:49,For Sale
461465069,5705 Live Oak St #C,75206,Dallas,TX,32.810696,-96.763626,465000,314.0,,460200.0,3564.0,2.0,3.0,1483.0,2026.0,5749.92,singleFamily,18,,,https://www.zillow.com,https://photos.zillowstatic.com/fp/a66b74356a5b9e659d2c8f8682c22b35-p_c.jpg,2026-08-31 15:49,For Sale
26808610,3304 Townsend Dr,75229,Dallas,TX,32.89853,-96.868126,1795000,354.0,-100000.0,1749300.0,7266.0,4.0,6.0,5072.0,2026.0,10018.8,singleFamily,55,541670.0,2025,https://www.zillow.com,https://photos.zillowstatic.com/fp/66b1189d4fd75121da4f78b9d2c2238e-p_c.jpg,2026-08-31 15:49,For Sale
26753431,6234 Bandera Ave APT D,75225,Dallas,TX,32.86721,-96.79941,550000,345.0,,523400.0,2879.0,2.0,3.0,1594.0,1958.0,1.58,condo,1,513320.0,2025,https://www.zillow.com,https://photos.zillowstatic.com/fp/3b42ddf02763c15651f6c9a01014d061-p_c.jpg,2026-08-31 15:49,For Sale
26694823,5712 Mercedes Ave,75206,Dallas,TX,32.827705,-96.76949,899000,508.0,-16000.0,,,2.0,2.0,1771.0,1940.0,6751.8,singleFamily,45,716840.0,2025,https://www.zillow.com,https://photos.zillowstatic.com/fp/7713d40e3fe42cb59228d7e7d1928b84-p_c.jpg,2026-08-31 15:49,For Sale
26871012,6941 Midcrest Dr,75254,Dallas,TX,32.946903,-96.78414,1540000,428.0,-35000.0,1472100.0,5261.0,5.0,4.0,3599.0,1966.0,0.381,singleFamily,45,995000.0,2025,https://www.zillow.com,https://photos.zillowstatic.com/fp/abbdea0e862c38eb2a24ffb5cd5e14ec-p_c.jpg,2026-08-31 15:49,For Sale
26849830,7233 Helsem Bnd,75230,Dallas,TX,32.919727,-96.78089,895000,266.0,,859000.0,4304.0,3.0,3.0,3370.0,1985.0,6054.84,singleFamily,9,974290.0,2025,https://www.zillow.com,https://photos.zillowstatic.com/fp/de3be789ee76457b98fd150ae26428ff-p_c.jpg,2026-08-31 15:49,For Sale
460537128,3913 Blue Ridge Blvd,75233,Dallas,TX,32.700405,-96.88541,425000,236.0,,423800.0,2692.0,3.0,2.0,1800.0,2026.0,10210.464,singleFamily,5,,,https://www.zillow.com,https://photos.zillowstatic.com/fp/12b87358e553116c5af1bc463ee4536e-p_c.jpg,2026-08-31 15:49,For Sale
26807752,3132 Chapel Downs Dr,75229,Dallas,TX,32.884205,-96.87081,629000,259.0,-20500.0,625800.0,5246.0,4.0,3.0,2429.0,1962.0,10018.8,singleFamily,192,675000.0,2025,https://www.zillow.com,https://photos.zillowstatic.com/fp/4bd93e059c76e8ed2dd705c6823bd7f2-p_c.jpg,2026-08-31 15:49,For Sale
26744549,11012 Castolon Dr,75228,Dallas,TX,32.84646,-96.67949,299000,226.0,,286700.0,1662.0,3.0,2.0,1324.0,1950.0,7797.24,singleFamily,0,210010.0,2025,https://www.zillow.com,https://photos.zillowstatic.com/fp/4054494ee0fe8e07eb7061301c61e980-p_c.jpg,2026-08-31 15:49,For Sale
26762775,6102 Lovett Ave,75227,Dallas,TX,32.77827,-96.713,289000,216.0,,,,3.0,2.0,1340.0,1948.0,7840.8,singleFamily,4,267520.0,2025,https://www.zillow.com,https://photos.zillowstatic.com/fp/54f3242fcc0865c16d7033cb1dfcbe0e-p_c.jpg,2026-08-31 15:49,For Sale
26694026,6166 Goliad Ave,75214,Dallas,TX,32.817905,-96.75886,1145000,400.0,,1097500.0,4415.0,3.0,3.0,2860.0,1997.0,7492.32,singleFamily,13,1121480.0,2025,https://www.zillow.com,https://photos.zillowstatic.com/fp/ddd2436478bc37b9a61b144ab017007a-p_c.jpg,2026-08-31 15:49,For Sale
26723849,1227 Wilbur St,75224,Dallas,TX,32.722607,-96.84315,349000,191.0,,345900.0,2702.0,5.0,2.0,1832.0,1937.0,7840.8,singleFamily,37,382770.0,2025,https://www.zillow.com,https://photos.zillowstatic.com/fp/136f635ebce59281e6d3b69cae63684e-p_c.jpg,2026-08-31 15:49,For Sale
26827271,3536 Rio Grande Ave,75233,Dallas,TX,32.700615,-96.88259,287900,192.0,-21100.0,,,2.0,2.0,1496.0,1968.0,0.529,singleFamily,74,274880.0,2025,https://www.zillow.com,https://photos.zillowstatic.com/fp/96cc0d43c7a148e18b7c17bcdaf8ff78-p_c.jpg,2026-08-31 15:49,For Sale
26859812,13769 Brookgreen Cir,75240,Dallas,TX,32.934635,-96.76668,209900,224.0,,207800.0,1585.0,2.0,2.0,936.0,1968.0,0.9,townhome,3,240020.0,2025,https://www.zillow.com,https://photos.zillowstatic.com/fp/d8d231c23a1781169e75061b6f8cca8c-p_c.jpg,2026-08-31 15:49,For Sale
26752673,4 Kingsgate Ct,75225,Dallas,TX,32.875565,-96.77811,2350000,398.0,,2216800.0,6938.0,4.0,5.0,5898.0,1985.0,6708.24,singleFamily,5,1400000.0,2025,https://www.zillow.com,https://photos.zillowstatic.com/fp/1bb146fa747ce21ad8822224d785fd7b-p_c.jpg,2026-08-31 15:49,For Sale
26810609,3247 Darvany Dr,75220,Dallas,TX,32.878372,-96.869026,589000,295.0,-20900.0,580400.0,4118.0,3.0,3.0,1996.0,2021.0,10062.36,singleFamily,59,641300.0,2025,https://www.zillow.com,https://photos.zillowstatic.com/fp/352c4318e3e9efdd260a8389c094c271-p_c.jpg,2026-08-31 15:49,For Sale
26881734,5129 Mill Run Rd,75244,Dallas,TX,32.921913,-96.81961,750000,347.0,,714600.0,3310.0,3.0,3.0,2159.0,1966.0,10018.8,singleFamily,16,404000.0,2025,https://www.zillow.com,https://photos.zillowstatic.com/fp/5f16fb91ba7506d5675a1f47e0947a0d-p_c.jpg,2026-08-31 15:49,For Sale
26902373,7055 Inwood Rd,75209,Dallas,TX,32.84362,-96.821915,674000,254.0,-25000.0,659600.0,4787.0,4.0,4.0,2658.0,1983.0,5401.44,townhome,53,611340.0,2025,https://www.zillow.com,https://photos.zillowstatic.com/fp/c9465c3574fc8ac2b826f6096778d888-p_c.jpg,2026-08-31 15:49,For Sale
26716031,1206 Vermont Ave,75216,Dallas,TX,32.72677,-96.807076,425000,118.0,-25000.0,424200.0,4375.0,4.0,4.0,3600.0,2021.0,9104.04,singleFamily,90,298420.0,2025,https://www.zillow.com,https://photos.zillowstatic.com/fp/823d6772ac9bcfad5b996e3928280b2b-p_c.jpg,2026-08-31 15:49,For Sale
26704415,5418 Martel Ave,75206,Dallas,TX,32.831528,-96.77648,850000,339.0,,823700.0,5702.0,3.0,3.0,2509.0,2006.0,3397.68,singleFamily,44,801350.0,2025,https://www.zillow.com,https://photos.zillowstatic.com/fp/e3d02668cd0cb5a20f514df0301ace04-p_c.jpg,2026-08-31 15:49,For Sale
26849145,6301 Churchill Way,75230,Dallas,TX,32.91737,-96.79703,1950000,275.0,,1829900.0,7469.0,4.0,6.0,7080.0,2006.0,0.39,singleFamily,23,1850000.0,2025,https://www.zillow.com,https://photos.zillowstatic.com/fp/9df8cab104a66118e9c0b8e1509086bc-p_c.jpg,2026-08-31 15:49,For Sale
26755002,6452 Walnut Hill Ln,75230,Dallas,TX,32.87963,-96.79444,2990000,477.0,-205000.0,2901700.0,6890.0,5.0,7.0,6266.0,2026.0,0.362,singleFamily,30,630200.0,2025,https://www.zillow.com,https://photos.zillowstatic.com/fp/cecac340b004806117a8141114469e87-p_c.jpg,2026-08-31 15:49,For Sale
26838897,10521 Sandpiper Ln,75230,Dallas,TX,32.889427,-96.78047,485000,261.0,-20000.0,478400.0,2914.0,3.0,2.0,1859.0,1971.0,6446.88,singleFamily,210,473790.0,2025,https://www.zillow.com,https://photos.zillowstatic.com/fp/4337fa862d43b9c3b2e779eb755195e6-p_c.jpg,2026-08-31 15:49,For Sale
53071900,6608 Camille Ave,75252,Dallas,TX,32.9998,-96.789604,715000,277.0,-10000.0,698900.0,3366.0,3.0,2.0,2582.0,1982.0,8276.4,singleFamily,111,592624.0,2025,https://www.zillow.com,https://photos.zillowstatic.com/fp/a025b1a95ed947a98579a3d32ff51f34-p_c.jpg,2026-08-31 15:49,For Sale
26714388,1442 Stella Ave,75216,Dallas,TX,32.727345,-96.802475,499900,161.0,-19100.0,498800.0,5074.0,5.0,4.0,3100.0,2026.0,8058.6,singleFamily,138,180780.0,2025,https://www.zillow.com,https://photos.zillowstatic.com/fp/5e4194e9b3ad3651cb82ccf0e10b6d99-p_c.jpg,2026-08-31 15:49,For Sale
26714361,623 N Montclair Ave,75208,Dallas,TX,32.75035,-96.8468,660000,364.0,-15000.0,640800.0,2957.0,3.0,2.0,1811.0,1922.0,6969.6,singleFamily,55,590890.0,2025,https://www.zillow.com,https://photos.zillowstatic.com/fp/b32b97dd0adf94a29fe115d7736dea04-p_c.jpg,2026-08-31 15:49,For Sale
26691606,5211 Miller Ave,75206,Dallas,TX,32.82157,-96.78186,1395000,502.0,,1330000.0,6629.0,3.0,4.0,2780.0,2009.0,7797.24,singleFamily,58,1151370.0,2025,https://www.zillow.com,https://photos.zillowstatic.com/fp/9066edd47c84235350e647fa1b2a3ba9-p_c.jpg,2026-08-31 15:49,For Sale
26783093,3102 Kellogg Ave,75216,Dallas,TX,32.713455,-96.791245,130000,164.0,-5000.0,,1443.0,2.0,1.0,792.0,1950.0,0.26899999999999996,singleFamily,94,163310.0,2025,https://www.zillow.com,https://photos.zillowstatic.com/fp/315e178e9b9f032f94b954ba98bff43d-p_c.jpg,2026-08-31 15:49,For Sale
26711063,826 Cedar Hill Ave,75208,Dallas,TX,32.75321,-96.83125,649900,298.0,-25000.0,626600.0,3729.0,3.0,2.0,2180.0,1925.0,7492.32,singleFamily,23,550000.0,2025,https://www.zillow.com,https://photos.zillowstatic.com/fp/7f2d997ba1e78e68e20160d350152dcd-p_c.jpg,2026-08-31 15:49,For Sale
26693014,4009 Prescott Ave,75219,Dallas,TX,32.821987,-96.80897,1399000,475.0,-100000.0,1337900.0,5545.0,3.0,3.0,2948.0,1930.0,7187.4,singleFamily,144,852110.0,2025,https://www.zillow.com,https://photos.zillowstatic.com/fp/488d30b689a6c42ab1009e19f4422307-p_c.jpg,2026-08-31 15:49,For Sale
26751247,7428 Walling Ln,75231,Dallas,TX,32.856068,-96.73453,749900,280.0,-5100.0,724100.0,3075.0,5.0,3.0,2679.0,1963.0,9147.6,multiFamily,70,660240.0,2025,https://www.zillow.com,https://photos.zillowstatic.com/fp/e14e689adc34d488f5d5a79efd5222a2-p_c.jpg,2026-08-31 15:49,For Sale
65391338,6347 Woodland Dr,75225,Dallas,TX,32.872505,-96.79568,5750000,742.0,,5332900.0,22695.0,6.0,7.0,7746.0,1996.0,0.5234,singleFamily,37,2990000.0,2025,https://www.zillow.com,https://photos.zillowstatic.com/fp/4699e93e56dc55d568d3c7ae1fff8e24-p_c.jpg,2026-08-31 15:49,For Sale
26837674,2310 Costa Mesa Dr,75228,Dallas,TX,32.853058,-96.672325,287980,187.0,,276600.0,2060.0,3.0,1.0,1540.0,1953.0,7666.56,singleFamily,62,282130.0,2025,https://www.zillow.com,https://photos.zillowstatic.com/fp/8db35d1110905113d6ec2c92922a47d0-p_c.jpg,2026-08-31 15:49,For Sale
2070124420,10850 Sharondale Dr,75228,Dallas,TX,32.83703,-96.65774,219000,189.0,-10000.0,,,3.0,2.0,1157.0,1955.0,7666.56,singleFamily,80,,,https://www.zillow.com,https://photos.zillowstatic.com/fp/e84074f9b066cd18f22f22b4d36f9196-p_c.jpg,2026-08-31 15:49,For Sale
26897881,2611 Colby St,75204,Dallas,TX,32.794273,-96.7986,775000,312.0,,755200.0,4136.0,2.0,3.0,2484.0,1997.0,1611.72,townhome,55,628000.0,2025,https://www.zillow.com,https://photos.zillowstatic.com/fp/6ccdbecfda794efe42e60bcf14744921-p_c.jpg,2026-08-31 15:49,For Sale
26711286,1210 Morrell Ave,75203,Dallas,TX,32.738903,-96.80642,339000,188.0,-3500.0,338300.0,2963.0,4.0,2.0,1801.0,2023.0,6751.8,singleFamily,206,373270.0,2025,https://www.zillow.com,https://photos.zillowstatic.com/fp/3e97e276c248efa4d0e56c6afa2c4b47-p_c.jpg,2026-08-31 15:49,For Sale
26847177,1744 Gross Rd,75228,Dallas,TX,32.81449,-96.68626,330000,186.0,-19900.0,323600.0,3130.0,3.0,2.0,1778.0,1964.0,0.261,singleFamily,81,392120.0,2025,https://www.zillow.com,https://photos.zillowstatic.com/fp/45888fa28ba28104ca482befd7439a57-p_c.jpg,2026-08-31 15:49,For Sale
26698753,3719 W Beverly Dr,75209,Dallas,TX,32.831146,-96.822975,1499000,422.0,-99000.0,1485500.0,7002.0,4.0,5.0,3552.0,2026.0,8537.76,singleFamily,50,,,https://www.zillow.com,https://photos.zillowstatic.com/fp/1aa07c70340a4b55126f7c549e94dfbd-p_c.jpg,2026-08-31 15:49,For Sale
26869188,9322 Hunters Creek Dr,75243,Dallas,TX,32.905853,-96.73743,499900,252.0,,487100.0,2121.0,3.0,2.0,1983.0,1971.0,1625.0,singleFamily,18,482050.0,2025,https://www.zillow.com,https://photos.zillowstatic.com/fp/084187728d167698bd01bcab37f4230e-p_c.jpg,2026-08-31 15:49,For Sale
244111419,8254 Laflin Ln,75231,Dallas,TX,32.88959,-96.76209,559400,320.0,-5600.0,553800.0,3055.0,3.0,3.0,1750.0,2016.0,1655.28,singleFamily,172,534960.0,2025,https://www.zillow.com,https://photos.zillowstatic.com/fp/3a7c6999296f3043252a50ac4fea18a6-p_c.jpg,2026-08-31 15:49,For Sale
26924858,4221 Cole Ave APT 202,75205,Dallas,TX,32.817375,-96.79252,389900,302.0,-10000.0,381800.0,3004.0,2.0,2.0,1291.0,1983.0,0.413,condo,41,361380.0,2025,https://www.zillow.com,https://photos.zillowstatic.com/fp/853a8d94ce97813437c3d78e67f91406-p_c.jpg,2026-08-31 15:49,For Sale
26695084,5947 Goodwin Ave,75206,Dallas,TX,32.824085,-96.76384,848999,410.0,-20000.0,833600.0,3657.0,3.0,3.0,2070.0,1938.0,6534.0,singleFamily,191,801570.0,2025,https://www.zillow.com,https://photos.zillowstatic.com/fp/7eba40c1d347edc9fab3741bc34e1e0d-p_c.jpg,2026-08-31 15:49,For Sale
26707705,6954 Santa Maria Ln,75214,Dallas,TX,32.84119,-96.73964,2550000,551.0,,2432800.0,7978.0,5.0,5.0,4624.0,2026.0,7801.596,singleFamily,94,672890.0,2025,https://www.zillow.com,https://photos.zillowstatic.com/fp/3277d77b52737de52b94ba5630038e60-p_c.jpg,2026-08-31 15:49,For Sale
26869083,9178 Glen Springs Dr,75243,Dallas,TX,32.90111,-96.72901,719900,184.0,-15100.0,701000.0,7127.0,4.0,4.0,3910.0,1973.0,10149.48,singleFamily,24,819250.0,2025,https://www.zillow.com,https://photos.zillowstatic.com/fp/b63c07c3f761e972c75a210849e80595-p_c.jpg,2026-08-31 15:49,For Sale
26699986,6718 Victoria Ave,75209,Dallas,TX,32.840225,-96.83092,1325000,293.0,,1284500.0,7617.0,6.0,6.0,4517.0,2023.0,6490.44,singleFamily,55,1350540.0,2025,https://www.zillow.com,https://photos.zillowstatic.com/fp/ce4e73e6ebd78047d646817790caa445-p_c.jpg,2026-08-31 15:49,For Sale
26734364,4511 Watauga Rd,75209,Dallas,TX,32.859543,-96.83682,6499000,460.0,,6071500.0,8239.0,6.0,9.0,14131.0,2005.0,1.029,singleFamily,20,8693620.0,2025,https://www.zillow.com,https://photos.zillowstatic.com/fp/47ebbd82fcde615b8621897afc8f3010-p_c.jpg,2026-08-31 15:49,For Sale
26784142,3207 Fordham Rd,75216,Dallas,TX,32.713108,-96.76982,169000,144.0,,,1744.0,3.0,1.0,1176.0,1953.0,0.3721303948576676,singleFamily,18,189870.0,2025,https://www.zillow.com,https://photos.zillowstatic.com/fp/3432d17dd35642aea039d4668dc9a4ce-p_c.jpg,2026-08-31 15:49,For Sale
96490154,4503 Jamaica St,75210,Dallas,TX,32.777107,-96.74534,319999,200.0,-10000.0,318800.0,2017.0,3.0,2.0,1600.0,2026.0,4617.36,singleFamily,73,39380.0,2025,https://www.zillow.com,https://photos.zillowstatic.com/fp/bf48ffbd4934345377b58dc349daccfc-p_c.jpg,2026-08-31 15:49,For Sale
26712636,908 N Winnetka Ave,75208,Dallas,TX,32.75432,-96.83996,429999,252.0,-20000.0,417800.0,3605.0,4.0,4.0,1704.0,1918.0,7535.88,singleFamily,76,560400.0,2025,https://www.zillow.com,https://photos.zillowstatic.com/fp/3d1453a13447a1c1dd6d2a99b100d3d6-p_c.jpg,2026-08-31 15:49,For Sale
53389999,12010 Lueders Ln,75230,Dallas,TX,32.913162,-96.778625,1450000,405.0,,1363800.0,6409.0,4.0,4.0,3579.0,2000.0,3615.48,singleFamily,101,1564960.0,2025,https://www.zillow.com,https://photos.zillowstatic.com/fp/38b02ade7801823a9b014dd71436ed44-p_c.jpg,2026-08-31 15:49,For Sale
120752006,9668 Rockpoint Ct,75238,Dallas,TX,32.878536,-96.71935,1695000,334.0,-54000.0,,,5.0,5.0,5080.0,2012.0,0.311,singleFamily,129,1632460.0,2025,https://www.zillow.com,https://photos.zillowstatic.com/fp/bca7223b866ce94954ee42a2d50f5dab-p_c.jpg,2026-08-31 15:49,For Sale
248829922,5129 Artemesia Ln,75209,Dallas,TX,32.826252,-96.81817,859000,324.0,,838100.0,5429.0,3.0,4.0,2653.0,2020.0,2914.164,singleFamily,5,839000.0,2025,https://www.zillow.com,https://photos.zillowstatic.com/fp/c0f8e38ea3449b629293d06d9c103ae0-p_c.jpg,2026-08-31 15:49,For Sale
26688812,4305 Canal St,75210,Dallas,TX,32.774113,-96.746,125000,78.0,,,1899.0,4.0,2.0,1600.0,1954.0,7753.68,singleFamily,44,161480.0,2025,https://www.zillow.com,https://photos.zillowstatic.com/fp/08d4bc5c3b5325f155327450507f31ab-p_c.jpg,2026-08-31 15:49,For Sale
69676388,3110 Thomas Ave APT 111,75204,Dallas,TX,32.798294,-96.79458,699000,326.0,,672500.0,4213.0,4.0,3.0,2142.0,1998.0,1.174,condo,48,578340.0,2025,https://www.zillow.com,https://photos.zillowstatic.com/fp/52670e0ace220e674fd6f73434e5b980-p_c.jpg,2026-08-31 15:49,For Sale
26748561,6153 Danbury Ln,75214,Dallas,TX,32.848896,-96.75851,989000,356.0,,987700.0,4765.0,4.0,3.0,2775.0,1969.0,8973.36,singleFamily,7,800000.0,2025,https://www.zillow.com,https://photos.zillowstatic.com/fp/4b144a59ef75b047f6dee24ba92e087f-p_c.jpg,2026-08-31 15:49,For Sale
26905526,10110 Betty Jane Ln,75229,Dallas,TX,32.883526,-96.85333,1900000,405.0,-90000.0,,,4.0,5.0,4695.0,1997.0,0.757,singleFamily,69,1325290.0,2025,https://www.zillow.com,https://photos.zillowstatic.com/fp/9f0f0f5199b4c48a210ca0ec5464cdd1-p_c.jpg,2026-08-31 15:49,For Sale
26809560,3326 Dartmoor Dr,75229,Dallas,TX,32.905094,-96.86534,750000,321.0,,722600.0,3667.0,5.0,3.0,2333.0,1959.0,0.283,singleFamily,12,715010.0,2025,https://www.zillow.com,https://photos.zillowstatic.com/fp/267dd6ad9d1316208dcb9d9a17c2f063-p_c.jpg,2026-08-31 15:49,For Sale
80224298,1200 Main St APT 701,75202,Dallas,TX,32.77981,-96.80127,389900,251.0,,380900.0,4022.0,3.0,3.0,1551.0,1974.0,1.033,condo,88,407000.0,2025,https://www.zillow.com,https://photos.zillowstatic.com/fp/0d4641322368a5ef6c9672c06ecb44c3-p_c.jpg,2026-08-31 15:49,For Sale
26838160,11348 Valley Dale Dr,75230,Dallas,TX,32.904636,-96.77241,2399000,555.0,-51000.0,2278700.0,7497.0,5.0,5.0,4325.0,1958.0,0.367,singleFamily,144,2300970.0,2025,https://www.zillow.com,https://photos.zillowstatic.com/fp/b02f984c41f6ca179b3b3ad4153ea402-p_c.jpg,2026-08-31 15:49,For Sale
26718419,2831 Grafton Ave,75211,Dallas,TX,32.7312,-96.86757,269999,136.0,,268900.0,2676.0,4.0,2.0,1983.0,1952.0,6969.6,singleFamily,8,258610.0,2025,https://www.zillow.com,https://photos.zillowstatic.com/fp/38ae650fc176efb20c313a99c4926eae-p_c.jpg,2026-08-31 15:49,For Sale
26880235,4064 High Summit Dr,75244,Dallas,TX,32.918484,-96.843925,725000,285.0,,701500.0,3369.0,4.0,3.0,2543.0,1969.0,0.28400000000000003,singleFamily,34,580000.0,2025,https://www.zillow.com,https://photos.zillowstatic.com/fp/63be424f4ea50519d5dbd8d6fc2b380a-p_c.jpg,2026-08-31 15:49,For Sale
26735126,5622 W Amherst Ave,75209,Dallas,TX,32.851948,-96.816536,2745000,574.0,-50000.0,,,5.0,7.0,4780.0,2026.0,7361.64,singleFamily,99,833600.0,2025,https://www.zillow.com,https://photos.zillowstatic.com/fp/d92874c2c03f81186952311f35e0e49e-p_c.jpg,2026-08-31 15:49,For Sale
26868878,9123 Windcrest Dr,75243,Dallas,TX,32.902084,-96.73644,825000,294.0,,795900.0,3771.0,3.0,3.0,2804.0,1974.0,9191.16,singleFamily,10,750510.0,2025,https://www.zillow.com,https://photos.zillowstatic.com/fp/68690c5dc816f34bdb76dd37e072f1cd-p_c.jpg,2026-08-31 15:49,For Sale
67964546,4108 Office Pkwy APT 124,75204,Dallas,TX,32.80439,-96.7877,265000,307.0,,,,1.0,2.0,864.0,2000.0,0.65,condo,4,211680.0,2025,https://www.zillow.com,https://photos.zillowstatic.com/fp/11053cb217e946bf196e34257a9edbb5-p_c.jpg,2026-08-31 15:49,For Sale
26706650,6722 Sondra Dr,75214,Dallas,TX,32.82644,-96.74501,2300000,464.0,,2185100.0,11351.0,5.0,6.0,4955.0,2014.0,7971.48,singleFamily,65,2054390.0,2025,https://www.zillow.com,https://photos.zillowstatic.com/fp/6f7f5e921c7d4b3e0d921e039d0754f9-p_c.jpg,2026-08-31 15:49,For Sale
26690086,5933 Oram St,75206,Dallas,TX,32.814137,-96.76451,899000,276.0,-51000.0,884600.0,6175.0,4.0,4.0,3259.0,2016.0,3267.0,singleFamily,23,793480.0,2025,https://www.zillow.com,https://photos.zillowstatic.com/fp/38053501686d58c39d5d2584cc12a6b6-p_c.jpg,2026-08-31 15:49,For Sale
26868338,8261 Club Meadows Dr,75243,Dallas,TX,32.89444,-96.74896,650000,262.0,-25000.0,,,4.0,3.0,2482.0,1978.0,6708.24,singleFamily,17,638020.0,2025,https://www.zillow.com,https://photos.zillowstatic.com/fp/35182b9b7b9620f79e9da996bf14c5b2-p_c.jpg,2026-08-31 15:49,For Sale
26752772,7117 Mimosa Ln,75230,Dallas,TX,32.88373,-96.78175,1595000,509.0,,1512300.0,6085.0,4.0,4.0,3132.0,1964.0,0.306,singleFamily,32,1080000.0,2025,https://www.zillow.com,https://photos.zillowstatic.com/fp/167448f48be04c630128f75df81e46ba-p_c.jpg,2026-08-31 15:49,For Sale
26766886,2130 Kathleen Ave,75216,Dallas,TX,32.7037,-96.7933,379000,180.0,,376100.0,2604.0,5.0,3.0,2100.0,2025.0,7143.84,singleFamily,17,70000.0,2025,https://www.zillow.com,https://photos.zillowstatic.com/fp/23a2274618fb7c511c1f392fdaa8268c-p_c.jpg,2026-08-31 15:49,For Sale
26789440,10939 Pinocchio Dr,75229,Dallas,TX,32.897938,-96.84164,3495000,596.0,,3358300.0,6755.0,5.0,7.0,5869.0,2026.0,0.365,singleFamily,152,937850.0,2025,https://www.zillow.com,https://photos.zillowstatic.com/fp/c6c14a78c1fcc9ed6799ba250972c2a9-p_c.jpg,2026-08-31 15:49,For Sale
26738020,1907 S Tyler St,75224,Dallas,TX,32.726833,-96.83821,289000,226.0,-6000.0,281000.0,2081.0,2.0,1.0,1280.0,1950.0,7623.0,singleFamily,31,352570.0,2025,https://www.zillow.com,https://photos.zillowstatic.com/fp/ad248b470deb282c7df54d54765ff25c-p_c.jpg,2026-08-31 15:49,For Sale
26837484,2415 Barnes Bridge Rd,75228,Dallas,TX,32.850895,-96.67141,245000,136.0,,,,3.0,2.0,1808.0,1953.0,7413.912,singleFamily,31,302180.0,2025,https://www.zillow.com,https://photos.zillowstatic.com/fp/41a09ac824f5666560e493c0fa79a4c2-p_c.jpg,2026-08-31 15:49,For Sale
26795919,7244 Charles Ct,75217,Dallas,TX,32.73707,-96.69723,199000,135.0,,,,3.0,2.0,1478.0,1953.0,7623.0,singleFamily,24,240400.0,2025,https://www.zillow.com,https://photos.zillowstatic.com/fp/e14e71cdfd2b0cc93921952516914866-p_c.jpg,2026-08-31 15:49,For Sale
26867415,9434 Dartridge Dr,75238,Dallas,TX,32.88178,-96.727325,1950000,387.0,,1866800.0,7606.0,5.0,5.0,5039.0,2013.0,10715.76,singleFamily,17,1999900.0,2025,https://www.zillow.com,https://photos.zillowstatic.com/fp/b754c130176770defde9efee9f8c8da2-p_c.jpg,2026-08-31 15:49,For Sale
96524194,4831 Burnside Ave,75216,Dallas,TX,32.688072,-96.796326,249000,152.0,,247200.0,2186.0,4.0,2.0,1636.0,2019.0,7318.08,singleFamily,3,280000.0,2025,https://www.zillow.com,https://photos.zillowstatic.com/fp/76341cf0436f79c028d6ede20687cb4f-p_c.jpg,2026-08-31 15:49,For Sale
26807098,3525 Timberview Rd,75229,Dallas,TX,32.8858,-96.86137,650000,347.0,,620600.0,3642.0,3.0,3.0,1871.0,1956.0,10018.8,singleFamily,5,510710.0,2025,https://www.zillow.com,https://photos.zillowstatic.com/fp/fac41110c065e5d8ca6de5e982708bcd-p_c.jpg,2026-08-31 15:49,For Sale
80236340,2830 Colt Ln,75237,Dallas,TX,32.655903,-96.86596,243000,153.0,-10000.0,241800.0,2207.0,4.0,2.0,1587.0,2006.0,5183.64,singleFamily,117,277850.0,2025,https://www.zillow.com,https://photos.zillowstatic.com/fp/a561c591778998638f23fe366965f045-p_c.jpg,2026-08-31 15:49,For Sale
26752561,3 Royal Terrace Ct,75225,Dallas,TX,32.87795,-96.77805,899000,265.0,,,,3.0,3.0,3397.0,1979.0,5270.76,singleFamily,84,1245000.0,2025,https://www.zillow.com,https://photos.zillowstatic.com/fp/1acb6d0f2467ba03be68156d60d28f02-p_c.jpg,2026-08-31 15:49,For Sale
26686496,3523 Edgewood St,75215,Dallas,TX,32.760727,-96.76876,120000,100.0,,,,4.0,3.0,1200.0,1935.0,5662.8,singleFamily,85,119860.0,2025,https://www.zillow.com,https://photos.zillowstatic.com/fp/366167a2e259473402d82a8317cd91dc-p_c.jpg,2026-08-31 15:49,For Sale
67961523,4515 Elsby Ave,75209,Dallas,TX,32.85185,-96.8338,2495000,473.0,,2389300.0,6761.0,5.0,6.0,5280.0,2023.0,7840.8,singleFamily,5,2109250.0,2025,https://www.zillow.com,https://photos.zillowstatic.com/fp/08c1f649c7b7c4896757fd3cc72d32ef-p_c.jpg,2026-08-31 15:49,For Sale
96526733,3914 Harlingen St,75212,Dallas,TX,32.789288,-96.90427,550000,199.0,,,,4.0,5.0,2770.0,2026.0,7126.416,singleFamily,11,100000.0,2025,https://www.zillow.com,https://photos.zillowstatic.com/fp/8ea862c09f74120f9c8808cb15575566-p_c.jpg,2026-08-31 15:49,For Sale
26804636,4326 Mendenhall Dr,75244,Dallas,TX,32.909885,-96.83502,1125000,312.0,-165000.0,1083700.0,6898.0,4.0,4.0,3607.0,1964.0,0.377,singleFamily,60,1066680.0,2025,https://www.zillow.com,https://photos.zillowstatic.com/fp/f6a45cd849ec2fc76ada26b497165893-p_c.jpg,2026-08-31 15:49,For Sale
67965134,3225 Turtle Creek Blvd APT 234,75219,Dallas,TX,32.806835,-96.80463,265000,319.0,,,,1.0,1.0,832.0,1998.0,3.536,condo,4,330480.0,2025,https://www.zillow.com,https://photos.zillowstatic.com/fp/68e92b2b920824584dcc8e4a46b4228f-p_c.jpg,2026-08-31 15:49,For Sale
26820883,2555 Randolph St,75241,Dallas,TX,32.687492,-96.77888,110000,183.0,,119100.0,1102.0,2.0,1.0,600.0,1950.0,10802.88,singleFamily,3,105190.0,2025,https://www.zillow.com,https://photos.zillowstatic.com/fp/2293ec44712be7b6a8504f56444819ad-p_c.jpg,2026-08-31 15:49,For Sale
26771317,2681 Texas Dr,75211,Dallas,TX,32.72439,-96.863686,339000,182.0,,326500.0,2127.0,5.0,2.0,1867.0,1950.0,7583.796,singleFamily,1,221450.0,2025,https://www.zillow.com,https://photos.zillowstatic.com/fp/f4598bc140a8189c4c25ce1c23387a31-p_c.jpg,2026-08-31 15:49,For Sale
26754570,6123 Northwood Rd,75225,Dallas,TX,32.869835,-96.80082,6500000,859.0,,6172300.0,6180.0,5.0,8.0,7568.0,2026.0,0.40499999999999997,singleFamily,144,1512300.0,2025,https://www.zillow.com,https://photos.zillowstatic.com/fp/b2f8f479278df207348083179bd41169-p_c.jpg,2026-08-31 15:49,For Sale
26774143,3134 Alaska Ave,75216,Dallas,TX,32.706326,-96.81556,438000,147.0,-20000.0,437000.0,4089.0,5.0,3.0,2977.0,2026.0,8272.044,singleFamily,150,176330.0,2025,https://www.zillow.com,https://photos.zillowstatic.com/fp/1c10114969f819915230180e8f3cc673-p_c.jpg,2026-08-31 15:49,For Sale
53077414,5434 Preston Fairways Cir,75252,Dallas,TX,32.990475,-96.809105,735000,226.0,,708900.0,4233.0,4.0,3.0,3249.0,1991.0,6098.4,singleFamily,45,714915.0,2025,https://www.zillow.com,https://photos.zillowstatic.com/fp/726abc526183afad17e099c2d20f4005-p_c.jpg,2026-08-31 15:49,For Sale
26700943,7327 Casa Loma Ave,75214,Dallas,TX,32.81022,-96.73147,1899000,404.0,-98000.0,,,4.0,6.0,4706.0,2025.0,7230.96,singleFamily,117,462190.0,2025,https://www.zillow.com,https://photos.zillowstatic.com/fp/242517a491f7b28314b8e6fd1152f369-p_c.jpg,2026-08-31 15:49,For Sale
26809979,11608 Sonnet Dr,75229,Dallas,TX,32.90681,-96.86015,650000,236.0,,627500.0,4970.0,3.0,3.0,2752.0,1959.0,0.301,singleFamily,38,606640.0,2025,https://www.zillow.com,https://photos.zillowstatic.com/fp/337dbbea65325e7a1df84da09841a151-p_c.jpg,2026-08-31 15:49,For Sale
84000439,3200 Ross Ave APT 28,75204,Dallas,TX,32.794598,-96.7895,449000,220.0,-20000.0,440400.0,3202.0,3.0,3.0,2042.0,2011.0,0.817,condo,53,450000.0,2025,https://www.zillow.com,https://photos.zillowstatic.com/fp/7940edf785d10b696004f5a4741cbed4-p_c.jpg,2026-08-31 15:49,For Sale
55827076,37 Kennington Ct,75248,Dallas,TX,32.969707,-96.81471,1875000,504.0,,1793200.0,4675.0,3.0,3.0,3717.0,2001.0,4965.84,singleFamily,6,1592580.0,2025,https://www.zillow.com,https://photos.zillowstatic.com/fp/fb96b20a27ed88a59605077fd4c431aa-p_c.jpg,2026-08-31 15:49,For Sale
333139714,419 W Colorado Blvd,75208,Dallas,TX,32.759697,-96.82812,2495000,512.0,-4000.0,2387900.0,7975.0,4.0,6.0,4871.0,2025.0,7971.48,singleFamily,144,1411780.0,2025,https://www.zillow.com,https://photos.zillowstatic.com/fp/9b3de37d8c277688aa042d2ee06468a3-p_c.jpg,2026-08-31 15:49,For Sale
26693089,3938 Hawthorne Ave,75219,Dallas,TX,32.822414,-96.80963,1700000,498.0,-50000.0,,,3.0,4.0,3413.0,2025.0,7187.4,singleFamily,9,2843960.0,2025,https://www.zillow.com,https://photos.zillowstatic.com/fp/4cf63326f7a401c6d546707f503345d2-p_c.jpg,2026-08-31 15:49,For Sale
26849835,7155 Helsem Bnd,75230,Dallas,TX,32.919395,-96.78057,799000,245.0,-30000.0,775200.0,5250.0,3.0,3.0,3264.0,1984.0,6355.404,singleFamily,148,979450.0,2025,https://www.zillow.com,https://photos.zillowstatic.com/fp/2746263fd6dcf9f3193f070821080de5-p_c.jpg,2026-08-31 15:49,For Sale
26781548,1531 Brook Valley Ln,75232,Dallas,TX,32.683697,-96.846725,229900,125.0,,,,3.0,2.0,1846.0,1964.0,9801.0,singleFamily,5,279650.0,2025,https://www.zillow.com,https://photos.zillowstatic.com/fp/23b97e5f86c9eec1046ed8255aba1d30-p_c.jpg,2026-08-31 15:49,For Sale
26828798,5939 Melshire Dr,75230,Dallas,TX,32.914536,-96.80572,1600000,560.0,,1513200.0,6521.0,4.0,3.0,2859.0,1958.0,0.369,singleFamily,21,1361290.0,2025,https://www.zillow.com,https://photos.zillowstatic.com/fp/fe7e1db1e86486de7ca77f05475663cb-p_c.jpg,2026-08-31 15:49,For Sale
442923935,9620 Mav Ln,75238,Dallas,TX,32.877426,-96.72945,749000,331.0,,734700.0,4757.0,3.0,4.0,2266.0,2026.0,3746.16,singleFamily,11,160000.0,2025,https://www.zillow.com,https://photos.zillowstatic.com/fp/40cd244235c5d150f6ac390bbecd5585-p_c.jpg,2026-08-31 15:49,For Sale
26924342,3111 Welborn St APT 1703,75219,Dallas,TX,32.80917,-96.80778,3495000,468.0,,3239900.0,7104.0,3.0,4.0,7465.0,1985.0,2.994,condo,72,1045100.0,2025,https://www.zillow.com,https://photos.zillowstatic.com/fp/8b1f7ea7ea4f7857cdb2523341e714e6-p_c.jpg,2026-08-31 15:49,For Sale
26750513,6646 E Lovers Ln APT 911,75214,Dallas,TX,32.854504,-96.74564,139000,173.0,,131500.0,1487.0,2.0,1.0,805.0,1979.0,5.028,condo,38,132020.0,2025,https://www.zillow.com,https://photos.zillowstatic.com/fp/f5059b9380bb3254c42326ff486178a6-p_c.jpg,2026-08-31 15:49,For Sale
26692778,3624 N Fitzhugh Ave,75204,Dallas,TX,32.818962,-96.797325,3995000,751.0,,,,5.0,7.0,5321.0,2026.0,7200.468,singleFamily,121,2208040.0,2025,https://www.zillow.com,https://photos.zillowstatic.com/fp/0e9003566a5cd25351c84b074191c85b-p_c.jpg,2026-08-31 15:49,For Sale
26786001,4837 Ashbrook Rd,75227,Dallas,TX,32.78557,-96.71162,517000,222.0,-2000.0,507100.0,2795.0,4.0,3.0,2328.0,1970.0,0.296,singleFamily,33,325000.0,2025,https://www.zillow.com,https://photos.zillowstatic.com/fp/e228a54a1cdcf9dce2f2e5b3b1cdbda1-p_c.jpg,2026-08-31 15:49,For Sale
26746798,10436 Coleridge St,75218,Dallas,TX,32.85004,-96.700966,599000,223.0,,571100.0,3684.0,4.0,3.0,2682.0,1960.0,8842.68,singleFamily,10,598220.0,2025,https://www.zillow.com,https://photos.zillowstatic.com/fp/57f8302ace2145cb6fca71cdf9ce8485-p_c.jpg,2026-08-31 15:49,For Sale
26854147,9639 Leaside Dr,75238,Dallas,TX,32.877926,-96.70655,615000,308.0,-10000.0,,,4.0,2.0,1994.0,1958.0,7797.24,singleFamily,52,519460.0,2025,https://www.zillow.com,https://photos.zillowstatic.com/fp/ecf431231f90d875ce482da4439ab57b-p_c.jpg,2026-08-31 15:49,For Sale
26861163,8332 Midland Ln,75217,Dallas,TX,32.694626,-96.67708,129900,174.0,,,1389.0,2.0,1.0,746.0,1953.0,0.32,singleFamily,25,162090.0,2025,https://www.zillow.com,https://photos.zillowstatic.com/fp/547b807e9c64ba76e19f3d15cad5b3a7-p_c.jpg,2026-08-31 15:49,For Sale
26843967,10620 Lorwood Dr,75238,Dallas,TX,32.873947,-96.70198,675000,397.0,,,,3.0,3.0,1700.0,1955.0,7666.56,singleFamily,9,612800.0,2025,https://www.zillow.com,https://photos.zillowstatic.com/fp/a4033378c0ab3575635d1fc40e983109-p_c.jpg,2026-08-31 15:49,For Sale
26747623,6147 E University Blvd,75214,Dallas,TX,32.847153,-96.7587,890000,298.0,-30000.0,860500.0,5555.0,4.0,3.0,2982.0,1961.0,10367.28,singleFamily,30,853340.0,2025,https://www.zillow.com,https://photos.zillowstatic.com/fp/ff7a5f48ab57ac6bacd1b5e003f4498a-p_c.jpg,2026-08-31 15:49,For Sale
26704680,4203 Camden Ave,75206,Dallas,TX,32.83673,-96.76372,698900,260.0,-100.0,,,3.0,3.0,2686.0,1939.0,6272.64,singleFamily,16,558390.0,2025,https://www.zillow.com,https://photos.zillowstatic.com/fp/c32ae53db6a7730827af6d931e344571-p_c.jpg,2026-08-31 15:49,For Sale
2059857584,5718 Over Downs Dr,75230,Dallas,TX,32.890553,-96.80669,1150000,464.0,,1098400.0,4803.0,3.0,3.0,2476.0,1980.0,6359.76,singleFamily,48,,,https://www.zillow.com,https://photos.zillowstatic.com/fp/f24edc6e895a14f468c104fc5e12ac8a-p_c.jpg,2026-08-31 15:49,For Sale
26747606,6317 E University Blvd,75214,Dallas,TX,32.846394,-96.754456,1195000,463.0,-100000.0,,,4.0,4.0,2579.0,1961.0,0.272,singleFamily,66,716420.0,2025,https://www.zillow.com,https://photos.zillowstatic.com/fp/c05355cfc863b760cc35a45ce2477354-p_c.jpg,2026-08-31 15:49,For Sale
26863363,7326 Spring Valley Rd,75254,Dallas,TX,32.939564,-96.77729,1100000,298.0,-89000.0,1066600.0,6219.0,5.0,5.0,3694.0,1961.0,0.507,singleFamily,180,987170.0,2025,https://www.zillow.com,https://photos.zillowstatic.com/fp/e80289cffb392d62972b6516fc4bbe3e-p_c.jpg,2026-08-31 15:49,For Sale
26838217,11110 Valleydale Dr #B,75230,Dallas,TX,32.900566,-96.7709,110000,97.0,,,,2.0,2.0,1136.0,1961.0,9.336,condo,8,158190.0,2025,https://www.zillow.com,https://photos.zillowstatic.com/fp/336582d04a16b55fc06746765b3ad257-p_c.jpg,2026-08-31 15:49,For Sale
26720819,1419 Presidio Ave,75216,Dallas,TX,32.70302,-96.80616,156990,119.0,,,1839.0,3.0,2.0,1320.0,1936.0,8537.76,singleFamily,8,183280.0,2025,https://www.zillow.com,https://photos.zillowstatic.com/fp/9320352c8eb7e054e4f1cea4909651a8-p_c.jpg,2026-08-31 15:49,For Sale
459652990,6047 Velasco Ave,75206,Dallas,TX,32.82126,-96.76174,925000,353.0,-25000.0,918500.0,6579.0,3.0,4.0,2620.0,2025.0,7971.48,singleFamily,234,,,https://www.zillow.com,https://photos.zillowstatic.com/fp/19fa1980c2d2dd828f69c3062ff34f5b-p_c.jpg,2026-08-31 15:49,For Sale
26757422,10765 Villager Rd APT D,75230,Dallas,TX,32.893715,-96.80748,235000,292.0,,268800.0,1521.0,1.0,1.0,804.0,1969.0,11.311,condo,2,213850.0,2025,https://www.zillow.com,https://photos.zillowstatic.com/fp/6fceffa8f8c19c3472a11c63c3e240c3-p_c.jpg,2026-08-31 15:49,For Sale
26932113,9520 Royal Ln APT 121,75243,Dallas,TX,32.892063,-96.73886,45000,100.0,-5000.0,,889.0,1.0,1.0,452.0,1983.0,1.224,condo,11,53480.0,2025,https://www.zillow.com,https://photos.zillowstatic.com/fp/2c31e734b614d0137838c9034701bcdf-p_c.jpg,2026-08-31 15:49,For Sale
26610131,7306 Highland Glen Trl,75248,Dallas,TX,32.98711,-96.781235,499000,248.0,,484200.0,2857.0,3.0,3.0,2009.0,1981.0,6534.0,singleFamily,59,562261.0,2025,https://www.zillow.com,https://photos.zillowstatic.com/fp/c0a9962b732a37422d570b03eb50e06d-p_c.jpg,2026-08-31 15:49,For Sale
26843362,9077 Longmont Dr,75238,Dallas,TX,32.871124,-96.707535,590000,387.0,,,,4.0,2.0,1523.0,1955.0,7971.48,singleFamily,18,533340.0,2025,https://www.zillow.com,https://photos.zillowstatic.com/fp/3731ce7aad8fc201e25d62beadc94a60-p_c.jpg,2026-08-31 15:49,For Sale
96518221,3414 Mojave Dr,75241,Dallas,TX,32.656204,-96.7646,268900,167.0,-1000.0,267700.0,2137.0,4.0,2.0,1613.0,2010.0,5706.36,singleFamily,21,249550.0,2025,https://www.zillow.com,https://photos.zillowstatic.com/fp/d009555a556672c85dd68dbe75d72011-p_c.jpg,2026-08-31 15:49,For Sale
26845807,3130 Hillglenn Rd,75228,Dallas,TX,32.82828,-96.68337,298000,263.0,,,1930.0,3.0,2.0,1135.0,1955.0,7865.0,singleFamily,43,266380.0,2025,https://www.zillow.com,https://photos.zillowstatic.com/fp/a9ff53e2a8d4dff3f1024deb3d6d4a57-p_c.jpg,2026-08-31 15:49,For Sale
26912448,2306 Balvanera Plz,75211,Dallas,TX,32.717636,-96.90108,235000,156.0,-13000.0,230600.0,2149.0,3.0,3.0,1506.0,2000.0,740.52,singleFamily,109,255430.0,2025,https://www.zillow.com,https://photos.zillowstatic.com/fp/c216ec23116e40e9dec01b99adc05429-p_c.jpg,2026-08-31 15:49,For Sale
464810525,4614 Hopkins Ave,75209,Dallas,TX,32.847595,-96.83104,860000,349.0,,,,3.0,3.0,2466.0,2026.0,8232.84,singleFamily,5,,,https://www.zillow.com,https://photos.zillowstatic.com/fp/0ace7d417580e36715a70a85b317f5c1-p_c.jpg,2026-08-31 15:49,For Sale
464302789,13845 Leinsper Green St,75240,Dallas,TX,32.933266,-96.766045,165000,141.0,-20000.0,,,3.0,2.0,1170.0,1969.0,3049.2,townhome,27,,,https://www.zillow.com,https://photos.zillowstatic.com/fp/6784009684ee614b01e56db96dee270f-p_c.jpg,2026-08-31 15:49,For Sale
80232357,1111 S Akard St Unit 314,75215,Dallas,TX,32.772007,-96.794655,269900,234.0,-9600.0,,,2.0,2.0,1152.0,2006.0,0.752,condo,108,324800.0,2025,https://www.zillow.com,https://photos.zillowstatic.com/fp/3cfdabdef925fe3e569919b69073ec6a-p_c.jpg,2026-08-31 15:49,For Sale
26805866,4004 Cedar Bayou Dr,75244,Dallas,TX,32.91449,-96.84623,1049000,347.0,-50000.0,,,4.0,4.0,3024.0,1967.0,0.28500000000000003,singleFamily,19,624090.0,2025,https://www.zillow.com,https://photos.zillowstatic.com/fp/dff093a81b833bde10192c26cd5fb1a8-p_c.jpg,2026-08-31 15:49,For Sale
26833627,1810 Bickers St,75212,Dallas,TX,32.786808,-96.84838,569000,237.0,-10000.0,564600.0,3793.0,4.0,4.0,2400.0,2026.0,5401.44,singleFamily,59,255620.0,2025,https://www.zillow.com,https://photos.zillowstatic.com/fp/7c93197a3e4fa4d75bf7bc66024c6dca-p_c.jpg,2026-08-31 15:49,For Sale
26888478,10015 Chimney Hill Ln,75243,Dallas,TX,32.916225,-96.72445,524990,204.0,,513300.0,3693.0,4.0,3.0,2578.0,1979.0,8886.24,singleFamily,93,460000.0,2025,https://www.zillow.com,https://photos.zillowstatic.com/fp/117992e67b8bdbda7a3ebccbf1a20d44-p_c.jpg,2026-08-31 15:49,For Sale
26804535,12108 Fieldwood Ln,75244,Dallas,TX,32.913193,-96.82432,2799999,508.0,-100000.0,2648600.0,7962.0,6.0,7.0,5516.0,2019.0,0.3663,singleFamily,37,2715660.0,2025,https://www.zillow.com,https://photos.zillowstatic.com/fp/6e4b72b4470c4be016ed6bf5dedaf581-p_c.jpg,2026-08-31 15:49,For Sale
26826369,6830 Golf Hill Dr,75232,Dallas,TX,32.664955,-96.84038,315000,144.0,-5000.0,312300.0,2509.0,4.0,2.0,2194.0,1963.0,10105.92,singleFamily,65,311410.0,2025,https://www.zillow.com,https://photos.zillowstatic.com/fp/47daa2c8b118f244b81c1f1fac86d94d-p_c.jpg,2026-08-31 15:49,For Sale
89402694,7700 Eastern Ave Unit 207,75209,Dallas,TX,32.84957,-96.813934,859900,370.0,,830300.0,4246.0,3.0,3.0,2321.0,2016.0,2.32,condo,30,789140.0,2025,https://www.zillow.com,https://photos.zillowstatic.com/fp/b2b37151259c8804321f3cf386b60f1f-p_c.jpg,2026-08-31 15:49,For Sale
26843876,9217 Livenshire Dr,75238,Dallas,TX,32.87349,-96.70397,1725000,368.0,,1678600.0,6966.0,5.0,7.0,4690.0,2025.0,8712.0,singleFamily,73,533670.0,2025,https://www.zillow.com,https://photos.zillowstatic.com/fp/9d7d01247dcd01b17ab53329cf614a5c-p_c.jpg,2026-08-31 15:49,For Sale
26853433,8605 Hanford Dr,75243,Dallas,TX,32.903305,-96.75562,450000,244.0,,438500.0,3530.0,3.0,2.0,1842.0,1961.0,10062.36,singleFamily,17,440000.0,2025,https://www.zillow.com,https://photos.zillowstatic.com/fp/d480e26bdb070654ae5ba4677561cef2-p_c.jpg,2026-08-31 15:49,For Sale
463515469,3315 Kyser St,75216,Dallas,TX,32.71051,-96.76295,334900,216.0,-10000.0,333500.0,2345.0,3.0,3.0,1547.0,2026.0,0.31620000000000004,singleFamily,28,,,https://www.zillow.com,https://photos.zillowstatic.com/fp/509ecfc365d2efcecb699f3f8b94898f-p_c.jpg,2026-08-31 15:49,For Sale
26720864,1519 Presidio Ave,75216,Dallas,TX,32.70381,-96.80452,150000,112.0,,,2015.0,4.0,2.0,1336.0,1971.0,9234.72,singleFamily,22,226770.0,2025,https://www.zillow.com,https://photos.zillowstatic.com/fp/13e3b9395ad5dd195b1a014ccf79d10e-p_c.jpg,2026-08-31 15:49,For Sale
26789993,3744 Highgrove Dr,75220,Dallas,TX,32.86872,-96.854195,879000,332.0,-20000.0,,,4.0,3.0,2646.0,2015.0,7448.76,singleFamily,54,974220.0,2025,https://www.zillow.com,https://photos.zillowstatic.com/fp/e606ea9a4b5ba32b3b43be0ef7b93a29-p_c.jpg,2026-08-31 15:49,For Sale
26687077,2550 Eugene St,75215,Dallas,TX,32.758404,-96.76031,259900,184.0,-5000.0,257800.0,1860.0,3.0,2.0,1416.0,2020.0,5706.36,singleFamily,36,245790.0,2025,https://www.zillow.com,https://photos.zillowstatic.com/fp/7b63e6024f7334fe021a8bb4f33c334e-p_c.jpg,2026-08-31 15:49,For Sale
26752924,7344 Fieldgate Dr,75230,Dallas,TX,32.88041,-96.77676,1170000,410.0,-25000.0,1143400.0,5185.0,4.0,5.0,2857.0,1965.0,0.304,singleFamily,94,1170570.0,2025,https://www.zillow.com,https://photos.zillowstatic.com/fp/4e0d918269184a6292a57d426b34bc55-p_c.jpg,2026-08-31 15:49,For Sale
26827249,3530 Kiestcrest Dr,75233,Dallas,TX,32.70164,-96.8798,249900,118.0,,,2328.0,3.0,2.0,2124.0,1962.0,10018.8,singleFamily,27,341960.0,2025,https://www.zillow.com,https://photos.zillowstatic.com/fp/c23816dd18204487745c194e70cfd286-p_c.jpg,2026-08-31 15:49,For Sale
27327604,17628 Medina Dr,75287,Dallas,TX,32.991043,-96.87346,435000,230.0,,431300.0,3235.0,4.0,2.0,1888.0,1982.0,8581.32,singleFamily,13,439481.0,2025,https://www.zillow.com,https://photos.zillowstatic.com/fp/478565ea91a020217038d48a9a60ea53-p_c.jpg,2026-08-31 15:49,For Sale
26760988,5332 Glenwick Ln,75209,Dallas,TX,32.84705,-96.81986,968000,328.0,-31000.0,949400.0,5301.0,5.0,3.0,2952.0,1950.0,8973.36,singleFamily,39,714080.0,2025,https://www.zillow.com,https://photos.zillowstatic.com/fp/98ebca02b3c007a93d4c0b19382dc83b-p_c.jpg,2026-08-31 15:49,For Sale
26706589,6520 Sondra Dr,75214,Dallas,TX,32.82633,-96.74906,1725000,442.0,-70000.0,1667300.0,7176.0,4.0,4.0,3903.0,2008.0,7579.44,singleFamily,40,1465990.0,2025,https://www.zillow.com,https://photos.zillowstatic.com/fp/13a4599de9a22793124417a3a1f6b32e-p_c.jpg,2026-08-31 15:49,For Sale
26661217,18283 Meandering Way,75252,Dallas,TX,33.00046,-96.78263,599990,234.0,-20009.0,585800.0,3633.0,3.0,3.0,2564.0,1996.0,4356.0,singleFamily,77,539718.0,2025,https://www.zillow.com,https://photos.zillowstatic.com/fp/4809344f9242925588bdb2ce19b91fd6-p_c.jpg,2026-08-31 15:49,For Sale
26880039,4246 Rosser Sq,75244,Dallas,TX,32.920666,-96.844795,380000,309.0,,372000.0,2396.0,2.0,2.0,1229.0,1981.0,3833.28,singleFamily,23,307740.0,2025,https://www.zillow.com,https://photos.zillowstatic.com/fp/9a75967fcbca97b2460b164fcfd3765d-p_c.jpg,2026-08-31 15:49,For Sale
26868187,7738 Lemmonwood Dr,75231,Dallas,TX,32.888332,-96.732735,668900,309.0,-10100.0,653900.0,4206.0,3.0,3.0,2168.0,1977.0,9931.68,singleFamily,70,624240.0,2025,https://www.zillow.com,https://photos.zillowstatic.com/fp/244b32d6f9cf0394ab8c6ca55480eefa-p_c.jpg,2026-08-31 15:49,For Sale
26797128,538 Pemberton Hill Rd,75217,Dallas,TX,32.721176,-96.7174,340000,162.0,,336900.0,2253.0,4.0,2.0,2100.0,1958.0,7187.4,singleFamily,15,205660.0,2025,https://www.zillow.com,https://photos.zillowstatic.com/fp/1fe077742266be4e9fc8e21c4eb9a2f6-p_c.jpg,2026-08-31 15:49,For Sale
26743313,10517 Wyatt St,75218,Dallas,TX,32.848763,-96.696304,685000,306.0,-16000.0,668400.0,3454.0,3.0,3.0,2240.0,1962.0,7753.68,singleFamily,68,465360.0,2025,https://www.zillow.com,https://photos.zillowstatic.com/fp/424626b1811ea037ac13324412005276-p_c.jpg,2026-08-31 15:49,For Sale
26887274,6505 Laurel Valley Rd,75248,Dallas,TX,32.96689,-96.79593,899900,335.0,,866400.0,4222.0,3.0,3.0,2684.0,1979.0,6141.96,singleFamily,31,888260.0,2025,https://www.zillow.com,https://photos.zillowstatic.com/fp/4e76eb47d106a9cb12d30170ca2687e9-p_c.jpg,2026-08-31 15:49,For Sale
96491181,4448 Marcell Ave,75211,Dallas,TX,32.731773,-96.89352,454990,220.0,-5010.0,448900.0,3243.0,4.0,4.0,2067.0,2024.0,7100.28,singleFamily,200,444090.0,2025,https://www.zillow.com,https://photos.zillowstatic.com/fp/fd2a4f1cb4c5adf238289fe93fb7bccf-p_c.jpg,2026-08-31 15:49,For Sale
111960331,9910 Ironhorse Dr,75227,Dallas,TX,32.766495,-96.65097,315000,167.0,,,,4.0,3.0,1884.0,2015.0,3571.92,singleFamily,0,301730.0,2025,https://www.zillow.com,https://photos.zillowstatic.com/fp/5604f134e6a9ed41c81e45fd4570ae59-p_c.jpg,2026-08-31 15:49,For Sale
26693331,4519 Rawlins St,75219,Dallas,TX,32.81825,-96.81566,385000,217.0,,364400.0,3642.0,3.0,3.0,1773.0,1968.0,2.531,townhome,80,416660.0,2025,https://www.zillow.com,https://photos.zillowstatic.com/fp/66940e15c03ef5bd8f008efcd8a3e939-p_c.jpg,2026-08-31 15:49,For Sale
26859033,10819 Lochspring Dr,75218,Dallas,TX,32.860165,-96.69968,999000,366.0,-51000.0,973100.0,5366.0,5.0,3.0,2730.0,1969.0,0.252,singleFamily,105,674270.0,2025,https://www.zillow.com,https://photos.zillowstatic.com/fp/5057cd36d9ab83978c03e7090e69066b-p_c.jpg,2026-08-31 15:49,For Sale
26711034,909 Woodlawn Ave,75208,Dallas,TX,32.75421,-96.83069,1075000,336.0,-50000.0,1026900.0,5366.0,4.0,3.0,3203.0,1925.0,7361.64,singleFamily,40,867040.0,2025,https://www.zillow.com,https://photos.zillowstatic.com/fp/328017de79c48dc83dfdfeb548545ef8-p_c.jpg,2026-08-31 15:49,For Sale
26809953,3672 Mid Pines Dr,75229,Dallas,TX,32.90698,-96.85665,660000,307.0,-39000.0,647600.0,3693.0,4.0,3.0,2148.0,1959.0,0.36,singleFamily,74,593540.0,2025,https://www.zillow.com,https://photos.zillowstatic.com/fp/6ff66f2494c09d19ac94e4e6d314d5ec-p_c.jpg,2026-08-31 15:49,For Sale
26725459,2248 Leacrest Dr,75216,Dallas,TX,32.70849,-96.79259,220000,180.0,,,1903.0,3.0,2.0,1224.0,1947.0,7058.0,singleFamily,7,205250.0,2025,https://www.zillow.com,https://www.zillowstatic.com/static/images/nophoto_p_c.png,2026-08-31 15:49,For Sale
26876562,5321 Bent Tree Dr,75248,Dallas,TX,32.979916,-96.817116,1875000,412.0,,,,4.0,4.0,4550.0,1979.0,0.525,singleFamily,153,1766840.0,2025,https://www.zillow.com,https://photos.zillowstatic.com/fp/d0986c351aefce6035b656e31b5fe89e-p_c.jpg,2026-08-31 15:49,For Sale
26792774,3867 Beutel Ct,75229,Dallas,TX,32.882236,-96.8512,1195000,240.0,-95000.0,1150300.0,7096.0,5.0,6.0,4989.0,2010.0,0.386,singleFamily,66,1737820.0,2025,https://www.zillow.com,https://photos.zillowstatic.com/fp/fa6824723308ea50247f844733fa7c1b-p_c.jpg,2026-08-31 15:49,For Sale
26780684,3423 Willow Crest Ln,75233,Dallas,TX,32.69216,-96.8773,342000,127.0,-18000.0,335200.0,3254.0,4.0,3.0,2689.0,1965.0,0.309,singleFamily,56,383920.0,2025,https://www.zillow.com,https://photos.zillowstatic.com/fp/4176bf22d8fac539786b90ab8f93f9ea-p_c.jpg,2026-08-31 15:49,For Sale
26868573,8026 Westover Dr,75231,Dallas,TX,32.886253,-96.743484,700000,337.0,-15000.0,691000.0,3605.0,4.0,2.0,2079.0,1978.0,7884.36,singleFamily,117,667410.0,2025,https://www.zillow.com,https://photos.zillowstatic.com/fp/caa98f7befe2c7f2c2abf8b26b0f83c2-p_c.jpg,2026-08-31 15:49,For Sale
26755681,6022 Waggoner Dr,75230,Dallas,TX,32.887028,-96.803055,2949000,470.0,,,,5.0,7.0,6274.0,1991.0,0.344,singleFamily,35,2500000.0,2025,https://www.zillow.com,https://photos.zillowstatic.com/fp/bcc7f02d716135f51af37c753fa978d3-p_c.jpg,2026-08-31 15:49,For Sale
26816206,9528 Ash Creek Dr,75228,Dallas,TX,32.821896,-96.69279,575000,260.0,-24000.0,565100.0,3097.0,5.0,3.0,2208.0,1953.0,0.629,singleFamily,137,502840.0,2025,https://www.zillow.com,https://photos.zillowstatic.com/fp/c280681b3f21fecf11730f73ca6af3fe-p_c.jpg,2026-08-31 15:49,For Sale
26876678,5919 Club Hill Pl,75248,Dallas,TX,32.985508,-96.81701,1495000,280.0,-250000.0,,7313.0,4.0,5.0,5330.0,1980.0,5270.76,singleFamily,114,2319990.0,2025,https://www.zillow.com,https://photos.zillowstatic.com/fp/b8d20b8a63dfba6244ca168cab18e91d-p_c.jpg,2026-08-31 15:49,For Sale
26913371,13207 Woodbend Ln,75243,Dallas,TX,32.918945,-96.73134,294999,195.0,-10000.0,291000.0,1986.0,3.0,3.0,1516.0,1982.0,2090.88,townhome,82,256120.0,2025,https://www.zillow.com,https://photos.zillowstatic.com/fp/21c327942f1fe27ae1a94979bb4dda79-p_c.jpg,2026-08-31 15:49,For Sale
26905994,4335 Northaven Rd,75229,Dallas,TX,32.90258,-96.83474,1599000,473.0,,1526800.0,6193.0,3.0,3.0,3378.0,1995.0,0.372,singleFamily,23,1317250.0,2025,https://www.zillow.com,https://photos.zillowstatic.com/fp/1d479fd8c8294e9bb77e8fa152790883-p_c.jpg,2026-08-31 15:49,For Sale
26898061,2967 Magnolia Hill Ct,75201,Dallas,TX,32.79382,-96.81076,1495000,627.0,,,,2.0,2.0,2385.0,1996.0,1306.8,townhome,66,1300000.0,2025,https://www.zillow.com,https://photos.zillowstatic.com/fp/5121896c7dcaafa02b6b5847b829e6b8-p_c.jpg,2026-08-31 15:49,For Sale
26756446,6466 Royal Ln,75230,Dallas,TX,32.89444,-96.7937,3200000,537.0,,3092000.0,5790.0,5.0,8.0,5954.0,2026.0,0.3673,singleFamily,35,2181970.0,2025,https://www.zillow.com,https://photos.zillowstatic.com/fp/1a466ada6d5e60a09bcc3ad9fb2bd777-p_c.jpg,2026-08-31 15:49,For Sale
26864825,10115 Chesterton Dr,75238,Dallas,TX,32.88151,-96.71128,1100000,327.0,,1047900.0,4669.0,4.0,3.0,3365.0,1967.0,10018.8,singleFamily,30,610540.0,2025,https://www.zillow.com,https://photos.zillowstatic.com/fp/bfdaaa8c8bbb7a0255ce1c5dc3a992f3-p_c.jpg,2026-08-31 15:49,For Sale
26825735,2137 Sea Island Dr,75232,Dallas,TX,32.674866,-96.8532,250000,111.0,,,,3.0,3.0,2248.0,1965.0,8189.28,singleFamily,123,308040.0,2025,https://www.zillow.com,https://photos.zillowstatic.com/fp/5b355f72f5bf48719afbe619b23f3843-p_c.jpg,2026-08-31 15:49,For Sale
26832264,3332 Coronet Blvd,75212,Dallas,TX,32.782043,-96.830826,500000,525.0,,183800.0,1892.0,2.0,1.0,952.0,1948.0,5762.988,singleFamily,2,254860.0,2025,https://www.zillow.com,https://photos.zillowstatic.com/fp/30a01907e8bb2efb1d8f412ecab907e6-p_c.jpg,2026-08-31 15:49,For Sale
26926316,2220 Canton St APT 401,75201,Dallas,TX,32.780212,-96.7885,1150000,421.0,-50000.0,,,2.0,3.0,2729.0,1925.0,0.9590000000000001,condo,115,740080.0,2025,https://www.zillow.com,https://photos.zillowstatic.com/fp/df003a86993349b38489be109af98487-p_c.jpg,2026-08-31 15:49,For Sale
26910893,5750 En Core Dr,75240,Dallas,TX,32.937542,-96.80668,599000,264.0,-21000.0,585400.0,3190.0,3.0,2.0,2268.0,1992.0,6490.44,singleFamily,65,505000.0,2025,https://www.zillow.com,https://photos.zillowstatic.com/fp/ce6b2ab0c9dce989eb9048c3527e110c-p_c.jpg,2026-08-31 15:49,For Sale
26869733,9108 Clayco Dr,75243,Dallas,TX,32.90518,-96.74394,950000,245.0,,,,4.0,3.0,3880.0,1978.0,9561.42,singleFamily,33,764120.0,2025,https://www.zillow.com,https://photos.zillowstatic.com/fp/1a6594a8958a6075070c5a2785bf6b6b-p_c.jpg,2026-08-31 15:49,For Sale
26876057,6409 Duffield Dr,75248,Dallas,TX,32.98259,-96.7957,1299900,364.0,-50000.0,,,5.0,4.0,3567.0,1977.0,0.26899999999999996,singleFamily,52,883460.0,2025,https://www.zillow.com,https://photos.zillowstatic.com/fp/47693a486ce828990280f757f099f224-p_c.jpg,2026-08-31 15:49,For Sale
26880344,4039 Fawnhollow Dr,75244,Dallas,TX,32.91497,-96.841644,2500000,477.0,,,6698.0,5.0,6.0,5244.0,1986.0,0.293,singleFamily,52,821880.0,2025,https://www.zillow.com,https://photos.zillowstatic.com/fp/8f2106bb9b18a76d5cef71ec4f133e56-p_c.jpg,2026-08-31 15:49,For Sale
26851199,8630 Rolling Rock Ln,75238,Dallas,TX,32.866524,-96.692635,699900,336.0,-50100.0,682300.0,3848.0,4.0,4.0,2083.0,1955.0,8058.6,singleFamily,55,661180.0,2025,https://www.zillow.com,https://photos.zillowstatic.com/fp/8fee0696109ab0dfa47d3d6222a8e32d-p_c.jpg,2026-08-31 15:49,For Sale
26836377,3426 Ingersoll St,75212,Dallas,TX,32.784496,-96.906525,395000,241.0,,394000.0,2893.0,3.0,3.0,1642.0,2026.0,7230.96,singleFamily,32,100000.0,2025,https://www.zillow.com,https://photos.zillowstatic.com/fp/d0a490aa28ce2002fe7396c5ed601a57-p_c.jpg,2026-08-31 15:49,For Sale
26869003,9517 Fallbrook Dr,75243,Dallas,TX,32.902004,-96.73191,640000,250.0,-10000.0,,,3.0,3.0,2556.0,1973.0,8276.4,singleFamily,87,608420.0,2025,https://www.zillow.com,https://photos.zillowstatic.com/fp/d0fcb1ce9deaff6780213af55ae1a252-p_c.jpg,2026-08-31 15:49,For Sale
26898048,2911 Magnolia Hill Ct,75201,Dallas,TX,32.79339,-96.811455,1800000,755.0,,1653300.0,4476.0,2.0,2.0,2385.0,1996.0,1306.8,townhome,94,1464900.0,2025,https://www.zillow.com,https://photos.zillowstatic.com/fp/9de190efb2845e4365378f57002e4113-p_c.jpg,2026-08-31 15:49,For Sale
26859518,7211 Valley View Pl,75240,Dallas,TX,32.927677,-96.78114,950000,294.0,-45000.0,,,4.0,4.0,3232.0,1978.0,0.571,singleFamily,104,1138740.0,2025,https://www.zillow.com,https://photos.zillowstatic.com/fp/15bdbeab4c21af31344e4381dff301dd-p_c.jpg,2026-08-31 15:49,For Sale
26824124,5718 Trio Ln,75241,Dallas,TX,32.677803,-96.79432,299900,140.0,,298800.0,1996.0,4.0,3.0,2141.0,1961.0,10628.64,singleFamily,10,257770.0,2025,https://www.zillow.com,https://photos.zillowstatic.com/fp/febed7e418ecb121f5e286f128269954-p_c.jpg,2026-08-31 15:49,For Sale
26750613,6417 Lontos Dr,75214,Dallas,TX,32.855434,-96.75006,689000,305.0,,658900.0,2593.0,4.0,2.0,2260.0,1954.0,9626.76,multiFamily,38,593270.0,2025,https://www.zillow.com,https://photos.zillowstatic.com/fp/2dd6994893320801aa3e9420d3f380dd-p_c.jpg,2026-08-31 15:49,For Sale
26693566,5449 Goodwin Ave,75206,Dallas,TX,32.823803,-96.775276,1799000,444.0,-50000.0,1763600.0,4020.0,5.0,5.0,4055.0,2026.0,8001.972,singleFamily,65,560000.0,2025,https://www.zillow.com,https://photos.zillowstatic.com/fp/70f498c92bdf8b783e5f45c3c2c858ee-p_c.jpg,2026-08-31 15:49,For Sale
122303070,2110 Helsminster Dr,75201,Dallas,TX,32.778973,-96.79004,929900,316.0,,928700.0,5173.0,3.0,4.0,2947.0,2013.0,3484.8,townhome,4,872000.0,2025,https://www.zillow.com,https://photos.zillowstatic.com/fp/0329eeec805f2f04b86c06a5ed73dcee-p_c.jpg,2026-08-31 15:49,For Sale
26910873,5604 Encore Dr,75240,Dallas,TX,32.93669,-96.8042,659900,285.0,,650100.0,3731.0,3.0,2.0,2317.0,1991.0,8450.64,singleFamily,1,563310.0,2025,https://www.zillow.com,https://photos.zillowstatic.com/fp/540f45835e10c60065c14bfdfc7d1839-p_c.jpg,2026-08-31 15:49,For Sale
26812115,7211 Lavendale Cir,75230,Dallas,TX,32.896835,-96.78146,975000,323.0,,924900.0,5117.0,3.0,3.0,3021.0,1978.0,0.286,singleFamily,43,1023450.0,2025,https://www.zillow.com,https://photos.zillowstatic.com/fp/d5aaae6eeeb9eba709a11aa917619bdd-p_c.jpg,2026-08-31 15:49,For Sale
53097287,5360 Gatesworth Ln,75287,Dallas,TX,33.005543,-96.817764,720000,249.0,,698500.0,3301.0,3.0,3.0,2897.0,1997.0,6098.4,singleFamily,3,704601.0,2025,https://www.zillow.com,https://photos.zillowstatic.com/fp/54189d68832cd8ddfe40a9c44d10cc86-p_c.jpg,2026-08-31 15:49,For Sale
69674973,744 Cannen John Ln,75204,Dallas,TX,32.79163,-96.787994,519000,288.0,-10000.0,509000.0,3342.0,3.0,4.0,1799.0,2005.0,1219.68,townhome,66,506000.0,2025,https://www.zillow.com,https://photos.zillowstatic.com/fp/ca7e2b61088f72f3679f412d50b1caa7-p_c.jpg,2026-08-31 15:49,For Sale
26691812,1848 McMillan Ave,75206,Dallas,TX,32.813263,-96.774414,1649500,492.0,,,,4.0,4.0,3352.0,2017.0,8058.6,singleFamily,18,1371310.0,2025,https://www.zillow.com,https://photos.zillowstatic.com/fp/4ae0c071935a4360c17f6c451d76a017-p_c.jpg,2026-08-31 15:49,For Sale
26742516,10611 Hermosa Dr,75218,Dallas,TX,32.839428,-96.68839,265000,300.0,,262600.0,1855.0,2.0,1.0,882.0,1950.0,7274.52,singleFamily,10,234370.0,2025,https://www.zillow.com,https://photos.zillowstatic.com/fp/e61d81b81dc12b68ddfd8b80ee0cd0b8-p_c.jpg,2026-08-31 15:49,For Sale
26705765,7166 Dalewood Ln,75214,Dallas,TX,32.847614,-96.73809,925000,552.0,,886300.0,3904.0,3.0,2.0,1677.0,1953.0,7405.2,singleFamily,47,778630.0,2025,https://www.zillow.com,https://photos.zillowstatic.com/fp/dc07603cc7ee4ed5eee51aa4391f53d8-p_c.jpg,2026-08-31 15:49,For Sale
26787893,3610 Durango Dr,75220,Dallas,TX,32.86711,-96.858284,810000,270.0,,800100.0,5152.0,4.0,4.0,3000.0,2026.0,10105.92,singleFamily,79,526820.0,2025,https://www.zillow.com,https://photos.zillowstatic.com/fp/1447424716f5a98590edc3d8f38f8d5e-p_c.jpg,2026-08-31 15:49,For Sale
26908494,10316 Ridge Oak St,75227,Dallas,TX,32.754658,-96.645386,175000,153.0,-4500.0,170500.0,1645.0,2.0,2.0,1143.0,1985.0,4225.32,singleFamily,95,183090.0,2025,https://www.zillow.com,https://photos.zillowstatic.com/fp/08ac9a9cb15c30dec60f1923d39d20ce-p_c.jpg,2026-08-31 15:49,For Sale
245230079,1802 Stevens Bluff Ln,75208,Dallas,TX,32.751266,-96.848335,675000,282.0,,653800.0,3043.0,3.0,4.0,2393.0,2017.0,3005.64,singleFamily,1,600000.0,2025,https://www.zillow.com,https://photos.zillowstatic.com/fp/6ffaab01033386e21f415f8e84bd6a5b-p_c.jpg,2026-08-31 15:49,For Sale
248829418,1317 Nolte Dr,75208,Dallas,TX,32.733955,-96.843605,365000,276.0,-10000.0,360000.0,2512.0,3.0,2.0,1323.0,2016.0,6795.36,singleFamily,83,369160.0,2025,https://www.zillow.com,https://photos.zillowstatic.com/fp/96b11cc30dac6ca9d078b06d0dcc29b8-p_c.jpg,2026-08-31 15:49,For Sale
96527064,5735 Mountain Hollow Dr,75249,Dallas,TX,32.658997,-96.964355,375000,170.0,,374800.0,2752.0,3.0,2.0,2204.0,2014.0,8189.28,singleFamily,10,401040.0,2025,https://www.zillow.com,https://photos.zillowstatic.com/fp/977c00953c8e04393f5588392276c188-p_c.jpg,2026-08-31 15:49,For Sale
53101469,18403 Gibbons Dr,75287,Dallas,TX,32.999294,-96.83331,780000,204.0,-19900.0,,,5.0,4.0,3828.0,1996.0,7405.2,singleFamily,171,716354.0,2025,https://www.zillow.com,https://photos.zillowstatic.com/fp/b018e597704cfd56d31165e744f0409d-p_c.jpg,2026-08-31 15:49,For Sale
26688370,2725 1st Ave,75210,Dallas,TX,32.767334,-96.750824,258900,144.0,,258300.0,2338.0,3.0,3.0,1800.0,2025.0,5575.68,singleFamily,40,199530.0,2025,https://www.zillow.com,https://photos.zillowstatic.com/fp/eb092f9bc635c7c350acb6986e06ce74-p_c.jpg,2026-08-31 15:49,For Sale
26866689,9614 Brentgate Dr,75238,Dallas,TX,32.88065,-96.72333,899999,284.0,,864000.0,3515.0,4.0,4.0,3165.0,1964.0,8581.32,singleFamily,16,826000.0,2025,https://www.zillow.com,https://photos.zillowstatic.com/fp/7223e4f71d62974c7316592312037cc4-p_c.jpg,2026-08-31 15:49,For Sale
26809395,3342 Whitehall Dr,75229,Dallas,TX,32.900738,-96.86418,1899999,391.0,49999.0,1848900.0,7829.0,5.0,6.0,4856.0,2026.0,10802.88,singleFamily,16,499540.0,2025,https://www.zillow.com,https://photos.zillowstatic.com/fp/72cfccdd129f79b767bcad3b17e31802-p_c.jpg,2026-08-31 15:49,For Sale
26707395,6804 Santa Maria Ln,75214,Dallas,TX,32.838924,-96.74222,2324900,458.0,-14600.0,2250600.0,7376.0,5.0,6.0,5077.0,2025.0,8537.76,singleFamily,166,818640.0,2025,https://www.zillow.com,https://photos.zillowstatic.com/fp/f01b02422ba468107da9924caf270096-p_c.jpg,2026-08-31 15:49,For Sale
2070563134,6917 Forest Glen Dr,75230,Dallas,TX,32.913498,-96.78538,1999900,362.0,-50100.0,1920300.0,6364.0,4.0,6.0,5519.0,1999.0,7492.32,singleFamily,131,,,https://www.zillow.com,https://photos.zillowstatic.com/fp/967f4a97821118afae5f222d2d77419d-p_c.jpg,2026-08-31 15:49,For Sale
67961679,2716 Hibernia St,75204,Dallas,TX,32.796997,-96.79969,1049900,424.0,,1013500.0,5736.0,3.0,4.0,2475.0,2003.0,1742.4,condo,20,744290.0,2025,https://www.zillow.com,https://photos.zillowstatic.com/fp/9755a4aff949248472a0c0c47c154d9d-p_c.jpg,2026-08-31 15:49,For Sale
55826829,5932 Preston Gate Ct,75230,Dallas,TX,32.918194,-96.804634,899999,281.0,-25001.0,,,3.0,4.0,3208.0,2001.0,2613.6,singleFamily,183,804910.0,2025,https://www.zillow.com,https://photos.zillowstatic.com/fp/c4a25f71899e0c64be893f3da476e702-p_c.jpg,2026-08-31 15:49,For Sale
26828979,5857 Charlestown Dr,75230,Dallas,TX,32.917862,-96.807465,1550000,542.0,,1487400.0,5803.0,5.0,3.0,2862.0,1956.0,0.414,singleFamily,35,1313760.0,2025,https://www.zillow.com,https://photos.zillowstatic.com/fp/3e3410b3cd59db7eae8332ef47c56ab1-p_c.jpg,2026-08-31 15:49,For Sale
26696477,2322 Arroyo Ave,75219,Dallas,TX,32.80856,-96.82431,575000,224.0,-24900.0,571500.0,5156.0,3.0,4.0,2570.0,2024.0,3615.48,singleFamily,339,1350390.0,2025,https://www.zillow.com,https://photos.zillowstatic.com/fp/5b6e38862fe5da621ccf15298057fa74-p_c.jpg,2026-08-31 15:49,For Sale
26806748,10236 Crestover Dr,75229,Dallas,TX,32.885918,-96.84944,3390000,407.0,-50000.0,3280500.0,7204.0,5.0,7.0,8323.0,2025.0,0.3694,singleFamily,151,2034810.0,2025,https://www.zillow.com,https://photos.zillowstatic.com/fp/14fb53cc1a06cbe09f46bfff26459170-p_c.jpg,2026-08-31 15:49,For Sale
26729126,9428 Hobart St,75218,Dallas,TX,32.844067,-96.71268,2280000,474.0,85000.0,,,5.0,8.0,4812.0,2026.0,7492.32,singleFamily,193,374450.0,2025,https://www.zillow.com,https://photos.zillowstatic.com/fp/b8247559df31c76e4d3a93ea1573f830-p_c.jpg,2026-08-31 15:49,For Sale
26752981,10232 Boedeker Dr,75230,Dallas,TX,32.886242,-96.77715,1395000,507.0,,1327000.0,5105.0,4.0,3.0,2754.0,1968.0,0.319,singleFamily,10,950000.0,2025,https://www.zillow.com,https://photos.zillowstatic.com/fp/4c11eada115cad5451c1a9f4c4362d14-p_c.jpg,2026-08-31 15:49,For Sale
26781867,2251 Myrtlewood Dr,75232,Dallas,TX,32.68907,-96.85612,239999,165.0,-1.0,,,3.0,2.0,1453.0,1956.0,7971.48,singleFamily,16,235000.0,2025,https://www.zillow.com,https://photos.zillowstatic.com/fp/712deb5bb4746e69cc7f187c39f23f99-p_c.jpg,2026-08-31 15:49,For Sale
26864109,11480 Audelia Rd APT 142,75243,Dallas,TX,32.905064,-96.71589,97000,89.0,,,1390.0,2.0,2.0,1087.0,1980.0,9.993,condo,42,136430.0,2025,https://www.zillow.com,https://photos.zillowstatic.com/fp/ac8991bb616de5b302c014a575252b5d-p_c.jpg,2026-08-31 15:49,For Sale
26753138,7050 Orchid Ln,75230,Dallas,TX,32.892036,-96.78317,1814000,496.0,,1712900.0,7811.0,5.0,4.0,3658.0,1970.0,0.302,singleFamily,14,882860.0,2025,https://www.zillow.com,https://photos.zillowstatic.com/fp/2272278a1db1cf0e7c997f501d454507-p_c.jpg,2026-08-31 15:49,For Sale
26749480,6475 Trammel Dr,75214,Dallas,TX,32.845467,-96.74986,1720000,394.0,-30000.0,1679000.0,7755.0,4.0,5.0,4362.0,2026.0,9347.976,singleFamily,37,431940.0,2025,https://www.zillow.com,https://photos.zillowstatic.com/fp/e1b0538bf9c2fcc73a52b8875d30a948-p_c.jpg,2026-08-31 15:49,For Sale
26815643,451 Southport Dr,75232,Dallas,TX,32.657856,-96.828186,239997,171.0,,238100.0,1930.0,4.0,2.0,1404.0,1956.0,8363.52,singleFamily,35,216240.0,2025,https://www.zillow.com,https://photos.zillowstatic.com/fp/21b5ba1d349f9a3bd391c693f88f33c0-p_c.jpg,2026-08-31 15:49,For Sale
339377551,1852 Mecca St,75206,Dallas,TX,32.812443,-96.7625,949000,338.0,,928800.0,6923.0,4.0,4.0,2806.0,2023.0,1398.276,singleFamily,9,838000.0,2025,https://www.zillow.com,https://photos.zillowstatic.com/fp/0776b6582d11ed2333fb02a01598675d-p_c.jpg,2026-08-31 15:49,For Sale
2065763326,1505 N Garrett Ave #201,75206,Dallas,TX,32.80658,-96.7727,385999,273.0,,,2951.0,2.0,3.0,1416.0,2020.0,,townhome,17,,,https://www.zillow.com,https://photos.zillowstatic.com/fp/1a67b31ac6838757648c3dfa2fa529bb-p_c.jpg,2026-08-31 15:49,For Sale
26749411,4815 Kelman St,75214,Dallas,TX,32.846615,-96.750206,745000,459.0,,619100.0,3960.0,3.0,2.0,1622.0,1954.0,7318.08,singleFamily,1,554080.0,2025,https://www.zillow.com,https://photos.zillowstatic.com/fp/20821d5b339baf4ff2e45cc325316003-p_c.jpg,2026-08-31 15:49,For Sale
26723936,1732 S Edgefield Ave,75224,Dallas,TX,32.728107,-96.84409,389000,269.0,,336500.0,1992.0,2.0,1.0,1444.0,1939.0,10454.4,singleFamily,2,340000.0,2025,https://www.zillow.com,https://photos.zillowstatic.com/fp/0381e7426b8fbd463e7870f8d40a20da-p_c.jpg,2026-08-31 15:49,For Sale
26787124,539 Classen Dr,75218,Dallas,TX,32.856064,-96.706726,1695000,402.0,-50000.0,1658700.0,7077.0,5.0,5.0,4220.0,2026.0,0.29,singleFamily,56,500000.0,2025,https://www.zillow.com,https://photos.zillowstatic.com/fp/4bad9a1b5564e0c05c1137882671d0c5-p_c.jpg,2026-08-31 15:49,For Sale
61870856,609 N Fulton St,75214,Dallas,TX,32.805496,-96.759026,399000,458.0,,397300.0,1763.0,1.0,2.0,872.0,1950.0,1873.08,singleFamily,10,159230.0,2025,https://www.zillow.com,https://photos.zillowstatic.com/fp/a6d4b1b283d4f2819abfdad534fc7569-p_c.jpg,2026-08-31 15:49,For Sale
26752965,7336 Lakehurst Ave,75230,Dallas,TX,32.88406,-96.77546,1295000,424.0,,,,4.0,4.0,3054.0,1968.0,0.33699999999999997,singleFamily,14,1231680.0,2025,https://www.zillow.com,https://photos.zillowstatic.com/fp/2a4ace26f4cd09a602b3fdc8db8f48fa-p_c.jpg,2026-08-31 15:49,For Sale
67961672,3124 Carmel St,75204,Dallas,TX,32.79164,-96.78627,479000,246.0,-20000.0,,,2.0,3.0,1947.0,2004.0,1306.8,townhome,142,503640.0,2025,https://www.zillow.com,https://photos.zillowstatic.com/fp/4c282adcadd17ae3fc8642af39e42eb1-p_c.jpg,2026-08-31 15:49,For Sale
26695157,5646 Monticello Ave,75206,Dallas,TX,32.82622,-96.77035,664900,526.0,,633400.0,2307.0,2.0,1.0,1265.0,1926.0,7230.96,singleFamily,139,531500.0,2025,https://www.zillow.com,https://photos.zillowstatic.com/fp/52af45e683ae4a4613bc844f3a9a6d08-p_c.jpg,2026-08-31 15:49,For Sale
96520661,43 Vanguard Way,75243,Dallas,TX,32.902023,-96.76456,825000,655.0,,784300.0,2937.0,2.0,2.0,1260.0,2010.0,5009.4,singleFamily,26,783700.0,2025,https://www.zillow.com,https://photos.zillowstatic.com/fp/fd77c3d3de4c72bf5a4df6521a2f683e-p_c.jpg,2026-08-31 15:49,For Sale
464514332,6119 Jeane St,75217,Dallas,TX,32.7272,-96.71722,349900,201.0,,349600.0,2504.0,4.0,2.0,1740.0,2026.0,0.2587,singleFamily,17,,,https://www.zillow.com,https://photos.zillowstatic.com/fp/1c5b92f821aba7c79caf15a8bcc242b8-p_c.jpg,2026-08-31 15:49,For Sale
26875491,7118 Canongate Dr,75248,Dallas,TX,32.97955,-96.78411,899000,304.0,,,,4.0,3.0,2954.0,1977.0,9321.84,singleFamily,13,765350.0,2025,https://www.zillow.com,https://photos.zillowstatic.com/fp/09b2742d251033d69fede869e68cfa04-p_c.jpg,2026-08-31 15:49,For Sale
303983810,3130 N Harwood St APT 1401,75201,Dallas,TX,32.7971,-96.811295,1712000,767.0,,1623800.0,5848.0,3.0,4.0,2231.0,2018.0,1.87,condo,44,1278970.0,2025,https://www.zillow.com,https://photos.zillowstatic.com/fp/95937d2dd7db388e286c62f412b1362e-p_c.jpg,2026-08-31 15:49,For Sale
26791780,8133 Cavalier Cir,75227,Dallas,TX,32.75735,-96.68134,220000,157.0,,,,3.0,2.0,1403.0,1957.0,7840.8,singleFamily,12,242420.0,2025,https://www.zillow.com,https://photos.zillowstatic.com/fp/7fd69944b459837094663f041d0f1854-p_c.jpg,2026-08-31 15:49,For Sale
89227722,5205 Capitol Ave Unit 9,75206,Dallas,TX,32.81432,-96.779564,500000,245.0,-24992.0,496900.0,4425.0,2.0,3.0,2042.0,2007.0,0.459,condo,199,541130.0,2025,https://www.zillow.com,https://photos.zillowstatic.com/fp/5c47bd7913f19a2c38f8bfe9bc89818e-p_c.jpg,2026-08-31 15:49,For Sale
26699060,2640 Lawrence St,75215,Dallas,TX,32.753834,-96.75379,175000,169.0,,162900.0,1599.0,5.0,2.0,1036.0,1929.0,7579.44,singleFamily,18,121940.0,2025,https://www.zillow.com,https://photos.zillowstatic.com/fp/b3678528c13b08fee61a3fd124909d48-p_c.jpg,2026-08-31 15:49,For Sale
463731871,520-522 Woodbine Ave,75203,Dallas,TX,32.742844,-96.799355,818800,212.0,-21000.0,809600.0,3238.0,6.0,8.0,3870.0,2026.0,10236.6,multiFamily,54,,,https://www.zillow.com,https://photos.zillowstatic.com/fp/02bedc0ecf521528139e0229c4cbb2fd-p_c.jpg,2026-08-31 15:49,For Sale
26859880,13899 Brookgreen Dr,75240,Dallas,TX,32.93397,-96.764885,200000,156.0,,191500.0,1900.0,3.0,2.0,1280.0,1969.0,4181.76,townhome,37,274300.0,2025,https://www.zillow.com,https://photos.zillowstatic.com/fp/58b19151f7ffe36390d162d9556a931e-p_c.jpg,2026-08-31 15:49,For Sale
26792603,3860 Walnut Hill Ln,75229,Dallas,TX,32.88002,-96.850296,1949900,479.0,,1870700.0,7010.0,5.0,4.0,4074.0,2023.0,0.5,singleFamily,11,1496760.0,2025,https://www.zillow.com,https://photos.zillowstatic.com/fp/46e8db186b8631d9fe993af59688e185-p_c.jpg,2026-08-31 15:49,For Sale
26695574,5134 Vanderbilt Ave,75206,Dallas,TX,32.824234,-96.78314,1649000,507.0,-45000.0,,,4.0,4.0,3250.0,2021.0,7257.096,singleFamily,26,1503770.0,2025,https://www.zillow.com,https://photos.zillowstatic.com/fp/208af2873cf7f76c248dbf9c397e7560-p_c.jpg,2026-08-31 15:49,For Sale
303983908,3130 N Harwood St APT 1606,75201,Dallas,TX,32.797085,-96.81129,1599000,717.0,-50999.0,1537100.0,5986.0,3.0,4.0,2231.0,2019.0,1.87,condo,209,1278370.0,2025,https://www.zillow.com,https://photos.zillowstatic.com/fp/2b12f64a94ed4d5dd02ff6f2ded41662-p_c.jpg,2026-08-31 15:49,For Sale
26684852,611 Wayne St,75223,Dallas,TX,32.79823,-96.751434,250000,204.0,-24900.0,,2277.0,3.0,2.0,1224.0,1930.0,7501.032,singleFamily,75,291710.0,2025,https://www.zillow.com,https://photos.zillowstatic.com/fp/5980fe549d260289d3e26d28ea031bc5-p_c.jpg,2026-08-31 15:49,For Sale
67956598,8449 Canvasback Ln,75249,Dallas,TX,32.656586,-96.97649,289999,149.0,,286200.0,2428.0,4.0,2.0,1945.0,2003.0,5357.88,singleFamily,9,336220.0,2025,https://www.zillow.com,https://photos.zillowstatic.com/fp/3a0b0fc4f9bffc3b83d68881f0d22548-p_c.jpg,2026-08-31 15:49,For Sale
26869002,9511 Fallbrook Dr,75243,Dallas,TX,32.901775,-96.73189,699999,170.0,-40001.0,,5949.0,4.0,4.0,4117.0,1973.0,0.262,singleFamily,59,707780.0,2025,https://www.zillow.com,https://photos.zillowstatic.com/fp/4c949f267797820f58e96146a3762ad4-p_c.jpg,2026-08-31 15:49,For Sale
26672687,4242 N Capistrano Dr APT 177,75287,Dallas,TX,33.006493,-96.83508,268000,173.0,,264900.0,2314.0,2.0,2.0,1551.0,1986.0,914.76,condo,10,292209.0,2025,https://www.zillow.com,https://photos.zillowstatic.com/fp/42986ff19675d6794f3ccd6207f7248c-p_c.jpg,2026-08-31 15:49,For Sale
304024594,17628 Bottlebrush Dr,75252,Dallas,TX,32.990368,-96.75908,562000,243.0,-7000.0,,,4.0,3.0,2311.0,2019.0,4399.56,singleFamily,79,625642.0,2025,https://www.zillow.com,https://photos.zillowstatic.com/fp/06ee5a4ee11013df99feb5fa2a4f44c0-p_c.jpg,2026-08-31 15:49,For Sale
80230956,1769 Ironworks Dr,75253,Dallas,TX,32.68191,-96.60787,305000,147.0,,,2028.0,4.0,3.0,2076.0,2006.0,6490.44,singleFamily,31,244000.0,2025,https://www.zillow.com,https://photos.zillowstatic.com/fp/1e7ba1881c5a6829c2467aebf13aa255-p_c.jpg,2026-08-31 15:49,For Sale
442923863,1512 Villars St,75204,Dallas,TX,32.79561,-96.78582,999000,332.0,,971400.0,4825.0,4.0,3.0,3009.0,2026.0,4952.772,singleFamily,60,406530.0,2025,https://www.zillow.com,https://photos.zillowstatic.com/fp/8f5a60e02d3d36708383fa037c72597a-p_c.jpg,2026-08-31 15:49,For Sale
84004837,2200 Victory Ave APT 1505,75219,Dallas,TX,32.78493,-96.80934,1275000,517.0,,1200700.0,5671.0,2.0,3.0,2466.0,2007.0,2787.84,condo,46,1139370.0,2025,https://www.zillow.com,https://photos.zillowstatic.com/fp/4b75ed93aef70fc2577e123e6e7e3d15-p_c.jpg,2026-08-31 15:49,For Sale
96496175,5328 Manett St,75206,Dallas,TX,32.817657,-96.77831,1555000,456.0,-40000.0,1505400.0,7467.0,5.0,4.0,3411.0,2015.0,7492.32,singleFamily,72,1267630.0,2025,https://www.zillow.com,https://photos.zillowstatic.com/fp/d00389973ebaf780a36141cbf95726a1-p_c.jpg,2026-08-31 15:49,For Sale
26913689,9324 Teagarden Rd,75217,Dallas,TX,32.672993,-96.66563,219000,108.0,-10000.0,217200.0,2175.0,3.0,2.0,2030.0,1998.0,7797.24,singleFamily,108,317150.0,2025,https://www.zillow.com,https://photos.zillowstatic.com/fp/428f8cf1e51fb3b660d7d5fef394f228-p_c.jpg,2026-08-31 15:49,For Sale
53105730,18240 Midway Rd APT 1301,75287,Dallas,TX,32.99956,-96.84251,289900,170.0,-20100.0,286400.0,2831.0,3.0,3.0,1703.0,1997.0,1698.84,condo,41,324083.0,2025,https://www.zillow.com,https://photos.zillowstatic.com/fp/f2684be11bd0c23c7a399073605c6d75-p_c.jpg,2026-08-31 15:49,For Sale
26832259,3321 Coronet Blvd,75212,Dallas,TX,32.78198,-96.83168,999000,272.0,-30000.0,977900.0,6531.0,5.0,6.0,3675.0,2024.0,5052.96,singleFamily,123,837460.0,2025,https://www.zillow.com,https://photos.zillowstatic.com/fp/a95512fef5aa61c2e68d5a370e641a45-p_c.jpg,2026-08-31 15:49,For Sale
462145824,2332 Wycliff Ave,75219,Dallas,TX,32.807407,-96.82228,825000,232.0,,,,4.0,5.0,3550.0,2026.0,3571.92,singleFamily,18,,,https://www.zillow.com,https://photos.zillowstatic.com/fp/48a89e48545c92d10820397229bd66b7-p_c.jpg,2026-08-31 15:49,For Sale
249773272,17643 Pinyon Ln,75252,Dallas,TX,32.991222,-96.76497,810000,266.0,,788200.0,4339.0,4.0,4.0,3049.0,2017.0,6011.28,singleFamily,24,742533.0,2025,https://www.zillow.com,https://photos.zillowstatic.com/fp/fbd8ce52aab90accbd86156cdc14940d-p_c.jpg,2026-08-31 15:49,For Sale
26804482,12023 Fieldwood Ln,75244,Dallas,TX,32.91254,-96.82496,2399000,526.0,,2262400.0,7690.0,5.0,6.0,4559.0,1959.0,0.38,singleFamily,16,2117740.0,2025,https://www.zillow.com,https://photos.zillowstatic.com/fp/51ad4a2515f517be7419b1b642b2edc6-p_c.jpg,2026-08-31 15:49,For Sale
67964084,8646 Granville Dr,75249,Dallas,TX,32.656998,-96.95039,384990,150.0,,378800.0,3047.0,4.0,3.0,2561.0,2004.0,7230.96,singleFamily,5,434220.0,2025,https://www.zillow.com,https://photos.zillowstatic.com/fp/94da5026ba74a0a758409c2dae4a7115-p_c.jpg,2026-08-31 15:49,For Sale
26809208,3542 Jubilee Trl,75229,Dallas,TX,32.900166,-96.8588,800000,298.0,-15000.0,774200.0,3865.0,4.0,2.0,2689.0,1962.0,0.319,singleFamily,46,955390.0,2025,https://www.zillow.com,https://photos.zillowstatic.com/fp/f6238c55248120c7a6e02207e3d73720-p_c.jpg,2026-08-31 15:49,For Sale
26723699,1143 Newport Ave,75224,Dallas,TX,32.72548,-96.84185,269000,221.0,-3500.0,268100.0,2168.0,3.0,2.0,1217.0,1921.0,7274.52,singleFamily,55,279330.0,2025,https://www.zillow.com,https://photos.zillowstatic.com/fp/7c0388232b914e58f01f9efd217cc0f1-p_c.jpg,2026-08-31 15:49,For Sale
26843713,8835 Larchwood Dr,75238,Dallas,TX,32.86803,-96.702156,590000,358.0,-5000.0,,,3.0,2.0,1646.0,1955.0,7623.0,singleFamily,38,519030.0,2025,https://www.zillow.com,https://photos.zillowstatic.com/fp/144a4737b96b471c31c4f507626bcc11-p_c.jpg,2026-08-31 15:49,For Sale
26841350,2333 Lockhart Ave,75228,Dallas,TX,32.820415,-96.6762,199900,142.0,-10000.0,,2011.0,3.0,2.0,1409.0,1954.0,7666.56,singleFamily,118,242000.0,2025,https://www.zillow.com,https://photos.zillowstatic.com/fp/4c755d5534ffa9789442ddf35ff5caca-p_c.jpg,2026-08-31 15:49,For Sale
26694567,3522 Kenilworth St,75210,Dallas,TX,32.763077,-96.74549,215000,202.0,-10000.0,209200.0,1790.0,3.0,2.0,1064.0,1935.0,6272.64,singleFamily,36,208640.0,2025,https://www.zillow.com,https://photos.zillowstatic.com/fp/9eab59a39e0412a0a748f2c20692ce0e-p_c.jpg,2026-08-31 15:49,For Sale
26690812,5448 Richard Ave,75206,Dallas,TX,32.81893,-96.775276,1257000,502.0,,1199700.0,5596.0,4.0,3.0,2503.0,2001.0,8058.6,singleFamily,9,939020.0,2025,https://www.zillow.com,https://photos.zillowstatic.com/fp/e3870f6826853ab0d788f330a5199ec3-p_c.jpg,2026-08-31 15:49,For Sale
26687193,2526 Exline St,75215,Dallas,TX,32.75567,-96.759384,214990,186.0,,,1573.0,3.0,11.0,1156.0,1922.0,8232.84,singleFamily,2,213930.0,2025,https://www.zillow.com,https://photos.zillowstatic.com/fp/3ed76d45e0e2e23943cfaa558fe6ffcc-p_c.jpg,2026-08-31 15:49,For Sale
26863657,7717 Meadowhaven Dr,75254,Dallas,TX,32.948135,-96.773544,924900,332.0,-25000.0,,,4.0,4.0,2785.0,1968.0,0.302,singleFamily,32,634100.0,2025,https://www.zillow.com,https://photos.zillowstatic.com/fp/595ccd347a9fc6ea432ae15fac2956bd-p_c.jpg,2026-08-31 15:49,For Sale
80230783,1200 Main St APT 1708,75202,Dallas,TX,32.77981,-96.80127,245900,279.0,,,,2.0,1.0,880.0,1974.0,1.033,condo,2,308000.0,2025,https://www.zillow.com,https://photos.zillowstatic.com/fp/83022bb8d16c44377c4a739f51f84253-p_c.jpg,2026-08-31 15:49,For Sale
303981524,1410 Elevado Dr,75212,Dallas,TX,32.77478,-96.84299,599000,268.0,,541200.0,3515.0,3.0,4.0,2237.0,2019.0,1559.448,singleFamily,3,649000.0,2025,https://www.zillow.com,https://photos.zillowstatic.com/fp/80e5a2235b156f836b00f695f628c2bb-p_c.jpg,2026-08-31 15:49,For Sale
26856764,2640 Morgan Dr,75241,Dallas,TX,32.65114,-96.778435,325000,201.0,,,,3.0,2.0,1620.0,2017.0,0.52,singleFamily,11,271880.0,2025,https://www.zillow.com,https://photos.zillowstatic.com/fp/70bb54b499e613e83b34cc2206fafeeb-p_c.jpg,2026-08-31 15:49,For Sale
26704339,5514 Matalee Ave,75206,Dallas,TX,32.832375,-96.77399,1149000,382.0,,1120600.0,7665.0,3.0,4.0,3006.0,2025.0,4443.12,singleFamily,59,605620.0,2025,https://www.zillow.com,https://photos.zillowstatic.com/fp/59df397697ce82b19d2413604514a212-p_c.jpg,2026-08-31 15:49,For Sale
26840765,2251 Hartline Dr,75228,Dallas,TX,32.830006,-96.67914,344950,235.0,-15000.0,342800.0,2257.0,3.0,2.0,1468.0,1954.0,0.299,singleFamily,26,345160.0,2025,https://www.zillow.com,https://photos.zillowstatic.com/fp/5b72b3c8dc9e60500635bcb1ce137893-p_c.jpg,2026-08-31 15:49,For Sale
26929794,7340 Skillman St APT 1119,75231,Dallas,TX,32.882767,-96.73344,129000,146.0,,127600.0,1365.0,2.0,2.0,882.0,1983.0,6.333,condo,4,196170.0,2025,https://www.zillow.com,https://photos.zillowstatic.com/fp/f854660891664b54b10338863c5f05df-p_c.jpg,2026-08-31 15:49,For Sale
26748679,6306 Glennox Ln,75214,Dallas,TX,32.849808,-96.755,1095000,361.0,,1048800.0,5676.0,4.0,4.0,3034.0,1970.0,8973.36,singleFamily,37,794880.0,2025,https://www.zillow.com,https://photos.zillowstatic.com/fp/eaf8bc9ba33ffc650b1fda647a6179b6-p_c.jpg,2026-08-31 15:49,For Sale
96527085,1950 Gallagher St,75212,Dallas,TX,32.784603,-96.85259,484500,216.0,,477100.0,3701.0,4.0,3.0,2243.0,2026.0,3223.44,singleFamily,9,80930.0,2025,https://www.zillow.com,https://photos.zillowstatic.com/fp/32b603abd4f65ad52cbf17c2fa81bcfe-p_c.jpg,2026-08-31 15:49,For Sale
