zpid,address,zipcode,city,state,latitude,longitude,price,price_per_sqft,price_change,zestimate,rent_zestimate,bedrooms,bathrooms,sqft,year_built,lot_size_acres,property_type,days_on_market,tax_assessed,tax_year,listing_url,photo_url,fetched_at,listing_type
338040611,1015 Serena Dr,75253,Dallas,TX,32.68677,-96.560394,265000,202.0,,263300.0,2153.0,3.0,2.0,1310.0,2022.0,7487.964,singleFamily,9,254330.0,2025,https://www.zillow.com,https://photos.zillowstatic.com/fp/1dd600b1bdb583cc640a6a4dc5a75988-p_c.jpg,2026-08-03 11:19,For Sale
26872737,6707 Rolling Vista Dr,75248,Dallas,TX,32.951813,-96.79493,1357000,396.0,,906200.0,6488.0,4.0,4.0,3426.0,1978.0,0.323,singleFamily,2,881510.0,2025,https://www.zillow.com,https://photos.zillowstatic.com/fp/b962181fbfc2a267c091f9215cafda51-p_c.jpg,2026-08-03 11:19,For Sale
26749480,6475 Trammel Dr,75214,Dallas,TX,32.845467,-96.74986,1800000,413.0,,1736400.0,7755.0,4.0,5.0,4362.0,2025.0,9347.976,singleFamily,8,431940.0,2025,https://www.zillow.com,https://photos.zillowstatic.com/fp/6f9f044139ab82e0a8d420c7e280b827-p_c.jpg,2026-08-03 11:19,For Sale
26786001,4837 Ashbrook Rd,75227,Dallas,TX,32.78557,-96.71162,517000,222.0,-2000.0,507400.0,2892.0,4.0,3.0,2328.0,1970.0,0.296,singleFamily,5,325000.0,2025,https://www.zillow.com,https://photos.zillowstatic.com/fp/e228a54a1cdcf9dce2f2e5b3b1cdbda1-p_c.jpg,2026-08-03 11:19,For Sale
26929064,5200 Martel Ave APT 24B,75206,Dallas,TX,32.8313,-96.778946,279000,287.0,,273400.0,1896.0,2.0,2.0,971.0,1983.0,6.009,condo,9,242750.0,2025,https://www.zillow.com,https://photos.zillowstatic.com/fp/e353c33deebd2e8d1e21401533d0fc9d-p_c.jpg,2026-08-03 11:19,For Sale
53070068,7130 Debbe Dr,75252,Dallas,TX,32.993587,-96.78202,1123000,340.0,-15000.0,1075700.0,4689.0,4.0,4.0,3300.0,1982.0,0.25,singleFamily,41,877766.0,2025,https://www.zillow.com,https://photos.zillowstatic.com/fp/d232aab584f8839102da2105be43e01e-p_c.jpg,2026-08-03 11:19,For Sale
67965626,4414 Cedar Springs Rd APT 318,75219,Dallas,TX,32.815704,-96.816536,235900,245.0,,230500.0,1967.0,2.0,1.0,963.0,2003.0,2.03,condo,2,244600.0,2025,https://www.zillow.com,https://photos.zillowstatic.com/fp/2789296ed0eef816dccb95a9fab30fba-p_c.jpg,2026-08-03 11:19,For Sale
26693423,4323 Brown St APT 237,75219,Dallas,TX,32.809963,-96.81728,160000,219.0,,,,2.0,1.0,730.0,1972.0,0.699,condo,4,175200.0,2025,https://www.zillow.com,https://photos.zillowstatic.com/fp/9b9b30962944a1b36d32fc16319c56d6-p_c.jpg,2026-08-03 11:19,For Sale
89402694,7700 Eastern Ave Unit 207,75209,Dallas,TX,32.84957,-96.813934,859900,370.0,,828900.0,4665.0,3.0,3.0,2321.0,2016.0,2.32,condo,2,789140.0,2025,https://www.zillow.com,https://photos.zillowstatic.com/fp/b2b37151259c8804321f3cf386b60f1f-p_c.jpg,2026-08-03 11:19,For Sale
69677073,1122 Jackson St APT 402,75202,Dallas,TX,32.778316,-96.80129,310000,220.0,,309000.0,2375.0,1.0,1.0,1411.0,1925.0,0.984,condo,24,331590.0,2025,https://www.zillow.com,https://photos.zillowstatic.com/fp/ce919da1f067aaf0aeb6d50b3d619ee9-p_c.jpg,2026-08-03 11:19,For Sale
96530936,14201 Bridgeview Ln,75253,Dallas,TX,32.678062,-96.58695,239950,141.0,,238500.0,2114.0,4.0,2.0,1704.0,2017.0,0.42600000000000005,singleFamily,12,307780.0,2025,https://www.zillow.com,https://photos.zillowstatic.com/fp/3a84630a49b3995260ae0b96c08bf691-p_c.jpg,2026-08-03 11:19,For Sale
26757825,5619 Walnut Hill Ln,75229,Dallas,TX,32.8825,-96.81111,64000000,2362.0,,,,10.0,17.0,27092.0,1938.0,15.687,singleFamily,522,36042650.0,2025,https://www.zillow.com,https://photos.zillowstatic.com/fp/adeac1290c0448b20476ade24a279451-p_c.jpg,2026-08-03 11:19,For Sale
2067223822,11128 Valleydale Dr #C,75230,Dallas,TX,32.900566,-96.7709,159000,164.0,-4000.0,152000.0,1567.0,2.0,2.0,969.0,1961.0,9.336,condo,22,,,https://www.zillow.com,https://photos.zillowstatic.com/fp/815339709a94331f5a4d44d804efbfd2-p_c.jpg,2026-08-03 11:19,For Sale
118218569,1922 Euclid Ave APT D,75206,Dallas,TX,32.814148,-96.7732,625000,287.0,,607700.0,4369.0,3.0,3.0,2174.0,2008.0,1916.64,townhome,6,532310.0,2025,https://www.zillow.com,https://photos.zillowstatic.com/fp/154fed121b74c67c3da0026050e06aa1-p_c.jpg,2026-08-03 11:19,For Sale
303984720,2114 Wenge Ln,75219,Dallas,TX,32.809242,-96.82861,589990,305.0,-5.0,580100.0,4040.0,3.0,4.0,1932.0,2021.0,1393.92,townhome,52,635090.0,2025,https://www.zillow.com,https://photos.zillowstatic.com/fp/05998c2ce019c9a2de87f3f2741204d9-p_c.jpg,2026-08-03 11:19,For Sale
26885113,4008 Fairlakes Dr,75228,Dallas,TX,32.841698,-96.639046,582000,191.0,,563400.0,3177.0,3.0,3.0,3040.0,1985.0,8799.12,singleFamily,4,503470.0,2025,https://www.zillow.com,https://photos.zillowstatic.com/fp/b8e51c06b2fde725de45b513fc075c5d-p_c.jpg,2026-08-03 11:19,For Sale
26687302,2329 Stoneman St,75215,Dallas,TX,32.753746,-96.7612,475000,186.0,,473000.0,4224.0,5.0,4.0,2550.0,2026.0,7318.08,singleFamily,18,73000.0,2025,https://www.zillow.com,https://photos.zillowstatic.com/fp/6b5e89024f1c7b0dc63a97b3c034fbde-p_c.jpg,2026-08-03 11:19,For Sale
303984449,1423 Barrel Dr,75253,Dallas,TX,32.672993,-96.58524,265000,156.0,-9990.0,263900.0,2066.0,3.0,2.0,1700.0,2019.0,5314.32,singleFamily,51,263140.0,2025,https://www.zillow.com,https://photos.zillowstatic.com/fp/032e117332bb8c765df52317cf3db0b2-p_c.jpg,2026-08-03 11:19,For Sale
26672589,5213 Tennington Park,75287,Dallas,TX,33.00334,-96.81992,1275000,298.0,-25000.0,1227200.0,4891.0,4.0,4.0,4281.0,2000.0,8276.4,singleFamily,45,1051156.0,2025,https://www.zillow.com,https://photos.zillowstatic.com/fp/0fbf18b4dea22ce4e161b94e7e3bf15f-p_c.jpg,2026-08-03 11:19,For Sale
96526869,910 Gallant Fox Dr,75211,Dallas,TX,32.736996,-96.92878,479000,225.0,,475800.0,3413.0,3.0,3.0,2125.0,2026.0,9975.24,singleFamily,31,75000.0,2025,https://www.zillow.com,https://photos.zillowstatic.com/fp/9a091fc719d3013e309b938574458848-p_c.jpg,2026-08-03 11:19,For Sale
26745654,10505 Ferguson Rd,75228,Dallas,TX,32.8393,-96.66888,249999,136.0,,247000.0,2235.0,3.0,2.0,1838.0,1958.0,9713.88,singleFamily,2,286170.0,2025,https://www.zillow.com,https://photos.zillowstatic.com/fp/eb9d676236aa1e4baee87f4813d5419a-p_c.jpg,2026-08-03 11:19,For Sale
26699114,2515 Macon St,75215,Dallas,TX,32.75081,-96.75273,275000,183.0,-14999.0,274500.0,2240.0,3.0,3.0,1500.0,2026.0,3267.0,singleFamily,116,32780.0,2025,https://www.zillow.com,https://photos.zillowstatic.com/fp/68433d24786c5e0ac81731fb4204066f-p_c.jpg,2026-08-03 11:19,For Sale
26867856,9105 Kingsley Creek Cir,75231,Dallas,TX,32.88199,-96.73603,1250000,496.0,,,,4.0,3.0,2520.0,1979.0,0.28800000000000003,singleFamily,4,654010.0,2025,https://www.zillow.com,https://photos.zillowstatic.com/fp/b2f13bf88337bcfabc3409bfcb5db211-p_c.jpg,2026-08-03 11:19,For Sale
96530276,1906 Euclid Ave Unit C,75206,Dallas,TX,32.81359,-96.7732,749999,291.0,,,,2.0,3.0,2573.0,2008.0,8276.4,condo,6,604660.0,2025,https://www.zillow.com,https://photos.zillowstatic.com/fp/974a4b4e40ff6259b43080fb6fda2d7a-p_c.jpg,2026-08-03 11:19,For Sale
26891340,9519 County View Rd,75249,Dallas,TX,32.635117,-96.95368,257000,183.0,,254400.0,2306.0,5.0,2.0,1408.0,1981.0,7056.72,singleFamily,23,281740.0,2025,https://www.zillow.com,https://photos.zillowstatic.com/fp/261335cf707d937767ad18a25c19432e-p_c.jpg,2026-08-03 11:19,For Sale
26822323,6525 Palm Island St,75241,Dallas,TX,32.66635,-96.75114,135000,75.0,-15000.0,,2047.0,4.0,2.0,1790.0,1972.0,7535.88,singleFamily,102,256550.0,2025,https://www.zillow.com,https://photos.zillowstatic.com/fp/11599a24766e68ff098c5ca6bf9b3304-p_c.jpg,2026-08-03 11:19,For Sale
26750613,6417 Lontos Dr,75214,Dallas,TX,32.855434,-96.75006,689000,305.0,,656300.0,2628.0,4.0,2.0,2260.0,1954.0,9626.76,multiFamily,10,593270.0,2025,https://www.zillow.com,https://photos.zillowstatic.com/fp/2dd6994893320801aa3e9420d3f380dd-p_c.jpg,2026-08-03 11:19,For Sale
463515469,3315 Kyser St,75216,Dallas,TX,32.71051,-96.76295,344900,223.0,,342500.0,2435.0,3.0,3.0,1547.0,2026.0,0.31620000000000004,singleFamily,0,,,https://www.zillow.com,https://photos.zillowstatic.com/fp/509ecfc365d2efcecb699f3f8b94898f-p_c.jpg,2026-08-03 11:19,For Sale
61871262,2502 Live Oak St APT 338,75204,Dallas,TX,32.786884,-96.790695,310000,302.0,,295100.0,2234.0,1.0,1.0,1027.0,1998.0,1.495,condo,10,292700.0,2025,https://www.zillow.com,https://photos.zillowstatic.com/fp/fe325cb3919745b28a1490fade55a03f-p_c.jpg,2026-08-03 11:19,For Sale
461413197,1008 Clearwater Dr,75068,Lakewood Village,TX,32.897995,-96.75691,549900,214.0,,546500.0,4297.0,4.0,4.0,2574.0,2026.0,7405.2,singleFamily,107,,,https://www.zillow.com,https://photos.zillowstatic.com/fp/a5f24ce2696cae56e20c7272cc525f8a-p_c.jpg,2026-08-03 11:19,For Sale
69677337,4130 Newton Ave APT F,75219,Dallas,TX,32.81827,-96.80567,199999,166.0,-29001.0,193900.0,2543.0,1.0,2.0,1208.0,1974.0,9191.16,condo,78,320120.0,2025,https://www.zillow.com,https://photos.zillowstatic.com/fp/c40a6de5799a1cafea5a255068e0d553-p_c.jpg,2026-08-03 11:19,For Sale
464120550,2013-2015 J B Jackson Jr Blvd,75210,Dallas,TX,32.769703,-96.75808,259900,149.0,,255500.0,1839.0,6.0,4.0,1744.0,2020.0,9583.2,multiFamily,9,,,https://www.zillow.com,https://photos.zillowstatic.com/fp/e5c89c1c56b80e83a846cf0fa969c03a-p_c.jpg,2026-08-03 11:19,For Sale
26830882,8420 Sweetwater Dr,75228,Dallas,TX,32.805023,-96.704094,485000,256.0,-15000.0,475000.0,2461.0,3.0,2.0,1896.0,1969.0,8276.4,singleFamily,10,451520.0,2025,https://www.zillow.com,https://photos.zillowstatic.com/fp/7820ebf2b02d7d851d370d13ec5d38ae-p_c.jpg,2026-08-03 11:19,For Sale
26719823,3134 W Jefferson Blvd,75211,Dallas,TX,32.743885,-96.872894,295000,232.0,,293500.0,2076.0,3.0,2.0,1272.0,1947.0,8799.12,singleFamily,11,277910.0,2025,https://www.zillow.com,https://photos.zillowstatic.com/fp/f732caf878f8b0a3cc66f34bf47ff893-p_c.jpg,2026-08-03 11:19,For Sale
67957487,6940 Chapelridge Dr,75249,Dallas,TX,32.657593,-96.94592,450000,143.0,,440700.0,3177.0,4.0,3.0,3141.0,2003.0,5706.36,singleFamily,4,468610.0,2025,https://www.zillow.com,https://photos.zillowstatic.com/fp/18ff73fe65953a00d14194d18502daa1-p_c.jpg,2026-08-03 11:19,For Sale
26720066,2143 Kessler Ct #38,75208,Dallas,TX,32.76324,-96.845535,480000,250.0,,460000.0,2937.0,4.0,2.0,1919.0,1974.0,11.759,condo,3,362830.0,2025,https://www.zillow.com,https://photos.zillowstatic.com/fp/5cfb280e18105a406f595d11f1f2216a-p_c.jpg,2026-08-03 11:19,For Sale
26839529,10650 Steppington Dr APT 211,75230,Dallas,TX,32.8936,-96.77055,180000,150.0,-5000.0,176400.0,1869.0,2.0,2.0,1197.0,1979.0,4.784,condo,76,201170.0,2025,https://www.zillow.com,https://photos.zillowstatic.com/fp/7201628d733585aad79d4f13136b68aa-p_c.jpg,2026-08-03 11:19,For Sale
96514266,1815 Kingsley Dr,75216,Dallas,TX,32.688026,-96.79526,25000,,-2500.0,,1425.0,,,,,0.622,land,615,112500.0,2025,https://www.zillow.com,https://photos.zillowstatic.com/fp/7ca35be8edb4200e90775bb805a47094-p_c.jpg,2026-08-03 11:19,For Sale
67961530,2522 Wilhurt Ave,75216,Dallas,TX,32.703674,-96.78344,140000,113.0,-9900.0,,1902.0,4.0,2.0,1244.0,1940.0,6359.76,singleFamily,64,246150.0,2025,https://www.zillow.com,https://photos.zillowstatic.com/fp/cf00a5b9db34c932e46b63392ef8d893-p_c.jpg,2026-08-03 11:19,For Sale
26881148,4445 Mill Run Rd,75244,Dallas,TX,32.924343,-96.83252,1199000,381.0,,1148000.0,6041.0,4.0,4.0,3147.0,1967.0,0.344,singleFamily,2,1089210.0,2025,https://www.zillow.com,https://photos.zillowstatic.com/fp/a3ae36d1ee7ae62488093cd399e98960-p_c.jpg,2026-08-03 11:19,For Sale
26931491,9809 Walnut St #208,75243,Dallas,TX,32.922836,-96.71392,34900,37.0,,,1331.0,2.0,1.0,931.0,1981.0,8.814,condo,16,102410.0,2025,https://www.zillow.com,https://photos.zillowstatic.com/fp/a822b0b8e819a09285cc600badcf2a20-p_c.jpg,2026-08-03 11:19,For Sale
26758062,10010 Strait Ln,75229,Dallas,TX,32.880985,-96.823845,24999900,1498.0,,22572600.0,31583.0,7.0,11.0,16684.0,2026.0,2.218,singleFamily,154,2767500.0,2025,https://www.zillow.com,https://photos.zillowstatic.com/fp/4807102bfcc1104359cc67064727143a-p_c.jpg,2026-08-03 11:19,For Sale
26696299,2230 Garden Dr,75215,Dallas,TX,32.74878,-96.758896,379000,181.0,-10000.0,375500.0,2778.0,3.0,2.0,2092.0,2024.0,5052.96,singleFamily,45,395930.0,2025,https://www.zillow.com,https://photos.zillowstatic.com/fp/a5cba953c774fd3370a2dc62b2a9262e-p_c.jpg,2026-08-03 11:19,For Sale
26874199,6631 Fireflame Dr,75248,Dallas,TX,32.960667,-96.79233,799900,319.0,-15100.0,,,4.0,3.0,2506.0,1978.0,7492.32,singleFamily,4,540750.0,2025,https://www.zillow.com,https://photos.zillowstatic.com/fp/365949c8946bb9ab043a62d1308d2d8a-p_c.jpg,2026-08-03 11:19,For Sale
26837484,2415 Barnes Bridge Rd,75228,Dallas,TX,32.850895,-96.67141,245000,136.0,,,,3.0,2.0,1808.0,1953.0,7413.912,singleFamily,3,302180.0,2025,https://www.zillow.com,https://photos.zillowstatic.com/fp/41a09ac824f5666560e493c0fa79a4c2-p_c.jpg,2026-08-03 11:19,For Sale
26696399,5223 Colonial Ave,75215,Dallas,TX,32.744267,-96.759224,230000,139.0,-10000.0,228400.0,2589.0,4.0,2.0,1656.0,2024.0,7013.16,singleFamily,107,433110.0,2025,https://www.zillow.com,https://photos.zillowstatic.com/fp/1ffb12a24ca85cf9a7cc33cbfa96e1b2-p_c.jpg,2026-08-03 11:19,For Sale
26815370,745 Clearwood Dr,75232,Dallas,TX,32.661022,-96.83368,259999,128.0,,259100.0,1839.0,6.0,2.0,2028.0,1956.0,7623.0,singleFamily,0,248940.0,2025,https://www.zillow.com,https://photos.zillowstatic.com/fp/8c925e6967aa37e8a098d4e95ff3e680-p_c.jpg,2026-08-03 11:19,For Sale
26807199,10255 Timber Trail Dr,75229,Dallas,TX,32.88647,-96.85776,622000,239.0,,625000.0,4111.0,4.0,3.0,2599.0,1964.0,0.48100000000000004,singleFamily,3,762610.0,2025,https://www.zillow.com,https://photos.zillowstatic.com/fp/96d6bda3665d3b7823e9e2dd8ab63b58-p_c.jpg,2026-08-03 11:19,For Sale
26801616,8117 Marvel Dr,75217,Dallas,TX,32.72173,-96.68198,295000,124.0,-15000.0,292600.0,3224.0,4.0,3.0,2384.0,1955.0,7797.24,singleFamily,38,360420.0,2025,https://www.zillow.com,https://photos.zillowstatic.com/fp/90e2eae266d564d9e4c6d3bd8dd52c96-p_c.jpg,2026-08-03 11:19,For Sale
26748817,6238 Crestmont Dr,75214,Dallas,TX,32.852543,-96.75545,785000,382.0,,,,3.0,2.0,2054.0,1958.0,10149.48,singleFamily,3,765160.0,2025,https://www.zillow.com,https://photos.zillowstatic.com/fp/3ae337634b1a7d1498678c3338b281c0-p_c.jpg,2026-08-03 11:19,For Sale
26750994,6396 Abrams Ct,75231,Dallas,TX,32.86111,-96.74454,379000,256.0,-10000.0,374100.0,2177.0,2.0,2.0,1480.0,1980.0,4094.64,singleFamily,106,376000.0,2025,https://www.zillow.com,https://photos.zillowstatic.com/fp/6579eefe10fe52f79b6704876798de9f-p_c.jpg,2026-08-03 11:19,For Sale
26710621,1112 Ballard Ave,75208,Dallas,TX,32.7568,-96.823524,235000,203.0,,308900.0,2481.0,2.0,1.0,1158.0,1916.0,5009.4,singleFamily,0,388850.0,2025,https://www.zillow.com,https://photos.zillowstatic.com/fp/0c58c83a242284ba9cd504061906b569-p_c.jpg,2026-08-03 11:19,For Sale
341774501,4029 Ivanhoe Ln,75212,Dallas,TX,32.792294,-96.85557,650000,168.0,-80000.0,645800.0,4863.0,5.0,4.0,3868.0,2023.0,7666.56,singleFamily,310,902480.0,2025,https://www.zillow.com,https://photos.zillowstatic.com/fp/6fa3ac75b3fcee965794e419c9129538-p_c.jpg,2026-08-03 11:19,For Sale
463300917,3529 Cleveland St,75215,Dallas,TX,32.75582,-96.77514,245000,133.0,,244500.0,3297.0,4.0,4.0,1846.0,2026.0,8363.52,singleFamily,46,,,https://www.zillow.com,https://photos.zillowstatic.com/fp/a61363b7bd78a0e95ffd19ba195f164b-p_c.jpg,2026-08-03 11:19,For Sale
26832922,3111 Rutz St,75212,Dallas,TX,32.78001,-96.84512,324995,233.0,-5072.0,321300.0,2398.0,3.0,2.0,1392.0,2013.0,3615.48,singleFamily,22,287270.0,2025,https://www.zillow.com,https://photos.zillowstatic.com/fp/8f47d05a2d5e13f04891326e99d26077-p_c.jpg,2026-08-03 11:19,For Sale
26732706,6454 Sondra Dr,75214,Dallas,TX,32.82639,-96.7507,4295000,684.0,,3749300.0,4872.0,5.0,7.0,6283.0,2026.0,0.312,singleFamily,2,1089290.0,2025,https://www.zillow.com,https://photos.zillowstatic.com/fp/971beb516a2c3e579bedbe9fa7054d5b-p_c.jpg,2026-08-03 11:19,For Sale
26599158,6710 Windrock Rd,75252,Dallas,TX,32.993553,-96.78871,750000,240.0,,717200.0,6400.0,5.0,4.0,3120.0,1993.0,0.33999999999999997,singleFamily,5,814925.0,2025,https://www.zillow.com,https://photos.zillowstatic.com/fp/64342561b071fba481af819be96c95e3-p_c.jpg,2026-08-03 11:19,For Sale
26825505,5936 Spring Glen Dr,75232,Dallas,TX,32.674526,-96.84193,449500,156.0,-15500.0,442900.0,2909.0,5.0,4.0,2880.0,1965.0,10236.6,singleFamily,122,261350.0,2025,https://www.zillow.com,https://photos.zillowstatic.com/fp/784bf3d76b7a9b40f046b5eb30c7eca8-p_c.jpg,2026-08-03 11:19,For Sale
26759625,5444 Northbrook Dr,75220,Dallas,TX,32.866047,-96.81663,15000000,1192.0,,,4528.0,7.0,9.0,12589.0,1950.0,1.621,singleFamily,37,2423400.0,2025,https://www.zillow.com,https://photos.zillowstatic.com/fp/e0a35e71e87a0546dd13a3c40fedef37-p_c.jpg,2026-08-03 11:19,For Sale
26803808,5949 Northaven Rd,75230,Dallas,TX,32.90255,-96.8056,3650000,578.0,,3505900.0,6437.0,5.0,8.0,6319.0,2023.0,0.416,singleFamily,2,3375000.0,2025,https://www.zillow.com,https://photos.zillowstatic.com/fp/3b995e334560612cacdf0740fa3ba84a-p_c.jpg,2026-08-03 11:19,For Sale
53070303,6708 McCallum Blvd,75252,Dallas,TX,32.987743,-96.78865,593000,301.0,,,,4.0,3.0,1970.0,1978.0,8712.0,singleFamily,9,523510.0,2025,https://www.zillow.com,https://photos.zillowstatic.com/fp/148149fdebb2efd1a831f36d6ca3276a-p_c.jpg,2026-08-03 11:19,For Sale
26901772,5750 Phoenix Dr APT 22,75231,Dallas,TX,32.875942,-96.75966,70000,116.0,-5000.0,,1124.0,1.0,1.0,605.0,1981.0,2.007,condo,105,108410.0,2025,https://www.zillow.com,https://photos.zillowstatic.com/fp/08a5036a5eef13d238f3fc173a3f58db-p_c.jpg,2026-08-03 11:19,For Sale
26915356,6395 W Red Bird Ln,75236,Dallas,TX,32.6776,-96.92825,879000,259.0,,835000.0,5040.0,4.0,4.0,3397.0,1939.0,2.997,singleFamily,5,703000.0,2025,https://www.zillow.com,https://photos.zillowstatic.com/fp/f3c22b43bf326f93a0e50fec4858a767-p_c.jpg,2026-08-03 11:19,For Sale
26704477,5311 Morningside Ave,75206,Dallas,TX,32.829323,-96.77935,1045000,564.0,,,,3.0,2.0,1853.0,1926.0,7797.24,singleFamily,3,802210.0,2025,https://www.zillow.com,https://photos.zillowstatic.com/fp/f48004e64a572232cce3389305393508-p_c.jpg,2026-08-03 11:19,For Sale
96513896,10617 Bridge Hollow Ct,75229,Dallas,TX,32.891712,-96.821815,11900000,812.0,,,,6.0,10.0,14653.0,2018.0,1.442,singleFamily,38,13054400.0,2025,https://www.zillow.com,https://photos.zillowstatic.com/fp/1cad1d90350deecefe93978d5081628a-p_c.jpg,2026-08-03 11:19,For Sale
26747810,6017 E University Blvd APT 118,75206,Dallas,TX,32.8469,-96.76279,199900,215.0,-19100.0,191400.0,1659.0,2.0,1.0,930.0,1964.0,3.998,condo,31,279650.0,2025,https://www.zillow.com,https://photos.zillowstatic.com/fp/7113267d93e85934a281b76cb5ad4142-p_c.jpg,2026-08-03 11:19,For Sale
26912414,714 Jalisco Plz,75211,Dallas,TX,32.718307,-96.902885,224995,147.0,-10005.0,221400.0,2325.0,4.0,3.0,1526.0,2001.0,3005.64,singleFamily,99,245910.0,2025,https://www.zillow.com,https://photos.zillowstatic.com/fp/265e49fc37732c5dcee3a45d074e31bb-p_c.jpg,2026-08-03 11:19,For Sale
26855532,8105 Silverdale Dr,75232,Dallas,TX,32.6491,-96.83514,205000,165.0,-25000.0,203700.0,1885.0,3.0,2.0,1240.0,1967.0,7797.24,singleFamily,71,204260.0,2025,https://www.zillow.com,https://photos.zillowstatic.com/fp/112ebd8ce16a0e33ed93d743aac60f6a-p_c.jpg,2026-08-03 11:19,For Sale
60331605,2534 Las Villas Ave,75211,Dallas,TX,32.717297,-96.911285,290000,187.0,,,2318.0,4.0,2.0,1550.0,2002.0,5227.2,singleFamily,9,280430.0,2025,https://www.zillow.com,https://photos.zillowstatic.com/fp/dcb85a52aa29870b66514ea401ea9d07-p_c.jpg,2026-08-03 11:19,For Sale
26762471,4419 Lawnview Ave,75227,Dallas,TX,32.78305,-96.72165,179900,189.0,,170200.0,1676.0,2.0,1.0,950.0,1949.0,6403.32,singleFamily,54,201930.0,2025,https://www.zillow.com,https://photos.zillowstatic.com/fp/62db4fc6e9350773f014b7d2a195265d-p_c.jpg,2026-08-03 11:19,For Sale
26881106,4316 Rickover Dr,75244,Dallas,TX,32.917934,-96.83574,1695000,501.0,,1623900.0,4616.0,4.0,4.0,3386.0,2024.0,0.302,singleFamily,5,913200.0,2025,https://www.zillow.com,https://photos.zillowstatic.com/fp/7156a0d4b2260de9dfe292be30a3d9b4-p_c.jpg,2026-08-03 11:19,For Sale
333140526,5531 Walnut Hill Ln,75229,Dallas,TX,32.88134,-96.81123,14997000,1250.0,-998000.0,13951000.0,44765.0,5.0,9.0,11997.0,2025.0,1.935,singleFamily,146,9628680.0,2025,https://www.zillow.com,https://photos.zillowstatic.com/fp/b66ba1ba3e875d4f7420766b86704a95-p_c.jpg,2026-08-03 11:19,For Sale
26704085,5638 Anita St,75206,Dallas,TX,32.834373,-96.77059,1150000,346.0,,,,3.0,4.0,3326.0,2022.0,4094.64,singleFamily,3,1070500.0,2025,https://www.zillow.com,https://photos.zillowstatic.com/fp/02e2927c09a30e96388e16991c423633-p_c.jpg,2026-08-03 11:19,For Sale
26869565,9228 Windy Crest Dr,75243,Dallas,TX,32.906986,-96.73995,1050000,388.0,,,,4.0,3.0,2707.0,1976.0,8102.16,singleFamily,3,753160.0,2025,https://www.zillow.com,https://photos.zillowstatic.com/fp/5b606b0917f0b6cd46f2e8f2a6039862-p_c.jpg,2026-08-03 11:19,For Sale
26717381,1144 N Windomere Ave,75208,Dallas,TX,32.758827,-96.84359,920000,504.0,,,,3.0,2.0,1826.0,1928.0,7492.32,singleFamily,4,685520.0,2025,https://www.zillow.com,https://photos.zillowstatic.com/fp/f1e0787668fb9df2f04f82ed41bdbee7-p_c.jpg,2026-08-03 11:19,For Sale
67964626,1505 Elm St APT 1003,75201,Dallas,TX,32.781612,-96.79958,300000,147.0,,295800.0,4451.0,3.0,3.0,2045.0,1957.0,10018.8,condo,16,398780.0,2025,https://www.zillow.com,https://photos.zillowstatic.com/fp/e2a5c5098c238ddaadc3404980133678-p_c.jpg,2026-08-03 11:19,For Sale
26755876,6124 Lakehurst Ave,75230,Dallas,TX,32.884018,-96.800446,5495000,845.0,,,3637.0,5.0,8.0,6502.0,2026.0,0.327,singleFamily,2,1207880.0,2025,https://www.zillow.com,https://photos.zillowstatic.com/fp/fb18013d2a490cde2f6263c82621ffee-p_c.jpg,2026-08-03 11:19,For Sale
26727631,311 N Tennant St,75208,Dallas,TX,32.746452,-96.85607,399900,294.0,,397100.0,2509.0,3.0,2.0,1359.0,1949.0,6490.44,singleFamily,10,350280.0,2025,https://www.zillow.com,https://photos.zillowstatic.com/fp/632cf1cfd668d84c9312e8f5762e5373-p_c.jpg,2026-08-03 11:19,For Sale
26728729,423 W Colorado Blvd,75208,Dallas,TX,32.759712,-96.82833,2100000,491.0,,,6499.0,3.0,5.0,4276.0,2021.0,7971.48,singleFamily,16,536000.0,2019,https://www.zillow.com,https://photos.zillowstatic.com/fp/9d5e0fd738f90ac52a6cc3fc1fcef39f-p_c.jpg,2026-08-03 11:19,For Sale
26852406,13990 Far Hills Ln,75240,Dallas,TX,32.936928,-96.77097,500000,243.0,,,,3.0,2.0,2054.0,1967.0,10018.8,singleFamily,4,454540.0,2025,https://www.zillow.com,https://photos.zillowstatic.com/fp/3747a0a6fd5fc83f6b5489989eb45dee-p_c.jpg,2026-08-03 11:19,For Sale
26679573,3321 Cole Ave APT 116,75204,Dallas,TX,32.806034,-96.80029,350000,335.0,,340000.0,1746.0,2.0,2.0,1044.0,1961.0,0.8099999999999999,condo,2,401940.0,2025,https://www.zillow.com,https://photos.zillowstatic.com/fp/485e33fa8c0fd25af10c2ff1ee4aff86-p_c.jpg,2026-08-03 11:19,For Sale
300036720,1527 Hickory St,75215,Dallas,TX,32.76908,-96.7874,293664,207.0,-205336.0,292600.0,2473.0,2.0,3.0,1418.0,2021.0,2352.0,singleFamily,79,463230.0,2025,https://www.zillow.com,https://photos.zillowstatic.com/fp/6040d22a17c122b1448e87b0ecea2eff-p_c.jpg,2026-08-03 11:19,For Sale
26774092,619 Green Castle Dr,75232,Dallas,TX,32.689865,-96.83193,289000,219.0,,281400.0,1943.0,3.0,2.0,1322.0,1969.0,0.297,singleFamily,9,252350.0,2025,https://www.zillow.com,https://photos.zillowstatic.com/fp/3beda38a6b0203f56bbf586f1b4a7843-p_c.jpg,2026-08-03 11:19,For Sale
26853148,8955 Boundbrook Ave,75243,Dallas,TX,32.898926,-96.75744,379950,207.0,,,,3.0,3.0,1836.0,1959.0,7492.32,singleFamily,3,315570.0,2025,https://www.zillow.com,https://photos.zillowstatic.com/fp/2f1336d7b74f0dc592f112afc54cb831-p_c.jpg,2026-08-03 11:19,For Sale
26760464,5807 Glen Falls Ln,75209,Dallas,TX,32.86401,-96.81352,9625000,1056.0,,9104700.0,7586.0,5.0,8.0,9118.0,2026.0,0.514,singleFamily,44,2015100.0,2025,https://www.zillow.com,https://photos.zillowstatic.com/fp/bb7da9088016786ee4b772862254593b-p_c.jpg,2026-08-03 11:19,For Sale
26753100,6910 Waggoner Pl,75230,Dallas,TX,32.887016,-96.78613,1499000,484.0,,1425000.0,7750.0,4.0,5.0,3097.0,1971.0,0.332,singleFamily,45,1060890.0,2025,https://www.zillow.com,https://photos.zillowstatic.com/fp/0f0916589e00f9672133fa45a23727f4-p_c.jpg,2026-08-03 11:19,For Sale
26747623,6147 E University Blvd,75214,Dallas,TX,32.847153,-96.7587,920000,309.0,,879800.0,6008.0,4.0,3.0,2982.0,1961.0,10367.28,singleFamily,2,853340.0,2025,https://www.zillow.com,https://photos.zillowstatic.com/fp/ff7a5f48ab57ac6bacd1b5e003f4498a-p_c.jpg,2026-08-03 11:19,For Sale
26930463,8545 Midpark Rd #47,75240,Dallas,TX,32.936985,-96.75689,109000,155.0,,,,1.0,1.0,703.0,1982.0,3.465,condo,23,137000.0,2025,https://www.zillow.com,https://photos.zillowstatic.com/fp/fce4193c8955631f499b5b6cc06af59a-p_c.jpg,2026-08-03 11:19,For Sale
26702619,6203 Marquita Ave,75214,Dallas,TX,32.825874,-96.75789,800000,491.0,,766300.0,3991.0,3.0,2.0,1629.0,1953.0,9321.84,singleFamily,4,777710.0,2025,https://www.zillow.com,https://photos.zillowstatic.com/fp/d6917ee455266f0ce5cf829872f9ef1c-p_c.jpg,2026-08-03 11:19,For Sale
69670193,9916 Crystal Valley Way,75227,Dallas,TX,32.76525,-96.65126,185000,168.0,,180800.0,1709.0,3.0,2.0,1098.0,2005.0,3528.36,singleFamily,9,250030.0,2025,https://www.zillow.com,https://photos.zillowstatic.com/fp/53e77ee48f1805fca15f8347af2b359a-p_c.jpg,2026-08-03 11:19,For Sale
26758220,4506 Isabella Ln,75229,Dallas,TX,32.88928,-96.83244,8400000,1888.0,,,,6.0,8.0,4449.0,1997.0,1.01,singleFamily,41,4309000.0,2025,https://www.zillow.com,https://photos.zillowstatic.com/fp/d8283c53bb83c9322b7d7a9955afe7e0-p_c.jpg,2026-08-03 11:19,For Sale
26935624,8601 Park Ln APT 612,75231,Dallas,TX,32.870396,-96.752846,191000,200.0,,172900.0,1849.0,2.0,2.0,953.0,1982.0,4.332,condo,0,204620.0,2025,https://www.zillow.com,https://photos.zillowstatic.com/fp/1b51aad7c9114bdc110faad1e6385b32-p_c.jpg,2026-08-03 11:19,For Sale
26855122,1306 Aldenwood Dr,75232,Dallas,TX,32.652504,-96.842575,149000,112.0,-16000.0,,1725.0,3.0,2.0,1328.0,1977.0,8232.84,singleFamily,19,217830.0,2025,https://www.zillow.com,https://photos.zillowstatic.com/fp/d102361abf8d7ba60a19f90264159595-p_c.jpg,2026-08-03 11:19,For Sale
80221886,226 Cliff Heights Cir,75241,Dallas,TX,32.654808,-96.82023,244900,159.0,-10000.0,,,5.0,2.0,1543.0,2006.0,2962.08,singleFamily,26,231660.0,2025,https://www.zillow.com,https://photos.zillowstatic.com/fp/303884ba9ad7d950d131e5d41641717a-p_c.jpg,2026-08-03 11:19,For Sale
26839025,10811 Stone Canyon Pl,75230,Dallas,TX,32.894802,-96.77488,950000,280.0,-25000.0,,,3.0,3.0,3397.0,1978.0,0.309,singleFamily,51,1555000.0,2025,https://www.zillow.com,https://photos.zillowstatic.com/fp/0604d4af089ac4cb6d344b42a456bcee-p_c.jpg,2026-08-03 11:19,For Sale
26875371,7606 Dunoon Ave,75248,Dallas,TX,32.979065,-96.77708,1375000,356.0,,,,4.0,4.0,3860.0,1977.0,0.262,singleFamily,10,977490.0,2025,https://www.zillow.com,https://photos.zillowstatic.com/fp/58631262e4136d2e13b23e4d93ba5ae7-p_c.jpg,2026-08-03 11:19,For Sale
26680077,4129 Bowser Ave,75219,Dallas,TX,32.816257,-96.80915,708000,179.0,-38900.0,,,3.0,3.0,3956.0,1927.0,6141.96,singleFamily,66,1039410.0,2025,https://www.zillow.com,https://photos.zillowstatic.com/fp/58aaeebd5318249c8317fa1e5fe51600-p_c.jpg,2026-08-03 11:19,For Sale
26699294,2643 Anderson St,75215,Dallas,TX,32.751225,-96.764694,220000,176.0,,,1632.0,3.0,2.0,1248.0,2002.0,4774.0,singleFamily,4,202780.0,2025,https://www.zillow.com,https://photos.zillowstatic.com/fp/3bbcf5eb1a81aa82e38d1d4a2e61787f-p_c.jpg,2026-08-03 11:19,For Sale
26726058,2702 Lawtherwood Ct,75214,Dallas,TX,32.82001,-96.73198,1200000,375.0,,1154100.0,5123.0,4.0,5.0,3197.0,1994.0,6011.28,singleFamily,3,1143870.0,2025,https://www.zillow.com,https://photos.zillowstatic.com/fp/091831c22edd80a28aba937e0b7fc340-p_c.jpg,2026-08-03 11:19,For Sale
26816504,303 N Masters Dr,75217,Dallas,TX,32.71605,-96.64885,149000,146.0,,160400.0,1648.0,2.0,1.0,1023.0,1950.0,9016.92,singleFamily,0,142640.0,2025,https://www.zillow.com,https://photos.zillowstatic.com/fp/87bf7603c1a7b20124ceb633c8fc1355-p_c.jpg,2026-08-03 11:19,For Sale
26784662,3230 Rock Bluff Dr,75227,Dallas,TX,32.765625,-96.69388,279900,156.0,-5100.0,,2456.0,3.0,2.0,1800.0,1958.0,9626.76,singleFamily,45,292430.0,2025,https://www.zillow.com,https://photos.zillowstatic.com/fp/0e11ca6511bd82ff27c6a67897d69e96-p_c.jpg,2026-08-03 11:19,For Sale
26826282,1729 Boca Chica Dr,75232,Dallas,TX,32.67108,-96.84865,749000,189.0,-50000.0,734400.0,3554.0,4.0,2.0,3966.0,1958.0,0.393,singleFamily,37,396160.0,2025,https://www.zillow.com,https://photos.zillowstatic.com/fp/31f63f730d16d8221ea8ae1135af8686-p_c.jpg,2026-08-03 11:19,For Sale
26890533,7723 Pennyburn Dr,75248,Dallas,TX,32.983322,-96.77322,889900,261.0,,855700.0,3907.0,5.0,4.0,3412.0,1979.0,0.297,singleFamily,2,869720.0,2025,https://www.zillow.com,https://photos.zillowstatic.com/fp/1871e3ff5da5ad307d94015a97e9c4e3-p_c.jpg,2026-08-03 11:19,For Sale
26809904,3620 Pallos Verdas Dr,75229,Dallas,TX,32.904896,-96.859695,709000,296.0,-40000.0,695000.0,3976.0,4.0,3.0,2398.0,1958.0,0.413,singleFamily,35,672750.0,2025,https://www.zillow.com,https://photos.zillowstatic.com/fp/f451168b32400e04ce7f46e472e35efe-p_c.jpg,2026-08-03 11:19,For Sale
462034543,3027 River Birch Dr,75253,Dallas,TX,32.65842,-96.654106,354900,157.0,-5000.0,354000.0,2681.0,4.0,3.0,2255.0,2026.0,10010.088,singleFamily,96,,,https://www.zillow.com,https://photos.zillowstatic.com/fp/79f311bc09f6d2901aaf0f2ff76e2bae-p_c.jpg,2026-08-03 11:19,For Sale
26754886,6517 Prestonshire Ln,75225,Dallas,TX,32.87606,-96.79282,4750000,626.0,-100000.0,4462500.0,21737.0,6.0,8.0,7584.0,2016.0,0.413,singleFamily,37,3800000.0,2025,https://www.zillow.com,https://photos.zillowstatic.com/fp/83e00841e87b5747d10438cd5f93507e-p_c.jpg,2026-08-03 11:19,For Sale
26915309,6319 Lake Bluff Dr,75249,Dallas,TX,32.645866,-96.96924,425900,160.0,-14100.0,420700.0,5312.0,4.0,3.0,2662.0,1989.0,8668.44,singleFamily,73,401520.0,2025,https://www.zillow.com,https://photos.zillowstatic.com/fp/14843502ca97761cfa25df5591962e6b-p_c.jpg,2026-08-03 11:19,For Sale
26746560,985 N Rustic Cir,75218,Dallas,TX,32.843822,-96.69904,525000,361.0,,498300.0,2468.0,3.0,2.0,1455.0,1954.0,0.268,singleFamily,10,560630.0,2025,https://www.zillow.com,https://photos.zillowstatic.com/fp/f1d97fee44d14ed7d1f7ce98c98f73e8-p_c.jpg,2026-08-03 11:19,For Sale
96532369,4718 Jamaica St,75210,Dallas,TX,32.778385,-96.74374,200000,157.0,,,1525.0,3.0,2.0,1272.0,2011.0,3789.72,singleFamily,33,198600.0,2025,https://www.zillow.com,https://photos.zillowstatic.com/fp/2e3ff2d4d8a07c8836e31a79541826f2-p_c.jpg,2026-08-03 11:19,For Sale
463650754,1904 McBroom St,75212,Dallas,TX,32.78237,-96.85047,785999,246.0,-13001.0,770900.0,4758.0,4.0,4.0,3200.0,2026.0,6141.96,singleFamily,30,,,https://www.zillow.com,https://photos.zillowstatic.com/fp/0110a4737654b219f2717f2d2973bd9d-p_c.jpg,2026-08-03 11:19,For Sale
26875510,7220 Canongate Dr,75248,Dallas,TX,32.97878,-96.78028,750000,336.0,,721100.0,4156.0,4.0,3.0,2232.0,1976.0,8276.4,singleFamily,5,598000.0,2025,https://www.zillow.com,https://photos.zillowstatic.com/fp/8ec08b39eaa336c461e0105e2599bee6-p_c.jpg,2026-08-03 11:19,For Sale
96535061,272 W Lawson Rd Trailer 231,75253,Dallas,TX,32.697445,-96.574326,109999,70.0,-24996.0,,2080.0,3.0,2.0,1568.0,2021.0,6500.0,manufactured,233,4940.0,2020,https://www.zillow.com,https://photos.zillowstatic.com/fp/f57312f0cebc99483a2e0e7e75d0cb0f-p_c.jpg,2026-08-03 11:19,For Sale
26787721,3611 Marsh Lane Pl,75220,Dallas,TX,32.87962,-96.85696,525000,209.0,-50000.0,,,3.0,3.0,2512.0,1953.0,10846.44,singleFamily,117,575000.0,2025,https://www.zillow.com,https://photos.zillowstatic.com/fp/acb7031a247e670b8196f34514758855-p_c.jpg,2026-08-03 11:19,For Sale
26897935,3009 State St,75204,Dallas,TX,32.79845,-96.796875,799000,356.0,,,,3.0,4.0,2247.0,1999.0,1481.04,townhome,2,690280.0,2025,https://www.zillow.com,https://photos.zillowstatic.com/fp/12ed15c1023bc64ecee67fc58122c5d7-p_c.jpg,2026-08-03 11:19,For Sale
26733960,3013 Emmett St,75211,Dallas,TX,32.7328,-96.87069,189900,148.0,-20000.0,,2208.0,4.0,2.0,1281.0,1942.0,7143.84,singleFamily,52,245660.0,2025,https://www.zillow.com,https://photos.zillowstatic.com/fp/ccd3ff84abb1ede9e716f0d4a2c4a155-p_c.jpg,2026-08-03 11:19,For Sale
60346601,13329 Southview Ln,75240,Dallas,TX,32.929558,-96.76768,275000,170.0,,,,3.0,2.0,1618.0,1968.0,4878.72,singleFamily,90,242430.0,2025,https://www.zillow.com,https://photos.zillowstatic.com/fp/d3f6a62f58a643135991119e237adf46-p_c.jpg,2026-08-03 11:19,For Sale
462787428,3193 & 3195 Stag Rd,75241,Dallas,TX,32.69554,-96.76238,685000,199.0,-15000.0,672500.0,2749.0,6.0,6.0,3440.0,2026.0,6882.48,multiFamily,65,,,https://www.zillow.com,https://photos.zillowstatic.com/fp/9c6a2122c5adca5037f39bbcd556103b-p_c.jpg,2026-08-03 11:19,For Sale
26702089,6917 Westlake Ave,75214,Dallas,TX,32.822666,-96.74067,1399000,710.0,,1339300.0,5270.0,3.0,2.0,1971.0,1927.0,8929.8,singleFamily,12,1181120.0,2025,https://www.zillow.com,https://photos.zillowstatic.com/fp/f17b58fbca2c484616d138475f381d9d-p_c.jpg,2026-08-03 11:19,For Sale
26752895,7124 Meadow Rd,75230,Dallas,TX,32.886986,-96.78161,1395000,378.0,,1335600.0,7439.0,4.0,4.0,3687.0,1969.0,0.293,singleFamily,12,969820.0,2025,https://www.zillow.com,https://photos.zillowstatic.com/fp/ef10f9aeadc1b405cc3cbecd296ec196-p_c.jpg,2026-08-03 11:19,For Sale
26758236,4347 Royal Ridge Dr,75229,Dallas,TX,32.889618,-96.83396,2349900,453.0,,921800.0,5029.0,5.0,6.0,5184.0,1968.0,0.329,singleFamily,3,972340.0,2025,https://www.zillow.com,https://photos.zillowstatic.com/fp/c0cc5a906ea41595e11cec8ccd9030db-p_c.jpg,2026-08-03 11:19,For Sale
26701757,6671 Gaston Ave,75214,Dallas,TX,32.8168,-96.74712,2750000,619.0,,2588700.0,7983.0,4.0,4.0,4446.0,1952.0,0.47600000000000003,singleFamily,17,2124880.0,2025,https://www.zillow.com,https://photos.zillowstatic.com/fp/9a6e1e0ae860a34f8aff8f83990fcd45-p_c.jpg,2026-08-03 11:19,For Sale
26904817,6218 Everglade Rd,75227,Dallas,TX,32.78552,-96.69694,370000,170.0,,365900.0,2681.0,4.0,3.0,2180.0,1998.0,6751.8,singleFamily,27,355880.0,2025,https://www.zillow.com,https://photos.zillowstatic.com/fp/fd92f91e0cfcf83e7ff7a635b6b2468b-p_c.jpg,2026-08-03 11:19,For Sale
26692834,4610 Christopher Pl,75204,Dallas,TX,32.81843,-96.79763,1850000,466.0,,1767100.0,5632.0,4.0,5.0,3967.0,1978.0,2613.6,townhome,2,1534300.0,2025,https://www.zillow.com,https://photos.zillowstatic.com/fp/4c30955d4a387511db3a2170665b7c5e-p_c.jpg,2026-08-03 11:19,For Sale
26756970,10920 Strait Ln,75229,Dallas,TX,32.898327,-96.82428,9750000,870.0,-249999.0,9112900.0,7133.0,6.0,10.0,11211.0,2025.0,0.721,singleFamily,95,9362840.0,2025,https://www.zillow.com,https://photos.zillowstatic.com/fp/20d0cf0eb60450b125fba124e6413651-p_c.jpg,2026-08-03 11:19,For Sale
26927701,4023 Wycliff Ave APT 204,75219,Dallas,TX,32.819965,-96.807594,275000,187.0,,263700.0,3158.0,3.0,2.0,1470.0,1965.0,0.263,condo,80,330000.0,2025,https://www.zillow.com,https://photos.zillowstatic.com/fp/feafb3b3e33f580f691b017c6d51886a-p_c.jpg,2026-08-03 11:19,For Sale
69677129,1122 Jackson St APT 709,75202,Dallas,TX,32.778316,-96.80129,275000,248.0,25001.0,224400.0,2123.0,1.0,1.0,1111.0,1925.0,0.984,condo,3,227760.0,2025,https://www.zillow.com,https://photos.zillowstatic.com/fp/311fedb097845313e9484e9f7b7dbb74-p_c.jpg,2026-08-03 11:19,For Sale
26650280,4911 Holly Tree Dr,75287,Dallas,TX,32.998802,-96.82175,1099000,243.0,,1048800.0,6719.0,4.0,5.0,4529.0,1994.0,0.26,singleFamily,4,1007623.0,2025,https://www.zillow.com,https://photos.zillowstatic.com/fp/43f7445dd3465c276ba8683e7f6e428f-p_c.jpg,2026-08-03 11:19,For Sale
26923615,3906 Buena Vista St Unit 18,75204,Dallas,TX,32.81189,-96.797264,579900,328.0,,553500.0,3556.0,2.0,3.0,1767.0,1983.0,0.966,condo,1,432920.0,2025,https://www.zillow.com,https://photos.zillowstatic.com/fp/902a8660b6df9731d4285d34ce3e1777-p_c.jpg,2026-08-03 11:19,For Sale
26749347,6405 Glennox Ln,75214,Dallas,TX,32.850258,-96.75257,685000,206.0,-10000.0,669500.0,5992.0,5.0,4.0,3330.0,1953.0,0.256,singleFamily,79,726710.0,2025,https://www.zillow.com,https://photos.zillowstatic.com/fp/f36a5073d75d9f6e012cf239716c3c4a-p_c.jpg,2026-08-03 11:19,For Sale
69676228,1872 Summit Ave,75206,Dallas,TX,32.81327,-96.772095,550000,378.0,,533500.0,3102.0,2.0,3.0,1454.0,2005.0,2439.36,singleFamily,23,575760.0,2025,https://www.zillow.com,https://photos.zillowstatic.com/fp/4db718f68a0f82c4f7c00428da4cbea8-p_c.jpg,2026-08-03 11:19,For Sale
26696962,5107 Denton Dr,75235,Dallas,TX,32.81803,-96.82786,469000,314.0,,447100.0,2899.0,3.0,2.0,1496.0,1926.0,8929.8,singleFamily,0,406110.0,2025,https://www.zillow.com,https://photos.zillowstatic.com/fp/2cd4770a8d8005a3db6efb4ed79a148d-p_c.jpg,2026-08-03 11:19,For Sale
26734267,4405 Wildwood Rd,75209,Dallas,TX,32.855816,-96.83644,6700000,949.0,,6322400.0,5159.0,6.0,9.0,7061.0,2026.0,0.4234,singleFamily,3,1254260.0,2025,https://www.zillow.com,https://photos.zillowstatic.com/fp/40dd81399133143cc4c573bb2d87afb8-p_c.jpg,2026-08-03 11:19,For Sale
26715598,2404 Maryland Ave,75216,Dallas,TX,32.718815,-96.81294,225000,188.0,-25000.0,,1874.0,2.0,2.0,1200.0,1925.0,7405.2,multiFamily,102,246000.0,2025,https://www.zillow.com,https://photos.zillowstatic.com/fp/6260a1ce53211b0b4d733c02dd60e959-p_c.jpg,2026-08-03 11:19,For Sale
26755002,6452 Walnut Hill Ln,75230,Dallas,TX,32.87963,-96.79444,3195000,510.0,,3052200.0,4234.0,5.0,7.0,6266.0,2026.0,0.362,singleFamily,2,630200.0,2025,https://www.zillow.com,https://photos.zillowstatic.com/fp/cecac340b004806117a8141114469e87-p_c.jpg,2026-08-03 11:19,For Sale
26701272,7015 Coronado Ave,75214,Dallas,TX,32.811996,-96.73766,950000,396.0,,902700.0,5993.0,3.0,3.0,2396.0,1945.0,7448.76,singleFamily,24,880820.0,2025,https://www.zillow.com,https://photos.zillowstatic.com/fp/e398d18a16cf881b0b0bf7b7563bf5bb-p_c.jpg,2026-08-03 11:19,For Sale
26693395,4310 Rawlins St,75219,Dallas,TX,32.816505,-96.81242,1450500,401.0,,1399900.0,6327.0,3.0,3.0,3616.0,1925.0,10062.36,singleFamily,15,1263090.0,2025,https://www.zillow.com,https://photos.zillowstatic.com/fp/fa54f45ee1d33aa4c7bfd49cdab6e3ce-p_c.jpg,2026-08-03 11:19,For Sale
26698911,3739 N Versailles Ave,75209,Dallas,TX,32.83079,-96.8217,3295000,629.0,,3055300.0,8790.0,5.0,6.0,5242.0,1992.0,8886.24,singleFamily,15,1870470.0,2025,https://www.zillow.com,https://photos.zillowstatic.com/fp/a499cb6ba881eb0d543f2fa183a89704-p_c.jpg,2026-08-03 11:19,For Sale
26695666,5606 Mercedes Ave,75206,Dallas,TX,32.828007,-96.7719,945000,529.0,,904400.0,4969.0,3.0,2.0,1788.0,1926.0,7797.24,singleFamily,31,878690.0,2025,https://www.zillow.com,https://photos.zillowstatic.com/fp/1c0f3f35264583788a7cab6693ef375c-p_c.jpg,2026-08-03 11:19,For Sale
26757998,5216 Palomar Ln,75229,Dallas,TX,32.889263,-96.81688,9950000,1053.0,,9255900.0,37480.0,6.0,9.0,9446.0,2022.0,1.13,singleFamily,20,6218000.0,2025,https://www.zillow.com,https://photos.zillowstatic.com/fp/f0ac659860e743efb2feecb2dcf7d9c7-p_c.jpg,2026-08-03 11:19,For Sale
26816503,307 N Masters Dr,75217,Dallas,TX,32.716213,-96.64885,129000,168.0,,145600.0,1421.0,2.0,1.0,768.0,1957.0,9191.16,singleFamily,0,101180.0,2025,https://www.zillow.com,https://photos.zillowstatic.com/fp/8f77ebade8281f13221f5401f5aa80af-p_c.jpg,2026-08-03 11:19,For Sale
27273838,3231 Renaissance Dr,75287,Dallas,TX,32.99613,-96.864975,365000,214.0,,357600.0,2371.0,3.0,3.0,1704.0,1991.0,4051.08,singleFamily,1,374000.0,2025,https://www.zillow.com,https://photos.zillowstatic.com/fp/be1667991e6de7679c672e6bb8bfee00-p_c.jpg,2026-08-03 11:19,For Sale
26767601,1650 E Elmore Ave,75216,Dallas,TX,32.717663,-96.79793,122000,113.0,,,1854.0,2.0,1.0,1080.0,1939.0,6316.0,singleFamily,36,202070.0,2025,https://www.zillow.com,https://www.zillowstatic.com/static/images/nophoto_p_c.png,2026-08-03 11:19,For Sale
26691221,2909 Lenway St,75215,Dallas,TX,32.76731,-96.763115,87000,104.0,-8000.0,,1345.0,2.0,1.0,836.0,1925.0,5501.628,singleFamily,60,108720.0,2025,https://www.zillow.com,https://photos.zillowstatic.com/fp/9f98a1855062aa8637fb90e450ca4712-p_c.jpg,2026-08-03 11:19,For Sale
26792555,3932 Valley Ridge Rd,75220,Dallas,TX,32.87688,-96.8473,1495000,348.0,-55000.0,1461800.0,4742.0,4.0,5.0,4294.0,2022.0,7056.72,singleFamily,117,1503210.0,2025,https://www.zillow.com,https://photos.zillowstatic.com/fp/9327affcb7b14b5909db2f62fb4ef8f7-p_c.jpg,2026-08-03 11:19,For Sale
26714609,1319 Galloway Ave,75216,Dallas,TX,32.736607,-96.80462,255000,216.0,,254500.0,1026.0,3.0,2.0,1182.0,1925.0,7100.28,singleFamily,4,197730.0,2025,https://www.zillow.com,https://photos.zillowstatic.com/fp/92ce494dcebe7ca2ba490dd27f9b12af-p_c.jpg,2026-08-03 11:19,For Sale
26872780,6626 Harvest Glen Dr,75248,Dallas,TX,32.950302,-96.79587,1029500,320.0,,988600.0,6185.0,4.0,4.0,3222.0,1977.0,0.344,singleFamily,10,1054580.0,2025,https://www.zillow.com,https://photos.zillowstatic.com/fp/553182401fe1803f0a34da96676c2e30-p_c.jpg,2026-08-03 11:19,For Sale
26681410,2416 Pennsylvania Ave,75215,Dallas,TX,32.76401,-96.77055,364900,175.0,-35000.0,362900.0,2803.0,3.0,3.0,2086.0,2026.0,3123.252,singleFamily,31,62000.0,2025,https://www.zillow.com,https://photos.zillowstatic.com/fp/fedf883caac79b2a0a9758f31478c35f-p_c.jpg,2026-08-03 11:19,For Sale
26740938,8915 Diceman Dr,75218,Dallas,TX,32.822384,-96.70603,550000,357.0,,533900.0,2865.0,3.0,2.0,1540.0,1939.0,7710.12,singleFamily,1,582450.0,2025,https://www.zillow.com,https://photos.zillowstatic.com/fp/4318561357f4e4070895a953a3e4f87a-p_c.jpg,2026-08-03 11:19,For Sale
26859880,13899 Brookgreen Dr,75240,Dallas,TX,32.93397,-96.764885,200000,156.0,,196800.0,2211.0,3.0,2.0,1280.0,1969.0,4181.76,townhome,9,274300.0,2025,https://www.zillow.com,https://photos.zillowstatic.com/fp/58b19151f7ffe36390d162d9556a931e-p_c.jpg,2026-08-03 11:19,For Sale
26808756,10810 Beauty Ln,75229,Dallas,TX,32.895687,-96.86429,575000,351.0,,552000.0,3219.0,3.0,3.0,1636.0,1958.0,10105.92,singleFamily,3,492270.0,2025,https://www.zillow.com,https://photos.zillowstatic.com/fp/94601c4fe97763009803fc3334256012-p_c.jpg,2026-08-03 11:19,For Sale
26694484,3626 Carpenter Ave,75210,Dallas,TX,32.7659,-96.74675,285000,364.0,,284300.0,1414.0,2.0,1.0,784.0,1951.0,9670.32,singleFamily,0,149460.0,2025,https://www.zillow.com,https://photos.zillowstatic.com/fp/d97f0519142400c4f8bf60ec45c49395-p_c.jpg,2026-08-03 11:19,For Sale
26778007,3275 S Edgefield Ave,75224,Dallas,TX,32.70868,-96.84406,235000,99.0,,224400.0,3310.0,4.0,3.0,2370.0,1954.0,0.257,singleFamily,10,282510.0,2025,https://www.zillow.com,https://photos.zillowstatic.com/fp/2ec335359c7a72542eab68c491f017b2-p_c.jpg,2026-08-03 11:19,For Sale
162297641,3650 Rickshaw Dr,75229,Dallas,TX,32.88109,-96.85892,1075000,163.0,,1042800.0,1721.0,12.0,8.0,6608.0,1969.0,10018.8,multiFamily,2,882340.0,2025,https://www.zillow.com,https://photos.zillowstatic.com/fp/470207676441d7d2f021e74ab594e1a9-p_c.jpg,2026-08-03 11:19,For Sale
26586585,5023 Spyglass Dr,75287,Dallas,TX,32.991024,-96.82112,1199900,306.0,,1168000.0,6088.0,5.0,5.0,3923.0,1985.0,0.27999999999999997,singleFamily,37,1056862.0,2025,https://www.zillow.com,https://photos.zillowstatic.com/fp/4d0515aaaee5da6d516cb174bdab5cca-p_c.jpg,2026-08-03 11:19,For Sale
26758315,10747 Bushire Dr,75229,Dallas,TX,32.89348,-96.83389,1900000,592.0,,1789200.0,6519.0,4.0,4.0,3208.0,1969.0,0.41700000000000004,singleFamily,8,1181890.0,2025,https://www.zillow.com,https://photos.zillowstatic.com/fp/4d0576c4a98157a59aed1a95c0e0b41a-p_c.jpg,2026-08-03 11:19,For Sale
26769758,1631 Western Park Ct,75211,Dallas,TX,32.72781,-96.89976,294500,219.0,,285900.0,1844.0,3.0,2.0,1344.0,1964.0,5183.64,singleFamily,4,220990.0,2025,https://www.zillow.com,https://photos.zillowstatic.com/fp/64154cab48c5ff2b8e39c38d30b77913-p_c.jpg,2026-08-03 11:19,For Sale
26851912,13443 Purple Sage Rd,75240,Dallas,TX,32.931225,-96.7755,525000,282.0,,434100.0,2940.0,3.0,2.0,1861.0,1970.0,9191.16,singleFamily,2,406890.0,2025,https://www.zillow.com,https://photos.zillowstatic.com/fp/82a745b43a8f7ed65f6b89ef09298455-p_c.jpg,2026-08-03 11:19,For Sale
26767111,2319 Kathleen Ave,75216,Dallas,TX,32.705616,-96.790436,110000,122.0,-5000.0,,1565.0,3.0,1.0,904.0,1948.0,5924.16,singleFamily,100,167190.0,2025,https://www.zillow.com,https://photos.zillowstatic.com/fp/1ed857364c42c34f4a417389badd9ba8-p_c.jpg,2026-08-03 11:19,For Sale
96536144,8820 Eustis Ave,75218,Dallas,TX,32.817764,-96.70191,750000,644.0,,717100.0,2189.0,2.0,2.0,1164.0,2012.0,0.26,singleFamily,4,604480.0,2025,https://www.zillow.com,https://photos.zillowstatic.com/fp/3adc28ea613dbcd7ba0b4271dfbfc20f-p_c.jpg,2026-08-03 11:19,For Sale
26808630,3305 Dothan Ln,75229,Dallas,TX,32.898132,-96.86761,649000,354.0,,623600.0,3299.0,4.0,2.0,1831.0,1961.0,10149.48,singleFamily,8,556860.0,2025,https://www.zillow.com,https://photos.zillowstatic.com/fp/c225bdab8ba642ecee893bc56ba1addf-p_c.jpg,2026-08-03 11:19,For Sale
26891176,7410 Boisenberry Ln,75249,Dallas,TX,32.645645,-96.95113,285000,117.0,,281600.0,2793.0,4.0,3.0,2435.0,1981.0,7710.12,singleFamily,1,318010.0,2025,https://www.zillow.com,https://photos.zillowstatic.com/fp/05e84fc718b2ffe22589eac2626dda3b-p_c.jpg,2026-08-03 11:19,For Sale
26883459,11926 Leisure Dr,75243,Dallas,TX,32.911163,-96.71145,175000,118.0,-9900.0,168600.0,2136.0,3.0,3.0,1478.0,1974.0,2613.6,townhome,46,237900.0,2025,https://www.zillow.com,https://photos.zillowstatic.com/fp/bb78898cd61d739bace1d102375e5263-p_c.jpg,2026-08-03 11:19,For Sale
26908494,10316 Ridge Oak St,75227,Dallas,TX,32.754658,-96.645386,175000,153.0,-4500.0,171300.0,1625.0,2.0,2.0,1143.0,1985.0,4225.32,singleFamily,67,183090.0,2025,https://www.zillow.com,https://photos.zillowstatic.com/fp/08ac9a9cb15c30dec60f1923d39d20ce-p_c.jpg,2026-08-03 11:19,For Sale
27338485,2711 Van Gogh Pl,75287,Dallas,TX,33.00472,-96.8632,375000,213.0,,,,3.0,3.0,1757.0,1984.0,4486.68,singleFamily,25,357741.0,2025,https://www.zillow.com,https://photos.zillowstatic.com/fp/3cff9371d7ac95072c4d53b288a7f7ee-p_c.jpg,2026-08-03 11:19,For Sale
26848714,6620 Clubhouse Cir,75240,Dallas,TX,32.928497,-96.793976,1400000,317.0,,1325100.0,4822.0,4.0,4.0,4419.0,1980.0,0.45999999999999996,singleFamily,6,1028140.0,2025,https://www.zillow.com,https://photos.zillowstatic.com/fp/0a06daf247693fa28665b642c626517f-p_c.jpg,2026-08-03 11:19,For Sale
26756446,6466 Royal Ln,75230,Dallas,TX,32.89444,-96.7937,3200000,537.0,,3083400.0,5790.0,5.0,8.0,5954.0,2026.0,0.3673,singleFamily,7,2181970.0,2025,https://www.zillow.com,https://photos.zillowstatic.com/fp/72faded10d6c59d614b428e0d68a2d55-p_c.jpg,2026-08-03 11:19,For Sale
26867492,7151 Cosgrove Dr,75231,Dallas,TX,32.877773,-96.7387,1195000,447.0,,1136700.0,3955.0,4.0,3.0,2673.0,1974.0,9060.48,singleFamily,9,768060.0,2025,https://www.zillow.com,https://photos.zillowstatic.com/fp/776fcadf95d3ba62e76b5e3c20723987-p_c.jpg,2026-08-03 11:19,For Sale
26760618,5638 Greenbrier Dr,75209,Dallas,TX,32.857662,-96.81579,3599000,806.0,,,,4.0,5.0,4465.0,2006.0,0.29200000000000004,singleFamily,0,2242850.0,2025,https://www.zillow.com,https://photos.zillowstatic.com/fp/7d00d765bc7f5b7f8afad9be0084cb0a-p_c.jpg,2026-08-03 11:19,For Sale
26706130,6534 Winton St,75214,Dallas,TX,32.834972,-96.74839,999500,528.0,,,,3.0,2.0,1892.0,1951.0,7840.8,singleFamily,6,915780.0,2025,https://www.zillow.com,https://photos.zillowstatic.com/fp/532817a19122c7bc656b886753b85e72-p_c.jpg,2026-08-03 11:19,For Sale
26864854,10148 Dentport Dr,75238,Dallas,TX,32.880157,-96.70981,1125000,347.0,,,,5.0,4.0,3242.0,1967.0,10018.8,singleFamily,16,688000.0,2025,https://www.zillow.com,https://photos.zillowstatic.com/fp/1c9a4ab70df61bfd296f93c1e1d3b5c9-p_c.jpg,2026-08-03 11:19,For Sale
26850712,707 Bondstone Dr,75218,Dallas,TX,32.85229,-96.70435,825000,332.0,-39000.0,799500.0,4294.0,3.0,2.0,2488.0,1962.0,0.302,singleFamily,47,875000.0,2025,https://www.zillow.com,https://photos.zillowstatic.com/fp/58c7d81253729e9ccde613e94e8ce432-p_c.jpg,2026-08-03 11:19,For Sale
26758119,4700 Dorset Rd,75229,Dallas,TX,32.883846,-96.82762,9450000,719.0,-547000.0,8443000.0,7483.0,5.0,8.0,13151.0,1951.0,1.187,singleFamily,180,6546810.0,2025,https://www.zillow.com,https://photos.zillowstatic.com/fp/286151bdb61010284183c163c85e2c3c-p_c.jpg,2026-08-03 11:19,For Sale
26806508,10564 Cox Ln,75229,Dallas,TX,32.891514,-96.85379,1399000,474.0,,,,4.0,4.0,2950.0,1972.0,0.3,singleFamily,35,1114010.0,2025,https://www.zillow.com,https://photos.zillowstatic.com/fp/9b8e0d1f025453fa64b830ffa39193bd-p_c.jpg,2026-08-03 11:19,For Sale
26882562,13052 Fall Manor Dr,75243,Dallas,TX,32.92621,-96.712944,479795,183.0,-5000.0,475600.0,3794.0,4.0,3.0,2619.0,1979.0,0.252,singleFamily,45,478820.0,2025,https://www.zillow.com,https://photos.zillowstatic.com/fp/a0577111af8f2bbf085f8cd36b9a9bb1-p_c.jpg,2026-08-03 11:19,For Sale
26874944,15816 El Estado Dr,75248,Dallas,TX,32.96416,-96.77137,467000,144.0,,468300.0,1929.0,6.0,4.0,3244.0,1969.0,9191.16,multiFamily,4,516730.0,2025,https://www.zillow.com,https://photos.zillowstatic.com/fp/4ea3718e60cd48bd27b3ea3272609768-p_c.jpg,2026-08-03 11:19,For Sale
26808871,3475 Royal Ln,75229,Dallas,TX,32.895477,-96.862526,1649000,288.0,,1600800.0,7455.0,5.0,7.0,5735.0,2026.0,0.254,singleFamily,3,225000.0,2025,https://www.zillow.com,https://photos.zillowstatic.com/fp/a3240ad370a261ec924bd3f659e52f80-p_c.jpg,2026-08-03 11:19,For Sale
26813134,3326 High Lark Dr,75234,Dallas,TX,32.91042,-96.86588,225000,164.0,,320700.0,2380.0,3.0,2.0,1372.0,1961.0,7927.92,singleFamily,0,255250.0,2025,https://www.zillow.com,https://www.zillowstatic.com/static/images/nophoto_p_c.png,2026-08-03 11:19,For Sale
26876680,5909 Club Hill Pl,75248,Dallas,TX,32.98529,-96.81676,1349444,336.0,,1287800.0,5935.0,3.0,4.0,4015.0,1985.0,4617.36,singleFamily,3,1658730.0,2025,https://www.zillow.com,https://photos.zillowstatic.com/fp/7505402d7f726cafcb6eb5389a60f077-p_c.jpg,2026-08-03 11:19,For Sale
26767735,2641 Almeda Dr,75216,Dallas,TX,32.71614,-96.79649,150000,105.0,,147600.0,1745.0,2.0,2.0,1424.0,1938.0,6446.88,singleFamily,2,195180.0,2025,https://www.zillow.com,https://photos.zillowstatic.com/fp/d18e69468a7c377412b52ec8c8af9caa-p_c.jpg,2026-08-03 11:19,For Sale
26811585,10560 Channel Dr,75229,Dallas,TX,32.891445,-96.87913,275000,198.0,,,,3.0,2.0,1386.0,1955.0,7623.0,singleFamily,11,310070.0,2025,https://www.zillow.com,https://photos.zillowstatic.com/fp/c1f71d038cbd275335c0f4c7e844609d-p_c.jpg,2026-08-03 11:19,For Sale
26869293,9615 Millridge Dr,75243,Dallas,TX,32.90484,-96.729965,635000,258.0,,615100.0,5518.0,4.0,3.0,2460.0,1970.0,8755.56,singleFamily,14,605190.0,2025,https://www.zillow.com,https://photos.zillowstatic.com/fp/5178aa5e9af2c73f495cd330d83b9bb3-p_c.jpg,2026-08-03 11:19,For Sale
26709762,218 N Rosemont Ave,75208,Dallas,TX,32.747173,-96.84747,499900,260.0,,474800.0,3114.0,3.0,2.0,1921.0,1925.0,7318.08,singleFamily,16,454000.0,2025,https://www.zillow.com,https://photos.zillowstatic.com/fp/75c20363b6a40f26452d7efef7a69685-p_c.jpg,2026-08-03 11:19,For Sale
96492086,6634 Cool Morn Dr,75241,Dallas,TX,32.659355,-96.76216,239000,168.0,,237500.0,1894.0,3.0,2.0,1424.0,2013.0,6272.64,singleFamily,11,255520.0,2025,https://www.zillow.com,https://photos.zillowstatic.com/fp/7cb65ce02be31200bcd0ede3fafa6903-p_c.jpg,2026-08-03 11:19,For Sale
26807256,3579 Flaxley Dr,75229,Dallas,TX,32.887142,-96.85936,1795000,401.0,-55000.0,1749600.0,7051.0,5.0,6.0,4475.0,2026.0,0.304,singleFamily,100,496700.0,2025,https://www.zillow.com,https://photos.zillowstatic.com/fp/e8bbfa13eb6eb1850f78e66eeb4d7c97-p_c.jpg,2026-08-03 11:19,For Sale
26931894,9837 Walnut St #207,75243,Dallas,TX,32.922836,-96.71392,125000,121.0,,120900.0,1577.0,2.0,2.0,1031.0,2018.0,8.814,condo,37,123720.0,2025,https://www.zillow.com,https://photos.zillowstatic.com/fp/e8c0329742b664bdf9ca86bb92306687-p_c.jpg,2026-08-03 11:19,For Sale
26706213,6625 Bob O Link Dr,75214,Dallas,TX,32.831596,-96.745895,2875000,702.0,,,,4.0,3.0,4098.0,1949.0,0.335,singleFamily,24,1900230.0,2025,https://www.zillow.com,https://photos.zillowstatic.com/fp/5df7519a31cdb0116a65f83fc6d1f5c8-p_c.jpg,2026-08-03 11:19,For Sale
26698938,3917 Fairfax Ave,75209,Dallas,TX,32.833275,-96.82062,1395000,404.0,,1327800.0,6313.0,4.0,4.0,3449.0,1953.0,0.254,singleFamily,16,1446640.0,2025,https://www.zillow.com,https://photos.zillowstatic.com/fp/d3648a677423bb52198ae25165e0a515-p_c.jpg,2026-08-03 11:19,For Sale
26678465,5020 Junius St,75214,Dallas,TX,32.80122,-96.76551,700000,272.0,,678200.0,3744.0,3.0,3.0,2577.0,1913.0,6664.68,singleFamily,4,765800.0,2025,https://www.zillow.com,https://photos.zillowstatic.com/fp/3c1bfafcff6cf03878aef5ccf8d4620d-p_c.jpg,2026-08-03 11:19,For Sale
27298891,17909 Brent Dr,75287,Dallas,TX,32.994884,-96.862274,474999,192.0,-15000.0,,,4.0,3.0,2470.0,1998.0,5967.72,singleFamily,129,481274.0,2025,https://www.zillow.com,https://photos.zillowstatic.com/fp/b3377790a924d54845f85ee4c527332a-p_c.jpg,2026-08-03 11:19,For Sale
26873323,7441 Whispering Pines Dr,75248,Dallas,TX,32.968067,-96.778824,650000,283.0,,627200.0,5124.0,4.0,3.0,2296.0,1971.0,0.304,singleFamily,3,580680.0,2025,https://www.zillow.com,https://photos.zillowstatic.com/fp/093a612a4c4c9ea5fb3b071d222dc7a2-p_c.jpg,2026-08-03 11:19,For Sale
26748012,5833 E University Blvd APT A,75206,Dallas,TX,32.84608,-96.76671,264800,198.0,,222700.0,2283.0,3.0,2.0,1338.0,1964.0,3.854,condo,3,265000.0,2025,https://www.zillow.com,https://photos.zillowstatic.com/fp/3326b9cf6ed23ae1355b66830509ba3c-p_c.jpg,2026-08-03 11:19,For Sale
26690377,5629 Miller Ave,75206,Dallas,TX,32.821613,-96.770996,1949900,526.0,,685300.0,2981.0,4.0,5.0,3710.0,2026.0,8015.04,singleFamily,4,638590.0,2025,https://www.zillow.com,https://photos.zillowstatic.com/fp/33421e8c3f5155c7180e64d6e5c6820d-p_c.jpg,2026-08-03 11:19,For Sale
26736375,3819 Wemdon Dr,75220,Dallas,TX,32.86563,-96.85217,1300000,267.0,,1274900.0,6066.0,6.0,8.0,4870.0,2024.0,9321.84,singleFamily,17,1605800.0,2025,https://www.zillow.com,https://photos.zillowstatic.com/fp/7a5f48f0b4fe34073f43f01f11cc250f-p_c.jpg,2026-08-03 11:19,For Sale
26872847,6038 Blue Mist Ln,75248,Dallas,TX,32.975388,-96.80104,624999,307.0,,603000.0,2949.0,3.0,2.0,2038.0,1979.0,8929.8,singleFamily,3,536810.0,2025,https://www.zillow.com,https://photos.zillowstatic.com/fp/60a226c63c8b67712184ea8a9df4c49e-p_c.jpg,2026-08-03 11:19,For Sale
26887274,6505 Laurel Valley Rd,75248,Dallas,TX,32.96689,-96.79593,899900,335.0,,857500.0,3969.0,3.0,3.0,2684.0,1979.0,6141.96,singleFamily,3,888260.0,2025,https://www.zillow.com,https://photos.zillowstatic.com/fp/33cd837d5614f3b483b2c338ec33d0f7-p_c.jpg,2026-08-03 11:19,For Sale
26702047,6933 Delrose Dr,75214,Dallas,TX,32.825703,-96.7398,2790000,728.0,,2630000.0,7419.0,4.0,4.0,3835.0,1979.0,0.49599999999999994,singleFamily,52,1850080.0,2025,https://www.zillow.com,https://photos.zillowstatic.com/fp/3c7540458c0312d1b9882ec9d9a38e1b-p_c.jpg,2026-08-03 11:19,For Sale
26688812,4305 Canal St,75210,Dallas,TX,32.774113,-96.746,125000,78.0,,,1883.0,4.0,2.0,1600.0,1954.0,7753.68,singleFamily,16,161480.0,2025,https://www.zillow.com,https://photos.zillowstatic.com/fp/08d4bc5c3b5325f155327450507f31ab-p_c.jpg,2026-08-03 11:19,For Sale
26903486,6103 Aberdeen Ave,75230,Dallas,TX,32.882557,-96.801414,5695000,999.0,,5332500.0,8363.0,4.0,7.0,5700.0,2026.0,0.35600000000000004,singleFamily,61,2502990.0,2025,https://www.zillow.com,https://photos.zillowstatic.com/fp/a508c0c472ce76b65252713f92f3c64f-p_c.jpg,2026-08-03 11:19,For Sale
457288736,6345 Bandera Ave,75225,Dallas,TX,32.867783,-96.79666,299000,182.0,,285600.0,3168.0,2.0,2.0,1641.0,1961.0,0.9,condo,1,,,https://www.zillow.com,https://photos.zillowstatic.com/fp/317cff6372c876ff9e8c0ef43ed62ffc-p_c.jpg,2026-08-03 11:19,For Sale
26748957,6050 Melody Ln APT 107,75231,Dallas,TX,32.867275,-96.76023,110000,98.0,-4500.0,,1371.0,2.0,2.0,1127.0,1979.0,,condo,409,150990.0,2025,https://www.zillow.com,https://photos.zillowstatic.com/fp/2a5b64d7e2042cb2b38da9bdf10acd8e-p_c.jpg,2026-08-03 11:19,For Sale
26697311,5318 Denton Dr,75235,Dallas,TX,32.82033,-96.82966,895000,378.0,,860300.0,4541.0,3.0,3.0,2365.0,1999.0,7579.44,singleFamily,23,678430.0,2025,https://www.zillow.com,https://photos.zillowstatic.com/fp/f9a81c10f8db4a31caf200d294312b25-p_c.jpg,2026-08-03 11:19,For Sale
26804625,12042 Shirestone Ln,75244,Dallas,TX,32.91352,-96.822,2149000,535.0,,2000200.0,5833.0,5.0,5.0,4020.0,1975.0,0.369,singleFamily,3,863320.0,2025,https://www.zillow.com,https://photos.zillowstatic.com/fp/0077a42728218b294bf1aaa861634b55-p_c.jpg,2026-08-03 11:19,For Sale
26690193,5818 Vickery Blvd,75206,Dallas,TX,32.8227,-96.76711,830000,490.0,,803900.0,3084.0,3.0,3.0,1694.0,1930.0,7013.16,singleFamily,11,740840.0,2025,https://www.zillow.com,https://photos.zillowstatic.com/fp/a0beaf8c65db81227e15de3916e713f7-p_c.jpg,2026-08-03 11:19,For Sale
26896925,2210 Ben Hur St,75253,Dallas,TX,32.676193,-96.61515,115000,106.0,,,1535.0,3.0,1.0,1080.0,1950.0,7409.556,singleFamily,24,194790.0,2025,https://www.zillow.com,https://photos.zillowstatic.com/fp/eccd4c2dba13c1f6b11d5b877097c4f6-p_c.jpg,2026-08-03 11:19,For Sale
26732500,2217 52nd St,75216,Dallas,TX,32.69081,-96.78857,249000,145.0,-6000.0,,2118.0,3.0,2.0,1712.0,1960.0,8232.84,singleFamily,55,234420.0,2025,https://www.zillow.com,https://photos.zillowstatic.com/fp/bab4aed9ac9dd51aa0a1798f7380b796-p_c.jpg,2026-08-03 11:19,For Sale
26841718,2633 Inadale Ave,75228,Dallas,TX,32.817135,-96.66951,299900,114.0,,307500.0,2530.0,3.0,2.0,2621.0,1957.0,8102.16,singleFamily,3,336970.0,2025,https://www.zillow.com,https://photos.zillowstatic.com/fp/750400407098c234e9dbc40df2b16fc1-p_c.jpg,2026-08-03 11:19,For Sale
333139714,419 W Colorado Blvd,75208,Dallas,TX,32.759697,-96.82812,2495000,512.0,-4000.0,2397500.0,7975.0,4.0,6.0,4871.0,2025.0,7971.48,singleFamily,116,1411780.0,2025,https://www.zillow.com,https://photos.zillowstatic.com/fp/9b3de37d8c277688aa042d2ee06468a3-p_c.jpg,2026-08-03 11:19,For Sale
26864825,10115 Chesterton Dr,75238,Dallas,TX,32.88151,-96.71128,1100000,327.0,,1044500.0,3867.0,4.0,3.0,3365.0,1967.0,10018.8,singleFamily,2,610540.0,2025,https://www.zillow.com,https://photos.zillowstatic.com/fp/bfdaaa8c8bbb7a0255ce1c5dc3a992f3-p_c.jpg,2026-08-03 11:19,For Sale
26867775,7118 Winedale Dr,75231,Dallas,TX,32.878723,-96.73964,849900,294.0,,818800.0,4380.0,4.0,3.0,2887.0,1976.0,8886.24,singleFamily,2,868720.0,2025,https://www.zillow.com,https://photos.zillowstatic.com/fp/c7ae5a415040235ca68e6571ee3b668a-p_c.jpg,2026-08-03 11:19,For Sale
26935358,5981 Arapaho Rd APT 1304,75248,Dallas,TX,32.96166,-96.80781,229900,221.0,-10000.0,226200.0,1400.0,2.0,2.0,1038.0,1980.0,6.389,condo,11,225410.0,2025,https://www.zillow.com,https://photos.zillowstatic.com/fp/1dee118aed69cc8805365528c7575a50-p_c.jpg,2026-08-03 11:19,For Sale
464253061,5320 Reiger Ave #107,75214,Dallas,TX,32.799812,-96.75968,389900,270.0,,,,2.0,3.0,1442.0,2025.0,0.265,condo,3,,,https://www.zillow.com,https://photos.zillowstatic.com/fp/c0d6a97ddbeea98b71f75f79341d975a-p_c.jpg,2026-08-03 11:19,For Sale
26752772,7117 Mimosa Ln,75230,Dallas,TX,32.88373,-96.78175,1595000,509.0,,1516600.0,6672.0,4.0,4.0,3132.0,1964.0,0.306,singleFamily,4,1080000.0,2025,https://www.zillow.com,https://photos.zillowstatic.com/fp/632f8e74a4ba3922d9ef2453aab603be-p_c.jpg,2026-08-03 11:19,For Sale
162169838,601 Cristler Ave,75223,Dallas,TX,32.802513,-96.7469,299000,145.0,-26000.0,,2055.0,4.0,3.0,2060.0,1922.0,7143.84,multiFamily,86,419230.0,2025,https://www.zillow.com,https://photos.zillowstatic.com/fp/180911ff5bc2b832485f93a3c05820c2-p_c.jpg,2026-08-03 11:19,For Sale
67964599,1505 Elm St APT 404,75201,Dallas,TX,32.78161,-96.79958,169999,129.0,-10000.0,166600.0,3033.0,1.0,2.0,1322.0,1957.0,10018.8,condo,12,230000.0,2025,https://www.zillow.com,https://photos.zillowstatic.com/fp/4807975b2953934de4f890ada3fdbada-p_c.jpg,2026-08-03 11:19,For Sale
26801105,8752 Woodcastle Dr,75217,Dallas,TX,32.73479,-96.66835,180000,152.0,-19000.0,177600.0,1820.0,3.0,2.0,1182.0,1949.0,8755.56,singleFamily,85,225730.0,2025,https://www.zillow.com,https://photos.zillowstatic.com/fp/71eea6337ea22bfac07a52c816c5b3d2-p_c.jpg,2026-08-03 11:19,For Sale
26752893,7210 Meadow Rd,75230,Dallas,TX,32.88698,-96.78103,1095000,324.0,,1073900.0,7188.0,4.0,4.0,3377.0,1969.0,0.298,singleFamily,18,895000.0,2025,https://www.zillow.com,https://photos.zillowstatic.com/fp/c4a6281b0c3a3823c911eac380a69e04-p_c.jpg,2026-08-03 11:19,For Sale
26875803,16814 Deer Park Dr,75248,Dallas,TX,32.980206,-96.79117,800000,311.0,,,,4.0,3.0,2574.0,1974.0,10454.4,singleFamily,16,753870.0,2025,https://www.zillow.com,https://photos.zillowstatic.com/fp/4b882f2306928a88bd2cce05f091bcd8-p_c.jpg,2026-08-03 11:19,For Sale
80237224,9030 Diceman Dr,75218,Dallas,TX,32.823463,-96.70384,1179000,368.0,,1122000.0,6738.0,4.0,5.0,3200.0,2006.0,9147.6,singleFamily,3,650000.0,2025,https://www.zillow.com,https://photos.zillowstatic.com/fp/ce0f5a87752af63f862a18a996deba99-p_c.jpg,2026-08-03 11:19,For Sale
26803577,5829 Northmoor Dr,75230,Dallas,TX,32.908752,-96.80784,4495000,622.0,,,3414.0,5.0,7.0,7231.0,2026.0,0.367,singleFamily,4,900000.0,2025,https://www.zillow.com,https://photos.zillowstatic.com/fp/449f764641039140324ebf931d0b4865-p_c.jpg,2026-08-03 11:19,For Sale
162224612,4130 Cochran Chapel Rd,75209,Dallas,TX,32.860207,-96.84044,9150000,1018.0,,,,5.0,8.0,8984.0,2002.0,3.38,singleFamily,148,6872000.0,2025,https://www.zillow.com,https://photos.zillowstatic.com/fp/9974a556fdec25115f607399b11c6488-p_c.jpg,2026-08-03 11:19,For Sale
26901389,5335 Bent Tree Forest Dr APT 119,75248,Dallas,TX,32.965923,-96.81654,124900,160.0,-20000.0,,1372.0,1.0,2.0,783.0,1981.0,8.766,singleFamily,135,198790.0,2025,https://www.zillow.com,https://photos.zillowstatic.com/fp/8e2c10f78e61b15e14f30ae8f931eff1-p_c.jpg,2026-08-03 11:19,For Sale
26893721,7001 Kingshollow Dr,75248,Dallas,TX,32.967854,-96.78662,999990,314.0,-25010.0,972500.0,5488.0,4.0,4.0,3181.0,1978.0,0.338,singleFamily,79,942630.0,2025,https://www.zillow.com,https://photos.zillowstatic.com/fp/1a8767bd07ff3f69113b5b573530ff4d-p_c.jpg,2026-08-03 11:19,For Sale
444242369,8181 Douglas Ave #Penthouse 9-12,75225,Dallas,TX,32.86198,-96.80891,17500000,1228.0,,,,5.0,13.0,14250.0,1982.0,0.4255,condo,92,,,https://www.zillow.com,https://photos.zillowstatic.com/fp/740a8ec79973c1a2fb3483c4cdf6d421-p_c.jpg,2026-08-03 11:19,For Sale
96514370,2418 Merlin St,75215,Dallas,TX,32.77463,-96.77442,299900,180.0,14900.0,299500.0,2454.0,3.0,3.0,1669.0,2025.0,,singleFamily,380,90000.0,2025,https://www.zillow.com,https://photos.zillowstatic.com/fp/91b90021b7264137b0710455580e2b4f-p_c.jpg,2026-08-03 11:19,For Sale
26717089,1314 Arborvitae Ave,75224,Dallas,TX,32.730717,-96.823456,314999,219.0,,,2443.0,3.0,2.0,1441.0,1945.0,7318.08,singleFamily,2,148690.0,2021,https://www.zillow.com,https://photos.zillowstatic.com/fp/5d5bc2e4ca6fffb04b8df69875eff7a7-p_c.jpg,2026-08-03 11:19,For Sale
26759576,5036 Radbrook Pl,75220,Dallas,TX,32.867332,-96.82502,5995000,708.0,,5939400.0,31286.0,6.0,6.0,8462.0,2015.0,1.08,singleFamily,44,5077000.0,2025,https://www.zillow.com,https://photos.zillowstatic.com/fp/e79327d8aad385ed588ac32212b12973-p_c.jpg,2026-08-03 11:19,For Sale
26869733,9108 Clayco Dr,75243,Dallas,TX,32.90518,-96.74394,950000,245.0,,,,4.0,3.0,3880.0,1978.0,9561.42,singleFamily,5,764120.0,2025,https://www.zillow.com,https://photos.zillowstatic.com/fp/1a6594a8958a6075070c5a2785bf6b6b-p_c.jpg,2026-08-03 11:19,For Sale
26706498,6522 McCommas Blvd,75214,Dallas,TX,32.828957,-96.748436,1199000,430.0,-46000.0,,,3.0,3.0,2787.0,1979.0,10672.2,singleFamily,24,1187370.0,2025,https://www.zillow.com,https://photos.zillowstatic.com/fp/59ad570f1aeef93250c02a70dd7e5c52-p_c.jpg,2026-08-03 11:19,For Sale
26850602,8211 Lullwater Dr,75218,Dallas,TX,32.860245,-96.70221,474900,198.0,,458800.0,1755.0,4.0,4.0,2394.0,1968.0,9670.32,multiFamily,2,525440.0,2025,https://www.zillow.com,https://photos.zillowstatic.com/fp/4fd11e5ab1dc7aba584aa6ca29d74bb9-p_c.jpg,2026-08-03 11:19,For Sale
26727922,2631 Alco Ave,75211,Dallas,TX,32.747105,-96.86168,467000,343.0,,455300.0,2669.0,2.0,1.0,1360.0,1943.0,6969.6,singleFamily,38,368470.0,2025,https://www.zillow.com,https://photos.zillowstatic.com/fp/5d2b4f34c12b3805dca0a2e847c3687c-p_c.jpg,2026-08-03 11:19,For Sale
26686496,3523 Edgewood St,75215,Dallas,TX,32.760727,-96.76876,120000,100.0,,,,4.0,3.0,1200.0,1935.0,5662.8,singleFamily,57,119860.0,2025,https://www.zillow.com,https://photos.zillowstatic.com/fp/366167a2e259473402d82a8317cd91dc-p_c.jpg,2026-08-03 11:19,For Sale
96495861,6342 Teague Dr,75241,Dallas,TX,32.66817,-96.77901,279999,158.0,,279100.0,2385.0,3.0,2.0,1774.0,2023.0,7274.52,singleFamily,0,351210.0,2025,https://www.zillow.com,https://photos.zillowstatic.com/fp/f87b90f958e061c3f9a9eda2c036a38b-p_c.jpg,2026-08-03 11:19,For Sale
26586072,4208 Bretton Bay Cir,75287,Dallas,TX,32.99047,-96.83813,699995,188.0,-8005.0,687100.0,6501.0,5.0,5.0,3731.0,1978.0,0.29,singleFamily,102,854163.0,2025,https://www.zillow.com,https://photos.zillowstatic.com/fp/0d1b05968138dd2efb376093cef5f2a7-p_c.jpg,2026-08-03 11:19,For Sale
26911661,13251 Pandora Dr,75238,Dallas,TX,32.87431,-96.690414,299999,189.0,-15001.0,,,3.0,3.0,1589.0,1984.0,1132.56,singleFamily,88,454600.0,2025,https://www.zillow.com,https://photos.zillowstatic.com/fp/860080ae8f9015147105f162ca10eef6-p_c.jpg,2026-08-03 11:19,For Sale
26745379,2816 Encino Dr,75228,Dallas,TX,32.847054,-96.667,200000,163.0,-9900.0,,,3.0,1.0,1224.0,1953.0,8058.6,singleFamily,93,184820.0,2025,https://www.zillow.com,https://photos.zillowstatic.com/fp/fa5dc37c4a9f43da0f8c9783a6844473-p_c.jpg,2026-08-03 11:19,For Sale
26782706,1833 Deer Path Dr,75216,Dallas,TX,32.711143,-96.76864,170000,139.0,,,1948.0,4.0,2.0,1220.0,1949.0,7503.0,singleFamily,33,90000.0,2025,https://www.zillow.com,https://photos.zillowstatic.com/fp/26d5d33509319c19775886d404a018eb-p_c.jpg,2026-08-03 11:19,For Sale
336886774,1747 Leonard St Suite 2601,75201,Dallas,TX,32.78981,-96.79704,17500000,2276.0,,,,4.0,6.0,7688.0,2025.0,0.8300000000000001,condo,488,6334910.0,2025,https://www.zillow.com,https://photos.zillowstatic.com/fp/d7655d47504514c98f614924aa534bc7-p_c.jpg,2026-08-03 11:19,For Sale
26871596,7308 Tangleglen Dr,75248,Dallas,TX,32.951824,-96.781136,2399999,499.0,,2327000.0,7875.0,5.0,6.0,4807.0,2026.0,0.344,singleFamily,17,707610.0,2025,https://www.zillow.com,https://photos.zillowstatic.com/fp/720ae454b0941e3b8421d61085a0e95a-p_c.jpg,2026-08-03 11:19,For Sale
26825691,6207 Marblehead Dr,75232,Dallas,TX,32.672565,-96.855354,239500,141.0,,306800.0,2648.0,3.0,2.0,1699.0,1968.0,0.305,singleFamily,1,272870.0,2025,https://www.zillow.com,https://photos.zillowstatic.com/fp/ee20f1b648b23d832892148199b0180b-p_c.jpg,2026-08-03 11:19,For Sale
26845452,3107 Millmar Dr,75228,Dallas,TX,32.827168,-96.66197,399995,239.0,,388800.0,2541.0,4.0,2.0,1672.0,1954.0,10367.28,singleFamily,2,316910.0,2025,https://www.zillow.com,https://photos.zillowstatic.com/fp/3547a83792f7bc2a356850cb802df8ed-p_c.jpg,2026-08-03 11:19,For Sale
26739989,9030 San Benito Way,75218,Dallas,TX,32.822,-96.702095,575000,292.0,-24000.0,,,3.0,2.0,1967.0,1938.0,9583.2,singleFamily,52,597980.0,2025,https://www.zillow.com,https://photos.zillowstatic.com/fp/532ee25b6bab765058a72fa12ca9d3b6-p_c.jpg,2026-08-03 11:19,For Sale
26848568,13216 Hillcrest Rd,75240,Dallas,TX,32.92971,-96.785706,1170000,264.0,-50000.0,1112500.0,7528.0,7.0,7.0,4425.0,1981.0,0.5670000000000001,singleFamily,95,955730.0,2025,https://www.zillow.com,https://photos.zillowstatic.com/fp/9156e0f4eb756164ed8f64fc4213abb7-p_c.jpg,2026-08-03 11:19,For Sale
26805952,3923 Weeburn Dr,75229,Dallas,TX,32.90733,-96.847534,1250000,458.0,,1206900.0,5722.0,4.0,3.0,2727.0,1964.0,0.367,singleFamily,45,1196530.0,2025,https://www.zillow.com,https://photos.zillowstatic.com/fp/8bbc23a558ee2780f176e9e2e66140e9-p_c.jpg,2026-08-03 11:19,For Sale
26873071,15745 Havenrock Cir,75248,Dallas,TX,32.9643,-96.78187,675000,276.0,-24000.0,659600.0,4552.0,4.0,3.0,2447.0,1970.0,7361.64,singleFamily,38,487960.0,2025,https://www.zillow.com,https://photos.zillowstatic.com/fp/55445e4a9bd873c12a893424317c1985-p_c.jpg,2026-08-03 11:19,For Sale
53390345,509 Elm St APT 503,75202,Dallas,TX,32.779938,-96.807526,239000,283.0,-6000.0,229400.0,1868.0,1.0,1.0,845.0,1930.0,10018.8,condo,88,251840.0,2025,https://www.zillow.com,https://photos.zillowstatic.com/fp/cf35cb8ff9ebd3fc421096ba71feeb82-p_c.jpg,2026-08-03 11:19,For Sale
26923480,2728 Reagan St APT 203,75219,Dallas,TX,32.808113,-96.81266,230000,262.0,,222500.0,2225.0,2.0,2.0,879.0,1983.0,7492.32,condo,1,227220.0,2025,https://www.zillow.com,https://www.zillowstatic.com/static/images/nophoto_p_c.png,2026-08-03 11:19,For Sale
26777327,1123 Hansboro Ave,75224,Dallas,TX,32.71739,-96.84103,264900,254.0,,254900.0,1794.0,3.0,2.0,1044.0,1948.0,8276.4,singleFamily,0,185310.0,2025,https://www.zillow.com,https://www.zillowstatic.com/static/images/nophoto_p_c.png,2026-08-03 11:19,For Sale
96510808,2239 Dowdy Ferry Rd,75217,Dallas,TX,32.677402,-96.67498,52700,,-3100.0,,,,,,,10018.8,land,94,94900.0,2025,https://www.zillow.com,https://photos.zillowstatic.com/fp/581b37ffcd51d8b5edfb6ce8b82a4f75-p_c.jpg,2026-08-03 11:19,For Sale
26814311,6633 Emhouse St,75232,Dallas,TX,32.66675,-96.828224,245000,141.0,,241500.0,2034.0,4.0,2.0,1738.0,1949.0,10062.36,singleFamily,40,265760.0,2025,https://www.zillow.com,https://photos.zillowstatic.com/fp/ac3bc145aec85a5e339c8ee0d2272778-p_c.jpg,2026-08-03 11:19,For Sale
26723274,1634 E Missouri Ave,75216,Dallas,TX,32.71842,-96.798645,295000,145.0,-10000.0,306900.0,2783.0,4.0,2.0,2041.0,2021.0,7579.44,singleFamily,27,335790.0,2025,https://www.zillow.com,https://photos.zillowstatic.com/fp/37ae855f3d1ba4dcbf6a93469e24db92-p_c.jpg,2026-08-03 11:19,For Sale
26760241,5615 Purdue Ave,75209,Dallas,TX,32.854527,-96.81698,2795000,643.0,,,,4.0,4.0,4346.0,2016.0,7492.32,singleFamily,7,2200840.0,2025,https://www.zillow.com,https://photos.zillowstatic.com/fp/182321dca77123ec85dec11311536406-p_c.jpg,2026-08-03 11:19,For Sale
26867704,7318 Danashire Ave,75231,Dallas,TX,32.879368,-96.742,942000,279.0,,901200.0,6089.0,5.0,4.0,3380.0,1984.0,10018.8,singleFamily,11,857000.0,2025,https://www.zillow.com,https://photos.zillowstatic.com/fp/aca2130bf7b0342d2e8471a2422c564e-p_c.jpg,2026-08-03 11:19,For Sale
26899191,3901 Turtle Creek Blvd #7,75219,Dallas,TX,32.816788,-96.79974,8900000,1310.0,,,,3.0,6.0,6792.0,1997.0,7535.88,singleFamily,104,3145000.0,2025,https://www.zillow.com,https://photos.zillowstatic.com/fp/da8210692bd7a70faad4b9c3fc7bf180-p_c.jpg,2026-08-03 11:19,For Sale
96533206,1846 Nomas St,75212,Dallas,TX,32.780773,-96.85013,549900,171.0,,,4713.0,5.0,4.0,3212.0,2020.0,7971.48,singleFamily,2,703520.0,2025,https://www.zillow.com,https://photos.zillowstatic.com/fp/06227f5e81aeed76380d61e4e9c8d94a-p_c.jpg,2026-08-03 11:19,For Sale
26750186,6706 Pimlico Dr,75214,Dallas,TX,32.8507,-96.74407,750000,350.0,-49900.0,728800.0,6500.0,4.0,3.0,2140.0,1954.0,7405.2,singleFamily,52,607580.0,2025,https://www.zillow.com,https://photos.zillowstatic.com/fp/b8269d748e4f4c968f51e3b59018252a-p_c.jpg,2026-08-03 11:19,For Sale
26697261,5222 Bradford Dr,75235,Dallas,TX,32.82093,-96.82738,729000,460.0,,699000.0,3499.0,3.0,2.0,1584.0,1929.0,7230.96,singleFamily,10,660000.0,2025,https://www.zillow.com,https://photos.zillowstatic.com/fp/1012dd84c07b4a9caea4fac8bda38974-p_c.jpg,2026-08-03 11:19,For Sale
26733671,5414 W University Blvd,75209,Dallas,TX,32.84496,-96.81834,1749000,672.0,,,,3.0,3.0,2602.0,1951.0,0.277,singleFamily,8,1330000.0,2025,https://www.zillow.com,https://photos.zillowstatic.com/fp/430ea2b68febf2d21d0cfe94e317755f-p_c.jpg,2026-08-03 11:19,For Sale
26823950,5412 University Hills Blvd,75241,Dallas,TX,32.679962,-96.80546,165000,141.0,,,1807.0,3.0,2.0,1169.0,1962.0,9381.0,singleFamily,22,186430.0,2025,https://www.zillow.com,https://photos.zillowstatic.com/fp/15d8dfd5ad8b3ddfcb77e7f85ca2d4e5-p_c.jpg,2026-08-03 11:19,For Sale
26834749,3538 Gallagher St,75212,Dallas,TX,32.784386,-96.87859,599000,236.0,,593600.0,1557.0,4.0,3.0,2534.0,2026.0,6664.68,singleFamily,4,95000.0,2025,https://www.zillow.com,https://photos.zillowstatic.com/fp/e697556a1920b412495a76e80df0a4a8-p_c.jpg,2026-08-03 11:19,For Sale
80228514,1200 Main St APT 1703,75202,Dallas,TX,32.77981,-96.80127,235000,310.0,,,,1.0,1.0,757.0,1974.0,1.033,condo,1,264950.0,2025,https://www.zillow.com,https://photos.zillowstatic.com/fp/28476752ec113f159a0bf1d6b2f44cdd-p_c.jpg,2026-08-03 11:19,For Sale
26821468,3623 Castle Hills Dr,75241,Dallas,TX,32.678192,-96.762886,180000,106.0,,182600.0,2051.0,3.0,2.0,1695.0,1959.0,0.26,singleFamily,4,222740.0,2025,https://www.zillow.com,https://photos.zillowstatic.com/fp/5bfa6797d4cef5d8e9269ea2a8f7c896-p_c.jpg,2026-08-03 11:19,For Sale
26865881,9503 Summerhill Ln,75238,Dallas,TX,32.893238,-96.72212,425000,204.0,-4000.0,418200.0,2815.0,3.0,3.0,2080.0,1978.0,9888.12,singleFamily,60,427630.0,2025,https://www.zillow.com,https://photos.zillowstatic.com/fp/f1f8a495b4a59ea4368ad643b83f3cd9-p_c.jpg,2026-08-03 11:19,For Sale
26748687,6214 Glennox Ln,75214,Dallas,TX,32.84994,-96.75703,1275000,401.0,-25000.0,,,4.0,3.0,3177.0,1970.0,7797.24,singleFamily,18,836100.0,2025,https://www.zillow.com,https://photos.zillowstatic.com/fp/81680869b2e781bf08f53ea3790044b3-p_c.jpg,2026-08-03 11:19,For Sale
333139944,613 N Dwight Ave,75211,Dallas,TX,32.750134,-96.90789,429000,227.0,-20900.0,422400.0,3080.0,4.0,2.0,1894.0,2026.0,8712.0,singleFamily,60,62720.0,2025,https://www.zillow.com,https://photos.zillowstatic.com/fp/4f32e476feac9b5828c28b5dc447e358-p_c.jpg,2026-08-03 11:19,For Sale
26800483,8812 Cherrybrook Dr,75217,Dallas,TX,32.73847,-96.66973,125000,174.0,,142600.0,1360.0,2.0,1.0,719.0,1950.0,8232.84,singleFamily,1,167160.0,2025,https://www.zillow.com,https://photos.zillowstatic.com/fp/fbd8279b709f72d9e0e358af960f3592-p_c.jpg,2026-08-03 11:19,For Sale
27106348,1412 Wagonwheel Ct,75061,Irving,TX,32.680714,-96.80179,474999,178.0,,471800.0,2950.0,3.0,3.0,2662.0,1983.0,10031.868,singleFamily,2,385000.0,2025,https://www.zillow.com,https://photos.zillowstatic.com/fp/133e76f7e9d7ee880a83cf49abe80c01-p_c.jpg,2026-08-03 11:19,For Sale
26707558,6910 Huff Trl,75214,Dallas,TX,32.836407,-96.73795,2045000,484.0,-50000.0,1954900.0,11405.0,4.0,5.0,4228.0,2012.0,7753.68,singleFamily,73,1728600.0,2025,https://www.zillow.com,https://photos.zillowstatic.com/fp/145865099f3425d44e2dd484e47f90ee-p_c.jpg,2026-08-03 11:19,For Sale
26859604,13422 Blossomheath Ln,75240,Dallas,TX,32.92994,-96.76789,480000,178.0,,463400.0,2425.0,6.0,4.0,2700.0,1965.0,9583.2,multiFamily,11,320000.0,2025,https://www.zillow.com,https://photos.zillowstatic.com/fp/23cea83df7a3a9c4001e6a504811f045-p_c.jpg,2026-08-03 11:19,For Sale
26779000,1618 Driftwood Dr,75224,Dallas,TX,32.702183,-96.84815,412000,225.0,,402400.0,3512.0,3.0,2.0,1832.0,1956.0,9147.6,singleFamily,12,430500.0,2025,https://www.zillow.com,https://photos.zillowstatic.com/fp/eb83a3454d1021d4b2e2a904f8dbe4c7-p_c.jpg,2026-08-03 11:19,For Sale
248827946,2502 Burlington Blvd,75211,Dallas,TX,32.736893,-96.859276,330000,298.0,,330800.0,1973.0,2.0,1.0,1107.0,1928.0,7840.8,singleFamily,6,283160.0,2025,https://www.zillow.com,https://photos.zillowstatic.com/fp/562f4fde4ae580f84e95ab1d47d09561-p_c.jpg,2026-08-03 11:19,For Sale
26701570,6427 Lakewood Blvd,75214,Dallas,TX,32.818043,-96.751884,1750000,478.0,-40000.0,,,5.0,4.0,3662.0,1925.0,8799.12,singleFamily,86,1320700.0,2025,https://www.zillow.com,https://photos.zillowstatic.com/fp/48e1c5704ef78e182648c47376e7d0d1-p_c.jpg,2026-08-03 11:19,For Sale
26718972,2911 S Denley Dr,75216,Dallas,TX,32.7115,-96.8058,269000,189.0,,261700.0,1953.0,3.0,2.0,1425.0,1930.0,7492.32,singleFamily,4,192320.0,2025,https://www.zillow.com,https://photos.zillowstatic.com/fp/1f95efb4faf996e7e8161cefd768b1dc-p_c.jpg,2026-08-03 11:19,For Sale
26657129,5103 Lincolnshire Ct,75287,Dallas,TX,33.002506,-96.82194,1700000,340.0,,1599800.0,5737.0,6.0,7.0,5007.0,1993.0,10018.8,singleFamily,10,1231218.0,2025,https://www.zillow.com,https://photos.zillowstatic.com/fp/34cf8c606975ced79bfaa28b5e215272-p_c.jpg,2026-08-03 11:19,For Sale
26737457,3807 Falls Dr,75211,Dallas,TX,32.72671,-96.882385,269900,249.0,269900.0,268400.0,2039.0,3.0,2.0,1083.0,1933.0,7710.12,singleFamily,7,266270.0,2025,https://www.zillow.com,https://photos.zillowstatic.com/fp/e1ff02e1f309c4fa7f92bd4f7834b5c6-p_c.jpg,2026-08-03 11:19,For Sale
463650776,4418 Myrtle,75210,Dallas,TX,32.75643,-96.75614,229900,178.0,-5000.0,229700.0,1939.0,3.0,2.0,1290.0,2026.0,6250.86,singleFamily,30,,,https://www.zillow.com,https://photos.zillowstatic.com/fp/3bf5e8c69b3cc8499afa4f5a2075f4cc-p_c.jpg,2026-08-03 11:19,For Sale
26714129,2821 Gladstone Dr,75211,Dallas,TX,32.740543,-96.86706,175000,178.0,,166500.0,2063.0,2.0,1.0,982.0,1930.0,7492.32,singleFamily,16,220850.0,2025,https://www.zillow.com,https://photos.zillowstatic.com/fp/61a96cc4a810295f80fa7ecf820c299d-p_c.jpg,2026-08-03 11:19,For Sale
26903405,9022 Villa Park Cir,75225,Dallas,TX,32.872677,-96.77756,497000,296.0,,,,3.0,2.0,1678.0,1966.0,5183.64,singleFamily,31,361360.0,2025,https://www.zillow.com,https://photos.zillowstatic.com/fp/c4674fb1f5ba550a9cf9cd5d43af343f-p_c.jpg,2026-08-03 11:19,For Sale
26639461,18007 Windtop Ln,75287,Dallas,TX,32.994576,-96.84169,828800,291.0,-21100.0,809200.0,3105.0,4.0,3.0,2850.0,1987.0,0.2565,singleFamily,22,705645.0,2025,https://www.zillow.com,https://photos.zillowstatic.com/fp/f6a4edcc7207ef14f7e4c8fac58f8de3-p_c.jpg,2026-08-03 11:19,For Sale
96522871,8914 Wadlington Ave,75217,Dallas,TX,32.727043,-96.66635,415000,188.0,,413500.0,2882.0,3.0,4.0,2210.0,2026.0,8450.64,singleFamily,25,50000.0,2025,https://www.zillow.com,https://photos.zillowstatic.com/fp/378c40404d771f0a7ba3b17531cf8e8e-p_c.jpg,2026-08-03 11:19,For Sale
26928126,8610 Turtle Creek Blvd APT 208,75225,Dallas,TX,32.866764,-96.78853,315000,268.0,,255500.0,2784.0,2.0,2.0,1174.0,1984.0,0.73,condo,3,252410.0,2025,https://www.zillow.com,https://photos.zillowstatic.com/fp/6903f3d27eeb4286f846aa0abd9ec378-p_c.jpg,2026-08-03 11:19,For Sale
26909252,9551 Gonzales Dr,75227,Dallas,TX,32.76709,-96.65757,124000,132.0,-3000.0,,1326.0,2.0,1.0,940.0,1982.0,3310.56,singleFamily,124,151670.0,2025,https://www.zillow.com,https://photos.zillowstatic.com/fp/d1895d0b21508743ee374dd4d68db170-p_c.jpg,2026-08-03 11:19,For Sale
26753666,6343 Del Norte Ln,75225,Dallas,TX,32.868732,-96.79591,1649000,703.0,,1554900.0,4300.0,3.0,2.0,2345.0,1951.0,0.2571,singleFamily,4,1300000.0,2025,https://www.zillow.com,https://photos.zillowstatic.com/fp/92d47cd1b4d7122a805f5ebad5f7830e-p_c.jpg,2026-08-03 11:19,For Sale
26850845,8923 Rolling Rock Ln,75238,Dallas,TX,32.870514,-96.694145,520000,308.0,,501300.0,2754.0,3.0,2.0,1688.0,1956.0,0.254,singleFamily,11,534000.0,2025,https://www.zillow.com,https://photos.zillowstatic.com/fp/3982c902399270ee091885c4a858b59f-p_c.jpg,2026-08-03 11:19,For Sale
26910821,3010 Rambling Dr,75228,Dallas,TX,32.80941,-96.69109,439000,202.0,,,,3.0,2.0,2168.0,1983.0,8668.44,singleFamily,3,312010.0,2025,https://www.zillow.com,https://photos.zillowstatic.com/fp/48aca520ba1ba165465d8a377877506c-p_c.jpg,2026-08-03 11:19,For Sale
26845695,2908 Scottsbluff Dr,75228,Dallas,TX,32.81663,-96.664894,219000,193.0,,218200.0,1762.0,3.0,2.0,1134.0,1955.0,7753.68,singleFamily,5,228540.0,2025,https://www.zillow.com,https://photos.zillowstatic.com/fp/66c9e4f8a38c977cd891973683f56c32-p_c.jpg,2026-08-03 11:19,For Sale
26878739,3616 Pacesetter Dr,75241,Dallas,TX,32.66704,-96.762665,225000,190.0,,221400.0,1706.0,3.0,2.0,1187.0,1971.0,7100.28,singleFamily,4,247910.0,2025,https://www.zillow.com,https://photos.zillowstatic.com/fp/11336c785723d508f8c17c9fea709cbe-p_c.jpg,2026-08-03 11:19,For Sale
26686949,3806 Crozier St,75215,Dallas,TX,32.758877,-96.764595,75000,131.0,,,1255.0,1.0,1.0,574.0,1926.0,3441.24,singleFamily,52,74140.0,2025,https://www.zillow.com,https://photos.zillowstatic.com/fp/5b7d6f3ad09046f4047a15dc128e108a-p_c.jpg,2026-08-03 11:19,For Sale
60347631,4034 Rawlins St APT 101,75219,Dallas,TX,32.814045,-96.80962,249000,279.0,,248000.0,2027.0,2.0,2.0,893.0,1984.0,0.41,condo,4,294690.0,2025,https://www.zillow.com,https://photos.zillowstatic.com/fp/844cb9f424e2ddbeb22eeb47d995a1e1-p_c.jpg,2026-08-03 11:19,For Sale
61869969,1999 McKinney Ave APT 1206,75201,Dallas,TX,32.79043,-96.80398,1195000,496.0,,1133100.0,5986.0,2.0,2.0,2407.0,2000.0,0.6681,condo,17,962800.0,2025,https://www.zillow.com,https://photos.zillowstatic.com/fp/1ff8f603521bfdb4a64d017bbce46a4d-p_c.jpg,2026-08-03 11:19,For Sale
26851496,6766 Northaven Rd,75230,Dallas,TX,32.900932,-96.78869,4199000,946.0,-196000.0,3930000.0,7634.0,5.0,5.0,4437.0,2019.0,0.942,singleFamily,40,5337960.0,2025,https://www.zillow.com,https://photos.zillowstatic.com/fp/516d4b1a8940930654b6e456275a8591-p_c.jpg,2026-08-03 11:19,For Sale
26890597,7728 Bantry Ln,75248,Dallas,TX,32.985508,-96.77365,749000,242.0,-25000.0,,,4.0,3.0,3100.0,1978.0,10410.84,singleFamily,89,686560.0,2025,https://www.zillow.com,https://photos.zillowstatic.com/fp/66e4f31fc30da79d46da52465846af27-p_c.jpg,2026-08-03 11:19,For Sale
344555563,2404 Colony Ct #2406,75235,Dallas,TX,32.835716,-96.85545,335000,216.0,-5000.0,316800.0,2148.0,4.0,2.0,1552.0,1947.0,6072.264,multiFamily,60,,,https://www.zillow.com,https://photos.zillowstatic.com/fp/d4569230752917f565989118ae61927c-p_c.jpg,2026-08-03 11:19,For Sale
53101469,18403 Gibbons Dr,75287,Dallas,TX,32.999294,-96.83331,780000,204.0,-19900.0,,,5.0,4.0,3828.0,1996.0,7405.2,singleFamily,142,716354.0,2025,https://www.zillow.com,https://photos.zillowstatic.com/fp/b018e597704cfd56d31165e744f0409d-p_c.jpg,2026-08-03 11:19,For Sale
26704177,5460 Anita St,75206,Dallas,TX,32.83437,-96.77461,850000,290.0,-29000.0,,,5.0,5.0,2928.0,1956.0,8755.56,multiFamily,87,668380.0,2025,https://www.zillow.com,https://photos.zillowstatic.com/fp/1d509c0b5ea187b94353a4dffeca4787-p_c.jpg,2026-08-03 11:19,For Sale
26752424,6936 Stefani Dr,75225,Dallas,TX,32.87816,-96.78539,1200000,431.0,,,5704.0,4.0,3.0,2784.0,1967.0,0.30647382920110194,singleFamily,87,800000.0,2025,https://www.zillow.com,https://photos.zillowstatic.com/fp/11ae8562cb0bb5b2c71e07f66484b236-p_c.jpg,2026-08-03 11:19,For Sale
26818646,2007 Red Cloud Dr,75217,Dallas,TX,32.747482,-96.65272,189999,175.0,-10001.0,189100.0,1703.0,3.0,2.0,1084.0,1982.0,3092.76,singleFamily,262,190260.0,2025,https://www.zillow.com,https://photos.zillowstatic.com/fp/bcf12e3be5345d789ad6d9dcd30505e3-p_c.jpg,2026-08-03 11:19,For Sale
26851754,13321 Purple Sage Rd,75240,Dallas,TX,32.929237,-96.7778,1200000,457.0,,1142000.0,6455.0,3.0,3.0,2624.0,1966.0,0.355,singleFamily,78,968160.0,2025,https://www.zillow.com,https://photos.zillowstatic.com/fp/f5c3d3e19fb72eee6f71cdbe16794856-p_c.jpg,2026-08-03 11:19,For Sale
26892486,7334 Oakmore Dr,75249,Dallas,TX,32.63114,-96.95059,319997,154.0,,,2728.0,4.0,2.0,2083.0,1979.0,6664.68,singleFamily,32,300810.0,2025,https://www.zillow.com,https://photos.zillowstatic.com/fp/df5bdf5606e9132163a16a7f3accc1e3-p_c.jpg,2026-08-03 11:19,For Sale
26682979,3403 Knight St,75219,Dallas,TX,32.814262,-96.81016,1250000,508.0,,1183000.0,4356.0,3.0,2.0,2460.0,1914.0,0.258,singleFamily,9,1131420.0,2025,https://www.zillow.com,https://photos.zillowstatic.com/fp/737309db39b5a63f5deec5b70196abab-p_c.jpg,2026-08-03 11:19,For Sale
26797484,233 Creek Cove Dr,75217,Dallas,TX,32.715996,-96.71027,139999,141.0,-9951.0,139100.0,1672.0,3.0,2.0,996.0,1972.0,3659.04,townhome,124,159860.0,2025,https://www.zillow.com,https://photos.zillowstatic.com/fp/0f02eda6c1f4e43c0ffc70463bf1bdcd-p_c.jpg,2026-08-03 11:19,For Sale
26689227,6122 Bryan Pkwy,75206,Dallas,TX,32.810043,-96.761925,1250000,346.0,,1196200.0,7823.0,4.0,3.0,3617.0,1999.0,6621.12,singleFamily,24,975090.0,2025,https://www.zillow.com,https://photos.zillowstatic.com/fp/a777eccb9d98f34337980c2f7ea3d3dc-p_c.jpg,2026-08-03 11:19,For Sale
26760260,5726 W Hanover Ave,75209,Dallas,TX,32.854946,-96.81413,2399000,661.0,,2277100.0,7083.0,4.0,4.0,3629.0,2012.0,7492.32,singleFamily,0,1889000.0,2025,https://www.zillow.com,https://photos.zillowstatic.com/fp/45793b860da0cfe4db5b2c96ee9dd9ed-p_c.jpg,2026-08-03 11:19,For Sale
26753128,6930 Pemberton Dr,75230,Dallas,TX,32.890812,-96.78589,4295000,574.0,,4079900.0,7048.0,5.0,8.0,7488.0,2026.0,0.33699999999999997,singleFamily,38,807110.0,2025,https://www.zillow.com,https://photos.zillowstatic.com/fp/222e57e491a3eb0d423c9cc0d32da74c-p_c.jpg,2026-08-03 11:19,For Sale
60347505,3535 Gillespie St APT 104,75219,Dallas,TX,32.805202,-96.80836,1496000,482.0,,,,2.0,3.0,3102.0,2000.0,3.133,condo,13,1166730.0,2025,https://www.zillow.com,https://photos.zillowstatic.com/fp/54a0a1d614c66f4ddf6864fb264b6290-p_c.jpg,2026-08-03 11:19,For Sale
26913371,13207 Woodbend Ln,75243,Dallas,TX,32.918945,-96.73134,304999,201.0,-10000.0,299800.0,2037.0,3.0,3.0,1516.0,1982.0,2090.88,townhome,54,256120.0,2025,https://www.zillow.com,https://photos.zillowstatic.com/fp/21c327942f1fe27ae1a94979bb4dda79-p_c.jpg,2026-08-03 11:19,For Sale
26863869,11623 Lochlynn Cir,75228,Dallas,TX,32.85092,-96.657974,230000,137.0,,221400.0,2455.0,3.0,2.0,1674.0,1978.0,8145.72,singleFamily,30,302770.0,2025,https://www.zillow.com,https://photos.zillowstatic.com/fp/61832a4738a1da29e2378dbb9640567f-p_c.jpg,2026-08-03 11:19,For Sale
26653330,17919 Castle Bend Dr,75287,Dallas,TX,32.99514,-96.831825,1100000,261.0,,1056900.0,5121.0,4.0,4.0,4209.0,1993.0,0.25,singleFamily,27,944840.0,2025,https://www.zillow.com,https://photos.zillowstatic.com/fp/d847ccb2e53242968ff4bf1d24b80730-p_c.jpg,2026-08-03 11:19,For Sale
26608853,17816 Cedar Creek Canyon Dr,75252,Dallas,TX,32.995243,-96.810165,989900,250.0,214900.0,,,5.0,4.0,3966.0,1983.0,0.27999999999999997,singleFamily,5,875075.0,2025,https://www.zillow.com,https://photos.zillowstatic.com/fp/a67e741016b69405b8427857806a518a-p_c.jpg,2026-08-03 11:19,For Sale
26889684,6502 Riverview Ln,75248,Dallas,TX,32.974606,-96.79891,975000,254.0,,945500.0,5143.0,4.0,3.0,3846.0,1980.0,0.26599999999999996,singleFamily,47,1018610.0,2025,https://www.zillow.com,https://photos.zillowstatic.com/fp/2cc1f7f9dd70de79db086c9f7aa457d8-p_c.jpg,2026-08-03 11:19,For Sale
26705799,7103 Westbrook Ln,75214,Dallas,TX,32.846027,-96.73876,1300000,513.0,,1228700.0,5030.0,4.0,3.0,2535.0,1954.0,10759.32,singleFamily,11,869160.0,2025,https://www.zillow.com,https://photos.zillowstatic.com/fp/0e7faeb8e39de143144061f9dd594631-p_c.jpg,2026-08-03 11:19,For Sale
2118737546,8619 Edgemere Rd APT C,75225,Dallas,TX,32.867054,-96.795784,317500,204.0,,310500.0,2832.0,2.0,2.0,1556.0,1958.0,1.041,condo,2,,,https://www.zillow.com,https://photos.zillowstatic.com/fp/d754e06b8700868da1547fa4bf591098-p_c.jpg,2026-08-03 11:19,For Sale
26786164,4704 Ashbrook Rd,75227,Dallas,TX,32.78273,-96.71294,399000,207.0,,393200.0,2572.0,4.0,3.0,1928.0,1973.0,8886.24,singleFamily,2,302160.0,2025,https://www.zillow.com,https://photos.zillowstatic.com/fp/66625cef11fd775bb9e2d78c0f35af27-p_c.jpg,2026-08-03 11:19,For Sale
26905140,4720 Urban Ave,75227,Dallas,TX,32.77895,-96.69594,300000,160.0,,,,3.0,3.0,1870.0,1999.0,6403.32,singleFamily,18,283420.0,2025,https://www.zillow.com,https://photos.zillowstatic.com/fp/3d91ae44bac26ff337b082c14c37238f-p_c.jpg,2026-08-03 11:19,For Sale
26748935,6124 Summer Creek Cir,75231,Dallas,TX,32.862965,-96.75722,450000,313.0,,,,2.0,2.0,1440.0,1980.0,3.414,singleFamily,9,461840.0,2025,https://www.zillow.com,https://photos.zillowstatic.com/fp/a3322c806e2be0ca8692900ab0a74af6-p_c.jpg,2026-08-03 11:19,For Sale
26739842,9035 San Benito Way,75218,Dallas,TX,32.822525,-96.702446,1729000,402.0,-50000.0,1682900.0,7741.0,4.0,5.0,4300.0,2026.0,9583.2,singleFamily,36,441580.0,2025,https://www.zillow.com,https://photos.zillowstatic.com/fp/678df14ef6101e4e9f8c19b370b60944-p_c.jpg,2026-08-03 11:19,For Sale
26684844,713 Wayne St,75223,Dallas,TX,32.797443,-96.75052,715000,228.0,,706800.0,5994.0,4.0,5.0,3130.0,2023.0,7492.32,singleFamily,2,774800.0,2025,https://www.zillow.com,https://photos.zillowstatic.com/fp/1f964acf3511ebcbcfcc562cdc78fb36-p_c.jpg,2026-08-03 11:19,For Sale
26739896,8619 San Benito Way,75218,Dallas,TX,32.81829,-96.70739,1500000,546.0,,,,3.0,3.0,2746.0,2017.0,7927.92,singleFamily,110,1199700.0,2025,https://www.zillow.com,https://photos.zillowstatic.com/fp/e14fad724ea1f5d6726640aed8c35d5e-p_c.jpg,2026-08-03 11:19,For Sale
26755451,6739 Walnut Hill Ln,75230,Dallas,TX,32.88025,-96.788605,2150000,450.0,,,,5.0,6.0,4778.0,2026.0,0.263,singleFamily,4,458760.0,2025,https://www.zillow.com,https://photos.zillowstatic.com/fp/85f13eba7e81f8fa944b17831a809c0b-p_c.jpg,2026-08-03 11:19,For Sale
26908613,10347 Carolina Oaks Dr,75227,Dallas,TX,32.752884,-96.64401,154000,128.0,,151100.0,1959.0,3.0,2.0,1200.0,1999.0,4660.92,singleFamily,24,238520.0,2025,https://www.zillow.com,https://photos.zillowstatic.com/fp/92b10d65cf9ca57d3f6a1b7eaaf74a04-p_c.jpg,2026-08-03 11:19,For Sale
26714388,1442 Stella Ave,75216,Dallas,TX,32.727345,-96.802475,499900,161.0,-19100.0,498300.0,4492.0,5.0,4.0,3100.0,2026.0,8058.6,singleFamily,109,180780.0,2025,https://www.zillow.com,https://photos.zillowstatic.com/fp/5e4194e9b3ad3651cb82ccf0e10b6d99-p_c.jpg,2026-08-03 11:19,For Sale
124721673,4211 Rawlins St Unit 92,75219,Dallas,TX,32.81473,-96.81203,579000,314.0,,559600.0,4127.0,3.0,4.0,1846.0,2014.0,2.531,condo,2,488450.0,2025,https://www.zillow.com,https://photos.zillowstatic.com/fp/09051854e164ccfd53feac378e19fc65-p_c.jpg,2026-08-03 11:19,For Sale
26848384,13693 Peyton Dr,75240,Dallas,TX,32.934937,-96.778435,1595000,367.0,-50000.0,1561700.0,7604.0,5.0,6.0,4347.0,2023.0,0.569,singleFamily,53,1255000.0,2025,https://www.zillow.com,https://photos.zillowstatic.com/fp/d163449193dfada43b943e6d54d278ae-p_c.jpg,2026-08-03 11:19,For Sale
26739575,1624 Eastus Dr,75208,Dallas,TX,32.765457,-96.83359,2395000,876.0,,2229300.0,3538.0,3.0,3.0,2734.0,1953.0,0.75,singleFamily,12,1540350.0,2025,https://www.zillow.com,https://photos.zillowstatic.com/fp/35db0bcc004af68705275a68612dc60c-p_c.jpg,2026-08-03 11:19,For Sale
26890961,7010 McKamy Blvd,75248,Dallas,TX,32.98315,-96.78468,1299000,328.0,-100000.0,1263600.0,7377.0,5.0,5.0,3966.0,1978.0,0.324,singleFamily,47,1060000.0,2025,https://www.zillow.com,https://photos.zillowstatic.com/fp/dbab2fc0269d01363d658e68d49f1239-p_c.jpg,2026-08-03 11:19,For Sale
26756580,6032 Burgundy Rd,75230,Dallas,TX,32.896935,-96.802605,2500000,435.0,,2343600.0,14971.0,5.0,6.0,5749.0,2005.0,0.39899999999999997,singleFamily,11,2253320.0,2025,https://www.zillow.com,https://photos.zillowstatic.com/fp/5223c17c52b77bfb4418f86195b8147a-p_c.jpg,2026-08-03 11:19,For Sale
26870818,6715 Glenhurst Dr,75254,Dallas,TX,32.94147,-96.78878,1500000,360.0,,1414500.0,7341.0,4.0,5.0,4171.0,1972.0,0.5670000000000001,singleFamily,12,1267620.0,2025,https://www.zillow.com,https://photos.zillowstatic.com/fp/fbe6bf4a6c62773d7b4ce0ecf225ec5b-p_c.jpg,2026-08-03 11:19,For Sale
26787260,9755 Van Dyke Rd,75218,Dallas,TX,32.85455,-96.71484,2195000,734.0,,2055900.0,5136.0,4.0,3.0,2990.0,1956.0,0.544,singleFamily,59,1150000.0,2025,https://www.zillow.com,https://photos.zillowstatic.com/fp/9ded6e32011621fb64f2b8ee8d3871e4-p_c.jpg,2026-08-03 11:19,For Sale
26755885,6005 Mimosa Ln,75230,Dallas,TX,32.883575,-96.80368,4300000,643.0,,4138600.0,5336.0,6.0,9.0,6685.0,2026.0,0.304,singleFamily,2,965000.0,2025,https://www.zillow.com,https://photos.zillowstatic.com/fp/453e486e6d704d64a9328023395ff924-p_c.jpg,2026-08-03 11:19,For Sale
26803211,11629 Flamingo Ln,75218,Dallas,TX,32.855083,-96.679,799999,253.0,,788100.0,5521.0,5.0,4.0,3160.0,2026.0,7535.88,singleFamily,4,100000.0,2025,https://www.zillow.com,https://photos.zillowstatic.com/fp/132680f824f68e68fe2467a3a8281323-p_c.jpg,2026-08-03 11:19,For Sale
26756362,6322 Orchid Ln,75230,Dallas,TX,32.89228,-96.79725,2495000,455.0,-30000.0,2370000.0,7975.0,5.0,6.0,5488.0,2004.0,0.257,singleFamily,37,2723810.0,2025,https://www.zillow.com,https://photos.zillowstatic.com/fp/0a65f0920682548e6a3efd70ada49df5-p_c.jpg,2026-08-03 11:19,For Sale
26755175,6031 Lupton Dr,75225,Dallas,TX,32.877293,-96.80259,5999000,856.0,-101000.0,5705800.0,7191.0,5.0,7.0,7009.0,2025.0,0.43199999999999994,singleFamily,128,2570190.0,2025,https://www.zillow.com,https://photos.zillowstatic.com/fp/48b0e44cb83164412f7f80ee793fdfab-p_c.jpg,2026-08-03 11:19,For Sale
26702391,7122 Lakewood Blvd,75214,Dallas,TX,32.82184,-96.734665,3850000,556.0,-145000.0,3648600.0,6289.0,4.0,6.0,6929.0,2021.0,0.363,singleFamily,75,2503830.0,2025,https://www.zillow.com,https://photos.zillowstatic.com/fp/6be89693973e2fab0b47bff9cffaacd0-p_c.jpg,2026-08-03 11:19,For Sale
26741003,9034 Forest Hills Blvd,75218,Dallas,TX,32.825687,-96.70626,1395000,338.0,-80000.0,1371800.0,7245.0,4.0,4.0,4132.0,2026.0,8145.72,singleFamily,60,534300.0,2025,https://www.zillow.com,https://photos.zillowstatic.com/fp/fac07d19a58924ef6ea8030da08690d6-p_c.jpg,2026-08-03 11:19,For Sale
303984086,9360 Lakemont Dr,75220,Dallas,TX,32.865963,-96.8446,2470000,496.0,-25000.0,2383300.0,7886.0,5.0,5.0,4981.0,2019.0,0.48,singleFamily,32,2218000.0,2025,https://www.zillow.com,https://photos.zillowstatic.com/fp/bfe473c632ca3f1cbecb49e005f01efa-p_c.jpg,2026-08-03 11:19,For Sale
26687077,2550 Eugene St,75215,Dallas,TX,32.758404,-96.76031,264900,187.0,,261300.0,2480.0,3.0,2.0,1416.0,2020.0,5706.36,singleFamily,7,245790.0,2025,https://www.zillow.com,https://photos.zillowstatic.com/fp/7b63e6024f7334fe021a8bb4f33c334e-p_c.jpg,2026-08-03 11:19,For Sale
349392894,1803 Temper Ln,75253,Dallas,TX,32.68542,-96.60857,236250,184.0,,,,3.0,2.0,1286.0,2024.0,0.2747,singleFamily,25,245280.0,2025,https://www.zillow.com,https://photos.zillowstatic.com/fp/477284bb93eafb3c5225e033850849d0-p_c.jpg,2026-08-03 11:19,For Sale
26749852,7212 Wake Forrest Dr,75214,Dallas,TX,32.853092,-96.73654,1724900,402.0,,1680100.0,3471.0,4.0,5.0,4289.0,2026.0,7492.32,singleFamily,1,654100.0,2025,https://www.zillow.com,https://photos.zillowstatic.com/fp/3b666726552ccd87588ba77b3dd6953d-p_c.jpg,2026-08-03 11:19,For Sale
26766682,2606 Fordham Rd,75216,Dallas,TX,32.7058,-96.783295,329000,175.0,,327600.0,2412.0,4.0,3.0,1880.0,2022.0,8842.68,singleFamily,44,336650.0,2025,https://www.zillow.com,https://photos.zillowstatic.com/fp/2701c5dd8615133ba6969349c7485302-p_c.jpg,2026-08-03 11:19,For Sale
26785636,5320 Elkridge Dr,75227,Dallas,TX,32.790108,-96.705605,385000,173.0,-10000.0,383600.0,4279.0,3.0,3.0,2226.0,1966.0,8581.32,singleFamily,114,374960.0,2025,https://www.zillow.com,https://photos.zillowstatic.com/fp/255ad6ddea9b011366c20de836a8b447-p_c.jpg,2026-08-03 11:19,For Sale
26723849,1227 Wilbur St,75224,Dallas,TX,32.722607,-96.84315,349000,191.0,,344100.0,2604.0,5.0,2.0,1832.0,1937.0,7840.8,singleFamily,9,382770.0,2025,https://www.zillow.com,https://photos.zillowstatic.com/fp/136f635ebce59281e6d3b69cae63684e-p_c.jpg,2026-08-03 11:19,For Sale
26685421,419 Cameron Ave,75223,Dallas,TX,32.80415,-96.74734,1075000,319.0,,,5636.0,4.0,4.0,3374.0,2026.0,6098.0,singleFamily,24,275170.0,2025,https://www.zillow.com,https://photos.zillowstatic.com/fp/9c3fc9e358ca211b79254b657228f8e7-p_c.jpg,2026-08-03 11:19,For Sale
26746737,10262 Vinemont St,75218,Dallas,TX,32.84527,-96.70069,849000,454.0,,809000.0,2898.0,3.0,3.0,1871.0,1962.0,9452.52,singleFamily,17,739900.0,2025,https://www.zillow.com,https://photos.zillowstatic.com/fp/071121d10aff3f9c8b7b83f33d7fafb2-p_c.jpg,2026-08-03 11:19,For Sale
26845273,11083 Erhard Dr,75228,Dallas,TX,32.84135,-96.65294,550000,125.0,-13000.0,539600.0,3767.0,4.0,4.0,4395.0,1955.0,0.551,singleFamily,82,568010.0,2025,https://www.zillow.com,https://photos.zillowstatic.com/fp/7c845e302a75659d0fc651547d33a645-p_c.jpg,2026-08-03 11:19,For Sale
26914308,8364 Deep Green Dr,75249,Dallas,TX,32.646336,-96.96389,349000,159.0,,341200.0,2784.0,3.0,3.0,2201.0,1990.0,8058.6,singleFamily,16,299530.0,2025,https://www.zillow.com,https://photos.zillowstatic.com/fp/955e8398be84e2deb84a22243d93b1e7-p_c.jpg,2026-08-03 11:19,For Sale
26586762,5939 Bent Creek Trl,75252,Dallas,TX,33.00974,-96.8047,549900,265.0,-5100.0,539200.0,3023.0,4.0,3.0,2078.0,1982.0,10018.8,singleFamily,52,591441.0,2025,https://www.zillow.com,https://photos.zillowstatic.com/fp/c146195c576d0e21ad0e447be2459dff-p_c.jpg,2026-08-03 11:19,For Sale
26930328,5325 Bent Tree Forest Dr APT 2214,75248,Dallas,TX,32.965553,-96.8182,190000,185.0,,202300.0,1539.0,1.0,2.0,1028.0,1983.0,2.564,condo,1,302840.0,2025,https://www.zillow.com,https://photos.zillowstatic.com/fp/afc637ac2b6f4267db43584f26002073-p_c.jpg,2026-08-03 11:19,For Sale
26748679,6306 Glennox Ln,75214,Dallas,TX,32.849808,-96.755,1095000,361.0,,1044000.0,5468.0,4.0,4.0,3034.0,1970.0,8973.36,singleFamily,9,794880.0,2025,https://www.zillow.com,https://photos.zillowstatic.com/fp/42294e5e891f7468b421ac2d5d4adc71-p_c.jpg,2026-08-03 11:19,For Sale
26701848,6839 Gaston Ave,75214,Dallas,TX,32.816296,-96.742165,1575000,523.0,,,,3.0,5.0,3011.0,1936.0,8929.8,singleFamily,10,780310.0,2025,https://www.zillow.com,https://photos.zillowstatic.com/fp/76d3dfc6436c4cff102c6fc54231ac3d-p_c.jpg,2026-08-03 11:19,For Sale
26693674,6331 Lakeshore Dr,75214,Dallas,TX,32.81938,-96.7547,1260000,300.0,-15000.0,1220300.0,7586.0,4.0,5.0,4198.0,2007.0,7492.32,singleFamily,93,1350000.0,2025,https://www.zillow.com,https://photos.zillowstatic.com/fp/17bf88faec6677abdf9957cdeafd5593-p_c.jpg,2026-08-03 11:19,For Sale
26862580,7923 S Nassau Cir,75217,Dallas,TX,32.706387,-96.68487,245000,196.0,,,2034.0,4.0,2.0,1248.0,1950.0,7753.68,singleFamily,3,281180.0,2025,https://www.zillow.com,https://photos.zillowstatic.com/fp/427ae674180f572d14613c263ca60bbd-p_c.jpg,2026-08-03 11:19,For Sale
26755584,6615 Meadow Rd,75230,Dallas,TX,32.88651,-96.79076,2950000,459.0,-49999.0,,21725.0,5.0,7.0,6421.0,1999.0,0.344,singleFamily,138,3495560.0,2023,https://www.zillow.com,https://photos.zillowstatic.com/fp/0985eac8b18a987f661fc3f3080f6764-p_c.jpg,2026-08-03 11:19,For Sale
26732208,5833 E Mockingbird Ln,75206,Dallas,TX,32.836857,-96.76635,450000,399.0,-15000.0,443100.0,2776.0,3.0,2.0,1127.0,1942.0,6926.04,singleFamily,135,403480.0,2025,https://www.zillow.com,https://photos.zillowstatic.com/fp/6e883bfa0275a86f3a1ed4f7ad31bbf4-p_c.jpg,2026-08-03 11:19,For Sale
26717213,2450 Emmett St,75211,Dallas,TX,32.732754,-96.85901,409000,209.0,,396700.0,2772.0,4.0,2.0,1953.0,1940.0,7143.84,singleFamily,10,298000.0,2025,https://www.zillow.com,https://photos.zillowstatic.com/fp/8088a7b6675b4026a914a60a66d09ebf-p_c.jpg,2026-08-03 11:19,For Sale
96527763,2507 Jim St,75212,Dallas,TX,32.774643,-96.91488,399800,248.0,-100.0,397500.0,3410.0,5.0,3.0,1611.0,2016.0,6011.28,singleFamily,5,332970.0,2025,https://www.zillow.com,https://photos.zillowstatic.com/fp/1da0665b97475f0667ff25eb20669817-p_c.jpg,2026-08-03 11:19,For Sale
26690351,5645 Vickery Blvd,75206,Dallas,TX,32.822723,-96.77035,1699000,526.0,,,,4.0,3.0,3227.0,2014.0,8494.2,singleFamily,67,1543690.0,2025,https://www.zillow.com,https://photos.zillowstatic.com/fp/50e430cd8ed92e68b18439d9b3c01a46-p_c.jpg,2026-08-03 11:19,For Sale
80230979,3372 Mojave Dr,75241,Dallas,TX,32.655685,-96.76571,285000,145.0,-20000.0,283300.0,2250.0,3.0,3.0,1969.0,2006.0,5357.88,singleFamily,13,271460.0,2025,https://www.zillow.com,https://photos.zillowstatic.com/fp/39f47a79f376d0c2f16b62aea89814e2-p_c.jpg,2026-08-03 11:19,For Sale
26703642,6018 Winton St,75206,Dallas,TX,32.835472,-96.763405,675000,379.0,-24900.0,656400.0,2951.0,2.0,3.0,1783.0,1941.0,6708.24,singleFamily,47,615460.0,2025,https://www.zillow.com,https://photos.zillowstatic.com/fp/0763d79b16b855edbe9928fb15531f08-p_c.jpg,2026-08-03 11:19,For Sale
26851405,11231 Pelican Dr,75238,Dallas,TX,32.871967,-96.68723,380000,317.0,,373700.0,1884.0,3.0,2.0,1198.0,1972.0,7797.24,singleFamily,1,385100.0,2025,https://www.zillow.com,https://photos.zillowstatic.com/fp/c581cc4a40f128ac12b51413f7c2a4b4-p_c.jpg,2026-08-03 11:19,For Sale
84006038,3907 Cole Ave APT 3,75204,Dallas,TX,32.81126,-96.79571,825000,364.0,,791100.0,4070.0,3.0,4.0,2269.0,2006.0,0.545,condo,24,601290.0,2025,https://www.zillow.com,https://photos.zillowstatic.com/fp/3ebdffc0bf59e071da770bb3a35266b8-p_c.jpg,2026-08-03 11:19,For Sale
26752176,6902 Deloache Ave,75225,Dallas,TX,32.870697,-96.78647,1349000,446.0,,1313700.0,7713.0,4.0,3.0,3028.0,1979.0,8973.36,singleFamily,24,1325000.0,2025,https://www.zillow.com,https://photos.zillowstatic.com/fp/8ddfa7c3c65b2331b57c7dd5887386aa-p_c.jpg,2026-08-03 11:19,For Sale
26878048,3716 Olney Ct,75241,Dallas,TX,32.66375,-96.75931,180000,133.0,-11800.0,,,3.0,2.0,1354.0,1962.0,7710.12,singleFamily,32,201620.0,2025,https://www.zillow.com,https://photos.zillowstatic.com/fp/862de458183d895ca11a5c325479de0f-p_c.jpg,2026-08-03 11:19,For Sale
67961401,2714 Throckmorton St #B,75219,Dallas,TX,32.808525,-96.81385,699000,414.0,-26000.0,674800.0,2900.0,2.0,2.0,1688.0,2002.0,3659.04,singleFamily,11,661340.0,2025,https://www.zillow.com,https://photos.zillowstatic.com/fp/3bdb2d662dc8a38e8ebe0189a3645b46-p_c.jpg,2026-08-03 11:19,For Sale
26719822,3102 W Jefferson Blvd,75211,Dallas,TX,32.744076,-96.871544,400000,294.0,,394100.0,2007.0,3.0,2.0,1360.0,1926.0,9757.44,singleFamily,1,222400.0,2025,https://www.zillow.com,https://photos.zillowstatic.com/fp/bd163ecf84ec1a7aed97eef15a1d5536-p_c.jpg,2026-08-03 11:19,For Sale
26787955,3559 Durango Dr,75220,Dallas,TX,32.86767,-96.85897,1125000,311.0,-25000.0,1102200.0,6239.0,5.0,5.0,3612.0,2026.0,10541.52,singleFamily,82,382130.0,2025,https://www.zillow.com,https://photos.zillowstatic.com/fp/6b07d46c811fc61e1d4e5763454f8a12-p_c.jpg,2026-08-03 11:19,For Sale
26684048,5524 Junius St,75214,Dallas,TX,32.804356,-96.76104,399000,356.0,,,2443.0,2.0,2.0,1120.0,1921.0,7884.36,multiFamily,4,377140.0,2025,https://www.zillow.com,https://photos.zillowstatic.com/fp/7f620407cd8e6501e30f4ceabea5a6b4-p_c.jpg,2026-08-03 11:19,For Sale
26706696,6713 Lake Circle Dr,75214,Dallas,TX,32.825207,-96.74542,1799995,375.0,-50000.0,1736000.0,10206.0,5.0,5.0,4800.0,2005.0,8015.04,singleFamily,27,1686660.0,2025,https://www.zillow.com,https://photos.zillowstatic.com/fp/d80e7ef81f99e9322b718b254faebaf1-p_c.jpg,2026-08-03 11:19,For Sale
26767226,2423 Marfa Ave,75216,Dallas,TX,32.708122,-96.789825,129900,132.0,,141100.0,1458.0,2.0,1.0,984.0,1947.0,8189.28,singleFamily,3,177420.0,2025,https://www.zillow.com,https://photos.zillowstatic.com/fp/418a15cf933bf6efd7426b3cea560b33-p_c.jpg,2026-08-03 11:19,For Sale
26915218,5916 Wisdom Creek Dr,75249,Dallas,TX,32.651264,-96.97505,430000,179.0,,420600.0,3740.0,4.0,3.0,2403.0,1999.0,7884.36,singleFamily,4,353010.0,2025,https://www.zillow.com,https://photos.zillowstatic.com/fp/92527ae284ca5bb3ccdf876503a57ae3-p_c.jpg,2026-08-03 11:19,For Sale
80229145,2950 McKinney Ave APT 211,75204,Dallas,TX,32.800648,-96.80015,359000,325.0,-10000.0,,,1.0,2.0,1105.0,2006.0,1.505,condo,39,382850.0,2025,https://www.zillow.com,https://photos.zillowstatic.com/fp/1d24df4ec610576f5faec21c79473558-p_c.jpg,2026-08-03 11:19,For Sale
111957963,4611 Kelton Dr,75209,Dallas,TX,32.850445,-96.83098,1300000,345.0,,,,4.0,3.0,3772.0,1880.0,0.461,singleFamily,12,455040.0,2025,https://www.zillow.com,https://photos.zillowstatic.com/fp/46d494d23cd6767d4b2a903fa41861d7-p_c.jpg,2026-08-03 11:19,For Sale
26731049,6453 Bob O Link Dr,75214,Dallas,TX,32.831985,-96.75054,2699995,510.0,-50000.0,2622000.0,5780.0,5.0,6.0,5293.0,2025.0,7535.88,singleFamily,44,953700.0,2025,https://www.zillow.com,https://photos.zillowstatic.com/fp/a6816a279e07792ca28dcf079fd85a33-p_c.jpg,2026-08-03 11:19,For Sale
26702846,5946 Mercedes Ave,75206,Dallas,TX,32.827667,-96.76381,1295000,397.0,-55000.0,1265000.0,6097.0,4.0,3.0,3264.0,1932.0,7100.28,singleFamily,65,975380.0,2025,https://www.zillow.com,https://photos.zillowstatic.com/fp/f13e87f704b72c7f3b85dade56cad73a-p_c.jpg,2026-08-03 11:19,For Sale
26813522,3615 High Mesa Dr,75234,Dallas,TX,32.91423,-96.85799,425000,283.0,,,,3.0,2.0,1504.0,1962.0,7448.76,singleFamily,1,316060.0,2025,https://www.zillow.com,https://photos.zillowstatic.com/fp/36d020333986c1edea6ff9a396c996c3-p_c.jpg,2026-08-03 11:19,For Sale
26838807,10519 Ravenscroft Dr,75230,Dallas,TX,32.89006,-96.77823,599000,279.0,,473500.0,3465.0,4.0,3.0,2144.0,1971.0,4748.04,singleFamily,9,480000.0,2025,https://www.zillow.com,https://photos.zillowstatic.com/fp/b57bd5c02b14c7c2d6a31dfa917a3038-p_c.jpg,2026-08-03 11:19,For Sale
26847054,8839 Sweetwater Dr,75228,Dallas,TX,32.809643,-96.69688,430000,214.0,,,,3.0,2.0,2009.0,1962.0,9522.216,singleFamily,6,386910.0,2025,https://www.zillow.com,https://photos.zillowstatic.com/fp/fc5beec308e210f64c12b280fefd3a4c-p_c.jpg,2026-08-03 11:19,For Sale
26732724,6402 Vanderbilt Ave,75214,Dallas,TX,32.824703,-96.75266,795000,468.0,,764800.0,4223.0,3.0,2.0,1700.0,1949.0,7405.2,singleFamily,25,620000.0,2025,https://www.zillow.com,https://photos.zillowstatic.com/fp/1607a51be44d4b799f3586a52cb5b359-p_c.jpg,2026-08-03 11:19,For Sale
53071145,6403 Genstar Ln,75252,Dallas,TX,33.00282,-96.79369,930000,314.0,-15000.0,912100.0,4609.0,4.0,4.0,2960.0,1979.0,8276.4,singleFamily,62,639603.0,2025,https://www.zillow.com,https://photos.zillowstatic.com/fp/36846dff614b72538eb3f56ae0b352de-p_c.jpg,2026-08-03 11:19,For Sale
26593018,18104 Aramis Ln,75252,Dallas,TX,32.995884,-96.776764,750000,325.0,,717600.0,3732.0,4.0,3.0,2308.0,1981.0,10454.4,singleFamily,4,616897.0,2025,https://www.zillow.com,https://photos.zillowstatic.com/fp/517fc4a62743a8c8e26f14780f79354b-p_c.jpg,2026-08-03 11:19,For Sale
26813485,3560 High Bluff Dr,75234,Dallas,TX,32.912926,-96.85866,295000,163.0,,289800.0,2512.0,4.0,2.0,1810.0,1962.0,0.179,singleFamily,14,320450.0,2025,https://www.zillow.com,https://photos.zillowstatic.com/fp/136e8a5c9f02bfba4657ce4e83434573-p_c.jpg,2026-08-03 11:19,For Sale
26742100,10633 Cayuga Dr,75228,Dallas,TX,32.840736,-96.68464,240000,219.0,,239500.0,1768.0,3.0,1.0,1096.0,1950.0,7405.2,singleFamily,6,287120.0,2025,https://www.zillow.com,https://photos.zillowstatic.com/fp/b3fe4ef0de6dc0ee9046a5175e60ee07-p_c.jpg,2026-08-03 11:19,For Sale
26776074,1131 Waweenoc Ave,75216,Dallas,TX,32.690636,-96.80654,185000,164.0,-15000.0,194900.0,1956.0,3.0,2.0,1126.0,1957.0,7492.32,singleFamily,36,223170.0,2025,https://www.zillow.com,https://photos.zillowstatic.com/fp/0f9c520bd622b2b4fc180c11497eb166-p_c.jpg,2026-08-03 11:19,For Sale
67972329,2850 S Beltline Rd Suite 108,75253,Dallas,TX,32.661823,-96.61505,46500,44.0,,,1836.0,2.0,2.0,1056.0,1997.0,1056.0,manufactured,11,2980.0,2025,https://www.zillow.com,https://photos.zillowstatic.com/fp/438050f636f92b0afb9c737f9a9067e2-p_c.jpg,2026-08-03 11:19,For Sale
26835510,3030 Weisenberger Dr,75212,Dallas,TX,32.77963,-96.8966,585000,140.0,,577600.0,5162.0,5.0,4.0,4180.0,2013.0,0.355,singleFamily,13,624970.0,2025,https://www.zillow.com,https://photos.zillowstatic.com/fp/3a1e5a04d73bc699c3b8a96abce3105b-p_c.jpg,2026-08-03 11:19,For Sale
26713232,2606 W 12th St,75211,Dallas,TX,32.740997,-96.86155,331500,258.0,-7000.0,323900.0,1977.0,2.0,2.0,1284.0,1915.0,7405.2,singleFamily,89,393850.0,2025,https://www.zillow.com,https://photos.zillowstatic.com/fp/9136a2d69890c80bfdf9a919077441fc-p_c.jpg,2026-08-03 11:19,For Sale
26761762,9744 Wisterwood Dr,75238,Dallas,TX,32.873096,-96.72015,840000,370.0,-35000.0,812600.0,4786.0,3.0,3.0,2270.0,1964.0,10105.92,singleFamily,61,845730.0,2025,https://www.zillow.com,https://photos.zillowstatic.com/fp/c8c6834decf02c36a63d98936d9e8026-p_c.jpg,2026-08-03 11:19,For Sale
463741884,332 Avenue E E,75203,Dallas,TX,32.745186,-96.794556,334500,191.0,,333200.0,2922.0,3.0,3.0,1747.0,2023.0,4443.12,singleFamily,25,,,https://www.zillow.com,https://photos.zillowstatic.com/fp/4fe6e74274a1e732fa14be9c91dc25fd-p_c.jpg,2026-08-03 11:19,For Sale
26754534,6526 Woodland Dr,75225,Dallas,TX,32.872223,-96.792435,4195000,743.0,,,,5.0,7.0,5649.0,2026.0,9844.56,singleFamily,23,1274940.0,2025,https://www.zillow.com,https://photos.zillowstatic.com/fp/d5582da57dbecbc30551060139ee3472-p_c.jpg,2026-08-03 11:19,For Sale
26877957,6759 La Grange Dr,75241,Dallas,TX,32.66139,-96.754295,124900,132.0,-5000.0,,1573.0,3.0,1.0,948.0,1963.0,9801.0,singleFamily,46,187610.0,2025,https://www.zillow.com,https://photos.zillowstatic.com/fp/c83b993dce3e720d9c678d51b72681bb-p_c.jpg,2026-08-03 11:19,For Sale
26677962,3024 Adolph St,75204,Dallas,TX,32.792336,-96.788704,589000,425.0,,,,2.0,3.0,1386.0,1991.0,8712.0,singleFamily,4,560560.0,2025,https://www.zillow.com,https://photos.zillowstatic.com/fp/1f48cb5f0c7d29edd361a5febf24b9bc-p_c.jpg,2026-08-03 11:19,For Sale
26710726,1136 Woodlawn Ave,75208,Dallas,TX,32.757515,-96.82941,775000,384.0,,744100.0,5434.0,3.0,3.0,2017.0,1940.0,7666.56,singleFamily,10,554110.0,2025,https://www.zillow.com,https://photos.zillowstatic.com/fp/3af4a86cd7b77e70c3616c25de30ae0d-p_c.jpg,2026-08-03 11:19,For Sale
26680664,1726 Driskell St,75215,Dallas,TX,32.755207,-96.76747,400000,148.0,-25000.0,399400.0,3375.0,5.0,3.0,2700.0,2026.0,7492.32,singleFamily,162,264390.0,2025,https://www.zillow.com,https://photos.zillowstatic.com/fp/5c4259d94c037232f1d4ff086b284119-p_c.jpg,2026-08-03 11:19,For Sale
67961432,3516 Hamilton Ave,75210,Dallas,TX,32.77102,-96.755035,173500,145.0,-8920.0,172100.0,1559.0,3.0,2.0,1195.0,1942.0,6098.4,singleFamily,24,184280.0,2025,https://www.zillow.com,https://photos.zillowstatic.com/fp/f522f084ae92acda35e4214051516882-p_c.jpg,2026-08-03 11:19,For Sale
26630656,4048 Kirkmeadow Ln,75287,Dallas,TX,33.0047,-96.84128,529000,218.0,,,,4.0,3.0,2425.0,1993.0,7405.2,singleFamily,10,467268.0,2025,https://www.zillow.com,https://photos.zillowstatic.com/fp/63432f8f350531725f6943a289919ea0-p_c.jpg,2026-08-03 11:19,For Sale
61869872,4241 Buena Vista St APT 2,75205,Dallas,TX,32.819,-96.79435,449999,382.0,,,2526.0,1.0,2.0,1177.0,1994.0,0.643,condo,52,429610.0,2025,https://www.zillow.com,https://photos.zillowstatic.com/fp/6894269f62e56d0ce9bf8d0c035b5b95-p_c.jpg,2026-08-03 11:19,For Sale
26813003,3057 Dothan Ln,75229,Dallas,TX,32.898098,-96.87576,435000,217.0,,,,4.0,3.0,2008.0,1959.0,7797.24,singleFamily,38,331800.0,2025,https://www.zillow.com,https://photos.zillowstatic.com/fp/2bf0bac43f92ba51ab096961b77a0b4c-p_c.jpg,2026-08-03 11:19,For Sale
464199010,1902 & 1904 Warren Ave,75215,Dallas,TX,32.760754,-96.771545,720000,209.0,,,,6.0,8.0,3442.0,2026.0,0.289,multiFamily,5,,,https://www.zillow.com,https://photos.zillowstatic.com/fp/335b0d7d3343beee45a6dec679e7648c-p_c.jpg,2026-08-03 11:19,For Sale
26910840,9107 Sweetwater Dr,75228,Dallas,TX,32.810844,-96.6929,489990,243.0,-10000.0,481300.0,3052.0,3.0,2.0,2019.0,1982.0,8276.4,singleFamily,62,476530.0,2025,https://www.zillow.com,https://photos.zillowstatic.com/fp/9d524a1801e532eeda8c36f1cd541028-p_c.jpg,2026-08-03 11:19,For Sale
26857892,433 Cleaves St,75203,Dallas,TX,32.753185,-96.803314,550000,229.0,-25000.0,546200.0,4168.0,4.0,3.0,2400.0,2026.0,4007.52,singleFamily,56,95000.0,2025,https://www.zillow.com,https://photos.zillowstatic.com/fp/eda01bcbfe002e9cc3f28b26d425facd-p_c.jpg,2026-08-03 11:19,For Sale
26876800,16028 Chalfont Pl,75248,Dallas,TX,32.967705,-96.80606,735000,239.0,,710100.0,4930.0,3.0,3.0,3076.0,1978.0,7884.36,singleFamily,5,858470.0,2025,https://www.zillow.com,https://photos.zillowstatic.com/fp/569dd1753124609b9ad97a905ca985a3-p_c.jpg,2026-08-03 11:19,For Sale
67951254,630 W Neely St,75208,Dallas,TX,32.750103,-96.83288,430000,304.0,-29000.0,425300.0,2378.0,3.0,2.0,1415.0,2004.0,5183.64,singleFamily,88,476430.0,2025,https://www.zillow.com,https://photos.zillowstatic.com/fp/4011cf6ee7458bace061703b84ac980f-p_c.jpg,2026-08-03 11:19,For Sale
26717497,1119 N Winnetka Ave,75208,Dallas,TX,32.757988,-96.840576,1145000,330.0,-50000.0,1109800.0,6431.0,4.0,4.0,3468.0,1925.0,7753.68,singleFamily,66,900000.0,2025,https://www.zillow.com,https://photos.zillowstatic.com/fp/a7bedce89c4dde84a40608efcd6b2d25-p_c.jpg,2026-08-03 11:19,For Sale
96495294,9228 Beckleyview Ave,75232,Dallas,TX,32.63641,-96.83223,310000,190.0,-45000.0,305500.0,2443.0,4.0,2.0,1632.0,2022.0,5009.4,singleFamily,106,337900.0,2025,https://www.zillow.com,https://photos.zillowstatic.com/fp/7aaffa724774adb1d13a89116b3420ce-p_c.jpg,2026-08-03 11:19,For Sale
26586502,4808 Sea Pines Dr,75287,Dallas,TX,32.994404,-96.82649,1180000,332.0,,1153400.0,4219.0,4.0,3.0,3550.0,1984.0,0.26,singleFamily,17,1108486.0,2025,https://www.zillow.com,https://photos.zillowstatic.com/fp/38e2785a5ced89d62e5b07438690b327-p_c.jpg,2026-08-03 11:19,For Sale
26870786,6829 Midcrest Dr,75254,Dallas,TX,32.947,-96.78736,1499000,355.0,,,,6.0,6.0,4228.0,1967.0,0.43,singleFamily,31,1230580.0,2025,https://www.zillow.com,https://photos.zillowstatic.com/fp/97dfdcc6795f96608001979324bb9fa4-p_c.jpg,2026-08-03 11:19,For Sale
26692778,3624 N Fitzhugh Ave,75204,Dallas,TX,32.818962,-96.797325,3995000,751.0,,,,5.0,7.0,5321.0,2026.0,7200.468,singleFamily,93,2208040.0,2025,https://www.zillow.com,https://photos.zillowstatic.com/fp/0e9003566a5cd25351c84b074191c85b-p_c.jpg,2026-08-03 11:19,For Sale
26815643,451 Southport Dr,75232,Dallas,TX,32.657856,-96.828186,239997,171.0,,236600.0,1878.0,4.0,2.0,1404.0,1956.0,8363.52,singleFamily,6,216240.0,2025,https://www.zillow.com,https://photos.zillowstatic.com/fp/21b5ba1d349f9a3bd391c693f88f33c0-p_c.jpg,2026-08-03 11:19,For Sale
26691864,2215 Madera St,75206,Dallas,TX,32.814247,-96.77663,1545000,564.0,-50000.0,1486400.0,7334.0,3.0,3.0,2738.0,2016.0,7501.032,singleFamily,101,1124380.0,2025,https://www.zillow.com,https://photos.zillowstatic.com/fp/a893b3403aeeae1fab6cdaba9470d9d1-p_c.jpg,2026-08-03 11:19,For Sale
248828206,152 Bushel Ln,75241,Dallas,TX,32.650215,-96.820076,325000,156.0,,321600.0,2404.0,3.0,3.0,2080.0,2006.0,5009.4,singleFamily,4,309410.0,2025,https://www.zillow.com,https://photos.zillowstatic.com/fp/eed867ec1af74ae56cbdf39006c66103-p_c.jpg,2026-08-03 11:19,For Sale
26689012,5314 Swiss Ave,75214,Dallas,TX,32.804806,-96.76565,2750000,444.0,-115000.0,,,4.0,6.0,6187.0,1916.0,0.444,singleFamily,163,2240000.0,2025,https://www.zillow.com,https://photos.zillowstatic.com/fp/1e7c5bf2ca643b67e3c974df3ee9ea91-p_c.jpg,2026-08-03 11:19,For Sale
26773759,811 Tarryall Dr,75224,Dallas,TX,32.693607,-96.83646,399900,172.0,,394600.0,3412.0,4.0,2.0,2325.0,1956.0,0.267,singleFamily,25,270320.0,2025,https://www.zillow.com,https://photos.zillowstatic.com/fp/c012001fe95e0a6154cfb0f66e146bbc-p_c.jpg,2026-08-03 11:19,For Sale
26752931,7387 Blairview Dr,75230,Dallas,TX,32.881042,-96.77529,2745000,523.0,,2668400.0,6300.0,5.0,6.0,5252.0,2026.0,0.2713,singleFamily,26,976900.0,2025,https://www.zillow.com,https://photos.zillowstatic.com/fp/c644a615e746fe0a0a53f5195e443dab-p_c.jpg,2026-08-03 11:19,For Sale
67965533,3225 Turtle Creek Blvd APT 1649,75219,Dallas,TX,32.806835,-96.80463,349000,338.0,-11000.0,,,1.0,1.0,1033.0,1998.0,3.536,condo,80,392540.0,2025,https://www.zillow.com,https://photos.zillowstatic.com/fp/3e1a5d2949af412146ca1ed6f48f0335-p_c.jpg,2026-08-03 11:19,For Sale
26864424,9827 Vistadale Dr,75238,Dallas,TX,32.8887,-96.71662,789000,321.0,-10000.0,767000.0,4164.0,4.0,3.0,2456.0,1966.0,8799.12,singleFamily,86,765280.0,2025,https://www.zillow.com,https://photos.zillowstatic.com/fp/20ef7df580bd246517b5c4e257a657c6-p_c.jpg,2026-08-03 11:19,For Sale
26836377,3426 Ingersoll St,75212,Dallas,TX,32.784496,-96.906525,395000,241.0,,393800.0,2754.0,3.0,3.0,1642.0,2026.0,7230.96,singleFamily,4,100000.0,2025,https://www.zillow.com,https://photos.zillowstatic.com/fp/d0a490aa28ce2002fe7396c5ed601a57-p_c.jpg,2026-08-03 11:19,For Sale
26743255,10860 Waterbridge Cir,75218,Dallas,TX,32.850353,-96.691284,850000,258.0,,802700.0,3860.0,5.0,5.0,3289.0,1962.0,9888.12,singleFamily,2,678910.0,2025,https://www.zillow.com,https://photos.zillowstatic.com/fp/f5c832fed909c6c7a5638b8d3479b5e4-p_c.jpg,2026-08-03 11:19,For Sale
162298636,3228 Grantwood Dr,75229,Dallas,TX,32.888435,-96.87161,689900,276.0,-35100.0,666000.0,4952.0,4.0,3.0,2500.0,1968.0,0.252,singleFamily,114,669910.0,2025,https://www.zillow.com,https://photos.zillowstatic.com/fp/86db71109e55476dfb827f8bedc35f1e-p_c.jpg,2026-08-03 11:19,For Sale
26840055,9020 Westbriar Dr,75228,Dallas,TX,32.815426,-96.696594,500000,296.0,-15000.0,,,3.0,2.0,1688.0,1960.0,7797.24,singleFamily,89,490420.0,2025,https://www.zillow.com,https://photos.zillowstatic.com/fp/9067f3a1f738e6d4d7bed1f2642bd10d-p_c.jpg,2026-08-03 11:19,For Sale
26707212,7153 Cornelia Ln,75214,Dallas,TX,32.830696,-96.73574,2799000,554.0,-50000.0,2727200.0,5747.0,5.0,5.0,5055.0,2025.0,0.26,singleFamily,65,878030.0,2025,https://www.zillow.com,https://photos.zillowstatic.com/fp/b1ffb95db4bc32cdaf4687656d15de22-p_c.jpg,2026-08-03 11:19,For Sale
26854379,10023 Shadyview Dr,75238,Dallas,TX,32.872807,-96.711815,670000,408.0,,644800.0,3252.0,3.0,2.0,1642.0,1958.0,8929.8,singleFamily,11,622790.0,2025,https://www.zillow.com,https://photos.zillowstatic.com/fp/896c028e43ddf4c12eb817389889ef93-p_c.jpg,2026-08-03 11:19,For Sale
26741586,9906 Losa Dr,75218,Dallas,TX,32.835236,-96.69563,1760000,415.0,-35000.0,,,4.0,4.0,4239.0,2025.0,0.32080000000000003,singleFamily,28,473390.0,2025,https://www.zillow.com,https://photos.zillowstatic.com/fp/613757fa3cfb9d5e482f635cd86738ba-p_c.jpg,2026-08-03 11:19,For Sale
26743385,10520 Lippitt Ave,75218,Dallas,TX,32.85269,-96.700165,695000,385.0,,662100.0,3578.0,3.0,2.0,1803.0,1956.0,7679.628,singleFamily,12,517840.0,2025,https://www.zillow.com,https://photos.zillowstatic.com/fp/34f98e39cab75313ffe3aee6b4ef357a-p_c.jpg,2026-08-03 11:19,For Sale
26804598,12034 Drujon Ln,75244,Dallas,TX,32.91289,-96.82307,2475000,415.0,,2329200.0,7520.0,4.0,6.0,5970.0,2003.0,0.377,singleFamily,7,2357740.0,2025,https://www.zillow.com,https://photos.zillowstatic.com/fp/fb2af591fffbd3feb141d0d9efa1a17c-p_c.jpg,2026-08-03 11:19,For Sale
26811544,10509 Channel Dr,75229,Dallas,TX,32.890144,-96.88014,367000,204.0,-8000.0,355700.0,2746.0,3.0,2.0,1797.0,1958.0,7535.88,singleFamily,46,318110.0,2025,https://www.zillow.com,https://photos.zillowstatic.com/fp/af58e2d19f241df7f1d709f94b4360fb-p_c.jpg,2026-08-03 11:19,For Sale
26889447,6501 Copper Creek Dr,75248,Dallas,TX,32.96864,-96.795364,949000,349.0,,911500.0,4467.0,4.0,3.0,2723.0,1979.0,10149.48,singleFamily,32,800000.0,2025,https://www.zillow.com,https://photos.zillowstatic.com/fp/430c983c9c9c5668fb86bf5bdd573df6-p_c.jpg,2026-08-03 11:19,For Sale
26828979,5857 Charlestown Dr,75230,Dallas,TX,32.917862,-96.807465,1550000,542.0,,1464100.0,6726.0,5.0,3.0,2862.0,1956.0,0.414,singleFamily,7,1313760.0,2025,https://www.zillow.com,https://photos.zillowstatic.com/fp/34665b2b07b0c0e2c88bc2ea9bebe4e0-p_c.jpg,2026-08-03 11:19,For Sale
69677240,2323 N Houston St APT 202,75219,Dallas,TX,32.785828,-96.809135,525000,294.0,,509600.0,3820.0,2.0,2.0,1784.0,2005.0,0.912,condo,16,565000.0,2025,https://www.zillow.com,https://photos.zillowstatic.com/fp/307bfeba7d2d7a1fe7133e45d76c3b92-p_c.jpg,2026-08-03 11:19,For Sale
26747570,6262 E University Blvd,75214,Dallas,TX,32.846336,-96.75549,675000,332.0,-54900.0,656600.0,4093.0,3.0,2.0,2031.0,1961.0,10018.8,singleFamily,66,727870.0,2025,https://www.zillow.com,https://photos.zillowstatic.com/fp/5441153b317e10aecd83be7af9a3b72d-p_c.jpg,2026-08-03 11:19,For Sale
26717369,1043 N Edgefield Ave,75208,Dallas,TX,32.756878,-96.84309,725000,390.0,,696900.0,3251.0,3.0,2.0,1859.0,1947.0,7753.68,singleFamily,10,751230.0,2025,https://www.zillow.com,https://photos.zillowstatic.com/fp/1cca16e9f992c1313bca542f72027e50-p_c.jpg,2026-08-03 11:19,For Sale
26807172,3581 Woodleigh Dr,75229,Dallas,TX,32.8839,-96.85812,599000,219.0,-20000.0,582000.0,4335.0,5.0,3.0,2733.0,1955.0,10323.72,singleFamily,95,528220.0,2025,https://www.zillow.com,https://photos.zillowstatic.com/fp/b75dfa70a523d912b77a01670d534c78-p_c.jpg,2026-08-03 11:19,For Sale
26609948,5901 Flintshire Ln,75252,Dallas,TX,33.003475,-96.806114,875000,251.0,-25000.0,,,4.0,3.0,3485.0,1983.0,0.25,singleFamily,23,1007778.0,2025,https://www.zillow.com,https://photos.zillowstatic.com/fp/397dfb4c3a7a7efa4e66d4ee7664ae51-p_c.jpg,2026-08-03 11:19,For Sale
26815085,6930 Trailcrest Dr,75232,Dallas,TX,32.663933,-96.835464,245000,138.0,-5000.0,236900.0,2138.0,3.0,2.0,1769.0,1968.0,9278.28,singleFamily,3,235090.0,2025,https://www.zillow.com,https://photos.zillowstatic.com/fp/9ea2f63748165d1e6d43254570324c4a-p_c.jpg,2026-08-03 11:19,For Sale
26866539,9624 Greensprint Dr,75238,Dallas,TX,32.88456,-96.72177,1300000,293.0,,,,4.0,5.0,4436.0,1980.0,9452.52,singleFamily,16,993500.0,2025,https://www.zillow.com,https://photos.zillowstatic.com/fp/d29680764065905fb9af72becd7d341e-p_c.jpg,2026-08-03 11:19,For Sale
26710530,813 Elsbeth St,75208,Dallas,TX,32.752804,-96.82568,469000,307.0,-20000.0,462000.0,2900.0,3.0,2.0,1527.0,1945.0,7666.56,singleFamily,257,543070.0,2025,https://www.zillow.com,https://photos.zillowstatic.com/fp/864ee8e1e3d3003dfc483c2b79f3934b-p_c.jpg,2026-08-03 11:19,For Sale
53070026,7135 Debbe Dr,75252,Dallas,TX,32.99405,-96.78181,1125000,345.0,,1062400.0,5704.0,4.0,4.0,3261.0,1982.0,0.25,singleFamily,17,1011120.0,2025,https://www.zillow.com,https://photos.zillowstatic.com/fp/082657ee8b034acc579c2210a6336dcc-p_c.jpg,2026-08-03 11:19,For Sale
26752924,7344 Fieldgate Dr,75230,Dallas,TX,32.88041,-96.77676,1195000,418.0,-30000.0,1162200.0,6246.0,4.0,5.0,2857.0,1965.0,0.304,singleFamily,66,1170570.0,2025,https://www.zillow.com,https://photos.zillowstatic.com/fp/764036d45e70cd35df89844d043cbee4-p_c.jpg,2026-08-03 11:19,For Sale
26890791,7009 Spanky Branch Dr,75248,Dallas,TX,32.983078,-96.788795,995000,264.0,,949900.0,6226.0,4.0,4.0,3773.0,1979.0,0.344,singleFamily,4,990160.0,2025,https://www.zillow.com,https://photos.zillowstatic.com/fp/3249841da56446548759398e67c2dd9d-p_c.jpg,2026-08-03 11:19,For Sale
26854698,9920 Greenfield Dr,75238,Dallas,TX,32.87817,-96.714226,915000,315.0,,898300.0,3812.0,5.0,3.0,2908.0,1962.0,9147.6,singleFamily,1,596220.0,2025,https://www.zillow.com,https://photos.zillowstatic.com/fp/01b84549b07d1adcb7daedc1f0f065f7-p_c.jpg,2026-08-03 11:19,For Sale
26871012,6941 Midcrest Dr,75254,Dallas,TX,32.946903,-96.78414,1575000,438.0,,1487200.0,5116.0,5.0,4.0,3599.0,1966.0,0.381,singleFamily,17,995000.0,2025,https://www.zillow.com,https://photos.zillowstatic.com/fp/abbdea0e862c38eb2a24ffb5cd5e14ec-p_c.jpg,2026-08-03 11:19,For Sale
26858919,12022 Dixfield Dr,75218,Dallas,TX,32.86001,-96.69651,675000,284.0,-50000.0,650700.0,3355.0,4.0,3.0,2374.0,1968.0,9321.84,singleFamily,16,585810.0,2025,https://www.zillow.com,https://photos.zillowstatic.com/fp/99b532dcf7956ebc9c8f7b1b05e7b850-p_c.jpg,2026-08-03 11:19,For Sale
26874725,7881 La Cabeza Dr,75248,Dallas,TX,32.971146,-96.76922,725000,341.0,-10000.0,709600.0,3248.0,4.0,2.0,2123.0,1968.0,0.338,singleFamily,86,457990.0,2025,https://www.zillow.com,https://photos.zillowstatic.com/fp/5032e60e0b7156ff475ebc359c22879f-p_c.jpg,2026-08-03 11:19,For Sale
26751409,7702 Bryn Mawr Dr,75225,Dallas,TX,32.85572,-96.774895,3395000,607.0,,3157100.0,15120.0,5.0,6.0,5590.0,1946.0,0.257,singleFamily,27,2387870.0,2025,https://www.zillow.com,https://photos.zillowstatic.com/fp/70952d1a3f0142403fb13215baeb57c8-p_c.jpg,2026-08-03 11:19,For Sale
26880523,4109 Candlenut Ln,75244,Dallas,TX,32.919994,-96.840614,835000,318.0,-34000.0,813400.0,3109.0,4.0,3.0,2628.0,1970.0,10105.92,singleFamily,24,620570.0,2025,https://www.zillow.com,https://photos.zillowstatic.com/fp/c28df89f870766a76a7cf264f9af8908-p_c.jpg,2026-08-03 11:19,For Sale
26702900,5947 Mercedes Ave,75206,Dallas,TX,32.828197,-96.76381,929000,447.0,-20000.0,909700.0,4495.0,3.0,2.0,2076.0,1948.0,7100.28,singleFamily,95,793000.0,2025,https://www.zillow.com,https://photos.zillowstatic.com/fp/2bd31d06d3e217f35d098b3b3aa350c7-p_c.jpg,2026-08-03 11:19,For Sale
26738020,1907 S Tyler St,75224,Dallas,TX,32.726833,-96.83821,295000,230.0,,332400.0,2138.0,2.0,1.0,1280.0,1950.0,7623.0,singleFamily,3,352570.0,2025,https://www.zillow.com,https://photos.zillowstatic.com/fp/98ba1567c39a776437f7b17dafbfff54-p_c.jpg,2026-08-03 11:19,For Sale
96512668,2806 Carter St,75210,Dallas,TX,32.776123,-96.742134,355000,203.0,,352800.0,2258.0,3.0,3.0,1751.0,2026.0,6534.0,singleFamily,10,55670.0,2025,https://www.zillow.com,https://photos.zillowstatic.com/fp/ffb5e8799bbcbf9f925ace0bbc4626f1-p_c.jpg,2026-08-03 11:19,For Sale
26769792,1710 Western Park Dr,75211,Dallas,TX,32.72682,-96.89775,300000,172.0,-19900.0,,,3.0,2.0,1741.0,1965.0,7579.44,singleFamily,85,340000.0,2025,https://www.zillow.com,https://photos.zillowstatic.com/fp/98a82fabb594fbd29ce4f0a9610184ea-p_c.jpg,2026-08-03 11:19,For Sale
26686063,311 Paulus Ave,75214,Dallas,TX,32.80821,-96.75009,595000,340.0,,572300.0,4208.0,3.0,3.0,1752.0,1939.0,3833.28,singleFamily,6,429590.0,2025,https://www.zillow.com,https://photos.zillowstatic.com/fp/60e53e853b5089ddeea90eb431f1ac75-p_c.jpg,2026-08-03 11:19,For Sale
26789287,4186 Brookport Dr,75229,Dallas,TX,32.89332,-96.83887,3495000,628.0,,3309400.0,3132.0,4.0,5.0,5565.0,2022.0,0.5997,singleFamily,12,2840340.0,2025,https://www.zillow.com,https://photos.zillowstatic.com/fp/210041e5e6d5bd5a99d5ecd72b981b3f-p_c.jpg,2026-08-03 11:19,For Sale
26758368,4347 Bonham St,75229,Dallas,TX,32.88877,-96.83458,1495000,476.0,-30000.0,1443000.0,6986.0,3.0,5.0,3141.0,2020.0,6751.8,singleFamily,80,1160000.0,2025,https://www.zillow.com,https://photos.zillowstatic.com/fp/6805d86385829dfbe3dce60f52ac33a3-p_c.jpg,2026-08-03 11:19,For Sale
60350395,272 W Lawson Rd Trailer 49,75253,Dallas,TX,32.695274,-96.57487,89999,74.0,,,2107.0,3.0,2.0,1216.0,2002.0,5662.8,manufactured,5,6940.0,2025,https://www.zillow.com,https://photos.zillowstatic.com/fp/38a2368940745c68bb3d31cebe9b0378-p_c.jpg,2026-08-03 11:19,For Sale
26844596,2506 Gross Rd,75228,Dallas,TX,32.813946,-96.673035,499900,172.0,-60100.0,496600.0,3473.0,5.0,4.0,2900.0,2026.0,9757.44,singleFamily,59,229740.0,2025,https://www.zillow.com,https://photos.zillowstatic.com/fp/4daa8d36c980689eb1f33c910e84db1a-p_c.jpg,2026-08-03 11:19,For Sale
26881292,4452 Sugar Mill Rd,75244,Dallas,TX,32.918533,-96.83193,1495000,437.0,-80000.0,1429200.0,6723.0,5.0,5.0,3422.0,1966.0,0.37900000000000006,singleFamily,87,1527000.0,2025,https://www.zillow.com,https://photos.zillowstatic.com/fp/86a97f63a4aeca2864caa3d02fb619bf-p_c.jpg,2026-08-03 11:19,For Sale
26773680,655 W Pentagon Pkwy,75224,Dallas,TX,32.694656,-96.83374,219000,172.0,,219200.0,2172.0,3.0,2.0,1270.0,1964.0,8712.0,singleFamily,6,235460.0,2025,https://www.zillow.com,https://photos.zillowstatic.com/fp/1bf25421f5e4e685d330abe40a57f9da-p_c.jpg,2026-08-03 11:19,For Sale
26828913,5723 Meletio Ln,75230,Dallas,TX,32.916756,-96.8106,3799000,664.0,,3628100.0,19913.0,5.0,7.0,5725.0,2026.0,0.37,singleFamily,29,1957530.0,2025,https://www.zillow.com,https://photos.zillowstatic.com/fp/3fea3e014e0ce150c7d9ee4720752620-p_c.jpg,2026-08-03 11:19,For Sale
26730608,1654 Hansboro Ave,75224,Dallas,TX,32.715473,-96.84845,360000,189.0,-19900.0,354700.0,2767.0,4.0,3.0,1900.0,1948.0,8450.64,singleFamily,140,317950.0,2025,https://www.zillow.com,https://photos.zillowstatic.com/fp/761735cd4e9267c6476e19ca8761dff6-p_c.jpg,2026-08-03 11:19,For Sale
26710480,732 Haines Ave,75208,Dallas,TX,32.75202,-96.828835,735000,432.0,,706800.0,2737.0,2.0,3.0,1700.0,1910.0,0.326,singleFamily,25,820000.0,2025,https://www.zillow.com,https://photos.zillowstatic.com/fp/c6c09330d24dda8fca807a3d64bc52b7-p_c.jpg,2026-08-03 11:19,For Sale
26913157,17168 Club Hill Dr,75248,Dallas,TX,32.982437,-96.81453,4500000,602.0,,4055100.0,7702.0,4.0,5.0,7480.0,1984.0,0.723,singleFamily,108,2633860.0,2025,https://www.zillow.com,https://photos.zillowstatic.com/fp/1fedf277429d1018bd5d256cdc00237e-p_c.jpg,2026-08-03 11:19,For Sale
162814460,6542 E Lovers Ln,75214,Dallas,TX,32.85337,-96.7473,575000,319.0,,558500.0,3481.0,3.0,3.0,1804.0,2015.0,3267.0,singleFamily,3,558100.0,2025,https://www.zillow.com,https://photos.zillowstatic.com/fp/042bbbfcbed8736c70568831f8a84430-p_c.jpg,2026-08-03 11:19,For Sale
96503850,1011 S Waverly Dr,75208,Dallas,TX,32.735634,-96.84955,475000,135.0,-24900.0,468300.0,6151.0,5.0,4.0,3506.0,2022.0,7274.52,singleFamily,88,833230.0,2025,https://www.zillow.com,https://photos.zillowstatic.com/fp/18191b0fb386ba9516d4de76b213efe3-p_c.jpg,2026-08-03 11:19,For Sale
26866546,9607 Greensprint Dr,75238,Dallas,TX,32.885036,-96.72301,1150000,420.0,-25000.0,1114700.0,3979.0,5.0,4.0,2736.0,1979.0,8668.44,singleFamily,116,806110.0,2025,https://www.zillow.com,https://photos.zillowstatic.com/fp/fbc2f858114d4b740ea70a68d75d24ea-p_c.jpg,2026-08-03 11:19,For Sale
26588508,4212 Joshua Ln,75287,Dallas,TX,32.99952,-96.83774,575000,225.0,-10000.0,567000.0,3493.0,4.0,3.0,2551.0,1981.0,8712.0,singleFamily,66,491420.0,2025,https://www.zillow.com,https://photos.zillowstatic.com/fp/1ebfeb6a5ff5587357fb8301d0bdd990-p_c.jpg,2026-08-03 11:19,For Sale
26868338,8261 Club Meadows Dr,75243,Dallas,TX,32.89444,-96.74896,675000,272.0,,,,4.0,3.0,2482.0,1978.0,6708.24,singleFamily,66,638020.0,2025,https://www.zillow.com,https://photos.zillowstatic.com/fp/99c862e4767825d8b305d3923b45aabd-p_c.jpg,2026-08-03 11:19,For Sale
26792485,9915 Hurley Way,75220,Dallas,TX,32.879414,-96.84532,1674900,460.0,,1607800.0,7726.0,4.0,5.0,3639.0,2020.0,0.278,singleFamily,10,1534500.0,2025,https://www.zillow.com,https://photos.zillowstatic.com/fp/bc42714e9cad4c4a2233aef762667a3b-p_c.jpg,2026-08-03 11:19,For Sale
248830055,3923 Cole Ave #102,75204,Dallas,TX,32.811783,-96.795425,650000,448.0,,630400.0,3046.0,2.0,3.0,1452.0,2016.0,0.327,condo,15,740520.0,2025,https://www.zillow.com,https://photos.zillowstatic.com/fp/a7399a1f3ff0675c1a495f4ca012ad3c-p_c.jpg,2026-08-03 11:19,For Sale
26887063,8517 Clover Meadow Dr,75243,Dallas,TX,32.894066,-96.73541,625000,192.0,-35000.0,601900.0,5957.0,4.0,4.0,3248.0,1978.0,0.29,singleFamily,256,755630.0,2025,https://www.zillow.com,https://photos.zillowstatic.com/fp/5d294644ce75c9ffbe9e95faf94f67a2-p_c.jpg,2026-08-03 11:19,For Sale
26758132,10445 Strait Ln,75229,Dallas,TX,32.888252,-96.8253,6750000,932.0,,6041100.0,7529.0,5.0,6.0,7245.0,1989.0,1.037,singleFamily,78,4562110.0,2025,https://www.zillow.com,https://photos.zillowstatic.com/fp/a7f78fb512e685b2df826104af62a065-p_c.jpg,2026-08-03 11:19,For Sale
303983908,3130 N Harwood St APT 1606,75201,Dallas,TX,32.797085,-96.81129,1599000,717.0,-50999.0,1537000.0,5893.0,3.0,4.0,2231.0,2019.0,1.87,condo,181,1278370.0,2025,https://www.zillow.com,https://photos.zillowstatic.com/fp/2b12f64a94ed4d5dd02ff6f2ded41662-p_c.jpg,2026-08-03 11:19,For Sale
27338316,2909 Gainesborough Dr,75287,Dallas,TX,33.00586,-96.857796,435000,164.0,-15000.0,430200.0,3740.0,4.0,3.0,2656.0,1984.0,0.256,singleFamily,210,620692.0,2025,https://www.zillow.com,https://photos.zillowstatic.com/fp/d491678f8b4c9b289bce14b63b922acc-p_c.jpg,2026-08-03 11:19,For Sale
26866117,9506 Milltrail Dr,75238,Dallas,TX,32.891422,-96.724434,939000,294.0,,898200.0,3868.0,4.0,3.0,3189.0,1974.0,10628.64,singleFamily,9,677480.0,2025,https://www.zillow.com,https://photos.zillowstatic.com/fp/5315f84d5399ff321dfa5d60fb1f4222-p_c.jpg,2026-08-03 11:19,For Sale
26794401,1718 Joan Dr,75217,Dallas,TX,32.74221,-96.69704,211500,148.0,-3300.0,,,3.0,2.0,1428.0,1957.0,7448.76,singleFamily,90,234160.0,2025,https://www.zillow.com,https://photos.zillowstatic.com/fp/582bcd163eb4ab1a71b69e785936b18c-p_c.jpg,2026-08-03 11:19,For Sale
26712758,728 N Winnetka Ave,75208,Dallas,TX,32.751957,-96.83996,449000,340.0,-30000.0,441700.0,2918.0,3.0,1.0,1320.0,1921.0,7623.0,singleFamily,137,477250.0,2025,https://www.zillow.com,https://photos.zillowstatic.com/fp/0d57d057cd76d288b3654b8122634ccc-p_c.jpg,2026-08-03 11:19,For Sale
26851199,8630 Rolling Rock Ln,75238,Dallas,TX,32.866524,-96.692635,699900,336.0,-50100.0,681800.0,3887.0,4.0,4.0,2083.0,1955.0,8058.6,singleFamily,27,661180.0,2025,https://www.zillow.com,https://photos.zillowstatic.com/fp/8fee0696109ab0dfa47d3d6222a8e32d-p_c.jpg,2026-08-03 11:19,For Sale
26759441,4394 Cochran Chapel Cir,75209,Dallas,TX,32.863483,-96.835884,650000,274.0,,626200.0,3930.0,3.0,3.0,2370.0,1979.0,9321.84,townhome,38,400000.0,2025,https://www.zillow.com,https://photos.zillowstatic.com/fp/86a69ef551a0effdf346bc7188631711-p_c.jpg,2026-08-03 11:19,For Sale
26857029,8423 Glen Regal Dr,75243,Dallas,TX,32.920223,-96.75596,339900,242.0,,327200.0,2218.0,5.0,2.0,1403.0,1959.0,7623.0,singleFamily,54,241310.0,2025,https://www.zillow.com,https://photos.zillowstatic.com/fp/933f31c078e7e15e6c65c3807a19b6c0-p_c.jpg,2026-08-03 11:19,For Sale
336885743,7333 Valley View Ln Unit 807,75240,Dallas,TX,32.92667,-96.778564,399000,264.0,-13000.0,393200.0,2827.0,2.0,3.0,1514.0,2019.0,871.2,townhome,39,354740.0,2025,https://www.zillow.com,https://photos.zillowstatic.com/fp/69b29492411677812cec3ea4efbf753f-p_c.jpg,2026-08-03 11:19,For Sale
80228858,1910 Hope St Unit 5,75206,Dallas,TX,32.813038,-96.76904,445000,324.0,,435800.0,2998.0,2.0,3.0,1374.0,2005.0,,condo,6,449300.0,2025,https://www.zillow.com,https://photos.zillowstatic.com/fp/6daf723d65b69940741417639dad030e-p_c.jpg,2026-08-03 11:19,For Sale
26747152,9457 Waterview Rd,75218,Dallas,TX,32.8464,-96.71432,4499999,624.0,,4269300.0,4588.0,5.0,9.0,7213.0,2026.0,0.274,singleFamily,158,1600000.0,2025,https://www.zillow.com,https://photos.zillowstatic.com/fp/c9f66ef648aec961dd971ccd9f8f07b4-p_c.jpg,2026-08-03 11:19,For Sale
26755834,6404 Lakehurst Ave,75230,Dallas,TX,32.884262,-96.79628,3399000,599.0,-300999.0,3245400.0,4265.0,5.0,7.0,5671.0,2025.0,10018.8,singleFamily,210,3019960.0,2025,https://www.zillow.com,https://photos.zillowstatic.com/fp/d68e913392f621ae6e7dd23ed52d153c-p_c.jpg,2026-08-03 11:19,For Sale
26905526,10110 Betty Jane Ln,75229,Dallas,TX,32.883526,-96.85333,1990000,424.0,,,,4.0,5.0,4695.0,1997.0,0.757,singleFamily,41,1325290.0,2025,https://www.zillow.com,https://photos.zillowstatic.com/fp/9f0f0f5199b4c48a210ca0ec5464cdd1-p_c.jpg,2026-08-03 11:19,For Sale
26808610,3304 Townsend Dr,75229,Dallas,TX,32.89853,-96.868126,1895000,374.0,,1834700.0,7302.0,4.0,6.0,5072.0,2026.0,10018.8,singleFamily,27,541670.0,2025,https://www.zillow.com,https://photos.zillowstatic.com/fp/66b1189d4fd75121da4f78b9d2c2238e-p_c.jpg,2026-08-03 11:19,For Sale
26860038,8034 Greenhollow Ln,75240,Dallas,TX,32.93785,-96.76769,418000,200.0,,409400.0,3497.0,5.0,3.0,2086.0,1961.0,8102.16,singleFamily,80,314120.0,2025,https://www.zillow.com,https://photos.zillowstatic.com/fp/d99684671c4bcd078842ebe66e66f571-p_c.jpg,2026-08-03 11:19,For Sale
89227722,5205 Capitol Ave Unit 9,75206,Dallas,TX,32.81432,-96.779564,529992,260.0,-10007.0,523700.0,4394.0,2.0,3.0,2042.0,2007.0,0.459,condo,171,541130.0,2025,https://www.zillow.com,https://photos.zillowstatic.com/fp/5c47bd7913f19a2c38f8bfe9bc89818e-p_c.jpg,2026-08-03 11:19,For Sale
69676388,3110 Thomas Ave APT 111,75204,Dallas,TX,32.798294,-96.79458,699000,326.0,,681900.0,4562.0,4.0,3.0,2142.0,1998.0,1.174,condo,20,578340.0,2025,https://www.zillow.com,https://photos.zillowstatic.com/fp/52670e0ace220e674fd6f73434e5b980-p_c.jpg,2026-08-03 11:19,For Sale
26837455,11116 Westmere Cir,75230,Dallas,TX,32.899246,-96.79108,3250000,901.0,-300000.0,3046800.0,7927.0,3.0,4.0,3608.0,1958.0,0.6985,singleFamily,82,2351940.0,2025,https://www.zillow.com,https://photos.zillowstatic.com/fp/89e0efb183668a41a19cfadfdc8b2d20-p_c.jpg,2026-08-03 11:19,For Sale
26872554,6631 Hunters Ridge Dr,75248,Dallas,TX,32.956047,-96.79553,650000,323.0,,,,3.0,2.0,2012.0,1971.0,9844.56,singleFamily,4,491450.0,2025,https://www.zillow.com,https://photos.zillowstatic.com/fp/de795de57b1213633f635f49abaf1fbc-p_c.jpg,2026-08-03 11:19,For Sale
26830811,2341 Pinebluff Dr,75228,Dallas,TX,32.805843,-96.70647,489000,255.0,-10900.0,481900.0,2513.0,3.0,3.0,1919.0,1962.0,9147.6,singleFamily,45,486790.0,2025,https://www.zillow.com,https://photos.zillowstatic.com/fp/ca76d6d85d3a38837333474362f84ca3-p_c.jpg,2026-08-03 11:19,For Sale
26812044,6916 Azalea Ln,75230,Dallas,TX,32.897087,-96.7873,5750000,730.0,,5447300.0,7908.0,6.0,7.0,7879.0,2026.0,0.375,singleFamily,24,1044470.0,2025,https://www.zillow.com,https://photos.zillowstatic.com/fp/8fdb8a7513f7275fa0d9982c5a61dddf-p_c.jpg,2026-08-03 11:19,For Sale
26905980,2 Manzano Cir,75230,Dallas,TX,32.90909,-96.79921,3500000,515.0,,,,4.0,6.0,6796.0,1994.0,0.626,singleFamily,45,2548960.0,2025,https://www.zillow.com,https://photos.zillowstatic.com/fp/919256c036158baac041f7330169b620-p_c.jpg,2026-08-03 11:19,For Sale
26757400,10757 Villager Rd APT B,75230,Dallas,TX,32.893715,-96.80748,399900,345.0,,298000.0,2257.0,2.0,2.0,1160.0,1969.0,9.9,condo,1,327500.0,2025,https://www.zillow.com,https://photos.zillowstatic.com/fp/a2c70d9927204e276792241260a4d2fa-p_c.jpg,2026-08-03 11:19,For Sale
26788159,3614 Linda Dr,75220,Dallas,TX,32.872913,-96.85805,1250000,353.0,,291900.0,2136.0,4.0,5.0,3538.0,2026.0,9931.68,singleFamily,3,296360.0,2025,https://www.zillow.com,https://photos.zillowstatic.com/fp/8839255d42dd89f6255a9020d3e00493-p_c.jpg,2026-08-03 11:19,For Sale
84001975,4777 Cedar Springs Rd APT 3E,75219,Dallas,TX,32.818363,-96.82137,250000,246.0,,247000.0,1730.0,2.0,2.0,1015.0,1983.0,4.252,condo,8,253750.0,2025,https://www.zillow.com,https://photos.zillowstatic.com/fp/e77337182d374c4d324635b5444c080c-p_c.jpg,2026-08-03 11:19,For Sale
26757872,5111 Meaders Ln,75229,Dallas,TX,32.885555,-96.820595,5600000,626.0,,,,6.0,8.0,8949.0,1953.0,0.9199999999999999,singleFamily,69,3082930.0,2025,https://www.zillow.com,https://photos.zillowstatic.com/fp/41dc031e26a8901deced042fe94b921f-p_c.jpg,2026-08-03 11:19,For Sale
26876057,6409 Duffield Dr,75248,Dallas,TX,32.98259,-96.7957,1299900,364.0,-50000.0,,,5.0,4.0,3567.0,1977.0,0.26899999999999996,singleFamily,24,883460.0,2025,https://www.zillow.com,https://photos.zillowstatic.com/fp/47693a486ce828990280f757f099f224-p_c.jpg,2026-08-03 11:19,For Sale
26769069,925 Knott Pl,75208,Dallas,TX,32.763203,-96.838425,898000,340.0,,,,4.0,4.0,2641.0,1959.0,10802.88,singleFamily,10,727840.0,2025,https://www.zillow.com,https://photos.zillowstatic.com/fp/f69d6577943f3dde50fdc9e2f19176e2-p_c.jpg,2026-08-03 11:19,For Sale
26771571,716 Mayrant Dr,75224,Dallas,TX,32.729748,-96.83485,600000,293.0,,580600.0,2856.0,3.0,2.0,2048.0,1954.0,0.306,singleFamily,10,487750.0,2025,https://www.zillow.com,https://photos.zillowstatic.com/fp/eb2c54a14833d2d1855eaebdade9dddb-p_c.jpg,2026-08-03 11:19,For Sale
26707705,6954 Santa Maria Ln,75214,Dallas,TX,32.84119,-96.73964,2550000,551.0,,2426400.0,7978.0,5.0,5.0,4624.0,2026.0,7801.596,singleFamily,65,672890.0,2025,https://www.zillow.com,https://photos.zillowstatic.com/fp/3277d77b52737de52b94ba5630038e60-p_c.jpg,2026-08-03 11:19,For Sale
26700991,7045 Gaston Pkwy,75214,Dallas,TX,32.81498,-96.73558,899000,466.0,250000.0,865400.0,4280.0,3.0,2.0,1928.0,1958.0,9626.76,singleFamily,16,738230.0,2025,https://www.zillow.com,https://photos.zillowstatic.com/fp/f6f2f4d4d4f1463d83badff60aaf7541-p_c.jpg,2026-08-03 11:19,For Sale
26679825,2818 Welborn St #9,75219,Dallas,TX,32.806454,-96.80974,735000,368.0,,701000.0,4680.0,2.0,2.0,2000.0,1979.0,0.5954,condo,3,600000.0,2025,https://www.zillow.com,https://photos.zillowstatic.com/fp/152bb42e02c80fa8a1514239da544ffa-p_c.jpg,2026-08-03 11:19,For Sale
67964683,4104 N Hall St APT 336,75219,Dallas,TX,32.813534,-96.811104,249000,253.0,,240500.0,2069.0,2.0,2.0,984.0,1985.0,0.753,condo,5,241980.0,2025,https://www.zillow.com,https://photos.zillowstatic.com/fp/f0500fc3bb5818c9fba8891241a1fe13-p_c.jpg,2026-08-03 11:19,For Sale
26745532,2618 Centerville Rd,75228,Dallas,TX,32.842564,-96.6685,240000,183.0,-15000.0,233000.0,1984.0,3.0,2.0,1308.0,1952.0,7274.52,singleFamily,65,209480.0,2025,https://www.zillow.com,https://photos.zillowstatic.com/fp/debc174351252ea6b814096e60c5834e-p_c.jpg,2026-08-03 11:19,For Sale
26742155,1613 Pat Dr,75228,Dallas,TX,32.842297,-96.68297,200000,245.0,,193700.0,1571.0,2.0,1.0,816.0,1949.0,8128.296,singleFamily,19,228010.0,2025,https://www.zillow.com,https://photos.zillowstatic.com/fp/aed520c6a3ef75e7f474c9f22d3e9386-p_c.jpg,2026-08-03 11:19,For Sale
26868720,9406 Hilldale Dr,75231,Dallas,TX,32.889877,-96.74129,995000,364.0,-4900.0,963500.0,7010.0,4.0,4.0,2730.0,1979.0,0.29350000000000004,singleFamily,25,800420.0,2025,https://www.zillow.com,https://photos.zillowstatic.com/fp/4dc973ac4f9cac5e2a24819ea4b14c12-p_c.jpg,2026-08-03 11:19,For Sale
26852644,8709 Forest Green Dr,75243,Dallas,TX,32.908855,-96.75277,400000,190.0,-9900.0,389300.0,2750.0,3.0,3.0,2103.0,1974.0,8755.56,singleFamily,44,360680.0,2025,https://www.zillow.com,https://photos.zillowstatic.com/fp/cfad2c479fa9378dc17fb3005555f701-p_c.jpg,2026-08-03 11:19,For Sale
26848500,6929 Elmridge Dr,75240,Dallas,TX,32.935173,-96.78496,1999999,625.0,,1880700.0,6779.0,4.0,4.0,3199.0,1961.0,0.7580000000000001,singleFamily,33,1351460.0,2025,https://www.zillow.com,https://photos.zillowstatic.com/fp/f29ea391556e8c0b369473c36bc55f31-p_c.jpg,2026-08-03 11:19,For Sale
26888478,10015 Chimney Hill Ln,75243,Dallas,TX,32.916225,-96.72445,524990,204.0,,510900.0,3760.0,4.0,3.0,2578.0,1979.0,8886.24,singleFamily,65,460000.0,2025,https://www.zillow.com,https://photos.zillowstatic.com/fp/117992e67b8bdbda7a3ebccbf1a20d44-p_c.jpg,2026-08-03 11:19,For Sale
26609878,5831 London Ln,75252,Dallas,TX,32.999863,-96.80588,978000,251.0,-1000.0,931800.0,7551.0,4.0,4.0,3897.0,1984.0,0.32999999999999996,singleFamily,6,1021723.0,2025,https://www.zillow.com,https://photos.zillowstatic.com/fp/a05b02bb0652f0948df61583a600cfcd-p_c.jpg,2026-08-03 11:19,For Sale
96521412,2414 Anderson St,75215,Dallas,TX,32.746178,-96.75496,310000,160.0,,309000.0,2837.0,4.0,4.0,1940.0,2025.0,1873.08,singleFamily,1,18840.0,2025,https://www.zillow.com,https://photos.zillowstatic.com/fp/616bee41c6f4abfee95c28198d1ccf0a-p_c.jpg,2026-08-03 11:19,For Sale
53389146,5602 Reiger Ave,75214,Dallas,TX,32.80205,-96.757095,650000,290.0,-25000.0,631100.0,3570.0,4.0,3.0,2238.0,1927.0,5227.2,singleFamily,52,485000.0,2025,https://www.zillow.com,https://photos.zillowstatic.com/fp/e3fd6be797089f0258d76b10fd54bcbf-p_c.jpg,2026-08-03 11:19,For Sale
26643578,4219 Hollow Oak Dr,75287,Dallas,TX,32.997143,-96.83762,869850,201.0,-30050.0,848200.0,5041.0,5.0,4.0,4327.0,1989.0,8712.0,singleFamily,457,942154.0,2025,https://www.zillow.com,https://photos.zillowstatic.com/fp/fde7a660e79c44058378e3a2925a2f1a-p_c.jpg,2026-08-03 11:19,For Sale
26734131,4229 Bluffview Blvd,75209,Dallas,TX,32.85287,-96.8382,1399000,288.0,650000.0,1339600.0,7787.0,4.0,4.0,4854.0,2007.0,10367.28,singleFamily,26,1097230.0,2025,https://www.zillow.com,https://photos.zillowstatic.com/fp/dbb095768d9849639e7c32ee3b24dee3-p_c.jpg,2026-08-03 11:19,For Sale
162392168,13740 Vida Ln,75253,Dallas,TX,32.677017,-96.5969,949900,215.0,,909300.0,3139.0,8.0,6.0,4418.0,1989.0,2.42,singleFamily,39,685600.0,2025,https://www.zillow.com,https://photos.zillowstatic.com/fp/031704ec50cebb3ddf0009448fa26531-p_c.jpg,2026-08-03 11:19,For Sale
26858141,7030 Blackwood Dr,75231,Dallas,TX,32.874187,-96.73518,1395000,339.0,-80000.0,,,4.0,4.0,4121.0,1993.0,0.261,singleFamily,66,1321450.0,2025,https://www.zillow.com,https://photos.zillowstatic.com/fp/f745b3970283195f49d6384965ffa6df-p_c.jpg,2026-08-03 11:19,For Sale
26740599,8222 San Leandro Dr,75218,Dallas,TX,32.81029,-96.71481,3300000,621.0,-100000.0,3162500.0,7579.0,5.0,6.0,5314.0,2026.0,0.3,singleFamily,137,846570.0,2025,https://www.zillow.com,https://photos.zillowstatic.com/fp/a08399bf3955d64af9c50831556fd794-p_c.jpg,2026-08-03 11:19,For Sale
26808035,3151 Merrell Rd,75229,Dallas,TX,32.88805,-96.87159,599900,281.0,,577600.0,3739.0,4.0,3.0,2136.0,1968.0,10410.84,singleFamily,5,544970.0,2025,https://www.zillow.com,https://photos.zillowstatic.com/fp/00469dbff78415bb9163078496285655-p_c.jpg,2026-08-03 11:19,For Sale
69675159,5219 Chippewa Dr,75212,Dallas,TX,32.76874,-96.90494,290000,221.0,-10000.0,288600.0,2318.0,3.0,2.0,1312.0,2005.0,5488.56,singleFamily,25,264150.0,2025,https://www.zillow.com,https://photos.zillowstatic.com/fp/2112d909c9f673f67df59256d6e6b6b5-p_c.jpg,2026-08-03 11:19,For Sale
26809012,10931 Marsh Ln,75229,Dallas,TX,32.89747,-96.85655,649900,262.0,,623200.0,5270.0,4.0,3.0,2478.0,1981.0,0.372,singleFamily,51,591530.0,2025,https://www.zillow.com,https://photos.zillowstatic.com/fp/a5e19983897f7e7f02d633aee4ebff15-p_c.jpg,2026-08-03 11:19,For Sale
69676894,4120 Bowser Ave APT D,75219,Dallas,TX,32.816525,-96.808556,245000,261.0,,270500.0,1803.0,2.0,1.0,940.0,1959.0,0.367,condo,2,300800.0,2025,https://www.zillow.com,https://photos.zillowstatic.com/fp/408b3989c24519172ef163a07d22c887-p_c.jpg,2026-08-03 11:19,For Sale
26867067,9523 Highedge Dr,75238,Dallas,TX,32.875874,-96.72639,825000,275.0,,791000.0,3489.0,4.0,3.0,3005.0,1963.0,8755.56,singleFamily,81,753570.0,2025,https://www.zillow.com,https://photos.zillowstatic.com/fp/30fe6cbfda404e8babadb37974a14cce-p_c.jpg,2026-08-03 11:19,For Sale
26912834,7718 Arborside Dr,75231,Dallas,TX,32.885506,-96.74431,749000,339.0,,716900.0,4120.0,3.0,3.0,2207.0,1979.0,9539.64,singleFamily,26,707450.0,2025,https://www.zillow.com,https://photos.zillowstatic.com/fp/eb20dc655f0912729986637e3bdabbd8-p_c.jpg,2026-08-03 11:19,For Sale
26727988,2627 W 10th St,75211,Dallas,TX,32.74531,-96.86149,380000,322.0,-15000.0,369600.0,2234.0,2.0,1.0,1180.0,1950.0,7143.84,singleFamily,40,355000.0,2025,https://www.zillow.com,https://photos.zillowstatic.com/fp/c417a7ab89b7f4bf313c405c001a69c9-p_c.jpg,2026-08-03 11:19,For Sale
26717769,2619 Emmett St,75211,Dallas,TX,32.733246,-96.86227,659900,222.0,-10000.0,654300.0,3713.0,4.0,4.0,2967.0,2026.0,7013.16,singleFamily,127,189900.0,2025,https://www.zillow.com,https://photos.zillowstatic.com/fp/bf0b3fc80f8153cba47efcbef4817504-p_c.jpg,2026-08-03 11:19,For Sale
26870528,14023 Highmark Sq,75254,Dallas,TX,32.93978,-96.80318,499000,210.0,,494300.0,3312.0,3.0,3.0,2371.0,1985.0,5614.884,singleFamily,1,484360.0,2025,https://www.zillow.com,https://photos.zillowstatic.com/fp/f676a9bdc32c0f9a3d14e7d7290cbd11-p_c.jpg,2026-08-03 11:19,For Sale
26845080,7552 Baxtershire Dr,75230,Dallas,TX,32.90629,-96.774666,4250000,703.0,-100000.0,3962400.0,7673.0,6.0,6.0,6047.0,1984.0,0.367,singleFamily,79,1642670.0,2025,https://www.zillow.com,https://photos.zillowstatic.com/fp/b301c9263d033b61250d7ef7324b20ca-p_c.jpg,2026-08-03 11:19,For Sale
26750181,6616 Pimlico Dr,75214,Dallas,TX,32.850113,-96.744774,625000,389.0,-50000.0,605400.0,3647.0,3.0,2.0,1605.0,1953.0,7318.08,singleFamily,38,562000.0,2025,https://www.zillow.com,https://photos.zillowstatic.com/fp/ba4dd9a68faab5fb11f467f8e18acdb7-p_c.jpg,2026-08-03 11:19,For Sale
26859033,10819 Lochspring Dr,75218,Dallas,TX,32.860165,-96.69968,1050000,385.0,-15000.0,1017400.0,4916.0,5.0,3.0,2730.0,1969.0,0.252,singleFamily,76,674270.0,2025,https://www.zillow.com,https://photos.zillowstatic.com/fp/5057cd36d9ab83978c03e7090e69066b-p_c.jpg,2026-08-03 11:19,For Sale
26883717,8434 Bellingham Dr,75228,Dallas,TX,32.798855,-96.69426,549000,229.0,,541100.0,3907.0,5.0,3.0,2395.0,1964.0,8929.8,singleFamily,24,509210.0,2025,https://www.zillow.com,https://photos.zillowstatic.com/fp/54b80c4de167be16448393de2c8fad91-p_c.jpg,2026-08-03 11:19,For Sale
26848810,13032 Copenhill Rd,75240,Dallas,TX,32.926567,-96.79998,1850000,282.0,,,,6.0,5.0,6554.0,2022.0,0.6930000000000001,singleFamily,388,2949030.0,2025,https://www.zillow.com,https://photos.zillowstatic.com/fp/3d7bc47876944a252595566299294e9f-p_c.jpg,2026-08-03 11:19,For Sale
53390066,1412 Santa Elena Plz,75211,Dallas,TX,32.733715,-96.915115,309500,164.0,-5500.0,305200.0,2542.0,4.0,3.0,1886.0,2000.0,6185.52,singleFamily,61,329800.0,2025,https://www.zillow.com,https://photos.zillowstatic.com/fp/f28dcf185c978c70092bbfb0d19bf917-p_c.jpg,2026-08-03 11:19,For Sale
26803730,5815 Boca Raton Dr,75230,Dallas,TX,32.904774,-96.80739,1915000,484.0,-165000.0,1840100.0,6291.0,4.0,4.0,3958.0,2004.0,0.354,singleFamily,58,1881010.0,2025,https://www.zillow.com,https://photos.zillowstatic.com/fp/28cc3664a64745dbad1de2b0b85cb012-p_c.jpg,2026-08-03 11:19,For Sale
26871299,7512 Woodstone Ln,75248,Dallas,TX,32.955345,-96.7779,1300000,306.0,,1234800.0,5469.0,5.0,4.0,4253.0,1967.0,0.308,singleFamily,51,699860.0,2025,https://www.zillow.com,https://photos.zillowstatic.com/fp/2c2cbbf15cb86101846157906946f603-p_c.jpg,2026-08-03 11:19,For Sale
248827887,6303 E Grand Ave,75223,Dallas,TX,32.798954,-96.74211,750000,223.0,-10000.0,,,6.0,3.0,3366.0,1947.0,9104.04,singleFamily,93,626330.0,2025,https://www.zillow.com,https://photos.zillowstatic.com/fp/19b901abfdb5190980968c4d104f09fa-p_c.jpg,2026-08-03 11:19,For Sale
26899394,9233 Church Rd APT 103,75231,Dallas,TX,32.886517,-96.73183,315000,229.0,-5000.0,310000.0,1934.0,3.0,2.0,1377.0,1981.0,1.477,condo,36,289170.0,2025,https://www.zillow.com,https://photos.zillowstatic.com/fp/2830840fa2653750433c99484460cc05-p_c.jpg,2026-08-03 11:19,For Sale
26882206,9149 Emberglow Ln,75243,Dallas,TX,32.91706,-96.73816,214999,177.0,-5001.0,210100.0,1644.0,2.0,2.0,1213.0,1972.0,5227.2,townhome,23,232490.0,2025,https://www.zillow.com,https://photos.zillowstatic.com/fp/f31869dd701989eb53b5b4fd8e2abc43-p_c.jpg,2026-08-03 11:19,For Sale
26863657,7717 Meadowhaven Dr,75254,Dallas,TX,32.948135,-96.773544,949900,341.0,-25100.0,,,4.0,4.0,2785.0,1968.0,0.302,singleFamily,4,634100.0,2025,https://www.zillow.com,https://photos.zillowstatic.com/fp/595ccd347a9fc6ea432ae15fac2956bd-p_c.jpg,2026-08-03 11:19,For Sale
26856493,3110 Palo Alto Dr,75241,Dallas,TX,32.655975,-96.77257,264900,221.0,,262100.0,1687.0,4.0,2.0,1198.0,1959.0,0.374,singleFamily,3,182930.0,2025,https://www.zillow.com,https://photos.zillowstatic.com/fp/fcbcfcab6b2c7b5fc116743b4440484b-p_c.jpg,2026-08-03 11:19,For Sale
26633863,4315 Shadow Glen Dr,75287,Dallas,TX,32.99332,-96.8352,900000,212.0,-99000.0,869100.0,4328.0,5.0,5.0,4255.0,1986.0,8712.0,singleFamily,10,855780.0,2025,https://www.zillow.com,https://photos.zillowstatic.com/fp/b1f96d554264e9af8c8e281655c4866d-p_c.jpg,2026-08-03 11:19,For Sale
26872005,7108 Hunters Ridge Dr,75248,Dallas,TX,32.955997,-96.78641,899000,263.0,-26000.0,,,4.0,4.0,3415.0,1972.0,0.306,singleFamily,114,699380.0,2025,https://www.zillow.com,https://photos.zillowstatic.com/fp/b271d6e40159e00754148e1414749a1e-p_c.jpg,2026-08-03 11:19,For Sale
26858865,11034 Ridgemeadow Dr,75218,Dallas,TX,32.858253,-96.69327,599000,268.0,,570300.0,3459.0,3.0,2.0,2234.0,1964.0,8886.24,singleFamily,5,580730.0,2025,https://www.zillow.com,https://photos.zillowstatic.com/fp/9cf68536a582ee3d678b71ef79a25206-p_c.jpg,2026-08-03 11:19,For Sale
26787893,3610 Durango Dr,75220,Dallas,TX,32.86711,-96.858284,810000,270.0,,795100.0,5146.0,4.0,4.0,3000.0,2026.0,10105.92,singleFamily,51,526820.0,2025,https://www.zillow.com,https://photos.zillowstatic.com/fp/1447424716f5a98590edc3d8f38f8d5e-p_c.jpg,2026-08-03 11:19,For Sale
26886911,8857 Flint Falls Dr,75243,Dallas,TX,32.89703,-96.738556,645000,253.0,-10000.0,727300.0,3958.0,4.0,4.0,2552.0,1975.0,9191.16,singleFamily,24,640090.0,2025,https://www.zillow.com,https://photos.zillowstatic.com/fp/b0466f3c3c30d4314d090763a6c3a593-p_c.jpg,2026-08-03 11:19,For Sale
26703103,6228 Winton St,75214,Dallas,TX,32.83526,-96.757034,399500,327.0,-5400.0,391700.0,2174.0,2.0,2.0,1223.0,1984.0,2835.0,singleFamily,125,315000.0,2025,https://www.zillow.com,https://photos.zillowstatic.com/fp/c00636e008b37a376bb16585c50b94be-p_c.jpg,2026-08-03 11:19,For Sale
69677082,1122 Jackson St APT 413,75202,Dallas,TX,32.778316,-96.80129,315000,222.0,,310600.0,2379.0,1.0,1.0,1420.0,1925.0,0.984,condo,11,369200.0,2025,https://www.zillow.com,https://photos.zillowstatic.com/fp/b928ad154616f7c05abae774bbf4d3a7-p_c.jpg,2026-08-03 11:19,For Sale
26795670,1623 Fresno St,75217,Dallas,TX,32.740612,-96.693115,240000,109.0,-25000.0,235600.0,2707.0,6.0,2.0,2194.0,1954.0,9888.12,singleFamily,75,338390.0,2025,https://www.zillow.com,https://photos.zillowstatic.com/fp/6438154e2bc5f131cea2c08f8024b641-p_c.jpg,2026-08-03 11:19,For Sale
26806704,3832 Cabana Ln,75229,Dallas,TX,32.885296,-96.852646,3695000,624.0,,3509400.0,6763.0,5.0,6.0,5924.0,2026.0,0.366,singleFamily,39,858240.0,2025,https://www.zillow.com,https://photos.zillowstatic.com/fp/a18f9d243903cf14fe645fe8539a30f4-p_c.jpg,2026-08-03 11:19,For Sale
26702043,6905 Wabash Cir,75214,Dallas,TX,32.824696,-96.74096,1739000,510.0,-11000.0,1673700.0,6217.0,5.0,3.0,3411.0,1967.0,0.294,singleFamily,65,1453030.0,2025,https://www.zillow.com,https://photos.zillowstatic.com/fp/c1cc4ccc08d3472c675cc0d1a34d9fb9-p_c.jpg,2026-08-03 11:19,For Sale
26688248,4209 Metropolitan Ave,75210,Dallas,TX,32.77526,-96.74981,184900,153.0,-10000.0,,1860.0,2.0,2.0,1208.0,2022.0,6795.36,singleFamily,178,253610.0,2025,https://www.zillow.com,https://photos.zillowstatic.com/fp/d54dbc75ce8a2fceba35b7a47d647eb7-p_c.jpg,2026-08-03 11:19,For Sale
26831966,327 Bon Aire Dr,75218,Dallas,TX,32.859634,-96.706,675000,376.0,,,,3.0,3.0,1793.0,1953.0,7318.08,singleFamily,11,466060.0,2025,https://www.zillow.com,https://photos.zillowstatic.com/fp/33334dac8ea54a94c57ed509f341da37-p_c.jpg,2026-08-03 11:19,For Sale
69676389,3110 Thomas Ave APT 121,75204,Dallas,TX,32.798294,-96.79458,830000,330.0,,,,2.0,2.0,2514.0,1998.0,1.174,condo,10,678780.0,2025,https://www.zillow.com,https://photos.zillowstatic.com/fp/0b90b9b1a71dfe11d7a85a6205609fab-p_c.jpg,2026-08-03 11:19,For Sale
26821684,3250 Highland Woods Cir,75241,Dallas,TX,32.682358,-96.765076,195000,174.0,,197200.0,1666.0,3.0,2.0,1123.0,1963.0,9844.56,singleFamily,6,257610.0,2025,https://www.zillow.com,https://photos.zillowstatic.com/fp/9389845dbb120d43948417d06faea61c-p_c.jpg,2026-08-03 11:19,For Sale
96501688,13219 Alsatian Ct,75253,Dallas,TX,32.668682,-96.61672,230000,143.0,,229200.0,2077.0,4.0,2.0,1606.0,2015.0,5140.08,singleFamily,24,279930.0,2025,https://www.zillow.com,https://photos.zillowstatic.com/fp/c90c9daf26c7f28ec501469a0ca19981-p_c.jpg,2026-08-03 11:19,For Sale
26864100,11480 Audelia Rd #238,75243,Dallas,TX,32.905064,-96.71589,133500,108.0,,127900.0,1819.0,3.0,2.0,1237.0,1980.0,9.993,condo,13,143250.0,2025,https://www.zillow.com,https://photos.zillowstatic.com/fp/8fb7df723f39c10f99c5486df6ea57cb-p_c.jpg,2026-08-03 11:19,For Sale
26761249,4902 Wenonah Dr,75209,Dallas,TX,32.84119,-96.827255,2122999,473.0,-7000.0,2068800.0,7815.0,4.0,4.0,4487.0,2025.0,9408.96,singleFamily,209,1115990.0,2025,https://www.zillow.com,https://photos.zillowstatic.com/fp/75a2404c1ecede2049b94b29af88198f-p_c.jpg,2026-08-03 11:19,For Sale
26757013,11219 Leachman Cir,75229,Dallas,TX,32.900352,-96.82221,5250000,960.0,-245000.0,4844800.0,8401.0,5.0,6.0,5470.0,1972.0,0.594,singleFamily,160,4604060.0,2025,https://www.zillow.com,https://photos.zillowstatic.com/fp/2056db3dc523d4f90aca7f3a26c19ee3-p_c.jpg,2026-08-03 11:19,For Sale
26693349,3333 Prescott Ave,75219,Dallas,TX,32.81825,-96.81566,370000,326.0,,355400.0,1971.0,2.0,2.0,1136.0,1968.0,2.531,condo,3,370340.0,2025,https://www.zillow.com,https://photos.zillowstatic.com/fp/b8fe0f5570eac38ff72fac942818411d-p_c.jpg,2026-08-03 11:19,For Sale
26809754,3145 Longbow Ct,75229,Dallas,TX,32.90782,-96.87027,525000,300.0,,,,3.0,2.0,1750.0,1960.0,0.331,singleFamily,3,355740.0,2025,https://www.zillow.com,https://photos.zillowstatic.com/fp/50cc4f083c6144336a376fd0bb1010c7-p_c.jpg,2026-08-03 11:19,For Sale
336884520,6804 Webster St,75209,Dallas,TX,32.841133,-96.83295,869000,351.0,,849600.0,5077.0,2.0,3.0,2479.0,2020.0,3136.32,singleFamily,34,823710.0,2025,https://www.zillow.com,https://photos.zillowstatic.com/fp/813337013e3bd4d23d8b9e2e507a1834-p_c.jpg,2026-08-03 11:19,For Sale
338040775,1115 S Glasgow Dr #2,75223,Dallas,TX,32.798084,-96.74307,179900,251.0,-35000.0,,1531.0,2.0,2.0,716.0,1947.0,7248.384,singleFamily,251,229300.0,2025,https://www.zillow.com,https://photos.zillowstatic.com/fp/d7dd0dfa40f57a0c13299c160f4bca59-p_c.jpg,2026-08-03 11:19,For Sale
26711286,1210 Morrell Ave,75203,Dallas,TX,32.738903,-96.80642,342500,190.0,-5000.0,,,4.0,2.0,1801.0,2023.0,6751.8,singleFamily,178,373270.0,2025,https://www.zillow.com,https://photos.zillowstatic.com/fp/693a0edf41599c64ee97e36ea44799c4-p_c.jpg,2026-08-03 11:19,For Sale
26759091,9930 Strait Ln,75220,Dallas,TX,32.878914,-96.82568,4750000,741.0,-240000.0,4334400.0,6798.0,5.0,6.0,6412.0,1971.0,0.951,singleFamily,54,3115610.0,2025,https://www.zillow.com,https://photos.zillowstatic.com/fp/d703d325e6d4af4a408b4d4bd6d72984-p_c.jpg,2026-08-03 11:19,For Sale
26780684,3423 Willow Crest Ln,75233,Dallas,TX,32.69216,-96.8773,342000,127.0,-18000.0,334400.0,3170.0,4.0,3.0,2689.0,1965.0,0.309,singleFamily,27,383920.0,2025,https://www.zillow.com,https://photos.zillowstatic.com/fp/4176bf22d8fac539786b90ab8f93f9ea-p_c.jpg,2026-08-03 11:19,For Sale
26803468,11947 Quincy Ln,75230,Dallas,TX,32.912132,-96.814674,2899000,423.0,-96000.0,2821100.0,6803.0,5.0,7.0,6856.0,2025.0,0.35900000000000004,singleFamily,80,1211780.0,2025,https://www.zillow.com,https://photos.zillowstatic.com/fp/9e9a00a6dd3288b263c05d2527a34ef6-p_c.jpg,2026-08-03 11:19,For Sale
26748994,6050 Melody Ln APT 121,75231,Dallas,TX,32.86708,-96.76039,115000,102.0,-4000.0,,1813.0,2.0,2.0,1127.0,1979.0,8.072,singleFamily,62,131380.0,2025,https://www.zillow.com,https://photos.zillowstatic.com/fp/96ebf5d4858adfb01fe23b0ffa435d2b-p_c.jpg,2026-08-03 11:19,For Sale
162813533,645 Kessler Reserve Ct,75208,Dallas,TX,32.756145,-96.833405,1795000,426.0,-80000.0,1747100.0,5191.0,4.0,4.0,4213.0,2015.0,0.34900000000000003,singleFamily,128,1702900.0,2025,https://www.zillow.com,https://photos.zillowstatic.com/fp/21f22f8b9c5cfd50ed8d159a132e2771-p_c.jpg,2026-08-03 11:19,For Sale
26752375,7276 Lupton Cir,75225,Dallas,TX,32.876987,-96.78106,2450000,448.0,,2434100.0,9878.0,4.0,6.0,5469.0,1974.0,0.529,singleFamily,4,1998430.0,2025,https://www.zillow.com,https://photos.zillowstatic.com/fp/bcf7904239dc152c7c88f85a2103e244-p_c.jpg,2026-08-03 11:19,For Sale
26915432,5210 Cliff Haven Dr,75236,Dallas,TX,32.68334,-96.93062,530000,179.0,-10000.0,,,4.0,3.0,2964.0,1992.0,0.64,singleFamily,65,519980.0,2025,https://www.zillow.com,https://photos.zillowstatic.com/fp/87b31a685542542e90808d1badf86c5f-p_c.jpg,2026-08-03 11:19,For Sale
26722691,2646 Alabama Ave,75216,Dallas,TX,32.71516,-96.819046,599000,187.0,,593100.0,4177.0,4.0,4.0,3200.0,2026.0,7710.12,singleFamily,10,85000.0,2025,https://www.zillow.com,https://photos.zillowstatic.com/fp/d2acfd853d2e722b03e0aa311900a114-p_c.jpg,2026-08-03 11:19,For Sale
26705505,6729 Ravendale Ln,75214,Dallas,TX,32.842293,-96.74659,2150000,491.0,,2093000.0,4801.0,4.0,5.0,4375.0,2026.0,7840.8,singleFamily,25,702880.0,2025,https://www.zillow.com,https://photos.zillowstatic.com/fp/cdec63728925ffddecb19e8d094f70bd-p_c.jpg,2026-08-03 11:19,For Sale
26923643,4303 Buena Vista St #202,75205,Dallas,TX,32.81957,-96.794044,255000,398.0,,244200.0,1616.0,1.0,1.0,640.0,1983.0,0.515,condo,7,216110.0,2025,https://www.zillow.com,https://photos.zillowstatic.com/fp/99b66330eb737503c2bb9b4b36848617-p_c.jpg,2026-08-03 11:19,For Sale
339377551,1852 Mecca St,75206,Dallas,TX,32.812443,-96.7625,959000,342.0,,945600.0,7315.0,4.0,4.0,2806.0,2023.0,1398.276,singleFamily,16,838000.0,2025,https://www.zillow.com,https://photos.zillowstatic.com/fp/0776b6582d11ed2333fb02a01598675d-p_c.jpg,2026-08-03 11:19,For Sale
26739956,8718 San Benito Way,75218,Dallas,TX,32.8194,-96.70518,1649000,412.0,-50000.0,,,5.0,5.0,4000.0,2026.0,8058.6,singleFamily,24,505860.0,2025,https://www.zillow.com,https://photos.zillowstatic.com/fp/155e587c9bb3e39e3f39287da04673cd-p_c.jpg,2026-08-03 11:19,For Sale
26698880,5210 Edmondson Ave,75209,Dallas,TX,32.83299,-96.822495,2490000,764.0,-100000.0,2349500.0,7870.0,3.0,5.0,3258.0,1951.0,0.317,singleFamily,88,2100000.0,2025,https://www.zillow.com,https://photos.zillowstatic.com/fp/0d58317b73e16e5278fdc96bd665e586-p_c.jpg,2026-08-03 11:19,For Sale
26859518,7211 Valley View Pl,75240,Dallas,TX,32.927677,-96.78114,995000,308.0,-55000.0,,,4.0,4.0,3232.0,1978.0,0.571,singleFamily,76,1138740.0,2025,https://www.zillow.com,https://photos.zillowstatic.com/fp/15bdbeab4c21af31344e4381dff301dd-p_c.jpg,2026-08-03 11:19,For Sale
26843549,8938 Lockhaven Dr,75238,Dallas,TX,32.869846,-96.70643,575000,364.0,,540000.0,2991.0,3.0,2.0,1580.0,1955.0,8145.72,singleFamily,2,493000.0,2025,https://www.zillow.com,https://photos.zillowstatic.com/fp/2ad74c807e4e6515adedea0fbdaac2d1-p_c.jpg,2026-08-03 11:19,For Sale
96518147,4128 Pluto St,75212,Dallas,TX,32.791786,-96.89073,550000,182.0,,546800.0,4453.0,4.0,4.0,3016.0,2025.0,7666.56,singleFamily,78,600000.0,2025,https://www.zillow.com,https://photos.zillowstatic.com/fp/f520770547ae57c1d6aa0762dc5adbaf-p_c.jpg,2026-08-03 11:19,For Sale
26930024,3310 Fairmount St APT 16B,75201,Dallas,TX,32.801342,-96.808525,550000,303.0,,521600.0,2868.0,2.0,2.0,1813.0,1964.0,2.39,condo,11,571100.0,2025,https://www.zillow.com,https://photos.zillowstatic.com/fp/765283f55ba506ac9e4134faee788826-p_c.jpg,2026-08-03 11:19,For Sale
69677071,1122 Jackson St APT 322,75202,Dallas,TX,32.778366,-96.80132,199900,238.0,,,,1.0,1.0,840.0,1925.0,0.984,condo,157,230300.0,2025,https://www.zillow.com,https://photos.zillowstatic.com/fp/e40ab909d0281b8bb58c1683a2819881-p_c.jpg,2026-08-03 11:19,For Sale
96519586,1407 Pueblo St,75212,Dallas,TX,32.780365,-96.84303,795000,256.0,-29999.0,785200.0,5152.0,4.0,5.0,3100.0,2026.0,7492.32,singleFamily,61,225000.0,2025,https://www.zillow.com,https://photos.zillowstatic.com/fp/421fbd987d1baef9e7c85ba0ec7a4406-p_c.jpg,2026-08-03 11:19,For Sale
96500181,3823 Colonial Ave,75215,Dallas,TX,32.754543,-96.76875,145000,134.0,,,1837.0,3.0,2.0,1080.0,2020.0,6098.4,singleFamily,5,245600.0,2025,https://www.zillow.com,https://photos.zillowstatic.com/fp/98f1efc1ad9c4dc7f468251350d9cd3f-p_c.jpg,2026-08-03 11:19,For Sale
26756533,6449 Royalton Dr,75230,Dallas,TX,32.897522,-96.79476,1950000,304.0,-50000.0,,,6.0,7.0,6411.0,2020.0,0.367,singleFamily,115,3669250.0,2025,https://www.zillow.com,https://photos.zillowstatic.com/fp/f8792c7f00bd252ff3a8803b172d354b-p_c.jpg,2026-08-03 11:19,For Sale
26735909,8730 Rexford Dr,75209,Dallas,TX,32.857147,-96.84684,1750000,380.0,-125000.0,1712000.0,7564.0,5.0,6.0,4604.0,2025.0,6969.6,singleFamily,62,1182050.0,2025,https://www.zillow.com,https://photos.zillowstatic.com/fp/4f435a5240bd1f4cbd95420934668c5d-p_c.jpg,2026-08-03 11:19,For Sale
55827123,2305 Worthington St APT 114,75204,Dallas,TX,32.79578,-96.79886,475000,367.0,-5000.0,463900.0,3423.0,2.0,2.0,1295.0,1999.0,1.665,condo,79,492120.0,2025,https://www.zillow.com,https://photos.zillowstatic.com/fp/ba44945d405bf92ac4afb0eff833580f-p_c.jpg,2026-08-03 11:19,For Sale
26829433,5612 Harvest Hill Rd,75230,Dallas,TX,32.922264,-96.810715,255000,222.0,,244700.0,1890.0,2.0,2.0,1150.0,1970.0,3179.88,townhome,3,225470.0,2025,https://www.zillow.com,https://photos.zillowstatic.com/fp/f78d65ff702a9d5b87511cd6aa0d4b19-p_c.jpg,2026-08-03 11:19,For Sale
26840194,9357 Creel Creek Dr,75228,Dallas,TX,32.82141,-96.69606,865000,264.0,,,,4.0,5.0,3276.0,1965.0,10802.88,singleFamily,18,659130.0,2025,https://www.zillow.com,https://photos.zillowstatic.com/fp/e0cf76f45a566167d60d4f7442643c2a-p_c.jpg,2026-08-03 11:19,For Sale
26803295,11444 Parkchester Dr,75230,Dallas,TX,32.904186,-96.79878,4850000,721.0,,4622400.0,7820.0,5.0,7.0,6729.0,2025.0,0.378,singleFamily,41,905850.0,2025,https://www.zillow.com,https://photos.zillowstatic.com/fp/4d66974dee5eb3967f689ad3cc0240b9-p_c.jpg,2026-08-03 11:19,For Sale
26610131,7306 Highland Glen Trl,75248,Dallas,TX,32.98711,-96.781235,499000,248.0,,481900.0,2820.0,3.0,3.0,2009.0,1981.0,6534.0,singleFamily,31,562261.0,2025,https://www.zillow.com,https://photos.zillowstatic.com/fp/c0a9962b732a37422d570b03eb50e06d-p_c.jpg,2026-08-03 11:19,For Sale
83995110,9131 Cochran Bluff Ln,75220,Dallas,TX,32.863655,-96.84159,799000,224.0,-50000.0,789800.0,6557.0,4.0,4.0,3561.0,2007.0,6089.688,singleFamily,94,1001910.0,2025,https://www.zillow.com,https://photos.zillowstatic.com/fp/f56847586aebb653b9cefaa56e856053-p_c.jpg,2026-08-03 11:19,For Sale
26874003,6915 Middle Cove Dr,75248,Dallas,TX,32.970566,-96.78782,2250000,444.0,-50000.0,2187700.0,6374.0,6.0,8.0,5072.0,2026.0,8581.32,singleFamily,101,700320.0,2025,https://www.zillow.com,https://photos.zillowstatic.com/fp/635bf9afd51acec31b931d6dedbf3382-p_c.jpg,2026-08-03 11:19,For Sale
26846390,2304 Babalos Ln,75228,Dallas,TX,32.80822,-96.676125,399999,211.0,-10000.0,394300.0,2873.0,3.0,3.0,1892.0,1968.0,8433.216,singleFamily,40,361940.0,2025,https://www.zillow.com,https://photos.zillowstatic.com/fp/829ca234a8ff634af94febd0aac544b5-p_c.jpg,2026-08-03 11:19,For Sale
26759674,9525 Alva Ct,75220,Dallas,TX,32.87314,-96.81626,9600000,870.0,-300000.0,8892700.0,7728.0,6.0,9.0,11037.0,2002.0,0.844,singleFamily,76,7000000.0,2025,https://www.zillow.com,https://photos.zillowstatic.com/fp/1af6a1b29c22fa9d3cf7f5391b89367d-p_c.jpg,2026-08-03 11:19,For Sale
26609033,4123 Lawngate Dr,75287,Dallas,TX,33.003246,-96.839935,434900,219.0,-15000.0,,,3.0,3.0,1990.0,1984.0,8276.4,singleFamily,65,496236.0,2025,https://www.zillow.com,https://photos.zillowstatic.com/fp/b4328aac16b269164f9c91c1063b80f0-p_c.jpg,2026-08-03 11:19,For Sale
26751704,7639 Lovers Ln,75225,Dallas,TX,32.85137,-96.775406,1550000,540.0,-50000.0,1492800.0,5697.0,4.0,4.0,2868.0,1946.0,8407.08,singleFamily,149,1269230.0,2025,https://www.zillow.com,https://photos.zillowstatic.com/fp/c51ed64711996573f7948e47031794ca-p_c.jpg,2026-08-03 11:19,For Sale
96527322,2370 Fatima Ave,75241,Dallas,TX,32.67423,-96.78172,415000,211.0,-24000.0,,,3.0,2.0,1970.0,2025.0,7405.2,singleFamily,24,179880.0,2025,https://www.zillow.com,https://photos.zillowstatic.com/fp/c7261e154fe7d778d223134e303ac02f-p_c.jpg,2026-08-03 11:19,For Sale
26804209,5205 Royal Ln,75229,Dallas,TX,32.895317,-96.81789,3967000,597.0,,,,5.0,8.0,6647.0,1972.0,1.0,singleFamily,68,2210000.0,2025,https://www.zillow.com,https://photos.zillowstatic.com/fp/287986ed7c492dd54e73f5c8f68b497f-p_c.jpg,2026-08-03 11:19,For Sale
26852429,7959 Greenhollow Ln,75240,Dallas,TX,32.938297,-96.770325,415000,185.0,,405500.0,3139.0,4.0,3.0,2241.0,1969.0,10715.76,singleFamily,8,487000.0,2025,https://www.zillow.com,https://photos.zillowstatic.com/fp/21732871f4f4e93e5a5cd923dec55f8d-p_c.jpg,2026-08-03 11:19,For Sale
26797645,459 Alcorn Ave,75217,Dallas,TX,32.71899,-96.704094,115000,84.0,,,,3.0,2.0,1362.0,1959.0,9496.08,singleFamily,21,222950.0,2025,https://www.zillow.com,https://photos.zillowstatic.com/fp/351e91e8e897eef96e89b6bdfc276eaf-p_c.jpg,2026-08-03 11:19,For Sale
26767220,2402 E Overton Rd,75216,Dallas,TX,32.708187,-96.79084,280000,143.0,-10000.0,277100.0,2428.0,4.0,4.0,1956.0,1950.0,8407.08,singleFamily,58,191430.0,2025,https://www.zillow.com,https://photos.zillowstatic.com/fp/c1e22b23d5e025f72c0ac557ce5aab48-p_c.jpg,2026-08-03 11:19,For Sale
162175878,5457 Bonita Ave,75206,Dallas,TX,32.818462,-96.77495,2199995,516.0,-100000.0,2130800.0,6602.0,4.0,5.0,4265.0,2026.0,7753.68,singleFamily,86,606610.0,2025,https://www.zillow.com,https://photos.zillowstatic.com/fp/d4210397d494231283b746598c8fefc0-p_c.jpg,2026-08-03 11:19,For Sale
26893277,10202 Deer Hollow Dr,75249,Dallas,TX,32.62408,-96.94951,199000,130.0,,,,3.0,2.0,1527.0,1979.0,6621.12,singleFamily,3,254850.0,2025,https://www.zillow.com,https://photos.zillowstatic.com/fp/71cced31412e4014b0bb7c8feecfa3de-p_c.jpg,2026-08-03 11:19,For Sale
162435831,2220 Canton St APT 407,75201,Dallas,TX,32.780376,-96.78904,675000,294.0,-24000.0,643400.0,4134.0,2.0,3.0,2296.0,1925.0,0.9590000000000001,condo,143,519000.0,2025,https://www.zillow.com,https://photos.zillowstatic.com/fp/365bda110c1e00d0248d5b976045f882-p_c.jpg,2026-08-03 11:19,For Sale
26890526,7720 Lone Moor Cir,75248,Dallas,TX,32.983692,-96.77365,665000,238.0,-10000.0,645900.0,3093.0,3.0,3.0,2798.0,1978.0,0.28500000000000003,singleFamily,9,755990.0,2025,https://www.zillow.com,https://photos.zillowstatic.com/fp/eb8220297a594172b5895ff20fe12384-p_c.jpg,2026-08-03 11:19,For Sale
26892307,7105 Pineberry Rd,75249,Dallas,TX,32.636818,-96.9457,185000,151.0,-14000.0,183400.0,1551.0,2.0,2.0,1227.0,1981.0,5140.08,singleFamily,79,210150.0,2025,https://www.zillow.com,https://photos.zillowstatic.com/fp/75724265ff120ff4fd9b8f455d307231-p_c.jpg,2026-08-03 11:19,For Sale
26792481,4006 Walnut Hill Ln,75229,Dallas,TX,32.880005,-96.846016,899000,509.0,-50900.0,,,3.0,2.0,1767.0,1953.0,0.512,singleFamily,51,745000.0,2025,https://www.zillow.com,https://photos.zillowstatic.com/fp/2c0a45848b22b032b809fa5dcd8a2ef3-p_c.jpg,2026-08-03 11:19,For Sale
65391338,6347 Woodland Dr,75225,Dallas,TX,32.872505,-96.79568,5750000,742.0,,5538600.0,22695.0,6.0,7.0,7746.0,1996.0,0.5234,singleFamily,9,2990000.0,2025,https://www.zillow.com,https://photos.zillowstatic.com/fp/4699e93e56dc55d568d3c7ae1fff8e24-p_c.jpg,2026-08-03 11:19,For Sale
26768168,1603 Bonnie View Rd,75203,Dallas,TX,32.7288,-96.79231,330000,171.0,,,,4.0,3.0,1930.0,1970.0,0.261,singleFamily,114,270030.0,2025,https://www.zillow.com,https://photos.zillowstatic.com/fp/83d46985b6ed79054ddfcc62c1ac51ab-p_c.jpg,2026-08-03 11:19,For Sale
441553139,1159 Riverwood Rd,75217,Dallas,TX,32.696877,-96.69022,395000,202.0,,393900.0,2780.0,3.0,2.0,1953.0,2026.0,0.32,singleFamily,93,,,https://www.zillow.com,https://photos.zillowstatic.com/fp/5e60edef3e0dc6d52b2c328b05e87f0f-p_c.jpg,2026-08-03 11:19,For Sale
26880235,4064 High Summit Dr,75244,Dallas,TX,32.918484,-96.843925,725000,285.0,,695500.0,3432.0,4.0,3.0,2543.0,1969.0,0.28400000000000003,singleFamily,6,580000.0,2025,https://www.zillow.com,https://photos.zillowstatic.com/fp/299254aa5b65327476991589c7fea8e8-p_c.jpg,2026-08-03 11:19,For Sale
26678626,5644 E Side Ave,75214,Dallas,TX,32.801502,-96.75402,399900,236.0,-30000.0,394700.0,3488.0,3.0,2.0,1698.0,1922.0,7492.32,singleFamily,179,475000.0,2025,https://www.zillow.com,https://photos.zillowstatic.com/fp/1ca3a985f6e82c6a4ea6162c53d3e7cb-p_c.jpg,2026-08-03 11:19,For Sale
26717936,2539 Sharon St,75211,Dallas,TX,32.73043,-96.86083,269900,203.0,-5000.0,265500.0,2427.0,3.0,2.0,1328.0,1933.0,6882.48,singleFamily,98,275390.0,2025,https://www.zillow.com,https://photos.zillowstatic.com/fp/f4879c8a4cc34afb6b68e5cdb38b20bd-p_c.jpg,2026-08-03 11:19,For Sale
26690226,6047 Vickery Blvd,75206,Dallas,TX,32.82314,-96.76171,684000,378.0,-15000.0,663600.0,3039.0,2.0,2.0,1808.0,1932.0,7013.16,singleFamily,88,585660.0,2025,https://www.zillow.com,https://photos.zillowstatic.com/fp/ff196e095d49546e26a88575b57c0124-p_c.jpg,2026-08-03 11:19,For Sale
453046203,9839 Walnut St APT T206,75243,Dallas,TX,32.916245,-96.736465,66500,65.0,-500.0,,1496.0,2.0,2.0,1031.0,1981.0,,condo,90,,,https://www.zillow.com,https://photos.zillowstatic.com/fp/74d8b81a585e6d3939040f4bfa812cdf-p_c.jpg,2026-08-03 11:19,For Sale
26751579,7735 Deer Trail Dr,75238,Dallas,TX,32.86573,-96.7298,680000,379.0,,,,3.0,3.0,1794.0,1958.0,9539.64,singleFamily,29,614840.0,2025,https://www.zillow.com,https://photos.zillowstatic.com/fp/a92aa780756ed20cf4e9b7b79fd36244-p_c.jpg,2026-08-03 11:19,For Sale
26924858,4221 Cole Ave APT 202,75205,Dallas,TX,32.817375,-96.79252,399900,310.0,,387500.0,2885.0,2.0,2.0,1291.0,1983.0,0.413,condo,12,361380.0,2025,https://www.zillow.com,https://photos.zillowstatic.com/fp/853a8d94ce97813437c3d78e67f91406-p_c.jpg,2026-08-03 11:19,For Sale
26809979,11608 Sonnet Dr,75229,Dallas,TX,32.90681,-96.86015,650000,236.0,,626200.0,4512.0,3.0,3.0,2752.0,1959.0,0.301,singleFamily,10,606640.0,2025,https://www.zillow.com,https://photos.zillowstatic.com/fp/337dbbea65325e7a1df84da09841a151-p_c.jpg,2026-08-03 11:19,For Sale
26690170,5727 Vickery Blvd,75206,Dallas,TX,32.823208,-96.768974,1175000,474.0,,1133100.0,5615.0,3.0,3.0,2481.0,2002.0,7013.16,singleFamily,11,890940.0,2025,https://www.zillow.com,https://photos.zillowstatic.com/fp/ac2d5aa5ad238f74df2957c65c165eba-p_c.jpg,2026-08-03 11:19,For Sale
303985268,8205 Plumbago Way,75252,Dallas,TX,32.98507,-96.7605,829000,266.0,-10000.0,812800.0,5210.0,4.0,4.0,3113.0,2019.0,7187.4,singleFamily,23,788290.0,2025,https://www.zillow.com,https://photos.zillowstatic.com/fp/5a5bd0e1dea216a3c2184c2ef628d28d-p_c.jpg,2026-08-03 11:19,For Sale
26870922,7241 Cliffbrook Dr,75254,Dallas,TX,32.946133,-96.77873,1200000,231.0,,,,5.0,7.0,5197.0,1968.0,0.422,singleFamily,18,1188980.0,2025,https://www.zillow.com,https://photos.zillowstatic.com/fp/2108042d88f9bf849fa256c955d50440-p_c.jpg,2026-08-03 11:19,For Sale
26691606,5211 Miller Ave,75206,Dallas,TX,32.82157,-96.78186,1395000,502.0,,1325000.0,7534.0,3.0,4.0,2780.0,2009.0,7797.24,singleFamily,30,1151370.0,2025,https://www.zillow.com,https://photos.zillowstatic.com/fp/9066edd47c84235350e647fa1b2a3ba9-p_c.jpg,2026-08-03 11:19,For Sale
26792745,10050 Gooding Dr,75229,Dallas,TX,32.88201,-96.843,2999900,492.0,300000.0,,,5.0,6.0,6100.0,2025.0,0.344,singleFamily,88,1063050.0,2025,https://www.zillow.com,https://photos.zillowstatic.com/fp/e9185bfb300a957216a9364084346b68-p_c.jpg,2026-08-03 11:19,For Sale
26704415,5418 Martel Ave,75206,Dallas,TX,32.831528,-96.77648,850000,339.0,,821000.0,5384.0,3.0,3.0,2509.0,2006.0,3397.68,singleFamily,16,801350.0,2025,https://www.zillow.com,https://photos.zillowstatic.com/fp/e3d02668cd0cb5a20f514df0301ace04-p_c.jpg,2026-08-03 11:19,For Sale
26845164,11622 Valley Dale Dr,75230,Dallas,TX,32.90925,-96.77604,1499000,342.0,-75000.0,1458100.0,8664.0,4.0,6.0,4388.0,1983.0,0.63,singleFamily,149,1140000.0,2025,https://www.zillow.com,https://photos.zillowstatic.com/fp/c3d3373305c5059c25dec848b91e6d61-p_c.jpg,2026-08-03 11:19,For Sale
26790291,3845 Van Ness Ln,75220,Dallas,TX,32.872776,-96.84987,1799995,378.0,,1742800.0,4675.0,6.0,7.0,4760.0,2025.0,8232.84,singleFamily,23,430000.0,2025,https://www.zillow.com,https://photos.zillowstatic.com/fp/3814f8f2d915a6bdeb9aee9eb45d4e7f-p_c.jpg,2026-08-03 11:19,For Sale
26911006,13836 Rockbend Pl,75240,Dallas,TX,32.935722,-96.788185,995000,389.0,,948200.0,4950.0,3.0,3.0,2560.0,1988.0,6577.56,singleFamily,71,812450.0,2025,https://www.zillow.com,https://photos.zillowstatic.com/fp/374c0698eb7758063a7f209388207c51-p_c.jpg,2026-08-03 11:19,For Sale
26748533,6214 Danbury Ln,75214,Dallas,TX,32.848488,-96.75715,1195000,317.0,-100000.0,1145200.0,6942.0,4.0,4.0,3766.0,1970.0,8624.88,singleFamily,66,980000.0,2025,https://www.zillow.com,https://photos.zillowstatic.com/fp/291d78fc610b9724c75a208a4776078d-p_c.jpg,2026-08-03 11:19,For Sale
26682434,4900 Victor St,75214,Dallas,TX,32.797035,-96.76548,875000,310.0,,844600.0,4563.0,3.0,3.0,2826.0,1984.0,9191.16,singleFamily,37,860870.0,2025,https://www.zillow.com,https://photos.zillowstatic.com/fp/fe8ffcf30a984f1d6c0b5b3c786536a6-p_c.jpg,2026-08-03 11:19,For Sale
26739325,8522 Park Ln APT 15,75231,Dallas,TX,32.87035,-96.75758,215000,101.0,-5000.0,205200.0,2017.0,3.0,3.0,2120.0,1979.0,1.235,condo,58,275600.0,2025,https://www.zillow.com,https://photos.zillowstatic.com/fp/93074ac32cf753c068a038fb0c32d087-p_c.jpg,2026-08-03 11:19,For Sale
26812625,2909 Silverton Dr,75229,Dallas,TX,32.89979,-96.8809,379000,255.0,-6000.0,368800.0,3037.0,3.0,2.0,1488.0,1959.0,8102.16,singleFamily,40,365700.0,2025,https://www.zillow.com,https://photos.zillowstatic.com/fp/ff6e0f9f4ea0b0f4d588e2e04d790d58-p_c.jpg,2026-08-03 11:19,For Sale
26790496,3766 Manana Dr,75220,Dallas,TX,32.87363,-96.85329,1490000,433.0,,1427000.0,4967.0,3.0,3.0,3440.0,2019.0,10323.72,singleFamily,9,1194880.0,2025,https://www.zillow.com,https://photos.zillowstatic.com/fp/3dcfe837efe132ca924b11fbab79b4b1-p_c.jpg,2026-08-03 11:19,For Sale
26637978,17927 Windflower Way,75252,Dallas,TX,32.996372,-96.80392,395000,182.0,-14900.0,388800.0,3189.0,3.0,3.0,2174.0,1990.0,4225.32,singleFamily,115,454758.0,2025,https://www.zillow.com,https://photos.zillowstatic.com/fp/4c5259b325b83ee8aa05f6f603970e5c-p_c.jpg,2026-08-03 11:19,For Sale
26689423,717 Ridgeway St,75214,Dallas,TX,32.8086,-96.75718,1350000,508.0,,1283800.0,5074.0,3.0,4.0,2656.0,1923.0,8058.6,singleFamily,65,745660.0,2025,https://www.zillow.com,https://photos.zillowstatic.com/fp/760b91f38c0bb791a9116fb08d8441e8-p_c.jpg,2026-08-03 11:19,For Sale
26905998,4315 Northaven Rd,75229,Dallas,TX,32.90258,-96.8358,1770000,488.0,-28000.0,1721500.0,7030.0,4.0,3.0,3627.0,1997.0,0.427,singleFamily,88,1577100.0,2025,https://www.zillow.com,https://photos.zillowstatic.com/fp/54a39644d152ec1abee2fc6b95a293e7-p_c.jpg,2026-08-03 11:19,For Sale
54010848,17911 Meadowchase Way,75287,Dallas,TX,32.99258,-96.860535,389900,157.0,-9100.0,,3057.0,4.0,3.0,2481.0,1995.0,5227.2,singleFamily,86,446223.0,2025,https://www.zillow.com,https://photos.zillowstatic.com/fp/2d2bbd8bcc98a3224bb5346b1771b36c-p_c.jpg,2026-08-03 11:19,For Sale
67965242,3225 Turtle Creek Blvd #640,75219,Dallas,TX,32.806835,-96.80463,189000,351.0,,,1264.0,0.0,1.0,538.0,1998.0,3.536,condo,3,182920.0,2025,https://www.zillow.com,https://photos.zillowstatic.com/fp/0a43af87badb4b9cc12564b39a55d541-p_c.jpg,2026-08-03 11:19,For Sale
96513148,228 Great Plains Ave,75241,Dallas,TX,32.651688,-96.820114,309900,128.0,-4000.0,309100.0,2850.0,5.0,3.0,2428.0,2010.0,5009.4,singleFamily,10,331000.0,2025,https://www.zillow.com,https://photos.zillowstatic.com/fp/c56484a3c5892b428c7dd35e0e446d55-p_c.jpg,2026-08-03 11:19,For Sale
55827313,2011 Cedar Springs Rd APT 606,75201,Dallas,TX,32.791203,-96.80547,2750000,591.0,-100000.0,2584100.0,7467.0,2.0,3.0,4655.0,1999.0,0.981,condo,198,2630080.0,2025,https://www.zillow.com,https://photos.zillowstatic.com/fp/4b32446b54d460499210c02631c189bd-p_c.jpg,2026-08-03 11:19,For Sale
26688370,2725 1st Ave,75210,Dallas,TX,32.767334,-96.750824,258900,144.0,,258200.0,2612.0,3.0,3.0,1800.0,2025.0,5575.68,singleFamily,12,199530.0,2025,https://www.zillow.com,https://photos.zillowstatic.com/fp/eb092f9bc635c7c350acb6986e06ce74-p_c.jpg,2026-08-03 11:19,For Sale
80224298,1200 Main St APT 701,75202,Dallas,TX,32.77981,-96.80127,389900,251.0,,381300.0,3820.0,3.0,3.0,1551.0,1974.0,1.033,condo,60,407000.0,2025,https://www.zillow.com,https://photos.zillowstatic.com/fp/0d4641322368a5ef6c9672c06ecb44c3-p_c.jpg,2026-08-03 11:19,For Sale
26887276,6306 Oakleaf Rd,75248,Dallas,TX,32.96487,-96.79694,798000,271.0,-1000.0,765300.0,5803.0,4.0,3.0,2946.0,1979.0,10672.2,singleFamily,6,775800.0,2025,https://www.zillow.com,https://photos.zillowstatic.com/fp/0a2dc0b0066dfd71a5441dc8dd541694-p_c.jpg,2026-08-03 11:19,For Sale
26822369,3035 Simpson Stuart Rd,75241,Dallas,TX,32.670807,-96.77128,27000,,,,1703.0,,,,,2.075,land,44,158090.0,2025,https://www.zillow.com,https://photos.zillowstatic.com/fp/506f70a26574b3b41765043268c32a11-p_c.jpg,2026-08-03 11:19,For Sale
26874095,15926 Windy Meadow Dr,75248,Dallas,TX,32.97028,-96.784904,900000,304.0,-10000.0,885200.0,4097.0,4.0,3.0,2961.0,1975.0,8189.28,singleFamily,177,607990.0,2025,https://www.zillow.com,https://photos.zillowstatic.com/fp/a9d3ebdb051dac6d20765fe5681a16f0-p_c.jpg,2026-08-03 11:19,For Sale
26693900,6251 Palo Pinto Ave,75214,Dallas,TX,32.82035,-96.75662,2149000,490.0,,2075100.0,7782.0,4.0,5.0,4387.0,2026.0,7492.32,singleFamily,72,620580.0,2025,https://www.zillow.com,https://photos.zillowstatic.com/fp/b27a600e5b3abd08719dd35cd703bd58-p_c.jpg,2026-08-03 11:19,For Sale
26701227,7027 Casa Loma Ave,75214,Dallas,TX,32.81286,-96.73684,2199000,454.0,,2081000.0,7866.0,4.0,6.0,4844.0,2016.0,8232.84,singleFamily,44,1897400.0,2025,https://www.zillow.com,https://photos.zillowstatic.com/fp/9fc7db61d96dd4dd58afcb16996c1f21-p_c.jpg,2026-08-03 11:19,For Sale
26908150,2767 Oak Bend Ln,75227,Dallas,TX,32.75611,-96.64018,245000,199.0,,,,3.0,2.0,1230.0,2000.0,3528.36,singleFamily,1,243430.0,2025,https://www.zillow.com,https://photos.zillowstatic.com/fp/f200fb3fe1917363e16f51d1830c3774-p_c.jpg,2026-08-03 11:19,For Sale
26882898,12929 Jasoncrest Trl,75243,Dallas,TX,32.925285,-96.71173,489999,198.0,-10001.0,479000.0,3095.0,4.0,3.0,2474.0,1985.0,0.299,singleFamily,53,390380.0,2025,https://www.zillow.com,https://photos.zillowstatic.com/fp/01063a1c3d4c090313770946a093e2fb-p_c.jpg,2026-08-03 11:19,For Sale
26872504,6740 Orangewood Dr,75248,Dallas,TX,32.957245,-96.793,899500,371.0,,,,3.0,3.0,2422.0,1970.0,9888.12,singleFamily,4,533340.0,2025,https://www.zillow.com,https://photos.zillowstatic.com/fp/e60c707161a482b8b87f80849b60f5c7-p_c.jpg,2026-08-03 11:19,For Sale
55172819,3172 Harbinger Ln,75287,Dallas,TX,32.99436,-96.86639,275000,217.0,-24000.0,271900.0,1954.0,2.0,2.0,1268.0,1984.0,4312.44,singleFamily,116,304124.0,2025,https://www.zillow.com,https://photos.zillowstatic.com/fp/a974d831dfd59004825cca0c17791f82-p_c.jpg,2026-08-03 11:19,For Sale
26758535,4323 Middleton Rd,75229,Dallas,TX,32.88603,-96.836235,3549000,597.0,-142000.0,3415400.0,6281.0,5.0,7.0,5945.0,2023.0,0.428,singleFamily,108,3344760.0,2025,https://www.zillow.com,https://photos.zillowstatic.com/fp/d5b50d5876a2018788fa9195c5ce9651-p_c.jpg,2026-08-03 11:19,For Sale
464264125,6129 & 6131 Reiger Ave,75214,Dallas,TX,32.807922,-96.75013,699900,246.0,-17100.0,,,4.0,4.0,2840.0,1929.0,9016.92,multiFamily,107,,,https://www.zillow.com,https://photos.zillowstatic.com/fp/3405478327cd7797ddba67562eb1ad42-p_c.jpg,2026-08-03 11:19,For Sale
26788556,9939 Ontario Ln,75220,Dallas,TX,32.879276,-96.84191,2399900,469.0,-100000.0,,,4.0,5.0,5116.0,2025.0,9321.84,singleFamily,80,686360.0,2025,https://www.zillow.com,https://photos.zillowstatic.com/fp/e60ef3e0dee172e1f5f4289544e75c46-p_c.jpg,2026-08-03 11:19,For Sale
26812115,7211 Lavendale Cir,75230,Dallas,TX,32.896835,-96.78146,975000,323.0,,923900.0,5289.0,3.0,3.0,3021.0,1978.0,0.286,singleFamily,15,1023450.0,2025,https://www.zillow.com,https://photos.zillowstatic.com/fp/d5aaae6eeeb9eba709a11aa917619bdd-p_c.jpg,2026-08-03 11:19,For Sale
80241894,2900 McKinnon St APT 2802,75201,Dallas,TX,32.79606,-96.808716,3850000,1093.0,,,,3.0,4.0,3523.0,2005.0,1.311,condo,3,2935550.0,2025,https://www.zillow.com,https://photos.zillowstatic.com/fp/0727fc90327b9380a3fcea487a2036b1-p_c.jpg,2026-08-03 11:19,For Sale
26686305,2714 Lenway St,75215,Dallas,TX,32.765194,-96.765,180000,148.0,,,2571.0,7.0,4.0,1218.0,1930.0,6141.96,singleFamily,23,138560.0,2025,https://www.zillow.com,https://photos.zillowstatic.com/fp/eb17c3a453aac032687224c5e1219a68-p_c.jpg,2026-08-03 11:19,For Sale
65365446,17254 Lechlade Ln,75252,Dallas,TX,32.98709,-96.80541,575000,302.0,,556700.0,2791.0,3.0,3.0,1903.0,2004.0,3397.68,townhome,2,548598.0,2025,https://www.zillow.com,https://photos.zillowstatic.com/fp/1ef6399da17d27dab2165a10a5725166-p_c.jpg,2026-08-03 11:19,For Sale
26779439,1631 Windchime Dr,75224,Dallas,TX,32.69317,-96.849174,375000,189.0,,365200.0,3448.0,4.0,3.0,1986.0,1968.0,7274.52,singleFamily,28,329600.0,2025,https://www.zillow.com,https://photos.zillowstatic.com/fp/34572a6f102ee139c487f6600ee9b181-p_c.jpg,2026-08-03 11:19,For Sale
26754381,6615 Northwood Rd,75225,Dallas,TX,32.869884,-96.79081,2999000,508.0,-101000.0,2857300.0,16156.0,5.0,6.0,5898.0,2016.0,10018.8,singleFamily,61,3018410.0,2025,https://www.zillow.com,https://photos.zillowstatic.com/fp/f083cac089b0e11e088aaad39672594a-p_c.jpg,2026-08-03 11:19,For Sale
26911045,13 Downs Lake Cir,75230,Dallas,TX,32.919495,-96.78964,2999000,361.0,,2786400.0,7205.0,5.0,9.0,8319.0,1993.0,0.315,singleFamily,130,2038060.0,2025,https://www.zillow.com,https://photos.zillowstatic.com/fp/a64912888b0e1641eb43b0e862c23567-p_c.jpg,2026-08-03 11:19,For Sale
26931688,9823 Walnut St #303,75243,Dallas,TX,32.922836,-96.71392,42000,86.0,,47000.0,1108.0,1.0,1.0,486.0,1982.0,8.814,condo,2,61970.0,2025,https://www.zillow.com,https://photos.zillowstatic.com/fp/185d2228602564d43aa83d8699c05914-p_c.jpg,2026-08-03 11:19,For Sale
26926316,2220 Canton St APT 401,75201,Dallas,TX,32.780212,-96.7885,1150000,421.0,-50000.0,,,2.0,3.0,2729.0,1925.0,0.9590000000000001,condo,86,740080.0,2025,https://www.zillow.com,https://photos.zillowstatic.com/fp/df003a86993349b38489be109af98487-p_c.jpg,2026-08-03 11:19,For Sale
162361676,9946 Vistadale Dr,75238,Dallas,TX,32.888195,-96.71434,785000,343.0,,,,4.0,3.0,2286.0,1966.0,8799.12,singleFamily,38,583000.0,2025,https://www.zillow.com,https://photos.zillowstatic.com/fp/c515e35fc0ce64b7e10ecf808ffe36ed-p_c.jpg,2026-08-03 11:19,For Sale
26738913,7145 Fair Oaks Ave #37,75231,Dallas,TX,32.874084,-96.7578,161000,133.0,,128400.0,1667.0,2.0,3.0,1211.0,1974.0,2.986,condo,3,163490.0,2025,https://www.zillow.com,https://photos.zillowstatic.com/fp/5a0bef33c540747252f39fc99cb885b6-p_c.jpg,2026-08-03 11:19,For Sale
26693370,4416 N Hall St,75219,Dallas,TX,32.81705,-96.81465,1375000,484.0,-24000.0,1327700.0,4787.0,3.0,3.0,2840.0,1924.0,9234.72,singleFamily,46,1115150.0,2025,https://www.zillow.com,https://photos.zillowstatic.com/fp/0279fa3f572cedcb2544d3af55b5aac6-p_c.jpg,2026-08-03 11:19,For Sale
26841509,2519 Maverick Ave,75228,Dallas,TX,32.82083,-96.67245,280000,150.0,-20000.0,277200.0,2388.0,3.0,3.0,1872.0,1955.0,8450.64,singleFamily,3,313620.0,2025,https://www.zillow.com,https://photos.zillowstatic.com/fp/b46e2f1ece1e36f964a00a95f15c51a2-p_c.jpg,2026-08-03 11:19,For Sale
26685911,5720 Tremont St,75214,Dallas,TX,32.80491,-96.75674,565000,367.0,-10000.0,544700.0,2587.0,2.0,2.0,1538.0,1921.0,9365.4,singleFamily,30,495000.0,2025,https://www.zillow.com,https://photos.zillowstatic.com/fp/b339d27be3280f7b9eeeda1cc787f6bd-p_c.jpg,2026-08-03 11:19,For Sale
53077401,5804 Preston Fairways Dr,75252,Dallas,TX,32.987667,-96.80901,999900,312.0,-50000.0,967300.0,5088.0,4.0,3.0,3202.0,1991.0,6969.6,singleFamily,93,801265.0,2025,https://www.zillow.com,https://photos.zillowstatic.com/fp/668709ea62e49065c56360eecd9c98d6-p_c.jpg,2026-08-03 11:19,For Sale
69676421,3110 Thomas Ave APT 338,75204,Dallas,TX,32.798294,-96.79458,449000,461.0,,,,1.0,2.0,973.0,1998.0,1.174,condo,47,428120.0,2025,https://www.zillow.com,https://photos.zillowstatic.com/fp/707aa936b671077a39fa300f10857d8c-p_c.jpg,2026-08-03 11:19,For Sale
26788533,9831 Lakemont Dr,75220,Dallas,TX,32.87725,-96.843,1599000,401.0,,,,5.0,5.0,3988.0,1953.0,10018.8,singleFamily,24,1418230.0,2025,https://www.zillow.com,https://photos.zillowstatic.com/fp/5006d26d3b7031f3b1d8e29aedcee192-p_c.jpg,2026-08-03 11:19,For Sale
26792774,3867 Beutel Ct,75229,Dallas,TX,32.882236,-96.8512,1195000,240.0,-95000.0,1142000.0,7426.0,6.0,6.0,4989.0,2010.0,0.386,singleFamily,38,1737820.0,2025,https://www.zillow.com,https://photos.zillowstatic.com/fp/fa6824723308ea50247f844733fa7c1b-p_c.jpg,2026-08-03 11:19,For Sale
26741254,9317 Redondo Dr,75218,Dallas,TX,32.828907,-96.70247,1999999,414.0,-199999.0,1952700.0,6934.0,5.0,4.0,4831.0,2026.0,0.488,singleFamily,29,674600.0,2025,https://www.zillow.com,https://photos.zillowstatic.com/fp/9ad2781da56fbe5fbdef3fee4345850f-p_c.jpg,2026-08-03 11:19,For Sale
26876743,16140 Chalfont Cir,75248,Dallas,TX,32.967934,-96.80664,739000,248.0,-31000.0,722300.0,3450.0,3.0,3.0,2985.0,1977.0,6708.24,singleFamily,64,668020.0,2025,https://www.zillow.com,https://photos.zillowstatic.com/fp/2760a1bb418f8e30c38a255b0580726c-p_c.jpg,2026-08-03 11:19,For Sale
26698802,5322 W Mockingbird Ln,75209,Dallas,TX,32.8364,-96.820786,1025000,445.0,-25000.0,998200.0,4300.0,3.0,3.0,2303.0,1979.0,7927.92,singleFamily,113,1062700.0,2025,https://www.zillow.com,https://photos.zillowstatic.com/fp/ef8d61c12202377135cebd0625b1ace3-p_c.jpg,2026-08-03 11:19,For Sale
26690676,5311 Willis Ave,75206,Dallas,TX,32.820522,-96.77941,835000,537.0,,792200.0,4254.0,3.0,2.0,1556.0,1920.0,7797.24,singleFamily,53,735450.0,2025,https://www.zillow.com,https://photos.zillowstatic.com/fp/d097fe5c35eebc33a3158d8ebe98f525-p_c.jpg,2026-08-03 11:19,For Sale
26637850,6227 Cupertino Trl,75252,Dallas,TX,33.004425,-96.7974,449000,197.0,-25900.0,459600.0,3021.0,3.0,3.0,2284.0,1993.0,4356.0,singleFamily,63,435651.0,2025,https://www.zillow.com,https://photos.zillowstatic.com/fp/9f25f1654903a45c7026fb732c7cc1da-p_c.jpg,2026-08-03 11:19,For Sale
26692710,3622 Cragmont Ave,75205,Dallas,TX,32.821747,-96.79561,3995000,965.0,,,,3.0,4.0,4139.0,2006.0,9278.28,singleFamily,83,3261940.0,2025,https://www.zillow.com,https://photos.zillowstatic.com/fp/d637d2b35a2769c3d8d7d73335f5f2b4-p_c.jpg,2026-08-03 11:19,For Sale
26899053,2509 Welborn St APT C,75219,Dallas,TX,32.804615,-96.812706,459000,333.0,-16000.0,446900.0,2613.0,2.0,3.0,1380.0,1981.0,6882.48,condo,58,345000.0,2025,https://www.zillow.com,https://photos.zillowstatic.com/fp/ba93ef602952117b6304829d1ac285d3-p_c.jpg,2026-08-03 11:19,For Sale
26689678,5938 Llano Ave,75206,Dallas,TX,32.82173,-96.764175,650000,376.0,,,,3.0,2.0,1727.0,1925.0,7579.44,singleFamily,17,570890.0,2025,https://www.zillow.com,https://photos.zillowstatic.com/fp/109d45a1ec128a8996f6b26894516976-p_c.jpg,2026-08-03 11:19,For Sale
67965469,3225 Turtle Creek Blvd APT 1509,75219,Dallas,TX,32.806835,-96.80463,389000,313.0,-10000.0,,,2.0,2.0,1242.0,1998.0,3.536,condo,31,416070.0,2025,https://www.zillow.com,https://photos.zillowstatic.com/fp/fcf520ee95a726ed6f899f71231fccf7-p_c.jpg,2026-08-03 11:19,For Sale
26874172,6606 Fireflame Dr,75248,Dallas,TX,32.960236,-96.79364,599000,260.0,,,,3.0,2.0,2301.0,1977.0,7797.24,singleFamily,1,536000.0,2025,https://www.zillow.com,https://photos.zillowstatic.com/fp/40eb947d3cf278e41f409a5ad58219dd-p_c.jpg,2026-08-03 11:19,For Sale
26872672,6646 Hillbriar Dr,75248,Dallas,TX,32.953167,-96.79552,575000,228.0,,556400.0,5046.0,4.0,3.0,2517.0,1972.0,10541.52,singleFamily,23,589320.0,2025,https://www.zillow.com,https://photos.zillowstatic.com/fp/78c9632a350233e358f0950a5914bca1-p_c.jpg,2026-08-03 11:19,For Sale
26729241,1518 Oak Knoll St,75208,Dallas,TX,32.762928,-96.83254,1330000,418.0,-15000.0,1288500.0,7029.0,4.0,4.0,3180.0,1948.0,0.29200000000000004,singleFamily,75,1895320.0,2025,https://www.zillow.com,https://photos.zillowstatic.com/fp/fca8bb69f60de8b0346af815b3e86b4c-p_c.jpg,2026-08-03 11:19,For Sale
26677983,2203 Allen St,75204,Dallas,TX,32.795895,-96.79658,2250000,655.0,-75000.0,2143700.0,7764.0,3.0,4.0,3435.0,2000.0,3049.2,singleFamily,86,1917270.0,2025,https://www.zillow.com,https://photos.zillowstatic.com/fp/cf4c394159a489b526d541f4ba2a8b12-p_c.jpg,2026-08-03 11:19,For Sale
96533947,3803 Kenilworth St,75210,Dallas,TX,32.765114,-96.74373,104900,156.0,,,,3.0,1.0,672.0,2020.0,4573.8,singleFamily,6,130130.0,2025,https://www.zillow.com,https://photos.zillowstatic.com/fp/4b64e6369e2d03c5bf6628fa60db0eba-p_c.jpg,2026-08-03 11:19,For Sale
26713898,711 S Rosemont Ave,75208,Dallas,TX,32.739166,-96.84826,299000,218.0,-11000.0,,2641.0,2.0,2.0,1374.0,1924.0,8450.64,singleFamily,91,313930.0,2025,https://www.zillow.com,https://photos.zillowstatic.com/fp/7dd3ca064b3e575b47ba224da0bf8b92-p_c.jpg,2026-08-03 11:19,For Sale
26912929,14128 Regency Pl,75254,Dallas,TX,32.94077,-96.80163,995000,297.0,,953100.0,4667.0,4.0,4.0,3354.0,1980.0,5662.8,singleFamily,4,573030.0,2025,https://www.zillow.com,https://photos.zillowstatic.com/fp/27273b64ab6a77cf21aaef652e681e1e-p_c.jpg,2026-08-03 11:19,For Sale
26717053,200 S Shore Dr,75216,Dallas,TX,32.73194,-96.82092,969900,363.0,,928600.0,2831.0,5.0,4.0,2671.0,1940.0,9234.72,singleFamily,9,427570.0,2025,https://www.zillow.com,https://photos.zillowstatic.com/fp/efc8eb8f723bd13c5437dc3cb2510918-p_c.jpg,2026-08-03 11:19,For Sale
26690753,5336 Willis Ave,75206,Dallas,TX,32.819965,-96.77828,1495000,414.0,-35000.0,1433300.0,7998.0,5.0,4.0,3607.0,2005.0,7797.24,singleFamily,32,1342110.0,2025,https://www.zillow.com,https://photos.zillowstatic.com/fp/30711a50b9c3e8ee37e68cd8c825a897-p_c.jpg,2026-08-03 11:19,For Sale
26809208,3542 Jubilee Trl,75229,Dallas,TX,32.900166,-96.8588,815000,303.0,275100.0,797200.0,4264.0,4.0,2.0,2689.0,1962.0,0.319,singleFamily,18,955390.0,2025,https://www.zillow.com,https://photos.zillowstatic.com/fp/f6238c55248120c7a6e02207e3d73720-p_c.jpg,2026-08-03 11:19,For Sale
26727727,2518 Marvin Ave,75211,Dallas,TX,32.745773,-96.85965,545000,336.0,85100.0,526000.0,2494.0,3.0,3.0,1622.0,1938.0,7318.08,singleFamily,3,482870.0,2025,https://www.zillow.com,https://photos.zillowstatic.com/fp/9c402177fac589f4737e27c223632753-p_c.jpg,2026-08-03 11:19,For Sale
26831952,10450 Solta Dr,75218,Dallas,TX,32.860786,-96.70644,1224900,356.0,-24100.0,1191500.0,5414.0,4.0,5.0,3439.0,2018.0,7884.36,singleFamily,45,1019330.0,2025,https://www.zillow.com,https://photos.zillowstatic.com/fp/18df4349af328fd6920f3d9d5812980f-p_c.jpg,2026-08-03 11:19,For Sale
26850073,2730 San Diego Dr,75228,Dallas,TX,32.853935,-96.66775,225000,231.0,-20000.0,,1853.0,3.0,2.0,974.0,1955.0,7623.0,singleFamily,159,192500.0,2025,https://www.zillow.com,https://photos.zillowstatic.com/fp/b1fd6976e3fde1f43aa4a2d3b7b10a72-p_c.jpg,2026-08-03 11:19,For Sale
26808164,3304 Royal Ln,75229,Dallas,TX,32.894768,-96.86761,1925000,400.0,,1872300.0,5326.0,5.0,7.0,4815.0,2026.0,0.31,singleFamily,8,552040.0,2025,https://www.zillow.com,https://photos.zillowstatic.com/fp/b9fb4012e2ec03b6cdf702944d2c8909-p_c.jpg,2026-08-03 11:19,For Sale
26689519,5701 Velasco Ave,75206,Dallas,TX,32.821274,-96.76997,799000,498.0,,768400.0,3014.0,2.0,2.0,1603.0,1919.0,8102.16,singleFamily,81,619600.0,2025,https://www.zillow.com,https://photos.zillowstatic.com/fp/1b285c96257218079d37ad13dbdc6294-p_c.jpg,2026-08-03 11:19,For Sale
26703265,6120 Kenwood Ave,75214,Dallas,TX,32.833076,-96.76047,1389000,423.0,-10000.0,,,5.0,3.0,3287.0,1940.0,6795.36,singleFamily,17,1092020.0,2025,https://www.zillow.com,https://photos.zillowstatic.com/fp/7a33298aeb9773aa9d9874d8e403cdde-p_c.jpg,2026-08-03 11:19,For Sale
26732872,6923 Robin Rd,75209,Dallas,TX,32.842197,-96.823395,4250000,759.0,,4072200.0,4456.0,4.0,6.0,5597.0,2026.0,0.367,singleFamily,10,996270.0,2025,https://www.zillow.com,https://photos.zillowstatic.com/fp/60d9a0c295a54070906c5ad1e27502bd-p_c.jpg,2026-08-03 11:19,For Sale
26786501,849 Berkinshire Dr,75218,Dallas,TX,32.847267,-96.706184,449000,315.0,,442200.0,2632.0,3.0,2.0,1426.0,1954.0,6272.64,singleFamily,26,450060.0,2025,https://www.zillow.com,https://photos.zillowstatic.com/fp/ecdd6f9bba6a835f5ec9621d789103ea-p_c.jpg,2026-08-03 11:19,For Sale
26797674,459 Bolero Ave,75217,Dallas,TX,32.719585,-96.70306,265000,148.0,,263800.0,2304.0,4.0,3.0,1796.0,1960.0,9975.24,singleFamily,4,250500.0,2025,https://www.zillow.com,https://photos.zillowstatic.com/fp/eefadf732221966bc8a022a7e0a85e5b-p_c.jpg,2026-08-03 11:19,For Sale
26789968,3974 Cortez Dr,75220,Dallas,TX,32.865974,-96.84583,1249000,321.0,-25000.0,,7186.0,5.0,5.0,3890.0,1951.0,0.254,singleFamily,63,1242740.0,2025,https://www.zillow.com,https://photos.zillowstatic.com/fp/0c3230a50c98f0facdc6ed77e8b967a4-p_c.jpg,2026-08-03 11:19,For Sale
26706650,6722 Sondra Dr,75214,Dallas,TX,32.82644,-96.74501,2300000,464.0,,2197700.0,11351.0,5.0,6.0,4955.0,2014.0,7971.48,singleFamily,37,2054390.0,2025,https://www.zillow.com,https://photos.zillowstatic.com/fp/6f7f5e921c7d4b3e0d921e039d0754f9-p_c.jpg,2026-08-03 11:19,For Sale
26839646,10437 High Hollows Dr #220,75230,Dallas,TX,32.887913,-96.77305,180000,110.0,,,2817.0,2.0,3.0,1632.0,1969.0,5.566,condo,15,326400.0,2025,https://www.zillow.com,https://photos.zillowstatic.com/fp/32f8b0bc5cbb006ae0e4f0039ddb3c07-p_c.jpg,2026-08-03 11:19,For Sale
26869249,9421 Meadowknoll Dr,75243,Dallas,TX,32.905148,-96.733536,675000,259.0,-24000.0,657900.0,3378.0,4.0,3.0,2609.0,1970.0,8755.56,singleFamily,52,610000.0,2025,https://www.zillow.com,https://photos.zillowstatic.com/fp/46184fcc991b2e212158bd47d531ac3a-p_c.jpg,2026-08-03 11:19,For Sale
26807419,3507 Warick Dr,75229,Dallas,TX,32.888542,-96.86217,1589300,369.0,,1535800.0,3665.0,6.0,8.0,4312.0,2026.0,9975.24,singleFamily,4,509620.0,2025,https://www.zillow.com,https://photos.zillowstatic.com/fp/c774a92bece0dcae3315067aedfce059-p_c.jpg,2026-08-03 11:19,For Sale
26753805,6126 Averill Way #211W,75225,Dallas,TX,32.866077,-96.80135,199000,351.0,,,,1.0,1.0,567.0,1964.0,2.312,condo,1,152500.0,2025,https://www.zillow.com,https://photos.zillowstatic.com/fp/2849fe35561b727764d3adb597c09154-p_c.jpg,2026-08-03 11:19,For Sale
26745785,2356 Ballycastle Dr,75228,Dallas,TX,32.8374,-96.67374,260000,146.0,,251800.0,2038.0,3.0,2.0,1780.0,1952.0,6882.48,singleFamily,5,302270.0,2025,https://www.zillow.com,https://photos.zillowstatic.com/fp/8664fae801c811b6aa69a1b08c18063f-p_c.jpg,2026-08-03 11:19,For Sale
26862178,5535 Mesa Cir,75235,Dallas,TX,32.81446,-96.85358,599000,143.0,-26000.0,,4715.0,6.0,8.0,4200.0,2026.0,10105.92,multiFamily,126,222360.0,2025,https://www.zillow.com,https://photos.zillowstatic.com/fp/194dc60cec583c6e63bd082a9d442f42-p_c.jpg,2026-08-03 11:19,For Sale
26739022,7525 Holly Hill Dr APT 16,75231,Dallas,TX,32.88009,-96.75418,139900,178.0,,135900.0,1182.0,1.0,1.0,787.0,1980.0,,condo,9,120000.0,2025,https://www.zillow.com,https://photos.zillowstatic.com/fp/6d6778b03a662c9df673629f1aa1669a-p_c.jpg,2026-08-03 11:19,For Sale
26875769,6505 Beckwith Ct,75248,Dallas,TX,32.97916,-96.795364,1100000,332.0,,1057600.0,5390.0,4.0,3.0,3312.0,1975.0,9757.44,singleFamily,93,938770.0,2025,https://www.zillow.com,https://photos.zillowstatic.com/fp/57bb540d4e097fd2d937b549e660f69b-p_c.jpg,2026-08-03 11:19,For Sale
26804525,4719 Forest Ln,75244,Dallas,TX,32.90999,-96.827194,2989000,431.0,,2821700.0,7551.0,5.0,6.0,6931.0,2016.0,0.622,singleFamily,25,2397370.0,2025,https://www.zillow.com,https://photos.zillowstatic.com/fp/370c7444d0725a9198f9b0742c50b74a-p_c.jpg,2026-08-03 11:19,For Sale
462103308,9319 Chimney Corner Ln,75243,Dallas,TX,32.92031,-96.73659,229900,174.0,-10100.0,225600.0,2074.0,3.0,2.0,1321.0,1974.0,3092.76,townhome,80,,,https://www.zillow.com,https://photos.zillowstatic.com/fp/27c8cff38a98f67d9a22cb35142f736c-p_c.jpg,2026-08-03 11:19,For Sale
26741471,1439 Tranquilla Dr,75218,Dallas,TX,32.831036,-96.694984,1600000,480.0,,1526300.0,7072.0,4.0,4.0,3334.0,2008.0,0.48700000000000004,singleFamily,27,1959080.0,2025,https://www.zillow.com,https://photos.zillowstatic.com/fp/95b2be9027d9ab5a31495fb5d0a9ac35-p_c.jpg,2026-08-03 11:19,For Sale
26803633,5510 Caladium Dr,75230,Dallas,TX,32.907238,-96.81319,3400000,545.0,,3271100.0,4615.0,5.0,7.0,6240.0,2025.0,0.392,singleFamily,27,3486220.0,2025,https://www.zillow.com,https://photos.zillowstatic.com/fp/ab570aca933741a38448bf41cbf69767-p_c.jpg,2026-08-03 11:19,For Sale
26835057,3615 McBroom St,75212,Dallas,TX,32.783016,-96.88001,469990,214.0,,460600.0,5053.0,5.0,3.0,2195.0,2021.0,5140.08,singleFamily,7,454500.0,2025,https://www.zillow.com,https://photos.zillowstatic.com/fp/f0c03fa7353c14d246d5a1ca39e29aa0-p_c.jpg,2026-08-03 11:19,For Sale
26712636,908 N Winnetka Ave,75208,Dallas,TX,32.75432,-96.83996,429999,252.0,-20000.0,,3784.0,4.0,4.0,1704.0,1918.0,7535.88,singleFamily,48,560400.0,2025,https://www.zillow.com,https://photos.zillowstatic.com/fp/3d1453a13447a1c1dd6d2a99b100d3d6-p_c.jpg,2026-08-03 11:19,For Sale
26704339,5514 Matalee Ave,75206,Dallas,TX,32.832375,-96.77399,1149000,382.0,,1121200.0,7618.0,3.0,4.0,3006.0,2025.0,4443.12,singleFamily,31,605620.0,2025,https://www.zillow.com,https://photos.zillowstatic.com/fp/59df397697ce82b19d2413604514a212-p_c.jpg,2026-08-03 11:19,For Sale
26747900,6030 Birchbrook Dr APT 223,75206,Dallas,TX,32.847706,-96.7626,329000,290.0,,216700.0,1903.0,2.0,2.0,1136.0,1970.0,5.964,condo,3,281730.0,2025,https://www.zillow.com,https://photos.zillowstatic.com/fp/9933393986fefbac8d6864e12e4bbb30-p_c.jpg,2026-08-03 11:19,For Sale
26787994,3624 Fontana Dr,75220,Dallas,TX,32.869095,-96.85772,925000,344.0,-24000.0,,4766.0,4.0,3.0,2692.0,2026.0,9539.64,singleFamily,86,325800.0,2025,https://www.zillow.com,https://photos.zillowstatic.com/fp/8d045a5d27b6bf25ab2df403df39ac5b-p_c.jpg,2026-08-03 11:19,For Sale
464285898,4037 Saddleback Dr,75227,Dallas,TX,32.77093,-96.672386,246499,196.0,,,,3.0,2.0,1260.0,2026.0,,singleFamily,1,,,https://www.zillow.com,https://photos.zillowstatic.com/fp/b8b2dd55aeec9be601e5f60712a75127-p_c.jpg,2026-08-03 11:19,For Sale
26932287,6108 Abrams Rd #610,75231,Dallas,TX,32.858376,-96.746574,89000,120.0,,,,2.0,2.0,743.0,1984.0,4.299,condo,23,117000.0,2025,https://www.zillow.com,https://photos.zillowstatic.com/fp/dc0b57b2d34e96755f8057f47094089f-p_c.jpg,2026-08-03 11:19,For Sale
26697045,5120 Maple Springs Blvd,75235,Dallas,TX,32.82066,-96.82542,750000,277.0,-50000.0,723400.0,4763.0,4.0,4.0,2706.0,1936.0,10236.6,singleFamily,101,890750.0,2025,https://www.zillow.com,https://photos.zillowstatic.com/fp/f54385301a76767a2e9399df50b87f3b-p_c.jpg,2026-08-03 11:19,For Sale
26756842,5945 Royal Crest Dr,75230,Dallas,TX,32.899727,-96.80551,4490000,738.0,-10000.0,4355300.0,7141.0,5.0,7.0,6083.0,2026.0,0.37900000000000006,singleFamily,162,2200000.0,2025,https://www.zillow.com,https://photos.zillowstatic.com/fp/02c06124303f7f7b1fc62c7a27ce9791-p_c.jpg,2026-08-03 11:19,For Sale
60347644,4034 Rawlins St APT 207,75219,Dallas,TX,32.814045,-96.80962,365000,326.0,-5000.0,356100.0,2301.0,2.0,3.0,1119.0,1984.0,0.41,condo,87,324510.0,2025,https://www.zillow.com,https://photos.zillowstatic.com/fp/ef5a31e0b16cffd77056a788b7820e4a-p_c.jpg,2026-08-03 11:19,For Sale
339370572,4119 Munger Ave,75204,Dallas,TX,32.802013,-96.785,599900,256.0,-46000.0,590100.0,4660.0,3.0,4.0,2341.0,2020.0,1698.84,townhome,78,626370.0,2025,https://www.zillow.com,https://photos.zillowstatic.com/fp/efed13fad8b2d2f46ec7e6daa72ebb2f-p_c.jpg,2026-08-03 11:19,For Sale
26790475,9816 Mixon Dr,75220,Dallas,TX,32.873436,-96.852104,1899999,452.0,,1814500.0,7311.0,5.0,5.0,4208.0,2023.0,0.278,singleFamily,11,1640550.0,2025,https://www.zillow.com,https://photos.zillowstatic.com/fp/3880d4357786fa963514a64900978225-p_c.jpg,2026-08-03 11:19,For Sale
443638165,6006 Meadow Crst,75230,Dallas,TX,32.903107,-96.80368,4600000,626.0,,,,5.0,7.0,7354.0,2025.0,0.47729999999999995,singleFamily,23,,,https://www.zillow.com,https://photos.zillowstatic.com/fp/7c81d66ed95cf179f68da927959cf26c-p_c.jpg,2026-08-03 11:19,For Sale
26726763,2630 Langdon Ave,75235,Dallas,TX,32.839355,-96.85553,350000,266.0,-10000.0,336100.0,2497.0,3.0,1.0,1316.0,1938.0,8145.72,singleFamily,17,258350.0,2025,https://www.zillow.com,https://photos.zillowstatic.com/fp/a8d3727e8650e240e653fa7ea16bc7ef-p_c.jpg,2026-08-03 11:19,For Sale
2088689395,8560 Park Ln APT 75,75231,Dallas,TX,32.868908,-96.755615,140000,108.0,-15000.0,131300.0,1502.0,2.0,3.0,1299.0,1974.0,6.129,condo,60,,,https://www.zillow.com,https://photos.zillowstatic.com/fp/48934a1b8cd003e588a8897d609abaf8-p_c.jpg,2026-08-03 11:19,For Sale
96503267,310 S Justin Ave,75211,Dallas,TX,32.74358,-96.91107,274900,158.0,,,,5.0,5.0,1742.0,2017.0,8712.0,singleFamily,18,373620.0,2025,https://www.zillow.com,https://photos.zillowstatic.com/fp/1169b0bd2f3a2e5b7bf6bae55b3b223b-p_c.jpg,2026-08-03 11:19,For Sale
26752673,4 Kingsgate Ct,75225,Dallas,TX,32.875565,-96.77811,2750000,466.0,,1761400.0,7084.0,4.0,5.0,5898.0,1985.0,6708.24,singleFamily,1,1400000.0,2025,https://www.zillow.com,https://photos.zillowstatic.com/fp/1bb146fa747ce21ad8822224d785fd7b-p_c.jpg,2026-08-03 11:19,For Sale
26640306,17704 Cedar Creek Canyon Dr,75252,Dallas,TX,32.992584,-96.81119,1969000,356.0,-30000.0,,,5.0,6.0,5530.0,1988.0,0.413,singleFamily,102,1764319.0,2025,https://www.zillow.com,https://photos.zillowstatic.com/fp/77c8d34ab959d60c8da0740a5904740c-p_c.jpg,2026-08-03 11:19,For Sale
26877111,5702 Bent Trl,75248,Dallas,TX,32.97451,-96.81642,2595000,493.0,,,,5.0,5.0,5268.0,1979.0,0.348,singleFamily,136,2293060.0,2025,https://www.zillow.com,https://photos.zillowstatic.com/fp/73f9aed416e5f201d1824ab6fcaba932-p_c.jpg,2026-08-03 11:19,For Sale
26749446,6516 Danbury Ln,75214,Dallas,TX,32.84712,-96.74945,514900,358.0,-14100.0,505600.0,3111.0,2.0,2.0,1439.0,1953.0,10018.8,singleFamily,108,662340.0,2025,https://www.zillow.com,https://photos.zillowstatic.com/fp/8dce9cbd79914c8fcf00ba943a8b305b-p_c.jpg,2026-08-03 11:19,For Sale
26844864,7210 Baxtershire Dr,75230,Dallas,TX,32.90486,-96.78244,1995000,464.0,-55000.0,,,5.0,5.0,4300.0,1955.0,0.38499999999999995,singleFamily,271,1742070.0,2025,https://www.zillow.com,https://photos.zillowstatic.com/fp/de31787194a379affec30859b5a026c5-p_c.jpg,2026-08-03 11:19,For Sale
69675323,3110 Thomas Ave APT 725,75204,Dallas,TX,32.798294,-96.79458,897500,383.0,,852500.0,3646.0,2.0,2.0,2343.0,1998.0,1.174,condo,6,691190.0,2025,https://www.zillow.com,https://photos.zillowstatic.com/fp/912d80599190921906e763c91b262c52-p_c.jpg,2026-08-03 11:19,For Sale
26924887,4229 Cole Ave APT 108,75205,Dallas,TX,32.817818,-96.79228,385000,339.0,-5000.0,375100.0,2807.0,2.0,3.0,1137.0,1982.0,0.62,condo,45,369530.0,2025,https://www.zillow.com,https://photos.zillowstatic.com/fp/be59437c7bef697834c485d78e2674db-p_c.jpg,2026-08-03 11:19,For Sale
26831279,2245 San Medina Ave,75228,Dallas,TX,32.83374,-96.676735,365000,272.0,,356200.0,2389.0,3.0,2.0,1341.0,1953.0,7710.12,singleFamily,5,308610.0,2025,https://www.zillow.com,https://photos.zillowstatic.com/fp/22ecc6e23992783690e3a34dd8e20ba6-p_c.jpg,2026-08-03 11:19,For Sale
26873687,6908 Clearhaven Dr,75248,Dallas,TX,32.966694,-96.7891,400000,156.0,-25000.0,394000.0,3137.0,3.0,3.0,2568.0,1980.0,3484.8,townhome,93,389500.0,2025,https://www.zillow.com,https://photos.zillowstatic.com/fp/fac160538f4c6983d347712092edebe6-p_c.jpg,2026-08-03 11:19,For Sale
26912838,9535 Viewside Dr,75231,Dallas,TX,32.89153,-96.73706,759995,289.0,,734500.0,4367.0,4.0,3.0,2627.0,1980.0,10759.32,singleFamily,9,719000.0,2025,https://www.zillow.com,https://photos.zillowstatic.com/fp/07fc3ab735ecacebe34610f141b61624-p_c.jpg,2026-08-03 11:19,For Sale
67964471,4121 McKinney Ave APT 50,75204,Dallas,TX,32.815117,-96.79201,450000,242.0,-25000.0,,,2.0,3.0,1860.0,2003.0,0.9400000000000001,condo,50,530100.0,2025,https://www.zillow.com,https://photos.zillowstatic.com/fp/b791bc98d03e7efd93fb13c2c81cdf61-p_c.jpg,2026-08-03 11:19,For Sale
26693566,5449 Goodwin Ave,75206,Dallas,TX,32.823803,-96.775276,1799000,444.0,-50000.0,1760700.0,4020.0,5.0,5.0,4055.0,2026.0,8001.972,singleFamily,37,560000.0,2025,https://www.zillow.com,https://photos.zillowstatic.com/fp/70f498c92bdf8b783e5f45c3c2c858ee-p_c.jpg,2026-08-03 11:19,For Sale
26690099,6018 Prospect Ave,75206,Dallas,TX,32.81454,-96.76289,639000,454.0,,614000.0,2498.0,2.0,1.0,1408.0,1925.0,6621.12,singleFamily,17,439490.0,2025,https://www.zillow.com,https://photos.zillowstatic.com/fp/67940f4d05a198d23705223b26c5e212-p_c.jpg,2026-08-03 11:19,For Sale
26850629,10344 Country Club Dr,75218,Dallas,TX,32.85791,-96.70436,1349000,314.0,,1319700.0,6408.0,4.0,6.0,4298.0,2026.0,7753.68,singleFamily,37,200000.0,2025,https://www.zillow.com,https://photos.zillowstatic.com/fp/24de9c20ffcd6fc4f01dfd8a99d8d67e-p_c.jpg,2026-08-03 11:19,For Sale
26731418,7714 Morton St,75209,Dallas,TX,32.84996,-96.82334,1895000,472.0,,1864700.0,4435.0,5.0,7.0,4018.0,2026.0,7492.32,singleFamily,9,601790.0,2025,https://www.zillow.com,https://photos.zillowstatic.com/fp/c631abae9650d419b214b685e55b97d7-p_c.jpg,2026-08-03 11:19,For Sale
26754570,6123 Northwood Rd,75225,Dallas,TX,32.869835,-96.80082,6500000,859.0,,6153700.0,6180.0,5.0,8.0,7568.0,2026.0,0.40499999999999997,singleFamily,116,1512300.0,2025,https://www.zillow.com,https://photos.zillowstatic.com/fp/b2f8f479278df207348083179bd41169-p_c.jpg,2026-08-03 11:19,For Sale
26687945,3335 Spring Ave,75215,Dallas,TX,32.76601,-96.75204,325000,147.0,,,2596.0,3.0,2.0,2215.0,2026.0,7318.08,singleFamily,2,62020.0,2025,https://www.zillow.com,https://photos.zillowstatic.com/fp/62fd6177f1e83bcccae48da3c8fb68b8-p_c.jpg,2026-08-03 11:19,For Sale
80223454,4240 Prescott Ave APT 8B,75219,Dallas,TX,32.821396,-96.80282,1650000,720.0,,,,2.0,3.0,2293.0,2004.0,0.658,condo,3,1112110.0,2025,https://www.zillow.com,https://photos.zillowstatic.com/fp/777d269b4f606d79eb7626a377e5f2e6-p_c.jpg,2026-08-03 11:19,For Sale
26681366,2633 Peabody Ave,75215,Dallas,TX,32.767338,-96.76894,465000,190.0,,,,4.0,4.0,2448.0,2026.0,4791.6,singleFamily,4,48000.0,2025,https://www.zillow.com,https://photos.zillowstatic.com/fp/01a13cebd060ed05c788687ce20229da-p_c.jpg,2026-08-03 11:19,For Sale
26741390,1521 El Campo Dr,75218,Dallas,TX,32.82369,-96.70063,1449900,321.0,-48100.0,1386000.0,7417.0,4.0,3.0,4520.0,1945.0,0.485,singleFamily,48,850000.0,2025,https://www.zillow.com,https://photos.zillowstatic.com/fp/3e334b29e036bfc6225b09366a50e508-p_c.jpg,2026-08-03 11:19,For Sale
80233370,4446 Thunder Rd,75244,Dallas,TX,32.924732,-96.83252,1175000,369.0,-24000.0,,,4.0,4.0,3186.0,1968.0,0.351,singleFamily,51,893510.0,2025,https://www.zillow.com,https://photos.zillowstatic.com/fp/37c8ff27dab86f4df5adc1123082af1f-p_c.jpg,2026-08-03 11:19,For Sale
333140115,1727 Novela Way,75215,Dallas,TX,32.769608,-96.78567,445000,211.0,,,,3.0,4.0,2105.0,2022.0,1263.24,townhome,10,562740.0,2025,https://www.zillow.com,https://photos.zillowstatic.com/fp/7ca5e8987a0f210411b0210900730717-p_c.jpg,2026-08-03 11:19,For Sale
26685513,2816 Wycliff Ave,75219,Dallas,TX,32.81214,-96.81653,209900,224.0,-15100.0,204100.0,1977.0,2.0,2.0,937.0,1979.0,8842.68,condo,116,255330.0,2025,https://www.zillow.com,https://photos.zillowstatic.com/fp/622c20c22ad94a138a68c15a242ce0ce-p_c.jpg,2026-08-03 11:19,For Sale
26838549,10626 Northboro St #9,75230,Dallas,TX,32.89255,-96.77575,340000,234.0,,328600.0,2608.0,3.0,2.0,1450.0,1971.0,3615.48,townhome,10,351560.0,2025,https://www.zillow.com,https://photos.zillowstatic.com/fp/f2f02b86e501c2e5f8573afb0e6cda6d-p_c.jpg,2026-08-03 11:19,For Sale
26792031,2946 Darby Dr,75227,Dallas,TX,32.761925,-96.67133,319000,158.0,,310500.0,1655.0,5.0,3.0,2019.0,1948.0,9713.88,singleFamily,1,175570.0,2025,https://www.zillow.com,https://photos.zillowstatic.com/fp/840a0dc3538cc099fb51432870df3500-p_c.jpg,2026-08-03 11:19,For Sale
26693208,4311 N Hall St,75219,Dallas,TX,32.81537,-96.81385,1300000,385.0,,,,3.0,4.0,3377.0,1923.0,0.47000000000000003,singleFamily,16,1021100.0,2025,https://www.zillow.com,https://photos.zillowstatic.com/fp/6eb75b6c29f8bc2b7df60871202388f2-p_c.jpg,2026-08-03 11:19,For Sale
26931799,9829 Walnut St APT 306,75243,Dallas,TX,32.922836,-96.71392,49900,103.0,,,962.0,1.0,1.0,486.0,2015.0,8.814,condo,22,61970.0,2025,https://www.zillow.com,https://photos.zillowstatic.com/fp/7057ef64a5adce55f965e21a33560f10-p_c.jpg,2026-08-03 11:19,For Sale
26803466,12007 Quincy Ln,75230,Dallas,TX,32.912727,-96.81489,2900000,483.0,-40000.0,2781900.0,7979.0,5.0,8.0,5998.0,2025.0,0.37,singleFamily,143,1788170.0,2025,https://www.zillow.com,https://photos.zillowstatic.com/fp/287d6b73ae0cf5e7c44788f98cae909e-p_c.jpg,2026-08-03 11:19,For Sale
26700487,7119 Vivian Ave,75223,Dallas,TX,32.80625,-96.73614,879000,386.0,-20000.0,852100.0,3107.0,3.0,2.0,2278.0,1940.0,6969.6,singleFamily,114,670000.0,2025,https://www.zillow.com,https://photos.zillowstatic.com/fp/b53e7fc34c0dc9b6c6e47f4489b45170-p_c.jpg,2026-08-03 11:19,For Sale
26867777,7122 Winedale Dr,75231,Dallas,TX,32.878986,-96.73931,879900,409.0,-16000.0,854300.0,3753.0,3.0,3.0,2150.0,1976.0,8886.24,singleFamily,34,786450.0,2025,https://www.zillow.com,https://photos.zillowstatic.com/fp/1b3c25be874047bb9e8deb20c1c5ffd2-p_c.jpg,2026-08-03 11:19,For Sale
26689746,5914 Velasco Ave,75206,Dallas,TX,32.82066,-96.765144,1395000,364.0,-55000.0,,,4.0,4.0,3830.0,2005.0,8189.28,singleFamily,45,1331580.0,2025,https://www.zillow.com,https://photos.zillowstatic.com/fp/59ef18805c4bf261a937a00c44960bf7-p_c.jpg,2026-08-03 11:19,For Sale
67970799,14900 Lasater Rd Trailer 365,75253,Dallas,TX,32.67054,-96.613106,55000,42.0,,,1893.0,3.0,2.0,1300.0,1998.0,,manufactured,30,5160.0,2025,https://www.zillow.com,https://photos.zillowstatic.com/fp/5030b7015d2d4e961895947f902e1b76-p_c.jpg,2026-08-03 11:19,For Sale
26870222,8817 Arborside Dr,75243,Dallas,TX,32.898365,-96.74765,950000,284.0,-45000.0,918600.0,3615.0,4.0,3.0,3347.0,1974.0,8712.0,singleFamily,25,784490.0,2025,https://www.zillow.com,https://photos.zillowstatic.com/fp/2ab8200459e38f3cf6aa7e593ee50702-p_c.jpg,2026-08-03 11:19,For Sale
26841971,2519 Highwood Dr,75228,Dallas,TX,32.829605,-96.671486,439000,195.0,,,,5.0,3.0,2252.0,1956.0,9278.28,singleFamily,16,385020.0,2025,https://www.zillow.com,https://photos.zillowstatic.com/fp/d19cbc064951b20c2c3e8975b29bdad4-p_c.jpg,2026-08-03 11:19,For Sale
26785238,5319 Urban Crest Rd,75227,Dallas,TX,32.788563,-96.70109,339000,200.0,,294500.0,1973.0,3.0,2.0,1692.0,1962.0,9844.56,singleFamily,1,300140.0,2025,https://www.zillow.com,https://photos.zillowstatic.com/fp/0b1ce80136c379401fd9c51fc95902a5-p_c.jpg,2026-08-03 11:19,For Sale
26792950,2129 Gaylord Dr,75227,Dallas,TX,32.74997,-96.69089,259000,165.0,,,,4.0,2.0,1567.0,1953.0,7623.0,singleFamily,5,276690.0,2025,https://www.zillow.com,https://photos.zillowstatic.com/fp/a0d69ace875272de6c4598a063297537-p_c.jpg,2026-08-03 11:19,For Sale
26810197,3755 Northview Ln,75229,Dallas,TX,32.903606,-96.8534,2150000,431.0,,2060600.0,8586.0,6.0,7.0,4986.0,2016.0,0.37,singleFamily,115,1767120.0,2025,https://www.zillow.com,https://photos.zillowstatic.com/fp/211cc5e22b026b5913d96b3ea09a7291-p_c.jpg,2026-08-03 11:19,For Sale
26760932,4528 W Amherst Ave,75209,Dallas,TX,32.85197,-96.83168,1850000,411.0,,1774700.0,7350.0,5.0,6.0,4501.0,2019.0,7230.96,singleFamily,5,1824840.0,2025,https://www.zillow.com,https://photos.zillowstatic.com/fp/31f1e4f42c92f0347b3ec8767fc8a3b5-p_c.jpg,2026-08-03 11:19,For Sale
26830834,8478 Banquo Dr,75228,Dallas,TX,32.806305,-96.70235,428900,299.0,-11000.0,421100.0,2215.0,3.0,2.0,1433.0,1960.0,9060.48,singleFamily,17,380380.0,2025,https://www.zillow.com,https://photos.zillowstatic.com/fp/a248f1d5d5e7ebf2e34fa4dd2812dbb6-p_c.jpg,2026-08-03 11:19,For Sale
26696521,2304 Hondo Ave,75219,Dallas,TX,32.807457,-96.82391,750000,278.0,,732300.0,5309.0,4.0,4.0,2702.0,2024.0,7731.9,singleFamily,11,200000.0,2025,https://www.zillow.com,https://photos.zillowstatic.com/fp/fa53a29a934191d98823932d84eef19c-p_c.jpg,2026-08-03 11:19,For Sale
26809810,3129 Saint Croix Dr,75229,Dallas,TX,32.905125,-96.87102,1550000,334.0,-75000.0,1516800.0,7093.0,5.0,7.0,4637.0,2025.0,10585.08,singleFamily,142,384720.0,2025,https://www.zillow.com,https://photos.zillowstatic.com/fp/605d06b2a68cec2bedb208f9dfd80738-p_c.jpg,2026-08-03 11:19,For Sale
26742004,10230 Eastwood Dr,75228,Dallas,TX,32.833637,-96.68385,445000,305.0,,433200.0,2367.0,3.0,2.0,1457.0,1952.0,8668.44,singleFamily,1,449510.0,2025,https://www.zillow.com,https://photos.zillowstatic.com/fp/06197e9340e64f331d7975e20f067a1d-p_c.jpg,2026-08-03 11:19,For Sale
96504502,2634 Bainbridge Dr,75237,Dallas,TX,32.663048,-96.862625,619000,259.0,,,,5.0,4.0,2391.0,2026.0,0.619,singleFamily,123,85000.0,2025,https://www.zillow.com,https://photos.zillowstatic.com/fp/b673936ab69f4c245926b291f1d96678-p_c.jpg,2026-08-03 11:19,For Sale
55826585,5408 Dove Dr,75236,Dallas,TX,32.6792,-96.8975,389000,163.0,,380500.0,2653.0,4.0,3.0,2389.0,2001.0,10541.52,singleFamily,2,389880.0,2025,https://www.zillow.com,https://photos.zillowstatic.com/fp/8cbb722feb10d0dcc06353b043b0d675-p_c.jpg,2026-08-03 11:19,For Sale
26877176,5230 Westgrove Dr,75248,Dallas,TX,32.97824,-96.81826,3275000,543.0,-75000.0,,,4.0,7.0,6026.0,1994.0,0.502,singleFamily,107,2435560.0,2025,https://www.zillow.com,https://photos.zillowstatic.com/fp/145d3b7d9e76937e707694afe4ccb690-p_c.jpg,2026-08-03 11:19,For Sale
26750100,7103 Wake Forrest Dr,75214,Dallas,TX,32.85406,-96.737595,540000,400.0,-20000.0,529600.0,2831.0,3.0,2.0,1349.0,1959.0,7492.32,singleFamily,73,539870.0,2025,https://www.zillow.com,https://photos.zillowstatic.com/fp/358a50487db67fc72e46030364466760-p_c.jpg,2026-08-03 11:19,For Sale
26890126,6706 La Manga Dr,75248,Dallas,TX,32.971645,-96.79065,795000,306.0,-15000.0,768700.0,3624.0,4.0,3.0,2601.0,1980.0,8276.4,singleFamily,26,825000.0,2025,https://www.zillow.com,https://photos.zillowstatic.com/fp/8b8b517b515b190d97bfa10610d50d24-p_c.jpg,2026-08-03 11:19,For Sale
53089558,6032 Ainsdale Ct,75252,Dallas,TX,32.998665,-96.80026,569000,238.0,-10000.0,558100.0,5121.0,4.0,3.0,2387.0,1994.0,6534.0,singleFamily,46,542762.0,2025,https://www.zillow.com,https://photos.zillowstatic.com/fp/7405773a0b6b4a81c3c8857faafa1cc7-p_c.jpg,2026-08-03 11:19,For Sale
96526413,2401 Peabody Ave,75215,Dallas,TX,32.76466,-96.772224,530000,196.0,,525200.0,4248.0,4.0,4.0,2701.0,2025.0,8015.04,singleFamily,3,80000.0,2025,https://www.zillow.com,https://photos.zillowstatic.com/fp/fee39793bbc364cd552411edc3fbbf07-p_c.jpg,2026-08-03 11:19,For Sale
26870104,8716 Echo Valley Dr,75243,Dallas,TX,32.8975,-96.739395,672500,261.0,-17500.0,657700.0,3855.0,4.0,3.0,2578.0,1972.0,8755.56,singleFamily,60,614330.0,2025,https://www.zillow.com,https://photos.zillowstatic.com/fp/ffce8e43168752122f7c622654bcd789-p_c.jpg,2026-08-03 11:19,For Sale
26693331,4519 Rawlins St,75219,Dallas,TX,32.81825,-96.81566,385000,217.0,,370400.0,3362.0,3.0,3.0,1773.0,1968.0,2.531,townhome,52,416660.0,2025,https://www.zillow.com,https://photos.zillowstatic.com/fp/66940e15c03ef5bd8f008efcd8a3e939-p_c.jpg,2026-08-03 11:19,For Sale
26923479,2728 Reagan St APT 202,75219,Dallas,TX,32.808113,-96.81266,235000,268.0,-10000.0,227900.0,2223.0,2.0,2.0,878.0,1983.0,7492.32,condo,32,226960.0,2025,https://www.zillow.com,https://photos.zillowstatic.com/fp/ec8640a34e025855d2be9e18e79f030a-p_c.jpg,2026-08-03 11:19,For Sale
26883981,5842 N Jim Miller Rd,75228,Dallas,TX,32.7972,-96.69954,325000,171.0,,315000.0,2682.0,3.0,2.0,1904.0,1963.0,9801.0,singleFamily,2,434240.0,2025,https://www.zillow.com,https://photos.zillowstatic.com/fp/be8cf6292564ca4dae7bcdfca9afed72-p_c.jpg,2026-08-03 11:19,For Sale
80232357,1111 S Akard St Unit 314,75215,Dallas,TX,32.772007,-96.794655,269900,234.0,-9600.0,,,2.0,2.0,1152.0,2006.0,0.752,condo,80,324800.0,2025,https://www.zillow.com,https://photos.zillowstatic.com/fp/3cfdabdef925fe3e569919b69073ec6a-p_c.jpg,2026-08-03 11:19,For Sale
26849341,12129 Marbrook Dr,75230,Dallas,TX,32.91435,-96.79447,3595000,537.0,,3440000.0,7100.0,6.0,7.0,6700.0,2026.0,0.378,singleFamily,52,1215090.0,2025,https://www.zillow.com,https://photos.zillowstatic.com/fp/b24d04e4c6e291c45d0ffa2ae13cc08a-p_c.jpg,2026-08-03 11:19,For Sale
26796661,6208 Fenway St,75217,Dallas,TX,32.72877,-96.71546,269000,147.0,,,2359.0,4.0,3.0,1835.0,1963.0,7492.32,singleFamily,16,204440.0,2025,https://www.zillow.com,https://photos.zillowstatic.com/fp/237bdd41d888a7e2f89de53f4b273276-p_c.jpg,2026-08-03 11:19,For Sale
26867712,8814 Sanshire Ave,75231,Dallas,TX,32.879063,-96.743675,1599000,420.0,-66000.0,,,4.0,4.0,3805.0,1982.0,10454.4,singleFamily,69,790000.0,2025,https://www.zillow.com,https://photos.zillowstatic.com/fp/bb76849ada2d4f76a9f09d2df6478ddb-p_c.jpg,2026-08-03 11:19,For Sale
26685376,514 S Glasgow Dr,75223,Dallas,TX,32.80263,-96.74768,850000,254.0,-45000.0,,,5.0,5.0,3350.0,2025.0,7248.384,singleFamily,104,387210.0,2025,https://www.zillow.com,https://photos.zillowstatic.com/fp/0720e2bc38a8336256d2286af7b527cd-p_c.jpg,2026-08-03 11:19,For Sale
96532519,4212 Balch Dr,75216,Dallas,TX,32.710346,-96.768936,449000,166.0,,,1425.0,5.0,3.0,2700.0,2026.0,0.43,singleFamily,4,355330.0,2025,https://www.zillow.com,https://photos.zillowstatic.com/fp/6435cda48ca816e1b6c564998fa90d9a-p_c.jpg,2026-08-03 11:19,For Sale
26703066,6240 Kenwood Ave,75214,Dallas,TX,32.832672,-96.75654,1898000,439.0,,,,5.0,5.0,4325.0,2026.0,8537.76,singleFamily,24,555230.0,2025,https://www.zillow.com,https://photos.zillowstatic.com/fp/fa2f50d868715fc45672ad0bf58432d2-p_c.jpg,2026-08-03 11:19,For Sale
26930368,5325 Bent Tree Forest Dr APT 2230,75248,Dallas,TX,32.965553,-96.8182,150000,146.0,,,,1.0,2.0,1028.0,1983.0,2.564,condo,16,205370.0,2025,https://www.zillow.com,https://photos.zillowstatic.com/fp/05646879b40876c0ad2f398a1a6bb089-p_c.jpg,2026-08-03 11:19,For Sale
26903228,9 Hallshire Ct,75225,Dallas,TX,32.879124,-96.77414,1900000,389.0,505000.0,1797900.0,7980.0,4.0,5.0,4889.0,1985.0,6577.56,singleFamily,51,1746740.0,2025,https://www.zillow.com,https://photos.zillowstatic.com/fp/42343685ca53c7ab1c7319ff63aedeff-p_c.jpg,2026-08-03 11:19,For Sale
26709492,921 Sunset Ave,75208,Dallas,TX,32.744446,-96.83857,425000,270.0,,379100.0,1967.0,2.0,2.0,1574.0,1950.0,6446.88,multiFamily,2,365970.0,2025,https://www.zillow.com,https://photos.zillowstatic.com/fp/53a1361139fbefc85ebe90feeb69a5ce-p_c.jpg,2026-08-03 11:19,For Sale
26881178,4565 Forest Bend Rd,75244,Dallas,TX,32.923553,-96.82936,1269000,413.0,-6000.0,1219900.0,5073.0,4.0,4.0,3072.0,1968.0,0.32999999999999996,singleFamily,46,820000.0,2025,https://www.zillow.com,https://photos.zillowstatic.com/fp/2adeb971da4d24cdfce69d5a330da2e0-p_c.jpg,2026-08-03 11:19,For Sale
26774612,3219 Idaho Ave,75216,Dallas,TX,32.705235,-96.8125,110000,117.0,,,1510.0,2.0,1.0,944.0,1948.0,9147.6,singleFamily,11,178370.0,2025,https://www.zillow.com,https://photos.zillowstatic.com/fp/1b8f2b4b2a2703f363dd2097c1bf72bb-p_c.jpg,2026-08-03 11:19,For Sale
26738608,7152 Fair Oaks Ave APT 1122,75231,Dallas,TX,32.872566,-96.7574,119000,123.0,-6490.0,119300.0,1495.0,3.0,2.0,964.0,1975.0,8.74,condo,23,105000.0,2025,https://www.zillow.com,https://photos.zillowstatic.com/fp/183348bdae7faa85fb9efdacdbe3323d-p_c.jpg,2026-08-03 11:19,For Sale
26809189,3708 Jubilee Trl,75229,Dallas,TX,32.90011,-96.85576,1149000,385.0,-40000.0,1108700.0,6203.0,4.0,4.0,2982.0,1972.0,0.39599999999999996,singleFamily,146,766910.0,2025,https://www.zillow.com,https://photos.zillowstatic.com/fp/962cc5c0c56b5b92dd98f2930103723f-p_c.jpg,2026-08-03 11:19,For Sale
26873776,7074 Regalview Cir,75248,Dallas,TX,32.966267,-96.78727,430000,173.0,-25000.0,424700.0,3360.0,4.0,4.0,2481.0,1980.0,3049.2,townhome,136,336070.0,2025,https://www.zillow.com,https://photos.zillowstatic.com/fp/ab43e989118aac49636d95799b9f9a4e-p_c.jpg,2026-08-03 11:19,For Sale
26709952,403 S Willomet Ave,75208,Dallas,TX,32.742317,-96.84079,374999,222.0,-10000.0,361400.0,3085.0,3.0,2.0,1688.0,1945.0,7792.884,singleFamily,87,480060.0,2025,https://www.zillow.com,https://photos.zillowstatic.com/fp/989d3ede585469f8d7678f0799f7956e-p_c.jpg,2026-08-03 11:19,For Sale
26807867,3115 Walnut Hill Ln,75229,Dallas,TX,32.88122,-96.871086,524000,243.0,7000.0,504300.0,3230.0,3.0,3.0,2159.0,1973.0,10323.72,singleFamily,32,520370.0,2025,https://www.zillow.com,https://photos.zillowstatic.com/fp/f696345e0f0b0ae96c3ef1cc99397834-p_c.jpg,2026-08-03 11:19,For Sale
26731216,7714 Roper St,75209,Dallas,TX,32.850014,-96.82974,1499000,404.0,,1446500.0,7749.0,4.0,3.0,3713.0,2018.0,9626.76,singleFamily,75,1601180.0,2025,https://www.zillow.com,https://photos.zillowstatic.com/fp/b8e117999708a889e9802edf3d4259cc-p_c.jpg,2026-08-03 11:19,For Sale
26746778,10469 Sinclair Ave,75218,Dallas,TX,32.85076,-96.70008,799000,398.0,,,,4.0,3.0,2008.0,1960.0,8973.36,singleFamily,45,609330.0,2025,https://www.zillow.com,https://photos.zillowstatic.com/fp/d09baee347b99162de7f6c5a1627c50f-p_c.jpg,2026-08-03 11:19,For Sale
26740733,8722 Angora St,75218,Dallas,TX,32.824203,-96.71118,805000,319.0,,771600.0,4103.0,4.0,3.0,2526.0,1949.0,6403.32,singleFamily,4,960860.0,2025,https://www.zillow.com,https://photos.zillowstatic.com/fp/eaa00c06514b8f0bff2c4f4063344a79-p_c.jpg,2026-08-03 11:19,For Sale
26853018,8734 Westfield Dr,75243,Dallas,TX,32.90191,-96.7518,479950,324.0,,454100.0,2597.0,3.0,2.0,1482.0,1958.0,7666.56,singleFamily,23,427070.0,2025,https://www.zillow.com,https://photos.zillowstatic.com/fp/27a8e962917d18cba50fb00fc250bd84-p_c.jpg,2026-08-03 11:19,For Sale
26838897,10521 Sandpiper Ln,75230,Dallas,TX,32.889427,-96.78047,485000,261.0,-20000.0,474700.0,3141.0,3.0,2.0,1859.0,1971.0,6446.88,singleFamily,182,473790.0,2025,https://www.zillow.com,https://photos.zillowstatic.com/fp/4337fa862d43b9c3b2e779eb755195e6-p_c.jpg,2026-08-03 11:19,For Sale
248831868,5710 McCommas Blvd Unit 101,75206,Dallas,TX,32.829655,-96.76929,450000,277.0,,442100.0,4194.0,2.0,3.0,1624.0,2016.0,0.957,condo,37,490000.0,2025,https://www.zillow.com,https://photos.zillowstatic.com/fp/53c4d606006069f8e0762102e58b52a4-p_c.jpg,2026-08-03 11:19,For Sale
464123628,8560 Park Ln #50,75231,Dallas,TX,32.868908,-96.755615,134999,103.0,,117300.0,1707.0,3.0,2.0,1310.0,1974.0,6.129,condo,9,,,https://www.zillow.com,https://photos.zillowstatic.com/fp/726dd6b15974b89d74b46824d23a1dd2-p_c.jpg,2026-08-03 11:19,For Sale
120752006,9668 Rockpoint Ct,75238,Dallas,TX,32.878536,-96.71935,1695000,334.0,-54000.0,,,5.0,5.0,5080.0,2012.0,0.311,singleFamily,100,1632460.0,2025,https://www.zillow.com,https://photos.zillowstatic.com/fp/bca7223b866ce94954ee42a2d50f5dab-p_c.jpg,2026-08-03 11:19,For Sale
26832762,3219 N Winnetka Ave,75212,Dallas,TX,32.781116,-96.840004,230000,185.0,-23000.0,,,3.0,2.0,1245.0,1941.0,5009.4,singleFamily,48,276050.0,2025,https://www.zillow.com,https://photos.zillowstatic.com/fp/f11a7060b09e723d0e1245686e26f961-p_c.jpg,2026-08-03 11:19,For Sale
26772122,917 De Witt Cir,75224,Dallas,TX,32.720097,-96.83782,300000,200.0,-5000.0,,2217.0,3.0,2.0,1503.0,1953.0,0.252,singleFamily,18,160260.0,2020,https://www.zillow.com,https://photos.zillowstatic.com/fp/74ab85ef3ad816b9f0fbbe3b047a3bb3-p_c.jpg,2026-08-03 11:19,For Sale
26694735,6162 Prospect Ave,75214,Dallas,TX,32.814735,-96.75886,2275000,537.0,,2184400.0,5889.0,5.0,6.0,4233.0,2026.0,9408.96,singleFamily,61,638060.0,2025,https://www.zillow.com,https://photos.zillowstatic.com/fp/691bd33249f6e749718bacc5af6fa4b8-p_c.jpg,2026-08-03 11:19,For Sale
26881531,4988 Thunder Rd,75244,Dallas,TX,32.923706,-96.821884,429000,150.0,-20000.0,420100.0,3483.0,3.0,3.0,2852.0,1974.0,4007.52,singleFamily,22,360350.0,2025,https://www.zillow.com,https://photos.zillowstatic.com/fp/6b00cc44183605d006512863859c7702-p_c.jpg,2026-08-03 11:19,For Sale
26922776,4040 Avondale Ave APT 402,75219,Dallas,TX,32.81725,-96.80738,545000,261.0,,,,3.0,4.0,2088.0,1985.0,1.447,condo,6,475000.0,2025,https://www.zillow.com,https://photos.zillowstatic.com/fp/e2163ebdf1c452aacdc054e286d70f13-p_c.jpg,2026-08-03 11:19,For Sale
26740748,8702 San Fernando Way,75218,Dallas,TX,32.820957,-96.7085,875000,332.0,-7000.0,865900.0,6217.0,3.0,2.0,2638.0,2014.0,8015.04,singleFamily,136,1262570.0,2025,https://www.zillow.com,https://photos.zillowstatic.com/fp/61b398d8216f961540e664eb86399af2-p_c.jpg,2026-08-03 11:19,For Sale
26764165,6714 Day St,75227,Dallas,TX,32.76784,-96.704414,210000,169.0,,204000.0,1724.0,3.0,2.0,1243.0,1948.0,7579.44,singleFamily,33,176030.0,2025,https://www.zillow.com,https://photos.zillowstatic.com/fp/4ec22cdcbbeac5969f53d26620269795-p_c.jpg,2026-08-03 11:19,For Sale
26741463,1407 Tranquilla Dr,75218,Dallas,TX,32.832645,-96.696915,1399900,318.0,-75100.0,1346900.0,6102.0,4.0,5.0,4397.0,1945.0,0.381,singleFamily,17,851320.0,2025,https://www.zillow.com,https://photos.zillowstatic.com/fp/2c87bc46295e4e0beb5aee4844761312-p_c.jpg,2026-08-03 11:19,For Sale
26728839,326 Avenue F,75203,Dallas,TX,32.74538,-96.793686,565000,244.0,,,1956.0,4.0,3.0,2313.0,2026.0,5357.88,singleFamily,5,172860.0,2025,https://www.zillow.com,https://photos.zillowstatic.com/fp/cbd69e9fdf7b7e7e6c424d8096c9c829-p_c.jpg,2026-08-03 11:19,For Sale
26820876,2536 56th St,75241,Dallas,TX,32.687935,-96.77936,328000,199.0,,327200.0,2421.0,3.0,2.0,1652.0,2026.0,10672.2,singleFamily,19,70000.0,2025,https://www.zillow.com,https://photos.zillowstatic.com/fp/166f029070724533d9b9a2a83b9ea532-p_c.jpg,2026-08-03 11:19,For Sale
26788006,3631 Espanola Dr,75220,Dallas,TX,32.86865,-96.857475,809000,273.0,-40900.0,795900.0,5234.0,4.0,3.0,2966.0,2025.0,8903.664,singleFamily,202,724170.0,2025,https://www.zillow.com,https://photos.zillowstatic.com/fp/d6b673337c8f7e104d1c4c63ef7ca4a0-p_c.jpg,2026-08-03 11:19,For Sale
26733807,5356 Drane Dr,75209,Dallas,TX,32.84221,-96.8191,5500000,767.0,,,,6.0,6.0,7171.0,1954.0,0.515,singleFamily,90,4552000.0,2025,https://www.zillow.com,https://photos.zillowstatic.com/fp/ac1eeac71a41d699046babb3faf88336-p_c.jpg,2026-08-03 11:19,For Sale
26681824,3883 Turtle Creek Blvd APT 404,75219,Dallas,TX,32.815575,-96.79938,265000,259.0,,258400.0,2255.0,2.0,2.0,1023.0,1963.0,3.159,condo,16,276210.0,2025,https://www.zillow.com,https://photos.zillowstatic.com/fp/66ae01d10fed71849536f93d737fe1c2-p_c.jpg,2026-08-03 11:19,For Sale
26837429,6632 Azalea Ln,75230,Dallas,TX,32.897102,-96.78964,4587000,686.0,,4346900.0,4236.0,5.0,7.0,6684.0,2025.0,0.362,singleFamily,96,889100.0,2025,https://www.zillow.com,https://photos.zillowstatic.com/fp/6719b7283907e94dd0e0042d34f47471-p_c.jpg,2026-08-03 11:19,For Sale
26697198,5111 Stoneleigh Ave,75235,Dallas,TX,32.81882,-96.82717,528000,377.0,-17000.0,516400.0,2945.0,3.0,2.0,1402.0,1940.0,7605.576,singleFamily,67,512640.0,2025,https://www.zillow.com,https://photos.zillowstatic.com/fp/5f1d557d67dd36a0c86d1489441871cd-p_c.jpg,2026-08-03 11:19,For Sale
26898061,2967 Magnolia Hill Ct,75201,Dallas,TX,32.79382,-96.81076,1495000,627.0,,,,2.0,2.0,2385.0,1996.0,1306.8,townhome,38,1300000.0,2025,https://www.zillow.com,https://photos.zillowstatic.com/fp/386d2008782177ddd7e794525647dc13-p_c.jpg,2026-08-03 11:19,For Sale
26787202,346 Classen Dr,75218,Dallas,TX,32.85826,-96.706924,599000,371.0,-26000.0,585800.0,3688.0,4.0,2.0,1614.0,1952.0,10454.4,singleFamily,25,629120.0,2025,https://www.zillow.com,https://photos.zillowstatic.com/fp/cdcb3390d2518e57f27b0b4440e62e3a-p_c.jpg,2026-08-03 11:19,For Sale
26699986,6718 Victoria Ave,75209,Dallas,TX,32.840225,-96.83092,1325000,293.0,,1283300.0,7617.0,6.0,6.0,4517.0,2023.0,6490.44,singleFamily,27,1350540.0,2025,https://www.zillow.com,https://photos.zillowstatic.com/fp/ce4e73e6ebd78047d646817790caa445-p_c.jpg,2026-08-03 11:19,For Sale
26828804,5908 Melshire Dr,75230,Dallas,TX,32.913986,-96.80711,1749500,420.0,-49500.0,1644100.0,7929.0,4.0,5.0,4169.0,1958.0,0.3721,singleFamily,116,1547840.0,2025,https://www.zillow.com,https://photos.zillowstatic.com/fp/8064821314d0532b2043275aeff10f45-p_c.jpg,2026-08-03 11:19,For Sale
26812289,3025 Westforest Dr,75229,Dallas,TX,32.905136,-96.875595,310000,265.0,,301000.0,1984.0,2.0,2.0,1172.0,1982.0,5183.64,singleFamily,2,296970.0,2025,https://www.zillow.com,https://photos.zillowstatic.com/fp/fec1757ae061e00ce4d69aa69bc148bc-p_c.jpg,2026-08-03 11:19,For Sale
26869003,9517 Fallbrook Dr,75243,Dallas,TX,32.902004,-96.73191,650000,254.0,-15000.0,,,3.0,3.0,2556.0,1973.0,8276.4,singleFamily,59,608420.0,2025,https://www.zillow.com,https://photos.zillowstatic.com/fp/d0fcb1ce9deaff6780213af55ae1a252-p_c.jpg,2026-08-03 11:19,For Sale
26910610,2843 Meadow Way Ln,75228,Dallas,TX,32.814144,-96.67938,284900,186.0,,277700.0,2073.0,3.0,3.0,1533.0,1995.0,4486.68,singleFamily,10,262350.0,2025,https://www.zillow.com,https://photos.zillowstatic.com/fp/14824d59a6f18928a260428ebbe166a7-p_c.jpg,2026-08-03 11:19,For Sale
26807792,3060 Timberview Rd,75229,Dallas,TX,32.88321,-96.872246,629000,256.0,-6000.0,610400.0,3982.0,4.0,3.0,2454.0,1963.0,10018.8,singleFamily,51,509110.0,2025,https://www.zillow.com,https://photos.zillowstatic.com/fp/7b7b0bab43ab5ccea3302f0918f81de0-p_c.jpg,2026-08-03 11:19,For Sale
96510394,1116 Muncie Ave,75212,Dallas,TX,32.77479,-96.84069,600000,299.0,,587500.0,3382.0,4.0,3.0,2006.0,2021.0,5009.4,singleFamily,1,607000.0,2025,https://www.zillow.com,https://photos.zillowstatic.com/fp/c4f5d5be019f02934c310ca44958c2e1-p_c.jpg,2026-08-03 11:19,For Sale
26804535,12108 Fieldwood Ln,75244,Dallas,TX,32.913193,-96.82432,2799999,508.0,-100000.0,2650500.0,7343.0,6.0,7.0,5516.0,2019.0,0.3663,singleFamily,9,2715660.0,2025,https://www.zillow.com,https://photos.zillowstatic.com/fp/81e1f319c9e5ec375dcc04b055f06c30-p_c.jpg,2026-08-03 11:19,For Sale
26755681,6022 Waggoner Dr,75230,Dallas,TX,32.887028,-96.803055,2949000,470.0,,,,5.0,7.0,6274.0,1991.0,0.344,singleFamily,6,2500000.0,2025,https://www.zillow.com,https://photos.zillowstatic.com/fp/bcc7f02d716135f51af37c753fa978d3-p_c.jpg,2026-08-03 11:19,For Sale
26701887,6878 Burwood Ln,75214,Dallas,TX,32.81725,-96.74054,1044000,366.0,-34000.0,,,3.0,3.0,2852.0,1957.0,9056.124,singleFamily,61,975390.0,2025,https://www.zillow.com,https://photos.zillowstatic.com/fp/c9c204c79e00590250a7fd7ac02d4e28-p_c.jpg,2026-08-03 11:19,For Sale
26844283,12135 Oberlin Dr,75243,Dallas,TX,32.913326,-96.75839,399000,252.0,-26000.0,390700.0,3029.0,4.0,4.0,1583.0,1956.0,7535.88,singleFamily,66,207230.0,2025,https://www.zillow.com,https://photos.zillowstatic.com/fp/59e6f4e25782e28579bc00812387d39e-p_c.jpg,2026-08-03 11:19,For Sale
26807447,3534 Ingleside Dr,75229,Dallas,TX,32.889,-96.86073,1749000,383.0,-26000.0,1690300.0,6472.0,5.0,4.0,4571.0,2022.0,0.286,singleFamily,65,1621610.0,2025,https://www.zillow.com,https://photos.zillowstatic.com/fp/af26a0e72b8f2e107f7d1e0fa0db52c2-p_c.jpg,2026-08-03 11:19,For Sale
26685335,523 Martinique Ave,75223,Dallas,TX,32.80137,-96.748665,654900,401.0,-20000.0,630200.0,2410.0,4.0,2.0,1632.0,1963.0,7230.96,singleFamily,11,380290.0,2025,https://www.zillow.com,https://photos.zillowstatic.com/fp/294db3ced989c9642285883d2dbe383c-p_c.jpg,2026-08-03 11:19,For Sale
26627484,4748 Old Bent Tree Ln APT 506,75287,Dallas,TX,33.00089,-96.82676,169000,191.0,,,,2.0,2.0,887.0,1985.0,1263.24,condo,22,89990.0,2025,https://www.zillow.com,https://photos.zillowstatic.com/fp/8e1eeb5cd71408527c803aa987cc0b56-p_c.jpg,2026-08-03 11:19,For Sale
162813613,6827 Sunshade Ln,75236,Dallas,TX,32.682747,-96.938324,519500,168.0,-5500.0,511200.0,3932.0,4.0,3.0,3090.0,2015.0,10149.48,singleFamily,56,509140.0,2025,https://www.zillow.com,https://photos.zillowstatic.com/fp/ec02e1d7ec8b4716bc331b736abd7f0b-p_c.jpg,2026-08-03 11:19,For Sale
26924856,4221 Cole Ave APT 108,75205,Dallas,TX,32.817375,-96.79252,225000,336.0,,222700.0,1754.0,1.0,1.0,670.0,1983.0,0.413,condo,8,227800.0,2025,https://www.zillow.com,https://photos.zillowstatic.com/fp/06da723bb9391cfa0e89ba56452a710e-p_c.jpg,2026-08-03 11:19,For Sale
26830903,8494 Swift Ave,75228,Dallas,TX,32.80567,-96.700294,447000,243.0,,439500.0,2411.0,3.0,2.0,1837.0,1962.0,9016.92,singleFamily,2,410150.0,2025,https://www.zillow.com,https://photos.zillowstatic.com/fp/efe76d8cf8fa430f85282e6350aac2b5-p_c.jpg,2026-08-03 11:19,For Sale
26752447,9539 Boedeker Dr,75225,Dallas,TX,32.878326,-96.779015,3490000,620.0,,3332400.0,7792.0,6.0,8.0,5630.0,2026.0,0.3306,singleFamily,30,689720.0,2025,https://www.zillow.com,https://photos.zillowstatic.com/fp/a45c0314d0f00e38ad99c75efe8409b6-p_c.jpg,2026-08-03 11:19,For Sale
2059857584,5718 Over Downs Dr,75230,Dallas,TX,32.890553,-96.80669,1150000,464.0,,1097400.0,4604.0,3.0,3.0,2476.0,1980.0,6359.76,singleFamily,20,,,https://www.zillow.com,https://photos.zillowstatic.com/fp/f24edc6e895a14f468c104fc5e12ac8a-p_c.jpg,2026-08-03 11:19,For Sale
55825927,802 Haines Ave,75208,Dallas,TX,32.752388,-96.82884,1064000,296.0,-25000.0,1037700.0,4304.0,4.0,3.0,3596.0,1918.0,7274.52,singleFamily,64,754360.0,2025,https://www.zillow.com,https://photos.zillowstatic.com/fp/9f2fb0e81cb3a51669767ffe519b58ec-p_c.jpg,2026-08-03 11:19,For Sale
26831226,2320 Chart Dr,75228,Dallas,TX,32.809082,-96.703445,497000,269.0,-2000.0,484100.0,2260.0,2.0,2.0,1849.0,1961.0,0.368,singleFamily,24,470000.0,2025,https://www.zillow.com,https://photos.zillowstatic.com/fp/dc922acf1d4cce49b3e170c0afb721a9-p_c.jpg,2026-08-03 11:19,For Sale
26871906,6810 Town Bluff Dr,75248,Dallas,TX,32.95476,-96.791534,712500,225.0,-2500.0,699700.0,4909.0,4.0,3.0,3161.0,1974.0,0.331,singleFamily,81,721940.0,2025,https://www.zillow.com,https://photos.zillowstatic.com/fp/494c4df497dbb3e26490ef690f7b996c-p_c.jpg,2026-08-03 11:19,For Sale
26806748,10236 Crestover Dr,75229,Dallas,TX,32.885918,-96.84944,3390000,407.0,-50000.0,3271800.0,7204.0,5.0,7.0,8323.0,2025.0,0.3694,singleFamily,123,2034810.0,2025,https://www.zillow.com,https://photos.zillowstatic.com/fp/14fb53cc1a06cbe09f46bfff26459170-p_c.jpg,2026-08-03 11:19,For Sale
26843713,8835 Larchwood Dr,75238,Dallas,TX,32.86803,-96.702156,595000,361.0,-4000.0,,,3.0,2.0,1646.0,1955.0,7623.0,singleFamily,10,519030.0,2025,https://www.zillow.com,https://photos.zillowstatic.com/fp/144a4737b96b471c31c4f507626bcc11-p_c.jpg,2026-08-03 11:19,For Sale
26722466,923 Hartsdale Dr,75211,Dallas,TX,32.75318,-96.86922,288000,197.0,-7000.0,288800.0,2189.0,3.0,2.0,1464.0,1941.0,7492.32,singleFamily,17,286030.0,2025,https://www.zillow.com,https://photos.zillowstatic.com/fp/90bf3d4aecff182e5827e5639302caa6-p_c.jpg,2026-08-03 11:19,For Sale
461904732,4911 Clover Haven St,75227,Dallas,TX,32.786057,-96.68791,239500,178.0,-1490.0,237700.0,1990.0,3.0,2.0,1348.0,1986.0,3876.84,singleFamily,102,,,https://www.zillow.com,https://photos.zillowstatic.com/fp/1cca90c73b0e892bf3a3ba88ba0de31c-p_c.jpg,2026-08-03 11:19,For Sale
26871764,14952 Knollview Dr,75248,Dallas,TX,32.953938,-96.786,855000,301.0,-20000.0,,,4.0,4.0,2845.0,1967.0,0.27599999999999997,singleFamily,75,900000.0,2025,https://www.zillow.com,https://photos.zillowstatic.com/fp/c8a58ef4eb5e8c50e386e9cf4e9fd67f-p_c.jpg,2026-08-03 11:19,For Sale
26685330,416 Mount Auburn Ave,75223,Dallas,TX,32.80185,-96.74993,798900,191.0,,793800.0,7007.0,5.0,5.0,4181.0,2026.0,7230.96,singleFamily,11,500000.0,2025,https://www.zillow.com,https://photos.zillowstatic.com/fp/116d136469d8ab2a027f05d03133e3f9-p_c.jpg,2026-08-03 11:19,For Sale
26751108,7329 Edgerton Dr,75231,Dallas,TX,32.857544,-96.73505,585000,292.0,-5000.0,577100.0,3283.0,4.0,3.0,2006.0,1960.0,7766.748,singleFamily,136,566090.0,2025,https://www.zillow.com,https://photos.zillowstatic.com/fp/a8746595e435f258fa3ac003af6247c7-p_c.jpg,2026-08-03 11:19,For Sale
26873518,7214 Authon Dr,75248,Dallas,TX,32.971138,-96.7825,779800,321.0,-8700.0,759300.0,4524.0,4.0,3.0,2432.0,1973.0,8163.144,singleFamily,45,579350.0,2025,https://www.zillow.com,https://photos.zillowstatic.com/fp/4b59a4904a9a925c21ef6ecb03b7e575-p_c.jpg,2026-08-03 11:19,For Sale
26863363,7326 Spring Valley Rd,75254,Dallas,TX,32.939564,-96.77729,1100000,298.0,-89000.0,1064700.0,6375.0,5.0,5.0,3694.0,1961.0,0.507,singleFamily,152,987170.0,2025,https://www.zillow.com,https://photos.zillowstatic.com/fp/e80289cffb392d62972b6516fc4bbe3e-p_c.jpg,2026-08-03 11:19,For Sale
26805240,4034 Alta Vista Ln,75229,Dallas,TX,32.903854,-96.84209,1999999,492.0,-125001.0,,,5.0,6.0,4065.0,1959.0,0.368,singleFamily,136,1119820.0,2025,https://www.zillow.com,https://photos.zillowstatic.com/fp/e31094301a159718fa64b4abaf35bcdb-p_c.jpg,2026-08-03 11:19,For Sale
26706589,6520 Sondra Dr,75214,Dallas,TX,32.82633,-96.74906,1795000,460.0,,1718100.0,7651.0,4.0,4.0,3903.0,2008.0,7579.44,singleFamily,12,1465990.0,2025,https://www.zillow.com,https://photos.zillowstatic.com/fp/13a4599de9a22793124417a3a1f6b32e-p_c.jpg,2026-08-03 11:19,For Sale
26828882,5712 Ridgetown Cir,75230,Dallas,TX,32.911423,-96.81105,1595000,519.0,,1498500.0,7400.0,4.0,4.0,3075.0,1960.0,0.383,singleFamily,10,1195500.0,2025,https://www.zillow.com,https://photos.zillowstatic.com/fp/9306d63438442d0f1f6da2131826c317-p_c.jpg,2026-08-03 11:19,For Sale
96515449,333 N Moore St,75203,Dallas,TX,32.7525,-96.804146,485000,265.0,,,2682.0,3.0,3.0,1830.0,2026.0,2439.36,singleFamily,4,80750.0,2025,https://www.zillow.com,https://photos.zillowstatic.com/fp/cae2e21a9787fe852235fd17dd61f6b5-p_c.jpg,2026-08-03 11:19,For Sale
26780263,4106 Boulder Dr,75233,Dallas,TX,32.693462,-96.87376,615000,170.0,,590900.0,4005.0,5.0,4.0,3612.0,1963.0,0.47900000000000004,singleFamily,24,600000.0,2025,https://www.zillow.com,https://photos.zillowstatic.com/fp/4ff8445a0d22ab5dbd67ff6c05ad8b41-p_c.jpg,2026-08-03 11:19,For Sale
26857232,4519 Yancy St,75216,Dallas,TX,32.71156,-96.74719,300000,199.0,,298600.0,2253.0,4.0,2.0,1510.0,2019.0,10759.32,singleFamily,40,309010.0,2025,https://www.zillow.com,https://photos.zillowstatic.com/fp/522db04673ec16faafa4f0aae26ece79-p_c.jpg,2026-08-03 11:19,For Sale
26803818,5821 Northaven Rd,75230,Dallas,TX,32.902546,-96.808235,3100000,515.0,350000.0,2916900.0,7119.0,4.0,6.0,6022.0,2013.0,0.416,singleFamily,14,2627750.0,2025,https://www.zillow.com,https://photos.zillowstatic.com/fp/389940dc5359ac44cd4359bdac844caf-p_c.jpg,2026-08-03 11:19,For Sale
61871464,3505 Turtle Creek Blvd APT 4E,75219,Dallas,TX,32.810642,-96.80315,1380000,728.0,,,,1.0,3.0,1896.0,2000.0,2.089,condo,3,926000.0,2025,https://www.zillow.com,https://photos.zillowstatic.com/fp/5e5ebe90b713a0beed79086f93bfffcd-p_c.jpg,2026-08-03 11:19,For Sale
26734433,4252 S Cresthaven Rd,75209,Dallas,TX,32.849632,-96.83716,385000,392.0,,,1951.0,3.0,1.0,981.0,1943.0,7840.8,singleFamily,3,284000.0,2021,https://www.zillow.com,https://photos.zillowstatic.com/fp/557bf6830d3f58b75006c2d787aaec6c-p_c.jpg,2026-08-03 11:19,For Sale
26715382,818 E Woodin Blvd,75216,Dallas,TX,32.72244,-96.81238,239000,183.0,-20000.0,232400.0,1973.0,3.0,2.0,1304.0,1917.0,8015.04,singleFamily,38,259520.0,2025,https://www.zillow.com,https://photos.zillowstatic.com/fp/4b27c08c642954a63b1f940b6a9ae8e0-p_c.jpg,2026-08-03 11:19,For Sale
26713857,407 S Rosemont Ave,75208,Dallas,TX,32.741646,-96.84823,599000,396.0,,567600.0,2798.0,3.0,2.0,1511.0,1923.0,6403.32,singleFamily,3,473840.0,2025,https://www.zillow.com,https://photos.zillowstatic.com/fp/74b2e04c4d85c0709d4b2a808baafea7-p_c.jpg,2026-08-03 11:19,For Sale
26905269,4937 Lomax Dr,75227,Dallas,TX,32.782734,-96.693085,209000,189.0,,205400.0,1394.0,2.0,2.0,1105.0,1987.0,3615.48,singleFamily,52,213290.0,2025,https://www.zillow.com,https://photos.zillowstatic.com/fp/fd3f19758a237a0a25727fbaa565a6fb-p_c.jpg,2026-08-03 11:19,For Sale
26869496,9480 Timberleaf Dr,75243,Dallas,TX,32.906223,-96.73356,320000,160.0,,311100.0,2280.0,3.0,3.0,2004.0,1971.0,3005.64,townhome,2,345990.0,2025,https://www.zillow.com,https://photos.zillowstatic.com/fp/fe30ed83738d5ea4df81fa51da981e8c-p_c.jpg,2026-08-03 11:19,For Sale
26837473,11028 Edgemere Rd,75230,Dallas,TX,32.898827,-96.79269,4395000,639.0,201000.0,4228300.0,7741.0,6.0,9.0,6882.0,2026.0,0.34900000000000003,singleFamily,79,1395430.0,2025,https://www.zillow.com,https://photos.zillowstatic.com/fp/7777c7bad971b7b8bc9c7a479a911f6e-p_c.jpg,2026-08-03 11:19,For Sale
26631650,6064 Buffridge Trl,75252,Dallas,TX,33.00723,-96.801216,580000,272.0,,559400.0,2746.0,3.0,2.0,2133.0,1990.0,6272.64,singleFamily,11,506061.0,2025,https://www.zillow.com,https://photos.zillowstatic.com/fp/be6b09f928a6cfa237d57b9d8eecd8ac-p_c.jpg,2026-08-03 11:19,For Sale
26712700,919 N Clinton Ave,75208,Dallas,TX,32.75461,-96.841835,539000,410.0,-10900.0,529800.0,2734.0,2.0,2.0,1316.0,1921.0,7405.2,singleFamily,109,523670.0,2025,https://www.zillow.com,https://photos.zillowstatic.com/fp/4a0bc39ccf1d5e2d50b65f2c67bea285-p_c.jpg,2026-08-03 11:19,For Sale
26849498,6633 Greenwich Ln,75230,Dallas,TX,32.91177,-96.79103,3795000,522.0,,3667100.0,5701.0,6.0,8.0,7270.0,2026.0,0.37,singleFamily,17,637200.0,2025,https://www.zillow.com,https://photos.zillowstatic.com/fp/a3207a6ed5250f3fdad6c0b175d1e165-p_c.jpg,2026-08-03 11:19,For Sale
26678737,1514 Holly Ave,75204,Dallas,TX,32.802074,-96.777954,695000,246.0,,677100.0,5237.0,3.0,4.0,2826.0,2025.0,2526.48,singleFamily,4,117100.0,2025,https://www.zillow.com,https://photos.zillowstatic.com/fp/9559fd5ab31a0b6a159c7c213bc509c1-p_c.jpg,2026-08-03 11:19,For Sale
26847032,9016 Bretshire Dr,75228,Dallas,TX,32.811016,-96.69464,555000,260.0,-4900.0,546500.0,3061.0,3.0,2.0,2134.0,1962.0,8537.76,singleFamily,51,484240.0,2025,https://www.zillow.com,https://photos.zillowstatic.com/fp/32e809cf35feb3ffcbfb71de9184fd23-p_c.jpg,2026-08-03 11:19,For Sale
96523561,48 Ash Bluff Ln,75248,Dallas,TX,32.976192,-96.812775,5850000,813.0,-145000.0,,,5.0,6.0,7194.0,2013.0,0.8099999999999999,singleFamily,115,4200000.0,2025,https://www.zillow.com,https://photos.zillowstatic.com/fp/0917223857efba198bb157b8446390cf-p_c.jpg,2026-08-03 11:19,For Sale
26831844,203 Leda Dr,75218,Dallas,TX,32.861023,-96.70883,519000,363.0,-10000.0,509500.0,2657.0,3.0,2.0,1430.0,1953.0,8973.36,singleFamily,82,433270.0,2025,https://www.zillow.com,https://photos.zillowstatic.com/fp/554ba47fadb4a2a7c94a08029850974b-p_c.jpg,2026-08-03 11:19,For Sale
26847730,9740 Ash Creek Dr,75228,Dallas,TX,32.82579,-96.68935,465000,346.0,,452100.0,2697.0,3.0,2.0,1342.0,1955.0,7666.56,singleFamily,1,439420.0,2025,https://www.zillow.com,https://photos.zillowstatic.com/fp/aac5be39384e72deb1991d525f9b9810-p_c.jpg,2026-08-03 11:19,For Sale
26890003,6520 Clearhaven Cir,75248,Dallas,TX,32.96616,-96.79225,735000,249.0,-14000.0,716100.0,4429.0,4.0,3.0,2953.0,1979.0,7666.56,singleFamily,88,737550.0,2025,https://www.zillow.com,https://photos.zillowstatic.com/fp/03dfb155d690902c5d53ea4f100354b2-p_c.jpg,2026-08-03 11:19,For Sale
26681248,4009 Spence St,75215,Dallas,TX,32.75279,-96.76845,295000,227.0,,293800.0,2215.0,3.0,2.0,1300.0,2026.0,4356.0,singleFamily,13,39070.0,2025,https://www.zillow.com,https://photos.zillowstatic.com/fp/b2e98ef9be35702e8f2429a8b57ebdb1-p_c.jpg,2026-08-03 11:19,For Sale
26789917,3965 Durango Dr,75220,Dallas,TX,32.8674,-96.84618,2295000,439.0,-54500.0,2228100.0,3131.0,6.0,5.0,5222.0,2026.0,9931.68,singleFamily,86,708960.0,2025,https://www.zillow.com,https://photos.zillowstatic.com/fp/83b7d7ac9ed6244aa4d668c0d1c2b391-p_c.jpg,2026-08-03 11:19,For Sale
26835574,3327 Peoria Ave,75212,Dallas,TX,32.78306,-96.895744,150000,131.0,-9000.0,,2146.0,3.0,1.0,1148.0,1950.0,0.387,singleFamily,12,229620.0,2025,https://www.zillow.com,https://photos.zillowstatic.com/fp/77fc43bd1ebcc5f6bc77e29bdc2b33c4-p_c.jpg,2026-08-03 11:19,For Sale
441552552,1151 Riverwood Rd,75217,Dallas,TX,32.69713,-96.69045,364000,208.0,-15000.0,363100.0,2493.0,3.0,3.0,1750.0,2026.0,0.321,singleFamily,54,,,https://www.zillow.com,https://photos.zillowstatic.com/fp/9edb8b73a270f4baf1759055373c7a5e-p_c.jpg,2026-08-03 11:19,For Sale
26740470,1623 San Rafael Dr,75218,Dallas,TX,32.807896,-96.71929,1599900,411.0,-50100.0,1507300.0,4626.0,4.0,3.0,3892.0,1952.0,0.578,singleFamily,25,1396490.0,2025,https://www.zillow.com,https://photos.zillowstatic.com/fp/4a71492105deac6dae7c57d271fcfc25-p_c.jpg,2026-08-03 11:19,For Sale
84004706,3210 Carlisle St Unit 48,75204,Dallas,TX,32.8048,-96.80165,620000,382.0,,,,2.0,3.0,1622.0,2006.0,2.568,condo,19,567000.0,2025,https://www.zillow.com,https://photos.zillowstatic.com/fp/2d019ae73f1b92a4c8dca7477d09f5b8-p_c.jpg,2026-08-03 11:19,For Sale
26754767,6416 Park Ln,75225,Dallas,TX,32.873177,-96.79463,5295000,827.0,,,,5.0,7.0,6400.0,2026.0,0.26,singleFamily,150,2058500.0,2025,https://www.zillow.com,https://photos.zillowstatic.com/fp/ecf401fffb5aca9037cd4772fbe83268-p_c.jpg,2026-08-03 11:19,For Sale
53077414,5434 Preston Fairways Cir,75252,Dallas,TX,32.990475,-96.809105,735000,226.0,,708500.0,4088.0,4.0,3.0,3249.0,1991.0,6098.4,singleFamily,17,714915.0,2025,https://www.zillow.com,https://photos.zillowstatic.com/fp/726abc526183afad17e099c2d20f4005-p_c.jpg,2026-08-03 11:19,For Sale
26752561,3 Royal Terrace Ct,75225,Dallas,TX,32.87795,-96.77805,899000,265.0,,,,3.0,3.0,3397.0,1979.0,5270.76,singleFamily,55,1245000.0,2025,https://www.zillow.com,https://photos.zillowstatic.com/fp/1acb6d0f2467ba03be68156d60d28f02-p_c.jpg,2026-08-03 11:19,For Sale
26882185,12574 Burninglog Ln,75243,Dallas,TX,32.91795,-96.73645,265000,122.0,-10000.0,252000.0,2597.0,3.0,3.0,2171.0,1973.0,3005.64,townhome,68,329040.0,2025,https://www.zillow.com,https://photos.zillowstatic.com/fp/fef43289612a50d7dcb3c596921738a0-p_c.jpg,2026-08-03 11:19,For Sale
303981446,4511 Arberry Ln,75219,Dallas,TX,32.815933,-96.81878,559000,242.0,,,,3.0,4.0,2312.0,2021.0,1263.24,townhome,18,649810.0,2025,https://www.zillow.com,https://photos.zillowstatic.com/fp/344ccd9bc9f02fca65c78633515c2949-p_c.jpg,2026-08-03 11:19,For Sale
26789780,3723 Cortez Dr,75220,Dallas,TX,32.866554,-96.855064,1375000,359.0,,,6526.0,5.0,5.0,3830.0,2025.0,8698.932,singleFamily,5,1280020.0,2025,https://www.zillow.com,https://photos.zillowstatic.com/fp/6420c332169c78c563e50e5349d40709-p_c.jpg,2026-08-03 11:19,For Sale
96496175,5328 Manett St,75206,Dallas,TX,32.817657,-96.77831,1595000,468.0,-55000.0,1536300.0,7467.0,5.0,4.0,3411.0,2015.0,7492.32,singleFamily,43,1267630.0,2025,https://www.zillow.com,https://photos.zillowstatic.com/fp/d00389973ebaf780a36141cbf95726a1-p_c.jpg,2026-08-03 11:19,For Sale
26839352,10536 Stone Canyon Rd APT 216,75230,Dallas,TX,32.88935,-96.773544,144900,170.0,-5000.0,139900.0,1445.0,2.0,1.0,851.0,1970.0,0.96,condo,100,161690.0,2025,https://www.zillow.com,https://photos.zillowstatic.com/fp/37c78dad944ae9533783724236ec6e1e-p_c.jpg,2026-08-03 11:19,For Sale
67961840,4213 Dickason Ave APT 9,75219,Dallas,TX,32.81071,-96.814095,499000,253.0,-20900.0,485300.0,3337.0,2.0,2.0,1974.0,2004.0,1916.64,townhome,53,567230.0,2025,https://www.zillow.com,https://photos.zillowstatic.com/fp/3a1b8b0e3d634ddb483a2332e960a62b-p_c.jpg,2026-08-03 11:19,For Sale
26725145,2009 Kingsley Dr,75216,Dallas,TX,32.688885,-96.791626,125000,125.0,-2000.0,,1541.0,2.0,1.0,1001.0,1943.0,7518.456,singleFamily,26,158490.0,2025,https://www.zillow.com,https://photos.zillowstatic.com/fp/8eca2b217190b5591fcad82643ebb41d-p_c.jpg,2026-08-03 11:19,For Sale
26759320,4424 Glenleigh Dr,75220,Dallas,TX,32.866314,-96.83281,3250000,494.0,-239000.0,,,5.0,7.0,6578.0,2005.0,0.42900000000000005,singleFamily,79,2153250.0,2025,https://www.zillow.com,https://photos.zillowstatic.com/fp/5eb82d854a28af18a012d62a4d3fa131-p_c.jpg,2026-08-03 11:19,For Sale
248830836,5710 McCommas Blvd #202,75206,Dallas,TX,32.829655,-96.76929,439000,261.0,-20000.0,433800.0,4386.0,2.0,2.0,1684.0,2016.0,0.9740000000000001,condo,87,522040.0,2025,https://www.zillow.com,https://photos.zillowstatic.com/fp/15fd891fdd1b25fc33bf8163f684c491-p_c.jpg,2026-08-03 11:19,For Sale
26838770,10610 Ravenscroft Dr,75230,Dallas,TX,32.89124,-96.77821,585000,309.0,,358900.0,3012.0,3.0,3.0,1894.0,1973.0,4516.0,singleFamily,2,430000.0,2025,https://www.zillow.com,https://www.zillowstatic.com/static/images/nophoto_p_c.png,2026-08-03 11:19,For Sale
26693089,3938 Hawthorne Ave,75219,Dallas,TX,32.822414,-96.80963,1750000,513.0,,,,3.0,4.0,3413.0,2025.0,7187.4,singleFamily,3,2843960.0,2025,https://www.zillow.com,https://photos.zillowstatic.com/fp/89821c2fac1f6c65aae6e5d41e2fd786-p_c.jpg,2026-08-03 11:19,For Sale
26809642,11354 Coral Hills Dr,75229,Dallas,TX,32.90312,-96.86727,1894000,429.0,,,,5.0,6.0,4414.0,2027.0,10105.92,singleFamily,12,225000.0,2025,https://www.zillow.com,https://photos.zillowstatic.com/fp/13e78c56a23acd4927bb6ffd82c27f93-p_c.jpg,2026-08-03 11:19,For Sale
26714265,802 Turner Ave,75208,Dallas,TX,32.75251,-96.8386,545000,378.0,,522000.0,2873.0,2.0,2.0,1442.0,1910.0,7971.48,singleFamily,11,603690.0,2025,https://www.zillow.com,https://photos.zillowstatic.com/fp/d305d49f352b2b7efdd865ca1401d288-p_c.jpg,2026-08-03 11:19,For Sale
26758347,4207 Bonham St,75229,Dallas,TX,32.88881,-96.838005,1335000,357.0,-50000.0,1311500.0,6857.0,4.0,4.0,3738.0,2026.0,7130.772,singleFamily,66,1016080.0,2025,https://www.zillow.com,https://photos.zillowstatic.com/fp/9afe2a5640b69e5d4d2ba3ca1bb7770b-p_c.jpg,2026-08-03 11:19,For Sale
26845955,8515 Baumgarten Dr,75228,Dallas,TX,32.803387,-96.69516,300000,187.0,-29999.0,325900.0,2345.0,3.0,2.0,1601.0,1975.0,7623.0,singleFamily,18,357790.0,2025,https://www.zillow.com,https://photos.zillowstatic.com/fp/627568ec13eafb17423fe8209baa0f74-p_c.jpg,2026-08-03 11:19,For Sale
80230956,1769 Ironworks Dr,75253,Dallas,TX,32.68191,-96.60787,305000,147.0,,258700.0,2347.0,4.0,3.0,2076.0,2006.0,6490.44,singleFamily,3,244000.0,2025,https://www.zillow.com,https://photos.zillowstatic.com/fp/1e7ba1881c5a6829c2467aebf13aa255-p_c.jpg,2026-08-03 11:19,For Sale
26785413,5737 Everglade Rd,75227,Dallas,TX,32.785686,-96.702965,409000,207.0,,403100.0,2554.0,4.0,2.0,1978.0,1968.0,8799.12,singleFamily,8,290000.0,2025,https://www.zillow.com,https://photos.zillowstatic.com/fp/d719f819c807959032dd1fcc6a4c47b9-p_c.jpg,2026-08-03 11:19,For Sale
96534607,4639 Cherbourg St,75216,Dallas,TX,32.70955,-96.742065,209900,146.0,,206500.0,2183.0,3.0,2.0,1436.0,2017.0,7100.28,singleFamily,16,262100.0,2025,https://www.zillow.com,https://photos.zillowstatic.com/fp/d6eb8618e2f04ad5a8d5ce7ad045e082-p_c.jpg,2026-08-03 11:19,For Sale
26923183,5100 Verde Valley Ln APT 178,75254,Dallas,TX,32.948143,-96.82086,199000,202.0,,,,1.0,2.0,985.0,1982.0,6.353,condo,33,187150.0,2025,https://www.zillow.com,https://photos.zillowstatic.com/fp/21aa193da02c59f8c360ea620b264233-p_c.jpg,2026-08-03 11:19,For Sale
26847177,1744 Gross Rd,75228,Dallas,TX,32.81449,-96.68626,330000,186.0,-19900.0,322400.0,2944.0,3.0,2.0,1778.0,1964.0,0.261,singleFamily,53,392120.0,2025,https://www.zillow.com,https://photos.zillowstatic.com/fp/45888fa28ba28104ca482befd7439a57-p_c.jpg,2026-08-03 11:19,For Sale
26912851,8503 Coppertowne Ln,75243,Dallas,TX,32.89599,-96.72702,299000,177.0,-10000.0,293600.0,2525.0,3.0,3.0,1686.0,1983.0,1960.2,townhome,66,359420.0,2025,https://www.zillow.com,https://photos.zillowstatic.com/fp/79ce9956c067f7ccf10879bc193f4fd5-p_c.jpg,2026-08-03 11:19,For Sale
26838764,10524 Ravenscroft Dr,75230,Dallas,TX,32.890205,-96.77773,825000,224.0,,870400.0,3273.0,6.0,4.0,3680.0,1969.0,10341.144,multiFamily,3,820460.0,2025,https://www.zillow.com,https://photos.zillowstatic.com/fp/3e7acbdcba5ed478f9335e9aaee86446-p_c.jpg,2026-08-03 11:19,For Sale
26826335,1205 Golden Trophy Dr,75232,Dallas,TX,32.66571,-96.8412,270000,178.0,-5000.0,,2003.0,3.0,2.0,1514.0,1965.0,9408.96,singleFamily,107,265730.0,2025,https://www.zillow.com,https://photos.zillowstatic.com/fp/fc0e2ac41d55da065da3e99fd4ac7ad1-p_c.jpg,2026-08-03 11:19,For Sale
26812228,3046 Westforest Dr,75229,Dallas,TX,32.904594,-96.874245,335000,204.0,-10000.0,326500.0,2584.0,3.0,2.0,1645.0,1983.0,4748.04,singleFamily,58,314570.0,2025,https://www.zillow.com,https://photos.zillowstatic.com/fp/cfc42ad0a72042b00013e3ead3feebfc-p_c.jpg,2026-08-03 11:19,For Sale
27290261,3533 Lark Meadow Way,75287,Dallas,TX,32.992493,-96.85852,598900,187.0,,599400.0,3566.0,4.0,3.0,3200.0,1994.0,6141.96,singleFamily,3,606435.0,2025,https://www.zillow.com,https://photos.zillowstatic.com/fp/c9c68c71600c47fef5980f06a309989e-p_c.jpg,2026-08-03 11:19,For Sale
26650354,4928 Holly Tree Dr,75287,Dallas,TX,32.998314,-96.82091,1270000,300.0,-55000.0,1224800.0,4813.0,4.0,4.0,4232.0,1998.0,10454.4,singleFamily,45,1130720.0,2025,https://www.zillow.com,https://photos.zillowstatic.com/fp/79292fc1857ff6466995df2788d00733-p_c.jpg,2026-08-03 11:19,For Sale
26707488,7033 Chantilly Ln,75214,Dallas,TX,32.838043,-96.73973,2775000,513.0,-20000.0,2674300.0,5698.0,5.0,6.0,5407.0,2026.0,8973.36,singleFamily,32,790810.0,2025,https://www.zillow.com,https://photos.zillowstatic.com/fp/e0a6fee613313d131b2a1db7695686ae-p_c.jpg,2026-08-03 11:19,For Sale
27291567,3916 Granbury Dr,75287,Dallas,TX,33.00084,-96.84577,547950,231.0,-12000.0,540700.0,3711.0,4.0,4.0,2375.0,1996.0,7492.32,singleFamily,382,560949.0,2025,https://www.zillow.com,https://photos.zillowstatic.com/fp/758d9d7bef769927547a9e1a89d00d34-p_c.jpg,2026-08-03 11:19,For Sale
26859903,13752 Flagstone Ln,75240,Dallas,TX,32.931614,-96.7648,240000,170.0,,235500.0,1893.0,3.0,2.0,1408.0,1970.0,4791.6,townhome,11,309010.0,2025,https://www.zillow.com,https://photos.zillowstatic.com/fp/7d33d50b8b39a1c302d86b276e59835b-p_c.jpg,2026-08-03 11:19,For Sale
248831004,3923 Cole Ave #101,75204,Dallas,TX,32.811783,-96.795425,1180000,518.0,,1126500.0,4444.0,3.0,4.0,2278.0,2016.0,0.327,condo,39,979540.0,2025,https://www.zillow.com,https://photos.zillowstatic.com/fp/93eb835f58c346f9b55b5e7a0e07596c-p_c.jpg,2026-08-03 11:19,For Sale
26827271,3536 Rio Grande Ave,75233,Dallas,TX,32.700615,-96.88259,287900,192.0,-21100.0,,,2.0,2.0,1496.0,1968.0,0.529,singleFamily,46,274880.0,2025,https://www.zillow.com,https://photos.zillowstatic.com/fp/96cc0d43c7a148e18b7c17bcdaf8ff78-p_c.jpg,2026-08-03 11:19,For Sale
26802562,8411 Birch St,75217,Dallas,TX,32.717297,-96.67613,180000,234.0,,178300.0,1498.0,3.0,2.0,768.0,1950.0,8407.08,singleFamily,12,179190.0,2025,https://www.zillow.com,https://photos.zillowstatic.com/fp/cd96891f67b87c59c3ab7aaa0302a5e5-p_c.jpg,2026-08-03 11:19,For Sale
55826837,4650 Mexicana Rd,75212,Dallas,TX,32.794968,-96.89704,275000,251.0,,271800.0,1990.0,3.0,2.0,1094.0,2001.0,5270.76,singleFamily,22,256350.0,2025,https://www.zillow.com,https://photos.zillowstatic.com/fp/a777c73c09c283f56be19cfd8d793d74-p_c.jpg,2026-08-03 11:19,For Sale
26910837,9140 Sweetwater Dr,75228,Dallas,TX,32.81033,-96.69133,475000,231.0,,463100.0,2560.0,3.0,2.0,2058.0,1983.0,7797.24,singleFamily,4,466990.0,2025,https://www.zillow.com,https://photos.zillowstatic.com/fp/fe38fc9d055f5fb1e56348e97f2cb0ae-p_c.jpg,2026-08-03 11:19,For Sale
26897855,3307 San Jacinto St,75204,Dallas,TX,32.794907,-96.78823,449900,358.0,,431800.0,2529.0,2.0,2.0,1258.0,1984.0,2639.736,singleFamily,51,395800.0,2025,https://www.zillow.com,https://photos.zillowstatic.com/fp/de42bbaa1114db4f20db6879eb7df1f0-p_c.jpg,2026-08-03 11:19,For Sale
26700974,7119 Coronado Ave,75214,Dallas,TX,32.811356,-96.734856,2395000,497.0,,2301900.0,5692.0,5.0,7.0,4816.0,2026.0,7840.8,singleFamily,12,775170.0,2025,https://www.zillow.com,https://photos.zillowstatic.com/fp/ae2662bae813df090b472ab3edb2fa53-p_c.jpg,2026-08-03 11:19,For Sale
26898261,3368 Miro Pl,75204,Dallas,TX,32.816456,-96.79458,875000,417.0,,836200.0,4312.0,3.0,4.0,2099.0,1997.0,1698.84,townhome,70,707890.0,2025,https://www.zillow.com,https://photos.zillowstatic.com/fp/785b3e3cb73500e8992e79bfd8f1b07b-p_c.jpg,2026-08-03 11:19,For Sale
84004837,2200 Victory Ave APT 1505,75219,Dallas,TX,32.78493,-96.80934,1275000,517.0,,1198600.0,5158.0,2.0,3.0,2466.0,2007.0,2787.84,condo,18,1139370.0,2025,https://www.zillow.com,https://photos.zillowstatic.com/fp/4b75ed93aef70fc2577e123e6e7e3d15-p_c.jpg,2026-08-03 11:19,For Sale
26711728,305 E 6th St,75203,Dallas,TX,32.754063,-96.81996,285000,184.0,-13000.0,,2231.0,2.0,1.0,1550.0,1930.0,6054.0,singleFamily,16,413330.0,2025,https://www.zillow.com,https://photos.zillowstatic.com/fp/8f1776322625f856b7ff99eeadc0207f-p_c.jpg,2026-08-03 11:19,For Sale
96522330,3210 Carpenter Ave,75215,Dallas,TX,32.762043,-96.75075,384900,194.0,-10000.0,383400.0,2679.0,4.0,3.0,1988.0,2026.0,9365.4,singleFamily,37,65000.0,2025,https://www.zillow.com,https://photos.zillowstatic.com/fp/8de4aa2260a00da0412b0e7c4beb67d4-p_c.jpg,2026-08-03 11:19,For Sale
26705155,4419 Abrams Rd,75214,Dallas,TX,32.840645,-96.75327,550000,362.0,-29000.0,539600.0,3238.0,3.0,2.0,1518.0,1957.0,9583.2,singleFamily,103,530000.0,2025,https://www.zillow.com,https://photos.zillowstatic.com/fp/bf3307a7c05c0e5450a2650c89dd2200-p_c.jpg,2026-08-03 11:19,For Sale
26862122,1915 Prairie View Dr,75235,Dallas,TX,32.81595,-96.848076,314900,128.0,-5000.0,,4017.0,5.0,3.0,2465.0,1954.0,6795.36,singleFamily,75,247280.0,2025,https://www.zillow.com,https://photos.zillowstatic.com/fp/0a13e2d6b5ab33c31c473ec9db090432-p_c.jpg,2026-08-03 11:19,For Sale
96521947,3104 Delafield Ln,75227,Dallas,TX,32.76434,-96.67444,339900,203.0,-8100.0,338000.0,2571.0,4.0,2.0,1672.0,2026.0,10062.36,singleFamily,103,90000.0,2025,https://www.zillow.com,https://photos.zillowstatic.com/fp/b49b111d69daf87dfd2f3ff399e34905-p_c.jpg,2026-08-03 11:19,For Sale
26870526,14015 Highmark Sq,75254,Dallas,TX,32.939445,-96.80321,585000,227.0,-15000.0,573500.0,4358.0,3.0,3.0,2575.0,1980.0,6795.36,singleFamily,80,673310.0,2025,https://www.zillow.com,https://photos.zillowstatic.com/fp/4090b396b0eb06e646074b386208bb45-p_c.jpg,2026-08-03 11:19,For Sale
2059990719,5233 Terry St,75223,Dallas,TX,32.79585,-96.75711,569900,263.0,-5000.0,,,3.0,3.0,2166.0,2022.0,3615.48,singleFamily,21,553130.0,2025,https://www.zillow.com,https://photos.zillowstatic.com/fp/acde0fbaa4d2f2be80da2dcdbc1b6a81-p_c.jpg,2026-08-03 11:19,For Sale
26701237,6917 Casa Loma Ave,75214,Dallas,TX,32.81337,-96.73981,2999900,579.0,,,,4.0,6.0,5177.0,2025.0,10497.96,singleFamily,33,1011460.0,2025,https://www.zillow.com,https://photos.zillowstatic.com/fp/b6b7f47ca102504489dc301525b2f36b-p_c.jpg,2026-08-03 11:19,For Sale
26685905,5705 Tremont St,75214,Dallas,TX,32.804977,-96.75765,594900,305.0,-4100.0,572900.0,3092.0,3.0,2.0,1952.0,1917.0,8712.0,singleFamily,32,587310.0,2025,https://www.zillow.com,https://photos.zillowstatic.com/fp/9a617c2f5fd0f3ba7bc04fc75b044668-p_c.jpg,2026-08-03 11:19,For Sale
53085100,18653 Vista Del Sol,75287,Dallas,TX,33.003937,-96.83422,485000,227.0,,476000.0,3556.0,3.0,3.0,2135.0,1986.0,6098.4,singleFamily,37,526500.0,2025,https://www.zillow.com,https://photos.zillowstatic.com/fp/d4c0178136ebe9dd1f93021ee9eb22f7-p_c.jpg,2026-08-03 11:19,For Sale
26933592,4122 Travis St Unit 10,75204,Dallas,TX,32.815697,-96.79403,475000,334.0,,455900.0,2883.0,2.0,3.0,1423.0,1997.0,0.71,condo,74,540740.0,2025,https://www.zillow.com,https://photos.zillowstatic.com/fp/a4676249541d2cadf309652bbf1b526c-p_c.jpg,2026-08-03 11:19,For Sale
26854211,10615 Longmeadow Dr,75238,Dallas,TX,32.876125,-96.702675,585000,385.0,,,,3.0,2.0,1520.0,1957.0,7614.288,singleFamily,6,529450.0,2025,https://www.zillow.com,https://photos.zillowstatic.com/fp/a38468ca104a2870c52186960481d724-p_c.jpg,2026-08-03 11:19,For Sale
162813516,4914 Dartford Drive,75204,Dallas,TX,32.810375,-96.780815,575000,307.0,,,,3.0,3.0,1872.0,2015.0,1306.8,townhome,13,549420.0,2025,https://www.zillow.com,https://photos.zillowstatic.com/fp/aca1ac92b0124c91cb75f862aaa74cfb-p_c.jpg,2026-08-03 11:19,For Sale
244052966,6655 Avian Dr,75230,Dallas,TX,32.910847,-96.7916,2095000,474.0,,1991400.0,8074.0,4.0,6.0,4418.0,2017.0,8973.36,singleFamily,16,2056080.0,2025,https://www.zillow.com,https://photos.zillowstatic.com/fp/3c57188c89b77d639ed1207799da9695-p_c.jpg,2026-08-03 11:19,For Sale
26847657,9840 Twin Creek Dr,75228,Dallas,TX,32.827374,-96.68845,568995,263.0,,554400.0,3366.0,2.0,2.0,2166.0,1956.0,0.304,singleFamily,23,513000.0,2025,https://www.zillow.com,https://photos.zillowstatic.com/fp/06d4fa29ff15d93ef9bc784b9a769fcd-p_c.jpg,2026-08-03 11:19,For Sale
26839729,8069 Meadow Rd APT 216,75231,Dallas,TX,32.88831,-96.767525,189900,133.0,-10000.0,,2286.0,2.0,2.0,1433.0,1969.0,3.331,singleFamily,46,231320.0,2025,https://www.zillow.com,https://photos.zillowstatic.com/fp/7c730aa33635d54075618bf0573655dc-p_c.jpg,2026-08-03 11:19,For Sale
26778786,2457 Glenfield Ave,75233,Dallas,TX,32.717037,-96.8595,200000,151.0,,,1795.0,2.0,2.0,1321.0,1925.0,8058.6,singleFamily,156,214740.0,2025,https://www.zillow.com,https://photos.zillowstatic.com/fp/80c6f161f5dc20857418a598ffba4be2-p_c.jpg,2026-08-03 11:19,For Sale
26683606,3827 Gilbert Ave APT 109,75219,Dallas,TX,32.81475,-96.80392,159000,224.0,,,,1.0,1.0,710.0,1969.0,0.551,condo,3,186070.0,2025,https://www.zillow.com,https://photos.zillowstatic.com/fp/725a445c3a3fe8720e410afc71c40d3a-p_c.jpg,2026-08-03 11:19,For Sale
26691812,1848 McMillan Ave,75206,Dallas,TX,32.813263,-96.774414,1774900,530.0,-74600.0,,,4.0,4.0,3352.0,2017.0,8058.6,singleFamily,37,1371310.0,2025,https://www.zillow.com,https://photos.zillowstatic.com/fp/4ae0c071935a4360c17f6c451d76a017-p_c.jpg,2026-08-03 11:19,For Sale
26828415,3115 Gibbs Williams Rd,75233,Dallas,TX,32.698727,-96.871765,849000,264.0,,839900.0,5129.0,3.0,4.0,3210.0,2025.0,0.7225999999999999,singleFamily,29,311600.0,2025,https://www.zillow.com,https://photos.zillowstatic.com/fp/3499fa7b5f122c8dbe2f16c1c24fd365-p_c.jpg,2026-08-03 11:19,For Sale
26780322,2904 Bridal Wreath Ln,75233,Dallas,TX,32.6954,-96.868065,279000,107.0,,260800.0,3314.0,4.0,4.0,2598.0,1970.0,0.334,singleFamily,34,365520.0,2025,https://www.zillow.com,https://photos.zillowstatic.com/fp/4e36aae9bbd2d3bc25262184385ceb7c-p_c.jpg,2026-08-03 11:19,For Sale
26700929,7330 Casa Loma Ave,75214,Dallas,TX,32.809727,-96.73174,1895000,412.0,-104000.0,1848300.0,5834.0,5.0,6.0,4600.0,2026.0,8102.16,singleFamily,96,510000.0,2025,https://www.zillow.com,https://photos.zillowstatic.com/fp/ecc40e6c9050d4a7ee70c19d77425ded-p_c.jpg,2026-08-03 11:19,For Sale
26928336,14151 Montfort Dr APT 305,75254,Dallas,TX,32.941467,-96.81606,274900,208.0,-10100.0,266400.0,1899.0,2.0,2.0,1323.0,1981.0,10.632,condo,83,238140.0,2025,https://www.zillow.com,https://photos.zillowstatic.com/fp/eeb7ff1759dc2183ac32533fd26f40b6-p_c.jpg,2026-08-03 11:19,For Sale
2070562948,10921 Beauty Ln,75229,Dallas,TX,32.897194,-96.86486,1850000,367.0,-50000.0,1804200.0,7379.0,4.0,6.0,5041.0,2026.0,0.283,singleFamily,37,,,https://www.zillow.com,https://photos.zillowstatic.com/fp/a7df57f9d9fa5f1026835cb78319ea1e-p_c.jpg,2026-08-03 11:19,For Sale
27338852,2848 Harbinger Ln,75287,Dallas,TX,32.99178,-96.865456,291000,253.0,-1000.0,288200.0,1876.0,2.0,2.0,1148.0,1984.0,3615.48,singleFamily,75,296000.0,2025,https://www.zillow.com,https://photos.zillowstatic.com/fp/3786cced07de3c2c92e815c26c299739-p_c.jpg,2026-08-03 11:19,For Sale
26725974,1170 Bally Mote Dr,75218,Dallas,TX,32.827694,-96.7114,925000,480.0,-65000.0,890900.0,2965.0,3.0,2.0,1926.0,1957.0,0.323,singleFamily,27,785810.0,2025,https://www.zillow.com,https://photos.zillowstatic.com/fp/8dfc0a94928277d4b84c5b22d737d13a-p_c.jpg,2026-08-03 11:19,For Sale
26879712,6027 Verde Way,75211,Dallas,TX,32.74321,-96.92595,470000,196.0,,464400.0,3678.0,4.0,3.0,2400.0,2026.0,9496.08,singleFamily,17,47440.0,2025,https://www.zillow.com,https://photos.zillowstatic.com/fp/38bb0075132d075d2e46245ab64a2c62-p_c.jpg,2026-08-03 11:19,For Sale
302787562,2515 Old Mill Rd,75287,Carrollton,TX,32.98999,-96.869675,419900,243.0,,409300.0,3239.0,3.0,2.0,1730.0,1982.0,7840.8,singleFamily,93,402838.0,2025,https://www.zillow.com,https://photos.zillowstatic.com/fp/e10ea22e6301f5f94b3426ecf508abe0-p_c.jpg,2026-08-03 11:19,For Sale
26739829,9027 Daytonia Ave,75218,Dallas,TX,32.823032,-96.7036,1650000,403.0,,1607400.0,4537.0,5.0,5.0,4097.0,2026.0,8319.96,singleFamily,9,505820.0,2025,https://www.zillow.com,https://photos.zillowstatic.com/fp/34ad7e1aacbc2e0633f0e9d402191304-p_c.jpg,2026-08-03 11:19,For Sale
26876018,16902 Davenport Ct,75248,Dallas,TX,32.979614,-96.79604,500000,234.0,-15000.0,,,3.0,2.0,2134.0,1978.0,6751.8,singleFamily,49,502920.0,2025,https://www.zillow.com,https://photos.zillowstatic.com/fp/ed5059751490dd8e0aae1ef8b4a59d64-p_c.jpg,2026-08-03 11:19,For Sale
26843362,9077 Longmont Dr,75238,Dallas,TX,32.871124,-96.707535,599000,393.0,-11000.0,,,4.0,2.0,1523.0,1955.0,7971.48,singleFamily,80,533340.0,2025,https://www.zillow.com,https://photos.zillowstatic.com/fp/95cd478cba66917d2417248fda974133-p_c.jpg,2026-08-03 11:19,For Sale
26824554,6431 Rock Canyon Trl,75232,Dallas,TX,32.670288,-96.839554,299000,156.0,,291900.0,2573.0,4.0,3.0,1916.0,1967.0,0.3615,singleFamily,9,331920.0,2025,https://www.zillow.com,https://photos.zillowstatic.com/fp/bf3a18cf81355e214412e724402ee162-p_c.jpg,2026-08-03 11:19,For Sale
26849320,12114 Prestonridge Rd,75230,Dallas,TX,32.913967,-96.79172,3480000,559.0,,,,5.0,7.0,6226.0,2017.0,0.37,singleFamily,61,3125000.0,2025,https://www.zillow.com,https://photos.zillowstatic.com/fp/b46755e0a2746a2190879fd247f78402-p_c.jpg,2026-08-03 11:19,For Sale
53071900,6608 Camille Ave,75252,Dallas,TX,32.9998,-96.789604,725000,281.0,-24000.0,700600.0,3402.0,3.0,2.0,2582.0,1982.0,8276.4,singleFamily,83,592624.0,2025,https://www.zillow.com,https://photos.zillowstatic.com/fp/a025b1a95ed947a98579a3d32ff51f34-p_c.jpg,2026-08-03 11:19,For Sale
26807764,3240 Chapel Downs Dr,75229,Dallas,TX,32.88448,-96.8677,540000,233.0,,536100.0,4372.0,4.0,3.0,2316.0,1962.0,10018.8,singleFamily,10,473420.0,2025,https://www.zillow.com,https://photos.zillowstatic.com/fp/c866ed8415760ed83fd04b15bbb54a0d-p_c.jpg,2026-08-03 11:19,For Sale
26843039,10870 Cassandra Way,75228,Dallas,TX,32.843506,-96.66248,240000,182.0,-29000.0,,2030.0,4.0,2.0,1320.0,1955.0,7300.0,singleFamily,75,236200.0,2025,https://www.zillow.com,https://photos.zillowstatic.com/fp/9e355116f3bcb453ed2e8b7930166b39-p_c.jpg,2026-08-03 11:19,For Sale
2070421854,8750 Park Ln #C-136,75231,Dallas,TX,32.868683,-96.74953,117900,123.0,-1000.0,113200.0,1805.0,2.0,2.0,960.0,1982.0,2.126,condo,16,,,https://www.zillow.com,https://photos.zillowstatic.com/fp/86d62ff38599c5a4dfd65dba660c222d-p_c.jpg,2026-08-03 11:19,For Sale
26833627,1810 Bickers St,75212,Dallas,TX,32.786808,-96.84838,579000,241.0,,574100.0,3331.0,4.0,4.0,2400.0,2026.0,5401.44,singleFamily,30,255620.0,2025,https://www.zillow.com,https://photos.zillowstatic.com/fp/7c93197a3e4fa4d75bf7bc66024c6dca-p_c.jpg,2026-08-03 11:19,For Sale
351318684,1505 N Garrett Ave #204,75206,Dallas,TX,32.806595,-96.77267,399999,282.0,-15001.0,395400.0,2783.0,2.0,3.0,1416.0,2020.0,0.2726,townhome,164,,,https://www.zillow.com,https://photos.zillowstatic.com/fp/251d890f731597125abb2413511ba4a0-p_c.jpg,2026-08-03 11:19,For Sale
26732164,2631 Bentley Ave,75211,Dallas,TX,32.72856,-96.862854,131000,55.0,,,1942.0,2.0,1.0,2364.0,1943.0,6926.04,singleFamily,11,302570.0,2025,https://www.zillow.com,https://photos.zillowstatic.com/fp/0eb9f6947089bd9a26a8fcb662f15e94-p_c.jpg,2026-08-03 11:19,For Sale
26712191,1815 W Brooklyn Ave,75208,Dallas,TX,32.739494,-96.84982,309900,266.0,-9100.0,293900.0,1882.0,2.0,2.0,1164.0,1924.0,2395.8,multiFamily,40,292530.0,2025,https://www.zillow.com,https://photos.zillowstatic.com/fp/b10ffe5c909b6ad11ddb4213a923cb60-p_c.jpg,2026-08-03 11:19,For Sale
26822455,3607 Pinebrook Dr,75241,Dallas,TX,32.66796,-96.763794,230000,153.0,-25900.0,,,3.0,3.0,1504.0,1997.0,5662.8,singleFamily,32,240960.0,2025,https://www.zillow.com,https://photos.zillowstatic.com/fp/8afda53725ad7c04759744f11eb5a6ed-p_c.jpg,2026-08-03 11:19,For Sale
26856019,8927 Beckleyview Ave,75232,Dallas,TX,32.639076,-96.83289,249999,122.0,,240200.0,2477.0,4.0,3.0,2048.0,1940.0,0.44599999999999995,singleFamily,78,284010.0,2025,https://www.zillow.com,https://photos.zillowstatic.com/fp/77a01c7bb865f452ed51b623053649f1-p_c.jpg,2026-08-03 11:19,For Sale
26688251,3608 Metropolitan Ave,75210,Dallas,TX,32.77104,-96.75375,299990,209.0,-5010.0,297100.0,1965.0,4.0,3.0,1432.0,1936.0,6098.4,singleFamily,115,109810.0,2025,https://www.zillow.com,https://photos.zillowstatic.com/fp/2e8a79b82ce44143b2d08d0a761324db-p_c.jpg,2026-08-03 11:19,For Sale
26884845,11329 Dumbarton Dr,75228,Dallas,TX,32.849483,-96.65435,359900,196.0,-15100.0,358300.0,2606.0,3.0,3.0,1840.0,1964.0,8973.36,singleFamily,81,321360.0,2025,https://www.zillow.com,https://photos.zillowstatic.com/fp/ecd27863c98811758bec64a243708f6c-p_c.jpg,2026-08-03 11:19,For Sale
26804636,4326 Mendenhall Dr,75244,Dallas,TX,32.909885,-96.83502,1290000,358.0,,1233200.0,6439.0,4.0,4.0,3607.0,1964.0,0.377,singleFamily,32,1066680.0,2025,https://www.zillow.com,https://photos.zillowstatic.com/fp/f6a45cd849ec2fc76ada26b497165893-p_c.jpg,2026-08-03 11:19,For Sale
26922779,4040 Avondale Ave APT 405,75219,Dallas,TX,32.81725,-96.80738,370000,272.0,,355700.0,3102.0,2.0,2.0,1360.0,1985.0,1.447,condo,6,339000.0,2025,https://www.zillow.com,https://photos.zillowstatic.com/fp/862d3fafd0bb9c50d3885817f9de9bb3-p_c.jpg,2026-08-03 11:19,For Sale
26677885,3288 Lakenheath Pl,75204,Dallas,TX,32.793873,-96.786995,774900,315.0,-24100.0,738600.0,4249.0,2.0,3.0,2460.0,1980.0,2526.48,singleFamily,116,638980.0,2025,https://www.zillow.com,https://photos.zillowstatic.com/fp/712f11c5f449c6f50e0441360b6b6855-p_c.jpg,2026-08-03 11:19,For Sale
26729594,1902 Norfolk Ave,75203,Dallas,TX,32.732082,-96.79639,329999,157.0,-10000.0,325800.0,2522.0,3.0,2.0,2108.0,1938.0,7361.64,singleFamily,46,363050.0,2025,https://www.zillow.com,https://photos.zillowstatic.com/fp/aadc73c23d3ea5caccfd4b7061a810ed-p_c.jpg,2026-08-03 11:19,For Sale
26786620,559 Coolair Dr,75218,Dallas,TX,32.8512,-96.711685,1325000,399.0,,1285100.0,5169.0,4.0,4.0,3317.0,2022.0,7056.72,singleFamily,17,1282980.0,2025,https://www.zillow.com,https://photos.zillowstatic.com/fp/1024f048360f54d79269333ba5495690-p_c.jpg,2026-08-03 11:19,For Sale
442926394,7207 Gaston Ave #1002,75206,Dallas,TX,32.813904,-96.731186,449000,331.0,-10000.0,443700.0,3280.0,2.0,3.0,1357.0,2024.0,1.1,condo,31,437370.0,2025,https://www.zillow.com,https://photos.zillowstatic.com/fp/21c36fbd5f75030769bf4b4af83a36a6-p_c.jpg,2026-08-03 11:19,For Sale
26701875,6867 Gaston Ave,75214,Dallas,TX,32.816105,-96.74107,1249950,534.0,,,,4.0,3.0,2340.0,1937.0,0.29500000000000004,singleFamily,93,768020.0,2025,https://www.zillow.com,https://photos.zillowstatic.com/fp/844aac6c511c56e1cfc96b4d8adb5258-p_c.jpg,2026-08-03 11:19,For Sale
26687133,4026 Myrtle St,75215,Dallas,TX,32.75933,-96.758286,190000,157.0,-10000.0,,1804.0,3.0,2.0,1212.0,1923.0,7405.2,singleFamily,360,213490.0,2025,https://www.zillow.com,https://photos.zillowstatic.com/fp/b07ca313a13b87c707e1cae80134fdcb-p_c.jpg,2026-08-03 11:19,For Sale
26703646,6031 Winton St,75206,Dallas,TX,32.835915,-96.76285,650000,455.0,-25000.0,634400.0,2777.0,3.0,1.0,1428.0,1941.0,6664.68,singleFamily,37,633000.0,2025,https://www.zillow.com,https://photos.zillowstatic.com/fp/132795e2550abde65753cafc43915370-p_c.jpg,2026-08-03 11:19,For Sale
26739138,7510 Holly Hill Dr APT 127,75231,Dallas,TX,32.879307,-96.75418,179900,152.0,-13100.0,184600.0,1757.0,2.0,3.0,1184.0,1979.0,2.943,condo,177,213120.0,2025,https://www.zillow.com,https://photos.zillowstatic.com/fp/19ca6123a46f66b1706459f9425d1719-p_c.jpg,2026-08-03 11:19,For Sale
26831635,3037 Valentine St,75215,Dallas,TX,32.742107,-96.7466,349000,199.0,-1000.0,346000.0,2590.0,3.0,3.0,1756.0,2024.0,4704.48,singleFamily,28,291200.0,2025,https://www.zillow.com,https://photos.zillowstatic.com/fp/7658721164264351afa44f50e123c7de-p_c.jpg,2026-08-03 11:19,For Sale
53389616,1676 Glade Forest Dr,75218,Dallas,TX,32.80505,-96.72278,949000,299.0,-46000.0,920000.0,4408.0,3.0,4.0,3172.0,1999.0,9888.12,singleFamily,51,948760.0,2025,https://www.zillow.com,https://photos.zillowstatic.com/fp/5a26c3a0048ff5238ae8d1152ac3dc36-p_c.jpg,2026-08-03 11:19,For Sale
448065335,6214 Liberty Hl,75248,Dallas,TX,32.954628,-96.79971,606000,280.0,-5000.0,,,4.0,3.0,2168.0,1984.0,7840.8,singleFamily,107,,,https://www.zillow.com,https://photos.zillowstatic.com/fp/44b409de3e0d9da8cf79098fab1fbcb7-p_c.jpg,2026-08-03 11:19,For Sale
26661217,18283 Meandering Way,75252,Dallas,TX,33.00046,-96.78263,599990,234.0,-20009.0,584000.0,3679.0,3.0,3.0,2564.0,1996.0,4356.0,singleFamily,49,539718.0,2025,https://www.zillow.com,https://photos.zillowstatic.com/fp/4809344f9242925588bdb2ce19b91fd6-p_c.jpg,2026-08-03 11:19,For Sale
26876562,5321 Bent Tree Dr,75248,Dallas,TX,32.979916,-96.817116,1875000,412.0,,,,4.0,4.0,4550.0,1979.0,0.525,singleFamily,125,1766840.0,2025,https://www.zillow.com,https://photos.zillowstatic.com/fp/d0986c351aefce6035b656e31b5fe89e-p_c.jpg,2026-08-03 11:19,For Sale
26856703,2532 Plaza Blvd,75241,Dallas,TX,32.653976,-96.780396,349000,243.0,-21000.0,344200.0,2117.0,3.0,2.0,1434.0,2000.0,0.848,singleFamily,30,285680.0,2025,https://www.zillow.com,https://photos.zillowstatic.com/fp/e070c5a4ec00a791468f379346ad310e-p_c.jpg,2026-08-03 11:19,For Sale
26626524,18095 Whispering Gables Ln,75287,Dallas,TX,32.995853,-96.84044,295000,272.0,-5000.0,,,2.0,2.0,1083.0,1983.0,4356.0,singleFamily,16,308085.0,2025,https://www.zillow.com,https://photos.zillowstatic.com/fp/d9bcc041579aebbd1347e2e739f356b4-p_c.jpg,2026-08-03 11:19,For Sale
61871532,3505 Turtle Creek Blvd APT 20E,75219,Dallas,TX,32.81039,-96.80235,5300000,871.0,-200000.0,4920500.0,7430.0,3.0,4.0,6088.0,2000.0,2.089,condo,261,3977000.0,2025,https://www.zillow.com,https://photos.zillowstatic.com/fp/96b2b8e0c1a1f759d4f7711eec29f70b-p_c.jpg,2026-08-03 11:19,For Sale
26807440,3625 Ingleside Dr,75229,Dallas,TX,32.8898,-96.859375,645000,380.0,-30000.0,,,3.0,2.0,1699.0,1958.0,9801.0,singleFamily,41,547020.0,2025,https://www.zillow.com,https://photos.zillowstatic.com/fp/159dcaf18b0d2429cb826b7c377e3308-p_c.jpg,2026-08-03 11:19,For Sale
26854244,9661 Lynbrook Dr,75238,Dallas,TX,32.878414,-96.70456,1399000,341.0,,1372100.0,5855.0,5.0,5.0,4102.0,2026.0,8054.244,singleFamily,10,517160.0,2025,https://www.zillow.com,https://photos.zillowstatic.com/fp/d9462e433cf8a4058ecd5367db492451-p_c.jpg,2026-08-03 11:19,For Sale
26714361,623 N Montclair Ave,75208,Dallas,TX,32.75035,-96.8468,675000,373.0,,649500.0,3490.0,3.0,2.0,1811.0,1922.0,6969.6,singleFamily,26,590890.0,2025,https://www.zillow.com,https://photos.zillowstatic.com/fp/36c7eb83f0ff889f4a358eb506532d4e-p_c.jpg,2026-08-03 11:19,For Sale
26847933,2103 Healey Dr,75228,Dallas,TX,32.825203,-96.68004,445000,288.0,,432500.0,3151.0,3.0,2.0,1547.0,1957.0,7666.56,singleFamily,11,401670.0,2025,https://www.zillow.com,https://photos.zillowstatic.com/fp/2632a43874b661aa38a2b888aa3b01ab-p_c.jpg,2026-08-03 11:19,For Sale
26678806,4512 Sycamore St,75204,Dallas,TX,32.79884,-96.77488,1225000,211.0,-55000.0,1163100.0,1692.0,8.0,8.0,5812.0,1923.0,9713.88,multiFamily,283,997310.0,2025,https://www.zillow.com,https://photos.zillowstatic.com/fp/a5794b3fd4ecccab36f2255791f99987-p_c.jpg,2026-08-03 11:19,For Sale
162383995,15614 Ranchita Dr,75248,Dallas,TX,32.960278,-96.80296,595000,272.0,,573600.0,2789.0,2.0,2.0,2184.0,1981.0,6141.96,singleFamily,9,448120.0,2025,https://www.zillow.com,https://photos.zillowstatic.com/fp/33939f44937a92da56107aafb4cb585b-p_c.jpg,2026-08-03 11:19,For Sale
26692909,4138 Prescott Ave,75219,Dallas,TX,32.8214,-96.80532,1099000,316.0,-26000.0,1068900.0,6350.0,4.0,5.0,3477.0,2006.0,3571.92,singleFamily,114,1298850.0,2025,https://www.zillow.com,https://photos.zillowstatic.com/fp/373422aa47e8b3e8463825266f10e62c-p_c.jpg,2026-08-03 11:19,For Sale
27325059,2740 Cancun Ln,75287,Dallas,TX,33.009136,-96.86319,389900,175.0,,385100.0,2621.0,3.0,2.0,2229.0,1983.0,10323.72,singleFamily,29,426037.0,2025,https://www.zillow.com,https://photos.zillowstatic.com/fp/6443f52a3001c2576e31246b2711e6d3-p_c.jpg,2026-08-03 11:19,For Sale
26826194,1440 Acapulco Dr,75232,Dallas,TX,32.67047,-96.843765,479000,151.0,,466700.0,2998.0,4.0,3.0,3176.0,1958.0,0.377,singleFamily,45,400000.0,2025,https://www.zillow.com,https://photos.zillowstatic.com/fp/df5502fd6348c0afe5008a5a6992ee5d-p_c.jpg,2026-08-03 11:19,For Sale
26751251,7476 Walling Ln,75231,Dallas,TX,32.855,-96.73583,685000,258.0,,665800.0,2390.0,4.0,4.0,2656.0,1963.0,9321.84,multiFamily,16,630000.0,2025,https://www.zillow.com,https://photos.zillowstatic.com/fp/0671e5f1e5c917ec8bcfb487acb2b6f8-p_c.jpg,2026-08-03 11:19,For Sale
26868859,8732 Arbor Park Ct,75243,Dallas,TX,32.896137,-96.730255,1399000,341.0,,,,4.0,4.0,4099.0,1984.0,0.424,singleFamily,24,1100000.0,2025,https://www.zillow.com,https://photos.zillowstatic.com/fp/7ec1bdc9335be392385aa91d40285c6d-p_c.jpg,2026-08-03 11:19,For Sale
26705746,7207 Dalewood Ln,75214,Dallas,TX,32.848473,-96.737816,524900,380.0,-50100.0,513300.0,3333.0,3.0,2.0,1380.0,1957.0,9060.48,singleFamily,51,615360.0,2025,https://www.zillow.com,https://photos.zillowstatic.com/fp/101126d294a8978222c2821de4120272-p_c.jpg,2026-08-03 11:19,For Sale
26853832,626 Shadyway Dr,75232,Dallas,TX,32.651527,-96.83278,249900,140.0,-55100.0,,,4.0,2.0,1788.0,1962.0,0.251,singleFamily,146,314330.0,2025,https://www.zillow.com,https://photos.zillowstatic.com/fp/a380b70b271fc17cdf3e2c2b73bda3f2-p_c.jpg,2026-08-03 11:19,For Sale
26879909,3883 Antigua Cir,75244,Dallas,TX,32.92041,-96.84846,845000,263.0,,,,4.0,3.0,3216.0,1968.0,0.36,singleFamily,30,435070.0,2025,https://www.zillow.com,https://photos.zillowstatic.com/fp/216ee4acf4571949a8548f61113a6335-p_c.jpg,2026-08-03 11:19,For Sale
26744749,11216 Barbarosa Dr,75228,Dallas,TX,32.84862,-96.6792,196000,193.0,-3000.0,186500.0,1746.0,2.0,2.0,1018.0,1950.0,7352.928,singleFamily,40,259500.0,2025,https://www.zillow.com,https://photos.zillowstatic.com/fp/b2cee24b3c05c9c10c4e5e1f9d20340c-p_c.jpg,2026-08-03 11:19,For Sale
26883076,12706 Whispering Hills Dr,75243,Dallas,TX,32.921013,-96.70871,435000,184.0,,425800.0,2785.0,4.0,3.0,2370.0,1977.0,9496.08,singleFamily,25,456460.0,2025,https://www.zillow.com,https://photos.zillowstatic.com/fp/9646ada43e9030c704b6d65dc9d22b02-p_c.jpg,2026-08-03 11:19,For Sale
26846528,8719 Freeport Dr,75228,Dallas,TX,32.813026,-96.67722,269000,217.0,,268500.0,2252.0,4.0,2.0,1240.0,1956.0,9278.28,singleFamily,9,228700.0,2025,https://www.zillow.com,https://photos.zillowstatic.com/fp/368383f39e1b72f23ea14d34c048933e-p_c.jpg,2026-08-03 11:19,For Sale
